term,n_seed,p_term_seed,p_term_ref,ratio,chi2,p,q_fdr
amygdala,304,0.2895238095238095,0.15251299826689774,1.8983549783549785,37.47614684167201,9.253779727305187e-10,2.4457739819267607e-06
density,4,0.0038095238095238095,0.024263431542461005,0.15700680272108844,12.430783180106454,0.00042231476602898284,0.5580889633073007
index,13,0.012380952380952381,0.038128249566724434,0.32471861471861474,10.536184431890467,0.0011705983845989106,0.9481451920312929
inferior parietal,49,0.04666666666666667,0.08492201039861352,0.5495238095238095,8.96331021172954,0.002754553502653182,0.9481451920312929
reflected,39,0.037142857142857144,0.010398613518197574,3.571904761904762,8.934134117177255,0.0027989012167590425,0.9481451920312929
occipital,81,0.07714285714285714,0.12305025996533796,0.6269215291750503,8.731689337072003,0.0031272661631859783,0.9481451920312929
emotion,140,0.13333333333333333,0.0831889081455806,1.6027777777777776,8.67768001103743,0.0032213079326845607,0.9481451920312929
motivation,29,0.02761904761904762,0.005199306759098787,5.3120634920634915,8.579452219023803,0.003399776333416094,0.9481451920312929
fearful,41,0.039047619047619046,0.012131715771230503,3.218639455782313,8.505466654745348,0.003540810934524182,0.9481451920312929
faces,121,0.11523809523809524,0.06932409012131716,1.6623095238095238,8.296648869064049,0.003971830157554293,0.9481451920312929
displayed,34,0.03238095238095238,0.008665511265164644,3.7367619047619045,7.966624350577041,0.00476477130925829,0.9481451920312929
retrosplenial,18,0.017142857142857144,0.0415944540727903,0.41214285714285714,7.907350243313316,0.004923433339858863,0.9481451920312929
rates,9,0.008571428571428572,0.02772963604852686,0.3091071428571429,7.811681215957566,0.0051909589272388385,0.9481451920312929
expressions,55,0.05238095238095238,0.022530329289428077,2.324908424908425,7.556619013349387,0.005979005832211731,0.9481451920312929
behavioral,184,0.17523809523809525,0.12305025996533796,1.4241180415828303,7.283774247725945,0.006958019135235993,0.9481451920312929
asked,24,0.022857142857142857,0.04852686308492201,0.4710204081632653,7.122707507394072,0.007611367499650367,0.9481451920312929
differed,46,0.04380952380952381,0.01733102253032929,2.527809523809524,7.079009317447114,0.007799211730037236,0.9481451920312929
emotional,212,0.2019047619047619,0.14731369150779897,1.3705770308123248,7.075490281021149,0.00781454364400084,0.9481451920312929
facial,66,0.06285714285714286,0.03119584055459272,2.0149206349206352,6.990763560194417,0.008193139459811724,0.9481451920312929
importance,56,0.05333333333333334,0.024263431542461005,2.198095238095238,6.953073103815013,0.008367537320476195,0.9481451920312929
happy,43,0.040952380952380955,0.01559792027729636,2.6255026455026456,6.939293726193025,0.008432240130224124,0.9481451920312929
unimodal,2,0.0019047619047619048,0.01386481802426343,0.13738095238095238,6.871823725964162,0.008756524633077424,0.9481451920312929
sentence,10,0.009523809523809525,0.02772963604852686,0.343452380952381,6.733828315500051,0.009460134919081483,0.9481451920312929
reaction times,22,0.02095238095238095,0.0034662045060658577,6.044761904761905,6.677283128556584,0.009764935044756711,0.9481451920312929
arterial spin,3,0.002857142857142857,0.01559792027729636,0.18317460317460318,6.60783100211108,0.01015312554351077,0.9481451920312929
actions,16,0.015238095238095238,0.036395147313691506,0.41868480725623586,6.578270748713556,0.01032311329248088,0.9481451920312929
responses,240,0.22857142857142856,0.1733102253032929,1.3188571428571427,6.548927568320753,0.010494739706888802,0.9481451920312929
psychiatric,28,0.02666666666666667,0.006932409012131715,3.846666666666667,6.532464533647963,0.010592309539618058,0.9481451920312929
thoughts,4,0.0038095238095238095,0.01733102253032929,0.21980952380952382,6.47435040904761,0.010944230678592352,0.9481451920312929
persons,4,0.0038095238095238095,0.01733102253032929,0.21980952380952382,6.47435040904761,0.010944230678592352,0.9481451920312929
fearful faces,18,0.017142857142857144,0.0017331022530329288,9.891428571428573,6.384351873628454,0.011513079382707202,0.9481451920312929
profiles,14,0.013333333333333334,0.0,15.386666666666668,6.275834667051162,0.012239545595315485,0.9481451920312929
systematic,14,0.013333333333333334,0.0,15.386666666666668,6.275834667051162,0.012239545595315485,0.9481451920312929
needed,14,0.013333333333333334,0.03292894280762565,0.4049122807017544,6.243277349441979,0.012466557323547713,0.9481451920312929
cognitive control,28,0.02666666666666667,0.05199306759098787,0.512888888888889,6.230639458519692,0.012555838713997448,0.9481451920312929
reactivity,33,0.03142857142857143,0.010398613518197574,3.0223809523809524,6.1688780658347415,0.013001703743574428,0.9545417498407559
representations,52,0.049523809523809526,0.08145580589254767,0.607983789260385,6.097220616829597,0.013539466960946895,0.9657214284039449
distributed,38,0.03619047619047619,0.06412478336221837,0.5643758043758044,5.988078690907269,0.014402881627249784,0.9657214284039449
induction,17,0.01619047619047619,0.0017331022530329288,9.341904761904761,5.853779447132738,0.015543634121297877,0.9657214284039449
controlled,30,0.02857142857142857,0.053726169844020795,0.5317972350230414,5.850901787341409,0.015569071078092467,0.9657214284039449
retrosplenial cortex,11,0.010476190476190476,0.02772963604852686,0.37779761904761905,5.776272979145843,0.016243950380135593,0.9657214284039449
later,60,0.05714285714285714,0.029462738301559793,1.9394957983193275,5.728953410721518,0.01668742496965008,0.9657214284039449
emerge,13,0.012380952380952381,0.0,14.28761904761905,5.7240464331747765,0.016734121649758304,0.9657214284039449
angry,29,0.02761904761904762,0.008665511265164644,3.1872380952380954,5.644375308711153,0.017511453923332195,0.9657214284039449
sequences,10,0.009523809523809525,0.025996533795493933,0.36634920634920637,5.634131846240727,0.017614065974022878,0.9657214284039449
sts,23,0.021904761904761906,0.005199306759098787,4.213015873015873,5.588867976789319,0.018074973707217366,0.9657214284039449
emotions,57,0.054285714285714284,0.02772963604852686,1.9576785714285714,5.523818944989779,0.018759262773993087,0.9657214284039449
essential,9,0.008571428571428572,0.024263431542461005,0.353265306122449,5.501480243112593,0.019000383450714586,0.9657214284039449
45,9,0.008571428571428572,0.024263431542461005,0.353265306122449,5.501480243112593,0.019000383450714586,0.9657214284039449
psychiatric disorders,16,0.015238095238095238,0.0017331022530329288,8.792380952380952,5.327283621805289,0.020994080987398633,0.9657214284039449
focused,54,0.05142857142857143,0.025996533795493933,1.9782857142857142,5.320890706211053,0.02107123808694272,0.9657214284039449
semantic,69,0.06571428571428571,0.09878682842287695,0.6652130325814536,5.247302813713812,0.021980817075863846,0.9657214284039449
precentral gyrus,6,0.005714285714285714,0.019064124783362217,0.29974025974025975,5.192230210251534,0.02268808298855371,0.9657214284039449
anisotropy fa,3,0.002857142857142857,0.01386481802426343,0.20607142857142857,5.179840294633883,0.022850424085176235,0.9657214284039449
spin labeling,3,0.002857142857142857,0.01386481802426343,0.20607142857142857,5.179840294633883,0.022850424085176235,0.9657214284039449
computational,19,0.018095238095238095,0.0034662045060658577,5.220476190476191,5.15935503618574,0.023121482015041737,0.9657214284039449
cortex amygdala,19,0.018095238095238095,0.0034662045060658577,5.220476190476191,5.15935503618574,0.023121482015041737,0.9657214284039449
facial expressions,36,0.03428571428571429,0.01386481802426343,2.4728571428571433,5.151003014468643,0.023232949288068214,0.9657214284039449
problems,25,0.023809523809523808,0.006932409012131715,3.4345238095238093,5.132930228616262,0.02347606268797586,0.9657214284039449
networks involved,4,0.0038095238095238095,0.01559792027729636,0.24423280423280422,5.125982591062562,0.023570222280288915,0.9657214284039449
spin,4,0.0038095238095238095,0.01559792027729636,0.24423280423280422,5.125982591062562,0.023570222280288915,0.9657214284039449
arterial,4,0.0038095238095238095,0.01559792027729636,0.24423280423280422,5.125982591062562,0.023570222280288915,0.9657214284039449
flexibility,4,0.0038095238095238095,0.01559792027729636,0.24423280423280422,5.125982591062562,0.023570222280288915,0.9657214284039449
ages,22,0.02095238095238095,0.005199306759098787,4.02984126984127,5.110909061813774,0.02377585921254186,0.9657214284039449
expression,41,0.039047619047619046,0.01733102253032929,2.253047619047619,5.090643616636496,0.024055262406067916,0.9657214284039449
reaction,46,0.04380952380952381,0.02079722703639515,2.1065079365079367,5.0862970536284084,0.024115631583299418,0.9657214284039449
anterior hippocampus,33,0.03142857142857143,0.012131715771230503,2.5906122448979594,5.00545667373725,0.025267536452756728,0.9678565049947251
task functional,33,0.03142857142857143,0.012131715771230503,2.5906122448979594,5.00545667373725,0.025267536452756728,0.9678565049947251
means,33,0.03142857142857143,0.012131715771230503,2.5906122448979594,5.00545667373725,0.025267536452756728,0.9678565049947251
movements,17,0.01619047619047619,0.03466204506065858,0.46709523809523806,4.91596833049982,0.026609543268481566,1.0
losses,15,0.014285714285714285,0.0017331022530329288,8.242857142857144,4.805497190640659,0.028369079666030396,1.0
smaller,27,0.025714285714285714,0.008665511265164644,2.9674285714285715,4.764035644199398,0.029060334867246383,1.0
times,35,0.03333333333333333,0.01386481802426343,2.404166666666667,4.754689266166068,0.02921856791981574,1.0
subsequent,91,0.08666666666666667,0.05545927209705372,1.5627083333333334,4.752418332625586,0.02925714987459897,1.0
interpreted,18,0.017142857142857144,0.0034662045060658577,4.945714285714287,4.665609812662467,0.030772493727025372,1.0
leading,18,0.017142857142857144,0.0034662045060658577,4.945714285714287,4.665609812662467,0.030772493727025372,1.0
thirty,21,0.02,0.005199306759098787,3.8466666666666667,4.6405112270129365,0.031225699235460293,1.0
negative,156,0.14857142857142858,0.10918544194107452,1.3607256235827665,4.626589889551847,0.031480073242949956,1.0
superior middle,11,0.010476190476190476,0.0,12.08952380952381,4.625814655068194,0.03149430189582487,1.0
history,10,0.009523809523809525,0.024263431542461005,0.3925170068027211,4.598490171834439,0.03200012579498846,1.0
cortex precuneus,10,0.009523809523809525,0.024263431542461005,0.3925170068027211,4.598490171834439,0.03200012579498846,1.0
comparing,42,0.04,0.019064124783362217,2.098181818181818,4.536071252210424,0.033187678611982754,1.0
varied,23,0.021904761904761906,0.0415944540727903,0.5266269841269842,4.468126928324366,0.03453282818847608,1.0
social,122,0.11619047619047619,0.08145580589254767,1.4264235055724417,4.460581154834551,0.03468569484429042,1.0
temporal cortex,37,0.035238095238095235,0.058925476603119586,0.5980112044817927,4.45483310757919,0.0348026167981557,1.0
valence,49,0.04666666666666667,0.024263431542461005,1.9233333333333333,4.437235256073812,0.035163146877328195,1.0
difficulty,39,0.037142857142857144,0.01733102253032929,2.1431428571428572,4.348512502414929,0.037041285430992575,1.0
objective,26,0.024761904761904763,0.045060658578856154,0.5495238095238095,4.324767085965759,0.03756155443037177,1.0
engages,8,0.007619047619047619,0.02079722703639515,0.3663492063492063,4.296110552108131,0.038199640295467574,1.0
ventral visual,8,0.007619047619047619,0.02079722703639515,0.3663492063492063,4.296110552108131,0.038199640295467574,1.0
improve,8,0.007619047619047619,0.02079722703639515,0.3663492063492063,4.296110552108131,0.038199640295467574,1.0
disorders,87,0.08285714285714285,0.053726169844020795,1.5422119815668203,4.274676284909982,0.03868433177769685,1.0
cortical,136,0.1295238095238095,0.1681109185441941,0.7704663721158566,4.209739041095797,0.04019251989942987,1.0
volumes,31,0.029523809523809525,0.012131715771230503,2.4336054421768707,4.20494368601306,0.040306312641844165,1.0
allowing,17,0.01619047619047619,0.0034662045060658577,4.6709523809523805,4.179403681714245,0.04091809551049544,1.0
precentral,13,0.012380952380952381,0.02772963604852686,0.4464880952380953,4.172559548656994,0.04108369030660525,1.0
cortex inferior,7,0.006666666666666667,0.019064124783362217,0.34969696969696973,4.159291284715068,0.04140672601284319,1.0
middle frontal,32,0.030476190476190476,0.05199306759098787,0.5861587301587302,4.134628569508884,0.042014286730773995,1.0
parietal,239,0.2276190476190476,0.2738301559792028,0.8312417118746231,4.06384906328158,0.043810530820744584,1.0
rated,28,0.02666666666666667,0.010398613518197574,2.5644444444444443,4.054196391283663,0.04406168591585566,1.0
centered,6,0.005714285714285714,0.01733102253032929,0.32971428571428574,4.036601341372145,0.044523402040757845,1.0
largely unknown,6,0.005714285714285714,0.01733102253032929,0.32971428571428574,4.036601341372145,0.044523402040757845,1.0
competing,6,0.005714285714285714,0.01733102253032929,0.32971428571428574,4.036601341372145,0.044523402040757845,1.0
visual,190,0.18095238095238095,0.22357019064124783,0.8093761535622,4.024665906663359,0.04483950004798405,1.0
double blind,12,0.011428571428571429,0.025996533795493933,0.43961904761904763,3.9909361433870845,0.04574564155577577,1.0
changed,5,0.004761904761904762,0.01559792027729636,0.30529100529100534,3.9338906698532914,0.047322341998436594,1.0
hemispheres,5,0.004761904761904762,0.01559792027729636,0.30529100529100534,3.9338906698532914,0.047322341998436594,1.0
fa,4,0.0038095238095238095,0.01386481802426343,0.27476190476190476,3.8609103705972028,0.049423504466207545,1.0
seeds,4,0.0038095238095238095,0.01386481802426343,0.27476190476190476,3.8609103705972028,0.049423504466207545,1.0
positive negative,40,0.0380952380952381,0.019064124783362217,1.9982683982683986,3.837090019787867,0.0501304547939141,1.0
alters,3,0.002857142857142857,0.012131715771230503,0.23551020408163265,3.8352138405595952,0.05018658888690307,1.0
pre sma,3,0.002857142857142857,0.012131715771230503,0.23551020408163265,3.8352138405595952,0.05018658888690307,1.0
substance,3,0.002857142857142857,0.012131715771230503,0.23551020408163265,3.8352138405595952,0.05018658888690307,1.0
direct evidence,3,0.002857142857142857,0.012131715771230503,0.23551020408163265,3.8352138405595952,0.05018658888690307,1.0
aversive,30,0.02857142857142857,0.012131715771230503,2.3551020408163263,3.8188576468319937,0.05067877900538058,1.0
domain,35,0.03333333333333333,0.01559792027729636,2.137037037037037,3.8029318541971757,0.051162922779177264,1.0
given,54,0.05142857142857143,0.029462738301559793,1.7455462184873949,3.7948294483964107,0.05141111050213298,1.0
additionally,63,0.06,0.036395147313691506,1.6485714285714286,3.7691215567355165,0.05220704407422303,1.0
30,23,0.021904761904761906,0.03986135181975736,0.5495238095238096,3.7411355627258778,0.053088354231780675,1.0
peripheral,19,0.018095238095238095,0.005199306759098787,3.48031746031746,3.7261364869502414,0.053567162450368015,1.0
occurring,16,0.015238095238095238,0.0034662045060658577,4.396190476190476,3.7018760328943436,0.05435132507407876,1.0
studying,16,0.015238095238095238,0.0034662045060658577,4.396190476190476,3.7018760328943436,0.05435132507407876,1.0
behavioral responses,16,0.015238095238095238,0.0034662045060658577,4.396190476190476,3.7018760328943436,0.05435132507407876,1.0
decreases,42,0.04,0.02079722703639515,1.9233333333333333,3.701643728863804,0.05435889228334563,1.0
medial,297,0.28285714285714286,0.23743500866551126,1.191303441084463,3.6990797508523237,0.05444248702910105,1.0
sentences,15,0.014285714285714285,0.029462738301559793,0.4848739495798319,3.696198391465281,0.05453659213364336,1.0
approach,76,0.07238095238095238,0.04679376083188908,1.5468077601410934,3.6910943298249936,0.05470371405171405,1.0
double,19,0.018095238095238095,0.03466204506065858,0.5220476190476191,3.68891662633779,0.05477518356690264,1.0
biological,27,0.025714285714285714,0.010398613518197574,2.4728571428571424,3.658688302489696,0.055777529114435065,1.0
inferior,197,0.18761904761904763,0.22876949740034663,0.8201226551226551,3.657770261588872,0.05580827324719257,1.0
reveal,26,0.024761904761904763,0.043327556325823226,0.5715047619047618,3.6378043525698676,0.05648137488783994,1.0
lateral occipital,10,0.009523809523809525,0.022530329289428077,0.4227106227106227,3.634954402245084,0.05657815432218424,1.0
neutral,112,0.10666666666666667,0.07625649913344887,1.398787878787879,3.6293474192344672,0.05676907196673397,1.0
age,157,0.14952380952380953,0.11438474870017332,1.3072005772005773,3.595998496150138,0.05791882499908288,1.0
viewing,44,0.0419047619047619,0.022530329289428077,1.8599267399267398,3.5813854975587094,0.058430399016607494,1.0
function,171,0.16285714285714287,0.1265164644714038,1.2872407045009786,3.5778781291741266,0.05855389851596568,1.0
reading,22,0.02095238095238095,0.038128249566724434,0.5495238095238095,3.547745559176966,0.05962641115386208,1.0
cerebellar,22,0.02095238095238095,0.038128249566724434,0.5495238095238095,3.547745559176966,0.05962641115386208,1.0
requires,18,0.017142857142857144,0.03292894280762565,0.5206015037593985,3.495339224271943,0.061541798727825316,1.0
preserved,9,0.008571428571428572,0.02079722703639515,0.41214285714285714,3.46170157832146,0.06280565185319838,1.0
implicated,88,0.0838095238095238,0.05719237435008666,1.4653968253968253,3.4554475238887843,0.06304366642925499,1.0
onset,34,0.03238095238095238,0.01559792027729636,2.0759788359788356,3.450165805116067,0.06324542500283678,1.0
crucial,29,0.02761904761904762,0.012131715771230503,2.2765986394557824,3.443187924324364,0.06351303193492065,1.0
interactions,77,0.07333333333333333,0.04852686308492201,1.5111904761904762,3.3958051963833165,0.0653624432068384,1.0
framework,21,0.02,0.006932409012131715,2.8850000000000002,3.383488384454234,0.06585253787181569,1.0
basic,21,0.02,0.006932409012131715,2.8850000000000002,3.383488384454234,0.06585253787181569,1.0
fusiform face,21,0.02,0.006932409012131715,2.8850000000000002,3.383488384454234,0.06585253787181569,1.0
strongly,48,0.045714285714285714,0.025996533795493933,1.7584761904761905,3.3777737020804026,0.06608126034870761,1.0
context,83,0.07904761904761905,0.10745233968804159,0.7356528417818741,3.3593524128067047,0.06682434180935176,1.0
successful,79,0.07523809523809524,0.05025996533795494,1.4969786535303777,3.3565770354139715,0.06693706709311867,1.0
capacity,13,0.012380952380952381,0.025996533795493933,0.47625396825396826,3.3161663000267607,0.068601627315213,1.0
reflects,17,0.01619047619047619,0.03119584055459272,0.5189947089947089,3.302248197588172,0.06918513224986832,1.0
exhibit,17,0.01619047619047619,0.03119584055459272,0.5189947089947089,3.302248197588172,0.06918513224986832,1.0
generate,8,0.007619047619047619,0.019064124783362217,0.3996536796536797,3.2927336343755433,0.06958707743826692,1.0
task relevant,8,0.007619047619047619,0.019064124783362217,0.3996536796536797,3.2927336343755433,0.06958707743826692,1.0
episodes,8,0.007619047619047619,0.019064124783362217,0.3996536796536797,3.2927336343755433,0.06958707743826692,1.0
manipulating,8,0.007619047619047619,0.019064124783362217,0.3996536796536797,3.2927336343755433,0.06958707743826692,1.0
subgenual,18,0.017142857142857144,0.005199306759098787,3.297142857142857,3.284474019533432,0.06993803404083301,1.0
dimension,12,0.011428571428571429,0.0017331022530329288,6.594285714285714,3.2776487948968183,0.07022947245981628,1.0
characterization,12,0.011428571428571429,0.0017331022530329288,6.594285714285714,3.2776487948968183,0.07022947245981628,1.0
suffering,12,0.011428571428571429,0.0017331022530329288,6.594285714285714,3.2776487948968183,0.07022947245981628,1.0
majority,12,0.011428571428571429,0.0017331022530329288,6.594285714285714,3.2776487948968183,0.07022947245981628,1.0
emotional stimuli,31,0.029523809523809525,0.01386481802426343,2.129404761904762,3.2620912192782625,0.07089865648381519,1.0
autism,31,0.029523809523809525,0.01386481802426343,2.129404761904762,3.2620912192782625,0.07089865648381519,1.0
cortex anterior,31,0.029523809523809525,0.01386481802426343,2.129404761904762,3.2620912192782625,0.07089865648381519,1.0
tasks,119,0.11333333333333333,0.14558058925476602,0.7784920634920635,3.256795457009047,0.07112800077894665,1.0
medial pfc,15,0.014285714285714285,0.0034662045060658577,4.121428571428572,3.2344346555290024,0.07210518596033505,1.0
contained,15,0.014285714285714285,0.0034662045060658577,4.121428571428572,3.2344346555290024,0.07210518596033505,1.0
relationship,108,0.10285714285714286,0.07452339688041594,1.3801993355481728,3.2220142106622736,0.07265417877385315,1.0
understanding,89,0.08476190476190476,0.058925476603119586,1.4384593837535014,3.1967452554856273,0.07378497506087986,1.0
differ,45,0.04285714285714286,0.024263431542461005,1.7663265306122449,3.1708932428229484,0.07496143860947517,1.0
make,20,0.01904761904761905,0.03466204506065858,0.5495238095238096,3.162759830279797,0.07533572467774709,1.0
anterior,320,0.3047619047619048,0.2616984402079723,1.1645537685272784,3.1512116602603495,0.0758706058947316,1.0
alternating,7,0.006666666666666667,0.01733102253032929,0.3846666666666667,3.1293931132094173,0.07689235987690748,1.0
change,65,0.06190476190476191,0.03986135181975736,1.553002070393375,3.1188904006806837,0.07738946517006542,1.0
able,16,0.015238095238095238,0.029462738301559793,0.5171988795518208,3.109641715513392,0.07783007956206352,1.0
traits,33,0.03142857142857143,0.01559792027729636,2.0149206349206352,3.1080325612705377,0.07790701622948214,1.0
pfc,56,0.05333333333333334,0.03292894280762565,1.6196491228070176,3.0769512659750418,0.07940924947805897,1.0
word,56,0.05333333333333334,0.07625649913344887,0.6993939393939395,3.0063087608840435,0.08294096847272676,1.0
hemisphere,26,0.024761904761904763,0.0415944540727903,0.5953174603174602,2.9994596247514655,0.08329229341129323,1.0
ventromedial prefrontal,35,0.03333333333333333,0.01733102253032929,1.9233333333333333,2.975610537827193,0.08452822796960373,1.0
spectrum,35,0.03333333333333333,0.01733102253032929,1.9233333333333333,2.975610537827193,0.08452822796960373,1.0
temporal cortices,6,0.005714285714285714,0.01559792027729636,0.36634920634920637,2.9737395353089298,0.08462602422552218,1.0
perfusion,6,0.005714285714285714,0.01559792027729636,0.36634920634920637,2.9737395353089298,0.08462602422552218,1.0
sad,20,0.01904761904761905,0.006932409012131715,2.747619047619048,2.973297470201253,0.08464914858134787,1.0
personal,19,0.018095238095238095,0.03292894280762565,0.5495238095238095,2.971194488614777,0.08475924880169995,1.0
suggested,50,0.047619047619047616,0.06932409012131716,0.6869047619047619,2.954540788348206,0.08563663072408455,1.0
vbm,11,0.010476190476190476,0.022530329289428077,0.46498168498168496,2.9396806260584545,0.08642782011700068,1.0
technique,11,0.010476190476190476,0.022530329289428077,0.46498168498168496,2.9396806260584545,0.08642782011700068,1.0
manner,15,0.014285714285714285,0.02772963604852686,0.5151785714285715,2.9175179564513325,0.08762254916333859,1.0
cortical subcortical,15,0.014285714285714285,0.02772963604852686,0.5151785714285715,2.9175179564513325,0.08762254916333859,1.0
contexts,15,0.014285714285714285,0.02772963604852686,0.5151785714285715,2.9175179564513325,0.08762254916333859,1.0
small,30,0.02857142857142857,0.01386481802426343,2.060714285714286,2.9154767829258232,0.08773347938464905,1.0
12,62,0.05904761904761905,0.038128249566724434,1.5486580086580088,2.9146286144988243,0.08777961893080594,1.0
hippocampal,119,0.11333333333333333,0.1438474870017331,0.787871485943775,2.9140790950484527,0.08780952629215338,1.0
premotor,35,0.03333333333333333,0.05199306759098787,0.6411111111111111,2.91140902857161,0.08795500073628376,1.0
initial,37,0.035238095238095235,0.019064124783362217,1.8483982683982683,2.860774133744397,0.09076380783620852,1.0
implemented,17,0.01619047619047619,0.005199306759098787,3.1139682539682534,2.855090625001444,0.09108510640784277,1.0
induces,5,0.004761904761904762,0.01386481802426343,0.343452380952381,2.8291009133126575,0.0925701707136245,1.0
connection,5,0.004761904761904762,0.01386481802426343,0.343452380952381,2.8291009133126575,0.0925701707136245,1.0
compensate,5,0.004761904761904762,0.01386481802426343,0.343452380952381,2.8291009133126575,0.0925701707136245,1.0
vision,5,0.004761904761904762,0.01386481802426343,0.343452380952381,2.8291009133126575,0.0925701707136245,1.0
button,5,0.004761904761904762,0.01386481802426343,0.343452380952381,2.8291009133126575,0.0925701707136245,1.0
influence,66,0.06285714285714286,0.0415944540727903,1.5111904761904762,2.8275653649090597,0.09265873193148454,1.0
cognition,66,0.06285714285714286,0.0415944540727903,1.5111904761904762,2.8275653649090597,0.09265873193148454,1.0
pictures,66,0.06285714285714286,0.0415944540727903,1.5111904761904762,2.8275653649090597,0.09265873193148454,1.0
rate,25,0.023809523809523808,0.03986135181975736,0.5973084886128365,2.81384840442442,0.09345394229662665,1.0
sulcus sts,11,0.010476190476190476,0.0017331022530329288,6.044761904761905,2.7854990596713014,0.0951210573695323,1.0
encompassing,11,0.010476190476190476,0.0017331022530329288,6.044761904761905,2.7854990596713014,0.0951210573695323,1.0
cross sectional,11,0.010476190476190476,0.0017331022530329288,6.044761904761905,2.7854990596713014,0.0951210573695323,1.0
traditionally,11,0.010476190476190476,0.0017331022530329288,6.044761904761905,2.7854990596713014,0.0951210573695323,1.0
open,11,0.010476190476190476,0.0017331022530329288,6.044761904761905,2.7854990596713014,0.0951210573695323,1.0
sectional,11,0.010476190476190476,0.0017331022530329288,6.044761904761905,2.7854990596713014,0.0951210573695323,1.0
feature,18,0.017142857142857144,0.03119584055459272,0.5495238095238095,2.780274078864474,0.09543183598860751,1.0
errors,18,0.017142857142857144,0.03119584055459272,0.5495238095238095,2.780274078864474,0.09543183598860751,1.0
blocks,18,0.017142857142857144,0.03119584055459272,0.5495238095238095,2.780274078864474,0.09543183598860751,1.0
receptor,14,0.013333333333333334,0.0034662045060658577,3.846666666666667,2.7788396126304375,0.09551735044414437,1.0
tissue,14,0.013333333333333334,0.0034662045060658577,3.846666666666667,2.7788396126304375,0.09551735044414437,1.0
differentiate,14,0.013333333333333334,0.0034662045060658577,3.846666666666667,2.7788396126304375,0.09551735044414437,1.0
evaluation,32,0.030476190476190476,0.01559792027729636,1.9538624338624337,2.7772569797570896,0.09561179454873597,1.0
did,116,0.11047619047619048,0.0831889081455806,1.3280158730158729,2.765390492319159,0.096323179479701,1.0
supports,39,0.037142857142857144,0.02079722703639515,1.785952380952381,2.760425555816317,0.09662253200919467,1.0
influences,39,0.037142857142857144,0.02079722703639515,1.785952380952381,2.760425555816317,0.09662253200919467,1.0
interestingly,10,0.009523809523809525,0.02079722703639515,0.4579365079365079,2.7530402773258116,0.09706969224123967,1.0
lobule,31,0.029523809523809525,0.04679376083188908,0.6309347442680776,2.7477747253312312,0.09738988559676774,1.0
past,31,0.029523809523809525,0.04679376083188908,0.6309347442680776,2.7477747253312312,0.09738988559676774,1.0
elicit,22,0.02095238095238095,0.008665511265164644,2.417904761904762,2.7329472716916694,0.09829773338417755,1.0
ifg,22,0.02095238095238095,0.008665511265164644,2.417904761904762,2.7329472716916694,0.09829773338417755,1.0
motivational,22,0.02095238095238095,0.008665511265164644,2.417904761904762,2.7329472716916694,0.09829773338417755,1.0
useful,22,0.02095238095238095,0.008665511265164644,2.417904761904762,2.7329472716916694,0.09829773338417755,1.0
classification,22,0.02095238095238095,0.008665511265164644,2.417904761904762,2.7329472716916694,0.09829773338417755,1.0
remained,22,0.02095238095238095,0.008665511265164644,2.417904761904762,2.7329472716916694,0.09829773338417755,1.0
anterior temporal,27,0.025714285714285714,0.012131715771230503,2.1195918367346938,2.7265196145475827,0.09869414736426359,1.0
semantic memory,14,0.013333333333333334,0.025996533795493933,0.512888888888889,2.7258751079250993,0.0987339922487598,1.0
validated,4,0.0038095238095238095,0.012131715771230503,0.3140136054421769,2.7012269186887123,0.1002710559564733,1.0
investigates,4,0.0038095238095238095,0.012131715771230503,0.3140136054421769,2.7012269186887123,0.1002710559564733,1.0
parameter,4,0.0038095238095238095,0.012131715771230503,0.3140136054421769,2.7012269186887123,0.1002710559564733,1.0
systems,89,0.08476190476190476,0.11091854419410745,0.7641815476190477,2.6912480628191138,0.100900753766041,1.0
structure,61,0.058095238095238096,0.038128249566724434,1.5236796536796537,2.667993202874731,0.10238504869908563,1.0
scale,50,0.047619047619047616,0.029462738301559793,1.6162464985994396,2.6660790283754623,0.10250828471388292,1.0
period,50,0.047619047619047616,0.029462738301559793,1.6162464985994396,2.6660790283754623,0.10250828471388292,1.0
cortex acc,34,0.03238095238095238,0.01733102253032929,1.8683809523809523,2.658984637877471,0.10296644432839801,1.0
comprehension,24,0.022857142857142857,0.038128249566724434,0.5994805194805195,2.6294398986434873,0.10489871205669157,1.0
language,48,0.045714285714285714,0.0658578856152513,0.6941353383458647,2.6290989245744587,0.10492124278737448,1.0
relies,17,0.01619047619047619,0.029462738301559793,0.5495238095238094,2.5900249550362546,0.10753864136916819,1.0
simultaneous,17,0.01619047619047619,0.029462738301559793,0.5495238095238094,2.5900249550362546,0.10753864136916819,1.0
largely,30,0.02857142857142857,0.045060658578856154,0.634065934065934,2.5704689759287773,0.10887545028577864,1.0
concurrent,9,0.008571428571428572,0.019064124783362217,0.4496103896103897,2.5677023112369604,0.10906604353783854,1.0
sma,9,0.008571428571428572,0.019064124783362217,0.4496103896103897,2.5677023112369604,0.10906604353783854,1.0
diffusion tensor,9,0.008571428571428572,0.019064124783362217,0.4496103896103897,2.5677023112369604,0.10906604353783854,1.0
fear,54,0.05142857142857143,0.03292894280762565,1.5618045112781955,2.557736336231139,0.1097556366458699,1.0
mpfc,36,0.03428571428571429,0.019064124783362217,1.7984415584415587,2.55684589283461,0.10981748349755538,1.0
increases,86,0.08190476190476191,0.058925476603119586,1.3899719887955182,2.551725414825723,0.11017387720113084,1.0
congruent,24,0.022857142857142857,0.010398613518197574,2.198095238095238,2.5421840194798,0.11084137229998993,1.0
autism spectrum,24,0.022857142857142857,0.010398613518197574,2.198095238095238,2.5421840194798,0.11084137229998993,1.0
opposite,24,0.022857142857142857,0.010398613518197574,2.198095238095238,2.5421840194798,0.11084137229998993,1.0
forms,13,0.012380952380952381,0.024263431542461005,0.5102721088435375,2.5347113665201784,0.11136724960223207,1.0
children,45,0.04285714285714286,0.025996533795493933,1.6485714285714286,2.5246227685503113,0.11208158145176915,1.0
prediction,20,0.01904761904761905,0.03292894280762565,0.5784461152882207,2.5022714450582417,0.11368222807218646,1.0
object,50,0.047619047619047616,0.06759098786828423,0.7045177045177045,2.4991635058126027,0.11390678500685254,1.0
associations,47,0.04476190476190476,0.06412478336221837,0.698043758043758,2.469583016289542,0.11606871322187769,1.0
sex,38,0.03619047619047619,0.02079722703639515,1.74015873015873,2.4679422495758305,0.11618994940884723,1.0
provide evidence,47,0.04476190476190476,0.02772963604852686,1.6142261904761905,2.4626068030633252,0.11658515304111051,1.0
ventromedial,47,0.04476190476190476,0.02772963604852686,1.6142261904761905,2.4626068030633252,0.11658515304111051,1.0
described,31,0.029523809523809525,0.01559792027729636,1.892804232804233,2.458636540702267,0.11688019909298171,1.0
architecture,16,0.015238095238095238,0.005199306759098787,2.9307936507936505,2.4398142533548968,0.1182902320496868,1.0
cortex superior,16,0.015238095238095238,0.005199306759098787,2.9307936507936505,2.4398142533548968,0.1182902320496868,1.0
predictive,26,0.024761904761904763,0.03986135181975736,0.62120082815735,2.4125618924638292,0.1203652399828137,1.0
demands,35,0.03333333333333333,0.05025996533795494,0.6632183908045977,2.3931255508305833,0.12186974957832618,1.0
alzheimer,32,0.030476190476190476,0.04679376083188908,0.6512874779541447,2.3893420398725325,0.12216503660971019,1.0
pathways,26,0.024761904761904763,0.012131715771230503,2.04108843537415,2.387491787045623,0.12230972975819,1.0
differs,8,0.007619047619047619,0.01733102253032929,0.43961904761904763,2.3839407954583773,0.12258795641400062,1.0
confidence,8,0.007619047619047619,0.01733102253032929,0.43961904761904763,2.3839407954583773,0.12258795641400062,1.0
unilateral,8,0.007619047619047619,0.01733102253032929,0.43961904761904763,2.3839407954583773,0.12258795641400062,1.0
potential,83,0.07904761904761905,0.05719237435008666,1.382135642135642,2.366287615573177,0.12398157719575144,1.0
asd,21,0.02,0.008665511265164644,2.3080000000000003,2.364127279514731,0.12415332790542793,1.0
domains,21,0.02,0.008665511265164644,2.3080000000000003,2.364127279514731,0.12415332790542793,1.0
abnormal,51,0.04857142857142857,0.03119584055459272,1.556984126984127,2.3569880772283707,0.12472278945866368,1.0
trait,33,0.03142857142857143,0.01733102253032929,1.8134285714285716,2.3543814934689316,0.12493142715753557,1.0
depressive,33,0.03142857142857143,0.01733102253032929,1.8134285714285716,2.3543814934689316,0.12493142715753557,1.0
phonological,12,0.011428571428571429,0.022530329289428077,0.5072527472527473,2.3440249378278812,0.12576423207456597,1.0
existence,12,0.011428571428571429,0.022530329289428077,0.5072527472527473,2.3440249378278812,0.12576423207456597,1.0
consisted,12,0.011428571428571429,0.022530329289428077,0.5072527472527473,2.3440249378278812,0.12576423207456597,1.0
distributed network,12,0.011428571428571429,0.022530329289428077,0.5072527472527473,2.3440249378278812,0.12576423207456597,1.0
observing,13,0.012380952380952381,0.0034662045060658577,3.5719047619047624,2.3373206643790727,0.12630663407035128,1.0
lesser,13,0.012380952380952381,0.0034662045060658577,3.5719047619047624,2.3373206643790727,0.12630663407035128,1.0
appraisal,13,0.012380952380952381,0.0034662045060658577,3.5719047619047624,2.3373206643790727,0.12630663407035128,1.0
age groups,13,0.012380952380952381,0.0034662045060658577,3.5719047619047624,2.3373206643790727,0.12630663407035128,1.0
emotional information,13,0.012380952380952381,0.0034662045060658577,3.5719047619047624,2.3373206643790727,0.12630663407035128,1.0
mesolimbic,13,0.012380952380952381,0.0034662045060658577,3.5719047619047624,2.3373206643790727,0.12630663407035128,1.0
periaqueductal,13,0.012380952380952381,0.0034662045060658577,3.5719047619047624,2.3373206643790727,0.12630663407035128,1.0
apparent,13,0.012380952380952381,0.0034662045060658577,3.5719047619047624,2.3373206643790727,0.12630663407035128,1.0
acc,42,0.04,0.024263431542461005,1.6485714285714286,2.321352007950633,0.12760906939110245,1.0
human,187,0.17809523809523808,0.14731369150779897,1.2089523809523808,2.3178472890670316,0.12789691672278622,1.0
judgment,19,0.018095238095238095,0.03119584055459272,0.58005291005291,2.3163834300299255,0.12801735937550096,1.0
avoid,10,0.009523809523809525,0.0017331022530329288,5.495238095238096,2.3054943189989334,0.12891726209478446,1.0
emphasize,10,0.009523809523809525,0.0017331022530329288,5.495238095238096,2.3054943189989334,0.12891726209478446,1.0
dorsal attention,10,0.009523809523809525,0.0017331022530329288,5.495238095238096,2.3054943189989334,0.12891726209478446,1.0
interpersonal,10,0.009523809523809525,0.0017331022530329288,5.495238095238096,2.3054943189989334,0.12891726209478446,1.0
band,10,0.009523809523809525,0.0017331022530329288,5.495238095238096,2.3054943189989334,0.12891726209478446,1.0
component,57,0.054285714285714284,0.07452339688041594,0.72843853820598,2.3046485580126617,0.1289874521564168,1.0
older,43,0.040952380952380955,0.058925476603119586,0.6949859943977591,2.2841952920586897,0.13069791371982245,1.0
dmn,35,0.03333333333333333,0.019064124783362217,1.7484848484848485,2.264762386701202,0.1323465097426721,1.0
load,28,0.02666666666666667,0.01386481802426343,1.9233333333333336,2.259860010541411,0.13276606209308742,1.0
face,105,0.1,0.07625649913344887,1.3113636363636365,2.246039761587164,0.1339568391448504,1.0
associative,34,0.03238095238095238,0.04852686308492201,0.6672789115646258,2.226158253444968,0.1356908651538263,1.0
individuals,149,0.1419047619047619,0.11438474870017332,1.2405916305916305,2.224991040925814,0.1357934448814149,1.0
acquisition,28,0.02666666666666667,0.0415944540727903,0.6411111111111111,2.2212169426389385,0.13612572369108794,1.0
mapping,28,0.02666666666666667,0.0415944540727903,0.6411111111111111,2.2212169426389385,0.13612572369108794,1.0
visuospatial,15,0.014285714285714285,0.025996533795493933,0.5495238095238095,2.211683602469672,0.13696911890361949,1.0
short,46,0.04380952380952381,0.02772963604852686,1.5798809523809525,2.206344961503387,0.13744397332605784,1.0
entire,7,0.006666666666666667,0.01559792027729636,0.4274074074074074,2.202167725679052,0.13781681120274425,1.0
research suggests,7,0.006666666666666667,0.01559792027729636,0.4274074074074074,2.202167725679052,0.13781681120274425,1.0
modal,7,0.006666666666666667,0.01559792027729636,0.4274074074074074,2.202167725679052,0.13781681120274425,1.0
ones,7,0.006666666666666667,0.01559792027729636,0.4274074074074074,2.202167725679052,0.13781681120274425,1.0
50,23,0.021904761904761906,0.010398613518197574,2.1065079365079367,2.1971338185856504,0.13826761813699148,1.0
transient,18,0.017142857142857144,0.006932409012131715,2.4728571428571433,2.1952175773020364,0.1384396596550756,1.0
effective connectivity,18,0.017142857142857144,0.006932409012131715,2.4728571428571433,2.1952175773020364,0.1384396596550756,1.0
medial orbitofrontal,18,0.017142857142857144,0.006932409012131715,2.4728571428571433,2.1952175773020364,0.1384396596550756,1.0
correlations,48,0.045714285714285714,0.06412478336221837,0.7128957528957529,2.190797411798758,0.13883742160504778,1.0
highlight,37,0.035238095238095235,0.02079722703639515,1.694365079365079,2.187096541217331,0.13917144178372629,1.0
integration,45,0.04285714285714286,0.060658578856152515,0.706530612244898,2.1575612184715247,0.14186970221469442,1.0
tensor,11,0.010476190476190476,0.02079722703639515,0.5037301587301587,2.1538140363891785,0.14221621597932158,1.0
frontal temporal,11,0.010476190476190476,0.02079722703639515,0.5037301587301587,2.1538140363891785,0.14221621597932158,1.0
amygdala hippocampus,30,0.02857142857142857,0.01559792027729636,1.8317460317460317,2.1530506574640826,0.14228692465930842,1.0
delayed,30,0.02857142857142857,0.01559792027729636,1.8317460317460317,2.1530506574640826,0.14228692465930842,1.0
healthy,346,0.3295238095238095,0.292894280762565,1.1250605804451956,2.143210778218782,0.14320190118881473,1.0
compensatory,18,0.017142857142857144,0.029462738301559793,0.5818487394957983,2.1316697807986746,0.14428350626732647,1.0
events,61,0.058095238095238096,0.0779896013864818,0.744910052910053,2.1041725208864492,0.14689779044647505,1.0
normal,61,0.058095238095238096,0.0779896013864818,0.744910052910053,2.1041725208864492,0.14689779044647505,1.0
block,21,0.02,0.03292894280762565,0.6073684210526316,2.084480704715611,0.1488028169258326,1.0
motion,25,0.023809523809523808,0.012131715771230503,1.9625850340136053,2.0628542530840885,0.15092723621816492,1.0
help,25,0.023809523809523808,0.012131715771230503,1.9625850340136053,2.0628542530840885,0.15092723621816492,1.0
pronounced,25,0.023809523809523808,0.012131715771230503,1.9625850340136053,2.0628542530840885,0.15092723621816492,1.0
male,41,0.039047619047619046,0.024263431542461005,1.6093197278911564,2.059820665367284,0.1512279673887342,1.0
reflecting,24,0.022857142857142857,0.036395147313691506,0.6280272108843538,2.0592828521148556,0.15128135361607936,1.0
motor,102,0.09714285714285714,0.12131715771230503,0.800734693877551,2.053205213042084,0.15188613772824436,1.0
lateralization,15,0.014285714285714285,0.005199306759098787,2.747619047619047,2.040879356592834,0.1531211066568579,1.0
equally,15,0.014285714285714285,0.005199306759098787,2.747619047619047,2.040879356592834,0.1531211066568579,1.0
exist,15,0.014285714285714285,0.005199306759098787,2.747619047619047,2.040879356592834,0.1531211066568579,1.0
anger,15,0.014285714285714285,0.005199306759098787,2.747619047619047,2.040879356592834,0.1531211066568579,1.0
goals,15,0.014285714285714285,0.005199306759098787,2.747619047619047,2.040879356592834,0.1531211066568579,1.0
amygdala responses,15,0.014285714285714285,0.005199306759098787,2.747619047619047,2.040879356592834,0.1531211066568579,1.0
music,15,0.014285714285714285,0.005199306759098787,2.747619047619047,2.040879356592834,0.1531211066568579,1.0
perception,73,0.06952380952380953,0.05025996533795494,1.3832840722495896,2.0352234657630808,0.15369159485797124,1.0
years,73,0.06952380952380953,0.05025996533795494,1.3832840722495896,2.0352234657630808,0.15369159485797124,1.0
gyrus inferior,14,0.013333333333333334,0.024263431542461005,0.5495238095238095,2.0236897547649937,0.15486244139352298,1.0
sub,14,0.013333333333333334,0.024263431542461005,0.5495238095238095,2.0236897547649937,0.15486244139352298,1.0
affects,14,0.013333333333333334,0.024263431542461005,0.5495238095238095,2.0236897547649937,0.15486244139352298,1.0
traumatic,6,0.005714285714285714,0.01386481802426343,0.41214285714285714,2.0230315392909852,0.15492956485239892,1.0
primary visual,6,0.005714285714285714,0.01386481802426343,0.41214285714285714,2.0230315392909852,0.15492956485239892,1.0
analyze,6,0.005714285714285714,0.01386481802426343,0.41214285714285714,2.0230315392909852,0.15492956485239892,1.0
trauma,6,0.005714285714285714,0.01386481802426343,0.41214285714285714,2.0230315392909852,0.15492956485239892,1.0
respective,6,0.005714285714285714,0.01386481802426343,0.41214285714285714,2.0230315392909852,0.15492956485239892,1.0
relates,6,0.005714285714285714,0.01386481802426343,0.41214285714285714,2.0230315392909852,0.15492956485239892,1.0
younger adults,6,0.005714285714285714,0.01386481802426343,0.41214285714285714,2.0230315392909852,0.15492956485239892,1.0
cerebellum,55,0.05238095238095238,0.07105719237435008,0.7371660859465738,2.0150168882007105,0.15574953714499037,1.0
cues,63,0.06,0.07972270363951472,0.7526086956521739,2.0125358054020888,0.15600437257273528,1.0
epilepsy,20,0.01904761904761905,0.008665511265164644,2.1980952380952385,2.0110649841016377,0.15615566620644392,1.0
selected,20,0.01904761904761905,0.008665511265164644,2.1980952380952385,2.0110649841016377,0.15615566620644392,1.0
examining,20,0.01904761904761905,0.008665511265164644,2.1980952380952385,2.0110649841016377,0.15615566620644392,1.0
involved,204,0.19428571428571428,0.22530329289428075,0.8623296703296703,2.00994585288291,0.1562708954639873,1.0
despite,56,0.05333333333333334,0.036395147313691506,1.4653968253968255,2.008749363593942,0.15639419659841367,1.0
representation,44,0.0419047619047619,0.058925476603119586,0.7111484593837535,2.0053328786113935,0.1567468825406799,1.0
components,41,0.039047619047619046,0.05545927209705372,0.7040773809523809,1.9730702668770808,0.16012234724148053,1.0
addiction,10,0.009523809523809525,0.019064124783362217,0.49956709956709966,1.964076885638992,0.1610779732130546,1.0
novel,86,0.08190476190476191,0.10398613518197573,0.7876507936507937,1.9606720042740173,0.16144146705761753,1.0
providing,27,0.025714285714285714,0.01386481802426343,1.8546428571428573,1.9528836882022083,0.16227644447906023,1.0
image,27,0.025714285714285714,0.01386481802426343,1.8546428571428573,1.9528836882022083,0.16227644447906023,1.0
ability,78,0.07428571428571429,0.09532062391681109,0.7793246753246753,1.923700652978939,0.16544927600560622,1.0
main,35,0.03333333333333333,0.04852686308492201,0.6869047619047619,1.9192181423134809,0.16594287747521197,1.0
preference,12,0.011428571428571429,0.0034662045060658577,3.297142857142857,1.9127450159596258,0.16665865641205552,1.0
reversal,12,0.011428571428571429,0.0034662045060658577,3.297142857142857,1.9127450159596258,0.16665865641205552,1.0
estimation,12,0.011428571428571429,0.0034662045060658577,3.297142857142857,1.9127450159596258,0.16665865641205552,1.0
alzheimer disease,32,0.030476190476190476,0.045060658578856154,0.6763369963369963,1.899288571968859,0.16815797208074534,1.0
prefrontal cortex,293,0.27904761904761904,0.24610051993067592,1.1338765928906773,1.898808139637317,0.1682117868116002,1.0
activations,88,0.0838095238095238,0.10571923743500866,0.7927556596409056,1.89335773086133,0.16882368854930313,1.0
retrieval,123,0.11714285714285715,0.14211438474870017,0.8242857142857143,1.8879132124708766,0.1694374784612484,1.0
older adults,26,0.024761904761904763,0.038128249566724434,0.6494372294372295,1.880176276578803,0.17031411410875685,1.0
location,26,0.024761904761904763,0.038128249566724434,0.6494372294372295,1.880176276578803,0.17031411410875685,1.0
working memory,62,0.05904761904761905,0.0779896013864818,0.7571216931216932,1.8772113156434342,0.17065143868419172,1.0
cortices,103,0.0980952380952381,0.12131715771230503,0.8085850340136054,1.8758761386310474,0.1708035926577548,1.0
items,68,0.06476190476190476,0.04679376083188908,1.3839858906525573,1.8720378367482258,0.17124186593451174,1.0
elderly,22,0.02095238095238095,0.010398613518197574,2.014920634920635,1.8679367672810199,0.17171157127960104,1.0
relate,22,0.02095238095238095,0.010398613518197574,2.014920634920635,1.8679367672810199,0.17171157127960104,1.0
instead,22,0.02095238095238095,0.010398613518197574,2.014920634920635,1.8679367672810199,0.17171157127960104,1.0
19,38,0.03619047619047619,0.022530329289428077,1.606300366300366,1.8606502247218462,0.17254977376775266,1.0
regulation,70,0.06666666666666667,0.04852686308492201,1.3738095238095238,1.8560332557005683,0.17308331837894553,1.0
flexible,5,0.004761904761904762,0.012131715771230503,0.3925170068027211,1.8476141428051043,0.17406113883975252,1.0
switching,5,0.004761904761904762,0.012131715771230503,0.3925170068027211,1.8476141428051043,0.17406113883975252,1.0
matching task,5,0.004761904761904762,0.012131715771230503,0.3925170068027211,1.8476141428051043,0.17406113883975252,1.0
tensor dti,5,0.004761904761904762,0.012131715771230503,0.3925170068027211,1.8476141428051043,0.17406113883975252,1.0
smokers,5,0.004761904761904762,0.012131715771230503,0.3925170068027211,1.8476141428051043,0.17406113883975252,1.0
just,5,0.004761904761904762,0.012131715771230503,0.3925170068027211,1.8476141428051043,0.17406113883975252,1.0
regional gray,9,0.008571428571428572,0.0017331022530329288,4.945714285714287,1.8410706696852661,0.17482551005192337,1.0
mapped,9,0.008571428571428572,0.0017331022530329288,4.945714285714287,1.8410706696852661,0.17482551005192337,1.0
monetary reward,9,0.008571428571428572,0.0017331022530329288,4.945714285714287,1.8410706696852661,0.17482551005192337,1.0
anterior superior,9,0.008571428571428572,0.0017331022530329288,4.945714285714287,1.8410706696852661,0.17482551005192337,1.0
mediates,9,0.008571428571428572,0.0017331022530329288,4.945714285714287,1.8410706696852661,0.17482551005192337,1.0
illness,13,0.012380952380952381,0.022530329289428077,0.5495238095238095,1.836572213291759,0.17535323675592807,1.0
temporal parietal,13,0.012380952380952381,0.022530329289428077,0.5495238095238095,1.836572213291759,0.17535323675592807,1.0
date,17,0.01619047619047619,0.006932409012131715,2.3354761904761903,1.8311562165479711,0.1759910399849706,1.0
polymorphism,17,0.01619047619047619,0.006932409012131715,2.3354761904761903,1.8311562165479711,0.1759910399849706,1.0
spatially,17,0.01619047619047619,0.006932409012131715,2.3354761904761903,1.8311562165479711,0.1759910399849706,1.0
amygdala response,17,0.01619047619047619,0.006932409012131715,2.3354761904761903,1.8311562165479711,0.1759910399849706,1.0
attentional,40,0.0380952380952381,0.053726169844020795,0.7090629800307221,1.8215419021796053,0.1771298494935941,1.0
reward,82,0.07809523809523809,0.058925476603119586,1.3253221288515404,1.7872598927945864,0.18126037445132706,1.0
detected,31,0.029523809523809525,0.01733102253032929,1.7035238095238097,1.7845500612548186,0.18159159627846544,1.0
read,9,0.008571428571428572,0.01733102253032929,0.4945714285714286,1.7748117178508709,0.18278771036476468,1.0
inputs,9,0.008571428571428572,0.01733102253032929,0.4945714285714286,1.7748117178508709,0.18278771036476468,1.0
locations,9,0.008571428571428572,0.01733102253032929,0.4945714285714286,1.7748117178508709,0.18278771036476468,1.0
video,9,0.008571428571428572,0.01733102253032929,0.4945714285714286,1.7748117178508709,0.18278771036476468,1.0
labeling,9,0.008571428571428572,0.01733102253032929,0.4945714285714286,1.7748117178508709,0.18278771036476468,1.0
attributed,9,0.008571428571428572,0.01733102253032929,0.4945714285714286,1.7748117178508709,0.18278771036476468,1.0
anxiety,57,0.054285714285714284,0.038128249566724434,1.4237662337662338,1.7690564673587041,0.1834988917442283,1.0
thalamic,16,0.015238095238095238,0.025996533795493933,0.5861587301587302,1.7662941428848256,0.18384137378365603,1.0
provide,132,0.12571428571428572,0.1022530329289428,1.2294430992736078,1.7582338611852297,0.1848449605978957,1.0
critically,24,0.022857142857142857,0.012131715771230503,1.8840816326530612,1.753930585512986,0.18538336507405018,1.0
recruitment,45,0.04285714285714286,0.058925476603119586,0.7273109243697479,1.7478338770169546,0.18614927607536308,1.0
stress,31,0.029523809523809525,0.043327556325823226,0.6814095238095238,1.7397810958644933,0.18716656573085083,1.0
experiments,19,0.018095238095238095,0.029462738301559793,0.6141736694677871,1.7295289341734983,0.1884710681898333,1.0
investigating,28,0.02666666666666667,0.03986135181975736,0.668985507246377,1.7226832243401544,0.18934802117361513,1.0
sensorimotor,28,0.02666666666666667,0.03986135181975736,0.668985507246377,1.7226832243401544,0.18934802117361513,1.0
network dmn,33,0.03142857142857143,0.019064124783362217,1.6485714285714288,1.7191613655095275,0.18980103142404903,1.0
generation,22,0.02095238095238095,0.03292894280762565,0.6362907268170426,1.714131972004084,0.19045014471458005,1.0
pattern,104,0.09904761904761905,0.12131715771230503,0.8164353741496598,1.7074316522586652,0.19131893984900097,1.0
ratings,46,0.04380952380952381,0.029462738301559793,1.4869467787114847,1.6917345590225814,0.19337247387319667,1.0
better understanding,4,0.0038095238095238095,0.010398613518197574,0.3663492063492063,1.677864372231596,0.19520846904733521,1.0
primary somatosensory,4,0.0038095238095238095,0.010398613518197574,0.3663492063492063,1.677864372231596,0.19520846904733521,1.0
sensation,4,0.0038095238095238095,0.010398613518197574,0.3663492063492063,1.677864372231596,0.19520846904733521,1.0
neurodegenerative,4,0.0038095238095238095,0.010398613518197574,0.3663492063492063,1.677864372231596,0.19520846904733521,1.0
names,4,0.0038095238095238095,0.010398613518197574,0.3663492063492063,1.677864372231596,0.19520846904733521,1.0
pars,4,0.0038095238095238095,0.010398613518197574,0.3663492063492063,1.677864372231596,0.19520846904733521,1.0
verbs,4,0.0038095238095238095,0.010398613518197574,0.3663492063492063,1.677864372231596,0.19520846904733521,1.0
visual attention,4,0.0038095238095238095,0.010398613518197574,0.3663492063492063,1.677864372231596,0.19520846904733521,1.0
processes involved,4,0.0038095238095238095,0.010398613518197574,0.3663492063492063,1.677864372231596,0.19520846904733521,1.0
improvement,19,0.018095238095238095,0.008665511265164644,2.0881904761904764,1.675641858121532,0.1955045549920987,1.0
material,19,0.018095238095238095,0.008665511265164644,2.0881904761904764,1.675641858121532,0.1955045549920987,1.0
gyrus ifg,19,0.018095238095238095,0.008665511265164644,2.0881904761904764,1.675641858121532,0.1955045549920987,1.0
episode,19,0.018095238095238095,0.008665511265164644,2.0881904761904764,1.675641858121532,0.1955045549920987,1.0
addressed,19,0.018095238095238095,0.008665511265164644,2.0881904761904764,1.675641858121532,0.1955045549920987,1.0
subject,39,0.037142857142857144,0.05199306759098787,0.7143809523809524,1.672954271543292,0.19586330097203486,1.0
feedback,35,0.03333333333333333,0.02079722703639515,1.6027777777777776,1.6631025444449605,0.19718494467094483,1.0
emotional faces,14,0.013333333333333334,0.005199306759098787,2.5644444444444443,1.6610464471675181,0.19746209388607228,1.0
tegmental,14,0.013333333333333334,0.005199306759098787,2.5644444444444443,1.6610464471675181,0.19746209388607228,1.0
trend,14,0.013333333333333334,0.005199306759098787,2.5644444444444443,1.6610464471675181,0.19746209388607228,1.0
ventral tegmental,14,0.013333333333333334,0.005199306759098787,2.5644444444444443,1.6610464471675181,0.19746209388607228,1.0
diffusion,12,0.011428571428571429,0.02079722703639515,0.5495238095238095,1.6504292250144332,0.19890052134498518,1.0
respect,12,0.011428571428571429,0.02079722703639515,0.5495238095238095,1.6504292250144332,0.19890052134498518,1.0
confirmed,37,0.035238095238095235,0.022530329289428077,1.5640293040293038,1.6146994907190302,0.203832454735255,1.0
intrinsic,37,0.035238095238095235,0.022530329289428077,1.5640293040293038,1.6146994907190302,0.203832454735255,1.0
scenes,37,0.035238095238095235,0.022530329289428077,1.5640293040293038,1.6146994907190302,0.203832454735255,1.0
person,37,0.035238095238095235,0.022530329289428077,1.5640293040293038,1.6146994907190302,0.203832454735255,1.0
determine,52,0.049523809523809526,0.03466204506065858,1.428761904761905,1.6090901644648528,0.20461974409923758,1.0
using functional,88,0.0838095238095238,0.10398613518197573,0.805968253968254,1.5973566787707538,0.20627821048540868,1.0
task,418,0.3980952380952381,0.43154246100519933,0.9224937846624593,1.5866711076271254,0.20780238512663166,1.0
example,8,0.007619047619047619,0.01559792027729636,0.48846560846560844,1.5860167740820996,0.2078961500430603,1.0
quality,8,0.007619047619047619,0.01559792027729636,0.48846560846560844,1.5860167740820996,0.2078961500430603,1.0
fractional,8,0.007619047619047619,0.01559792027729636,0.48846560846560844,1.5860167740820996,0.2078961500430603,1.0
points,8,0.007619047619047619,0.01559792027729636,0.48846560846560844,1.5860167740820996,0.2078961500430603,1.0
limitations,8,0.007619047619047619,0.01559792027729636,0.48846560846560844,1.5860167740820996,0.2078961500430603,1.0
dissociate,8,0.007619047619047619,0.01559792027729636,0.48846560846560844,1.5860167740820996,0.2078961500430603,1.0
perform,15,0.014285714285714285,0.024263431542461005,0.5887755102040816,1.585988840429752,0.20790015400259784,1.0
healthy individuals,28,0.02666666666666667,0.01559792027729636,1.7096296296296296,1.5849763075847085,0.20804535021877263,1.0
extended,28,0.02666666666666667,0.01559792027729636,1.7096296296296296,1.5849763075847085,0.20804535021877263,1.0
involves,39,0.037142857142857144,0.024263431542461005,1.5308163265306123,1.5726571780658296,0.20982154630309668,1.0
comparisons,27,0.025714285714285714,0.038128249566724434,0.6744155844155845,1.5625744705465927,0.2112886660841658,1.0
scans,27,0.025714285714285714,0.038128249566724434,0.6744155844155845,1.5625744705465927,0.2112886660841658,1.0
gain,21,0.02,0.010398613518197574,1.9233333333333333,1.556275577423745,0.2122113816466551,1.0
temporal gyri,21,0.02,0.010398613518197574,1.9233333333333333,1.556275577423745,0.2122113816466551,1.0
wise,21,0.02,0.010398613518197574,1.9233333333333333,1.556275577423745,0.2122113816466551,1.0
connectivity amygdala,21,0.02,0.010398613518197574,1.9233333333333333,1.556275577423745,0.2122113816466551,1.0
ica,21,0.02,0.010398613518197574,1.9233333333333333,1.556275577423745,0.2122113816466551,1.0
periods,18,0.017142857142857144,0.02772963604852686,0.6182142857142858,1.5551824655496553,0.21237199640751486,1.0
generally,24,0.022857142857142857,0.03466204506065858,0.6594285714285715,1.5490371688293871,0.213277637123597,1.0
discussed,24,0.022857142857142857,0.03466204506065858,0.6594285714285715,1.5490371688293871,0.213277637123597,1.0
judgments,41,0.039047619047619046,0.025996533795493933,1.502031746031746,1.5359581220641936,0.21522043468063895,1.0
middle,122,0.11619047619047619,0.1386481802426343,0.8380238095238095,1.5267469399270495,0.21660132836882165,1.0
tests,30,0.02857142857142857,0.01733102253032929,1.6485714285714286,1.5211820730535865,0.21744069796876636,1.0
cortex mpfc,30,0.02857142857142857,0.01733102253032929,1.6485714285714286,1.5211820730535865,0.21744069796876636,1.0
developmental,30,0.02857142857142857,0.01733102253032929,1.6485714285714286,1.5211820730535865,0.21744069796876636,1.0
chinese,11,0.010476190476190476,0.0034662045060658577,3.0223809523809524,1.5088624874799845,0.2193127427650777,1.0
producing,11,0.010476190476190476,0.0034662045060658577,3.0223809523809524,1.5088624874799845,0.2193127427650777,1.0
higher level,11,0.010476190476190476,0.0034662045060658577,3.0223809523809524,1.5088624874799845,0.2193127427650777,1.0
perceiving,11,0.010476190476190476,0.0034662045060658577,3.0223809523809524,1.5088624874799845,0.2193127427650777,1.0
frequency fluctuations,11,0.010476190476190476,0.0034662045060658577,3.0223809523809524,1.5088624874799845,0.2193127427650777,1.0
modulations,11,0.010476190476190476,0.0034662045060658577,3.0223809523809524,1.5088624874799845,0.2193127427650777,1.0
know,11,0.010476190476190476,0.0034662045060658577,3.0223809523809524,1.5088624874799845,0.2193127427650777,1.0
presentation,43,0.040952380952380955,0.02772963604852686,1.4768452380952384,1.5037918189805746,0.22008884917738775,1.0
anterior insula,43,0.040952380952380955,0.02772963604852686,1.4768452380952384,1.5037918189805746,0.22008884917738775,1.0
age sex,16,0.015238095238095238,0.006932409012131715,2.198095238095238,1.4869373659069456,0.2226922534671264,1.0
strategic,16,0.015238095238095238,0.006932409012131715,2.198095238095238,1.4869373659069456,0.2226922534671264,1.0
investigations,16,0.015238095238095238,0.006932409012131715,2.198095238095238,1.4869373659069456,0.2226922534671264,1.0
images,70,0.06666666666666667,0.05025996533795494,1.3264367816091953,1.478673903107486,0.22398211776767443,1.0
default mode,72,0.06857142857142857,0.05199306759098787,1.318857142857143,1.470966826434337,0.22519321221532826,1.0
insula,165,0.15714285714285714,0.13344887348353554,1.1775510204081632,1.4692335924808193,0.22546665447276737,1.0
prefrontal parietal,11,0.010476190476190476,0.019064124783362217,0.5495238095238095,1.465395420083714,0.22607360024659076,1.0
morphometry vbm,11,0.010476190476190476,0.019064124783362217,0.5495238095238095,1.465395420083714,0.22607360024659076,1.0
gyrus anterior,11,0.010476190476190476,0.019064124783362217,0.5495238095238095,1.465395420083714,0.22607360024659076,1.0
learn,11,0.010476190476190476,0.019064124783362217,0.5495238095238095,1.465395420083714,0.22607360024659076,1.0
correlate,11,0.010476190476190476,0.019064124783362217,0.5495238095238095,1.465395420083714,0.22607360024659076,1.0
developed,23,0.021904761904761906,0.012131715771230503,1.805578231292517,1.4622210122408585,0.226577064864932,1.0
social cognition,23,0.021904761904761906,0.012131715771230503,1.805578231292517,1.4622210122408585,0.226577064864932,1.0
major depressive,23,0.021904761904761906,0.012131715771230503,1.805578231292517,1.4622210122408585,0.226577064864932,1.0
precuneus,69,0.06571428571428571,0.0831889081455806,0.7899404761904761,1.4519774322275325,0.22821092165695403,1.0
gender,47,0.04476190476190476,0.03119584055459272,1.4348677248677248,1.4505637732419172,0.22843751187215147,1.0
addition,110,0.10476190476190476,0.08492201039861352,1.2336248785228376,1.4449048596622731,0.2293472737468744,1.0
superior temporal,102,0.09714285714285714,0.0779896013864818,1.2455873015873016,1.4372308434022016,0.2305879763090234,1.0
direct,40,0.0380952380952381,0.05199306759098787,0.7326984126984127,1.4256257376554367,0.232479649105853,1.0
categories,34,0.03238095238095238,0.02079722703639515,1.5569841269841267,1.4214982091687527,0.23315696255679308,1.0
discrimination,14,0.013333333333333334,0.022530329289428077,0.5917948717948718,1.4075986485451264,0.23545544059892884,1.0
words,66,0.06285714285714286,0.07972270363951472,0.7884472049689443,1.399791031886984,0.23675856183712476,1.0
alter,7,0.006666666666666667,0.01386481802426343,0.4808333333333334,1.3976903041192048,0.23711067206722325,1.0
visual auditory,7,0.006666666666666667,0.01386481802426343,0.4808333333333334,1.3976903041192048,0.23711067206722325,1.0
constructed,7,0.006666666666666667,0.01386481802426343,0.4808333333333334,1.3976903041192048,0.23711067206722325,1.0
memory test,7,0.006666666666666667,0.01386481802426343,0.4808333333333334,1.3976903041192048,0.23711067206722325,1.0
shapes,7,0.006666666666666667,0.01386481802426343,0.4808333333333334,1.3976903041192048,0.23711067206722325,1.0
anisotropy,7,0.006666666666666667,0.01386481802426343,0.4808333333333334,1.3976903041192048,0.23711067206722325,1.0
fractional anisotropy,7,0.006666666666666667,0.01386481802426343,0.4808333333333334,1.3976903041192048,0.23711067206722325,1.0
receiving,7,0.006666666666666667,0.01386481802426343,0.4808333333333334,1.3976903041192048,0.23711067206722325,1.0
distribution,7,0.006666666666666667,0.01386481802426343,0.4808333333333334,1.3976903041192048,0.23711067206722325,1.0
relations,7,0.006666666666666667,0.01386481802426343,0.4808333333333334,1.3976903041192048,0.23711067206722325,1.0
functional abnormalities,7,0.006666666666666667,0.01386481802426343,0.4808333333333334,1.3976903041192048,0.23711067206722325,1.0
enables,7,0.006666666666666667,0.01386481802426343,0.4808333333333334,1.3976903041192048,0.23711067206722325,1.0
common,71,0.06761904761904762,0.08492201039861352,0.796248785228377,1.3884683286634614,0.23866393260122665,1.0
binding,17,0.01619047619047619,0.025996533795493933,0.6227936507936508,1.3833214558896507,0.23953619184300892,1.0
arousal,36,0.03428571428571429,0.022530329289428077,1.5217582417582418,1.3822021895493943,0.23972639027272902,1.0
occipital cortex,20,0.01904761904761905,0.029462738301559793,0.646498599439776,1.3791009477737672,0.24025434798970927,1.0
food,18,0.017142857142857144,0.008665511265164644,1.9782857142857144,1.3600668164974248,0.24352590204509994,1.0
listening,18,0.017142857142857144,0.008665511265164644,1.9782857142857144,1.3600668164974248,0.24352590204509994,1.0
cuneus,18,0.017142857142857144,0.008665511265164644,1.9782857142857144,1.3600668164974248,0.24352590204509994,1.0
people,59,0.05619047619047619,0.0415944540727903,1.3509126984126985,1.3510581985548678,0.24509320629099005,1.0
stimuli,231,0.22,0.19410745233968804,1.133392857142857,1.348930742639169,0.2454651328143304,1.0
extend,27,0.025714285714285714,0.01559792027729636,1.6485714285714286,1.3247624365888935,0.249739127468097,1.0
effective,40,0.0380952380952381,0.025996533795493933,1.4653968253968255,1.3189733136606576,0.25077639191576023,1.0
view,40,0.0380952380952381,0.025996533795493933,1.4653968253968255,1.3189733136606576,0.25077639191576023,1.0
monitoring,31,0.029523809523809525,0.0415944540727903,0.7098015873015873,1.3121005142178124,0.2520146977381706,1.0
fewer,13,0.012380952380952381,0.005199306759098787,2.381269841269841,1.3037664908635476,0.25352637521053095,1.0
punishment,13,0.012380952380952381,0.005199306759098787,2.381269841269841,1.3037664908635476,0.25352637521053095,1.0
disgust,13,0.012380952380952381,0.005199306759098787,2.381269841269841,1.3037664908635476,0.25352637521053095,1.0
differently,13,0.012380952380952381,0.005199306759098787,2.381269841269841,1.3037664908635476,0.25352637521053095,1.0
spectrum disorder,13,0.012380952380952381,0.005199306759098787,2.381269841269841,1.3037664908635476,0.25352637521053095,1.0
reducing,13,0.012380952380952381,0.005199306759098787,2.381269841269841,1.3037664908635476,0.25352637521053095,1.0
reasoning,13,0.012380952380952381,0.005199306759098787,2.381269841269841,1.3037664908635476,0.25352637521053095,1.0
level bold,39,0.037142857142857144,0.05025996533795494,0.7390147783251232,1.2890588473876212,0.2562214655486557,1.0
working,65,0.06190476190476191,0.0779896013864818,0.7937566137566139,1.2837870186661455,0.2571960889376848,1.0
order,65,0.06190476190476191,0.0779896013864818,0.7937566137566139,1.2837870186661455,0.2571960889376848,1.0
bipolar,10,0.009523809523809525,0.01733102253032929,0.5495238095238096,1.2816599989323143,0.25759061461739535,1.0
focal,10,0.009523809523809525,0.01733102253032929,0.5495238095238096,1.2816599989323143,0.25759061461739535,1.0
days,10,0.009523809523809525,0.01733102253032929,0.5495238095238096,1.2816599989323143,0.25759061461739535,1.0
occurrence,10,0.009523809523809525,0.01733102253032929,0.5495238095238096,1.2816599989323143,0.25759061461739535,1.0
parietal lobule,28,0.02666666666666667,0.038128249566724434,0.6993939393939395,1.2800075655667327,0.2578976286081158,1.0
visual cortex,28,0.02666666666666667,0.038128249566724434,0.6993939393939395,1.2800075655667327,0.2578976286081158,1.0
positively,70,0.06666666666666667,0.0831889081455806,0.8013888888888888,1.2755466426580149,0.2587287067431682,1.0
spatial,90,0.08571428571428572,0.10398613518197573,0.8242857142857143,1.2751141203682368,0.2588094623595857,1.0
white matter,29,0.02761904761904762,0.01733102253032929,1.5936190476190477,1.273578669959275,0.2590963959259072,1.0
female,29,0.02761904761904762,0.01733102253032929,1.5936190476190477,1.273578669959275,0.2590963959259072,1.0
maps,29,0.02761904761904762,0.01733102253032929,1.5936190476190477,1.273578669959275,0.2590963959259072,1.0
structures,85,0.08095238095238096,0.09878682842287695,0.8194653299916458,1.271361418990986,0.2595114339381762,1.0
variables,20,0.01904761904761905,0.010398613518197574,1.8317460317460317,1.264092043936393,0.2608779414348681,1.0
spontaneous,25,0.023809523809523808,0.03466204506065858,0.6869047619047619,1.2522025395149081,0.2631322207704087,1.0
connections,25,0.023809523809523808,0.03466204506065858,0.6869047619047619,1.2522025395149081,0.2631322207704087,1.0
recollection,25,0.023809523809523808,0.03466204506065858,0.6869047619047619,1.2522025395149081,0.2631322207704087,1.0
accompanied,25,0.023809523809523808,0.03466204506065858,0.6869047619047619,1.2522025395149081,0.2631322207704087,1.0
trial,46,0.04380952380952381,0.03119584055459272,1.4043386243386244,1.2517976046913983,0.26320942207825226,1.0
fronto,44,0.0419047619047619,0.05545927209705372,0.7555952380952381,1.2470515511524065,0.26411636308238595,1.0
indicate,102,0.09714285714285714,0.11611785095320624,0.8365884861407249,1.2437240004409034,0.2647545533212085,1.0
theoretical,13,0.012380952380952381,0.02079722703639515,0.5953174603174602,1.2314673991318732,0.26712185358590784,1.0
inter,13,0.012380952380952381,0.02079722703639515,0.5953174603174602,1.2314673991318732,0.26712185358590784,1.0
21,31,0.029523809523809525,0.019064124783362217,1.5486580086580088,1.230757810281952,0.26725971263057147,1.0
focus,22,0.02095238095238095,0.03119584055459272,0.6716402116402116,1.2301719783972984,0.26737359497714086,1.0
hippocampus,244,0.23238095238095238,0.2582322357019064,0.89989133908597,1.2208994476503685,0.2691842072677612,1.0
experimental,50,0.047619047619047616,0.03466204506065858,1.3738095238095238,1.219970058888404,0.26936652805114697,1.0
specifically,72,0.06857142857142857,0.08492201039861352,0.807463556851312,1.2183686567296357,0.26968104151945416,1.0
parametric,19,0.018095238095238095,0.02772963604852686,0.6525595238095239,1.2162536207236088,0.27009713544174424,1.0
acute,16,0.015238095238095238,0.024263431542461005,0.6280272108843538,1.2143456994832624,0.2704731718790748,1.0
map,16,0.015238095238095238,0.024263431542461005,0.6280272108843538,1.2143456994832624,0.2704731718790748,1.0
contrasting,16,0.015238095238095238,0.024263431542461005,0.6280272108843538,1.2143456994832624,0.2704731718790748,1.0
shed,6,0.005714285714285714,0.012131715771230503,0.4710204081632653,1.2098305664238769,0.27136568037394104,1.0
group comparisons,6,0.005714285714285714,0.012131715771230503,0.4710204081632653,1.2098305664238769,0.27136568037394104,1.0
posterior temporal,6,0.005714285714285714,0.012131715771230503,0.4710204081632653,1.2098305664238769,0.27136568037394104,1.0
dti,6,0.005714285714285714,0.012131715771230503,0.4710204081632653,1.2098305664238769,0.27136568037394104,1.0
gyrus medial,6,0.005714285714285714,0.012131715771230503,0.4710204081632653,1.2098305664238769,0.27136568037394104,1.0
reverse,6,0.005714285714285714,0.012131715771230503,0.4710204081632653,1.2098305664238769,0.27136568037394104,1.0
metabolic,6,0.005714285714285714,0.012131715771230503,0.4710204081632653,1.2098305664238769,0.27136568037394104,1.0
lobules,6,0.005714285714285714,0.012131715771230503,0.4710204081632653,1.2098305664238769,0.27136568037394104,1.0
inference,6,0.005714285714285714,0.012131715771230503,0.4710204081632653,1.2098305664238769,0.27136568037394104,1.0
seven,6,0.005714285714285714,0.012131715771230503,0.4710204081632653,1.2098305664238769,0.27136568037394104,1.0
temporal lobes,33,0.03142857142857143,0.02079722703639515,1.5111904761904762,1.1946328563804034,0.27439704224311945,1.0
cingulate,286,0.2723809523809524,0.24610051993067592,1.106787391012743,1.194544096777319,0.2744148707373645,1.0
successfully,22,0.02095238095238095,0.012131715771230503,1.7270748299319727,1.1894328734251651,0.27544398228248773,1.0
depressive disorder,22,0.02095238095238095,0.012131715771230503,1.7270748299319727,1.1894328734251651,0.27544398228248773,1.0
effects,218,0.20761904761904762,0.18370883882149047,1.1301527403414195,1.18912874876952,0.27550536843942564,1.0
degree,60,0.05714285714285714,0.043327556325823226,1.3188571428571427,1.1699317162957312,0.27941527141420486,1.0
disorder mdd,15,0.014285714285714285,0.006932409012131715,2.060714285714286,1.1655835885504093,0.2803105559182556,1.0
semantically,15,0.014285714285714285,0.006932409012131715,2.060714285714286,1.1655835885504093,0.2803105559182556,1.0
neutral stimuli,15,0.014285714285714285,0.006932409012131715,2.060714285714286,1.1655835885504093,0.2803105559182556,1.0
guide,15,0.014285714285714285,0.006932409012131715,2.060714285714286,1.1655835885504093,0.2803105559182556,1.0
incidental,15,0.014285714285714285,0.006932409012131715,2.060714285714286,1.1655835885504093,0.2803105559182556,1.0
decreasing,15,0.014285714285714285,0.006932409012131715,2.060714285714286,1.1655835885504093,0.2803105559182556,1.0
extracted,15,0.014285714285714285,0.006932409012131715,2.060714285714286,1.1655835885504093,0.2803105559182556,1.0
goal directed,15,0.014285714285714285,0.006932409012131715,2.060714285714286,1.1655835885504093,0.2803105559182556,1.0
background,74,0.07047619047619047,0.08665511265164645,0.813295238095238,1.1641695092082371,0.2806024963248267,1.0
white,35,0.03333333333333333,0.022530329289428077,1.4794871794871793,1.1639535971299309,0.2806471057140792,1.0
mode network,62,0.05904761904761905,0.045060658578856154,1.3104029304029303,1.1636312676494993,0.2807137185642295,1.0
conditions,123,0.11714285714285715,0.1369150779896014,0.8555877034358047,1.1630879564438377,0.2808260448538737,1.0
medial prefrontal,100,0.09523809523809523,0.0779896013864818,1.2211640211640211,1.1604993093038207,0.28136201215339507,1.0
defined,37,0.035238095238095235,0.024263431542461005,1.452312925170068,1.1377640265044544,0.2861252961924553,1.0
detection,37,0.035238095238095235,0.024263431542461005,1.452312925170068,1.1377640265044544,0.2861252961924553,1.0
deactivation,27,0.025714285714285714,0.036395147313691506,0.706530612244898,1.1340917693808548,0.28690423701744494,1.0
shaped,10,0.009523809523809525,0.0034662045060658577,2.747619047619048,1.1306732688545031,0.28763177499574427,1.0
separation,10,0.009523809523809525,0.0034662045060658577,2.747619047619048,1.1306732688545031,0.28763177499574427,1.0
rich,10,0.009523809523809525,0.0034662045060658577,2.747619047619048,1.1306732688545031,0.28763177499574427,1.0
male female,10,0.009523809523809525,0.0034662045060658577,2.747619047619048,1.1306732688545031,0.28763177499574427,1.0
near,10,0.009523809523809525,0.0034662045060658577,2.747619047619048,1.1306732688545031,0.28763177499574427,1.0
flexibly,10,0.009523809523809525,0.0034662045060658577,2.747619047619048,1.1306732688545031,0.28763177499574427,1.0
controls using,10,0.009523809523809525,0.0034662045060658577,2.747619047619048,1.1306732688545031,0.28763177499574427,1.0
behavioral measures,10,0.009523809523809525,0.0034662045060658577,2.747619047619048,1.1306732688545031,0.28763177499574427,1.0
contributed,10,0.009523809523809525,0.0034662045060658577,2.747619047619048,1.1306732688545031,0.28763177499574427,1.0
contingent,10,0.009523809523809525,0.0034662045060658577,2.747619047619048,1.1306732688545031,0.28763177499574427,1.0
played,10,0.009523809523809525,0.0034662045060658577,2.747619047619048,1.1306732688545031,0.28763177499574427,1.0
anterior medial,10,0.009523809523809525,0.0034662045060658577,2.747619047619048,1.1306732688545031,0.28763177499574427,1.0
peak,10,0.009523809523809525,0.0034662045060658577,2.747619047619048,1.1306732688545031,0.28763177499574427,1.0
social interaction,10,0.009523809523809525,0.0034662045060658577,2.747619047619048,1.1306732688545031,0.28763177499574427,1.0
activate,24,0.022857142857142857,0.01386481802426343,1.6485714285714286,1.1301017514173453,0.2877536361688558,1.0
accumbens,24,0.022857142857142857,0.01386481802426343,1.6485714285714286,1.1301017514173453,0.2877536361688558,1.0
passive,24,0.022857142857142857,0.01386481802426343,1.6485714285714286,1.1301017514173453,0.2877536361688558,1.0
reports,24,0.022857142857142857,0.01386481802426343,1.6485714285714286,1.1301017514173453,0.2877536361688558,1.0
testing,24,0.022857142857142857,0.01386481802426343,1.6485714285714286,1.1301017514173453,0.2877536361688558,1.0
choice,24,0.022857142857142857,0.01386481802426343,1.6485714285714286,1.1301017514173453,0.2877536361688558,1.0
28,24,0.022857142857142857,0.01386481802426343,1.6485714285714286,1.1301017514173453,0.2877536361688558,1.0
recall,35,0.03333333333333333,0.045060658578856154,0.7397435897435897,1.1127798421135482,0.2914784699034623,1.0
mild,24,0.022857142857142857,0.03292894280762565,0.6941353383458647,1.1027163787950711,0.2936707446662962,1.0
placebo controlled,9,0.008571428571428572,0.01559792027729636,0.5495238095238095,1.0994970441385727,0.29437650858114434,1.0
34,9,0.008571428571428572,0.01559792027729636,0.5495238095238095,1.0994970441385727,0.29437650858114434,1.0
gm,9,0.008571428571428572,0.01559792027729636,0.5495238095238095,1.0994970441385727,0.29437650858114434,1.0
predictions,9,0.008571428571428572,0.01559792027729636,0.5495238095238095,1.0994970441385727,0.29437650858114434,1.0
memory tasks,9,0.008571428571428572,0.01559792027729636,0.5495238095238095,1.0994970441385727,0.29437650858114434,1.0
hemispheric,9,0.008571428571428572,0.01559792027729636,0.5495238095238095,1.0994970441385727,0.29437650858114434,1.0
reduction,41,0.039047619047619046,0.02772963604852686,1.4081547619047619,1.0960364200885153,0.2951375928150134,1.0
control group,26,0.024761904761904763,0.01559792027729636,1.5875132275132275,1.0821640512762587,0.29821394693864733,1.0
gains,17,0.01619047619047619,0.008665511265164644,1.8683809523809523,1.066950634352446,0.3016352424614549,1.0
parahippocampus,17,0.01619047619047619,0.008665511265164644,1.8683809523809523,1.066950634352446,0.3016352424614549,1.0
contralateral,17,0.01619047619047619,0.008665511265164644,1.8683809523809523,1.066950634352446,0.3016352424614549,1.0
noise,17,0.01619047619047619,0.008665511265164644,1.8683809523809523,1.066950634352446,0.3016352424614549,1.0
iq,17,0.01619047619047619,0.008665511265164644,1.8683809523809523,1.066950634352446,0.3016352424614549,1.0
short term,17,0.01619047619047619,0.008665511265164644,1.8683809523809523,1.066950634352446,0.3016352424614549,1.0
evident,17,0.01619047619047619,0.008665511265164644,1.8683809523809523,1.066950634352446,0.3016352424614549,1.0
presented,117,0.11142857142857143,0.12998266897746968,0.8572571428571428,1.0598141361343496,0.303257580012032,1.0
abilities,12,0.011428571428571429,0.019064124783362217,0.5994805194805195,1.0580591455448767,0.30365826657406586,1.0
contrasts,12,0.011428571428571429,0.019064124783362217,0.5994805194805195,1.0580591455448767,0.30365826657406586,1.0
executive control,12,0.011428571428571429,0.019064124783362217,0.5994805194805195,1.0580591455448767,0.30365826657406586,1.0
network connectivity,12,0.011428571428571429,0.019064124783362217,0.5994805194805195,1.0580591455448767,0.30365826657406586,1.0
consequences,12,0.011428571428571429,0.019064124783362217,0.5994805194805195,1.0580591455448767,0.30365826657406586,1.0
identity,12,0.011428571428571429,0.019064124783362217,0.5994805194805195,1.0580591455448767,0.30365826657406586,1.0
occur,18,0.017142857142857144,0.025996533795493933,0.6594285714285715,1.0571543986927547,0.3038650990177585,1.0
accurate,18,0.017142857142857144,0.025996533795493933,0.6594285714285715,1.0571543986927547,0.3038650990177585,1.0
shift,18,0.017142857142857144,0.025996533795493933,0.6594285714285715,1.0571543986927547,0.3038650990177585,1.0
execution,18,0.017142857142857144,0.025996533795493933,0.6594285714285715,1.0571543986927547,0.3038650990177585,1.0
shows,18,0.017142857142857144,0.025996533795493933,0.6594285714285715,1.0571543986927547,0.3038650990177585,1.0
techniques,18,0.017142857142857144,0.025996533795493933,0.6594285714285715,1.0571543986927547,0.3038650990177585,1.0
depression,47,0.04476190476190476,0.03292894280762565,1.3593483709273182,1.0528707198965919,0.30484685950082857,1.0
cortex posterior,15,0.014285714285714285,0.022530329289428077,0.634065934065934,1.0487697391228124,0.3057905971926813,1.0
learning task,15,0.014285714285714285,0.022530329289428077,0.634065934065934,1.0487697391228124,0.3057905971926813,1.0
cortex hippocampus,15,0.014285714285714285,0.022530329289428077,0.634065934065934,1.0487697391228124,0.3057905971926813,1.0
diminished,15,0.014285714285714285,0.022530329289428077,0.634065934065934,1.0487697391228124,0.3057905971926813,1.0
younger,15,0.014285714285714285,0.022530329289428077,0.634065934065934,1.0487697391228124,0.3057905971926813,1.0
late,15,0.014285714285714285,0.022530329289428077,0.634065934065934,1.0487697391228124,0.3057905971926813,1.0
widely,28,0.02666666666666667,0.01733102253032929,1.5386666666666668,1.0429277078365158,0.30714154078989525,1.0
set,53,0.05047619047619047,0.038128249566724434,1.3238528138528138,1.0256413204184454,0.31118459928954517,1.0
applied,53,0.05047619047619047,0.038128249566724434,1.3238528138528138,1.0256413204184454,0.31118459928954517,1.0
unexpected,5,0.004761904761904762,0.010398613518197574,0.4579365079365079,1.02243582807928,0.3119419198893789,1.0
biomarkers,5,0.004761904761904762,0.010398613518197574,0.4579365079365079,1.02243582807928,0.3119419198893789,1.0
excessive,5,0.004761904761904762,0.010398613518197574,0.4579365079365079,1.02243582807928,0.3119419198893789,1.0
gyrus insula,5,0.004761904761904762,0.010398613518197574,0.4579365079365079,1.02243582807928,0.3119419198893789,1.0
inferior superior,5,0.004761904761904762,0.010398613518197574,0.4579365079365079,1.02243582807928,0.3119419198893789,1.0
fronto striatal,5,0.004761904761904762,0.010398613518197574,0.4579365079365079,1.02243582807928,0.3119419198893789,1.0
separated,5,0.004761904761904762,0.010398613518197574,0.4579365079365079,1.02243582807928,0.3119419198893789,1.0
criteria,5,0.004761904761904762,0.010398613518197574,0.4579365079365079,1.02243582807928,0.3119419198893789,1.0
partner,5,0.004761904761904762,0.010398613518197574,0.4579365079365079,1.02243582807928,0.3119419198893789,1.0
undergoing functional,5,0.004761904761904762,0.010398613518197574,0.4579365079365079,1.02243582807928,0.3119419198893789,1.0
attenuation,5,0.004761904761904762,0.010398613518197574,0.4579365079365079,1.02243582807928,0.3119419198893789,1.0
smoking,5,0.004761904761904762,0.010398613518197574,0.4579365079365079,1.02243582807928,0.3119419198893789,1.0
brains,5,0.004761904761904762,0.010398613518197574,0.4579365079365079,1.02243582807928,0.3119419198893789,1.0
capture,5,0.004761904761904762,0.010398613518197574,0.4579365079365079,1.02243582807928,0.3119419198893789,1.0
emotion regulation,30,0.02857142857142857,0.019064124783362217,1.4987012987012986,1.0104886221627545,0.3147858087268868,1.0
groups,157,0.14952380952380953,0.12998266897746968,1.1503365079365078,1.0086879562747844,0.31521736936480876,1.0
sulcus,67,0.06380952380952382,0.05025996533795494,1.2695894909688015,0.9993350038647048,0.31747147097949724,1.0
mdd,19,0.018095238095238095,0.010398613518197574,1.74015873015873,0.9936388607559848,0.31885462852614427,1.0
notably,19,0.018095238095238095,0.010398613518197574,1.74015873015873,0.9936388607559848,0.31885462852614427,1.0
benefit,19,0.018095238095238095,0.010398613518197574,1.74015873015873,0.9936388607559848,0.31885462852614427,1.0
average,19,0.018095238095238095,0.010398613518197574,1.74015873015873,0.9936388607559848,0.31885462852614427,1.0
populations,19,0.018095238095238095,0.010398613518197574,1.74015873015873,0.9936388607559848,0.31885462852614427,1.0
aging,26,0.024761904761904763,0.03466204506065858,0.7143809523809524,0.9925365229631584,0.31912321537517674,1.0
symptom,26,0.024761904761904763,0.03466204506065858,0.7143809523809524,0.9925365229631584,0.31912321537517674,1.0
characteristics,26,0.024761904761904763,0.03466204506065858,0.7143809523809524,0.9925365229631584,0.31912321537517674,1.0
known,151,0.1438095238095238,0.12478336221837089,1.1524735449735448,0.9844943266362393,0.32109174247217553,1.0
organization,32,0.030476190476190476,0.02079722703639515,1.4653968253968253,0.9834620370933446,0.32134557702627287,1.0
picture,32,0.030476190476190476,0.02079722703639515,1.4653968253968253,0.9834620370933446,0.32134557702627287,1.0
training,32,0.030476190476190476,0.02079722703639515,1.4653968253968253,0.9834620370933446,0.32134557702627287,1.0
unaffected,12,0.011428571428571429,0.005199306759098787,2.198095238095238,0.9734110568326341,0.3238309420340826,1.0
rewarding,12,0.011428571428571429,0.005199306759098787,2.198095238095238,0.9734110568326341,0.3238309420340826,1.0
concerning,12,0.011428571428571429,0.005199306759098787,2.198095238095238,0.9734110568326341,0.3238309420340826,1.0
broca,12,0.011428571428571429,0.005199306759098787,2.198095238095238,0.9734110568326341,0.3238309420340826,1.0
expectations,12,0.011428571428571429,0.005199306759098787,2.198095238095238,0.9734110568326341,0.3238309420340826,1.0
trial trial,12,0.011428571428571429,0.005199306759098787,2.198095238095238,0.9734110568326341,0.3238309420340826,1.0
intermediate,12,0.011428571428571429,0.005199306759098787,2.198095238095238,0.9734110568326341,0.3238309420340826,1.0
parieto,12,0.011428571428571429,0.005199306759098787,2.198095238095238,0.9734110568326341,0.3238309420340826,1.0
tracking,12,0.011428571428571429,0.005199306759098787,2.198095238095238,0.9734110568326341,0.3238309420340826,1.0
t1,12,0.011428571428571429,0.005199306759098787,2.198095238095238,0.9734110568326341,0.3238309420340826,1.0
substantia,12,0.011428571428571429,0.005199306759098787,2.198095238095238,0.9734110568326341,0.3238309420340826,1.0
amplitude low,12,0.011428571428571429,0.005199306759098787,2.198095238095238,0.9734110568326341,0.3238309420340826,1.0
greatest,12,0.011428571428571429,0.005199306759098787,2.198095238095238,0.9734110568326341,0.3238309420340826,1.0
social cognitive,12,0.011428571428571429,0.005199306759098787,2.198095238095238,0.9734110568326341,0.3238309420340826,1.0
output,12,0.011428571428571429,0.005199306759098787,2.198095238095238,0.9734110568326341,0.3238309420340826,1.0
newly,12,0.011428571428571429,0.005199306759098787,2.198095238095238,0.9734110568326341,0.3238309420340826,1.0
anticipatory,12,0.011428571428571429,0.005199306759098787,2.198095238095238,0.9734110568326341,0.3238309420340826,1.0
considering,12,0.011428571428571429,0.005199306759098787,2.198095238095238,0.9734110568326341,0.3238309420340826,1.0
produced,34,0.03238095238095238,0.022530329289428077,1.437216117216117,0.9608167902396375,0.32698117384687975,1.0
remain,34,0.03238095238095238,0.022530329289428077,1.437216117216117,0.9608167902396375,0.32698117384687975,1.0
strength,23,0.021904761904761906,0.03119584055459272,0.7021693121693122,0.9576750552247032,0.3277733418835605,1.0
temporal sulcus,36,0.03428571428571429,0.024263431542461005,1.413061224489796,0.9417692359095104,0.331823254438442,1.0
large scale,21,0.02,0.012131715771230503,1.6485714285714286,0.9375176052056884,0.33291706879528493,1.0
self referential,21,0.02,0.012131715771230503,1.6485714285714286,0.9375176052056884,0.33291706879528493,1.0
total,21,0.02,0.012131715771230503,1.6485714285714286,0.9375176052056884,0.33291706879528493,1.0
preferentially,21,0.02,0.012131715771230503,1.6485714285714286,0.9375176052056884,0.33291706879528493,1.0
contribution,20,0.01904761904761905,0.02772963604852686,0.686904761904762,0.9270141293129593,0.3356400055149013,1.0
movement,20,0.01904761904761905,0.02772963604852686,0.686904761904762,0.9270141293129593,0.3356400055149013,1.0
adolescents,38,0.03619047619047619,0.025996533795493933,1.392126984126984,0.9257131935512658,0.3359793321109752,1.0
evoked,38,0.03619047619047619,0.025996533795493933,1.392126984126984,0.9257131935512658,0.3359793321109752,1.0
psychophysiological interaction,8,0.007619047619047619,0.01386481802426343,0.5495238095238095,0.9193185662292904,0.3376539581486724,1.0
46,8,0.007619047619047619,0.01386481802426343,0.5495238095238095,0.9193185662292904,0.3376539581486724,1.0
positive correlations,8,0.007619047619047619,0.01386481802426343,0.5495238095238095,0.9193185662292904,0.3376539581486724,1.0
differentiated,8,0.007619047619047619,0.01386481802426343,0.5495238095238095,0.9193185662292904,0.3376539581486724,1.0
corresponded,8,0.007619047619047619,0.01386481802426343,0.5495238095238095,0.9193185662292904,0.3376539581486724,1.0
recovery,8,0.007619047619047619,0.01386481802426343,0.5495238095238095,0.9193185662292904,0.3376539581486724,1.0
affecting,8,0.007619047619047619,0.01386481802426343,0.5495238095238095,0.9193185662292904,0.3376539581486724,1.0
impairment,49,0.04666666666666667,0.058925476603119586,0.7919607843137255,0.9165576109959073,0.33838045752286816,1.0
demonstrate,96,0.09142857142857143,0.10745233968804159,0.8508755760368664,0.91534884288326,0.338699185172885,1.0
memory performance,40,0.0380952380952381,0.02772963604852686,1.373809523809524,0.9121724127728263,0.33953867001670823,1.0
vs,64,0.06095238095238095,0.07452339688041594,0.8178959025470653,0.9062659133169377,0.34110712691598866,1.0
particular,59,0.05619047619047619,0.06932409012131716,0.8105476190476191,0.9059119530811609,0.3412014296796574,1.0
lower,59,0.05619047619047619,0.06932409012131716,0.8105476190476191,0.9059119530811609,0.3412014296796574,1.0
performance,207,0.19714285714285715,0.21837088388214904,0.9027891156462585,0.9045608782397221,0.3415617086652877,1.0
morphometry,42,0.04,0.029462738301559793,1.3576470588235294,0.9007675405619835,0.34257598867342365,1.0
research,90,0.08571428571428572,0.07105719237435008,1.2062717770034843,0.8916405843325409,0.34503311205955,1.0
insular cortex,11,0.010476190476190476,0.01733102253032929,0.6044761904761905,0.8880154066233706,0.34601568106009983,1.0
elevated,11,0.010476190476190476,0.01733102253032929,0.6044761904761905,0.8880154066233706,0.34601568106009983,1.0
parietal cortices,14,0.013333333333333334,0.02079722703639515,0.6411111111111111,0.8872669966342702,0.34621900199356725,1.0
dissociable,14,0.013333333333333334,0.02079722703639515,0.6411111111111111,0.8872669966342702,0.34621900199356725,1.0
cortex medial,14,0.013333333333333334,0.02079722703639515,0.6411111111111111,0.8872669966342702,0.34621900199356725,1.0
internally,14,0.013333333333333334,0.02079722703639515,0.6411111111111111,0.8872669966342702,0.34621900199356725,1.0
marked,14,0.013333333333333334,0.006932409012131715,1.9233333333333336,0.8707894182282102,0.3507368570016982,1.0
matter volumes,14,0.013333333333333334,0.006932409012131715,1.9233333333333336,0.8707894182282102,0.3507368570016982,1.0
cognitive functions,14,0.013333333333333334,0.006932409012131715,1.9233333333333336,0.8707894182282102,0.3507368570016982,1.0
difficulties,14,0.013333333333333334,0.006932409012131715,1.9233333333333336,0.8707894182282102,0.3507368570016982,1.0
diagnostic,14,0.013333333333333334,0.006932409012131715,1.9233333333333336,0.8707894182282102,0.3507368570016982,1.0
sites,14,0.013333333333333334,0.006932409012131715,1.9233333333333336,0.8707894182282102,0.3507368570016982,1.0
actual,14,0.013333333333333334,0.006932409012131715,1.9233333333333336,0.8707894182282102,0.3507368570016982,1.0
voxel,76,0.07238095238095238,0.058925476603119586,1.2283473389355741,0.8666799945091992,0.35187606916799685,1.0
use,71,0.06761904761904762,0.08145580589254767,0.8301317122593718,0.8641429283138891,0.3525819136843884,1.0
scores,58,0.05523809523809524,0.043327556325823226,1.274895238095238,0.8590060579670702,0.3540169887163541,1.0
impact,68,0.06476190476190476,0.05199306759098787,1.2455873015873016,0.8588450332410696,0.3540621027400572,1.0
modeling,25,0.023809523809523808,0.01559792027729636,1.5264550264550263,0.858672483149648,0.35411045453222323,1.0
paired,25,0.023809523809523808,0.01559792027729636,1.5264550264550263,0.858672483149648,0.35411045453222323,1.0
idea,25,0.023809523809523808,0.01559792027729636,1.5264550264550263,0.858672483149648,0.35411045453222323,1.0
sought,25,0.023809523809523808,0.01559792027729636,1.5264550264550263,0.858672483149648,0.35411045453222323,1.0
linguistic,25,0.023809523809523808,0.01559792027729636,1.5264550264550263,0.858672483149648,0.35411045453222323,1.0
strategies,25,0.023809523809523808,0.03292894280762565,0.7230576441102756,0.8558688895832397,0.354897341645647,1.0
local,25,0.023809523809523808,0.03292894280762565,0.7230576441102756,0.8558688895832397,0.354897341645647,1.0
control,243,0.23142857142857143,0.2530329289428076,0.9146183953033269,0.8402926716124313,0.3593130800162577,1.0
clear,27,0.025714285714285714,0.01733102253032929,1.4837142857142858,0.8305456059398543,0.3621148088073034,1.0
suggests,95,0.09047619047619047,0.10571923743500866,0.855815768930523,0.8299732123290038,0.3622802750524581,1.0
using event,22,0.02095238095238095,0.029462738301559793,0.7111484593837535,0.8176868054272621,0.3658573587525915,1.0
posterior parietal,22,0.02095238095238095,0.029462738301559793,0.7111484593837535,0.8176868054272621,0.3658573587525915,1.0
error,22,0.02095238095238095,0.029462738301559793,0.7111484593837535,0.8176868054272621,0.3658573587525915,1.0
driven,30,0.02857142857142857,0.038128249566724434,0.7493506493506493,0.8120570774136124,0.3675127732209037,1.0
roles,29,0.02761904761904762,0.019064124783362217,1.448744588744589,0.8076980046507805,0.3688017126952222,1.0
directed,29,0.02761904761904762,0.019064124783362217,1.448744588744589,0.8076980046507805,0.3688017126952222,1.0
skin conductance,16,0.015238095238095238,0.008665511265164644,1.7584761904761905,0.7994016272293569,0.37127233336993204,1.0
adolescent,16,0.015238095238095238,0.008665511265164644,1.7584761904761905,0.7994016272293569,0.37127233336993204,1.0
voxel wise,16,0.015238095238095238,0.008665511265164644,1.7584761904761905,0.7994016272293569,0.37127233336993204,1.0
distinguished,16,0.015238095238095238,0.008665511265164644,1.7584761904761905,0.7994016272293569,0.37127233336993204,1.0
conductance,16,0.015238095238095238,0.008665511265164644,1.7584761904761905,0.7994016272293569,0.37127233336993204,1.0
represents,16,0.015238095238095238,0.008665511265164644,1.7584761904761905,0.7994016272293569,0.37127233336993204,1.0
subsequent memory,31,0.029523809523809525,0.02079722703639515,1.4196031746031745,0.7890303183832641,0.37439349704392866,1.0
theories,31,0.029523809523809525,0.02079722703639515,1.4196031746031745,0.7890303183832641,0.37439349704392866,1.0
facilitates,9,0.008571428571428572,0.0034662045060658577,2.4728571428571433,0.7849962682654129,0.37561744562537336,1.0
multiple comparisons,9,0.008571428571428572,0.0034662045060658577,2.4728571428571433,0.7849962682654129,0.37561744562537336,1.0
overlapped,9,0.008571428571428572,0.0034662045060658577,2.4728571428571433,0.7849962682654129,0.37561744562537336,1.0
reactions,9,0.008571428571428572,0.0034662045060658577,2.4728571428571433,0.7849962682654129,0.37561744562537336,1.0
detecting,9,0.008571428571428572,0.0034662045060658577,2.4728571428571433,0.7849962682654129,0.37561744562537336,1.0
accurately,9,0.008571428571428572,0.0034662045060658577,2.4728571428571433,0.7849962682654129,0.37561744562537336,1.0
interactive,9,0.008571428571428572,0.0034662045060658577,2.4728571428571433,0.7849962682654129,0.37561744562537336,1.0
neuroanatomy,9,0.008571428571428572,0.0034662045060658577,2.4728571428571433,0.7849962682654129,0.37561744562537336,1.0
improves,9,0.008571428571428572,0.0034662045060658577,2.4728571428571433,0.7849962682654129,0.37561744562537336,1.0
recognizing,9,0.008571428571428572,0.0034662045060658577,2.4728571428571433,0.7849962682654129,0.37561744562537336,1.0
rare,9,0.008571428571428572,0.0034662045060658577,2.4728571428571433,0.7849962682654129,0.37561744562537336,1.0
brief,9,0.008571428571428572,0.0034662045060658577,2.4728571428571433,0.7849962682654129,0.37561744562537336,1.0
varies,9,0.008571428571428572,0.0034662045060658577,2.4728571428571433,0.7849962682654129,0.37561744562537336,1.0
alff,9,0.008571428571428572,0.0034662045060658577,2.4728571428571433,0.7849962682654129,0.37561744562537336,1.0
shifting,9,0.008571428571428572,0.0034662045060658577,2.4728571428571433,0.7849962682654129,0.37561744562537336,1.0
children adolescents,9,0.008571428571428572,0.0034662045060658577,2.4728571428571433,0.7849962682654129,0.37561744562537336,1.0
attended,9,0.008571428571428572,0.0034662045060658577,2.4728571428571433,0.7849962682654129,0.37561744562537336,1.0
classic,9,0.008571428571428572,0.0034662045060658577,2.4728571428571433,0.7849962682654129,0.37561744562537336,1.0
unlike,9,0.008571428571428572,0.0034662045060658577,2.4728571428571433,0.7849962682654129,0.37561744562537336,1.0
parametrically,9,0.008571428571428572,0.0034662045060658577,2.4728571428571433,0.7849962682654129,0.37561744562537336,1.0
organized,9,0.008571428571428572,0.0034662045060658577,2.4728571428571433,0.7849962682654129,0.37561744562537336,1.0
evidenced,9,0.008571428571428572,0.0034662045060658577,2.4728571428571433,0.7849962682654129,0.37561744562537336,1.0
dorsolateral pfc,9,0.008571428571428572,0.0034662045060658577,2.4728571428571433,0.7849962682654129,0.37561744562537336,1.0
laboratory,9,0.008571428571428572,0.0034662045060658577,2.4728571428571433,0.7849962682654129,0.37561744562537336,1.0
categorical,9,0.008571428571428572,0.0034662045060658577,2.4728571428571433,0.7849962682654129,0.37561744562537336,1.0
atypical,9,0.008571428571428572,0.0034662045060658577,2.4728571428571433,0.7849962682654129,0.37561744562537336,1.0
facilitated,9,0.008571428571428572,0.0034662045060658577,2.4728571428571433,0.7849962682654129,0.37561744562537336,1.0
fusiform gyri,9,0.008571428571428572,0.0034662045060658577,2.4728571428571433,0.7849962682654129,0.37561744562537336,1.0
using resting,9,0.008571428571428572,0.0034662045060658577,2.4728571428571433,0.7849962682654129,0.37561744562537336,1.0
chronic pain,9,0.008571428571428572,0.0034662045060658577,2.4728571428571433,0.7849962682654129,0.37561744562537336,1.0
vivo,9,0.008571428571428572,0.0034662045060658577,2.4728571428571433,0.7849962682654129,0.37561744562537336,1.0
experiencing,9,0.008571428571428572,0.0034662045060658577,2.4728571428571433,0.7849962682654129,0.37561744562537336,1.0
combination,19,0.018095238095238095,0.025996533795493933,0.696063492063492,0.7828421167544657,0.37627332647456624,1.0
default,89,0.08476190476190476,0.07105719237435008,1.192868757259001,0.7740391694887279,0.3789703961346713,1.0
explicit,33,0.03142857142857143,0.022530329289428077,1.394945054945055,0.773730015797787,0.37906560984759796,1.0
young adults,33,0.03142857142857143,0.022530329289428077,1.394945054945055,0.773730015797787,0.37906560984759796,1.0
emotionally,33,0.03142857142857143,0.022530329289428077,1.394945054945055,0.773730015797787,0.37906560984759796,1.0
suggest,368,0.3504761904761905,0.3275563258232236,1.0699722852103806,0.7700178075609486,0.3802115434699538,1.0
question,35,0.03333333333333333,0.024263431542461005,1.3738095238095238,0.7611835905020323,0.38295837468394345,1.0
eeg,16,0.015238095238095238,0.022530329289428077,0.6763369963369963,0.752900746170952,0.38555938854369287,1.0
automatic,16,0.015238095238095238,0.022530329289428077,0.6763369963369963,0.752900746170952,0.38555938854369287,1.0
immediately,16,0.015238095238095238,0.022530329289428077,0.6763369963369963,0.752900746170952,0.38555938854369287,1.0
connected,16,0.015238095238095238,0.022530329289428077,0.6763369963369963,0.752900746170952,0.38555938854369287,1.0
measure,37,0.035238095238095235,0.025996533795493933,1.3554920634920633,0.7509191503465964,0.38618537828689603,1.0
old,37,0.035238095238095235,0.025996533795493933,1.3554920634920633,0.7509191503465964,0.38618537828689603,1.0
24,37,0.035238095238095235,0.025996533795493933,1.3554920634920633,0.7509191503465964,0.38618537828689603,1.0
earlier,18,0.017142857142857144,0.010398613518197574,1.6485714285714286,0.7475443907737745,0.38725480656551714,1.0
novelty,18,0.017142857142857144,0.010398613518197574,1.6485714285714286,0.7475443907737745,0.38725480656551714,1.0
controls hc,18,0.017142857142857144,0.010398613518197574,1.6485714285714286,0.7475443907737745,0.38725480656551714,1.0
engaged,77,0.07333333333333333,0.060658578856152515,1.208952380952381,0.745995363343014,0.38774709185528267,1.0
magnitude,39,0.037142857142857144,0.02772963604852686,1.3394642857142858,0.7425677956820913,0.38883956120040275,1.0
range,39,0.037142857142857144,0.02772963604852686,1.3394642857142858,0.7425677956820913,0.38883956120040275,1.0
moderate,7,0.006666666666666667,0.012131715771230503,0.5495238095238095,0.7417730173606905,0.3890935087531239,1.0
oscillations,7,0.006666666666666667,0.012131715771230503,0.5495238095238095,0.7417730173606905,0.3890935087531239,1.0
probably,7,0.006666666666666667,0.012131715771230503,0.5495238095238095,0.7417730173606905,0.3890935087531239,1.0
triggered,7,0.006666666666666667,0.012131715771230503,0.5495238095238095,0.7417730173606905,0.3890935087531239,1.0
38,7,0.006666666666666667,0.012131715771230503,0.5495238095238095,0.7417730173606905,0.3890935087531239,1.0
consciousness,7,0.006666666666666667,0.012131715771230503,0.5495238095238095,0.7417730173606905,0.3890935087531239,1.0
occipital temporal,7,0.006666666666666667,0.012131715771230503,0.5495238095238095,0.7417730173606905,0.3890935087531239,1.0
connectivity networks,7,0.006666666666666667,0.012131715771230503,0.5495238095238095,0.7417730173606905,0.3890935087531239,1.0
neurofunctional,7,0.006666666666666667,0.012131715771230503,0.5495238095238095,0.7417730173606905,0.3890935087531239,1.0
created,7,0.006666666666666667,0.012131715771230503,0.5495238095238095,0.7417730173606905,0.3890935087531239,1.0
actually,7,0.006666666666666667,0.012131715771230503,0.5495238095238095,0.7417730173606905,0.3890935087531239,1.0
frequent,7,0.006666666666666667,0.012131715771230503,0.5495238095238095,0.7417730173606905,0.3890935087531239,1.0
distractors,7,0.006666666666666667,0.012131715771230503,0.5495238095238095,0.7417730173606905,0.3890935087531239,1.0
graph,7,0.006666666666666667,0.012131715771230503,0.5495238095238095,0.7417730173606905,0.3890935087531239,1.0
tend,7,0.006666666666666667,0.012131715771230503,0.5495238095238095,0.7417730173606905,0.3890935087531239,1.0
strongest,7,0.006666666666666667,0.012131715771230503,0.5495238095238095,0.7417730173606905,0.3890935087531239,1.0
documented,7,0.006666666666666667,0.012131715771230503,0.5495238095238095,0.7417730173606905,0.3890935087531239,1.0
parietal frontal,7,0.006666666666666667,0.012131715771230503,0.5495238095238095,0.7417730173606905,0.3890935087531239,1.0
compare,32,0.030476190476190476,0.03986135181975736,0.7645548654244307,0.7374131960999574,0.3904907857549529,1.0
prior,69,0.06571428571428571,0.053726169844020795,1.2231336405529953,0.7315356539484408,0.3923858757346046,1.0
correlated positively,13,0.012380952380952381,0.019064124783362217,0.6494372294372295,0.7307359687023753,0.3926447363766452,1.0
cluster,13,0.012380952380952381,0.019064124783362217,0.6494372294372295,0.7307359687023753,0.3926447363766452,1.0
factors,45,0.04285714285714286,0.03292894280762565,1.3015037593984962,0.726341225355217,0.39407171666978413,1.0
obtained,45,0.04285714285714286,0.03292894280762565,1.3015037593984962,0.726341225355217,0.39407171666978413,1.0
experience,65,0.06190476190476191,0.05025996533795494,1.2316912972085388,0.7259895709085663,0.3941862214444387,1.0
supplementary motor,24,0.022857142857142857,0.03119584055459272,0.7326984126984127,0.7247166827341591,0.3946010963943073,1.0
ad,24,0.022857142857142857,0.03119584055459272,0.7326984126984127,0.7247166827341591,0.3946010963943073,1.0
remembered,24,0.022857142857142857,0.03119584055459272,0.7326984126984127,0.7247166827341591,0.3946010963943073,1.0
increasing,47,0.04476190476190476,0.03466204506065858,1.2913809523809523,0.7232287423155229,0.39508686106563384,1.0
aims,10,0.009523809523809525,0.01559792027729636,0.6105820105820107,0.7222485648810585,0.3954073281738415,1.0
measurements,10,0.009523809523809525,0.01559792027729636,0.6105820105820107,0.7222485648810585,0.3954073281738415,1.0
timing,10,0.009523809523809525,0.01559792027729636,0.6105820105820107,0.7222485648810585,0.3954073281738415,1.0
refers,10,0.009523809523809525,0.01559792027729636,0.6105820105820107,0.7222485648810585,0.3954073281738415,1.0
define,10,0.009523809523809525,0.01559792027729636,0.6105820105820107,0.7222485648810585,0.3954073281738415,1.0
game,10,0.009523809523809525,0.01559792027729636,0.6105820105820107,0.7222485648810585,0.3954073281738415,1.0
utilized,10,0.009523809523809525,0.01559792027729636,0.6105820105820107,0.7222485648810585,0.3954073281738415,1.0
additional,61,0.058095238095238096,0.04679376083188908,1.2415167548500883,0.7218380694887722,0.3955416501334821,1.0
15,49,0.04666666666666667,0.036395147313691506,1.2822222222222224,0.7210245271272921,0.3958080512007125,1.0
large,53,0.05047619047619047,0.03986135181975736,1.2662939958592132,0.7189243820563318,0.3964969581123232,1.0
form,42,0.04,0.05025996533795494,0.7958620689655173,0.7094863599395781,0.399614380689135,1.0
altered,57,0.054285714285714284,0.0658578856152513,0.8242857142857143,0.7087174743782587,0.39986990836380176,1.0
available,20,0.01904761904761905,0.012131715771230503,1.5700680272108845,0.7087159420476739,0.39987041784753496,1.0
remember,20,0.01904761904761905,0.012131715771230503,1.5700680272108845,0.7087159420476739,0.39987041784753496,1.0
contrast,148,0.14095238095238094,0.12478336221837089,1.1295767195767195,0.7000033432126735,0.40278257088092906,1.0
deficit,29,0.02761904761904762,0.036395147313691506,0.7588662131519275,0.6907502920452872,0.4059092957835574,1.0
rely,21,0.02,0.02772963604852686,0.7212500000000001,0.6834917775034675,0.4083869300845716,1.0
course,21,0.02,0.02772963604852686,0.7212500000000001,0.6834917775034675,0.4083869300845716,1.0
did differ,22,0.02095238095238095,0.01386481802426343,1.5111904761904762,0.6790152778912529,0.4099260159643847,1.0
assessment,22,0.02095238095238095,0.01386481802426343,1.5111904761904762,0.6790152778912529,0.4099260159643847,1.0
demonstrating,22,0.02095238095238095,0.01386481802426343,1.5111904761904762,0.6790152778912529,0.4099260159643847,1.0
led,22,0.02095238095238095,0.01386481802426343,1.5111904761904762,0.6790152778912529,0.4099260159643847,1.0
100,11,0.010476190476190476,0.005199306759098787,2.014920634920635,0.6756011033618747,0.4111055964211334,1.0
assigned,11,0.010476190476190476,0.005199306759098787,2.014920634920635,0.6756011033618747,0.4111055964211334,1.0
tesla,11,0.010476190476190476,0.005199306759098787,2.014920634920635,0.6756011033618747,0.4111055964211334,1.0
healthy male,11,0.010476190476190476,0.005199306759098787,2.014920634920635,0.6756011033618747,0.4111055964211334,1.0
expectation,11,0.010476190476190476,0.005199306759098787,2.014920634920635,0.6756011033618747,0.4111055964211334,1.0
isolated,11,0.010476190476190476,0.005199306759098787,2.014920634920635,0.6756011033618747,0.4111055964211334,1.0
behavioral evidence,11,0.010476190476190476,0.005199306759098787,2.014920634920635,0.6756011033618747,0.4111055964211334,1.0
limbic,59,0.05619047619047619,0.06759098786828423,0.8313308913308914,0.6654608502083988,0.41463865180281845,1.0
middle temporal,54,0.05142857142857143,0.06239168110918544,0.8242857142857143,0.6595073885749024,0.4167339075024097,1.0
adults,115,0.10952380952380952,0.09532062391681109,1.149004329004329,0.6581973320299754,0.4171970750972305,1.0
unknown,49,0.04666666666666667,0.05719237435008666,0.815959595959596,0.6561094444897502,0.41793682508094765,1.0
task performance,26,0.024761904761904763,0.03292894280762565,0.7519799498746867,0.6448362449530011,0.42196492940752106,1.0
line,18,0.017142857142857144,0.024263431542461005,0.706530612244898,0.6447211819927472,0.422006341611567,1.0
varying,18,0.017142857142857144,0.024263431542461005,0.706530612244898,0.6447211819927472,0.422006341611567,1.0
repetition,26,0.024761904761904763,0.01733102253032929,1.428761904761905,0.6378952024668132,0.4244740040723083,1.0
modulates,26,0.024761904761904763,0.01733102253032929,1.428761904761905,0.6378952024668132,0.4244740040723083,1.0
regardless,26,0.024761904761904763,0.01733102253032929,1.428761904761905,0.6378952024668132,0.4244740040723083,1.0
genetic,26,0.024761904761904763,0.01733102253032929,1.428761904761905,0.6378952024668132,0.4244740040723083,1.0
model,78,0.07428571428571429,0.06239168110918544,1.1906349206349207,0.6362387771736371,0.42507608125959395,1.0
self,107,0.1019047619047619,0.08838821490467938,1.1529225023342669,0.6293996436027056,0.4275756140836905,1.0
hc,28,0.02666666666666667,0.019064124783362217,1.398787878787879,0.6236752567638405,0.4296848074582076,1.0
explored,31,0.029523809523809525,0.038128249566724434,0.7743290043290044,0.6230867085670421,0.42990255330636284,1.0
auditory,56,0.05333333333333334,0.06412478336221837,0.8317117117117118,0.6168637532381662,0.4322151280411426,1.0
limited,30,0.02857142857142857,0.02079722703639515,1.3738095238095236,0.6124818801262816,0.43385486585674526,1.0
bold,97,0.09238095238095238,0.10571923743500866,0.873832943013271,0.6111019068218821,0.43437322417949964,1.0
features,51,0.04857142857142857,0.058925476603119586,0.8242857142857143,0.6106957279284791,0.4345259764914674,1.0
integrity,15,0.014285714285714285,0.02079722703639515,0.6869047619047618,0.6095979894619284,0.4349392143660453,1.0
damage,15,0.014285714285714285,0.02079722703639515,0.6869047619047618,0.6095979894619284,0.4349392143660453,1.0
mid,15,0.014285714285714285,0.02079722703639515,0.6869047619047618,0.6095979894619284,0.4349392143660453,1.0
supporting,46,0.04380952380952381,0.053726169844020795,0.8154224270353303,0.6071381438702017,0.43586738879527065,1.0
objects,46,0.04380952380952381,0.053726169844020795,0.8154224270353303,0.6071381438702017,0.43586738879527065,1.0
consisting,13,0.012380952380952381,0.006932409012131715,1.7859523809523812,0.6071189967208339,0.4358746254451612,1.0
argue,13,0.012380952380952381,0.006932409012131715,1.7859523809523812,0.6071189967208339,0.4358746254451612,1.0
probabilistic,13,0.012380952380952381,0.006932409012131715,1.7859523809523812,0.6071189967208339,0.4358746254451612,1.0
sounds,13,0.012380952380952381,0.006932409012131715,1.7859523809523812,0.6071189967208339,0.4358746254451612,1.0
paralimbic,13,0.012380952380952381,0.006932409012131715,1.7859523809523812,0.6071189967208339,0.4358746254451612,1.0
heart,13,0.012380952380952381,0.006932409012131715,1.7859523809523812,0.6071189967208339,0.4358746254451612,1.0
indicates,32,0.030476190476190476,0.022530329289428077,1.3526739926739926,0.6037150427140691,0.43716406935546526,1.0
perceived,23,0.021904761904761906,0.029462738301559793,0.7434733893557424,0.5998336513248603,0.43864150267403923,1.0
way,23,0.021904761904761906,0.029462738301559793,0.7434733893557424,0.5998336513248603,0.43864150267403923,1.0
caudate nucleus,23,0.021904761904761906,0.029462738301559793,0.7434733893557424,0.5998336513248603,0.43864150267403923,1.0
significance,34,0.03238095238095238,0.024263431542461005,1.3345578231292516,0.5969247597942005,0.43975378091150574,1.0
healthy volunteers,34,0.03238095238095238,0.024263431542461005,1.3345578231292516,0.5969247597942005,0.43975378091150574,1.0
sensitive,58,0.05523809523809524,0.045060658578856154,1.2258608058608058,0.5935954734667607,0.44103212972208805,1.0
differentially,36,0.03428571428571429,0.025996533795493933,1.318857142857143,0.5917669611641412,0.44173665807369933,1.0
dlpfc,38,0.03619047619047619,0.02772963604852686,1.3051190476190477,0.5879740707710608,0.4432036040012135,1.0
voxel morphometry,38,0.03619047619047619,0.02772963604852686,1.3051190476190477,0.5879740707710608,0.4432036040012135,1.0
18,52,0.049523809523809526,0.03986135181975736,1.2424016563147,0.5861607018674165,0.4439076035559434,1.0
sensitivity,52,0.049523809523809526,0.03986135181975736,1.2424016563147,0.5861607018674165,0.4439076035559434,1.0
corresponding,40,0.0380952380952381,0.029462738301559793,1.292997198879552,0.5853348769811323,0.4442287840983069,1.0
hypothesized,50,0.047619047619047616,0.038128249566724434,1.248917748917749,0.5845179246120409,0.44454686755049266,1.0
viewed,50,0.047619047619047616,0.038128249566724434,1.248917748917749,0.5845179246120409,0.44454686755049266,1.0
affected,42,0.04,0.03119584055459272,1.2822222222222222,0.5836804417713994,0.44487331042971845,1.0
lobes,44,0.0419047619047619,0.03292894280762565,1.2725814536340851,0.5828740358700939,0.44518799050421076,1.0
aspects,46,0.04380952380952381,0.03466204506065858,1.263904761904762,0.5828038188618072,0.4452154072716169,1.0
orientation,12,0.011428571428571429,0.01733102253032929,0.6594285714285715,0.5804025295402307,0.44615458545132824,1.0
autobiographical memory,12,0.011428571428571429,0.01733102253032929,0.6594285714285715,0.5804025295402307,0.44615458545132824,1.0
sequence,12,0.011428571428571429,0.01733102253032929,0.6594285714285715,0.5804025295402307,0.44615458545132824,1.0
integrate,12,0.011428571428571429,0.01733102253032929,0.6594285714285715,0.5804025295402307,0.44615458545132824,1.0
maintain,12,0.011428571428571429,0.01733102253032929,0.6594285714285715,0.5804025295402307,0.44615458545132824,1.0
motor cortex,12,0.011428571428571429,0.01733102253032929,0.6594285714285715,0.5804025295402307,0.44615458545132824,1.0
body,28,0.02666666666666667,0.03466204506065858,0.7693333333333334,0.5755948828305747,0.44804418492671805,1.0
state connectivity,6,0.005714285714285714,0.010398613518197574,0.5495238095238095,0.5679423187347848,0.4510777445785935,1.0
selectivity,6,0.005714285714285714,0.010398613518197574,0.5495238095238095,0.5679423187347848,0.4510777445785935,1.0
unmedicated,6,0.005714285714285714,0.010398613518197574,0.5495238095238095,0.5679423187347848,0.4510777445785935,1.0
functionally connected,6,0.005714285714285714,0.010398613518197574,0.5495238095238095,0.5679423187347848,0.4510777445785935,1.0
letter,6,0.005714285714285714,0.010398613518197574,0.5495238095238095,0.5679423187347848,0.4510777445785935,1.0
converging,6,0.005714285714285714,0.010398613518197574,0.5495238095238095,0.5679423187347848,0.4510777445785935,1.0
language comprehension,6,0.005714285714285714,0.010398613518197574,0.5495238095238095,0.5679423187347848,0.4510777445785935,1.0
occipito temporal,6,0.005714285714285714,0.010398613518197574,0.5495238095238095,0.5679423187347848,0.4510777445785935,1.0
primary motor,6,0.005714285714285714,0.010398613518197574,0.5495238095238095,0.5679423187347848,0.4510777445785935,1.0
covariance,6,0.005714285714285714,0.010398613518197574,0.5495238095238095,0.5679423187347848,0.4510777445785935,1.0
english,6,0.005714285714285714,0.010398613518197574,0.5495238095238095,0.5679423187347848,0.4510777445785935,1.0
diseases,6,0.005714285714285714,0.010398613518197574,0.5495238095238095,0.5679423187347848,0.4510777445785935,1.0
frontal cortices,6,0.005714285714285714,0.010398613518197574,0.5495238095238095,0.5679423187347848,0.4510777445785935,1.0
audiovisual,6,0.005714285714285714,0.010398613518197574,0.5495238095238095,0.5679423187347848,0.4510777445785935,1.0
real world,6,0.005714285714285714,0.010398613518197574,0.5495238095238095,0.5679423187347848,0.4510777445785935,1.0
characteristic,6,0.005714285714285714,0.010398613518197574,0.5495238095238095,0.5679423187347848,0.4510777445785935,1.0
press,6,0.005714285714285714,0.010398613518197574,0.5495238095238095,0.5679423187347848,0.4510777445785935,1.0
reflect,70,0.06666666666666667,0.0779896013864818,0.8548148148148149,0.5646520687231508,0.45239190253056405,1.0
constant,9,0.008571428571428572,0.01386481802426343,0.6182142857142858,0.5621011928695828,0.45341487678947245,1.0
ways,9,0.008571428571428572,0.01386481802426343,0.6182142857142858,0.5621011928695828,0.45341487678947245,1.0
allow,9,0.008571428571428572,0.01386481802426343,0.6182142857142858,0.5621011928695828,0.45341487678947245,1.0
cortex insula,9,0.008571428571428572,0.01386481802426343,0.6182142857142858,0.5621011928695828,0.45341487678947245,1.0
bipolar disorder,9,0.008571428571428572,0.01386481802426343,0.6182142857142858,0.5621011928695828,0.45341487678947245,1.0
preceding,9,0.008571428571428572,0.01386481802426343,0.6182142857142858,0.5621011928695828,0.45341487678947245,1.0
accounts,9,0.008571428571428572,0.01386481802426343,0.6182142857142858,0.5621011928695828,0.45341487678947245,1.0
univariate,9,0.008571428571428572,0.01386481802426343,0.6182142857142858,0.5621011928695828,0.45341487678947245,1.0
voxels,9,0.008571428571428572,0.01386481802426343,0.6182142857142858,0.5621011928695828,0.45341487678947245,1.0
pathological,15,0.014285714285714285,0.008665511265164644,1.6485714285714286,0.5611500353789711,0.45379724664772525,1.0
instructions,15,0.014285714285714285,0.008665511265164644,1.6485714285714286,0.5611500353789711,0.45379724664772525,1.0
component ica,15,0.014285714285714285,0.008665511265164644,1.6485714285714286,0.5611500353789711,0.45379724664772525,1.0
spectrum disorders,15,0.014285714285714285,0.008665511265164644,1.6485714285714286,0.5611500353789711,0.45379724664772525,1.0
year,15,0.014285714285714285,0.008665511265164644,1.6485714285714286,0.5611500353789711,0.45379724664772525,1.0
27,15,0.014285714285714285,0.008665511265164644,1.6485714285714286,0.5611500353789711,0.45379724664772525,1.0
structural magnetic,15,0.014285714285714285,0.008665511265164644,1.6485714285714286,0.5611500353789711,0.45379724664772525,1.0
response inhibition,15,0.014285714285714285,0.008665511265164644,1.6485714285714286,0.5611500353789711,0.45379724664772525,1.0
long term,38,0.03619047619047619,0.045060658578856154,0.803150183150183,0.5583524277719284,0.4549248371327629,1.0
thought,38,0.03619047619047619,0.045060658578856154,0.803150183150183,0.5583524277719284,0.4549248371327629,1.0
manipulation,20,0.01904761904761905,0.025996533795493933,0.7326984126984127,0.5559997173629735,0.4558765225636987,1.0
processes,208,0.1980952380952381,0.21490467937608318,0.9217818740399386,0.5484538867898023,0.45895012416060776,1.0
sensory,60,0.05714285714285714,0.06759098786828423,0.8454212454212454,0.5402454736392406,0.46233101202759774,1.0
vulnerability,17,0.01619047619047619,0.010398613518197574,1.5569841269841267,0.528894332283708,0.46707207637514414,1.0
variance,17,0.01619047619047619,0.010398613518197574,1.5569841269841267,0.528894332283708,0.46707207637514414,1.0
pet,17,0.01619047619047619,0.010398613518197574,1.5569841269841267,0.528894332283708,0.46707207637514414,1.0
cognitive performance,17,0.01619047619047619,0.010398613518197574,1.5569841269841267,0.528894332283708,0.46707207637514414,1.0
disrupted,17,0.01619047619047619,0.010398613518197574,1.5569841269841267,0.528894332283708,0.46707207637514414,1.0
repeatedly,17,0.01619047619047619,0.010398613518197574,1.5569841269841267,0.528894332283708,0.46707207637514414,1.0
supplementary,25,0.023809523809523808,0.03119584055459272,0.7632275132275131,0.528587495219269,0.4672013118676843,1.0
attention,124,0.1180952380952381,0.1317157712305026,0.8965914786967419,0.5206420084666787,0.4705679478910715,1.0
involvement,73,0.06952380952380953,0.058925476603119586,1.179859943977591,0.5191987516568154,0.47118367196563726,1.0
certain,17,0.01619047619047619,0.022530329289428077,0.7186080586080585,0.5137650693861888,0.4735135129418181,1.0
low frequency,19,0.018095238095238095,0.012131715771230503,1.49156462585034,0.5056135503973596,0.47704390690790155,1.0
power,19,0.018095238095238095,0.012131715771230503,1.49156462585034,0.5056135503973596,0.47704390690790155,1.0
reinforcement,19,0.018095238095238095,0.012131715771230503,1.49156462585034,0.5056135503973596,0.47704390690790155,1.0
communication,19,0.018095238095238095,0.012131715771230503,1.49156462585034,0.5056135503973596,0.47704390690790155,1.0
correctly,19,0.018095238095238095,0.012131715771230503,1.49156462585034,0.5056135503973596,0.47704390690790155,1.0
outside,19,0.018095238095238095,0.012131715771230503,1.49156462585034,0.5056135503973596,0.47704390690790155,1.0
incongruent,19,0.018095238095238095,0.012131715771230503,1.49156462585034,0.5056135503973596,0.47704390690790155,1.0
include,19,0.018095238095238095,0.012131715771230503,1.49156462585034,0.5056135503973596,0.47704390690790155,1.0
parameters,19,0.018095238095238095,0.012131715771230503,1.49156462585034,0.5056135503973596,0.47704390690790155,1.0
correlates,126,0.12,0.13344887348353554,0.8992207792207791,0.4997553353609418,0.479607645429487,1.0
extent,63,0.06,0.05025996533795494,1.1937931034482758,0.49219259786769304,0.48295086369268725,1.0
central,63,0.06,0.05025996533795494,1.1937931034482758,0.49219259786769304,0.48295086369268725,1.0
nucleus accumbens,21,0.02,0.01386481802426343,1.4425000000000001,0.48853010150122744,0.48458372614895295,1.0
referential,21,0.02,0.01386481802426343,1.4425000000000001,0.48853010150122744,0.48458372614895295,1.0
indicating,59,0.05619047619047619,0.04679376083188908,1.2008112874779542,0.48247186786243207,0.4873047903605471,1.0
resonance scans,8,0.007619047619047619,0.0034662045060658577,2.198095238095238,0.4813784697069985,0.4877985890984845,1.0
conflicting,8,0.007619047619047619,0.0034662045060658577,2.198095238095238,0.4813784697069985,0.4877985890984845,1.0
intrinsic functional,8,0.007619047619047619,0.0034662045060658577,2.198095238095238,0.4813784697069985,0.4877985890984845,1.0
attentional control,8,0.007619047619047619,0.0034662045060658577,2.198095238095238,0.4813784697069985,0.4877985890984845,1.0
researchers,8,0.007619047619047619,0.0034662045060658577,2.198095238095238,0.4813784697069985,0.4877985890984845,1.0
paced,8,0.007619047619047619,0.0034662045060658577,2.198095238095238,0.4813784697069985,0.4877985890984845,1.0
needs,8,0.007619047619047619,0.0034662045060658577,2.198095238095238,0.4813784697069985,0.4877985890984845,1.0
facial expression,8,0.007619047619047619,0.0034662045060658577,2.198095238095238,0.4813784697069985,0.4877985890984845,1.0
options,8,0.007619047619047619,0.0034662045060658577,2.198095238095238,0.4813784697069985,0.4877985890984845,1.0
rt,8,0.007619047619047619,0.0034662045060658577,2.198095238095238,0.4813784697069985,0.4877985890984845,1.0
interacting,8,0.007619047619047619,0.0034662045060658577,2.198095238095238,0.4813784697069985,0.4877985890984845,1.0
noxious,8,0.007619047619047619,0.0034662045060658577,2.198095238095238,0.4813784697069985,0.4877985890984845,1.0
repetition suppression,8,0.007619047619047619,0.0034662045060658577,2.198095238095238,0.4813784697069985,0.4877985890984845,1.0
20 healthy,8,0.007619047619047619,0.0034662045060658577,2.198095238095238,0.4813784697069985,0.4877985890984845,1.0
observers,8,0.007619047619047619,0.0034662045060658577,2.198095238095238,0.4813784697069985,0.4877985890984845,1.0
recognize,8,0.007619047619047619,0.0034662045060658577,2.198095238095238,0.4813784697069985,0.4877985890984845,1.0
reality,8,0.007619047619047619,0.0034662045060658577,2.198095238095238,0.4813784697069985,0.4877985890984845,1.0
sided,8,0.007619047619047619,0.0034662045060658577,2.198095238095238,0.4813784697069985,0.4877985890984845,1.0
decline,23,0.021904761904761906,0.01559792027729636,1.4043386243386244,0.4759080456778771,0.4902816735766713,1.0
salient,23,0.021904761904761906,0.01559792027729636,1.4043386243386244,0.4759080456778771,0.4902816735766713,1.0
dynamics,23,0.021904761904761906,0.01559792027729636,1.4043386243386244,0.4759080456778771,0.4902816735766713,1.0
failure,14,0.013333333333333334,0.019064124783362217,0.6993939393939395,0.4739071374428085,0.4911951727182059,1.0
procedure,14,0.013333333333333334,0.019064124783362217,0.6993939393939395,0.4739071374428085,0.4911951727182059,1.0
psychophysiological,14,0.013333333333333334,0.019064124783362217,0.6993939393939395,0.4739071374428085,0.4911951727182059,1.0
conscious,14,0.013333333333333334,0.019064124783362217,0.6993939393939395,0.4739071374428085,0.4911951727182059,1.0
identifying,14,0.013333333333333334,0.019064124783362217,0.6993939393939395,0.4739071374428085,0.4911951727182059,1.0
administration,14,0.013333333333333334,0.019064124783362217,0.6993939393939395,0.4739071374428085,0.4911951727182059,1.0
states,53,0.05047619047619047,0.0415944540727903,1.2135317460317459,0.4694151796378279,0.49325633633258203,1.0
development,53,0.05047619047619047,0.0415944540727903,1.2135317460317459,0.4694151796378279,0.49325633633258203,1.0
posterior cingulate,109,0.10380952380952381,0.09185441941074524,1.1301527403414195,0.4677612084181363,0.49401892429160355,1.0
global,25,0.023809523809523808,0.01733102253032929,1.3738095238095238,0.46660667106474013,0.49455241457401344,1.0
influenced,25,0.023809523809523808,0.01733102253032929,1.3738095238095238,0.46660667106474013,0.49455241457401344,1.0
conflict,25,0.023809523809523808,0.01733102253032929,1.3738095238095238,0.46660667106474013,0.49455241457401344,1.0
environment,37,0.035238095238095235,0.043327556325823226,0.813295238095238,0.4624150289725162,0.496497463834243,1.0
conditioning,27,0.025714285714285714,0.019064124783362217,1.348831168831169,0.45984553583444265,0.49769617104738506,1.0
point,27,0.025714285714285714,0.019064124783362217,1.348831168831169,0.45984553583444265,0.49769617104738506,1.0
positive,126,0.12,0.10745233968804159,1.116774193548387,0.4574582267538235,0.4988142761810678,1.0
nature,29,0.02761904761904762,0.02079722703639515,1.3280158730158729,0.4550726624808964,0.4999358196887276,1.0
modulate,43,0.040952380952380955,0.03292894280762565,1.2436591478696744,0.45340898718088857,0.5007205106690882,1.0
simple,31,0.029523809523809525,0.022530329289428077,1.3104029304029303,0.4518866526289236,0.5014403721557146,1.0
mediate,31,0.029523809523809525,0.022530329289428077,1.3104029304029303,0.4518866526289236,0.5014403721557146,1.0
work,41,0.039047619047619046,0.03119584055459272,1.2516931216931215,0.45142755114512284,0.501657811568297,1.0
unique,41,0.039047619047619046,0.03119584055459272,1.2516931216931215,0.45142755114512284,0.501657811568297,1.0
expected,39,0.037142857142857144,0.029462738301559793,1.2606722689075631,0.44999488007653166,0.5023373857403396,1.0
engage,33,0.03142857142857143,0.024263431542461005,1.2953061224489797,0.4499886302186412,0.5023403537373687,1.0
scan,37,0.035238095238095235,0.02772963604852686,1.2707738095238095,0.44919956247018566,0.5027153146506568,1.0
matter volume,37,0.035238095238095235,0.02772963604852686,1.2707738095238095,0.44919956247018566,0.5027153146506568,1.0
pairs,35,0.03333333333333333,0.025996533795493933,1.2822222222222222,0.4491514851472714,0.5027381761692715,1.0
temporal,403,0.3838095238095238,0.4020797227036395,0.9545607553366174,0.4483846341377852,0.5031030656958935,1.0
identify,80,0.0761904761904762,0.0658578856152513,1.1568922305764413,0.44738993508827596,0.5035770456837484,1.0
posterior,247,0.23523809523809525,0.2512998266897747,0.9360853858784894,0.4411188861202856,0.5065829105161133,1.0
imagined,11,0.010476190476190476,0.01559792027729636,0.6716402116402116,0.4379836151941924,0.5080972874181338,1.0
gyrus superior,11,0.010476190476190476,0.01559792027729636,0.6716402116402116,0.4379836151941924,0.5080972874181338,1.0
variations,11,0.010476190476190476,0.01559792027729636,0.6716402116402116,0.4379836151941924,0.5080972874181338,1.0
hz,11,0.010476190476190476,0.01559792027729636,0.6716402116402116,0.4379836151941924,0.5080972874181338,1.0
visual stimuli,11,0.010476190476190476,0.01559792027729636,0.6716402116402116,0.4379836151941924,0.5080972874181338,1.0
apart,11,0.010476190476190476,0.01559792027729636,0.6716402116402116,0.4379836151941924,0.5080972874181338,1.0
coding,11,0.010476190476190476,0.01559792027729636,0.6716402116402116,0.4379836151941924,0.5080972874181338,1.0
structural functional,11,0.010476190476190476,0.01559792027729636,0.6716402116402116,0.4379836151941924,0.5080972874181338,1.0
speed,11,0.010476190476190476,0.01559792027729636,0.6716402116402116,0.4379836151941924,0.5080972874181338,1.0
population,19,0.018095238095238095,0.024263431542461005,0.74578231292517,0.4363413591979168,0.508893632146733,1.0
activities,19,0.018095238095238095,0.024263431542461005,0.74578231292517,0.4363413591979168,0.508893632146733,1.0
exposure,24,0.022857142857142857,0.029462738301559793,0.775798319327731,0.4198636178555289,0.5170051041419252,1.0
premotor cortex,24,0.022857142857142857,0.029462738301559793,0.775798319327731,0.4198636178555289,0.5170051041419252,1.0
performing,39,0.037142857142857144,0.045060658578856154,0.8242857142857143,0.41971809934315096,0.5170777407238075,1.0
using,400,0.38095238095238093,0.3986135181975737,0.9556935817805382,0.4178995219485774,0.5179870070632427,1.0
estimated,10,0.009523809523809525,0.005199306759098787,1.8317460317460317,0.4176875109242727,0.5180931924999141,1.0
deprivation,10,0.009523809523809525,0.005199306759098787,1.8317460317460317,0.4176875109242727,0.5180931924999141,1.0
hemodynamic response,10,0.009523809523809525,0.005199306759098787,1.8317460317460317,0.4176875109242727,0.5180931924999141,1.0
underlying mechanisms,10,0.009523809523809525,0.005199306759098787,1.8317460317460317,0.4176875109242727,0.5180931924999141,1.0
profile,10,0.009523809523809525,0.005199306759098787,1.8317460317460317,0.4176875109242727,0.5180931924999141,1.0
debated,10,0.009523809523809525,0.005199306759098787,1.8317460317460317,0.4176875109242727,0.5180931924999141,1.0
heart rate,10,0.009523809523809525,0.005199306759098787,1.8317460317460317,0.4176875109242727,0.5180931924999141,1.0
good,10,0.009523809523809525,0.005199306759098787,1.8317460317460317,0.4176875109242727,0.5180931924999141,1.0
rule,10,0.009523809523809525,0.005199306759098787,1.8317460317460317,0.4176875109242727,0.5180931924999141,1.0
22,29,0.02761904761904762,0.03466204506065858,0.7968095238095239,0.4142268845738445,0.5198318648614517,1.0
matter gm,8,0.007619047619047619,0.012131715771230503,0.6280272108843538,0.40963284067671335,0.5221559197558585,1.0
hubs,8,0.007619047619047619,0.012131715771230503,0.6280272108843538,0.40963284067671335,0.5221559197558585,1.0
initially,8,0.007619047619047619,0.012131715771230503,0.6280272108843538,0.40963284067671335,0.5221559197558585,1.0
mg,8,0.007619047619047619,0.012131715771230503,0.6280272108843538,0.40963284067671335,0.5221559197558585,1.0
computed,8,0.007619047619047619,0.012131715771230503,0.6280272108843538,0.40963284067671335,0.5221559197558585,1.0
neurological,8,0.007619047619047619,0.012131715771230503,0.6280272108843538,0.40963284067671335,0.5221559197558585,1.0
main effect,8,0.007619047619047619,0.012131715771230503,0.6280272108843538,0.40963284067671335,0.5221559197558585,1.0
occipito,8,0.007619047619047619,0.012131715771230503,0.6280272108843538,0.40963284067671335,0.5221559197558585,1.0
head,8,0.007619047619047619,0.012131715771230503,0.6280272108843538,0.40963284067671335,0.5221559197558585,1.0
list,8,0.007619047619047619,0.012131715771230503,0.6280272108843538,0.40963284067671335,0.5221559197558585,1.0
finger,8,0.007619047619047619,0.012131715771230503,0.6280272108843538,0.40963284067671335,0.5221559197558585,1.0
gaze,8,0.007619047619047619,0.012131715771230503,0.6280272108843538,0.40963284067671335,0.5221559197558585,1.0
joint,8,0.007619047619047619,0.012131715771230503,0.6280272108843538,0.40963284067671335,0.5221559197558585,1.0
construction,8,0.007619047619047619,0.012131715771230503,0.6280272108843538,0.40963284067671335,0.5221559197558585,1.0
tract,8,0.007619047619047619,0.012131715771230503,0.6280272108843538,0.40963284067671335,0.5221559197558585,1.0
frontal lobes,8,0.007619047619047619,0.012131715771230503,0.6280272108843538,0.40963284067671335,0.5221559197558585,1.0
evidence,208,0.1980952380952381,0.18370883882149047,1.0783108715184186,0.40677764302289343,0.5236095943314242,1.0
primary,63,0.06,0.06932409012131716,0.8655,0.4000212146710913,0.5270783009313426,1.0
disease,63,0.06,0.06932409012131716,0.8655,0.4000212146710913,0.5270783009313426,1.0
infer,5,0.004761904761904762,0.008665511265164644,0.5495238095238096,0.3997753209801633,0.5272053132637905,1.0
contain,5,0.004761904761904762,0.008665511265164644,0.5495238095238096,0.3997753209801633,0.5272053132637905,1.0
depended,5,0.004761904761904762,0.008665511265164644,0.5495238095238096,0.3997753209801633,0.5272053132637905,1.0
isolate,5,0.004761904761904762,0.008665511265164644,0.5495238095238096,0.3997753209801633,0.5272053132637905,1.0
control processes,5,0.004761904761904762,0.008665511265164644,0.5495238095238096,0.3997753209801633,0.5272053132637905,1.0
node,5,0.004761904761904762,0.008665511265164644,0.5495238095238096,0.3997753209801633,0.5272053132637905,1.0
specialization,5,0.004761904761904762,0.008665511265164644,0.5495238095238096,0.3997753209801633,0.5272053132637905,1.0
conventional,5,0.004761904761904762,0.008665511265164644,0.5495238095238096,0.3997753209801633,0.5272053132637905,1.0
mtg,5,0.004761904761904762,0.008665511265164644,0.5495238095238096,0.3997753209801633,0.5272053132637905,1.0
deficient,5,0.004761904761904762,0.008665511265164644,0.5495238095238096,0.3997753209801633,0.5272053132637905,1.0
correlated negatively,5,0.004761904761904762,0.008665511265164644,0.5495238095238096,0.3997753209801633,0.5272053132637905,1.0
normal controls,5,0.004761904761904762,0.008665511265164644,0.5495238095238096,0.3997753209801633,0.5272053132637905,1.0
synchronization,5,0.004761904761904762,0.008665511265164644,0.5495238095238096,0.3997753209801633,0.5272053132637905,1.0
seventeen,5,0.004761904761904762,0.008665511265164644,0.5495238095238096,0.3997753209801633,0.5272053132637905,1.0
establish,5,0.004761904761904762,0.008665511265164644,0.5495238095238096,0.3997753209801633,0.5272053132637905,1.0
encode,5,0.004761904761904762,0.008665511265164644,0.5495238095238096,0.3997753209801633,0.5272053132637905,1.0
gyrus precuneus,5,0.004761904761904762,0.008665511265164644,0.5495238095238096,0.3997753209801633,0.5272053132637905,1.0
anterior insular,5,0.004761904761904762,0.008665511265164644,0.5495238095238096,0.3997753209801633,0.5272053132637905,1.0
70,5,0.004761904761904762,0.008665511265164644,0.5495238095238096,0.3997753209801633,0.5272053132637905,1.0
manipulations,5,0.004761904761904762,0.008665511265164644,0.5495238095238096,0.3997753209801633,0.5272053132637905,1.0
gap,5,0.004761904761904762,0.008665511265164644,0.5495238095238096,0.3997753209801633,0.5272053132637905,1.0
expectancy,5,0.004761904761904762,0.008665511265164644,0.5495238095238096,0.3997753209801633,0.5272053132637905,1.0
markers,5,0.004761904761904762,0.008665511265164644,0.5495238095238096,0.3997753209801633,0.5272053132637905,1.0
attention task,5,0.004761904761904762,0.008665511265164644,0.5495238095238096,0.3997753209801633,0.5272053132637905,1.0
trigger,5,0.004761904761904762,0.008665511265164644,0.5495238095238096,0.3997753209801633,0.5272053132637905,1.0
thirteen,5,0.004761904761904762,0.008665511265164644,0.5495238095238096,0.3997753209801633,0.5272053132637905,1.0
middle cingulate,5,0.004761904761904762,0.008665511265164644,0.5495238095238096,0.3997753209801633,0.5272053132637905,1.0
42,5,0.004761904761904762,0.008665511265164644,0.5495238095238096,0.3997753209801633,0.5272053132637905,1.0
endogenous,5,0.004761904761904762,0.008665511265164644,0.5495238095238096,0.3997753209801633,0.5272053132637905,1.0
employing,5,0.004761904761904762,0.008665511265164644,0.5495238095238096,0.3997753209801633,0.5272053132637905,1.0
letters,5,0.004761904761904762,0.008665511265164644,0.5495238095238096,0.3997753209801633,0.5272053132637905,1.0
gyri,64,0.06095238095238095,0.05199306759098787,1.1723174603174604,0.3968274743515286,0.5287322462082527,1.0
classical,16,0.015238095238095238,0.02079722703639515,0.7326984126984126,0.39140625310021654,0.5315611402105915,1.0
handed,16,0.015238095238095238,0.02079722703639515,0.7326984126984126,0.39140625310021654,0.5315611402105915,1.0
responsible,16,0.015238095238095238,0.02079722703639515,0.7326984126984126,0.39140625310021654,0.5315611402105915,1.0
space,16,0.015238095238095238,0.02079722703639515,0.7326984126984126,0.39140625310021654,0.5315611402105915,1.0
continuous,16,0.015238095238095238,0.02079722703639515,0.7326984126984126,0.39140625310021654,0.5315611402105915,1.0
yielded,16,0.015238095238095238,0.02079722703639515,0.7326984126984126,0.39140625310021654,0.5315611402105915,1.0
inhibitory,16,0.015238095238095238,0.02079722703639515,0.7326984126984126,0.39140625310021654,0.5315611402105915,1.0
input,16,0.015238095238095238,0.02079722703639515,0.7326984126984126,0.39140625310021654,0.5315611402105915,1.0
acquired,62,0.05904761904761905,0.05025996533795494,1.1748440065681445,0.39087618151231895,0.5318392028221226,1.0
connectivity,217,0.20666666666666667,0.1923743500866551,1.0742942942942943,0.38795441572830286,0.5333766121203861,1.0
non,110,0.10476190476190476,0.11611785095320624,0.9022032693674484,0.3850858635142208,0.5348938579653637,1.0
temporal gyrus,77,0.07333333333333333,0.0831889081455806,0.8815277777777777,0.38047048176638143,0.5373515499925491,1.0
sclerosis,12,0.011428571428571429,0.006932409012131715,1.6485714285714286,0.38027782533998755,0.537454586439226,1.0
failed,12,0.011428571428571429,0.006932409012131715,1.6485714285714286,0.38027782533998755,0.537454586439226,1.0
parietal temporal,12,0.011428571428571429,0.006932409012131715,1.6485714285714286,0.38027782533998755,0.537454586439226,1.0
guided,12,0.011428571428571429,0.006932409012131715,1.6485714285714286,0.38027782533998755,0.537454586439226,1.0
trained,12,0.011428571428571429,0.006932409012131715,1.6485714285714286,0.38027782533998755,0.537454586439226,1.0
negative affect,12,0.011428571428571429,0.006932409012131715,1.6485714285714286,0.38027782533998755,0.537454586439226,1.0
notion,12,0.011428571428571429,0.006932409012131715,1.6485714285714286,0.38027782533998755,0.537454586439226,1.0
divergent,12,0.011428571428571429,0.006932409012131715,1.6485714285714286,0.38027782533998755,0.537454586439226,1.0
signal change,12,0.011428571428571429,0.006932409012131715,1.6485714285714286,0.38027782533998755,0.537454586439226,1.0
ventral medial,12,0.011428571428571429,0.006932409012131715,1.6485714285714286,0.38027782533998755,0.537454586439226,1.0
responsive,12,0.011428571428571429,0.006932409012131715,1.6485714285714286,0.38027782533998755,0.537454586439226,1.0
intervention,12,0.011428571428571429,0.006932409012131715,1.6485714285714286,0.38027782533998755,0.537454586439226,1.0
treatments,12,0.011428571428571429,0.006932409012131715,1.6485714285714286,0.38027782533998755,0.537454586439226,1.0
hemodynamic responses,12,0.011428571428571429,0.006932409012131715,1.6485714285714286,0.38027782533998755,0.537454586439226,1.0
happy faces,12,0.011428571428571429,0.006932409012131715,1.6485714285714286,0.38027782533998755,0.537454586439226,1.0
musical,12,0.011428571428571429,0.006932409012131715,1.6485714285714286,0.38027782533998755,0.537454586439226,1.0
dorsal ventral,12,0.011428571428571429,0.006932409012131715,1.6485714285714286,0.38027782533998755,0.537454586439226,1.0
episodic,84,0.08,0.09012131715771231,0.8876923076923077,0.3746141831542431,0.5404998232373939,1.0
superior,185,0.1761904761904762,0.16291161178509533,1.0815096251266465,0.37340929671820106,0.5411517489779566,1.0
explore,36,0.03428571428571429,0.0415944540727903,0.8242857142857143,0.37316306542919697,0.5412851546488886,1.0
represent,31,0.029523809523809525,0.036395147313691506,0.811201814058957,0.3678734990890096,0.5441656810915135,1.0
terms,31,0.029523809523809525,0.036395147313691506,0.811201814058957,0.3678734990890096,0.5441656810915135,1.0
mean,31,0.029523809523809525,0.036395147313691506,0.811201814058957,0.3678734990890096,0.5441656810915135,1.0
directly,31,0.029523809523809525,0.036395147313691506,0.811201814058957,0.3678734990890096,0.5441656810915135,1.0
structural,72,0.06857142857142857,0.0779896013864818,0.8792380952380954,0.36384909608207205,0.5463762784160516,1.0
prefrontal,381,0.3628571428571429,0.3466204506065858,1.0468428571428572,0.35980290804164305,0.5486157156964526,1.0
decision,48,0.045714285714285714,0.053726169844020795,0.8508755760368664,0.3585045032300068,0.5493379714288142,1.0
frontal cortex,50,0.047619047619047616,0.03986135181975736,1.194616977225673,0.35757398143658614,0.5498566809072714,1.0
autonomic,14,0.013333333333333334,0.008665511265164644,1.5386666666666668,0.35671168730078134,0.5503381762027638,1.0
unpleasant,14,0.013333333333333334,0.008665511265164644,1.5386666666666668,0.35671168730078134,0.5503381762027638,1.0
contributes,14,0.013333333333333334,0.008665511265164644,1.5386666666666668,0.35671168730078134,0.5503381762027638,1.0
separately,14,0.013333333333333334,0.008665511265164644,1.5386666666666668,0.35671168730078134,0.5503381762027638,1.0
dependence,14,0.013333333333333334,0.008665511265164644,1.5386666666666668,0.35671168730078134,0.5503381762027638,1.0
reliably,14,0.013333333333333334,0.008665511265164644,1.5386666666666668,0.35671168730078134,0.5503381762027638,1.0
avoidance,14,0.013333333333333334,0.008665511265164644,1.5386666666666668,0.35671168730078134,0.5503381762027638,1.0
display,14,0.013333333333333334,0.008665511265164644,1.5386666666666668,0.35671168730078134,0.5503381762027638,1.0
elements,14,0.013333333333333334,0.008665511265164644,1.5386666666666668,0.35671168730078134,0.5503381762027638,1.0
modulating,14,0.013333333333333334,0.008665511265164644,1.5386666666666668,0.35671168730078134,0.5503381762027638,1.0
called,14,0.013333333333333334,0.008665511265164644,1.5386666666666668,0.35671168730078134,0.5503381762027638,1.0
visually,14,0.013333333333333334,0.008665511265164644,1.5386666666666668,0.35671168730078134,0.5503381762027638,1.0
half,14,0.013333333333333334,0.008665511265164644,1.5386666666666668,0.35671168730078134,0.5503381762027638,1.0
expressed,14,0.013333333333333334,0.008665511265164644,1.5386666666666668,0.35671168730078134,0.5503381762027638,1.0
predicts,14,0.013333333333333334,0.008665511265164644,1.5386666666666668,0.35671168730078134,0.5503381762027638,1.0
best,14,0.013333333333333334,0.008665511265164644,1.5386666666666668,0.35671168730078134,0.5503381762027638,1.0
16,48,0.045714285714285714,0.038128249566724434,1.198961038961039,0.35252803604998706,0.5526855470278674,1.0
maintained,13,0.012380952380952381,0.01733102253032929,0.7143809523809524,0.3476897297121791,0.5554238404810836,1.0
play role,13,0.012380952380952381,0.01733102253032929,0.7143809523809524,0.3476897297121791,0.5554238404810836,1.0
medication,13,0.012380952380952381,0.01733102253032929,0.7143809523809524,0.3476897297121791,0.5554238404810836,1.0
supramarginal gyrus,13,0.012380952380952381,0.01733102253032929,0.7143809523809524,0.3476897297121791,0.5554238404810836,1.0
position,13,0.012380952380952381,0.01733102253032929,0.7143809523809524,0.3476897297121791,0.5554238404810836,1.0
fully,13,0.012380952380952381,0.01733102253032929,0.7143809523809524,0.3476897297121791,0.5554238404810836,1.0
lateral temporal,13,0.012380952380952381,0.01733102253032929,0.7143809523809524,0.3476897297121791,0.5554238404810836,1.0
dysfunctional,13,0.012380952380952381,0.01733102253032929,0.7143809523809524,0.3476897297121791,0.5554238404810836,1.0
neuronal,46,0.04380952380952381,0.036395147313691506,1.203718820861678,0.34766787283530753,0.555436268776661,1.0
explained,16,0.015238095238095238,0.010398613518197574,1.4653968253968253,0.3413356581014701,0.5590592675404177,1.0
specialized,16,0.015238095238095238,0.010398613518197574,1.4653968253968253,0.3413356581014701,0.5590592675404177,1.0
version,16,0.015238095238095238,0.010398613518197574,1.4653968253968253,0.3413356581014701,0.5590592675404177,1.0
roi,16,0.015238095238095238,0.010398613518197574,1.4653968253968253,0.3413356581014701,0.5590592675404177,1.0
regulating,16,0.015238095238095238,0.010398613518197574,1.4653968253968253,0.3413356581014701,0.5590592675404177,1.0
assessing,16,0.015238095238095238,0.010398613518197574,1.4653968253968253,0.3413356581014701,0.5590592675404177,1.0
personality traits,16,0.015238095238095238,0.010398613518197574,1.4653968253968253,0.3413356581014701,0.5590592675404177,1.0
positive correlation,16,0.015238095238095238,0.010398613518197574,1.4653968253968253,0.3413356581014701,0.5590592675404177,1.0
achieved,16,0.015238095238095238,0.010398613518197574,1.4653968253968253,0.3413356581014701,0.5590592675404177,1.0
generalized,16,0.015238095238095238,0.010398613518197574,1.4653968253968253,0.3413356581014701,0.5590592675404177,1.0
phase,42,0.04,0.03292894280762565,1.2147368421052631,0.33859843420808516,0.5606393515724908,1.0
networks,153,0.1457142857142857,0.15771230502599654,0.9239246467817896,0.33164251900276803,0.5646935103011244,1.0
mirror,18,0.017142857142857144,0.012131715771230503,1.413061224489796,0.33121001441727566,0.5649474549403917,1.0
exposed,18,0.017142857142857144,0.012131715771230503,1.413061224489796,0.33121001441727566,0.5649474549403917,1.0
skin,18,0.017142857142857144,0.012131715771230503,1.413061224489796,0.33121001441727566,0.5649474549403917,1.0
need,18,0.017142857142857144,0.012131715771230503,1.413061224489796,0.33121001441727566,0.5649474549403917,1.0
implications,33,0.03142857142857143,0.038128249566724434,0.8242857142857144,0.3271677117101627,0.56733162070504,1.0
midline,18,0.017142857142857144,0.022530329289428077,0.7608791208791209,0.32593970906542324,0.568059772727159,1.0
predominantly,18,0.017142857142857144,0.022530329289428077,0.7608791208791209,0.32593970906542324,0.568059772727159,1.0
physical,18,0.017142857142857144,0.022530329289428077,0.7608791208791209,0.32593970906542324,0.568059772727159,1.0
clusters,18,0.017142857142857144,0.022530329289428077,0.7608791208791209,0.32593970906542324,0.568059772727159,1.0
partial,20,0.01904761904761905,0.01386481802426343,1.373809523809524,0.32465497274994215,0.5688235146928655,1.0
amygdala insula,20,0.01904761904761905,0.01386481802426343,1.373809523809524,0.32465497274994215,0.5688235146928655,1.0
stable,20,0.01904761904761905,0.01386481802426343,1.373809523809524,0.32465497274994215,0.5688235146928655,1.0
ms,20,0.01904761904761905,0.01386481802426343,1.373809523809524,0.32465497274994215,0.5688235146928655,1.0
underpinnings,20,0.01904761904761905,0.01386481802426343,1.373809523809524,0.32465497274994215,0.5688235146928655,1.0
frontal parietal,32,0.030476190476190476,0.024263431542461005,1.2560544217687075,0.3214578065883057,0.5707328709294489,1.0
loss,32,0.030476190476190476,0.024263431542461005,1.2560544217687075,0.3214578065883057,0.5707328709294489,1.0
functionally,32,0.030476190476190476,0.024263431542461005,1.2560544217687075,0.3214578065883057,0.5707328709294489,1.0
dopaminergic,22,0.02095238095238095,0.01559792027729636,1.3432804232804232,0.3206410416203491,0.5712226568912664,1.0
frontal lobe,22,0.02095238095238095,0.01559792027729636,1.3432804232804232,0.3206410416203491,0.5712226568912664,1.0
implicit,22,0.02095238095238095,0.01559792027729636,1.3432804232804232,0.3206410416203491,0.5712226568912664,1.0
experienced,22,0.02095238095238095,0.01559792027729636,1.3432804232804232,0.3206410416203491,0.5712226568912664,1.0
wm,23,0.021904761904761906,0.02772963604852686,0.7899404761904762,0.31974734707583197,0.5717595196665266,1.0
blood oxygenation,23,0.021904761904761906,0.02772963604852686,0.7899404761904762,0.31974734707583197,0.5717595196665266,1.0
oxygenation,23,0.021904761904761906,0.02772963604852686,0.7899404761904762,0.31974734707583197,0.5717595196665266,1.0
hemodynamic,30,0.02857142857142857,0.022530329289428077,1.268131868131868,0.31946345494473083,0.571930267400264,1.0
depends,30,0.02857142857142857,0.022530329289428077,1.268131868131868,0.31946345494473083,0.571930267400264,1.0
paradigms,24,0.022857142857142857,0.01733102253032929,1.318857142857143,0.31850212848779386,0.5725092043303162,1.0
like,24,0.022857142857142857,0.01733102253032929,1.318857142857143,0.31850212848779386,0.5725092043303162,1.0
received,24,0.022857142857142857,0.01733102253032929,1.318857142857143,0.31850212848779386,0.5725092043303162,1.0
day,24,0.022857142857142857,0.01733102253032929,1.318857142857143,0.31850212848779386,0.5725092043303162,1.0
size,24,0.022857142857142857,0.01733102253032929,1.318857142857143,0.31850212848779386,0.5725092043303162,1.0
success,24,0.022857142857142857,0.01733102253032929,1.318857142857143,0.31850212848779386,0.5725092043303162,1.0
relationships,28,0.02666666666666667,0.02079722703639515,1.2822222222222222,0.3181843354938483,0.572700841274097,1.0
literature,26,0.024761904761904763,0.019064124783362217,1.298874458874459,0.317788216280859,0.5729398875426512,1.0
gyrus,278,0.26476190476190475,0.27902946273830154,0.9488671990535346,0.3157333572959445,0.5741830943026329,1.0
included,65,0.06190476190476191,0.053726169844020795,1.1522273425499232,0.31339448407400117,0.5756046259663168,1.0
share,10,0.009523809523809525,0.01386481802426343,0.686904761904762,0.3059600307556535,0.5801699181056212,1.0
therapy,10,0.009523809523809525,0.01386481802426343,0.686904761904762,0.3059600307556535,0.5801699181056212,1.0
pathophysiology,10,0.009523809523809525,0.01386481802426343,0.686904761904762,0.3059600307556535,0.5801699181056212,1.0
higher order,10,0.009523809523809525,0.01386481802426343,0.686904761904762,0.3059600307556535,0.5801699181056212,1.0
underlies,10,0.009523809523809525,0.01386481802426343,0.686904761904762,0.3059600307556535,0.5801699181056212,1.0
believed,10,0.009523809523809525,0.01386481802426343,0.686904761904762,0.3059600307556535,0.5801699181056212,1.0
subserving,10,0.009523809523809525,0.01386481802426343,0.686904761904762,0.3059600307556535,0.5801699181056212,1.0
important,106,0.10095238095238095,0.11091854419410745,0.9101488095238095,0.29593983994680695,0.5864390441533689,1.0
required,35,0.03333333333333333,0.03986135181975736,0.8362318840579711,0.29123638498308724,0.589429313018957,1.0
knowledge,47,0.04476190476190476,0.05199306759098787,0.8609206349206349,0.286370304262528,0.5925559691337139,1.0
ventrolateral,30,0.02857142857142857,0.03466204506065858,0.8242857142857143,0.2818055225711226,0.5955202479828215,1.0
according,30,0.02857142857142857,0.03466204506065858,0.8242857142857143,0.2818055225711226,0.5955202479828215,1.0
dissociation,30,0.02857142857142857,0.03466204506065858,0.8242857142857143,0.2818055225711226,0.5955202479828215,1.0
elicited,55,0.05238095238095238,0.045060658578856154,1.1624542124542125,0.28125801756004065,0.5958778505880165,1.0
modified,15,0.014285714285714285,0.019064124783362217,0.7493506493506493,0.279518522016086,0.5970169681841497,1.0
parahippocampal cortex,15,0.014285714285714285,0.019064124783362217,0.7493506493506493,0.279518522016086,0.5970169681841497,1.0
undergoing,15,0.014285714285714285,0.019064124783362217,0.7493506493506493,0.279518522016086,0.5970169681841497,1.0
modalities,15,0.014285714285714285,0.019064124783362217,0.7493506493506493,0.279518522016086,0.5970169681841497,1.0
orbital,15,0.014285714285714285,0.019064124783362217,0.7493506493506493,0.279518522016086,0.5970169681841497,1.0
requiring,15,0.014285714285714285,0.019064124783362217,0.7493506493506493,0.279518522016086,0.5970169681841497,1.0
default network,15,0.014285714285714285,0.019064124783362217,0.7493506493506493,0.279518522016086,0.5970169681841497,1.0
medial temporal,101,0.09619047619047619,0.10571923743500866,0.9098672911787666,0.2783207529641518,0.5978039728024811,1.0
blind,25,0.023809523809523808,0.029462738301559793,0.8081232492997198,0.27512112842775316,0.5999169804964013,1.0
understand,25,0.023809523809523808,0.029462738301559793,0.8081232492997198,0.27512112842775316,0.5999169804964013,1.0
males,20,0.01904761904761905,0.024263431542461005,0.7850340136054422,0.27300390865068447,0.6013238060369046,1.0
anticipation,20,0.01904761904761905,0.024263431542461005,0.7850340136054422,0.27300390865068447,0.6013238060369046,1.0
important role,20,0.01904761904761905,0.024263431542461005,0.7850340136054422,0.27300390865068447,0.6013238060369046,1.0
circuitry,51,0.04857142857142857,0.0415944540727903,1.1677380952380951,0.26882476496697266,0.6041212214645648,1.0
subcortical,51,0.04857142857142857,0.0415944540727903,1.1677380952380951,0.26882476496697266,0.6041212214645648,1.0
contribute,61,0.058095238095238096,0.0658578856152513,0.8821303258145363,0.2685662551849988,0.6042951658314832,1.0
mode,74,0.07047619047619047,0.06239168110918544,1.1295767195767195,0.26848620456007266,0.6043490513054017,1.0
psychopathology,7,0.006666666666666667,0.010398613518197574,0.6411111111111111,0.2681715503962191,0.6045609571763135,1.0
dissociated,7,0.006666666666666667,0.010398613518197574,0.6411111111111111,0.2681715503962191,0.6045609571763135,1.0
task task,7,0.006666666666666667,0.010398613518197574,0.6411111111111111,0.2681715503962191,0.6045609571763135,1.0
weight,7,0.006666666666666667,0.010398613518197574,0.6411111111111111,0.2681715503962191,0.6045609571763135,1.0
lacking,7,0.006666666666666667,0.010398613518197574,0.6411111111111111,0.2681715503962191,0.6045609571763135,1.0
focusing,7,0.006666666666666667,0.010398613518197574,0.6411111111111111,0.2681715503962191,0.6045609571763135,1.0
known involved,7,0.006666666666666667,0.010398613518197574,0.6411111111111111,0.2681715503962191,0.6045609571763135,1.0
track,7,0.006666666666666667,0.010398613518197574,0.6411111111111111,0.2681715503962191,0.6045609571763135,1.0
bold signals,7,0.006666666666666667,0.010398613518197574,0.6411111111111111,0.2681715503962191,0.6045609571763135,1.0
youth,7,0.006666666666666667,0.010398613518197574,0.6411111111111111,0.2681715503962191,0.6045609571763135,1.0
stimulus response,7,0.006666666666666667,0.010398613518197574,0.6411111111111111,0.2681715503962191,0.6045609571763135,1.0
compensation,7,0.006666666666666667,0.010398613518197574,0.6411111111111111,0.2681715503962191,0.6045609571763135,1.0
contents,7,0.006666666666666667,0.010398613518197574,0.6411111111111111,0.2681715503962191,0.6045609571763135,1.0
color,7,0.006666666666666667,0.010398613518197574,0.6411111111111111,0.2681715503962191,0.6045609571763135,1.0
adjacent,7,0.006666666666666667,0.010398613518197574,0.6411111111111111,0.2681715503962191,0.6045609571763135,1.0
selective,49,0.04666666666666667,0.053726169844020795,0.8686021505376345,0.26029901456316445,0.6099148022114816,1.0
studied,82,0.07809523809523809,0.08665511265164645,0.9012190476190476,0.26017583266330485,0.6099993811545219,1.0
action,37,0.035238095238095235,0.0415944540727903,0.8471825396825395,0.2593781696156095,0.6105476827173705,1.0
presence,37,0.035238095238095235,0.0415944540727903,0.8471825396825395,0.2593781696156095,0.6105476827173705,1.0
resting,123,0.11714285714285715,0.10745233968804159,1.090184331797235,0.25748814280956683,0.6118511097806071,1.0
larger,47,0.04476190476190476,0.038128249566724434,1.173982683982684,0.25668320838808306,0.612408047124724,1.0
conclusion,32,0.030476190476190476,0.036395147313691506,0.8373696145124717,0.24744857248070323,0.6188773734008594,1.0
anatomical,32,0.030476190476190476,0.036395147313691506,0.8373696145124717,0.24744857248070323,0.6188773734008594,1.0
post,43,0.040952380952380955,0.03466204506065858,1.1814761904761906,0.2448857567583503,0.6206994205257814,1.0
versus,91,0.08666666666666667,0.09532062391681109,0.9092121212121212,0.2436822738185857,0.6215591409984235,1.0
suggesting,119,0.11333333333333333,0.10398613518197573,1.089888888888889,0.2436659108968349,0.6215708481996736,1.0
goal,41,0.039047619047619046,0.03292894280762565,1.185814536340852,0.2391383163406938,0.62482916188932,1.0
functioning,41,0.039047619047619046,0.03292894280762565,1.185814536340852,0.2391383163406938,0.62482916188932,1.0
external,27,0.025714285714285714,0.03119584055459272,0.8242857142857143,0.23718396842913425,0.6262474404363165,1.0
engagement,27,0.025714285714285714,0.03119584055459272,0.8242857142857143,0.23718396842913425,0.6262474404363165,1.0
parietal cortex,64,0.06095238095238095,0.053726169844020795,1.1345007680491552,0.23444302057901437,0.6282487875422478,1.0
volumetric,12,0.011428571428571429,0.01559792027729636,0.7326984126984127,0.23351714127459663,0.6289280961529858,1.0
bold response,12,0.011428571428571429,0.01559792027729636,0.7326984126984127,0.23351714127459663,0.6289280961529858,1.0
blood flow,12,0.011428571428571429,0.01559792027729636,0.7326984126984127,0.23351714127459663,0.6289280961529858,1.0
dose,12,0.011428571428571429,0.01559792027729636,0.7326984126984127,0.23351714127459663,0.6289280961529858,1.0
47,12,0.011428571428571429,0.01559792027729636,0.7326984126984127,0.23351714127459663,0.6289280961529858,1.0
similarly,12,0.011428571428571429,0.01559792027729636,0.7326984126984127,0.23351714127459663,0.6289280961529858,1.0
stream,12,0.011428571428571429,0.01559792027729636,0.7326984126984127,0.23351714127459663,0.6289280961529858,1.0
cortex pcc,12,0.011428571428571429,0.01559792027729636,0.7326984126984127,0.23351714127459663,0.6289280961529858,1.0
adulthood,12,0.011428571428571429,0.01559792027729636,0.7326984126984127,0.23351714127459663,0.6289280961529858,1.0
appear,12,0.011428571428571429,0.01559792027729636,0.7326984126984127,0.23351714127459663,0.6289280961529858,1.0
demonstrated,107,0.1019047619047619,0.11091854419410745,0.9187351190476191,0.2329720130004721,0.6293288287462829,1.0
cognitive,262,0.24952380952380954,0.2616984402079723,0.9534783979817092,0.23067064773347853,0.631026998608567,1.0
identified,100,0.09523809523809523,0.10398613518197573,0.9158730158730158,0.2302966859640748,0.6313039275489702,1.0
stimulus,115,0.10952380952380952,0.10051993067590988,1.0895730706075535,0.2300004261230139,0.631523512527045,1.0
disease ad,22,0.02095238095238095,0.025996533795493933,0.805968253968254,0.22955591921902685,0.6318533033406496,1.0
oxygenation level,22,0.02095238095238095,0.025996533795493933,0.805968253968254,0.22955591921902685,0.6318533033406496,1.0
lead,22,0.02095238095238095,0.025996533795493933,0.805968253968254,0.22955591921902685,0.6318533033406496,1.0
salience,37,0.035238095238095235,0.029462738301559793,1.1960224089635854,0.22800809794126795,0.6330047432785662,1.0
pain,37,0.035238095238095235,0.029462738301559793,1.1960224089635854,0.22800809794126795,0.6330047432785662,1.0
mechanism,62,0.05904761904761905,0.05199306759098787,1.1356825396825398,0.2277214501146745,0.6332185099235406,1.0
memory wm,17,0.01619047619047619,0.02079722703639515,0.7784920634920633,0.22661082514869962,0.6340483178514595,1.0
selection,17,0.01619047619047619,0.02079722703639515,0.7784920634920633,0.22661082514869962,0.6340483178514595,1.0
facilitate,17,0.01619047619047619,0.02079722703639515,0.7784920634920633,0.22661082514869962,0.6340483178514595,1.0
fronto parietal,17,0.01619047619047619,0.02079722703639515,0.7784920634920633,0.22661082514869962,0.6340483178514595,1.0
bias,17,0.01619047619047619,0.02079722703639515,0.7784920634920633,0.22661082514869962,0.6340483178514595,1.0
conclude,35,0.03333333333333333,0.02772963604852686,1.2020833333333334,0.2226590287009067,0.6370212981855299,1.0
evaluated,35,0.03333333333333333,0.02772963604852686,1.2020833333333334,0.2226590287009067,0.6370212981855299,1.0
orbitofrontal,79,0.07523809523809524,0.06759098786828423,1.1131379731379731,0.2200210446485363,0.6390238838745357,1.0
induced,77,0.07333333333333333,0.0658578856152513,1.1135087719298247,0.21320988723899922,0.6442630765333062,1.0
alcohol,9,0.008571428571428572,0.005199306759098787,1.6485714285714286,0.20947188175948428,0.6471816528661729,1.0
medial lateral,9,0.008571428571428572,0.005199306759098787,1.6485714285714286,0.20947188175948428,0.6471816528661729,1.0
regulatory,9,0.008571428571428572,0.005199306759098787,1.6485714285714286,0.20947188175948428,0.6471816528661729,1.0
efficacy,9,0.008571428571428572,0.005199306759098787,1.6485714285714286,0.20947188175948428,0.6471816528661729,1.0
whilst,9,0.008571428571428572,0.005199306759098787,1.6485714285714286,0.20947188175948428,0.6471816528661729,1.0
emerging,9,0.008571428571428572,0.005199306759098787,1.6485714285714286,0.20947188175948428,0.6471816528661729,1.0
pre post,9,0.008571428571428572,0.005199306759098787,1.6485714285714286,0.20947188175948428,0.6471816528661729,1.0
phenomena,9,0.008571428571428572,0.005199306759098787,1.6485714285714286,0.20947188175948428,0.6471816528661729,1.0
functional connections,9,0.008571428571428572,0.005199306759098787,1.6485714285714286,0.20947188175948428,0.6471816528661729,1.0
responsiveness,9,0.008571428571428572,0.005199306759098787,1.6485714285714286,0.20947188175948428,0.6471816528661729,1.0
anatomy,9,0.008571428571428572,0.005199306759098787,1.6485714285714286,0.20947188175948428,0.6471816528661729,1.0
presentations,9,0.008571428571428572,0.005199306759098787,1.6485714285714286,0.20947188175948428,0.6471816528661729,1.0
cortex vmpfc,9,0.008571428571428572,0.005199306759098787,1.6485714285714286,0.20947188175948428,0.6471816528661729,1.0
cognitive emotional,9,0.008571428571428572,0.005199306759098787,1.6485714285714286,0.20947188175948428,0.6471816528661729,1.0
resonance rs,9,0.008571428571428572,0.005199306759098787,1.6485714285714286,0.20947188175948428,0.6471816528661729,1.0
heterogeneity,9,0.008571428571428572,0.005199306759098787,1.6485714285714286,0.20947188175948428,0.6471816528661729,1.0
delivered,9,0.008571428571428572,0.005199306759098787,1.6485714285714286,0.20947188175948428,0.6471816528661729,1.0
real time,9,0.008571428571428572,0.005199306759098787,1.6485714285714286,0.20947188175948428,0.6471816528661729,1.0
provide new,9,0.008571428571428572,0.005199306759098787,1.6485714285714286,0.20947188175948428,0.6471816528661729,1.0
masked,9,0.008571428571428572,0.005199306759098787,1.6485714285714286,0.20947188175948428,0.6471816528661729,1.0
indexed,9,0.008571428571428572,0.005199306759098787,1.6485714285714286,0.20947188175948428,0.6471816528661729,1.0
distress,9,0.008571428571428572,0.005199306759098787,1.6485714285714286,0.20947188175948428,0.6471816528661729,1.0
selective attention,9,0.008571428571428572,0.005199306759098787,1.6485714285714286,0.20947188175948428,0.6471816528661729,1.0
mesial,9,0.008571428571428572,0.005199306759098787,1.6485714285714286,0.20947188175948428,0.6471816528661729,1.0
face ffa,9,0.008571428571428572,0.005199306759098787,1.6485714285714286,0.20947188175948428,0.6471816528661729,1.0
analyzed using,9,0.008571428571428572,0.005199306759098787,1.6485714285714286,0.20947188175948428,0.6471816528661729,1.0
biases,9,0.008571428571428572,0.005199306759098787,1.6485714285714286,0.20947188175948428,0.6471816528661729,1.0
collected,29,0.02761904761904762,0.022530329289428077,1.2258608058608058,0.2077802468630266,0.6485128147506398,1.0
processed,29,0.02761904761904762,0.022530329289428077,1.2258608058608058,0.2077802468630266,0.6485128147506398,1.0
overall,56,0.05333333333333334,0.04679376083188908,1.1397530864197531,0.20773249993574308,0.6485504820595467,1.0
considered,29,0.02761904761904762,0.03292894280762565,0.8387468671679198,0.20468561692796294,0.6509650401554679,1.0
provided,27,0.025714285714285714,0.02079722703639515,1.2364285714285712,0.203340417877779,0.6520379605308047,1.0
recognition memory,27,0.025714285714285714,0.02079722703639515,1.2364285714285712,0.203340417877779,0.6520379605308047,1.0
chronic,27,0.025714285714285714,0.02079722703639515,1.2364285714285712,0.203340417877779,0.6520379605308047,1.0
cortex dlpfc,27,0.025714285714285714,0.02079722703639515,1.2364285714285712,0.203340417877779,0.6520379605308047,1.0
detect,25,0.023809523809523808,0.019064124783362217,1.248917748917749,0.19925830817516926,0.6553201854747179,1.0
relevance,25,0.023809523809523808,0.019064124783362217,1.248917748917749,0.19925830817516926,0.6553201854747179,1.0
little known,48,0.045714285714285714,0.05199306759098787,0.8792380952380953,0.1987760397185584,0.6557106105535913,1.0
regard,11,0.010476190476190476,0.006932409012131715,1.5111904761904762,0.19749321703342781,0.6567519031208068,1.0
classified,11,0.010476190476190476,0.006932409012131715,1.5111904761904762,0.19749321703342781,0.6567519031208068,1.0
judged,11,0.010476190476190476,0.006932409012131715,1.5111904761904762,0.19749321703342781,0.6567519031208068,1.0
executive functions,11,0.010476190476190476,0.006932409012131715,1.5111904761904762,0.19749321703342781,0.6567519031208068,1.0
observer,11,0.010476190476190476,0.006932409012131715,1.5111904761904762,0.19749321703342781,0.6567519031208068,1.0
similarities,11,0.010476190476190476,0.006932409012131715,1.5111904761904762,0.19749321703342781,0.6567519031208068,1.0
enhancing,11,0.010476190476190476,0.006932409012131715,1.5111904761904762,0.19749321703342781,0.6567519031208068,1.0
cognitive tasks,11,0.010476190476190476,0.006932409012131715,1.5111904761904762,0.19749321703342781,0.6567519031208068,1.0
applying,11,0.010476190476190476,0.006932409012131715,1.5111904761904762,0.19749321703342781,0.6567519031208068,1.0
functional organization,11,0.010476190476190476,0.006932409012131715,1.5111904761904762,0.19749321703342781,0.6567519031208068,1.0
indices,11,0.010476190476190476,0.006932409012131715,1.5111904761904762,0.19749321703342781,0.6567519031208068,1.0
bodily,11,0.010476190476190476,0.006932409012131715,1.5111904761904762,0.19749321703342781,0.6567519031208068,1.0
inverse,11,0.010476190476190476,0.006932409012131715,1.5111904761904762,0.19749321703342781,0.6567519031208068,1.0
containing,11,0.010476190476190476,0.006932409012131715,1.5111904761904762,0.19749321703342781,0.6567519031208068,1.0
measuring,11,0.010476190476190476,0.006932409012131715,1.5111904761904762,0.19749321703342781,0.6567519031208068,1.0
word pairs,11,0.010476190476190476,0.006932409012131715,1.5111904761904762,0.19749321703342781,0.6567519031208068,1.0
suppression,23,0.021904761904761906,0.01733102253032929,1.263904761904762,0.19562471637532722,0.6582758718524826,1.0
status,23,0.021904761904761906,0.01733102253032929,1.263904761904762,0.19562471637532722,0.6582758718524826,1.0
substrate,23,0.021904761904761906,0.01733102253032929,1.263904761904762,0.19562471637532722,0.6582758718524826,1.0
anterior cingulate,161,0.15333333333333332,0.1438474870017331,1.0659437751004015,0.19369602100995678,0.6598580904756075,1.0
temporo,24,0.022857142857142857,0.02772963604852686,0.8242857142857143,0.1934657234982962,0.6600476443037733,1.0
evaluate,24,0.022857142857142857,0.02772963604852686,0.8242857142857143,0.1934657234982962,0.6600476443037733,1.0
deficits,76,0.07238095238095238,0.07972270363951472,0.9079089026915115,0.19320370767809003,0.6602634687258085,1.0
linked,71,0.06761904761904762,0.060658578856152515,1.114748299319728,0.19294737357524594,0.6604747821226035,1.0
far,21,0.02,0.01559792027729636,1.2822222222222222,0.1925668164309829,0.6607888099597303,1.0
insight,21,0.02,0.01559792027729636,1.2822222222222222,0.1925668164309829,0.6607888099597303,1.0
administered,21,0.02,0.01559792027729636,1.2822222222222222,0.1925668164309829,0.6607888099597303,1.0
fc,21,0.02,0.01559792027729636,1.2822222222222222,0.1925668164309829,0.6607888099597303,1.0
levels,69,0.06571428571428571,0.07279029462738301,0.9027891156462585,0.19254616233031904,0.6608058638775258,1.0
assessed using,13,0.012380952380952381,0.008665511265164644,1.428761904761905,0.1916062178004723,0.6615831252411106,1.0
questions,13,0.012380952380952381,0.008665511265164644,1.428761904761905,0.1916062178004723,0.6615831252411106,1.0
samples,13,0.012380952380952381,0.008665511265164644,1.428761904761905,0.1916062178004723,0.6615831252411106,1.0
social interactions,13,0.012380952380952381,0.008665511265164644,1.428761904761905,0.1916062178004723,0.6615831252411106,1.0
attention network,13,0.012380952380952381,0.008665511265164644,1.428761904761905,0.1916062178004723,0.6615831252411106,1.0
emotional valence,13,0.012380952380952381,0.008665511265164644,1.428761904761905,0.1916062178004723,0.6615831252411106,1.0
inferior prefrontal,13,0.012380952380952381,0.008665511265164644,1.428761904761905,0.1916062178004723,0.6615831252411106,1.0
pleasant,13,0.012380952380952381,0.008665511265164644,1.428761904761905,0.1916062178004723,0.6615831252411106,1.0
reorganization,13,0.012380952380952381,0.008665511265164644,1.428761904761905,0.1916062178004723,0.6615831252411106,1.0
using voxel,13,0.012380952380952381,0.008665511265164644,1.428761904761905,0.1916062178004723,0.6615831252411106,1.0
conceptual,13,0.012380952380952381,0.008665511265164644,1.428761904761905,0.1916062178004723,0.6615831252411106,1.0
31,13,0.012380952380952381,0.008665511265164644,1.428761904761905,0.1916062178004723,0.6615831252411106,1.0
amygdala anterior,19,0.018095238095238095,0.01386481802426343,1.3051190476190477,0.19026836556345678,0.6626933530187182,1.0
reaction time,19,0.018095238095238095,0.01386481802426343,1.3051190476190477,0.19026836556345678,0.6626933530187182,1.0
secondary,19,0.018095238095238095,0.01386481802426343,1.3051190476190477,0.19026836556345678,0.6626933530187182,1.0
irrespective,19,0.018095238095238095,0.01386481802426343,1.3051190476190477,0.19026836556345678,0.6626933530187182,1.0
atrophy,19,0.018095238095238095,0.01386481802426343,1.3051190476190477,0.19026836556345678,0.6626933530187182,1.0
self reported,19,0.018095238095238095,0.01386481802426343,1.3051190476190477,0.19026836556345678,0.6626933530187182,1.0
pathway,19,0.018095238095238095,0.01386481802426343,1.3051190476190477,0.19026836556345678,0.6626933530187182,1.0
appropriate,15,0.014285714285714285,0.010398613518197574,1.3738095238095236,0.18921025157758972,0.6635747325835538,1.0
produce,15,0.014285714285714285,0.010398613518197574,1.3738095238095236,0.18921025157758972,0.6635747325835538,1.0
serotonin,15,0.014285714285714285,0.010398613518197574,1.3738095238095236,0.18921025157758972,0.6635747325835538,1.0
operculum,15,0.014285714285714285,0.010398613518197574,1.3738095238095236,0.18921025157758972,0.6635747325835538,1.0
increasingly,15,0.014285714285714285,0.010398613518197574,1.3738095238095236,0.18921025157758972,0.6635747325835538,1.0
suppressed,15,0.014285714285714285,0.010398613518197574,1.3738095238095236,0.18921025157758972,0.6635747325835538,1.0
practice,15,0.014285714285714285,0.010398613518197574,1.3738095238095236,0.18921025157758972,0.6635747325835538,1.0
typical,15,0.014285714285714285,0.010398613518197574,1.3738095238095236,0.18921025157758972,0.6635747325835538,1.0
previous research,17,0.01619047619047619,0.012131715771230503,1.3345578231292516,0.18900506815798013,0.6637459837667377,1.0
includes,17,0.01619047619047619,0.012131715771230503,1.3345578231292516,0.18900506815798013,0.6637459837667377,1.0
efficient,17,0.01619047619047619,0.012131715771230503,1.3345578231292516,0.18900506815798013,0.6637459837667377,1.0
remembering,17,0.01619047619047619,0.012131715771230503,1.3345578231292516,0.18900506815798013,0.6637459837667377,1.0
neuroanatomical,17,0.01619047619047619,0.012131715771230503,1.3345578231292516,0.18900506815798013,0.6637459837667377,1.0
wide,9,0.008571428571428572,0.012131715771230503,0.706530612244898,0.18805386302285912,0.6645413302652879,1.0
threatening,9,0.008571428571428572,0.012131715771230503,0.706530612244898,0.18805386302285912,0.6645413302652879,1.0
39,9,0.008571428571428572,0.012131715771230503,0.706530612244898,0.18805386302285912,0.6645413302652879,1.0
disturbances,9,0.008571428571428572,0.012131715771230503,0.706530612244898,0.18805386302285912,0.6645413302652879,1.0
patient group,9,0.008571428571428572,0.012131715771230503,0.706530612244898,0.18805386302285912,0.6645413302652879,1.0
distance,9,0.008571428571428572,0.012131715771230503,0.706530612244898,0.18805386302285912,0.6645413302652879,1.0
performance task,9,0.008571428571428572,0.012131715771230503,0.706530612244898,0.18805386302285912,0.6645413302652879,1.0
sixteen,9,0.008571428571428572,0.012131715771230503,0.706530612244898,0.18805386302285912,0.6645413302652879,1.0
processes underlying,9,0.008571428571428572,0.012131715771230503,0.706530612244898,0.18805386302285912,0.6645413302652879,1.0
priori,9,0.008571428571428572,0.012131715771230503,0.706530612244898,0.18805386302285912,0.6645413302652879,1.0
emotional responses,9,0.008571428571428572,0.012131715771230503,0.706530612244898,0.18805386302285912,0.6645413302652879,1.0
amnestic,9,0.008571428571428572,0.012131715771230503,0.706530612244898,0.18805386302285912,0.6645413302652879,1.0
systematically,9,0.008571428571428572,0.012131715771230503,0.706530612244898,0.18805386302285912,0.6645413302652879,1.0
family,9,0.008571428571428572,0.012131715771230503,0.706530612244898,0.18805386302285912,0.6645413302652879,1.0
storage,9,0.008571428571428572,0.012131715771230503,0.706530612244898,0.18805386302285912,0.6645413302652879,1.0
vary,9,0.008571428571428572,0.012131715771230503,0.706530612244898,0.18805386302285912,0.6645413302652879,1.0
benefits,9,0.008571428571428572,0.012131715771230503,0.706530612244898,0.18805386302285912,0.6645413302652879,1.0
somatosensory cortex,9,0.008571428571428572,0.012131715771230503,0.706530612244898,0.18805386302285912,0.6645413302652879,1.0
variation,19,0.018095238095238095,0.022530329289428077,0.803150183150183,0.1846797040231181,0.6673820433714149,1.0
cued,19,0.018095238095238095,0.022530329289428077,0.803150183150183,0.1846797040231181,0.6673820433714149,1.0
stage,19,0.018095238095238095,0.022530329289428077,0.803150183150183,0.1846797040231181,0.6673820433714149,1.0
require,19,0.018095238095238095,0.022530329289428077,0.803150183150183,0.1846797040231181,0.6673820433714149,1.0
recruit,19,0.018095238095238095,0.022530329289428077,0.803150183150183,0.1846797040231181,0.6673820433714149,1.0
interaction,92,0.08761904761904762,0.09532062391681109,0.9192034632034632,0.1832013566290755,0.6686363585107908,1.0
pre,43,0.040952380952380955,0.04679376083188908,0.8751675485008819,0.18303247857883273,0.6687800250787581,1.0
learning,115,0.10952380952380952,0.11785095320623917,0.9293417366946778,0.18196708925708738,0.6696881768357346,1.0
treatment,48,0.045714285714285714,0.03986135181975736,1.1468322981366461,0.18149925243177828,0.670087960102852,1.0
core,48,0.045714285714285714,0.03986135181975736,1.1468322981366461,0.18149925243177828,0.670087960102852,1.0
alternative,14,0.013333333333333334,0.01733102253032929,0.7693333333333334,0.18060085712228055,0.6708573811634679,1.0
emerged,14,0.013333333333333334,0.01733102253032929,0.7693333333333334,0.18060085712228055,0.6708573811634679,1.0
extinction,14,0.013333333333333334,0.01733102253032929,0.7693333333333334,0.18060085712228055,0.6708573811634679,1.0
modulation,67,0.06380952380952382,0.05719237435008666,1.1156998556998559,0.17958127366180188,0.6717333345135701,1.0
memory,321,0.3057142857142857,0.317157712305026,0.9639188134270101,0.17768224229849108,0.6733726978062137,1.0
placebo,31,0.029523809523809525,0.03466204506065858,0.8517619047619048,0.176670028573676,0.6742507227747014,1.0
predict,31,0.029523809523809525,0.03466204506065858,0.8517619047619048,0.176670028573676,0.6742507227747014,1.0
modulated,82,0.07809523809523809,0.07105719237435008,1.099047619047619,0.1728357412259345,0.6776037941654403,1.0
recognition,112,0.10666666666666667,0.09878682842287695,1.079766081871345,0.17095359866755366,0.67926570129837,1.0
theory,38,0.03619047619047619,0.0415944540727903,0.870079365079365,0.16755722071461143,0.682291970711514,1.0
volume,63,0.06,0.053726169844020795,1.116774193548387,0.16632910865268904,0.6833950667300343,1.0
mental,63,0.06,0.053726169844020795,1.116774193548387,0.16632910865268904,0.6833950667300343,1.0
encoded,26,0.024761904761904763,0.029462738301559793,0.8404481792717087,0.16319776104633377,0.6862293188988766,1.0
factor,26,0.024761904761904763,0.029462738301559793,0.8404481792717087,0.16319776104633377,0.6862293188988766,1.0
highly,45,0.04285714285714286,0.04852686308492201,0.8831632653061224,0.16268529165190002,0.6866961716866651,1.0
formation,42,0.04,0.03466204506065858,1.1540000000000001,0.16215359563963488,0.6871814441946829,1.0
cue,42,0.04,0.03466204506065858,1.1540000000000001,0.16215359563963488,0.6871814441946829,1.0
affective,78,0.07428571428571429,0.06759098786828423,1.099047619047619,0.15981575881219506,0.6893261997754645,1.0
methods,112,0.10666666666666667,0.11438474870017332,0.9325252525252525,0.15533561378059774,0.6934877258961547,1.0
individual,121,0.11523809523809524,0.10745233968804159,1.072457757296467,0.1548504690334313,0.6939425121867537,1.0
amplitude,21,0.02,0.024263431542461005,0.8242857142857143,0.15090807071676898,0.6976690795049019,1.0
speech,21,0.02,0.024263431542461005,0.8242857142857143,0.15090807071676898,0.6976690795049019,1.0
drug,21,0.02,0.024263431542461005,0.8242857142857143,0.15090807071676898,0.6976690795049019,1.0
participated,21,0.02,0.024263431542461005,0.8242857142857143,0.15090807071676898,0.6976690795049019,1.0
memory retrieval,40,0.0380952380952381,0.043327556325823226,0.8792380952380953,0.14688009431191734,0.7015348611342647,1.0
sample,47,0.04476190476190476,0.05025996533795494,0.890607553366174,0.14438963184653444,0.7039555421501857,1.0
remote,6,0.005714285714285714,0.008665511265164644,0.6594285714285715,0.14346702280558585,0.7048583630592411,1.0
environments,6,0.005714285714285714,0.008665511265164644,0.6594285714285715,0.14346702280558585,0.7048583630592411,1.0
inferior occipital,6,0.005714285714285714,0.008665511265164644,0.6594285714285715,0.14346702280558585,0.7048583630592411,1.0
reliance,6,0.005714285714285714,0.008665511265164644,0.6594285714285715,0.14346702280558585,0.7048583630592411,1.0
occipitotemporal,6,0.005714285714285714,0.008665511265164644,0.6594285714285715,0.14346702280558585,0.7048583630592411,1.0
men women,6,0.005714285714285714,0.008665511265164644,0.6594285714285715,0.14346702280558585,0.7048583630592411,1.0
localization,6,0.005714285714285714,0.008665511265164644,0.6594285714285715,0.14346702280558585,0.7048583630592411,1.0
noted,6,0.005714285714285714,0.008665511265164644,0.6594285714285715,0.14346702280558585,0.7048583630592411,1.0
multisensory,6,0.005714285714285714,0.008665511265164644,0.6594285714285715,0.14346702280558585,0.7048583630592411,1.0
action observation,6,0.005714285714285714,0.008665511265164644,0.6594285714285715,0.14346702280558585,0.7048583630592411,1.0
ipl,6,0.005714285714285714,0.008665511265164644,0.6594285714285715,0.14346702280558585,0.7048583630592411,1.0
externally,6,0.005714285714285714,0.008665511265164644,0.6594285714285715,0.14346702280558585,0.7048583630592411,1.0
motor control,6,0.005714285714285714,0.008665511265164644,0.6594285714285715,0.14346702280558585,0.7048583630592411,1.0
cortex cerebellum,6,0.005714285714285714,0.008665511265164644,0.6594285714285715,0.14346702280558585,0.7048583630592411,1.0
early visual,6,0.005714285714285714,0.008665511265164644,0.6594285714285715,0.14346702280558585,0.7048583630592411,1.0
electrophysiological,6,0.005714285714285714,0.008665511265164644,0.6594285714285715,0.14346702280558585,0.7048583630592411,1.0
standardized,6,0.005714285714285714,0.008665511265164644,0.6594285714285715,0.14346702280558585,0.7048583630592411,1.0
01,6,0.005714285714285714,0.008665511265164644,0.6594285714285715,0.14346702280558585,0.7048583630592411,1.0
valid,6,0.005714285714285714,0.008665511265164644,0.6594285714285715,0.14346702280558585,0.7048583630592411,1.0
event potentials,6,0.005714285714285714,0.008665511265164644,0.6594285714285715,0.14346702280558585,0.7048583630592411,1.0
languages,6,0.005714285714285714,0.008665511265164644,0.6594285714285715,0.14346702280558585,0.7048583630592411,1.0
took,6,0.005714285714285714,0.008665511265164644,0.6594285714285715,0.14346702280558585,0.7048583630592411,1.0
published,6,0.005714285714285714,0.008665511265164644,0.6594285714285715,0.14346702280558585,0.7048583630592411,1.0
heard,6,0.005714285714285714,0.008665511265164644,0.6594285714285715,0.14346702280558585,0.7048583630592411,1.0
manifest,6,0.005714285714285714,0.008665511265164644,0.6594285714285715,0.14346702280558585,0.7048583630592411,1.0
listened,6,0.005714285714285714,0.008665511265164644,0.6594285714285715,0.14346702280558585,0.7048583630592411,1.0
weak,6,0.005714285714285714,0.008665511265164644,0.6594285714285715,0.14346702280558585,0.7048583630592411,1.0
proper,6,0.005714285714285714,0.008665511265164644,0.6594285714285715,0.14346702280558585,0.7048583630592411,1.0
posttraumatic,6,0.005714285714285714,0.008665511265164644,0.6594285714285715,0.14346702280558585,0.7048583630592411,1.0
inhibition,36,0.03428571428571429,0.029462738301559793,1.1636974789915966,0.1431162848225894,0.7052024491528217,1.0
interference,16,0.015238095238095238,0.019064124783362217,0.7993073593073594,0.1407093892705841,0.7075767994231944,1.0
perspective,16,0.015238095238095238,0.019064124783362217,0.7993073593073594,0.1407093892705841,0.7075767994231944,1.0
located,16,0.015238095238095238,0.019064124783362217,0.7993073593073594,0.1407093892705841,0.7075767994231944,1.0
supramarginal,16,0.015238095238095238,0.019064124783362217,0.7993073593073594,0.1407093892705841,0.7075767994231944,1.0
frontal gyri,16,0.015238095238095238,0.019064124783362217,0.7993073593073594,0.1407093892705841,0.7075767994231944,1.0
flow,16,0.015238095238095238,0.019064124783362217,0.7993073593073594,0.1407093892705841,0.7075767994231944,1.0
dual,16,0.015238095238095238,0.019064124783362217,0.7993073593073594,0.1407093892705841,0.7075767994231944,1.0
restricted,16,0.015238095238095238,0.019064124783362217,0.7993073593073594,0.1407093892705841,0.7075767994231944,1.0
following,72,0.06857142857142857,0.06239168110918544,1.099047619047619,0.14058026666740017,0.7077048288591156,1.0
cingulate cortex,156,0.14857142857142858,0.14038128249566725,1.058342151675485,0.1402947706088409,0.7079881461308826,1.0
abnormalities,55,0.05238095238095238,0.04679376083188908,1.119400352733686,0.14016938307119062,0.7081126806534168,1.0
state,148,0.14095238095238094,0.14904679376083188,0.9456921373200443,0.13785047308018986,0.7104273532869794,1.0
extensive,34,0.03238095238095238,0.02772963604852686,1.1677380952380951,0.1368462384323131,0.7114366282844895,1.0
discrete,11,0.010476190476190476,0.01386481802426343,0.7555952380952381,0.135044175466106,0.7132583438386273,1.0
access,11,0.010476190476190476,0.01386481802426343,0.7555952380952381,0.135044175466106,0.7132583438386273,1.0
methodology,11,0.010476190476190476,0.01386481802426343,0.7555952380952381,0.135044175466106,0.7132583438386273,1.0
randomly,11,0.010476190476190476,0.01386481802426343,0.7555952380952381,0.135044175466106,0.7132583438386273,1.0
cortical network,11,0.010476190476190476,0.01386481802426343,0.7555952380952381,0.135044175466106,0.7132583438386273,1.0
high resolution,11,0.010476190476190476,0.01386481802426343,0.7555952380952381,0.135044175466106,0.7132583438386273,1.0
sound,11,0.010476190476190476,0.01386481802426343,0.7555952380952381,0.135044175466106,0.7132583438386273,1.0
gene,11,0.010476190476190476,0.01386481802426343,0.7555952380952381,0.135044175466106,0.7132583438386273,1.0
alterations,53,0.05047619047619047,0.045060658578856154,1.12018315018315,0.13370224998031474,0.7146238850988904,1.0
recently,35,0.03333333333333333,0.038128249566724434,0.8742424242424243,0.13126945146500754,0.7171194423003342,1.0
signal,126,0.12,0.11265164644714037,1.0652307692307692,0.12962220115571865,0.718824075658401,1.0
10,56,0.05333333333333334,0.058925476603119586,0.9050980392156863,0.12867431237630458,0.71981053635049,1.0
finally,42,0.04,0.045060658578856154,0.8876923076923077,0.12852778173922522,0.7199633953131488,1.0
trials,68,0.06476190476190476,0.058925476603119586,1.0990476190476188,0.12796411637928481,0.7205523225172709,1.0
measures,68,0.06476190476190476,0.058925476603119586,1.0990476190476188,0.12796411637928481,0.7205523225172709,1.0
assessed,83,0.07904761904761905,0.07279029462738301,1.0859637188208617,0.1268078196637382,0.7217650361780548,1.0
mechanisms underlying,30,0.02857142857142857,0.024263431542461005,1.1775510204081632,0.12443521211626403,0.72427305542654,1.0
identification,23,0.021904761904761906,0.025996533795493933,0.8426031746031747,0.12336848199854768,0.7254094309805117,1.0
encoding retrieval,23,0.021904761904761906,0.025996533795493933,0.8426031746031747,0.12336848199854768,0.7254094309805117,1.0
analyses,127,0.12095238095238095,0.12824956672443674,0.943101673101673,0.12193251656753563,0.726947898014866,1.0
values,28,0.02666666666666667,0.022530329289428077,1.1835897435897436,0.11830218220924489,0.7308832548806271,1.0
occurred,28,0.02666666666666667,0.022530329289428077,1.1835897435897436,0.11830218220924489,0.7308832548806271,1.0
primarily,28,0.02666666666666667,0.022530329289428077,1.1835897435897436,0.11830218220924489,0.7308832548806271,1.0
specificity,28,0.02666666666666667,0.022530329289428077,1.1835897435897436,0.11830218220924489,0.7308832548806271,1.0
behavioural,30,0.02857142857142857,0.03292894280762565,0.8676691729323308,0.11586672051833236,0.7335613348910612,1.0
frequency,30,0.02857142857142857,0.03292894280762565,0.8676691729323308,0.11586672051833236,0.7335613348910612,1.0
session,30,0.02857142857142857,0.03292894280762565,0.8676691729323308,0.11586672051833236,0.7335613348910612,1.0
memory task,47,0.04476190476190476,0.03986135181975736,1.1229399585921325,0.11448058565648857,0.7350996009781172,1.0
executive,51,0.04857142857142857,0.053726169844020795,0.9040552995391705,0.11306183706350359,0.7366848463487713,1.0
lateral prefrontal,26,0.024761904761904763,0.02079722703639515,1.1906349206349205,0.11222494086075697,0.7376251528018545,1.0
rostral,26,0.024761904761904763,0.02079722703639515,1.1906349206349205,0.11222494086075697,0.7376251528018545,1.0
conducted,44,0.0419047619047619,0.04679376083188908,0.8955202821869488,0.1122083601206406,0.7376438216615435,1.0
lateral,113,0.10761904761904761,0.11438474870017332,0.9408513708513707,0.11184170802742016,0.7380570412701293,1.0
angular gyrus,18,0.017142857142857144,0.02079722703639515,0.8242857142857143,0.10994171217845093,0.7402105054080976,1.0
rating,18,0.017142857142857144,0.02079722703639515,0.8242857142857143,0.10994171217845093,0.7402105054080976,1.0
partially,18,0.017142857142857144,0.02079722703639515,0.8242857142857143,0.10994171217845093,0.7402105054080976,1.0
stages,18,0.017142857142857144,0.02079722703639515,0.8242857142857143,0.10994171217845093,0.7402105054080976,1.0
association,74,0.07047619047619047,0.07625649913344887,0.9241991341991341,0.10901123886941003,0.7412726462850527,1.0
group,205,0.19523809523809524,0.18717504332755633,1.0430776014109346,0.10824095521232575,0.7421557394817281,1.0
responding,24,0.022857142857142857,0.019064124783362217,1.198961038961039,0.1062115475676523,0.7444991595206065,1.0
difficult,24,0.022857142857142857,0.019064124783362217,1.198961038961039,0.1062115475676523,0.7444991595206065,1.0
subsequently,24,0.022857142857142857,0.019064124783362217,1.198961038961039,0.1062115475676523,0.7444991595206065,1.0
single,67,0.06380952380952382,0.06932409012131716,0.920452380952381,0.10548176876079216,0.7453479082180557,1.0
indicated,60,0.05714285714285714,0.06239168110918544,0.9158730158730158,0.10232671556771561,0.7490551509206305,1.0
aged,25,0.023809523809523808,0.02772963604852686,0.8586309523809523,0.10069765989656107,0.750994015829319,1.0
term memory,25,0.023809523809523808,0.02772963604852686,0.8586309523809523,0.10069765989656107,0.750994015829319,1.0
dorsomedial,25,0.023809523809523808,0.02772963604852686,0.8586309523809523,0.10069765989656107,0.750994015829319,1.0
propose,22,0.02095238095238095,0.01733102253032929,1.208952380952381,0.100273135865683,0.7515021062408656,1.0
neutral faces,22,0.02095238095238095,0.01733102253032929,1.208952380952381,0.100273135865683,0.7515021062408656,1.0
independently,22,0.02095238095238095,0.01733102253032929,1.208952380952381,0.100273135865683,0.7515021062408656,1.0
observations,13,0.012380952380952381,0.01559792027729636,0.7937566137566138,0.0980616056953626,0.7541683007657674,1.0
neocortical,13,0.012380952380952381,0.01559792027729636,0.7937566137566138,0.0980616056953626,0.7541683007657674,1.0
relational,13,0.012380952380952381,0.01559792027729636,0.7937566137566138,0.0980616056953626,0.7541683007657674,1.0
precise,13,0.012380952380952381,0.01559792027729636,0.7937566137566138,0.0980616056953626,0.7541683007657674,1.0
planning,13,0.012380952380952381,0.01559792027729636,0.7937566137566138,0.0980616056953626,0.7541683007657674,1.0
caused,13,0.012380952380952381,0.01559792027729636,0.7937566137566138,0.0980616056953626,0.7541683007657674,1.0
3t,13,0.012380952380952381,0.01559792027729636,0.7937566137566138,0.0980616056953626,0.7541683007657674,1.0
recordings,13,0.012380952380952381,0.01559792027729636,0.7937566137566138,0.0980616056953626,0.7541683007657674,1.0
clarify,13,0.012380952380952381,0.01559792027729636,0.7937566137566138,0.0980616056953626,0.7541683007657674,1.0
close,13,0.012380952380952381,0.01559792027729636,0.7937566137566138,0.0980616056953626,0.7541683007657674,1.0
cortex ofc,13,0.012380952380952381,0.01559792027729636,0.7937566137566138,0.0980616056953626,0.7541683007657674,1.0
future,46,0.04380952380952381,0.04852686308492201,0.9027891156462585,0.09767726597463268,0.7546350138100824,1.0
dorsolateral,92,0.08761904761904762,0.09358752166377816,0.9362257495590829,0.09754516977417396,0.7547956541246893,1.0
scanner,41,0.039047619047619046,0.03466204506065858,1.1265238095238095,0.09554041686142208,0.7572484038449583,1.0
unrelated,20,0.01904761904761905,0.01559792027729636,1.2211640211640213,0.0944255028138373,0.7586246791276207,1.0
empathy,20,0.01904761904761905,0.01559792027729636,1.2211640211640213,0.0944255028138373,0.7586246791276207,1.0
representing,20,0.01904761904761905,0.01559792027729636,1.2211640211640213,0.0944255028138373,0.7586246791276207,1.0
represented,20,0.01904761904761905,0.01559792027729636,1.2211640211640213,0.0944255028138373,0.7586246791276207,1.0
search,20,0.01904761904761905,0.01559792027729636,1.2211640211640213,0.0944255028138373,0.7586246791276207,1.0
reliable,20,0.01904761904761905,0.01559792027729636,1.2211640211640213,0.0944255028138373,0.7586246791276207,1.0
probability,20,0.01904761904761905,0.01559792027729636,1.2211640211640213,0.0944255028138373,0.7586246791276207,1.0
blood,85,0.08095238095238096,0.08665511265164645,0.9341904761904762,0.09302958404218437,0.7603604289359729,1.0
unclear,56,0.05333333333333334,0.04852686308492201,1.099047619047619,0.09124207969955223,0.7626040075193296,1.0
explicitly,8,0.007619047619047619,0.010398613518197574,0.7326984126984126,0.09011510406240703,0.7640308756316836,1.0
intra,8,0.007619047619047619,0.010398613518197574,0.7326984126984126,0.09011510406240703,0.7640308756316836,1.0
experimentally,8,0.007619047619047619,0.010398613518197574,0.7326984126984126,0.09011510406240703,0.7640308756316836,1.0
face recognition,8,0.007619047619047619,0.010398613518197574,0.7326984126984126,0.09011510406240703,0.7640308756316836,1.0
parietal occipital,8,0.007619047619047619,0.010398613518197574,0.7326984126984126,0.09011510406240703,0.7640308756316836,1.0
determining,8,0.007619047619047619,0.010398613518197574,0.7326984126984126,0.09011510406240703,0.7640308756316836,1.0
attention deficit,8,0.007619047619047619,0.010398613518197574,0.7326984126984126,0.09011510406240703,0.7640308756316836,1.0
hierarchical,8,0.007619047619047619,0.010398613518197574,0.7326984126984126,0.09011510406240703,0.7640308756316836,1.0
factorial,8,0.007619047619047619,0.010398613518197574,0.7326984126984126,0.09011510406240703,0.7640308756316836,1.0
hyperactivity disorder,8,0.007619047619047619,0.010398613518197574,0.7326984126984126,0.09011510406240703,0.7640308756316836,1.0
referred,8,0.007619047619047619,0.010398613518197574,0.7326984126984126,0.09011510406240703,0.7640308756316836,1.0
correspond,8,0.007619047619047619,0.010398613518197574,0.7326984126984126,0.09011510406240703,0.7640308756316836,1.0
biased,8,0.007619047619047619,0.010398613518197574,0.7326984126984126,0.09011510406240703,0.7640308756316836,1.0
insula anterior,8,0.007619047619047619,0.010398613518197574,0.7326984126984126,0.09011510406240703,0.7640308756316836,1.0
competition,8,0.007619047619047619,0.010398613518197574,0.7326984126984126,0.09011510406240703,0.7640308756316836,1.0
high level,8,0.007619047619047619,0.010398613518197574,0.7326984126984126,0.09011510406240703,0.7640308756316836,1.0
contributing,8,0.007619047619047619,0.010398613518197574,0.7326984126984126,0.09011510406240703,0.7640308756316836,1.0
deficit hyperactivity,8,0.007619047619047619,0.010398613518197574,0.7326984126984126,0.09011510406240703,0.7640308756316836,1.0
weaker,8,0.007619047619047619,0.010398613518197574,0.7326984126984126,0.09011510406240703,0.7640308756316836,1.0
sn,8,0.007619047619047619,0.010398613518197574,0.7326984126984126,0.09011510406240703,0.7640308756316836,1.0
task irrelevant,8,0.007619047619047619,0.010398613518197574,0.7326984126984126,0.09011510406240703,0.7640308756316836,1.0
disorder ptsd,8,0.007619047619047619,0.010398613518197574,0.7326984126984126,0.09011510406240703,0.7640308756316836,1.0
deactivations,8,0.007619047619047619,0.010398613518197574,0.7326984126984126,0.09011510406240703,0.7640308756316836,1.0
young older,8,0.007619047619047619,0.010398613518197574,0.7326984126984126,0.09011510406240703,0.7640308756316836,1.0
cohort,8,0.007619047619047619,0.010398613518197574,0.7326984126984126,0.09011510406240703,0.7640308756316836,1.0
serial,8,0.007619047619047619,0.010398613518197574,0.7326984126984126,0.09011510406240703,0.7640308756316836,1.0
response time,8,0.007619047619047619,0.010398613518197574,0.7326984126984126,0.09011510406240703,0.7640308756316836,1.0
employed,39,0.037142857142857144,0.03292894280762565,1.12796992481203,0.08929360764933136,0.7650771151673748,1.0
occurs,18,0.017142857142857144,0.01386481802426343,1.2364285714285717,0.0886917988976307,0.7658468967291461,1.0
longer,18,0.017142857142857144,0.01386481802426343,1.2364285714285717,0.0886917988976307,0.7658468967291461,1.0
fundamental,18,0.017142857142857144,0.01386481802426343,1.2364285714285717,0.0886917988976307,0.7658468967291461,1.0
cause,18,0.017142857142857144,0.01386481802426343,1.2364285714285717,0.0886917988976307,0.7658468967291461,1.0
cognitively,18,0.017142857142857144,0.01386481802426343,1.2364285714285717,0.0886917988976307,0.7658468967291461,1.0
functional networks,18,0.017142857142857144,0.01386481802426343,1.2364285714285717,0.0886917988976307,0.7658468967291461,1.0
temporal lobe,110,0.10476190476190476,0.09878682842287695,1.060484544695071,0.08675274128778304,0.7683466908055139,1.0
purpose,20,0.01904761904761905,0.022530329289428077,0.8454212454212454,0.08581539898006632,0.7695659844890141,1.0
poorly understood,20,0.01904761904761905,0.022530329289428077,0.8454212454212454,0.08581539898006632,0.7695659844890141,1.0
animal,20,0.01904761904761905,0.022530329289428077,0.8454212454212454,0.08581539898006632,0.7695659844890141,1.0
retrieved,20,0.01904761904761905,0.022530329289428077,0.8454212454212454,0.08581539898006632,0.7695659844890141,1.0
thinking,20,0.01904761904761905,0.022530329289428077,0.8454212454212454,0.08581539898006632,0.7695659844890141,1.0
overlapping,20,0.01904761904761905,0.022530329289428077,0.8454212454212454,0.08581539898006632,0.7695659844890141,1.0
provides,48,0.045714285714285714,0.05025996533795494,0.9095566502463054,0.08472806954909895,0.7709894746738472,1.0
integrating,16,0.015238095238095238,0.012131715771230503,1.2560544217687075,0.08310732308159463,0.7731298071161297,1.0
distinguish,16,0.015238095238095238,0.012131715771230503,1.2560544217687075,0.08310732308159463,0.7731298071161297,1.0
personality,37,0.035238095238095235,0.03119584055459272,1.1295767195767195,0.08308226090913928,0.77316308058454,1.0
variability,27,0.025714285714285714,0.029462738301559793,0.8727731092436974,0.08190416294622904,0.7747333425711435,1.0
contextual,27,0.025714285714285714,0.029462738301559793,0.8727731092436974,0.08190416294622904,0.7747333425711435,1.0
followed,34,0.03238095238095238,0.036395147313691506,0.8897052154195011,0.081364061048428,0.7754573181856359,1.0
parahippocampal,105,0.1,0.10571923743500866,0.9459016393442624,0.07784798926234435,0.7802352125437869,1.0
numerous,14,0.013333333333333334,0.010398613518197574,1.2822222222222222,0.07772863341752076,0.780399424623575,1.0
healthy adults,14,0.013333333333333334,0.010398613518197574,1.2822222222222222,0.07772863341752076,0.780399424623575,1.0
stroop,14,0.013333333333333334,0.010398613518197574,1.2822222222222222,0.07772863341752076,0.780399424623575,1.0
high low,14,0.013333333333333334,0.010398613518197574,1.2822222222222222,0.07772863341752076,0.780399424623575,1.0
vmpfc,14,0.013333333333333334,0.010398613518197574,1.2822222222222222,0.07772863341752076,0.780399424623575,1.0
education,14,0.013333333333333334,0.010398613518197574,1.2822222222222222,0.07772863341752076,0.780399424623575,1.0
natural,14,0.013333333333333334,0.010398613518197574,1.2822222222222222,0.07772863341752076,0.780399424623575,1.0
poor,14,0.013333333333333334,0.010398613518197574,1.2822222222222222,0.07772863341752076,0.780399424623575,1.0
serve,14,0.013333333333333334,0.010398613518197574,1.2822222222222222,0.07772863341752076,0.780399424623575,1.0
ongoing,14,0.013333333333333334,0.010398613518197574,1.2822222222222222,0.07772863341752076,0.780399424623575,1.0
regulate,14,0.013333333333333334,0.010398613518197574,1.2822222222222222,0.07772863341752076,0.780399424623575,1.0
served,12,0.011428571428571429,0.008665511265164644,1.318857142857143,0.07265230418894994,0.7875134621537505,1.0
health,12,0.011428571428571429,0.008665511265164644,1.318857142857143,0.07265230418894994,0.7875134621537505,1.0
iii,12,0.011428571428571429,0.008665511265164644,1.318857142857143,0.07265230418894994,0.7875134621537505,1.0
dmpfc,12,0.011428571428571429,0.008665511265164644,1.318857142857143,0.07265230418894994,0.7875134621537505,1.0
interpret,12,0.011428571428571429,0.008665511265164644,1.318857142857143,0.07265230418894994,0.7875134621537505,1.0
implicate,12,0.011428571428571429,0.008665511265164644,1.318857142857143,0.07265230418894994,0.7875134621537505,1.0
diagnosis,12,0.011428571428571429,0.008665511265164644,1.318857142857143,0.07265230418894994,0.7875134621537505,1.0
exclusively,12,0.011428571428571429,0.008665511265164644,1.318857142857143,0.07265230418894994,0.7875134621537505,1.0
alteration,12,0.011428571428571429,0.008665511265164644,1.318857142857143,0.07265230418894994,0.7875134621537505,1.0
typically developing,12,0.011428571428571429,0.008665511265164644,1.318857142857143,0.07265230418894994,0.7875134621537505,1.0
advantage,12,0.011428571428571429,0.008665511265164644,1.318857142857143,0.07265230418894994,0.7875134621537505,1.0
issues,12,0.011428571428571429,0.008665511265164644,1.318857142857143,0.07265230418894994,0.7875134621537505,1.0
subtle,12,0.011428571428571429,0.008665511265164644,1.318857142857143,0.07265230418894994,0.7875134621537505,1.0
cognitive function,12,0.011428571428571429,0.008665511265164644,1.318857142857143,0.07265230418894994,0.7875134621537505,1.0
demanding,12,0.011428571428571429,0.008665511265164644,1.318857142857143,0.07265230418894994,0.7875134621537505,1.0
behavior,78,0.07428571428571429,0.06932409012131716,1.0715714285714286,0.07249872980677993,0.7877327801473089,1.0
months,15,0.014285714285714285,0.01733102253032929,0.8242857142857143,0.07134415276068747,0.7893896558253481,1.0
depressed,15,0.014285714285714285,0.01733102253032929,0.8242857142857143,0.07134415276068747,0.7893896558253481,1.0
poorer,15,0.014285714285714285,0.01733102253032929,0.8242857142857143,0.07134415276068747,0.7893896558253481,1.0
multimodal,15,0.014285714285714285,0.01733102253032929,0.8242857142857143,0.07134415276068747,0.7893896558253481,1.0
26,15,0.014285714285714285,0.01733102253032929,0.8242857142857143,0.07134415276068747,0.7893896558253481,1.0
comparable,15,0.014285714285714285,0.01733102253032929,0.8242857142857143,0.07134415276068747,0.7893896558253481,1.0
baseline,43,0.040952380952380955,0.045060658578856154,0.9088278388278389,0.07012853411033447,0.7911497265503088,1.0
dynamic,43,0.040952380952380955,0.045060658578856154,0.9088278388278389,0.07012853411033447,0.7911497265503088,1.0
striatal,43,0.040952380952380955,0.045060658578856154,0.9088278388278389,0.07012853411033447,0.7911497265503088,1.0
difference,43,0.040952380952380955,0.045060658578856154,0.9088278388278389,0.07012853411033447,0.7911497265503088,1.0
utility,10,0.009523809523809525,0.006932409012131715,1.373809523809524,0.06805779939613518,0.7941858984926558,1.0
striking,10,0.009523809523809525,0.006932409012131715,1.373809523809524,0.06805779939613518,0.7941858984926558,1.0
attempted,10,0.009523809523809525,0.006932409012131715,1.373809523809524,0.06805779939613518,0.7941858984926558,1.0
negative emotions,10,0.009523809523809525,0.006932409012131715,1.373809523809524,0.06805779939613518,0.7941858984926558,1.0
persistent,10,0.009523809523809525,0.006932409012131715,1.373809523809524,0.06805779939613518,0.7941858984926558,1.0
craving,10,0.009523809523809525,0.006932409012131715,1.373809523809524,0.06805779939613518,0.7941858984926558,1.0
away,10,0.009523809523809525,0.006932409012131715,1.373809523809524,0.06805779939613518,0.7941858984926558,1.0
examination,10,0.009523809523809525,0.006932409012131715,1.373809523809524,0.06805779939613518,0.7941858984926558,1.0
special,10,0.009523809523809525,0.006932409012131715,1.373809523809524,0.06805779939613518,0.7941858984926558,1.0
biomarker,10,0.009523809523809525,0.006932409012131715,1.373809523809524,0.06805779939613518,0.7941858984926558,1.0
signal task,10,0.009523809523809525,0.006932409012131715,1.373809523809524,0.06805779939613518,0.7941858984926558,1.0
functional coupling,10,0.009523809523809525,0.006932409012131715,1.373809523809524,0.06805779939613518,0.7941858984926558,1.0
functional structural,10,0.009523809523809525,0.006932409012131715,1.373809523809524,0.06805779939613518,0.7941858984926558,1.0
exists,10,0.009523809523809525,0.006932409012131715,1.373809523809524,0.06805779939613518,0.7941858984926558,1.0
rois,10,0.009523809523809525,0.006932409012131715,1.373809523809524,0.06805779939613518,0.7941858984926558,1.0
oriented,10,0.009523809523809525,0.006932409012131715,1.373809523809524,0.06805779939613518,0.7941858984926558,1.0
rostral anterior,10,0.009523809523809525,0.006932409012131715,1.373809523809524,0.06805779939613518,0.7941858984926558,1.0
carried,10,0.009523809523809525,0.006932409012131715,1.373809523809524,0.06805779939613518,0.7941858984926558,1.0
equal,10,0.009523809523809525,0.006932409012131715,1.373809523809524,0.06805779939613518,0.7941858984926558,1.0
neutral pictures,10,0.009523809523809525,0.006932409012131715,1.373809523809524,0.06805779939613518,0.7941858984926558,1.0
objectives,10,0.009523809523809525,0.006932409012131715,1.373809523809524,0.06805779939613518,0.7941858984926558,1.0
high risk,10,0.009523809523809525,0.006932409012131715,1.373809523809524,0.06805779939613518,0.7941858984926558,1.0
neurophysiological,10,0.009523809523809525,0.006932409012131715,1.373809523809524,0.06805779939613518,0.7941858984926558,1.0
estimates,10,0.009523809523809525,0.006932409012131715,1.373809523809524,0.06805779939613518,0.7941858984926558,1.0
nucleus,59,0.05619047619047619,0.060658578856152515,0.9263401360544218,0.06681639670535995,0.7960297856716203,1.0
basis,75,0.07142857142857142,0.07625649913344887,0.9366883116883117,0.06672004173734815,0.7961736657864371,1.0
angular,22,0.02095238095238095,0.024263431542461005,0.8635374149659863,0.06667553908319115,0.7962401558917603,1.0
junction,29,0.02761904761904762,0.03119584055459272,0.8853439153439153,0.066249715261611,0.7968775670670496,1.0
decision making,29,0.02761904761904762,0.03119584055459272,0.8853439153439153,0.066249715261611,0.7968775670670496,1.0
seed,31,0.029523809523809525,0.025996533795493933,1.1356825396825398,0.06468158154030824,0.7992439165018491,1.0
reliability,8,0.007619047619047619,0.005199306759098787,1.4653968253968253,0.06432050286763016,0.7997931066754214,1.0
resonance images,8,0.007619047619047619,0.005199306759098787,1.4653968253968253,0.06432050286763016,0.7997931066754214,1.0
representational,8,0.007619047619047619,0.005199306759098787,1.4653968253968253,0.06432050286763016,0.7997931066754214,1.0
remarkably,8,0.007619047619047619,0.005199306759098787,1.4653968253968253,0.06432050286763016,0.7997931066754214,1.0
intervals,8,0.007619047619047619,0.005199306759098787,1.4653968253968253,0.06432050286763016,0.7997931066754214,1.0
self report,8,0.007619047619047619,0.005199306759098787,1.4653968253968253,0.06432050286763016,0.7997931066754214,1.0
causal modeling,8,0.007619047619047619,0.005199306759098787,1.4653968253968253,0.06432050286763016,0.7997931066754214,1.0
eyes,8,0.007619047619047619,0.005199306759098787,1.4653968253968253,0.06432050286763016,0.7997931066754214,1.0
integrative,8,0.007619047619047619,0.005199306759098787,1.4653968253968253,0.06432050286763016,0.7997931066754214,1.0
individually,8,0.007619047619047619,0.005199306759098787,1.4653968253968253,0.06432050286763016,0.7997931066754214,1.0
temporal occipital,8,0.007619047619047619,0.005199306759098787,1.4653968253968253,0.06432050286763016,0.7997931066754214,1.0
cortex dmpfc,8,0.007619047619047619,0.005199306759098787,1.4653968253968253,0.06432050286763016,0.7997931066754214,1.0
disturbed,8,0.007619047619047619,0.005199306759098787,1.4653968253968253,0.06432050286763016,0.7997931066754214,1.0
arithmetic,8,0.007619047619047619,0.005199306759098787,1.4653968253968253,0.06432050286763016,0.7997931066754214,1.0
uses,8,0.007619047619047619,0.005199306759098787,1.4653968253968253,0.06432050286763016,0.7997931066754214,1.0
correction,8,0.007619047619047619,0.005199306759098787,1.4653968253968253,0.06432050286763016,0.7997931066754214,1.0
uniquely,8,0.007619047619047619,0.005199306759098787,1.4653968253968253,0.06432050286763016,0.7997931066754214,1.0
reversed,8,0.007619047619047619,0.005199306759098787,1.4653968253968253,0.06432050286763016,0.7997931066754214,1.0
setting,8,0.007619047619047619,0.005199306759098787,1.4653968253968253,0.06432050286763016,0.7997931066754214,1.0
structures involved,8,0.007619047619047619,0.005199306759098787,1.4653968253968253,0.06432050286763016,0.7997931066754214,1.0
length,8,0.007619047619047619,0.005199306759098787,1.4653968253968253,0.06432050286763016,0.7997931066754214,1.0
adapted,8,0.007619047619047619,0.005199306759098787,1.4653968253968253,0.06432050286763016,0.7997931066754214,1.0
patient groups,8,0.007619047619047619,0.005199306759098787,1.4653968253968253,0.06432050286763016,0.7997931066754214,1.0
offer,8,0.007619047619047619,0.005199306759098787,1.4653968253968253,0.06432050286763016,0.7997931066754214,1.0
simply,8,0.007619047619047619,0.005199306759098787,1.4653968253968253,0.06432050286763016,0.7997931066754214,1.0
gray,61,0.058095238095238096,0.053726169844020795,1.081321044546851,0.06392755023113691,0.8003926437671466,1.0
tested,74,0.07047619047619047,0.0658578856152513,1.070125313283208,0.062329550036892827,0.8028511701322093,1.0
lobe,148,0.14095238095238094,0.13518197573656845,1.0426862026862027,0.06103168038565129,0.8048726959075982,1.0
especially,45,0.04285714285714286,0.04679376083188908,0.9158730158730158,0.05923635424490387,0.8077070099785144,1.0
real,29,0.02761904761904762,0.024263431542461005,1.1382993197278912,0.05863574090906472,0.8086653468537476,1.0
activates,10,0.009523809523809525,0.012131715771230503,0.7850340136054422,0.05764636957186626,0.8102553824696823,1.0
connectivity patterns,10,0.009523809523809525,0.012131715771230503,0.7850340136054422,0.05764636957186626,0.8102553824696823,1.0
step,10,0.009523809523809525,0.012131715771230503,0.7850340136054422,0.05764636957186626,0.8102553824696823,1.0
distinction,10,0.009523809523809525,0.012131715771230503,0.7850340136054422,0.05764636957186626,0.8102553824696823,1.0
concepts,10,0.009523809523809525,0.012131715771230503,0.7850340136054422,0.05764636957186626,0.8102553824696823,1.0
preferential,10,0.009523809523809525,0.012131715771230503,0.7850340136054422,0.05764636957186626,0.8102553824696823,1.0
statistics,10,0.009523809523809525,0.012131715771230503,0.7850340136054422,0.05764636957186626,0.8102553824696823,1.0
hyperactivation,10,0.009523809523809525,0.012131715771230503,0.7850340136054422,0.05764636957186626,0.8102553824696823,1.0
depicting,10,0.009523809523809525,0.012131715771230503,0.7850340136054422,0.05764636957186626,0.8102553824696823,1.0
plasticity,10,0.009523809523809525,0.012131715771230503,0.7850340136054422,0.05764636957186626,0.8102553824696823,1.0
sources,10,0.009523809523809525,0.012131715771230503,0.7850340136054422,0.05764636957186626,0.8102553824696823,1.0
monitored,10,0.009523809523809525,0.012131715771230503,0.7850340136054422,0.05764636957186626,0.8102553824696823,1.0
evaluating,10,0.009523809523809525,0.012131715771230503,0.7850340136054422,0.05764636957186626,0.8102553824696823,1.0
changing,10,0.009523809523809525,0.012131715771230503,0.7850340136054422,0.05764636957186626,0.8102553824696823,1.0
slower,10,0.009523809523809525,0.012131715771230503,0.7850340136054422,0.05764636957186626,0.8102553824696823,1.0
stress disorder,10,0.009523809523809525,0.012131715771230503,0.7850340136054422,0.05764636957186626,0.8102553824696823,1.0
thalamus,72,0.06857142857142857,0.06412478336221837,1.0693436293436294,0.05739457531645839,0.8106623450887904,1.0
paradigm,109,0.10380952380952381,0.09878682842287695,1.050843776106934,0.05504008426323505,0.8145143718252076,1.0
scanning,54,0.05142857142857143,0.05545927209705372,0.9273214285714286,0.05373990279588074,0.8166788436716441,1.0
active,54,0.05142857142857143,0.05545927209705372,0.9273214285714286,0.05373990279588074,0.8166788436716441,1.0
fusiform,96,0.09142857142857143,0.08665511265164645,1.0550857142857142,0.053655541734287895,0.816820232108272,1.0
supported,31,0.029523809523809525,0.03292894280762565,0.8965914786967419,0.05317325714423872,0.8176307948440376,1.0
plays,31,0.029523809523809525,0.03292894280762565,0.8965914786967419,0.05317325714423872,0.8176307948440376,1.0
commonly,27,0.025714285714285714,0.022530329289428077,1.1413186813186813,0.052641065582790206,0.8185297408314471,1.0
recorded,27,0.025714285714285714,0.022530329289428077,1.1413186813186813,0.052641065582790206,0.8185297408314471,1.0
parallel,17,0.01619047619047619,0.019064124783362217,0.8492640692640693,0.0515992966972062,0.8203033844142797,1.0
ba,17,0.01619047619047619,0.019064124783362217,0.8492640692640693,0.0515992966972062,0.8203033844142797,1.0
field,17,0.01619047619047619,0.019064124783362217,0.8492640692640693,0.0515992966972062,0.8203033844142797,1.0
mean age,17,0.01619047619047619,0.019064124783362217,0.8492640692640693,0.0515992966972062,0.8203033844142797,1.0
identical,24,0.022857142857142857,0.025996533795493933,0.8792380952380953,0.05137646303377474,0.8206852039749546,1.0
shared,24,0.022857142857142857,0.025996533795493933,0.8792380952380953,0.05137646303377474,0.8206852039749546,1.0
analyzed,42,0.04,0.036395147313691506,1.099047619047619,0.05119213262294016,0.8210017076723016,1.0
underlying,131,0.12476190476190477,0.1195840554592721,1.0432988267770877,0.05079884355026241,0.8216790112585792,1.0
experiment,63,0.06,0.06412478336221837,0.9356756756756757,0.04996212681377305,0.8231291890107939,1.0
typically,47,0.04476190476190476,0.04852686308492201,0.9224149659863945,0.04968504416915044,0.8236122292168713,1.0
contributions,25,0.023809523809523808,0.02079722703639515,1.1448412698412698,0.046704138607722614,0.8289009112446212,1.0
parietal lobe,25,0.023809523809523808,0.02079722703639515,1.1448412698412698,0.046704138607722614,0.8289009112446212,1.0
low,81,0.07714285714285714,0.08145580589254767,0.9470516717325227,0.045322571230518825,0.8314119946203369,1.0
striatum,66,0.06285714285714286,0.058925476603119586,1.0667226890756303,0.04326656823486834,0.8352241469866959,1.0
magnetic,482,0.45904761904761904,0.45233968804159447,1.0148294106914797,0.043199796667803166,0.8353495202987032,1.0
value,33,0.03142857142857143,0.03466204506065858,0.9067142857142858,0.04224078982784817,0.8371614656815102,1.0
learned,33,0.03142857142857143,0.03466204506065858,0.9067142857142858,0.04224078982784817,0.8371614656815102,1.0
gray matter,49,0.04666666666666667,0.05025996533795494,0.9285057471264369,0.04132251108257053,0.8389166623036409,1.0
event,135,0.12857142857142856,0.13344887348353554,0.9634508348794061,0.04105502277494953,0.839431751018332,1.0
mechanisms,144,0.13714285714285715,0.14211438474870017,0.9650174216027876,0.04099480322962953,0.8395479534689119,1.0
consistently,23,0.021904761904761906,0.019064124783362217,1.1490043290043293,0.04083391451734858,0.8398588483289376,1.0
manipulated,23,0.021904761904761906,0.019064124783362217,1.1490043290043293,0.04083391451734858,0.8398588483289376,1.0
linear,23,0.021904761904761906,0.019064124783362217,1.1490043290043293,0.04083391451734858,0.8398588483289376,1.0
anterior posterior,23,0.021904761904761906,0.019064124783362217,1.1490043290043293,0.04083391451734858,0.8398588483289376,1.0
scene,23,0.021904761904761906,0.019064124783362217,1.1490043290043293,0.04083391451734858,0.8398588483289376,1.0
general,74,0.07047619047619047,0.07452339688041594,0.9456921373200443,0.040808677728237666,0.8399076726871129,1.0
early,83,0.07904761904761905,0.0831889081455806,0.9502182539682539,0.039392644770983025,0.842672813795424,1.0
mood,26,0.024761904761904763,0.02772963604852686,0.8929761904761906,0.03909987101376237,0.843250938654339,1.0
designed,26,0.024761904761904763,0.02772963604852686,0.8929761904761906,0.03909987101376237,0.843250938654339,1.0
accuracy,51,0.04857142857142857,0.045060658578856154,1.0779120879120878,0.038820414804974376,0.8438048677626089,1.0
differential,64,0.06095238095238095,0.05719237435008666,1.0657431457431457,0.03880949822124006,0.8438265482331954,1.0
conjunction,19,0.018095238095238095,0.02079722703639515,0.870079365079365,0.03680908881252795,0.847854260759669,1.0
situations,19,0.018095238095238095,0.02079722703639515,0.870079365079365,0.03680908881252795,0.847854260759669,1.0
resulting,19,0.018095238095238095,0.02079722703639515,0.870079365079365,0.03680908881252795,0.847854260759669,1.0
existing,19,0.018095238095238095,0.02079722703639515,0.870079365079365,0.03680908881252795,0.847854260759669,1.0
temporo parietal,19,0.018095238095238095,0.02079722703639515,0.870079365079365,0.03680908881252795,0.847854260759669,1.0
matching,19,0.018095238095238095,0.02079722703639515,0.870079365079365,0.03680908881252795,0.847854260759669,1.0
quantitative,12,0.011428571428571429,0.01386481802426343,0.8242857142857143,0.03667316002259451,0.8481320191914848,1.0
anatomically,12,0.011428571428571429,0.01386481802426343,0.8242857142857143,0.03667316002259451,0.8481320191914848,1.0
simulation,12,0.011428571428571429,0.01386481802426343,0.8242857142857143,0.03667316002259451,0.8481320191914848,1.0
occipital gyrus,12,0.011428571428571429,0.01386481802426343,0.8242857142857143,0.03667316002259451,0.8481320191914848,1.0
direction,12,0.011428571428571429,0.01386481802426343,0.8242857142857143,0.03667316002259451,0.8481320191914848,1.0
control condition,12,0.011428571428571429,0.01386481802426343,0.8242857142857143,0.03667316002259451,0.8481320191914848,1.0
adaptive,21,0.02,0.01733102253032929,1.1540000000000001,0.035042866330836586,0.8515058638003864,1.0
ventrolateral prefrontal,21,0.02,0.01733102253032929,1.1540000000000001,0.035042866330836586,0.8515058638003864,1.0
dimensions,21,0.02,0.01733102253032929,1.1540000000000001,0.035042866330836586,0.8515058638003864,1.0
taking,21,0.02,0.01733102253032929,1.1540000000000001,0.035042866330836586,0.8515058638003864,1.0
world,21,0.02,0.01733102253032929,1.1540000000000001,0.035042866330836586,0.8515058638003864,1.0
heightened,21,0.02,0.01733102253032929,1.1540000000000001,0.035042866330836586,0.8515058638003864,1.0
verbal,51,0.04857142857142857,0.05199306759098787,0.9341904761904762,0.03401921405656226,0.8536659524648503,1.0
dorsal,110,0.10476190476190476,0.10051993067590988,1.042200328407225,0.03380291671223188,0.8541266622182474,1.0
widespread,35,0.03333333333333333,0.036395147313691506,0.915873015873016,0.033111341558081236,0.8556100200159996,1.0
bilaterally,35,0.03333333333333333,0.036395147313691506,0.915873015873016,0.033111341558081236,0.8556100200159996,1.0
perceptual,60,0.05714285714285714,0.060658578856152515,0.9420408163265306,0.03198024577067736,0.8580710196201413,1.0
particularly,60,0.05714285714285714,0.060658578856152515,0.9420408163265306,0.03198024577067736,0.8580710196201413,1.0
taken,34,0.03238095238095238,0.029462738301559793,1.0990476190476188,0.030440229114750993,0.8614950962873984,1.0
memory encoding,34,0.03238095238095238,0.029462738301559793,1.0990476190476188,0.030440229114750993,0.8614950962873984,1.0
bold signal,44,0.0419047619047619,0.045060658578856154,0.9299633699633699,0.029732806920911393,0.8630978885387776,1.0
subjective,44,0.0419047619047619,0.045060658578856154,0.9299633699633699,0.029732806920911393,0.8630978885387776,1.0
dorsolateral prefrontal,78,0.07428571428571429,0.0779896013864818,0.9525079365079366,0.029706071176620844,0.8631588462367388,1.0
participant,19,0.018095238095238095,0.01559792027729636,1.16010582010582,0.02934886991378139,0.8639759931528405,1.0
demand,19,0.018095238095238095,0.01559792027729636,1.16010582010582,0.02934886991378139,0.8639759931528405,1.0
end,19,0.018095238095238095,0.01559792027729636,1.16010582010582,0.02934886991378139,0.8639759931528405,1.0
localized,19,0.018095238095238095,0.01559792027729636,1.16010582010582,0.02934886991378139,0.8639759931528405,1.0
duration,19,0.018095238095238095,0.01559792027729636,1.16010582010582,0.02934886991378139,0.8639759931528405,1.0
25,28,0.02666666666666667,0.029462738301559793,0.9050980392156863,0.029245709943307628,0.864212937251417,1.0
mind,28,0.02666666666666667,0.029462738301559793,0.9050980392156863,0.029245709943307628,0.864212937251417,1.0
resonance,481,0.4580952380952381,0.45233968804159447,1.0127239554825762,0.029230459441353423,0.8642480020039744,1.0
corrected,21,0.02,0.022530329289428077,0.8876923076923077,0.025667841238312117,0.8727141843087021,1.0
multivariate,21,0.02,0.022530329289428077,0.8876923076923077,0.025667841238312117,0.8727141843087021,1.0
properties,32,0.030476190476190476,0.02772963604852686,1.099047619047619,0.02562994706574487,0.8728073763050488,1.0
separate,37,0.035238095238095235,0.038128249566724434,0.9241991341991341,0.025513316904923384,0.8730946455912918,1.0
underlie,37,0.035238095238095235,0.038128249566724434,0.9241991341991341,0.025513316904923384,0.8730946455912918,1.0
greater,205,0.19523809523809524,0.19064124783362218,1.0241125541125542,0.025256409746350985,0.8737298127250577,1.0
resting state,104,0.09904761904761905,0.09532062391681109,1.039099567099567,0.024006804355059877,0.8768675994088281,1.0
unfamiliar,17,0.01619047619047619,0.01386481802426343,1.1677380952380951,0.02377844508550984,0.8774499839283105,1.0
probe,17,0.01619047619047619,0.01386481802426343,1.1677380952380951,0.02377844508550984,0.8774499839283105,1.0
interact,17,0.01619047619047619,0.01386481802426343,1.1677380952380951,0.02377844508550984,0.8774499839283105,1.0
clinically,17,0.01619047619047619,0.01386481802426343,1.1677380952380951,0.02377844508550984,0.8774499839283105,1.0
recognition task,17,0.01619047619047619,0.01386481802426343,1.1677380952380951,0.02377844508550984,0.8774499839283105,1.0
aberrant,17,0.01619047619047619,0.01386481802426343,1.1677380952380951,0.02377844508550984,0.8774499839283105,1.0
phases,17,0.01619047619047619,0.01386481802426343,1.1677380952380951,0.02377844508550984,0.8774499839283105,1.0
variant,14,0.013333333333333334,0.01559792027729636,0.8548148148148148,0.022705788891085023,0.8802246784321941,1.0
postcentral,14,0.013333333333333334,0.01559792027729636,0.8548148148148148,0.022705788891085023,0.8802246784321941,1.0
dysregulation,14,0.013333333333333334,0.01559792027729636,0.8548148148148148,0.022705788891085023,0.8802246784321941,1.0
16 healthy,14,0.013333333333333334,0.01559792027729636,0.8548148148148148,0.022705788891085023,0.8802246784321941,1.0
preliminary,14,0.013333333333333334,0.01559792027729636,0.8548148148148148,0.022705788891085023,0.8802246784321941,1.0
phenomenon,14,0.013333333333333334,0.01559792027729636,0.8548148148148148,0.022705788891085023,0.8802246784321941,1.0
gyrus middle,14,0.013333333333333334,0.01559792027729636,0.8548148148148148,0.022705788891085023,0.8802246784321941,1.0
29,14,0.013333333333333334,0.01559792027729636,0.8548148148148148,0.022705788891085023,0.8802246784321941,1.0
nuclei,14,0.013333333333333334,0.01559792027729636,0.8548148148148148,0.022705788891085023,0.8802246784321941,1.0
constraints,7,0.006666666666666667,0.008665511265164644,0.7693333333333334,0.021894898386244897,0.8823670374985696,1.0
obtain,7,0.006666666666666667,0.008665511265164644,0.7693333333333334,0.021894898386244897,0.8823670374985696,1.0
targeted,7,0.006666666666666667,0.008665511265164644,0.7693333333333334,0.021894898386244897,0.8823670374985696,1.0
replicated,7,0.006666666666666667,0.008665511265164644,0.7693333333333334,0.021894898386244897,0.8823670374985696,1.0
gambling,7,0.006666666666666667,0.008665511265164644,0.7693333333333334,0.021894898386244897,0.8823670374985696,1.0
connectivity posterior,7,0.006666666666666667,0.008665511265164644,0.7693333333333334,0.021894898386244897,0.8823670374985696,1.0
event potential,7,0.006666666666666667,0.008665511265164644,0.7693333333333334,0.021894898386244897,0.8823670374985696,1.0
spoken,7,0.006666666666666667,0.008665511265164644,0.7693333333333334,0.021894898386244897,0.8823670374985696,1.0
salience network,7,0.006666666666666667,0.008665511265164644,0.7693333333333334,0.021894898386244897,0.8823670374985696,1.0
minimal,7,0.006666666666666667,0.008665511265164644,0.7693333333333334,0.021894898386244897,0.8823670374985696,1.0
consider,7,0.006666666666666667,0.008665511265164644,0.7693333333333334,0.021894898386244897,0.8823670374985696,1.0
accordance,7,0.006666666666666667,0.008665511265164644,0.7693333333333334,0.021894898386244897,0.8823670374985696,1.0
uncertainty,7,0.006666666666666667,0.008665511265164644,0.7693333333333334,0.021894898386244897,0.8823670374985696,1.0
axis,7,0.006666666666666667,0.008665511265164644,0.7693333333333334,0.021894898386244897,0.8823670374985696,1.0
neurons,7,0.006666666666666667,0.008665511265164644,0.7693333333333334,0.021894898386244897,0.8823670374985696,1.0
recording,7,0.006666666666666667,0.008665511265164644,0.7693333333333334,0.021894898386244897,0.8823670374985696,1.0
normally,7,0.006666666666666667,0.008665511265164644,0.7693333333333334,0.021894898386244897,0.8823670374985696,1.0
watched,7,0.006666666666666667,0.008665511265164644,0.7693333333333334,0.021894898386244897,0.8823670374985696,1.0
frontopolar,7,0.006666666666666667,0.008665511265164644,0.7693333333333334,0.021894898386244897,0.8823670374985696,1.0
stored,7,0.006666666666666667,0.008665511265164644,0.7693333333333334,0.021894898386244897,0.8823670374985696,1.0
homogeneity reho,7,0.006666666666666667,0.008665511265164644,0.7693333333333334,0.021894898386244897,0.8823670374985696,1.0
syntactic,7,0.006666666666666667,0.008665511265164644,0.7693333333333334,0.021894898386244897,0.8823670374985696,1.0
digit,7,0.006666666666666667,0.008665511265164644,0.7693333333333334,0.021894898386244897,0.8823670374985696,1.0
posterior middle,7,0.006666666666666667,0.008665511265164644,0.7693333333333334,0.021894898386244897,0.8823670374985696,1.0
settings,7,0.006666666666666667,0.008665511265164644,0.7693333333333334,0.021894898386244897,0.8823670374985696,1.0
portion,7,0.006666666666666667,0.008665511265164644,0.7693333333333334,0.021894898386244897,0.8823670374985696,1.0
junction tpj,7,0.006666666666666667,0.008665511265164644,0.7693333333333334,0.021894898386244897,0.8823670374985696,1.0
exhibited,64,0.06095238095238095,0.06412478336221837,0.9505276705276705,0.021410062161177353,0.8836673760223621,1.0
insular,30,0.02857142857142857,0.03119584055459272,0.9158730158730158,0.0213639716730197,0.8837917708147045,1.0
correct,30,0.02857142857142857,0.03119584055459272,0.9158730158730158,0.0213639716730197,0.8837917708147045,1.0
depending,30,0.02857142857142857,0.03119584055459272,0.9158730158730158,0.0213639716730197,0.8837917708147045,1.0
seen,43,0.040952380952380955,0.038128249566724434,1.0740692640692642,0.021305756980507455,0.8839490839644167,1.0
does,30,0.02857142857142857,0.025996533795493933,1.099047619047619,0.021021469495521222,0.8847204841921658,1.0
cingulate gyrus,30,0.02857142857142857,0.025996533795493933,1.099047619047619,0.021021469495521222,0.8847204841921658,1.0
source,30,0.02857142857142857,0.025996533795493933,1.099047619047619,0.021021469495521222,0.8847204841921658,1.0
cognitive impairment,30,0.02857142857142857,0.025996533795493933,1.099047619047619,0.021021469495521222,0.8847204841921658,1.0
key,67,0.06380952380952382,0.060658578856152515,1.0519455782312925,0.020719400680502226,0.8855459918985794,1.0
critical,67,0.06380952380952382,0.060658578856152515,1.0519455782312925,0.020719400680502226,0.8855459918985794,1.0
clinical,67,0.06380952380952382,0.060658578856152515,1.0519455782312925,0.020719400680502226,0.8855459918985794,1.0
encoding,129,0.12285714285714286,0.1265164644714038,0.9710763209393347,0.018377271895756584,0.8921669176760704,1.0
posterior insula,15,0.014285714285714285,0.012131715771230503,1.1775510204081632,0.01837264854910902,0.8921803999531421,1.0
allowed,15,0.014285714285714285,0.012131715771230503,1.1775510204081632,0.01837264854910902,0.8921803999531421,1.0
confirm,15,0.014285714285714285,0.012131715771230503,1.1775510204081632,0.01837264854910902,0.8921803999531421,1.0
traditional,15,0.014285714285714285,0.012131715771230503,1.1775510204081632,0.01837264854910902,0.8921803999531421,1.0
60,15,0.014285714285714285,0.012131715771230503,1.1775510204081632,0.01837264854910902,0.8921803999531421,1.0
conversely,15,0.014285714285714285,0.012131715771230503,1.1775510204081632,0.01837264854910902,0.8921803999531421,1.0
turn,15,0.014285714285714285,0.012131715771230503,1.1775510204081632,0.01837264854910902,0.8921803999531421,1.0
event functional,48,0.045714285714285714,0.04852686308492201,0.9420408163265306,0.018066120316535542,0.8930781621142098,1.0
correlated,188,0.17904761904761904,0.17504332755632582,1.0228760018859029,0.01805792858428111,0.8931022600856846,1.0
role,205,0.19523809523809524,0.19930675909878684,0.9795859213250517,0.017512737210556847,0.8947187720107544,1.0
number,65,0.06190476190476191,0.058925476603119586,1.050560224089636,0.017452165748343615,0.8948999397465198,1.0
episodic memory,57,0.054285714285714284,0.05719237435008666,0.9491774891774891,0.017428680199019178,0.8949702704832883,1.0
types,57,0.054285714285714284,0.05719237435008666,0.9491774891774891,0.017428680199019178,0.8949702704832883,1.0
likely,41,0.039047619047619046,0.036395147313691506,1.0728798185941044,0.017426504048170807,0.8949767897089723,1.0
intensity,28,0.02666666666666667,0.024263431542461005,1.099047619047619,0.016652910492186843,0.8973211265781659,1.0
cognitive processes,28,0.02666666666666667,0.024263431542461005,1.099047619047619,0.016652910492186843,0.8973211265781659,1.0
threat,28,0.02666666666666667,0.024263431542461005,1.099047619047619,0.016652910492186843,0.8973211265781659,1.0
method,52,0.049523809523809526,0.04679376083188908,1.058342151675485,0.015513144171355108,0.9008784105025172,1.0
report,32,0.030476190476190476,0.03292894280762565,0.9255137844611528,0.015110562405674106,0.9021664667805959,1.0
robust,32,0.030476190476190476,0.03292894280762565,0.9255137844611528,0.015110562405674106,0.9021664667805959,1.0
patient,32,0.030476190476190476,0.03292894280762565,0.9255137844611528,0.015110562405674106,0.9021664667805959,1.0
better,63,0.06,0.05719237435008666,1.049090909090909,0.014391721308338226,0.9045104771601291,1.0
furthermore,95,0.09047619047619047,0.09358752166377816,0.9667548500881834,0.014000581982294806,0.9058108981794112,1.0
superior frontal,39,0.037142857142857144,0.03466204506065858,1.0715714285714286,0.013800439316592776,0.90648343915663,1.0
matter,86,0.08190476190476191,0.08492201039861352,0.9644703595724003,0.013722206539642831,0.9067476684286772,1.0
scanned,50,0.047619047619047616,0.05025996533795494,0.9474548440065681,0.01358381777665059,0.9072169498358733,1.0
controls,180,0.17142857142857143,0.17504332755632582,0.9793493635077793,0.013453134754869178,0.9076623302784145,1.0
network,310,0.29523809523809524,0.29116117850953205,1.0140022675736962,0.013417061048466506,0.9077856586845073,1.0
rs,16,0.015238095238095238,0.01733102253032929,0.8792380952380953,0.01332678943720616,0.9080950166034012,1.0
strategy,16,0.015238095238095238,0.01733102253032929,0.8792380952380953,0.01332678943720616,0.9080950166034012,1.0
allele,16,0.015238095238095238,0.01733102253032929,0.8792380952380953,0.01332678943720616,0.9080950166034012,1.0
operations,16,0.015238095238095238,0.01733102253032929,0.8792380952380953,0.01332678943720616,0.9080950166034012,1.0
attenuated,16,0.015238095238095238,0.01733102253032929,0.8792380952380953,0.01332678943720616,0.9080950166034012,1.0
memory processes,16,0.015238095238095238,0.01733102253032929,0.8792380952380953,0.01332678943720616,0.9080950166034012,1.0
elucidate,16,0.015238095238095238,0.01733102253032929,0.8792380952380953,0.01332678943720616,0.9080950166034012,1.0
prominent,16,0.015238095238095238,0.01733102253032929,0.8792380952380953,0.01332678943720616,0.9080950166034012,1.0
observation,16,0.015238095238095238,0.01733102253032929,0.8792380952380953,0.01332678943720616,0.9080950166034012,1.0
deactivated,13,0.012380952380952381,0.010398613518197574,1.1906349206349205,0.01319854960601364,0.9085363216130617,1.0
subset,13,0.012380952380952381,0.010398613518197574,1.1906349206349205,0.01319854960601364,0.9085363216130617,1.0
feeling,13,0.012380952380952381,0.010398613518197574,1.1906349206349205,0.01319854960601364,0.9085363216130617,1.0
hypothalamus,13,0.012380952380952381,0.010398613518197574,1.1906349206349205,0.01319854960601364,0.9085363216130617,1.0
mentalizing,13,0.012380952380952381,0.010398613518197574,1.1906349206349205,0.01319854960601364,0.9085363216130617,1.0
effort,13,0.012380952380952381,0.010398613518197574,1.1906349206349205,0.01319854960601364,0.9085363216130617,1.0
high,133,0.12666666666666668,0.12998266897746968,0.9744888888888888,0.013003967373463111,0.9092100965593393,1.0
free,26,0.024761904761904763,0.022530329289428077,1.099047619047619,0.012574153301090414,0.9107167373845646,1.0
familiar,26,0.024761904761904763,0.022530329289428077,1.099047619047619,0.012574153301090414,0.9107167373845646,1.0
orbitofrontal cortex,61,0.058095238095238096,0.05545927209705372,1.0475297619047619,0.011555590259807198,0.914394759608258,1.0
superior parietal,25,0.023809523809523808,0.025996533795493933,0.9158730158730158,0.011068194917606184,0.9162127552968529,1.0
instructed,25,0.023809523809523808,0.025996533795493933,0.9158730158730158,0.011068194917606184,0.9162127552968529,1.0
poorly,25,0.023809523809523808,0.025996533795493933,0.9158730158730158,0.011068194917606184,0.9162127552968529,1.0
behaviors,25,0.023809523809523808,0.025996533795493933,0.9158730158730158,0.011068194917606184,0.9162127552968529,1.0
05,25,0.023809523809523808,0.025996533795493933,0.9158730158730158,0.011068194917606184,0.9162127552968529,1.0
coupling,34,0.03238095238095238,0.03466204506065858,0.9341904761904761,0.010217882313754484,0.9194841432899793,1.0
experiences,34,0.03238095238095238,0.03466204506065858,0.9341904761904761,0.010217882313754484,0.9194841432899793,1.0
term,52,0.049523809523809526,0.05199306759098787,0.9525079365079365,0.009873824779791686,0.9208467869990608,1.0
play,52,0.049523809523809526,0.05199306759098787,0.9525079365079365,0.009873824779791686,0.9208467869990608,1.0
potentials,9,0.008571428571428572,0.010398613518197574,0.8242857142857143,0.009567144981454249,0.9220817504144211,1.0
discuss,9,0.008571428571428572,0.010398613518197574,0.8242857142857143,0.009567144981454249,0.9220817504144211,1.0
develop,9,0.008571428571428572,0.010398613518197574,0.8242857142857143,0.009567144981454249,0.9220817504144211,1.0
ptsd,9,0.008571428571428572,0.010398613518197574,0.8242857142857143,0.009567144981454249,0.9220817504144211,1.0
likelihood,9,0.008571428571428572,0.010398613518197574,0.8242857142857143,0.009567144981454249,0.9220817504144211,1.0
fast,9,0.008571428571428572,0.010398613518197574,0.8242857142857143,0.009567144981454249,0.9220817504144211,1.0
situation,9,0.008571428571428572,0.010398613518197574,0.8242857142857143,0.009567144981454249,0.9220817504144211,1.0
mixed,9,0.008571428571428572,0.010398613518197574,0.8242857142857143,0.009567144981454249,0.9220817504144211,1.0
nouns,9,0.008571428571428572,0.010398613518197574,0.8242857142857143,0.009567144981454249,0.9220817504144211,1.0
therapeutic,9,0.008571428571428572,0.010398613518197574,0.8242857142857143,0.009567144981454249,0.9220817504144211,1.0
prospective,9,0.008571428571428572,0.010398613518197574,0.8242857142857143,0.009567144981454249,0.9220817504144211,1.0
mental state,9,0.008571428571428572,0.010398613518197574,0.8242857142857143,0.009567144981454249,0.9220817504144211,1.0
threshold,9,0.008571428571428572,0.010398613518197574,0.8242857142857143,0.009567144981454249,0.9220817504144211,1.0
task conditions,9,0.008571428571428572,0.010398613518197574,0.8242857142857143,0.009567144981454249,0.9220817504144211,1.0
task using,9,0.008571428571428572,0.010398613518197574,0.8242857142857143,0.009567144981454249,0.9220817504144211,1.0
coherence,9,0.008571428571428572,0.010398613518197574,0.8242857142857143,0.009567144981454249,0.9220817504144211,1.0
exploratory,9,0.008571428571428572,0.010398613518197574,0.8242857142857143,0.009567144981454249,0.9220817504144211,1.0
fluency,9,0.008571428571428572,0.010398613518197574,0.8242857142857143,0.009567144981454249,0.9220817504144211,1.0
negative positive,9,0.008571428571428572,0.010398613518197574,0.8242857142857143,0.009567144981454249,0.9220817504144211,1.0
beta,9,0.008571428571428572,0.010398613518197574,0.8242857142857143,0.009567144981454249,0.9220817504144211,1.0
negative correlation,9,0.008571428571428572,0.010398613518197574,0.8242857142857143,0.009567144981454249,0.9220817504144211,1.0
dorsal striatum,9,0.008571428571428572,0.010398613518197574,0.8242857142857143,0.009567144981454249,0.9220817504144211,1.0
improvements,9,0.008571428571428572,0.010398613518197574,0.8242857142857143,0.009567144981454249,0.9220817504144211,1.0
cortex suggest,9,0.008571428571428572,0.010398613518197574,0.8242857142857143,0.009567144981454249,0.9220817504144211,1.0
circuit,24,0.022857142857142857,0.02079722703639515,1.099047619047619,0.008851753713961926,0.9250426215632241,1.0
reductions,24,0.022857142857142857,0.02079722703639515,1.099047619047619,0.008851753713961926,0.9250426215632241,1.0
simultaneously,24,0.022857142857142857,0.02079722703639515,1.099047619047619,0.008851753713961926,0.9250426215632241,1.0
crossover,11,0.010476190476190476,0.008665511265164644,1.208952380952381,0.008373616059758124,0.9270893753075717,1.0
ffa,11,0.010476190476190476,0.008665511265164644,1.208952380952381,0.008373616059758124,0.9270893753075717,1.0
fronto temporal,11,0.010476190476190476,0.008665511265164644,1.208952380952381,0.008373616059758124,0.9270893753075717,1.0
intelligence,11,0.010476190476190476,0.008665511265164644,1.208952380952381,0.008373616059758124,0.9270893753075717,1.0
vlpfc,11,0.010476190476190476,0.008665511265164644,1.208952380952381,0.008373616059758124,0.9270893753075717,1.0
painful,11,0.010476190476190476,0.008665511265164644,1.208952380952381,0.008373616059758124,0.9270893753075717,1.0
degrees,11,0.010476190476190476,0.008665511265164644,1.208952380952381,0.008373616059758124,0.9270893753075717,1.0
weeks,11,0.010476190476190476,0.008665511265164644,1.208952380952381,0.008373616059758124,0.9270893753075717,1.0
match,11,0.010476190476190476,0.008665511265164644,1.208952380952381,0.008373616059758124,0.9270893753075717,1.0
mr,11,0.010476190476190476,0.008665511265164644,1.208952380952381,0.008373616059758124,0.9270893753075717,1.0
weighted,11,0.010476190476190476,0.008665511265164644,1.208952380952381,0.008373616059758124,0.9270893753075717,1.0
spatiotemporal,11,0.010476190476190476,0.008665511265164644,1.208952380952381,0.008373616059758124,0.9270893753075717,1.0
critical role,11,0.010476190476190476,0.008665511265164644,1.208952380952381,0.008373616059758124,0.9270893753075717,1.0
control groups,11,0.010476190476190476,0.008665511265164644,1.208952380952381,0.008373616059758124,0.9270893753075717,1.0
visuo,11,0.010476190476190476,0.008665511265164644,1.208952380952381,0.008373616059758124,0.9270893753075717,1.0
middle occipital,11,0.010476190476190476,0.008665511265164644,1.208952380952381,0.008373616059758124,0.9270893753075717,1.0
naive,11,0.010476190476190476,0.008665511265164644,1.208952380952381,0.008373616059758124,0.9270893753075717,1.0
revealing,11,0.010476190476190476,0.008665511265164644,1.208952380952381,0.008373616059758124,0.9270893753075717,1.0
fourteen,11,0.010476190476190476,0.008665511265164644,1.208952380952381,0.008373616059758124,0.9270893753075717,1.0
balance,11,0.010476190476190476,0.008665511265164644,1.208952380952381,0.008373616059758124,0.9270893753075717,1.0
anxiety disorders,11,0.010476190476190476,0.008665511265164644,1.208952380952381,0.008373616059758124,0.9270893753075717,1.0
12 healthy,11,0.010476190476190476,0.008665511265164644,1.208952380952381,0.008373616059758124,0.9270893753075717,1.0
cortex middle,11,0.010476190476190476,0.008665511265164644,1.208952380952381,0.008373616059758124,0.9270893753075717,1.0
shown,90,0.08571428571428572,0.08838821490467938,0.9697478991596639,0.008336682504637363,0.9272498993328786,1.0
reported,81,0.07714285714285714,0.07972270363951472,0.967639751552795,0.007919007149669442,0.9290908083229841,1.0
medial frontal,35,0.03333333333333333,0.03119584055459272,1.0685185185185184,0.007463360608476897,0.9311558048263149,1.0
stimulation,35,0.03333333333333333,0.03119584055459272,1.0685185185185184,0.007463360608476897,0.9311558048263149,1.0
physiological,18,0.017142857142857144,0.019064124783362217,0.8992207792207794,0.0071190773629946965,0.9327585815573078,1.0
age gender,18,0.017142857142857144,0.019064124783362217,0.8992207792207794,0.0071190773629946965,0.9327585815573078,1.0
temporal pole,18,0.017142857142857144,0.019064124783362217,0.8992207792207794,0.0071190773629946965,0.9327585815573078,1.0
neurocognitive,18,0.017142857142857144,0.019064124783362217,0.8992207792207794,0.0071190773629946965,0.9327585815573078,1.0
involving,54,0.05142857142857143,0.053726169844020795,0.9572350230414747,0.00685686924438107,0.9340056272388468,1.0
state functional,57,0.054285714285714284,0.05199306759098787,1.0440952380952382,0.006638548357992811,0.9350623868638952,1.0
proposed,27,0.025714285714285714,0.02772963604852686,0.9273214285714286,0.006547176276265697,0.9355098503262613,1.0
category,27,0.025714285714285714,0.02772963604852686,0.9273214285714286,0.006547176276265697,0.9355098503262613,1.0
hand,27,0.025714285714285714,0.02772963604852686,0.9273214285714286,0.006547176276265697,0.9355098503262613,1.0
outcome,27,0.025714285714285714,0.02772963604852686,0.9273214285714286,0.006547176276265697,0.9355098503262613,1.0
outcomes,27,0.025714285714285714,0.02772963604852686,0.9273214285714286,0.006547176276265697,0.9355098503262613,1.0
familiarity,27,0.025714285714285714,0.02772963604852686,0.9273214285714286,0.006547176276265697,0.9355098503262613,1.0
putamen,36,0.03428571428571429,0.036395147313691506,0.9420408163265307,0.006474695807027586,0.9358670386099374,1.0
strong,36,0.03428571428571429,0.036395147313691506,0.9420408163265307,0.006474695807027586,0.9358670386099374,1.0
independent,92,0.08761904761904762,0.09012131715771231,0.9722344322344323,0.006205995477175553,0.9372090910695114,1.0
link,22,0.02095238095238095,0.019064124783362217,1.099047619047619,0.005576518039203117,0.9404724339754237,1.0
involve,22,0.02095238095238095,0.019064124783362217,1.099047619047619,0.005576518039203117,0.9404724339754237,1.0
reduce,22,0.02095238095238095,0.019064124783362217,1.099047619047619,0.005576518039203117,0.9404724339754237,1.0
resources,22,0.02095238095238095,0.019064124783362217,1.099047619047619,0.005576518039203117,0.9404724339754237,1.0
bold responses,22,0.02095238095238095,0.019064124783362217,1.099047619047619,0.005576518039203117,0.9404724339754237,1.0
regional,65,0.06190476190476191,0.06412478336221837,0.9653796653796655,0.00487706970771182,0.944324177235044,1.0
dorsal anterior,33,0.03142857142857143,0.029462738301559793,1.0667226890756303,0.004853495764635542,0.9444586802723419,1.0
women,33,0.03142857142857143,0.029462738301559793,1.0667226890756303,0.004853495764635542,0.9444586802723419,1.0
regarding,33,0.03142857142857143,0.029462738301559793,1.0667226890756303,0.004853495764635542,0.9444586802723419,1.0
mtl,33,0.03142857142857143,0.029462738301559793,1.0667226890756303,0.004853495764635542,0.9444586802723419,1.0
design,56,0.05333333333333334,0.05545927209705372,0.9616666666666668,0.004464507760866984,0.9467274118202398,1.0
neurobiology,9,0.008571428571428572,0.006932409012131715,1.2364285714285717,0.0041238652296843314,0.9487971800354256,1.0
brodmann,9,0.008571428571428572,0.006932409012131715,1.2364285714285717,0.0041238652296843314,0.9487971800354256,1.0
kinds,9,0.008571428571428572,0.006932409012131715,1.2364285714285717,0.0041238652296843314,0.9487971800354256,1.0
abnormality,9,0.008571428571428572,0.006932409012131715,1.2364285714285717,0.0041238652296843314,0.9487971800354256,1.0
ventral dorsal,9,0.008571428571428572,0.006932409012131715,1.2364285714285717,0.0041238652296843314,0.9487971800354256,1.0
reward anticipation,9,0.008571428571428572,0.006932409012131715,1.2364285714285717,0.0041238652296843314,0.9487971800354256,1.0
achieve,9,0.008571428571428572,0.006932409012131715,1.2364285714285717,0.0041238652296843314,0.9487971800354256,1.0
statement,9,0.008571428571428572,0.006932409012131715,1.2364285714285717,0.0041238652296843314,0.9487971800354256,1.0
provides evidence,9,0.008571428571428572,0.006932409012131715,1.2364285714285717,0.0041238652296843314,0.9487971800354256,1.0
empirical,9,0.008571428571428572,0.006932409012131715,1.2364285714285717,0.0041238652296843314,0.9487971800354256,1.0
ventral premotor,9,0.008571428571428572,0.006932409012131715,1.2364285714285717,0.0041238652296843314,0.9487971800354256,1.0
impulsivity,9,0.008571428571428572,0.006932409012131715,1.2364285714285717,0.0041238652296843314,0.9487971800354256,1.0
parametric mapping,9,0.008571428571428572,0.006932409012131715,1.2364285714285717,0.0041238652296843314,0.9487971800354256,1.0
susceptibility,9,0.008571428571428572,0.006932409012131715,1.2364285714285717,0.0041238652296843314,0.9487971800354256,1.0
approximately,9,0.008571428571428572,0.006932409012131715,1.2364285714285717,0.0041238652296843314,0.9487971800354256,1.0
frontal operculum,9,0.008571428571428572,0.006932409012131715,1.2364285714285717,0.0041238652296843314,0.9487971800354256,1.0
compatible,9,0.008571428571428572,0.006932409012131715,1.2364285714285717,0.0041238652296843314,0.9487971800354256,1.0
stop,9,0.008571428571428572,0.006932409012131715,1.2364285714285717,0.0041238652296843314,0.9487971800354256,1.0
eating,9,0.008571428571428572,0.006932409012131715,1.2364285714285717,0.0041238652296843314,0.9487971800354256,1.0
actively,9,0.008571428571428572,0.006932409012131715,1.2364285714285717,0.0041238652296843314,0.9487971800354256,1.0
naturalistic,9,0.008571428571428572,0.006932409012131715,1.2364285714285717,0.0041238652296843314,0.9487971800354256,1.0
preceded,9,0.008571428571428572,0.006932409012131715,1.2364285714285717,0.0041238652296843314,0.9487971800354256,1.0
33,9,0.008571428571428572,0.006932409012131715,1.2364285714285717,0.0041238652296843314,0.9487971800354256,1.0
frontotemporal,9,0.008571428571428572,0.006932409012131715,1.2364285714285717,0.0041238652296843314,0.9487971800354256,1.0
decision task,9,0.008571428571428572,0.006932409012131715,1.2364285714285717,0.0041238652296843314,0.9487971800354256,1.0
application,9,0.008571428571428572,0.006932409012131715,1.2364285714285717,0.0041238652296843314,0.9487971800354256,1.0
voice,9,0.008571428571428572,0.006932409012131715,1.2364285714285717,0.0041238652296843314,0.9487971800354256,1.0
positively correlated,38,0.03619047619047619,0.038128249566724434,0.9491774891774892,0.00371204072268022,0.9514177295310141,1.0
content,38,0.03619047619047619,0.038128249566724434,0.9491774891774892,0.00371204072268022,0.9514177295310141,1.0
adult,38,0.03619047619047619,0.038128249566724434,0.9491774891774892,0.00371204072268022,0.9514177295310141,1.0
magnetic resonance,478,0.4552380952380952,0.45233968804159447,1.0064075898558655,0.0036351953510940565,0.9519226105210647,1.0
frontal,325,0.30952380952380953,0.30675909878682844,1.009012644605865,0.0035292040154604075,0.9526278548155898,1.0
potentially,29,0.02761904761904762,0.029462738301559793,0.9374229691876751,0.0034013406537947953,0.9534929293887311,1.0
importantly,29,0.02761904761904762,0.029462738301559793,0.9374229691876751,0.0034013406537947953,0.9534929293887311,1.0
lesion,11,0.010476190476190476,0.012131715771230503,0.8635374149659863,0.0033297553096199818,0.953984381974593,1.0
having,11,0.010476190476190476,0.012131715771230503,0.8635374149659863,0.0033297553096199818,0.953984381974593,1.0
met,11,0.010476190476190476,0.012131715771230503,0.8635374149659863,0.0033297553096199818,0.953984381974593,1.0
true,11,0.010476190476190476,0.012131715771230503,0.8635374149659863,0.0033297553096199818,0.953984381974593,1.0
task demands,11,0.010476190476190476,0.012131715771230503,0.8635374149659863,0.0033297553096199818,0.953984381974593,1.0
locus,11,0.010476190476190476,0.012131715771230503,0.8635374149659863,0.0033297553096199818,0.953984381974593,1.0
powerful,11,0.010476190476190476,0.012131715771230503,0.8635374149659863,0.0033297553096199818,0.953984381974593,1.0
complexity,11,0.010476190476190476,0.012131715771230503,0.8635374149659863,0.0033297553096199818,0.953984381974593,1.0
distraction,11,0.010476190476190476,0.012131715771230503,0.8635374149659863,0.0033297553096199818,0.953984381974593,1.0
control task,11,0.010476190476190476,0.012131715771230503,0.8635374149659863,0.0033297553096199818,0.953984381974593,1.0
level signal,11,0.010476190476190476,0.012131715771230503,0.8635374149659863,0.0033297553096199818,0.953984381974593,1.0
erp,11,0.010476190476190476,0.012131715771230503,0.8635374149659863,0.0033297553096199818,0.953984381974593,1.0
skill,11,0.010476190476190476,0.012131715771230503,0.8635374149659863,0.0033297553096199818,0.953984381974593,1.0
hyperactivity,20,0.01904761904761905,0.02079722703639515,0.9158730158730158,0.003197021980763344,0.9549098672676818,1.0
light,20,0.01904761904761905,0.02079722703639515,0.9158730158730158,0.003197021980763344,0.9549098672676818,1.0
series,20,0.01904761904761905,0.02079722703639515,0.9158730158730158,0.003197021980763344,0.9549098672676818,1.0
nodes,20,0.01904761904761905,0.02079722703639515,0.9158730158730158,0.003197021980763344,0.9549098672676818,1.0
adaptation,20,0.01904761904761905,0.02079722703639515,0.9158730158730158,0.003197021980763344,0.9549098672676818,1.0
ofc,20,0.01904761904761905,0.02079722703639515,0.9158730158730158,0.003197021980763344,0.9549098672676818,1.0
caudate,67,0.06380952380952382,0.0658578856152513,0.9688972431077695,0.0030710771544924433,0.9558060134997883,1.0
test,117,0.11142857142857143,0.10918544194107452,1.020544217687075,0.0030681099163242056,0.955827346674778,1.0
explain,20,0.01904761904761905,0.01733102253032929,1.0990476190476193,0.0028756278600489456,0.9572340328743759,1.0
longitudinal,20,0.01904761904761905,0.01733102253032929,1.0990476190476193,0.0028756278600489456,0.9572340328743759,1.0
environmental,20,0.01904761904761905,0.01733102253032929,1.0990476190476193,0.0028756278600489456,0.9572340328743759,1.0
modality,20,0.01904761904761905,0.01733102253032929,1.0990476190476193,0.0028756278600489456,0.9572340328743759,1.0
frequently,20,0.01904761904761905,0.01733102253032929,1.0990476190476193,0.0028756278600489456,0.9572340328743759,1.0
dorsomedial prefrontal,20,0.01904761904761905,0.01733102253032929,1.0990476190476193,0.0028756278600489456,0.9572340328743759,1.0
possibility,20,0.01904761904761905,0.01733102253032929,1.0990476190476193,0.0028756278600489456,0.9572340328743759,1.0
responded,20,0.01904761904761905,0.01733102253032929,1.0990476190476193,0.0028756278600489456,0.9572340328743759,1.0
level,194,0.18476190476190477,0.18717504332755633,0.9871075837742505,0.002822406608456913,0.9576312552460813,1.0
response,261,0.24857142857142858,0.24610051993067592,1.0100402414486922,0.0025433903230071926,0.9597781072863235,1.0
humans,84,0.08,0.0779896013864818,1.025777777777778,0.0022738298788079455,0.9619675340071917,1.0
previous,157,0.14952380952380953,0.14731369150779897,1.0150028011204482,0.0022125991542973015,0.9624827235990198,1.0
basal,40,0.0380952380952381,0.03986135181975736,0.9556935817805384,0.001793163463863415,0.9662230660799702,1.0
dysfunction,40,0.0380952380952381,0.03986135181975736,0.9556935817805384,0.001793163463863415,0.9662230660799702,1.0
functions,62,0.05904761904761905,0.05719237435008666,1.0324386724386725,0.0017789481050209906,0.966357136634931,1.0
relevant,69,0.06571428571428571,0.06759098786828423,0.9722344322344322,0.0017131266902187768,0.9669850369093091,1.0
memories,51,0.04857142857142857,0.04679376083188908,1.037989417989418,0.0015432548814710483,0.9686637373876722,1.0
functional magnetic,441,0.42,0.41767764298093585,1.0055601659751037,0.0014677351807044106,0.9694396948995165,1.0
functional connectivity,155,0.14761904761904762,0.14558058925476602,1.0140022675736962,0.0014382362527915508,0.9697482094941777,1.0
delay,31,0.029523809523809525,0.03119584055459272,0.9464021164021165,0.0013823090833951198,0.9703419497439237,1.0
respectively,60,0.05714285714285714,0.058925476603119586,0.9697478991596638,0.0013235698296047286,0.970978644293565,1.0
selectively,29,0.02761904761904762,0.025996533795493933,1.0624126984126985,0.001107715555365844,0.9734494198303886,1.0
maintenance,29,0.02761904761904762,0.025996533795493933,1.0624126984126985,0.001107715555365844,0.9734494198303886,1.0
relation,29,0.02761904761904762,0.025996533795493933,1.0624126984126985,0.001107715555365844,0.9734494198303886,1.0
sessions,22,0.02095238095238095,0.022530329289428077,0.9299633699633699,0.0009786807849952578,0.9750431506378268,1.0
internal,22,0.02095238095238095,0.022530329289428077,0.9299633699633699,0.0009786807849952578,0.9750431506378268,1.0
intact,22,0.02095238095238095,0.022530329289428077,0.9299633699633699,0.0009786807849952578,0.9750431506378268,1.0
concomitant,7,0.006666666666666667,0.005199306759098787,1.2822222222222222,0.0009466868052974831,0.9754543405553557,1.0
matrix,7,0.006666666666666667,0.005199306759098787,1.2822222222222222,0.0009466868052974831,0.9754543405553557,1.0
twice,7,0.006666666666666667,0.005199306759098787,1.2822222222222222,0.0009466868052974831,0.9754543405553557,1.0
negative feedback,7,0.006666666666666667,0.005199306759098787,1.2822222222222222,0.0009466868052974831,0.9754543405553557,1.0
shorter,7,0.006666666666666667,0.005199306759098787,1.2822222222222222,0.0009466868052974831,0.9754543405553557,1.0
disorder adhd,7,0.006666666666666667,0.005199306759098787,1.2822222222222222,0.0009466868052974831,0.9754543405553557,1.0
contrary,7,0.006666666666666667,0.005199306759098787,1.2822222222222222,0.0009466868052974831,0.9754543405553557,1.0
negative emotional,7,0.006666666666666667,0.005199306759098787,1.2822222222222222,0.0009466868052974831,0.9754543405553557,1.0
systems involved,7,0.006666666666666667,0.005199306759098787,1.2822222222222222,0.0009466868052974831,0.9754543405553557,1.0
asymmetry,7,0.006666666666666667,0.005199306759098787,1.2822222222222222,0.0009466868052974831,0.9754543405553557,1.0
impacts,7,0.006666666666666667,0.005199306759098787,1.2822222222222222,0.0009466868052974831,0.9754543405553557,1.0
participate,7,0.006666666666666667,0.005199306759098787,1.2822222222222222,0.0009466868052974831,0.9754543405553557,1.0
functional role,7,0.006666666666666667,0.005199306759098787,1.2822222222222222,0.0009466868052974831,0.9754543405553557,1.0
superior inferior,7,0.006666666666666667,0.005199306759098787,1.2822222222222222,0.0009466868052974831,0.9754543405553557,1.0
drugs,7,0.006666666666666667,0.005199306759098787,1.2822222222222222,0.0009466868052974831,0.9754543405553557,1.0
plays role,7,0.006666666666666667,0.005199306759098787,1.2822222222222222,0.0009466868052974831,0.9754543405553557,1.0
resonance performing,7,0.006666666666666667,0.005199306759098787,1.2822222222222222,0.0009466868052974831,0.9754543405553557,1.0
categorization,7,0.006666666666666667,0.005199306759098787,1.2822222222222222,0.0009466868052974831,0.9754543405553557,1.0
80,7,0.006666666666666667,0.005199306759098787,1.2822222222222222,0.0009466868052974831,0.9754543405553557,1.0
visuo spatial,7,0.006666666666666667,0.005199306759098787,1.2822222222222222,0.0009466868052974831,0.9754543405553557,1.0
extends,7,0.006666666666666667,0.005199306759098787,1.2822222222222222,0.0009466868052974831,0.9754543405553557,1.0
discriminated,7,0.006666666666666667,0.005199306759098787,1.2822222222222222,0.0009466868052974831,0.9754543405553557,1.0
inhibitory control,7,0.006666666666666667,0.005199306759098787,1.2822222222222222,0.0009466868052974831,0.9754543405553557,1.0
parietal network,7,0.006666666666666667,0.005199306759098787,1.2822222222222222,0.0009466868052974831,0.9754543405553557,1.0
14 healthy,7,0.006666666666666667,0.005199306759098787,1.2822222222222222,0.0009466868052974831,0.9754543405553557,1.0
healthy young,18,0.017142857142857144,0.01559792027729636,1.099047619047619,0.0009328479710935583,0.9756343512318876,1.0
theory mind,18,0.017142857142857144,0.01559792027729636,1.099047619047619,0.0009328479710935583,0.9756343512318876,1.0
place,18,0.017142857142857144,0.01559792027729636,1.099047619047619,0.0009328479710935583,0.9756343512318876,1.0
lack,18,0.017142857142857144,0.01559792027729636,1.099047619047619,0.0009328479710935583,0.9756343512318876,1.0
interpretation,18,0.017142857142857144,0.01559792027729636,1.099047619047619,0.0009328479710935583,0.9756343512318876,1.0
complex,91,0.08666666666666667,0.08838821490467938,0.9805228758169935,0.000670769060558395,0.9793377304432959,1.0
current,111,0.10571428571428572,0.10398613518197573,1.0166190476190478,0.0005880831353077842,0.9806528562340984,1.0
aimed,49,0.04666666666666667,0.045060658578856154,1.0356410256410256,0.0005869361178395967,0.9806717294140077,1.0
dementia,13,0.012380952380952381,0.01386481802426343,0.8929761904761906,0.0005820895926696471,0.9807516792381653,1.0
priming,13,0.012380952380952381,0.01386481802426343,0.8929761904761906,0.0005820895926696471,0.9807516792381653,1.0
cerebral blood,13,0.012380952380952381,0.01386481802426343,0.8929761904761906,0.0005820895926696471,0.9807516792381653,1.0
syndrome,13,0.012380952380952381,0.01386481802426343,0.8929761904761906,0.0005820895926696471,0.9807516792381653,1.0
temporoparietal junction,13,0.012380952380952381,0.01386481802426343,0.8929761904761906,0.0005820895926696471,0.9807516792381653,1.0
rewards,13,0.012380952380952381,0.01386481802426343,0.8929761904761906,0.0005820895926696471,0.9807516792381653,1.0
interval,13,0.012380952380952381,0.01386481802426343,0.8929761904761906,0.0005820895926696471,0.9807516792381653,1.0
calculated,13,0.012380952380952381,0.01386481802426343,0.8929761904761906,0.0005820895926696471,0.9807516792381653,1.0
combining,13,0.012380952380952381,0.01386481802426343,0.8929761904761906,0.0005820895926696471,0.9807516792381653,1.0
block design,13,0.012380952380952381,0.01386481802426343,0.8929761904761906,0.0005820895926696471,0.9807516792381653,1.0
currently,13,0.012380952380952381,0.01386481802426343,0.8929761904761906,0.0005820895926696471,0.9807516792381653,1.0
multi,13,0.012380952380952381,0.01386481802426343,0.8929761904761906,0.0005820895926696471,0.9807516792381653,1.0
pair,13,0.012380952380952381,0.01386481802426343,0.8929761904761906,0.0005820895926696471,0.9807516792381653,1.0
leads,13,0.012380952380952381,0.01386481802426343,0.8929761904761906,0.0005820895926696471,0.9807516792381653,1.0
effect,171,0.16285714285714287,0.16464471403812825,0.9891428571428572,0.0005387660460298747,0.9814816974762246,1.0
information,213,0.20285714285714285,0.20103986135181975,1.009039408866995,0.000519789555119835,0.9818106904753077,1.0
relatively,38,0.03619047619047619,0.03466204506065858,1.0440952380952382,0.00037348791035933006,0.9845811741797885,1.0
life,38,0.03619047619047619,0.03466204506065858,1.0440952380952382,0.00037348791035933006,0.9845811741797885,1.0
absence,38,0.03619047619047619,0.03466204506065858,1.0440952380952382,0.00037348791035933006,0.9845811741797885,1.0
healthy controls,93,0.08857142857142856,0.09012131715771231,0.9828021978021977,0.00019683108500193533,0.9888063259160536,1.0
condition,113,0.10761904761904761,0.10918544194107452,0.9856538170823885,0.00019307273597440162,0.9889137016484125,1.0
cortex pfc,27,0.025714285714285714,0.024263431542461005,1.0597959183673469,0.00017718134779974934,0.9893797133876175,1.0
investigation,27,0.025714285714285714,0.024263431542461005,1.0597959183673469,0.00017718134779974934,0.9893797133876175,1.0
characterize,27,0.025714285714285714,0.024263431542461005,1.0597959183673469,0.00017718134779974934,0.9893797133876175,1.0
17,27,0.025714285714285714,0.024263431542461005,1.0597959183673469,0.00017718134779974934,0.9893797133876175,1.0
circuits,47,0.04476190476190476,0.043327556325823226,1.0331047619047617,7.388316937722719e-05,0.993141842221576,1.0
ventral striatum,24,0.022857142857142857,0.024263431542461005,0.9420408163265306,6.592291545865589e-05,0.993521812812727,1.0
developing,24,0.022857142857142857,0.024263431542461005,0.9420408163265306,6.592291545865589e-05,0.993521812812727,1.0
13,24,0.022857142857142857,0.024263431542461005,0.9420408163265306,6.592291545865589e-05,0.993521812812727,1.0
pole,24,0.022857142857142857,0.024263431542461005,0.9420408163265306,6.592291545865589e-05,0.993521812812727,1.0
recruited,64,0.06095238095238095,0.06239168110918544,0.9769312169312169,6.018595219205911e-05,0.9938101051294281,1.0
oxygen level,44,0.0419047619047619,0.043327556325823226,0.9671619047619047,5.8761026491919866e-05,0.9938838166639526,1.0
oxygen,44,0.0419047619047619,0.043327556325823226,0.9671619047619047,5.8761026491919866e-05,0.9938838166639526,1.0
blood oxygen,44,0.0419047619047619,0.043327556325823226,0.9671619047619047,5.8761026491919866e-05,0.9938838166639526,1.0
genotype,16,0.015238095238095238,0.01386481802426343,1.099047619047619,2.3890274148808845e-05,0.9961001410570129,1.0
bases,16,0.015238095238095238,0.01386481802426343,1.099047619047619,2.3890274148808845e-05,0.9961001410570129,1.0
case,16,0.015238095238095238,0.01386481802426343,1.099047619047619,2.3890274148808845e-05,0.9961001410570129,1.0
daily,16,0.015238095238095238,0.01386481802426343,1.099047619047619,2.3890274148808845e-05,0.9961001410570129,1.0
severe,16,0.015238095238095238,0.01386481802426343,1.099047619047619,2.3890274148808845e-05,0.9961001410570129,1.0
principal,16,0.015238095238095238,0.01386481802426343,1.099047619047619,2.3890274148808845e-05,0.9961001410570129,1.0
frontal gyrus,115,0.10952380952380952,0.11091854419410745,0.9874255952380953,1.0280682700749877e-05,0.9974417069260625,1.0
neuropsychological,36,0.03428571428571429,0.03292894280762565,1.041203007518797,2.2441147535413827e-06,0.9988047398798238,1.0
established,36,0.03428571428571429,0.03292894280762565,1.041203007518797,2.2441147535413827e-06,0.9988047398798238,1.0
11,36,0.03428571428571429,0.03292894280762565,1.041203007518797,2.2441147535413827e-06,0.9988047398798238,1.0
substrates,48,0.045714285714285714,0.04679376083188908,0.9769312169312169,0.0,1.0,1.0
substantially,6,0.005714285714285714,0.006932409012131715,0.8242857142857143,0.0,1.0,1.0
substantial,14,0.013333333333333334,0.012131715771230503,1.099047619047619,0.0,1.0,1.0
conditioned,18,0.017142857142857144,0.01733102253032929,0.9891428571428572,0.0,1.0,1.0
sufficient,7,0.006666666666666667,0.006932409012131715,0.9616666666666668,0.0,1.0,1.0
connectivity analyses,19,0.018095238095238095,0.01733102253032929,1.0440952380952382,0.0,1.0,1.0
switch,8,0.007619047619047619,0.008665511265164644,0.8792380952380953,0.0,1.0,1.0
sulcus ips,7,0.006666666666666667,0.006932409012131715,0.9616666666666668,0.0,1.0,1.0
suggest functional,7,0.006666666666666667,0.006932409012131715,0.9616666666666668,0.0,1.0,1.0
comprised,17,0.01619047619047619,0.01559792027729636,1.0379894179894178,0.0,1.0,1.0
cognitive task,8,0.007619047619047619,0.006932409012131715,1.099047619047619,0.0,1.0,1.0
completed,35,0.03333333333333333,0.03292894280762565,1.012280701754386,0.0,1.0,1.0
complete,7,0.006666666666666667,0.006932409012131715,0.9616666666666668,0.0,1.0,1.0
complementary,10,0.009523809523809525,0.010398613518197574,0.9158730158730158,0.0,1.0,1.0
symptom severity,14,0.013333333333333334,0.012131715771230503,1.099047619047619,0.0,1.0,1.0
combined,43,0.040952380952380955,0.03986135181975736,1.0273706004140788,0.0,1.0,1.0
collectively,12,0.011428571428571429,0.010398613518197574,1.099047619047619,0.0,1.0,1.0
coherent,11,0.010476190476190476,0.010398613518197574,1.0074603174603174,0.0,1.0,1.0
sustained,26,0.024761904761904763,0.024263431542461005,1.020544217687075,0.0,1.0,1.0
sustained attention,9,0.008571428571428572,0.008665511265164644,0.9891428571428572,0.0,1.0,1.0
negatively,46,0.04380952380952381,0.045060658578856154,0.9722344322344323,0.0,1.0,1.0
transfer,7,0.006666666666666667,0.006932409012131715,0.9616666666666668,0.0,1.0,1.0
symptoms,41,0.039047619047619046,0.03986135181975736,0.9795859213250518,0.0,1.0,1.0
closely,18,0.017142857142857144,0.01733102253032929,0.9891428571428572,0.0,1.0,1.0
adhd,8,0.007619047619047619,0.008665511265164644,0.8792380952380953,0.0,1.0,1.0
adolescence,19,0.018095238095238095,0.01733102253032929,1.0440952380952382,0.0,1.0,1.0
videos,8,0.007619047619047619,0.006932409012131715,1.099047619047619,0.0,1.0,1.0
affect,57,0.054285714285714284,0.053726169844020795,1.0104147465437787,0.0,1.0,1.0
aim,46,0.04380952380952381,0.043327556325823226,1.0111238095238095,0.0,1.0,1.0
al,18,0.017142857142857144,0.01733102253032929,0.9891428571428572,0.0,1.0,1.0
ventral,120,0.11428571428571428,0.11438474870017332,0.9991341991341991,0.0,1.0,1.0
allows,16,0.015238095238095238,0.01559792027729636,0.9769312169312169,0.0,1.0,1.0
alpha,10,0.009523809523809525,0.008665511265164644,1.0990476190476193,0.0,1.0,1.0
various,30,0.02857142857142857,0.02772963604852686,1.030357142857143,0.0,1.0,1.0
variety,12,0.011428571428571429,0.010398613518197574,1.099047619047619,0.0,1.0,1.0
animals,19,0.018095238095238095,0.019064124783362217,0.9491774891774892,0.0,1.0,1.0
variable,16,0.015238095238095238,0.01559792027729636,0.9769312169312169,0.0,1.0,1.0
validity,8,0.007619047619047619,0.006932409012131715,1.099047619047619,0.0,1.0,1.0
anterior prefrontal,10,0.009523809523809525,0.010398613518197574,0.9158730158730158,0.0,1.0,1.0
appeared,10,0.009523809523809525,0.010398613518197574,0.9158730158730158,0.0,1.0,1.0
appears,25,0.023809523809523808,0.024263431542461005,0.9812925170068026,0.0,1.0,1.0
approaches,14,0.013333333333333334,0.01386481802426343,0.9616666666666668,0.0,1.0,1.0
aspect,8,0.007619047619047619,0.008665511265164644,0.8792380952380953,0.0,1.0,1.0
users,8,0.007619047619047619,0.006932409012131715,1.099047619047619,0.0,1.0,1.0
assess,50,0.047619047619047616,0.04679376083188908,1.0176366843033509,0.0,1.0,1.0
assessments,8,0.007619047619047619,0.008665511265164644,0.8792380952380953,0.0,1.0,1.0
updating,9,0.008571428571428572,0.008665511265164644,0.9891428571428572,0.0,1.0,1.0
virtual,19,0.018095238095238095,0.019064124783362217,0.9491774891774892,0.0,1.0,1.0
visual information,7,0.006666666666666667,0.006932409012131715,0.9616666666666668,0.0,1.0,1.0
act,8,0.007619047619047619,0.006932409012131715,1.099047619047619,0.0,1.0,1.0
32,17,0.01619047619047619,0.01559792027729636,1.0379894179894178,0.0,1.0,1.0
young,68,0.06476190476190476,0.0658578856152513,0.9833583959899749,0.0,1.0,1.0
14,38,0.03619047619047619,0.036395147313691506,0.9943764172335601,0.0,1.0,1.0
worse,7,0.006666666666666667,0.006932409012131715,0.9616666666666668,0.0,1.0,1.0
15 healthy,7,0.006666666666666667,0.006932409012131715,0.9616666666666668,0.0,1.0,1.0
18 healthy,6,0.005714285714285714,0.006932409012131715,0.8242857142857143,0.0,1.0,1.0
20,50,0.047619047619047616,0.04679376083188908,1.0176366843033509,0.0,1.0,1.0
23,20,0.01904761904761905,0.019064124783362217,0.9991341991341993,0.0,1.0,1.0
wm task,8,0.007619047619047619,0.006932409012131715,1.099047619047619,0.0,1.0,1.0
wiley periodicals,8,0.007619047619047619,0.008665511265164644,0.8792380952380953,0.0,1.0,1.0
wiley,8,0.007619047619047619,0.008665511265164644,0.8792380952380953,0.0,1.0,1.0
35,17,0.01619047619047619,0.01559792027729636,1.0379894179894178,0.0,1.0,1.0
visual stream,9,0.008571428571428572,0.008665511265164644,0.9891428571428572,0.0,1.0,1.0
36,8,0.007619047619047619,0.006932409012131715,1.099047619047619,0.0,1.0,1.0
40,15,0.014285714285714285,0.01559792027729636,0.9158730158730158,0.0,1.0,1.0
43,8,0.007619047619047619,0.006932409012131715,1.099047619047619,0.0,1.0,1.0
watching,6,0.005714285714285714,0.006932409012131715,0.8242857142857143,0.0,1.0,1.0
absent,8,0.007619047619047619,0.008665511265164644,0.8792380952380953,0.0,1.0,1.0
abstract,10,0.009523809523809525,0.010398613518197574,0.9158730158730158,0.0,1.0,1.0
volunteers,56,0.05333333333333334,0.05199306759098787,1.025777777777778,0.0,1.0,1.0
abuse,8,0.007619047619047619,0.006932409012131715,1.099047619047619,0.0,1.0,1.0
account,26,0.024761904761904763,0.025996533795493933,0.9525079365079365,0.0,1.0,1.0
acoustic,10,0.009523809523809525,0.010398613518197574,0.9158730158730158,0.0,1.0,1.0
assumed,12,0.011428571428571429,0.010398613518197574,1.099047619047619,0.0,1.0,1.0
assumption,7,0.006666666666666667,0.006932409012131715,0.9616666666666668,0.0,1.0,1.0
attempt,8,0.007619047619047619,0.006932409012131715,1.099047619047619,0.0,1.0,1.0
characterizing,8,0.007619047619047619,0.006932409012131715,1.099047619047619,0.0,1.0,1.0
caudal,8,0.007619047619047619,0.006932409012131715,1.099047619047619,0.0,1.0,1.0
causal,12,0.011428571428571429,0.012131715771230503,0.9420408163265306,0.0,1.0,1.0
central role,6,0.005714285714285714,0.006932409012131715,0.8242857142857143,0.0,1.0,1.0
tendency,12,0.011428571428571429,0.012131715771230503,0.9420408163265306,0.0,1.0,1.0
cerebral,60,0.05714285714285714,0.05719237435008666,0.9991341991341991,0.0,1.0,1.0
temporoparietal,17,0.01619047619047619,0.01733102253032929,0.9341904761904761,0.0,1.0,1.0
temporally,10,0.009523809523809525,0.010398613518197574,0.9158730158730158,0.0,1.0,1.0
challenge,15,0.014285714285714285,0.01559792027729636,0.9158730158730158,0.0,1.0,1.0
challenging,12,0.011428571428571429,0.010398613518197574,1.099047619047619,0.0,1.0,1.0
characterized,73,0.06952380952380953,0.06932409012131716,1.0028809523809525,0.0,1.0,1.0
childhood,15,0.014285714285714285,0.01386481802426343,1.030357142857143,0.0,1.0,1.0
carriers,14,0.013333333333333334,0.012131715771230503,1.099047619047619,0.0,1.0,1.0
choices,12,0.011428571428571429,0.010398613518197574,1.099047619047619,0.0,1.0,1.0
cingulate cortices,12,0.011428571428571429,0.012131715771230503,0.9420408163265306,0.0,1.0,1.0
taste,7,0.006666666666666667,0.006932409012131715,0.9616666666666668,0.0,1.0,1.0
clearly,9,0.008571428571428572,0.008665511265164644,0.9891428571428572,0.0,1.0,1.0
task involving,8,0.007619047619047619,0.008665511265164644,0.8792380952380953,0.0,1.0,1.0
task difficulty,14,0.013333333333333334,0.012131715771230503,1.099047619047619,0.0,1.0,1.0
clips,6,0.005714285714285714,0.006932409012131715,0.8242857142857143,0.0,1.0,1.0
targets,20,0.01904761904761905,0.019064124783362217,0.9991341991341993,0.0,1.0,1.0
target detection,8,0.007619047619047619,0.006932409012131715,1.099047619047619,0.0,1.0,1.0
target,57,0.054285714285714284,0.05545927209705372,0.9788392857142857,0.0,1.0,1.0
cases,6,0.005714285714285714,0.006932409012131715,0.8242857142857143,0.0,1.0,1.0
broad,11,0.010476190476190476,0.010398613518197574,1.0074603174603174,0.0,1.0,1.0
attend,8,0.007619047619047619,0.006932409012131715,1.099047619047619,0.0,1.0,1.0
behavioral level,6,0.005714285714285714,0.006932409012131715,0.8242857142857143,0.0,1.0,1.0
understood,41,0.039047619047619046,0.03986135181975736,0.9795859213250518,0.0,1.0,1.0
attribution,7,0.006666666666666667,0.006932409012131715,0.9616666666666668,0.0,1.0,1.0
auditory cortex,9,0.008571428571428572,0.008665511265164644,0.9891428571428572,0.0,1.0,1.0
autobiographical,23,0.021904761904761906,0.022530329289428077,0.9722344322344323,0.0,1.0,1.0
automated,8,0.007619047619047619,0.006932409012131715,1.099047619047619,0.0,1.0,1.0
automatically,14,0.013333333333333334,0.012131715771230503,1.099047619047619,0.0,1.0,1.0
awareness,23,0.021904761904761906,0.022530329289428077,0.9722344322344323,0.0,1.0,1.0
type,41,0.039047619047619046,0.03986135181975736,0.9795859213250518,0.0,1.0,1.0
basal ganglia,37,0.035238095238095235,0.03466204506065858,1.0166190476190475,0.0,1.0,1.0
beginning,6,0.005714285714285714,0.006932409012131715,0.8242857142857143,0.0,1.0,1.0
behavioral performance,10,0.009523809523809525,0.008665511265164644,1.0990476190476193,0.0,1.0,1.0
time,140,0.13333333333333333,0.13344887348353554,0.999134199134199,0.0,1.0,1.0
transition,7,0.006666666666666667,0.006932409012131715,0.9616666666666668,0.0,1.0,1.0
behaviorally,21,0.02,0.02079722703639515,0.9616666666666667,0.0,1.0,1.0
behaviour,15,0.014285714285714285,0.01386481802426343,1.030357142857143,0.0,1.0,1.0
tpj,10,0.009523809523809525,0.010398613518197574,0.9158730158730158,0.0,1.0,1.0
tool,17,0.01619047619047619,0.01559792027729636,1.0379894179894178,0.0,1.0,1.0
tone,8,0.007619047619047619,0.006932409012131715,1.099047619047619,0.0,1.0,1.0
tomography,18,0.017142857142857144,0.01733102253032929,0.9891428571428572,0.0,1.0,1.0
tom,7,0.006666666666666667,0.006932409012131715,0.9616666666666668,0.0,1.0,1.0
brainstem,11,0.010476190476190476,0.010398613518197574,1.0074603174603174,0.0,1.0,1.0
time course,10,0.009523809523809525,0.010398613518197574,0.9158730158730158,0.0,1.0,1.0
connectivity anterior,10,0.009523809523809525,0.010398613518197574,0.9158730158730158,0.0,1.0,1.0
risky,8,0.007619047619047619,0.006932409012131715,1.099047619047619,0.0,1.0,1.0
connectivity fc,15,0.014285714285714285,0.01386481802426343,1.030357142857143,0.0,1.0,1.0
positron,17,0.01619047619047619,0.01559792027729636,1.0379894179894178,0.0,1.0,1.0
possible,45,0.04285714285714286,0.0415944540727903,1.0303571428571427,0.0,1.0,1.0
possibly,26,0.024761904761904763,0.024263431542461005,1.020544217687075,0.0,1.0,1.0
postcentral gyrus,9,0.008571428571428572,0.008665511265164644,0.9891428571428572,0.0,1.0,1.0
posterior anterior,7,0.006666666666666667,0.006932409012131715,0.9616666666666668,0.0,1.0,1.0
posterior superior,17,0.01619047619047619,0.01733102253032929,0.9341904761904761,0.0,1.0,1.0
insights,18,0.017142857142857144,0.01733102253032929,0.9891428571428572,0.0,1.0,1.0
inferior temporal,24,0.022857142857142857,0.022530329289428077,1.0145054945054945,0.0,1.0,1.0
inferior frontal,116,0.11047619047619048,0.10918544194107452,1.0118216175359034,0.0,1.0,1.0
induce,19,0.018095238095238095,0.01733102253032929,1.0440952380952382,0.0,1.0,1.0
individual variability,8,0.007619047619047619,0.008665511265164644,0.8792380952380953,0.0,1.0,1.0
independent component,30,0.02857142857142857,0.02772963604852686,1.030357142857143,0.0,1.0,1.0
precuneus posterior,9,0.008571428571428572,0.008665511265164644,0.9891428571428572,0.0,1.0,1.0
incorrect,6,0.005714285714285714,0.006932409012131715,0.8242857142857143,0.0,1.0,1.0
predicted,68,0.06476190476190476,0.0658578856152513,0.9833583959899749,0.0,1.0,1.0
predicting,14,0.013333333333333334,0.01386481802426343,0.9616666666666668,0.0,1.0,1.0
positron emission,17,0.01619047619047619,0.01559792027729636,1.0379894179894178,0.0,1.0,1.0
integrated,9,0.008571428571428572,0.008665511265164644,0.9891428571428572,0.0,1.0,1.0
incentive,12,0.011428571428571429,0.010398613518197574,1.099047619047619,0.0,1.0,1.0
intentional,9,0.008571428571428572,0.008665511265164644,0.9891428571428572,0.0,1.0,1.0
item,34,0.03238095238095238,0.03292894280762565,0.9833583959899749,0.0,1.0,1.0
issue,24,0.022857142857142857,0.022530329289428077,1.0145054945054945,0.0,1.0,1.0
irrelevant,17,0.01619047619047619,0.01559792027729636,1.0379894179894178,0.0,1.0,1.0
ipsilateral,7,0.006666666666666667,0.006932409012131715,0.9616666666666668,0.0,1.0,1.0
ips,7,0.006666666666666667,0.006932409012131715,0.9616666666666668,0.0,1.0,1.0
pharmacological,8,0.007619047619047619,0.008665511265164644,0.8792380952380953,0.0,1.0,1.0
photographs,9,0.008571428571428572,0.008665511265164644,0.9891428571428572,0.0,1.0,1.0
inversely,12,0.011428571428571429,0.010398613518197574,1.099047619047619,0.0,1.0,1.0
introduction,12,0.011428571428571429,0.012131715771230503,0.9420408163265306,0.0,1.0,1.0
intraparietal sulcus,21,0.02,0.02079722703639515,0.9616666666666667,0.0,1.0,1.0
intraparietal,25,0.023809523809523808,0.022530329289428077,1.0567765567765566,0.0,1.0,1.0
play important,9,0.008571428571428572,0.008665511265164644,0.9891428571428572,0.0,1.0,1.0
interventions,8,0.007619047619047619,0.006932409012131715,1.099047619047619,0.0,1.0,1.0
plays important,8,0.007619047619047619,0.006932409012131715,1.099047619047619,0.0,1.0,1.0
intentions,8,0.007619047619047619,0.006932409012131715,1.099047619047619,0.0,1.0,1.0
inconsistent,15,0.014285714285714285,0.01559792027729636,0.9158730158730158,0.0,1.0,1.0
improved,21,0.02,0.019064124783362217,1.049090909090909,0.0,1.0,1.0
grey,20,0.01904761904761905,0.019064124783362217,0.9991341991341993,0.0,1.0,1.0
higher,132,0.12571428571428572,0.12478336221837089,1.0074603174603176,0.0,1.0,1.0
process,75,0.07142857142857142,0.07105719237435008,1.005226480836237,0.0,1.0,1.0
high functioning,8,0.007619047619047619,0.008665511265164644,0.8792380952380953,0.0,1.0,1.0
heterogeneous,7,0.006666666666666667,0.006932409012131715,0.9616666666666668,0.0,1.0,1.0
held,8,0.007619047619047619,0.006932409012131715,1.099047619047619,0.0,1.0,1.0
production,16,0.015238095238095238,0.01559792027729636,0.9769312169312169,0.0,1.0,1.0
progression,8,0.007619047619047619,0.006932409012131715,1.099047619047619,0.0,1.0,1.0
progressive,12,0.011428571428571429,0.012131715771230503,0.9420408163265306,0.0,1.0,1.0
prolonged,7,0.006666666666666667,0.006932409012131715,0.9616666666666668,0.0,1.0,1.0
promising,6,0.005714285714285714,0.006932409012131715,0.8242857142857143,0.0,1.0,1.0
healthy control,25,0.023809523809523808,0.024263431542461005,0.9812925170068026,0.0,1.0,1.0
protocol,6,0.005714285714285714,0.006932409012131715,0.8242857142857143,0.0,1.0,1.0
gyrus posterior,15,0.014285714285714285,0.01386481802426343,1.030357142857143,0.0,1.0,1.0
gyrus cerebellum,6,0.005714285714285714,0.006932409012131715,0.8242857142857143,0.0,1.0,1.0
growing,12,0.011428571428571429,0.012131715771230503,0.9420408163265306,0.0,1.0,1.0
psychological,24,0.022857142857142857,0.022530329289428077,1.0145054945054945,0.0,1.0,1.0
problem,15,0.014285714285714285,0.01386481802426343,1.030357142857143,0.0,1.0,1.0
homogeneity,9,0.008571428571428572,0.008665511265164644,0.9891428571428572,0.0,1.0,1.0
implications understanding,8,0.007619047619047619,0.008665511265164644,0.8792380952380953,0.0,1.0,1.0
hum,8,0.007619047619047619,0.008665511265164644,0.8792380952380953,0.0,1.0,1.0
impairments,35,0.03333333333333333,0.03292894280762565,1.012280701754386,0.0,1.0,1.0
prefrontal cortical,7,0.006666666666666667,0.006932409012131715,0.9616666666666668,0.0,1.0,1.0
prefrontal cortices,17,0.01619047619047619,0.01559792027729636,1.0379894179894178,0.0,1.0,1.0
impaired,52,0.049523809523809526,0.04852686308492201,1.020544217687075,0.0,1.0,1.0
immediate,10,0.009523809523809525,0.008665511265164644,1.0990476190476193,0.0,1.0,1.0
preparation,10,0.009523809523809525,0.010398613518197574,0.9158730158730158,0.0,1.0,1.0
imagery,14,0.013333333333333334,0.01386481802426343,0.9616666666666668,0.0,1.0,1.0
ii,22,0.02095238095238095,0.02079722703639515,1.0074603174603174,0.0,1.0,1.0
presenting,10,0.009523809523809525,0.008665511265164644,1.0990476190476193,0.0,1.0,1.0
hypotheses,15,0.014285714285714285,0.01386481802426343,1.030357142857143,0.0,1.0,1.0
presumably,8,0.007619047619047619,0.008665511265164644,0.8792380952380953,0.0,1.0,1.0
hypoactivation,10,0.009523809523809525,0.008665511265164644,1.0990476190476193,0.0,1.0,1.0
previous shown,7,0.006666666666666667,0.006932409012131715,0.9616666666666668,0.0,1.0,1.0
previous work,8,0.007619047619047619,0.006932409012131715,1.099047619047619,0.0,1.0,1.0
hum mapp,8,0.007619047619047619,0.008665511265164644,0.8792380952380953,0.0,1.0,1.0
periodicals,8,0.007619047619047619,0.008665511265164644,0.8792380952380953,0.0,1.0,1.0
key role,10,0.009523809523809525,0.008665511265164644,1.0990476190476193,0.0,1.0,1.0
lateral medial,8,0.007619047619047619,0.008665511265164644,0.8792380952380953,0.0,1.0,1.0
mnemonic,12,0.011428571428571429,0.012131715771230503,0.9420408163265306,0.0,1.0,1.0
mind tom,7,0.006666666666666667,0.006932409012131715,0.9616666666666668,0.0,1.0,1.0
min,13,0.012380952380952381,0.012131715771230503,1.020544217687075,0.0,1.0,1.0
mild cognitive,18,0.017142857142857144,0.01733102253032929,0.9891428571428572,0.0,1.0,1.0
middle superior,6,0.005714285714285714,0.006932409012131715,0.8242857142857143,0.0,1.0,1.0
middle inferior,7,0.006666666666666667,0.006932409012131715,0.9616666666666668,0.0,1.0,1.0
midbrain,16,0.015238095238095238,0.01559792027729636,0.9769312169312169,0.0,1.0,1.0
methodology principal,8,0.007619047619047619,0.006932409012131715,1.099047619047619,0.0,1.0,1.0
mental states,12,0.011428571428571429,0.012131715771230503,0.9420408163265306,0.0,1.0,1.0
men,27,0.025714285714285714,0.025996533795493933,0.9891428571428571,0.0,1.0,1.0
olfactory,10,0.009523809523809525,0.010398613518197574,0.9158730158730158,0.0,1.0,1.0
online,7,0.006666666666666667,0.006932409012131715,0.9616666666666668,0.0,1.0,1.0
mediating,23,0.021904761904761906,0.02079722703639515,1.0532539682539683,0.0,1.0,1.0
mediated,47,0.04476190476190476,0.045060658578856154,0.9933699633699633,0.0,1.0,1.0
optimal,7,0.006666666666666667,0.006932409012131715,0.9616666666666668,0.0,1.0,1.0
medial superior,8,0.007619047619047619,0.008665511265164644,0.8792380952380953,0.0,1.0,1.0
mirror neuron,6,0.005714285714285714,0.006932409012131715,0.8242857142857143,0.0,1.0,1.0
models,59,0.05619047619047619,0.05719237435008666,0.9824819624819625,0.0,1.0,1.0
lateral orbitofrontal,10,0.009523809523809525,0.010398613518197574,0.9158730158730158,0.0,1.0,1.0
modulatory,12,0.011428571428571429,0.012131715771230503,0.9420408163265306,0.0,1.0,1.0
nervous,8,0.007619047619047619,0.006932409012131715,1.099047619047619,0.0,1.0,1.0
negative neutral,10,0.009523809523809525,0.008665511265164644,1.0990476190476193,0.0,1.0,1.0
network involved,8,0.007619047619047619,0.006932409012131715,1.099047619047619,0.0,1.0,1.0
neurobiological,30,0.02857142857142857,0.029462738301559793,0.9697478991596638,0.0,1.0,1.0
necessary,13,0.012380952380952381,0.012131715771230503,1.020544217687075,0.0,1.0,1.0
navigation,11,0.010476190476190476,0.010398613518197574,1.0074603174603174,0.0,1.0,1.0
neuron,6,0.005714285714285714,0.006932409012131715,0.8242857142857143,0.0,1.0,1.0
neuropsychiatric,8,0.007619047619047619,0.008665511265164644,0.8792380952380953,0.0,1.0,1.0
neuroscience,15,0.014285714285714285,0.01386481802426343,1.030357142857143,0.0,1.0,1.0
native,6,0.005714285714285714,0.006932409012131715,0.8242857142857143,0.0,1.0,1.0
new,89,0.08476190476190476,0.08492201039861352,0.9981146744412049,0.0,1.0,1.0
nineteen,10,0.009523809523809525,0.008665511265164644,1.0990476190476193,0.0,1.0,1.0
multiple,77,0.07333333333333333,0.07279029462738301,1.0074603174603176,0.0,1.0,1.0
monitor,7,0.006666666666666667,0.006932409012131715,0.9616666666666668,0.0,1.0,1.0
monetary,18,0.017142857142857144,0.01733102253032929,0.9891428571428572,0.0,1.0,1.0
oral,7,0.006666666666666667,0.006932409012131715,0.9616666666666668,0.0,1.0,1.0
measurement,9,0.008571428571428572,0.008665511265164644,0.9891428571428572,0.0,1.0,1.0
meaningful,6,0.005714285714285714,0.006932409012131715,0.8242857142857143,0.0,1.0,1.0
meaning,15,0.014285714285714285,0.01386481802426343,1.030357142857143,0.0,1.0,1.0
links,10,0.009523809523809525,0.010398613518197574,0.9158730158730158,0.0,1.0,1.0
linking,12,0.011428571428571429,0.012131715771230503,0.9420408163265306,0.0,1.0,1.0
lingual gyrus,13,0.012380952380952381,0.012131715771230503,1.020544217687075,0.0,1.0,1.0
partly,9,0.008571428571428572,0.008665511265164644,0.9891428571428572,0.0,1.0,1.0
lingual,17,0.01619047619047619,0.01733102253032929,0.9341904761904761,0.0,1.0,1.0
parts,20,0.01904761904761905,0.019064124783362217,0.9991341991341993,0.0,1.0,1.0
passively,7,0.006666666666666667,0.006932409012131715,0.9616666666666668,0.0,1.0,1.0
pathology,10,0.009523809523809525,0.010398613518197574,0.9158730158730158,0.0,1.0,1.0
pathophysiological,8,0.007619047619047619,0.008665511265164644,0.8792380952380953,0.0,1.0,1.0
lexical,19,0.018095238095238095,0.01733102253032929,1.0440952380952382,0.0,1.0,1.0
patterns,137,0.13047619047619047,0.1317157712305026,0.9905889724310777,0.0,1.0,1.0
pcc,19,0.018095238095238095,0.019064124783362217,0.9491774891774892,0.0,1.0,1.0
lesions,19,0.018095238095238095,0.01733102253032929,1.0440952380952382,0.0,1.0,1.0
lateralized,18,0.017142857142857144,0.01733102253032929,0.9891428571428572,0.0,1.0,1.0
lateral parietal,12,0.011428571428571429,0.012131715771230503,0.9420408163265306,0.0,1.0,1.0
little,74,0.07047619047619047,0.07105719237435008,0.9918234610917537,0.0,1.0,1.0
parietal lobules,6,0.005714285714285714,0.006932409012131715,0.8242857142857143,0.0,1.0,1.0
lobe mtl,26,0.024761904761904763,0.024263431542461005,1.020544217687075,0.0,1.0,1.0
marker,11,0.010476190476190476,0.010398613518197574,1.0074603174603174,0.0,1.0,1.0
orienting,7,0.006666666666666667,0.006932409012131715,0.9616666666666668,0.0,1.0,1.0
original,8,0.007619047619047619,0.006932409012131715,1.099047619047619,0.0,1.0,1.0
mci,12,0.011428571428571429,0.010398613518197574,1.099047619047619,0.0,1.0,1.0
maturation,7,0.006666666666666667,0.006932409012131715,0.9616666666666668,0.0,1.0,1.0
overlap,28,0.02666666666666667,0.025996533795493933,1.025777777777778,0.0,1.0,1.0
materials,8,0.007619047619047619,0.008665511265164644,0.8792380952380953,0.0,1.0,1.0
mapp,8,0.007619047619047619,0.008665511265164644,0.8792380952380953,0.0,1.0,1.0
parietal junction,12,0.011428571428571429,0.012131715771230503,0.9420408163265306,0.0,1.0,1.0
making,46,0.04380952380952381,0.043327556325823226,1.0111238095238095,0.0,1.0,1.0
major,50,0.047619047619047616,0.04852686308492201,0.9812925170068026,0.0,1.0,1.0
parahippocampal gyrus,62,0.05904761904761905,0.058925476603119586,1.0020728291316527,0.0,1.0,1.0
maintaining,7,0.006666666666666667,0.006932409012131715,0.9616666666666668,0.0,1.0,1.0
mainly,41,0.039047619047619046,0.038128249566724434,1.0241125541125542,0.0,1.0,1.0
long,60,0.05714285714285714,0.05719237435008666,0.9991341991341991,0.0,1.0,1.0
grey matter,18,0.017142857142857144,0.01733102253032929,0.9891428571428572,0.0,1.0,1.0
psychosis,8,0.007619047619047619,0.008665511265164644,0.8792380952380953,0.0,1.0,1.0
subserve,9,0.008571428571428572,0.008665511265164644,0.9891428571428572,0.0,1.0,1.0
shape,15,0.014285714285714285,0.01559792027729636,0.9158730158730158,0.0,1.0,1.0
details,19,0.018095238095238095,0.01733102253032929,1.0440952380952382,0.0,1.0,1.0
shifts,10,0.009523809523809525,0.010398613518197574,0.9158730158730158,0.0,1.0,1.0
detailed,13,0.012380952380952381,0.012131715771230503,1.020544217687075,0.0,1.0,1.0
showing,61,0.058095238095238096,0.05719237435008666,1.0157864357864357,0.0,1.0,1.0
derived,20,0.01904761904761905,0.019064124783362217,0.9991341991341993,0.0,1.0,1.0
signaling,9,0.008571428571428572,0.008665511265164644,0.9891428571428572,0.0,1.0,1.0
signals,52,0.049523809523809526,0.05025996533795494,0.9853530377668309,0.0,1.0,1.0
significance statement,8,0.007619047619047619,0.006932409012131715,1.099047619047619,0.0,1.0,1.0
depend,18,0.017142857142857144,0.01733102253032929,0.9891428571428572,0.0,1.0,1.0
similarity,15,0.014285714285714285,0.01386481802426343,1.030357142857143,0.0,1.0,1.0
demonstrates,15,0.014285714285714285,0.01559792027729636,0.9158730158730158,0.0,1.0,1.0
skills,18,0.017142857142857144,0.01733102253032929,0.9891428571428572,0.0,1.0,1.0
deep,6,0.005714285714285714,0.006932409012131715,0.8242857142857143,0.0,1.0,1.0
sleep,19,0.018095238095238095,0.01733102253032929,1.0440952380952382,0.0,1.0,1.0
slow,10,0.009523809523809525,0.008665511265164644,1.0990476190476193,0.0,1.0,1.0
determined,23,0.021904761904761906,0.02079722703639515,1.0532539682539683,0.0,1.0,1.0
severity,32,0.030476190476190476,0.029462738301559793,1.0343977591036415,0.0,1.0,1.0
debate,9,0.008571428571428572,0.008665511265164644,0.9891428571428572,0.0,1.0,1.0
sets,17,0.01619047619047619,0.01559792027729636,1.0379894179894178,0.0,1.0,1.0
second,65,0.06190476190476191,0.06239168110918544,0.9921957671957672,0.0,1.0,1.0
seeking,10,0.009523809523809525,0.008665511265164644,1.0990476190476193,0.0,1.0,1.0
segregation,11,0.010476190476190476,0.010398613518197574,1.0074603174603174,0.0,1.0,1.0
dorsal medial,8,0.007619047619047619,0.006932409012131715,1.099047619047619,0.0,1.0,1.0
dopamine,19,0.018095238095238095,0.019064124783362217,0.9491774891774892,0.0,1.0,1.0
dominant,11,0.010476190476190476,0.010398613518197574,1.0074603174603174,0.0,1.0,1.0
dominance,8,0.007619047619047619,0.006932409012131715,1.099047619047619,0.0,1.0,1.0
divided,14,0.013333333333333334,0.01386481802426343,0.9616666666666668,0.0,1.0,1.0
diverse,6,0.005714285714285714,0.006932409012131715,0.8242857142857143,0.0,1.0,1.0
sense,10,0.009523809523809525,0.008665511265164644,1.0990476190476193,0.0,1.0,1.0
disruption,8,0.007619047619047619,0.006932409012131715,1.099047619047619,0.0,1.0,1.0
disorder,103,0.0980952380952381,0.09878682842287695,0.992999164578112,0.0,1.0,1.0
discussion,6,0.005714285714285714,0.006932409012131715,0.8242857142857143,0.0,1.0,1.0
discrimination task,8,0.007619047619047619,0.008665511265164644,0.8792380952380953,0.0,1.0,1.0
discriminate,7,0.006666666666666667,0.006932409012131715,0.9616666666666668,0.0,1.0,1.0
decisions,26,0.024761904761904763,0.024263431542461005,1.020544217687075,0.0,1.0,1.0
dacc,12,0.011428571428571429,0.012131715771230503,0.9420408163265306,0.0,1.0,1.0
psychotic,8,0.007619047619047619,0.006932409012131715,1.099047619047619,0.0,1.0,1.0
correlation,70,0.06666666666666667,0.0658578856152513,1.012280701754386,0.0,1.0,1.0
state networks,12,0.011428571428571429,0.012131715771230503,0.9420408163265306,0.0,1.0,1.0
stimuli presented,13,0.012380952380952381,0.012131715771230503,1.020544217687075,0.0,1.0,1.0
controlling,19,0.018095238095238095,0.019064124783362217,0.9491774891774892,0.0,1.0,1.0
control network,12,0.011428571428571429,0.010398613518197574,1.099047619047619,0.0,1.0,1.0
contrasted,18,0.017142857142857144,0.01733102253032929,0.9891428571428572,0.0,1.0,1.0
stroop task,6,0.005714285714285714,0.006932409012131715,0.8242857142857143,0.0,1.0,1.0
construct,6,0.005714285714285714,0.006932409012131715,0.8242857142857143,0.0,1.0,1.0
structure function,8,0.007619047619047619,0.006932409012131715,1.099047619047619,0.0,1.0,1.0
constitute,6,0.005714285714285714,0.006932409012131715,0.8242857142857143,0.0,1.0,1.0
consolidation,14,0.013333333333333334,0.012131715771230503,1.099047619047619,0.0,1.0,1.0
consistency,6,0.005714285714285714,0.006932409012131715,0.8242857142857143,0.0,1.0,1.0
considerable,10,0.009523809523809525,0.008665511265164644,1.0990476190476193,0.0,1.0,1.0
subcortical structures,8,0.007619047619047619,0.008665511265164644,0.8792380952380953,0.0,1.0,1.0
consequence,8,0.007619047619047619,0.008665511265164644,0.8792380952380953,0.0,1.0,1.0
subregions,13,0.012380952380952381,0.012131715771230503,1.020544217687075,0.0,1.0,1.0
correlating,6,0.005714285714285714,0.006932409012131715,0.8242857142857143,0.0,1.0,1.0
standard,22,0.02095238095238095,0.02079722703639515,1.0074603174603174,0.0,1.0,1.0
current functional,8,0.007619047619047619,0.006932409012131715,1.099047619047619,0.0,1.0,1.0
cortex dacc,10,0.009523809523809525,0.010398613518197574,0.9158730158730158,0.0,1.0,1.0
socially,10,0.009523809523809525,0.008665511265164644,1.0990476190476193,0.0,1.0,1.0
solving,7,0.006666666666666667,0.006932409012131715,0.9616666666666668,0.0,1.0,1.0
somatosensory,25,0.023809523809523808,0.024263431542461005,0.9812925170068026,0.0,1.0,1.0
cross,28,0.02666666666666667,0.02772963604852686,0.9616666666666668,0.0,1.0,1.0
spatial attention,6,0.005714285714285714,0.006932409012131715,0.8242857142857143,0.0,1.0,1.0
spatial temporal,7,0.006666666666666667,0.006932409012131715,0.9616666666666668,0.0,1.0,1.0
covert,7,0.006666666666666667,0.006932409012131715,0.9616666666666668,0.0,1.0,1.0
speaking,6,0.005714285714285714,0.006932409012131715,0.8242857142857143,0.0,1.0,1.0
coupled,15,0.014285714285714285,0.01386481802426343,1.030357142857143,0.0,1.0,1.0
species,10,0.009523809523809525,0.008665511265164644,1.0990476190476193,0.0,1.0,1.0
cortico,16,0.015238095238095238,0.01559792027729636,0.9769312169312169,0.0,1.0,1.0
cortex vlpfc,8,0.007619047619047619,0.006932409012131715,1.099047619047619,0.0,1.0,1.0
cortex ventral,11,0.010476190476190476,0.010398613518197574,1.0074603174603174,0.0,1.0,1.0
cortex thalamus,8,0.007619047619047619,0.006932409012131715,1.099047619047619,0.0,1.0,1.0
cortex lateral,6,0.005714285714285714,0.006932409012131715,0.8242857142857143,0.0,1.0,1.0
se,7,0.006666666666666667,0.006932409012131715,0.9616666666666668,0.0,1.0,1.0
sd,14,0.013333333333333334,0.012131715771230503,1.099047619047619,0.0,1.0,1.0
score,12,0.011428571428571429,0.012131715771230503,0.9420408163265306,0.0,1.0,1.0
recruits,11,0.010476190476190476,0.010398613518197574,1.0074603174603174,0.0,1.0,1.0
fixation,8,0.007619047619047619,0.006932409012131715,1.099047619047619,0.0,1.0,1.0
reference,13,0.012380952380952381,0.012131715771230503,1.020544217687075,0.0,1.0,1.0
fields,9,0.008571428571428572,0.008665511265164644,0.9891428571428572,0.0,1.0,1.0
females,23,0.021904761904761906,0.02079722703639515,1.0532539682539683,0.0,1.0,1.0
feelings,14,0.013333333333333334,0.01386481802426343,0.9616666666666668,0.0,1.0,1.0
faster,28,0.02666666666666667,0.025996533795493933,1.025777777777778,0.0,1.0,1.0
regional cerebral,8,0.007619047619047619,0.006932409012131715,1.099047619047619,0.0,1.0,1.0
regional homogeneity,8,0.007619047619047619,0.008665511265164644,0.8792380952380953,0.0,1.0,1.0
false,18,0.017142857142857144,0.01733102253032929,0.9891428571428572,0.0,1.0,1.0
reho,8,0.007619047619047619,0.008665511265164644,0.8792380952380953,0.0,1.0,1.0
fact,10,0.009523809523809525,0.008665511265164644,1.0990476190476193,0.0,1.0,1.0
reinforcement learning,7,0.006666666666666667,0.006932409012131715,0.9616666666666668,0.0,1.0,1.0
eye,20,0.01904761904761905,0.019064124783362217,0.9991341991341993,0.0,1.0,1.0
extrastriate,20,0.01904761904761905,0.019064124783362217,0.9991341991341993,0.0,1.0,1.0
extensively,11,0.010476190476190476,0.010398613518197574,1.0074603174603174,0.0,1.0,1.0
fluctuations,23,0.021904761904761906,0.02079722703639515,1.0532539682539683,0.0,1.0,1.0
follow,14,0.013333333333333334,0.01386481802426343,0.9616666666666668,0.0,1.0,1.0
schizophrenic,7,0.006666666666666667,0.006932409012131715,0.9616666666666668,0.0,1.0,1.0
formed,8,0.007619047619047619,0.008665511265164644,0.8792380952380953,0.0,1.0,1.0
putative,11,0.010476190476190476,0.010398613518197574,1.0074603174603174,0.0,1.0,1.0
quantify,8,0.007619047619047619,0.006932409012131715,1.099047619047619,0.0,1.0,1.0
questionnaire,9,0.008571428571428572,0.008665511265164644,0.9891428571428572,0.0,1.0,1.0
generated,24,0.022857142857142857,0.022530329289428077,1.0145054945054945,0.0,1.0,1.0
random,12,0.011428571428571429,0.012131715771230503,0.9420408163265306,0.0,1.0,1.0
randomized,13,0.012380952380952381,0.012131715771230503,1.020544217687075,0.0,1.0,1.0
ganglia,37,0.035238095238095235,0.03466204506065858,1.0166190476190475,0.0,1.0,1.0
rapid,16,0.015238095238095238,0.01559792027729636,0.9769312169312169,0.0,1.0,1.0
rapidly,10,0.009523809523809525,0.008665511265164644,1.0990476190476193,0.0,1.0,1.0
fusiform gyrus,50,0.047619047619047616,0.04852686308492201,0.9812925170068026,0.0,1.0,1.0
rationale,8,0.007619047619047619,0.008665511265164644,0.8792380952380953,0.0,1.0,1.0
functional network,10,0.009523809523809525,0.008665511265164644,1.0990476190476193,0.0,1.0,1.0
frontoparietal network,7,0.006666666666666667,0.006932409012131715,0.9616666666666668,0.0,1.0,1.0
frontoparietal,21,0.02,0.019064124783362217,1.049090909090909,0.0,1.0,1.0
recognized,17,0.01619047619047619,0.01559792027729636,1.0379894179894178,0.0,1.0,1.0
extending,14,0.013333333333333334,0.012131715771230503,1.099047619047619,0.0,1.0,1.0
expertise,10,0.009523809523809525,0.008665511265164644,1.0990476190476193,0.0,1.0,1.0
repeated,34,0.03238095238095238,0.03119584055459272,1.0379894179894178,0.0,1.0,1.0
executive function,13,0.012380952380952381,0.012131715771230503,1.020544217687075,0.0,1.0,1.0
retention,10,0.009523809523809525,0.008665511265164644,1.0990476190476193,0.0,1.0,1.0
emission tomography,16,0.015238095238095238,0.01559792027729636,0.9769312169312169,0.0,1.0,1.0
emission,19,0.018095238095238095,0.01733102253032929,1.0440952380952382,0.0,1.0,1.0
eighteen,10,0.009523809523809525,0.010398613518197574,0.9158730158730158,0.0,1.0,1.0
rise,7,0.006666666666666667,0.006932409012131715,0.9616666666666668,0.0,1.0,1.0
risk,55,0.05238095238095238,0.05199306759098787,1.0074603174603176,0.0,1.0,1.0
negatively correlated,27,0.025714285714285714,0.025996533795493933,0.9891428571428571,0.0,1.0,1.0
efficiency,13,0.012380952380952381,0.012131715771230503,1.020544217687075,0.0,1.0,1.0
early stages,8,0.007619047619047619,0.008665511265164644,0.8792380952380953,0.0,1.0,1.0
rules,6,0.005714285714285714,0.006932409012131715,0.8242857142857143,0.0,1.0,1.0
early stage,8,0.007619047619047619,0.006932409012131715,1.099047619047619,0.0,1.0,1.0
dysfunctions,9,0.008571428571428572,0.008665511265164644,0.9891428571428572,0.0,1.0,1.0
scales,7,0.006666666666666667,0.006932409012131715,0.9616666666666668,0.0,1.0,1.0
dot,7,0.006666666666666667,0.006932409012131715,0.9616666666666668,0.0,1.0,1.0
schizophrenia,50,0.047619047619047616,0.04679376083188908,1.0176366843033509,0.0,1.0,1.0
resulted,23,0.021904761904761906,0.02079722703639515,1.0532539682539683,0.0,1.0,1.0
result,37,0.035238095238095235,0.036395147313691506,0.9682086167800453,0.0,1.0,1.0
enhance,20,0.01904761904761905,0.019064124783362217,0.9991341991341993,0.0,1.0,1.0
et,18,0.017142857142857144,0.01733102253032929,0.9891428571428572,0.0,1.0,1.0
repetitive,7,0.006666666666666667,0.006932409012131715,0.9616666666666668,0.0,1.0,1.0
evoke,7,0.006666666666666667,0.006932409012131715,0.9616666666666668,0.0,1.0,1.0
evidence suggests,22,0.02095238095238095,0.02079722703639515,1.0074603174603174,0.0,1.0,1.0
everyday,17,0.01619047619047619,0.01559792027729636,1.0379894179894178,0.0,1.0,1.0
evaluations,6,0.005714285714285714,0.006932409012131715,0.8242857142857143,0.0,1.0,1.0
et al,18,0.017142857142857144,0.01733102253032929,0.9891428571428572,0.0,1.0,1.0
estimate,10,0.009523809523809525,0.008665511265164644,1.0990476190476193,0.0,1.0,1.0
rest,39,0.037142857142857144,0.036395147313691506,1.020544217687075,0.0,1.0,1.0
resolution,31,0.029523809523809525,0.029462738301559793,1.0020728291316527,0.0,1.0,1.0
resonance experiment,10,0.009523809523809525,0.008665511265164644,1.0990476190476193,0.0,1.0,1.0
equivalent,14,0.013333333333333334,0.01386481802426343,0.9616666666666668,0.0,1.0,1.0
respond,15,0.014285714285714285,0.01559792027729636,0.9158730158730158,0.0,1.0,1.0
enhances,15,0.014285714285714285,0.01386481802426343,1.030357142857143,0.0,1.0,1.0
enhancement,13,0.012380952380952381,0.012131715771230503,1.020544217687075,0.0,1.0,1.0
001,12,0.011428571428571429,0.010398613518197574,1.099047619047619,0.0,1.0,1.0
