term,n_seed,p_term_seed,p_term_ref,ratio,chi2,p,q_fdr
hippocampus,525,0.27258566978193144,0.04290879871434311,6.352675394075162,1285.5796150109056,1.538108541772151e-281,4.965014372840504e-278
hippocampal,287,0.1490134994807892,0.0224186420249096,6.646856634546315,703.1664855939604,6.125383119038496e-155,9.886368354128133e-152
medial temporal,214,0.1111111111111111,0.019445560466050622,5.713957759412304,453.1658165971209,1.4762217380895617e-100,1.5884145901843686e-97
amygdala,462,0.2398753894080997,0.08975492165528325,2.6725597324832595,382.79050128998347,3.072069487722745e-85,2.4791600765922552e-82
memory,642,0.3333333333333333,0.16890317396544796,1.9735172851252776,290.8468260058736,3.2511836782330243e-65,2.0989641826672404e-62
episodic,184,0.09553478712357218,0.024427480916030534,3.910955347871236,254.91409185402267,2.2037590959460662e-57,1.1856223936189838e-54
temporal lobe,217,0.112668743509865,0.034230614704700686,3.2914612980757507,238.25847884095242,9.428454725416651e-54,4.3478645505207065e-51
parahippocampal,207,0.10747663551401869,0.03173965447971073,3.3861942505619305,236.48869754929962,2.29271076394131e-53,9.251087932503185e-51
retrieval,267,0.13862928348909656,0.04861390116512656,2.851638732267449,235.53531058081015,3.7003646349121607e-53,1.3271974490551616e-50
encoding,259,0.13447559709241952,0.050060265166733627,2.6862741666374976,204.8530378342128,1.823274809395494e-46,5.885531084728654e-44
episodic memory,128,0.06645898234683281,0.016392125351546806,4.054323702482031,183.04090100970893,1.0507472333671131e-41,3.0834655175536736e-39
anterior hippocampus,52,0.02699896157840083,0.002249899558055444,12.000074172971368,180.10165752848587,4.604944375145915e-41,1.2387300369142513e-38
mtl,70,0.036344755970924195,0.005544395339493772,6.555224464610893,161.984548500702,4.169313656751883e-37,1.035272652615006e-34
memories,102,0.0529595015576324,0.012374447569304942,4.2797467330177605,154.70698475817417,1.622657934066174e-35,3.741385579404007e-33
lobe mtl,57,0.029595015576323987,0.004017677782241864,7.366199376947041,144.2059614735283,3.2030275400181826e-33,6.892915266119129e-31
parahippocampal gyrus,114,0.059190031152647975,0.017115307352350343,3.4583095666418027,130.8974852106165,2.607293537510123e-30,5.260214711926673e-28
medial,533,0.2767393561786085,0.17203696263559662,1.6086040577500154,120.03972820735314,6.200636542832768e-28,1.177391456486128e-25
amygdala hippocampus,55,0.028556593977154723,0.004660506227400563,6.127358828373974,119.03896509965324,1.0269231323327987e-27,1.8416154839834857e-25
memory retrieval,84,0.04361370716510903,0.01157091201285657,3.7692540671512633,107.63613085248102,3.2294385470513894e-25,5.486646120990466e-23
recollection,65,0.03374870197300104,0.00739252711932503,4.565245609282586,104.7974681988573,1.3528011247087201e-24,2.183421015279874e-22
lobe,285,0.14797507788161993,0.07754118119726798,1.908341807499233,103.3046476559466,2.8737837675905916e-24,4.417416191324966e-22
memory encoding,60,0.03115264797507788,0.006910405785456006,4.508077954067956,95.07593033637825,1.8322100168968456e-22,2.6883517884286444e-20
motor,195,0.10124610591900311,0.19043792687826436,0.5316488557645543,89.88221346083763,2.527692562836015e-21,3.5475615621020245e-19
subsequent memory,50,0.02596053997923157,0.005303334672559261,4.895135152144498,86.32936954922647,1.523293815780085e-20,2.0488301822242142e-18
parahippocampal cortex,38,0.01973001038421599,0.0030534351145038168,6.461578400830737,85.03508405292395,2.93117647304219e-20,3.784735061992076e-18
autobiographical,57,0.029595015576323987,0.006910405785456006,4.2826740563645584,84.83318792555475,3.246293906975962e-20,4.030398742968618e-18
retrosplenial,52,0.02699896157840083,0.006347930895942145,4.253190846116435,76.47843688343899,2.2263067479489027e-18,2.661673400881133e-16
encoding retrieval,50,0.02596053997923157,0.005946163117717959,4.365931351912661,75.78247225359276,3.16699878072464e-18,3.651097165778263e-16
recall,78,0.040498442367601244,0.01333869023704299,3.0361633449686596,72.09571390166626,2.050085488436861e-17,2.2819572264393748e-15
emotional,340,0.17653167185877466,0.1099236641221374,1.6059478481596863,70.02425744559741,5.857963770546306e-17,6.303169017107825e-15
retrieved,46,0.023883696780893044,0.005464041783848936,4.37106774173844,69.58497289242318,7.319240607066522e-17,7.621454412777655e-15
items,119,0.06178608515057113,0.026436319807151467,2.337166655619628,67.84267497315274,1.7707519742250757e-16,1.786246053999545e-14
memory performance,77,0.03997923156801662,0.014302932904781037,2.7951771733930717,61.624066392388684,4.157064347789547e-15,4.066364762019593e-13
autobiographical memory,36,0.018691588785046728,0.0038569706709521896,4.846183800623053,60.63705637308988,6.862985061904952e-15,6.51579875877329e-13
alzheimer,79,0.04101765316718588,0.01510646846122941,2.71523773226398,60.00001186410768,9.485680392442776e-15,8.748507516230081e-13
alzheimer disease,78,0.040498442367601244,0.014865407794294898,2.7243411635935,59.579777043913055,1.1743574548795257e-14,1.0530071845419748e-12
temporal,753,0.3909657320872274,0.3031739654479711,1.2895755462034308,59.175840801806416,1.4419332252702895e-14,1.2579893111277013e-12
details,40,0.020768431983385256,0.004901566894335074,4.23710059070868,57.917166053226616,2.733909325748489e-14,2.322384027241085e-12
recognition,212,0.11007268951194185,0.06339895540377662,1.7361909011104137,55.350417799300565,1.0084843064719069e-13,8.34714702895209e-12
learning,236,0.122533748701973,0.07296102852551226,1.6794410821542445,55.26723182614788,1.0520793093666329e-13,8.490280026588727e-12
neocortical,32,0.016614745586708203,0.003374849337083166,4.9231073530138945,54.51772766407955,1.540518426222843e-13,1.2128764584993505e-11
associative,82,0.04257528556593977,0.017115307352350343,2.4875560040756826,52.51277152932036,4.274594455425908e-13,3.285331167170198e-11
recognition memory,50,0.02596053997923157,0.007874648453194053,3.2967236738932337,51.766304631362225,6.251551813595574e-13,4.693025407973607e-11
emotion,215,0.11163032191069575,0.06605062274005624,1.6900722094630276,51.07521576981587,8.889360649891882e-13,6.521558222238862e-11
formation,77,0.03997923156801662,0.015829650462032944,2.525591557685111,50.72596929521648,1.0620497534900622e-12,7.618436898368713e-11
amygdala anterior,32,0.016614745586708203,0.0036159100040176776,4.594900196146302,50.47035614737892,1.2097842846198926e-12,8.308901427134071e-11
cortex hippocampus,32,0.016614745586708203,0.0036159100040176776,4.594900196146302,50.47035614737892,1.2097842846198926e-12,8.308901427134071e-11
remembering,33,0.017133956386292833,0.003937324226597027,4.351675249539068,48.89785188400135,2.696459023198029e-12,1.8133686931006745e-10
hand,49,0.02544132917964694,0.06669345118521494,0.3814666766755496,48.711376964922856,2.9654121660678513e-12,1.9535409126667397e-10
faces,184,0.09553478712357218,0.05464041783848935,1.748427096695376,48.640920799598206,3.073880492830005e-12,1.984497246171051e-10
remembered,51,0.0264797507788162,0.008517476898352753,3.1088726268147884,48.15331065693899,3.9416288038487015e-12,2.494819172318355e-10
retrosplenial cortex,33,0.017133956386292833,0.004178384893531539,4.10061706206566,45.434638230889526,1.5781849200556225e-11,9.796886388345289e-10
familiarity,56,0.029075804776739357,0.010606669345118521,2.741275685200919,42.647262402486874,6.555611290413752e-11,3.992738348199169e-09
premotor,70,0.036344755970924195,0.07762153475291282,0.46823031890077804,41.86640257728278,9.772750627696948e-11,5.841933153001065e-09
scenes,64,0.033229491173416406,0.013177983125753315,2.521591571055897,41.674642570345334,1.0779807523999757e-10,6.326767034085675e-09
limbic,116,0.060228452751817235,0.03101647247890719,1.941821488332553,41.35723822449786,1.2680106740493173e-10,7.309175813984278e-09
supplementary,50,0.02596053997923157,0.06243471273603857,0.4158029858964439,40.24279768129753,2.2428066841783653e-10,1.2701368379873269e-08
successful,134,0.0695742471443406,0.038569706709521895,1.8038573035652474,38.44655488281316,5.627383338479126e-10,3.131929899415624e-08
neutral,186,0.09657320872274143,0.05914021695460024,1.6329532371664635,38.30383308570179,6.054360573416542e-10,3.312453547625185e-08
past,67,0.0347871235721703,0.014704700683005223,2.365714496479013,38.18574239276954,6.432068400966433e-10,3.460452799719941e-08
posterior cingulate,190,0.09865005192107996,0.060827641623141825,1.6217964282137916,38.14984246820679,6.551503069716585e-10,3.4669265424664156e-08
temporal lobes,53,0.027518172377985463,0.010445962233828847,2.6343358095694547,37.321386910684424,1.0017994239833768e-09,5.215820226803775e-08
extinction,30,0.01557632398753894,0.0040980313378867015,3.8009284710769045,37.18679943524163,1.0733792577906592e-09,5.499790863727377e-08
happy,61,0.03167185877466251,0.013177983125753315,2.403391966162652,35.824723270378435,2.158908316647824e-09,1.0888993822092462e-07
mild cognitive,43,0.02232606438213915,0.007874648453194053,2.835182359548181,34.38169798822087,4.529627491780015e-09,2.2494826989947523e-07
sulcus,103,0.05347871235721703,0.09393330654881478,0.569326411707071,33.334052404149915,7.761166282286362e-09,3.7959158726091475e-07
movements,40,0.020768431983385256,0.050944154278826835,0.4076705615666081,33.30396806152355,7.882164160302691e-09,3.7975561058891174e-07
navigation,28,0.014537902388369679,0.003937324226597027,3.6923305147604215,33.207428143748494,8.283350076653462e-09,3.9321550069760845e-07
movement,40,0.020768431983385256,0.05062274005624749,0.41025894608449126,32.77623750240458,1.0340115441533206e-08,4.837375745691186e-07
subsequent,145,0.07528556593977155,0.04491763760546404,1.6760802649739837,32.36723677388527,1.2762013796322581e-08,5.885111504932756e-07
auditory,102,0.0529595015576324,0.09240658899156287,0.5731139103345524,32.13933280759847,1.4350243673786303e-08,6.52430796887073e-07
stimulation,65,0.03374870197300104,0.06781840096424267,0.49763340764691694,32.10145263911762,1.4632786184957845e-08,6.560365806256101e-07
events,133,0.06905503634475597,0.04041783848935315,1.7085286825258212,31.66451754969809,1.8323966526158657e-08,8.102707389923308e-07
fear,85,0.044132917964693666,0.022338288469264764,1.9756624606856572,31.298544679027057,2.212454290089469e-08,9.547147990423416e-07
supplementary motor,49,0.02544132917964694,0.05616713539574126,0.4529575703014394,31.29350630530901,2.2182035293734702e-08,9.547147990423416e-07
cognitive impairment,60,0.03115264797507788,0.013820811570912013,2.254038977033978,30.462500969945697,3.403828071849587e-08,1.4457311863066404e-06
intraparietal,42,0.021806853582554516,0.05054238650060265,0.4314567453654864,30.29873405476183,3.7036755273489966e-08,1.5526577405561766e-06
item,67,0.0347871235721703,0.01623141824025713,2.1431967963151455,30.263055947431567,3.7724331535387725e-08,1.561206951233738e-06
amnestic,26,0.013499480789200415,0.003696263559662515,3.652196487426069,30.21768798656819,3.8617148390849935e-08,1.5779260127299189e-06
cortical,271,0.1407061266874351,0.1933306548814785,0.7278003934435286,30.125965218026877,4.048739219826238e-08,1.633666275199887e-06
memory processes,33,0.017133956386292833,0.00562474889513861,3.046172674677347,29.451304986889106,5.733941690703317e-08,2.285081947850655e-06
virtual,45,0.02336448598130841,0.009240658899156288,2.528443722064201,28.951016890761014,7.423183379856216e-08,2.922199506119008e-06
parahippocampus,28,0.014537902388369679,0.004339092004821213,3.350448059690012,28.807635143264083,7.993537020157498e-08,3.108811747116675e-06
fearful,57,0.029595015576323987,0.013177983125753315,2.245792492971659,28.61352472516558,8.836284852510194e-08,3.3956580361789173e-06
learning task,37,0.01921079958463136,0.006910405785456006,2.779981405008573,28.306483258911666,1.0354859756540798e-07,3.9324102698957286e-06
remember,35,0.018172377985462097,0.006347930895942145,2.862724607962985,28.148923178316487,1.1233014995313118e-07,4.216299116845436e-06
default network,31,0.016095534787123573,0.005222981116914423,3.0816758527038903,28.097554037040048,1.1535155442270271e-07,4.279940433063039e-06
hemisphere,65,0.03374870197300104,0.06484531940538368,0.5204493135737274,27.75442731126805,1.3773264080899735e-07,5.052283687857312e-06
face,172,0.0893042575285566,0.05817597428686219,1.5350711117995675,27.11478765970255,1.917257285049696e-07,6.95382754622519e-06
somatosensory,45,0.02336448598130841,0.05054238650060265,0.462275084320164,26.95569565792966,2.081728001506154e-07,7.466464432068739e-06
speech,42,0.021806853582554516,0.04821213338690237,0.4523104880581516,26.633496941144877,2.4594255277536436e-07,8.72420395998765e-06
amygdala insula,30,0.01557632398753894,0.005142627561269586,3.0288648753894085,26.358932022980028,2.835047944318335e-07,9.947320395934332e-06
ad,51,0.0264797507788162,0.011651265568501407,2.272693092705983,26.170542651395746,3.1255426030612027e-07,1.0848657551270498e-05
older,101,0.052440290758047764,0.030132583366813983,1.7403184492904118,25.22498243242095,5.101705141697561e-07,1.7519472550425242e-05
intraparietal sulcus,36,0.018691588785046728,0.042989152269987944,0.43479779893440473,25.174749685133566,5.236331118864299e-07,1.7792501949151536e-05
disease ad,45,0.02336448598130841,0.009883487344314986,2.363992097864904,25.081862825053477,5.494725276677664e-07,1.8476013742828646e-05
consolidation,28,0.014537902388369679,0.004740859783045399,3.066511783445096,25.00148316918728,5.72862302464212e-07,1.9063912498499755e-05
binding,40,0.020768431983385256,0.008356769787063078,2.4852224618579757,24.66524703794866,6.820301961946059e-07,2.246523952363457e-05
incidental,26,0.013499480789200415,0.004258738449176376,3.1698309136150784,24.388573219470402,7.873432109058663e-07,2.5672160452567032e-05
conditioning,43,0.02232606438213915,0.009401366010445963,2.3747681302198433,24.14629814764327,8.928763580362831e-07,2.882204883741122e-05
structures,178,0.09241952232606439,0.06227400562474889,1.4840786520617695,23.995070386587702,9.65826691417289e-07,3.0868203563316916e-05
parietal,464,0.24091381100726894,0.29473684210526313,0.8173861444889483,23.324119223990856,1.368728294796864e-06,4.3316224858865465e-05
emotionally,53,0.027518172377985463,0.012936922458818802,2.1271034487206775,23.18989884286388,1.4676622140410139e-06,4.599624880509119e-05
action,71,0.03686396677050883,0.06548814785054238,0.5629105109926165,23.129961218529587,1.5141291257585e-06,4.6996238634119594e-05
language,95,0.04932502596053998,0.0808356769787063,0.6101888151877933,22.966332520671305,1.6486353380987654e-06,5.068376067983633e-05
semantic memory,35,0.018172377985462097,0.007071112896745681,2.569945954875861,22.93221057308536,1.6781606288433862e-06,5.1104740659494826e-05
later,100,0.05192107995846314,0.03069505825632784,1.6915126703745387,22.532145187328457,2.0665635603606994e-06,6.23445530172368e-05
lobule,66,0.03426791277258567,0.0616311771795902,0.5560158728224623,22.3720619925398,2.24617826320319e-06,6.713577253351757e-05
primary motor,14,0.007268951194184839,0.024668541582965046,0.29466481306719977,22.332600412344114,2.2928102365221147e-06,6.778698765883035e-05
skin conductance,28,0.014537902388369679,0.005062274005624749,2.8718126225914387,22.318285300746865,2.3099655026243305e-06,6.778698765883035e-05
connectivity amygdala,32,0.016614745586708203,0.006267577340297308,2.650903959315174,22.166732918120047,2.4996777345989394e-06,7.269333087644483e-05
finger,15,0.00778816199376947,0.025311370028123746,0.3076942095633684,22.05287793319152,2.652417006272755e-06,7.644644728793261e-05
neutral faces,35,0.018172377985462097,0.007231820008035355,2.512836044767509,21.901900699158507,2.8694956819996464e-06,8.197108019021999e-05
experiences,62,0.032191069574247146,0.016472478907191643,1.9542334675683206,21.746343363069517,3.111824169651528e-06,8.811375806697484e-05
term memory,50,0.02596053997923157,0.012294094013660105,2.111626928376058,21.39831792545734,3.7309836866254934e-06,0.00010472708991675734
pictures,111,0.05763239875389408,0.03559662515066292,1.619041089147205,21.260504162280398,4.0090734524799265e-06,0.00011156283710866553
conductance,28,0.014537902388369679,0.005222981116914423,2.7834491572809332,21.083014650593192,4.398093572897448e-06,0.00012134227395993985
actions,46,0.023883696780893044,0.047247890719164326,0.5054976299969625,21.039808492901226,4.4983919406655375e-06,0.0001221004442839595
memory task,82,0.04257528556593977,0.02418642024909602,1.7602971058741543,21.038602352822597,4.501224556936548e-06,0.0001221004442839595
prefrontal,676,0.3509865005192108,0.29923664122137406,1.1729395808167504,20.783507404977826,5.14239071949884e-06,0.00013779630948289087
primary,117,0.06074766355140187,0.09272800321414222,0.6551167009507767,20.76380575943755,5.195566738271118e-06,0.00013779630948289087
valence,78,0.040498442367601244,0.02274005624748895,1.7809297359180123,20.759259686454875,5.207915042414091e-06,0.00013779630948289087
dorsal premotor,4,0.0020768431983385254,0.015186822016874246,0.13675298202816374,20.65748684317958,5.4922004524599474e-06,0.00014413677284992447
lateral parietal,25,0.012980269989615784,0.0044194455604660505,2.937081091286699,20.561521759876094,5.7745184331983e-06,0.0001503237540513235
parietal lobule,57,0.029595015576323987,0.054158296504620326,0.5464539597141722,20.338235735099104,6.4890816994720795e-06,0.00016757404580716698
personal,47,0.024402907580477674,0.01157091201285657,2.1089873947155877,19.974878084842395,7.84663298401565e-06,0.00020102326406668667
construction,25,0.012980269989615784,0.004499799116110888,2.884633214656579,19.91593308908346,8.092309243168734e-06,0.0002056848365114069
motor cortex,27,0.014018691588785047,0.03302531137002812,0.4244832526093185,19.752413913388352,8.815028660208995e-06,0.00022096229130414853
contralateral,28,0.014537902388369679,0.03374849337083166,0.4307718933887158,19.749110670880633,8.830277440593296e-06,0.00022096229130414853
studied,160,0.08307372793354102,0.056970670952189634,1.4581841243059492,19.546542506482,9.817826361490511e-06,0.00024378418072993363
conditioned,33,0.017133956386292833,0.006990759341100844,2.4509435313495898,19.516555284090867,9.973158215590317e-06,0.0002457507993887446
premotor cortex,44,0.02284527518172378,0.04467657693852953,0.5113479310009936,19.327283033074384,1.1012156451495878e-05,0.00026929728049567193
sma,22,0.01142263759086189,0.02892728003214142,0.39487423560632284,19.080530238858902,1.2531683176273829e-05,0.00030415243077452567
lateral temporal,33,0.017133956386292833,0.007071112896745681,2.423091900311526,19.041886483744822,1.278803292036952e-05,0.000308057987066812
long term,72,0.037383177570093455,0.021132985134592205,1.7689492199992891,18.637760320092916,1.580587256924942e-05,0.0003779359752113861
hemispheric,24,0.012461059190031152,0.030052229811169145,0.4146467422992986,18.51932597996214,1.681902159824975e-05,0.0003992044244055161
perception,121,0.0628245067497404,0.09296906388107674,0.6757571188422811,18.33600709150062,1.8517402208994462e-05,0.00043630784182944614
surface,6,0.003115264797507788,0.015749296906388106,0.197803420433594,18.309356974155314,1.8778256755829538e-05,0.0004392479188972301
impact,113,0.05867082035306334,0.03784652470871836,1.55023006219506,18.021929745466526,2.183748199486269e-05,0.0005071323156792572
selection,33,0.017133956386292833,0.03615910004017678,0.47384908272758736,18.005772340993097,2.2023614254312703e-05,0.0005078016200922958
expressions,76,0.03946002076843198,0.022981116914423463,1.717062791829147,17.78002427730671,2.4797309236887328e-05,0.0005677001008274631
superior parietal,48,0.024922118380062305,0.0461229409401366,0.5403410509405494,17.595940516129417,2.731708510479381e-05,0.0006209827515371438
contextual,51,0.0264797507788162,0.0135797509039775,1.9499437777654889,17.56646838960544,2.7743754607493617e-05,0.0006262716075034223
thinking,39,0.020249221183800622,0.009401366010445963,2.1538594669435787,17.282754619949902,3.220968634500866e-05,0.0007220338022339442
mci,24,0.012461059190031152,0.004580152671755725,2.720664589823468,17.10362495623063,3.5394684094367925e-05,0.0007879588983215149
anxiety,90,0.04672897196261682,0.028846926476496584,1.619894306614948,17.034906808132426,3.6698914093325555e-05,0.0008113979088579102
mild,60,0.03115264797507788,0.017115307352350343,1.8201629298114752,16.89029076748846,3.960364269157641e-05,0.00086966366400278
context,175,0.0908618899273105,0.06516673362796303,1.3942986684899867,16.83263526262389,4.0825161128691725e-05,0.0008904298656987628
versus,168,0.08722741433021806,0.062113298513459224,1.4043275179037047,16.78331599168219,4.190008054014842e-05,0.000907741342171806
learned,75,0.03894080996884735,0.022981116914423463,1.6944698603577106,16.702112633582875,4.373227099221595e-05,0.0009411184717524873
frequency,59,0.03063343717549325,0.05263157894736842,0.5820353063343718,16.631769458874626,4.5384419682387175e-05,0.0009702046803625549
scene,42,0.021806853582554516,0.010606669345118521,2.055956763900689,16.56827814347086,4.692946527370844e-05,0.0009966336441021768
subjective,91,0.047248182762201454,0.029489754921655283,1.6021897397155234,16.47680535947579,4.9248899326350545e-05,0.0010390552093167292
inferior,382,0.19833852544132918,0.24041783848935316,0.8249742476996462,16.204886294016884,5.684729674542332e-05,0.0011915784019105615
frontal gyrus,209,0.10851505711318796,0.14254720771394133,0.761256981834061,15.955408666466354,6.485221319778188e-05,0.0013505996400157414
mnemonic,26,0.013499480789200415,0.005383688228204098,2.5074781853970025,15.847403002701013,6.866070009071871e-05,0.00142074833264641
epilepsy,35,0.018172377985462097,0.008356769787063078,2.1745696541257287,15.767049247766568,7.163939569372809e-05,0.0014729424796137217
recognition task,34,0.017653167185877467,0.008035355564483728,2.196936656282451,15.677003184964631,7.513214739466795e-05,0.0015349783024682794
confidence,23,0.011941848390446522,0.004499799116110888,2.653862557484053,15.562890039075942,7.980567524926079e-05,0.0016202057843057473
transcranial,8,0.004153686396677051,0.015829650462032944,0.2623991228763751,15.350768733459129,8.928459227520136e-05,0.0018013166491521874
stg,7,0.0036344755970924196,0.014945761349939735,0.2431776817516944,15.263676056800016,9.349730296464589e-05,0.001874591888011658
success,43,0.02232606438213915,0.011329851345922057,1.97055227826753,15.097587589325201,0.00010209367403609904,0.0020343109863489362
associations,109,0.05659397715472482,0.037685817597428686,1.5017314407047984,14.961275097106295,0.00010974032483475832,0.002173262383844171
magnetic stimulation,5,0.002596053997923157,0.01301727601446364,0.19943143212440548,14.87632420144442,0.00011479475695569393,0.002259496801542561
precentral,30,0.01557632398753894,0.031900361591000403,0.4882804836899801,14.855204745051388,0.0001160872902950932,0.002271089533773096
inferior parietal,112,0.058151609553478714,0.08413017276014463,0.6912099148930684,14.833204356181856,0.0001174493194695179,0.0022838939954674927
processes,395,0.2050882658359294,0.16930494174367217,1.211354280174723,14.60463359777464,0.0001325881329233075,0.0025628412759068062
somatosensory cortex,19,0.009865005192107996,0.023865006026516672,0.41336696840331316,14.557112480523985,0.00013597439334502864,0.00261265084355805
transcranial magnetic,5,0.002596053997923157,0.012776215347529127,0.20319428933429995,14.432420291414168,0.00014527960425969873,0.0027749264056231215
affective,135,0.07009345794392523,0.04925672961028525,1.4230229757131314,14.257242862361515,0.00015944602324636576,0.003027598606113345
novel,187,0.09709241952232607,0.07247890719164322,1.3395955221234457,14.078293083901439,0.0001753558796470811,0.003310226780706303
cortex amygdala,28,0.014537902388369679,0.006347930895942145,2.2901796863703883,14.050374903549438,0.00017797834854977142,0.003340198308829431
reinforcement,32,0.016614745586708203,0.007713941341904379,2.153859466943579,13.977414778558186,0.0001850198535849836,0.003452277961689752
new,167,0.08670820353063344,0.06364001607071113,1.362479284013552,13.883253313911933,0.0001945240497271452,0.003608756508731177
novelty,30,0.01557632398753894,0.007071112896745681,2.202810818465024,13.789624982136413,0.0002044622239861488,0.003769099931705045
threat,50,0.02596053997923157,0.014302932904781037,1.8150501125929037,13.780092173788407,0.000205502350675368,0.003769099931705045
prefrontal cortex,500,0.25960539979231567,0.22129369224588188,1.1731260713200322,13.758552795585834,0.00020787219049022755,0.0037910250333472004
auditory cortex,16,0.008307372793354102,0.021132985134592205,0.3930998266665087,13.745937756801283,0.00020927290803531291,0.0037951289165055625
sensory,112,0.058151609553478714,0.08300522298111691,0.7005777162565756,13.713322880313783,0.00021293855493994637,0.0038400315941125524
older adults,64,0.033229491173416406,0.019766974688629972,1.6810610473705982,13.691546355468889,0.00021542201049903176,0.0038493417325449163
sensorimotor,59,0.03063343717549325,0.0502209722780233,0.6099730010384217,13.687907837291078,0.0002158397935534789,0.0038493417325449163
tactile,11,0.005711318795430945,0.017195660907995177,0.332137207519337,13.53816501958828,0.00023376083484541923,0.004146043818027545
negative,257,0.13343717549325027,0.10526315789473684,1.2676531671858775,13.339189385530467,0.0002599166792187894,0.004584759784252744
superior,321,0.16666666666666666,0.2023302531137003,0.8237357691289382,13.157885512070681,0.00028631179120826576,0.005022904684892837
word pairs,21,0.010903426791277258,0.004258738449176376,2.5602480456121786,13.107260880796336,0.0002941534609739123,0.005132580389317778
engaged,140,0.07268951194184839,0.052310164724789075,1.389586752866825,12.929166300724157,0.0003235018298286929,0.005614322078962478
functional connectivity,294,0.1526479750778816,0.12334270791482523,1.237592214882239,12.633332719582889,0.000378929020421482,0.0065410849086660105
connectivity anterior,22,0.01142263759086189,0.004660506227400563,2.4509435313495898,12.582484636076645,0.0003893787323100284,0.006685715680301977
fusiform,167,0.08670820353063344,0.06468461229409402,1.3404765129673704,12.481634900136854,0.0004109723611426014,0.00701914699348316
event,256,0.13291796469366562,0.10566492567296103,1.257919445332828,12.444415927716618,0.0004192433705519128,0.007122724211271445
cerebellum,103,0.05347871235721703,0.07625552430695058,0.701309352250333,12.420201909953226,0.0004247143184173755,0.007177894344771142
impairment,107,0.05555555555555555,0.038328646042587386,1.4494525972513392,12.258069316728248,0.00046325055520102807,0.007788399959317285
relational,24,0.012461059190031152,0.005383688228204098,2.3145952480587715,12.176402740566516,0.0004839788966190734,0.008062643068636346
positively,141,0.07320872274143302,0.05327440739252712,1.3741818318508807,12.174172730292954,0.0004845578548065214,0.008062643068636346
stroke,6,0.003115264797507788,0.012374447569304942,0.2517498078245742,12.160500825540248,0.0004881226839213706,0.008080307813836844
internally,28,0.014537902388369679,0.006749698674166332,2.153859466943579,12.095160861097412,0.0005055285356850644,0.008325745475466266
paired,41,0.021287642782969886,0.011490558457211732,1.852620380657764,11.902283519309302,0.0005606517075567117,0.009186719350218605
touch,2,0.0010384215991692627,0.008678184009642426,0.11965885927464329,11.830014821268978,0.0005828353039111111,0.00950198162133872
ips,11,0.005711318795430945,0.016151064684612294,0.35361871845342346,11.798927483879242,0.0005926485308254321,0.00961341435931907
elderly,35,0.018172377985462097,0.009321012454801126,1.9496141726644465,11.731531088031469,0.000614500166397986,0.009918032685663493
young older,20,0.010384215991692628,0.004178384893531539,2.4852224618579757,11.670624352202767,0.000634946984513752,0.010197059034877571
sequence,28,0.014537902388369679,0.028204098031337888,0.5154535476446173,11.605101651067914,0.000657711509192639,0.010510360156801181
eye field,1,0.0005192107995846313,0.007553234230614705,0.06874019575351847,11.51822002475356,0.0006891734829432653,0.010922828984848655
stress,64,0.033229491173416406,0.02065086380072318,1.609109018105709,11.515210055341807,0.0006902903075926658,0.010922828984848655
lobes,72,0.037383177570093455,0.02394535958216151,1.5611867277174936,11.477261479554684,0.0007045286566043628,0.011060302028888044
young,135,0.07009345794392523,0.05110486139011651,1.3715614530065243,11.473829384974348,0.000705830922537465,0.011060302028888044
secondary somatosensory,6,0.003115264797507788,0.011972679791080755,0.2601977879529156,11.448177556387993,0.0007156415177053287,0.011159859029723678
medial prefrontal,167,0.08670820353063344,0.06556850140618722,1.3224063638955064,11.36739743360376,0.000747445364996457,0.011564085346374759
mt,5,0.002596053997923157,0.011088790678987544,0.23411515945038905,11.364213009239153,0.0007487279545825045,0.011564085346374759
orbitofrontal,147,0.0763239875389408,0.05656890317396545,1.3492216263098271,11.332034370318967,0.0007618139744636083,0.011710169093183464
cingulate,509,0.26427829698857735,0.22916834069907593,1.1532059628411098,11.279626851762886,0.0007836230580100244,0.011988318631546724
differed,69,0.03582554517133956,0.02282040980313379,1.5698905269623973,11.237013347295681,0.0008018207890674666,0.01220885616561218
v5,2,0.0010384215991692627,0.008356769787063078,0.12426112309289879,11.221665257714573,0.0008084791682295324,0.01225244485936587
control,448,0.23260643821391486,0.2690237042989152,0.864631757339358,11.193517155805308,0.0008208360770170515,0.012381583442107673
spectrum,55,0.028556593977154723,0.017195660907995177,1.660686037596685,11.109789144403052,0.0008587325392328008,0.012877257251147483
aging,59,0.03063343717549325,0.018802732020891926,1.6292013916624508,11.103444709050098,0.0008616752063964857,0.012877257251147483
indicating,102,0.0529595015576324,0.03688228204098031,1.4359063112957193,11.067628201986663,0.0008784798100815256,0.013067893211719651
angry,36,0.018691588785046728,0.009883487344314986,1.891193678291923,11.035027141342004,0.0008940636705527427,0.01323870425937731
cues,133,0.06905503634475597,0.05054238650060265,1.3662796936573738,11.018276123282465,0.0009021793334201754,0.01329721828048638
inferior frontal,207,0.10747663551401869,0.13523503415026114,0.7947395894069891,11.009923149830003,0.0009062540339860607,0.01329721828048638
systems,176,0.09138110072689512,0.06998794696665328,1.3056691142895633,10.986234733952056,0.0009179110725615613,0.013407316480672941
ipsilateral,14,0.007268951194184839,0.017838489353153877,0.407486926178515,10.890569886617106,0.0009665508555861954,0.014007589069557406
dysregulation,23,0.011941848390446522,0.005303334672559261,2.251762169986469,10.888394696270309,0.0009676866054867724,0.014007589069557406
sensorimotor cortex,8,0.004153686396677051,0.013177983125753315,0.31519894638198714,10.735802407153862,0.0010508242670084504,0.015101625662348803
limb,4,0.0020768431983385254,0.009883487344314986,0.21013263092132478,10.730484905023033,0.0010538482677322643,0.015101625662348803
arousal,59,0.03063343717549325,0.018963439132181598,1.6153946002076844,10.724432468797703,0.001057300929272252,0.015101625662348803
overt,10,0.005192107995846314,0.014704700683005223,0.35309171589239,10.684400754543237,0.0010804272749552553,0.015361082375901381
emotional stimuli,45,0.02336448598130841,0.013419043792687827,1.741143880463372,10.676616178438982,0.0010849835135395029,0.015361082375901381
causal,19,0.009865005192107996,0.02129369224588188,0.4632829796822038,10.663657287075385,0.0010926113801979901,0.01540152635493062
voluntary,9,0.004672897196261682,0.01390116512655685,0.3361514774998649,10.63336242027547,0.0011106558946840546,0.015587814034957079
primary auditory,3,0.001557632398753894,0.008919244676576938,0.1746372540765064,10.569141239836686,0.0011499113360546394,0.016068890877854444
engage,59,0.03063343717549325,0.019043792687826435,1.608578589236344,10.538416268046145,0.0011691856453060908,0.016267807168310607
deactivated,23,0.011941848390446522,0.005383688228204098,2.218153779389656,10.496889453888077,0.001195756740794801,0.0165661062630284
greater,379,0.1967808930425753,0.16665327440739253,1.180780238146022,10.482883281545247,0.001204855775848407,0.016620830959139563
facial,92,0.04776739356178609,0.03294495781438329,1.449915153357141,10.43473112765483,0.0012366754963069047,0.01698718511522846
ifg,30,0.01557632398753894,0.028605865809562075,0.5445150337778711,10.340196811346129,0.0013016413250575417,0.01780380592070231
frontal eye,8,0.004153686396677051,0.012936922458818802,0.3210722186748192,10.328740515525524,0.0013097455143630807,0.017839065486768037
track,20,0.010384215991692628,0.0044194455604660505,2.3496648730293592,10.310041124787043,0.0013230833444415472,0.017945012755703003
16 healthy,24,0.012461059190031152,0.005785456006428285,2.153859466943579,10.217933117072977,0.0013908162758386618,0.01878474869626444
m1,6,0.003115264797507788,0.01124949779027722,0.2769247886070316,10.180055812684285,0.0014196788388187635,0.01909468038211237
reading,45,0.02336448598130841,0.038248292486942545,0.6108635042802167,10.153258342242616,0.0014404641833102034,0.019293852214627955
facial expressions,51,0.0264797507788162,0.01599035757332262,1.6559824042330031,10.130897539520161,0.0014580439260617353,0.019448618980691248
fearful faces,23,0.011941848390446522,0.005464041783848936,2.18553387086922,10.117374265019986,0.0014687809960256236,0.019511214218809515
period,81,0.04205607476635514,0.0284451586982724,1.4784967527324566,10.067946107256883,0.0015087112359197872,0.019959507662086366
enhances,27,0.014018691588785047,0.006910405785456006,2.0286350793305803,9.910703087490372,0.0016432033154476452,0.02165004205006122
thickness,7,0.0036344755970924196,0.011892326235435917,0.30561519463388626,9.900209890363204,0.0016525992226132894,0.02168532638453536
memory test,20,0.010384215991692628,0.004499799116110888,2.3077065717252636,9.888489615110856,0.001663158258461525,0.021735525742161144
modulate,75,0.03894080996884735,0.02603455202892728,1.495735740933041,9.819606547259124,0.0017266127458839579,0.022473814289167
gyrus stg,5,0.002596053997923157,0.010204901566894336,0.25439285042640697,9.79058059021938,0.001754080707687119,0.022739648692425785
tasks,252,0.1308411214953271,0.15877862595419848,0.8240474478792235,9.72526599647763,0.001817520147228074,0.023467820141008892
auditory visual,7,0.0036344755970924196,0.011731619124146244,0.30980170414941893,9.627278921829047,0.0019170842423694007,0.024654772646886154
decline,44,0.02284527518172378,0.013419043792687827,1.7024517942308528,9.6027615987549,0.0019428496053946484,0.02488697827862669
precentral gyrus,17,0.008826583592938734,0.019124146243471273,0.4615413143450527,9.565188563641042,0.0019830182971838466,0.025194609250632983
divergent,21,0.010903426791277258,0.004901566894335074,2.224477810122057,9.558478098817272,0.0019902804705425685,0.025194609250632983
apart,21,0.010903426791277258,0.004901566894335074,2.224477810122057,9.558478098817272,0.0019902804705425685,0.025194609250632983
input,34,0.017653167185877467,0.030614704700683004,0.5766237942998559,9.53491773564454,0.0020159920918606496,0.02542040028330538
fronto parietal,35,0.018172377985462097,0.031257533145841704,0.5813759486608633,9.52178387661307,0.002030471120558153,0.025503349327477505
motion,38,0.01973001038421599,0.033186018481317796,0.5945277947495594,9.496969454698341,0.0020581154946107583,0.025717681807855098
positive negative,60,0.03115264797507788,0.019927681799919647,1.5632850969751784,9.492202611682432,0.002063469513083789,0.025717681807855098
motor control,13,0.006749740394600207,0.016151064684612294,0.4179130308995004,9.418530174530451,0.0021480362880069224,0.026668696683409022
day,38,0.01973001038421599,0.011169144234632382,1.7664746707307053,9.356947208977097,0.0022214183664379535,0.02747409381939354
pairs,66,0.03426791277258567,0.02249899558055444,1.5230863373386736,9.337283281227155,0.0022453814903937493,0.027664471186988636
personality,60,0.03115264797507788,0.020008035355564485,1.5570068435736715,9.323481911352586,0.002262356763607915,0.02776763358527129
humans,164,0.08515057113187954,0.06597026918441141,1.2907416050380522,9.312772932645077,0.0022756181456289287,0.027777903597321085
connectivity,402,0.2087227414330218,0.1795098433105665,1.1627370264699894,9.3089236609351,0.002280404105728032,0.027777903597321085
attentional,81,0.04205607476635514,0.0597026918441141,0.7044251015710494,9.285564707360447,0.002309667081831199,0.027883715885054013
strategic,22,0.01142263759086189,0.005303334672559261,2.153859466943579,9.28133622051716,0.0023150049123898623,0.027883715885054013
collectively,22,0.01142263759086189,0.005303334672559261,2.153859466943579,9.28133622051716,0.0023150049123898623,0.027883715885054013
tms,3,0.001557632398753894,0.008196062675773403,0.1900464235538452,9.239318491781452,0.002368730963959909,0.028424771567518912
disease,131,0.0680166147455867,0.051024507834471676,1.3330185362343725,9.209679294993895,0.0024073886270313182,0.028781668474285538
44,13,0.006749740394600207,0.01599035757332262,0.4221131618633145,9.17330621430403,0.002455705334900356,0.029250984579551102
motor imagery,3,0.001557632398753894,0.008115709120128566,0.1919280713118041,9.092518029763411,0.0025665726830542673,0.030334316142272336
amygdala responses,20,0.010384215991692628,0.004660506227400563,2.228130483045082,9.089666353145747,0.0025705776300169363,0.030334316142272336
motor sma,11,0.005711318795430945,0.01446364001607071,0.39487423560632284,9.086632127718518,0.00257484591790044,0.030334316142272336
cortical thickness,6,0.003115264797507788,0.010606669345118521,0.29370810912866985,9.070190041991044,0.00259810066760715,0.03049697801831229
circuitry,85,0.044132917964693666,0.03077541181197268,1.43403175997549,9.026487084180753,0.002660953606345934,0.03112158783074158
moving,12,0.006230529595015576,0.01510646846122941,0.41244117452111084,8.939085549309322,0.002791324265928383,0.032528500831829676
neutral stimuli,22,0.01142263759086189,0.005383688228204098,2.1217123107205405,8.926000155346726,0.0028113936135876535,0.03264452728295304
regulation,105,0.05451713395638629,0.03961430293290478,1.3761982395278447,8.91857599781463,0.0028228452934747354,0.0326600165137507
sounds,20,0.010384215991692628,0.020731217356368018,0.5008975504519952,8.875272145847081,0.0028905914794256113,0.03332439034137812
enhance,39,0.020249221183800622,0.011731619124146244,1.7260380659753338,8.86379545563062,0.0029088212955437633,0.03333914763908259
ba,33,0.017133956386292833,0.029409401366010446,0.5826013312224435,8.861470961868191,0.0029125277677265462,0.03333914763908259
emotions,81,0.04205607476635514,0.029168340699075933,1.4418398084498338,8.826891254633768,0.0029682360642115497,0.033845544571266775
distributed network,31,0.016095534787123573,0.008678184009642426,1.8547123187569712,8.821059693300521,0.0029777368829739044,0.033845544571266775
met,21,0.010903426791277258,0.005062274005624749,2.1538594669435787,8.813577667987214,0.0029899719081283973,0.03384656845228203
s1,2,0.0010384215991692627,0.007071112896745681,0.14685405456433492,8.80819983363601,0.0029987975766272187,0.03384656845228203
temporal pole,36,0.018691588785046728,0.010606669345118521,1.762248654772019,8.749462067900021,0.0030969339483106866,0.034723511115756056
orbitofrontal cortex,115,0.05970924195223261,0.0441944556046605,1.3510573019918817,8.748829476472878,0.003098008426684555,0.034723511115756056
caudate,123,0.06386292834890965,0.047810365608678185,1.3357548626927405,8.719670724293943,0.0031479489117369253,0.03516117331171901
visually,26,0.013499480789200415,0.024668541582965046,0.5472346528390852,8.705428325449347,0.003172638602651845,0.03531474968744881
dynamic causal,9,0.004672897196261682,0.01269586179188429,0.36806459245238377,8.661709696268208,0.0032496624843388567,0.03598526206401008
hand movements,2,0.0010384215991692627,0.006990759341100844,0.14854203220300544,8.658622746773927,0.003255172404798929,0.03598526206401008
upper,4,0.0020768431983385254,0.008678184009642426,0.23931771854928657,8.564993635003457,0.0034268817288895734,0.03767888146762845
false,35,0.018172377985462097,0.010285255122539172,1.7668378439771548,8.56242519819895,0.003431719687572108,0.03767888146762845
animals,36,0.018691588785046728,0.010687022900763359,1.7489986648865152,8.519671763868647,0.003513278503485091,0.038443603421186016
phonological,31,0.016095534787123573,0.0278023302531137,0.5789275445831008,8.495693741455254,0.003559880150695221,0.0387140522026948
default,151,0.07840083073727934,0.060747288067496984,1.2906062678907955,8.494620503729147,0.0035619806394672727,0.0387140522026948
comprised,29,0.015057113187954309,0.008035355564483728,1.873857736240914,8.471714761480026,0.003607112371087572,0.03907301588547209
mediate,52,0.02699896157840083,0.017115307352350343,1.577474539169945,8.463898245470194,0.0036226461585578723,0.03911003946429703
neurons,13,0.006749740394600207,0.015508236239453596,0.43523585083315847,8.44623230400027,0.003658004841451218,0.03922936753556323
parietal network,13,0.006749740394600207,0.015508236239453596,0.43523585083315847,8.44623230400027,0.003658004841451218,0.03922936753556323
aged,50,0.02596053997923157,0.01631177179590197,1.59152177360363,8.428950313192553,0.0036929346856248556,0.039472825050321306
bold response,23,0.011941848390446522,0.0224186420249096,0.532674921932283,8.396697883494072,0.0037590323450969543,0.0400467208249933
lateral frontal,2,0.0010384215991692627,0.006830052229811169,0.15203713884307618,8.359997889854709,0.003835710126933529,0.04072918516362314
periaqueductal,20,0.010384215991692628,0.004821213338690237,2.153859466943579,8.346198178906826,0.0038649519994554222,0.04090513132538394
supramarginal,31,0.016095534787123573,0.027641623141824025,0.5822934024004444,8.300854037992323,0.003962643949971876,0.041802008727154304
positive,217,0.112668743509865,0.09176376054640417,1.227813058651725,8.270435203805256,0.004029584610088866,0.04236970397839368
error,41,0.021287642782969886,0.03398955403776617,0.6262995613098351,8.210681995180618,0.00416444959028858,0.04353226017539874
anterior temporal,40,0.020768431983385256,0.012374447569304942,1.6783320521638279,8.205408486048427,0.004176570512999361,0.04353226017539874
visuomotor,8,0.004153686396677051,0.011651265568501407,0.3565008772872131,8.20365559945552,0.004180607389830734,0.04353226017539874
sound,20,0.010384215991692628,0.02016874246685416,0.5148668048470707,8.109629695439114,0.00440307204653626,0.045701339441218805
encoded,50,0.02596053997923157,0.016472478907191643,1.5759947319099359,8.078945547389598,0.0044782495849833405,0.04633265916771225
heschl gyrus,2,0.0010384215991692627,0.006669345118521495,0.15570068435736714,8.062115123750702,0.0045200386196591015,0.04661560595610089
paradigm,205,0.10643821391484942,0.08638007231820008,1.232207974111908,8.025223629376836,0.0046130329708825805,0.04742315423569736
abstract,22,0.01142263759086189,0.021454399357171555,0.5324146996939184,8.016381353401096,0.004635610195172234,0.047503967333384044
eye,36,0.018691588785046728,0.030614704700683004,0.6105428410233767,7.99769457996555,0.004683694604730523,0.04784482969642445
characteristic,14,0.007268951194184839,0.01591000401767778,0.45687928086681984,7.9842505344799175,0.004718602497785651,0.04804936549795609
speech production,4,0.0020768431983385254,0.00827641623141824,0.25093508352740723,7.855725471588793,0.005066002051609664,0.05133200793221711
sensory motor,11,0.005711318795430945,0.013660104459622338,0.4181021318184595,7.84669768466039,0.0050913623625417435,0.05133200793221711
primary somatosensory,12,0.006230529595015576,0.014383286460425873,0.4331784402791556,7.843266471831225,0.005101035015380822,0.05133200793221711
scanning,105,0.05451713395638629,0.04041783848935315,1.3488384335730168,7.838789858309946,0.005113682834528832,0.05133200793221711
material,37,0.01921079958463136,0.011329851345922057,1.695591495253456,7.836389020645073,0.00512047910600183,0.05133200793221711
successfully,41,0.021287642782969886,0.012936922458818802,1.6454951207084487,7.800825866955715,0.005222236050911104,0.05219002468217042
old,64,0.033229491173416406,0.02249899558055444,1.4769322059041685,7.766814990001765,0.005321479808296904,0.05272459009670462
episodes,23,0.011941848390446522,0.006026516673362796,1.9815507095880929,7.765713379748547,0.005324726261315274,0.05272459009670462
hypothalamus,23,0.011941848390446522,0.006026516673362796,1.9815507095880929,7.765713379748547,0.005324726261315274,0.05272459009670462
brodmann,17,0.008826583592938734,0.017838489353153877,0.4948055532167682,7.740779526748716,0.0053987490203754205,0.05302593861755421
hemispheres,17,0.008826583592938734,0.017838489353153877,0.4948055532167682,7.740779526748716,0.0053987490203754205,0.05302593861755421
concept,10,0.005192107995846314,0.012856568903173965,0.4038486500519211,7.738876871724824,0.005404440460091492,0.05302593861755421
hc,48,0.024922118380062305,0.015829650462032944,1.5743947372582507,7.694776136391507,0.005538087845321845,0.054172568377875506
field,36,0.018691588785046728,0.030293290478103654,0.6170207491509457,7.632544550541169,0.005732437197669195,0.055904251583311665
evidence suggests,43,0.02232606438213915,0.013820811570912013,1.6153946002076844,7.6201961451938995,0.0057718209982778055,0.05611878970614685
showing,108,0.056074766355140186,0.04194455604660506,1.336878289827049,7.611154406131533,0.005800833517308884,0.05623150328490414
naming,11,0.005711318795430945,0.013499397348332665,0.42307953814963156,7.603395636073251,0.005825847910056751,0.056304901358273034
planum,4,0.0020768431983385254,0.008115709120128566,0.2559040950824054,7.574112967610435,0.005921251235903934,0.05705611638656089
motor task,5,0.002596053997923157,0.008919244676576938,0.2910620901275107,7.557838324359375,0.0059749618248860145,0.05740231181765493
pathophysiology,20,0.010384215991692628,0.019686621132985135,0.5274757878229174,7.468382344536968,0.0062791946998574134,0.06000067009020358
know,21,0.010903426791277258,0.005383688228204098,2.025270842051425,7.4674068434269385,0.006282598045380672,0.06000067009020358
color,17,0.008826583592938734,0.017597428686219364,0.5015837114800116,7.4097946422375385,0.006486972753040851,0.06176975825019429
circuits,88,0.04569055036344756,0.033186018481317796,1.3768012088937165,7.383830876641221,0.006581283675276938,0.06235752562522766
categories,54,0.028037383177570093,0.018481317798312576,1.5170662332385207,7.376911711762335,0.006606652343193265,0.06235752562522766
men,54,0.028037383177570093,0.018481317798312576,1.5170662332385207,7.376911711762335,0.006606652343193265,0.06235752562522766
ventromedial,78,0.040498442367601244,0.028846926476496584,1.4039083990662884,7.289627222715462,0.006935386531823755,0.06526514393386897
numerical,5,0.002596053997923157,0.008758537565287263,0.2964026789371898,7.284516327250568,0.006955145450201649,0.06526514393386897
spectrum disorders,25,0.012980269989615784,0.006910405785456006,1.878365814194982,7.245354558199671,0.007108467650580556,0.06651053210456243
postcentral,23,0.011941848390446522,0.021454399357171555,0.5566153678618239,7.159571334397127,0.007456501443843377,0.06956527936626133
forward,4,0.0020768431983385254,0.007874648453194053,0.2637378939114587,7.154142397946367,0.007479104757626775,0.0695750725003436
frontal,583,0.3026998961578401,0.3336279630373644,0.90729773788158,7.082176553606958,0.0077854388571341184,0.07221665698514061
grasping,3,0.001557632398753894,0.006990759341100844,0.22281304830450818,7.0621658266763765,0.007872876113148854,0.07281846445055731
atrophy,41,0.021287642782969886,0.013258336681398152,1.6056043299033953,7.052772341207227,0.007914266829060112,0.0729921523548744
autism spectrum,35,0.018172377985462097,0.010847730012053034,1.6752240298450058,7.0411952602628975,0.007965585479238512,0.07325615363812513
broca,16,0.008307372793354102,0.01663318601848132,0.49944567349416324,7.032988863721618,0.008002168640569574,0.07338352378340507
closed,2,0.0010384215991692627,0.0061068702290076335,0.17004153686396678,7.026095841794114,0.008033029695105443,0.07345784661699821
gyrus,504,0.2616822429906542,0.29128163921253514,0.898382210763777,6.992497468984083,0.008185206526165023,0.07463798493350479
posterior superior,29,0.015057113187954309,0.02523101647247891,0.5967699796945585,6.979835623341748,0.008243317987984574,0.07478151168269569
performing,74,0.03842159916926272,0.05295299316994777,0.725579365191919,6.978975785514527,0.008247279479256402,0.07478151168269569
relationships,44,0.02284527518172378,0.034712736038569704,0.6581237260105381,6.968913954868878,0.008293781898222375,0.07499251531501913
poorer,30,0.01557632398753894,0.008919244676576938,1.746372540765064,6.938397567386013,0.008436465845650906,0.07606958589318749
level signal,23,0.011941848390446522,0.006267577340297308,1.9053372207577814,6.903465555788701,0.008602882831568001,0.07735405509833289
sulcus ips,11,0.005711318795430945,0.01301727601446364,0.438749150673692,6.883778144321558,0.008698150681452353,0.07799341777702276
magnetoencephalography,4,0.0020768431983385254,0.007713941341904379,0.2692324333679474,6.875900667869875,0.008736571822975058,0.07799882467864362
line,39,0.020249221183800622,0.03149859381277621,0.6428611164091805,6.873752335241982,0.008747080090975525,0.07799882467864362
constructed,19,0.009865005192107996,0.004821213338690237,2.0461664935964,6.866085490372357,0.008784686975705747,0.0781183734368544
familiar,52,0.02699896157840083,0.017918842908798714,1.506735770597302,6.850652018370837,0.008860892928296905,0.07834726347078491
detection,59,0.03063343717549325,0.04379268782643632,0.6995103222917679,6.850274240796601,0.008862766744999818,0.07834726347078491
tapping,7,0.0036344755970924196,0.010044194455604661,0.3618483904465213,6.841607747224603,0.00890586504813732,0.07834726347078491
reduce,35,0.018172377985462097,0.010928083567697871,1.6629062060961455,6.841277608479371,0.008907511057552064,0.07834726347078491
aversive,46,0.023883696780893044,0.015427882683808758,1.5480864918656976,6.812157659263673,0.00905392991616824,0.07941871132986707
regulating,24,0.012461059190031152,0.006669345118521495,1.8684082122884058,6.80711912711453,0.009079513303235276,0.07942728710797689
site,10,0.005192107995846314,0.012213740458015267,0.425103842159917,6.761410672160533,0.009315009369909663,0.08126716282721187
rated,43,0.02232606438213915,0.0142225793491362,1.5697619843826085,6.737981431301679,0.009438135911889049,0.08186436094818121
substantia,18,0.009345794392523364,0.004499799116110888,2.076935914552737,6.729164019451904,0.0094849042734262,0.08186436094818121
fewer,18,0.009345794392523364,0.004499799116110888,2.076935914552737,6.729164019451904,0.0094849042734262,0.08186436094818121
consciousness,18,0.009345794392523364,0.004499799116110888,2.076935914552737,6.729164019451904,0.0094849042734262,0.08186436094818121
research suggests,20,0.010384215991692628,0.005222981116914423,1.9881779694863808,6.7041038065020375,0.009619126468578773,0.08280144064152609
pd,8,0.004153686396677051,0.010687022900763359,0.38866636997478116,6.670918855100021,0.009799865170172445,0.08399898484268468
conventional,12,0.006230529595015576,0.0135797509039775,0.4588103006507033,6.664787895505145,0.009833635847265407,0.08399898484268468
environment,73,0.03790238836967809,0.027079148252310163,1.3996890897941954,6.664302907749997,0.009836312351466795,0.08399898484268468
anterior intraparietal,3,0.001557632398753894,0.006749698674166332,0.23077065717252632,6.634258913934322,0.010003580393762621,0.08515422777070797
direction,25,0.012980269989615784,0.022338288469264764,0.5810771943193109,6.630564083698777,0.010024351472388175,0.08515422777070797
3d,4,0.0020768431983385254,0.007553234230614705,0.2749607830140739,6.599142908289352,0.01020278699413621,0.08644251028102803
finger tapping,2,0.0010384215991692627,0.005865809562073122,0.17702954522823935,6.585664201962299,0.010280325114545895,0.08687143840249777
ratings,74,0.03842159916926272,0.027641623141824025,1.3899907025042866,6.486836155412884,0.010867622486486688,0.09159447881561104
temporale,4,0.0020768431983385254,0.007472880674969868,0.27791735057336503,6.4613474983078145,0.011024601094105873,0.09243483722538638
planum temporale,4,0.0020768431983385254,0.007472880674969868,0.27791735057336503,6.4613474983078145,0.011024601094105873,0.09243483722538638
parkinson,12,0.006230529595015576,0.013419043792687827,0.4643050347902326,6.434578754021624,0.011191969650688855,0.09359502080938763
happy faces,18,0.009345794392523364,0.004580152671755725,2.040498442367601,6.407262100164254,0.011365453256060563,0.09431281005286246
ventral tegmental,18,0.009345794392523364,0.004580152671755725,2.040498442367601,6.407262100164254,0.011365453256060563,0.09431281005286246
medial pfc,18,0.009345794392523364,0.004580152671755725,2.040498442367601,6.407262100164254,0.011365453256060563,0.09431281005286246
predictive,58,0.030114226375908618,0.020731217356368018,1.452602896310786,6.398829835449567,0.011419560780961943,0.09451882615626962
speakers,6,0.003115264797507788,0.008999598232221776,0.3461559857587895,6.387434261776596,0.01149310342683748,0.09485538069081749
extensive,63,0.03271028037383177,0.022900763358778626,1.4283489096573208,6.383440434756213,0.011518992946344626,0.09485538069081749
congruent incongruent,3,0.001557632398753894,0.006588991562876657,0.23639920978649037,6.350682826443298,0.011733612653088749,0.0963768489673549
analyses,253,0.13136033229491173,0.11145038167938931,1.1786440774406464,6.344456950522584,0.011774865102171645,0.09647021459342657
gyrus ifg,26,0.013499480789200415,0.02274005624748895,0.5936432453060041,6.337014597178306,0.011824373354145025,0.09663057515741807
primary sensorimotor,4,0.0020768431983385254,0.00739252711932503,0.2809381913404668,6.323956357745963,0.011911756927936352,0.09709886707923875
stimulation tms,2,0.0010384215991692627,0.005705102450783447,0.18201629298114752,6.293413252257454,0.01211874542918672,0.09822589358459238
locus,21,0.010903426791277258,0.005705102450783447,1.911171076302049,6.291964347952696,0.012128655839677009,0.09822589358459238
nucleus,108,0.056074766355140186,0.043069505825632785,1.301959827033059,6.290116848456648,0.012141304690288835,0.09822589358459238
viewed,82,0.04257528556593977,0.03133788670148654,1.358588279149027,6.281422677802859,0.012201011230627381,0.09846216063116296
suggest,647,0.3359293873312565,0.30727199678585776,1.0932639187598032,6.258028108029894,0.012363173850842056,0.09900678982676253
gyrus ba,6,0.003115264797507788,0.008919244676576938,0.3492745081530128,6.257539592889347,0.012366583559866319,0.09900678982676253
anterior,573,0.29750778816199375,0.26990759341100845,1.1022579409574313,6.254666917510535,0.012386653642246727,0.09900678982676253
located,31,0.016095534787123573,0.025873844917637605,0.6220774236824623,6.254019088489069,0.01239118435254401,0.09900678982676253
task functional,43,0.02232606438213915,0.01446364001607071,1.5435992846428985,6.244323077597832,0.012459198974490025,0.09930443034482421
verb,7,0.0036344755970924196,0.009642426677380474,0.37692540671512637,6.204347548431443,0.01274369137444173,0.1013217629475318
suppressed,22,0.01142263759086189,0.0061068702290076335,1.8704569055036344,6.195970220030928,0.012804151249661387,0.10155233472704411
sources,18,0.009345794392523364,0.017356368019284852,0.5384648667358948,6.191030903687125,0.01283993677629686,0.10157033099394151
controversial,4,0.0020768431983385254,0.007312173563680193,0.2840254242123401,6.18698155754262,0.012869351107968425,0.10157033099394151
parietal cortex,117,0.06074766355140187,0.07705905986339895,0.788326040560163,6.173163661267842,0.012970246353243326,0.10211696397138892
body,54,0.028037383177570093,0.04001607071112897,0.7006530796081522,6.15923474521109,0.013072775347918248,0.10267376842598566
inter,27,0.014018691588785047,0.023222177581357976,0.6036768748180965,6.148393429070759,0.013153153290458889,0.10305431752815847
gyrus posterior,28,0.014537902388369679,0.008437123342707915,1.7230875735548632,6.121287893836161,0.013356345642957488,0.10439293882679607
tegmental,18,0.009345794392523364,0.004660506227400563,2.0053174347405736,6.097893536379026,0.013534311973864871,0.10552840350636668
superior temporal,160,0.08307372793354102,0.10140618722378465,0.8192175468565119,6.08306922436956,0.013648344560642041,0.10573267357274703
representation,91,0.047248182762201454,0.06187223784652471,0.7636410837345416,6.076099063193962,0.013702302000665413,0.10573267357274703
effectively,5,0.002596053997923157,0.008035355564483728,0.3230789200415369,6.074236147430287,0.013716760335886903,0.10573267357274703
finger movements,3,0.001557632398753894,0.0064282844515869825,0.24230919003115264,6.068569847330528,0.013760833771178305,0.10573267357274703
foot,3,0.001557632398753894,0.0064282844515869825,0.24230919003115264,6.068569847330528,0.013760833771178305,0.10573267357274703
depending,64,0.033229491173416406,0.023543591803937326,1.4114027906251438,6.065684100122509,0.013783335556566915,0.10573267357274703
chinese,16,0.008307372793354102,0.01591000401767778,0.5221477495620798,6.063701514738796,0.013798816815582758,0.10573267357274703
execution,36,0.018691588785046728,0.028846926476496584,0.6479577226459792,6.060666721306095,0.01382254902345082,0.10573267357274703
healthy individuals,42,0.021806853582554516,0.014142225793491362,1.5419675729255167,6.05564583169035,0.013861904823329236,0.10578304673689544
visual,375,0.19470404984423675,0.21976697468862996,0.8859568191267008,6.031319637960216,0.014054222305840844,0.10699771132842983
handed,33,0.017133956386292833,0.02691844114102049,0.6365136932161621,6.013353004193458,0.014198023544930877,0.10783816471302793
auditory stimuli,6,0.003115264797507788,0.008758537565287263,0.35568321472462777,5.999191758178252,0.014312433767521058,0.10801844053352258
tools,6,0.003115264797507788,0.008758537565287263,0.35568321472462777,5.999191758178252,0.014312433767521058,0.10801844053352258
differential,124,0.06438213914849429,0.050703093611892326,1.2697871976275934,5.997994784654032,0.014322147629599649,0.10801844053352258
respectively,113,0.05867082035306334,0.04564081960626758,1.2854900691793543,5.9876903586541035,0.01440605283151919,0.10839799193506745
parkinson disease,12,0.006230529595015576,0.013097629570108477,0.475699023374042,5.9801241334720405,0.014467983863988822,0.10861081840222307
notion,19,0.009865005192107996,0.017838489353153877,0.5530179712422704,5.956468185370611,0.014663386217699928,0.10982229863279667
heschl,4,0.0020768431983385254,0.007151466452390519,0.2904080180148646,5.914331858862725,0.015018197501739708,0.11221930911022171
phases,35,0.018172377985462097,0.011329851345922057,1.6039379009154313,5.902147048295928,0.01512243953262336,0.11247749956522628
connectivity analyses,35,0.018172377985462097,0.011329851345922057,1.6039379009154313,5.902147048295928,0.01512243953262336,0.11247749956522628
dissociation,63,0.03271028037383177,0.023222177581357976,1.4085793745755584,5.89319424117273,0.015199506211622655,0.11256248407254148
benefit,29,0.015057113187954309,0.008919244676576938,1.688160122739562,5.892719177262254,0.015203606894556408,0.11256248407254148
cortex precuneus,31,0.016095534787123573,0.009722780233025311,1.6554457059979575,5.877980518481635,0.015331396582185929,0.11324885164141
linked,119,0.06178608515057113,0.04853354760948172,1.273059320693473,5.856729799741126,0.015517599050317412,0.11436257930233928
volumetric,24,0.012461059190031152,0.006990759341100844,1.7825043864360655,5.817866109742403,0.015864180088455353,0.11655056211096142
content,68,0.035306334371754934,0.025472077139413418,1.3860799093264675,5.815371896795812,0.0158866937202054,0.11655056211096142
increases,136,0.07061266874350987,0.05648854961832061,1.2500350818107828,5.798328872664346,0.016041413824815623,0.11741878418708579
dorsal,199,0.10332294911734165,0.12278023302531137,0.841527553511333,5.789473832024975,0.01612241398767666,0.11774468857968384
term,92,0.04776739356178609,0.03623945359582161,1.3181046848701283,5.7835698741718415,0.016176653713649108,0.11787412683444543
repeatedly,26,0.013499480789200415,0.007794294897549217,1.7319694682639089,5.742955176328008,0.016554916189511684,0.1203524635201592
anterior posterior,46,0.023883696780893044,0.01599035757332262,1.4936311881317283,5.739094881832772,0.016591340231248714,0.1203524635201592
heightened,35,0.018172377985462097,0.011410204901566894,1.592642563585041,5.7259368668441795,0.016716115620035353,0.12098569780599579
reward,148,0.07684319833852545,0.06219365206910406,1.2355472911149215,5.720141620076688,0.016771377629719687,0.12111410959448579
probability,34,0.017653167185877467,0.011008437123342709,1.6036033987463143,5.7109694498129,0.01685922654090494,0.12147674837955612
meg,7,0.0036344755970924196,0.009321012454801126,0.3899228345328893,5.7033963128948395,0.016932117948655873,0.12156362142480213
learn,28,0.014537902388369679,0.008597830453997589,1.690880329189352,5.701895532987188,0.016946601499740074,0.12156362142480213
posterior,471,0.24454828660436137,0.21992768179991964,1.1119486396752931,5.68956953600314,0.017066040378166548,0.12214895419228741
eeg,33,0.017133956386292833,0.026597026918441142,0.6442057015933967,5.672759444470211,0.01723033150747755,0.12305201350915385
behavioral performance,19,0.009865005192107996,0.017597428686219364,0.5605935598894247,5.657352079593079,0.01738234658447788,0.12375276478195367
german,3,0.001557632398753894,0.006187223784652471,0.2517498078245742,5.648369332006861,0.01747161185855783,0.12375276478195367
parieto occipital,3,0.001557632398753894,0.006187223784652471,0.2517498078245742,5.648369332006861,0.01747161185855783,0.12375276478195367
early stages,17,0.008826583592938734,0.0044194455604660505,1.9972151420749553,5.644489541397716,0.017510313102639886,0.12375276478195367
domain general,4,0.0020768431983385254,0.006990759341100844,0.2970840644060109,5.643505756883976,0.01752014049112541,0.12375276478195367
faster,47,0.024402907580477674,0.016472478907191643,1.4814350479953398,5.637108099395263,0.01758418809154521,0.12393397196399113
affect,104,0.05399792315680166,0.04186420249096023,1.2898352278049838,5.614879381959889,0.017808606807005526,0.1252422282636467
animal,46,0.023883696780893044,0.016070711128967456,1.4861630321910697,5.59583513581128,0.018003226472879913,0.1263356849009921
supporting,96,0.04984423676012461,0.038248292486942545,1.3031754757977958,5.568732557796653,0.018283990853054075,0.12802759755674306
modality,35,0.018172377985462097,0.027721976697468863,0.6555224464610893,5.543346901739231,0.018551070833834022,0.12938186370673377
temporal sulcus,51,0.0264797507788162,0.03752511048613901,0.7056541722534638,5.542734843640531,0.018557559757192605,0.12938186370673377
sleep,31,0.016095534787123573,0.009883487344314986,1.628527889640267,5.499425352333788,0.019022723877575674,0.13233912214830662
immediately,30,0.01557632398753894,0.009481719566090799,1.64277416970273,5.494972011872098,0.019071233048491683,0.13239126942049712
followed,64,0.033229491173416406,0.02394535958216151,1.3877215357488832,5.4827158067357455,0.01920539807807148,0.13303653432621187
personality traits,22,0.01142263759086189,0.006347930895942145,1.7994268964338764,5.449113417667057,0.019578259982171546,0.1353289576497853
unclear,104,0.05399792315680166,0.0685415829650462,0.7878126069008168,5.444078782012643,0.019634766999004037,0.13542954673672017
basic,27,0.014018691588785047,0.022579349136199276,0.6208634050620282,5.427022473941156,0.019827457558128904,0.13646702131692984
carried,14,0.007268951194184839,0.014061872237846525,0.516926272066459,5.418115639544392,0.019928856988676875,0.13660985174150175
using event,45,0.02336448598130841,0.015749296906388106,1.483525653251955,5.413223313880664,0.019984781451796524,0.13660985174150175
negative neutral,19,0.009865005192107996,0.005222981116914423,1.8887690710120617,5.411851476480971,0.02000049212156802,0.13660985174150175
suggesting,210,0.10903426791277258,0.09208517476898352,1.184058869262177,5.410368437855482,0.0200174906672027,0.13660985174150175
unique,70,0.036344755970924195,0.02667738047408598,1.3623809881269626,5.382733260962275,0.020336992343817084,0.13849749216422266
imply,6,0.003115264797507788,0.008356769787063078,0.3727833692786964,5.362314369563407,0.020576449109013895,0.13983321626083547
emotional information,20,0.010384215991692628,0.00562474889513861,1.8461652573802108,5.330223227345841,0.02095870062600228,0.14213169248053648
future,93,0.048286604361370715,0.03712334270791483,1.3007073404269665,5.301524366503652,0.02130676982067878,0.14418920960409037
frequencies,5,0.002596053997923157,0.007553234230614705,0.3437009787675924,5.288163283284604,0.02147085359172759,0.1449956388997838
amplitude,40,0.020768431983385256,0.030534351145038167,0.6801661474558671,5.267798007310966,0.021723475099682962,0.14639536037949186
middle frontal,71,0.03686396677050883,0.049096022498995584,0.7508544459230481,5.253254935727446,0.02190575728120365,0.1469766400135094
midline,36,0.018691588785046728,0.012053033346725592,1.550778816199377,5.245734707669124,0.022000636125381938,0.1469766400135094
monkey,4,0.0020768431983385254,0.006749698674166332,0.3076942095633684,5.240944711771307,0.022061290846837094,0.1469766400135094
paralimbic,18,0.009345794392523364,0.004901566894335074,1.906695265818906,5.240236679117121,0.0220702712001967,0.1469766400135094
spatial attention,10,0.005192107995846314,0.011169144234632382,0.4648617554554488,5.239235132969412,0.022082980807820413,0.1469766400135094
visual stimuli,23,0.011941848390446522,0.01984732824427481,0.6016854381340363,5.233625141925536,0.022154311827519407,0.1469766400135094
high frequency,3,0.001557632398753894,0.005946163117717959,0.26195588111475965,5.2320811893794055,0.022173985033017065,0.1469766400135094
costs,3,0.001557632398753894,0.005946163117717959,0.26195588111475965,5.2320811893794055,0.022173985033017065,0.1469766400135094
measure,65,0.03374870197300104,0.0454801124949779,0.7420540566325052,5.192042925131098,0.02269052800709465,0.15009226312889656
pole,46,0.023883696780893044,0.01631177179590197,1.4642000317153396,5.180449165763589,0.02284241818137168,0.1507879875040241
positively correlated,75,0.03894080996884735,0.029087987143431096,1.3387248068019484,5.162548934587899,0.023079002471784564,0.15203788097024312
executed,5,0.002596053997923157,0.007472880674969868,0.34739668821670633,5.159018689844976,0.02312596020953822,0.15203788097024312
distraction,19,0.009865005192107996,0.005303334672559261,1.8601513578149091,5.152437546518005,0.023213764263797915,0.15230494114540585
recognized,30,0.01557632398753894,0.009642426677380474,1.6153946002076844,5.125877377152314,0.02357165122471592,0.1543393309399249
correlated positively,28,0.014537902388369679,0.008838891120932101,1.6447654111205514,5.112415553153137,0.023755223841787215,0.15499934203994128
cortical networks,6,0.003115264797507788,0.008196062675773403,0.3800928471076904,5.1114471556451075,0.023768486465232632,0.15499934203994128
judgments,65,0.03374870197300104,0.024668541582965046,1.3680866320977132,5.099465601045952,0.02393321588331866,0.15559932149032932
calculation,3,0.001557632398753894,0.005865809562073122,0.26554431784235905,5.0942639278860895,0.02400509978382404,0.15559932149032932
visual motion,3,0.001557632398753894,0.005865809562073122,0.26554431784235905,5.0942639278860895,0.02400509978382404,0.15559932149032932
better,115,0.05970924195223261,0.047488951386098835,1.2573291304492975,5.073566900727456,0.024293345988059704,0.15673046988516007
duration,32,0.016614745586708203,0.02539172358376858,0.6543370532486823,5.072504321496053,0.02430824103084488,0.15673046988516007
olfactory,17,0.008826583592938734,0.004580152671755725,1.9271374177916234,5.071290475844115,0.024325268095559228,0.15673046988516007
paper,11,0.005711318795430945,0.011731619124146244,0.48683124937765826,5.051181169184697,0.024609156888385674,0.1582437419038027
occipitotemporal,13,0.006749740394600207,0.013097629570108477,0.5153406086552121,5.043465331879581,0.024718994392927063,0.15863402365878443
weeks,16,0.008307372793354102,0.01510646846122941,0.5499215660281478,5.034601287879648,0.024845805330236854,0.15888285146202694
speech perception,5,0.002596053997923157,0.00739252711932503,0.35117273917558356,5.030449873274348,0.024905428389029004,0.15888285146202694
transformation,5,0.002596053997923157,0.00739252711932503,0.35117273917558356,5.030449873274348,0.024905428389029004,0.15888285146202694
sentences,33,0.017133956386292833,0.025954198473282442,0.6601612607659886,5.012116392525788,0.025170517669435306,0.16025726042788396
inferior prefrontal,22,0.01142263759086189,0.00650863800723182,1.754996602694768,4.990383873635819,0.0254885537724538,0.16156303726724655
ipl,12,0.006230529595015576,0.012374447569304942,0.5034996156491484,4.9891831239174165,0.025506246875148745,0.16156303726724655
lobule ipl,6,0.003115264797507788,0.008115709120128566,0.3838561426236082,4.986905527762297,0.02553984241369498,0.16156303726724655
contribute,121,0.0628245067497404,0.050381679389312976,1.2469712703357563,4.984470621271982,0.02557580918325991,0.16156303726724655
silent,4,0.0020768431983385254,0.006588991562876657,0.31519894638198714,4.9752133955483195,0.025713031508708087,0.16211262834005802
age groups,23,0.011941848390446522,0.006910405785456006,1.7280965490593834,4.960876117422513,0.02592706820139697,0.16314342330235754
mood,44,0.02284527518172378,0.015588589795098433,1.4655126269925383,4.956313618942769,0.0259955678643042,0.16325621219061082
linear,42,0.021806853582554516,0.03141824025713138,0.6940825903705651,4.948788111431777,0.026108964200275094,0.16363187857906264
evoked,59,0.03063343717549325,0.04162314182402571,0.7359712850367056,4.945625753896742,0.0261567686947944,0.16363187857906264
simple,51,0.0264797507788162,0.03680192848533548,0.7195207389571344,4.903854457594935,0.026796819885516486,0.16712219683649746
muscle,5,0.002596053997923157,0.007312173563680193,0.35503178026542515,4.902474138903854,0.02681824596075145,0.16712219683649746
postcentral gyrus,14,0.007268951194184839,0.013660104459622338,0.5321299859507667,4.896208422505335,0.026915730060166045,0.16740650603895182
non,205,0.10643821391484942,0.12446765769385296,0.8551475611170439,4.89275392488097,0.026969633767174084,0.1674191880777653
coupling,63,0.03271028037383177,0.02394535958216151,1.3660383867528068,4.880462541327714,0.02716233949760553,0.16829180786616246
importance,81,0.04205607476635514,0.03206106870229008,1.3117489986648863,4.856004822161264,0.02755006195752495,0.1703670498063037
numbers,7,0.0036344755970924196,0.008758537565287263,0.41496375051206574,4.848171083832952,0.02767546200754273,0.1706562986999143
ba 44,4,0.0020768431983385254,0.00650863800723182,0.31909029139904876,4.843194188966607,0.027755438914948888,0.1706562986999143
motor network,4,0.0020768431983385254,0.00650863800723182,0.31909029139904876,4.843194188966607,0.027755438914948888,0.1706562986999143
skin,32,0.016614745586708203,0.010606669345118521,1.5664432486862394,4.817310283710101,0.028175278797204426,0.17290836493797695
characters,5,0.002596053997923157,0.007231820008035355,0.3589765778239299,4.775109520904857,0.028874009771827483,0.1768596048077619
pfc,87,0.045171339563862926,0.03487344314985938,1.2952933660651478,4.771850902933672,0.028928708593091164,0.1768596048077619
production,29,0.015057113187954309,0.023222177581357976,0.6483936803601777,4.768377470514109,0.028987132081090335,0.17688178139463062
asd,29,0.015057113187954309,0.009401366010445963,1.6015878087529176,4.757825426504988,0.029165373318200658,0.17763363220972025
mediated,85,0.044132917964693666,0.03398955403776617,1.2984259197886825,4.739401944242759,0.029479317466767043,0.1792076022273522
traits,42,0.021806853582554516,0.014865407794294898,1.4669529342426537,4.732534834017177,0.029597234773110367,0.17937820900772095
readers,7,0.0036344755970924196,0.008678184009642426,0.4188060074612515,4.728446731926627,0.02966766608762921,0.17937820900772095
cerebellar,50,0.02596053997923157,0.0359983929288871,0.7211583036641448,4.728074347249726,0.029674090337708483,0.17937820900772095
injury,11,0.005711318795430945,0.011490558457211732,0.4970444923715952,4.723725059505046,0.029749230133145243,0.17949628947624832
rehabilitation,4,0.0020768431983385254,0.0064282844515869825,0.3230789200415369,4.711765109319637,0.029956878194712783,0.18041194554577028
low,150,0.0778816199376947,0.09345118521494576,0.8333936028586505,4.684492188033779,0.030436058382584088,0.18295641798693005
anterior insula,72,0.037383177570093455,0.04893531538770591,0.7639304513297422,4.678153986307239,0.03054855920760543,0.1832913552456326
effect,310,0.16095534787123572,0.14206508638007231,1.1329690634940772,4.660321977153756,0.03086740261888077,0.18486080826298168
modalities,27,0.014018691588785047,0.021856167135395742,0.6414066794942276,4.651447155569822,0.031027379293682766,0.1854747784444592
repetitive,13,0.006749740394600207,0.012776215347529127,0.5283051522691797,4.625511196860944,0.031499873394366155,0.18795118542886127
hearing,8,0.004153686396677051,0.009321012454801126,0.4456260966090163,4.619689794969215,0.03160695374020835,0.18818523938211243
stimulated,6,0.003115264797507788,0.007874648453194053,0.395606840867188,4.6170467712915455,0.03165569547226984,0.18818523938211243
cortex medial,30,0.01557632398753894,0.009883487344314986,1.5759947319099359,4.605511224451575,0.031869349945283315,0.18910709857237967
frontal cortex,87,0.045171339563862926,0.05753314584170349,0.7851359230059695,4.599887144560488,0.03197406088275645,0.18938030922850976
35,29,0.015057113187954309,0.009481719566090799,1.5880150307126388,4.585056567885253,0.03225190667860436,0.19033413427997872
sentence,28,0.014537902388369679,0.0224186420249096,0.6484738180045185,4.584997033912264,0.032253027091433815,0.19033413427997872
experimental conditions,3,0.001557632398753894,0.005544395339493772,0.2809381913404668,4.548223040003714,0.032952928406278774,0.19410958557567132
symptom severity,25,0.012980269989615784,0.007874648453194053,1.6483618369466169,4.539600706936893,0.03311931660399976,0.19473434243663248
activate,38,0.01973001038421599,0.028525512253917237,0.6916619133283606,4.525858131165844,0.03338632811071172,0.1959473948025044
contributions,48,0.024922118380062305,0.017597428686219364,1.416236361825915,4.514044484620706,0.03361765877679755,0.19688586699446636
experiments,44,0.02284527518172378,0.03214142225793491,0.7107736240913811,4.508496659238111,0.033726871610296034,0.19688586699446636
integrated,19,0.009865005192107996,0.01663318601848132,0.5930917372743189,4.5083781637145375,0.03372920831720567,0.19688586699446636
localization,14,0.007268951194184839,0.01333869023704299,0.5449523952507851,4.489498191457492,0.034103686879619594,0.1987124571252925
corresponded,18,0.009345794392523364,0.005142627561269586,1.8173189252336448,4.479248791406269,0.034308797925542006,0.1995473868534227
sequences,26,0.013499480789200415,0.021052631578947368,0.6412253374870197,4.468173240918678,0.034531892138931666,0.20048371910876153
predicted,133,0.06905503634475597,0.056649256729610284,1.218992804695728,4.451447215671572,0.0348716825837744,0.20181194627850726
aphasia,4,0.0020768431983385254,0.006267577340297308,0.33136299491439675,4.450760479027109,0.034885708185689916,0.20181194627850726
fractional,18,0.009345794392523364,0.01591000401767778,0.5874162182573397,4.421171031546677,0.035495668324906325,0.20470829107151425
near,13,0.006749740394600207,0.012615508236239454,0.5350351542089145,4.420327947076809,0.03551321034697893,0.20470829107151425
symptoms,70,0.036344755970924195,0.047408597830454,0.7666279458612738,4.410393108615333,0.03572060862747523,0.20553676408108743
supramarginal gyrus,27,0.014018691588785047,0.02161510646846123,0.6485599138380294,4.401928956355939,0.035898304835509744,0.20619168684879977
low high,5,0.002596053997923157,0.006990759341100844,0.37135508050751365,4.396874471281155,0.036004859487867184,0.20621096102892672
dementia,28,0.014537902388369679,0.00916030534351145,1.58705434406369,4.395711439318638,0.036029424417693516,0.20621096102892672
scan,58,0.030114226375908618,0.02209722780233025,1.3628056263570283,4.388438921448239,0.036183428898925264,0.2067258557269571
cue,76,0.03946002076843198,0.03021293692245882,1.3060637193168512,4.383044339945024,0.03629811078339463,0.20701466715335312
posterior parietal,48,0.024922118380062305,0.034391321815990354,0.7246629982240079,4.378814223037138,0.036388303763921055,0.20704423354833598
pitch,6,0.003115264797507788,0.007713941341904379,0.40384865005192105,4.373790840613305,0.036495715269207925,0.20704423354833598
challenges,6,0.003115264797507788,0.007713941341904379,0.40384865005192105,4.373790840613305,0.036495715269207925,0.20704423354833598
sequential,12,0.006230529595015576,0.011892326235435917,0.5239117622295193,4.3556152843973726,0.03688713220376775,0.20889765395396892
decision making,52,0.02699896157840083,0.03672157492969064,0.7352343038144383,4.3346827386753555,0.03734337483918685,0.2109392993723286
session,57,0.029595015576323987,0.021695460024106068,1.3641109957309334,4.332124041571382,0.03739954786807325,0.2109392993723286
interference,31,0.016095534787123573,0.024025713137806347,0.669929533196498,4.328330036427086,0.03748300354782979,0.2109392993723286
disentangle,4,0.0020768431983385254,0.006187223784652471,0.33566641043276557,4.321229069351365,0.0376397262820512,0.2109392993723286
acts,4,0.0020768431983385254,0.006187223784652471,0.33566641043276557,4.321229069351365,0.0376397262820512,0.2109392993723286
cortex m1,4,0.0020768431983385254,0.006187223784652471,0.33566641043276557,4.321229069351365,0.0376397262820512,0.2109392993723286
event functional,93,0.048286604361370715,0.03808758537565287,1.267778040669322,4.312743115946868,0.037827917474322216,0.21162654697939706
ms,30,0.01557632398753894,0.02338288469264765,0.6661421031784265,4.303918339112134,0.0380246688249809,0.2123592231263639
list,17,0.008826583592938734,0.004821213338690237,1.8307805469020424,4.297421485138653,0.03817020361414139,0.21258679443153985
coordination,11,0.005711318795430945,0.011169144234632382,0.5113479310009936,4.296222233535388,0.03819713158931014,0.21258679443153985
adults,214,0.1111111111111111,0.09578143832864604,1.160048471290082,4.268663990505942,0.03882144215701606,0.21568952716497047
spatially,23,0.011941848390446522,0.018963439132181598,0.6297300983860465,4.2581614180261145,0.03906217734506713,0.2165178122233873
cortex supplementary,7,0.0036344755970924196,0.008356769787063078,0.4349139308251458,4.25631450630792,0.03910467302547547,0.2165178122233873
v1,6,0.003115264797507788,0.007633587786259542,0.40809968847352024,4.253214992407044,0.03917609889282893,0.21654186168844483
occipital,171,0.08878504672897196,0.10437926878264363,0.8506003899476952,4.248783641126326,0.03927845366580297,0.21673649304822565
adjacent,17,0.008826583592938734,0.01510646846122941,0.584291663904907,4.241840732913661,0.039439384477629624,0.2172531281463966
expression,57,0.029595015576323987,0.021775813579750905,1.359077375820487,4.228371130728497,0.03975357456117079,0.2182589663285269
fusiform face,28,0.014537902388369679,0.009240658899156288,1.5732538715066142,4.228215952966981,0.03975720947991754,0.2182589663285269
deactivation,53,0.027518172377985463,0.020008035355564485,1.3753560451567433,4.21484178673595,0.04007180307971114,0.2196125302908447
anger,19,0.009865005192107996,0.00562474889513861,1.7538569945112001,4.207809760017302,0.0402382607278562,0.22015102649071153
recruit,39,0.020249221183800622,0.01390116512655685,1.4566564024994146,4.1979052113995605,0.040473946977236275,0.22106582206855954
autism,44,0.02284527518172378,0.016070711128967456,1.4215472481827622,4.189369689960046,0.04067821878078925,0.22180623348714137
monitored,20,0.010384215991692628,0.006026516673362796,1.7230875735548634,4.18229226068495,0.040848416402278,0.22235866466535142
spoken,15,0.00778816199376947,0.013740458015267175,0.5668051228798893,4.171374271256696,0.04111243969093566,0.2229250950690953
emotional valence,21,0.010903426791277258,0.0064282844515869825,1.6961643302180685,4.166589476600117,0.0412287118203996,0.2229250950690953
feeling,21,0.010903426791277258,0.0064282844515869825,1.6961643302180685,4.166589476600117,0.0412287118203996,0.2229250950690953
cortex ventral,21,0.010903426791277258,0.0064282844515869825,1.6961643302180685,4.166589476600117,0.0412287118203996,0.2229250950690953
usually,12,0.006230529595015576,0.011731619124146244,0.5310886356847181,4.149735013296956,0.04164103993248675,0.22477805502017933
evidence,374,0.19418483904465214,0.17484933708316594,1.1105837876427829,4.140782141311552,0.04186182300098019,0.22559259540428053
stroop task,10,0.005192107995846314,0.010365608678184009,0.5008975504519952,4.13597896320589,0.041980778849353154,0.22585659020951998
genotype,30,0.01557632398753894,0.010124548011249498,1.5384710478168422,4.123038346000533,0.04230303833753659,0.2272116601556874
species,16,0.008307372793354102,0.004499799116110888,1.8461652573802105,4.116873790592723,0.04245746729030888,0.22766229968956322
caudate nucleus,49,0.02544132917964694,0.0183206106870229,1.3886725510557287,4.104990215073758,0.04275683887103369,0.2288436663980428
random,24,0.012461059190031152,0.019445560466050622,0.6408176926443706,4.1025111548834525,0.042819570788233535,0.2288436663980428
neuropsychological,68,0.035306334371754934,0.026838087585375654,1.3155309319056592,4.092867319643434,0.0430645273781339,0.22977238739936565
involvement,131,0.0680166147455867,0.05616713539574126,1.2109681981528277,4.088373243810014,0.04317918135497831,0.23000395612849833
healthy young,33,0.017133956386292833,0.011410204901566894,1.501634417094467,4.0791397124325615,0.04341575816363048,0.2308831422606247
ventral premotor,15,0.00778816199376947,0.013660104459622338,0.5701392706615357,4.075244695655581,0.04351596281529212,0.2310354078417154
saccade,4,0.0020768431983385254,0.006026516673362796,0.3446175147109727,4.064226796311113,0.043800733179594493,0.2317848634487394
effortful,4,0.0020768431983385254,0.006026516673362796,0.3446175147109727,4.064226796311113,0.043800733179594493,0.2317848634487394
ventral medial,17,0.008826583592938734,0.004901566894335074,1.8007677510511892,4.060620384439485,0.04389437046425923,0.23190020926125826
seven,18,0.009345794392523364,0.015588589795098433,0.5995278928605838,4.053060848273409,0.04409133132268136,0.23256015932943697
rating,38,0.01973001038421599,0.0135797509039775,1.4528992853938936,4.021281789782146,0.044929554301603426,0.2355483357649487
neutral pictures,18,0.009345794392523364,0.005303334672559261,1.762248654772019,4.020524054478506,0.04494974437150199,0.2355483357649487
striking,18,0.009345794392523364,0.005303334672559261,1.762248654772019,4.020524054478506,0.04494974437150199,0.2355483357649487
heart,18,0.009345794392523364,0.005303334672559261,1.762248654772019,4.020524054478506,0.04494974437150199,0.2355483357649487
sad,31,0.016095534787123573,0.010606669345118521,1.5174918971647944,4.004966605961557,0.04536639583042596,0.23734639504151542
required,75,0.03894080996884735,0.04973885094415428,0.7829052989697985,3.9996538309950957,0.04550960990693463,0.23771038961097893
axis,19,0.009865005192107996,0.005705102450783447,1.7291547833209016,3.993362938773286,0.04567980674182605,0.2382139194872609
pre sma,11,0.005711318795430945,0.010928083567697871,0.5226276647730743,3.982872799841369,0.04596510515926013,0.2393150958936963
lesion,26,0.013499480789200415,0.020570510245078343,0.6562540563343717,3.975083389387122,0.046178166781905186,0.24003723409338154
preferential,21,0.010903426791277258,0.00650863800723182,1.6752240298450058,3.968749399081568,0.04635218592752512,0.24055443114799213
prior,114,0.059190031152647975,0.04829248694254721,1.2256571342673943,3.962205076279466,0.04653270992230306,0.2407527982731189
phase,83,0.043094496365524405,0.033828846926476495,1.2738978794986966,3.961956755397236,0.046539574387368714,0.2407527982731189
performance,396,0.205607476635514,0.18625954198473282,1.1038762065267351,3.9504561988440643,0.04685866288065935,0.24201562204602944
electrophysiological,12,0.006230529595015576,0.01157091201285657,0.5384648667358948,3.9466737063316937,0.04696411337606557,0.2421727763225873
generating,8,0.004153686396677051,0.008838891120932101,0.4699329746058718,3.938880189222709,0.047182175273090175,0.2424354259284897
disease pd,8,0.004153686396677051,0.008838891120932101,0.4699329746058718,3.938880189222709,0.047182175273090175,0.2424354259284897
principle,4,0.0020768431983385254,0.005946163117717959,0.34927450815301286,3.9368070811988627,0.04724036025682157,0.2424354259284897
like,45,0.02336448598130841,0.03206106870229008,0.7287494437027147,3.9275823677425383,0.047500185212930195,0.24338190137672805
recruitment,94,0.04880581516095535,0.038971474487746086,1.2523471539754418,3.921331300587258,0.047677110447318094,0.243901287676613
respond,27,0.014018691588785047,0.021132985134592205,0.6633559574997335,3.9172033521333995,0.04779432564732133,0.24411405567967284
time series,7,0.0036344755970924196,0.008115709120128566,0.44783216639420953,3.9098278066746706,0.04800451561624235,0.24480027868756765
characterization,16,0.008307372793354102,0.004580152671755725,1.8137763932156454,3.8768519907044885,0.048956269941675346,0.248922406253818
parieto,16,0.008307372793354102,0.014142225793491362,0.5874162182573397,3.8764814152470235,0.04896707805798465,0.248922406253818
distribution,17,0.008826583592938734,0.01478505423865006,0.596993656598492,3.8726106509489777,0.049080122578279615,0.24910477308598522
test,219,0.11370716510903427,0.0989152269987947,1.1495415676538843,3.8613577560689425,0.04941032797141099,0.25038703091320985
multi,24,0.012461059190031152,0.01920449979911611,0.6488614293721242,3.8546237749969654,0.049609051672839986,0.251000029466971
especially,81,0.04205607476635514,0.03302531137002812,1.2734497578279556,3.8453954013292733,0.04988275875521693,0.2519898986883259
mesolimbic,17,0.008826583592938734,0.004981920449979912,1.7717231099052022,3.8337287982301493,0.05023106750662179,0.25335294673652364
placebo,57,0.029595015576323987,0.02209722780233025,1.3393089776267348,3.8290256474204623,0.05037220704542485,0.2536684623129975
lateralized,34,0.017653167185877467,0.025311370028123746,0.6974402083436351,3.8112901029047057,0.050908225392011806,0.2553851828951439
medial lateral,24,0.012461059190031152,0.007794294897549217,1.5987410476282236,3.8097876090464595,0.05095391122970926,0.2553851828951439
medial orbitofrontal,24,0.012461059190031152,0.007794294897549217,1.5987410476282236,3.8097876090464595,0.05095391122970926,0.2553851828951439
working,129,0.06697819314641744,0.08011249497790278,0.8360517690142076,3.8045829620548894,0.05111250267955805,0.2553851828951439
index,38,0.01973001038421599,0.027721976697468863,0.7117100847291826,3.804373248849613,0.05111890380555662,0.2553851828951439
characterized,128,0.06645898234683281,0.055122539172358376,1.2056589435952396,3.8021178845645194,0.051187798430346376,0.2553851828951439
si,7,0.0036344755970924196,0.008035355564483728,0.45231048805815166,3.795887349550697,0.05137863340798016,0.25554734767482273
fine,7,0.0036344755970924196,0.008035355564483728,0.45231048805815166,3.795887349550697,0.05137863340798016,0.25554734767482273
correlated,345,0.1791277258566978,0.1611892326235436,1.1112884089165525,3.7924055049341527,0.05148560638317686,0.2556854421613768
introduction,22,0.01142263759086189,0.006990759341100844,1.63396235423306,3.7833111808092026,0.05176612474338875,0.25630773728058953
200,5,0.002596053997923157,0.006588991562876657,0.39399868297748397,3.780630558866969,0.051849117857566594,0.25630773728058953
advanced,5,0.002596053997923157,0.006588991562876657,0.39399868297748397,3.780630558866969,0.051849117857566594,0.25630773728058953
delay,61,0.03167185877466251,0.02394535958216151,1.3226720887606542,3.776916190192166,0.05196434891483685,0.2564845845521305
mind,54,0.028037383177570093,0.020811570912012856,1.3472016743044781,3.7552516389534434,0.05264187143570481,0.25943200151825213
correctly,28,0.014537902388369679,0.009481719566090799,1.533255891722548,3.7522338831731776,0.05273698601483307,0.25950455923152616
eyes,12,0.006230529595015576,0.011410204901566894,0.5460488789434426,3.7465377313133676,0.052917015248356854,0.25999410231612774
ventromedial prefrontal,57,0.029595015576323987,0.02217758135797509,1.3344564088672175,3.73303625142396,0.0533463391050361,0.26170514077668167
categorization,13,0.006749740394600207,0.012053033346725592,0.5600034614053305,3.7236366733675488,0.05364740641326206,0.2627827434021395
eye movements,8,0.004153686396677051,0.008678184009642426,0.47863543709857315,3.7179871559665725,0.05382922520601289,0.2632738469166812
pseudowords,4,0.0020768431983385254,0.005785456006428285,0.35897657782392983,3.684268461286529,0.05492806185451452,0.2676852839260443
dyslexia,4,0.0020768431983385254,0.005785456006428285,0.35897657782392983,3.684268461286529,0.05492806185451452,0.2676852839260443
women,67,0.0347871235721703,0.026757734029730817,1.300077335902881,3.682693345191966,0.05497997002570241,0.2676852839260443
secondary,38,0.01973001038421599,0.027561269586179188,0.7158599977596736,3.6656905006143674,0.055543623779106835,0.26985590617888977
tones,6,0.003115264797507788,0.007231820008035355,0.4307718933887158,3.661706182736171,0.05567659030828395,0.26985590617888977
initiation,6,0.003115264797507788,0.007231820008035355,0.4307718933887158,3.661706182736171,0.05567659030828395,0.26985590617888977
task performance,51,0.0264797507788162,0.03527521092808357,0.7506617276591516,3.6552528393526624,0.0558926710831547,0.270497064852209
atypical,12,0.006230529595015576,0.011329851345922057,0.5499215660281479,3.6476015045432235,0.056150018067977106,0.2713357160530391
block,52,0.02699896157840083,0.020008035355564485,1.349405931097182,3.6414834358922956,0.05635669921474065,0.2719273917267307
contexts,40,0.020768431983385256,0.014704700683005223,1.41236686356956,3.6272587446576496,0.056840365985987636,0.2732113054602681
stroop,20,0.010384215991692628,0.016472478907191643,0.6303978927639744,3.6261952622687095,0.05687670299544616,0.2732113054602681
complexity,20,0.010384215991692628,0.016472478907191643,0.6303978927639744,3.6261952622687095,0.05687670299544616,0.2732113054602681
avoidance,23,0.011941848390446522,0.007472880674969868,1.5980247657968492,3.6208906336154825,0.05705831987897992,0.2736764584982871
imagery,30,0.01557632398753894,0.022659702691844114,0.6874019575351848,3.613675626084533,0.05730633203707446,0.27445821931109254
inhibit,8,0.004153686396677051,0.008597830453997589,0.483108665482672,3.608759887474295,0.05747596343124563,0.2748628295645346
instructions,22,0.01142263759086189,0.007071112896745681,1.6153946002076842,3.6047834907560556,0.057613570281162714,0.274947430860039
young adults,58,0.030114226375908618,0.02274005624748895,1.3242810856826246,3.6033285914968562,0.05766400579065874,0.274947430860039
spectrum disorder,18,0.009345794392523364,0.005464041783848936,1.7104178119846067,3.5975220960679803,0.05786576115566589,0.2755024734667987
initial,64,0.033229491173416406,0.025472077139413418,1.3045457970131458,3.5941596515839658,0.05798293700843864,0.27565378595469797
behavioral responses,19,0.009865005192107996,0.005865809562073122,1.681780679668274,3.588544161514083,0.0581791902530859,0.27611257692093694
children,67,0.0347871235721703,0.04451586982723985,0.7814544275372913,3.586508274144925,0.05825051576306012,0.27611257692093694
decision,89,0.046209761163032194,0.05713137806347931,0.808833301932399,3.579607542830654,0.058492968738007876,0.27685528311772645
self referential,31,0.016095534787123573,0.010847730012053034,1.4837698550055767,3.5764503122949467,0.05860425342479883,0.27697588587884425
index finger,4,0.0020768431983385254,0.005705102450783447,0.36403258596229504,3.5592091591806265,0.059215944785016475,0.27945770433630585
overall,102,0.0529595015576324,0.04314985938127762,1.227338914124274,3.5501913954867144,0.05953858219823149,0.28031265190814614
regular,6,0.003115264797507788,0.007151466452390519,0.43561202702229684,3.5458412104833665,0.05969489091314885,0.28031265190814614
cortex ppc,6,0.003115264797507788,0.007151466452390519,0.43561202702229684,3.5458412104833665,0.05969489091314885,0.28031265190814614
explicit,52,0.02699896157840083,0.020088388911209322,1.3440083073727933,3.5430296584463767,0.059796146348698634,0.28031265190814614
spl,5,0.002596053997923157,0.0064282844515869825,0.4038486500519211,3.5396492113206315,0.05991813191345131,0.28031265190814614
pure,5,0.002596053997923157,0.0064282844515869825,0.4038486500519211,3.5396492113206315,0.05991813191345131,0.28031265190814614
pair,26,0.013499480789200415,0.008758537565287263,1.5412939304733868,3.535163211890898,0.06008042087382975,0.28066512095618296
information,385,0.19989615784008308,0.18175974286862193,1.0997823538107137,3.5312963461764006,0.060220686817951605,0.28091383966524247
proposed,52,0.02699896157840083,0.03567697870630775,0.7567614343315278,3.513407912318225,0.060874117575684804,0.28257066905532185
bilaterally,75,0.03894080996884735,0.04901566894335074,0.7944563607578775,3.5108431071266257,0.06096842179535216,0.28257066905532185
neuronal,75,0.03894080996884735,0.04901566894335074,0.7944563607578775,3.5108431071266257,0.06096842179535216,0.28257066905532185
subject,83,0.043094496365524405,0.05359582161510647,0.8040644786640948,3.5091315707318387,0.06103143903663397,0.28257066905532185
turn,25,0.012980269989615784,0.008356769787063078,1.5532640386612349,3.505033781116874,0.06118259787028541,0.28257066905532185
networks,289,0.15005192107995846,0.13402973081558858,1.1195420610552058,3.5048846990076252,0.061188104702953175,0.28257066905532185
intact,42,0.021806853582554516,0.01566894335074327,1.3917245786404666,3.504870478555065,0.06118863000919144,0.28257066905532185
electroencephalography,8,0.004153686396677051,0.008517476898352753,0.48766629440231973,3.500373197807954,0.06135500151133309,0.2829342069694046
served,24,0.012461059190031152,0.00795500200883889,1.5664432486862394,3.4775587969288297,0.06220644476830436,0.2855457119356365
noise,25,0.012980269989615784,0.019445560466050622,0.6675184298378861,3.477141671302851,0.062222128727808294,0.2855457119356365
attentional control,11,0.005711318795430945,0.010526315789473684,0.5425752855659398,3.4756199687448426,0.06227938059820159,0.2855457119356365
dopaminergic,37,0.01921079958463136,0.013499397348332665,1.423085719230579,3.4736948943993586,0.062351889166751696,0.2855457119356365
role,386,0.20041536863966772,0.18240257131378063,1.0987529791720991,3.4733839854183466,0.062363608090032135,0.2855457119356365
autonomic,23,0.011941848390446522,0.007553234230614705,1.581024502330925,3.4531392094680142,0.0631317581698762,0.28865342120730936
striatal,88,0.04569055036344756,0.03672157492969064,1.2442426679936651,3.435599154962275,0.06380543784385939,0.28952774274778065
overcome,4,0.0020768431983385254,0.00562474889513861,0.36923305147604213,3.4349989493244477,0.06382862578308958,0.28952774274778065
hubs,16,0.008307372793354102,0.004740859783045399,1.7522924476829118,3.428380951195394,0.06408489771569038,0.28952774274778065
oxygen level,79,0.04101765316718588,0.0325431900361591,1.2604066510262424,3.4247273293832174,0.06422684862916779,0.28952774274778065
midbrain,36,0.018691588785046728,0.013097629570108477,1.427097070122126,3.4233466091552676,0.0642805798076201,0.28952774274778065
network involved,15,0.00778816199376947,0.013097629570108477,0.5946237792175525,3.4218807868750862,0.0643376752364067,0.28952774274778065
fiber,5,0.002596053997923157,0.006347930895942145,0.40896065828042644,3.4204500254830763,0.06439345717851881,0.28952774274778065
driving,5,0.002596053997923157,0.006347930895942145,0.40896065828042644,3.4204500254830763,0.06439345717851881,0.28952774274778065
resolve,5,0.002596053997923157,0.006347930895942145,0.40896065828042644,3.4204500254830763,0.06439345717851881,0.28952774274778065
imitation,5,0.002596053997923157,0.006347930895942145,0.40896065828042644,3.4204500254830763,0.06439345717851881,0.28952774274778065
distractor,5,0.002596053997923157,0.006347930895942145,0.40896065828042644,3.4204500254830763,0.06439345717851881,0.28952774274778065
observation,35,0.018172377985462097,0.025472077139413418,0.7134234827415641,3.4203004059921,0.06439929346124737,0.28952774274778065
refers,21,0.010903426791277258,0.006749698674166332,1.6153946002076842,3.415528323631756,0.06458573682220874,0.28996211190833077
neurofunctional,17,0.008826583592938734,0.005142627561269586,1.7163567627206648,3.4082092991296964,0.0648728080408297,0.2907696557876969
orthographic,10,0.005192107995846314,0.009803133788670149,0.529637573838585,3.4063547917853376,0.06494576264650852,0.2907696557876969
threatening,20,0.010384215991692628,0.006347930895942145,1.6358426331217057,3.4036805507550576,0.06505111901572119,0.2908379670121164
self,183,0.09501557632398754,0.08220168742466855,1.1558835262483136,3.3975801495270948,0.06529213817399471,0.29114082697308846
allele,30,0.01557632398753894,0.010526315789473684,1.4797507788161994,3.39740066699646,0.0652992437201103,0.29114082697308846
manual,8,0.004153686396677051,0.008437123342707915,0.49231073530138947,3.3928488180231327,0.06547972337211992,0.291542823510625
inhibition,65,0.03374870197300104,0.043069505825632785,0.7835869329365633,3.387202907622187,0.06570432248981527,0.29213988016132736
iv,7,0.0036344755970924196,0.007713941341904379,0.47115675839390797,3.3484878907905036,0.06726677817700338,0.2982653296090205
response selection,7,0.0036344755970924196,0.007713941341904379,0.47115675839390797,3.3484878907905036,0.06726677817700338,0.2982653296090205
occipital gyrus,22,0.01142263759086189,0.01743672157492969,0.6550908977800748,3.3301438365780003,0.06802092561129892,0.30119553892081335
working memory,126,0.06542056074766354,0.07754118119726798,0.8436879569996609,3.3220938602297103,0.06835471982692952,0.3022589528785322
disorders,139,0.07217030114226376,0.061068702290076333,1.1817886812045693,3.3184861681824778,0.0685048817459765,0.3025085612530946
coupled,28,0.014537902388369679,0.009722780233025311,1.4952412828368649,3.314149853057432,0.06868583803021597,0.30252374759945255
tractography,4,0.0020768431983385254,0.005544395339493772,0.3745842551206225,3.3116718264223675,0.06878947668463388,0.30252374759945255
percept,4,0.0020768431983385254,0.005544395339493772,0.3745842551206225,3.3116718264223675,0.06878947668463388,0.30252374759945255
periods,38,0.01973001038421599,0.014061872237846525,1.40308559560896,3.29184420506434,0.06962477915139838,0.3057806627220598
differentially,63,0.03271028037383177,0.025311370028123746,1.2923156801661473,3.282052873410026,0.07004126896725188,0.3069687824017828
alterations,96,0.04984423676012461,0.04065889915628767,1.2259121076674915,3.281016711625165,0.0700854995756239,0.3069687824017828
organized,11,0.005711318795430945,0.010365608678184009,0.5509873054971947,3.2783313402168193,0.0702002692057169,0.30705483603801376
rotation,7,0.0036344755970924196,0.007633587786259542,0.476116303219107,3.2388483582833754,0.07191116964937555,0.3141126598486932
preserved,32,0.016614745586708203,0.011490558457211732,1.4459476141719132,3.2271685080504744,0.07242581284594196,0.31593314036040626
cognitive control,65,0.03374870197300104,0.04282844515869827,0.787997365954968,3.223989480253323,0.07256657148471919,0.3161199632289792
reversal,16,0.008307372793354102,0.004821213338690237,1.7230875735548632,3.2191025627411176,0.072783523296132,0.3166377536386982
reaction time,29,0.015057113187954309,0.02161510646846123,0.6966013889371426,3.2168857645395272,0.0728821660273913,0.31664015065466905
37,10,0.005192107995846314,0.009642426677380474,0.5384648667358948,3.20525665097642,0.07340199158342718,0.3183678827548822
fluctuation,6,0.003115264797507788,0.006910405785456006,0.4508077954067956,3.203583738430269,0.07347709809553508,0.3183678827548822
correlate,26,0.013499480789200415,0.019766974688629972,0.6829310504943055,3.198870288425093,0.07368915543746125,0.31885870476156153
received,38,0.01973001038421599,0.02699879469666533,0.730773747713,3.19575004297393,0.07382989605227444,0.319040032739949
single trial,4,0.0020768431983385254,0.005464041783848936,0.3800928471076904,3.1892636740285667,0.07412339199615194,0.31988009273205675
motor premotor,5,0.002596053997923157,0.006187223784652471,0.41958301304095696,3.1847881173023223,0.07432663267174752,0.31990182701920133
use functional,5,0.002596053997923157,0.006187223784652471,0.41958301304095696,3.1847881173023223,0.07432663267174752,0.31990182701920133
visual information,11,0.005711318795430945,0.010285255122539172,0.5552918938213915,3.1809570126221276,0.07450108332141313,0.3201902260431044
head,18,0.009345794392523364,0.01478505423865006,0.6321109305160504,3.178963709245865,0.07459202291958317,0.3201902260431044
switching,17,0.008826583592938734,0.014142225793491362,0.6241297318984235,3.1670630430882545,0.07513744852458917,0.3221031657866851
application,16,0.008307372793354102,0.013499397348332665,0.6153884191267368,3.1582442334637038,0.07554439133990976,0.32341816345521046
lexical,33,0.017133956386292833,0.02394535958216151,0.7155439168705179,3.14283299681256,0.07626123832862726,0.32605467195338916
blood oxygen,79,0.04101765316718588,0.032864604258738446,1.2480799356127832,3.1357087934746017,0.07659508604345294,0.3261165253664434
emotion regulation,43,0.02232606438213915,0.016392125351546806,1.3619993688025573,3.1343058828310633,0.07666101293792915,0.3261165253664434
variant,27,0.014018691588785047,0.009401366010445963,1.4911334771147853,3.1342654348635066,0.0766629146116228,0.3261165253664434
serotonin,23,0.011941848390446522,0.007713941341904379,1.5480864918656976,3.133906017056741,0.07667981497928456,0.3261165253664434
brodmann ba,7,0.0036344755970924196,0.007553234230614705,0.48118137027462937,3.1301441747081067,0.07685694311704096,0.3264397531339582
widespread,63,0.03271028037383177,0.025472077139413418,1.2841622689348153,3.1190843719619883,0.07738025301613845,0.32823056075702356
states,87,0.045171339563862926,0.0366412213740458,1.232801142263759,3.1075212338030362,0.07793148088445101,0.3293138388645195
pre supplementary,10,0.005192107995846314,0.009562073121735636,0.542989781582415,3.106027828021243,0.07800298079989264,0.3293138388645195
amygdala response,22,0.01142263759086189,0.007312173563680193,1.5621398331678706,3.1046060688926653,0.07807111609395553,0.3293138388645195
differentiated,22,0.01142263759086189,0.007312173563680193,1.5621398331678706,3.1046060688926653,0.07807111609395553,0.3293138388645195
referential,32,0.016614745586708203,0.01157091201285657,1.4359063112957193,3.1030507562559646,0.07814572508371187,0.3293138388645195
parietal lobes,6,0.003115264797507788,0.006830052229811169,0.45611141652922854,3.091372404997195,0.07870839853117811,0.33125255600866094
training,49,0.02544132917964694,0.03334672559260747,0.7629333533510992,3.0878438157185584,0.07887926612807494,0.33134450115801145
motivation,34,0.017653167185877467,0.01245480112494978,1.4173784879241618,3.0837558510134433,0.07907772044762143,0.33134450115801145
parts,40,0.020768431983385256,0.028043390920048213,0.7405820516711447,3.081269671197913,0.07919867746636537,0.33134450115801145
commonly,58,0.030114226375908618,0.023222177581357976,1.2967873607203555,3.0761415968223016,0.07944879728077955,0.33134450115801145
languages,12,0.006230529595015576,0.010847730012053034,0.5743625245182877,3.0707703498726207,0.07971169054557119,0.33134450115801145
dominant,21,0.010903426791277258,0.01655283246283648,0.658704594259444,3.070340230871283,0.07973278302458939,0.33134450115801145
electroencephalography eeg,5,0.002596053997923157,0.0061068702290076335,0.425103842159917,3.068391338471744,0.0798284295782611,0.33134450115801145
ocd,5,0.002596053997923157,0.0061068702290076335,0.425103842159917,3.068391338471744,0.0798284295782611,0.33134450115801145
students,5,0.002596053997923157,0.0061068702290076335,0.425103842159917,3.068391338471744,0.0798284295782611,0.33134450115801145
disability,5,0.002596053997923157,0.0061068702290076335,0.425103842159917,3.068391338471744,0.0798284295782611,0.33134450115801145
locations,24,0.012461059190031152,0.01840096424266774,0.6771959896067148,3.0677615898597845,0.07985936242284167,0.33134450115801145
matter volumes,20,0.010384215991692628,0.00650863800723182,1.5954514569952438,3.055893732587883,0.08044472619102164,0.333344770403874
signals,95,0.04932502596053998,0.059622338288469266,0.8272910351467926,3.039288928706944,0.08127150982523301,0.3361811418252453
anxiety disorders,19,0.009865005192107996,0.0061068702290076335,1.6153946002076842,3.0377121302948757,0.08135049663936053,0.3361811418252453
gradient,9,0.004672897196261682,0.008838891120932101,0.5286745964316057,3.0358944634838596,0.08144165207786301,0.3361811418252453
semantic,157,0.08151609553478713,0.07022900763358779,1.160718316854034,3.0234730111256862,0.08206754165353758,0.3383320874299097
frontal lobes,16,0.008307372793354102,0.004901566894335074,1.694840236283472,3.019278723546765,0.08228005324176606,0.33872802079495945
memory tasks,24,0.012461059190031152,0.008196062675773403,1.5203713884307617,3.0174390741822794,0.08237344991451151,0.33872802079495945
threshold,18,0.009345794392523364,0.014624347127360385,0.6390572044777652,3.012672371372072,0.08261598224700964,0.33929311793046707
pars,10,0.005192107995846314,0.009481719566090799,0.54759138990091,3.0077059848496006,0.08286949489719837,0.3399018164271364
interpersonal,11,0.005711318795430945,0.010124548011249498,0.5641060508661755,2.9888386077229656,0.08384027915560573,0.3434472349166184
pleasant,23,0.011941848390446522,0.007794294897549217,1.5321268373103811,2.9821541750139104,0.08418715531139981,0.34409783759307916
led,34,0.017653167185877467,0.024347127360385697,0.7250616027334821,2.9778049222832284,0.08441368436140367,0.34409783759307916
letter,15,0.00778816199376947,0.01269586179188429,0.6134409874206397,2.9776545404336527,0.0844215287130498,0.34409783759307916
multisensory,12,0.006230529595015576,0.010767376456408196,0.5786488120146929,2.977578571886481,0.0844254917514618,0.34409783759307916
possible,83,0.043094496365524405,0.05271193250301326,0.8175472671782793,2.968570124093714,0.08489686289662615,0.3454609385451728
long,107,0.05555555555555555,0.04628364805142628,1.2003279320987654,2.965979436153944,0.08503294807159864,0.3454609385451728
hz,23,0.011941848390446522,0.017677782241864202,0.6755286509959408,2.9650658589988215,0.08508099322906207,0.3454609385451728
modeling,37,0.01921079958463136,0.026114905584572117,0.735625848709961,2.9626420731756586,0.08520860279996002,0.3455444344701896
core,77,0.03997923156801662,0.03214142225793491,1.243853842159917,2.9533022222184506,0.08570227455212828,0.34711034159883325
inhibitory,33,0.017133956386292833,0.023704298915227,0.722820634669201,2.940472605710371,0.08638545433317722,0.3494389054981154
causes,7,0.0036344755970924196,0.00739252711932503,0.49164183484581697,2.9156525653078225,0.08772392027932484,0.35352411318559374
verbal working,7,0.0036344755970924196,0.00739252711932503,0.49164183484581697,2.9156525653078225,0.08772392027932484,0.35352411318559374
ppc,7,0.0036344755970924196,0.00739252711932503,0.49164183484581697,2.9156525653078225,0.08772392027932484,0.35352411318559374
stimulus,206,0.10695742471443406,0.12077139413419044,0.8856188626554437,2.9071916659349317,0.08818530944128235,0.3549403726639145
continuous,32,0.016614745586708203,0.0230614704700683,0.7204547345873993,2.903539103616428,0.08838530270481557,0.3553023127411515
aspect,16,0.008307372793354102,0.013258336681398152,0.6265772994744957,2.901374676413258,0.0885040461644759,0.35533714057080623
band,11,0.005711318795430945,0.010044194455604661,0.5686188992731048,2.8941322347332763,0.08890263549964858,0.3560517461449946
rules,11,0.005711318795430945,0.010044194455604661,0.5686188992731048,2.8941322347332763,0.08890263549964858,0.3560517461449946
powerful,20,0.010384215991692628,0.006588991562876657,1.5759947319099359,2.8916699798276024,0.0890385891415193,0.3561543565660772
psychological,42,0.021806853582554516,0.016151064684612294,1.3501805613676168,2.878282649981615,0.08978172791588415,0.35853241243930417
recorded,44,0.02284527518172378,0.030132583366813983,0.7581585323641398,2.876964859322925,0.08985524215099043,0.35853241243930417
occipito,19,0.009865005192107996,0.01510646846122941,0.6530318596584256,2.8690052280191582,0.09030066875171555,0.35942712555083284
crucial role,8,0.004153686396677051,0.008035355564483728,0.516926272066459,2.868978506061052,0.09030216816038582,0.35942712555083284
decreases,61,0.03167185877466251,0.02482924869425472,1.2755866745976536,2.846481644982807,0.09157414124426465,0.3631722293898971
13,46,0.023883696780893044,0.031257533145841704,0.7640941039542775,2.843462747469762,0.09174630496692816,0.3631722293898971
sizes,5,0.002596053997923157,0.005946163117717959,0.4365931351912661,2.8386435127789116,0.09202186855689673,0.3631722293898971
visual word,9,0.004672897196261682,0.008678184009642426,0.5384648667358948,2.8360264618678324,0.09217188799367781,0.3631722293898971
portions,9,0.004672897196261682,0.008678184009642426,0.5384648667358948,2.8360264618678324,0.09217188799367781,0.3631722293898971
appraisal,17,0.008826583592938734,0.005383688228204098,1.6395049673749633,2.8355537483098114,0.09219901407677876,0.3631722293898971
referred,17,0.008826583592938734,0.005383688228204098,1.6395049673749633,2.8355537483098114,0.09219901407677876,0.3631722293898971
relates,17,0.008826583592938734,0.005383688228204098,1.6395049673749633,2.8355537483098114,0.09219901407677876,0.3631722293898971
acc,61,0.03167185877466251,0.03993571715548413,0.7930709908464285,2.834567321978455,0.09225564687103956,0.3631722293898971
contingent,15,0.00778816199376947,0.004580152671755725,1.7004153686396677,2.829805966186074,0.09252953831376833,0.3636492319815281
retention,16,0.008307372793354102,0.004981920449979912,1.66750410344019,2.8285466297948294,0.0926021278465973,0.3636492319815281
healthy,606,0.3146417445482866,0.29554037766171154,1.0646320040520463,2.8178352752353546,0.09322205019111501,0.36563885542760544
total,33,0.017133956386292833,0.023543591803937326,0.7277545639160897,2.8084091967489684,0.09377132024718444,0.3673468710654264
unrelated,37,0.01921079958463136,0.013981518682201688,1.3740137978778004,2.8015474444196786,0.0941733771220222,0.3683450984166996
reactivity,44,0.02284527518172378,0.017115307352350343,1.3347861485284152,2.8001693165745944,0.0942543529405805,0.3683450984166996
caudal,13,0.006749740394600207,0.01124949779027722,0.6000037086485684,2.7931977794606064,0.09466514807489898,0.3695031414580096
particular,116,0.060228452751817235,0.050863800723182,1.1841123135803562,2.7742054823782385,0.09579418078930858,0.373458472932232
treated,8,0.004153686396677051,0.00795500200883889,0.5221477495620798,2.767130367140196,0.09621851586112314,0.374208878553862
mfg,8,0.004153686396677051,0.00795500200883889,0.5221477495620798,2.767130367140196,0.09621851586112314,0.374208878553862
low frequency,30,0.01557632398753894,0.021695460024106068,0.7179531556478597,2.763385585446527,0.09644394016550165,0.37463422244794137
naive,17,0.008826583592938734,0.013740458015267175,0.6423791392638745,2.7503297482739764,0.09723437344586006,0.3770084244794121
cortico,32,0.016614745586708203,0.011811972679791082,1.4066021008611127,2.7494361930485525,0.09728872911751867,0.3770084244794121
gray,106,0.055036344755970926,0.0461229409401366,1.1932531541603801,2.7451474207127324,0.09755008001999359,0.3775679356169536
clarify,27,0.014018691588785047,0.009642426677380474,1.453855140186916,2.7376019976544343,0.09801174619224624,0.37890049905218065
sd,24,0.012461059190031152,0.008356769787063078,1.4911334771147855,2.7347873076663376,0.09818457259721457,0.3791145937126897
roles,52,0.02699896157840083,0.020811570912012856,1.2973053159969048,2.7306768531046206,0.09843755850001941,0.3796373223871717
localize,5,0.002596053997923157,0.005865809562073122,0.44257386307059843,2.72536887709431,0.09876530091389929,0.38044676772084357
bold signal,80,0.04153686396677051,0.033828846926476495,1.2278533778300689,2.7205296956861456,0.09906513533888778,0.3811469092657089
electrical,10,0.005192107995846314,0.009240658899156288,0.5618763826809337,2.718394709994401,0.09919773421743572,0.3812027214927173
relationship,175,0.0908618899273105,0.0795500200883889,1.1421982021670496,2.7150652712250207,0.09940490454141378,0.3815446276571744
score,19,0.009865005192107996,0.014945761349939735,0.660053707611742,2.7112516843802017,0.09964278095877813,0.38155029292400455
consisting,19,0.009865005192107996,0.014945761349939735,0.660053707611742,2.7112516843802017,0.09964278095877813,0.38155029292400455
act,13,0.006749740394600207,0.011169144234632382,0.6043202820920833,2.704831386369116,0.10004465897066456,0.3816873701290774
orienting,13,0.006749740394600207,0.011169144234632382,0.6043202820920833,2.704831386369116,0.10004465897066456,0.3816873701290774
inhibitory control,12,0.006230529595015576,0.010526315789473684,0.5919003115264797,2.7033987669190256,0.10013457501980595,0.3816873701290774
requires,44,0.02284527518172378,0.02989152269987947,0.7642727140767539,2.700645552612204,0.10030762400110747,0.3816873701290774
cortex pfc,47,0.024402907580477674,0.018561671353957414,1.314693440861665,2.699836086418507,0.10035856385499811,0.3816873701290774
responses,396,0.205607476635514,0.18947368421052632,1.0851505711318794,2.6993679751108464,0.10038803508041719,0.3816873701290774
investigating,58,0.030114226375908618,0.023623945359582163,1.2747331539053834,2.675036836416872,0.10193296756913633,0.3843898055076189
lower,112,0.058151609553478714,0.06846122940940137,0.8494093672453551,2.670444765938011,0.10222745184144666,0.3843898055076189
relies,40,0.020768431983385256,0.015427882683808758,1.346162166839737,2.668239208761117,0.10236922240897853,0.3843898055076189
coding,23,0.011941848390446522,0.017356368019284852,0.688038440829199,2.6679846980236883,0.10238559588930309,0.3843898055076189
somatosensory cortices,8,0.004153686396677051,0.007874648453194053,0.5274757878229174,2.6663204899813295,0.10249273029153744,0.3843898055076189
machine,8,0.004153686396677051,0.007874648453194053,0.5274757878229174,2.6663204899813295,0.10249273029153744,0.3843898055076189
following,129,0.06697819314641744,0.057292085174768984,1.169065376868394,2.6641068140450517,0.10263542713041371,0.3843898055076189
clinical,123,0.06386292834890965,0.074568099638409,0.8564376544204532,2.664083808529219,0.10263691124083855,0.3843898055076189
connectivity posterior,17,0.008826583592938734,0.005464041783848936,1.6153946002076842,2.660936006042083,0.10284020092487438,0.3843898055076189
photographs,17,0.008826583592938734,0.005464041783848936,1.6153946002076842,2.660936006042083,0.10284020092487438,0.3843898055076189
anterior medial,17,0.008826583592938734,0.005464041783848936,1.6153946002076842,2.660936006042083,0.10284020092487438,0.3843898055076189
cortex inferior,25,0.012980269989615784,0.018561671353957414,0.6993050217349283,2.6592030159118334,0.10295230797804884,0.3843898055076189
articulatory,6,0.003115264797507788,0.00650863800723182,0.47863543709857315,2.6527411797200044,0.10337150448438133,0.3843898055076189
cortex ba,6,0.003115264797507788,0.00650863800723182,0.47863543709857315,2.6527411797200044,0.10337150448438133,0.3843898055076189
estimated,16,0.008307372793354102,0.01301727601446364,0.6381805827980975,2.6518257733753057,0.10343104025553149,0.3843898055076189
order,129,0.06697819314641744,0.07786259541984733,0.860210127664773,2.647995778487995,0.10368054106873502,0.3843898055076189
names,16,0.008307372793354102,0.005062274005624749,1.6410357843379648,2.646561847711443,0.10377412238297058,0.3843898055076189
stored,16,0.008307372793354102,0.005062274005624749,1.6410357843379648,2.646561847711443,0.10377412238297058,0.3843898055076189
face recognition,16,0.008307372793354102,0.005062274005624749,1.6410357843379648,2.646561847711443,0.10377412238297058,0.3843898055076189
double blind,30,0.01557632398753894,0.011008437123342709,1.414944175364395,2.6453379633528167,0.10385406878710077,0.3843898055076189
high functioning,15,0.00778816199376947,0.004660506227400563,1.6710978622838113,2.6391252620372256,0.10426093551439422,0.3843898055076189
behavioral evidence,15,0.00778816199376947,0.004660506227400563,1.6710978622838113,2.6391252620372256,0.10426093551439422,0.3843898055076189
notably,32,0.016614745586708203,0.011892326235435917,1.3970980326120515,2.6376386130377667,0.1043585540615329,0.3843898055076189
syntactic,15,0.00778816199376947,0.012374447569304942,0.6293745195614354,2.6369889191169067,0.10440124665761079,0.3843898055076189
stream,24,0.012461059190031152,0.017918842908798714,0.6954165095064471,2.626917574928065,0.10506550656297255,0.3843898055076189
higher order,24,0.012461059190031152,0.017918842908798714,0.6954165095064471,2.626917574928065,0.10506550656297255,0.3843898055076189
visual attention,10,0.005192107995846314,0.00916030534351145,0.5668051228798893,2.623916588084006,0.10526433249090614,0.3843898055076189
disorder adhd,10,0.005192107995846314,0.00916030534351145,0.5668051228798893,2.623916588084006,0.10526433249090614,0.3843898055076189
mediating,44,0.02284527518172378,0.017276014463640015,1.3223695331932672,2.61688791559803,0.10573162278807016,0.3843898055076189
listened,11,0.005711318795430945,0.009803133788670149,0.5826013312224435,2.615662569061716,0.10581332058436288,0.3843898055076189
static,11,0.005711318795430945,0.009803133788670149,0.5826013312224435,2.615662569061716,0.10581332058436288,0.3843898055076189
monkeys,5,0.002596053997923157,0.005785456006428285,0.44872072227991233,2.6132146752104664,0.10597673687499877,0.3843898055076189
occipitotemporal cortex,5,0.002596053997923157,0.005785456006428285,0.44872072227991233,2.6132146752104664,0.10597673687499877,0.3843898055076189
attending,5,0.002596053997923157,0.005785456006428285,0.44872072227991233,2.6132146752104664,0.10597673687499877,0.3843898055076189
illusion,5,0.002596053997923157,0.005785456006428285,0.44872072227991233,2.6132146752104664,0.10597673687499877,0.3843898055076189
sii,5,0.002596053997923157,0.005785456006428285,0.44872072227991233,2.6132146752104664,0.10597673687499877,0.3843898055076189
time task,5,0.002596053997923157,0.005785456006428285,0.44872072227991233,2.6132146752104664,0.10597673687499877,0.3843898055076189
musicians,5,0.002596053997923157,0.005785456006428285,0.44872072227991233,2.6132146752104664,0.10597673687499877,0.3843898055076189
bilinguals,5,0.002596053997923157,0.005785456006428285,0.44872072227991233,2.6132146752104664,0.10597673687499877,0.3843898055076189
disorder ocd,5,0.002596053997923157,0.005785456006428285,0.44872072227991233,2.6132146752104664,0.10597673687499877,0.3843898055076189
predicting,27,0.014018691588785047,0.009722780233025311,1.441839808449834,2.613149670787778,0.10598108020501266,0.3843898055076189
gyrus anterior,29,0.015057113187954309,0.010606669345118521,1.4195891941219043,2.5938979570894625,0.10727603431061658,0.3886498751455335
accumbens,35,0.018172377985462097,0.013258336681398152,1.3706378426004593,2.587686375226501,0.10769754928534778,0.389739561763568
increasing,76,0.03946002076843198,0.048051426275612694,0.8212039439182877,2.565263314754813,0.10923436808623305,0.3945452112591211
controls hc,26,0.013499480789200415,0.009321012454801126,1.448284813979303,2.5647481763290987,0.10926995627808372,0.3945452112591211
diagnosis,19,0.009865005192107996,0.01478505423865006,0.6672282044336088,2.5566289933849413,0.10983255432054351,0.3961335031806865
gyrus mfg,6,0.003115264797507788,0.0064282844515869825,0.4846183800623053,2.545811228381385,0.11058709806719634,0.3975224416045766
streams,6,0.003115264797507788,0.0064282844515869825,0.4846183800623053,2.545811228381385,0.11058709806719634,0.3975224416045766
object recognition,6,0.003115264797507788,0.0064282844515869825,0.4846183800623053,2.545811228381385,0.11058709806719634,0.3975224416045766
additionally,102,0.0529595015576324,0.04451586982723985,1.1896768896836376,2.5392064106633625,0.11105058910082595,0.3983265655442125
pathway,31,0.016095534787123573,0.022016874246685417,0.7310544906049374,2.537353644603683,0.11118098994898869,0.3983265655442125
40,31,0.016095534787123573,0.022016874246685417,0.7310544906049374,2.537353644603683,0.11118098994898869,0.3983265655442125
association,134,0.0695742471443406,0.059943752511048616,1.1606588548409098,2.5260443466833307,0.11198062078002159,0.400166125344471
passively,12,0.006230529595015576,0.010365608678184009,0.6010770605423942,2.5252951257346123,0.11203381806754992,0.400166125344471
causal modeling,11,0.005711318795430945,0.009722780233025311,0.5874162182573398,2.5247921557196893,0.11206954629407011,0.400166125344471
typical,27,0.014018691588785047,0.019606267577340297,0.7150107246820898,2.520570180020545,0.11236994740864553,0.400166125344471
alternating,18,0.009345794392523364,0.005946163117717959,1.5717352866885577,2.5196119378581314,0.11243825145211747,0.400166125344471
reward anticipation,18,0.009345794392523364,0.005946163117717959,1.5717352866885577,2.5196119378581314,0.11243825145211747,0.400166125344471
ofc,39,0.020249221183800622,0.01510646846122941,1.3404338171936103,2.5163075668681434,0.11267413984607169,0.40056401258052804
cost,5,0.002596053997923157,0.005705102450783447,0.45504073245286886,2.5022242709604496,0.11368563287752498,0.4032716735479677
vi,5,0.002596053997923157,0.005705102450783447,0.45504073245286886,2.5022242709604496,0.11368563287752498,0.4032716735479677
insular cortex,22,0.01142263759086189,0.01655283246283648,0.69007147970037,2.492471830929491,0.1143919383324984,0.4053316980650986
discrimination,36,0.018691588785046728,0.02490960224989956,0.7503768465480856,2.4862401272474832,0.11484579317837047,0.40649366269712706
specificity,49,0.02544132917964694,0.019686621132985135,1.2923156801661475,2.4766146531076245,0.11555072523636185,0.40854078977324876
visual stream,16,0.008307372793354102,0.005142627561269586,1.6153946002076844,2.4729971654387364,0.11581688929725766,0.4088000468296124
responding,43,0.02232606438213915,0.016954600241060668,1.316814555619534,2.4709619937660894,0.11596692864697297,0.4088000468296124
delayed,46,0.023883696780893044,0.0183206106870229,1.3036517826237453,2.4704598864656386,0.11600397859229399,0.4088000468296124
mechanisms involved,8,0.004153686396677051,0.007713941341904379,0.5384648667358948,2.467932782908583,0.11619064930607838,0.4090113587350283
interpreted,21,0.010903426791277258,0.01591000401767778,0.6853189213002298,2.462219770906722,0.11661387872605879,0.40987485550901337
junction,56,0.029075804776739357,0.03648051426275613,0.7970228864460821,2.4597598672360403,0.1167966366314034,0.40987485550901337
flexibly,15,0.00778816199376947,0.004740859783045399,1.64277416970273,2.457781503889066,0.11694384817961627,0.40987485550901337
laboratory,15,0.00778816199376947,0.004740859783045399,1.64277416970273,2.457781503889066,0.11694384817961627,0.40987485550901337
fields,18,0.009345794392523364,0.014061872237846525,0.6646194926568758,2.45517342645878,0.11713823057138306,0.41011085497226085
putamen,67,0.0347871235721703,0.042748091603053436,0.8137702121346981,2.450791315926117,0.11746563762165489,0.4108115690603488
feature,46,0.023883696780893044,0.03069505825632784,0.7780958283722879,2.447433184188405,0.11771722311757811,0.41124588335881185
cognitive,487,0.2528556593977155,0.2362394535958216,1.0703362861240031,2.445107338613766,0.11789182058626566,0.41141059119185464
younger,36,0.018691588785046728,0.013820811570912013,1.3524233862203867,2.443099092655632,0.11804280668671066,0.4114607829876478
gestures,6,0.003115264797507788,0.006347930895942145,0.4907527899365117,2.4400478935053704,0.1182726145422305,0.4114607829876478
hands,10,0.005192107995846314,0.008999598232221776,0.5769266429313159,2.438040058257203,0.1184241089832751,0.4114607829876478
ambiguous,11,0.005711318795430945,0.009642426677380474,0.5923113534094843,2.434934570940701,0.11865884587624267,0.4114607829876478
highest,11,0.005711318795430945,0.009642426677380474,0.5923113534094843,2.434934570940701,0.11865884587624267,0.4114607829876478
trained,20,0.010384215991692628,0.015267175572519083,0.6801661474558671,2.4330906601944884,0.11879846646359597,0.4114607829876478
sites,20,0.010384215991692628,0.015267175572519083,0.6801661474558671,2.4330906601944884,0.11879846646359597,0.4114607829876478
subgenual,23,0.011941848390446522,0.008115709120128566,1.4714485467238314,2.424630928737359,0.11944136977905706,0.41297901730546477
technique,28,0.014537902388369679,0.020088388911209322,0.7236967808930426,2.4239578018735477,0.11949268964166794,0.41297901730546477
efficiency,24,0.012461059190031152,0.017677782241864202,0.7048994619088077,2.4159524008533078,0.12010490413741587,0.41465094177067213
fusiform gyrus,91,0.047248182762201454,0.0394535958216151,1.197563410337265,2.4110325028824886,0.12048287665157385,0.4153514828823663
portion,16,0.008307372793354102,0.012776215347529127,0.6502217258697598,2.4099637109599406,0.12056516092341302,0.4153514828823663
read,19,0.009865005192107996,0.014624347127360385,0.6745603825043077,2.405227945129537,0.12093050825634963,0.416165970843813
anterior prefrontal,19,0.009865005192107996,0.0064282844515869825,1.5346248701973002,2.398999556572626,0.12141287462299274,0.41738100030140635
provide evidence,74,0.03842159916926272,0.03141824025713138,1.222907421129091,2.3938457637188253,0.12181362969767358,0.41831318794052164
assessed,151,0.07840083073727934,0.06846122940940137,1.1451858433397197,2.3873086730835316,0.12232405993461418,0.4196196232401005
known,263,0.13655244029075805,0.12374447569304942,1.1035033242977168,2.378289328380387,0.12303220786294887,0.42103988742113563
network connectivity,27,0.014018691588785047,0.009883487344314986,1.4183952587189423,2.3754347358764045,0.12325728078809248,0.42103988742113563
place,33,0.017133956386292833,0.012535154680594617,1.3668723540218866,2.3750771621760256,0.12328550619118643,0.42103988742113563
control processes,14,0.007268951194184839,0.011490558457211732,0.6326020812002121,2.3740980417628164,0.12336283065853366,0.42103988742113563
critical,122,0.06334371754932502,0.05439935717155484,1.1644203322028803,2.3737509826453786,0.12339025201375288,0.42103988742113563
ratio,8,0.004153686396677051,0.007633587786259542,0.5441329179646937,2.3704164305871904,0.12365406201127421,0.42149452182934866
needed,38,0.01973001038421599,0.01478505423865006,1.3344564088672175,2.366265213280175,0.12398335686545195,0.421726318189335
nodes,38,0.01973001038421599,0.01478505423865006,1.3344564088672175,2.366265213280175,0.12398335686545195,0.421726318189335
high,244,0.12668743509865005,0.13997589393330656,0.9050660905870836,2.36261376039266,0.1242738128294344,0.42226933454043597
attention,224,0.11630321910695743,0.1291281639212535,0.9006804989334694,2.3535262140212714,0.12499997038543015,0.42429012029881025
opposed,10,0.005192107995846314,0.008919244676576938,0.5821241802550214,2.346691461366542,0.12554921996892,0.42570680888621193
developed,34,0.017653167185877467,0.023543591803937326,0.7498077325196078,2.344353150118331,0.12573774497477297,0.4258986786763559
set,86,0.0446521287642783,0.05327440739252712,0.8381534577246508,2.3384210763598126,0.12621742830573993,0.42698412751148673
univariate,21,0.010903426791277258,0.007312173563680193,1.4911334771147855,2.336744131519989,0.1263533991448318,0.42698412751148673
semantics,6,0.003115264797507788,0.006267577340297308,0.49704449237159515,2.335492057480287,0.12645502661120858,0.42698412751148673
fast,16,0.008307372793354102,0.01269586179188429,0.6543370532486823,2.3311181405109673,0.12681075971297734,0.42773786034847533
included,113,0.05867082035306334,0.05014061872237847,1.1701255757914635,2.3221556892002537,0.12754316363003776,0.4297592194131126
example,21,0.010903426791277258,0.015749296906388106,0.6923119715175791,2.3177944176263563,0.12790126465609586,0.4300680024061223
voxels,21,0.010903426791277258,0.015749296906388106,0.6923119715175791,2.3177944176263563,0.12790126465609586,0.4300680024061223
reach,7,0.0036344755970924196,0.006910405785456006,0.5259424279745949,2.297718911320789,0.12956415267357005,0.4336474850101167
prediction error,7,0.0036344755970924196,0.006910405785456006,0.5259424279745949,2.297718911320789,0.12956415267357005,0.4336474850101167
nogo,7,0.0036344755970924196,0.006910405785456006,0.5259424279745949,2.297718911320789,0.12956415267357005,0.4336474850101167
visual field,7,0.0036344755970924196,0.006910405785456006,0.5259424279745949,2.297718911320789,0.12956415267357005,0.4336474850101167
external,50,0.02596053997923157,0.020329449578143834,1.2769917788203038,2.296840132504106,0.12963749164645683,0.4336474850101167
english,14,0.007268951194184839,0.011410204901566894,0.6370570254340163,2.292249826080669,0.1300213310686983,0.4342173995175767
presented,238,0.12357217030114226,0.11153073523503415,1.1079651724767403,2.291586562431406,0.13007689756304108,0.4342173995175767
outside scanner,5,0.002596053997923157,0.005544395339493772,0.4682303189007781,2.283920031890113,0.13072110491264732,0.43510115117445325
motor function,5,0.002596053997923157,0.005544395339493772,0.4682303189007781,2.283920031890113,0.13072110491264732,0.43510115117445325
appears,51,0.0264797507788162,0.020811570912012856,1.2723571368431181,2.277454097989156,0.13126719467801606,0.43510115117445325
approximately,17,0.008826583592938734,0.013258336681398152,0.6657383806916517,2.2773485628073433,0.13127612888743445,0.43510115117445325
reasoning,17,0.008826583592938734,0.013258336681398152,0.6657383806916517,2.2773485628073433,0.13127612888743445,0.43510115117445325
native,13,0.006749740394600207,0.010767376456408196,0.6268695463492506,2.2771085279738172,0.13129645185536107,0.43510115117445325
partial,33,0.017133956386292833,0.012615508236239454,1.3581661606841675,2.2752440906485547,0.13145442728250256,0.43510115117445325
visually presented,8,0.004153686396677051,0.007553234230614705,0.5499215660281478,2.2740614068445155,0.13155474707133408,0.43510115117445325
sham,8,0.004153686396677051,0.007553234230614705,0.5499215660281478,2.2740614068445155,0.13155474707133408,0.43510115117445325
administration,27,0.014018691588785047,0.009963840899959824,1.4069565872776604,2.262024787496017,0.13258061453409237,0.4368917869441666
oddball,9,0.004672897196261682,0.008196062675773403,0.5701392706615356,2.2610989713964575,0.13265988997099412,0.4368917869441666
eye fields,9,0.004672897196261682,0.008196062675773403,0.5701392706615356,2.2610989713964575,0.13265988997099412,0.4368917869441666
neurophysiological,19,0.009865005192107996,0.01446364001607071,0.6820554978654667,2.257142981084585,0.13299922901285766,0.4368917869441666
event design,10,0.005192107995846314,0.008838891120932101,0.5874162182573398,2.256437234405677,0.13305986878831438,0.4368917869441666
cortex middle,19,0.009865005192107996,0.00650863800723182,1.5156788841454816,2.255052847333806,0.13317890903130727,0.4368917869441666
dorsal striatum,19,0.009865005192107996,0.00650863800723182,1.5156788841454816,2.255052847333806,0.13317890903130727,0.4368917869441666
intentional,19,0.009865005192107996,0.00650863800723182,1.5156788841454816,2.255052847333806,0.13317890903130727,0.4368917869441666
perform,36,0.018691588785046728,0.02458818802732021,0.7601856942153808,2.2488866986652774,0.13371056927072406,0.43765872144992735
instructed,45,0.02336448598130841,0.01807955002008839,1.2923156801661475,2.2484416243445167,0.13374903633898458,0.43765872144992735
listening,25,0.012980269989615784,0.01807955002008839,0.7179531556478597,2.2476273849011474,0.13381944178162278,0.43765872144992735
person,58,0.030114226375908618,0.024106066693451184,1.2492384908272758,2.2374296889687844,0.13470473150147477,0.44010817134287505
environmental,34,0.017653167185877467,0.013097629570108477,1.3478138995597857,2.234255543135039,0.13498162284947574,0.4402667856616755
exploration,6,0.003115264797507788,0.006187223784652471,0.5034996156491484,2.2321865731517545,0.1351624487579679,0.4402667856616755
scalp,6,0.003115264797507788,0.006187223784652471,0.5034996156491484,2.2321865731517545,0.1351624487579679,0.4402667856616755
ventral visual,24,0.012461059190031152,0.008678184009642426,1.4359063112957196,2.2233861370821075,0.13593463259087998,0.4418902255824376
progressive,24,0.012461059190031152,0.008678184009642426,1.4359063112957196,2.2233861370821075,0.13593463259087998,0.4418902255824376
behavior,144,0.07476635514018691,0.08517476898352752,0.8777993299241755,2.2202894483320583,0.13620752132681277,0.44233187006333163
planning,26,0.013499480789200415,0.01864202490960225,0.7241424069896515,2.2186324832580118,0.1363537895111838,0.4423618417508556
high level,14,0.007268951194184839,0.011329851345922057,0.6415751603661726,2.211377936729356,0.1369962571970332,0.4431679822689506
density,22,0.01142263759086189,0.01623141824025713,0.7037362614766149,2.209967960648786,0.13712151882557155,0.4431679822689506
distinguished,26,0.013499480789200415,0.009562073121735636,1.4117734321142787,2.2096492205892972,0.13714985332529364,0.4431679822689506
diminished,30,0.01557632398753894,0.011329851345922057,1.3748039150703697,2.2096314925584193,0.13715142945684067,0.4431679822689506
drive,7,0.0036344755970924196,0.006830052229811169,0.5321299859507667,2.1988115852882855,0.13811718385622032,0.4449523647583625
hub,7,0.0036344755970924196,0.006830052229811169,0.5321299859507667,2.1988115852882855,0.13811718385622032,0.4449523647583625
compulsive disorder,7,0.0036344755970924196,0.006830052229811169,0.5321299859507667,2.1988115852882855,0.13811718385622032,0.4449523647583625
incongruent,27,0.014018691588785047,0.01920449979911611,0.7299691080436398,2.1917701055682413,0.13874978093717827,0.4453176989582453
selected,27,0.014018691588785047,0.01920449979911611,0.7299691080436398,2.1917701055682413,0.13874978093717827,0.4453176989582453
propose,40,0.020768431983385256,0.026838087585375654,0.7738417246503877,2.190605533212621,0.13885471738675534,0.4453176989582453
automatic,33,0.017133956386292833,0.02274005624748895,0.7534702728883899,2.1837691925366167,0.1394725198061472,0.4453176989582453
healthy male,17,0.008826583592938734,0.005705102450783447,1.547138490339754,2.182013445491636,0.13963168465580617,0.4453176989582453
deactivations,17,0.008826583592938734,0.005705102450783447,1.547138490339754,2.182013445491636,0.13963168465580617,0.4453176989582453
large,91,0.047248182762201454,0.055765367617517075,0.8472674848351543,2.1809516846095307,0.13972803605067505,0.4453176989582453
extent,110,0.05711318795430945,0.04893531538770591,1.1671159673093285,2.1779851878404215,0.13999763189742775,0.4453176989582453
functioning,80,0.04153686396677051,0.03455202892728003,1.2021541210847886,2.177625156955344,0.1400303912966383,0.4453176989582453
spinal,5,0.002596053997923157,0.005464041783848936,0.47511605888461306,2.1767051276245817,0.14011414435186778,0.4453176989582453
maximal,5,0.002596053997923157,0.005464041783848936,0.47511605888461306,2.1767051276245817,0.14011414435186778,0.4453176989582453
hierarchy,5,0.002596053997923157,0.005464041783848936,0.47511605888461306,2.1767051276245817,0.14011414435186778,0.4453176989582453
higher levels,5,0.002596053997923157,0.005464041783848936,0.47511605888461306,2.1767051276245817,0.14011414435186778,0.4453176989582453
hierarchical,16,0.008307372793354102,0.012535154680594617,0.6627259898287935,2.1761802325405255,0.14016195233630024,0.4453176989582453
code,9,0.004672897196261682,0.008115709120128566,0.5757842139354122,2.1691645118960157,0.14080271321850665,0.44661975352923017
extended,45,0.02336448598130841,0.018159903575733227,1.2865974691919608,2.1686647290233503,0.1408484848490571,0.44661975352923017
dorsomedial prefrontal,31,0.016095534787123573,0.011811972679791082,1.362645785209203,2.163887343011068,0.14128685694511495,0.4475701415297655
metabolic,20,0.010384215991692628,0.006990759341100844,1.4854203220300546,2.1600424834972007,0.1416407741510495,0.44825139113685075
numerous,25,0.012980269989615784,0.00916030534351145,1.417012807199723,2.1576837418809,0.1418583881243753,0.44850036911408764
anisotropy,15,0.00778816199376947,0.011892326235435917,0.6548897027868991,2.152711700360549,0.14231833354784978,0.4492387043472008
dysfunctional,27,0.014018691588785047,0.010044194455604661,1.3957009345794391,2.1521515229585284,0.1423702585338248,0.4492387043472008
rewarding,22,0.01142263759086189,0.007874648453194053,1.4505584165130228,2.125195913701386,0.1448942528448773,0.45634791277919645
correlation,126,0.06542056074766354,0.07505022097227802,0.8716904480778082,2.1250715566817293,0.14490601319661597,0.45634791277919645
negative emotions,15,0.00778816199376947,0.004901566894335074,1.588912721515755,2.1216339903323855,0.145231527458568,0.45692726182871096
stress disorder,19,0.009865005192107996,0.006588991562876657,1.497194995314439,2.1170261856303547,0.14566914870331446,0.45785785006260865
angular,42,0.021806853582554516,0.027882683808758538,0.7820930629247578,2.1129093677256776,0.14606139660519235,0.4586441519859542
28,35,0.018172377985462097,0.013660104459622338,1.3303249648769164,2.1048207592373314,0.14683554823217213,0.46062696763212013
consecutive,7,0.0036344755970924196,0.006749698674166332,0.5384648667358948,2.1011710277529394,0.14718637455379716,0.46127923986374486
fronto,90,0.04672897196261682,0.05504218561671354,0.8489665052186369,2.0992413381531208,0.1473722459759921,0.46141378274539524
early visual,12,0.006230529595015576,0.009963840899959824,0.6253140387900713,2.097602853644662,0.14753027594087495,0.46146097939645775
manipulated,39,0.020249221183800622,0.026114905584572117,0.7753894080996885,2.0929690506537884,0.14797823742357835,0.46241408557919744
responds,8,0.004153686396677051,0.00739252711932503,0.5618763826809337,2.084972068508632,0.1487549433237548,0.46394295367060917
concurrently,8,0.004153686396677051,0.00739252711932503,0.5618763826809337,2.084972068508632,0.1487549433237548,0.46394295367060917
lateral orbitofrontal,18,0.009345794392523364,0.006187223784652471,1.510498846947445,2.0757357261210747,0.14965775963012481,0.4663081545232074
inter individual,5,0.002596053997923157,0.005383688228204098,0.4822073433455774,2.0708522344517646,0.15013760387837022,0.46690191263909353
voxelwise,5,0.002596053997923157,0.005383688228204098,0.4822073433455774,2.0708522344517646,0.15013760387837022,0.46690191263909353
components,89,0.046209761163032194,0.05439935717155484,0.8494541767709537,2.0575214366901338,0.15145635054989692,0.47054966272864995
sought,43,0.02232606438213915,0.017356368019284852,1.2863327372024154,2.0552641233032656,0.15168095012540275,0.47079433365846163
search,37,0.01921079958463136,0.014624347127360385,1.313617586982073,2.042285237985981,0.15297967345791652,0.47414165356583327
making,80,0.04153686396677051,0.04933708316593009,0.8418994659062851,2.041554571804226,0.15305316078550132,0.47414165356583327
guided,21,0.010903426791277258,0.015427882683808758,0.7067351375908618,2.0386515744815976,0.15334552754586772,0.47425766158710825
control groups,17,0.008826583592938734,0.005785456006428285,1.5256504557517019,2.0365105193321233,0.1535615631975157,0.47425766158710825
rich,17,0.008826583592938734,0.005785456006428285,1.5256504557517019,2.0365105193321233,0.1535615631975157,0.47425766158710825
reductions,44,0.02284527518172378,0.017838489353153877,1.2806731965610472,2.0341010141019487,0.15380509862461345,0.47425766158710825
33,13,0.006749740394600207,0.010526315789473684,0.6412253374870197,2.032450948082539,0.15397212804934618,0.47425766158710825
adhd,13,0.006749740394600207,0.010526315789473684,0.6412253374870197,2.032450948082539,0.15397212804934618,0.47425766158710825
cerebral cortex,6,0.003115264797507788,0.006026516673362796,0.516926272066459,2.029508653051727,0.15427047522313375,0.4747236358629893
improvement,26,0.013499480789200415,0.01840096424266774,0.7336289887406077,2.026390721144567,0.15458734771872515,0.47524567470099505
physical,36,0.018691588785046728,0.02426677380474086,0.7702543789069752,2.0210739554827075,0.15512939042303286,0.4764582990347765
fc,35,0.018172377985462097,0.013740458015267175,1.3225452867197416,2.0155982124411884,0.15568989690770843,0.47722638503778336
letters,12,0.006230529595015576,0.009883487344314986,0.6303978927639743,2.0152503836605375,0.1557255788520034,0.47722638503778336
rely,45,0.02336448598130841,0.0183206106870229,1.2753115264797508,2.0143012828292477,0.1558229894144435,0.47722638503778336
overlapping,42,0.021806853582554516,0.027721976697468863,0.7866269357533071,2.0070031414901597,0.15657434745224177,0.479072979692736
speed,20,0.010384215991692628,0.01478505423865006,0.7023454783511671,2.0045713811314974,0.15682561552551866,0.4793873929132332
investigates,11,0.005711318795430945,0.009240658899156288,0.618064020949027,2.0016647056254633,0.15712655689559132,0.4798529098003489
result,70,0.036344755970924195,0.043631980715146644,0.8329843242323234,1.994154927270054,0.15790712237885446,0.48121923569236086
engages,24,0.012461059190031152,0.008838891120932101,1.4097989238176154,1.9930355139000262,0.15802385127471444,0.48121923569236086
reaching,8,0.004153686396677051,0.007312173563680193,0.5680508484246802,1.9923095686999301,0.1580996030120803,0.48121923569236086
dissociable,33,0.017133956386292833,0.012856568903173965,1.3327005451713394,1.9916327750786293,0.15817026303271217,0.48121923569236086
facilitation,9,0.004672897196261682,0.00795500200883889,0.5874162182573397,1.988899253804251,0.15845601963942496,0.4814927333442596
approaches,25,0.012980269989615784,0.01775813579750904,0.7309477828994047,1.9879204869841904,0.15855848065209047,0.4814927333442596
meaning,31,0.016095534787123573,0.02129369224588188,0.7558827563235957,1.9838195610013858,0.1589886016061548,0.4823451184066425
replicated,14,0.007268951194184839,0.011088790678987544,0.6555224464610894,1.9748085498790333,0.15993838521621354,0.48477099293703035
called,21,0.010903426791277258,0.01534752912816392,0.7104353215573062,1.970953268362971,0.16034671425640362,0.4855527144649821
experimentally,15,0.00778816199376947,0.004981920449979912,1.5632850969751784,1.9661425722745611,0.1608579021198466,0.48664414999331285
basis,133,0.06905503634475597,0.07850542386500603,0.8796212152615026,1.9594697772118324,0.16157003618858215,0.4883408958958269
subsequently,41,0.021287642782969886,0.01655283246283648,1.2860423030779622,1.9421209404740956,0.1634384306455926,0.4922477654893353
tissue,23,0.011941848390446522,0.008437123342707915,1.4153933639914948,1.9407398073449393,0.163588229493703,0.4922477654893353
occurrence,23,0.011941848390446522,0.008437123342707915,1.4153933639914948,1.9407398073449393,0.163588229493703,0.4922477654893353
benefits,18,0.009345794392523364,0.006267577340297308,1.4911334771147853,1.940400001403879,0.16362510916048847,0.4922477654893353
centered,18,0.009345794392523364,0.006267577340297308,1.4911334771147853,1.940400001403879,0.16362510916048847,0.4922477654893353
limitations,20,0.010384215991692628,0.014704700683005223,0.70618343178478,1.9361431762489678,0.1640879146135744,0.4925965770112189
existing,32,0.016614745586708203,0.01245480112494978,1.3340032827521522,1.9351247620127516,0.16419885900373962,0.4925965770112189
empathy,32,0.016614745586708203,0.01245480112494978,1.3340032827521522,1.9351247620127516,0.16419885900373962,0.4925965770112189
invasive,6,0.003115264797507788,0.005946163117717959,0.5239117622295193,1.9302329018843363,0.16473296651175615,0.49374003333328587
facilitate,35,0.018172377985462097,0.013820811570912013,1.3148560699364873,1.928743744966455,0.1648959510530186,0.4937700649342709
spectral,7,0.0036344755970924196,0.006588991562876657,0.5515981561684776,1.9098580626397466,0.16697902614186327,0.49954429692857705
fashion,8,0.004153686396677051,0.007231820008035355,0.5743625245182877,1.9009521679807901,0.16797177986517386,0.499571987173441
confounding,8,0.004153686396677051,0.007231820008035355,0.5743625245182877,1.9009521679807901,0.16797177986517386,0.499571987173441
previous functional,9,0.004672897196261682,0.007874648453194053,0.593410261300782,1.9006345805307931,0.16800730648657097,0.499571987173441
cognitively,28,0.014537902388369679,0.010687022900763359,1.3603322949117342,1.8986432334964658,0.16823026301512453,0.499571987173441
stop,14,0.007268951194184839,0.011008437123342709,0.6603072818367176,1.898032784036036,0.1682986784595113,0.499571987173441
dimensional,14,0.007268951194184839,0.011008437123342709,0.6603072818367176,1.898032784036036,0.1682986784595113,0.499571987173441
individuals,249,0.1292834890965732,0.11803937324226597,1.0952573327480282,1.8980172568976497,0.16830041906210566,0.499571987173441
perfusion,17,0.008826583592938734,0.005865809562073122,1.5047511344400346,1.8976850420404612,0.16833766551362625,0.499571987173441
organization,51,0.0264797507788162,0.03270389714744878,0.8096818143547114,1.8972973777173878,0.16838114065821058,0.499571987173441
bias,33,0.017133956386292833,0.022338288469264764,0.7670218965014903,1.89491956270246,0.1686480857209711,0.4999045185558261
semantically,22,0.01142263759086189,0.008035355564483728,1.4215472481827622,1.8888951259382767,0.16932659313856221,0.5014552684874117
white matter,45,0.02336448598130841,0.02924869425472077,0.7988215055972065,1.8811538995270427,0.17020305747650225,0.5034965666925906
theory mind,31,0.016095534787123573,0.012053033346725592,1.3353928695050192,1.8786752224582621,0.17048479375894934,0.5034965666925906
frontoparietal,39,0.020249221183800622,0.025793491361992767,0.7850515814093418,1.8783336178182346,0.17052366385965878,0.5034965666925906
cognitive processes,49,0.02544132917964694,0.020329449578143834,1.2514519432438977,1.8773135861464614,0.17063979057053721,0.5034965666925906
did,198,0.102803738317757,0.09272800321414222,1.1086590323782375,1.8702603112976155,0.17144526871340643,0.5054112579058228
wide,20,0.010384215991692628,0.014624347127360385,0.7100635605308503,1.8686027034381782,0.17163519943861036,0.5055095107553231
social,191,0.09916926272066459,0.08927280032141423,1.110856412744078,1.8643475574596027,0.17212386725917403,0.5064866394827838
modulated,137,0.0711318795430945,0.06267577340297308,1.134918257581809,1.8574038809145987,0.17292472887047972,0.5083798040017382
oxygen,79,0.04101765316718588,0.03455202892728003,1.1871271945712285,1.8560056266027138,0.17308651695004657,0.5083924264920385
preference,15,0.00778816199376947,0.01157091201285657,0.6730810834198685,1.849203808367817,0.17387602455973986,0.5102470975262184
preferentially,35,0.018172377985462097,0.01390116512655685,1.307255745832808,1.8442235192948926,0.1744567306642765,0.5108601496190347
suggested,103,0.05347871235721703,0.06171153073523503,0.8665918949030806,1.8435933027313363,0.17453037351431486,0.5108601496190347
respect,29,0.015057113187954309,0.019927681799919647,0.7555877968713361,1.8433423308746009,0.17455971035619433,0.5108601496190347
substance,11,0.005711318795430945,0.009079951787866613,0.6290032071605143,1.836304155747912,0.17538474124629225,0.5128097325570936
elicits,6,0.003115264797507788,0.005865809562073122,0.5310886356847181,1.8324011596149754,0.17584419558512027,0.5136878401346319
mean,59,0.03063343717549325,0.03712334270791483,0.8251799256472153,1.8291498408268505,0.17622799505248615,0.5142550189834516
use,143,0.07424714434060228,0.08364805142627561,0.8876135555415902,1.8273873503094005,0.17643645058019597,0.5142550189834516
tool,30,0.01557632398753894,0.020490156689433506,0.760185694215381,1.8267130046947186,0.17651628284809923,0.5142550189834516
sn,15,0.00778816199376947,0.005062274005624749,1.5384710478168422,1.8186103259455557,0.17747878253290902,0.5165928854970517
corpus,9,0.004672897196261682,0.007794294897549217,0.5995278928605838,1.8136613743541716,0.17806963703686304,0.5173562758576906
emotional responses,18,0.009345794392523364,0.006347930895942145,1.472258369809535,1.8110515670046683,0.17838213600669445,0.5173562758576906
fronto temporal,18,0.009345794392523364,0.006347930895942145,1.472258369809535,1.8110515670046683,0.17838213600669445,0.5173562758576906
hyperactivation,18,0.009345794392523364,0.006347930895942145,1.472258369809535,1.8110515670046683,0.17838213600669445,0.5173562758576906
16,80,0.04153686396677051,0.035114503816793895,1.182897647749334,1.802773211726566,0.17937758835832687,0.5197763511855289
asymmetry,13,0.006749740394600207,0.010285255122539172,0.6562540563343717,1.7974606680634901,0.18001979113612282,0.5211694042936363
default mode,117,0.06074766355140187,0.05303334672559261,1.1454616256018124,1.792824121208306,0.1805824502333705,0.5223298829330824
conscious,31,0.016095534787123573,0.01213338690237043,1.3265492081175687,1.789115647408219,0.1810339496154348,0.5227577447663376
chronic,44,0.02284527518172378,0.028525512253917237,0.8008716891170491,1.7887295861047219,0.181081026851011,0.5227577447663376
feelings,26,0.013499480789200415,0.009883487344314986,1.365862100988611,1.7876216734453165,0.18121620706119324,0.5227577447663376
lateral occipital,23,0.011941848390446522,0.01631177179590197,0.7321000158576698,1.785030906052921,0.18153277167055737,0.5228851730276436
heart rate,14,0.007268951194184839,0.004660506227400563,1.5596913381315571,1.7832860681777702,0.18174633337577947,0.5228851730276436
reinforcement learning,14,0.007268951194184839,0.004660506227400563,1.5596913381315571,1.7832860681777702,0.18174633337577947,0.5228851730276436
psychiatric disorders,24,0.012461059190031152,0.008999598232221776,1.384623943035158,1.77859588078411,0.18232183875112593,0.523507216118548
true,24,0.012461059190031152,0.008999598232221776,1.384623943035158,1.77859588078411,0.18232183875112593,0.523507216118548
values,46,0.023883696780893044,0.029650462032944958,0.805508418531745,1.7775612500644682,0.18244907624949394,0.523507216118548
depends,47,0.024402907580477674,0.01952591402169546,1.2497703079796076,1.7672932348898762,0.18371741757940052,0.5259799465448445
component,109,0.05659397715472482,0.06484531940538368,0.8727534643005581,1.7671104129111208,0.18374009284567458,0.5259799465448445
online,17,0.008826583592938734,0.005946163117717959,1.4844166596503048,1.7653175935287213,0.18396262690493478,0.5259799465448445
socially,17,0.008826583592938734,0.005946163117717959,1.4844166596503048,1.7653175935287213,0.18396262690493478,0.5259799465448445
pcc,35,0.018172377985462097,0.013981518682201688,1.2997427817762977,1.76200434560552,0.18437470780801543,0.5266916431896229
cortex mpfc,43,0.02232606438213915,0.017677782241864202,1.2629448692532805,1.7554801173747245,0.18518928583340202,0.5285508529356514
distributed,92,0.04776739356178609,0.04098031337886701,1.165618064463584,1.7489080584080356,0.1860140635321018,0.5298341743928833
insular,55,0.028556593977154723,0.034712736038569704,0.8226546575131726,1.7472301732031152,0.18622531739779485,0.5298341743928833
taken,64,0.033229491173416406,0.027561269586179188,1.2056589435952396,1.7467471183098175,0.18628618802116798,0.5298341743928833
block design,27,0.014018691588785047,0.010365608678184009,1.352423386220387,1.746673448350319,0.18629547333826596,0.5298341743928833
free,44,0.02284527518172378,0.018159903575733227,1.2580064143210286,1.7401249700224437,0.18712299299350374,0.531719208963935
speaker,6,0.003115264797507788,0.005785456006428285,0.5384648667358948,1.7360681237851405,0.1876377935755035,0.5318551613235615
mixed,16,0.008307372793354102,0.012053033346725592,0.6892350294219454,1.734557641017745,0.18782988968675965,0.5318551613235615
occipito temporal,16,0.008307372793354102,0.012053033346725592,0.6892350294219454,1.734557641017745,0.18782988968675965,0.5318551613235615
moderate,16,0.008307372793354102,0.012053033346725592,0.6892350294219454,1.734557641017745,0.18782988968675965,0.5318551613235615
automatically,25,0.012980269989615784,0.009481719566090799,1.368978474752275,1.7323028959578426,0.1881170634730972,0.5319210220433188
targets,38,0.01973001038421599,0.024989955805544396,0.7895176181079357,1.7317879878221198,0.1881827159769114,0.5319210220433188
controlling,33,0.017133956386292833,0.02209722780233025,0.7753894080996885,1.7295432936603956,0.18846923367944735,0.5320625919487828
cortex involved,9,0.004672897196261682,0.007713941341904379,0.6057729750778816,1.7280159066183294,0.188664483060606,0.5320625919487828
opercularis,7,0.0036344755970924196,0.0064282844515869825,0.5653881100726895,1.724134999497514,0.18916164871669258,0.5320625919487828
surprisingly,7,0.0036344755970924196,0.0064282844515869825,0.5653881100726895,1.724134999497514,0.18916164871669258,0.5320625919487828
internal,39,0.020249221183800622,0.025552430695058255,0.7924577284037697,1.7236260032451534,0.18922696706299338,0.5320625919487828
pressure,8,0.004153686396677051,0.007071112896745681,0.5874162182573397,1.722313058424089,0.18939557564904747,0.5320625919487828
enhancing,16,0.008307372793354102,0.005544395339493772,1.49833702048249,1.7211007255501944,0.18955141906477704,0.5320625919487828
perceiving,16,0.008307372793354102,0.005544395339493772,1.49833702048249,1.7211007255501944,0.18955141906477704,0.5320625919487828
cued,41,0.021287642782969886,0.016793893129770993,1.2675823657132068,1.7162590003189244,0.19017530681413167,0.5331440018101756
blood,155,0.08047767393561786,0.07183607874648454,1.120296031463942,1.7151975857570532,0.19031239663282037,0.5331440018101756
specifically,149,0.07736240913811007,0.08662113298513459,0.8931124134728942,1.7142709982743365,0.19043216669365937,0.5331440018101756
higher,235,0.12201453790238836,0.1331458417034954,0.9163976609506477,1.711654863555737,0.19077080112379288,0.533228738502088
mode network,99,0.0514018691588785,0.04443551627159502,1.1567744334217775,1.7114850150171281,0.19079281070939022,0.533228738502088
unfamiliar,31,0.016095534787123573,0.012213740458015267,1.3178219106957425,1.70223694919364,0.19199569260483254,0.5361263803878887
sulcus sts,12,0.006230529595015576,0.009562073121735636,0.6515877378988979,1.6972542784893108,0.19264744941586223,0.5374813886900633
activities,37,0.01921079958463136,0.024347127360385697,0.7890376265040835,1.6890449389320523,0.193726915088066,0.5394297430361272
consistently,37,0.01921079958463136,0.024347127360385697,0.7890376265040835,1.6890449389320523,0.193726915088066,0.5394297430361272
negative positive,18,0.009345794392523364,0.0064282844515869825,1.4538551401869158,1.687507803608683,0.19392982154902894,0.5394297430361272
diffusion,28,0.014537902388369679,0.019124146243471273,0.760185694215381,1.6868689203344183,0.19401422914031716,0.5394297430361272
necessary,25,0.012980269989615784,0.017356368019284852,0.7478678704665206,1.6807945233729706,0.19481891250120043,0.5412009032305293
view,67,0.0347871235721703,0.029087987143431096,1.195927494076407,1.67895651242987,0.19506316517356273,0.5414134971455379
gains,24,0.012461059190031152,0.009079951787866613,1.3723706338047583,1.6771261202688854,0.19530676159020846,0.5415090563676396
classical,29,0.015057113187954309,0.011329851345922057,1.3289771179013572,1.676177851902196,0.19543310119835816,0.5415090563676396
pathways,39,0.020249221183800622,0.025472077139413418,0.7949575950548856,1.6732766917760438,0.19582022282790731,0.5418331993316184
effects,376,0.1952232606438214,0.18264363198071515,1.068875265601565,1.6727859531354516,0.19588579418215574,0.5418331993316184
putative,20,0.010384215991692628,0.014383286460425873,0.7219640671319261,1.67143814306489,0.19606601775031615,0.5418673846729628
scores,98,0.05088265835929388,0.044033748493370835,1.155537743214256,1.6663269482688352,0.1967512325891392,0.5432959613325418
specialization,16,0.008307372793354102,0.011972679791080755,0.6938607678744416,1.6645161530414696,0.1969946634701508,0.5435032253689288
amplitudes,9,0.004672897196261682,0.007633587786259542,0.6121495327102804,1.6437358438965866,0.19981366516446403,0.55000040855095
sentence comprehension,6,0.003115264797507788,0.005705102450783447,0.5460488789434426,1.6412913336055224,0.20014838407256175,0.55000040855095
task induced,6,0.003115264797507788,0.005705102450783447,0.5460488789434426,1.6412913336055224,0.20014838407256175,0.55000040855095
punishment,17,0.008826583592938734,0.006026516673362796,1.464624437521634,1.639198293911082,0.20043550088530251,0.55000040855095
separation,14,0.007268951194184839,0.004740859783045399,1.533255891722548,1.638667876116468,0.20050833884077324,0.55000040855095
primary secondary,8,0.004153686396677051,0.006990759341100844,0.5941681288120217,1.6351157682892088,0.2009969235428717,0.55000040855095
intention,8,0.004153686396677051,0.006990759341100844,0.5941681288120217,1.6351157682892088,0.2009969235428717,0.55000040855095
courses,8,0.004153686396677051,0.006990759341100844,0.5941681288120217,1.6351157682892088,0.2009969235428717,0.55000040855095
force,7,0.0036344755970924196,0.006347930895942145,0.5725449215925971,1.6334896438280875,0.20122106041925905,0.55000040855095
pars opercularis,7,0.0036344755970924196,0.006347930895942145,0.5725449215925971,1.6334896438280875,0.20122106041925905,0.55000040855095
fundamental,32,0.016614745586708203,0.021374045801526718,0.7773327399495623,1.6334696552092962,0.20122381737877074,0.55000040855095
groups,263,0.13655244029075805,0.1258336681398152,1.0851820685941787,1.6300799715979797,0.20169198771445226,0.5505517405074578
good,17,0.008826583592938734,0.012535154680594617,0.7041463641930932,1.6295403348759911,0.20176663848213217,0.5505517405074578
scanned,96,0.04984423676012461,0.04314985938127762,1.1551425074110815,1.6197092630521588,0.20313233145728052,0.5538101063717074
constant,21,0.010903426791277258,0.007794294897549217,1.3988984166746956,1.6164470772835673,0.20358790443677713,0.5545837599341068
displayed,42,0.021806853582554516,0.027079148252310163,0.805300572210359,1.6060938990462268,0.20504174986950394,0.5580731606903531
providing,44,0.02284527518172378,0.0183206106870229,1.2469712703357563,1.6032830128858753,0.20543857979001964,0.5586821698080736
interplay,11,0.005711318795430945,0.008838891120932101,0.6461578400830738,1.5974684608759084,0.2062623359848913,0.5604501856559168
salience,62,0.032191069574247146,0.026838087585375654,1.1994546732081008,1.589366713088276,0.20741663618168188,0.5628614030111262
effective connectivity,27,0.014018691588785047,0.01840096424266774,0.7618454883075542,1.5887943468627794,0.20749847260943005,0.5628614030111262
considered,51,0.0264797507788162,0.03214142225793491,0.823851246105919,1.5774590102117207,0.20912708253012302,0.5668028735577137
remain unclear,13,0.006749740394600207,0.010044194455604661,0.6720041536863967,1.5727551918389098,0.20980734381063043,0.567982298194783
treatments,18,0.009345794392523364,0.00650863800723182,1.4359063112957193,1.5695934706438608,0.2102660614444751,0.567982298194783
ffa,18,0.009345794392523364,0.00650863800723182,1.4359063112957193,1.5695934706438608,0.2102660614444751,0.567982298194783
induction,18,0.009345794392523364,0.00650863800723182,1.4359063112957193,1.5695934706438608,0.2102660614444751,0.567982298194783
subtle,22,0.01142263759086189,0.00827641623141824,1.38014295940074,1.5672527406879082,0.21060643130738846,0.568426053729306
supported,57,0.029595015576323987,0.02450783447167537,1.2075736683519738,1.5567601412502292,0.21214022910027647,0.5700367805623251
need,35,0.018172377985462097,0.022981116914423463,0.790752601500265,1.5527765218940652,0.21272601869943802,0.5700367805623251
depth,8,0.004153686396677051,0.006910405785456006,0.6010770605423942,1.5493925942830005,0.21322513280494956,0.5700367805623251
primates,8,0.004153686396677051,0.006910405785456006,0.6010770605423942,1.5493925942830005,0.21322513280494956,0.5700367805623251
wise,30,0.01557632398753894,0.020088388911209322,0.7753894080996885,1.5490782534204797,0.21327156722231902,0.5700367805623251
origin,6,0.003115264797507788,0.00562474889513861,0.5538495772140632,1.5481313569078512,0.21341151533152988,0.5700367805623251
analyzing,6,0.003115264797507788,0.00562474889513861,0.5538495772140632,1.5481313569078512,0.21341151533152988,0.5700367805623251
illustrate,6,0.003115264797507788,0.00562474889513861,0.5538495772140632,1.5481313569078512,0.21341151533152988,0.5700367805623251
event potential,15,0.00778816199376947,0.005222981116914423,1.4911334771147855,1.5462327247532865,0.21369245556311042,0.5700367805623251
craving,15,0.00778816199376947,0.005222981116914423,1.4911334771147855,1.5462327247532865,0.21369245556311042,0.5700367805623251
interactions,124,0.06438213914849429,0.056970670952189634,1.1300926963371107,1.544841083219846,0.2138986555885057,0.5700367805623251
neurological,20,0.010384215991692628,0.0142225793491362,0.7301218532012133,1.5446775876730001,0.21392289629943345,0.5700367805623251
describing,7,0.0036344755970924196,0.006267577340297308,0.5798852411001943,1.5443902355208243,0.2139655085546894,0.5700367805623251
engaging,7,0.0036344755970924196,0.006267577340297308,0.5798852411001943,1.5443902355208243,0.2139655085546894,0.5700367805623251
add,7,0.0036344755970924196,0.006267577340297308,0.5798852411001943,1.5443902355208243,0.2139655085546894,0.5700367805623251
involving,100,0.05192107995846314,0.04523905182804339,1.1477048669326353,1.543823410072615,0.21404959426627723,0.5700367805623251
influence,104,0.05399792315680166,0.06155082362394536,0.8772900178673586,1.5427746845653352,0.21420527101056394,0.5700367805623251
generalized,25,0.012980269989615784,0.009642426677380474,1.346162166839737,1.541275888015175,0.2144279916694306,0.5701594374867561
conflict,37,0.01921079958463136,0.024106066693451184,0.7969280027691243,1.5381174270568212,0.21489824001367835,0.5709395216165875
demanding,18,0.009345794392523364,0.01301727601446364,0.7179531556478597,1.5330290222102807,0.21565841117148785,0.5724725898355773
selective attention,14,0.007268951194184839,0.010606669345118521,0.6853189213002298,1.530700680866576,0.21600731549558025,0.5724725898355773
connection,14,0.007268951194184839,0.010606669345118521,0.6853189213002298,1.530700680866576,0.21600731549558025,0.5724725898355773
modulations,16,0.008307372793354102,0.011811972679791082,0.7033010504305564,1.5276514750706196,0.21646525893276833,0.5732156323502675
particularly,107,0.05555555555555555,0.04869425472077139,1.1409057572423908,1.522896087705813,0.21718175438448156,0.5746182007892605
variations,21,0.010903426791277258,0.01478505423865006,0.7374627522687254,1.5217759515756235,0.21735093654389315,0.5746182007892605
stable,32,0.016614745586708203,0.012856568903173965,1.2923156801661475,1.5133535752417904,0.2186280728534627,0.5775216196161846
engagement,55,0.028556593977154723,0.023623945359582163,1.2087986804275188,1.5107838851641988,0.2190195114115448,0.5779856261701424
labeling,19,0.009865005192107996,0.006990759341100844,1.4111493059285518,1.509850920788955,0.21916183594555586,0.5779856261701424
communication,29,0.015057113187954309,0.019445560466050622,0.7743213786119478,1.506998597496344,0.21959764560077175,0.5783528782350847
activates,19,0.009865005192107996,0.0135797509039775,0.7264496426969468,1.506552817714152,0.21966585024442525,0.5783528782350847
single,125,0.06490134994807892,0.07296102852551226,0.8895344714800023,1.5054245178574441,0.21983859405032496,0.5783528782350847
correlates,234,0.12149532710280374,0.11169144234632382,1.08777650776575,1.5030256512885793,0.22020640233969496,0.5787324611996196
sustained attention,14,0.007268951194184839,0.004821213338690237,1.5077016268605055,1.5021460755418072,0.22034144820766188,0.5787324611996196
character,10,0.005192107995846314,0.008115709120128566,0.6397602377060136,1.498177934512952,0.22095192942199954,0.5790876040299592
compulsive,10,0.005192107995846314,0.008115709120128566,0.6397602377060136,1.498177934512952,0.22095192942199954,0.5790876040299592
acoustic,17,0.008826583592938734,0.012374447569304942,0.7132911221696269,1.4966065239443862,0.22119424280326508,0.5790876040299592
using resting,17,0.008826583592938734,0.012374447569304942,0.7132911221696269,1.4966065239443862,0.22119424280326508,0.5790876040299592
fractional anisotropy,15,0.00778816199376947,0.011169144234632382,0.6972926331831731,1.4936515196671303,0.2216507691510134,0.5796931726094278
dimensions,33,0.017133956386292833,0.01333869023704299,1.284530645948279,1.4923427604793222,0.22185332283215414,0.5796931726094278
rewards,26,0.013499480789200415,0.017677782241864202,0.7636410837345416,1.4912364747228077,0.22202471288687117,0.5796931726094278
ventral,215,0.11163032191069575,0.12165528324628365,0.9175953475420136,1.4904678590782143,0.22214388306005642,0.5796931726094278
onset,54,0.028037383177570093,0.03366813981518682,0.8327571208707871,1.4891482271555923,0.2223486642415442,0.5797588757445111
natural,23,0.011941848390446522,0.01591000401767778,0.7505873899954898,1.4823014812798943,0.2234147811058167,0.5820685338253239
complex,166,0.08618899273104881,0.07786259541984733,1.1069370635066071,1.4772378690271326,0.22420718385903673,0.5827540866105957
parietal lobe,41,0.021287642782969886,0.026275612695861792,0.8101673224283188,1.4691943664651252,0.22547284754257843,0.5827540866105957
mr,18,0.009345794392523364,0.012936922458818802,0.7224124920183432,1.468887683596944,0.22552127419136525,0.5827540866105957
reveals,8,0.004153686396677051,0.006830052229811169,0.6081485553723047,1.465190381469581,0.2261060789879635,0.5827540866105957
improve,28,0.014537902388369679,0.018802732020891926,0.7731803214669258,1.4649993339503162,0.22613634653953948,0.5827540866105957
15,79,0.04101765316718588,0.04756930494174367,0.8622714420027505,1.4645860979234202,0.2262018319363366,0.5827540866105957
central,107,0.05555555555555555,0.06299718762555243,0.8818735827664399,1.4628237835149092,0.22648136118158926,0.5827540866105957
effort,21,0.010903426791277258,0.014704700683005223,0.741492603374019,1.461289681804227,0.22672503033929572,0.5827540866105957
protocol,14,0.007268951194184839,0.010526315789473684,0.6905503634475597,1.460700164089451,0.2268187501843325,0.5827540866105957
36,14,0.007268951194184839,0.010526315789473684,0.6905503634475597,1.460700164089451,0.2268187501843325,0.5827540866105957
34,20,0.010384215991692628,0.007472880674969868,1.3895867528668253,1.4581387570295787,0.22722649627364974,0.5827540866105957
initially,18,0.009345794392523364,0.006588991562876657,1.4183952587189421,1.4571403373437564,0.2273856715970853,0.5827540866105957
nouns,18,0.009345794392523364,0.006588991562876657,1.4183952587189421,1.4571403373437564,0.2273856715970853,0.5827540866105957
visual stimulus,7,0.0036344755970924196,0.006187223784652471,0.5874162182573398,1.4568912053112695,0.22742541092856486,0.5827540866105957
memory load,7,0.0036344755970924196,0.006187223784652471,0.5874162182573398,1.4568912053112695,0.22742541092856486,0.5827540866105957
normalized,7,0.0036344755970924196,0.006187223784652471,0.5874162182573398,1.4568912053112695,0.22742541092856486,0.5827540866105957
advance,7,0.0036344755970924196,0.006187223784652471,0.5874162182573398,1.4568912053112695,0.22742541092856486,0.5827540866105957
exhibiting,6,0.003115264797507788,0.005544395339493772,0.5618763826809337,1.456651992052882,0.22746357596200753,0.5827540866105957
motor pre,6,0.003115264797507788,0.005544395339493772,0.5618763826809337,1.456651992052882,0.22746357596200753,0.5827540866105957
connectivity rsfc,6,0.003115264797507788,0.005544395339493772,0.5618763826809337,1.456651992052882,0.22746357596200753,0.5827540866105957
developmental,45,0.02336448598130841,0.028525512253917237,0.8190733184151638,1.456617577284283,0.22746906726435892,0.5827540866105957
designed,55,0.028556593977154723,0.023704298915227,1.2047010577820016,1.454767220073621,0.22776454945234467,0.5830483470516801
inputs,19,0.009865005192107996,0.013499397348332665,0.730773747713,1.4440689661651158,0.22948202656952882,0.5869793833331529
cingulate cortices,23,0.011941848390446522,0.008838891120932101,1.3510573019918817,1.4293480534476277,0.23187086596413678,0.5926200754807867
key,121,0.0628245067497404,0.055765367617517075,1.1265864358797106,1.4244911899088433,0.2326655874724183,0.5935713988498554
current functional,15,0.00778816199376947,0.005303334672559261,1.4685405456433493,1.4208288062372814,0.23326703381360503,0.5935713988498554
remote,15,0.00778816199376947,0.005303334672559261,1.4685405456433493,1.4208288062372814,0.23326703381360503,0.5935713988498554
functional abnormalities,15,0.00778816199376947,0.005303334672559261,1.4685405456433493,1.4208288062372814,0.23326703381360503,0.5935713988498554
select,10,0.005192107995846314,0.008035355564483728,0.6461578400830738,1.4205194128853211,0.23331792919216449,0.5935713988498554
reaction,64,0.033229491173416406,0.03913218159903576,0.8491602005198504,1.4200562658535667,0.23339414221452762,0.5935713988498554
mpfc,51,0.0264797507788162,0.021856167135395742,1.211545950155763,1.41922953682932,0.23353025915096545,0.5935713988498554
cortex dlpfc,43,0.02232606438213915,0.027320208919244676,0.8171996212815344,1.4168928061923052,0.2339155096954391,0.5940828208472678
longer,28,0.014537902388369679,0.01872237846524709,0.7764986919453246,1.4115109744588146,0.2348057247788531,0.595874905335014
potentials,18,0.009345794392523364,0.012856568903173965,0.7269275700934579,1.4057966537652509,0.23575542782161893,0.5977205096081774
crossover,17,0.008826583592938734,0.006187223784652471,1.4265822443392537,1.404909278080364,0.23590332380446652,0.5977205096081774
modulation,124,0.06438213914849429,0.057292085174768984,1.1237527653618673,1.40204146992149,0.23638206092700048,0.5984637589587117
choice,36,0.018691588785046728,0.023302531137002813,0.8021269738962293,1.3982574658275935,0.23701554562104774,0.5995973207403935
examination,16,0.008307372793354102,0.011651265568501407,0.7130017545744262,1.3952083706975946,0.2375274959462138,0.600421892650257
nerve,8,0.004153686396677051,0.006749698674166332,0.6153884191267368,1.3825580118552054,0.23966590502325938,0.6044074542305322
large sample,8,0.004153686396677051,0.006749698674166332,0.6153884191267368,1.3825580118552054,0.23966590502325938,0.6044074542305322
accordingly,8,0.004153686396677051,0.006749698674166332,0.6153884191267368,1.3825580118552054,0.23966590502325938,0.6044074542305322
load,41,0.021287642782969886,0.026114905584572117,0.8151529674894161,1.3774859418676808,0.24052984745747183,0.6049139395517344
blocks,41,0.021287642782969886,0.017195660907995177,1.237965955299347,1.3761594015345595,0.24075642575447692,0.6049139395517344
level bold,76,0.03946002076843198,0.033909200482121336,1.1636965840358673,1.3747660047279049,0.24099470300046688,0.6049139395517344
contents,14,0.007268951194184839,0.004901566894335074,1.482985206748038,1.3733976778804617,0.2412289724016143,0.6049139395517344
group comparisons,14,0.007268951194184839,0.004901566894335074,1.482985206748038,1.3733976778804617,0.2412289724016143,0.6049139395517344
proper,14,0.007268951194184839,0.004901566894335074,1.482985206748038,1.3733976778804617,0.2412289724016143,0.6049139395517344
visual perception,7,0.0036344755970924196,0.0061068702290076335,0.5951453790238838,1.3710496073244216,0.2416316285015631,0.6049139395517344
language network,7,0.0036344755970924196,0.0061068702290076335,0.5951453790238838,1.3710496073244216,0.2416316285015631,0.6049139395517344
receive,7,0.0036344755970924196,0.0061068702290076335,0.5951453790238838,1.3710496073244216,0.2416316285015631,0.6049139395517344
processes involved,11,0.005711318795430945,0.008597830453997589,0.664274415038674,1.3704143771226094,0.24174070075022847,0.6049139395517344
combinations,6,0.003115264797507788,0.005464041783848936,0.5701392706615356,1.3669204862092883,0.24234169222070134,0.6056973749869741
repetition,42,0.021806853582554516,0.017677782241864202,1.2335740583404136,1.366397232443593,0.24243185476783669,0.6056973749869741
small,48,0.024922118380062305,0.030052229811169145,0.8292934845985972,1.365325236390502,0.24261669946039574,0.6056973749869741
22,51,0.0264797507788162,0.02193652069104058,1.2071080529024454,1.3628477180960892,0.24304455630344263,0.6062020465315809
nucleus accumbens,32,0.016614745586708203,0.01301727601446364,1.276361165596195,1.3619810723611419,0.24319443936133744,0.6062020465315809
stimulus response,13,0.006749740394600207,0.009803133788670149,0.6885288459901605,1.3590069237462254,0.24370966452084114,0.6065732837145487
affecting,20,0.010384215991692628,0.007553234230614705,1.3748039150703697,1.3578692480670744,0.24390710107233088,0.6065732837145487
indices,20,0.010384215991692628,0.007553234230614705,1.3748039150703697,1.3578692480670744,0.24390710107233088,0.6065732837145487
indicate,205,0.10643821391484942,0.0976295701084773,1.0902251622800831,1.3560929175240954,0.2442157624660618,0.6068733496847171
nineteen,16,0.008307372793354102,0.005785456006428285,1.4359063112957193,1.353246123614206,0.24471142582552996,0.6076372942806236
schizophrenia,85,0.044132917964693666,0.05062274005624749,0.8718002604295438,1.3517473349430915,0.2449728775221955,0.6078189459197901
storage,18,0.009345794392523364,0.006669345118521495,1.4013061592163043,1.349986835727532,0.2452804182155031,0.6081145852531827
applied,84,0.04361370716510903,0.050060265166733627,0.8712240540445938,1.347211107733905,0.24576626704106275,0.6088515042275906
tracts,10,0.005192107995846314,0.00795500200883889,0.6526846869525998,1.3443102348859641,0.24627527759092202,0.6091927299069111
thalamic,38,0.01973001038421599,0.015829650462032944,1.2463958336627818,1.34427511726978,0.2462814474995412,0.6091927299069111
correct,56,0.029075804776739357,0.024347127360385697,1.1942191103845587,1.3431806017079249,0.24647384063437947,0.609201805182065
supports,61,0.03167185877466251,0.026757734029730817,1.1836524998518767,1.3318265019756594,0.2484805409813043,0.6132226194859711
repeated,61,0.03167185877466251,0.026757734029730817,1.1836524998518767,1.3318265019756594,0.2484805409813043,0.6132226194859711
intervals,12,0.006230529595015576,0.00916030534351145,0.680166147455867,1.3274389238759605,0.24926134739294134,0.6142104041102402
sufficient,12,0.006230529595015576,0.00916030534351145,0.680166147455867,1.3274389238759605,0.24926134739294134,0.6142104041102402
detecting,14,0.007268951194184839,0.010365608678184009,0.7012565706327932,1.3243552218701908,0.249811917785796,0.6150975366991224
callosum,9,0.004672897196261682,0.007312173563680193,0.6390572044777652,1.3210757142836176,0.2503990848418079,0.6151356513465418
75,9,0.004672897196261682,0.007312173563680193,0.6390572044777652,1.3210757142836176,0.2503990848418079,0.6151356513465418
corpus callosum,9,0.004672897196261682,0.007312173563680193,0.6390572044777652,1.3210757142836176,0.2503990848418079,0.6151356513465418
vulnerability,31,0.016095534787123573,0.012615508236239454,1.2758530600366425,1.3065715782049185,0.2530163291806719,0.6210925555857102
define,19,0.009865005192107996,0.007151466452390519,1.3794380855706068,1.302838159549835,0.25369545122171633,0.6222864107474927
combination,37,0.01921079958463136,0.023704298915227,0.8104352570533467,1.299757066455388,0.2542576029737804,0.6231917558081725
general linear,11,0.005711318795430945,0.008517476898352753,0.6705411548031897,1.2975018255791337,0.2546700485743038,0.6232940917394127
losses,17,0.008826583592938734,0.006267577340297308,1.4082927283861864,1.2963630481635482,0.2548786248748528,0.6232940917394127
men women,17,0.008826583592938734,0.006267577340297308,1.4082927283861864,1.2963630481635482,0.2548786248748528,0.6232940917394127
simultaneous eeg,7,0.0036344755970924196,0.006026516673362796,0.6030806507442021,1.2869252790374162,0.25661535667734037,0.6266564746096603
strong,69,0.03582554517133956,0.04162314182402571,0.8607121808056387,1.2867819734055719,0.2566418399733491,0.6266564746096603
weaker,18,0.009345794392523364,0.01269586179188429,0.7361291849047675,1.2828356182510063,0.2573724651029132,0.6273297263872984
middle occipital,18,0.009345794392523364,0.01269586179188429,0.7361291849047675,1.2828356182510063,0.2573724651029132,0.6273297263872984
correlations,103,0.05347871235721703,0.047247890719164326,1.1318751280366768,1.2818454180684997,0.257556192828734,0.6273297263872984
saccades,6,0.003115264797507788,0.005383688228204098,0.5786488120146929,1.2790077715733004,0.25808360490778576,0.6273297263872984
nociceptive,6,0.003115264797507788,0.005383688228204098,0.5786488120146929,1.2790077715733004,0.25808360490778576,0.6273297263872984
previous reports,6,0.003115264797507788,0.005383688228204098,0.5786488120146929,1.2790077715733004,0.25808360490778576,0.6273297263872984
cingulate cortex,276,0.14330218068535824,0.13354760948171956,1.073041900498967,1.2779449662478293,0.2582814839691146,0.627338322236495
words,139,0.07217030114226376,0.06500602651667337,1.1102093914900772,1.2755488887143842,0.25872828746651877,0.6279510616104681
intrinsic functional,10,0.005192107995846314,0.007874648453194053,0.6593447347786467,1.269590049904267,0.25984360034016546,0.6298055281035234
divided,29,0.015057113187954309,0.011731619124146244,1.2834642029047354,1.269373058336253,0.25988432667340655,0.6298055281035234
development,88,0.04569055036344756,0.05206910405785456,0.877498301347384,1.268343408280848,0.2600776855520436,0.6298055281035234
vary,19,0.009865005192107996,0.013258336681398152,0.7440605431259637,1.262827025726863,0.2611166507982552,0.6318474878386564
tests,50,0.02596053997923157,0.02161510646846123,1.2010368774778322,1.2577266153659385,0.2620818503312751,0.6333575186357963
correction,12,0.006230529595015576,0.009079951787866613,0.6861853169023792,1.2574564508329358,0.26213309941060214,0.6333575186357963
orbital,26,0.013499480789200415,0.010365608678184009,1.3023336311751874,1.2556144790699983,0.26248284521896353,0.6336167386704479
implicated,141,0.07320872274143302,0.06605062274005624,1.108372937368776,1.2548248156225943,0.2626329604526206,0.6336167386704479
actually,14,0.007268951194184839,0.004981920449979912,1.4590660905101664,1.2521166941971344,0.2631485849345053,0.634189765162133
modulatory,23,0.011941848390446522,0.008999598232221776,1.3269312787420264,1.2515145193922725,0.26326340933000564,0.634189765162133
depicting,18,0.009345794392523364,0.006749698674166332,1.384623943035158,1.2479777339928761,0.2639390708839592,0.6351292455126477
morphology,9,0.004672897196261682,0.007231820008035355,0.6461578400830738,1.2442414803457038,0.26465518019247986,0.6351292455126477
obsessive,9,0.004672897196261682,0.007231820008035355,0.6461578400830738,1.2442414803457038,0.26465518019247986,0.6351292455126477
stop signal,9,0.004672897196261682,0.007231820008035355,0.6461578400830738,1.2442414803457038,0.26465518019247986,0.6351292455126477
correspond,16,0.008307372793354102,0.005865809562073122,1.4162363618259148,1.2431092058498652,0.2648726743703632,0.6351292455126477
network,562,0.29179646936656284,0.27922860586580955,1.0450092262638488,1.242694164252542,0.2649524537463604,0.6351292455126477
nature,50,0.02596053997923157,0.030936118923262354,0.8391660260819139,1.2422872589457534,0.265030698173958,0.6351292455126477
presentation,74,0.03842159916926272,0.033186018481317796,1.1577646529333525,1.2411076485764458,0.26525768967909436,0.6352016485787215
valid,11,0.005711318795430945,0.008437123342707915,0.6769272610394106,1.22603414195476,0.26817969168185507,0.641722790770221
given,83,0.043094496365524405,0.03760546404178385,1.145963690745622,1.2181134643669282,0.2697312033571146,0.6449572773605673
failure,28,0.014537902388369679,0.011329851345922057,1.2831503207323451,1.2138668966616772,0.2705676428943838,0.6464784243249969
make,48,0.024922118380062305,0.020731217356368018,1.2021541210847884,1.2117861972107973,0.27097865841756485,0.6465885992106809
involved,411,0.21339563862928349,0.22490960224989956,0.9488062603577824,1.2091082648541622,0.2715087996872,0.6465885992106809
parietal occipital,19,0.009865005192107996,0.007231820008035355,1.3641109957309334,1.2064539488622856,0.27203554707281724,0.6465885992106809
time,260,0.13499480789200416,0.14471675371635195,0.9328208685263696,1.2053229177881901,0.27226038818203824,0.6465885992106809
directions,7,0.0036344755970924196,0.005946163117717959,0.6112303892677725,1.204581013091312,0.2724080000704185,0.6465885992106809
successive,7,0.0036344755970924196,0.005946163117717959,0.6112303892677725,1.204581013091312,0.2724080000704185,0.6465885992106809
interhemispheric,7,0.0036344755970924196,0.005946163117717959,0.6112303892677725,1.204581013091312,0.2724080000704185,0.6465885992106809
multiple sclerosis,7,0.0036344755970924196,0.005946163117717959,0.6112303892677725,1.204581013091312,0.2724080000704185,0.6465885992106809
marker,19,0.009865005192107996,0.013177983125753315,0.7485974976572195,1.2045382561060738,0.2724165102002869,0.6465885992106809
represents,23,0.011941848390446522,0.015508236239453596,0.7700326591663573,1.2021757735569834,0.2728872445519083,0.6472299966300955
20,93,0.048286604361370715,0.05464041783848935,0.8837158695253803,1.2010828511732654,0.27310535861366647,0.6472717309874562
substrates,89,0.046209761163032194,0.04057854560064283,1.1387732231167043,1.1964238009222288,0.27403761858578435,0.6473141946392575
rt,10,0.005192107995846314,0.007794294897549217,0.6661421031784266,1.1963999897224893,0.27404239336660424,0.6473141946392575
spatial,177,0.09190031152647975,0.1002008838891121,0.917160687206929,1.1959824279819822,0.2741261426008773,0.6473141946392575
gyri,108,0.056074766355140186,0.04989955805544395,1.1237527653618673,1.1956700178865252,0.27418882285176877,0.6473141946392575
statistics,17,0.008826583592938734,0.006347930895942145,1.39046623815345,1.1933110681528587,0.2746626906412841,0.6473141946392575
01,14,0.007268951194184839,0.010204901566894336,0.7122999811939396,1.193054800260459,0.27471423182229787,0.6473141946392575
agent,6,0.003115264797507788,0.005303334672559261,0.5874162182573397,1.1929887212733077,0.2747275237471446,0.6473141946392575
median,6,0.003115264797507788,0.005303334672559261,0.5874162182573397,1.1929887212733077,0.2747275237471446,0.6473141946392575
newly,15,0.00778816199376947,0.005464041783848936,1.425348176653839,1.190295271118043,0.2752700046999451,0.6481193108471355
overlapped,12,0.006230529595015576,0.008999598232221776,0.692311971517579,1.188874504149492,0.27555669973100494,0.6483214480551632
pattern,207,0.10747663551401869,0.11627159501807954,0.9243584858133812,1.1818514542996097,0.2769793983591894,0.6510925865116378
attenuated,30,0.01557632398753894,0.012294094013660105,1.2669761570256348,1.180080420960946,0.27733962405622736,0.6510925865116378
mean age,30,0.01557632398753894,0.012294094013660105,1.2669761570256348,1.180080420960946,0.27733962405622736,0.6510925865116378
dorsomedial,44,0.02284527518172378,0.01888308557653676,1.2098274452619253,1.1751536330001418,0.27834483253850395,0.6529775577284089
properties,54,0.028037383177570093,0.03302531137002812,0.848966505218637,1.1708068489530474,0.27923551679661973,0.653571330015533
perceive,9,0.004672897196261682,0.007151466452390519,0.6534180405334452,1.1690320385157076,0.27960021980935074,0.653571330015533
obsessive compulsive,9,0.004672897196261682,0.007151466452390519,0.6534180405334452,1.1690320385157076,0.27960021980935074,0.653571330015533
enable,9,0.004672897196261682,0.007151466452390519,0.6534180405334452,1.1690320385157076,0.27960021980935074,0.653571330015533
polymorphism,23,0.011941848390446522,0.009079951787866613,1.3151885240628935,1.1679892253536903,0.27981478605395527,0.653571330015533
homogeneity,15,0.00778816199376947,0.010767376456408196,0.7233110150183661,1.167015978497663,0.28001522596390405,0.653571330015533
attended,15,0.00778816199376947,0.010767376456408196,0.7233110150183661,1.167015978497663,0.28001522596390405,0.653571330015533
cases,13,0.006749740394600207,0.009562073121735636,0.7058867160571394,1.1569494072095554,0.2820991061233546,0.656972633238774
latency,11,0.005711318795430945,0.008356769787063078,0.6834361770109434,1.1560484449130684,0.2822865682472675,0.656972633238774
promising,11,0.005711318795430945,0.008356769787063078,0.6834361770109434,1.1560484449130684,0.2822865682472675,0.656972633238774
summary,11,0.005711318795430945,0.008356769787063078,0.6834361770109434,1.1560484449130684,0.2822865682472675,0.656972633238774
contrasting,32,0.016614745586708203,0.013258336681398152,1.2531545989489914,1.1525620913805563,0.2830134557820505,0.6581897948591203
plasticity,23,0.011941848390446522,0.015427882683808758,0.7740432459328488,1.1489984238886928,0.2837589127343624,0.6594483587519955
experience,112,0.058151609553478714,0.051988750502209725,1.1185421652133578,1.14610823686944,0.2843653162679535,0.6597719514222625
valuable,8,0.004153686396677051,0.00650863800723182,0.6381805827980975,1.1446017395335717,0.2846820525059287,0.6597719514222625
cortex parietal,8,0.004153686396677051,0.00650863800723182,0.6381805827980975,1.1446017395335717,0.2846820525059287,0.6597719514222625
structural magnetic,24,0.012461059190031152,0.009562073121735636,1.3031754757977958,1.1437707235991905,0.28485696232510593,0.6597719514222625
confirmed,61,0.03167185877466251,0.027079148252310163,1.169603212019807,1.1414916028726212,0.28533736484672784,0.6597719514222625
sex,60,0.03115264797507788,0.026597026918441142,1.171283093806176,1.1413651287952242,0.2853640536582862,0.6597719514222625
visual cortex,57,0.029595015576323987,0.03463238248292487,0.8545474915251787,1.1411664834648987,0.28540597858415045,0.6597719514222625
functions,112,0.058151609553478714,0.06484531940538368,0.8967742018501148,1.1391246290710328,0.2858373737945497,0.6597719514222625
negative feedback,14,0.007268951194184839,0.005062274005624749,1.4359063112957193,1.1380130313220402,0.28607257580386886,0.6597719514222625
emerge,14,0.007268951194184839,0.005062274005624749,1.4359063112957193,1.1380130313220402,0.28607257580386886,0.6597719514222625
activations,185,0.0960539979231568,0.1042989152269988,0.9209491557424394,1.1376641434606465,0.2861464473330755,0.6597719514222625
levels,132,0.06853582554517133,0.07569304941743672,0.9054441071227783,1.1342387239414462,0.28687301405454285,0.6606603512876742
white,54,0.028037383177570093,0.03294495781438329,0.8510371552313654,1.1333722038159972,0.28705718314191886,0.6606603512876742
cerebral,111,0.05763239875389408,0.06428284451586982,0.8965440031152648,1.1329557578969538,0.2871457474772636,0.6606603512876742
frontal lobe,34,0.017653167185877467,0.0142225793491362,1.2412071504420625,1.1300682798797324,0.28776077513508996,0.6614788305087581
complete,14,0.007268951194184839,0.010124548011249498,0.7179531556478597,1.1293626625824105,0.28791132492713917,0.6614788305087581
visual auditory,17,0.008826583592938734,0.011892326235435917,0.7422083298251524,1.124279663651357,0.2889987944154783,0.6624079124677605
linearly,7,0.0036344755970924196,0.005865809562073122,0.6196034082988379,1.1240827419887531,0.2890410294209144,0.6624079124677605
control conditions,7,0.0036344755970924196,0.005865809562073122,0.6196034082988379,1.1240827419887531,0.2890410294209144,0.6624079124677605
comprehension,49,0.02544132917964694,0.030132583366813983,0.844312911041883,1.123341370964455,0.2892001063482667,0.6624079124677605
selectivity,12,0.006230529595015576,0.008919244676576938,0.6985490163060256,1.1217267061215432,0.2895469530644393,0.6624079124677605
neuron,12,0.006230529595015576,0.008919244676576938,0.6985490163060256,1.1217267061215432,0.2895469530644393,0.6624079124677605
currently,21,0.010903426791277258,0.0142225793491362,0.7666279458612738,1.119035789163277,0.2901261682222446,0.6630082441355422
female,45,0.02336448598130841,0.027882683808758538,0.8379568531336691,1.118599807437579,0.2902201514756881,0.6630082441355422
dissociate,19,0.009865005192107996,0.007312173563680193,1.3491207650086154,1.1146459846116052,0.2910742398144488,0.6640195378947285
12 healthy,19,0.009865005192107996,0.007312173563680193,1.3491207650086154,1.1146459846116052,0.2910742398144488,0.6640195378947285
decreasing,22,0.01142263759086189,0.008678184009642426,1.3162474520210763,1.111975757606659,0.291652865634061,0.6645541295970695
large scale,36,0.018691588785046728,0.015186822016874246,1.2307768382534738,1.1116648986905864,0.2917203226886764,0.6645541295970695
fixation,15,0.00778816199376947,0.010687022900763359,0.7287494437027148,1.1054118546849347,0.2930814885943628,0.6667139148573665
optimal,15,0.00778816199376947,0.010687022900763359,0.7287494437027148,1.1054118546849347,0.2930814885943628,0.6667139148573665
equally,26,0.013499480789200415,0.010526315789473684,1.2824506749740394,1.1031752655839888,0.29357032081021067,0.6668859926638705
prefrontal parietal,26,0.013499480789200415,0.010526315789473684,1.2824506749740394,1.1031752655839888,0.29357032081021067,0.6668859926638705
cingulate gyrus,54,0.028037383177570093,0.023784652470871834,1.1788014650164182,1.0968151949679161,0.2949660997545016,0.6683645556510706
strategies,55,0.028556593977154723,0.02426677380474086,1.1767775233301012,1.0961296017256787,0.29511706667543686,0.6683645556510706
negative affect,17,0.008826583592938734,0.0064282844515869825,1.3730854101765317,1.0955840852486098,0.2952372595560024,0.6683645556510706
bodily,17,0.008826583592938734,0.0064282844515869825,1.3730854101765317,1.0955840852486098,0.2952372595560024,0.6683645556510706
maximum,9,0.004672897196261682,0.007071112896745681,0.6608432455395071,1.0954969621317563,0.2952564610775795,0.6683645556510706
categorical,11,0.005711318795430945,0.00827641623141824,0.69007147970037,1.087583155689215,0.29700732443644773,0.6710424927588491
establish,11,0.005711318795430945,0.00827641623141824,0.69007147970037,1.087583155689215,0.29700732443644773,0.6710424927588491
matching,33,0.017133956386292833,0.021052631578947368,0.8138629283489096,1.0863965744884214,0.29727099276491764,0.6710424927588491
situations,33,0.017133956386292833,0.021052631578947368,0.8138629283489096,1.0863965744884214,0.29727099276491764,0.6710424927588491
naturalistic,15,0.00778816199376947,0.005544395339493772,1.4046909567023342,1.0846844834737377,0.2976519636906242,0.6712027866822938
ventral striatum,48,0.024922118380062305,0.029489754921655283,0.845111071498298,1.0832988895304856,0.2979607423727603,0.6712027866822938
linking,20,0.010384215991692628,0.007794294897549217,1.3322842063568532,1.0832762222294985,0.297965797185789,0.6712027866822938
derived,37,0.01921079958463136,0.023302531137002813,0.8244082787266803,1.0785112032645936,0.2990308488443236,0.67313220367467
parametric,43,0.02232606438213915,0.02667738047408598,0.8368911784208485,1.0773130701830964,0.2992994190509512,0.6732672645968435
gender,73,0.03790238836967809,0.03302531137002812,1.1476769422400095,1.0737474566792269,0.3001005156693313,0.6745992093179676
medication,26,0.013499480789200415,0.017034953796705506,0.7924577284037696,1.0721631913975784,0.3004573428471364,0.6749313171263439
preparatory,8,0.004153686396677051,0.0064282844515869825,0.6461578400830738,1.0687823796638203,0.3012206394143828,0.6761753991861111
pathological,24,0.012461059190031152,0.009642426677380474,1.2923156801661475,1.0667608684195986,0.3016782367416152,0.6762620473624541
imagined,24,0.012461059190031152,0.009642426677380474,1.2923156801661475,1.0667608684195986,0.3016782367416152,0.6762620473624541
blind,45,0.02336448598130841,0.01952591402169546,1.1965885927464328,1.0635551999364021,0.3024057246477026,0.6774224005293435
task required,18,0.009345794392523364,0.006910405785456006,1.3524233862203867,1.058801656108236,0.30348865857826735,0.6793768307147343
gene,22,0.01142263759086189,0.014704700683005223,0.7768017749632581,1.0549555785716642,0.3043685268211227,0.6800204771313206
optimized,10,0.005192107995846314,0.007633587786259542,0.6801661474558671,1.054782606392501,0.3044081751718582,0.6800204771313206
motor response,10,0.005192107995846314,0.007633587786259542,0.6801661474558671,1.054782606392501,0.3044081751718582,0.6800204771313206
coordinates,7,0.0036344755970924196,0.005785456006428285,0.6282090111918772,1.0454997368193037,0.30654581930042457,0.6826368249038934
separable,7,0.0036344755970924196,0.005785456006428285,0.6282090111918772,1.0454997368193037,0.30654581930042457,0.6826368249038934
relate,37,0.01921079958463136,0.015749296906388106,1.2197877593404964,1.045300661394054,0.30659187471126137,0.6826368249038934
fact,15,0.00778816199376947,0.010606669345118521,0.7342702728216747,1.0451067683860478,0.30663673981122846,0.6826368249038934
questionnaire,15,0.00778816199376947,0.010606669345118521,0.7342702728216747,1.0451067683860478,0.30663673981122846,0.6826368249038934
experimental,87,0.045171339563862926,0.03993571715548413,1.1311012492399881,1.042263999940283,0.30729550942214245,0.6836319120707621
remain,59,0.03063343717549325,0.03551627159501808,0.8625183838212975,1.041198662881055,0.3075428584354292,0.6837109828027311
angular gyrus,35,0.018172377985462097,0.02209722780233025,0.8223827055602757,1.0384665206908434,0.3081783869849409,0.6838137229492744
independently,35,0.018172377985462097,0.02209722780233025,0.8223827055602757,1.0384665206908434,0.3081783869849409,0.6838137229492744
reflects,43,0.02232606438213915,0.026597026918441142,0.8394195505610927,1.0376976469757992,0.308357543492213,0.6838137229492744
problem,24,0.012461059190031152,0.015829650462032944,0.7871973686291254,1.0373592996018963,0.30843642522123405,0.6838137229492744
pronounced,39,0.020249221183800622,0.016713539574126156,1.211545950155763,1.0338881140423983,0.30924720775834497,0.6848164508116646
debated,14,0.007268951194184839,0.005142627561269586,1.4134702751817239,1.030811472891665,0.3099681522196826,0.6848164508116646
implications understanding,14,0.007268951194184839,0.005142627561269586,1.4134702751817239,1.030811472891665,0.3099681522196826,0.6848164508116646
operculum,25,0.012980269989615784,0.016392125351546806,0.7918600981410218,1.0301286375338117,0.3101284563313603,0.6848164508116646
accurately,13,0.006749740394600207,0.009401366010445963,0.7179531556478596,1.0291321584578035,0.3103625858636461,0.6848164508116646
alcohol,13,0.006749740394600207,0.009401366010445963,0.7179531556478596,1.0291321584578035,0.3103625858636461,0.6848164508116646
accurate,40,0.020768431983385256,0.017195660907995177,1.20777166370668,1.0290846638549613,0.31037375078607976,0.6848164508116646
undergoing,32,0.016614745586708203,0.013419043792687827,1.2381467594406201,1.024299494860437,0.3115013233185024,0.6862160471324018
closely,32,0.016614745586708203,0.013419043792687827,1.2381467594406201,1.024299494860437,0.3115013233185024,0.6862160471324018
comprehensive,9,0.004672897196261682,0.006990759341100844,0.6684391449135245,1.0236878902796889,0.31164582561837084,0.6862160471324018
age,265,0.1375908618899273,0.12896745680996385,1.0668649696075672,1.0208844867606697,0.3123092982535725,0.6868476531738459
employing,11,0.005711318795430945,0.008196062675773403,0.6968368863640991,1.0206780557257804,0.31235822641239336,0.6868476531738459
volumes,45,0.02336448598130841,0.019606267577340297,1.1916845411368162,1.0123612974963485,0.31433780907474096,0.690730052888539
traditional,23,0.011941848390446522,0.009240658899156288,1.2923156801661475,1.011333271823796,0.3145836401172754,0.6907999934003843
characterize,47,0.024402907580477674,0.020570510245078343,1.1863054095275183,1.0084534153079179,0.3152736381146316,0.6918445301387022
negatively correlated,48,0.024922118380062305,0.021052631578947368,1.1838006230529594,1.0069892505032212,0.31562520337435257,0.6921454867475613
week,14,0.007268951194184839,0.009963840899959824,0.7295330452550832,1.0060340244462511,0.3158548423631258,0.6921788398833469
symptom,52,0.02699896157840083,0.022981116914423463,1.1748324365146794,1.003932043519997,0.3163609353250083,0.692817570711755
knowledge,94,0.04880581516095535,0.04347127360385697,1.1227141768541393,1.0010634497665236,0.31705332090512733,0.6934194840161882
mode,126,0.06542056074766354,0.059300924065889916,1.103196312336955,0.9997462543946731,0.31737191466172837,0.6934194840161882
temporal gyrus,141,0.07320872274143302,0.08011249497790278,0.9138240265969246,0.9975861712615691,0.3178952895331868,0.6934194840161882
deficits,141,0.07320872274143302,0.06677380474085978,1.0963688983359012,0.9955151754154056,0.3183981430455403,0.6934194840161882
improved,36,0.018691588785046728,0.022579349136199276,0.8278178734160375,0.9953562473455462,0.31843677511282015,0.6934194840161882
represented,36,0.018691588785046728,0.022579349136199276,0.8278178734160375,0.9953562473455462,0.31843677511282015,0.6934194840161882
41,8,0.004153686396677051,0.006347930895942145,0.6543370532486823,0.9948120181994977,0.3185691123903368,0.6934194840161882
2014,8,0.004153686396677051,0.006347930895942145,0.6543370532486823,0.9948120181994977,0.3185691123903368,0.6934194840161882
moral,8,0.004153686396677051,0.006347930895942145,0.6543370532486823,0.9948120181994977,0.3185691123903368,0.6934194840161882
cortex cerebellum,12,0.006230529595015576,0.008758537565287263,0.7113664294492555,0.991873603386021,0.3192848802279771,0.6945091599568126
cross modal,10,0.005192107995846314,0.007553234230614705,0.6874019575351848,0.9864456083375792,0.3206126532930831,0.6969277069562776
critically,39,0.020249221183800622,0.016793893129770993,1.2057490795808552,0.9792837097511959,0.3223757106816455,0.6975349185090072
suggest functional,13,0.006749740394600207,0.004740859783045399,1.4237376137423658,0.9773140965678119,0.3228628132570862,0.6975349185090072
posttraumatic,13,0.006749740394600207,0.004740859783045399,1.4237376137423658,0.9773140965678119,0.3228628132570862,0.6975349185090072
correlating,13,0.006749740394600207,0.004740859783045399,1.4237376137423658,0.9773140965678119,0.3228628132570862,0.6975349185090072
functional connections,13,0.006749740394600207,0.004740859783045399,1.4237376137423658,0.9773140965678119,0.3228628132570862,0.6975349185090072
individual variability,13,0.006749740394600207,0.004740859783045399,1.4237376137423658,0.9773140965678119,0.3228628132570862,0.6975349185090072
temporal frontal,13,0.006749740394600207,0.004740859783045399,1.4237376137423658,0.9773140965678119,0.3228628132570862,0.6975349185090072
integrate,25,0.012980269989615784,0.010204901566894336,1.271964252132035,0.976746026040089,0.3230034824473822,0.6975349185090072
carriers,25,0.012980269989615784,0.010204901566894336,1.271964252132035,0.976746026040089,0.3230034824473822,0.6975349185090072
dose,21,0.010903426791277258,0.008356769787063078,1.3047417924754372,0.976546611020663,0.3230528820232236,0.6975349185090072
magnetic,878,0.45586708203530635,0.46822016874246686,0.9736169273947808,0.9736050873057587,0.3237827233183407,0.6986434698339596
healthy adults,27,0.014018691588785047,0.01743672157492969,0.8039751927300918,0.9716719218433523,0.3242635601222269,0.6987199527478037
vs,126,0.06542056074766354,0.05938127762153475,1.1017034891808835,0.9712780725140272,0.3243616380432252,0.6987199527478037
shift,42,0.021806853582554516,0.018240257131378064,1.1955343296691232,0.9690675959446686,0.32491282789209414,0.6987199527478037
peak,16,0.008307372793354102,0.011088790678987544,0.749168510241245,0.9689147067613154,0.324950997101696,0.6987199527478037
rsfc,7,0.0036344755970924196,0.005705102450783447,0.6370570254340163,0.9689048212713537,0.3249534652458251,0.6987199527478037
interventions,13,0.006749740394600207,0.009321012454801126,0.7241424069896515,0.9673844339235276,0.3253333608983733,0.6987199527478037
meaningful,13,0.006749740394600207,0.009321012454801126,0.7241424069896515,0.9673844339235276,0.3253333608983733,0.6987199527478037
requiring,29,0.015057113187954309,0.018561671353957414,0.8111938252125167,0.9642782906545717,0.3261113142501655,0.6996264807140707
seed,57,0.029595015576323987,0.025472077139413418,1.161861100464833,0.9617799205009104,0.3267388351682136,0.6996264807140707
rate,56,0.029075804776739357,0.024989955805544396,1.1634996477380106,0.9607193760556139,0.3270056980464181,0.6996264807140707
case,31,0.016095534787123573,0.019686621132985135,0.8175874711255219,0.9591798581416554,0.3273935984664598,0.6996264807140707
category,54,0.028037383177570093,0.024025713137806347,1.1669740255680932,0.9591071025060421,0.3274119452338672,0.6996264807140707
picture,54,0.028037383177570093,0.024025713137806347,1.1669740255680932,0.9591071025060421,0.3274119452338672,0.6996264807140707
similarities,22,0.01142263759086189,0.008838891120932101,1.2923156801661475,0.9560120614511672,0.32819368540788085,0.6996264807140707
unpleasant,22,0.01142263759086189,0.008838891120932101,1.2923156801661475,0.9560120614511672,0.32819368540788085,0.6996264807140707
active,104,0.05399792315680166,0.059943752511048616,0.9008098574884673,0.9554312455013674,0.32834066281329,0.6996264807140707
central role,11,0.005711318795430945,0.008115709120128566,0.7037362614766149,0.9553743473962675,0.32835506576596724,0.6996264807140707
monetary,34,0.017653167185877467,0.021374045801526718,0.8259160361964101,0.9550422592542516,0.32843914592903095,0.6996264807140707
adaptation,35,0.018172377985462097,0.02193652069104058,0.8284074872859919,0.9544554085521678,0.3285877983754338,0.6996264807140707
typically developing,17,0.008826583592938734,0.011651265568501407,0.7575643642353278,0.9539990439502232,0.3287034597398974,0.6996264807140707
90,9,0.004672897196261682,0.006910405785456006,0.6762116931101934,0.9536586365165417,0.3287897680431367,0.6996264807140707
emerged,27,0.014018691588785047,0.011169144234632382,1.2551267397297117,0.9497060790052623,0.32979412365248545,0.7013013380436252
expertise,16,0.008307372793354102,0.0061068702290076335,1.3603322949117342,0.9473032296729363,0.330406688219481,0.7021414019568694
clinically,28,0.014537902388369679,0.011651265568501407,1.2477530705052458,0.9384452709505917,0.3326779991660716,0.7063218607786099
17,49,0.02544132917964694,0.029730815588589796,0.8557225449748814,0.9379271019509964,0.3328115087497725,0.7063218607786099
crucial,47,0.024402907580477674,0.028605865809562075,0.8530735529186647,0.9322559878043977,0.3342773933971054,0.7089667712784863
reveal,64,0.033229491173416406,0.038007231820008036,0.8742939062434824,0.9297715194320988,0.3349223026478212,0.7096943671969649
covert,12,0.006230529595015576,0.008678184009642426,0.7179531556478598,0.9292412403946163,0.33506016592570464,0.7096943671969649
quantified,8,0.004153686396677051,0.006267577340297308,0.6627259898287935,0.922754391961569,0.33675279669680797,0.7102904182360519
extension,8,0.004153686396677051,0.006267577340297308,0.6627259898287935,0.922754391961569,0.33675279669680797,0.7102904182360519
judge,8,0.004153686396677051,0.006267577340297308,0.6627259898287935,0.922754391961569,0.33675279669680797,0.7102904182360519
substantial,24,0.012461059190031152,0.009803133788670149,1.271130177212604,0.9223025297368107,0.3368711285624054,0.7102904182360519
lead,42,0.021806853582554516,0.025793491361992767,0.8454401645946759,0.9208050066868022,0.3372636925458033,0.7102904182360519
integration,94,0.04880581516095535,0.05439935717155484,0.8971763215333668,0.92060505535564,0.33731615463136927,0.7102904182360519
actual,20,0.010384215991692628,0.01333869023704299,0.7785034217868358,0.9200770395602959,0.337454745007518,0.7102904182360519
populations,29,0.015057113187954309,0.018481317798312576,0.8147207548873537,0.9200031955630478,0.3374741332171999,0.7102904182360519
hcs,10,0.005192107995846314,0.007472880674969868,0.6947933764334127,0.9198195461923787,0.3375223580023667,0.7102904182360519
matter volume,56,0.029075804776739357,0.025070309361189234,1.1597704822003887,0.9179370166007949,0.33801722798141454,0.7102904182360519
flow,30,0.01557632398753894,0.019043792687826435,0.8179213165608529,0.9178442808546152,0.3380416310444815,0.7102904182360519
reduction,72,0.037383177570093455,0.032864604258738446,1.137490574229372,0.9176285141332913,0.33809841839737825,0.7102904182360519
exhibited,121,0.0628245067497404,0.057051024507834475,1.1011985725359426,0.9172347025604591,0.3382020981501895,0.7102904182360519
seeking,17,0.008826583592938734,0.006588991562876657,1.3395955221234457,0.9154622929687611,0.3386692535458195,0.7107924132508773
variation,33,0.017133956386292833,0.020731217356368018,0.8264809582457919,0.9141270313303527,0.33902176200613354,0.7107924132508773
linguistic,36,0.018691588785046728,0.0224186420249096,0.8337520517200951,0.9138244610251186,0.33910170892390057,0.7107924132508773
choices,21,0.010903426791277258,0.01390116512655685,0.7843534474996848,0.9116368668783466,0.3396804825057657,0.7115435415500401
fa,13,0.006749740394600207,0.009240658899156288,0.7304392974852137,0.9071216398531861,0.34087928757336283,0.7135916603675845
elements,21,0.010903426791277258,0.008437123342707915,1.2923156801661473,0.9008056241804014,0.3425657855299032,0.7151836965391959
believed,21,0.010903426791277258,0.008437123342707915,1.2923156801661473,0.9008056241804014,0.3425657855299032,0.7151836965391959
gray matter,86,0.0446521287642783,0.03977501004419445,1.1226176615584718,0.9007898077462778,0.34257002292798655,0.7151836965391959
nuclei,26,0.013499480789200415,0.010767376456408196,1.2537390926985013,0.8962635661185375,0.3437855660280915,0.7151836965391959
question,56,0.029075804776739357,0.033507432703897146,0.8677419435168376,0.8945671067047668,0.3442426588450298,0.7151836965391959
cortex frontal,7,0.0036344755970924196,0.00562474889513861,0.6461578400830738,0.8943746023202613,0.3442945789685862,0.7151836965391959
td,7,0.0036344755970924196,0.00562474889513861,0.6461578400830738,0.8943746023202613,0.3442945789685862,0.7151836965391959
canonical,7,0.0036344755970924196,0.00562474889513861,0.6461578400830738,0.8943746023202613,0.3442945789685862,0.7151836965391959
time points,7,0.0036344755970924196,0.00562474889513861,0.6461578400830738,0.8943746023202613,0.3442945789685862,0.7151836965391959
elusive,7,0.0036344755970924196,0.00562474889513861,0.6461578400830738,0.8943746023202613,0.3442945789685862,0.7151836965391959
motor performance,7,0.0036344755970924196,0.00562474889513861,0.6461578400830738,0.8943746023202613,0.3442945789685862,0.7151836965391959
possibility,34,0.017653167185877467,0.014543993571715548,1.2137771581671,0.8932718905113065,0.3445921941323423,0.7151836965391959
response inhibition,24,0.012461059190031152,0.015588589795098433,0.7993705238141118,0.8927188640008303,0.3447415835858082,0.7151836965391959
serve,24,0.012461059190031152,0.015588589795098433,0.7993705238141118,0.8927188640008303,0.3447415835858082,0.7151836965391959
mapping,62,0.032191069574247146,0.03680192848533548,0.8747114865753399,0.8888433063327317,0.3457909534754815,0.7168999343730599
model,145,0.07528556593977155,0.0818802732020892,0.9194591443772885,0.8878960969824673,0.3460480831334548,0.7169725368130887
preferences,9,0.004672897196261682,0.006830052229811169,0.6841671247938428,0.8854653045338514,0.34670913302402107,0.7174024820944043
bayesian,9,0.004672897196261682,0.006830052229811169,0.6841671247938428,0.8854653045338514,0.34670913302402107,0.7174024820944043
selective,88,0.04569055036344756,0.051024507834471676,0.8954628335009526,0.884682690015927,0.3469223279273126,0.7174024820944043
syndrome,29,0.015057113187954309,0.01840096424266774,0.818278487441447,0.8766133399846406,0.34913093905805526,0.72030720123765
connectivity fc,28,0.014537902388369679,0.011731619124146244,1.2392068165976757,0.8760484729725966,0.3492862597748958,0.72030720123765
operations,28,0.014537902388369679,0.011731619124146244,1.2392068165976757,0.8760484729725966,0.3492862597748958,0.72030720123765
runs,13,0.006749740394600207,0.004821213338690237,1.4000086535133265,0.8754798329422153,0.34944271286807926,0.72030720123765
declines,13,0.006749740394600207,0.004821213338690237,1.4000086535133265,0.8754798329422153,0.34944271286807926,0.72030720123765
techniques,36,0.018691588785046728,0.022338288469264764,0.8367511598198077,0.8741901255302288,0.34979791064912147,0.7205792313818533
100,15,0.00778816199376947,0.010365608678184009,0.7513463256779928,0.8722517668811138,0.35033267781414745,0.7212205892755535
underlying,239,0.1240913811007269,0.13210124548011248,0.9393657164224735,0.8707890911147412,0.35073694748375817,0.7212356645064847
demonstrate,180,0.09345794392523364,0.08670148654077943,1.0779278147817726,0.8698840811075012,0.3509874018837045,0.7212356645064847
extend,42,0.021806853582554516,0.01840096424266774,1.1850929818117508,0.8697263732414537,0.35103107122187915,0.7212356645064847
general,137,0.0711318795430945,0.06516673362796303,1.0915366719035895,0.8688320687673529,0.35127884438314294,0.7212356645064847
simply,12,0.006230529595015576,0.008597830453997589,0.7246629982240079,0.8681890075762879,0.3514571562170695,0.7212356645064847
temporal occipital,16,0.008307372793354102,0.006187223784652471,1.3426656417310623,0.8596183431232506,0.3538455175718014,0.7252148131566825
biomarker,16,0.008307372793354102,0.006187223784652471,1.3426656417310623,0.8596183431232506,0.3538455175718014,0.7252148131566825
attention deficit,16,0.008307372793354102,0.010928083567697871,0.7601856942153808,0.8585173773204254,0.354153925820067,0.7253863404487159
mtg,10,0.005192107995846314,0.00739252711932503,0.7023454783511671,0.854954096640003,0.3551546151805067,0.7261565851326071
focal,24,0.012461059190031152,0.009883487344314986,1.2607957855279486,0.8547248528327984,0.3552191270105981,0.7261565851326071
feedback,54,0.028037383177570093,0.03230212936922459,0.8679732180220393,0.853431404252492,0.35558341913410385,0.7261565851326071
time courses,8,0.004153686396677051,0.006187223784652471,0.6713328208655311,0.8526762373669933,0.35579634406889016,0.7261565851326071
response times,8,0.004153686396677051,0.006187223784652471,0.6713328208655311,0.8526762373669933,0.35579634406889016,0.7261565851326071
middle,236,0.122533748701973,0.1304138208115709,0.9395764033247407,0.8509492923113172,0.35628392624739114,0.7261565851326071
models,108,0.056074766355140186,0.05078344716753716,1.1041937773571513,0.8508388789561098,0.35631513127836456,0.7261565851326071
elicited,96,0.04984423676012461,0.0448372840498192,1.1116694022934601,0.850787598574449,0.356329625418231,0.7261565851326071
likely,72,0.037383177570093455,0.04218561671353958,0.886159323542501,0.8492615978540102,0.3567613120903672,0.7265776122572274
contrary,13,0.006749740394600207,0.00916030534351145,0.7368466597438559,0.848378333330043,0.3570115045249016,0.7266287116055374
similarly,25,0.012980269989615784,0.016070711128967456,0.8076973001038422,0.8428213588600991,0.35859110553372087,0.7289293182467822
temporal parietal,34,0.017653167185877467,0.014624347127360385,1.2071080529024456,0.8390612723602451,0.35966538545243065,0.7289293182467822
include,34,0.017653167185877467,0.014624347127360385,1.2071080529024456,0.8390612723602451,0.35966538545243065,0.7289293182467822
previous,283,0.14693665628245067,0.15532342306147048,0.9460044942757881,0.8363473520080342,0.36044352388063794,0.7289293182467822
tom,14,0.007268951194184839,0.005303334672559261,1.3706378426004595,0.8360826091404657,0.36051955538599545,0.7289293182467822
induce,35,0.018172377985462097,0.01510646846122941,1.2029534256865733,0.8353771644466692,0.36072226000661745,0.7289293182467822
cluster,29,0.015057113187954309,0.0183206106870229,0.8218674281758394,0.8341187953238803,0.3610842339134077,0.7289293182467822
localized,33,0.017133956386292833,0.020570510245078343,0.8329378407320872,0.8328020918282817,0.36146352442872953,0.7289293182467822
examining,33,0.017133956386292833,0.020570510245078343,0.8329378407320872,0.8328020918282817,0.36146352442872953,0.7289293182467822
lacking,17,0.008826583592938734,0.006669345118521495,1.323455817037621,0.8327621455998248,0.3614750399555765,0.7289293182467822
emotional faces,17,0.008826583592938734,0.006669345118521495,1.323455817037621,0.8327621455998248,0.3614750399555765,0.7289293182467822
materials,17,0.008826583592938734,0.006669345118521495,1.323455817037621,0.8327621455998248,0.3614750399555765,0.7289293182467822
et,32,0.016614745586708203,0.020008035355564485,0.8304036499059582,0.832574743547165,0.36152907017134395,0.7289293182467822
late,32,0.016614745586708203,0.020008035355564485,0.8304036499059582,0.832574743547165,0.36152907017134395,0.7289293182467822
affects,32,0.016614745586708203,0.020008035355564485,0.8304036499059582,0.832574743547165,0.36152907017134395,0.7289293182467822
higher level,14,0.007268951194184839,0.009722780233025311,0.7476206414184324,0.831623435718021,0.36180351536126654,0.7290273081062225
anisotropy fa,11,0.005711318795430945,0.00795500200883889,0.7179531556478598,0.829743407313844,0.3623467359426519,0.729211510986833
synchronization,11,0.005711318795430945,0.00795500200883889,0.7179531556478598,0.829743407313844,0.3623467359426519,0.729211510986833
crus,7,0.0036344755970924196,0.005544395339493772,0.6555224464610894,0.8219897191287338,0.36459906032029177,0.7301322761519585
handedness,7,0.0036344755970924196,0.005544395339493772,0.6555224464610894,0.8219897191287338,0.36459906032029177,0.7301322761519585
analysed,7,0.0036344755970924196,0.005544395339493772,0.6555224464610894,0.8219897191287338,0.36459906032029177,0.7301322761519585
great,7,0.0036344755970924196,0.005544395339493772,0.6555224464610894,0.8219897191287338,0.36459906032029177,0.7301322761519585
rhythm,7,0.0036344755970924196,0.005544395339493772,0.6555224464610894,0.8219897191287338,0.36459906032029177,0.7301322761519585
datasets,7,0.0036344755970924196,0.005544395339493772,0.6555224464610894,0.8219897191287338,0.36459906032029177,0.7301322761519585
everyday life,9,0.004672897196261682,0.006749698674166332,0.692311971517579,0.8191664112830919,0.3654240003362119,0.7301322761519585
empathic,9,0.004672897196261682,0.006749698674166332,0.692311971517579,0.8191664112830919,0.3654240003362119,0.7301322761519585
vector,9,0.004672897196261682,0.006749698674166332,0.692311971517579,0.8191664112830919,0.3654240003362119,0.7301322761519585
word form,9,0.004672897196261682,0.006749698674166332,0.692311971517579,0.8191664112830919,0.3654240003362119,0.7301322761519585
multivariate pattern,9,0.004672897196261682,0.006749698674166332,0.692311971517579,0.8191664112830919,0.3654240003362119,0.7301322761519585
mainly,74,0.03842159916926272,0.03406990759341101,1.1277283058053644,0.8185739049487935,0.36559745267423316,0.7301322761519585
hyperactivity disorder,15,0.00778816199376947,0.010285255122539172,0.7572162188473521,0.8174125843290694,0.3659377530405916,0.7301322761519585
sample,90,0.04672897196261682,0.051908396946564885,0.90021990104453,0.8172995907342737,0.3659708868692283,0.7301322761519585
recovery,21,0.010903426791277258,0.013740458015267175,0.7935271720318449,0.8145496057320445,0.3667785678846276,0.7312916721010364
determined,43,0.02232606438213915,0.026114905584572117,0.8549165268791438,0.8137404386018896,0.36701669458318853,0.7313147469842795
play,100,0.05192107995846314,0.046926476496584976,1.106434657676496,0.8109833421782666,0.36782968491733214,0.731987521071465
positive correlations,18,0.009345794392523364,0.007151466452390519,1.3068360810668904,0.810071336495129,0.3680991608793859,0.731987521071465
likelihood,18,0.009345794392523364,0.007151466452390519,1.3068360810668904,0.810071336495129,0.3680991608793859,0.731987521071465
action observation,12,0.006230529595015576,0.008517476898352753,0.7314994416034796,0.808756518884104,0.36848814180332423,0.731987521071465
audiovisual,12,0.006230529595015576,0.008517476898352753,0.7314994416034796,0.808756518884104,0.36848814180332423,0.731987521071465
times,50,0.02596053997923157,0.029971876255524308,0.8661633245081417,0.8042618291172082,0.3698221995488259,0.7334683036476989
tend,15,0.00778816199376947,0.005785456006428285,1.346162166839737,0.8038213078253579,0.36995331151127697,0.7334683036476989
occipital temporal,15,0.00778816199376947,0.005785456006428285,1.346162166839737,0.8038213078253579,0.36995331151127697,0.7334683036476989
size,39,0.020249221183800622,0.023865006026516672,0.8484900930383796,0.8031861678264035,0.3701424617850376,0.7334683036476989
difficult,38,0.01973001038421599,0.023302531137002813,0.8466895835571311,0.8009899452577718,0.3707975568995905,0.7343156525594343
consisted,31,0.016095534787123573,0.013258336681398152,1.2139935177318355,0.7982563053302124,0.3716152174101357,0.7351823841816765
clusters,35,0.018172377985462097,0.02161510646846123,0.8407258142344824,0.7956774042675296,0.3723889051431639,0.7351823841816765
amplitude low,17,0.008826583592938734,0.011410204901566894,0.773569245169877,0.7950910588303572,0.37256512694956245,0.7351823841816765
psychophysiological,32,0.016614745586708203,0.013740458015267175,1.2091842621437636,0.7938184692383295,0.3729479959870631,0.7351823841816765
represent,55,0.028556593977154723,0.03270389714744878,0.8731862703825319,0.793528056594867,0.37303544617650497,0.7351823841816765
occurs,29,0.015057113187954309,0.018240257131378064,0.8254879895334422,0.7925297904255701,0.37333626700303535,0.7351823841816765
shape,29,0.015057113187954309,0.018240257131378064,0.8254879895334422,0.7925297904255701,0.37333626700303535,0.7351823841816765
sensory information,10,0.005192107995846314,0.007312173563680193,0.7100635605308503,0.7919009039395262,0.37352595215657725,0.7351823841816765
foci,10,0.005192107995846314,0.007312173563680193,0.7100635605308503,0.7919009039395262,0.37352595215657725,0.7351823841816765
driven,61,0.03167185877466251,0.0359983929288871,0.8798131304702566,0.7915972145320167,0.37361759948548345,0.7351823841816765
se,13,0.006749740394600207,0.009079951787866613,0.743367426644244,0.7911901686348036,0.3737404871258151,0.7351823841816765
incentive,24,0.012461059190031152,0.009963840899959824,1.2506280775801426,0.7901649519223798,0.3740502523250768,0.7353436141932692
design,112,0.058151609553478714,0.06372036962635597,0.9126062810757157,0.7847001524383389,0.37570750962513033,0.7362775587771667
verbal fluency,8,0.004153686396677051,0.0061068702290076335,0.6801661474558671,0.784647468976023,0.3757235365441556,0.7362775587771667
healthy handed,8,0.004153686396677051,0.0061068702290076335,0.6801661474558671,0.784647468976023,0.3757235365441556,0.7362775587771667
arm,8,0.004153686396677051,0.0061068702290076335,0.6801661474558671,0.784647468976023,0.3757235365441556,0.7362775587771667
mechanisms underlying,53,0.027518172377985463,0.031578947368421054,0.8714087919695396,0.7845364348185014,0.375757317564711,0.7362775587771667
administered,35,0.018172377985462097,0.015186822016874246,1.1965885927464328,0.7840877416317531,0.37589387139553,0.7362775587771667
masked,13,0.006749740394600207,0.004901566894335074,1.377057691980321,0.7805900189480591,0.37696075175728416,0.7374723070742504
mind tom,13,0.006749740394600207,0.004901566894335074,1.377057691980321,0.7805900189480591,0.37696075175728416,0.7374723070742504
theories,46,0.023883696780893044,0.020490156689433506,1.165618064463584,0.7784849741643705,0.3776048893624695,0.7382850289897345
equal,16,0.008307372793354102,0.006267577340297308,1.325451979657587,0.777102817381874,0.378028668316867,0.7386208921799082
played,14,0.007268951194184839,0.009642426677380474,0.7538508134302527,0.7764329204679159,0.37823430445272255,0.7386208921799082
larger,79,0.04101765316718588,0.0366412213740458,1.1194401176877813,0.7733580480031181,0.37918021389058976,0.7400203932520095
twice,11,0.005711318795430945,0.007874648453194053,0.7252792082565114,0.7695062786954113,0.3803698323010577,0.741719351680672
largely,70,0.036344755970924195,0.03222177581357975,1.1279563293220738,0.7690525947286116,0.38051029937521463,0.741719351680672
understood,72,0.037383177570093455,0.04194455604660506,0.8912521932180327,0.7644369709198946,0.38194354089693194,0.7440638201661414
relation,55,0.028556593977154723,0.03262354359180394,0.8753369754819964,0.7623246528305992,0.3826020062134481,0.7446099861137154
drug,37,0.01921079958463136,0.022659702691844114,0.847795747626728,0.7620579982080319,0.3826852437926437,0.7446099861137154
gyrus superior,23,0.011941848390446522,0.01478505423865006,0.8076973001038422,0.7600100358207672,0.38332538198227395,0.7450190112852875
behavioural,56,0.029075804776739357,0.02539172358376858,1.1450898431851941,0.7575925144462027,0.38408299075155805,0.7450190112852875
upcoming,9,0.004672897196261682,0.006669345118521495,0.7006530796081522,0.7548230181310289,0.3849535175986126,0.7450190112852875
offers,9,0.004672897196261682,0.006669345118521495,0.7006530796081522,0.7548230181310289,0.3849535175986126,0.7450190112852875
detection task,9,0.004672897196261682,0.006669345118521495,0.7006530796081522,0.7548230181310289,0.3849535175986126,0.7450190112852875
prospective,17,0.008826583592938734,0.006749698674166332,1.3077003906443159,0.7547756828794144,0.38496842069123405,0.7450190112852875
precuneus posterior,17,0.008826583592938734,0.006749698674166332,1.3077003906443159,0.7547756828794144,0.38496842069123405,0.7450190112852875
compatible,16,0.008307372793354102,0.010767376456408196,0.7715317493529238,0.7535521965308142,0.3853539094819285,0.7450190112852875
profile,16,0.008307372793354102,0.010767376456408196,0.7715317493529238,0.7535521965308142,0.3853539094819285,0.7450190112852875
invariant,7,0.0036344755970924196,0.005464041783848936,0.6651624824384582,0.7518351118592331,0.38589584475495686,0.7450190112852875
genes,7,0.0036344755970924196,0.005464041783848936,0.6651624824384582,0.7518351118592331,0.38589584475495686,0.7450190112852875
random effects,7,0.0036344755970924196,0.005464041783848936,0.6651624824384582,0.7518351118592331,0.38589584475495686,0.7450190112852875
eye movement,7,0.0036344755970924196,0.005464041783848936,0.6651624824384582,0.7518351118592331,0.38589584475495686,0.7450190112852875
report,64,0.033229491173416406,0.03752511048613901,0.8855268043965036,0.7483816310391213,0.3869891001525916,0.7455686106733601
actively,14,0.007268951194184839,0.005383688228204098,1.3501805613676168,0.7480711279804778,0.38708761102169675,0.7455686106733601
medial superior,14,0.007268951194184839,0.005383688228204098,1.3501805613676168,0.7480711279804778,0.38708761102169675,0.7455686106733601
addiction,22,0.01142263759086189,0.009079951787866613,1.2580064143210286,0.7480182323316129,0.38710439637191807,0.7455686106733601
identification,50,0.02596053997923157,0.02249899558055444,1.1538532858626318,0.743163900892853,0.38864924904287146,0.7477310121546012
conclusion,63,0.03271028037383177,0.03696263559662515,0.8849553027224704,0.7430349440981892,0.3886904084248516,0.7477310121546012
patient group,18,0.009345794392523364,0.007231820008035355,1.2923156801661475,0.7359869765952773,0.39094943298059714,0.7514245268303976
intentions,13,0.006749740394600207,0.008999598232221776,0.7500046358107105,0.7355939411334623,0.39107596191916605,0.7514245268303976
bold responses,35,0.018172377985462097,0.015267175572519083,1.1902907580477675,0.7346450639086752,0.3913816735643729,0.7515645700569874
idea,36,0.018691588785046728,0.015749296906388106,1.186820522601564,0.7332712784684254,0.3918248905622086,0.7518438958562536
double,43,0.02232606438213915,0.019124146243471273,1.1674280304021922,0.7327509150479263,0.39199296057189426,0.7518438958562536
extends,10,0.005192107995846314,0.007231820008035355,0.7179531556478598,0.7307136783047207,0.3926519553605289,0.7526606365224389
resources,38,0.01973001038421599,0.02314182402571314,0.8525693723318334,0.7285960089634811,0.393338655497671,0.7529922521888647
typically,89,0.046209761163032194,0.04170349537967055,1.1080548702773325,0.7283831411812123,0.3934077779012525,0.7529922521888647
reported,146,0.07580477673935618,0.08179991964644436,0.9267096724177678,0.726814340669626,0.3939177376099757,0.7529922521888647
absent,14,0.007268951194184839,0.009562073121735636,0.760185694215381,0.7227701332848473,0.3952367557956751,0.7529922521888647
open,14,0.007268951194184839,0.009562073121735636,0.760185694215381,0.7227701332848473,0.3952367557956751,0.7529922521888647
video,21,0.010903426791277258,0.0135797509039775,0.8029180261387306,0.7220523389813822,0.39547152884593484,0.7529922521888647
subcortical structures,15,0.00778816199376947,0.005865809562073122,1.3277215892117953,0.7215112127793336,0.39564865095079427,0.7529922521888647
traditionally,15,0.00778816199376947,0.005865809562073122,1.3277215892117953,0.7215112127793336,0.39564865095079427,0.7529922521888647
contributed,15,0.00778816199376947,0.005865809562073122,1.3277215892117953,0.7215112127793336,0.39564865095079427,0.7529922521888647
lesser,19,0.009865005192107996,0.007713941341904379,1.2788540584977501,0.7200914419121822,0.39611391618803504,0.7529922521888647
software,8,0.004153686396677051,0.006026516673362796,0.6892350294219454,0.7187413709465514,0.3965570728532991,0.7529922521888647
vermis,8,0.004153686396677051,0.006026516673362796,0.6892350294219454,0.7187413709465514,0.3965570728532991,0.7529922521888647
belief,8,0.004153686396677051,0.006026516673362796,0.6892350294219454,0.7187413709465514,0.3965570728532991,0.7529922521888647
methodological,8,0.004153686396677051,0.006026516673362796,0.6892350294219454,0.7187413709465514,0.3965570728532991,0.7529922521888647
motor responses,8,0.004153686396677051,0.006026516673362796,0.6892350294219454,0.7187413709465514,0.3965570728532991,0.7529922521888647
parietal junction,22,0.01142263759086189,0.014142225793491362,0.8076973001038421,0.7187408074516505,0.39655725796811336,0.7529922521888647
involves,65,0.03374870197300104,0.02989152269987947,1.1290392367042954,0.7158888894267267,0.3974957478768344,0.7543305550537458
weighted,24,0.012461059190031152,0.015267175572519083,0.8161993769470405,0.7142185570144618,0.3980469004217101,0.754335484734017
temporoparietal,30,0.01557632398753894,0.01864202490960225,0.8355489311419056,0.712885010911777,0.398487718735542,0.754335484734017
poor,25,0.012980269989615784,0.015829650462032944,0.8199972589886724,0.7128579085482745,0.3984966850413535,0.754335484734017
does,51,0.0264797507788162,0.030293290478103654,0.8741127279638399,0.7126589658533335,0.39856251041799273,0.754335484734017
executive control,26,0.013499480789200415,0.016392125351546806,0.8235345020666626,0.7120150107096296,0.39877568771001004,0.754335484734017
essential,27,0.014018691588785047,0.016954600241060668,0.8268370465518005,0.7116383476837669,0.39890045614652014,0.754335484734017
potentially,52,0.02699896157840083,0.023543591803937326,1.1467647673829293,0.7088359315799739,0.39983052544381836,0.7556516019511977
recordings,28,0.014537902388369679,0.011972679791080755,1.214256343780273,0.703664101822651,0.4015552351197049,0.7584671146672951
cross,55,0.028556593977154723,0.03246283648051426,0.8796703268457686,0.701613983991002,0.40224190311971086,0.7593198030821209
seeds,16,0.008307372793354102,0.006347930895942145,1.3086741064973646,0.6995940964222962,0.40292011734245425,0.7597174551104654
self reported,29,0.015057113187954309,0.01245480112494978,1.208940474994138,0.6995847484606957,0.4029232599594538,0.7597174551104654
users,12,0.006230529595015576,0.008356769787063078,0.7455667385573927,0.6949160604799317,0.40449726281793774,0.7603153337625557
inferior occipital,12,0.006230529595015576,0.008356769787063078,0.7455667385573927,0.6949160604799317,0.40449726281793774,0.7603153337625557
subregions,31,0.016095534787123573,0.013419043792687827,1.1994546732081008,0.693366971590694,0.4050215045496215,0.7603153337625557
psts,9,0.004672897196261682,0.006588991562876657,0.7091976293594711,0.6924988706627013,0.40531572052561604,0.7603153337625557
inferior middle,9,0.004672897196261682,0.006588991562876657,0.7091976293594711,0.6924988706627013,0.40531572052561604,0.7603153337625557
structures involved,13,0.006749740394600207,0.004981920449979912,1.3548470840451545,0.6923677445932187,0.40536018878728575,0.7603153337625557
lateral medial,13,0.006749740394600207,0.004981920449979912,1.3548470840451545,0.6923677445932187,0.40536018878728575,0.7603153337625557
43,13,0.006749740394600207,0.004981920449979912,1.3548470840451545,0.6923677445932187,0.40536018878728575,0.7603153337625557
attenuation,13,0.006749740394600207,0.004981920449979912,1.3548470840451545,0.6923677445932187,0.40536018878728575,0.7603153337625557
acquired,98,0.05088265835929388,0.04628364805142628,1.0993657695857852,0.6896580379670922,0.40628071902671015,0.7614356824692351
seen,74,0.03842159916926272,0.034391321815990354,1.1171887889286791,0.688529057488984,0.4066651538342507,0.7614356824692351
depression,74,0.03842159916926272,0.034391321815990354,1.1171887889286791,0.688529057488984,0.4066651538342507,0.7614356824692351
manipulating,22,0.01142263759086189,0.00916030534351145,1.2469712703357563,0.6853040277886367,0.4077662626706957,0.7616822854841914
responsive,19,0.009865005192107996,0.012374447569304942,0.7972077247778182,0.6847245269091901,0.4079645821661485,0.7616822854841914
sensorimotor network,7,0.0036344755970924196,0.005383688228204098,0.6750902806838084,0.684000312281974,0.40821262512009016,0.7616822854841914
sighted,7,0.0036344755970924196,0.005383688228204098,0.6750902806838084,0.684000312281974,0.40821262512009016,0.7616822854841914
zone,7,0.0036344755970924196,0.005383688228204098,0.6750902806838084,0.684000312281974,0.40821262512009016,0.7616822854841914
evolution,7,0.0036344755970924196,0.005383688228204098,0.6750902806838084,0.684000312281974,0.40821262512009016,0.7616822854841914
short,67,0.0347871235721703,0.038971474487746086,0.8926304182590915,0.6814093681836324,0.4091018353698155,0.7619311854360455
hypoactivation,17,0.008826583592938734,0.006830052229811169,1.2923156801661475,0.6813649074121164,0.40911711907873416,0.7619311854360455
affected,79,0.04101765316718588,0.03688228204098031,1.1121235156113907,0.6809318333417952,0.4092660352652411,0.7619311854360455
defined,62,0.032191069574247146,0.03623945359582161,0.8882879398037822,0.6808616610320585,0.4092901721022624,0.7619311854360455
voxel,126,0.06542056074766354,0.07087183607874649,0.9230826286901052,0.6786407384089858,0.4100551742205719,0.7627938329947732
painful,21,0.010903426791277258,0.013499397348332665,0.8076973001038421,0.6775696074507737,0.41042487936664196,0.7627938329947732
variability,50,0.02596053997923157,0.029650462032944958,0.8755526288388533,0.6772093059948667,0.4105493490604083,0.7627938329947732
precuneus,145,0.07528556593977155,0.0698272398553636,1.0781690081938515,0.6767769438208986,0.4106987861663308,0.7627938329947732
regardless,42,0.021806853582554516,0.02523101647247891,0.8642875567990157,0.6739426934741869,0.41168037255348666,0.7641772527904859
local,49,0.02544132917964694,0.029087987143431096,0.8746335404439397,0.6724966449491124,0.41218251489230395,0.7643053196647075
beneficial,10,0.005192107995846314,0.007151466452390519,0.7260200450371614,0.6714483002451437,0.41254711896417295,0.7643053196647075
inferences,10,0.005192107995846314,0.007151466452390519,0.7260200450371614,0.6714483002451437,0.41254711896417295,0.7643053196647075
series,41,0.021287642782969886,0.024668541582965046,0.8629469525539422,0.6700917469699597,0.4130196216982097,0.7643053196647075
lateral,219,0.11370716510903427,0.10719164323021294,1.0607838604062454,0.6685472216021511,0.4135585706276934,0.7643053196647075
work,69,0.03582554517133956,0.04001607071112897,0.8952789350548611,0.666216422461375,0.4143738526595724,0.7643053196647075
alteration,18,0.009345794392523364,0.007312173563680193,1.2781144089555303,0.6661140641776522,0.414409710665284,0.7643053196647075
spatiotemporal,18,0.009345794392523364,0.007312173563680193,1.2781144089555303,0.6661140641776522,0.414409710665284,0.7643053196647075
recruits,18,0.009345794392523364,0.007312173563680193,1.2781144089555303,0.6661140641776522,0.414409710665284,0.7643053196647075
presentations,14,0.007268951194184839,0.005464041783848936,1.3303249648769164,0.6659918457200519,0.41445253207139554,0.7643053196647075
consider,14,0.007268951194184839,0.005464041783848936,1.3303249648769164,0.6659918457200519,0.41445253207139554,0.7643053196647075
course,50,0.02596053997923157,0.022659702691844114,1.145669929225308,0.6655977676090421,0.4145906489259302,0.7643053196647075
majority,15,0.00778816199376947,0.010044194455604661,0.7753894080996885,0.6616427450007517,0.41598059092408957,0.7660133596362256
signal,221,0.11474558670820353,0.10823623945359583,1.0601401830613162,0.6616110272103055,0.4159917656264881,0.7660133596362256
psychophysical,8,0.004153686396677051,0.005946163117717959,0.6985490163060257,0.6550348024972982,0.4183183369147473,0.7676302998735971
risk taking,8,0.004153686396677051,0.005946163117717959,0.6985490163060257,0.6550348024972982,0.4183183369147473,0.7676302998735971
group healthy,8,0.004153686396677051,0.005946163117717959,0.6985490163060257,0.6550348024972982,0.4183183369147473,0.7676302998735971
age controls,8,0.004153686396677051,0.005946163117717959,0.6985490163060257,0.6550348024972982,0.4183183369147473,0.7676302998735971
food,27,0.014018691588785047,0.01157091201285657,1.2115459501557633,0.6545174358995252,0.418502193513675,0.7676302998735971
arise,11,0.005711318795430945,0.007713941341904379,0.7403891917618554,0.6544265947152842,0.41853448815908645,0.7676302998735971
verbs,11,0.005711318795430945,0.007713941341904379,0.7403891917618554,0.6544265947152842,0.41853448815908645,0.7676302998735971
responsible,34,0.017653167185877467,0.020731217356368018,0.8515258357683918,0.6467430702718242,0.4212795292872977,0.7713610846096447
restricted,30,0.01557632398753894,0.01301727601446364,1.1965885927464328,0.6458415718956061,0.4216033614376954,0.7713610846096447
motivational,30,0.01557632398753894,0.01301727601446364,1.1965885927464328,0.6458415718956061,0.4216033614376954,0.7713610846096447
original,15,0.00778816199376947,0.005946163117717959,1.3097794055737981,0.644540096941161,0.42207152807681714,0.7713610846096447
formed,15,0.00778816199376947,0.005946163117717959,1.3097794055737981,0.644540096941161,0.42207152807681714,0.7713610846096447
disorder ptsd,15,0.00778816199376947,0.005946163117717959,1.3097794055737981,0.644540096941161,0.42207152807681714,0.7713610846096447
identity,31,0.016095534787123573,0.013499397348332665,1.1923150620580527,0.6440685712114332,0.42224133720732404,0.7713610846096447
partly,18,0.009345794392523364,0.011731619124146244,0.7966329535270771,0.6433366180023431,0.42250513584005933,0.7714064357984793
cortex acc,49,0.02544132917964694,0.02900763358778626,0.8770563480351972,0.6421093969040662,0.4229479846738091,0.7714729101026317
al,32,0.016614745586708203,0.019606267577340297,0.847420118141736,0.641549494470249,0.4231502591686196,0.7714729101026317
cognitive deficits,12,0.006230529595015576,0.00827641623141824,0.7528052505822218,0.6405943276579156,0.4234956644440261,0.7714729101026317
structural,146,0.07580477673935618,0.0704700683005223,1.0757017634222208,0.6394882518902886,0.4238961693228419,0.7714729101026317
rule,19,0.009865005192107996,0.012294094013660105,0.802418232782902,0.6394820896116062,0.42389840224570896,0.7714729101026317
tomography,31,0.016095534787123573,0.019043792687826435,0.8451853604462146,0.6392693256019183,0.4239755088358329,0.7714729101026317
post,76,0.03946002076843198,0.03551627159501808,1.1110406300070952,0.6374020395520708,0.42465312492090135,0.7718485811817315
global,41,0.021287642782969886,0.02458818802732021,0.8657670406341837,0.637382605290627,0.42466018592898236,0.7718485811817315
cognitive functions,21,0.010903426791277258,0.013419043792687827,0.812533810882907,0.6342887195218687,0.42578653353499407,0.77346028714179
evaluation,47,0.024402907580477674,0.027882683808758538,0.87519937993961,0.6325292321238335,0.4264290899610955,0.7735001435257779
center,9,0.004672897196261682,0.00650863800723182,0.7179531556478597,0.6322605478045715,0.42652734060591224,0.7735001435257779
neurodevelopmental,9,0.004672897196261682,0.00650863800723182,0.7179531556478597,0.6322605478045715,0.42652734060591224,0.7735001435257779
exhibit,39,0.020249221183800622,0.023463238248292488,0.8630190329876669,0.6294948441273154,0.4275406689257687,0.7749024588952169
thalamus,132,0.06853582554517133,0.06347930895942146,1.0796561378603255,0.6285431027683251,0.4278902174308773,0.7751007979050909
reducing,16,0.008307372793354102,0.0064282844515869825,1.2923156801661475,0.6269363975762666,0.428481295207232,0.7757361867240297
predict,59,0.03063343717549325,0.027159501807955,1.1279086557663123,0.6255797653530609,0.42898133596734034,0.7762061392951652
regional homogeneity,14,0.007268951194184839,0.009401366010445963,0.7731803214669258,0.620165670550199,0.43098572842142724,0.7774139870912983
bold signals,14,0.007268951194184839,0.009401366010445963,0.7731803214669258,0.620165670550199,0.43098572842142724,0.7774139870912983
pathology,23,0.011941848390446522,0.009722780233025311,1.2282339109017104,0.6193579709221718,0.4312859680439488,0.7774139870912983
sampling,7,0.0036344755970924196,0.005303334672559261,0.6853189213002298,0.6185797582685243,0.4315755467371768,0.7774139870912983
dataset,7,0.0036344755970924196,0.005303334672559261,0.6853189213002298,0.6185797582685243,0.4315755467371768,0.7774139870912983
symbolic,7,0.0036344755970924196,0.005303334672559261,0.6853189213002298,0.6185797582685243,0.4315755467371768,0.7774139870912983
inform,7,0.0036344755970924196,0.005303334672559261,0.6853189213002298,0.6185797582685243,0.4315755467371768,0.7774139870912983
occipital parietal,7,0.0036344755970924196,0.005303334672559261,0.6853189213002298,0.6185797582685243,0.4315755467371768,0.7774139870912983
resulting,46,0.023883696780893044,0.020811570912012856,1.147616241074185,0.6171089703723259,0.43212364381613866,0.7779671624308397
mid,35,0.018172377985462097,0.021213338690237043,0.8566486516252871,0.615156759668879,0.4328527792859833,0.7779884613222774
gyrus cerebellum,10,0.005192107995846314,0.007071112896745681,0.7342702728216747,0.6141629312954482,0.4332246846147061,0.7779884613222774
exclusively,24,0.012461059190031152,0.010204901566894336,1.2210856820467533,0.6139966988049121,0.4332869386962622,0.7779884613222774
dominance,15,0.00778816199376947,0.009963840899959824,0.7816425484875892,0.6127386703802337,0.43375851183716174,0.7779884613222774
structure,92,0.04776739356178609,0.052310164724789075,0.9131570090267709,0.6124364679780239,0.43387190900104067,0.7779884613222774
disturbances,17,0.008826583592938734,0.006910405785456006,1.2772887536525876,0.612397181102457,0.4338866541572167,0.7779884613222774
disgust,17,0.008826583592938734,0.006910405785456006,1.2772887536525876,0.612397181102457,0.4338866541572167,0.7779884613222774
abilities,34,0.017653167185877467,0.02065086380072318,0.8548391658686579,0.611925954076886,0.4340635746101058,0.7779884613222774
heard,13,0.006749740394600207,0.005062274005624749,1.3333415747745965,0.6105506743353648,0.4345805468445699,0.7780510289596626
functionally connected,13,0.006749740394600207,0.005062274005624749,1.3333415747745965,0.6105506743353648,0.4345805468445699,0.7780510289596626
inconsistent,25,0.012980269989615784,0.010687022900763359,1.2145824061711912,0.6095544714745633,0.4349556088238795,0.7782908565872967
simultaneously,41,0.021287642782969886,0.02450783447167537,0.8686056210952794,0.6054059887421139,0.43652279859847876,0.7806623788786091
regional,117,0.06074766355140187,0.06572920851747689,0.9242110915613647,0.6010012537572859,0.43819625722624655,0.7815778022458926
sensation,11,0.005711318795430945,0.007633587786259542,0.7481827622014539,0.5996845822384699,0.438698397554632,0.7815778022458926
playing,11,0.005711318795430945,0.007633587786259542,0.7481827622014539,0.5996845822384699,0.438698397554632,0.7815778022458926
simulated,11,0.005711318795430945,0.007633587786259542,0.7481827622014539,0.5996845822384699,0.438698397554632,0.7815778022458926
status,37,0.01921079958463136,0.016472478907191643,1.1662361016133527,0.5990604043761387,0.43893674909468494,0.7815778022458926
demand,29,0.015057113187954309,0.012615508236239454,1.193539959389117,0.5989119147547051,0.4389934812889631,0.7815778022458926
process,141,0.07320872274143302,0.07858577742065086,0.9315772541074989,0.598808015898437,0.43903318374775446,0.7815778022458926
earlier,29,0.015057113187954309,0.017838489353153877,0.844080061369781,0.5985372879230916,0.43913666183231337,0.7815778022458926
negative correlation,18,0.009345794392523364,0.011651265568501407,0.8021269738962293,0.5983355469179026,0.43921379593372034,0.7815778022458926
includes,30,0.01557632398753894,0.013097629570108477,1.189247558435105,0.5976478604349851,0.4394768837602516,0.78161508582815
allows,27,0.014018691588785047,0.016713539574126156,0.8387625808770668,0.59481056775855,0.44056490785745317,0.7822173813795786
visual cortices,8,0.004153686396677051,0.005865809562073122,0.7081181809129574,0.5936084185904998,0.44102714811364097,0.7822173813795786
interoceptive,8,0.004153686396677051,0.005865809562073122,0.7081181809129574,0.5936084185904998,0.44102714811364097,0.7822173813795786
stimulus driven,8,0.004153686396677051,0.005865809562073122,0.7081181809129574,0.5936084185904998,0.44102714811364097,0.7822173813795786
introduced,8,0.004153686396677051,0.005865809562073122,0.7081181809129574,0.5936084185904998,0.44102714811364097,0.7822173813795786
alff,12,0.006230529595015576,0.008196062675773403,0.7601856942153808,0.5880649388327184,0.44316837189137326,0.7855834730726815
medial frontal,64,0.033229491173416406,0.03704298915226999,0.8970520990307315,0.5850430247612278,0.4443423774324753,0.7872322691284469
perceived,49,0.02544132917964694,0.028846926476496584,0.881942455823694,0.5832442575909944,0.4450434778166482,0.7880418795349098
form,87,0.045171339563862926,0.041141020490156686,1.0979635173286604,0.5811082163085601,0.4458782630940086,0.7890871892913703
structure function,13,0.006749740394600207,0.008758537565287263,0.7706469652366934,0.5787429338125243,0.4468054729780512,0.7902948311085749
explain,33,0.017133956386292833,0.020008035355564485,0.8563537639655193,0.5745477477447569,0.4484574006536777,0.7917399790008925
reappraisal,9,0.004672897196261682,0.0064282844515869825,0.7269275700934579,0.5741776210009515,0.44860360024554913,0.7917399790008925
cortex dorsal,9,0.004672897196261682,0.0064282844515869825,0.7269275700934579,0.5741776210009515,0.44860360024554913,0.7917399790008925
ranging,9,0.004672897196261682,0.0064282844515869825,0.7269275700934579,0.5741776210009515,0.44860360024554913,0.7917399790008925
enables,15,0.00778816199376947,0.006026516673362796,1.2923156801661475,0.5727307191906837,0.44917583720739807,0.7922241227318114
strongest,14,0.007268951194184839,0.009321012454801126,0.7798456690657786,0.5712956115212267,0.44974453374691736,0.7922241227318114
et al,32,0.016614745586708203,0.019445560466050622,0.8544235901924941,0.5712897385591269,0.44974686335737935,0.7922241227318114
contrast,263,0.13655244029075805,0.13001205303334673,1.0503060070571595,0.5710055634902031,0.44985960872596353,0.7922241227318114
developing,40,0.020768431983385256,0.023865006026516672,0.870246249270133,0.5697011494036155,0.45037769608164835,0.7927040365057584
comparable,31,0.016095534787123573,0.01888308557653676,0.8523784273436292,0.5682028582466937,0.45097393764718274,0.793320910476897
difference,81,0.04205607476635514,0.046203294495781436,0.9102397399431126,0.5667371485512736,0.4515584075614216,0.7939164159086431
appear,30,0.01557632398753894,0.0183206106870229,0.8502076843198338,0.5653023821406717,0.4521316864742474,0.7944916080233373
cortex pcc,24,0.012461059190031152,0.010285255122539172,1.2115459501557633,0.5609205277916478,0.45388958556257963,0.7968783183399493
efficient,28,0.014537902388369679,0.017195660907995177,0.845440164594676,0.5601318510451159,0.4542071226608535,0.7968783183399493
overlap,50,0.02596053997923157,0.02932904781036561,0.885147726141197,0.5600737824429873,0.4542305160302065,0.7968783183399493
estimation,17,0.008826583592938734,0.011008437123342709,0.8018016993731572,0.557290522676966,0.4553539967345983,0.7978366622091688
cortical involved,7,0.0036344755970924196,0.005222981116914423,0.6958622893202333,0.5556731344931957,0.45600887490407094,0.7978366622091688
version,25,0.012980269989615784,0.015508236239453596,0.8369920208329971,0.5542877794807912,0.45657098314267397,0.7978366622091688
peripheral,27,0.014018691588785047,0.011731619124146244,1.1949494302906156,0.5538440800534135,0.4567512452052849,0.7978366622091688
hyperactivity,34,0.017653167185877467,0.01510646846122941,1.168583327809814,0.5536474923102439,0.4568311489105036,0.7978366622091688
health,19,0.009865005192107996,0.01213338690237043,0.8130462888462517,0.5529490033938728,0.4571152302985805,0.7978366622091688
months,29,0.015057113187954309,0.01269586179188429,1.1859859090132365,0.5518887645643438,0.4575469713553798,0.7978366622091688
diffusion tensor,20,0.010384215991692628,0.01269586179188429,0.8179213165608529,0.5518754106745362,0.45755241331145724,0.7978366622091688
neurocognitive,30,0.01557632398753894,0.013177983125753315,1.181996048932452,0.5515620035644662,0.4576801618284272,0.7978366622091688
reorganization,22,0.01142263759086189,0.013820811570912013,0.826480958245792,0.5514742843453104,0.4577159273265352,0.7978366622091688
timing,21,0.010903426791277258,0.013258336681398152,0.8223827055602756,0.5514085804849762,0.45774271945829637,0.7978366622091688
adolescent,21,0.010903426791277258,0.013258336681398152,0.8223827055602756,0.5514085804849762,0.45774271945829637,0.7978366622091688
embedded,11,0.005711318795430945,0.007553234230614705,0.7561421532887033,0.5468780101575369,0.4595961508000517,0.8006348487763448
significance,57,0.029595015576323987,0.03310566492567296,0.8939562350663884,0.5446690853331891,0.46050412156574616,0.8017838750885806
cross sectional,18,0.009345794392523364,0.007472880674969868,1.2506280775801426,0.5385496470099586,0.4630344220159125,0.8038673670615729
sectional,18,0.009345794392523364,0.007472880674969868,1.2506280775801426,0.5385496470099586,0.4630344220159125,0.8038673670615729
contained,18,0.009345794392523364,0.007472880674969868,1.2506280775801426,0.5385496470099586,0.4630344220159125,0.8038673670615729
assumption,12,0.006230529595015576,0.008115709120128566,0.7677122852472164,0.5373748956007574,0.46352269556978887,0.8038673670615729
conflicting,12,0.006230529595015576,0.008115709120128566,0.7677122852472164,0.5373748956007574,0.46352269556978887,0.8038673670615729
patient groups,13,0.006749740394600207,0.005142627561269586,1.3125081126687435,0.5348901006892026,0.46455818406768,0.8038673670615729
frontopolar,13,0.006749740394600207,0.005142627561269586,1.3125081126687435,0.5348901006892026,0.46455818406768,0.8038673670615729
self report,13,0.006749740394600207,0.005142627561269586,1.3125081126687435,0.5348901006892026,0.46455818406768,0.8038673670615729
according,64,0.033229491173416406,0.03688228204098031,0.9009608227737848,0.5347105923649813,0.4646331335091801,0.8038673670615729
robust,60,0.03115264797507788,0.027882683808758538,1.1172758041782254,0.5346875158741973,0.46464276995092757,0.8038673670615729
span,8,0.004153686396677051,0.005785456006428285,0.7179531556478597,0.5345469071657992,0.46470149321203635,0.8038673670615729
implementation,8,0.004153686396677051,0.005785456006428285,0.7179531556478597,0.5345469071657992,0.46470149321203635,0.8038673670615729
decisions,45,0.02336448598130841,0.026516673362796304,0.8811243273860095,0.5339805173347351,0.46493815808672756,0.8038673670615729
maintenance,52,0.02699896157840083,0.02394535958216151,1.1275237477959676,0.5323070053955693,0.4656385582072802,0.80464735861515
voice,13,0.006749740394600207,0.008678184009642426,0.7777825852851814,0.529906888896879,0.46664600794972466,0.8057109756031441
ability,155,0.08047767393561786,0.07545198875050221,1.0666077232468203,0.5296518628356888,0.46675326034011133,0.8057109756031441
females,41,0.021287642782969886,0.018561671353957414,1.1468602356452824,0.5287255617279844,0.4671431530855443,0.8059530187921631
condition,208,0.10799584631360332,0.10229007633587786,1.0557802885882115,0.5273273779976856,0.46773265756483984,0.8065390056727046
tested,136,0.07061266874350987,0.06588991562876657,1.0716764176987565,0.5254335200748462,0.46853305516386545,0.8074375825641538
sclerosis,20,0.010384215991692628,0.008437123342707915,1.2307768382534738,0.5249115612742579,0.4687540364700199,0.8074375825641538
written,14,0.007268951194184839,0.009240658899156288,0.7866269357533071,0.5240965958619938,0.4690994029959845,0.807601532197887
combined,80,0.04153686396677051,0.03784652470871836,1.0975080086336708,0.520020723978158,0.4708328418662113,0.8089644106557149
insula anterior,15,0.00778816199376947,0.009803133788670149,0.7944563607578775,0.5196547753833756,0.4709889821337737,0.8089644106557149
attend,14,0.007268951194184839,0.00562474889513861,1.2923156801661475,0.5187855248063573,0.47136020277438084,0.8089644106557149
reliance,14,0.007268951194184839,0.00562474889513861,1.2923156801661475,0.5187855248063573,0.47136020277438084,0.8089644106557149
posterior inferior,9,0.004672897196261682,0.006347930895942145,0.7361291849047675,0.5183228242433439,0.47155799555393585,0.8089644106557149
congruency,9,0.004672897196261682,0.006347930895942145,0.7361291849047675,0.5183228242433439,0.47155799555393585,0.8089644106557149
practice,24,0.012461059190031152,0.014865407794294898,0.8382588195672307,0.5154571556266612,0.4727859898098876,0.8089644106557149
grey matter,35,0.018172377985462097,0.01566894335074327,1.159770482200389,0.5142998751664327,0.47328337396984943,0.8089644106557149
functional network,17,0.008826583592938734,0.010928083567697871,0.8076973001038421,0.514022073711965,0.47340289556886717,0.8089644106557149
reference,23,0.011941848390446522,0.014302932904781037,0.8349230517927357,0.5138728309196802,0.47346712614290254,0.8089644106557149
combining,23,0.011941848390446522,0.014302932904781037,0.8349230517927357,0.5138728309196802,0.47346712614290254,0.8089644106557149
10,103,0.05347871235721703,0.05785456006428284,0.9243646878966194,0.513269507978714,0.4737269260860739,0.8089644106557149
separately,22,0.01142263759086189,0.013740458015267175,0.8313141802238376,0.5126543867439773,0.4739920445452904,0.8089644106557149
gyrus inferior,34,0.017653167185877467,0.020409803133788672,0.8649356914497837,0.5126360254744637,0.47399996198616534,0.8089644106557149
responded,34,0.017653167185877467,0.020409803133788672,0.8649356914497837,0.5126360254744637,0.47399996198616534,0.8089644106557149
systematically,18,0.009345794392523364,0.011490558457211732,0.8133455329717011,0.5125101052895591,0.4740542649710491,0.8089644106557149
probabilistic,19,0.009865005192107996,0.012053033346725592,0.8184665974385601,0.5117043351964058,0.47440199175070275,0.8089644106557149
task demands,19,0.009865005192107996,0.012053033346725592,0.8184665974385601,0.5117043351964058,0.47440199175070275,0.8089644106557149
rapid,33,0.017133956386292833,0.01984732824427481,0.8632878025401389,0.5085869443392945,0.47575119767219143,0.8099077341647706
60,26,0.013499480789200415,0.011329851345922057,1.1914967263943204,0.5077188708738047,0.4761280102528882,0.8099077341647706
cognitive performance,27,0.014018691588785047,0.011811972679791082,1.186820522601564,0.507066490226687,0.47641151487730893,0.8099077341647706
scale,82,0.04257528556593977,0.046524708718360785,0.9151112761107435,0.5062902296420776,0.4767492122331928,0.8099077341647706
away,15,0.00778816199376947,0.0061068702290076335,1.2753115264797508,0.5059136294270246,0.47691318548372585,0.8099077341647706
mesial,15,0.00778816199376947,0.0061068702290076335,1.2753115264797508,0.5059136294270246,0.47691318548372585,0.8099077341647706
subtraction,10,0.005192107995846314,0.006910405785456006,0.7513463256779928,0.5057769848097166,0.4769727038251643,0.8099077341647706
agreement,10,0.005192107995846314,0.006910405785456006,0.7513463256779928,0.5057769848097166,0.4769727038251643,0.8099077341647706
possibly,53,0.027518172377985463,0.02450783447167537,1.1228316565378003,0.5044762277647135,0.4775398818676525,0.8099077341647706
image,39,0.020249221183800622,0.02314182402571314,0.875005408445829,0.5042484341112355,0.47763932149306787,0.8099077341647706
stimuli,397,0.20612668743509865,0.19887505022097227,1.0364632828807285,0.5040749066915644,0.4777150947489849,0.8099077341647706
paced,11,0.005711318795430945,0.007472880674969868,0.7642727140767539,0.4960620762315615,0.4812355409964214,0.8145243694692638
crucially,11,0.005711318795430945,0.007472880674969868,0.7642727140767539,0.4960620762315615,0.4812355409964214,0.8145243694692638
social cognitive,16,0.008307372793354102,0.006588991562876657,1.2607957855279486,0.4955827288665,0.4814474897606429,0.8145243694692638
attempted,16,0.008307372793354102,0.006588991562876657,1.2607957855279486,0.4955827288665,0.4814474897606429,0.8145243694692638
space,36,0.018691588785046728,0.021454399357171555,0.8712240540445937,0.49023241262884426,0.4838236488199489,0.8177104145302494
frontal parietal,52,0.02699896157840083,0.03021293692245882,0.8936225447957402,0.49020173910378,0.4838373270609593,0.8177104145302494
presenting,17,0.008826583592938734,0.007071112896745681,1.248259463796847,0.4872855888456821,0.48514064608440455,0.8194840426794652
impulsivity,13,0.006749740394600207,0.008597830453997589,0.785051581409342,0.4828655660059507,0.48712719210762634,0.8224092971356789
occipital lobe,8,0.004153686396677051,0.005705102450783447,0.7280651719245901,0.47793924439189617,0.48935723993686886,0.8240442290322514
procedures,8,0.004153686396677051,0.005705102450783447,0.7280651719245901,0.47793924439189617,0.48935723993686886,0.8240442290322514
appeared,23,0.011941848390446522,0.0142225793491362,0.8396401311813952,0.47692948533380575,0.4898164353225899,0.8240442290322514
calculated,23,0.011941848390446522,0.0142225793491362,0.8396401311813952,0.47692948533380575,0.4898164353225899,0.8240442290322514
maintaining,15,0.00778816199376947,0.009722780233025311,0.8010221158054633,0.4755434575710194,0.490447912114202,0.8240442290322514
rois,15,0.00778816199376947,0.009722780233025311,0.8010221158054633,0.4755434575710194,0.490447912114202,0.8240442290322514
demonstrating,35,0.018172377985462097,0.015749296906388106,1.1538532858626318,0.4754436527641945,0.49049343576612203,0.8240442290322514
revealing,19,0.009865005192107996,0.008035355564483728,1.22769989615784,0.47536040787889366,0.49053141138588974,0.8240442290322514
life,71,0.03686396677050883,0.033507432703897146,1.100172821244562,0.47506759320696296,0.4906650299757921,0.8240442290322514
cohort,16,0.008307372793354102,0.010285255122539172,0.8076973001038422,0.4734761447683081,0.4913923111405024,0.8240442290322514
deficit hyperactivity,16,0.008307372793354102,0.010285255122539172,0.8076973001038422,0.4734761447683081,0.4913923111405024,0.8240442290322514
probably,16,0.008307372793354102,0.010285255122539172,0.8076973001038422,0.4734761447683081,0.4913923111405024,0.8240442290322514
prediction,44,0.02284527518172378,0.025793491361992767,0.8856992200515653,0.4726171715512606,0.4917856048359255,0.8240442290322514
game,20,0.010384215991692628,0.012535154680594617,0.828407487285992,0.4724723375352585,0.49185197110105305,0.8240442290322514
develop,17,0.008826583592938734,0.010847730012053034,0.8136802430675744,0.4722490412519001,0.49195431992819316,0.8240442290322514
critical role,20,0.010384215991692628,0.008517476898352753,1.2191657360057995,0.4712151938631345,0.49242865314729034,0.8240442290322514
effective,69,0.03582554517133956,0.03937324226597027,0.9098957339945323,0.4706294318707777,0.49269774290557156,0.8240442290322514
highlight,52,0.02699896157840083,0.024106066693451184,1.120006922810661,0.4693764118766195,0.49327418818089597,0.8240442290322514
maps,48,0.024922118380062305,0.027963037364403375,0.8912521932180327,0.4676840867245655,0.4940545306650247,0.8240442290322514
multimodal,31,0.016095534787123573,0.013820811570912013,1.1645868048008887,0.4671344061267912,0.4943084379850975,0.8240442290322514
research,153,0.0794392523364486,0.08437123342707915,0.9415442812639073,0.46658108484835126,0.49456424845079705,0.8240442290322514
underlie,69,0.03582554517133956,0.0325431900361591,1.1008615053267181,0.46517988359270723,0.49521304545007305,0.8240442290322514
children adolescents,13,0.006749740394600207,0.005222981116914423,1.2923156801661475,0.4651500706331568,0.4952268652692632,0.8240442290322514
recognizing,13,0.006749740394600207,0.005222981116914423,1.2923156801661475,0.4651500706331568,0.4952268652692632,0.8240442290322514
ventral anterior,9,0.004672897196261682,0.006267577340297308,0.7455667385573926,0.46477223582595584,0.49540206711438683,0.8240442290322514
allowed,30,0.01557632398753894,0.01807955002008839,0.8615437867774316,0.46461189113231394,0.4954764504129052,0.8240442290322514
framework,29,0.015057113187954309,0.012856568903173965,1.1711610851505712,0.46429544053640764,0.4956233058271823,0.8240442290322514
modulating,23,0.011941848390446522,0.009963840899959824,1.1985185743476368,0.4639803940321446,0.4957695824573639,0.8240442290322514
theoretical,28,0.014537902388369679,0.012374447569304942,1.1748324365146796,0.46329141876553576,0.496089728361198,0.8240442290322514
executive function,24,0.012461059190031152,0.010445962233828847,1.1929067816918284,0.4629106234216462,0.4962668219054148,0.8240442290322514
preliminary,24,0.012461059190031152,0.010445962233828847,1.1929067816918284,0.4629106234216462,0.4962668219054148,0.8240442290322514
rates,27,0.014018691588785047,0.011892326235435917,1.1788014650164182,0.46260789472013736,0.49640768564610405,0.8240442290322514
transient,25,0.012980269989615784,0.010928083567697871,1.1877901472115326,0.4623669806014848,0.49651983440759884,0.8240442290322514
link,41,0.021287642782969886,0.024106066693451184,0.8830823814468675,0.4567293422365312,0.49915649944289686,0.8279944399803038
differing,10,0.005192107995846314,0.006830052229811169,0.760185694215381,0.4548052309601486,0.5000618158664112,0.8290006305438196
dorsolateral,164,0.08515057113187954,0.09015668943350744,0.9444731352372914,0.45340818895860313,0.5007208876615094,0.8290006305438196
undergoing functional,14,0.007268951194184839,0.005705102450783447,1.2741140508680326,0.4532611440585622,0.5007903437300025,0.8290006305438196
gambling,14,0.007268951194184839,0.005705102450783447,1.2741140508680326,0.4532611440585622,0.5007903437300025,0.8290006305438196
diverse,11,0.005711318795430945,0.00739252711932503,0.7725800261862839,0.4472941220008798,0.5036227414498438,0.8331473433682796
leading,25,0.012980269989615784,0.015267175572519083,0.850207684319834,0.446898437940959,0.5038115285795792,0.8331473433682796
extrastriate,37,0.01921079958463136,0.016793893129770993,1.1439157934485038,0.44433171617745826,0.5050390962719589,0.8333637811611683
depended,15,0.00778816199376947,0.006187223784652471,1.2587490391228708,0.44392674514369385,0.5052332465094196,0.8333637811611683
response time,15,0.00778816199376947,0.006187223784652471,1.2587490391228708,0.44392674514369385,0.5052332465094196,0.8333637811611683
chronic pain,15,0.00778816199376947,0.006187223784652471,1.2587490391228708,0.44392674514369385,0.5052332465094196,0.8333637811611683
abnormality,15,0.00778816199376947,0.006187223784652471,1.2587490391228708,0.44392674514369385,0.5052332465094196,0.8333637811611683
decoding,12,0.006230529595015576,0.00795500200883889,0.7832216243431197,0.44170932189039197,0.506298590260098,0.8342684274423667
endogenous,12,0.006230529595015576,0.00795500200883889,0.7832216243431197,0.44170932189039197,0.506298590260098,0.8342684274423667
balance,16,0.008307372793354102,0.006669345118521495,1.2456054748589371,0.4366060235473272,0.5087651486273244,0.8379050509025526
addition,179,0.09293873312564901,0.09803133788670149,0.9480512571710672,0.4360097736009423,0.5090546821532369,0.8379298299890667
induced,133,0.06905503634475597,0.06476496584973886,1.066240604603583,0.4348509779065392,0.5096181967926179,0.8379298299890667
failed,19,0.009865005192107996,0.011892326235435917,0.8295269568634055,0.43337783127599644,0.5103361355687641,0.8379298299890667
intra,15,0.00778816199376947,0.009642426677380474,0.8076973001038422,0.43309991957592453,0.5104717720666758,0.8379298299890667
elicit,33,0.017133956386292833,0.014865407794294898,1.152605876904942,0.4327345358320264,0.5106501947573807,0.8379298299890667
measuring,16,0.008307372793354102,0.010204901566894336,0.8140571213645023,0.43218937011014474,0.510916608585831,0.8379298299890667
shapes,16,0.008307372793354102,0.010204901566894336,0.8140571213645023,0.43218937011014474,0.510916608585831,0.8379298299890667
cortex vmpfc,17,0.008826583592938734,0.010767376456408196,0.8197524836874817,0.4320006970749218,0.5110088661584433,0.8379298299890667
physiological,36,0.018691588785046728,0.02129369224588188,0.8777993299241755,0.4311311837771432,0.5114344150208865,0.8379298299890667
functional structural,17,0.008826583592938734,0.007151466452390519,1.2342340765631745,0.43090099692446043,0.5115471736765652,0.8379298299890667
provided,46,0.023883696780893044,0.026757734029730817,0.8925904097243661,0.43044961192116915,0.5117684129753093,0.8379298299890667
remained,32,0.016614745586708203,0.014383286460425873,1.1551425074110815,0.4301911373876752,0.5118951749499503,0.8379298299890667
irrelevant,29,0.015057113187954309,0.01743672157492969,0.8635289107100985,0.42881375038249336,0.5125715976053419,0.8385839745970024
population,42,0.021806853582554516,0.019284853354760947,1.130776220145379,0.42813648325295006,0.5129047670133957,0.8385839745970024
greatest,18,0.009345794392523364,0.007633587786259542,1.2242990654205608,0.42651229978134714,0.5137052908391412,0.8385839745970024
processes underlying,18,0.009345794392523364,0.007633587786259542,1.2242990654205608,0.42651229978134714,0.5137052908391412,0.8385839745970024
issues,18,0.009345794392523364,0.007633587786259542,1.2242990654205608,0.42651229978134714,0.5137052908391412,0.8385839745970024
network dmn,49,0.02544132917964694,0.02274005624748895,1.1187891930767002,0.42621207876210476,0.5138535011625993,0.8385839745970024
constrained,8,0.004153686396677051,0.00562474889513861,0.7384661029520843,0.4238789695529492,0.5150078325285536,0.8387715859748593
correspondence,8,0.004153686396677051,0.00562474889513861,0.7384661029520843,0.4238789695529492,0.5150078325285536,0.8387715859748593
impulsive,8,0.004153686396677051,0.00562474889513861,0.7384661029520843,0.4238789695529492,0.5150078325285536,0.8387715859748593
loop,8,0.004153686396677051,0.00562474889513861,0.7384661029520843,0.4238789695529492,0.5150078325285536,0.8387715859748593
extensively,20,0.010384215991692628,0.008597830453997589,1.20777166370668,0.4208164490043436,0.5165299330083237,0.8404166861486656
roi,27,0.014018691588785047,0.01631177179590197,0.8594217577459601,0.4207989909095204,0.5165386323788577,0.8404166861486656
maintained,26,0.013499480789200415,0.011490558457211732,1.1748324365146794,0.41923479013207515,0.5173191162425967,0.840696675079527
insula,280,0.14537902388369678,0.13957412615508236,1.0415900703699519,0.41894552533314433,0.5174636760826777,0.840696675079527
verbal,104,0.05399792315680166,0.0502209722780233,1.0752066458982346,0.4187782552435691,0.517547301486933,0.840696675079527
enhancement,25,0.012980269989615784,0.011008437123342709,1.1791201461369958,0.4183680611501582,0.5177524752348511,0.840696675079527
community,9,0.004672897196261682,0.006187223784652471,0.7552494234737225,0.41360547278183024,0.5201451592669055,0.8425981536133333
leads,25,0.012980269989615784,0.015186822016874246,0.8547061376760235,0.41338024656574657,0.5202587927112723,0.8425981536133333
gyrus middle,25,0.012980269989615784,0.015186822016874246,0.8547061376760235,0.41338024656574657,0.5202587927112723,0.8425981536133333
grey,38,0.01973001038421599,0.017356368019284852,1.1367591631091112,0.41316258931991123,0.5203686489604871,0.8425981536133333
interacts,12,0.006230529595015576,0.004821213338690237,1.2923156801661475,0.4118900513561985,0.521011745542817,0.8425981536133333
systems involved,12,0.006230529595015576,0.004821213338690237,1.2923156801661475,0.4118900513561985,0.521011745542817,0.8425981536133333
gap,12,0.006230529595015576,0.004821213338690237,1.2923156801661475,0.4118900513561985,0.521011745542817,0.8425981536133333
expectancy,12,0.006230529595015576,0.004821213338690237,1.2923156801661475,0.4118900513561985,0.521011745542817,0.8425981536133333
temporal cortex,82,0.04257528556593977,0.039212535154680594,1.0857570263690992,0.4108069165688112,0.5215602302922768,0.842707405316722
indicates,52,0.02699896157840083,0.02426677380474086,1.1125896584211865,0.41072564994780675,0.5216014237369302,0.842707405316722
errors,42,0.021806853582554516,0.02450783447167537,0.8897911240488228,0.4081248119588028,0.5229228143976354,0.8444196322539106
influences,57,0.029595015576323987,0.026757734029730817,1.1060359424845405,0.4067684084654075,0.5236143075810509,0.8444213820829489
tensor,23,0.011941848390446522,0.014061872237846525,0.8492360183948969,0.40669543734647007,0.5236515541460902,0.8444213820829489
echo,10,0.005192107995846314,0.006749698674166332,0.7692355239084211,0.406071407705794,0.5239702689938497,0.8444213820829489
cortex bilaterally,10,0.005192107995846314,0.006749698674166332,0.7692355239084211,0.406071407705794,0.5239702689938497,0.8444213820829489
obtained,72,0.037383177570093455,0.0407392527119325,0.9176206013014064,0.40292324619172826,0.5255834193684649,0.8462787094631017
involve,41,0.021287642782969886,0.02394535958216151,0.8890091088391283,0.4026080158773877,0.5257454333161504,0.8462787094631017
mental,106,0.055036344755970926,0.05897950984331057,0.9331434747793708,0.4022894344953029,0.5259092599699449,0.8462787094631017
pre post,13,0.006749740394600207,0.005303334672559261,1.2727351395575695,0.4011065783649088,0.5265183264438413,0.8463853753458209
relevant information,11,0.005711318795430945,0.007312173563680193,0.7810699165839353,0.4006337378743498,0.5267621496498619,0.8463853753458209
sparse,11,0.005711318795430945,0.007312173563680193,0.7810699165839353,0.4006337378743498,0.5267621496498619,0.8463853753458209
reliably,20,0.010384215991692628,0.012374447569304942,0.8391660260819139,0.3984709761623371,0.527879966682,0.8475083998809148
indicated,115,0.05970924195223261,0.05584572117316191,1.0691820375475323,0.39826589775975463,0.5279861809667037,0.8475083998809148
low level,12,0.006230529595015576,0.007874648453194053,0.791213681734376,0.3968364951815849,0.5287275615031052,0.8482766245188984
minimal,13,0.006749740394600207,0.008437123342707915,0.8000049448647578,0.3943473668763626,0.5300230472752288,0.8490662598204828
issue,44,0.02284527518172378,0.025552430695058255,0.8940548730709197,0.39364918729941967,0.5303874439979614,0.8490662598204828
posterior middle,14,0.007268951194184839,0.008999598232221776,0.8076973001038422,0.3929184399019932,0.5307693213244091,0.8490662598204828
direct evidence,14,0.007268951194184839,0.005785456006428285,1.2564180223837544,0.39287312293066934,0.5307930195606849,0.8490662598204828
hemodynamic response,15,0.00778816199376947,0.009562073121735636,0.8144846723736224,0.39236100696500253,0.5310609599063056,0.8490662598204828
switch,15,0.00778816199376947,0.009562073121735636,0.8144846723736224,0.39236100696500253,0.5310609599063056,0.8490662598204828
output,15,0.00778816199376947,0.009562073121735636,0.8144846723736224,0.39236100696500253,0.5310609599063056,0.8490662598204828
mechanisms,271,0.1407061266874351,0.14640417838489353,0.9610799926592369,0.3906163732107751,0.5319755876929908,0.8501075233034525
strongly,79,0.04101765316718588,0.04443551627159502,0.9230826286901053,0.3856920939985536,0.5345725569618097,0.8534856242036865
value,68,0.035306334371754934,0.03230212936922459,1.0930033115833089,0.3856057108048341,0.5346183185067701,0.8534856242036865
high resolution,29,0.015057113187954309,0.01301727601446364,1.1567023063215518,0.38508315778977054,0.5348952927792392,0.8535056871435412
corrected,39,0.020249221183800622,0.017918842908798714,1.1300518279479763,0.38422687861428123,0.535349718661038,0.8538087410265962
orientation,28,0.014537902388369679,0.012535154680594617,1.1597704822003887,0.38268504993883606,0.5361697346441463,0.8546942732994094
psychopathology,16,0.008307372793354102,0.006749698674166332,1.2307768382534736,0.3819182721020116,0.5365783934343964,0.8549235212271626
min,27,0.014018691588785047,0.012053033346725592,1.1630841121495328,0.3804919582430357,0.5373400661814451,0.8557147181222028
lateralization,24,0.012461059190031152,0.014543993571715548,0.8567838763532469,0.37714981936040665,0.5391325657606668,0.8575239306255124
networks involved,18,0.009345794392523364,0.007713941341904379,1.2115459501557633,0.3760623334233599,0.5397181794636909,0.8575239306255124
multivariate,36,0.018691588785046728,0.021132985134592205,0.8844746099996446,0.37548589068122673,0.5400290678813491,0.8575239306255124
differs,19,0.009865005192107996,0.008196062675773403,1.203627349174353,0.3744954614623505,0.5405639957290189,0.8575239306255124
erp,22,0.01142263759086189,0.009642426677380474,1.1846227068189685,0.3736375039224322,0.5410281625045045,0.8575239306255124
discussed,50,0.02596053997923157,0.02338288469264765,1.1102368386307109,0.37358134244037366,0.5410585721571903,0.8575239306255124
connectivity patterns,21,0.010903426791277258,0.00916030534351145,1.1902907580477673,0.3733819171570616,0.5411665799672263,0.8575239306255124
neuro,8,0.004153686396677051,0.005544395339493772,0.749168510241245,0.3724644813546833,0.5416639698096095,0.8575239306255124
sulci,8,0.004153686396677051,0.005544395339493772,0.749168510241245,0.3724644813546833,0.5416639698096095,0.8575239306255124
window,8,0.004153686396677051,0.005544395339493772,0.749168510241245,0.3724644813546833,0.5416639698096095,0.8575239306255124
class,8,0.004153686396677051,0.005544395339493772,0.749168510241245,0.3724644813546833,0.5416639698096095,0.8575239306255124
relied,8,0.004153686396677051,0.005544395339493772,0.749168510241245,0.3724644813546833,0.5416639698096095,0.8575239306255124
pre,86,0.0446521287642783,0.048131779831257535,0.9277057470307903,0.37152624096899517,0.5421735092103099,0.8579098469269021
manner,35,0.018172377985462097,0.020570510245078343,0.8834189219885774,0.3701676158036783,0.5429129173472669,0.85865894032189
negatively,86,0.0446521287642783,0.0413820811570912,1.0790208591678514,0.3672148892862281,0.5445263197852905,0.8606118780475147
difficulties,21,0.010903426791277258,0.012856568903173965,0.8480821651090342,0.3666165119888654,0.5448543601908948,0.8606118780475147
background,133,0.06905503634475597,0.07320208919244676,0.9433478894736422,0.3664466535680835,0.5449475460746964,0.8606118780475147
resonance healthy,9,0.004672897196261682,0.0061068702290076335,0.7651869158878504,0.36490589904387727,0.5457941686415355,0.8607404497651977
judgment task,9,0.004672897196261682,0.0061068702290076335,0.7651869158878504,0.36490589904387727,0.5457941686415355,0.8607404497651977
unknown,101,0.052440290758047764,0.04893531538770591,1.0716246608931106,0.3648427801690996,0.5458289035530854,0.8607404497651977
target,108,0.056074766355140186,0.059863398955403775,0.9367120366304962,0.3636146734177552,0.5465055596858076,0.861377894911503
anatomical,62,0.032191069574247146,0.03519485737243873,0.9146526503459035,0.3631412440516406,0.5467668236287699,0.861377894911503
human,312,0.16199376947040497,0.16777822418642024,0.9655232093195354,0.3606599407387566,0.5481399495917729,0.8628573552062766
suppression,38,0.01973001038421599,0.02217758135797509,0.8896376059114783,0.35999711913012566,0.5485078354657,0.8628573552062766
ventrolateral prefrontal,38,0.01973001038421599,0.02217758135797509,0.8896376059114783,0.35999711913012566,0.5485078354657,0.8628573552062766
pet,27,0.014018691588785047,0.016151064684612294,0.8679732180220393,0.3587507723563677,0.5492008443691211,0.8635016280693356
slower,18,0.009345794392523364,0.011169144234632382,0.8367511598198077,0.358299088418746,0.5494523990255313,0.8635016280693356
rostral,46,0.023883696780893044,0.026516673362796304,0.9007048679945876,0.35635206332780406,0.5505392195115688,0.8637115167980673
group level,11,0.005711318795430945,0.007231820008035355,0.7897484712126457,0.3561428744594103,0.5506562272522995,0.8637115167980673
concrete,11,0.005711318795430945,0.007231820008035355,0.7897484712126457,0.3561428744594103,0.5506562272522995,0.8637115167980673
solving,11,0.005711318795430945,0.007231820008035355,0.7897484712126457,0.3561428744594103,0.5506562272522995,0.8637115167980673
differentiate,16,0.008307372793354102,0.010044194455604661,0.8270820353063343,0.3545288342586728,0.5515605949784185,0.86390906303011
taking,32,0.016614745586708203,0.01888308557653676,0.8798745056450367,0.3544712033867149,0.55159293783869,0.86390906303011
congruent,32,0.016614745586708203,0.01888308557653676,0.8798745056450367,0.3544712033867149,0.55159293783869,0.86390906303011
unexpected,12,0.006230529595015576,0.007794294897549217,0.7993705238141118,0.3540085854870277,0.5518526914399278,0.86390906303011
maturation,13,0.006749740394600207,0.008356769787063078,0.8076973001038421,0.35296448347095083,0.5524397860434076,0.8641327342022184
brains,14,0.007268951194184839,0.008919244676576938,0.81497385235703,0.35280251135482893,0.5525309675939835,0.8641327342022184
disturbed,12,0.006230529595015576,0.004901566894335074,1.271130177212604,0.3495611325144674,0.5543616674840277,0.8657375242566238
compromised,12,0.006230529595015576,0.004901566894335074,1.271130177212604,0.3495611325144674,0.5543616674840277,0.8657375242566238
settings,12,0.006230529595015576,0.004901566894335074,1.271130177212604,0.3495611325144674,0.5543616674840277,0.8657375242566238
capacity,36,0.018691588785046728,0.021052631578947368,0.8878504672897196,0.3489803969160588,0.554690870845988,0.865832751978167
mdd,28,0.014537902388369679,0.012615508236239454,1.1523834090653544,0.34556984842345584,0.5566317088514381,0.8683434470281536
elevated,27,0.014018691588785047,0.01213338690237043,1.155381568360463,0.3427589405184342,0.558241021829415,0.8683434470281536
disrupted,27,0.014018691588785047,0.01213338690237043,1.155381568360463,0.3427589405184342,0.558241021829415,0.8683434470281536
integrating,27,0.014018691588785047,0.01213338690237043,1.155381568360463,0.3427589405184342,0.558241021829415,0.8683434470281536
infer,13,0.006749740394600207,0.005383688228204098,1.2537390926985013,0.34254681860027425,0.5583628260389627,0.8683434470281536
taste,13,0.006749740394600207,0.005383688228204098,1.2537390926985013,0.34254681860027425,0.5583628260389627,0.8683434470281536
parameter,13,0.006749740394600207,0.005383688228204098,1.2537390926985013,0.34254681860027425,0.5583628260389627,0.8683434470281536
generation,49,0.02544132917964694,0.022981116914423463,1.1070536421003712,0.34192467311103825,0.5587203653895524,0.8683434470281536
behaviors,49,0.02544132917964694,0.022981116914423463,1.1070536421003712,0.34192467311103825,0.5587203653895524,0.8683434470281536
substrate,36,0.018691588785046728,0.01655283246283648,1.1292078758733326,0.3406925434282412,0.5594297452693495,0.8690275349997403
real world,14,0.007268951194184839,0.005865809562073122,1.2392068165976757,0.3374450955765292,0.5613076866851534,0.8710840114287859
terms,63,0.03271028037383177,0.029971876255524308,1.0913657888802584,0.3371581518840002,0.5614742017105933,0.8710840114287859
integrity,35,0.018172377985462097,0.016070711128967456,1.130776220145379,0.3366648375122966,0.5617606963859128,0.8710840114287859
range,61,0.03167185877466251,0.03455202892728003,0.9166425173271512,0.33654042091763126,0.5618329962189381,0.8710840114287859
method,86,0.0446521287642783,0.04797107271996786,0.9308136389806423,0.3358537814437242,0.5622323314699059,0.8712846692198062
alternative,28,0.014537902388369679,0.01663318601848132,0.8740299286147857,0.3342837734650525,0.563147468354364,0.8718581139391061
rarely,15,0.00778816199376947,0.006347930895942145,1.2268819748412794,0.3338297496044756,0.5634126473596577,0.8718581139391061
watched,15,0.00778816199376947,0.006347930895942145,1.2268819748412794,0.3338297496044756,0.5634126473596577,0.8718581139391061
oscillations,16,0.008307372793354102,0.006830052229811169,1.2162971107446094,0.33139272708600254,0.5648401484632999,0.8730827336526418
preceded,17,0.008826583592938734,0.007312173563680193,1.2071080529024456,0.32990584199753686,0.5657145369757683,0.8730827336526418
observer,17,0.008826583592938734,0.007312173563680193,1.2071080529024456,0.32990584199753686,0.5657145369757683,0.8730827336526418
samples,20,0.010384215991692628,0.008758537565287263,1.1856107157487592,0.32960710533711185,0.5658905303135653,0.8730827336526418
32,27,0.014018691588785047,0.016070711128967456,0.8723130841121496,0.3294017796409227,0.5660115543848907,0.8730827336526418
updating,18,0.009345794392523364,0.007794294897549217,1.1990557857211677,0.3291964683715681,0.5661326201013723,0.8730827336526418
placebo controlled,19,0.009865005192107996,0.00827641623141824,1.1919416467551844,0.32913160094028504,0.5661708808546786,0.8730827336526418
modified,33,0.017133956386292833,0.01510646846122941,1.1342132299330547,0.32879788521834086,0.5663677956222528,0.8730827336526418
procedure,32,0.016614745586708203,0.014624347127360385,1.1361016968493605,0.3249699937853134,0.568636057915828,0.8752613379364435
change,104,0.05399792315680166,0.05753314584170349,0.9385532872715038,0.32450381914272736,0.5689135031055366,0.8752613379364435
real,52,0.02699896157840083,0.029650462032944958,0.9105747339924074,0.32437879673102293,0.5689879554424531,0.8752613379364435
consists,8,0.004153686396677051,0.005464041783848936,0.7601856942153808,0.32379935762309764,0.5693332666527418,0.8752613379364435
dynamics,45,0.02336448598130841,0.021052631578947368,1.1098130841121494,0.3229818158334282,0.5698211691880767,0.8752613379364435
matter,156,0.08099688473520249,0.07697870630775412,1.0521985704901826,0.3224920869512536,0.5701138269438011,0.8752613379364435
influenced,40,0.020768431983385256,0.02314182402571314,0.8974414445598247,0.32155741895934353,0.5706731930718825,0.8752613379364435
modal,17,0.008826583592938734,0.010526315789473684,0.8385254413291797,0.32070838084834824,0.5711822447172148,0.8752613379364435
predictions,25,0.012980269989615784,0.014945761349939735,0.8684917205417657,0.3198827524774556,0.5716781149338538,0.8752613379364435
highlighted,9,0.004672897196261682,0.006026516673362796,0.7753894080996885,0.31876084847454755,0.5723532829170654,0.8752613379364435
signs,9,0.004672897196261682,0.006026516673362796,0.7753894080996885,0.31876084847454755,0.5723532829170654,0.8752613379364435
tomography pet,9,0.004672897196261682,0.006026516673362796,0.7753894080996885,0.31876084847454755,0.5723532829170654,0.8752613379364435
gm volume,9,0.004672897196261682,0.006026516673362796,0.7753894080996885,0.31876084847454755,0.5723532829170654,0.8752613379364435
year old,9,0.004672897196261682,0.006026516673362796,0.7753894080996885,0.31876084847454755,0.5723532829170654,0.8752613379364435
task positive,9,0.004672897196261682,0.006026516673362796,0.7753894080996885,0.31876084847454755,0.5723532829170654,0.8752613379364435
shared,44,0.02284527518172378,0.020570510245078343,1.110583787642783,0.3182867596128636,0.5726390632535518,0.8752613379364435
observing,16,0.008307372793354102,0.009963840899959824,0.833752051720095,0.3182243149006651,0.5726767257790475,0.8752613379364435
trial trial,16,0.008307372793354102,0.009963840899959824,0.833752051720095,0.3182243149006651,0.5726767257790475,0.8752613379364435
lobules,15,0.00778816199376947,0.009401366010445963,0.8284074872859919,0.31615002352763594,0.5739305782074198,0.8752613379364435
discuss,15,0.00778816199376947,0.009401366010445963,0.8284074872859919,0.31615002352763594,0.5739305782074198,0.8752613379364435
allocation,10,0.005192107995846314,0.006588991562876657,0.7879973659549679,0.3156066041157556,0.5742599551955949,0.8752613379364435
account,54,0.028037383177570093,0.03069505825632784,0.9134168420022508,0.31520482778052117,0.5745037195423246,0.8752613379364435
contrasted,37,0.01921079958463136,0.017115307352350343,1.1224338067170765,0.31463362951711893,0.574850626945963,0.8752613379364435
algorithm,11,0.005711318795430945,0.007151466452390519,0.7986220495408776,0.3138859605719422,0.5753053368825185,0.8752613379364435
normal controls,11,0.005711318795430945,0.007151466452390519,0.7986220495408776,0.3138859605719422,0.5753053368825185,0.8752613379364435
frontoparietal network,13,0.006749740394600207,0.00827641623141824,0.8155390214640735,0.31356444060299143,0.575501094544866,0.8752613379364435
digit,13,0.006749740394600207,0.00827641623141824,0.8155390214640735,0.31356444060299143,0.575501094544866,0.8752613379364435
recording,13,0.006749740394600207,0.00827641623141824,0.8155390214640735,0.31356444060299143,0.575501094544866,0.8752613379364435
group,358,0.18587746625129803,0.19156287665729207,0.9703209175744145,0.31332936127934036,0.5756443062078902,0.8752613379364435
randomized,23,0.011941848390446522,0.013820811570912013,0.8640482745296917,0.3107518186683478,0.5772192054347998,0.8770320063869528
challenge,28,0.014537902388369679,0.01269586179188429,1.1450898431851941,0.31053473688078315,0.5773522346878174,0.8770320063869528
best,26,0.013499480789200415,0.011731619124146244,1.1506920439835557,0.30398426792826627,0.5813953569089286,0.8827583311862754
methodology,21,0.010903426791277258,0.01269586179188429,0.8588173823888955,0.3021058624535805,0.582565236180306,0.8840030802167628
50,34,0.017653167185877467,0.01566894335074327,1.1266341827089492,0.30178927691633495,0.5827628732036156,0.8840030802167628
existence,27,0.014018691588785047,0.01599035757332262,0.876696566946884,0.30118890185169317,0.5831380443709175,0.8841566966788735
29,24,0.012461059190031152,0.010767376456408196,1.1572976240293857,0.2980292657107965,0.5851205399178514,0.8867460576783214
dlpfc,61,0.03167185877466251,0.034391321815990354,0.9209258935763435,0.29709370759448034,0.5857101677639739,0.8870090686556118
main,76,0.03946002076843198,0.0366412213740458,1.0769297334717896,0.29688216134026385,0.5858436599670893,0.8870090686556118
far,32,0.016614745586708203,0.014704700683005223,1.129893490855648,0.2934625179145273,0.5880101636632116,0.8876847650432578
shown,167,0.08670820353063344,0.09079951787866614,0.9549412326891443,0.29202444478049233,0.5889261297272179,0.8876847650432578
depressive,49,0.02544132917964694,0.02314182402571314,1.0993657695857852,0.2912503615751641,0.5894203811851304,0.8876847650432578
31,18,0.009345794392523364,0.011008437123342709,0.8489665052186369,0.29035673421975444,0.5899920172735231,0.8876847650432578
disruption,18,0.009345794392523364,0.011008437123342709,0.8489665052186369,0.29035673421975444,0.5899920172735231,0.8876847650432578
options,13,0.006749740394600207,0.005464041783848936,1.2353017530999937,0.28926849518327713,0.5906896774729964,0.8876847650432578
constraints,13,0.006749740394600207,0.005464041783848936,1.2353017530999937,0.28926849518327713,0.5906896774729964,0.8876847650432578
task involving,13,0.006749740394600207,0.005464041783848936,1.2353017530999937,0.28926849518327713,0.5906896774729964,0.8876847650432578
concentration,13,0.006749740394600207,0.005464041783848936,1.2353017530999937,0.28926849518327713,0.5906896774729964,0.8876847650432578
integrative,13,0.006749740394600207,0.005464041783848936,1.2353017530999937,0.28926849518327713,0.5906896774729964,0.8876847650432578
demands,75,0.03894080996884735,0.04186420249096023,0.9301696354362865,0.28880118776007674,0.5909897833994,0.8876847650432578
marked,20,0.010384215991692628,0.008838891120932101,1.1748324365146796,0.2886500061105585,0.5910869396036424,0.8876847650432578
occipital cortex,42,0.021806853582554516,0.024106066693451184,0.9046209761163032,0.2870107512610078,0.5921425099776766,0.8876847650432578
analyzed,74,0.03842159916926272,0.03567697870630775,1.0769297334717896,0.28692266424385,0.5921993418788907,0.8876847650432578
matter gm,17,0.008826583592938734,0.010445962233828847,0.8449756370317119,0.2868675210780611,0.5922349248103642,0.8876847650432578
sixteen,17,0.008826583592938734,0.010445962233828847,0.8449756370317119,0.2868675210780611,0.5922349248103642,0.8876847650432578
kinds,14,0.007268951194184839,0.005946163117717959,1.222460778535545,0.28680871298701943,0.5922728775045867,0.8876847650432578
producing,14,0.007268951194184839,0.005946163117717959,1.222460778535545,0.28680871298701943,0.5922728775045867,0.8876847650432578
degree,100,0.05192107995846314,0.05520289272800322,0.9405499855648817,0.28652330813322546,0.5924571390046602,0.8876847650432578
47,24,0.012461059190031152,0.014302932904781037,0.8712240540445937,0.28619886754613405,0.5926667459861028,0.8876847650432578
produce,24,0.012461059190031152,0.014302932904781037,0.8712240540445937,0.28619886754613405,0.5926667459861028,0.8876847650432578
implicate,18,0.009345794392523364,0.007874648453194053,1.186820522601564,0.2858225770741086,0.5929100424066971,0.8876847650432578
intelligence,18,0.009345794392523364,0.007874648453194053,1.186820522601564,0.2858225770741086,0.5929100424066971,0.8876847650432578
instruction,15,0.00778816199376947,0.0064282844515869825,1.2115459501557633,0.28542887089731817,0.5931648197640356,0.8876847650432578
deprivation,15,0.00778816199376947,0.0064282844515869825,1.2115459501557633,0.28542887089731817,0.5931648197640356,0.8876847650432578
younger adults,16,0.008307372793354102,0.006910405785456006,1.2021541210847884,0.2849076117224254,0.5935024876491994,0.887764013013117
dimension,16,0.008307372793354102,0.009883487344314986,0.8405305236852991,0.2836514498430476,0.5943178538170216,0.887764013013117
hum,16,0.008307372793354102,0.009883487344314986,0.8405305236852991,0.2836514498430476,0.5943178538170216,0.887764013013117
therapeutic,16,0.008307372793354102,0.009883487344314986,0.8405305236852991,0.2836514498430476,0.5943178538170216,0.887764013013117
accompanied,52,0.02699896157840083,0.024668541582965046,1.0944693056781705,0.28236348667899425,0.5951562718500941,0.888293747196858
rest,69,0.03582554517133956,0.033186018481317796,1.0795373115189368,0.28168066132673375,0.5956017618232061,0.888293747196858
underpinnings,36,0.018691588785046728,0.016713539574126156,1.118350107836089,0.2814624923220945,0.5957442458657687,0.888293747196858
cause,29,0.015057113187954309,0.013258336681398152,1.1356713552975235,0.2814181368599001,0.5957732226397763,0.888293747196858
passive,37,0.01921079958463136,0.021374045801526718,0.8987909805666815,0.2806113398831056,0.5963008026593923,0.888669894268014
relevant,125,0.06490134994807892,0.06846122940940137,0.9480015259434766,0.27976567865603735,0.5968548403530471,0.8890851059804505
inference,14,0.007268951194184839,0.008758537565287263,0.8299275010241315,0.27824677909358575,0.5978526489189999,0.8896161686444338
mm,8,0.004153686396677051,0.005383688228204098,0.7715317493529238,0.27799270057906617,0.5980199000948698,0.8896161686444338
focused,76,0.03946002076843198,0.03672157492969064,1.074573213267256,0.2777419315693141,0.5981850685436594,0.8896161686444338
illness,28,0.014537902388369679,0.012776215347529127,1.1378880202720796,0.2775466985239853,0.5983137243268482,0.8896161686444338
variety,22,0.01142263759086189,0.013177983125753315,0.8667971025504647,0.2766037838309769,0.5989359066599417,0.8901196193346866
parametrically,13,0.006749740394600207,0.008196062675773403,0.8235345020666626,0.2761983922020569,0.5992038205744343,0.8901196193346866
cortices,204,0.1059190031152648,0.101727601446364,1.041202206768934,0.27507948522185366,0.5999445844578661,0.8903048933065045
understanding,144,0.07476635514018691,0.07850542386500603,0.9523718420876418,0.27431743051803714,0.6004501974410297,0.8903048933065045
resonance scans,10,0.005192107995846314,0.00650863800723182,0.7977257284976219,0.27402809081671803,0.6006424048400707,0.8903048933065045
potential,134,0.0695742471443406,0.07320208919244676,0.9504407307478802,0.2739708358412242,0.6006804544506286,0.8903048933065045
morphological,11,0.005711318795430945,0.007071112896745681,0.8076973001038421,0.2739300283982488,0.6007075767105226,0.8903048933065045
conducted,78,0.040498442367601244,0.043390920048212135,0.9333391023422175,0.2724302217171703,0.6017061983743196,0.8913756807491068
cortex posterior,33,0.017133956386292833,0.015267175572519083,1.1222741433021806,0.2680868401702062,0.6046180327572457,0.8950274821479239
acquisition,58,0.030114226375908618,0.027721976697468863,1.086294339849805,0.2679269150317728,0.6047258173992014,0.8950274821479239
loss,57,0.029595015576323987,0.027239855363599838,1.0864600850954338,0.26295085837009846,0.6081000849310394,0.8996091082297869
trial,76,0.03946002076843198,0.04226597026918441,0.9336120883329583,0.26101135914589474,0.6094261874620026,0.9011579171449127
regulate,23,0.011941848390446522,0.010365608678184009,1.152064366039589,0.2596798630170589,0.6103401784994058,0.9020961978919789
light,37,0.01921079958463136,0.02129369224588188,0.9021826446442917,0.25776533234642385,0.6116595746177972,0.9036325431882147
depend,36,0.018691588785046728,0.016793893129770993,1.1129991503823278,0.2541320305319911,0.6141804989175361,0.9069417431408082
measurements,23,0.011941848390446522,0.013660104459622338,0.874213548347688,0.2532844835160502,0.6147718081996425,0.9069850991172057
education,23,0.011941848390446522,0.013660104459622338,0.874213548347688,0.2532844835160502,0.6147718081996425,0.9069850991172057
frequently,35,0.018172377985462097,0.01631177179590197,1.114065241522541,0.24947942388590694,0.6174418698114359,0.9093455587616667
manipulation,45,0.02336448598130841,0.02129369224588188,1.0972491624052194,0.24785806903042273,0.6185873312991181,0.9093455587616667
uncertainty,15,0.00778816199376947,0.009240658899156288,0.8428145740214005,0.24722820653613098,0.6190335802041242,0.9093455587616667
rapidly,18,0.009345794392523364,0.00795500200883889,1.1748324365146794,0.2458516817961334,0.6200113023966534,0.9093455587616667
links,17,0.008826583592938734,0.007472880674969868,1.1811487399368015,0.24389978104472715,0.6214035672339253,0.9093455587616667
allow,21,0.010903426791277258,0.012535154680594617,0.8698278616502915,0.2432389688972203,0.621876485886143,0.9093455587616667
strength,55,0.028556593977154723,0.030936118923262354,0.9230826286901053,0.243065012759315,0.6220011125967189,0.9093455587616667
thirty,26,0.013499480789200415,0.015267175572519083,0.8842159916926272,0.24275878112839075,0.6222206396751622,0.9093455587616667
conclude,65,0.03374870197300104,0.03133788670148654,1.0769297334717898,0.2424389752563796,0.6224500814302649,0.9093455587616667
positive correlation,27,0.014018691588785047,0.012374447569304942,1.1328741352105838,0.24242319138721222,0.6224614102886069,0.9093455587616667
tesla,16,0.008307372793354102,0.006990759341100844,1.1883362576240435,0.24234587860759882,0.6225169080887569,0.9093455587616667
involved cognitive,12,0.006230529595015576,0.005062274005624749,1.2307768382534736,0.24231228021945747,0.6225410296076872,0.9093455587616667
completely,12,0.006230529595015576,0.005062274005624749,1.2307768382534736,0.24231228021945747,0.6225410296076872,0.9093455587616667
remarkably,12,0.006230529595015576,0.005062274005624749,1.2307768382534736,0.24231228021945747,0.6225410296076872,0.9093455587616667
greater extent,12,0.006230529595015576,0.005062274005624749,1.2307768382534736,0.24231228021945747,0.6225410296076872,0.9093455587616667
connectivity using,12,0.006230529595015576,0.005062274005624749,1.2307768382534736,0.24231228021945747,0.6225410296076872,0.9093455587616667
standard,45,0.02336448598130841,0.025552430695058255,0.9143743020043497,0.2415094715920199,0.6231180143077439,0.9093455587616667
little known,90,0.04672897196261682,0.043953394937725994,1.0631481829520408,0.2413409440294639,0.6232392875220227,0.9093455587616667
progression,15,0.00778816199376947,0.00650863800723182,1.1965885927464328,0.24127598967410158,0.6232860430102138,0.9093455587616667
dynamically,15,0.00778816199376947,0.00650863800723182,1.1965885927464328,0.24127598967410158,0.6232860430102138,0.9093455587616667
real time,13,0.006749740394600207,0.005544395339493772,1.217398829142023,0.24107918028572167,0.6234277581893193,0.9093455587616667
phenomena,13,0.006749740394600207,0.005544395339493772,1.217398829142023,0.24107918028572167,0.6234277581893193,0.9093455587616667
exact,13,0.006749740394600207,0.008115709120128566,0.8316883090178177,0.24091928723443018,0.6235429441406894,0.9093455587616667
psychotic,13,0.006749740394600207,0.008115709120128566,0.8316883090178177,0.24091928723443018,0.6235429441406894,0.9093455587616667
homogeneity reho,13,0.006749740394600207,0.008115709120128566,0.8316883090178177,0.24091928723443018,0.6235429441406894,0.9093455587616667
major depressive,33,0.017133956386292833,0.01534752912816392,1.1163983624471954,0.2402372774025818,0.6240347930468063,0.9093455587616667
quality,20,0.010384215991692628,0.011972679791080755,0.867325959843052,0.23833796678431562,0.6254091081077254,0.9093455587616667
spontaneous,52,0.02699896157840083,0.02482924869425472,1.0873853619520981,0.23814631323774635,0.6255481622793969,0.9093455587616667
resting state,184,0.09553478712357218,0.09939734833266373,0.9611401986684363,0.23760309971271876,0.6259426675000643,0.9093455587616667
previous research,25,0.012980269989615784,0.014704700683005223,0.8827292897309751,0.23732038430316196,0.6261482085554833,0.9093455587616667
healthy volunteers,54,0.028037383177570093,0.030373644033748492,0.9230826286901054,0.2372370653869135,0.6262088123559719,0.9093455587616667
adolescents,57,0.029595015576323987,0.03198071514664524,0.9254019317772665,0.2367045287000087,0.6265964756744797,0.9093455587616667
displays,8,0.004153686396677051,0.005303334672559261,0.7832216243431197,0.23515951010817027,0.6277242417606006,0.9093455587616667
rehearsal,8,0.004153686396677051,0.005303334672559261,0.7832216243431197,0.23515951010817027,0.6277242417606006,0.9093455587616667
signature,10,0.005192107995846314,0.0064282844515869825,0.8076973001038422,0.23499279514027033,0.6278462064858867,0.9093455587616667
participate,10,0.005192107995846314,0.0064282844515869825,0.8076973001038422,0.23499279514027033,0.6278462064858867,0.9093455587616667
evaluations,10,0.005192107995846314,0.0064282844515869825,0.8076973001038422,0.23499279514027033,0.6278462064858867,0.9093455587616667
explanation,10,0.005192107995846314,0.0064282844515869825,0.8076973001038422,0.23499279514027033,0.6278462064858867,0.9093455587616667
video clips,10,0.005192107995846314,0.0064282844515869825,0.8076973001038422,0.23499279514027033,0.6278462064858867,0.9093455587616667
insula inferior,9,0.004672897196261682,0.005865809562073122,0.7966329535270771,0.2345049543520695,0.6282034064555504,0.9093455587616667
exploring,9,0.004672897196261682,0.005865809562073122,0.7966329535270771,0.2345049543520695,0.6282034064555504,0.9093455587616667
serves,9,0.004672897196261682,0.005865809562073122,0.7966329535270771,0.2345049543520695,0.6282034064555504,0.9093455587616667
controls,331,0.17185877466251298,0.16713539574126154,1.0282607935937376,0.23375496410011637,0.6287534495017857,0.9097338121881506
behaviorally,42,0.021806853582554516,0.01984732824427481,1.0987299305056313,0.23316199672001148,0.6291891030739867,0.90995628347797
directly,71,0.03686396677050883,0.0394535958216151,0.9343626608125915,0.23273007545927404,0.6295068661649423,0.910008134339648
outside,36,0.018691588785046728,0.01687424668541583,1.1076991544281263,0.22830020769911766,0.6327870731054388,0.9139748865209127
described,50,0.02596053997923157,0.023865006026516672,1.0878078115876664,0.22825978509890169,0.6328171844405948,0.9139748865209127
dysfunction,80,0.04153686396677051,0.038971474487746086,1.0658273650854824,0.22666847747255214,0.6340051813655394,0.9146443135794472
task difficulty,23,0.011941848390446522,0.010445962233828847,1.143202332454669,0.22654062933527244,0.6341008486851087,0.9146443135794472
stage,39,0.020249221183800622,0.022257934913619926,0.9097529156404287,0.2265007149074267,0.63413072298352,0.9146443135794472
resolution,61,0.03167185877466251,0.03406990759341101,0.929613873704422,0.2251856055750333,0.6351168384546946,0.9152655487480834
aspects,78,0.040498442367601244,0.04314985938127762,0.9385532872715038,0.22517006863952735,0.6351285096640975,0.9152655487480834
45,27,0.014018691588785047,0.015749296906388106,0.8901153919511731,0.22351679899887156,0.6363732603581402,0.9165535537656532
volume,112,0.058151609553478714,0.05520289272800322,1.0534159838326675,0.22288971589257828,0.6368468662056588,0.9165535537656532
impairments,61,0.03167185877466251,0.029409401366010446,1.0769297334717896,0.2228536786618003,0.636874108146332,0.9165535537656532
similarity,29,0.015057113187954309,0.013419043792687827,1.122070500743062,0.22205353636767902,0.637479661737156,0.917016197899973
vision,16,0.008307372793354102,0.009722780233025311,0.8544235901924941,0.21985043237997226,0.6391539050210296,0.9190150580881442
established,64,0.033229491173416406,0.030936118923262354,1.0741325133848498,0.21900898243222996,0.6397960636430431,0.9193788301939763
partially,34,0.017653167185877467,0.01591000401767778,1.1095639678194196,0.21877286606510774,0.6399765277093756,0.9193788301939763
caused,26,0.013499480789200415,0.015186822016874246,0.8888943831830644,0.21790244733064026,0.6406428169559306,0.9199232883634665
explained,30,0.01557632398753894,0.017356368019284852,0.8974414445598247,0.21721594641699984,0.6411694647136283,0.9199232883634665
multiple,142,0.07372793354101766,0.07705905986339895,0.9567717757225911,0.2166458725522918,0.641607566111206,0.9199232883634665
determine,87,0.045171339563862926,0.04789071916432302,0.9432169813293191,0.21570673209818733,0.6423308266685881,0.9199232883634665
broad,20,0.010384215991692628,0.008999598232221776,1.1538532858626318,0.21568135064844193,0.6423504002389261,0.9199232883634665
detailed,20,0.010384215991692628,0.008999598232221776,1.1538532858626318,0.21568135064844193,0.6423504002389261,0.9199232883634665
signal change,20,0.010384215991692628,0.008999598232221776,1.1538532858626318,0.21568135064844193,0.6423504002389261,0.9199232883634665
underlies,19,0.009865005192107996,0.008517476898352753,1.1582074492055094,0.2123475914486926,0.6449335755691181,0.9223950296575602
family,19,0.009865005192107996,0.008517476898352753,1.1582074492055094,0.2123475914486926,0.6449335755691181,0.9223950296575602
factorial,19,0.009865005192107996,0.008517476898352753,1.1582074492055094,0.2123475914486926,0.6449335755691181,0.9223950296575602
attention network,20,0.010384215991692628,0.011892326235435917,0.8731862703825322,0.21077472457727414,0.6461608593889159,0.9233321177987696
preparation,20,0.010384215991692628,0.011892326235435917,0.8731862703825322,0.21077472457727414,0.6461608593889159,0.9233321177987696
depressive disorder,32,0.016614745586708203,0.014945761349939735,1.1116694022934601,0.20929953335418838,0.6473169773253551,0.9239047897921159
images,115,0.05970924195223261,0.05680996384089996,1.051034676231308,0.20899572255662824,0.6475556875390758,0.9239047897921159
assessment,36,0.018691588785046728,0.020570510245078343,0.9086594626168224,0.20894134545097987,0.647598434846627,0.9239047897921159
posterior insula,26,0.013499480789200415,0.011972679791080755,1.1275237477959676,0.208754853770089,0.6477450920804066,0.9239047897921159
representations,116,0.060228452751817235,0.06323824829248695,0.9524054567933486,0.208012857427469,0.6483293841811419,0.9239047897921159
linear model,13,0.006749740394600207,0.008035355564483728,0.8400051921079958,0.20778194912944795,0.6485114719377928,0.9239047897921159
focus,50,0.02596053997923157,0.02394535958216151,1.0841574498038151,0.20770545615609404,0.6485718190794909,0.9239047897921159
short term,24,0.012461059190031152,0.014061872237846525,0.886159323542501,0.20674221068492726,0.649332897563027,0.9239047897921159
resonance images,17,0.008826583592938734,0.007553234230614705,1.168583327809814,0.20626594122307768,0.6497099977782227,0.9239047897921159
functional coupling,17,0.008826583592938734,0.007553234230614705,1.168583327809814,0.20626594122307768,0.6497099977782227,0.9239047897921159
exists,17,0.008826583592938734,0.007553234230614705,1.168583327809814,0.20626594122307768,0.6497099977782227,0.9239047897921159
sessions,41,0.021287642782969886,0.019445560466050622,1.0947302249341333,0.20551342177405424,0.6503068988191408,0.9243463977931249
despite,92,0.04776739356178609,0.04515869827239855,1.0577672826982703,0.20469935120336186,0.6509541077316139,0.9243471870332288
unlike,12,0.006230529595015576,0.007472880674969868,0.833752051720095,0.20430211791343736,0.6512704822925481,0.9243471870332288
measurement,16,0.008307372793354102,0.007071112896745681,1.1748324365146794,0.20359498233738627,0.6518345948461806,0.9243471870332288
normal,127,0.06593977154724819,0.06902370429891523,0.9553206716012848,0.20231511086817985,0.6528586090675222,0.9243471870332288
trauma,15,0.00778816199376947,0.006588991562876657,1.181996048932452,0.201240398433874,0.6537214895709076,0.9243471870332288
monetary reward,11,0.005711318795430945,0.006910405785456006,0.826480958245792,0.2012030599552225,0.6537515181307003,0.9243471870332288
performances,14,0.007268951194184839,0.0061068702290076335,1.1902907580477675,0.1992748979719377,0.6553067651297348,0.9243471870332288
published,14,0.007268951194184839,0.0061068702290076335,1.1902907580477675,0.1992748979719377,0.6553067651297348,0.9243471870332288
environments,14,0.007268951194184839,0.0061068702290076335,1.1902907580477675,0.1992748979719377,0.6553067651297348,0.9243471870332288
varying,41,0.021287642782969886,0.023222177581357976,0.9166945136126651,0.19866907899620426,0.6557972785499052,0.9243471870332288
opercular,10,0.005192107995846314,0.006347930895942145,0.8179213165608529,0.19858570704188522,0.6558648524660938,0.9243471870332288
70,13,0.006749740394600207,0.00562474889513861,1.200007417297137,0.19779571992969575,0.6565059913278897,0.9243471870332288
predominantly,34,0.017653167185877467,0.019445560466050622,0.9078250645795252,0.19726832013654805,0.656934873354132,0.9243471870332288
characterizing,12,0.006230529595015576,0.005142627561269586,1.2115459501557633,0.1969359307470763,0.6572055254691874,0.9243471870332288
reality,12,0.006230529595015576,0.005142627561269586,1.2115459501557633,0.1969359307470763,0.6572055254691874,0.9243471870332288
shorter,12,0.006230529595015576,0.005142627561269586,1.2115459501557633,0.1969359307470763,0.6572055254691874,0.9243471870332288
target detection,12,0.006230529595015576,0.005142627561269586,1.2115459501557633,0.1969359307470763,0.6572055254691874,0.9243471870332288
repeat,12,0.006230529595015576,0.005142627561269586,1.2115459501557633,0.1969359307470763,0.6572055254691874,0.9243471870332288
controls hcs,9,0.004672897196261682,0.005785456006428285,0.8076973001038421,0.19659086954929028,0.6574867851310229,0.9243471870332288
shifted,9,0.004672897196261682,0.005785456006428285,0.8076973001038421,0.19659086954929028,0.6574867851310229,0.9243471870332288
intense,9,0.004672897196261682,0.005785456006428285,0.8076973001038421,0.19659086954929028,0.6574867851310229,0.9243471870332288
granger,9,0.004672897196261682,0.005785456006428285,0.8076973001038421,0.19659086954929028,0.6574867851310229,0.9243471870332288
smaller,39,0.020249221183800622,0.018481317798312576,1.0956589462278206,0.19571720608959672,0.6582002319590243,0.9243471870332288
27,22,0.01142263759086189,0.012936922458818802,0.8829486013557529,0.19568740131786785,0.6582246045489735,0.9243471870332288
computation,8,0.004153686396677051,0.005222981116914423,0.7952711877945523,0.19542108771025277,0.6584424787283555,0.9243471870332288
candidate,8,0.004153686396677051,0.005222981116914423,0.7952711877945523,0.19542108771025277,0.6584424787283555,0.9243471870332288
anti,8,0.004153686396677051,0.005222981116914423,0.7952711877945523,0.19542108771025277,0.6584424787283555,0.9243471870332288
reliable,29,0.015057113187954309,0.013499397348332665,1.1153915096672105,0.1952068243371647,0.6586178988860649,0.9243471870332288
frontal temporal,29,0.015057113187954309,0.013499397348332665,1.1153915096672105,0.1952068243371647,0.6586178988860649,0.9243471870332288
using,755,0.3920041536863967,0.3975893933306549,0.9859522418405834,0.1946619472860246,0.659064515642127,0.9243471870332288
reaction times,26,0.013499480789200415,0.01510646846122941,0.8936225447957402,0.19428572706521516,0.659373326249074,0.9243471870332288
methods,199,0.10332294911734165,0.10695058256327843,0.9660812184562861,0.19416713056341364,0.6594707471305843,0.9243471870332288
advantage,22,0.01142263759086189,0.010044194455604661,1.1372377985462097,0.19167656330143645,0.6615248763933612,0.9268239153636155
markers,16,0.008307372793354102,0.009642426677380474,0.8615437867774316,0.19069990794387212,0.6623347275852247,0.9269240809655819
objectives,16,0.008307372793354102,0.009642426677380474,0.8615437867774316,0.19069990794387212,0.6623347275852247,0.9269240809655819
episode,28,0.014537902388369679,0.01301727601446364,1.1168160198966708,0.19054528252691857,0.66246317063238,0.9269240809655819
dorsal ventral,21,0.010903426791277258,0.012374447569304942,0.8811243273860095,0.19020629568995936,0.6627449748663454,0.9269240809655819
goal,74,0.03842159916926272,0.040819606267577344,0.9412535465777058,0.18896723070782867,0.663777575912107,0.9279662256579824
year,25,0.012980269989615784,0.014543993571715548,0.8924832045346323,0.1885854817302768,0.6640965254278363,0.9280102095588985
evaluating,21,0.010903426791277258,0.009562073121735636,1.1402785413230714,0.18756546931604048,0.664950627592087,0.9288016555029238
cortex ofc,27,0.014018691588785047,0.012535154680594617,1.1183501078360891,0.1859042672598167,0.6663475493275124,0.9303502981095199
separate,76,0.03946002076843198,0.04186420249096023,0.9425718972421037,0.1855069400459185,0.6666827620432187,0.9304158909967618
objects,97,0.05036344755970924,0.047810365608678185,1.0534001762698848,0.18476328499280525,0.6673113063131808,0.9304915530587707
degrees,20,0.010384215991692628,0.011811972679791082,0.8791263130381956,0.18476070461557204,0.6673134898795088,0.9304915530587707
anticipatory,20,0.010384215991692628,0.009079951787866613,1.1436421948372988,0.18353626255117053,0.6683516816419162,0.9310812325210116
independent component,49,0.02544132917964694,0.023543591803937326,1.0806052615723758,0.18332198431402705,0.6685337870645691,0.9310812325210116
sustained,45,0.02336448598130841,0.021534752912816393,1.084966522527549,0.18324210760270315,0.6686017029069717,0.9310812325210116
psychosis,14,0.007268951194184839,0.008517476898352753,0.8534160152040596,0.18130477336186182,0.6702543285468621,0.9321762053206681
80,14,0.007268951194184839,0.008517476898352753,0.8534160152040596,0.18130477336186182,0.6702543285468621,0.9321762053206681
reho,14,0.007268951194184839,0.008517476898352753,0.8534160152040596,0.18130477336186182,0.6702543285468621,0.9321762053206681
24,56,0.029075804776739357,0.027079148252310163,1.0737340962804787,0.18055102354689478,0.6709001266834657,0.9323540194505817
help,41,0.021287642782969886,0.02314182402571314,0.9198774806738202,0.18015169774265397,0.6712429063122569,0.9323540194505817
skills,31,0.016095534787123573,0.014543993571715548,1.106679173622944,0.17980890731736165,0.6715375140094804,0.9323540194505817
consequences,31,0.016095534787123573,0.014543993571715548,1.106679173622944,0.17980890731736165,0.6715375140094804,0.9323540194505817
opposite,34,0.017653167185877467,0.019365206910405785,0.9115919735611829,0.17723006496317067,0.6737645653632014,0.934304799936317
regulatory,13,0.006749740394600207,0.00795500200883889,0.8484900930383796,0.1768431594608339,0.674100334278712,0.934304799936317
nervous,13,0.006749740394600207,0.00795500200883889,0.8484900930383796,0.1768431594608339,0.674100334278712,0.934304799936317
biases,13,0.006749740394600207,0.00795500200883889,0.8484900930383796,0.1768431594608339,0.674100334278712,0.934304799936317
mechanism,107,0.05555555555555555,0.05295299316994777,1.0491485415612882,0.17527332827912281,0.6754671359123685,0.9357973882940452
fluency,18,0.009345794392523364,0.010687022900763359,0.8744993324432576,0.173994458876937,0.6765859335632664,0.9369452567748708
scales,12,0.006230529595015576,0.00739252711932503,0.8428145740214005,0.17258524757853333,0.67782436284506,0.9382577372486507
dmpfc,17,0.008826583592938734,0.007633587786259542,1.156282450674974,0.17208450370843892,0.6782658491192659,0.9384664213274713
anterior cingulate,286,0.14849428868120457,0.1446364001607071,1.0266730125764394,0.17017139382079022,0.6799595294896863,0.9400762931454398
thought,73,0.03790238836967809,0.040176777822418644,0.9433904465212876,0.16987476778868468,0.6802231294806391,0.9400762931454398
various,54,0.028037383177570093,0.030052229811169145,0.9329551701734219,0.16978490252213355,0.6803030423753864,0.9400762931454398
arithmetic,11,0.005711318795430945,0.006830052229811169,0.836204263636919,0.16858034201417152,0.6813765967422147,0.940554813501485
causality,11,0.005711318795430945,0.006830052229811169,0.836204263636919,0.16858034201417152,0.6813765967422147,0.940554813501485
comparisons,57,0.029595015576323987,0.027641623141824025,1.0706685140911396,0.16813716068432855,0.6817727061354237,0.940554813501485
lateral prefrontal,45,0.02336448598130841,0.02523101647247891,0.9260223822846597,0.16809007373303497,0.681814827631188,0.940554813501485
distinction,23,0.011941848390446522,0.010606669345118521,1.1258810849932346,0.1675879365899645,0.6822644421471387,0.9407730112135685
concurrent,21,0.010903426791277258,0.012294094013660105,0.8868833099179443,0.16593970679078748,0.6837458208258379,0.9420338427228271
speaking,10,0.005192107995846314,0.006267577340297308,0.828407487285992,0.16489567986542575,0.6846886030691178,0.9420338427228271
laterality,10,0.005192107995846314,0.006267577340297308,0.828407487285992,0.16489567986542575,0.6846886030691178,0.9420338427228271
negativity,10,0.005192107995846314,0.006267577340297308,0.828407487285992,0.16489567986542575,0.6846886030691178,0.9420338427228271
longitudinal,35,0.018172377985462097,0.01984732824427481,0.9156082754213595,0.1639534133118586,0.6855424827460355,0.9420338427228271
time course,22,0.01142263759086189,0.010124548011249498,1.128212101732351,0.1630849294670708,0.6863320336994634,0.9420338427228271
quantify,14,0.007268951194184839,0.006187223784652471,1.1748324365146796,0.16207694607531198,0.6872514775466063,0.9420338427228271
broader,9,0.004672897196261682,0.005705102450783447,0.8190733184151638,0.1616253974154743,0.6876644406796641,0.9420338427228271
daily life,9,0.004672897196261682,0.005705102450783447,0.8190733184151638,0.1616253974154743,0.6876644406796641,0.9420338427228271
exert,9,0.004672897196261682,0.005705102450783447,0.8190733184151638,0.1616253974154743,0.6876644406796641,0.9420338427228271
opportunity,9,0.004672897196261682,0.005705102450783447,0.8190733184151638,0.1616253974154743,0.6876644406796641,0.9420338427228271
easy,9,0.004672897196261682,0.005705102450783447,0.8190733184151638,0.1616253974154743,0.6876644406796641,0.9420338427228271
images acquired,9,0.004672897196261682,0.005705102450783447,0.8190733184151638,0.1616253974154743,0.6876644406796641,0.9420338427228271
monetary incentive,9,0.004672897196261682,0.005705102450783447,0.8190733184151638,0.1616253974154743,0.6876644406796641,0.9420338427228271
social cognition,32,0.016614745586708203,0.01510646846122941,1.0998431320562956,0.1615913241167889,0.687695629541361,0.9420338427228271
architecture,20,0.010384215991692628,0.011731619124146244,0.8851477261411969,0.16032350560074735,0.6888588476191625,0.9420338427228271
cognitive tasks,20,0.010384215991692628,0.011731619124146244,0.8851477261411969,0.16032350560074735,0.6888588476191625,0.9420338427228271
altered,106,0.055036344755970926,0.05761349939734833,0.9552682154645162,0.16022536895359088,0.6889491098380576,0.9420338427228271
excessive,13,0.006749740394600207,0.005705102450783447,1.1831059043774588,0.1592436819727481,0.6898537968581104,0.9420338427228271
testing,40,0.020768431983385256,0.019124146243471273,1.08597956316483,0.1589329116523552,0.6901408649735165,0.9420338427228271
bands,8,0.004153686396677051,0.005142627561269586,0.8076973001038422,0.15890547411142875,0.6901662254968939,0.9420338427228271
aims,21,0.010903426791277258,0.009642426677380474,1.130776220145379,0.15861998067220193,0.6904302578117794,0.9420338427228271
stimuli presented,21,0.010903426791277258,0.009642426677380474,1.130776220145379,0.15861998067220193,0.6904302578117794,0.9420338427228271
resonance,877,0.4553478712357217,0.46050622740056246,0.9887985094274222,0.15850982770238278,0.6905322039590218,0.9420338427228271
press,15,0.00778816199376947,0.008999598232221776,0.8653899643969737,0.158256890690843,0.6907664515876493,0.9420338427228271
frequent,15,0.00778816199376947,0.008999598232221776,0.8653899643969737,0.158256890690843,0.6907664515876493,0.9420338427228271
functional role,12,0.006230529595015576,0.005222981116914423,1.1929067816918284,0.15677378037604803,0.6921443570406378,0.9435143515739777
severity,57,0.029595015576323987,0.031578947368421054,0.9371754932502596,0.15596119935897704,0.6929024965758174,0.9441491173266097
inversely,20,0.010384215991692628,0.00916030534351145,1.1336102457597785,0.15419830155288536,0.6945551678010147,0.9453607255069107
segregation,20,0.010384215991692628,0.00916030534351145,1.1336102457597785,0.15419830155288536,0.6945551678010147,0.9453607255069107
lack,30,0.01557632398753894,0.017115307352350343,0.9100814649057376,0.15407595026494672,0.6946702728941736,0.9453607255069107
traumatic,14,0.007268951194184839,0.008437123342707915,0.8615437867774316,0.1531598725486012,0.695533776761609,0.946136970664338
compare,60,0.03115264797507788,0.02924869425472077,1.0650953407962753,0.14989706569098593,0.6986337454137719,0.9497151156530549
evaluated,53,0.027518172377985463,0.029409401366010446,0.9356930471148336,0.14923542916298926,0.6992670828171134,0.9497151156530549
clearly,18,0.009345794392523364,0.010606669345118521,0.8811243273860095,0.14915829230876043,0.6993410253740122,0.9497151156530549
visuo,18,0.009345794392523364,0.010606669345118521,0.8811243273860095,0.14915829230876043,0.6993410253740122,0.9497151156530549
point,50,0.02596053997923157,0.0278023302531137,0.9337541041662916,0.14800094164707747,0.7004530967695968,0.9508253138655418
vmpfc,29,0.015057113187954309,0.013660104459622338,1.1022692566123022,0.14704374982307133,0.7013766176154079,0.9512788746481248
ica,29,0.015057113187954309,0.013660104459622338,1.1022692566123022,0.14704374982307133,0.7013766176154079,0.9512788746481248
interact,32,0.016614745586708203,0.018159903575733227,0.9149137558698389,0.1467236013234663,0.7016862735852551,0.9512991562928196
bold,178,0.09241952232606439,0.09546002410606669,0.968148952313023,0.1456486049547259,0.7027288812662312,0.9520933729350741
empirical,18,0.009345794392523364,0.008196062675773403,1.1402785413230712,0.14551168589705504,0.702861991234288,0.9520933729350741
42,12,0.006230529595015576,0.007312173563680193,0.8520762726370202,0.14328404314665244,0.7050378123639115,0.9538399238519305
substantially,12,0.006230529595015576,0.007312173563680193,0.8520762726370202,0.14328404314665244,0.7050378123639115,0.9538399238519305
discriminate,12,0.006230529595015576,0.007312173563680193,0.8520762726370202,0.14328404314665244,0.7050378123639115,0.9538399238519305
maintain,28,0.014537902388369679,0.013177983125753315,1.1031963123369553,0.14220517327153942,0.7060985391412435,0.9548747735014387
disorder,177,0.09190031152647975,0.09489754921655283,0.9684160685411012,0.14183047425233175,0.7064680119829864,0.9549743478563986
main effect,17,0.008826583592938734,0.007713941341904379,1.1442378418137764,0.1412643916378018,0.7070272574706071,0.9551104563403434
detect,44,0.02284527518172378,0.021213338690237043,1.0769297334717896,0.14112974304605144,0.7071604679843311,0.9551104563403434
inducing,11,0.005711318795430945,0.006749698674166332,0.8461590762992631,0.13855555162002958,0.7097212328312106,0.9573408849094189
healthy human,11,0.005711318795430945,0.006749698674166332,0.8461590762992631,0.13855555162002958,0.7097212328312106,0.9573408849094189
provides evidence,16,0.008307372793354102,0.009481719566090799,0.8761462238414559,0.13810158832204283,0.710175631821746,0.9573408849094189
containing,20,0.010384215991692628,0.011651265568501407,0.8912521932180327,0.1374913954068769,0.7107877514563623,0.9573408849094189
morphometry vbm,27,0.014018691588785047,0.01269586179188429,1.1041937773571513,0.1373719892941062,0.7109077152738061,0.9573408849094189
interaction,175,0.0908618899273105,0.08798714343109683,1.0326723471647297,0.13726898938242219,0.7110112439092791,0.9573408849094189
ptsd,16,0.008307372793354102,0.007231820008035355,1.1487250490365755,0.13709675456151987,0.7111844615900826,0.9573408849094189
considering,16,0.008307372793354102,0.007231820008035355,1.1487250490365755,0.13709675456151987,0.7111844615900826,0.9573408849094189
reflect,134,0.0695742471443406,0.06701486540779429,1.0381912538505023,0.13555756554058407,0.7127379558761373,0.9584075312844529
word recognition,10,0.005192107995846314,0.006187223784652471,0.8391660260819139,0.13401565237688792,0.7143042741491734,0.9584075312844529
vocal,10,0.005192107995846314,0.006187223784652471,0.8391660260819139,0.13401565237688792,0.7143042741491734,0.9584075312844529
drugs,10,0.005192107995846314,0.006187223784652471,0.8391660260819139,0.13401565237688792,0.7143042741491734,0.9584075312844529
blood flow,23,0.011941848390446522,0.013258336681398152,0.9007048679945876,0.1335374536971269,0.7147921164084987,0.9584075312844529
identify,137,0.0711318795430945,0.07376456408196062,0.9643096306250665,0.13344584387254504,0.7148856866461601,0.9584075312844529
functionally,58,0.030114226375908618,0.03198071514664524,0.9416370533873939,0.13324946128742338,0.7150863944728933,0.9584075312844529
assessments,15,0.00778816199376947,0.006749698674166332,1.1538532858626316,0.13302466237955898,0.7153163503297537,0.9584075312844529
behavioral measures,15,0.00778816199376947,0.006749698674166332,1.1538532858626316,0.13302466237955898,0.7153163503297537,0.9584075312844529
cortex vlpfc,15,0.00778816199376947,0.006749698674166332,1.1538532858626316,0.13302466237955898,0.7153163503297537,0.9584075312844529
salience network,15,0.00778816199376947,0.008919244676576938,0.873186270382532,0.13262373767752894,0.7157270194078038,0.9584075312844529
button,15,0.00778816199376947,0.008919244676576938,0.873186270382532,0.13262373767752894,0.7157270194078038,0.9584075312844529
fluctuations,42,0.021806853582554516,0.020249096022498997,1.0769297334717893,0.1317119006724939,0.7166636433311264,0.9584075312844529
trials,116,0.060228452751817235,0.06267577340297308,0.9609526852517507,0.1315780045094319,0.7168014879346951,0.9584075312844529
characteristics,49,0.02544132917964694,0.023784652470871834,1.0696531812186019,0.13106219213451492,0.7173332540439564,0.9584075312844529
provides,87,0.045171339563862926,0.043069505825632785,1.048800971776631,0.1306005569049521,0.7178101718867693,0.9584075312844529
irrespective,34,0.017653167185877467,0.01623141824025713,1.0875924041002232,0.12998413380530305,0.7184484900883636,0.9584075312844529
incentive delay,9,0.004672897196261682,0.00562474889513861,0.8307743658210948,0.12971968233275294,0.7187228590411026,0.9584075312844529
operation,9,0.004672897196261682,0.00562474889513861,0.8307743658210948,0.12971968233275294,0.7187228590411026,0.9584075312844529
mass,9,0.004672897196261682,0.00562474889513861,0.8307743658210948,0.12971968233275294,0.7187228590411026,0.9584075312844529
cognitive neuroscience,9,0.004672897196261682,0.00562474889513861,0.8307743658210948,0.12971968233275294,0.7187228590411026,0.9584075312844529
violations,9,0.004672897196261682,0.00562474889513861,0.8307743658210948,0.12971968233275294,0.7187228590411026,0.9584075312844529
asked,62,0.032191069574247146,0.030373644033748492,1.0598356107182691,0.12943229692368943,0.7190213804739758,0.9584075312844529
patterns,257,0.13343717549325027,0.1301727601446364,1.025077561119444,0.12909645778857531,0.7193707078618681,0.9584075312844529
signal task,14,0.007268951194184839,0.006267577340297308,1.1597704822003887,0.1290688403233545,0.7193994573426981,0.9584075312844529
21,49,0.02544132917964694,0.027159501807955,0.9367376971618525,0.1280523020129597,0.7204600882350474,0.9585960892624464
persistent,14,0.007268951194184839,0.008356769787063078,0.8698278616502916,0.12718692109938548,0.721366753761155,0.9585960892624464
thoughts,14,0.007268951194184839,0.008356769787063078,0.8698278616502916,0.12718692109938548,0.721366753761155,0.9585960892624464
length,14,0.007268951194184839,0.008356769787063078,0.8698278616502916,0.12718692109938548,0.721366753761155,0.9585960892624464
preceding,18,0.009345794392523364,0.010526315789473684,0.8878504672897196,0.12609152643719754,0.722519406043941,0.9585960892624464
interacting,13,0.006749740394600207,0.005785456006428285,1.1666738779277719,0.12525684305881854,0.7234015097408053,0.9585960892624464
discussion,13,0.006749740394600207,0.005785456006428285,1.1666738779277719,0.12525684305881854,0.7234015097408053,0.9585960892624464
state connectivity,13,0.006749740394600207,0.005785456006428285,1.1666738779277719,0.12525684305881854,0.7234015097408053,0.9585960892624464
spatial temporal,13,0.006749740394600207,0.005785456006428285,1.1666738779277719,0.12525684305881854,0.7234015097408053,0.9585960892624464
provide novel,13,0.006749740394600207,0.005785456006428285,1.1666738779277719,0.12525684305881854,0.7234015097408053,0.9585960892624464
heterogeneity,13,0.006749740394600207,0.005785456006428285,1.1666738779277719,0.12525684305881854,0.7234015097408053,0.9585960892624464
specified,13,0.006749740394600207,0.005785456006428285,1.1666738779277719,0.12525684305881854,0.7234015097408053,0.9585960892624464
representational,13,0.006749740394600207,0.005785456006428285,1.1666738779277719,0.12525684305881854,0.7234015097408053,0.9585960892624464
trait,51,0.0264797507788162,0.02482924869425472,1.0664741049914808,0.12459400333544074,0.724104365784313,0.9591337270216506
noted,12,0.006230529595015576,0.005303334672559261,1.1748324365146794,0.12162611917003109,0.7272774807244409,0.962941635676167
behavioral,304,0.15784008307372793,0.16126958617918843,0.9787343467127773,0.12106041203101663,0.727887220955381,0.963353812728155
play important,17,0.008826583592938734,0.009963840899959824,0.8858615549526011,0.12040873605991745,0.7285916044907443,0.9638908603672633
state,276,0.14330218068535824,0.14005624748895137,1.0231759257769841,0.119887686870206,0.7291563341014087,0.9640620236647852
circuit,43,0.02232606438213915,0.020811570912012856,1.0727717036128253,0.11962284810624876,0.7294439016343603,0.9640620236647852
functional organization,18,0.009345794392523364,0.00827641623141824,1.1292078758733326,0.11832146094776522,0.7308621791071034,0.9640620236647852
expectations,18,0.009345794392523364,0.00827641623141824,1.1292078758733326,0.11832146094776522,0.7308621791071034,0.9640620236647852
challenging,18,0.009345794392523364,0.00827641623141824,1.1292078758733326,0.11832146094776522,0.7308621791071034,0.9640620236647852
39,18,0.009345794392523364,0.00827641623141824,1.1292078758733326,0.11832146094776522,0.7308621791071034,0.9640620236647852
anatomically,23,0.011941848390446522,0.010767376456408196,1.109076889694828,0.1180946682766979,0.7311102335599114,0.9640620236647852
growing,23,0.011941848390446522,0.010767376456408196,1.109076889694828,0.1180946682766979,0.7311102335599114,0.9640620236647852
magnetic resonance,874,0.4537902388369678,0.458256327842507,0.9902541683896308,0.11664132130737144,0.7327061885901204,0.9650956051071906
mirror neuron,12,0.006230529595015576,0.007231820008035355,0.8615437867774316,0.11646890999976547,0.7328962528907865,0.9650956051071906
changed,20,0.010384215991692628,0.01157091201285657,0.8974414445598247,0.11629333148214373,0.7330899701743592,0.9650956051071906
slow,20,0.010384215991692628,0.01157091201285657,0.8974414445598247,0.11629333148214373,0.7330899701743592,0.9650956051071906
viewing,65,0.03374870197300104,0.03198071514664524,1.0552829046582863,0.11530965951381217,0.7341782945624202,0.9657406417471446
male,65,0.03374870197300104,0.03198071514664524,1.0552829046582863,0.11530965951381217,0.7341782945624202,0.9657406417471446
primary visual,16,0.008307372793354102,0.009401366010445963,0.883634653105058,0.1147385566572108,0.7348125338711089,0.9659495461904481
finally,77,0.03997923156801662,0.03808758537565287,1.0496656895864278,0.11462793317733828,0.734935590286165,0.9659495461904481
created,17,0.008826583592938734,0.007794294897549217,1.1324415754033252,0.113717723988815,0.7359506194442551,0.9668899469133314
childhood,29,0.015057113187954309,0.016392125351546806,0.9185577138435852,0.11206447500730017,0.7378058916125054,0.9682292662936863
accuracy,88,0.04569055036344756,0.043712334270791485,1.0452553295461486,0.11175693029471517,0.7381526935616474,0.9682292662936863
implications,61,0.03167185877466251,0.029971876255524308,1.0567192558999328,0.1116501991490141,0.7382731726335487,0.9682292662936863
accounted,11,0.005711318795430945,0.006669345118521495,0.8563537639655193,0.1112109037988275,0.7387697282779893,0.9682292662936863
facilitated,11,0.005711318795430945,0.006669345118521495,0.8563537639655193,0.1112109037988275,0.7387697282779893,0.9682292662936863
residual,11,0.005711318795430945,0.006669345118521495,0.8563537639655193,0.1112109037988275,0.7387697282779893,0.9682292662936863
receiving,16,0.008307372793354102,0.007312173563680193,1.1361016968493605,0.10914497269745221,0.7411196797037949,0.9706150903479057
consequence,15,0.00778816199376947,0.008838891120932101,0.8811243273860097,0.10908216149703522,0.7411915110618301,0.9706150903479057
assessed using,21,0.010903426791277258,0.009803133788670149,1.1122389050610284,0.10849074645641707,0.7418689852825693,0.9707146674066208
unilateral,21,0.010903426791277258,0.009803133788670149,1.1122389050610284,0.10849074645641707,0.7418689852825693,0.9707146674066208
adulthood,25,0.012980269989615784,0.011811972679791082,1.0989078912977444,0.10639145448896199,0.7442904197494029,0.9732289691340218
attributes,10,0.005192107995846314,0.0061068702290076335,0.850207684319834,0.10604288628887079,0.7446950290461691,0.9732289691340218
sign,10,0.005192107995846314,0.0061068702290076335,0.850207684319834,0.10604288628887079,0.7446950290461691,0.9732289691340218
gyrus medial,15,0.00778816199376947,0.006830052229811169,1.1402785413230714,0.10460871685031682,0.7463675618257156,0.9750200281559733
world,36,0.018691588785046728,0.017356368019284852,1.0769297334717896,0.10379642272362695,0.7473204846925807,0.9750438924999782
social interaction,14,0.007268951194184839,0.00827641623141824,0.8782727923459255,0.10344104773455297,0.7477386783391087,0.9750438924999782
offer,14,0.007268951194184839,0.00827641623141824,0.8782727923459255,0.10344104773455297,0.7477386783391087,0.9750438924999782
regarding,59,0.03063343717549325,0.02900763358778626,1.0560474394709516,0.10336764372229106,0.7478251565126115,0.9750438924999782
source,52,0.02699896157840083,0.028605865809562075,0.9438260585483098,0.10330742963949137,0.747896120765163,0.9750438924999782
extracted,21,0.010903426791277258,0.012053033346725592,0.9046209761163032,0.10245002962416203,0.7489090799219855,0.9755764769928044
brainstem,21,0.010903426791277258,0.012053033346725592,0.9046209761163032,0.10245002962416203,0.7489090799219855,0.9755764769928044
lingual,33,0.017133956386292833,0.018481317798312576,0.9270960314235405,0.10188042212918313,0.7495846178949929,0.9760625843344239
considerable,24,0.012461059190031152,0.011329851345922057,1.0998431320562958,0.10158492705118431,0.7499358864215346,0.9761262263583523
mirror,30,0.01557632398753894,0.01687424668541583,0.9230826286901053,0.10118995620018001,0.7504062863496841,0.9762607857442025
surrounding,9,0.004672897196261682,0.005544395339493772,0.8428145740214005,0.1009905686299273,0.7506441357549909,0.9762607857442025
distractors,14,0.007268951194184839,0.006347930895942145,1.1450898431851941,0.10011612718432283,0.7516903213802427,0.9767835792977864
induces,14,0.007268951194184839,0.006347930895942145,1.1450898431851941,0.10011612718432283,0.7516903213802427,0.9767835792977864
basal,71,0.03686396677050883,0.038650060265166736,0.9537880799563042,0.09975669396494871,0.7521218063549958,0.9767835792977864
triggered,17,0.008826583592938734,0.009883487344314986,0.8930636814156304,0.0991073722821508,0.7529034630263101,0.9767835792977864
ii,38,0.01973001038421599,0.021132985134592205,0.9336120883329583,0.09898747326419186,0.7530481056359349,0.9767835792977864
transition,13,0.006749740394600207,0.007713941341904379,0.875005408445829,0.09781715526081364,0.7544650263729963,0.9767835792977864
analyzed using,13,0.006749740394600207,0.007713941341904379,0.875005408445829,0.09781715526081364,0.7544650263729963,0.9767835792977864
frontal operculum,13,0.006749740394600207,0.007713941341904379,0.875005408445829,0.09781715526081364,0.7544650263729963,0.9767835792977864
middle temporal,101,0.052440290758047764,0.05046203294495782,1.039202895675007,0.09758041988750724,0.7547527752896921,0.9767835792977864
interpretation,31,0.016095534787123573,0.014865407794294898,1.0827509752743398,0.0975129806496955,0.754834816949426,0.9767835792977864
goals,23,0.011941848390446522,0.010847730012053034,1.1008615053267183,0.09678410556805377,0.7557235069643877,0.9767835792977864
implemented,23,0.011941848390446522,0.010847730012053034,1.1008615053267183,0.09678410556805377,0.7557235069643877,0.9767835792977864
control network,20,0.010384215991692628,0.011490558457211732,0.9037172588574458,0.09675898200137392,0.755754204524089,0.9767835792977864
play role,27,0.014018691588785047,0.012856568903173965,1.090391355140187,0.09657293237151574,0.7559816678610464,0.9767835792977864
extra,13,0.006749740394600207,0.005865809562073122,1.1506920439835557,0.09567671136329038,0.7570807633640072,0.9767835792977864
face ffa,13,0.006749740394600207,0.005865809562073122,1.1506920439835557,0.09567671136329038,0.7570807633640072,0.9767835792977864
fronto striatal,13,0.006749740394600207,0.005865809562073122,1.1506920439835557,0.09567671136329038,0.7570807633640072,0.9767835792977864
beginning,13,0.006749740394600207,0.005865809562073122,1.1506920439835557,0.09567671136329038,0.7570807633640072,0.9767835792977864
14 healthy,13,0.006749740394600207,0.005865809562073122,1.1506920439835557,0.09567671136329038,0.7570807633640072,0.9767835792977864
attributed,23,0.011941848390446522,0.013097629570108477,0.9117564614669139,0.09566264959829776,0.7570980530988418,0.9767835792977864
cortical subcortical,34,0.017653167185877467,0.016392125351546806,1.0769297334717896,0.09462552205001329,0.7583771185880092,0.9780428840599655
executive,102,0.0529595015576324,0.0549618320610687,0.9635687088958117,0.0935093159968661,0.7597623118839517,0.9783059419032036
mapp,16,0.008307372793354102,0.009321012454801126,0.8912521932180326,0.09339159349725684,0.7599089295648151,0.9783059419032036
applying,16,0.008307372793354102,0.009321012454801126,0.8912521932180326,0.09339159349725684,0.7599089295648151,0.9783059419032036
oriented,16,0.008307372793354102,0.009321012454801126,0.8912521932180326,0.09339159349725684,0.7599089295648151,0.9783059419032036
weak,12,0.006230529595015576,0.007151466452390519,0.8712240540445937,0.09221304203400003,0.7613823604500591,0.9783059419032036
risky,12,0.006230529595015576,0.007151466452390519,0.8712240540445937,0.09221304203400003,0.7613823604500591,0.9783059419032036
reliability,12,0.006230529595015576,0.007151466452390519,0.8712240540445937,0.09221304203400003,0.7613823604500591,0.9783059419032036
mentalizing,22,0.01142263759086189,0.010365608678184009,1.1019746109943893,0.0919891166501423,0.7616634738989528,0.9783059419032036
continuously,12,0.006230529595015576,0.005383688228204098,1.1572976240293857,0.09130334931925922,0.7625267100713864,0.9783059419032036
domains,31,0.016095534787123573,0.017356368019284852,0.9273561593784856,0.09119613444295503,0.7626619904102991,0.9783059419032036
situation,19,0.009865005192107996,0.010928083567697871,0.9027205118807647,0.09107837185482463,0.7628106795542867,0.9783059419032036
cortical network,19,0.009865005192107996,0.010928083567697871,0.9027205118807647,0.09107837185482463,0.7628106795542867,0.9783059419032036
shifts,19,0.009865005192107996,0.010928083567697871,0.9027205118807647,0.09107837185482463,0.7628106795542867,0.9783059419032036
monitoring,65,0.03374870197300104,0.03214142225793491,1.0500064901349948,0.09106778097273972,0.7628240569301002,0.9783059419032036
factors,76,0.03946002076843198,0.04122137404580153,0.9572708741971463,0.09064639285587878,0.7633570037691616,0.9786006386683295
people,96,0.04984423676012461,0.04797107271996786,1.0390477830481588,0.08996024261274897,0.7642277049845366,0.9793279204803828
level,353,0.18328141225337488,0.1864202490960225,0.9831625756436424,0.08879225935587354,0.7657181991211977,0.9804605243375513
word,123,0.06386292834890965,0.06597026918441141,0.9680562037785391,0.08879162194444361,0.7657190154445375,0.9804605243375513
structural functional,29,0.015057113187954309,0.01390116512655685,1.0831547608328982,0.0882192659518658,0.7664533148849222,0.9810116179415261
suffering,15,0.00778816199376947,0.008758537565287263,0.8892080368115695,0.08768223378027601,0.7671446567712388,0.981056787388531
resting,214,0.1111111111111111,0.10855765367617518,1.0235216711900648,0.08729573121583648,0.767643642417098,0.981056787388531
expressed,21,0.010903426791277258,0.009883487344314986,1.103196312336955,0.08720011290313212,0.7677672735836536,0.981056787388531
taken suggest,11,0.005711318795430945,0.004901566894335074,1.165202662444887,0.08701393254293019,0.7680082099537849,0.981056787388531
manifest,11,0.005711318795430945,0.004901566894335074,1.165202662444887,0.08701393254293019,0.7680082099537849,0.981056787388531
modulates,39,0.020249221183800622,0.018963439132181598,1.0678032103067745,0.08638996680120481,0.7688177345262736,0.981702392029593
useful,30,0.01557632398753894,0.016793893129770993,0.9274992919852733,0.0859053899552689,0.7694486114762584,0.9821194613860665
joint,16,0.008307372793354102,0.00739252711932503,1.1237527653618673,0.0845947557566143,0.7711646844913256,0.9838063345480875
dorsolateral prefrontal,137,0.0711318795430945,0.0732824427480916,0.9706537729318102,0.08443127221139182,0.7713797499198295,0.9838063345480875
aimed,83,0.043094496365524405,0.0413820811570912,1.0413805966387402,0.08345784289140035,0.7726650123689638,0.9850563427831813
musical,20,0.010384215991692628,0.009401366010445963,1.1045433163813225,0.08241727956534872,0.7740479275610527,0.9860074342041713
power,32,0.016614745586708203,0.017838489353153877,0.9313986884080342,0.08201057856891039,0.7745910033271205,0.9860074342041713
superior middle,14,0.007268951194184839,0.008196062675773403,0.8868833099179444,0.0819792823239389,0.7746328541331408,0.9860074342041713
validated,14,0.007268951194184839,0.008196062675773403,0.8868833099179444,0.0819792823239389,0.7746328541331408,0.9860074342041713
seventeen,10,0.005192107995846314,0.006026516673362796,0.8615437867774317,0.08107922055147605,0.7758401773458585,0.9871549438204302
assigned,15,0.00778816199376947,0.006910405785456006,1.127019488516989,0.07983796834729616,0.7775171111765736,0.9877522049897054
task using,17,0.008826583592938734,0.009803133788670149,0.9003838755255946,0.07975117531517656,0.7776348937660198,0.9877522049897054
concerning,17,0.008826583592938734,0.009803133788670149,0.9003838755255946,0.07975117531517656,0.7776348937660198,0.9877522049897054
means,42,0.021806853582554516,0.02314182402571314,0.9423135167878158,0.07966450732433059,0.7777525757414534,0.9877522049897054
task,797,0.4138110072689512,0.4175170751305745,0.9911235537840836,0.07960047841844603,0.7778395616740492,0.9877522049897054
hypotheses,27,0.014018691588785047,0.012936922458818802,1.083618738027515,0.07899711564915414,0.7786611165708223,0.9878759146759325
points,23,0.011941848390446522,0.01301727601446364,0.9173845877722653,0.07896469888645012,0.7787053517881111,0.9878759146759325
striatum,122,0.06334371754932502,0.06139011651265568,1.0318227289284685,0.07885502622326036,0.7788550814282058,0.9878759146759325
measures,120,0.06230529595015576,0.06428284451586982,0.9692367601246106,0.07835356340152161,0.7795411342338174,0.9883577302854527
cognitive function,19,0.009865005192107996,0.008919244676576938,1.1060359424845407,0.07764084328973006,0.7805202947245772,0.9891344078031267
clear,49,0.02544132917964694,0.026838087585375654,0.947956112696725,0.07737099967581558,0.7808922791396036,0.9891344078031267
subcortical,84,0.04361370716510903,0.04531940538368823,0.9623627405492587,0.0765654564769681,0.7820069105677612,0.9891344078031267
20 healthy,13,0.006749740394600207,0.007633587786259542,0.8842159916926272,0.07628272834522223,0.7823996177634382,0.9891344078031267
negative correlations,9,0.004672897196261682,0.005464041783848936,0.8552089059923034,0.0755609707087884,0.7834056991970516,0.9891344078031267
fixed,9,0.004672897196261682,0.005464041783848936,0.8552089059923034,0.0755609707087884,0.7834056991970516,0.9891344078031267
underpinning,9,0.004672897196261682,0.005464041783848936,0.8552089059923034,0.0755609707087884,0.7834056991970516,0.9891344078031267
run,9,0.004672897196261682,0.005464041783848936,0.8552089059923034,0.0755609707087884,0.7834056991970516,0.9891344078031267
resonance measure,9,0.004672897196261682,0.005464041783848936,0.8552089059923034,0.0755609707087884,0.7834056991970516,0.9891344078031267
shows,36,0.018691588785046728,0.019927681799919647,0.937971058185107,0.07548165584076912,0.7835165734421525,0.9891344078031267
domain,51,0.0264797507788162,0.027882683808758538,0.9496844335514916,0.07537637573029729,0.7836638413111323,0.9891344078031267
38,14,0.007268951194184839,0.0064282844515869825,1.130776220145379,0.07509007474816837,0.7840648849045296,0.9891344078031267
emission,33,0.017133956386292833,0.01599035757332262,1.0715180262684136,0.07477004804920598,0.784514144785528,0.9891344078031267
hum mapp,16,0.008307372793354102,0.009240658899156288,0.8990022122894938,0.07410636522931209,0.7854491408306052,0.9891344078031267
increasingly,22,0.01142263759086189,0.01245480112494978,0.9171272568921046,0.07354186962608186,0.7862479474006774,0.9891344078031267
task relevant,22,0.01142263759086189,0.01245480112494978,0.9171272568921046,0.07354186962608186,0.7862479474006774,0.9891344078031267
skill,19,0.009865005192107996,0.010847730012053034,0.909407330487289,0.07338004097266397,0.7864775545601171,0.9891344078031267
step,19,0.009865005192107996,0.010847730012053034,0.909407330487289,0.07338004097266397,0.7864775545601171,0.9891344078031267
sensitive,101,0.052440290758047764,0.05423865006026517,0.9668435829391177,0.0733255683280116,0.7865549030454274,0.9891344078031267
early,156,0.08099688473520249,0.0789071916432302,1.0264829231462271,0.07328252605088849,0.7866160427818187,0.9891344078031267
separated,18,0.009345794392523364,0.008437123342707915,1.1076991544281263,0.07287108392453638,0.7872014540415837,0.9891344078031267
social interactions,18,0.009345794392523364,0.008437123342707915,1.1076991544281263,0.07287108392453638,0.7872014540415837,0.9891344078031267
cortex dacc,18,0.009345794392523364,0.008437123342707915,1.1076991544281263,0.07287108392453638,0.7872014540415837,0.9891344078031267
primarily,57,0.029595015576323987,0.028204098031337888,1.0493161505622564,0.07198740823152247,0.7884647942044414,0.9892058425802027
intensity,55,0.028556593977154723,0.029971876255524308,0.9527796569589558,0.07182529269004066,0.7886974623349482,0.9892058425802027
widely,45,0.02336448598130841,0.02209722780233025,1.0573491928632115,0.07170696856691927,0.7888674587709076,0.9892058425802027
literature,48,0.024922118380062305,0.023623945359582163,1.0549515756458345,0.07156266905121211,0.7890749776488545,0.9892058425802027
shed light,12,0.006230529595015576,0.007071112896745681,0.8811243273860095,0.07059256108528209,0.7904759580419188,0.9892058425802027
t1 weighted,12,0.006230529595015576,0.007071112896745681,0.8811243273860095,0.07059256108528209,0.7904759580419188,0.9892058425802027
recently,68,0.035306334371754934,0.033828846926476495,1.0436753711555586,0.07038020201726922,0.7907840089363908,0.9892058425802027
behavioral level,13,0.006749740394600207,0.005946163117717959,1.1351421514972917,0.07035208225217461,0.7908248371212274,0.9892058425802027
setting,13,0.006749740394600207,0.005946163117717959,1.1351421514972917,0.07035208225217461,0.7908248371212274,0.9892058425802027
early stage,13,0.006749740394600207,0.005946163117717959,1.1351421514972917,0.07035208225217461,0.7908248371212274,0.9892058425802027
cortex lateral,13,0.006749740394600207,0.005946163117717959,1.1351421514972917,0.07035208225217461,0.7908248371212274,0.9892058425802027
severe,27,0.014018691588785047,0.01510646846122941,0.9279926426724995,0.07027579162935352,0.7909356504645301,0.9892058425802027
object,111,0.05763239875389408,0.05946163117717959,0.9692367601246106,0.07003298354978016,0.7912887621742632,0.989264184468831
produced,52,0.02699896157840083,0.028364805142627562,0.9518472431818649,0.06921106604546576,0.792488948632927,0.9902789606607728
aim,82,0.04257528556593977,0.0441944556046605,0.9633625979420373,0.06905751389305684,0.7927140131187846,0.9902789606607728
exist,21,0.010903426791277258,0.009963840899959824,1.0942995678826248,0.06835666713968651,0.79374467040174,0.9911828998285558
biological,37,0.01921079958463136,0.020409803133788672,0.9412535465777058,0.06797915619803975,0.7943021738738383,0.9913199140927001
parietal frontal,18,0.009345794392523364,0.010285255122539172,0.9086594626168224,0.06786668269580985,0.7944685928617767,0.9913199140927001
abnormal,78,0.040498442367601244,0.038971474487746086,1.0391816809583452,0.06672976161190264,0.7961591467556384,0.9930454890754253
biomarkers,12,0.006230529595015576,0.005464041783848936,1.1402785413230712,0.06562535313271178,0.79781612997307,0.9947278746825301
diagnosed,11,0.005711318795430945,0.00650863800723182,0.877498301347384,0.06490876980938536,0.7988992058423161,0.9956936820305006
intervention,20,0.010384215991692628,0.009481719566090799,1.09518277980182,0.06370676519913049,0.8007303611492915,0.9975907394017418
exposed,27,0.014018691588785047,0.01301727601446364,1.0769297334717896,0.0632643999426294,0.8014088902679154,0.9980508864910612
clips,14,0.007268951194184839,0.008115709120128566,0.8956643327884191,0.06286063854549288,0.802030411444646,0.9984397100437012
relations,17,0.008826583592938734,0.009722780233025311,0.9078250645795252,0.062381953354744224,0.8027700198150428,0.9989751827150957
prominent,30,0.01557632398753894,0.014543993571715548,1.0709798454415587,0.061867835323276554,0.8035677403833941,0.999582530234141
certain,33,0.017133956386292833,0.016070711128967456,1.0661604361370716,0.06094952908849648,0.8050014168188023,0.9998185172367325
available,33,0.017133956386292833,0.016070711128967456,1.0661604361370716,0.06094952908849648,0.8050014168188023,0.9998185172367325
pointing,11,0.005711318795430945,0.004981920449979912,1.1464090711151307,0.06091177483322431,0.8050606039300283,0.9998185172367325
iq,23,0.011941848390446522,0.011008437123342709,1.0847905344460362,0.060822429745953345,0.8052007472291349,0.9998185172367325
insights,36,0.018691588785046728,0.017597428686219364,1.0621772713694362,0.06038661322042295,0.8058859228042881,0.9998185172367325
intrinsic,52,0.02699896157840083,0.028284451586982725,0.954551354668177,0.059313026998610456,0.8075850421849894,0.9998185172367325
mental imagery,10,0.005192107995846314,0.005946163117717959,0.8731862703825322,0.05923134380684324,0.8077149832824568,0.9998185172367325
lexical decision,10,0.005192107995846314,0.005946163117717959,0.8731862703825322,0.05923134380684324,0.8077149832824568,0.9998185172367325
gamma,10,0.005192107995846314,0.005946163117717959,0.8731862703825322,0.05923134380684324,0.8077149832824568,0.9998185172367325
final,10,0.005192107995846314,0.005946163117717959,0.8731862703825322,0.05923134380684324,0.8077149832824568,0.9998185172367325
evident,30,0.01557632398753894,0.01663318601848132,0.9364606378015561,0.05893972684113616,0.8081796615358738,0.9998185172367325
interval,26,0.013499480789200415,0.012535154680594617,1.0769297334717893,0.05890638732559963,0.8082328639991034,0.9998185172367325
days,22,0.01142263759086189,0.012374447569304942,0.9230826286901053,0.058616830954185725,0.8086956037121426,0.9998185172367325
eating,15,0.00778816199376947,0.006990759341100844,1.114065241522541,0.058605846923803294,0.8087131810734537,0.9998185172367325
criteria,15,0.00778816199376947,0.006990759341100844,1.114065241522541,0.058605846923803294,0.8087131810734537,0.9998185172367325
delivered,15,0.00778816199376947,0.006990759341100844,1.114065241522541,0.058605846923803294,0.8087131810734537,0.9998185172367325
language comprehension,13,0.006749740394600207,0.007553234230614705,0.8936225447957402,0.05726339210417068,0.8108747440795634,1.0
neuroanatomical,27,0.014018691588785047,0.015026114905584573,0.9329551701734219,0.056934998512867395,0.811407577281537,1.0
posterior temporal,16,0.008307372793354102,0.00916030534351145,0.9068881966078227,0.05692994350251628,0.8114157919373074,1.0
adapted,16,0.008307372793354102,0.00916030534351145,0.9068881966078227,0.05692994350251628,0.8114157919373074,1.0
parietal temporal,16,0.008307372793354102,0.00916030534351145,0.9068881966078227,0.05692994350251628,0.8114157919373074,1.0
types,109,0.05659397715472482,0.0549618320610687,1.0296959732317987,0.05679031194053734,0.8116428530761761,1.0
judgment,37,0.01921079958463136,0.020329449578143834,0.9449739163270248,0.056563240390066785,0.8120127351146005,1.0
comparing,69,0.03582554517133956,0.034471675371635195,1.0392748476860625,0.05539771748644976,0.8139237438648772,1.0
magnitude,60,0.03115264797507788,0.03246283648051426,0.9596403565590204,0.054497785182783996,0.815413849201435,1.0
subserve,18,0.009345794392523364,0.008517476898352753,1.0972491624052194,0.05446795722250162,0.8154634596127537,1.0
prefrontal cortical,14,0.007268951194184839,0.00650863800723182,1.1168160198966708,0.053867371588614384,0.816465428697458,1.0
experiencing,14,0.007268951194184839,0.00650863800723182,1.1168160198966708,0.053867371588614384,0.816465428697458,1.0
sensations,9,0.004672897196261682,0.005383688228204098,0.8679732180220392,0.05356027239094269,0.8169800436153024,1.0
contains,9,0.004672897196261682,0.005383688228204098,0.8679732180220392,0.05356027239094269,0.8169800436153024,1.0
trajectories,9,0.004672897196261682,0.005383688228204098,0.8679732180220392,0.05356027239094269,0.8169800436153024,1.0
convergence,9,0.004672897196261682,0.005383688228204098,0.8679732180220392,0.05356027239094269,0.8169800436153024,1.0
occurring,21,0.010903426791277258,0.011811972679791082,0.9230826286901053,0.05349908026065484,0.8170827705966786,1.0
purpose,41,0.021287642782969886,0.0224186420249096,0.9495509477923306,0.052930971097538464,0.8180394597036911,1.0
generated,41,0.021287642782969886,0.0224186420249096,0.9495509477923306,0.052930971097538464,0.8180394597036911,1.0
implicit,37,0.01921079958463136,0.018159903575733227,1.0578690302245013,0.05237553742066094,0.8189800439937805,1.0
control condition,26,0.013499480789200415,0.01446364001607071,0.9333391023422176,0.05210550588700637,0.819439217991594,1.0
difficulty,57,0.029595015576323987,0.028364805142627562,1.0433710165647365,0.05209590311974425,0.8194555700017178,1.0
reactions,12,0.006230529595015576,0.006990759341100844,0.8912521932180327,0.05168666480501979,0.8201539181242894,1.0
neurodegenerative,12,0.006230529595015576,0.006990759341100844,0.8912521932180327,0.05168666480501979,0.8201539181242894,1.0
systematic,15,0.00778816199376947,0.008597830453997589,0.90582874778001,0.05151581948329478,0.8204463186609728,1.0
dmn,51,0.0264797507788162,0.025311370028123746,1.0461603125154526,0.050700494795142416,0.8218488130341515,1.0
access,24,0.012461059190031152,0.01157091201285657,1.0769297334717896,0.050314134715188676,0.8225175548356642,1.0
eighteen,17,0.008826583592938734,0.008035355564483728,1.0984683281412255,0.049884646897144266,0.8232641183825673,1.0
memory wm,33,0.017133956386292833,0.018159903575733227,0.9435048107407713,0.049695890937499244,0.8235932934132001,1.0
deep,13,0.006749740394600207,0.006026516673362796,1.120006922810661,0.049138624237263465,0.8245689675680352,1.0
males,35,0.018172377985462097,0.01920449979911611,0.9462562511676812,0.04782841515362701,0.8268860195616319,1.0
pain,67,0.0347871235721703,0.03607874648453194,0.9641998950014686,0.047398633681424336,0.8276533008132628,1.0
identical,42,0.021806853582554516,0.022900763358778626,0.9522326064382138,0.04730207350489943,0.8278261886989742,1.0
able,42,0.021806853582554516,0.022900763358778626,0.9522326064382138,0.04730207350489943,0.8278261886989742,1.0
dynamic,80,0.04153686396677051,0.04290879871434311,0.9680267267162154,0.04687693915762409,0.8285895848680044,1.0
ventrolateral,60,0.03115264797507788,0.03238248292486943,0.9620215981385712,0.046270871909998304,0.8296841674375728,1.0
neuroanatomy,14,0.007268951194184839,0.008035355564483728,0.9046209761163033,0.04614620089435017,0.8299102569944017,1.0
classified,16,0.008307372793354102,0.007553234230614705,1.0998431320562956,0.04533031942011485,0.8313978010399345,1.0
voxel wise,22,0.01142263759086189,0.012294094013660105,0.9291158484854655,0.04531389435198225,0.8314278909321164,1.0
26,29,0.015057113187954309,0.014142225793491362,1.0646918955914282,0.04487824812453408,0.8322280631849318,1.0
probe,29,0.015057113187954309,0.014142225793491362,1.0646918955914282,0.04487824812453408,0.8322280631849318,1.0
tensor dti,12,0.006230529595015576,0.005544395339493772,1.1237527653618673,0.04442090784567889,0.8330724603633262,1.0
varies,12,0.006230529595015576,0.005544395339493772,1.1237527653618673,0.04442090784567889,0.8330724603633262,1.0
problems,34,0.017653167185877467,0.01864202490960225,0.9469554552941597,0.04359303657958461,0.8346126035012272,1.0
independent,160,0.08307372793354102,0.08477300120530333,0.9799550181354674,0.04220639981311297,0.8372268383325536,1.0
relevance,40,0.020768431983385256,0.019766974688629972,1.050663154606624,0.04210051808924267,0.8374282854426915,1.0
intermediate,16,0.008307372793354102,0.009079951787866613,0.9149137558698389,0.04191085969548373,0.8377897843120707,1.0
employed,67,0.0347871235721703,0.03358778625954199,1.0357075427168885,0.04138803880857678,0.8387907437989421,1.0
age gender,31,0.016095534787123573,0.017034953796705506,0.9448534454044946,0.041050470628155415,0.8394405319525551,1.0
sub,31,0.016095534787123573,0.015186822016874246,1.0598356107182691,0.04102645085975756,0.839486873653056,1.0
obtain,13,0.006749740394600207,0.007472880674969868,0.9032313893634363,0.040829708974252414,0.8398669834929523,1.0
interactive,13,0.006749740394600207,0.007472880674969868,0.9032313893634363,0.040829708974252414,0.8398669834929523,1.0
blocked,15,0.00778816199376947,0.007071112896745681,1.101405409232512,0.04080992145001193,0.8399052661525342,1.0
rostral anterior,15,0.00778816199376947,0.007071112896745681,1.101405409232512,0.04080992145001193,0.8399052661525342,1.0
little,130,0.06749740394600208,0.06597026918441141,1.0231488332618708,0.04065779510411501,0.840199906131577,1.0
temporal inferior,10,0.005192107995846314,0.005865809562073122,0.8851477261411969,0.040611086539198475,0.8402904868597896,1.0
parietal lobules,10,0.005192107995846314,0.005865809562073122,0.8851477261411969,0.040611086539198475,0.8402904868597896,1.0
quantitative,21,0.010903426791277258,0.011731619124146244,0.9294051124482566,0.04054649792583795,0.8404158312583669,1.0
high low,26,0.013499480789200415,0.014383286460425873,0.9385532872715038,0.040457375878029965,0.840588957344129,1.0
30,56,0.029075804776739357,0.027963037364403375,1.0397942254210382,0.04034771932596073,0.8408022456662282,1.0
covaried,11,0.005711318795430945,0.005062274005624749,1.128212101732351,0.03971602102109392,0.8420368491521242,1.0
18 healthy,11,0.005711318795430945,0.005062274005624749,1.128212101732351,0.03971602102109392,0.8420368491521242,1.0
partner,11,0.005711318795430945,0.005062274005624749,1.128212101732351,0.03971602102109392,0.8420368491521242,1.0
stages,40,0.020768431983385256,0.021775813579750905,0.9537385093477103,0.03944276920742255,0.8425740598475472,1.0
anticipation,42,0.021806853582554516,0.020811570912012856,1.0478235244590384,0.03934345218417161,0.8427697953500812,1.0
receptor,18,0.009345794392523364,0.010124548011249498,0.9230826286901052,0.03857283751851086,0.8442973403009464,1.0
25,50,0.02596053997923157,0.02490960224989956,1.042190064650119,0.03853242148254023,0.8443778902364604,1.0
control group,42,0.021806853582554516,0.02282040980313379,0.9555855381510245,0.03832836823558776,0.8447852437725784,1.0
psychophysiological interaction,21,0.010903426791277258,0.010124548011249498,1.0769297334717893,0.03781336064067406,0.8458183926191805,1.0
predicts,21,0.010903426791277258,0.010124548011249498,1.0769297334717893,0.03781336064067406,0.8458183926191805,1.0
participant,33,0.017133956386292833,0.01623141824025713,1.0556043922149223,0.03767270572355259,0.8461018259910051,1.0
daily,27,0.014018691588785047,0.013177983125753315,1.0637964440392067,0.03721386232309066,0.8470302769591684,1.0
presumably,15,0.00778816199376947,0.008517476898352753,0.9143743020043495,0.03685788892083109,0.8477546718088576,1.0
task conditions,15,0.00778816199376947,0.008517476898352753,0.9143743020043495,0.03685788892083109,0.8477546718088576,1.0
factor,52,0.02699896157840083,0.025954198473282442,1.0402541078736791,0.036424473280809465,0.8486415731822681,1.0
pathophysiological,14,0.007268951194184839,0.006588991562876657,1.1031963123369553,0.03632984444636404,0.8488359390773964,1.0
previous shown,14,0.007268951194184839,0.006588991562876657,1.1031963123369553,0.03632984444636404,0.8488359390773964,1.0
follow,25,0.012980269989615784,0.013820811570912013,0.939182907097491,0.036073449999771225,0.8493638906937262,1.0
scanner,70,0.036344755970924195,0.03752511048613901,0.9685449423086758,0.035953915450523906,0.8496106932355902,1.0
observers,12,0.006230529595015576,0.006910405785456006,0.9016155908135912,0.03557778358939936,0.850390076360229,1.0
14,70,0.036344755970924195,0.03519485737243873,1.0326723471647297,0.035348748932596735,0.8508667506543246,1.0
49,9,0.004672897196261682,0.005303334672559261,0.8811243273860095,0.035124758212381244,0.8513344762589681,1.0
passive viewing,9,0.004672897196261682,0.005303334672559261,0.8811243273860095,0.035124758212381244,0.8513344762589681,1.0
fasciculus,9,0.004672897196261682,0.005303334672559261,0.8811243273860095,0.035124758212381244,0.8513344762589681,1.0
identified,189,0.09813084112149532,0.0997991161108879,0.9832836696916339,0.034837686295596096,0.8519361875275329,1.0
mental state,17,0.008826583592938734,0.008115709120128566,1.0875924041002232,0.03461214823772322,0.8524107238479304,1.0
approach,124,0.06438213914849429,0.06580956207312173,0.9783097945091715,0.03459048640399178,0.8524563848451446,1.0
location,65,0.03374870197300104,0.03487344314985938,0.9677479171751106,0.03386595105346977,0.8539922431683612,1.0
ones,20,0.010384215991692628,0.009642426677380474,1.0769297334717896,0.03377794948983846,0.8541799399742622,1.0
date,29,0.015057113187954309,0.0142225793491362,1.0586766871417592,0.03375659697549427,0.85422552042625,1.0
instead,36,0.018691588785046728,0.019606267577340297,0.953347632909453,0.033009772478756715,0.8558292185375556,1.0
hypothesized,88,0.04569055036344756,0.046926476496584976,0.9736624987553165,0.032791803992481654,0.8563008002075948,1.0
encode,14,0.007268951194184839,0.00795500200883889,0.9137585617336397,0.03189921631185221,0.8582490326702812,1.0
evoke,14,0.007268951194184839,0.00795500200883889,0.9137585617336397,0.03189921631185221,0.8582490326702812,1.0
just,14,0.007268951194184839,0.00795500200883889,0.9137585617336397,0.03189921631185221,0.8582490326702812,1.0
evidenced,13,0.006749740394600207,0.0061068702290076335,1.105269989615784,0.03189849284441493,0.8582506231010235,1.0
poorly,45,0.02336448598130841,0.0224186420249096,1.042190064650119,0.03159058571106759,0.858929206713245,1.0
vlpfc,19,0.009865005192107996,0.010606669345118521,0.9300756789074546,0.03132378274014548,0.8595199665482505,1.0
corresponding,63,0.03271028037383177,0.03165930092406589,1.033196546325727,0.03056877099266302,0.8612059290883427,1.0
dissociated,16,0.008307372793354102,0.007633587786259542,1.0882658359293873,0.03044005581768059,0.8614954865599012,1.0
determining,16,0.008307372793354102,0.007633587786259542,1.0882658359293873,0.03044005581768059,0.8614954865599012,1.0
uses,16,0.008307372793354102,0.007633587786259542,1.0882658359293873,0.03044005581768059,0.8614954865599012,1.0
performance task,16,0.008307372793354102,0.007633587786259542,1.0882658359293873,0.03044005581768059,0.8614954865599012,1.0
resonance experiment,16,0.008307372793354102,0.007633587786259542,1.0882658359293873,0.03044005581768059,0.8614954865599012,1.0
hypothesize,11,0.005711318795430945,0.006347930895942145,0.8997134482169382,0.030405935946730984,0.8615723482985491,1.0
capture,11,0.005711318795430945,0.006347930895942145,0.8997134482169382,0.030405935946730984,0.8615723482985491,1.0
salient,33,0.017133956386292833,0.01799919646444355,0.951928960836671,0.03036375576387021,0.8616674289276343,1.0
18,83,0.043094496365524405,0.04194455604660506,1.0274157227374545,0.029893341905214837,0.862732459590249,1.0
inferior temporal,44,0.02284527518172378,0.023784652470871834,0.9605048974207854,0.029537987538757342,0.8635427268718111,1.0
poorly understood,35,0.018172377985462097,0.019043792687826435,0.9542415359876617,0.029350453848687407,0.8639723584187334,1.0
cognition,100,0.05192107995846314,0.050703093611892326,1.0240219335706398,0.029126275049889582,0.8644878004733247,1.0
normally,16,0.008307372793354102,0.008999598232221776,0.9230826286901053,0.029099161936937866,0.8645502783604493,1.0
respective,16,0.008307372793354102,0.008999598232221776,0.9230826286901053,0.029099161936937866,0.8645502783604493,1.0
isolated,16,0.008307372793354102,0.008999598232221776,0.9230826286901053,0.029099161936937866,0.8645502783604493,1.0
weight,16,0.008307372793354102,0.008999598232221776,0.9230826286901053,0.029099161936937866,0.8645502783604493,1.0
perspective,36,0.018691588785046728,0.017838489353153877,1.0478235244590384,0.02896326727448868,0.8648638784059477,1.0
emission tomography,28,0.014537902388369679,0.01534752912816392,0.9472470954097416,0.0288902847007959,0.8650326105956626,1.0
neuroscience,28,0.014537902388369679,0.01534752912816392,0.9472470954097416,0.0288902847007959,0.8650326105956626,1.0
simultaneous,37,0.01921079958463136,0.020088388911209322,0.9563136033229491,0.028450904754295552,0.8660531022451711,1.0
lesions,33,0.017133956386292833,0.01631177179590197,1.0504043705783956,0.02817998162217979,0.8666863842067496,1.0
map,33,0.017133956386292833,0.01631177179590197,1.0504043705783956,0.02817998162217979,0.8666863842067496,1.0
classification,30,0.01557632398753894,0.016392125351546806,0.9502321177692261,0.027726608935970756,0.8677531831298764,1.0
cognitive emotional,12,0.006230529595015576,0.00562474889513861,1.1076991544281265,0.027527143246281284,0.8682253701010609,1.0
isolate,12,0.006230529595015576,0.00562474889513861,1.1076991544281265,0.027527143246281284,0.8682253701010609,1.0
depressed,30,0.01557632398753894,0.01478505423865006,1.0535182175267506,0.027464914252722995,0.8683730417894426,1.0
better understanding,13,0.006749740394600207,0.00739252711932503,0.9130491218565172,0.02705492966020204,0.8693502767767967,1.0
efficacy,13,0.006749740394600207,0.00739252711932503,0.9130491218565172,0.02705492966020204,0.8693502767767967,1.0
frontal cortices,13,0.006749740394600207,0.00739252711932503,0.9130491218565172,0.02705492966020204,0.8693502767767967,1.0
ongoing,27,0.014018691588785047,0.013258336681398152,1.0573491928632115,0.026840325730300103,0.8698648376273364,1.0
frontotemporal,15,0.00778816199376947,0.007151466452390519,1.0890300675557423,0.026351700631445728,0.8710443621647443,1.0
videos,15,0.00778816199376947,0.007151466452390519,1.0890300675557423,0.026351700631445728,0.8710443621647443,1.0
genetic,43,0.02232606438213915,0.021454399357171555,1.0406287312199316,0.025844873611410395,0.8722797458486005,1.0
unimodal,10,0.005192107995846314,0.005785456006428285,0.8974414445598247,0.02533573460173054,0.8735333410388747,1.0
having,20,0.010384215991692628,0.011088790678987544,0.9364606378015562,0.02513392214564081,0.8740338122097586,1.0
distinguish,27,0.014018691588785047,0.01478505423865006,0.9481663957740756,0.025098373686536682,0.8741221813145774,1.0
variable,27,0.014018691588785047,0.01478505423865006,0.9481663957740756,0.025098373686536682,0.8741221813145774,1.0
prefrontal cortices,32,0.016614745586708203,0.015829650462032944,1.0495964915055005,0.025051608313855316,0.8742385320561016,1.0
completed,64,0.033229491173416406,0.034230614704700686,0.97075356256612,0.024910373161149676,0.8745905979282917,1.0
generally,49,0.02544132917964694,0.02635596625150663,0.9652967732948358,0.024683129518666403,0.8751592164828695,1.0
shifting,15,0.00778816199376947,0.008437123342707915,0.9230826286901053,0.02455886246234956,0.8754712974175172,1.0
occurred,45,0.02336448598130841,0.02249899558055444,1.0384679572763684,0.02414833163231927,0.876508085242871,1.0
second,119,0.06178608515057113,0.06299718762555243,0.980775292983237,0.023522820876344358,0.8781053087293812,1.0
spin labeling,11,0.005711318795430945,0.005142627561269586,1.110583787642783,0.023231284759178343,0.8788571625892561,1.0
watching,11,0.005711318795430945,0.005142627561269586,1.110583787642783,0.023231284759178343,0.8788571625892561,1.0
adolescence,31,0.016095534787123573,0.01687424668541583,0.9538520496464421,0.023201846326942277,0.8789333502019333,1.0
plays,59,0.03063343717549325,0.031578947368421054,0.9700588438906196,0.022829214115480067,0.8799020424437368,1.0
wm,44,0.02284527518172378,0.023704298915227,0.9637608462256014,0.022647369692582554,0.8803777000620789,1.0
mental states,20,0.010384215991692628,0.009722780233025311,1.0680294877406178,0.022454309266681963,0.8808848380301211,1.0
compensate,14,0.007268951194184839,0.006669345118521495,1.0899047905015702,0.022364193375196514,0.8811223206827556,1.0
classic,14,0.007268951194184839,0.006669345118521495,1.0899047905015702,0.022364193375196514,0.8811223206827556,1.0
plays important,14,0.007268951194184839,0.006669345118521495,1.0899047905015702,0.022364193375196514,0.8811223206827556,1.0
middle superior,12,0.006230529595015576,0.006830052229811169,0.9122228330584571,0.022351747215646017,0.881155158499518,1.0
monitor,12,0.006230529595015576,0.006830052229811169,0.9122228330584571,0.022351747215646017,0.881155158499518,1.0
recruited,111,0.05763239875389408,0.05648854961832061,1.0202492211838006,0.022238422214045428,0.8814545850285878,1.0
functional networks,31,0.016095534787123573,0.01534752912816392,1.048737855632214,0.022031733059209548,0.8820027128679501,1.0
function,283,0.14693665628245067,0.14535958216151065,1.0108494679022104,0.02187730589072476,0.8824139621231023,1.0
46,19,0.009865005192107996,0.010526315789473684,0.9371754932502596,0.02110579246482825,0.8844911252645298,1.0
t1,19,0.009865005192107996,0.010526315789473684,0.9371754932502596,0.02110579246482825,0.8844911252645298,1.0
complementary,19,0.009865005192107996,0.010526315789473684,0.9371754932502596,0.02110579246482825,0.8844911252645298,1.0
single subject,9,0.004672897196261682,0.005222981116914423,0.8946800862688713,0.020398079687876904,0.886430883359515,1.0
replicate,9,0.004672897196261682,0.005222981116914423,0.8946800862688713,0.020398079687876904,0.886430883359515,1.0
globus,9,0.004672897196261682,0.005222981116914423,0.8946800862688713,0.020398079687876904,0.886430883359515,1.0
apply,9,0.004672897196261682,0.005222981116914423,0.8946800862688713,0.020398079687876904,0.886430883359515,1.0
economic,9,0.004672897196261682,0.005222981116914423,0.8946800862688713,0.020398079687876904,0.886430883359515,1.0
emerging,14,0.007268951194184839,0.007874648453194053,0.9230826286901054,0.020185190723268173,0.8870210843502581,1.0
abnormalities,93,0.048286604361370715,0.047247890719164326,1.0219843389069023,0.020174181910463256,0.8870516906895347,1.0
questions,21,0.010903426791277258,0.01157091201285657,0.9423135167878158,0.019869039300669643,0.8879034540887945,1.0
occur,47,0.024402907580477674,0.02523101647247891,0.9671789326084225,0.019010694282643396,0.8903358306555643,1.0
evaluate,47,0.024402907580477674,0.02523101647247891,0.9671789326084225,0.019010694282643396,0.8903358306555643,1.0
differ,72,0.037383177570093455,0.038328646042587386,0.9753325888046395,0.018925095366895066,0.8905814430149078,1.0
share,23,0.011941848390446522,0.012615508236239454,0.9466006574465411,0.018850015808015392,0.8907973380907307,1.0
outcome,53,0.027518172377985463,0.02667738047408598,1.0315170338675574,0.01872380310616002,0.8911612586181558,1.0
high risk,16,0.008307372793354102,0.008919244676576938,0.9313986884080342,0.018546474820230578,0.8916746829415887,1.0
explicitly,16,0.008307372793354102,0.008919244676576938,0.9313986884080342,0.018546474820230578,0.8916746829415887,1.0
posterior anterior,13,0.006749740394600207,0.006187223784652471,1.090915833906488,0.018499970223953444,0.8918097425518747,1.0
pharmacological,13,0.006749740394600207,0.006187223784652471,1.090915833906488,0.018499970223953444,0.8918097425518747,1.0
resonance rs,13,0.006749740394600207,0.006187223784652471,1.090915833906488,0.018499970223953444,0.8918097425518747,1.0
demonstrates,27,0.014018691588785047,0.01333869023704299,1.0509796194122283,0.01819842991412521,0.8926897089866972,1.0
functional magnetic,806,0.4184839044652129,0.4204098031337887,0.9954189967640624,0.01810285158574859,0.8929701764815045,1.0
close,25,0.012980269989615784,0.013660104459622338,0.9502321177692261,0.017998510680476535,0.893277219107954,1.0
noxious,11,0.005711318795430945,0.006267577340297308,0.9112482360145912,0.017825997656373042,0.8937868649789511,1.0
additional,106,0.055036344755970926,0.056086781840096425,0.9812712184642667,0.017794219956083972,0.8938810174823578,1.0
05,45,0.02336448598130841,0.022579349136199276,1.034772341770047,0.01772218437180653,0.8940947653212029,1.0
apparent,20,0.010384215991692628,0.011008437123342709,0.9432961169095967,0.01624756169746914,0.8985716421173684,1.0
volunteers,99,0.0514018691588785,0.05239051828043391,0.9811292357089616,0.015980553552328403,0.8994040511094162,1.0
major,88,0.04569055036344756,0.04475693049417437,1.0208597832551254,0.015631137611833806,0.9005041162932934,1.0
computational,26,0.013499480789200415,0.012856568903173965,1.0500064901349948,0.015371368396900046,0.9013300632211385,1.0
shaped,12,0.006230529595015576,0.005705102450783447,1.0920977578868851,0.014789038509715819,0.9032077422957996,1.0
middle cingulate,12,0.006230529595015576,0.005705102450783447,1.0920977578868851,0.014789038509715819,0.9032077422957996,1.0
middle inferior,12,0.006230529595015576,0.005705102450783447,1.0920977578868851,0.014789038509715819,0.9032077422957996,1.0
facilitates,12,0.006230529595015576,0.005705102450783447,1.0920977578868851,0.014789038509715819,0.9032077422957996,1.0
observations,24,0.012461059190031152,0.013097629570108477,0.951398046748084,0.014730299730243116,0.9033992083859222,1.0
connections,56,0.029075804776739357,0.028284451586982725,1.0279783819503445,0.014610726169868068,0.9037901733372956,1.0
bases,28,0.014537902388369679,0.01390116512655685,1.0458045966662466,0.013731446615189718,0.9067164206048032,1.0
hemodynamic,47,0.024402907580477674,0.02515066291683407,0.9702689611471075,0.013704731314813723,0.9068067948174448,1.0
years old,10,0.005192107995846314,0.005705102450783447,0.9100814649057377,0.013528365967683292,0.9074056686043065,1.0
processed,48,0.024922118380062305,0.02418642024909602,1.0304178180726757,0.013375447160281032,0.9079281366962078,1.0
healthy control,43,0.02232606438213915,0.02161510646846123,1.0328917146309358,0.01327651545181437,0.9082677643380349,1.0
directed,53,0.027518172377985463,0.028284451586982725,0.9729081114887189,0.013252837747418124,0.9083492387027485,1.0
importantly,60,0.03115264797507788,0.030373644033748492,1.0256473652112281,0.01296261110615189,0.9093539565033334,1.0
computed,19,0.009865005192107996,0.010445962233828847,0.9443845355060309,0.012851215854139838,0.9097426111512514,1.0
fourteen,17,0.008826583592938734,0.00827641623141824,1.066474104991481,0.012627833307413964,0.9105271610110597,1.0
current,199,0.10332294911734165,0.10445962233828847,0.9891185398194745,0.012503406448764817,0.910967214021159,1.0
require,36,0.018691588785046728,0.019365206910405785,0.9652150308294877,0.012330658151202463,0.9115818546449046,1.0
wm task,14,0.007268951194184839,0.006749698674166332,1.0769297334717896,0.011861743103609714,0.9132725822807537,1.0
achieved,22,0.01142263759086189,0.010847730012053034,1.0529979616168608,0.011683785824520319,0.9139230613061806,1.0
selectively,48,0.024922118380062305,0.025632784250703092,0.9722751198742176,0.011315084922714661,0.9152868999670811,1.0
half,27,0.014018691588785047,0.013419043792687827,1.0446863282780234,0.011261738838311873,0.9154860797468765,1.0
extending,25,0.012980269989615784,0.0135797509039775,0.9558547930222985,0.011249207521289637,0.915532937431625,1.0
discrimination task,14,0.007268951194184839,0.007794294897549217,0.9325989444497972,0.011071990793767285,0.9161984419027006,1.0
brief,14,0.007268951194184839,0.007794294897549217,0.9325989444497972,0.011071990793767285,0.9161984419027006,1.0
ventral dorsal,14,0.007268951194184839,0.007794294897549217,0.9325989444497972,0.011071990793767285,0.9161984419027006,1.0
responsiveness,14,0.007268951194184839,0.007794294897549217,0.9325989444497972,0.011071990793767285,0.9161984419027006,1.0
utility,14,0.007268951194184839,0.007794294897549217,0.9325989444497972,0.011071990793767285,0.9161984419027006,1.0
limited,54,0.028037383177570093,0.028766572920851746,0.9746514906281001,0.011043990736899009,0.9163040822312524,1.0
sensitivity,88,0.04569055036344756,0.046524708718360785,0.9820706377773832,0.010761161941251103,0.9173788406558293,1.0
unaffected,19,0.009865005192107996,0.009321012454801126,1.0583619794464139,0.01068920246628292,0.9176545600934287,1.0
cortex suggest,19,0.009865005192107996,0.009321012454801126,1.0583619794464139,0.01068920246628292,0.9176545600934287,1.0
concepts,19,0.009865005192107996,0.009321012454801126,1.0583619794464139,0.01068920246628292,0.9176545600934287,1.0
parietal cortices,31,0.016095534787123573,0.016713539574126156,0.9630237039699656,0.01032758334717495,0.9190545587427886,1.0
statement,16,0.008307372793354102,0.008838891120932101,0.9398659492117436,0.010306061961410928,0.9191386531484081,1.0
wiley,16,0.008307372793354102,0.008838891120932101,0.9398659492117436,0.010306061961410928,0.9191386531484081,1.0
control task,24,0.012461059190031152,0.011892326235435917,1.0478235244590386,0.010202287870935422,0.919545399226971,1.0
vbm,29,0.015057113187954309,0.01446364001607071,1.0410320756893965,0.01003803154238184,0.9201935029687291,1.0
provide,233,0.12097611630321911,0.11988750502209723,1.009080273051985,0.009825660336050576,0.9210394443823048,1.0
frequency fluctuations,16,0.008307372793354102,0.007794294897549217,1.0658273650854824,0.009726697147970165,0.9214367984894214,1.0
ways,18,0.009345794392523364,0.009883487344314986,0.9455968391459615,0.0097172277292538,0.9214749266042151,1.0
pallidus,9,0.004672897196261682,0.005142627561269586,0.9086594626168224,0.009531759898486113,0.9222255201914834,1.0
advances,9,0.004672897196261682,0.005142627561269586,0.9086594626168224,0.009531759898486113,0.9222255201914834,1.0
globus pallidus,9,0.004672897196261682,0.005142627561269586,0.9086594626168224,0.009531759898486113,0.9222255201914834,1.0
impaired,97,0.05036344755970924,0.05118521494576135,0.9839452195927496,0.009376476418750723,0.9228596461859667,1.0
trend,20,0.010384215991692628,0.010928083567697871,0.9502321177692261,0.009254443549252554,0.9233617161654458,1.0
allowing,20,0.010384215991692628,0.010928083567697871,0.9502321177692261,0.009254443549252554,0.9233617161654458,1.0
highly,85,0.044132917964693666,0.04491763760546404,0.9825298105019904,0.009163220650461773,0.9237392130090412,1.0
phenomenon,31,0.016095534787123573,0.015508236239453596,1.0378701058329165,0.008985680132881198,0.9244793840970209,1.0
ages,26,0.013499480789200415,0.012936922458818802,1.0434847106931624,0.008967466106935022,0.9245557345377646,1.0
11,60,0.03115264797507788,0.03045399758939333,1.022941171635473,0.008960227391689663,0.9245860998591082,1.0
generate,22,0.01142263759086189,0.011972679791080755,0.9540585558273572,0.008884575396955254,0.9249041921014495,1.0
plays role,13,0.006749740394600207,0.006267577340297308,1.0769297334717893,0.00881712852302337,0.9251889384788948,1.0
methodology principal,13,0.006749740394600207,0.006267577340297308,1.0769297334717893,0.00881712852302337,0.9251889384788948,1.0
accordance,13,0.006749740394600207,0.006267577340297308,1.0769297334717893,0.00881712852302337,0.9251889384788948,1.0
vivo,13,0.006749740394600207,0.006267577340297308,1.0769297334717893,0.00881712852302337,0.9251889384788948,1.0
highlights,13,0.006749740394600207,0.006267577340297308,1.0769297334717893,0.00881712852302337,0.9251889384788948,1.0
compensation,13,0.006749740394600207,0.006267577340297308,1.0769297334717893,0.00881712852302337,0.9251889384788948,1.0
smoking,11,0.005711318795430945,0.006187223784652471,0.9230826286901053,0.008500946530065537,0.926538679055352,1.0
cuneus,26,0.013499480789200415,0.014061872237846525,0.9600059338377095,0.00834050551268423,0.9272332668086984,1.0
goal directed,28,0.014537902388369679,0.01510646846122941,0.9623627405492587,0.008139187161505801,0.9281144227238642,1.0
tpj,18,0.009345794392523364,0.008838891120932101,1.0573491928632115,0.00810541753822535,0.9282633016426247,1.0
executive functions,18,0.009345794392523364,0.008838891120932101,1.0573491928632115,0.00810541753822535,0.9282633016426247,1.0
improvements,18,0.009345794392523364,0.008838891120932101,1.0573491928632115,0.00810541753822535,0.9282633016426247,1.0
shed,18,0.009345794392523364,0.008838891120932101,1.0573491928632115,0.00810541753822535,0.9282633016426247,1.0
priming,28,0.014537902388369679,0.013981518682201688,1.0397942254210382,0.007924394385016395,0.9290667565758924,1.0
junction tpj,13,0.006749740394600207,0.007231820008035355,0.9333391023422176,0.007789309629696481,0.9296723624225248,1.0
emphasize,13,0.006749740394600207,0.007231820008035355,0.9333391023422176,0.007789309629696481,0.9296723624225248,1.0
youth,13,0.006749740394600207,0.007231820008035355,0.9333391023422176,0.007789309629696481,0.9296723624225248,1.0
previous work,15,0.00778816199376947,0.00827641623141824,0.9410065632277772,0.0072751815531723225,0.9320271249822515,1.0
prolonged,15,0.00778816199376947,0.00827641623141824,0.9410065632277772,0.0072751815531723225,0.9320271249822515,1.0
investigation,47,0.024402907580477674,0.023784652470871834,1.0259938676994753,0.0072609483633388405,0.932093487784988,1.0
held,15,0.00778816199376947,0.007312173563680193,1.0650953407962753,0.007072991911450554,0.9329760647702512,1.0
neuropsychiatric,15,0.00778816199376947,0.007312173563680193,1.0650953407962753,0.007072991911450554,0.9329760647702512,1.0
graph,15,0.00778816199376947,0.007312173563680193,1.0650953407962753,0.007072991911450554,0.9329760647702512,1.0
conjunction,42,0.021806853582554516,0.021213338690237043,1.0279783819503445,0.006905285644171478,0.9337735776498962,1.0
temporally,17,0.008826583592938734,0.009321012454801126,0.9469554552941597,0.006891782510475458,0.933838212728473,1.0
suggests,184,0.09553478712357218,0.09642426677380474,0.9907753547940464,0.006664257591064127,0.9349370443424303,1.0
entire,19,0.009865005192107996,0.010365608678184009,0.9517053458587909,0.006599405775726953,0.9352536922884224,1.0
tracking,19,0.009865005192107996,0.010365608678184009,0.9517053458587909,0.006599405775726953,0.9352536922884224,1.0
connected,37,0.01921079958463136,0.01864202490960225,1.0305103484083504,0.006570304796138868,0.9353962907826896,1.0
temporoparietal junction,23,0.011941848390446522,0.01245480112494978,0.9588148594781094,0.00619581451222716,0.9372605102317667,1.0
schizophrenic,12,0.006230529595015576,0.005785456006428285,1.0769297334717896,0.006058954972910104,0.9379558928298262,1.0
assumed,25,0.012980269989615784,0.013499397348332665,0.9615444048855264,0.006056505101124116,0.9379684122163284,1.0
everyday,29,0.015057113187954309,0.015588589795098433,0.9659060496087184,0.005860969264007149,0.9389759934407309,1.0
temporo parietal,35,0.018172377985462097,0.01872237846524709,0.9706233649316557,0.005705977029572706,0.9397867296380958,1.0
acute,34,0.017653167185877467,0.017115307352350343,1.0314256602265026,0.005596555136208832,0.940365784035023,1.0
chosen,10,0.005192107995846314,0.00562474889513861,0.9230826286901054,0.005318212737778481,0.9418649425727759,1.0
contain,10,0.005192107995846314,0.00562474889513861,0.9230826286901054,0.005318212737778481,0.9418649425727759,1.0
segregated,10,0.005192107995846314,0.00562474889513861,0.9230826286901054,0.005318212737778481,0.9418649425727759,1.0
new insights,10,0.005192107995846314,0.00562474889513861,0.9230826286901054,0.005318212737778481,0.9418649425727759,1.0
smokers,12,0.006230529595015576,0.006669345118521495,0.9342041061442029,0.004909598496184872,0.9441391168133839,1.0
48,12,0.006230529595015576,0.006669345118521495,0.9342041061442029,0.004909598496184872,0.9441391168133839,1.0
resulted,43,0.02232606438213915,0.021775813579750905,1.0252688975487887,0.004895787314488047,0.9442176148982016,1.0
risk,96,0.04984423676012461,0.04917637605464042,1.0135809256205077,0.004824361174525255,0.9446253643478926,1.0
iii,19,0.009865005192107996,0.009401366010445963,1.0493161505622564,0.004777182285677728,0.9448963592283686,1.0
largely unknown,19,0.009865005192107996,0.009401366010445963,1.0493161505622564,0.004777182285677728,0.9448963592283686,1.0
targeted,14,0.007268951194184839,0.006830052229811169,1.0642599719015333,0.004718209465456515,0.9452369961104765,1.0
history,31,0.016095534787123573,0.015588589795098433,1.032520259926561,0.004644571000724718,0.9456653613151232,1.0
provide new,14,0.007268951194184839,0.007713941341904379,0.9423135167878159,0.004629951234720371,0.9457508114748252,1.0
explored,64,0.033229491173416406,0.033828846926476495,0.9822827022640551,0.004590143671886812,0.9459841695925971,1.0
features,98,0.05088265835929388,0.0502209722780233,1.0131754932502597,0.004572117650991164,0.9460901752460472,1.0
beta,16,0.008307372793354102,0.008758537565287263,0.9484885725990073,0.004432891560081238,0.94691609703396,1.0
task irrelevant,16,0.008307372793354102,0.008758537565287263,0.9484885725990073,0.004432891560081238,0.94691609703396,1.0
cortex insula,18,0.009345794392523364,0.009803133788670149,0.953347632909453,0.004291917145208566,0.947765774966662,1.0
absence,68,0.035306334371754934,0.034712736038569704,1.017100303834468,0.004287575107882887,0.9477921659960516,1.0
participated,42,0.021806853582554516,0.022338288469264764,0.9762096864564423,0.0041110781061158485,0.948876516647672,1.0
contributes,26,0.013499480789200415,0.013981518682201688,0.9655232093195354,0.00403710450769327,0.9493379311507998,1.0
randomly,21,0.010903426791277258,0.010445962233828847,1.0437934339803498,0.0039886686645472505,0.9496423552869813,1.0
known involved,16,0.008307372793354102,0.007874648453194053,1.0549515756458347,0.003745679812478438,0.951198369427213,1.0
reverse,16,0.008307372793354102,0.007874648453194053,1.0549515756458347,0.003745679812478438,0.951198369427213,1.0
superior inferior,11,0.005711318795430945,0.005303334672559261,1.0769297334717896,0.003664070382576654,0.9517322765596562,1.0
enabled,11,0.005711318795430945,0.005303334672559261,1.0769297334717896,0.003664070382576654,0.9517322765596562,1.0
dot,11,0.005711318795430945,0.005303334672559261,1.0769297334717896,0.003664070382576654,0.9517322765596562,1.0
designs,11,0.005711318795430945,0.005303334672559261,1.0769297334717896,0.003664070382576654,0.9517322765596562,1.0
dopamine,35,0.018172377985462097,0.017677782241864202,1.0279783819503445,0.003631823504718922,0.9519448859309825,1.0
studying,23,0.011941848390446522,0.011490558457211732,1.0392748476860627,0.0033531931982507777,0.9538228960888995,1.0
way,51,0.0264797507788162,0.02699879469666533,0.9807752929832368,0.003060000561614174,0.9558857023114845,1.0
paradigms,39,0.020249221183800622,0.019766974688629972,1.0243965757414584,0.0028566795334103944,0.9573750297235268,1.0
3t,25,0.012980269989615784,0.012535154680594617,1.03550935910749,0.0028327383691447517,0.9575538511911963,1.0
yield,9,0.004672897196261682,0.005062274005624749,0.9230826286901052,0.002685740128006938,0.9586688309007614,1.0
composed,9,0.004672897196261682,0.005062274005624749,0.9230826286901052,0.002685740128006938,0.9586688309007614,1.0
consumption,9,0.004672897196261682,0.005062274005624749,0.9230826286901052,0.002685740128006938,0.9586688309007614,1.0
inventory,9,0.004672897196261682,0.005062274005624749,0.9230826286901052,0.002685740128006938,0.9586688309007614,1.0
visuospatial,35,0.018172377985462097,0.01864202490960225,0.9748070863322232,0.0026393143756433344,0.9590272968918065,1.0
rise,11,0.005711318795430945,0.0061068702290076335,0.9352284527518172,0.0025422678522941757,0.959786976279754,1.0
age healthy,11,0.005711318795430945,0.0061068702290076335,0.9352284527518172,0.0025422678522941757,0.959786976279754,1.0
reversed,11,0.005711318795430945,0.0061068702290076335,0.9352284527518172,0.0025422678522941757,0.959786976279754,1.0
discriminated,11,0.005711318795430945,0.0061068702290076335,0.9352284527518172,0.0025422678522941757,0.959786976279754,1.0
adult,66,0.03426791277258567,0.03374849337083166,1.0153908915591157,0.0024624527864100004,0.9604227322845691,1.0
dti,13,0.006749740394600207,0.007151466452390519,0.9438260585483098,0.002459613016249972,0.9604455409649197,1.0
externally,13,0.006749740394600207,0.007151466452390519,0.9438260585483098,0.002459613016249972,0.9604455409649197,1.0
rationale,13,0.006749740394600207,0.007151466452390519,0.9438260585483098,0.002459613016249972,0.9604455409649197,1.0
whilst,13,0.006749740394600207,0.007151466452390519,0.9438260585483098,0.002459613016249972,0.9604455409649197,1.0
debate,20,0.010384215991692628,0.009963840899959824,1.042190064650119,0.0024451523815191612,0.9605618922661688,1.0
conceptual,25,0.012980269989615784,0.013419043792687827,0.9673021558129846,0.0024443793695901935,0.9605681216738128,1.0
achieve,15,0.00778816199376947,0.008196062675773403,0.9502321177692261,0.0024144355432841147,0.9608101920843588,1.0
dacc,21,0.010903426791277258,0.011329851345922057,0.9623627405492587,0.0024000359734213813,0.960927136108409,1.0
worse,17,0.008826583592938734,0.009240658899156288,0.9551898505575872,0.0023940046739314635,0.9609762229039559,1.0
coherence,17,0.008826583592938734,0.009240658899156288,0.9551898505575872,0.0023940046739314635,0.9609762229039559,1.0
important,201,0.1043613707165109,0.10502209722780233,0.9937086905638701,0.0023135293781163667,0.9616372141193055,1.0
objective,61,0.03167185877466251,0.031177179590196866,1.0158667073471004,0.002093150913729097,0.9635087411084644,1.0
demonstrated,197,0.10228452751817238,0.10164724789071916,1.0062695217103994,0.0020789267666335813,0.9636328556764017,1.0
number,119,0.06178608515057113,0.06235435918039373,0.9908863784779094,0.002058810418537951,0.9638091120337408,1.0
furthermore,181,0.09397715472481828,0.09337083165930092,1.0064937095958377,0.0018499552906157447,0.9656926802645676,1.0
direct,92,0.04776739356178609,0.047247890719164326,1.010995259993925,0.0017862239144813094,0.9662884488867619,1.0
end,31,0.016095534787123573,0.01566894335074327,1.02722528423463,0.0017327212841523924,0.966796871017045,1.0
did differ,35,0.018172377985462097,0.01775813579750904,1.0233268960591666,0.0012488920093643116,0.971808893993113,1.0
interpret,19,0.009865005192107996,0.009481719566090799,1.040423640811729,0.0012316844709588553,0.9720036993026836,1.0
discrete,19,0.009865005192107996,0.009481719566090799,1.040423640811729,0.0012316844709588553,0.9720036993026836,1.0
tendency,24,0.012461059190031152,0.012856568903173965,0.9692367601246106,0.0012092150337412223,0.9722601370161357,1.0
covariance,12,0.006230529595015576,0.005865809562073122,1.0621772713694362,0.0011962018897898371,0.9724097442323093,1.0
matrix,12,0.006230529595015576,0.005865809562073122,1.0621772713694362,0.0011962018897898371,0.9724097442323093,1.0
using functional,176,0.09138110072689512,0.09192446765769385,0.9940889847431904,0.001186371359865139,0.972523303112898,1.0
display,22,0.01142263759086189,0.011811972679791082,0.9670389443420151,0.0011509630417773432,0.9729362827444341,1.0
superior frontal,68,0.035306334371754934,0.035757332261952594,0.9873872612505395,0.0011079345143656574,0.9734467968398854,1.0
gain,28,0.014537902388369679,0.014142225793491362,1.0279783819503445,0.0010960156626531273,0.9735899565769127,1.0
presence,66,0.03426791277258567,0.033828846926476495,1.0129790367098068,0.00098831412095911,0.9749206642317901,1.0
conditions,230,0.11941848390446522,0.11996785857774206,0.9954206511661552,0.0009846776621101388,0.9749668307447149,1.0
inverse,16,0.008307372793354102,0.008678184009642426,0.9572708741971463,0.0009837051325518474,0.9749791919093902,1.0
response,474,0.24610591900311526,0.2454801124949779,1.0025493165282389,0.0009569233133941456,0.9753220335667947,1.0
scans,57,0.029595015576323987,0.029168340699075933,1.0146280133535868,0.0009465788970970229,0.9754557390737131,1.0
indexed,12,0.006230529595015576,0.006588991562876657,0.9455968391459615,0.0008837928129523238,0.976283460176758,1.0
12,96,0.04984423676012461,0.05030132583366814,0.9909129815970459,0.0008649592840962567,0.9765374457644422,1.0
impacts,10,0.005192107995846314,0.005544395339493772,0.9364606378015562,0.00084105064187394,0.9768638942372143,1.0
remaining,10,0.005192107995846314,0.005544395339493772,0.9364606378015562,0.00084105064187394,0.9768638942372143,1.0
manipulations,10,0.005192107995846314,0.005544395339493772,0.9364606378015562,0.00084105064187394,0.9768638942372143,1.0
phenotype,10,0.005192107995846314,0.005544395339493772,0.9364606378015562,0.00084105064187394,0.9768638942372143,1.0
deficient,10,0.005192107995846314,0.005544395339493772,0.9364606378015562,0.00084105064187394,0.9768638942372143,1.0
significance statement,14,0.007268951194184839,0.006910405785456006,1.0518848559491898,0.0008334798447402983,0.9769682315011138,1.0
neurobiology,14,0.007268951194184839,0.006910405785456006,1.0518848559491898,0.0008334798447402983,0.9769682315011138,1.0
state functional,105,0.05451713395638629,0.0549618320610687,0.9919089650398062,0.0006750402715341611,0.9792720647177102,1.0
tone,16,0.008307372793354102,0.00795500200883889,1.0442954991241595,0.0005810666882234098,0.9807685959070511,1.0
fully,27,0.014018691588785047,0.014383286460425873,0.9746514906281001,0.0004958776354121888,0.9822339274752611,1.0
reports,36,0.018691588785046728,0.0183206106870229,1.0202492211838006,0.0004688239586777545,0.9827252796023714,1.0
focusing,18,0.009345794392523364,0.008999598232221776,1.0384679572763684,0.0004008224203826391,0.9840269793590679,1.0
bipolar disorder,18,0.009345794392523364,0.008999598232221776,1.0384679572763684,0.0004008224203826391,0.9840269793590679,1.0
aberrant,29,0.015057113187954309,0.014704700683005223,1.023965976087931,0.00031786438675742644,0.9857754678723324,1.0
adaptive,38,0.01973001038421599,0.020088388911209322,0.982159916926272,0.00029160275694488743,0.9863756821238915,1.0
healthy controls,165,0.08566978193146417,0.08525512253917236,1.0048637475372966,0.00028206870629978955,0.9866002375779738,1.0
subset,20,0.010384215991692628,0.010044194455604661,1.033852544132918,0.0002703892760641652,0.9868805622888402,1.0
dependence,19,0.009865005192107996,0.010204901566894336,0.9666928316203465,0.0002668881258359382,0.986965770312841,1.0
yielded,36,0.018691588785046728,0.019043792687826435,0.9815055798730233,0.000245946495258598,0.9874875435563482,1.0
cortex dmpfc,11,0.005711318795430945,0.005383688228204098,1.0608561553602702,0.0002396185022879251,0.9876495468588667,1.0
multiple comparisons,11,0.005711318795430945,0.005383688228204098,1.0608561553602702,0.0002396185022879251,0.9876495468588667,1.0
trigger,11,0.005711318795430945,0.005383688228204098,1.0608561553602702,0.0002396185022879251,0.9876495468588667,1.0
estimates,17,0.008826583592938734,0.00916030534351145,0.9635687088958117,0.00021270105070306074,0.9883638453790513,1.0
persons,17,0.008826583592938734,0.00916030534351145,0.9635687088958117,0.00021270105070306074,0.9883638453790513,1.0
simulation,22,0.01142263759086189,0.011088790678987544,1.0301067015817118,0.0001757938030929308,0.9894213775348822,1.0
component ica,22,0.01142263759086189,0.011088790678987544,1.0301067015817118,0.0001757938030929308,0.9894213775348822,1.0
male female,13,0.006749740394600207,0.0064282844515869825,1.0500064901349948,0.00012185871193701543,0.9911923604539874,1.0
oral,13,0.006749740394600207,0.0064282844515869825,1.0500064901349948,0.00012185871193701543,0.9911923604539874,1.0
understand,46,0.023883696780893044,0.023543591803937326,1.0144457557618223,0.00011773897432223473,0.9913425166817393,1.0
exhibited greater,13,0.006749740394600207,0.007071112896745681,0.954551354668177,0.00011140666329533971,0.9915785362967342,1.0
representing,35,0.018172377985462097,0.017838489353153877,1.0187173154462874,0.00011046586353729525,0.9916141688860678,1.0
age sex,24,0.012461059190031152,0.01213338690237043,1.0270058385426337,0.00010785358601146875,0.9917139118417273,1.0
consequently,11,0.005711318795430945,0.006026516673362796,0.9476981654551748,6.663248269086382e-05,0.9934870426222683,1.0
rare,11,0.005711318795430945,0.006026516673362796,0.9476981654551748,6.663248269086382e-05,0.9934870426222683,1.0
indirect,11,0.005711318795430945,0.006026516673362796,0.9476981654551748,6.663248269086382e-05,0.9934870426222683,1.0
facial expression,11,0.005711318795430945,0.006026516673362796,0.9476981654551748,6.663248269086382e-05,0.9934870426222683,1.0
conversely,26,0.013499480789200415,0.013820811570912013,0.9767502233813905,5.6996669604511556e-05,0.9939763368736413,1.0
biased,15,0.00778816199376947,0.007472880674969868,1.042190064650119,5.371787250943147e-05,0.9941521587375104,1.0
special,15,0.00778816199376947,0.007472880674969868,1.042190064650119,5.371787250943147e-05,0.9941521587375104,1.0
reflected,52,0.02699896157840083,0.02667738047408598,1.0120544483228864,3.0475623245177057e-05,0.9955953221179357,1.0
estimate,17,0.008826583592938734,0.008517476898352753,1.0362908756049296,1.7089597834592827e-05,0.9967015891845162,1.0
temporal gyri,30,0.01557632398753894,0.015267175572519083,1.0202492211838006,9.706411173849514e-06,0.9975141855903694,1.0
insight,33,0.017133956386292833,0.01743672157492969,0.9826363466701121,8.682452730053848e-07,0.9992565338285516,1.0
reflecting,58,0.030114226375908618,0.029811169144234633,1.0101658955476625,6.177215443684774e-07,0.9993729005916215,1.0
adopted,11,0.005711318795430945,0.005705102450783447,1.0010896113963115,0.0,1.0,1.0
argue,19,0.009865005192107996,0.009803133788670149,1.0063113902933116,0.0,1.0,1.0
visuo spatial,10,0.005192107995846314,0.005222981116914423,0.9940889847431904,0.0,1.0,1.0
assume,10,0.005192107995846314,0.005383688228204098,0.9644146866911548,0.0,1.0,1.0
appropriate,30,0.01557632398753894,0.015829650462032944,0.9839967107864067,0.0,1.0,1.0
underlying mechanisms,16,0.008307372793354102,0.008356769787063078,0.9940889847431903,0.0,1.0,1.0
assess,94,0.04880581516095535,0.049096022498995584,0.9940889847431903,0.0,1.0,1.0
addressed,27,0.014018691588785047,0.014302932904781037,0.980127060800168,0.0,1.0,1.0
attempt,13,0.006749740394600207,0.006669345118521495,1.0120544483228864,0.0,1.0,1.0
variables,27,0.014018691588785047,0.013740458015267175,1.0202492211838006,0.0,1.0,1.0
arterial spin,13,0.006749740394600207,0.00650863800723182,1.0370434470469083,0.0,1.0,1.0
wiley periodicals,16,0.008307372793354102,0.008517476898352753,0.9753325888046395,0.0,1.0,1.0
young healthy,11,0.005711318795430945,0.005464041783848936,1.0452553295461486,0.0,1.0,1.0
variance,27,0.014018691588785047,0.013740458015267175,1.0202492211838006,0.0,1.0,1.0
varied,56,0.029075804776739357,0.02924869425472077,0.9940889847431904,0.0,1.0,1.0
attention task,12,0.006230529595015576,0.00650863800723182,0.9572708741971463,0.0,1.0,1.0
arterial,14,0.007268951194184839,0.007151466452390519,1.0164280630520262,0.0,1.0,1.0
attribution,14,0.007268951194184839,0.007151466452390519,1.0164280630520262,0.0,1.0,1.0
anatomy,18,0.009345794392523364,0.00916030534351145,1.0202492211838006,0.0,1.0,1.0
blood oxygenation,45,0.02336448598130841,0.02314182402571314,1.0096216251298027,0.0,1.0,1.0
awareness,39,0.020249221183800622,0.02016874246685416,1.0039902694517877,0.0,1.0,1.0
alpha,15,0.00778816199376947,0.007874648453194053,0.9890171021679701,0.0,1.0,1.0
behaviour,24,0.012461059190031152,0.012213740458015267,1.0202492211838006,0.0,1.0,1.0
19,57,0.029595015576323987,0.029650462032944958,0.9981299968762928,0.0,1.0,1.0
beliefs,10,0.005192107995846314,0.005383688228204098,0.9644146866911548,0.0,1.0,1.0
voxel morphometry,65,0.03374870197300104,0.033909200482121336,0.9952668152938339,0.0,1.0,1.0
alter,16,0.008307372793354102,0.008597830453997589,0.966217330965344,0.0,1.0,1.0
baseline,80,0.04153686396677051,0.041783848935315386,0.9940889847431904,0.0,1.0,1.0
using voxel,23,0.011941848390446522,0.011972679791080755,0.9974248538195098,0.0,1.0,1.0
unmedicated,13,0.006749740394600207,0.006990759341100844,0.9655232093195354,0.0,1.0,1.0
basal ganglia,65,0.03374870197300104,0.03358778625954199,1.0047908996507127,0.0,1.0,1.0
accounts,20,0.010384215991692628,0.010445962233828847,0.9940889847431904,0.0,1.0,1.0
utilized,21,0.010903426791277258,0.010847730012053034,1.0051344179070034,0.0,1.0,1.0
15 healthy,12,0.006230529595015576,0.006267577340297308,0.9940889847431903,0.0,1.0,1.0
automated,12,0.006230529595015576,0.00650863800723182,0.9572708741971463,0.0,1.0,1.0
bipolar,21,0.010903426791277258,0.010928083567697871,0.9977437236576873,0.0,1.0,1.0
avoid,14,0.007268951194184839,0.007312173563680193,0.9940889847431904,0.0,1.0,1.0
abuse,12,0.006230529595015576,0.006347930895942145,0.9815055798730234,0.0,1.0,1.0
23,34,0.017653167185877467,0.017677782241864202,0.9986075710374777,0.0,1.0,1.0
uniquely,15,0.00778816199376947,0.008035355564483728,0.9692367601246106,0.0,1.0,1.0
years,115,0.05970924195223261,0.059863398955403775,0.9974248538195098,0.0,1.0,1.0
alters,11,0.005711318795430945,0.005705102450783447,1.0010896113963115,0.0,1.0,1.0
validity,14,0.007268951194184839,0.007312173563680193,0.9940889847431904,0.0,1.0,1.0
analyze,16,0.008307372793354102,0.008437123342707915,0.9846214706027789,0.0,1.0,1.0
anterior insular,12,0.006230529595015576,0.006267577340297308,0.9940889847431903,0.0,1.0,1.0
anterior superior,12,0.006230529595015576,0.006187223784652471,1.0069992312982967,0.0,1.0,1.0
average,29,0.015057113187954309,0.01478505423865006,1.0184009436091923,0.0,1.0,1.0
assessing,23,0.011941848390446522,0.011731619124146244,1.0179198850623765,0.0,1.0,1.0
psychiatric,41,0.021287642782969886,0.021454399357171555,0.9922273948841207,0.0,1.0,1.0
cerebral blood,23,0.011941848390446522,0.01213338690237043,0.9842139286033574,0.0,1.0,1.0
scanned using,12,0.006230529595015576,0.005946163117717959,1.0478235244590386,0.0,1.0,1.0
important role,40,0.020768431983385256,0.020490156689433506,1.013580925620508,0.0,1.0,1.0
sense,20,0.010384215991692628,0.010124548011249498,1.0256473652112281,0.0,1.0,1.0
improves,13,0.006749740394600207,0.006990759341100844,0.9655232093195354,0.0,1.0,1.0
incorrect,12,0.006230529595015576,0.006026516673362796,1.033852544132918,0.0,1.0,1.0
individual,206,0.10695742471443406,0.1071112896745681,0.9985635038043,0.0,1.0,1.0
individually,13,0.006749740394600207,0.006990759341100844,0.9655232093195354,0.0,1.0,1.0
inferior superior,12,0.006230529595015576,0.005946163117717959,1.0478235244590386,0.0,1.0,1.0
interestingly,27,0.014018691588785047,0.014142225793491362,0.9912648683092607,0.0,1.0,1.0
investigations,26,0.013499480789200415,0.013740458015267175,0.982462212991808,0.0,1.0,1.0
imagine,10,0.005192107995846314,0.005142627561269586,1.009621625129803,0.0,1.0,1.0
judged,19,0.009865005192107996,0.010044194455604661,0.982159916926272,0.0,1.0,1.0
key role,20,0.010384215991692628,0.010204901566894336,1.0175714017056279,0.0,1.0,1.0
latencies,10,0.005192107995846314,0.004981920449979912,1.042190064650119,0.0,1.0,1.0
rs,28,0.014537902388369679,0.01478505423865006,0.9832836696916339,0.0,1.0,1.0
lingual gyrus,23,0.011941848390446522,0.012213740458015267,0.977738836967809,0.0,1.0,1.0
major depression,10,0.005192107995846314,0.005383688228204098,0.9644146866911548,0.0,1.0,1.0
mapped,12,0.006230529595015576,0.00650863800723182,0.9572708741971463,0.0,1.0,1.0
match,19,0.009865005192107996,0.010044194455604661,0.982159916926272,0.0,1.0,1.0
immediate,20,0.010384215991692628,0.010526315789473684,0.9865005192107996,0.0,1.0,1.0
identifying,34,0.017653167185877467,0.01743672157492969,1.0124132056601156,0.0,1.0,1.0
matter density,10,0.005192107995846314,0.005222981116914423,0.9940889847431904,0.0,1.0,1.0
guide,21,0.010903426791277258,0.010847730012053034,1.0051344179070034,0.0,1.0,1.0
forms,33,0.017133956386292833,0.016954600241060668,1.0105786124522005,0.0,1.0,1.0
frontal gyri,33,0.017133956386292833,0.017356368019284852,0.9871855890158071,0.0,1.0,1.0
functional neuroanatomy,11,0.005711318795430945,0.005785456006428285,0.9871855890158071,0.0,1.0,1.0
fusiform gyri,12,0.006230529595015576,0.006347930895942145,0.9815055798730234,0.0,1.0,1.0
ganglia,65,0.03374870197300104,0.03374849337083166,1.0000061810809475,0.0,1.0,1.0
gaze,16,0.008307372793354102,0.008115709120128566,1.0236163803296217,0.0,1.0,1.0
genetic risk,10,0.005192107995846314,0.004981920449979912,1.042190064650119,0.0,1.0,1.0
gm,22,0.01142263759086189,0.011410204901566894,1.0010896113963115,0.0,1.0,1.0
signaling,18,0.009345794392523364,0.009079951787866613,1.0292779753535686,0.0,1.0,1.0
serial,17,0.008826583592938734,0.008999598232221776,0.980775292983237,0.0,1.0,1.0
gyrus insula,13,0.006749740394600207,0.006749698674166332,1.0000061810809473,0.0,1.0,1.0
gyrus precuneus,14,0.007268951194184839,0.007553234230614705,0.9623627405492587,0.0,1.0,1.0
sided,14,0.007268951194184839,0.007472880674969868,0.9727107270067776,0.0,1.0,1.0
hemodynamic responses,16,0.008307372793354102,0.008196062675773403,1.0135809256205077,0.0,1.0,1.0
heterogeneous,13,0.006749740394600207,0.006990759341100844,0.9655232093195354,0.0,1.0,1.0
sexual,11,0.005711318795430945,0.00562474889513861,1.0153908915591159,0.0,1.0,1.0
sets,29,0.015057113187954309,0.014945761349939735,1.0074503958284482,0.0,1.0,1.0
hoc,12,0.006230529595015576,0.006267577340297308,0.9940889847431903,0.0,1.0,1.0
matching task,13,0.006749740394600207,0.006749698674166332,1.0000061810809473,0.0,1.0,1.0
mediates,13,0.006749740394600207,0.006830052229811169,0.9882414024799951,0.0,1.0,1.0
uncertain,11,0.005711318795430945,0.005946163117717959,0.9605048974207854,0.0,1.0,1.0
positron emission,30,0.01557632398753894,0.015427882683808758,1.0096216251298027,0.0,1.0,1.0
regard,18,0.009345794392523364,0.009401366010445963,0.9940889847431902,0.0,1.0,1.0
patient,60,0.03115264797507788,0.03109682603455203,1.0017951009039903,0.0,1.0,1.0
reduces,10,0.005192107995846314,0.005464041783848936,0.9502321177692261,0.0,1.0,1.0
perceptual,116,0.060228452751817235,0.0603455202892728,0.9980600459339087,0.0,1.0,1.0
periodicals,16,0.008307372793354102,0.008517476898352753,0.9753325888046395,0.0,1.0,1.0
recognize,12,0.006230529595015576,0.006187223784652471,1.0069992312982967,0.0,1.0,1.0
position,28,0.014537902388369679,0.014302932904781037,1.0164280630520262,0.0,1.0,1.0
positron,30,0.01557632398753894,0.015508236239453596,1.0043904249995965,0.0,1.0,1.0
post hoc,12,0.006230529595015576,0.006026516673362796,1.033852544132918,0.0,1.0,1.0
regional gray,11,0.005711318795430945,0.005705102450783447,1.0010896113963115,0.0,1.0,1.0
ppi,12,0.006230529595015576,0.005946163117717959,1.0478235244590386,0.0,1.0,1.0
precise,25,0.012980269989615784,0.01301727601446364,0.9971571606220274,0.0,1.0,1.0
predictors,10,0.005192107995846314,0.004981920449979912,1.042190064650119,0.0,1.0,1.0
prime,11,0.005711318795430945,0.005785456006428285,0.9871855890158071,0.0,1.0,1.0
principal,28,0.014537902388369679,0.014302932904781037,1.0164280630520262,0.0,1.0,1.0
priori,17,0.008826583592938734,0.009079951787866613,0.9720958656117039,0.0,1.0,1.0
profiles,18,0.009345794392523364,0.009642426677380474,0.9692367601246106,0.0,1.0,1.0
proportion,10,0.005192107995846314,0.005383688228204098,0.9644146866911548,0.0,1.0,1.0
regional cerebral,13,0.006749740394600207,0.006588991562876657,1.0243965757414584,0.0,1.0,1.0
parametric mapping,17,0.008826583592938734,0.009079951787866613,0.9720958656117039,0.0,1.0,1.0
metabolism,11,0.005711318795430945,0.005785456006428285,0.9871855890158071,0.0,1.0,1.0
needs,11,0.005711318795430945,0.005946163117717959,0.9605048974207854,0.0,1.0,1.0
methods functional,12,0.006230529595015576,0.006267577340297308,0.9940889847431903,0.0,1.0,1.0
mg,16,0.008307372793354102,0.00827641623141824,1.003740334109629,0.0,1.0,1.0
resonance performing,11,0.005711318795430945,0.005705102450783447,1.0010896113963115,0.0,1.0,1.0
researchers,11,0.005711318795430945,0.005544395339493772,1.0301067015817118,0.0,1.0,1.0
money,11,0.005711318795430945,0.005865809562073122,0.9736624987553165,0.0,1.0,1.0
requirements,13,0.006749740394600207,0.006669345118521495,1.0120544483228864,0.0,1.0,1.0
morphometry,71,0.03686396677050883,0.03672157492969064,1.0038776071312525,0.0,1.0,1.0
music,22,0.01142263759086189,0.011329851345922057,1.008189537718271,0.0,1.0,1.0
negative emotional,14,0.007268951194184839,0.006990759341100844,1.0397942254210382,0.0,1.0,1.0
parameters,32,0.016614745586708203,0.016713539574126156,0.9940889847431903,0.0,1.0,1.0
repetition suppression,12,0.006230529595015576,0.005946163117717959,1.0478235244590386,0.0,1.0,1.0
neurobiological,51,0.0264797507788162,0.026516673362796304,0.9986075710374775,0.0,1.0,1.0
node,12,0.006230529595015576,0.0064282844515869825,0.9692367601246106,0.0,1.0,1.0
relatively,67,0.0347871235721703,0.03495379670550422,0.9952316157601365,0.0,1.0,1.0
outcomes,50,0.02596053997923157,0.025873844917637605,1.0033506833588102,0.0,1.0,1.0
oxygenation,45,0.02336448598130841,0.02338288469264765,0.9992131547676397,0.0,1.0,1.0
oxygenation level,43,0.02232606438213915,0.022257934913619926,1.003060906988165,0.0,1.0,1.0
parallel,33,0.017133956386292833,0.017034953796705506,1.0058117322047844,0.0,1.0,1.0
flexible,20,0.010384215991692628,0.010526315789473684,0.9865005192107996,0.0,1.0,1.0
flexibility,13,0.006749740394600207,0.006990759341100844,0.9655232093195354,0.0,1.0,1.0
factorial design,11,0.005711318795430945,0.005785456006428285,0.9871855890158071,0.0,1.0,1.0
converging,16,0.008307372793354102,0.008437123342707915,0.9846214706027789,0.0,1.0,1.0
constitute,15,0.00778816199376947,0.007794294897549217,0.9992131547676398,0.0,1.0,1.0
construct,13,0.006749740394600207,0.006990759341100844,0.9655232093195354,0.0,1.0,1.0
contrasts,29,0.015057113187954309,0.014945761349939735,1.0074503958284482,0.0,1.0,1.0
contributing,16,0.008307372793354102,0.008437123342707915,0.9846214706027789,0.0,1.0,1.0
temporo,47,0.024402907580477674,0.024668541582965046,0.9892318724398849,0.0,1.0,1.0
contribution,47,0.024402907580477674,0.02426677380474086,1.0056098835729956,0.0,1.0,1.0
controlled,69,0.03582554517133956,0.03591803937324227,0.9974248538195096,0.0,1.0,1.0
controls using,12,0.006230529595015576,0.0061068702290076335,1.0202492211838006,0.0,1.0,1.0
temporal cortices,18,0.009345794392523364,0.009562073121735636,0.9773816068483469,0.0,1.0,1.0
theory,70,0.036344755970924195,0.03631980715146645,1.0006869204826363,0.0,1.0,1.0
conveyed,10,0.005192107995846314,0.005464041783848936,0.9502321177692261,0.0,1.0,1.0
correlated negatively,12,0.006230529595015576,0.006026516673362796,1.033852544132918,0.0,1.0,1.0
correlation analyses,10,0.005192107995846314,0.005222981116914423,0.9940889847431904,0.0,1.0,1.0
cortex anterior,47,0.024402907580477674,0.024347127360385697,1.0022910390727546,0.0,1.0,1.0
task task,14,0.007268951194184839,0.007472880674969868,0.9727107270067776,0.0,1.0,1.0
cortex dorsolateral,10,0.005192107995846314,0.005062274005624749,1.0256473652112281,0.0,1.0,1.0
cortex superior,24,0.012461059190031152,0.01245480112494978,1.000502462064114,0.0,1.0,1.0
cortex thalamus,12,0.006230529595015576,0.0061068702290076335,1.0202492211838006,0.0,1.0,1.0
consistency,11,0.005711318795430945,0.005464041783848936,1.0452553295461486,0.0,1.0,1.0
connectivity networks,16,0.008307372793354102,0.008115709120128566,1.0236163803296217,0.0,1.0,1.0
spatial information,11,0.005711318795430945,0.005464041783848936,1.0452553295461486,0.0,1.0,1.0
coherent,18,0.009345794392523364,0.009240658899156288,1.0113774888256806,0.0,1.0,1.0
changing,22,0.01142263759086189,0.011490558457211732,0.9940889847431904,0.0,1.0,1.0
type,79,0.04101765316718588,0.040819606267577344,1.0048517591843076,0.0,1.0,1.0
choose,10,0.005192107995846314,0.005303334672559261,0.9790270304288996,0.0,1.0,1.0
treatment,80,0.04153686396677051,0.041783848935315386,0.9940889847431904,0.0,1.0,1.0
transfer,17,0.008826583592938734,0.008758537565287263,1.0077691083864453,0.0,1.0,1.0
clustering,10,0.005192107995846314,0.005062274005624749,1.0256473652112281,0.0,1.0,1.0
cognitive task,15,0.00778816199376947,0.007874648453194053,0.9890171021679701,0.0,1.0,1.0
tract,16,0.008307372793354102,0.00827641623141824,1.003740334109629,0.0,1.0,1.0
collected,47,0.024402907580477674,0.02450783447167537,0.9957186388165399,0.0,1.0,1.0
therapy,23,0.011941848390446522,0.011651265568501407,1.0249400222007377,0.0,1.0,1.0
common,143,0.07424714434060228,0.07432703897147448,0.9989250933176167,0.0,1.0,1.0
took,14,0.007268951194184839,0.007151466452390519,1.0164280630520262,0.0,1.0,1.0
compensatory,44,0.02284527518172378,0.02274005624748895,1.004627030517853,0.0,1.0,1.0
competing,18,0.009345794392523364,0.009401366010445963,0.9940889847431902,0.0,1.0,1.0
competition,17,0.008826583592938734,0.008999598232221776,0.980775292983237,0.0,1.0,1.0
concomitant,12,0.006230529595015576,0.005946163117717959,1.0478235244590386,0.0,1.0,1.0
confirm,27,0.014018691588785047,0.01390116512655685,1.0084544324995948,0.0,1.0,1.0
thirteen,11,0.005711318795430945,0.005946163117717959,0.9605048974207854,0.0,1.0,1.0
damage,34,0.017653167185877467,0.01775813579750904,0.9940889847431904,0.0,1.0,1.0
decision task,14,0.007268951194184839,0.00739252711932503,0.9832836696916339,0.0,1.0,1.0
deficit,58,0.030114226375908618,0.030052229811169145,1.0020629605566382,0.0,1.0,1.0
expectation,14,0.007268951194184839,0.007553234230614705,0.9623627405492587,0.0,1.0,1.0
elucidated,11,0.005711318795430945,0.005705102450783447,1.0010896113963115,0.0,1.0,1.0
emergence,10,0.005192107995846314,0.004981920449979912,1.042190064650119,0.0,1.0,1.0
strategy,34,0.017653167185877467,0.017597428686219364,1.0031674229600231,0.0,1.0,1.0
encompassing,14,0.007268951194184839,0.006990759341100844,1.0397942254210382,0.0,1.0,1.0
equivalent,25,0.012980269989615784,0.012776215347529127,1.0159714466714997,0.0,1.0,1.0
event potentials,13,0.006749740394600207,0.006588991562876657,1.0243965757414584,0.0,1.0,1.0
state networks,20,0.010384215991692628,0.010285255122539172,1.009621625129803,0.0,1.0,1.0
standardized,15,0.00778816199376947,0.007633587786259542,1.0202492211838006,0.0,1.0,1.0
expected,70,0.036344755970924195,0.03631980715146645,1.0006869204826363,0.0,1.0,1.0
susceptibility,15,0.00778816199376947,0.008035355564483728,0.9692367601246106,0.0,1.0,1.0
experienced,36,0.018691588785046728,0.01888308557653676,0.9898588188506662,0.0,1.0,1.0
experiment,120,0.06230529595015576,0.06251506629168341,0.9966444834186227,0.0,1.0,1.0
spin,14,0.007268951194184839,0.00739252711932503,0.9832836696916339,0.0,1.0,1.0
exploratory,16,0.008307372793354102,0.008437123342707915,0.9846214706027789,0.0,1.0,1.0
explore,68,0.035306334371754934,0.03551627159501808,0.9940889847431904,0.0,1.0,1.0
exposure,46,0.023883696780893044,0.023784652470871834,1.004164210939912,0.0,1.0,1.0
extract,10,0.005192107995846314,0.004981920449979912,1.042190064650119,0.0,1.0,1.0
specialized,24,0.012461059190031152,0.01269586179188429,0.9815055798730234,0.0,1.0,1.0
elucidate,29,0.015057113187954309,0.01510646846122941,0.9967328384260179,0.0,1.0,1.0
dysfunctions,15,0.00778816199376947,0.007794294897549217,0.9992131547676398,0.0,1.0,1.0
sts,27,0.014018691588785047,0.014142225793491362,0.9912648683092607,0.0,1.0,1.0
dual,29,0.015057113187954309,0.015026114905584573,1.0020629605566382,0.0,1.0,1.0
detected,55,0.028556593977154723,0.028525512253917237,1.0010896113963113,0.0,1.0,1.0
diagnostic,19,0.009865005192107996,0.009963840899959824,0.9900805614176129,0.0,1.0,1.0
differentiation,15,0.00778816199376947,0.007713941341904379,1.0096216251298027,0.0,1.0,1.0
differently,22,0.01142263759086189,0.011490558457211732,0.9940889847431904,0.0,1.0,1.0
sum,10,0.005192107995846314,0.005383688228204098,0.9644146866911548,0.0,1.0,1.0
discriminative,10,0.005192107995846314,0.005464041783848936,0.9502321177692261,0.0,1.0,1.0
diseases,12,0.006230529595015576,0.006187223784652471,1.0069992312982967,0.0,1.0,1.0
disorder mdd,22,0.01142263759086189,0.011329851345922057,1.008189537718271,0.0,1.0,1.0
distance,21,0.010903426791277258,0.011169144234632382,0.9762096864564423,0.0,1.0,1.0
distress,12,0.006230529595015576,0.005946163117717959,1.0478235244590386,0.0,1.0,1.0
documented,15,0.00778816199376947,0.007633587786259542,1.0202492211838006,0.0,1.0,1.0
subserving,19,0.009865005192107996,0.009642426677380474,1.0230832467982,0.0,1.0,1.0
subserved,11,0.005711318795430945,0.005865809562073122,0.9736624987553165,0.0,1.0,1.0
dorsal anterior,55,0.028556593977154723,0.028525512253917237,1.0010896113963113,0.0,1.0,1.0
dorsal attention,13,0.006749740394600207,0.006910405785456006,0.9767502233813905,0.0,1.0,1.0
dorsal medial,12,0.006230529595015576,0.006187223784652471,1.0069992312982967,0.0,1.0,1.0
dorsolateral pfc,12,0.006230529595015576,0.00650863800723182,0.9572708741971463,0.0,1.0,1.0
001,20,0.010384215991692628,0.010204901566894336,1.0175714017056279,0.0,1.0,1.0
