term,n_seed,p_term_seed,p_term_ref,ratio,chi2,p,q_fdr
retrieval,123,0.1651006711409396,0.09878419452887538,1.6713267940113579,12.67653176932872,0.0003702737496133492,0.6026376652523151
affects,4,0.005369127516778523,0.030395136778115502,0.17664429530201342,11.569215776493664,0.0006705269202037204,0.6026376652523151
item,38,0.05100671140939597,0.016717325227963525,3.0511287370347775,11.192240669503894,0.0008214009522797359,0.6026376652523151
picture,29,0.038926174496644296,0.010638297872340425,3.659060402684564,10.080433388583131,0.0014985208353380465,0.6026376652523151
local,11,0.01476510067114094,0.044072948328267476,0.3350150428141634,9.803264276258783,0.0017420237721953859,0.6026376652523151
modulation,33,0.04429530201342282,0.08662613981762918,0.5113387495584599,9.735883359671403,0.00180705149720206,0.6026376652523151
disease,61,0.08187919463087248,0.041033434650455926,1.9954262987820035,9.233125916131776,0.002376755394996341,0.6026376652523151
suppressed,1,0.0013422818791946308,0.0182370820668693,0.07360178970917226,9.101501736118266,0.0025539971575558717,0.6026376652523151
mg,1,0.0013422818791946308,0.0182370820668693,0.07360178970917226,9.101501736118266,0.0025539971575558717,0.6026376652523151
loss,31,0.04161073825503356,0.013677811550151976,3.0422073079791203,8.860092435520285,0.0029147281332463364,0.6026376652523151
autobiographical memory,17,0.022818791946308724,0.00303951367781155,7.50738255033557,8.805212994741108,0.0030037107620650475,0.6026376652523151
risk,54,0.07248322147651007,0.034954407294832825,2.0736504231105926,8.77742106111699,0.003049820860219457,0.6026376652523151
discussed,12,0.016107382550335572,0.044072948328267476,0.3654709557972692,8.671659358523621,0.003231967676683208,0.6026376652523151
autobiographical,23,0.03087248322147651,0.007598784194528876,4.062818791946309,8.522969637383081,0.003506917737926815,0.6071977569096143
induced,35,0.04697986577181208,0.08662613981762918,0.5423289768044272,8.327657111774867,0.003904598324312933,0.63098308920897
targets,7,0.009395973154362415,0.031914893617021274,0.29440715883668905,7.944120448180568,0.0048243860215813755,0.7308944822695784
awareness,10,0.013422818791946308,0.037993920972644375,0.35328859060402684,7.691579153524844,0.0055479063478207895,0.7735767550271904
asd,4,0.005369127516778523,0.0243161094224924,0.22080536912751678,7.6287903039377944,0.005744381844261314,0.7735767550271904
placebo,14,0.01879194630872483,0.04559270516717325,0.41217002237136463,7.402863129537512,0.00651201498287812,0.7946518735005318
combining,3,0.004026845637583893,0.02127659574468085,0.189261744966443,7.304171363329819,0.0068794714868591345,0.7946518735005318
success,25,0.03355704697986577,0.010638297872340425,3.1543624161073827,7.238248195471025,0.00713665779161971,0.7946518735005318
elicited,48,0.06442953020134229,0.031914893617021274,2.0187919463087254,7.219348742047453,0.0072121869707143975,0.7946518735005318
cuneus,17,0.022818791946308724,0.004559270516717325,5.004921700223714,7.041717250426405,0.007963264301772974,0.803458613721285
heart rate,1,0.0013422818791946308,0.015197568389057751,0.08832214765100671,6.9334514571631765,0.008459827573233733,0.803458613721285
spectrum,10,0.013422818791946308,0.0364741641337386,0.3680089485458613,6.906880590686917,0.008586466401613861,0.803458613721285
use,68,0.0912751677852349,0.05319148936170213,1.715973154362416,6.900335940199778,0.008617955427703551,0.803458613721285
higher order,4,0.005369127516778523,0.022796352583586626,0.2355257270693512,6.692434158104241,0.009682291505993803,0.8692546152047771
dimensions,22,0.02953020134228188,0.00911854103343465,3.2384787472035796,6.435775047415409,0.011184434592244188,0.9682524804142826
separately,14,0.01879194630872483,0.00303951367781155,6.182550335570469,6.356457510399511,0.011695482429804352,0.977581014132612
attentional,21,0.028187919463087248,0.05623100303951368,0.5012878650462543,6.243766956776536,0.0124631116070314,1.0
new,76,0.10201342281879194,0.06382978723404255,1.5982102908277405,6.126764986171106,0.013315028874560217,1.0
shed,2,0.0026845637583892616,0.016717325227963525,0.16058572300183038,6.044256138822948,0.013951609857402706,1.0
semantic,73,0.09798657718120805,0.060790273556231005,1.6118791946308724,6.0352469608869095,0.014022988917881707,1.0
dual,19,0.025503355704697986,0.007598784194528876,3.356241610738255,5.6394771291423185,0.017560443367522303,1.0
factors,40,0.053691275167785234,0.02735562310030395,1.9627143922445935,5.468268637540005,0.019364800382782817,1.0
autism,10,0.013422818791946308,0.03343465045592705,0.40146430750457596,5.412299198073535,0.01999536328378758,1.0
ffa,3,0.004026845637583893,0.0182370820668693,0.2208053691275168,5.394703827430032,0.02019795303198798,1.0
brainstem,3,0.004026845637583893,0.0182370820668693,0.2208053691275168,5.394703827430032,0.02019795303198798,1.0
heart,3,0.004026845637583893,0.0182370820668693,0.2208053691275168,5.394703827430032,0.02019795303198798,1.0
order,41,0.05503355704697987,0.08814589665653495,0.6243462161536681,5.347288235445745,0.020754525697737905,1.0
environment,19,0.025503355704697986,0.05015197568389058,0.5085214561724629,5.277349020750805,0.021604618302660458,1.0
encoding,112,0.15033557046979865,0.10790273556231003,1.3932507798468663,5.178870985564008,0.022863175303892636,1.0
motor,92,0.12348993288590604,0.0851063829787234,1.451006711409396,5.056182784018765,0.02453822795497051,1.0
suggests,84,0.11275167785234899,0.07598784194528875,1.4838120805369128,5.049285574343356,0.024636094286324663,1.0
alzheimer,33,0.04429530201342282,0.02127659574468085,2.0818791946308726,5.029149100933652,0.024924140765817403,1.0
bias,6,0.008053691275167786,0.0243161094224924,0.3312080536912752,4.979522542982002,0.025649060978391806,1.0
thirty,6,0.008053691275167786,0.0243161094224924,0.3312080536912752,4.979522542982002,0.025649060978391806,1.0
memory,254,0.3409395973154362,0.28419452887537994,1.199669813013674,4.960175893221316,0.025937568914304623,1.0
avoidance,10,0.013422818791946308,0.001519756838905775,8.832214765100671,4.925731296415744,0.026459601204914154,1.0
types,52,0.0697986577181208,0.041033434650455926,1.7010191399453143,4.912896493353433,0.02665690375952716,1.0
similarly,16,0.021476510067114093,0.0060790273556231,3.5328859060402684,4.850210124855667,0.027642764618855075,1.0
technique,16,0.021476510067114093,0.0060790273556231,3.5328859060402684,4.850210124855667,0.027642764618855075,1.0
extending,16,0.021476510067114093,0.0060790273556231,3.5328859060402684,4.850210124855667,0.027642764618855075,1.0
proposed,31,0.04161073825503356,0.019756838905775075,2.106143520908622,4.797352987153391,0.028503497798328552,1.0
hemispheres,12,0.016107382550335572,0.00303951367781155,5.299328859060403,4.789392085447127,0.0286355314268207,1.0
intervention,12,0.016107382550335572,0.00303951367781155,5.299328859060403,4.789392085447127,0.0286355314268207,1.0
parietal lobe,10,0.013422818791946308,0.031914893617021274,0.42058165548098436,4.7069092156096035,0.030041616532427012,1.0
autism spectrum,7,0.009395973154362415,0.025835866261398176,0.3636794315041453,4.681236022689378,0.030493800112751747,1.0
alzheimer disease,32,0.042953020134228186,0.02127659574468085,2.018791946308725,4.516012106018906,0.033579013586047576,1.0
administration,5,0.006711409395973154,0.02127659574468085,0.31543624161073824,4.511855827143383,0.033660699836672026,1.0
transient,5,0.006711409395973154,0.02127659574468085,0.31543624161073824,4.511855827143383,0.033660699836672026,1.0
putative,3,0.004026845637583893,0.016717325227963525,0.24087858450274563,4.483784162182061,0.034217877475939795,1.0
visuo,3,0.004026845637583893,0.016717325227963525,0.24087858450274563,4.483784162182061,0.034217877475939795,1.0
difficult,19,0.025503355704697986,0.00911854103343465,2.796868008948546,4.464301060675131,0.0346102466084038,1.0
multivariate,8,0.010738255033557046,0.02735562310030395,0.39254287844891866,4.43036272987796,0.035305004146086706,1.0
time,82,0.11006711409395974,0.14893617021276595,0.7390220517737297,4.378919969999502,0.03638604620977049,1.0
visual,128,0.17181208053691274,0.21732522796352582,0.7905758670859342,4.356615412442557,0.03686548022641715,1.0
motor cortex,17,0.022818791946308724,0.007598784194528876,3.002953020134228,4.30415883937991,0.03801929259983722,1.0
given,24,0.032214765100671144,0.05623100303951368,0.5729004171957193,4.285545225515596,0.03843775259547814,1.0
lateral,100,0.1342281879194631,0.0972644376899696,1.38003355704698,4.273481773024775,0.038711532147517234,1.0
day,22,0.02953020134228188,0.0121580547112462,2.4288590604026847,4.243127713301855,0.03940950120580981,1.0
nucleus accumbens,6,0.008053691275167786,0.022796352583586626,0.3532885906040269,4.199288908947313,0.0404409339473397,1.0
behavioral,105,0.14093959731543623,0.182370820668693,0.7728187919463086,4.151800158568653,0.04159028610868122,1.0
pathophysiological,9,0.012080536912751677,0.001519756838905775,7.948993288590604,4.115356959291646,0.042495556371666264,1.0
sulcus ips,9,0.012080536912751677,0.001519756838905775,7.948993288590604,4.115356959291646,0.042495556371666264,1.0
ips,9,0.012080536912751677,0.001519756838905775,7.948993288590604,4.115356959291646,0.042495556371666264,1.0
mapp,2,0.0026845637583892616,0.013677811550151976,0.19627143922445933,4.107013644658494,0.04270570818412602,1.0
behavioral level,2,0.0026845637583892616,0.013677811550151976,0.19627143922445933,4.107013644658494,0.04270570818412602,1.0
hum,2,0.0026845637583892616,0.013677811550151976,0.19627143922445933,4.107013644658494,0.04270570818412602,1.0
wiley periodicals,2,0.0026845637583892616,0.013677811550151976,0.19627143922445933,4.107013644658494,0.04270570818412602,1.0
hum mapp,2,0.0026845637583892616,0.013677811550151976,0.19627143922445933,4.107013644658494,0.04270570818412602,1.0
contingent,2,0.0026845637583892616,0.013677811550151976,0.19627143922445933,4.107013644658494,0.04270570818412602,1.0
face ffa,2,0.0026845637583892616,0.013677811550151976,0.19627143922445933,4.107013644658494,0.04270570818412602,1.0
periodicals,2,0.0026845637583892616,0.013677811550151976,0.19627143922445933,4.107013644658494,0.04270570818412602,1.0
wiley,2,0.0026845637583892616,0.013677811550151976,0.19627143922445933,4.107013644658494,0.04270570818412602,1.0
involving,50,0.06711409395973154,0.041033434650455926,1.6355953268704948,4.092858669242363,0.043064747761493376,1.0
healthy volunteers,14,0.01879194630872483,0.037993920972644375,0.4946040268456376,4.083028480057375,0.04331595639242235,1.0
15,20,0.026845637583892617,0.0486322188449848,0.552013422818792,4.056461284214756,0.044002619410772936,1.0
patient group,4,0.005369127516778523,0.0182370820668693,0.29440715883668905,4.053803692296428,0.044071935660597465,1.0
existing,20,0.026845637583892617,0.010638297872340425,2.523489932885906,4.0419434725481125,0.04438268185476256,1.0
recovery,11,0.01476510067114094,0.00303951367781155,4.8577181208053695,4.0336471720888225,0.04460142114407926,1.0
items,54,0.07248322147651007,0.04559270516717325,1.589798657718121,4.0236054922410265,0.044867698120766505,1.0
verbal,47,0.06308724832214765,0.037993920972644375,1.6604563758389264,4.018310491004781,0.04500878013234541,1.0
space,7,0.009395973154362415,0.0243161094224924,0.3864093959731543,3.9427564632164422,0.047073584327419954,1.0
anterior hippocampus,11,0.01476510067114094,0.031914893617021274,0.4626398210290828,3.873376569389756,0.04905773230834116,1.0
details,18,0.024161073825503355,0.00911854103343465,2.649664429530201,3.850145673334778,0.04974167033141058,1.0
behaviors,26,0.0348993288590604,0.016717325227963525,2.0876143990237948,3.8182826641590264,0.0506961739265627,1.0
spatial,56,0.07516778523489932,0.10638297872340426,0.7065771812080537,3.7918357735210004,0.051503132698756095,1.0
group,127,0.1704697986577181,0.2127659574468085,0.8012080536912751,3.7866591516395323,0.05166266756189797,1.0
faces,59,0.07919463087248323,0.11094224924012158,0.7138365358095063,3.767743372202065,0.05225008012110354,1.0
recognition,93,0.12483221476510067,0.0911854103343465,1.368993288590604,3.7322938739873135,0.05337005215428357,1.0
depressed,8,0.010738255033557046,0.025835866261398176,0.41563363600473746,3.7288169263171453,0.05348126162063021,1.0
60,5,0.006711409395973154,0.019756838905775075,0.33970056788848735,3.7214473246372566,0.05371778904792528,1.0
assessing,5,0.006711409395973154,0.019756838905775075,0.33970056788848735,3.7214473246372566,0.05371778904792528,1.0
similarities,3,0.004026845637583893,0.015197568389057751,0.26496644295302013,3.6105482029617506,0.05741419095338461,1.0
resulted,24,0.032214765100671144,0.015197568389057751,2.119731543624161,3.5895226625563823,0.05814494235579612,1.0
unknown,29,0.038926174496644296,0.06231003039513678,0.6247176297266328,3.55216340090182,0.05946786848506607,1.0
recollection,27,0.036241610738255034,0.0182370820668693,1.9872483221476511,3.5513200503895446,0.05949809907203549,1.0
males,9,0.012080536912751677,0.02735562310030395,0.44161073825503355,3.5480114562574268,0.05961685622987919,1.0
animal,9,0.012080536912751677,0.02735562310030395,0.44161073825503355,3.5480114562574268,0.05961685622987919,1.0
acute,9,0.012080536912751677,0.02735562310030395,0.44161073825503355,3.5480114562574268,0.05961685622987919,1.0
sd,14,0.01879194630872483,0.0060790273556231,3.0912751677852346,3.5114138637776757,0.06094742244665301,1.0
specialized,14,0.01879194630872483,0.0060790273556231,3.0912751677852346,3.5114138637776757,0.06094742244665301,1.0
humans,51,0.06845637583892618,0.0972644376899696,0.7038171140939598,3.480159864067004,0.06210873937337745,1.0
iq,6,0.008053691275167786,0.02127659574468085,0.378523489932886,3.4574359222373765,0.062967888612396,1.0
fusiform face,6,0.008053691275167786,0.02127659574468085,0.378523489932886,3.4574359222373765,0.062967888612396,1.0
ones,12,0.016107382550335572,0.004559270516717325,3.532885906040269,3.3811977296199265,0.06594411657149322,1.0
ventral medial,12,0.016107382550335572,0.004559270516717325,3.532885906040269,3.3811977296199265,0.06594411657149322,1.0
inference,10,0.013422818791946308,0.00303951367781155,4.416107382550336,3.302169288807366,0.06918845553511914,1.0
guided,10,0.013422818791946308,0.00303951367781155,4.416107382550336,3.302169288807366,0.06918845553511914,1.0
materials,10,0.013422818791946308,0.00303951367781155,4.416107382550336,3.302169288807366,0.06918845553511914,1.0
corresponded,10,0.013422818791946308,0.00303951367781155,4.416107382550336,3.302169288807366,0.06918845553511914,1.0
adjacent,10,0.013422818791946308,0.00303951367781155,4.416107382550336,3.302169288807366,0.06918845553511914,1.0
identify,60,0.08053691275167785,0.0547112462006079,1.472035794183445,3.2619860525807534,0.07090320323367624,1.0
studying,4,0.005369127516778523,0.016717325227963525,0.32117144600366077,3.2488926354534753,0.07147172888652704,1.0
induction,4,0.005369127516778523,0.016717325227963525,0.32117144600366077,3.2488926354534753,0.07147172888652704,1.0
reinforcement,7,0.009395973154362415,0.022796352583586626,0.41217002237136463,3.2431373496504383,0.07172317144408172,1.0
cues,43,0.05771812080536913,0.08358662613981763,0.6905186089078708,3.2115619292276514,0.07311965148672671,1.0
reinforcement learning,2,0.0026845637583892616,0.0121580547112462,0.22080536912751678,3.193506410250683,0.07393127481988378,1.0
obtain,2,0.0026845637583892616,0.0121580547112462,0.22080536912751678,3.193506410250683,0.07393127481988378,1.0
biases,2,0.0026845637583892616,0.0121580547112462,0.22080536912751678,3.193506410250683,0.07393127481988378,1.0
tested,45,0.06040268456375839,0.08662613981762918,0.6972801130342635,3.1856698626676745,0.07428654422391291,1.0
vs,57,0.07651006711409396,0.05167173252279635,1.4806948282668773,3.1562239999437947,0.07563794776170094,1.0
anxiety,28,0.03758389261744966,0.05927051671732523,0.6341077267251763,3.1524557854305306,0.07581278557218137,1.0
fronto,28,0.03758389261744966,0.05927051671732523,0.6341077267251763,3.1524557854305306,0.07581278557218137,1.0
occur,12,0.016107382550335572,0.031914893617021274,0.5046979865771813,3.1442072640856957,0.07619701889950557,1.0
decline,20,0.026845637583892617,0.0121580547112462,2.208053691275168,3.13935928634614,0.07642382420398802,1.0
midline,20,0.026845637583892617,0.0121580547112462,2.208053691275168,3.13935928634614,0.07642382420398802,1.0
superior frontal,19,0.025503355704697986,0.044072948328267476,0.5786623466790095,3.106051380142189,0.07800185264517479,1.0
sex,19,0.025503355704697986,0.044072948328267476,0.5786623466790095,3.106051380142189,0.07800185264517479,1.0
11,29,0.038926174496644296,0.02127659574468085,1.829530201342282,3.093549179275981,0.07860318972924128,1.0
sessions,23,0.03087248322147651,0.015197568389057751,2.0314093959731543,3.086475872602141,0.07894561450756017,1.0
contribution,23,0.03087248322147651,0.015197568389057751,2.0314093959731543,3.086475872602141,0.07894561450756017,1.0
important,64,0.08590604026845637,0.11550151975683891,0.7437654539032144,3.0853988470885825,0.07899789500738039,1.0
double blind,8,0.010738255033557046,0.0243161094224924,0.44161073825503355,3.0661302226005533,0.0799395542172921,1.0
testing,8,0.010738255033557046,0.0243161094224924,0.44161073825503355,3.0661302226005533,0.0799395542172921,1.0
inhibitory,8,0.010738255033557046,0.0243161094224924,0.44161073825503355,3.0661302226005533,0.0799395542172921,1.0
neuroanatomical,8,0.010738255033557046,0.0243161094224924,0.44161073825503355,3.0661302226005533,0.0799395542172921,1.0
planning,15,0.020134228187919462,0.007598784194528876,2.649664429530201,3.0660538865631164,0.07994330873064363,1.0
perception,54,0.07248322147651007,0.0486322188449848,1.4904362416107382,3.0522927115631067,0.08062325437094944,1.0
reaction,20,0.026845637583892617,0.04559270516717325,0.5888143176733781,3.0483835523722993,0.0808175428541077,1.0
blind,13,0.0174496644295302,0.03343465045592705,0.5219035997559487,3.042625127172577,0.08110466164515798,1.0
structure,43,0.05771812080536913,0.0364741641337386,1.5824384787472037,3.0161734132714746,0.08243777236572049,1.0
information,167,0.22416107382550335,0.18541033434650456,1.2089998899768952,2.975319166839658,0.08454344973334789,1.0
represents,5,0.006711409395973154,0.0182370820668693,0.3680089485458613,2.9744762267582776,0.0845875031840587,1.0
process,67,0.08993288590604027,0.06382978723404255,1.4089485458612978,2.9681822805352343,0.08491722077320112,1.0
mood,14,0.01879194630872483,0.034954407294832825,0.5376130726583017,2.953098359994586,0.08571308443721372,1.0
variability,14,0.01879194630872483,0.034954407294832825,0.5376130726583017,2.953098359994586,0.08571308443721372,1.0
consistently,18,0.024161073825503355,0.010638297872340425,2.2711409395973154,2.9189684690240716,0.08754381152604747,1.0
shift,9,0.012080536912751677,0.025835866261398176,0.46758784050532964,2.917815157795959,0.08760641004652495,1.0
administered,9,0.012080536912751677,0.025835866261398176,0.46758784050532964,2.917815157795959,0.08760641004652495,1.0
received,9,0.012080536912751677,0.025835866261398176,0.46758784050532964,2.917815157795959,0.08760641004652495,1.0
reference,13,0.0174496644295302,0.0060790273556231,2.8704697986577177,2.8838126900875665,0.08947393979335921,1.0
simple,15,0.020134228187919462,0.0364741641337386,0.552013422818792,2.87377677033582,0.09003336302859388,1.0
subsequent,64,0.08590604026845637,0.060790273556231005,1.4131543624161074,2.855846494930187,0.09104230467733408,1.0
make,16,0.021476510067114093,0.037993920972644375,0.565261744966443,2.8031712041265857,0.09407806561304163,1.0
reduce,10,0.013422818791946308,0.02735562310030395,0.4906785980611484,2.7920497728246323,0.09473298055767176,1.0
drug,10,0.013422818791946308,0.02735562310030395,0.4906785980611484,2.7920497728246323,0.09473298055767176,1.0
method,41,0.05503355704697987,0.034954407294832825,1.574438284213598,2.790936020769444,0.09479883959099106,1.0
considerable,3,0.004026845637583893,0.013677811550151976,0.29440715883668905,2.7840013968531414,0.09521002462271151,1.0
distractors,3,0.004026845637583893,0.013677811550151976,0.29440715883668905,2.7840013968531414,0.09521002462271151,1.0
weaker,3,0.004026845637583893,0.013677811550151976,0.29440715883668905,2.7840013968531414,0.09521002462271151,1.0
neutral pictures,3,0.004026845637583893,0.013677811550151976,0.29440715883668905,2.7840013968531414,0.09521002462271151,1.0
parietal occipital,3,0.004026845637583893,0.013677811550151976,0.29440715883668905,2.7840013968531414,0.09521002462271151,1.0
compensate,3,0.004026845637583893,0.013677811550151976,0.29440715883668905,2.7840013968531414,0.09521002462271151,1.0
species,3,0.004026845637583893,0.013677811550151976,0.29440715883668905,2.7840013968531414,0.09521002462271151,1.0
greater,160,0.21476510067114093,0.1778115501519757,1.2078242413812883,2.7824635612737296,0.09530147257754323,1.0
using functional,61,0.08187919463087248,0.1094224924012158,0.7482848620432513,2.776348696848453,0.09566604253463086,1.0
distinction,6,0.008053691275167786,0.019756838905775075,0.4076406814661849,2.759758084185057,0.09666285333407557,1.0
aberrant,6,0.008053691275167786,0.019756838905775075,0.4076406814661849,2.759758084185057,0.09666285333407557,1.0
words,61,0.08187919463087248,0.057750759878419454,1.4178028965030025,2.744605082277524,0.0975831837371571,1.0
disgust,11,0.01476510067114094,0.004559270516717325,3.2384787472035796,2.723234733967249,0.0988974096149322,1.0
functional network,11,0.01476510067114094,0.004559270516717325,3.2384787472035796,2.723234733967249,0.0988974096149322,1.0
34,11,0.01476510067114094,0.004559270516717325,3.2384787472035796,2.723234733967249,0.0988974096149322,1.0
contributing,11,0.01476510067114094,0.004559270516717325,3.2384787472035796,2.723234733967249,0.0988974096149322,1.0
punishment,11,0.01476510067114094,0.004559270516717325,3.2384787472035796,2.723234733967249,0.0988974096149322,1.0
conclude,31,0.04161073825503356,0.0243161094224924,1.711241610738255,2.715728249169255,0.0993636139038867,1.0
bilaterally,31,0.04161073825503356,0.0243161094224924,1.711241610738255,2.715728249169255,0.0993636139038867,1.0
stimuli,140,0.18791946308724833,0.22492401215805471,0.8354797750770905,2.7103563902076546,0.09969871589560744,1.0
12,29,0.038926174496644296,0.05927051671732523,0.6567544312510756,2.710100095780874,0.09971473461191896,1.0
recognized,16,0.021476510067114093,0.00911854103343465,2.3552572706935124,2.702846386768764,0.10016926784383072,1.0
circuit,11,0.01476510067114094,0.028875379939209727,0.5113387495584599,2.6843296860937254,0.10133986164116876,1.0
happy,18,0.024161073825503355,0.041033434650455926,0.5888143176733781,2.683475333321642,0.10139423196412446,1.0
explicit,28,0.03758389261744966,0.02127659574468085,1.7664429530201342,2.662692191274213,0.10272672964092318,1.0
memory retrieval,42,0.056375838926174496,0.0364741641337386,1.5456375838926175,2.6590659450045537,0.10296118079428385,1.0
execution,19,0.025503355704697986,0.0121580547112462,2.097651006711409,2.627806382581519,0.1050066989570874,1.0
independently,19,0.025503355704697986,0.0121580547112462,2.097651006711409,2.627806382581519,0.1050066989570874,1.0
executive,33,0.04429530201342282,0.06534954407294832,0.677821133135633,2.626007653258366,0.10512574855997144,1.0
factor,25,0.03355704697986577,0.0182370820668693,1.8400447427293065,2.624979794687044,0.10519384418768286,1.0
evaluate,25,0.03355704697986577,0.0182370820668693,1.8400447427293065,2.624979794687044,0.10519384418768286,1.0
extended,22,0.02953020134228188,0.015197568389057751,1.9430872483221475,2.609398842369239,0.10623202613722173,1.0
interventions,9,0.012080536912751677,0.00303951367781155,3.974496644295302,2.60122352409792,0.10678125008551546,1.0
alcohol,9,0.012080536912751677,0.00303951367781155,3.974496644295302,2.60122352409792,0.10678125008551546,1.0
flexibility,9,0.012080536912751677,0.00303951367781155,3.974496644295302,2.60122352409792,0.10678125008551546,1.0
motor control,9,0.012080536912751677,0.00303951367781155,3.974496644295302,2.60122352409792,0.10678125008551546,1.0
current functional,9,0.012080536912751677,0.00303951367781155,3.974496644295302,2.60122352409792,0.10678125008551546,1.0
systematic,9,0.012080536912751677,0.00303951367781155,3.974496644295302,2.60122352409792,0.10678125008551546,1.0
achieve,9,0.012080536912751677,0.00303951367781155,3.974496644295302,2.60122352409792,0.10678125008551546,1.0
output,9,0.012080536912751677,0.00303951367781155,3.974496644295302,2.60122352409792,0.10678125008551546,1.0
conversely,7,0.009395973154362415,0.02127659574468085,0.44161073825503355,2.587689127237843,0.10769736213307986,1.0
identity,7,0.009395973154362415,0.02127659574468085,0.44161073825503355,2.587689127237843,0.10769736213307986,1.0
conducted,39,0.052348993288590606,0.03343465045592705,1.5657107992678465,2.568061809317342,0.1090412573006241,1.0
involvement,63,0.08456375838926175,0.060790273556231005,1.3910738255033557,2.5640202532083047,0.10932026636651712,1.0
expected,21,0.028187919463087248,0.04559270516717325,0.618255033557047,2.5451162554069238,0.11063576725525776,1.0
navigation,4,0.005369127516778523,0.015197568389057751,0.35328859060402684,2.494028791518451,0.11427885402487818,1.0
fronto temporal,4,0.005369127516778523,0.015197568389057751,0.35328859060402684,2.494028791518451,0.11427885402487818,1.0
typically developing,4,0.005369127516778523,0.015197568389057751,0.35328859060402684,2.494028791518451,0.11427885402487818,1.0
lateralization,14,0.01879194630872483,0.007598784194528876,2.4730201342281877,2.492530347547698,0.11438768595440381,1.0
probe,8,0.010738255033557046,0.022796352583586626,0.4710514541387024,2.4471504304277745,0.1177384337156534,1.0
32,8,0.010738255033557046,0.022796352583586626,0.4710514541387024,2.4471504304277745,0.1177384337156534,1.0
accumbens,8,0.010738255033557046,0.022796352583586626,0.4710514541387024,2.4471504304277745,0.1177384337156534,1.0
executive control,8,0.010738255033557046,0.022796352583586626,0.4710514541387024,2.4471504304277745,0.1177384337156534,1.0
map,8,0.010738255033557046,0.022796352583586626,0.4710514541387024,2.4471504304277745,0.1177384337156534,1.0
dissociable,8,0.010738255033557046,0.022796352583586626,0.4710514541387024,2.4471504304277745,0.1177384337156534,1.0
actions,14,0.01879194630872483,0.03343465045592705,0.5620500305064063,2.4394124110429285,0.11832053953673533,1.0
reading,14,0.01879194630872483,0.03343465045592705,0.5620500305064063,2.4394124110429285,0.11832053953673533,1.0
trait,14,0.01879194630872483,0.03343465045592705,0.5620500305064063,2.4394124110429285,0.11832053953673533,1.0
type,25,0.03355704697986577,0.05167173252279635,0.6494275562574023,2.4141905207131065,0.12024010994969903,1.0
yielded,17,0.022818791946308724,0.010638297872340425,2.14496644295302,2.4012579431168746,0.12123772476393911,1.0
controlling,17,0.022818791946308724,0.010638297872340425,2.14496644295302,2.4012579431168746,0.12123772476393911,1.0
tomography,17,0.022818791946308724,0.010638297872340425,2.14496644295302,2.4012579431168746,0.12123772476393911,1.0
detect,20,0.026845637583892617,0.013677811550151976,1.9627143922445935,2.3776887827027164,0.12307952052965385,1.0
faster,15,0.020134228187919462,0.034954407294832825,0.576014006419609,2.377005769368713,0.12313335476364269,1.0
conditions,85,0.11409395973154363,0.14285714285714285,0.7986577181208054,2.3450570740918537,0.12568095842714228,1.0
immediately,9,0.012080536912751677,0.0243161094224924,0.4968120805369127,2.3305811615376832,0.1268545091680506,1.0
matching,9,0.012080536912751677,0.0243161094224924,0.4968120805369127,2.3305811615376832,0.1268545091680506,1.0
perform,9,0.012080536912751677,0.0243161094224924,0.4968120805369127,2.3305811615376832,0.1268545091680506,1.0
anatomical,30,0.040268456375838924,0.0243161094224924,1.6560402684563758,2.323350884038286,0.12744522189777008,1.0
old,30,0.040268456375838924,0.0243161094224924,1.6560402684563758,2.323350884038286,0.12744522189777008,1.0
reveal,30,0.040268456375838924,0.0243161094224924,1.6560402684563758,2.323350884038286,0.12744522189777008,1.0
seed,16,0.021476510067114093,0.0364741641337386,0.5888143176733781,2.321818424141236,0.12757081638702739,1.0
critical role,12,0.016107382550335572,0.0060790273556231,2.6496644295302016,2.2907156203495065,0.13014990302380378,1.0
change,32,0.042953020134228186,0.06231003039513678,0.6893435914224914,2.2763114327455227,0.1313639645023456,1.0
nucleus,32,0.042953020134228186,0.06231003039513678,0.6893435914224914,2.2763114327455227,0.1313639645023456,1.0
symptoms,34,0.04563758389261745,0.028875379939209727,1.5805015895443306,2.259340174701721,0.1328106374233353,1.0
partially,10,0.013422818791946308,0.025835866261398176,0.5195420450059218,2.23266076954897,0.135120980540435,1.0
differential,36,0.04832214765100671,0.06838905775075987,0.7065771812080537,2.2306101524621664,0.13530040827553513,1.0
reduction,18,0.024161073825503355,0.03951367781155015,0.6114610221992772,2.229179536500341,0.13542574416587988,1.0
posterior,187,0.25100671140939596,0.21580547112462006,1.1631156063900179,2.2197673628903183,0.13625358932523368,1.0
sulcus,50,0.06711409395973154,0.04711246200607903,1.4245507685646244,2.2150106756710928,0.13667411649851277,1.0
memories,42,0.056375838926174496,0.037993920972644375,1.4838120805369128,2.2077201838275946,0.13732147572157719,1.0
model,63,0.08456375838926175,0.06231003039513678,1.35714519561303,2.20735300190023,0.13735417038933367,1.0
play,46,0.06174496644295302,0.0425531914893617,1.451006711409396,2.2060025631258258,0.13747449141694623,1.0
classification,15,0.020134228187919462,0.00911854103343465,2.208053691275168,2.17704110593687,0.14008355271171513,1.0
symptom severity,15,0.020134228187919462,0.00911854103343465,2.208053691275168,2.17704110593687,0.14008355271171513,1.0
memory encoding,31,0.04161073825503356,0.025835866261398176,1.6105803395183578,2.175659534432966,0.14020939615292072,1.0
acc,20,0.026845637583892617,0.0425531914893617,0.6308724832214765,2.1552859903663433,0.1420799863918127,1.0
selection,11,0.01476510067114094,0.02735562310030395,0.5397464578672633,2.149536474118059,0.14261293946576709,1.0
amygdala hippocampus,11,0.01476510067114094,0.02735562310030395,0.5397464578672633,2.149536474118059,0.14261293946576709,1.0
improved,11,0.01476510067114094,0.02735562310030395,0.5397464578672633,2.149536474118059,0.14261293946576709,1.0
grey matter,18,0.024161073825503355,0.0121580547112462,1.987248322147651,2.1470731353024433,0.14284196709416444,1.0
end,18,0.024161073825503355,0.0121580547112462,1.987248322147651,2.1470731353024433,0.14284196709416444,1.0
emission,18,0.024161073825503355,0.0121580547112462,1.987248322147651,2.1470731353024433,0.14284196709416444,1.0
recruited,55,0.0738255033557047,0.05319148936170213,1.3879194630872485,2.1462016430952224,0.1429230926810518,1.0
events,55,0.0738255033557047,0.05319148936170213,1.3879194630872485,2.1462016430952224,0.1429230926810518,1.0
striatum,55,0.0738255033557047,0.05319148936170213,1.3879194630872485,2.1462016430952224,0.1429230926810518,1.0
presentation,21,0.028187919463087248,0.044072948328267476,0.639574172645221,2.1239716149449364,0.14501008071222848,1.0
stress,21,0.028187919463087248,0.044072948328267476,0.639574172645221,2.1239716149449364,0.14501008071222848,1.0
spatially,6,0.008053691275167786,0.0182370820668693,0.4416107382550336,2.1133383727798654,0.1460204657347476,1.0
morphometry vbm,6,0.008053691275167786,0.0182370820668693,0.4416107382550336,2.1133383727798654,0.1460204657347476,1.0
populations,6,0.008053691275167786,0.0182370820668693,0.4416107382550336,2.1133383727798654,0.1460204657347476,1.0
modulating,6,0.008053691275167786,0.0182370820668693,0.4416107382550336,2.1133383727798654,0.1460204657347476,1.0
growing,6,0.008053691275167786,0.0182370820668693,0.4416107382550336,2.1133383727798654,0.1460204657347476,1.0
objects,47,0.06308724832214765,0.044072948328267476,1.431427910205971,2.1084103405681542,0.14649142371152177,1.0
stored,10,0.013422818791946308,0.004559270516717325,2.9440715883668904,2.1025914779111576,0.14704972309063868,1.0
negative positive,10,0.013422818791946308,0.004559270516717325,2.9440715883668904,2.1025914779111576,0.14704972309063868,1.0
research suggests,10,0.013422818791946308,0.004559270516717325,2.9440715883668904,2.1025914779111576,0.14704972309063868,1.0
perfusion,10,0.013422818791946308,0.004559270516717325,2.9440715883668904,2.1025914779111576,0.14704972309063868,1.0
obtained,22,0.02953020134228188,0.04559270516717325,0.6476957494407158,2.0958390398954907,0.14770060758599116,1.0
reductions,12,0.016107382550335572,0.028875379939209727,0.5578240904274109,2.078349791386427,0.1494016182463512,1.0
cognitive,199,0.26711409395973157,0.23252279635258358,1.148765188401983,2.044234860187053,0.152783784268153,1.0
lead,13,0.0174496644295302,0.030395136778115502,0.5740939597315435,2.016935232225203,0.15555282540480617,1.0
vision,3,0.004026845637583893,0.0121580547112462,0.3312080536912752,2.0164252014141693,0.15560509768171188,1.0
hyperactivity disorder,3,0.004026845637583893,0.0121580547112462,0.3312080536912752,2.0164252014141693,0.15560509768171188,1.0
recognizing,3,0.004026845637583893,0.0121580547112462,0.3312080536912752,2.0164252014141693,0.15560509768171188,1.0
susceptibility,3,0.004026845637583893,0.0121580547112462,0.3312080536912752,2.0164252014141693,0.15560509768171188,1.0
response time,3,0.004026845637583893,0.0121580547112462,0.3312080536912752,2.0164252014141693,0.15560509768171188,1.0
adhd,3,0.004026845637583893,0.0121580547112462,0.3312080536912752,2.0164252014141693,0.15560509768171188,1.0
peak,3,0.004026845637583893,0.0121580547112462,0.3312080536912752,2.0164252014141693,0.15560509768171188,1.0
focusing,3,0.004026845637583893,0.0121580547112462,0.3312080536912752,2.0164252014141693,0.15560509768171188,1.0
changed,3,0.004026845637583893,0.0121580547112462,0.3312080536912752,2.0164252014141693,0.15560509768171188,1.0
presentations,3,0.004026845637583893,0.0121580547112462,0.3312080536912752,2.0164252014141693,0.15560509768171188,1.0
uncertainty,3,0.004026845637583893,0.0121580547112462,0.3312080536912752,2.0164252014141693,0.15560509768171188,1.0
encompassing,3,0.004026845637583893,0.0121580547112462,0.3312080536912752,2.0164252014141693,0.15560509768171188,1.0
insula anterior,3,0.004026845637583893,0.0121580547112462,0.3312080536912752,2.0164252014141693,0.15560509768171188,1.0
worse,3,0.004026845637583893,0.0121580547112462,0.3312080536912752,2.0164252014141693,0.15560509768171188,1.0
attention deficit,3,0.004026845637583893,0.0121580547112462,0.3312080536912752,2.0164252014141693,0.15560509768171188,1.0
clearly,3,0.004026845637583893,0.0121580547112462,0.3312080536912752,2.0164252014141693,0.15560509768171188,1.0
deficit hyperactivity,3,0.004026845637583893,0.0121580547112462,0.3312080536912752,2.0164252014141693,0.15560509768171188,1.0
associative,36,0.04832214765100671,0.031914893617021274,1.5140939597315437,2.010597764566223,0.15620376085443238,1.0
age sex,7,0.009395973154362415,0.019756838905775075,0.4755807950438823,1.9827850623044456,0.15909731347037706,1.0
network,221,0.2966442953020134,0.2613981762917933,1.134836897143749,1.9812863908315543,0.1592549537533927,1.0
subcortical,28,0.03758389261744966,0.0547112462006079,0.6869500372856077,1.9773145478601228,0.1596735996457041,1.0
cortex pfc,14,0.01879194630872483,0.031914893617021274,0.5888143176733781,1.9636223039404765,0.16112644883419283,1.0
rely,14,0.01879194630872483,0.031914893617021274,0.5888143176733781,1.9636223039404765,0.16112644883419283,1.0
intrinsic,14,0.01879194630872483,0.031914893617021274,0.5888143176733781,1.9636223039404765,0.16112644883419283,1.0
differ,29,0.038926174496644296,0.0243161094224924,1.6008389261744966,1.9547691777762655,0.16207385203831157,1.0
36,8,0.010738255033557046,0.00303951367781155,3.5328859060402684,1.939582117465137,0.1637139143169771,1.0
substance,8,0.010738255033557046,0.00303951367781155,3.5328859060402684,1.939582117465137,0.1637139143169771,1.0
connection,8,0.010738255033557046,0.00303951367781155,3.5328859060402684,1.939582117465137,0.1637139143169771,1.0
behavioral evidence,8,0.010738255033557046,0.00303951367781155,3.5328859060402684,1.939582117465137,0.1637139143169771,1.0
reverse,8,0.010738255033557046,0.00303951367781155,3.5328859060402684,1.939582117465137,0.1637139143169771,1.0
replicated,8,0.010738255033557046,0.00303951367781155,3.5328859060402684,1.939582117465137,0.1637139143169771,1.0
trial trial,8,0.010738255033557046,0.00303951367781155,3.5328859060402684,1.939582117465137,0.1637139143169771,1.0
precuneus posterior,8,0.010738255033557046,0.00303951367781155,3.5328859060402684,1.939582117465137,0.1637139143169771,1.0
emerging,8,0.010738255033557046,0.00303951367781155,3.5328859060402684,1.939582117465137,0.1637139143169771,1.0
posterior middle,8,0.010738255033557046,0.00303951367781155,3.5328859060402684,1.939582117465137,0.1637139143169771,1.0
problems,19,0.025503355704697986,0.013677811550151976,1.8645786726323639,1.9301381152445412,0.164743335185529,1.0
acquired,33,0.04429530201342282,0.06231003039513678,0.7108855786544442,1.9232975340851937,0.16549359753186157,1.0
developed,16,0.021476510067114093,0.010638297872340425,2.018791946308725,1.9175778662885987,0.1661239209377114,1.0
false,16,0.021476510067114093,0.010638297872340425,2.018791946308725,1.9175778662885987,0.1661239209377114,1.0
amygdala insula,16,0.021476510067114093,0.010638297872340425,2.018791946308725,1.9175778662885987,0.1661239209377114,1.0
designed,15,0.020134228187919462,0.03343465045592705,0.602196461256864,1.9171017276434106,0.1661765164767418,1.0
potentially,15,0.020134228187919462,0.03343465045592705,0.602196461256864,1.9171017276434106,0.1661765164767418,1.0
point,15,0.020134228187919462,0.03343465045592705,0.602196461256864,1.9171017276434106,0.1661765164767418,1.0
strong,33,0.04429530201342282,0.028875379939209727,1.5340162486753797,1.9157923933557601,0.16632124729713407,1.0
episode,8,0.010738255033557046,0.02127659574468085,0.5046979865771812,1.8776074503125082,0.170606325948813,1.0
divided,8,0.010738255033557046,0.02127659574468085,0.5046979865771812,1.8776074503125082,0.170606325948813,1.0
fc,8,0.010738255033557046,0.02127659574468085,0.5046979865771812,1.8776074503125082,0.170606325948813,1.0
fearful,17,0.022818791946308724,0.0364741641337386,0.6256152125279643,1.8404779799552937,0.1748949354106625,1.0
rate,17,0.022818791946308724,0.0364741641337386,0.6256152125279643,1.8404779799552937,0.1748949354106625,1.0
parietal lobule,30,0.040268456375838924,0.025835866261398176,1.5586261350177655,1.824206242184501,0.17681341093423622,1.0
connectivity,135,0.18120805369127516,0.21124620060790272,0.8578050311428709,1.8194655524398982,0.17737690667615538,1.0
person,18,0.024161073825503355,0.037993920972644375,0.6359194630872483,1.8088554649263087,0.17864558863268604,1.0
cognitive impairment,23,0.03087248322147651,0.0182370820668693,1.6928411633109621,1.8032730580194642,0.17931730125796647,1.0
selectively,23,0.03087248322147651,0.0182370820668693,1.6928411633109621,1.8032730580194642,0.17931730125796647,1.0
recall,34,0.04563758389261745,0.030395136778115502,1.501476510067114,1.800989911326021,0.17959286548408548,1.0
spectrum disorder,4,0.005369127516778523,0.013677811550151976,0.39254287844891866,1.8003779285346777,0.17966681187680286,1.0
memory test,4,0.005369127516778523,0.013677811550151976,0.39254287844891866,1.8003779285346777,0.17966681187680286,1.0
presenting,4,0.005369127516778523,0.013677811550151976,0.39254287844891866,1.8003779285346777,0.17966681187680286,1.0
postcentral gyrus,4,0.005369127516778523,0.013677811550151976,0.39254287844891866,1.8003779285346777,0.17966681187680286,1.0
partly,4,0.005369127516778523,0.013677811550151976,0.39254287844891866,1.8003779285346777,0.17966681187680286,1.0
unaffected,4,0.005369127516778523,0.013677811550151976,0.39254287844891866,1.8003779285346777,0.17966681187680286,1.0
anxiety disorders,4,0.005369127516778523,0.013677811550151976,0.39254287844891866,1.8003779285346777,0.17966681187680286,1.0
shifts,4,0.005369127516778523,0.013677811550151976,0.39254287844891866,1.8003779285346777,0.17966681187680286,1.0
instead,9,0.012080536912751677,0.022796352583586626,0.5299328859060403,1.7914681481013666,0.18074738600969886,1.0
reaction time,9,0.012080536912751677,0.022796352583586626,0.5299328859060403,1.7914681481013666,0.18074738600969886,1.0
et al,9,0.012080536912751677,0.022796352583586626,0.5299328859060403,1.7914681481013666,0.18074738600969886,1.0
al,9,0.012080536912751677,0.022796352583586626,0.5299328859060403,1.7914681481013666,0.18074738600969886,1.0
et,9,0.012080536912751677,0.022796352583586626,0.5299328859060403,1.7914681481013666,0.18074738600969886,1.0
rapid,9,0.012080536912751677,0.022796352583586626,0.5299328859060403,1.7914681481013666,0.18074738600969886,1.0
initial,19,0.025503355704697986,0.03951367781155015,0.645431078988126,1.7809047514847327,0.18203826740658774,1.0
episodic memory,51,0.06845637583892618,0.05015197568389058,1.3649786455155584,1.767339447844257,0.1837116863368886,1.0
conclusion,20,0.026845637583892617,0.041033434650455926,0.6542381307481979,1.7561607462450328,0.18510411148351144,1.0
background,65,0.087248322147651,0.0668693009118541,1.304758999389872,1.7506764966842234,0.1857917099126873,1.0
healthy individuals,20,0.026845637583892617,0.015197568389057751,1.7664429530201342,1.7430067498384574,0.18675830219464748,1.0
situations,20,0.026845637583892617,0.015197568389057751,1.7664429530201342,1.7430067498384574,0.18675830219464748,1.0
thinking,20,0.026845637583892617,0.015197568389057751,1.7664429530201342,1.7430067498384574,0.18675830219464748,1.0
retrieved,20,0.026845637583892617,0.015197568389057751,1.7664429530201342,1.7430067498384574,0.18675830219464748,1.0
studied,70,0.09395973154362416,0.0729483282674772,1.2880313199105147,1.738990094207212,0.18726683936398647,1.0
cortex superior,11,0.01476510067114094,0.0060790273556231,2.4288590604026847,1.738763062095896,0.18729563129044216,1.0
dementia,11,0.01476510067114094,0.0060790273556231,2.4288590604026847,1.738763062095896,0.18729563129044216,1.0
anisotropy,11,0.01476510067114094,0.0060790273556231,2.4288590604026847,1.738763062095896,0.18729563129044216,1.0
fractional anisotropy,11,0.01476510067114094,0.0060790273556231,2.4288590604026847,1.738763062095896,0.18729563129044216,1.0
pleasant,11,0.01476510067114094,0.0060790273556231,2.4288590604026847,1.738763062095896,0.18729563129044216,1.0
underlies,11,0.01476510067114094,0.0060790273556231,2.4288590604026847,1.738763062095896,0.18729563129044216,1.0
therapy,11,0.01476510067114094,0.0060790273556231,2.4288590604026847,1.738763062095896,0.18729563129044216,1.0
called,11,0.01476510067114094,0.0060790273556231,2.4288590604026847,1.738763062095896,0.18729563129044216,1.0
matter volumes,11,0.01476510067114094,0.0060790273556231,2.4288590604026847,1.738763062095896,0.18729563129044216,1.0
comprehension,27,0.036241610738255034,0.022796352583586626,1.589798657718121,1.7367005479106958,0.18755743272897332,1.0
depressive,27,0.036241610738255034,0.022796352583586626,1.589798657718121,1.7367005479106958,0.18755743272897332,1.0
manipulated,10,0.013422818791946308,0.0243161094224924,0.552013422818792,1.7199797677740267,0.1896956493134844,1.0
lateral temporal,17,0.022818791946308724,0.0121580547112462,1.8768456375838924,1.700699028087515,0.19219658485657837,1.0
incongruent,17,0.022818791946308724,0.0121580547112462,1.8768456375838924,1.700699028087515,0.19219658485657837,1.0
mdd,17,0.022818791946308724,0.0121580547112462,1.8768456375838924,1.700699028087515,0.19219658485657837,1.0
disease ad,17,0.022818791946308724,0.0121580547112462,1.8768456375838924,1.700699028087515,0.19219658485657837,1.0
taking,17,0.022818791946308724,0.0121580547112462,1.8768456375838924,1.700699028087515,0.19219658485657837,1.0
lobule,35,0.04697986577181208,0.031914893617021274,1.4720357941834454,1.6948364153806896,0.19296464823543188,1.0
demand,14,0.01879194630872483,0.00911854103343465,2.060850111856823,1.6892485355487503,0.19370005834277684,1.0
variance,14,0.01879194630872483,0.00911854103343465,2.060850111856823,1.6892485355487503,0.19370005834277684,1.0
cued,11,0.01476510067114094,0.025835866261398176,0.571496249506514,1.6600084936167019,0.19760217707180672,1.0
light,11,0.01476510067114094,0.025835866261398176,0.571496249506514,1.6600084936167019,0.19760217707180672,1.0
possibility,11,0.01476510067114094,0.025835866261398176,0.571496249506514,1.6600084936167019,0.19760217707180672,1.0
behaviorally,11,0.01476510067114094,0.025835866261398176,0.571496249506514,1.6600084936167019,0.19760217707180672,1.0
dynamics,11,0.01476510067114094,0.025835866261398176,0.571496249506514,1.6600084936167019,0.19760217707180672,1.0
included,48,0.06442953020134229,0.04711246200607903,1.3675687378220396,1.6594208693711865,0.19768153505020145,1.0
outcomes,24,0.032214765100671144,0.019756838905775075,1.6305627258647395,1.6546068753973773,0.1983330687609263,1.0
using event,24,0.032214765100671144,0.019756838905775075,1.6305627258647395,1.6546068753973773,0.1983330687609263,1.0
samples,5,0.006711409395973154,0.015197568389057751,0.44161073825503355,1.6442594234055734,0.19974205864460864,1.0
reasoning,5,0.006711409395973154,0.015197568389057751,0.44161073825503355,1.6442594234055734,0.19974205864460864,1.0
relational,5,0.006711409395973154,0.015197568389057751,0.44161073825503355,1.6442594234055734,0.19974205864460864,1.0
storage,5,0.006711409395973154,0.015197568389057751,0.44161073825503355,1.6442594234055734,0.19974205864460864,1.0
highly,28,0.03758389261744966,0.05319148936170213,0.7065771812080537,1.637333981609378,0.20069164924817565,1.0
fear,28,0.03758389261744966,0.05319148936170213,0.7065771812080537,1.637333981609378,0.20069164924817565,1.0
tasks,82,0.11006711409395974,0.1337386018237082,0.8230018303843808,1.6229894522941994,0.2026754544646323,1.0
categories,28,0.03758389261744966,0.0243161094224924,1.5456375838926173,1.6115124671794863,0.2042793261036708,1.0
emotional stimuli,12,0.016107382550335572,0.02735562310030395,0.5888143176733781,1.6092562249272913,0.20459638546775827,1.0
increases,46,0.06174496644295302,0.08054711246200608,0.766569583386096,1.6076186108769897,0.20482687533167082,1.0
exhibited,41,0.05503355704697987,0.0729483282674772,0.7544183445190157,1.597962568653416,0.20619218358745878,1.0
somatosensory,21,0.028187919463087248,0.016717325227963525,1.6861500915192191,1.5800944601771507,0.2087470877952321,1.0
particular,54,0.07248322147651007,0.0547112462006079,1.3248322147651006,1.5541306253942266,0.21252668319519877,1.0
quality,9,0.012080536912751677,0.004559270516717325,2.649664429530201,1.528274193510028,0.216371642413674,1.0
just,9,0.012080536912751677,0.004559270516717325,2.649664429530201,1.528274193510028,0.216371642413674,1.0
trained,9,0.012080536912751677,0.004559270516717325,2.649664429530201,1.528274193510028,0.216371642413674,1.0
auditory cortex,9,0.012080536912751677,0.004559270516717325,2.649664429530201,1.528274193510028,0.216371642413674,1.0
kinds,9,0.012080536912751677,0.004559270516717325,2.649664429530201,1.528274193510028,0.216371642413674,1.0
stop,9,0.012080536912751677,0.004559270516717325,2.649664429530201,1.528274193510028,0.216371642413674,1.0
rostral anterior,9,0.012080536912751677,0.004559270516717325,2.649664429530201,1.528274193510028,0.216371642413674,1.0
primary motor,9,0.012080536912751677,0.004559270516717325,2.649664429530201,1.528274193510028,0.216371642413674,1.0
cognitive function,9,0.012080536912751677,0.004559270516717325,2.649664429530201,1.528274193510028,0.216371642413674,1.0
deprivation,9,0.012080536912751677,0.004559270516717325,2.649664429530201,1.528274193510028,0.216371642413674,1.0
threshold,9,0.012080536912751677,0.004559270516717325,2.649664429530201,1.528274193510028,0.216371642413674,1.0
abuse,9,0.012080536912751677,0.004559270516717325,2.649664429530201,1.528274193510028,0.216371642413674,1.0
exists,9,0.012080536912751677,0.004559270516717325,2.649664429530201,1.528274193510028,0.216371642413674,1.0
believed,6,0.008053691275167786,0.016717325227963525,0.48175716900549126,1.52692720329773,0.21657420318135484,1.0
framework,6,0.008053691275167786,0.016717325227963525,0.48175716900549126,1.52692720329773,0.21657420318135484,1.0
alterations,41,0.05503355704697987,0.03951367781155015,1.3927723283427982,1.5251419827834232,0.2168430132895698,1.0
effects,140,0.18791946308724833,0.21580547112462006,0.8707817374042915,1.5226506649545462,0.21721880890623116,1.0
temporal lobes,25,0.03355704697986577,0.02127659574468085,1.5771812080536913,1.5218605330628459,0.21733815611707946,1.0
grey,18,0.024161073825503355,0.013677811550151976,1.7664429530201342,1.5169457122454866,0.21808228377494718,1.0
intraparietal sulcus,18,0.024161073825503355,0.013677811550151976,1.7664429530201342,1.5169457122454866,0.21808228377494718,1.0
monetary,18,0.024161073825503355,0.013677811550151976,1.7664429530201342,1.5169457122454866,0.21808228377494718,1.0
motivation,18,0.024161073825503355,0.013677811550151976,1.7664429530201342,1.5169457122454866,0.21808228377494718,1.0
stimulus,70,0.09395973154362416,0.11550151975683891,0.8134934652066408,1.5156853493997442,0.21827359795396395,1.0
cerebral,50,0.06711409395973154,0.05015197568389058,1.3382143583485866,1.5142311820827852,0.21849457905744477,1.0
evoked,29,0.038926174496644296,0.025835866261398176,1.5066719305171734,1.4977739866933564,0.22101418833988476,1.0
detection,29,0.038926174496644296,0.025835866261398176,1.5066719305171734,1.4977739866933564,0.22101418833988476,1.0
past,33,0.04429530201342282,0.030395136778115502,1.4573154362416108,1.4945264681841517,0.22151547873198246,1.0
demonstrate,65,0.087248322147651,0.10790273556231003,0.8085830418754135,1.4749742931304326,0.22456249928730665,1.0
emission tomography,15,0.020134228187919462,0.010638297872340425,1.8926174496644295,1.4723892281512527,0.22496910535986908,1.0
orbital,15,0.020134228187919462,0.010638297872340425,1.8926174496644295,1.4723892281512527,0.22496910535986908,1.0
modalities,15,0.020134228187919462,0.010638297872340425,1.8926174496644295,1.4723892281512527,0.22496910535986908,1.0
production,15,0.020134228187919462,0.010638297872340425,1.8926174496644295,1.4723892281512527,0.22496910535986908,1.0
failure,15,0.020134228187919462,0.010638297872340425,1.8926174496644295,1.4723892281512527,0.22496910535986908,1.0
irrespective,15,0.020134228187919462,0.010638297872340425,1.8926174496644295,1.4723892281512527,0.22496910535986908,1.0
meaning,15,0.020134228187919462,0.010638297872340425,1.8926174496644295,1.4723892281512527,0.22496910535986908,1.0
multimodal,15,0.020134228187919462,0.010638297872340425,1.8926174496644295,1.4723892281512527,0.22496910535986908,1.0
fully,15,0.020134228187919462,0.010638297872340425,1.8926174496644295,1.4723892281512527,0.22496910535986908,1.0
mechanisms underlying,16,0.021476510067114093,0.03343465045592705,0.6423428920073215,1.4694094260256274,0.22543889608310144,1.0
episodes,12,0.016107382550335572,0.007598784194528876,2.119731543624161,1.462167534247222,0.2265855580615787,1.0
apart,12,0.016107382550335572,0.007598784194528876,2.119731543624161,1.462167534247222,0.2265855580615787,1.0
manipulating,12,0.016107382550335572,0.007598784194528876,2.119731543624161,1.462167534247222,0.2265855580615787,1.0
concurrent,12,0.016107382550335572,0.007598784194528876,2.119731543624161,1.462167534247222,0.2265855580615787,1.0
turn,12,0.016107382550335572,0.007598784194528876,2.119731543624161,1.462167534247222,0.2265855580615787,1.0
fractional,12,0.016107382550335572,0.007598784194528876,2.119731543624161,1.462167534247222,0.2265855580615787,1.0
medial orbitofrontal,12,0.016107382550335572,0.007598784194528876,2.119731543624161,1.462167534247222,0.2265855580615787,1.0
patient,17,0.022818791946308724,0.034954407294832825,0.6528158739422235,1.4455214882434746,0.2292479292730366,1.0
hemodynamic,22,0.02953020134228188,0.0182370820668693,1.6192393736017898,1.4371307057545737,0.23060421952098586,1.0
premotor cortex,22,0.02953020134228188,0.0182370820668693,1.6192393736017898,1.4371307057545737,0.23060421952098586,1.0
interestingly,7,0.009395973154362415,0.0182370820668693,0.5152125279642058,1.4361409292292646,0.2307648442408631,1.0
min,7,0.009395973154362415,0.0182370820668693,0.5152125279642058,1.4361409292292646,0.2307648442408631,1.0
distributed network,7,0.009395973154362415,0.0182370820668693,0.5152125279642058,1.4361409292292646,0.2307648442408631,1.0
vbm,7,0.009395973154362415,0.0182370820668693,0.5152125279642058,1.4361409292292646,0.2307648442408631,1.0
adolescent,7,0.009395973154362415,0.0182370820668693,0.5152125279642058,1.4361409292292646,0.2307648442408631,1.0
question,18,0.024161073825503355,0.0364741641337386,0.6624161073825503,1.4248053198319497,0.2326140874862417,1.0
orbitofrontal,61,0.08187919463087248,0.06382978723404255,1.2827740492170023,1.4185251867373483,0.2336463026768674,1.0
particularly,47,0.06308724832214765,0.04711246200607903,1.339077722450747,1.4076126800933533,0.23545310650961737,1.0
mechanism,47,0.06308724832214765,0.04711246200607903,1.339077722450747,1.4076126800933533,0.23545310650961737,1.0
predict,19,0.025503355704697986,0.037993920972644375,0.6712483221476511,1.4068321858911665,0.23558298101732783,1.0
stimulation,19,0.025503355704697986,0.037993920972644375,0.6712483221476511,1.4068321858911665,0.23558298101732783,1.0
arousal,26,0.0348993288590604,0.022796352583586626,1.5309172259507828,1.4027071143476715,0.23627083687974315,1.0
life,30,0.040268456375838924,0.02735562310030395,1.472035794183445,1.3940562984224336,0.2377212806022487,1.0
learned,20,0.026845637583892617,0.03951367781155015,0.6794011357769747,1.3912479354230387,0.23819446625031987,1.0
differentially,21,0.028187919463087248,0.041033434650455926,0.6869500372856078,1.3777574631691356,0.24048350252709189,1.0
underlying,99,0.13288590604026845,0.11094224924012158,1.19779350923968,1.3667728571113151,0.24236712624893553,1.0
positively,49,0.06577181208053691,0.08358662613981763,0.7868700427089689,1.366552565066816,0.24240508493498208,1.0
presence,22,0.02953020134228188,0.0425531914893617,0.6939597315436242,1.3661129006086992,0.24248086549477885,1.0
14,22,0.02953020134228188,0.0425531914893617,0.6939597315436242,1.3661129006086992,0.24248086549477885,1.0
emerged,8,0.010738255033557046,0.019756838905775075,0.5435209086215798,1.364323290194991,0.2427896206817904,1.0
serotonin,8,0.010738255033557046,0.019756838905775075,0.5435209086215798,1.364323290194991,0.2427896206817904,1.0
gyrus posterior,8,0.010738255033557046,0.019756838905775075,0.5435209086215798,1.364323290194991,0.2427896206817904,1.0
average,8,0.010738255033557046,0.019756838905775075,0.5435209086215798,1.364323290194991,0.2427896206817904,1.0
general,62,0.08322147651006712,0.06534954407294832,1.2734821289214922,1.3640419043996566,0.2428382107487582,1.0
index,19,0.025503355704697986,0.015197568389057751,1.6781208053691274,1.3594684090545672,0.2436296321762823,1.0
shows,19,0.025503355704697986,0.015197568389057751,1.6781208053691274,1.3594684090545672,0.2436296321762823,1.0
idea,19,0.025503355704697986,0.015197568389057751,1.6781208053691274,1.3594684090545672,0.2436296321762823,1.0
increasing,24,0.032214765100671144,0.04559270516717325,0.7065771812080538,1.3475537297289968,0.24570623273501815,1.0
cingulate cortex,117,0.15704697986577182,0.1337386018237082,1.1742830994508848,1.3403522035667428,0.24697186596279724,1.0
explore,25,0.03355704697986577,0.04711246200607903,0.7122753842823122,1.3403074019493113,0.24697976454247028,1.0
statement,3,0.004026845637583893,0.010638297872340425,0.378523489932886,1.3250150847711608,0.24969397925168602,1.0
multisensory,3,0.004026845637583893,0.010638297872340425,0.378523489932886,1.3250150847711608,0.24969397925168602,1.0
previous work,3,0.004026845637583893,0.010638297872340425,0.378523489932886,1.3250150847711608,0.24969397925168602,1.0
investigates,3,0.004026845637583893,0.010638297872340425,0.378523489932886,1.3250150847711608,0.24969397925168602,1.0
salience network,3,0.004026845637583893,0.010638297872340425,0.378523489932886,1.3250150847711608,0.24969397925168602,1.0
action observation,3,0.004026845637583893,0.010638297872340425,0.378523489932886,1.3250150847711608,0.24969397925168602,1.0
near,3,0.004026845637583893,0.010638297872340425,0.378523489932886,1.3250150847711608,0.24969397925168602,1.0
complete,3,0.004026845637583893,0.010638297872340425,0.378523489932886,1.3250150847711608,0.24969397925168602,1.0
primary visual,3,0.004026845637583893,0.010638297872340425,0.378523489932886,1.3250150847711608,0.24969397925168602,1.0
ipl,3,0.004026845637583893,0.010638297872340425,0.378523489932886,1.3250150847711608,0.24969397925168602,1.0
signature,3,0.004026845637583893,0.010638297872340425,0.378523489932886,1.3250150847711608,0.24969397925168602,1.0
higher level,3,0.004026845637583893,0.010638297872340425,0.378523489932886,1.3250150847711608,0.24969397925168602,1.0
current,89,0.11946308724832215,0.09878419452887538,1.209334021683015,1.3247141747481403,0.24974775299497678,1.0
episodic,73,0.09798657718120805,0.0790273556231003,1.2399070727929788,1.3227376625085998,0.2501013162970284,1.0
components,29,0.038926174496644296,0.05319148936170213,0.7318120805369127,1.321975344905175,0.25023784553977485,1.0
future,30,0.040268456375838924,0.0547112462006079,0.7360178970917225,1.3195847308035726,0.2506665921139585,1.0
target,35,0.04697986577181208,0.06231003039513678,0.75396955311835,1.3174420164217107,0.2510516452170925,1.0
memory processes,9,0.012080536912751677,0.02127659574468085,0.5677852348993289,1.3065325999741597,0.2530234078991808,1.0
preferentially,9,0.012080536912751677,0.02127659574468085,0.5677852348993289,1.3065325999741597,0.2530234078991808,1.0
symptom,27,0.036241610738255034,0.0243161094224924,1.4904362416107382,1.2952526331071954,0.25508220905749046,1.0
history,16,0.021476510067114093,0.0121580547112462,1.7664429530201342,1.292813938488607,0.255530024556877,1.0
case,16,0.021476510067114093,0.0121580547112462,1.7664429530201342,1.292813938488607,0.255530024556877,1.0
positron emission,16,0.021476510067114093,0.0121580547112462,1.7664429530201342,1.292813938488607,0.255530024556877,1.0
insights,16,0.021476510067114093,0.0121580547112462,1.7664429530201342,1.292813938488607,0.255530024556877,1.0
longitudinal,16,0.021476510067114093,0.0121580547112462,1.7664429530201342,1.292813938488607,0.255530024556877,1.0
dopamine,16,0.021476510067114093,0.0121580547112462,1.7664429530201342,1.292813938488607,0.255530024556877,1.0
positron,16,0.021476510067114093,0.0121580547112462,1.7664429530201342,1.292813938488607,0.255530024556877,1.0
indicate,67,0.08993288590604027,0.1094224924012158,0.8218866517524236,1.2765725491726456,0.2585372857456563,1.0
form,40,0.053691275167785234,0.03951367781155015,1.3588022715539494,1.2663440384331706,0.2604536578808683,1.0
linked,54,0.07248322147651007,0.05623100303951368,1.2890259386903682,1.2654100854902155,0.26062951404737744,1.0
responsible,10,0.013422818791946308,0.022796352583586626,0.5888143176733781,1.2594085474727237,0.2617630741704535,1.0
physiological,10,0.013422818791946308,0.022796352583586626,0.5888143176733781,1.2594085474727237,0.2617630741704535,1.0
damage,10,0.013422818791946308,0.022796352583586626,0.5888143176733781,1.2594085474727237,0.2617630741704535,1.0
regulating,13,0.0174496644295302,0.00911854103343465,1.9136465324384786,1.2452639744882938,0.26445896404142066,1.0
strategic,13,0.0174496644295302,0.00911854103343465,1.9136465324384786,1.2452639744882938,0.26445896404142066,1.0
cluster,13,0.0174496644295302,0.00911854103343465,1.9136465324384786,1.2452639744882938,0.26445896404142066,1.0
disorder mdd,13,0.0174496644295302,0.00911854103343465,1.9136465324384786,1.2452639744882938,0.26445896404142066,1.0
27,13,0.0174496644295302,0.00911854103343465,1.9136465324384786,1.2452639744882938,0.26445896404142066,1.0
structural magnetic,13,0.0174496644295302,0.00911854103343465,1.9136465324384786,1.2452639744882938,0.26445896404142066,1.0
extensively,10,0.013422818791946308,0.0060790273556231,2.208053691275168,1.2364934856507286,0.2661479163639943,1.0
lesser,10,0.013422818791946308,0.0060790273556231,2.208053691275168,1.2364934856507286,0.2661479163639943,1.0
cortex suggest,10,0.013422818791946308,0.0060790273556231,2.208053691275168,1.2364934856507286,0.2661479163639943,1.0
sclerosis,10,0.013422818791946308,0.0060790273556231,2.208053691275168,1.2364934856507286,0.2661479163639943,1.0
functional coupling,10,0.013422818791946308,0.0060790273556231,2.208053691275168,1.2364934856507286,0.2661479163639943,1.0
underlying mechanisms,10,0.013422818791946308,0.0060790273556231,2.208053691275168,1.2364934856507286,0.2661479163639943,1.0
met,10,0.013422818791946308,0.0060790273556231,2.208053691275168,1.2364934856507286,0.2661479163639943,1.0
alternating,10,0.013422818791946308,0.0060790273556231,2.208053691275168,1.2364934856507286,0.2661479163639943,1.0
subserving,10,0.013422818791946308,0.0060790273556231,2.208053691275168,1.2364934856507286,0.2661479163639943,1.0
track,10,0.013422818791946308,0.0060790273556231,2.208053691275168,1.2364934856507286,0.2661479163639943,1.0
metabolic,10,0.013422818791946308,0.0060790273556231,2.208053691275168,1.2364934856507286,0.2661479163639943,1.0
probabilistic,10,0.013422818791946308,0.0060790273556231,2.208053691275168,1.2364934856507286,0.2661479163639943,1.0
post,36,0.04832214765100671,0.034954407294832825,1.3824336154070616,1.2358297423486804,0.2662762804449998,1.0
ad,20,0.026845637583892617,0.016717325227963525,1.6058572300183038,1.2231852462886055,0.26873645077357866,1.0
strength,20,0.026845637583892617,0.016717325227963525,1.6058572300183038,1.2231852462886055,0.26873645077357866,1.0
salient,11,0.01476510067114094,0.0243161094224924,0.6072147651006712,1.2205865024710751,0.26924558138350124,1.0
face,58,0.07785234899328859,0.09574468085106383,0.813124533929903,1.201421393325715,0.2730377725502639,1.0
account,24,0.032214765100671144,0.02127659574468085,1.514093959731544,1.1984620359112617,0.27362928455856306,1.0
produced,24,0.032214765100671144,0.02127659574468085,1.514093959731544,1.1984620359112617,0.27362928455856306,1.0
supplementary,24,0.032214765100671144,0.02127659574468085,1.514093959731544,1.1984620359112617,0.27362928455856306,1.0
temporal cortex,41,0.05503355704697987,0.041033434650455926,1.3411881680338058,1.1969010056912146,0.27394194829733404,1.0
impairment,41,0.05503355704697987,0.041033434650455926,1.3411881680338058,1.1969010056912146,0.27394194829733404,1.0
angry,12,0.016107382550335572,0.025835866261398176,0.6234504540071063,1.1883541776160746,0.2756617896934657,1.0
conditioning,12,0.016107382550335572,0.025835866261398176,0.6234504540071063,1.1883541776160746,0.2756617896934657,1.0
image,12,0.016107382550335572,0.025835866261398176,0.6234504540071063,1.1883541776160746,0.2756617896934657,1.0
deactivations,4,0.005369127516778523,0.0121580547112462,0.44161073825503355,1.1828289322072116,0.2767808328107534,1.0
characteristic,4,0.005369127516778523,0.0121580547112462,0.44161073825503355,1.1828289322072116,0.2767808328107534,1.0
measurement,4,0.005369127516778523,0.0121580547112462,0.44161073825503355,1.1828289322072116,0.2767808328107534,1.0
questionnaire,4,0.005369127516778523,0.0121580547112462,0.44161073825503355,1.1828289322072116,0.2767808328107534,1.0
rois,4,0.005369127516778523,0.0121580547112462,0.44161073825503355,1.1828289322072116,0.2767808328107534,1.0
naive,4,0.005369127516778523,0.0121580547112462,0.44161073825503355,1.1828289322072116,0.2767808328107534,1.0
compatible,4,0.005369127516778523,0.0121580547112462,0.44161073825503355,1.1828289322072116,0.2767808328107534,1.0
broca,4,0.005369127516778523,0.0121580547112462,0.44161073825503355,1.1828289322072116,0.2767808328107534,1.0
analyze,4,0.005369127516778523,0.0121580547112462,0.44161073825503355,1.1828289322072116,0.2767808328107534,1.0
intentions,4,0.005369127516778523,0.0121580547112462,0.44161073825503355,1.1828289322072116,0.2767808328107534,1.0
determine,37,0.049664429530201344,0.0364741641337386,1.361633109619687,1.1617600573780063,0.28110081890663446,1.0
parametric,13,0.0174496644295302,0.02735562310030395,0.6378821774794928,1.1614411954502335,0.28116684961337246,1.0
females,13,0.0174496644295302,0.02735562310030395,0.6378821774794928,1.1614411954502335,0.28116684961337246,1.0
paradigms,13,0.0174496644295302,0.02735562310030395,0.6378821774794928,1.1614411954502335,0.28116684961337246,1.0
resulting,17,0.022818791946308724,0.013677811550151976,1.6683072334079045,1.14192325090389,0.2852463014588156,1.0
participant,17,0.022818791946308724,0.013677811550151976,1.6683072334079045,1.14192325090389,0.2852463014588156,1.0
mediating,17,0.022818791946308724,0.013677811550151976,1.6683072334079045,1.14192325090389,0.2852463014588156,1.0
induce,17,0.022818791946308724,0.013677811550151976,1.6683072334079045,1.14192325090389,0.2852463014588156,1.0
understanding,50,0.06711409395973154,0.08358662613981763,0.8029286150091519,1.141718089989208,0.2852895789956588,1.0
limited,14,0.01879194630872483,0.028875379939209727,0.6507947721653126,1.1388851765229633,0.28588801860629726,1.0
manipulation,14,0.01879194630872483,0.028875379939209727,0.6507947721653126,1.1388851765229633,0.28588801860629726,1.0
premotor,33,0.04429530201342282,0.031914893617021274,1.3879194630872485,1.1319152246952557,0.28736718644829606,1.0
substrates,42,0.056375838926174496,0.0425531914893617,1.3248322147651006,1.1317966080376334,0.2873924433914303,1.0
reported,48,0.06442953020134229,0.08054711246200608,0.7998986957072307,1.1281005702047469,0.2881808535828972,1.0
reflect,47,0.06308724832214765,0.0790273556231003,0.7982963345379454,1.121520657847292,0.28959125247780615,1.0
recorded,15,0.020134228187919462,0.030395136778115502,0.6624161073825503,1.119943740151037,0.2899305684641743,1.0
level,133,0.17852348993288591,0.20212765957446807,0.8832214765100672,1.1180276316297424,0.29034355256681654,1.0
parietal cortex,47,0.06308724832214765,0.0486322188449848,1.297231543624161,1.1153578054277733,0.2909202388736341,1.0
memory performance,29,0.038926174496644296,0.02735562310030395,1.4229679343773303,1.1094765144647092,0.29219577097137994,1.0
scenes,29,0.038926174496644296,0.02735562310030395,1.4229679343773303,1.1094765144647092,0.29219577097137994,1.0
decisions,21,0.028187919463087248,0.0182370820668693,1.5456375838926175,1.1042463416328303,0.29333609486597917,1.0
overlapping,21,0.028187919463087248,0.0182370820668693,1.5456375838926175,1.1042463416328303,0.29333609486597917,1.0
lateral prefrontal,21,0.028187919463087248,0.0182370820668693,1.5456375838926175,1.1042463416328303,0.29333609486597917,1.0
processed,16,0.021476510067114093,0.031914893617021274,0.672930648769575,1.1040350454745513,0.29338228278061024,1.0
block,16,0.021476510067114093,0.031914893617021274,0.672930648769575,1.1040350454745513,0.29338228278061024,1.0
functionally,16,0.021476510067114093,0.031914893617021274,0.672930648769575,1.1040350454745513,0.29338228278061024,1.0
feedback,25,0.03355704697986577,0.022796352583586626,1.4720357941834452,1.0980371258661323,0.2946972769972915,1.0
evaluation,17,0.022818791946308724,0.03343465045592705,0.6824893227577792,1.0906966275741121,0.2963169102693355,1.0
joint,5,0.006711409395973154,0.013677811550151976,0.4906785980611484,1.083689524018196,0.2978736481038158,1.0
emotional responses,5,0.006711409395973154,0.013677811550151976,0.4906785980611484,1.083689524018196,0.2978736481038158,1.0
treatments,5,0.006711409395973154,0.013677811550151976,0.4906785980611484,1.083689524018196,0.2978736481038158,1.0
spectrum disorders,5,0.006711409395973154,0.013677811550151976,0.4906785980611484,1.083689524018196,0.2978736481038158,1.0
trend,5,0.006711409395973154,0.013677811550151976,0.4906785980611484,1.083689524018196,0.2978736481038158,1.0
distance,5,0.006711409395973154,0.013677811550151976,0.4906785980611484,1.083689524018196,0.2978736481038158,1.0
monitored,5,0.006711409395973154,0.013677811550151976,0.4906785980611484,1.083689524018196,0.2978736481038158,1.0
fearful faces,5,0.006711409395973154,0.013677811550151976,0.4906785980611484,1.083689524018196,0.2978736481038158,1.0
positive correlations,5,0.006711409395973154,0.013677811550151976,0.4906785980611484,1.083689524018196,0.2978736481038158,1.0
appraisal,5,0.006711409395973154,0.013677811550151976,0.4906785980611484,1.083689524018196,0.2978736481038158,1.0
oscillations,5,0.006711409395973154,0.013677811550151976,0.4906785980611484,1.083689524018196,0.2978736481038158,1.0
supported,18,0.024161073825503355,0.034954407294832825,0.6912168077035308,1.0795562815551876,0.2987968400354676,1.0
extensive,18,0.024161073825503355,0.034954407294832825,0.6912168077035308,1.0795562815551876,0.2987968400354676,1.0
engagement,18,0.024161073825503355,0.034954407294832825,0.6912168077035308,1.0795562815551876,0.2987968400354676,1.0
consolidation,14,0.01879194630872483,0.010638297872340425,1.7664429530201342,1.0710032749800105,0.3007189396893988,1.0
pair,14,0.01879194630872483,0.010638297872340425,1.7664429530201342,1.0710032749800105,0.3007189396893988,1.0
elucidate,14,0.01879194630872483,0.010638297872340425,1.7664429530201342,1.0710032749800105,0.3007189396893988,1.0
indicating,37,0.049664429530201344,0.06382978723404255,0.7780760626398211,1.0662953868757241,0.3017837319514208,1.0
terms,20,0.026845637583892617,0.037993920972644375,0.7065771812080537,1.0627119399327951,0.3025974683674185,1.0
occipital,65,0.087248322147651,0.10486322188449848,0.8320202314949907,1.059348208208886,0.30336389061162544,1.0
controlled,34,0.04563758389261745,0.03343465045592705,1.3649786455155584,1.0579617732345898,0.3036805179313781,1.0
main,34,0.04563758389261745,0.03343465045592705,1.3649786455155584,1.0579617732345898,0.3036805179313781,1.0
rest,21,0.028187919463087248,0.03951367781155015,0.7133711925658235,1.056552239845123,0.30400285834291785,1.0
volunteers,31,0.04161073825503356,0.0547112462006079,0.7605518269947801,1.0463144513727047,0.30635743133190346,1.0
functioning,25,0.03355704697986577,0.04559270516717325,0.7360178970917226,1.0432274827760946,0.3070720310502589,1.0
circuitry,29,0.038926174496644296,0.05167173252279635,0.7533359652585867,1.0429612943622815,0.3071337519634311,1.0
16,29,0.038926174496644296,0.05167173252279635,0.7533359652585867,1.0429612943622815,0.3071337519634311,1.0
action,27,0.036241610738255034,0.0486322188449848,0.7452181208053691,1.0417825355290626,0.3074072634220667,1.0
adult,30,0.040268456375838924,0.028875379939209727,1.3945602260685268,1.0287814962607382,0.31044503105035726,1.0
severity,30,0.040268456375838924,0.028875379939209727,1.3945602260685268,1.0287814962607382,0.31044503105035726,1.0
mean,30,0.040268456375838924,0.028875379939209727,1.3945602260685268,1.0287814962607382,0.31044503105035726,1.0
provides,39,0.052348993288590606,0.03951367781155015,1.3248322147651008,1.028507204541993,0.31050954042895007,1.0
amygdala,162,0.2174496644295302,0.24164133738601823,0.8998860326706345,1.0258337954299388,0.3111392019699439,1.0
contrast,96,0.12885906040268458,0.14893617021276595,0.8651965484180251,1.0195003515046681,0.31263755649029545,1.0
abstract,11,0.01476510067114094,0.007598784194528876,1.9430872483221475,1.0194248985207868,0.31265546367588254,1.0
variant,11,0.01476510067114094,0.007598784194528876,1.9430872483221475,1.0194248985207868,0.31265546367588254,1.0
variety,11,0.01476510067114094,0.007598784194528876,1.9430872483221475,1.0194248985207868,0.31265546367588254,1.0
true,11,0.01476510067114094,0.007598784194528876,1.9430872483221475,1.0194248985207868,0.31265546367588254,1.0
instructions,11,0.01476510067114094,0.007598784194528876,1.9430872483221475,1.0194248985207868,0.31265546367588254,1.0
expressed,11,0.01476510067114094,0.007598784194528876,1.9430872483221475,1.0194248985207868,0.31265546367588254,1.0
novelty,11,0.01476510067114094,0.007598784194528876,1.9430872483221475,1.0194248985207868,0.31265546367588254,1.0
regardless,18,0.024161073825503355,0.015197568389057751,1.5897986577181207,1.0135747504316341,0.3140479599709288,1.0
auditory,44,0.05906040268456376,0.04559270516717325,1.2953914988814317,1.0132029215323597,0.3141367390351363,1.0
task involving,8,0.010738255033557046,0.004559270516717325,2.3552572706935124,1.0125651210404536,0.31428909873059635,1.0
correspond,8,0.010738255033557046,0.004559270516717325,2.3552572706935124,1.0125651210404536,0.31428909873059635,1.0
frontal cortices,8,0.010738255033557046,0.004559270516717325,2.3552572706935124,1.0125651210404536,0.31428909873059635,1.0
sufficient,8,0.010738255033557046,0.004559270516717325,2.3552572706935124,1.0125651210404536,0.31428909873059635,1.0
approximately,8,0.010738255033557046,0.004559270516717325,2.3552572706935124,1.0125651210404536,0.31428909873059635,1.0
persons,8,0.010738255033557046,0.004559270516717325,2.3552572706935124,1.0125651210404536,0.31428909873059635,1.0
signal task,8,0.010738255033557046,0.004559270516717325,2.3552572706935124,1.0125651210404536,0.31428909873059635,1.0
took,8,0.010738255033557046,0.004559270516717325,2.3552572706935124,1.0125651210404536,0.31428909873059635,1.0
emphasize,8,0.010738255033557046,0.004559270516717325,2.3552572706935124,1.0125651210404536,0.31428909873059635,1.0
attempted,8,0.010738255033557046,0.004559270516717325,2.3552572706935124,1.0125651210404536,0.31428909873059635,1.0
paced,8,0.010738255033557046,0.004559270516717325,2.3552572706935124,1.0125651210404536,0.31428909873059635,1.0
anatomy,8,0.010738255033557046,0.004559270516717325,2.3552572706935124,1.0125651210404536,0.31428909873059635,1.0
attention network,6,0.008053691275167786,0.015197568389057751,0.5299328859060403,1.0114634991811264,0.3145524850425699,1.0
negative affect,6,0.008053691275167786,0.015197568389057751,0.5299328859060403,1.0114634991811264,0.3145524850425699,1.0
ongoing,6,0.008053691275167786,0.015197568389057751,0.5299328859060403,1.0114634991811264,0.3145524850425699,1.0
centered,6,0.008053691275167786,0.015197568389057751,0.5299328859060403,1.0114634991811264,0.3145524850425699,1.0
discrete,6,0.008053691275167786,0.015197568389057751,0.5299328859060403,1.0114634991811264,0.3145524850425699,1.0
variations,6,0.008053691275167786,0.015197568389057751,0.5299328859060403,1.0114634991811264,0.3145524850425699,1.0
amygdala response,6,0.008053691275167786,0.015197568389057751,0.5299328859060403,1.0114634991811264,0.3145524850425699,1.0
connectivity fc,6,0.008053691275167786,0.015197568389057751,0.5299328859060403,1.0114634991811264,0.3145524850425699,1.0
blocks,22,0.02953020134228188,0.019756838905775075,1.4946824987093443,0.9996818057102776,0.31738751381716074,1.0
lobe mtl,22,0.02953020134228188,0.019756838905775075,1.4946824987093443,0.9996818057102776,0.31738751381716074,1.0
detected,22,0.02953020134228188,0.019756838905775075,1.4946824987093443,0.9996818057102776,0.31738751381716074,1.0
posterior parietal,22,0.02953020134228188,0.019756838905775075,1.4946824987093443,0.9996818057102776,0.31738751381716074,1.0
memory task,35,0.04697986577181208,0.034954407294832825,1.3440326816457544,0.9895676713399204,0.31984806234887236,1.0
medial prefrontal,57,0.07651006711409396,0.09270516717325228,0.8253053141159643,0.9887068046959464,0.3200586482388818,1.0
middle,105,0.14093959731543623,0.12158054711246201,1.159228187919463,0.9810383890195364,0.3219425790425271,1.0
ability,55,0.0738255033557047,0.08966565349544073,0.8233420543737915,0.9717569043249399,0.3242424025881604,1.0
tendency,7,0.009395973154362415,0.016717325227963525,0.5620500305064063,0.9571879264224569,0.32789639607774856,1.0
sma,7,0.009395973154362415,0.016717325227963525,0.5620500305064063,0.9571879264224569,0.32789639607774856,1.0
voxel wise,7,0.009395973154362415,0.016717325227963525,0.5620500305064063,0.9571879264224569,0.32789639607774856,1.0
orientation,7,0.009395973154362415,0.016717325227963525,0.5620500305064063,0.9571879264224569,0.32789639607774856,1.0
cortex inferior,7,0.009395973154362415,0.016717325227963525,0.5620500305064063,0.9571879264224569,0.32789639607774856,1.0
modulatory,7,0.009395973154362415,0.016717325227963525,0.5620500305064063,0.9571879264224569,0.32789639607774856,1.0
dose,7,0.009395973154362415,0.016717325227963525,0.5620500305064063,0.9571879264224569,0.32789639607774856,1.0
hz,7,0.009395973154362415,0.016717325227963525,0.5620500305064063,0.9571879264224569,0.32789639607774856,1.0
common,61,0.08187919463087248,0.0668693009118541,1.2244661378889568,0.930472165085558,0.3347402633300166,1.0
cortices,89,0.11946308724832215,0.10182370820668693,1.173234498647701,0.9288100732359974,0.3351723177992572,1.0
diffusion,15,0.020134228187919462,0.0121580547112462,1.6560402684563758,0.9282664827318914,0.33531378393973305,1.0
cortico,15,0.020134228187919462,0.0121580547112462,1.6560402684563758,0.9282664827318914,0.33531378393973305,1.0
hypotheses,15,0.020134228187919462,0.0121580547112462,1.6560402684563758,0.9282664827318914,0.33531378393973305,1.0
stable,15,0.020134228187919462,0.0121580547112462,1.6560402684563758,0.9282664827318914,0.33531378393973305,1.0
effective connectivity,8,0.010738255033557046,0.0182370820668693,0.5888143176733781,0.9154850896496999,0.3386632395078396,1.0
existence,8,0.010738255033557046,0.0182370820668693,0.5888143176733781,0.9154850896496999,0.3386632395078396,1.0
non,69,0.09261744966442953,0.1094224924012158,0.846420581655481,0.9135586710410697,0.33917195842889514,1.0
indicated,51,0.06845637583892618,0.0547112462006079,1.2512304250559285,0.9109001481433155,0.3398756957026789,1.0
altered,46,0.06174496644295302,0.0486322188449848,1.2696308724832215,0.9081206551960331,0.34061355638868945,1.0
supplementary motor,23,0.03087248322147651,0.02127659574468085,1.451006711409396,0.9071639062900262,0.34086803933967746,1.0
deactivation,23,0.03087248322147651,0.02127659574468085,1.451006711409396,0.9071639062900262,0.34086803933967746,1.0
frontal parietal,23,0.03087248322147651,0.02127659574468085,1.451006711409396,0.9071639062900262,0.34086803933967746,1.0
networks,114,0.15302013422818792,0.1337386018237082,1.1441732763880414,0.9033308996168855,0.34189014190450595,1.0
intraparietal,19,0.025503355704697986,0.016717325227963525,1.5255643685173887,0.9032640227358399,0.34190801180483954,1.0
analyses,84,0.11275167785234899,0.13069908814589665,0.8626814421726238,0.8950723618111026,0.3441064374347611,1.0
dorsolateral prefrontal,62,0.08322147651006712,0.06838905775075987,1.216882923191648,0.8907408286032084,0.34527662933986547,1.0
understood,32,0.042953020134228186,0.031914893617021274,1.34586129753915,0.8871876120106024,0.3462405779494657,1.0
procedure,9,0.012080536912751677,0.019756838905775075,0.6114610221992772,0.8829328449682127,0.34739965320255994,1.0
shape,9,0.012080536912751677,0.019756838905775075,0.6114610221992772,0.8829328449682127,0.34739965320255994,1.0
attenuated,9,0.012080536912751677,0.019756838905775075,0.6114610221992772,0.8829328449682127,0.34739965320255994,1.0
conditioned,9,0.012080536912751677,0.019756838905775075,0.6114610221992772,0.8829328449682127,0.34739965320255994,1.0
40,9,0.012080536912751677,0.019756838905775075,0.6114610221992772,0.8829328449682127,0.34739965320255994,1.0
29,9,0.012080536912751677,0.019756838905775075,0.6114610221992772,0.8829328449682127,0.34739965320255994,1.0
interactions,42,0.056375838926174496,0.06990881458966565,0.8064196089874526,0.8704474823182048,0.3508314564175494,1.0
human,110,0.1476510067114094,0.16717325227963525,0.8832214765100672,0.8649050242427251,0.35236968591505236,1.0
parietal,189,0.2536912751677852,0.23100303951367782,1.098216178028965,0.8581707833692565,0.3542510915890059,1.0
passive,10,0.013422818791946308,0.02127659574468085,0.6308724832214765,0.8572497991918157,0.35450946185333276,1.0
ages,10,0.013422818791946308,0.02127659574468085,0.6308724832214765,0.8572497991918157,0.35450946185333276,1.0
10,40,0.053691275167785234,0.0668693009118541,0.8029286150091519,0.8565844090417206,0.3546962889469344,1.0
salience,28,0.03758389261744966,0.02735562310030395,1.3739000745712153,0.8526995651120134,0.35578976402258355,1.0
high resolution,12,0.016107382550335572,0.00911854103343465,1.7664429530201344,0.8521711959926663,0.3559388417549585,1.0
gyrus anterior,12,0.016107382550335572,0.00911854103343465,1.7664429530201344,0.8521711959926663,0.3559388417549585,1.0
locations,12,0.016107382550335572,0.00911854103343465,1.7664429530201344,0.8521711959926663,0.3559388417549585,1.0
alternative,12,0.016107382550335572,0.00911854103343465,1.7664429530201344,0.8521711959926663,0.3559388417549585,1.0
feeling,12,0.016107382550335572,0.00911854103343465,1.7664429530201344,0.8521711959926663,0.3559388417549585,1.0
calculated,12,0.016107382550335572,0.00911854103343465,1.7664429530201344,0.8521711959926663,0.3559388417549585,1.0
demonstrates,12,0.016107382550335572,0.00911854103343465,1.7664429530201344,0.8521711959926663,0.3559388417549585,1.0
game,12,0.016107382550335572,0.00911854103343465,1.7664429530201344,0.8521711959926663,0.3559388417549585,1.0
fronto parietal,11,0.01476510067114094,0.022796352583586626,0.6476957494407158,0.8368565598121636,0.360297346598922,1.0
supramarginal,11,0.01476510067114094,0.022796352583586626,0.6476957494407158,0.8368565598121636,0.360297346598922,1.0
underpinnings,11,0.01476510067114094,0.022796352583586626,0.6476957494407158,0.8368565598121636,0.360297346598922,1.0
include,11,0.01476510067114094,0.022796352583586626,0.6476957494407158,0.8368565598121636,0.360297346598922,1.0
hyperactivity,11,0.01476510067114094,0.022796352583586626,0.6476957494407158,0.8368565598121636,0.360297346598922,1.0
representing,11,0.01476510067114094,0.022796352583586626,0.6476957494407158,0.8368565598121636,0.360297346598922,1.0
angular gyrus,11,0.01476510067114094,0.022796352583586626,0.6476957494407158,0.8368565598121636,0.360297346598922,1.0
eeg,11,0.01476510067114094,0.022796352583586626,0.6476957494407158,0.8368565598121636,0.360297346598922,1.0
eye,11,0.01476510067114094,0.022796352583586626,0.6476957494407158,0.8368565598121636,0.360297346598922,1.0
dopaminergic,11,0.01476510067114094,0.022796352583586626,0.6476957494407158,0.8368565598121636,0.360297346598922,1.0
scanning,36,0.04832214765100671,0.060790273556231005,0.7948993288590603,0.8307412817813139,0.3620582672163498,1.0
dysfunction,33,0.04429530201342282,0.03343465045592705,1.3248322147651008,0.8248533881407134,0.363764959893764,1.0
strategies,24,0.032214765100671144,0.022796352583586626,1.4131543624161076,0.8248424127401972,0.3637681516525384,1.0
characterized,53,0.07114093959731543,0.057750759878419454,1.2318615330271987,0.8238838480489744,0.36404706164049583,1.0
ba,12,0.016107382550335572,0.0243161094224924,0.6624161073825504,0.8206250206974632,0.36499748784677466,1.0
physical,12,0.016107382550335572,0.0243161094224924,0.6624161073825504,0.8206250206974632,0.36499748784677466,1.0
lesions,16,0.021476510067114093,0.013677811550151976,1.5701715137956747,0.8094927378654605,0.36827026539618735,1.0
sample,32,0.042953020134228186,0.0547112462006079,0.7850857568978373,0.8080075125585529,0.3687099866403313,1.0
linear,13,0.0174496644295302,0.025835866261398176,0.6754046585076983,0.8077279335135786,0.3687928415618148,1.0
population,13,0.0174496644295302,0.025835866261398176,0.6754046585076983,0.8077279335135786,0.3687928415618148,1.0
despite,31,0.04161073825503356,0.05319148936170213,0.7822818791946309,0.8029224904843058,0.3702210268338981,1.0
difference,30,0.040268456375838924,0.05167173252279635,0.7793130675088827,0.7981163223800557,0.3716571555452337,1.0
line,14,0.01879194630872483,0.02735562310030395,0.6869500372856077,0.7975448898639407,0.37182842225959056,1.0
temporo,14,0.01879194630872483,0.02735562310030395,0.6869500372856077,0.7975448898639407,0.37182842225959056,1.0
errors,14,0.01879194630872483,0.02735562310030395,0.6869500372856077,0.7975448898639407,0.37182842225959056,1.0
activate,14,0.01879194630872483,0.02735562310030395,0.6869500372856077,0.7975448898639407,0.37182842225959056,1.0
familiar,14,0.01879194630872483,0.02735562310030395,0.6869500372856077,0.7975448898639407,0.37182842225959056,1.0
high risk,9,0.012080536912751677,0.0060790273556231,1.987248322147651,0.7950734451676157,0.3725704224108236,1.0
diagnosis,9,0.012080536912751677,0.0060790273556231,1.987248322147651,0.7950734451676157,0.3725704224108236,1.0
losses,9,0.012080536912751677,0.0060790273556231,1.987248322147651,0.7950734451676157,0.3725704224108236,1.0
retention,9,0.012080536912751677,0.0060790273556231,1.987248322147651,0.7950734451676157,0.3725704224108236,1.0
main effect,9,0.012080536912751677,0.0060790273556231,1.987248322147651,0.7950734451676157,0.3725704224108236,1.0
estimated,9,0.012080536912751677,0.0060790273556231,1.987248322147651,0.7950734451676157,0.3725704224108236,1.0
concerning,9,0.012080536912751677,0.0060790273556231,1.987248322147651,0.7950734451676157,0.3725704224108236,1.0
measuring,9,0.012080536912751677,0.0060790273556231,1.987248322147651,0.7950734451676157,0.3725704224108236,1.0
family,9,0.012080536912751677,0.0060790273556231,1.987248322147651,0.7950734451676157,0.3725704224108236,1.0
enhancing,9,0.012080536912751677,0.0060790273556231,1.987248322147651,0.7950734451676157,0.3725704224108236,1.0
respective,9,0.012080536912751677,0.0060790273556231,1.987248322147651,0.7950734451676157,0.3725704224108236,1.0
effect,125,0.16778523489932887,0.14893617021276595,1.1265580057526368,0.7929609484709305,0.3732062987622512,1.0
13,15,0.020134228187919462,0.028875379939209727,0.6972801130342634,0.7896014862053015,0.37422065451422537,1.0
bold signal,28,0.03758389261744966,0.0486322188449848,0.7728187919463086,0.7894407161051804,0.3742692942435414,1.0
seen,27,0.036241610738255034,0.04711246200607903,0.7692574150248972,0.7856300408596921,0.3754247847560436,1.0
literature,16,0.021476510067114093,0.030395136778115502,0.7065771812080537,0.783528767126467,0.37606408542847536,1.0
cognitive processes,16,0.021476510067114093,0.030395136778115502,0.7065771812080537,0.783528767126467,0.37606408542847536,1.0
affected,26,0.0348993288590604,0.04559270516717325,0.7654586129753914,0.7822169850101843,0.3764639634448712,1.0
scale,26,0.0348993288590604,0.04559270516717325,0.7654586129753914,0.7822169850101843,0.3764639634448712,1.0
recently,25,0.03355704697986577,0.044072948328267476,0.761397824577644,0.7792426390086814,0.3773728678057815,1.0
real,17,0.022818791946308724,0.031914893617021274,0.7149888143176734,0.7790354760142286,0.37743628789708306,1.0
mediate,17,0.022818791946308724,0.031914893617021274,0.7149888143176734,0.7790354760142286,0.37743628789708306,1.0
cortex acc,17,0.022818791946308724,0.031914893617021274,0.7149888143176734,0.7790354760142286,0.37743628789708306,1.0
relatively,23,0.03087248322147651,0.041033434650455926,0.7523738503604276,0.7748074093635865,0.378733938222481,1.0
predictive,19,0.025503355704697986,0.034954407294832825,0.729617741464838,0.7738996479000466,0.37901336206896397,1.0
personality,22,0.02953020134228188,0.03951367781155015,0.7473412493546722,0.7734657985505654,0.379147010697208,1.0
mapping,21,0.028187919463087248,0.037993920972644375,0.7419060402684564,0.7728050266592753,0.3793506912843354,1.0
unclear,44,0.05906040268456376,0.04711246200607903,1.2536046763368696,0.7637614756111416,0.3821539359401501,1.0
men,25,0.03355704697986577,0.0243161094224924,1.38003355704698,0.7512281323494711,0.3860876751687278,1.0
primary,50,0.06711409395973154,0.0547112462006079,1.226696495152871,0.7309936837320764,0.3925612864413378,1.0
inhibition,30,0.040268456375838924,0.030395136778115502,1.3248322147651006,0.7245921468065348,0.3946417203816762,1.0
personal,21,0.028187919463087248,0.019756838905775075,1.426742385131647,0.7240376430321791,0.39482267426036977,1.0
delayed,21,0.028187919463087248,0.019756838905775075,1.426742385131647,0.7240376430321791,0.39482267426036977,1.0
temporal pole,21,0.028187919463087248,0.019756838905775075,1.426742385131647,0.7240376430321791,0.39482267426036977,1.0
encoding retrieval,21,0.028187919463087248,0.019756838905775075,1.426742385131647,0.7240376430321791,0.39482267426036977,1.0
responding,21,0.028187919463087248,0.019756838905775075,1.426742385131647,0.7240376430321791,0.39482267426036977,1.0
language,45,0.06040268456375839,0.0486322188449848,1.242030201342282,0.7201121807171642,0.3961071143118784,1.0
months,13,0.0174496644295302,0.010638297872340425,1.6402684563758387,0.7197940718125698,0.39621146563268683,1.0
interact,13,0.0174496644295302,0.010638297872340425,1.6402684563758387,0.7197940718125698,0.39621146563268683,1.0
tensor,13,0.0174496644295302,0.010638297872340425,1.6402684563758387,0.7197940718125698,0.39621146563268683,1.0
variable,13,0.0174496644295302,0.010638297872340425,1.6402684563758387,0.7197940718125698,0.39621146563268683,1.0
short term,13,0.0174496644295302,0.010638297872340425,1.6402684563758387,0.7197940718125698,0.39621146563268683,1.0
following,47,0.06308724832214765,0.07598784194528875,0.8302281879194632,0.7141994668831485,0.3980532058966242,1.0
depend,17,0.022818791946308724,0.015197568389057751,1.501476510067114,0.7093614615400157,0.3996558727096552,1.0
periods,17,0.022818791946308724,0.015197568389057751,1.501476510067114,0.7093614615400157,0.3996558727096552,1.0
manner,17,0.022818791946308724,0.015197568389057751,1.501476510067114,0.7093614615400157,0.3996558727096552,1.0
linguistic,17,0.022818791946308724,0.015197568389057751,1.501476510067114,0.7093614615400157,0.3996558727096552,1.0
ms,17,0.022818791946308724,0.015197568389057751,1.501476510067114,0.7093614615400157,0.3996558727096552,1.0
sentences,17,0.022818791946308724,0.015197568389057751,1.501476510067114,0.7093614615400157,0.3996558727096552,1.0
predicted,46,0.06174496644295302,0.07446808510638298,0.8291466922339406,0.7057613409484129,0.4008545454175614,1.0
years,51,0.06845637583892618,0.05623100303951368,1.2174133865409034,0.6925078178814111,0.4053126865506621,1.0
resolution,26,0.0348993288590604,0.025835866261398176,1.3508093170153965,0.6851089481413372,0.40783300795660427,1.0
considered,26,0.0348993288590604,0.025835866261398176,1.3508093170153965,0.6851089481413372,0.40783300795660427,1.0
supports,26,0.0348993288590604,0.025835866261398176,1.3508093170153965,0.6851089481413372,0.40783300795660427,1.0
structures,62,0.08322147651006712,0.0972644376899696,0.8556208053691275,0.6798957279667689,0.409622632127532,1.0
additionally,46,0.06174496644295302,0.05015197568389058,1.2311572096806995,0.6790170783052193,0.40992539524417093,1.0
fields,4,0.005369127516778523,0.010638297872340425,0.5046979865771812,0.6616861274302029,0.41596530729701653,1.0
minimal,4,0.005369127516778523,0.010638297872340425,0.5046979865771812,0.6616861274302029,0.41596530729701653,1.0
33,4,0.005369127516778523,0.010638297872340425,0.5046979865771812,0.6616861274302029,0.41596530729701653,1.0
attend,4,0.005369127516778523,0.010638297872340425,0.5046979865771812,0.6616861274302029,0.41596530729701653,1.0
dorsal medial,4,0.005369127516778523,0.010638297872340425,0.5046979865771812,0.6616861274302029,0.41596530729701653,1.0
fronto striatal,4,0.005369127516778523,0.010638297872340425,0.5046979865771812,0.6616861274302029,0.41596530729701653,1.0
100,4,0.005369127516778523,0.010638297872340425,0.5046979865771812,0.6616861274302029,0.41596530729701653,1.0
observer,4,0.005369127516778523,0.010638297872340425,0.5046979865771812,0.6616861274302029,0.41596530729701653,1.0
receptor,4,0.005369127516778523,0.010638297872340425,0.5046979865771812,0.6616861274302029,0.41596530729701653,1.0
distress,4,0.005369127516778523,0.010638297872340425,0.5046979865771812,0.6616861274302029,0.41596530729701653,1.0
capture,4,0.005369127516778523,0.010638297872340425,0.5046979865771812,0.6616861274302029,0.41596530729701653,1.0
pharmacological,4,0.005369127516778523,0.010638297872340425,0.5046979865771812,0.6616861274302029,0.41596530729701653,1.0
signaling,4,0.005369127516778523,0.010638297872340425,0.5046979865771812,0.6616861274302029,0.41596530729701653,1.0
efficacy,4,0.005369127516778523,0.010638297872340425,0.5046979865771812,0.6616861274302029,0.41596530729701653,1.0
online,4,0.005369127516778523,0.010638297872340425,0.5046979865771812,0.6616861274302029,0.41596530729701653,1.0
broad,4,0.005369127516778523,0.010638297872340425,0.5046979865771812,0.6616861274302029,0.41596530729701653,1.0
regulation,39,0.052348993288590606,0.06382978723404255,0.8201342281879196,0.6486882103749572,0.42058206931247055,1.0
design,39,0.052348993288590606,0.06382978723404255,0.8201342281879196,0.6486882103749572,0.42058206931247055,1.0
additional,47,0.06308724832214765,0.05167173252279635,1.2209238057639165,0.6402884921028409,0.4236063493132314,1.0
middle temporal,47,0.06308724832214765,0.05167173252279635,1.2209238057639165,0.6402884921028409,0.4236063493132314,1.0
functional connectivity,101,0.13557046979865772,0.1519756838905775,0.8920536912751679,0.6383020887268758,0.4243263049796695,1.0
deactivated,10,0.013422818791946308,0.007598784194528876,1.7664429530201342,0.637506374500521,0.4246152201431942,1.0
markers,10,0.013422818791946308,0.007598784194528876,1.7664429530201342,0.637506374500521,0.4246152201431942,1.0
linking,10,0.013422818791946308,0.007598784194528876,1.7664429530201342,0.637506374500521,0.4246152201431942,1.0
somatosensory cortex,10,0.013422818791946308,0.007598784194528876,1.7664429530201342,0.637506374500521,0.4246152201431942,1.0
refers,10,0.013422818791946308,0.007598784194528876,1.7664429530201342,0.637506374500521,0.4246152201431942,1.0
fluency,10,0.013422818791946308,0.007598784194528876,1.7664429530201342,0.637506374500521,0.4246152201431942,1.0
anterior prefrontal,10,0.013422818791946308,0.007598784194528876,1.7664429530201342,0.637506374500521,0.4246152201431942,1.0
medial temporal,82,0.11006711409395974,0.09574468085106383,1.1495898583146906,0.6266027516291044,0.4286041920394269,1.0
pairs,27,0.036241610738255034,0.02735562310030395,1.3248322147651006,0.6254882466055692,0.42901510057350656,1.0
poorly understood,18,0.024161073825503355,0.016717325227963525,1.4452715070164734,0.624019845427866,0.4295573970090474,1.0
superior,124,0.16644295302013423,0.1838905775075988,0.9051195296466803,0.6218793428414247,0.430349766656441,1.0
separate,32,0.042953020134228186,0.03343465045592705,1.284685784014643,0.6175137602333757,0.4319726913875249,1.0
finally,32,0.042953020134228186,0.03343465045592705,1.284685784014643,0.6175137602333757,0.4319726913875249,1.0
implicate,5,0.006711409395973154,0.0121580547112462,0.552013422818792,0.6137453155417275,0.43338110759077897,1.0
enables,5,0.006711409395973154,0.0121580547112462,0.552013422818792,0.6137453155417275,0.43338110759077897,1.0
moderate,5,0.006711409395973154,0.0121580547112462,0.552013422818792,0.6137453155417275,0.43338110759077897,1.0
known involved,5,0.006711409395973154,0.0121580547112462,0.552013422818792,0.6137453155417275,0.43338110759077897,1.0
high functioning,5,0.006711409395973154,0.0121580547112462,0.552013422818792,0.6137453155417275,0.43338110759077897,1.0
isolated,5,0.006711409395973154,0.0121580547112462,0.552013422818792,0.6137453155417275,0.43338110759077897,1.0
39,5,0.006711409395973154,0.0121580547112462,0.552013422818792,0.6137453155417275,0.43338110759077897,1.0
situation,5,0.006711409395973154,0.0121580547112462,0.552013422818792,0.6137453155417275,0.43338110759077897,1.0
initially,5,0.006711409395973154,0.0121580547112462,0.552013422818792,0.6137453155417275,0.43338110759077897,1.0
amygdala responses,5,0.006711409395973154,0.0121580547112462,0.552013422818792,0.6137453155417275,0.43338110759077897,1.0
hypothalamus,5,0.006711409395973154,0.0121580547112462,0.552013422818792,0.6137453155417275,0.43338110759077897,1.0
expertise,5,0.006711409395973154,0.0121580547112462,0.552013422818792,0.6137453155417275,0.43338110759077897,1.0
inconsistent,14,0.01879194630872483,0.0121580547112462,1.5456375838926173,0.6127873635273756,0.433740244643231,1.0
bases,14,0.01879194630872483,0.0121580547112462,1.5456375838926173,0.6127873635273756,0.433740244643231,1.0
controls hc,14,0.01879194630872483,0.0121580547112462,1.5456375838926173,0.6127873635273756,0.433740244643231,1.0
recognition task,14,0.01879194630872483,0.0121580547112462,1.5456375838926173,0.6127873635273756,0.433740244643231,1.0
contralateral,14,0.01879194630872483,0.0121580547112462,1.5456375838926173,0.6127873635273756,0.433740244643231,1.0
temporoparietal,14,0.01879194630872483,0.0121580547112462,1.5456375838926173,0.6127873635273756,0.433740244643231,1.0
cause,14,0.01879194630872483,0.0121580547112462,1.5456375838926173,0.6127873635273756,0.433740244643231,1.0
consisted,14,0.01879194630872483,0.0121580547112462,1.5456375838926173,0.6127873635273756,0.433740244643231,1.0
frontal temporal,14,0.01879194630872483,0.0121580547112462,1.5456375838926173,0.6127873635273756,0.433740244643231,1.0
degree,34,0.04563758389261745,0.05623100303951368,0.8116089243606022,0.6105141570644157,0.43459428658684607,1.0
mental,48,0.06442953020134229,0.05319148936170213,1.211275167785235,0.6037568441257248,0.437148199319764,1.0
familiarity,23,0.03087248322147651,0.022796352583586626,1.3542729306487695,0.5855016259325388,0.44416390301511555,1.0
onset,23,0.03087248322147651,0.022796352583586626,1.3542729306487695,0.5855016259325388,0.44416390301511555,1.0
category,23,0.03087248322147651,0.022796352583586626,1.3542729306487695,0.5855016259325388,0.44416390301511555,1.0
recognition memory,23,0.03087248322147651,0.022796352583586626,1.3542729306487695,0.5855016259325388,0.44416390301511555,1.0
states,30,0.040268456375838924,0.05015197568389058,0.8029286150091519,0.582056097545351,0.44550752300591834,1.0
beta,6,0.008053691275167786,0.013677811550151976,0.5888143176733781,0.5808041912863273,0.4459972761663369,1.0
spatiotemporal,6,0.008053691275167786,0.013677811550151976,0.5888143176733781,0.5808041912863273,0.4459972761663369,1.0
31,6,0.008053691275167786,0.013677811550151976,0.5888143176733781,0.5808041912863273,0.4459972761663369,1.0
inputs,6,0.008053691275167786,0.013677811550151976,0.5888143176733781,0.5808041912863273,0.4459972761663369,1.0
alpha,6,0.008053691275167786,0.013677811550151976,0.5888143176733781,0.5808041912863273,0.4459972761663369,1.0
numerous,6,0.008053691275167786,0.013677811550151976,0.5888143176733781,0.5808041912863273,0.4459972761663369,1.0
performance task,6,0.008053691275167786,0.013677811550151976,0.5888143176733781,0.5808041912863273,0.4459972761663369,1.0
anatomically,6,0.008053691275167786,0.013677811550151976,0.5888143176733781,0.5808041912863273,0.4459972761663369,1.0
depicting,6,0.008053691275167786,0.013677811550151976,0.5888143176733781,0.5808041912863273,0.4459972761663369,1.0
emotions,38,0.05100671140939597,0.041033434650455926,1.243052448421576,0.5770529621184352,0.44746978964559203,1.0
attribution,7,0.009395973154362415,0.004559270516717325,2.060850111856823,0.5726605090998336,0.4492036335976257,1.0
provides evidence,7,0.009395973154362415,0.004559270516717325,2.060850111856823,0.5726605090998336,0.4492036335976257,1.0
schizophrenic,7,0.009395973154362415,0.004559270516717325,2.060850111856823,0.5726605090998336,0.4492036335976257,1.0
mediates,7,0.009395973154362415,0.004559270516717325,2.060850111856823,0.5726605090998336,0.4492036335976257,1.0
functional structural,7,0.009395973154362415,0.004559270516717325,2.060850111856823,0.5726605090998336,0.4492036335976257,1.0
discriminated,7,0.009395973154362415,0.004559270516717325,2.060850111856823,0.5726605090998336,0.4492036335976257,1.0
posterior anterior,7,0.009395973154362415,0.004559270516717325,2.060850111856823,0.5726605090998336,0.4492036335976257,1.0
suffering,7,0.009395973154362415,0.004559270516717325,2.060850111856823,0.5726605090998336,0.4492036335976257,1.0
arithmetic,7,0.009395973154362415,0.004559270516717325,2.060850111856823,0.5726605090998336,0.4492036335976257,1.0
prefrontal cortical,7,0.009395973154362415,0.004559270516717325,2.060850111856823,0.5726605090998336,0.4492036335976257,1.0
seven,7,0.009395973154362415,0.004559270516717325,2.060850111856823,0.5726605090998336,0.4492036335976257,1.0
repeat,7,0.009395973154362415,0.004559270516717325,2.060850111856823,0.5726605090998336,0.4492036335976257,1.0
priori,7,0.009395973154362415,0.004559270516717325,2.060850111856823,0.5726605090998336,0.4492036335976257,1.0
depending,28,0.03758389261744966,0.028875379939209727,1.3015895443306251,0.5715390660098801,0.44964797992927674,1.0
extent,49,0.06577181208053691,0.0547112462006079,1.2021625652498136,0.5692685255341187,0.45054973131898834,1.0
attention,80,0.10738255033557047,0.12158054711246201,0.8832214765100671,0.5636699810030796,0.452785319290819,1.0
responses,152,0.2040268456375839,0.22188449848024316,0.9195182495173301,0.5635837072970566,0.45281990547674134,1.0
consisting,7,0.009395973154362415,0.015197568389057751,0.6182550335570469,0.5575772097206639,0.4552380719663899,1.0
emotional valence,7,0.009395973154362415,0.015197568389057751,0.6182550335570469,0.5575772097206639,0.4552380719663899,1.0
automatically,7,0.009395973154362415,0.015197568389057751,0.6182550335570469,0.5575772097206639,0.4552380719663899,1.0
typical,7,0.009395973154362415,0.015197568389057751,0.6182550335570469,0.5575772097206639,0.4552380719663899,1.0
best,7,0.009395973154362415,0.015197568389057751,0.6182550335570469,0.5575772097206639,0.4552380719663899,1.0
music,7,0.009395973154362415,0.015197568389057751,0.6182550335570469,0.5575772097206639,0.4552380719663899,1.0
relevant,55,0.0738255033557047,0.06231003039513678,1.1848092977574072,0.5574395277024444,0.4552937392706875,1.0
specificity,19,0.025503355704697986,0.0182370820668693,1.398434004474273,0.5506093775232184,0.45806880967914043,1.0
relies,19,0.025503355704697986,0.0182370820668693,1.398434004474273,0.5506093775232184,0.45806880967914043,1.0
mechanisms,104,0.1395973154362416,0.15501519756838905,0.9005395446769311,0.54565620044873,0.46009802031672553,1.0
cognitive control,24,0.032214765100671144,0.041033434650455926,0.7850857568978376,0.5443843305131185,0.46062137594995645,1.0
serve,8,0.010738255033557046,0.016717325227963525,0.6423428920073215,0.5410043622760045,0.46201678400244495,1.0
distinguish,8,0.010738255033557046,0.016717325227963525,0.6423428920073215,0.5410043622760045,0.46201678400244495,1.0
computational,8,0.010738255033557046,0.016717325227963525,0.6423428920073215,0.5410043622760045,0.46201678400244495,1.0
preliminary,8,0.010738255033557046,0.016717325227963525,0.6423428920073215,0.5410043622760045,0.46201678400244495,1.0
irrelevant,8,0.010738255033557046,0.016717325227963525,0.6423428920073215,0.5410043622760045,0.46201678400244495,1.0
hemisphere,23,0.03087248322147651,0.03951367781155015,0.781311306143521,0.5389106078548133,0.4628845568231207,1.0
facial,39,0.052348993288590606,0.0425531914893617,1.2302013422818794,0.5376106658942008,0.46342463424379055,1.0
number,50,0.06711409395973154,0.05623100303951368,1.193542535824415,0.5366840611647476,0.46381021721439886,1.0
clinical,50,0.06711409395973154,0.05623100303951368,1.193542535824415,0.5366840611647476,0.46381021721439886,1.0
signal,77,0.10335570469798658,0.11702127659574468,0.8832214765100671,0.5352206470517406,0.46442022276312445,1.0
implications,22,0.02953020134228188,0.037993920972644375,0.7772348993288591,0.5337360127101758,0.4650403833677351,1.0
repeated,22,0.02953020134228188,0.037993920972644375,0.7772348993288591,0.5337360127101758,0.4650403833677351,1.0
control,170,0.22818791946308725,0.24620060790273557,0.9268373518932803,0.5318250263284608,0.46584058958762564,1.0
sequences,9,0.012080536912751677,0.0182370820668693,0.6624161073825503,0.5291913978187578,0.4669470111090561,1.0
challenge,9,0.012080536912751677,0.0182370820668693,0.6624161073825503,0.5291913978187578,0.4669470111090561,1.0
ventral visual,9,0.012080536912751677,0.0182370820668693,0.6624161073825503,0.5291913978187578,0.4669470111090561,1.0
undergoing,9,0.012080536912751677,0.0182370820668693,0.6624161073825503,0.5291913978187578,0.4669470111090561,1.0
practice,9,0.012080536912751677,0.0182370820668693,0.6624161073825503,0.5291913978187578,0.4669470111090561,1.0
visual stimuli,9,0.012080536912751677,0.0182370820668693,0.6624161073825503,0.5291913978187578,0.4669470111090561,1.0
psychophysiological,9,0.012080536912751677,0.0182370820668693,0.6624161073825503,0.5291913978187578,0.4669470111090561,1.0
substantial,9,0.012080536912751677,0.0182370820668693,0.6624161073825503,0.5291913978187578,0.4669470111090561,1.0
requiring,9,0.012080536912751677,0.0182370820668693,0.6624161073825503,0.5291913978187578,0.4669470111090561,1.0
importantly,21,0.028187919463087248,0.0364741641337386,0.7728187919463088,0.5288968986658288,0.4670709956924922,1.0
impairments,21,0.028187919463087248,0.0364741641337386,0.7728187919463088,0.5288968986658288,0.4670709956924922,1.0
baseline,34,0.04563758389261745,0.0364741641337386,1.2512304250559285,0.5271306011141814,0.4678157187618026,1.0
mean age,15,0.020134228187919462,0.013677811550151976,1.472035794183445,0.5248136594499763,0.4687955037515438,1.0
genotype,15,0.020134228187919462,0.013677811550151976,1.472035794183445,0.5248136594499763,0.4687955037515438,1.0
remained,15,0.020134228187919462,0.013677811550151976,1.472035794183445,0.5248136594499763,0.4687955037515438,1.0
sentence,15,0.020134228187919462,0.013677811550151976,1.472035794183445,0.5248136594499763,0.4687955037515438,1.0
experienced,15,0.020134228187919462,0.013677811550151976,1.472035794183445,0.5248136594499763,0.4687955037515438,1.0
resources,15,0.020134228187919462,0.013677811550151976,1.472035794183445,0.5248136594499763,0.4687955037515438,1.0
opposite,15,0.020134228187919462,0.013677811550151976,1.472035794183445,0.5248136594499763,0.4687955037515438,1.0
elicit,15,0.020134228187919462,0.013677811550151976,1.472035794183445,0.5248136594499763,0.4687955037515438,1.0
elderly,15,0.020134228187919462,0.013677811550151976,1.472035794183445,0.5248136594499763,0.4687955037515438,1.0
motivational,15,0.020134228187919462,0.013677811550151976,1.472035794183445,0.5248136594499763,0.4687955037515438,1.0
task,304,0.4080536912751678,0.42857142857142855,0.9521252796420582,0.5233384887698964,0.46942104168726295,1.0
theory mind,10,0.013422818791946308,0.019756838905775075,0.6794011357769747,0.5209029718555986,0.47045675389768815,1.0
wise,10,0.013422818791946308,0.019756838905775075,0.6794011357769747,0.5209029718555986,0.47045675389768815,1.0
conscious,10,0.013422818791946308,0.019756838905775075,0.6794011357769747,0.5209029718555986,0.47045675389768815,1.0
frequency,19,0.025503355704697986,0.03343465045592705,0.7627821842586944,0.5204061089262683,0.4706684988918993,1.0
25,19,0.025503355704697986,0.03343465045592705,0.7627821842586944,0.5204061089262683,0.4706684988918993,1.0
deficit,19,0.025503355704697986,0.03343465045592705,0.7627821842586944,0.5204061089262683,0.4706684988918993,1.0
event,106,0.14228187919463087,0.1276595744680851,1.1145413870246086,0.5192776929793931,0.4711499603171432,1.0
close,11,0.01476510067114094,0.00911854103343465,1.6192393736017898,0.5187214082903593,0.47138760296546656,1.0
inferior prefrontal,11,0.01476510067114094,0.00911854103343465,1.6192393736017898,0.5187214082903593,0.47138760296546656,1.0
natural,11,0.01476510067114094,0.00911854103343465,1.6192393736017898,0.5187214082903593,0.47138760296546656,1.0
currently,11,0.01476510067114094,0.00911854103343465,1.6192393736017898,0.5187214082903593,0.47138760296546656,1.0
version,11,0.01476510067114094,0.00911854103343465,1.6192393736017898,0.5187214082903593,0.47138760296546656,1.0
temporoparietal junction,11,0.01476510067114094,0.00911854103343465,1.6192393736017898,0.5187214082903593,0.47138760296546656,1.0
cerebral blood,11,0.01476510067114094,0.00911854103343465,1.6192393736017898,0.5187214082903593,0.47138760296546656,1.0
improve,11,0.01476510067114094,0.00911854103343465,1.6192393736017898,0.5187214082903593,0.47138760296546656,1.0
semantically,11,0.01476510067114094,0.00911854103343465,1.6192393736017898,0.5187214082903593,0.47138760296546656,1.0
cortex ventral,11,0.01476510067114094,0.00911854103343465,1.6192393736017898,0.5187214082903593,0.47138760296546656,1.0
clarify,11,0.01476510067114094,0.00911854103343465,1.6192393736017898,0.5187214082903593,0.47138760296546656,1.0
propose,11,0.01476510067114094,0.02127659574468085,0.6939597315436242,0.5152990841222667,0.4728538769836895,1.0
environmental,11,0.01476510067114094,0.02127659574468085,0.6939597315436242,0.5152990841222667,0.4728538769836895,1.0
prefrontal cortices,11,0.01476510067114094,0.02127659574468085,0.6939597315436242,0.5152990841222667,0.4728538769836895,1.0
critically,11,0.01476510067114094,0.02127659574468085,0.6939597315436242,0.5152990841222667,0.4728538769836895,1.0
represented,11,0.01476510067114094,0.02127659574468085,0.6939597315436242,0.5152990841222667,0.4728538769836895,1.0
require,11,0.01476510067114094,0.02127659574468085,0.6939597315436242,0.5152990841222667,0.4728538769836895,1.0
times,17,0.022818791946308724,0.030395136778115502,0.750738255033557,0.5138983134880075,0.47345615804756647,1.0
global,12,0.016107382550335572,0.022796352583586626,0.7065771812080538,0.5117886550237413,0.4743655844905622,1.0
dmn,16,0.021476510067114093,0.028875379939209727,0.7437654539032144,0.5115894358042582,0.47445160982681944,1.0
displayed,16,0.021476510067114093,0.028875379939209727,0.7437654539032144,0.5115894358042582,0.47445160982681944,1.0
independent,60,0.08053691275167785,0.09270516717325228,0.8687424359115413,0.5111535292382089,0.4746399280429472,1.0
activities,15,0.020134228187919462,0.02735562310030395,0.7360178970917225,0.510057096978976,0.4751141402838409,1.0
reactivity,15,0.020134228187919462,0.02735562310030395,0.7360178970917225,0.510057096978976,0.4751141402838409,1.0
automatic,13,0.0174496644295302,0.0243161094224924,0.7176174496644294,0.5099436911355375,0.47516323277441685,1.0
temporo parietal,13,0.0174496644295302,0.0243161094224924,0.7176174496644294,0.5099436911355375,0.47516323277441685,1.0
amplitude,13,0.0174496644295302,0.0243161094224924,0.7176174496644294,0.5099436911355375,0.47516323277441685,1.0
angular,14,0.01879194630872483,0.025835866261398176,0.7273588630082906,0.5094466769643037,0.4753784835317161,1.0
directed,14,0.01879194630872483,0.025835866261398176,0.7273588630082906,0.5094466769643037,0.4753784835317161,1.0
investigation,14,0.01879194630872483,0.025835866261398176,0.7273588630082906,0.5094466769643037,0.4753784835317161,1.0
able,14,0.01879194630872483,0.025835866261398176,0.7273588630082906,0.5094466769643037,0.4753784835317161,1.0
standard,14,0.01879194630872483,0.025835866261398176,0.7273588630082906,0.5094466769643037,0.4753784835317161,1.0
reward,57,0.07651006711409396,0.06534954407294832,1.170781957234275,0.4996625444350827,0.47964843476190244,1.0
specifically,57,0.07651006711409396,0.06534954407294832,1.170781957234275,0.4996625444350827,0.47964843476190244,1.0
demonstrated,73,0.09798657718120805,0.11094224924012158,0.8832214765100671,0.49774556279526483,0.480492380733638,1.0
crucial,20,0.026845637583892617,0.019756838905775075,1.3588022715539494,0.48696454038555403,0.48528448704123495,1.0
pictures,46,0.06174496644295302,0.05167173252279635,1.1949467035136203,0.485333305076937,0.4860164284749402,1.0
according,25,0.03355704697986577,0.025835866261398176,1.2988551125148047,0.47605375441944375,0.4902152621251006,1.0
successful,58,0.07785234899328859,0.0668693009118541,1.1642464917632704,0.4728828986229894,0.491663881534535,1.0
previous,108,0.14496644295302014,0.1595744680851064,0.9084563758389261,0.47113649313003536,0.49246479270235644,1.0
positive,90,0.12080536912751678,0.10790273556231003,1.1195765195198035,0.45262801607863007,0.5010895863230833,1.0
simultaneously,16,0.021476510067114093,0.015197568389057751,1.4131543624161074,0.451485548565406,0.5016303340048454,1.0
secondary,16,0.021476510067114093,0.015197568389057751,1.4131543624161074,0.451485548565406,0.5016303340048454,1.0
gain,16,0.021476510067114093,0.015197568389057751,1.4131543624161074,0.451485548565406,0.5016303340048454,1.0
ifg,16,0.021476510067114093,0.015197568389057751,1.4131543624161074,0.451485548565406,0.5016303340048454,1.0
adolescence,16,0.021476510067114093,0.015197568389057751,1.4131543624161074,0.451485548565406,0.5016303340048454,1.0
pcc,16,0.021476510067114093,0.015197568389057751,1.4131543624161074,0.451485548565406,0.5016303340048454,1.0
link,16,0.021476510067114093,0.015197568389057751,1.4131543624161074,0.451485548565406,0.5016303340048454,1.0
dorsomedial prefrontal,16,0.021476510067114093,0.015197568389057751,1.4131543624161074,0.451485548565406,0.5016303340048454,1.0
thalamus,53,0.07114093959731543,0.060790273556231005,1.1702684563758388,0.4491391334599369,0.5027440498759713,1.0
basis,53,0.07114093959731543,0.060790273556231005,1.1702684563758388,0.4491391334599369,0.5027440498759713,1.0
posterior cingulate,78,0.10469798657718121,0.09270516717325228,1.129365166685004,0.4366704921256058,0.5087338602908524,1.0
free,21,0.028187919463087248,0.02127659574468085,1.3248322147651006,0.4314148128437518,0.5112955365475491,1.0
commonly,21,0.028187919463087248,0.02127659574468085,1.3248322147651006,0.4314148128437518,0.5112955365475491,1.0
superior parietal,21,0.028187919463087248,0.02127659574468085,1.3248322147651006,0.4314148128437518,0.5112955365475491,1.0
prediction,21,0.028187919463087248,0.02127659574468085,1.3248322147651006,0.4314148128437518,0.5112955365475491,1.0
driven,26,0.0348993288590604,0.02735562310030395,1.2757643549589857,0.4297658824971209,0.5121038484873821,1.0
explored,26,0.0348993288590604,0.02735562310030395,1.2757643549589857,0.4297658824971209,0.5121038484873821,1.0
experiences,26,0.0348993288590604,0.02735562310030395,1.2757643549589857,0.4297658824971209,0.5121038484873821,1.0
differentiated,8,0.010738255033557046,0.0060790273556231,1.7664429530201342,0.4293926102013437,0.5122871357324328,1.0
psychosis,8,0.010738255033557046,0.0060790273556231,1.7664429530201342,0.4293926102013437,0.5122871357324328,1.0
impulsivity,8,0.010738255033557046,0.0060790273556231,1.7664429530201342,0.4293926102013437,0.5122871357324328,1.0
individual variability,8,0.010738255033557046,0.0060790273556231,1.7664429530201342,0.4293926102013437,0.5122871357324328,1.0
clips,8,0.010738255033557046,0.0060790273556231,1.7664429530201342,0.4293926102013437,0.5122871357324328,1.0
task task,8,0.010738255033557046,0.0060790273556231,1.7664429530201342,0.4293926102013437,0.5122871357324328,1.0
uniquely,8,0.010738255033557046,0.0060790273556231,1.7664429530201342,0.4293926102013437,0.5122871357324328,1.0
induces,8,0.010738255033557046,0.0060790273556231,1.7664429530201342,0.4293926102013437,0.5122871357324328,1.0
develop,8,0.010738255033557046,0.0060790273556231,1.7664429530201342,0.4293926102013437,0.5122871357324328,1.0
spin,8,0.010738255033557046,0.0060790273556231,1.7664429530201342,0.4293926102013437,0.5122871357324328,1.0
special,8,0.010738255033557046,0.0060790273556231,1.7664429530201342,0.4293926102013437,0.5122871357324328,1.0
task using,8,0.010738255033557046,0.0060790273556231,1.7664429530201342,0.4293926102013437,0.5122871357324328,1.0
connectivity posterior,8,0.010738255033557046,0.0060790273556231,1.7664429530201342,0.4293926102013437,0.5122871357324328,1.0
negative emotions,8,0.010738255033557046,0.0060790273556231,1.7664429530201342,0.4293926102013437,0.5122871357324328,1.0
gyrus medial,8,0.010738255033557046,0.0060790273556231,1.7664429530201342,0.4293926102013437,0.5122871357324328,1.0
mesolimbic,8,0.010738255033557046,0.0060790273556231,1.7664429530201342,0.4293926102013437,0.5122871357324328,1.0
length,8,0.010738255033557046,0.0060790273556231,1.7664429530201342,0.4293926102013437,0.5122871357324328,1.0
risky,8,0.010738255033557046,0.0060790273556231,1.7664429530201342,0.4293926102013437,0.5122871357324328,1.0
pet,12,0.016107382550335572,0.010638297872340425,1.514093959731544,0.42647818943142224,0.5137221263724523,1.0
cortex pcc,12,0.016107382550335572,0.010638297872340425,1.514093959731544,0.42647818943142224,0.5137221263724523,1.0
mentalizing,12,0.016107382550335572,0.010638297872340425,1.514093959731544,0.42647818943142224,0.5137221263724523,1.0
unfamiliar,12,0.016107382550335572,0.010638297872340425,1.514093959731544,0.42647818943142224,0.5137221263724523,1.0
date,12,0.016107382550335572,0.010638297872340425,1.514093959731544,0.42647818943142224,0.5137221263724523,1.0
diffusion tensor,12,0.016107382550335572,0.010638297872340425,1.514093959731544,0.42647818943142224,0.5137221263724523,1.0
later,33,0.04429530201342282,0.05319148936170213,0.832751677852349,0.422210305199242,0.5158362004353201,1.0
lobe,100,0.1342281879194631,0.1474164133738602,0.9105376046495537,0.4001608212521826,0.527006213774332,1.0
single,49,0.06577181208053691,0.05623100303951368,1.1696716851079267,0.39936940756475614,0.5274151008234613,1.0
interaction,62,0.08322147651006712,0.09422492401215805,0.8832214765100671,0.3973670366395738,0.5284521709982268,1.0
stage,17,0.022818791946308724,0.016717325227963525,1.3649786455155584,0.38966919190741794,0.5324733397576437,1.0
heightened,17,0.022818791946308724,0.016717325227963525,1.3649786455155584,0.38966919190741794,0.5324733397576437,1.0
partial,17,0.022818791946308724,0.016717325227963525,1.3649786455155584,0.38966919190741794,0.5324733397576437,1.0
determined,17,0.022818791946308724,0.016717325227963525,1.3649786455155584,0.38966919190741794,0.5324733397576437,1.0
adaptive,17,0.022818791946308724,0.016717325227963525,1.3649786455155584,0.38966919190741794,0.5324733397576437,1.0
delay,27,0.036241610738255034,0.028875379939209727,1.2551042034616744,0.38812761929425726,0.5332852500264178,1.0
basal ganglia,27,0.036241610738255034,0.028875379939209727,1.2551042034616744,0.38812761929425726,0.5332852500264178,1.0
ganglia,27,0.036241610738255034,0.028875379939209727,1.2551042034616744,0.38812761929425726,0.5332852500264178,1.0
striatal,38,0.05100671140939597,0.0425531914893617,1.1986577181208053,0.3843687396954542,0.5352743848097502,1.0
especially,38,0.05100671140939597,0.0425531914893617,1.1986577181208053,0.3843687396954542,0.5352743848097502,1.0
cerebellar,22,0.02953020134228188,0.022796352583586626,1.2953914988814317,0.3826508873649909,0.53618792973801,1.0
perceived,22,0.02953020134228188,0.022796352583586626,1.2953914988814317,0.3826508873649909,0.53618792973801,1.0
mild,22,0.02953020134228188,0.022796352583586626,1.2953914988814317,0.3826508873649909,0.53618792973801,1.0
characterize,22,0.02953020134228188,0.022796352583586626,1.2953914988814317,0.3826508873649909,0.53618792973801,1.0
resonance,345,0.46308724832214765,0.4452887537993921,1.0399706805323317,0.3775036061985281,0.5389423013665192,1.0
disorder,73,0.09798657718120805,0.1094224924012158,0.8954884414615958,0.37741255131485657,0.5389912583857595,1.0
experiment,45,0.06040268456375839,0.06990881458966565,0.8640210096294135,0.3756311292329413,0.5399507065727112,1.0
provide evidence,26,0.0348993288590604,0.0425531914893617,0.8201342281879194,0.3656047704572509,0.5454098469172535,1.0
unique,26,0.0348993288590604,0.0425531914893617,0.8201342281879194,0.3656047704572509,0.5454098469172535,1.0
medial,203,0.27248322147651005,0.256838905775076,1.0609110043286603,0.3622662322793925,0.5472503141136024,1.0
preserved,13,0.0174496644295302,0.0121580547112462,1.4352348993288588,0.3531993886897692,0.552307597377045,1.0
generalized,13,0.0174496644295302,0.0121580547112462,1.4352348993288588,0.3531993886897692,0.552307597377045,1.0
gains,13,0.0174496644295302,0.0121580547112462,1.4352348993288588,0.3531993886897692,0.552307597377045,1.0
did differ,13,0.0174496644295302,0.0121580547112462,1.4352348993288588,0.3531993886897692,0.552307597377045,1.0
neocortical,13,0.0174496644295302,0.0121580547112462,1.4352348993288588,0.3531993886897692,0.552307597377045,1.0
comprised,13,0.0174496644295302,0.0121580547112462,1.4352348993288588,0.3531993886897692,0.552307597377045,1.0
confirm,13,0.0174496644295302,0.0121580547112462,1.4352348993288588,0.3531993886897692,0.552307597377045,1.0
daily,13,0.0174496644295302,0.0121580547112462,1.4352348993288588,0.3531993886897692,0.552307597377045,1.0
temporal parietal,13,0.0174496644295302,0.0121580547112462,1.4352348993288588,0.3531993886897692,0.552307597377045,1.0
behaviour,13,0.0174496644295302,0.0121580547112462,1.4352348993288588,0.3531993886897692,0.552307597377045,1.0
lateral occipital,13,0.0174496644295302,0.0121580547112462,1.4352348993288588,0.3531993886897692,0.552307597377045,1.0
earlier,13,0.0174496644295302,0.0121580547112462,1.4352348993288588,0.3531993886897692,0.552307597377045,1.0
poorer,13,0.0174496644295302,0.0121580547112462,1.4352348993288588,0.3531993886897692,0.552307597377045,1.0
rates,13,0.0174496644295302,0.0121580547112462,1.4352348993288588,0.3531993886897692,0.552307597377045,1.0
phenomenon,13,0.0174496644295302,0.0121580547112462,1.4352348993288588,0.3531993886897692,0.552307597377045,1.0
cingulate,204,0.2738255033557047,0.25835866261398177,1.0598657718120805,0.3520695993720654,0.5529439117078958,1.0
orbitofrontal cortex,45,0.06040268456375839,0.05167173252279635,1.1689696012633242,0.35039868800352475,0.5538875291990983,1.0
patterns,94,0.1261744966442953,0.13829787234042554,0.912338668043366,0.34895358804575294,0.5547060769929946,1.0
widespread,23,0.03087248322147651,0.037993920972644375,0.8125637583892618,0.34241099651063317,0.5584408441106119,1.0
session,23,0.03087248322147651,0.0243161094224924,1.2696308724832215,0.3396320513113488,0.5600416858932635,1.0
facilitate,18,0.024161073825503355,0.0182370820668693,1.3248322147651006,0.3370664653859443,0.561527427871161,1.0
major depressive,18,0.024161073825503355,0.0182370820668693,1.3248322147651006,0.3370664653859443,0.561527427871161,1.0
confirmed,22,0.02953020134228188,0.0364741641337386,0.8096196868008949,0.33486459365909843,0.5628085822584232,1.0
depression,34,0.04563758389261745,0.037993920972644375,1.2011812080536912,0.3347660685104069,0.562866040227719,1.0
mainly,34,0.04563758389261745,0.037993920972644375,1.2011812080536912,0.3347660685104069,0.562866040227719,1.0
emotional information,9,0.012080536912751677,0.007598784194528876,1.5897986577181207,0.3291683404975627,0.5661492101483777,1.0
regard,9,0.012080536912751677,0.007598784194528876,1.5897986577181207,0.3291683404975627,0.5661492101483777,1.0
diagnostic,9,0.012080536912751677,0.007598784194528876,1.5897986577181207,0.3291683404975627,0.5661492101483777,1.0
know,9,0.012080536912751677,0.007598784194528876,1.5897986577181207,0.3291683404975627,0.5661492101483777,1.0
word pairs,9,0.012080536912751677,0.007598784194528876,1.5897986577181207,0.3291683404975627,0.5661492101483777,1.0
preceding,9,0.012080536912751677,0.007598784194528876,1.5897986577181207,0.3291683404975627,0.5661492101483777,1.0
seeking,9,0.012080536912751677,0.007598784194528876,1.5897986577181207,0.3291683404975627,0.5661492101483777,1.0
traumatic,9,0.012080536912751677,0.007598784194528876,1.5897986577181207,0.3291683404975627,0.5661492101483777,1.0
year,9,0.012080536912751677,0.007598784194528876,1.5897986577181207,0.3291683404975627,0.5661492101483777,1.0
powerful,9,0.012080536912751677,0.007598784194528876,1.5897986577181207,0.3291683404975627,0.5661492101483777,1.0
appear,9,0.012080536912751677,0.007598784194528876,1.5897986577181207,0.3291683404975627,0.5661492101483777,1.0
created,9,0.012080536912751677,0.007598784194528876,1.5897986577181207,0.3291683404975627,0.5661492101483777,1.0
relates,9,0.012080536912751677,0.007598784194528876,1.5897986577181207,0.3291683404975627,0.5661492101483777,1.0
sense,9,0.012080536912751677,0.007598784194528876,1.5897986577181207,0.3291683404975627,0.5661492101483777,1.0
neurofunctional,9,0.012080536912751677,0.007598784194528876,1.5897986577181207,0.3291683404975627,0.5661492101483777,1.0
systematically,9,0.012080536912751677,0.007598784194528876,1.5897986577181207,0.3291683404975627,0.5661492101483777,1.0
fact,9,0.012080536912751677,0.007598784194528876,1.5897986577181207,0.3291683404975627,0.5661492101483777,1.0
mental state,9,0.012080536912751677,0.007598784194528876,1.5897986577181207,0.3291683404975627,0.5661492101483777,1.0
term,40,0.053691275167785234,0.04559270516717325,1.1776286353467562,0.3276757437417042,0.5670309101102962,1.0
state functional,40,0.053691275167785234,0.04559270516717325,1.1776286353467562,0.3276757437417042,0.5670309101102962,1.0
body,21,0.028187919463087248,0.034954407294832825,0.8064196089874526,0.3274257418529611,0.5671788506950908,1.0
gyrus,205,0.2751677852348993,0.29027355623100304,0.9479602234793914,0.3225180873566374,0.5700982819407866,1.0
decreases,20,0.026845637583892617,0.03343465045592705,0.8029286150091519,0.32010614038007085,0.5715438654598101,1.0
hand,20,0.026845637583892617,0.03343465045592705,0.8029286150091519,0.32010614038007085,0.5715438654598101,1.0
compare,19,0.025503355704697986,0.031914893617021274,0.7991051454138702,0.3129198509737007,0.5758939508142666,1.0
reflected,19,0.025503355704697986,0.031914893617021274,0.7991051454138702,0.3129198509737007,0.5758939508142666,1.0
relation,19,0.025503355704697986,0.031914893617021274,0.7991051454138702,0.3129198509737007,0.5758939508142666,1.0
properties,19,0.025503355704697986,0.031914893617021274,0.7991051454138702,0.3129198509737007,0.5758939508142666,1.0
treatment,35,0.04697986577181208,0.03951367781155015,1.1889519876097059,0.30601048066598524,0.5801386949811109,1.0
retrosplenial,18,0.024161073825503355,0.030395136778115502,0.7948993288590603,0.3058839193345167,0.5802170293361376,1.0
overlap,18,0.024161073825503355,0.030395136778115502,0.7948993288590603,0.3058839193345167,0.5802170293361376,1.0
threat,18,0.024161073825503355,0.030395136778115502,0.7948993288590603,0.3058839193345167,0.5802170293361376,1.0
negative,106,0.14228187919463087,0.13069908814589665,1.0886218198845015,0.3048443496019071,0.5808612666771181,1.0
remain,24,0.032214765100671144,0.025835866261398176,1.2469009080142126,0.30152067612245725,0.5829306603075062,1.0
contextual,24,0.032214765100671144,0.025835866261398176,1.2469009080142126,0.30152067612245725,0.5829306603075062,1.0
defined,24,0.032214765100671144,0.025835866261398176,1.2469009080142126,0.30152067612245725,0.5829306603075062,1.0
facial expressions,24,0.032214765100671144,0.025835866261398176,1.2469009080142126,0.30152067612245725,0.5829306603075062,1.0
various,17,0.022818791946308724,0.028875379939209727,0.7902507947721653,0.2990192038281547,0.584497946126656,1.0
sustained,17,0.022818791946308724,0.028875379939209727,0.7902507947721653,0.2990192038281547,0.584497946126656,1.0
exposure,17,0.022818791946308724,0.028875379939209727,0.7902507947721653,0.2990192038281547,0.584497946126656,1.0
perspective,14,0.01879194630872483,0.013677811550151976,1.3739000745712153,0.2939433015102377,0.5877045809022449,1.0
allele,14,0.01879194630872483,0.013677811550151976,1.3739000745712153,0.2939433015102377,0.5877045809022449,1.0
neutral faces,14,0.01879194630872483,0.013677811550151976,1.3739000745712153,0.2939433015102377,0.5877045809022449,1.0
integrity,14,0.01879194630872483,0.013677811550151976,1.3739000745712153,0.2939433015102377,0.5877045809022449,1.0
place,14,0.01879194630872483,0.013677811550151976,1.3739000745712153,0.2939433015102377,0.5877045809022449,1.0
gyrus ifg,14,0.01879194630872483,0.013677811550151976,1.3739000745712153,0.2939433015102377,0.5877045809022449,1.0
total,14,0.01879194630872483,0.013677811550151976,1.3739000745712153,0.2939433015102377,0.5877045809022449,1.0
need,14,0.01879194630872483,0.013677811550151976,1.3739000745712153,0.2939433015102377,0.5877045809022449,1.0
useful,14,0.01879194630872483,0.013677811550151976,1.3739000745712153,0.2939433015102377,0.5877045809022449,1.0
rostral,16,0.021476510067114093,0.02735562310030395,0.7850857568978373,0.2923514966659976,0.5887175616842562,1.0
appears,16,0.021476510067114093,0.02735562310030395,0.7850857568978373,0.2923514966659976,0.5887175616842562,1.0
widely,16,0.021476510067114093,0.02735562310030395,0.7850857568978373,0.2923514966659976,0.5887175616842562,1.0
double,16,0.021476510067114093,0.02735562310030395,0.7850857568978373,0.2923514966659976,0.5887175616842562,1.0
network dmn,16,0.021476510067114093,0.02735562310030395,0.7850857568978373,0.2923514966659976,0.5887175616842562,1.0
corrected,19,0.025503355704697986,0.019756838905775075,1.290862157976252,0.2919537990557338,0.5889712018469666,1.0
fusiform,63,0.08456375838926175,0.09422492401215805,0.8974669841957135,0.29161783234670735,0.5891856457781796,1.0
temporal,306,0.41073825503355704,0.3951367781155015,1.0394837377387713,0.2915182146767314,0.5892492613315026,1.0
sensitive,35,0.04697986577181208,0.0547112462006079,0.8586875466070097,0.28867431401434684,0.5910713160272781,1.0
event functional,35,0.04697986577181208,0.0547112462006079,0.8586875466070097,0.28867431401434684,0.5910713160272781,1.0
people,35,0.04697986577181208,0.0547112462006079,0.8586875466070097,0.28867431401434684,0.5910713160272781,1.0
simultaneous,15,0.020134228187919462,0.025835866261398176,0.7793130675088827,0.2859130655305089,0.5928515168972526,1.0
sought,15,0.020134228187919462,0.025835866261398176,0.7793130675088827,0.2859130655305089,0.5928515168972526,1.0
nature,15,0.020134228187919462,0.025835866261398176,0.7793130675088827,0.2859130655305089,0.5928515168972526,1.0
like,15,0.020134228187919462,0.025835866261398176,0.7793130675088827,0.2859130655305089,0.5928515168972526,1.0
varying,15,0.020134228187919462,0.025835866261398176,0.7793130675088827,0.2859130655305089,0.5928515168972526,1.0
content,30,0.040268456375838924,0.03343465045592705,1.204392922513728,0.28577008668277426,0.5929439972450138,1.0
matter,67,0.08993288590604027,0.08054711246200608,1.1165252627580096,0.28267373127316353,0.5949540897782986,1.0
integration,34,0.04563758389261745,0.05319148936170213,0.857986577181208,0.28012203953407677,0.5966212388657015,1.0
described,14,0.01879194630872483,0.0243161094224924,0.7728187919463086,0.27974481185258754,0.5968685248485932,1.0
biological,14,0.01879194630872483,0.0243161094224924,0.7728187919463086,0.27974481185258754,0.5968685248485932,1.0
anticipation,14,0.01879194630872483,0.0243161094224924,0.7728187919463086,0.27974481185258754,0.5968685248485932,1.0
series,14,0.01879194630872483,0.0243161094224924,0.7728187919463086,0.27974481185258754,0.5968685248485932,1.0
anterior temporal,14,0.01879194630872483,0.0243161094224924,0.7728187919463086,0.27974481185258754,0.5968685248485932,1.0
active,42,0.056375838926174496,0.0486322188449848,1.159228187919463,0.27867613464023766,0.5975702405906682,1.0
presented,85,0.11409395973154363,0.12462006079027356,0.9155344573579964,0.2756246813484911,0.5995834019049582,1.0
association,48,0.06442953020134229,0.0729483282674772,0.8832214765100672,0.275367902211056,0.5997534566197438,1.0
reports,13,0.0174496644295302,0.022796352583586626,0.7654586129753914,0.2738993540669154,0.6007279657932475,1.0
load,13,0.0174496644295302,0.022796352583586626,0.7654586129753914,0.2738993540669154,0.6007279657932475,1.0
speech,13,0.0174496644295302,0.022796352583586626,0.7654586129753914,0.2738993540669154,0.6007279657932475,1.0
motion,12,0.016107382550335572,0.02127659574468085,0.757046979865772,0.2684455339103701,0.6043764323500436,1.0
parallel,12,0.016107382550335572,0.02127659574468085,0.757046979865772,0.2684455339103701,0.6043764323500436,1.0
amygdala anterior,12,0.016107382550335572,0.02127659574468085,0.757046979865772,0.2684455339103701,0.6043764323500436,1.0
highlight,25,0.03355704697986577,0.02735562310030395,1.226696495152871,0.26763498858783535,0.6049226720985995,1.0
pole,25,0.03355704697986577,0.02735562310030395,1.226696495152871,0.26763498858783535,0.6049226720985995,1.0
voxel,47,0.06308724832214765,0.07142857142857142,0.8832214765100672,0.2669110859658331,0.6054114090303501,1.0
intermediate,4,0.005369127516778523,0.00911854103343465,0.5888143176733781,0.26537699275284554,0.6064499210804262,1.0
dimensional,4,0.005369127516778523,0.00911854103343465,0.5888143176733781,0.26537699275284554,0.6064499210804262,1.0
establish,4,0.005369127516778523,0.00911854103343465,0.5888143176733781,0.26537699275284554,0.6064499210804262,1.0
masked,4,0.005369127516778523,0.00911854103343465,0.5888143176733781,0.26537699275284554,0.6064499210804262,1.0
varies,4,0.005369127516778523,0.00911854103343465,0.5888143176733781,0.26537699275284554,0.6064499210804262,1.0
laboratory,4,0.005369127516778523,0.00911854103343465,0.5888143176733781,0.26537699275284554,0.6064499210804262,1.0
fixation,4,0.005369127516778523,0.00911854103343465,0.5888143176733781,0.26537699275284554,0.6064499210804262,1.0
asymmetry,4,0.005369127516778523,0.00911854103343465,0.5888143176733781,0.26537699275284554,0.6064499210804262,1.0
visual auditory,4,0.005369127516778523,0.00911854103343465,0.5888143176733781,0.26537699275284554,0.6064499210804262,1.0
offer,4,0.005369127516778523,0.00911854103343465,0.5888143176733781,0.26537699275284554,0.6064499210804262,1.0
children adolescents,4,0.005369127516778523,0.00911854103343465,0.5888143176733781,0.26537699275284554,0.6064499210804262,1.0
normally,4,0.005369127516778523,0.00911854103343465,0.5888143176733781,0.26537699275284554,0.6064499210804262,1.0
methods functional,4,0.005369127516778523,0.00911854103343465,0.5888143176733781,0.26537699275284554,0.6064499210804262,1.0
users,4,0.005369127516778523,0.00911854103343465,0.5888143176733781,0.26537699275284554,0.6064499210804262,1.0
syntactic,4,0.005369127516778523,0.00911854103343465,0.5888143176733781,0.26537699275284554,0.6064499210804262,1.0
remarkably,4,0.005369127516778523,0.00911854103343465,0.5888143176733781,0.26537699275284554,0.6064499210804262,1.0
targeted,4,0.005369127516778523,0.00911854103343465,0.5888143176733781,0.26537699275284554,0.6064499210804262,1.0
step,4,0.005369127516778523,0.00911854103343465,0.5888143176733781,0.26537699275284554,0.6064499210804262,1.0
inhibitory control,4,0.005369127516778523,0.00911854103343465,0.5888143176733781,0.26537699275284554,0.6064499210804262,1.0
transition,4,0.005369127516778523,0.00911854103343465,0.5888143176733781,0.26537699275284554,0.6064499210804262,1.0
unlike,4,0.005369127516778523,0.00911854103343465,0.5888143176733781,0.26537699275284554,0.6064499210804262,1.0
depended,4,0.005369127516778523,0.00911854103343465,0.5888143176733781,0.26537699275284554,0.6064499210804262,1.0
early visual,4,0.005369127516778523,0.00911854103343465,0.5888143176733781,0.26537699275284554,0.6064499210804262,1.0
gyrus insula,4,0.005369127516778523,0.00911854103343465,0.5888143176733781,0.26537699275284554,0.6064499210804262,1.0
implications understanding,4,0.005369127516778523,0.00911854103343465,0.5888143176733781,0.26537699275284554,0.6064499210804262,1.0
magnetic resonance,343,0.4604026845637584,0.4452887537993921,1.0339418649930137,0.263963809697943,0.6074099488953947,1.0
closely,11,0.01476510067114094,0.019756838905775075,0.7473412493546722,0.26347517587190133,0.6077426517855729,1.0
retrosplenial cortex,11,0.01476510067114094,0.019756838905775075,0.7473412493546722,0.26347517587190133,0.6077426517855729,1.0
status,11,0.01476510067114094,0.019756838905775075,0.7473412493546722,0.26347517587190133,0.6077426517855729,1.0
certain,11,0.01476510067114094,0.019756838905775075,0.7473412493546722,0.26347517587190133,0.6077426517855729,1.0
performance,147,0.19731543624161074,0.20972644376899696,0.9408228771520281,0.2602297341789673,0.6099623682848192,1.0
field,10,0.013422818791946308,0.0182370820668693,0.7360178970917226,0.2591135336175516,0.6107298240768716,1.0
younger,10,0.013422818791946308,0.0182370820668693,0.7360178970917226,0.2591135336175516,0.6107298240768716,1.0
supramarginal gyrus,10,0.013422818791946308,0.0182370820668693,0.7360178970917226,0.2591135336175516,0.6107298240768716,1.0
sad,10,0.013422818791946308,0.0182370820668693,0.7360178970917226,0.2591135336175516,0.6107298240768716,1.0
letter,5,0.006711409395973154,0.010638297872340425,0.6308724832214765,0.2566699795499355,0.6124172093722577,1.0
differentiate,5,0.006711409395973154,0.010638297872340425,0.6308724832214765,0.2566699795499355,0.6124172093722577,1.0
tpj,5,0.006711409395973154,0.010638297872340425,0.6308724832214765,0.2566699795499355,0.6124172093722577,1.0
empirical,5,0.006711409395973154,0.010638297872340425,0.6308724832214765,0.2566699795499355,0.6124172093722577,1.0
bodily,5,0.006711409395973154,0.010638297872340425,0.6308724832214765,0.2566699795499355,0.6124172093722577,1.0
majority,5,0.006711409395973154,0.010638297872340425,0.6308724832214765,0.2566699795499355,0.6124172093722577,1.0
english,5,0.006711409395973154,0.010638297872340425,0.6308724832214765,0.2566699795499355,0.6124172093722577,1.0
brodmann,5,0.006711409395973154,0.010638297872340425,0.6308724832214765,0.2566699795499355,0.6124172093722577,1.0
behavioral performance,5,0.006711409395973154,0.010638297872340425,0.6308724832214765,0.2566699795499355,0.6124172093722577,1.0
younger adults,5,0.006711409395973154,0.010638297872340425,0.6308724832214765,0.2566699795499355,0.6124172093722577,1.0
youth,5,0.006711409395973154,0.010638297872340425,0.6308724832214765,0.2566699795499355,0.6124172093722577,1.0
face recognition,5,0.006711409395973154,0.010638297872340425,0.6308724832214765,0.2566699795499355,0.6124172093722577,1.0
control groups,5,0.006711409395973154,0.010638297872340425,0.6308724832214765,0.2566699795499355,0.6124172093722577,1.0
reho,5,0.006711409395973154,0.010638297872340425,0.6308724832214765,0.2566699795499355,0.6124172093722577,1.0
occipito temporal,5,0.006711409395973154,0.010638297872340425,0.6308724832214765,0.2566699795499355,0.6124172093722577,1.0
shapes,5,0.006711409395973154,0.010638297872340425,0.6308724832214765,0.2566699795499355,0.6124172093722577,1.0
acoustic,5,0.006711409395973154,0.010638297872340425,0.6308724832214765,0.2566699795499355,0.6124172093722577,1.0
frequent,5,0.006711409395973154,0.010638297872340425,0.6308724832214765,0.2566699795499355,0.6124172093722577,1.0
debate,5,0.006711409395973154,0.010638297872340425,0.6308724832214765,0.2566699795499355,0.6124172093722577,1.0
regional homogeneity,5,0.006711409395973154,0.010638297872340425,0.6308724832214765,0.2566699795499355,0.6124172093722577,1.0
objectives,5,0.006711409395973154,0.010638297872340425,0.6308724832214765,0.2566699795499355,0.6124172093722577,1.0
analyzed using,5,0.006711409395973154,0.010638297872340425,0.6308724832214765,0.2566699795499355,0.6124172093722577,1.0
define,5,0.006711409395973154,0.010638297872340425,0.6308724832214765,0.2566699795499355,0.6124172093722577,1.0
homogeneity,5,0.006711409395973154,0.010638297872340425,0.6308724832214765,0.2566699795499355,0.6124172093722577,1.0
inferior occipital,5,0.006711409395973154,0.010638297872340425,0.6308724832214765,0.2566699795499355,0.6124172093722577,1.0
connectivity networks,5,0.006711409395973154,0.010638297872340425,0.6308724832214765,0.2566699795499355,0.6124172093722577,1.0
rule,5,0.006711409395973154,0.010638297872340425,0.6308724832214765,0.2566699795499355,0.6124172093722577,1.0
cognitive emotional,5,0.006711409395973154,0.010638297872340425,0.6308724832214765,0.2566699795499355,0.6124172093722577,1.0
example,10,0.013422818791946308,0.00911854103343465,1.4720357941834452,0.25585432548958903,0.6129827025606227,1.0
half,10,0.013422818791946308,0.00911854103343465,1.4720357941834452,0.25585432548958903,0.6129827025606227,1.0
cortex insula,10,0.013422818791946308,0.00911854103343465,1.4720357941834452,0.25585432548958903,0.6129827025606227,1.0
detailed,10,0.013422818791946308,0.00911854103343465,1.4720357941834452,0.25585432548958903,0.6129827025606227,1.0
position,10,0.013422818791946308,0.00911854103343465,1.4720357941834452,0.25585432548958903,0.6129827025606227,1.0
actual,10,0.013422818791946308,0.00911854103343465,1.4720357941834452,0.25585432548958903,0.6129827025606227,1.0
assessed using,10,0.013422818791946308,0.00911854103343465,1.4720357941834452,0.25585432548958903,0.6129827025606227,1.0
gene,10,0.013422818791946308,0.00911854103343465,1.4720357941834452,0.25585432548958903,0.6129827025606227,1.0
interpret,10,0.013422818791946308,0.00911854103343465,1.4720357941834452,0.25585432548958903,0.6129827025606227,1.0
diminished,9,0.012080536912751677,0.016717325227963525,0.7226357535082367,0.25553600427313955,0.6132037018713827,1.0
maintain,9,0.012080536912751677,0.016717325227963525,0.7226357535082367,0.25553600427313955,0.6132037018713827,1.0
classical,9,0.012080536912751677,0.016717325227963525,0.7226357535082367,0.25553600427313955,0.6132037018713827,1.0
leading,9,0.012080536912751677,0.016717325227963525,0.7226357535082367,0.25553600427313955,0.6132037018713827,1.0
access,9,0.012080536912751677,0.016717325227963525,0.7226357535082367,0.25553600427313955,0.6132037018713827,1.0
interpretation,9,0.012080536912751677,0.016717325227963525,0.7226357535082367,0.25553600427313955,0.6132037018713827,1.0
gyrus middle,9,0.012080536912751677,0.016717325227963525,0.7226357535082367,0.25553600427313955,0.6132037018713827,1.0
reliable,9,0.012080536912751677,0.016717325227963525,0.7226357535082367,0.25553600427313955,0.6132037018713827,1.0
little known,37,0.049664429530201344,0.0425531914893617,1.1671140939597315,0.2551528825339551,0.613469919218061,1.0
viewed,37,0.049664429530201344,0.0425531914893617,1.1671140939597315,0.2551528825339551,0.613469919218061,1.0
direct,31,0.04161073825503356,0.0486322188449848,0.8556208053691275,0.25461839115858637,0.6138417372470675,1.0
subjective,31,0.04161073825503356,0.0486322188449848,0.8556208053691275,0.25461839115858637,0.6138417372470675,1.0
understand,20,0.026845637583892617,0.02127659574468085,1.261744966442953,0.25301319076212414,0.6149613433388689,1.0
21,20,0.026845637583892617,0.02127659574468085,1.261744966442953,0.25301319076212414,0.6149613433388689,1.0
identifying,8,0.010738255033557046,0.015197568389057751,0.7065771812080537,0.25299598556503305,0.6149733678179479,1.0
addiction,8,0.010738255033557046,0.015197568389057751,0.7065771812080537,0.25299598556503305,0.6149733678179479,1.0
occipital gyrus,8,0.010738255033557046,0.015197568389057751,0.7065771812080537,0.25299598556503305,0.6149733678179479,1.0
functional networks,8,0.010738255033557046,0.015197568389057751,0.7065771812080537,0.25299598556503305,0.6149733678179479,1.0
subgenual,8,0.010738255033557046,0.015197568389057751,0.7065771812080537,0.25299598556503305,0.6149733678179479,1.0
caused,8,0.010738255033557046,0.015197568389057751,0.7065771812080537,0.25299598556503305,0.6149733678179479,1.0
stroop,8,0.010738255033557046,0.015197568389057751,0.7065771812080537,0.25299598556503305,0.6149733678179479,1.0
causal,8,0.010738255033557046,0.015197568389057751,0.7065771812080537,0.25299598556503305,0.6149733678179479,1.0
labeling,8,0.010738255033557046,0.015197568389057751,0.7065771812080537,0.25299598556503305,0.6149733678179479,1.0
gyrus superior,8,0.010738255033557046,0.015197568389057751,0.7065771812080537,0.25299598556503305,0.6149733678179479,1.0
tract,6,0.008053691275167786,0.0121580547112462,0.6624161073825504,0.25276635968129657,0.6151338993027438,1.0
happy faces,6,0.008053691275167786,0.0121580547112462,0.6624161073825504,0.25276635968129657,0.6151338993027438,1.0
dmpfc,6,0.008053691275167786,0.0121580547112462,0.6624161073825504,0.25276635968129657,0.6151338993027438,1.0
visual stream,6,0.008053691275167786,0.0121580547112462,0.6624161073825504,0.25276635968129657,0.6151338993027438,1.0
modal,6,0.008053691275167786,0.0121580547112462,0.6624161073825504,0.25276635968129657,0.6151338993027438,1.0
emotional faces,6,0.008053691275167786,0.0121580547112462,0.6624161073825504,0.25276635968129657,0.6151338993027438,1.0
health,6,0.008053691275167786,0.0121580547112462,0.6624161073825504,0.25276635968129657,0.6151338993027438,1.0
intelligence,6,0.008053691275167786,0.0121580547112462,0.6624161073825504,0.25276635968129657,0.6151338993027438,1.0
immediate,6,0.008053691275167786,0.0121580547112462,0.6624161073825504,0.25276635968129657,0.6151338993027438,1.0
contained,6,0.008053691275167786,0.0121580547112462,0.6624161073825504,0.25276635968129657,0.6151338993027438,1.0
alter,6,0.008053691275167786,0.0121580547112462,0.6624161073825504,0.25276635968129657,0.6151338993027438,1.0
factorial,6,0.008053691275167786,0.0121580547112462,0.6624161073825504,0.25276635968129657,0.6151338993027438,1.0
frontal lobes,6,0.008053691275167786,0.0121580547112462,0.6624161073825504,0.25276635968129657,0.6151338993027438,1.0
cortical network,6,0.008053691275167786,0.0121580547112462,0.6624161073825504,0.25276635968129657,0.6151338993027438,1.0
lesion,7,0.009395973154362415,0.013677811550151976,0.6869500372856077,0.25187362581975886,0.615758878920136,1.0
mental states,7,0.009395973154362415,0.013677811550151976,0.6869500372856077,0.25187362581975886,0.615758878920136,1.0
precentral gyrus,7,0.009395973154362415,0.013677811550151976,0.6869500372856077,0.25187362581975886,0.615758878920136,1.0
mr,7,0.009395973154362415,0.013677811550151976,0.6869500372856077,0.25187362581975886,0.615758878920136,1.0
sixteen,7,0.009395973154362415,0.013677811550151976,0.6869500372856077,0.25187362581975886,0.615758878920136,1.0
control network,7,0.009395973154362415,0.013677811550151976,0.6869500372856077,0.25187362581975886,0.615758878920136,1.0
evaluating,7,0.009395973154362415,0.013677811550151976,0.6869500372856077,0.25187362581975886,0.615758878920136,1.0
dorsal striatum,7,0.009395973154362415,0.013677811550151976,0.6869500372856077,0.25187362581975886,0.615758878920136,1.0
theoretical,7,0.009395973154362415,0.013677811550151976,0.6869500372856077,0.25187362581975886,0.615758878920136,1.0
read,7,0.009395973154362415,0.013677811550151976,0.6869500372856077,0.25187362581975886,0.615758878920136,1.0
greatest,7,0.009395973154362415,0.013677811550151976,0.6869500372856077,0.25187362581975886,0.615758878920136,1.0
differently,7,0.009395973154362415,0.013677811550151976,0.6869500372856077,0.25187362581975886,0.615758878920136,1.0
painful,7,0.009395973154362415,0.013677811550151976,0.6869500372856077,0.25187362581975886,0.615758878920136,1.0
constant,7,0.009395973154362415,0.013677811550151976,0.6869500372856077,0.25187362581975886,0.615758878920136,1.0
caudate,45,0.06040268456375839,0.06838905775075987,0.8832214765100672,0.2501064417800483,0.6170001385019299,1.0
did,70,0.09395973154362416,0.1033434650455927,0.9091985787603633,0.2491729935778918,0.6176580009508286,1.0
restricted,15,0.020134228187919462,0.015197568389057751,1.3248322147651006,0.24534959835790868,0.6203687725448563,1.0
lexical,15,0.020134228187919462,0.015197568389057751,1.3248322147651006,0.24534959835790868,0.6203687725448563,1.0
learning task,15,0.020134228187919462,0.015197568389057751,1.3248322147651006,0.24534959835790868,0.6203687725448563,1.0
lateralized,15,0.020134228187919462,0.015197568389057751,1.3248322147651006,0.24534959835790868,0.6203687725448563,1.0
early,57,0.07651006711409396,0.0851063829787234,0.898993288590604,0.242236741977865,0.6225952688774343,1.0
inferior parietal,50,0.06711409395973154,0.05927051671732523,1.1323352262949578,0.24183383455595622,0.6228847489933005,1.0
normal,44,0.05906040268456376,0.0668693009118541,0.8832214765100672,0.24175972095591605,0.6229380305885488,1.0
performing,29,0.038926174496644296,0.04559270516717325,0.8537807606263982,0.23774246510059807,0.6258414011201574,1.0
mediated,29,0.038926174496644296,0.04559270516717325,0.8537807606263982,0.23774246510059807,0.6258414011201574,1.0
demands,29,0.038926174496644296,0.04559270516717325,0.8537807606263982,0.23774246510059807,0.6258414011201574,1.0
ventrolateral,26,0.0348993288590604,0.028875379939209727,1.2086188625927232,0.23741443644767837,0.6260798135251189,1.0
prior,43,0.05771812080536913,0.06534954407294832,0.8832214765100672,0.23345091147077857,0.6289767519439049,1.0
older,38,0.05100671140939597,0.044072948328267476,1.157324693358019,0.23265755004915084,0.6295602585133725,1.0
aspects,32,0.042953020134228186,0.0364741641337386,1.1776286353467562,0.23232438609934994,0.629805661749526,1.0
long term,32,0.042953020134228186,0.0364741641337386,1.1776286353467562,0.23232438609934994,0.629805661749526,1.0
structural,57,0.07651006711409396,0.06838905775075987,1.1187472035794184,0.23196011042279518,0.6300742296701409,1.0
theory,28,0.03758389261744966,0.044072948328267476,0.8527655635269613,0.22934211557693465,0.6320120694698115,1.0
prefrontal,274,0.36778523489932885,0.3541033434650456,1.0386381311749286,0.22722592408002254,0.6335884366854851,1.0
critical,51,0.06845637583892618,0.060790273556231005,1.1261073825503356,0.22394897423141924,0.636047332031292,1.0
parahippocampal gyrus,51,0.06845637583892618,0.060790273556231005,1.1261073825503356,0.22394897423141924,0.636047332031292,1.0
subsequent memory,21,0.028187919463087248,0.022796352583586626,1.236510067114094,0.21921954857289142,0.6396352276544692,1.0
poorly,21,0.028187919463087248,0.022796352583586626,1.236510067114094,0.21921954857289142,0.6396352276544692,1.0
self,78,0.10469798657718121,0.09574468085106383,1.0935123042505592,0.21870620012655784,0.6400275020642923,1.0
hippocampal,88,0.11812080536912752,0.1276595744680851,0.9252796420581656,0.2135275944674903,0.6440164502454362,1.0
thought,26,0.0348993288590604,0.041033434650455926,0.8505095699726571,0.2126160863031493,0.6447246241597241,1.0
research,53,0.07114093959731543,0.0790273556231003,0.9002065049044915,0.2102914972550465,0.6465390273588156,1.0
default mode,40,0.053691275167785234,0.060790273556231005,0.8832214765100671,0.20875960946376876,0.6477413512146989,1.0
cerebellum,40,0.053691275167785234,0.060790273556231005,0.8832214765100671,0.20875960946376876,0.6477413512146989,1.0
prefrontal cortex,205,0.2751677852348993,0.2629179331306991,1.0465919230321603,0.20777102668178207,0.6485200880976274,1.0
suggest,253,0.3395973154362416,0.3525835866261398,0.9631682480907198,0.2062596360671159,0.64971499358993,1.0
ventral,93,0.12483221476510067,0.11550151975683891,1.0807841752031084,0.20580527084698338,0.6500752469385571,1.0
stages,16,0.021476510067114093,0.016717325227963525,1.284685784014643,0.20505363046510539,0.6506722555404877,1.0
referential,16,0.021476510067114093,0.016717325227963525,1.284685784014643,0.20505363046510539,0.6506722555404877,1.0
evidence suggests,16,0.021476510067114093,0.016717325227963525,1.284685784014643,0.20505363046510539,0.6506722555404877,1.0
predominantly,16,0.021476510067114093,0.016717325227963525,1.284685784014643,0.20505363046510539,0.6506722555404877,1.0
assessment,16,0.021476510067114093,0.016717325227963525,1.284685784014643,0.20505363046510539,0.6506722555404877,1.0
formation,25,0.03355704697986577,0.03951367781155015,0.8492514197212184,0.20429018563653775,0.6512799914261702,1.0
magnetic,344,0.46174496644295304,0.44832826747720367,1.0299260607439427,0.20238156462243168,0.6528053442572034,1.0
assessed,59,0.07919463087248323,0.07142857142857142,1.1087248322147651,0.20076718536174384,0.6541023074599119,1.0
bipolar,11,0.01476510067114094,0.010638297872340425,1.3879194630872485,0.2004876203501378,0.6543275405009954,1.0
days,11,0.01476510067114094,0.010638297872340425,1.3879194630872485,0.2004876203501378,0.6543275405009954,1.0
structural functional,11,0.01476510067114094,0.010638297872340425,1.3879194630872485,0.2004876203501378,0.6543275405009954,1.0
lateral parietal,11,0.01476510067114094,0.010638297872340425,1.3879194630872485,0.2004876203501378,0.6543275405009954,1.0
density,11,0.01476510067114094,0.010638297872340425,1.3879194630872485,0.2004876203501378,0.6543275405009954,1.0
implemented,11,0.01476510067114094,0.010638297872340425,1.3879194630872485,0.2004876203501378,0.6543275405009954,1.0
prefrontal parietal,11,0.01476510067114094,0.010638297872340425,1.3879194630872485,0.2004876203501378,0.6543275405009954,1.0
produce,11,0.01476510067114094,0.010638297872340425,1.3879194630872485,0.2004876203501378,0.6543275405009954,1.0
direction,11,0.01476510067114094,0.010638297872340425,1.3879194630872485,0.2004876203501378,0.6543275405009954,1.0
methodology,11,0.01476510067114094,0.010638297872340425,1.3879194630872485,0.2004876203501378,0.6543275405009954,1.0
blood flow,11,0.01476510067114094,0.010638297872340425,1.3879194630872485,0.2004876203501378,0.6543275405009954,1.0
extinction,11,0.01476510067114094,0.010638297872340425,1.3879194630872485,0.2004876203501378,0.6543275405009954,1.0
bold response,11,0.01476510067114094,0.010638297872340425,1.3879194630872485,0.2004876203501378,0.6543275405009954,1.0
directly,24,0.032214765100671144,0.037993920972644375,0.8478926174496646,0.1959888814268457,0.6579781740736436,1.0
individual,87,0.11677852348993288,0.10790273556231003,1.0822573022024766,0.19378305676417756,0.6597864879025871,1.0
evidence,137,0.18389261744966443,0.1945288753799392,0.9453229865771812,0.19325102162306873,0.6602244829552286,1.0
little,53,0.07114093959731543,0.06382978723404255,1.1145413870246086,0.19137393520597729,0.6617755549304558,1.0
generally,22,0.02953020134228188,0.0243161094224924,1.2144295302013424,0.18976360928550287,0.6631134362881002,1.0
indicates,22,0.02953020134228188,0.0243161094224924,1.2144295302013424,0.18976360928550287,0.6631134362881002,1.0
junction,22,0.02953020134228188,0.0243161094224924,1.2144295302013424,0.18976360928550287,0.6631134362881002,1.0
ventral striatum,22,0.02953020134228188,0.0243161094224924,1.2144295302013424,0.18976360928550287,0.6631134362881002,1.0
generation,22,0.02953020134228188,0.0243161094224924,1.2144295302013424,0.18976360928550287,0.6631134362881002,1.0
adolescents,23,0.03087248322147651,0.0364741641337386,0.8464205816554811,0.18771206484019112,0.6648277071085507,1.0
implicated,50,0.06711409395973154,0.07446808510638298,0.9012464046021094,0.18689874252630723,0.6655103994630377,1.0
medial frontal,28,0.03758389261744966,0.031914893617021274,1.1776286353467562,0.18618420093243515,0.6661116329217036,1.0
anterior,224,0.3006711409395973,0.2887537993920973,1.0412716354645,0.18470965575740386,0.6673566921488872,1.0
corresponding,22,0.02953020134228188,0.034954407294832825,0.8448205427487598,0.17945962768383408,0.6718380397716592,1.0
matter volume,22,0.02953020134228188,0.034954407294832825,0.8448205427487598,0.17945962768383408,0.6718380397716592,1.0
cognition,36,0.04832214765100671,0.0547112462006079,0.8832214765100671,0.1764234065458905,0.6744650984491385,1.0
frontal,242,0.32483221476510066,0.3130699088145897,1.0375708607545449,0.17158023962757638,0.6787112005109227,1.0
congruent,17,0.022818791946308724,0.0182370820668693,1.2512304250559285,0.17134309182261243,0.6789209076702074,1.0
semantic memory,17,0.022818791946308724,0.0182370820668693,1.2512304250559285,0.17134309182261243,0.6789209076702074,1.0
reflects,17,0.022818791946308724,0.0182370820668693,1.2512304250559285,0.17134309182261243,0.6789209076702074,1.0
depressive disorder,17,0.022818791946308724,0.0182370820668693,1.2512304250559285,0.17134309182261243,0.6789209076702074,1.0
derived,17,0.022818791946308724,0.0182370820668693,1.2512304250559285,0.17134309182261243,0.6789209076702074,1.0
circuits,35,0.04697986577181208,0.041033434650455926,1.1449167288093463,0.1686607743621454,0.6813047726632102,1.0
basal,29,0.038926174496644296,0.03343465045592705,1.1642464917632704,0.16445724127085753,0.6850855606948147,1.0
work,29,0.038926174496644296,0.03343465045592705,1.1642464917632704,0.16445724127085753,0.6850855606948147,1.0
trial,29,0.038926174496644296,0.03343465045592705,1.1642464917632704,0.16445724127085753,0.6850855606948147,1.0
levels,47,0.06308724832214765,0.06990881458966565,0.9024219433907208,0.16404056347774365,0.6854633877773879,1.0
trials,47,0.06308724832214765,0.06990881458966565,0.9024219433907208,0.16404056347774365,0.6854633877773879,1.0
task performance,23,0.03087248322147651,0.025835866261398176,1.1949467035136203,0.1639979813834112,0.6855020309977525,1.0
does,20,0.026845637583892617,0.031914893617021274,0.8411633109619687,0.16302746206853563,0.6863843643037224,1.0
location,20,0.026845637583892617,0.031914893617021274,0.8411633109619687,0.16302746206853563,0.6863843643037224,1.0
using,290,0.38926174496644295,0.4012158054711246,0.9702054098027252,0.16192164953648092,0.687393428263329,1.0
neurological,7,0.009395973154362415,0.0060790273556231,1.5456375838926173,0.15975608724334509,0.6893811805930815,1.0
computed,7,0.009395973154362415,0.0060790273556231,1.5456375838926173,0.15975608724334509,0.6893811805930815,1.0
expectation,7,0.009395973154362415,0.0060790273556231,1.5456375838926173,0.15975608724334509,0.6893811805930815,1.0
ventral premotor,7,0.009395973154362415,0.0060790273556231,1.5456375838926173,0.15975608724334509,0.6893811805930815,1.0
monitor,7,0.009395973154362415,0.0060790273556231,1.5456375838926173,0.15975608724334509,0.6893811805930815,1.0
arterial spin,7,0.009395973154362415,0.0060790273556231,1.5456375838926173,0.15975608724334509,0.6893811805930815,1.0
arterial,7,0.009395973154362415,0.0060790273556231,1.5456375838926173,0.15975608724334509,0.6893811805930815,1.0
cortex thalamus,7,0.009395973154362415,0.0060790273556231,1.5456375838926173,0.15975608724334509,0.6893811805930815,1.0
43,7,0.009395973154362415,0.0060790273556231,1.5456375838926173,0.15975608724334509,0.6893811805930815,1.0
sectional,7,0.009395973154362415,0.0060790273556231,1.5456375838926173,0.15975608724334509,0.6893811805930815,1.0
tensor dti,7,0.009395973154362415,0.0060790273556231,1.5456375838926173,0.15975608724334509,0.6893811805930815,1.0
thoughts,7,0.009395973154362415,0.0060790273556231,1.5456375838926173,0.15975608724334509,0.6893811805930815,1.0
referred,7,0.009395973154362415,0.0060790273556231,1.5456375838926173,0.15975608724334509,0.6893811805930815,1.0
anisotropy fa,7,0.009395973154362415,0.0060790273556231,1.5456375838926173,0.15975608724334509,0.6893811805930815,1.0
cross sectional,7,0.009395973154362415,0.0060790273556231,1.5456375838926173,0.15975608724334509,0.6893811805930815,1.0
disturbances,7,0.009395973154362415,0.0060790273556231,1.5456375838926173,0.15975608724334509,0.6893811805930815,1.0
seeds,7,0.009395973154362415,0.0060790273556231,1.5456375838926173,0.15975608724334509,0.6893811805930815,1.0
spoken,7,0.009395973154362415,0.0060790273556231,1.5456375838926173,0.15975608724334509,0.6893811805930815,1.0
age groups,7,0.009395973154362415,0.0060790273556231,1.5456375838926173,0.15975608724334509,0.6893811805930815,1.0
axis,7,0.009395973154362415,0.0060790273556231,1.5456375838926173,0.15975608724334509,0.6893811805930815,1.0
frontotemporal,7,0.009395973154362415,0.0060790273556231,1.5456375838926173,0.15975608724334509,0.6893811805930815,1.0
hierarchical,7,0.009395973154362415,0.0060790273556231,1.5456375838926173,0.15975608724334509,0.6893811805930815,1.0
hemodynamic response,7,0.009395973154362415,0.0060790273556231,1.5456375838926173,0.15975608724334509,0.6893811805930815,1.0
documented,7,0.009395973154362415,0.0060790273556231,1.5456375838926173,0.15975608724334509,0.6893811805930815,1.0
sustained attention,7,0.009395973154362415,0.0060790273556231,1.5456375838926173,0.15975608724334509,0.6893811805930815,1.0
discrimination task,7,0.009395973154362415,0.0060790273556231,1.5456375838926173,0.15975608724334509,0.6893811805930815,1.0
meaningful,7,0.009395973154362415,0.0060790273556231,1.5456375838926173,0.15975608724334509,0.6893811805930815,1.0
contributed,7,0.009395973154362415,0.0060790273556231,1.5456375838926173,0.15975608724334509,0.6893811805930815,1.0
dimension,7,0.009395973154362415,0.0060790273556231,1.5456375838926173,0.15975608724334509,0.6893811805930815,1.0
dominance,7,0.009395973154362415,0.0060790273556231,1.5456375838926173,0.15975608724334509,0.6893811805930815,1.0
held,7,0.009395973154362415,0.0060790273556231,1.5456375838926173,0.15975608724334509,0.6893811805930815,1.0
recruitment,42,0.056375838926174496,0.05015197568389058,1.1241000610128127,0.15862333077541835,0.6904271579469311,1.0
suggesting,80,0.10738255033557047,0.11550151975683891,0.929706817379018,0.15813748546980622,0.6908771093613614,1.0
video,12,0.016107382550335572,0.0121580547112462,1.3248322147651008,0.15769049535457452,0.691291783751641,1.0
integrating,12,0.016107382550335572,0.0121580547112462,1.3248322147651008,0.15769049535457452,0.691291783751641,1.0
appropriate,12,0.016107382550335572,0.0121580547112462,1.3248322147651008,0.15769049535457452,0.691291783751641,1.0
healthy young,12,0.016107382550335572,0.0121580547112462,1.3248322147651008,0.15769049535457452,0.691291783751641,1.0
allowed,12,0.016107382550335572,0.0121580547112462,1.3248322147651008,0.15769049535457452,0.691291783751641,1.0
self reported,12,0.016107382550335572,0.0121580547112462,1.3248322147651008,0.15769049535457452,0.691291783751641,1.0
ica,12,0.016107382550335572,0.0121580547112462,1.3248322147651008,0.15769049535457452,0.691291783751641,1.0
parahippocampus,12,0.016107382550335572,0.0121580547112462,1.3248322147651008,0.15769049535457452,0.691291783751641,1.0
imagined,12,0.016107382550335572,0.0121580547112462,1.3248322147651008,0.15769049535457452,0.691291783751641,1.0
bold,69,0.09261744966442953,0.10030395136778116,0.9233679072605248,0.15722022760922236,0.6917287880101267,1.0
external,19,0.025503355704697986,0.030395136778115502,0.8390604026845637,0.15484752038760577,0.693945278831836,1.0
ventromedial prefrontal,19,0.025503355704697986,0.030395136778115502,0.8390604026845637,0.15484752038760577,0.693945278831836,1.0
typically,33,0.04429530201342282,0.05015197568389058,0.8832214765100671,0.15265796572102183,0.6960081423453874,1.0
pattern,79,0.10604026845637583,0.11398176291793313,0.9303266219239373,0.15155910884230056,0.6970498485198224,1.0
response,178,0.2389261744966443,0.24924012158054712,0.9586184318219021,0.149558329104047,0.6989577925746666,1.0
tests,18,0.024161073825503355,0.028875379939209727,0.8367361356411162,0.14669153168377974,0.7017173135162484,1.0
movement,18,0.024161073825503355,0.028875379939209727,0.8367361356411162,0.14669153168377974,0.7017173135162484,1.0
characteristics,18,0.024161073825503355,0.028875379939209727,0.8367361356411162,0.14669153168377974,0.7017173135162484,1.0
parahippocampal,78,0.10469798657718121,0.11246200607902736,0.9309631779430437,0.1450634277707513,0.7032982813534352,1.0
control group,18,0.024161073825503355,0.019756838905775075,1.2229220443985545,0.14294758620809456,0.7053681200043461,1.0
judgment,18,0.024161073825503355,0.019756838905775075,1.2229220443985545,0.14294758620809456,0.7053681200043461,1.0
involve,18,0.024161073825503355,0.019756838905775075,1.2229220443985545,0.14294758620809456,0.7053681200043461,1.0
participated,18,0.024161073825503355,0.019756838905775075,1.2229220443985545,0.14294758620809456,0.7053681200043461,1.0
provide,92,0.12348993288590604,0.11550151975683891,1.0691628399858706,0.1425365115193184,0.7057722852088135,1.0
scan,24,0.032214765100671144,0.02735562310030395,1.1776286353467562,0.14139860429170922,0.7068945503220909,1.0
maintenance,24,0.032214765100671144,0.02735562310030395,1.1776286353467562,0.14139860429170922,0.7068945503220909,1.0
age,98,0.13154362416107382,0.1398176291793313,0.9408228771520281,0.13973869890882384,0.7085409191972704,1.0
way,17,0.022818791946308724,0.02735562310030395,0.8341536167039523,0.13855939090014022,0.7097173934828622,1.0
aimed,31,0.04161073825503356,0.04711246200607903,0.8832214765100671,0.1370750779601148,0.7112062706532256,1.0
versus,65,0.087248322147651,0.09422492401215805,0.9259579995670059,0.13052081711821845,0.7178926479712577,1.0
provided,16,0.021476510067114093,0.025835866261398176,0.8312672720094749,0.13045099359324144,0.7179648909066683,1.0
focus,16,0.021476510067114093,0.025835866261398176,0.8312672720094749,0.13045099359324144,0.7179648909066683,1.0
large,30,0.040268456375838924,0.04559270516717325,0.8832214765100671,0.12936969974229898,0.7190864528949119,1.0
lobes,31,0.04161073825503356,0.0364741641337386,1.14082774049217,0.12737779520557746,0.7211664754151331,1.0
variables,13,0.0174496644295302,0.013677811550151976,1.2757643549589857,0.12404079289713311,0.7246925855153662,1.0
positive correlation,13,0.0174496644295302,0.013677811550151976,1.2757643549589857,0.12404079289713311,0.7246925855153662,1.0
respect,13,0.0174496644295302,0.013677811550151976,1.2757643549589857,0.12404079289713311,0.7246925855153662,1.0
mirror,13,0.0174496644295302,0.013677811550151976,1.2757643549589857,0.12404079289713311,0.7246925855153662,1.0
cognitively,13,0.0174496644295302,0.013677811550151976,1.2757643549589857,0.12404079289713311,0.7246925855153662,1.0
blood oxygen,29,0.038926174496644296,0.044072948328267476,0.8832214765100671,0.12172606359215153,0.7271699223117863,1.0
middle frontal,29,0.038926174496644296,0.044072948328267476,0.8832214765100671,0.12172606359215153,0.7271699223117863,1.0
oxygen level,29,0.038926174496644296,0.044072948328267476,0.8832214765100671,0.12172606359215153,0.7271699223117863,1.0
oxygen,29,0.038926174496644296,0.044072948328267476,0.8832214765100671,0.12172606359215153,0.7271699223117863,1.0
represent,25,0.03355704697986577,0.028875379939209727,1.1621335217237725,0.12153671874600962,0.7273737338805792,1.0
sensorimotor,25,0.03355704697986577,0.028875379939209727,1.1621335217237725,0.12153671874600962,0.7273737338805792,1.0
influences,25,0.03355704697986577,0.028875379939209727,1.1621335217237725,0.12153671874600962,0.7273737338805792,1.0
showing,41,0.05503355704697987,0.060790273556231005,0.9053020134228188,0.12018093659272798,0.7288383320360585,1.0
temporal lobe,80,0.10738255033557047,0.10030395136778116,1.0705714866788691,0.1195298644192648,0.7295449498162708,1.0
identification,19,0.025503355704697986,0.02127659574468085,1.1986577181208053,0.11890471529653052,0.7302254633528744,1.0
chronic,19,0.025503355704697986,0.02127659574468085,1.1986577181208053,0.11890471529653052,0.7302254633528744,1.0
inferior frontal,84,0.11275167785234899,0.12006079027355623,0.9391215699600713,0.11757188005899316,0.7316830493792417,1.0
modulated,59,0.07919463087248323,0.0729483282674772,1.085626398210291,0.11499917770866842,0.7345228828877421,1.0
suppression,14,0.01879194630872483,0.022796352583586626,0.8243400447427293,0.11430501467644824,0.735295180512247,1.0
size,14,0.01879194630872483,0.022796352583586626,0.8243400447427293,0.11430501467644824,0.735295180512247,1.0
extrastriate,14,0.01879194630872483,0.022796352583586626,0.8243400447427293,0.11430501467644824,0.735295180512247,1.0
exhibit,14,0.01879194630872483,0.022796352583586626,0.8243400447427293,0.11430501467644824,0.735295180512247,1.0
parietal frontal,8,0.010738255033557046,0.007598784194528876,1.4131543624161074,0.11109307385819644,0.7389031021546117,1.0
hemodynamic responses,8,0.010738255033557046,0.007598784194528876,1.4131543624161074,0.11109307385819644,0.7389031021546117,1.0
young older,8,0.010738255033557046,0.007598784194528876,1.4131543624161074,0.11109307385819644,0.7389031021546117,1.0
constructed,8,0.010738255033557046,0.007598784194528876,1.4131543624161074,0.11109307385819644,0.7389031021546117,1.0
functional organization,8,0.010738255033557046,0.007598784194528876,1.4131543624161074,0.11109307385819644,0.7389031021546117,1.0
sn,8,0.010738255033557046,0.007598784194528876,1.4131543624161074,0.11109307385819644,0.7389031021546117,1.0
pathophysiology,8,0.010738255033557046,0.007598784194528876,1.4131543624161074,0.11109307385819644,0.7389031021546117,1.0
biased,8,0.010738255033557046,0.007598784194528876,1.4131543624161074,0.11109307385819644,0.7389031021546117,1.0
application,8,0.010738255033557046,0.007598784194528876,1.4131543624161074,0.11109307385819644,0.7389031021546117,1.0
striking,8,0.010738255033557046,0.007598784194528876,1.4131543624161074,0.11109307385819644,0.7389031021546117,1.0
equal,8,0.010738255033557046,0.007598784194528876,1.4131543624161074,0.11109307385819644,0.7389031021546117,1.0
notion,8,0.010738255033557046,0.007598784194528876,1.4131543624161074,0.11109307385819644,0.7389031021546117,1.0
actually,8,0.010738255033557046,0.007598784194528876,1.4131543624161074,0.11109307385819644,0.7389031021546117,1.0
provide new,8,0.010738255033557046,0.007598784194528876,1.4131543624161074,0.11109307385819644,0.7389031021546117,1.0
gaze,8,0.010738255033557046,0.007598784194528876,1.4131543624161074,0.11109307385819644,0.7389031021546117,1.0
psychiatric disorders,8,0.010738255033557046,0.007598784194528876,1.4131543624161074,0.11109307385819644,0.7389031021546117,1.0
recruits,8,0.010738255033557046,0.007598784194528876,1.4131543624161074,0.11109307385819644,0.7389031021546117,1.0
guide,8,0.010738255033557046,0.007598784194528876,1.4131543624161074,0.11109307385819644,0.7389031021546117,1.0
temporal cortices,8,0.010738255033557046,0.007598784194528876,1.4131543624161074,0.11109307385819644,0.7389031021546117,1.0
finger,8,0.010738255033557046,0.007598784194528876,1.4131543624161074,0.11109307385819644,0.7389031021546117,1.0
changing,8,0.010738255033557046,0.007598784194528876,1.4131543624161074,0.11109307385819644,0.7389031021546117,1.0
segregation,8,0.010738255033557046,0.007598784194528876,1.4131543624161074,0.11109307385819644,0.7389031021546117,1.0
integrated,8,0.010738255033557046,0.007598784194528876,1.4131543624161074,0.11109307385819644,0.7389031021546117,1.0
negative neutral,8,0.010738255033557046,0.007598784194528876,1.4131543624161074,0.11109307385819644,0.7389031021546117,1.0
links,8,0.010738255033557046,0.007598784194528876,1.4131543624161074,0.11109307385819644,0.7389031021546117,1.0
expectations,8,0.010738255033557046,0.007598784194528876,1.4131543624161074,0.11109307385819644,0.7389031021546117,1.0
wide,8,0.010738255033557046,0.007598784194528876,1.4131543624161074,0.11109307385819644,0.7389031021546117,1.0
chinese,8,0.010738255033557046,0.007598784194528876,1.4131543624161074,0.11109307385819644,0.7389031021546117,1.0
emotional,132,0.17718120805369128,0.18541033434650456,0.9556166795026956,0.10890857497975599,0.7413901452628225,1.0
high,96,0.12885906040268458,0.12158054711246201,1.0598657718120805,0.10889856736334358,0.7414016022795171,1.0
core,27,0.036241610738255034,0.041033434650455926,0.8832214765100671,0.10664012407470568,0.7440022182662188,1.0
positively correlated,27,0.036241610738255034,0.041033434650455926,0.8832214765100671,0.10664012407470568,0.7440022182662188,1.0
scanner,27,0.036241610738255034,0.041033434650455926,0.8832214765100671,0.10664012407470568,0.7440022182662188,1.0
combined,27,0.036241610738255034,0.041033434650455926,0.8832214765100671,0.10664012407470568,0.7440022182662188,1.0
modality,13,0.0174496644295302,0.02127659574468085,0.8201342281879194,0.10626722720696823,0.7444345354791504,1.0
combination,13,0.0174496644295302,0.02127659574468085,0.8201342281879194,0.10626722720696823,0.7444345354791504,1.0
help,13,0.0174496644295302,0.02127659574468085,0.8201342281879194,0.10626722720696823,0.7444345354791504,1.0
thalamic,13,0.0174496644295302,0.02127659574468085,0.8201342281879194,0.10626722720696823,0.7444345354791504,1.0
sub,13,0.0174496644295302,0.02127659574468085,0.8201342281879194,0.10626722720696823,0.7444345354791504,1.0
capacity,13,0.0174496644295302,0.02127659574468085,0.8201342281879194,0.10626722720696823,0.7444345354791504,1.0
default,50,0.06711409395973154,0.0729483282674772,0.9200223713646533,0.10426607453173095,0.7467690242600771,1.0
regarding,26,0.0348993288590604,0.030395136778115502,1.148187919463087,0.10405814924008756,0.7470129985370577,1.0
women,26,0.0348993288590604,0.030395136778115502,1.148187919463087,0.10405814924008756,0.7470129985370577,1.0
central,38,0.05100671140939597,0.05623100303951368,0.9070923272265554,0.09935930193407781,0.75259985559153,1.0
organization,20,0.026845637583892617,0.022796352583586626,1.1776286353467562,0.09847207941988707,0.7536709602890648,1.0
depends,20,0.026845637583892617,0.022796352583586626,1.1776286353467562,0.09847207941988707,0.7536709602890648,1.0
healthy control,20,0.026845637583892617,0.022796352583586626,1.1776286353467562,0.09847207941988707,0.7536709602890648,1.0
aged,20,0.026845637583892617,0.022796352583586626,1.1776286353467562,0.09847207941988707,0.7536709602890648,1.0
training,20,0.026845637583892617,0.022796352583586626,1.1776286353467562,0.09847207941988707,0.7536709602890648,1.0
internal,12,0.016107382550335572,0.019756838905775075,0.8152813629323697,0.09825277148631166,0.7539365374578975,1.0
cortical subcortical,12,0.016107382550335572,0.019756838905775075,0.8152813629323697,0.09825277148631166,0.7539365374578975,1.0
experimental,33,0.04429530201342282,0.03951367781155015,1.1210118740320083,0.09737219962461251,0.7550061812765025,1.0
sets,14,0.01879194630872483,0.015197568389057751,1.2365100671140938,0.09725710600098159,0.7551463788905474,1.0
skin,14,0.01879194630872483,0.015197568389057751,1.2365100671140938,0.09725710600098159,0.7551463788905474,1.0
skills,14,0.01879194630872483,0.015197568389057751,1.2365100671140938,0.09725710600098159,0.7551463788905474,1.0
visuospatial,14,0.01879194630872483,0.015197568389057751,1.2365100671140938,0.09725710600098159,0.7551463788905474,1.0
flow,14,0.01879194630872483,0.015197568389057751,1.2365100671140938,0.09725710600098159,0.7551463788905474,1.0
cortex posterior,14,0.01879194630872483,0.015197568389057751,1.2365100671140938,0.09725710600098159,0.7551463788905474,1.0
enhances,14,0.01879194630872483,0.015197568389057751,1.2365100671140938,0.09725710600098159,0.7551463788905474,1.0
late,14,0.01879194630872483,0.015197568389057751,1.2365100671140938,0.09725710600098159,0.7551463788905474,1.0
illness,14,0.01879194630872483,0.015197568389057751,1.2365100671140938,0.09725710600098159,0.7551463788905474,1.0
empathy,14,0.01879194630872483,0.015197568389057751,1.2365100671140938,0.09725710600098159,0.7551463788905474,1.0
localized,14,0.01879194630872483,0.015197568389057751,1.2365100671140938,0.09725710600098159,0.7551463788905474,1.0
rating,14,0.01879194630872483,0.015197568389057751,1.2365100671140938,0.09725710600098159,0.7551463788905474,1.0
correlated,136,0.1825503355704698,0.17477203647416414,1.0445053983075576,0.09582722563276823,0.7568957846970598,1.0
adults,83,0.11140939597315436,0.10486322188449848,1.0624258340628343,0.09463602502068993,0.7583641271503837,1.0
assess,37,0.049664429530201344,0.0547112462006079,0.9077554064131246,0.09261332815257887,0.7608807730379401,1.0
taken,25,0.03355704697986577,0.037993920972644375,0.8832214765100671,0.09185609614673611,0.761830643296672,1.0
established,25,0.03355704697986577,0.037993920972644375,0.8832214765100671,0.09185609614673611,0.761830643296672,1.0
memory wm,11,0.01476510067114094,0.0182370820668693,0.8096196868008949,0.09026154607209125,0.7638449169419838,1.0
contrasted,11,0.01476510067114094,0.0182370820668693,0.8096196868008949,0.09026154607209125,0.7638449169419838,1.0
correctly,11,0.01476510067114094,0.0182370820668693,0.8096196868008949,0.09026154607209125,0.7638449169419838,1.0
medication,11,0.01476510067114094,0.0182370820668693,0.8096196868008949,0.09026154607209125,0.7638449169419838,1.0
includes,11,0.01476510067114094,0.0182370820668693,0.8096196868008949,0.09026154607209125,0.7638449169419838,1.0
modified,11,0.01476510067114094,0.0182370820668693,0.8096196868008949,0.09026154607209125,0.7638449169419838,1.0
judgments,27,0.036241610738255034,0.031914893617021274,1.1355704697986577,0.08866776586266328,0.7658776966645602,1.0
overall,36,0.04832214765100671,0.05319148936170213,0.9084563758389261,0.08597465560787868,0.7693583154507921,1.0
scores,36,0.04832214765100671,0.05319148936170213,0.9084563758389261,0.08597465560787868,0.7693583154507921,1.0
state,107,0.1436241610738255,0.13677811550151975,1.0500521998508576,0.08488431142751082,0.7707843214441474,1.0
cortical,107,0.1436241610738255,0.13677811550151975,1.0500521998508576,0.08488431142751082,0.7707843214441474,1.0
lower,48,0.06442953020134229,0.05927051671732523,1.0870418172431595,0.08348628460082559,0.7726273446380958,1.0
comparable,10,0.013422818791946308,0.016717325227963525,0.8029286150091519,0.08229345010914305,0.7742131255956118,1.0
interval,10,0.013422818791946308,0.016717325227963525,0.8029286150091519,0.08229345010914305,0.7742131255956118,1.0
cortex ofc,10,0.013422818791946308,0.016717325227963525,0.8029286150091519,0.08229345010914305,0.7742131255956118,1.0
tool,10,0.013422818791946308,0.016717325227963525,0.8029286150091519,0.08229345010914305,0.7742131255956118,1.0
domains,10,0.013422818791946308,0.016717325227963525,0.8029286150091519,0.08229345010914305,0.7742131255956118,1.0
equivalent,10,0.013422818791946308,0.016717325227963525,0.8029286150091519,0.08229345010914305,0.7742131255956118,1.0
spontaneous,21,0.028187919463087248,0.0243161094224924,1.159228187919463,0.0810678186222714,0.7758555180043367,1.0
hc,21,0.028187919463087248,0.0243161094224924,1.159228187919463,0.0810678186222714,0.7758555180043367,1.0
dorsomedial,21,0.028187919463087248,0.0243161094224924,1.159228187919463,0.0810678186222714,0.7758555180043367,1.0
collected,21,0.028187919463087248,0.0243161094224924,1.159228187919463,0.0810678186222714,0.7758555180043367,1.0
knowledge,35,0.04697986577181208,0.05167173252279635,0.9091985787603633,0.07945035929945081,0.7780436529383069,1.0
argue,9,0.012080536912751677,0.00911854103343465,1.3248322147651006,0.07742766683380098,0.780814104507846,1.0
receiving,9,0.012080536912751677,0.00911854103343465,1.3248322147651006,0.07742766683380098,0.780814104507846,1.0
processes underlying,9,0.012080536912751677,0.00911854103343465,1.3248322147651006,0.07742766683380098,0.780814104507846,1.0
questions,9,0.012080536912751677,0.00911854103343465,1.3248322147651006,0.07742766683380098,0.780814104507846,1.0
erp,9,0.012080536912751677,0.00911854103343465,1.3248322147651006,0.07742766683380098,0.780814104507846,1.0
assumed,9,0.012080536912751677,0.00911854103343465,1.3248322147651006,0.07742766683380098,0.780814104507846,1.0
ways,9,0.012080536912751677,0.00911854103343465,1.3248322147651006,0.07742766683380098,0.780814104507846,1.0
key role,9,0.012080536912751677,0.00911854103343465,1.3248322147651006,0.07742766683380098,0.780814104507846,1.0
bipolar disorder,9,0.012080536912751677,0.00911854103343465,1.3248322147651006,0.07742766683380098,0.780814104507846,1.0
noise,9,0.012080536912751677,0.00911854103343465,1.3248322147651006,0.07742766683380098,0.780814104507846,1.0
socially,9,0.012080536912751677,0.00911854103343465,1.3248322147651006,0.07742766683380098,0.780814104507846,1.0
statistics,9,0.012080536912751677,0.00911854103343465,1.3248322147651006,0.07742766683380098,0.780814104507846,1.0
rewarding,9,0.012080536912751677,0.00911854103343465,1.3248322147651006,0.07742766683380098,0.780814104507846,1.0
regulate,9,0.012080536912751677,0.00911854103343465,1.3248322147651006,0.07742766683380098,0.780814104507846,1.0
advantage,9,0.012080536912751677,0.00911854103343465,1.3248322147651006,0.07742766683380098,0.780814104507846,1.0
task demands,9,0.012080536912751677,0.00911854103343465,1.3248322147651006,0.07742766683380098,0.780814104507846,1.0
slower,9,0.012080536912751677,0.00911854103343465,1.3248322147651006,0.07742766683380098,0.780814104507846,1.0
resonance experiment,9,0.012080536912751677,0.00911854103343465,1.3248322147651006,0.07742766683380098,0.780814104507846,1.0
duration,15,0.020134228187919462,0.016717325227963525,1.204392922513728,0.0757600282869913,0.7831277119901714,1.0
fluctuations,15,0.020134228187919462,0.016717325227963525,1.204392922513728,0.0757600282869913,0.7831277119901714,1.0
contrasting,15,0.020134228187919462,0.016717325227963525,1.204392922513728,0.0757600282869913,0.7831277119901714,1.0
unrelated,15,0.020134228187919462,0.016717325227963525,1.204392922513728,0.0757600282869913,0.7831277119901714,1.0
self referential,15,0.020134228187919462,0.016717325227963525,1.204392922513728,0.0757600282869913,0.7831277119901714,1.0
techniques,15,0.020134228187919462,0.016717325227963525,1.204392922513728,0.0757600282869913,0.7831277119901714,1.0
lingual,15,0.020134228187919462,0.016717325227963525,1.204392922513728,0.0757600282869913,0.7831277119901714,1.0
view,28,0.03758389261744966,0.03343465045592705,1.1241000610128127,0.07511767529438554,0.7840261869533157,1.0
goal,28,0.03758389261744966,0.03343465045592705,1.1241000610128127,0.07511767529438554,0.7840261869533157,1.0
coupling,28,0.03758389261744966,0.03343465045592705,1.1241000610128127,0.07511767529438554,0.7840261869533157,1.0
forms,9,0.012080536912751677,0.015197568389057751,0.7948993288590603,0.07434838332527763,0.7851076667543802,1.0
3t,9,0.012080536912751677,0.015197568389057751,0.7948993288590603,0.07434838332527763,0.7851076667543802,1.0
addressed,9,0.012080536912751677,0.015197568389057751,0.7948993288590603,0.07434838332527763,0.7851076667543802,1.0
learn,9,0.012080536912751677,0.015197568389057751,0.7948993288590603,0.07434838332527763,0.7851076667543802,1.0
default network,9,0.012080536912751677,0.015197568389057751,0.7948993288590603,0.07434838332527763,0.7851076667543802,1.0
previous research,9,0.012080536912751677,0.015197568389057751,0.7948993288590603,0.07434838332527763,0.7851076667543802,1.0
poor,9,0.012080536912751677,0.015197568389057751,0.7948993288590603,0.07434838332527763,0.7851076667543802,1.0
lingual gyrus,9,0.012080536912751677,0.015197568389057751,0.7948993288590603,0.07434838332527763,0.7851076667543802,1.0
reaction times,9,0.012080536912751677,0.015197568389057751,0.7948993288590603,0.07434838332527763,0.7851076667543802,1.0
45,9,0.012080536912751677,0.015197568389057751,0.7948993288590603,0.07434838332527763,0.7851076667543802,1.0
progressive,9,0.012080536912751677,0.015197568389057751,0.7948993288590603,0.07434838332527763,0.7851076667543802,1.0
impact,49,0.06577181208053691,0.060790273556231005,1.0819463087248322,0.07413754284712547,0.785405117368892,1.0
mode,45,0.06040268456375839,0.06534954407294832,0.9243015451849541,0.07346655158804423,0.786354777033046,1.0
working memory,45,0.06040268456375839,0.06534954407294832,0.9243015451849541,0.07346655158804423,0.786354777033046,1.0
pre,35,0.04697986577181208,0.0425531914893617,1.104026845637584,0.07311021457928776,0.7868609971416222,1.0
abnormal,35,0.04697986577181208,0.0425531914893617,1.104026845637584,0.07311021457928776,0.7868609971416222,1.0
processes,152,0.2040268456375839,0.21124620060790272,0.9658249239534548,0.07121139095730192,0.7895810939490976,1.0
social interactions,8,0.010738255033557046,0.013677811550151976,0.7850857568978373,0.06642624602708044,0.7966130557014842,1.0
education,8,0.010738255033557046,0.013677811550151976,0.7850857568978373,0.06642624602708044,0.7966130557014842,1.0
unilateral,8,0.010738255033557046,0.013677811550151976,0.7850857568978373,0.06642624602708044,0.7966130557014842,1.0
cognitive performance,8,0.010738255033557046,0.013677811550151976,0.7850857568978373,0.06642624602708044,0.7966130557014842,1.0
neutral stimuli,8,0.010738255033557046,0.013677811550151976,0.7850857568978373,0.06642624602708044,0.7966130557014842,1.0
placebo controlled,8,0.010738255033557046,0.013677811550151976,0.7850857568978373,0.06642624602708044,0.7966130557014842,1.0
autonomic,8,0.010738255033557046,0.013677811550151976,0.7850857568978373,0.06642624602708044,0.7966130557014842,1.0
randomly,8,0.010738255033557046,0.013677811550151976,0.7850857568978373,0.06642624602708044,0.7966130557014842,1.0
block design,8,0.010738255033557046,0.013677811550151976,0.7850857568978373,0.06642624602708044,0.7966130557014842,1.0
clinically,8,0.010738255033557046,0.013677811550151976,0.7850857568978373,0.06642624602708044,0.7966130557014842,1.0
interpreted,8,0.010738255033557046,0.013677811550151976,0.7850857568978373,0.06642624602708044,0.7966130557014842,1.0
conceptual,8,0.010738255033557046,0.013677811550151976,0.7850857568978373,0.06642624602708044,0.7966130557014842,1.0
task difficulty,8,0.010738255033557046,0.013677811550151976,0.7850857568978373,0.06642624602708044,0.7966130557014842,1.0
difficulty,22,0.02953020134228188,0.025835866261398176,1.142992499013028,0.0662294487763008,0.7969079581356775,1.0
higher,94,0.1261744966442953,0.13221884498480244,0.9542852734706473,0.06617880306112407,0.7969839267510846,1.0
low,54,0.07248322147651007,0.07750759878419453,0.9351756810106594,0.06515935972710057,0.7985197323426735,1.0
healthy,223,0.2993288590604027,0.3069908814589666,0.9750415309987374,0.06424332032773956,0.7999107117660569,1.0
supporting,43,0.05771812080536913,0.05319148936170213,1.0851006711409397,0.06377088193307771,0.8006322228018867,1.0
robust,21,0.028187919463087248,0.031914893617021274,0.8832214765100672,0.06342479727202273,0.8011625715640779,1.0
positive negative,21,0.028187919463087248,0.031914893617021274,0.8832214765100672,0.06342479727202273,0.8011625715640779,1.0
anterior insula,29,0.038926174496644296,0.034954407294832825,1.1136270790779108,0.06319813696033236,0.801510745798895,1.0
frontal cortex,36,0.04832214765100671,0.044072948328267476,1.0964128673918074,0.06280696578855305,0.8021131910064122,1.0
subject,32,0.042953020134228186,0.04711246200607903,0.9117124918813596,0.06064817520198759,0.8054743907636353,1.0
known,102,0.13691275167785236,0.14285714285714285,0.9583892617449665,0.059221407092348965,0.8077307970174342,1.0
revealing,7,0.009395973154362415,0.0121580547112462,0.7728187919463086,0.05852693909573647,0.8088395058130491,1.0
sound,7,0.009395973154362415,0.0121580547112462,0.7728187919463086,0.05852693909573647,0.8088395058130491,1.0
timing,7,0.009395973154362415,0.0121580547112462,0.7728187919463086,0.05852693909573647,0.8088395058130491,1.0
state networks,7,0.009395973154362415,0.0121580547112462,0.7728187919463086,0.05852693909573647,0.8088395058130491,1.0
univariate,7,0.009395973154362415,0.0121580547112462,0.7728187919463086,0.05852693909573647,0.8088395058130491,1.0
sites,7,0.009395973154362415,0.0121580547112462,0.7728187919463086,0.05852693909573647,0.8088395058130491,1.0
001,7,0.009395973154362415,0.0121580547112462,0.7728187919463086,0.05852693909573647,0.8088395058130491,1.0
largely unknown,7,0.009395973154362415,0.0121580547112462,0.7728187919463086,0.05852693909573647,0.8088395058130491,1.0
alteration,7,0.009395973154362415,0.0121580547112462,0.7728187919463086,0.05852693909573647,0.8088395058130491,1.0
occipito,7,0.009395973154362415,0.0121580547112462,0.7728187919463086,0.05852693909573647,0.8088395058130491,1.0
distraction,7,0.009395973154362415,0.0121580547112462,0.7728187919463086,0.05852693909573647,0.8088395058130491,1.0
estimation,7,0.009395973154362415,0.0121580547112462,0.7728187919463086,0.05852693909573647,0.8088395058130491,1.0
construction,7,0.009395973154362415,0.0121580547112462,0.7728187919463086,0.05852693909573647,0.8088395058130491,1.0
executive function,7,0.009395973154362415,0.0121580547112462,0.7728187919463086,0.05852693909573647,0.8088395058130491,1.0
executive functions,7,0.009395973154362415,0.0121580547112462,0.7728187919463086,0.05852693909573647,0.8088395058130491,1.0
concepts,7,0.009395973154362415,0.0121580547112462,0.7728187919463086,0.05852693909573647,0.8088395058130491,1.0
cingulate cortices,7,0.009395973154362415,0.0121580547112462,0.7728187919463086,0.05852693909573647,0.8088395058130491,1.0
coherent,7,0.009395973154362415,0.0121580547112462,0.7728187919463086,0.05852693909573647,0.8088395058130491,1.0
marked,7,0.009395973154362415,0.0121580547112462,0.7728187919463086,0.05852693909573647,0.8088395058130491,1.0
frontal lobe,16,0.021476510067114093,0.0182370820668693,1.1776286353467562,0.05842143967189276,0.8090085423496096,1.0
ventrolateral prefrontal,16,0.021476510067114093,0.0182370820668693,1.1776286353467562,0.05842143967189276,0.8090085423496096,1.0
frequently,16,0.021476510067114093,0.0182370820668693,1.1776286353467562,0.05842143967189276,0.8090085423496096,1.0
correlation,51,0.06845637583892618,0.06382978723404255,1.0724832214765103,0.057647709847394396,0.8102532187661554,1.0
condition,81,0.1087248322147651,0.1033434650455927,1.0520726411369916,0.05744162301373962,0.8105862326110599,1.0
cross,20,0.026845637583892617,0.030395136778115502,0.8832214765100671,0.05661514960168802,0.8119281099424517,1.0
theories,20,0.026845637583892617,0.030395136778115502,0.8832214765100671,0.05661514960168802,0.8119281099424517,1.0
influence,42,0.056375838926174496,0.060790273556231005,0.9273825503355705,0.056513289099969985,0.8120942071226107,1.0
experience,44,0.05906040268456376,0.0547112462006079,1.0794929157345265,0.05533518901662991,0.8140268636169626,1.0
encoded,23,0.03087248322147651,0.02735562310030395,1.1285607755406413,0.05358474566663006,0.8169389761352032,1.0
30,23,0.03087248322147651,0.02735562310030395,1.1285607755406413,0.05358474566663006,0.8169389761352032,1.0
accuracy,37,0.049664429530201344,0.04559270516717325,1.0893064876957494,0.053579462603808116,0.8169478405639373,1.0
incentive,10,0.013422818791946308,0.010638297872340425,1.261744966442953,0.053474312216978875,0.8171243678254363,1.0
activates,10,0.013422818791946308,0.010638297872340425,1.261744966442953,0.053474312216978875,0.8171243678254363,1.0
stress disorder,10,0.013422818791946308,0.010638297872340425,1.261744966442953,0.053474312216978875,0.8171243678254363,1.0
speed,10,0.013422818791946308,0.010638297872340425,1.261744966442953,0.053474312216978875,0.8171243678254363,1.0
elements,10,0.013422818791946308,0.010638297872340425,1.261744966442953,0.053474312216978875,0.8171243678254363,1.0
sources,10,0.013422818791946308,0.010638297872340425,1.261744966442953,0.053474312216978875,0.8171243678254363,1.0
task relevant,10,0.013422818791946308,0.010638297872340425,1.261744966442953,0.053474312216978875,0.8171243678254363,1.0
vmpfc,10,0.013422818791946308,0.010638297872340425,1.261744966442953,0.053474312216978875,0.8171243678254363,1.0
imagery,10,0.013422818791946308,0.010638297872340425,1.261744966442953,0.053474312216978875,0.8171243678254363,1.0
limitations,10,0.013422818791946308,0.010638297872340425,1.261744966442953,0.053474312216978875,0.8171243678254363,1.0
pathological,10,0.013422818791946308,0.010638297872340425,1.261744966442953,0.053474312216978875,0.8171243678254363,1.0
cognitive functions,10,0.013422818791946308,0.010638297872340425,1.261744966442953,0.053474312216978875,0.8171243678254363,1.0
multi,10,0.013422818791946308,0.010638297872340425,1.261744966442953,0.053474312216978875,0.8171243678254363,1.0
increasingly,10,0.013422818791946308,0.010638297872340425,1.261744966442953,0.053474312216978875,0.8171243678254363,1.0
extracted,10,0.013422818791946308,0.010638297872340425,1.261744966442953,0.053474312216978875,0.8171243678254363,1.0
feelings,10,0.013422818791946308,0.010638297872340425,1.261744966442953,0.053474312216978875,0.8171243678254363,1.0
healthy adults,10,0.013422818791946308,0.010638297872340425,1.261744966442953,0.053474312216978875,0.8171243678254363,1.0
plasticity,10,0.013422818791946308,0.010638297872340425,1.261744966442953,0.053474312216978875,0.8171243678254363,1.0
putamen,30,0.040268456375838924,0.0364741641337386,1.104026845637584,0.052730497816270434,0.8183783439612612,1.0
high level,6,0.008053691275167786,0.010638297872340425,0.757046979865772,0.050650363982900404,0.8219354318161493,1.0
eating,6,0.008053691275167786,0.010638297872340425,0.757046979865772,0.050650363982900404,0.8219354318161493,1.0
decreasing,6,0.008053691275167786,0.010638297872340425,0.757046979865772,0.050650363982900404,0.8219354318161493,1.0
psychophysiological interaction,6,0.008053691275167786,0.010638297872340425,0.757046979865772,0.050650363982900404,0.8219354318161493,1.0
medial pfc,6,0.008053691275167786,0.010638297872340425,0.757046979865772,0.050650363982900404,0.8219354318161493,1.0
psychopathology,6,0.008053691275167786,0.010638297872340425,0.757046979865772,0.050650363982900404,0.8219354318161493,1.0
judged,6,0.008053691275167786,0.010638297872340425,0.757046979865772,0.050650363982900404,0.8219354318161493,1.0
exploratory,6,0.008053691275167786,0.010638297872340425,0.757046979865772,0.050650363982900404,0.8219354318161493,1.0
social cognitive,6,0.008053691275167786,0.010638297872340425,0.757046979865772,0.050650363982900404,0.8219354318161493,1.0
group comparisons,6,0.008053691275167786,0.010638297872340425,0.757046979865772,0.050650363982900404,0.8219354318161493,1.0
profile,6,0.008053691275167786,0.010638297872340425,0.757046979865772,0.050650363982900404,0.8219354318161493,1.0
signal change,6,0.008053691275167786,0.010638297872340425,0.757046979865772,0.050650363982900404,0.8219354318161493,1.0
probably,6,0.008053691275167786,0.010638297872340425,0.757046979865772,0.050650363982900404,0.8219354318161493,1.0
cortex dacc,6,0.008053691275167786,0.010638297872340425,0.757046979865772,0.050650363982900404,0.8219354318161493,1.0
fast,6,0.008053691275167786,0.010638297872340425,0.757046979865772,0.050650363982900404,0.8219354318161493,1.0
explicitly,6,0.008053691275167786,0.010638297872340425,0.757046979865772,0.050650363982900404,0.8219354318161493,1.0
preference,6,0.008053691275167786,0.010638297872340425,0.757046979865772,0.050650363982900404,0.8219354318161493,1.0
dominant,6,0.008053691275167786,0.010638297872340425,0.757046979865772,0.050650363982900404,0.8219354318161493,1.0
bold signals,6,0.008053691275167786,0.010638297872340425,0.757046979865772,0.050650363982900404,0.8219354318161493,1.0
contents,6,0.008053691275167786,0.010638297872340425,0.757046979865772,0.050650363982900404,0.8219354318161493,1.0
12 healthy,6,0.008053691275167786,0.010638297872340425,0.757046979865772,0.050650363982900404,0.8219354318161493,1.0
t1,6,0.008053691275167786,0.010638297872340425,0.757046979865772,0.050650363982900404,0.8219354318161493,1.0
cohort,6,0.008053691275167786,0.010638297872340425,0.757046979865772,0.050650363982900404,0.8219354318161493,1.0
therapeutic,6,0.008053691275167786,0.010638297872340425,0.757046979865772,0.050650363982900404,0.8219354318161493,1.0
traditionally,6,0.008053691275167786,0.010638297872340425,0.757046979865772,0.050650363982900404,0.8219354318161493,1.0
triggered,6,0.008053691275167786,0.010638297872340425,0.757046979865772,0.050650363982900404,0.8219354318161493,1.0
dorsolateral,67,0.08993288590604027,0.0851063829787234,1.0567114093959733,0.05036490540097737,0.8224295234604082,1.0
correlates,98,0.13154362416107382,0.12613981762917933,1.0428398156383925,0.049077299399667415,0.8246766901814923,1.0
larger,30,0.040268456375838924,0.044072948328267476,0.9136773894931728,0.04886039791970806,0.8250582647829984,1.0
anterior cingulate,114,0.15302013422818792,0.1474164133738602,1.038012869300491,0.04761192728280221,0.8272720580650001,1.0
selective,38,0.05100671140939597,0.04711246200607903,1.0826585841091145,0.04533617365956481,0.8313870777475557,1.0
potential,50,0.06711409395973154,0.07142857142857142,0.9395973154362417,0.045139029677281305,0.8317485881928178,1.0
recruit,17,0.022818791946308724,0.019756838905775075,1.154981930820857,0.04441407778877047,0.833085105171112,1.0
small,17,0.022818791946308724,0.019756838905775075,1.154981930820857,0.04441407778877047,0.833085105171112,1.0
mind,18,0.024161073825503355,0.02735562310030395,0.8832214765100671,0.04346447963645464,0.8348531313885609,1.0
neurobiological,24,0.032214765100671144,0.028875379939209727,1.1156481808548218,0.04283075444668981,0.8360442808424672,1.0
reflecting,24,0.032214765100671144,0.028875379939209727,1.1156481808548218,0.04283075444668981,0.8360442808424672,1.0
24,24,0.032214765100671144,0.028875379939209727,1.1156481808548218,0.04283075444668981,0.8360442808424672,1.0
older adults,24,0.032214765100671144,0.028875379939209727,1.1156481808548218,0.04283075444668981,0.8360442808424672,1.0
affecting,5,0.006711409395973154,0.00911854103343465,0.7360178970917226,0.042796422706595,0.8361090723705277,1.0
played,5,0.006711409395973154,0.00911854103343465,0.7360178970917226,0.042796422706595,0.8361090723705277,1.0
excessive,5,0.006711409395973154,0.00911854103343465,0.7360178970917226,0.042796422706595,0.8361090723705277,1.0
infer,5,0.006711409395973154,0.00911854103343465,0.7360178970917226,0.042796422706595,0.8361090723705277,1.0
nervous,5,0.006711409395973154,0.00911854103343465,0.7360178970917226,0.042796422706595,0.8361090723705277,1.0
remote,5,0.006711409395973154,0.00911854103343465,0.7360178970917226,0.042796422706595,0.8361090723705277,1.0
original,5,0.006711409395973154,0.00911854103343465,0.7360178970917226,0.042796422706595,0.8361090723705277,1.0
repetitive,5,0.006711409395973154,0.00911854103343465,0.7360178970917226,0.042796422706595,0.8361090723705277,1.0
gambling,5,0.006711409395973154,0.00911854103343465,0.7360178970917226,0.042796422706595,0.8361090723705277,1.0
indexed,5,0.006711409395973154,0.00911854103343465,0.7360178970917226,0.042796422706595,0.8361090723705277,1.0
anticipatory,5,0.006711409395973154,0.00911854103343465,0.7360178970917226,0.042796422706595,0.8361090723705277,1.0
homogeneity reho,5,0.006711409395973154,0.00911854103343465,0.7360178970917226,0.042796422706595,0.8361090723705277,1.0
heterogeneity,5,0.006711409395973154,0.00911854103343465,0.7360178970917226,0.042796422706595,0.8361090723705277,1.0
concomitant,5,0.006711409395973154,0.00911854103343465,0.7360178970917226,0.042796422706595,0.8361090723705277,1.0
balance,5,0.006711409395973154,0.00911854103343465,0.7360178970917226,0.042796422706595,0.8361090723705277,1.0
task irrelevant,5,0.006711409395973154,0.00911854103343465,0.7360178970917226,0.042796422706595,0.8361090723705277,1.0
accurately,5,0.006711409395973154,0.00911854103343465,0.7360178970917226,0.042796422706595,0.8361090723705277,1.0
decision task,5,0.006711409395973154,0.00911854103343465,0.7360178970917226,0.042796422706595,0.8361090723705277,1.0
quantify,5,0.006711409395973154,0.00911854103343465,0.7360178970917226,0.042796422706595,0.8361090723705277,1.0
demanding,5,0.006711409395973154,0.00911854103343465,0.7360178970917226,0.042796422706595,0.8361090723705277,1.0
pathology,5,0.006711409395973154,0.00911854103343465,0.7360178970917226,0.042796422706595,0.8361090723705277,1.0
direct evidence,5,0.006711409395973154,0.00911854103343465,0.7360178970917226,0.042796422706595,0.8361090723705277,1.0
rapidly,5,0.006711409395973154,0.00911854103343465,0.7360178970917226,0.042796422706595,0.8361090723705277,1.0
posttraumatic,5,0.006711409395973154,0.00911854103343465,0.7360178970917226,0.042796422706595,0.8361090723705277,1.0
discussion,5,0.006711409395973154,0.00911854103343465,0.7360178970917226,0.042796422706595,0.8361090723705277,1.0
neurophysiological,5,0.006711409395973154,0.00911854103343465,0.7360178970917226,0.042796422706595,0.8361090723705277,1.0
middle inferior,5,0.006711409395973154,0.00911854103343465,0.7360178970917226,0.042796422706595,0.8361090723705277,1.0
noted,5,0.006711409395973154,0.00911854103343465,0.7360178970917226,0.042796422706595,0.8361090723705277,1.0
systems involved,5,0.006711409395973154,0.00911854103343465,0.7360178970917226,0.042796422706595,0.8361090723705277,1.0
partner,5,0.006711409395973154,0.00911854103343465,0.7360178970917226,0.042796422706595,0.8361090723705277,1.0
open,5,0.006711409395973154,0.00911854103343465,0.7360178970917226,0.042796422706595,0.8361090723705277,1.0
estimates,5,0.006711409395973154,0.00911854103343465,0.7360178970917226,0.042796422706595,0.8361090723705277,1.0
reversal,5,0.006711409395973154,0.00911854103343465,0.7360178970917226,0.042796422706595,0.8361090723705277,1.0
parieto,5,0.006711409395973154,0.00911854103343465,0.7360178970917226,0.042796422706595,0.8361090723705277,1.0
relationship,69,0.09261744966442953,0.0972644376899696,0.9522231543624161,0.0421122157812918,0.8374060168339845,1.0
blood,59,0.07919463087248323,0.08358662613981763,0.9474557657107994,0.04103475230912741,0.8394708559452996,1.0
volume,39,0.052348993288590606,0.05623100303951368,0.9309631779430437,0.04096741297184842,0.8396008363866216,1.0
sensory,46,0.06174496644295302,0.057750759878419454,1.0691628399858706,0.04078274077888037,0.8399578679861455,1.0
social,78,0.10469798657718121,0.1094224924012158,0.9568232662192394,0.03969257493214876,0.8420828684554114,1.0
suggested,39,0.052348993288590606,0.0486322188449848,1.0764261744966444,0.037995892725744426,0.8454513870906338,1.0
instructed,17,0.022818791946308724,0.025835866261398176,0.8832214765100671,0.03717011757903343,0.8471191019393054,1.0
psychological,17,0.022818791946308724,0.025835866261398176,0.8832214765100671,0.03717011757903343,0.8471191019393054,1.0
cortex dlpfc,17,0.022818791946308724,0.025835866261398176,0.8832214765100671,0.03717011757903343,0.8471191019393054,1.0
genetic,17,0.022818791946308724,0.025835866261398176,0.8832214765100671,0.03717011757903343,0.8471191019393054,1.0
contributions,17,0.022818791946308724,0.025835866261398176,0.8832214765100671,0.03717011757903343,0.8471191019393054,1.0
generated,17,0.022818791946308724,0.025835866261398176,0.8832214765100671,0.03717011757903343,0.8471191019393054,1.0
rewards,11,0.01476510067114094,0.0121580547112462,1.2144295302013424,0.0361729923770835,0.8491586890255953,1.0
share,11,0.01476510067114094,0.0121580547112462,1.2144295302013424,0.0361729923770835,0.8491586890255953,1.0
correlate,11,0.01476510067114094,0.0121580547112462,1.2144295302013424,0.0361729923770835,0.8491586890255953,1.0
quantitative,11,0.01476510067114094,0.0121580547112462,1.2144295302013424,0.0361729923770835,0.8491586890255953,1.0
difficulties,11,0.01476510067114094,0.0121580547112462,1.2144295302013424,0.0361729923770835,0.8491586890255953,1.0
occurrence,11,0.01476510067114094,0.0121580547112462,1.2144295302013424,0.0361729923770835,0.8491586890255953,1.0
located,11,0.01476510067114094,0.0121580547112462,1.2144295302013424,0.0361729923770835,0.8491586890255953,1.0
contributes,11,0.01476510067114094,0.0121580547112462,1.2144295302013424,0.0361729923770835,0.8491586890255953,1.0
contrasts,11,0.01476510067114094,0.0121580547112462,1.2144295302013424,0.0361729923770835,0.8491586890255953,1.0
basic,11,0.01476510067114094,0.0121580547112462,1.2144295302013424,0.0361729923770835,0.8491586890255953,1.0
cortex amygdala,11,0.01476510067114094,0.0121580547112462,1.2144295302013424,0.0361729923770835,0.8491586890255953,1.0
served,11,0.01476510067114094,0.0121580547112462,1.2144295302013424,0.0361729923770835,0.8491586890255953,1.0
focal,11,0.01476510067114094,0.0121580547112462,1.2144295302013424,0.0361729923770835,0.8491586890255953,1.0
gm,11,0.01476510067114094,0.0121580547112462,1.2144295302013424,0.0361729923770835,0.8491586890255953,1.0
network connectivity,11,0.01476510067114094,0.0121580547112462,1.2144295302013424,0.0361729923770835,0.8491586890255953,1.0
outside,11,0.01476510067114094,0.0121580547112462,1.2144295302013424,0.0361729923770835,0.8491586890255953,1.0
signals,38,0.05100671140939597,0.0547112462006079,0.9322893363161819,0.03614755686707549,0.8492110952121956,1.0
correlations,38,0.05100671140939597,0.0547112462006079,0.9322893363161819,0.03614755686707549,0.8492110952121956,1.0
valence,32,0.042953020134228186,0.03951367781155015,1.0870418172431595,0.03555958367698128,0.850427896386807,1.0
aim,32,0.042953020134228186,0.03951367781155015,1.0870418172431595,0.03555958367698128,0.850427896386807,1.0
mtl,25,0.03355704697986577,0.030395136778115502,1.104026845637584,0.033718396574758835,0.8543071026558313,1.0
objective,25,0.03355704697986577,0.030395136778115502,1.104026845637584,0.033718396574758835,0.8543071026558313,1.0
measure,25,0.03355704697986577,0.030395136778115502,1.104026845637584,0.033718396574758835,0.8543071026558313,1.0
completed,25,0.03355704697986577,0.030395136778115502,1.104026845637584,0.033718396574758835,0.8543071026558313,1.0
feature,18,0.024161073825503355,0.02127659574468085,1.1355704697986577,0.03311752012640545,0.8555966971222283,1.0
anterior posterior,18,0.024161073825503355,0.02127659574468085,1.1355704697986577,0.03311752012640545,0.8555966971222283,1.0
contexts,18,0.024161073825503355,0.02127659574468085,1.1355704697986577,0.03311752012640545,0.8555966971222283,1.0
substrate,18,0.024161073825503355,0.02127659574468085,1.1355704697986577,0.03311752012640545,0.8555966971222283,1.0
task functional,18,0.024161073825503355,0.02127659574468085,1.1355704697986577,0.03311752012640545,0.8555966971222283,1.0
experiments,18,0.024161073825503355,0.02127659574468085,1.1355704697986577,0.03311752012640545,0.8555966971222283,1.0
modulates,18,0.024161073825503355,0.02127659574468085,1.1355704697986577,0.03311752012640545,0.8555966971222283,1.0
dorsal,76,0.10201342281879194,0.10638297872340426,0.9589261744966443,0.03236040113510501,0.8572389499058278,1.0
working,47,0.06308724832214765,0.0668693009118541,0.9434411226357536,0.0318406661674051,0.8583778063133527,1.0
means,16,0.021476510067114093,0.0243161094224924,0.8832214765100671,0.03110394228466382,0.8600086938579863,1.0
05,16,0.021476510067114093,0.0243161094224924,0.8832214765100671,0.03110394228466382,0.8600086938579863,1.0
compensatory,16,0.021476510067114093,0.0243161094224924,0.8832214765100671,0.03110394228466382,0.8600086938579863,1.0
purpose,16,0.021476510067114093,0.0243161094224924,0.8832214765100671,0.03110394228466382,0.8600086938579863,1.0
relationships,16,0.021476510067114093,0.0243161094224924,0.8832214765100671,0.03110394228466382,0.8600086938579863,1.0
domain,16,0.021476510067114093,0.0243161094224924,0.8832214765100671,0.03110394228466382,0.8600086938579863,1.0
inferior temporal,16,0.021476510067114093,0.0243161094224924,0.8832214765100671,0.03110394228466382,0.8600086938579863,1.0
influenced,16,0.021476510067114093,0.0243161094224924,0.8832214765100671,0.03110394228466382,0.8600086938579863,1.0
systems,71,0.0953020134228188,0.0911854103343465,1.045145413870246,0.029768628382527047,0.8630162595570852,1.0
learning,87,0.11677852348993288,0.11246200607902736,1.038382006167241,0.0286374231257549,0.8656189167394951,1.0
focused,33,0.04429530201342282,0.041033434650455926,1.0794929157345265,0.02860995377478138,0.8656827695656073,1.0
dynamic,33,0.04429530201342282,0.041033434650455926,1.0794929157345265,0.02860995377478138,0.8656827695656073,1.0
second,46,0.06174496644295302,0.06534954407294832,0.9448415795223974,0.02778414526176104,0.8676173043368817,1.0
disorders,46,0.06174496644295302,0.06534954407294832,0.9448415795223974,0.02778414526176104,0.8676173043368817,1.0
children,26,0.0348993288590604,0.037993920972644375,0.9185503355704697,0.027604289137300616,0.8680425379730698,1.0
voxel morphometry,26,0.0348993288590604,0.037993920972644375,0.9185503355704697,0.027604289137300616,0.8680425379730698,1.0
employed,26,0.0348993288590604,0.037993920972644375,0.9185503355704697,0.027604289137300616,0.8680425379730698,1.0
ventromedial,26,0.0348993288590604,0.037993920972644375,0.9185503355704697,0.027604289137300616,0.8680425379730698,1.0
mode network,36,0.04832214765100671,0.05167173252279635,0.9351756810106593,0.02713094462778053,0.8691685168714134,1.0
effective,26,0.0348993288590604,0.031914893617021274,1.0935123042505592,0.02604100689511018,0.8718002121644981,1.0
required,26,0.0348993288590604,0.031914893617021274,1.0935123042505592,0.02604100689511018,0.8718002121644981,1.0
associations,41,0.05503355704697987,0.05167173252279635,1.0650611922621398,0.025742896040005618,0.8725298123382171,1.0
furthermore,72,0.09664429530201342,0.09270516717325228,1.0424909230938497,0.025613988422831635,0.8728466440578796,1.0
clear,15,0.020134228187919462,0.022796352583586626,0.8832214765100671,0.02530685994431821,0.8736048211959461,1.0
intact,15,0.020134228187919462,0.022796352583586626,0.8832214765100671,0.02530685994431821,0.8736048211959461,1.0
rated,15,0.020134228187919462,0.022796352583586626,0.8832214765100671,0.02530685994431821,0.8736048211959461,1.0
virtual,15,0.020134228187919462,0.022796352583586626,0.8832214765100671,0.02530685994431821,0.8736048211959461,1.0
involved,156,0.20939597315436242,0.21428571428571427,0.9771812080536914,0.025047219205945735,0.8742494577273974,1.0
test,88,0.11812080536912752,0.11398176291793313,1.0363131991051453,0.024953718675610238,0.8744824392465429,1.0
inferior,161,0.21610738255033557,0.21124620060790272,1.0230119260296462,0.02445527105679411,0.8757320728829495,1.0
roles,19,0.025503355704697986,0.022796352583586626,1.1187472035794184,0.02405734894440894,0.8767390794286498,1.0
intensity,19,0.025503355704697986,0.022796352583586626,1.1187472035794184,0.02405734894440894,0.8767390794286498,1.0
approach,45,0.06040268456375839,0.06382978723404255,0.9463087248322148,0.023934371227855054,0.8770520172520496,1.0
low frequency,12,0.016107382550335572,0.013677811550151976,1.1776286353467562,0.02362944706614686,0.877831518181796,1.0
material,12,0.016107382550335572,0.013677811550151976,1.1776286353467562,0.02362944706614686,0.877831518181796,1.0
conductance,12,0.016107382550335572,0.013677811550151976,1.1776286353467562,0.02362944706614686,0.877831518181796,1.0
abilities,12,0.016107382550335572,0.013677811550151976,1.1776286353467562,0.02362944706614686,0.877831518181796,1.0
skin conductance,12,0.016107382550335572,0.013677811550151976,1.1776286353467562,0.02362944706614686,0.877831518181796,1.0
observations,12,0.016107382550335572,0.013677811550151976,1.1776286353467562,0.02362944706614686,0.877831518181796,1.0
epilepsy,12,0.016107382550335572,0.013677811550151976,1.1776286353467562,0.02362944706614686,0.877831518181796,1.0
hippocampus,182,0.2442953020134228,0.24924012158054712,0.9801604190538549,0.02321896622118984,0.8788890373497587,1.0
distributed,35,0.04697986577181208,0.05015197568389058,0.9367500508440106,0.022966371052814794,0.8795445561970288,1.0
representation,35,0.04697986577181208,0.05015197568389058,0.9367500508440106,0.022966371052814794,0.8795445561970288,1.0
applied,34,0.04563758389261745,0.0425531914893617,1.07248322147651,0.022613150631654443,0.8804674262697539,1.0
paradigm,73,0.09798657718120805,0.10182370820668693,0.9623159370930582,0.022518528565237103,0.8807158979392766,1.0
activations,73,0.09798657718120805,0.09422492401215805,1.0399220610521758,0.021824027494324716,0.8825561898058256,1.0
conjunction,14,0.01879194630872483,0.02127659574468085,0.8832214765100671,0.019831493725058595,0.8880087169765759,1.0
adaptation,14,0.01879194630872483,0.02127659574468085,0.8832214765100671,0.019831493725058595,0.8880087169765759,1.0
responded,14,0.01879194630872483,0.02127659574468085,0.8832214765100671,0.019831493725058595,0.8880087169765759,1.0
important role,14,0.01879194630872483,0.02127659574468085,0.8832214765100671,0.019831493725058595,0.8880087169765759,1.0
involves,27,0.036241610738255034,0.03343465045592705,1.0839536302623551,0.01962567796565671,0.888587556533461,1.0
representations,50,0.06711409395973154,0.06382978723404255,1.051454138702461,0.0195855083768253,0.8887008905332617,1.0
set,34,0.04563758389261745,0.0486322188449848,0.9384228187919462,0.01905568127700492,0.8902069735563017,1.0
cingulate gyrus,24,0.032214765100671144,0.034954407294832825,0.9216224102713745,0.018480396235169293,0.8918666414317239,1.0
viewing,24,0.032214765100671144,0.034954407294832825,0.9216224102713745,0.018480396235169293,0.8918666414317239,1.0
short,24,0.032214765100671144,0.034954407294832825,0.9216224102713745,0.018480396235169293,0.8918666414317239,1.0
absence,24,0.032214765100671144,0.034954407294832825,0.9216224102713745,0.018480396235169293,0.8918666414317239,1.0
shared,20,0.026845637583892617,0.0243161094224924,1.104026845637584,0.016864594551366886,0.8966742216648678,1.0
engaged,51,0.06845637583892618,0.06534954407294832,1.0475417512096146,0.015697234277297488,0.9002950738318666,1.0
deficits,52,0.0697986577181208,0.0729483282674772,0.9568232662192393,0.015590890021869695,0.9006316263955892,1.0
sleep,13,0.0174496644295302,0.019756838905775075,0.8832214765100671,0.014746690068646024,0.903345743208562,1.0
nodes,13,0.0174496644295302,0.019756838905775075,0.8832214765100671,0.014746690068646024,0.903345743208562,1.0
insight,13,0.0174496644295302,0.019756838905775075,0.8832214765100671,0.014746690068646024,0.903345743208562,1.0
accurate,13,0.0174496644295302,0.019756838905775075,0.8832214765100671,0.014746690068646024,0.903345743208562,1.0
power,13,0.0174496644295302,0.015197568389057751,1.148187919463087,0.014608322623637607,0.9037980487276458,1.0
operations,13,0.0174496644295302,0.015197568389057751,1.148187919463087,0.014608322623637607,0.9037980487276458,1.0
interference,13,0.0174496644295302,0.015197568389057751,1.148187919463087,0.014608322623637607,0.9037980487276458,1.0
psychiatric,13,0.0174496644295302,0.015197568389057751,1.148187919463087,0.014608322623637607,0.9037980487276458,1.0
neurocognitive,13,0.0174496644295302,0.015197568389057751,1.148187919463087,0.014608322623637607,0.9037980487276458,1.0
parameters,13,0.0174496644295302,0.015197568389057751,1.148187919463087,0.014608322623637607,0.9037980487276458,1.0
35,13,0.0174496644295302,0.015197568389057751,1.148187919463087,0.014608322623637607,0.9037980487276458,1.0
explain,13,0.0174496644295302,0.015197568389057751,1.148187919463087,0.014608322623637607,0.9037980487276458,1.0
selected,13,0.0174496644295302,0.015197568389057751,1.148187919463087,0.014608322623637607,0.9037980487276458,1.0
social cognition,13,0.0174496644295302,0.015197568389057751,1.148187919463087,0.014608322623637607,0.9037980487276458,1.0
pre post,6,0.008053691275167786,0.0060790273556231,1.3248322147651008,0.014592134195736376,0.9038511083963149,1.0
cortex lateral,6,0.008053691275167786,0.0060790273556231,1.3248322147651008,0.014592134195736376,0.9038511083963149,1.0
cortex vlpfc,6,0.008053691275167786,0.0060790273556231,1.3248322147651008,0.014592134195736376,0.9038511083963149,1.0
taste,6,0.008053691275167786,0.0060790273556231,1.3248322147651008,0.014592134195736376,0.9038511083963149,1.0
verbs,6,0.008053691275167786,0.0060790273556231,1.3248322147651008,0.014592134195736376,0.9038511083963149,1.0
videos,6,0.008053691275167786,0.0060790273556231,1.3248322147651008,0.014592134195736376,0.9038511083963149,1.0
post hoc,6,0.008053691275167786,0.0060790273556231,1.3248322147651008,0.014592134195736376,0.9038511083963149,1.0
behavioral measures,6,0.008053691275167786,0.0060790273556231,1.3248322147651008,0.014592134195736376,0.9038511083963149,1.0
network involved,6,0.008053691275167786,0.0060790273556231,1.3248322147651008,0.014592134195736376,0.9038511083963149,1.0
networks involved,6,0.008053691275167786,0.0060790273556231,1.3248322147651008,0.014592134195736376,0.9038511083963149,1.0
optimal,6,0.008053691275167786,0.0060790273556231,1.3248322147651008,0.014592134195736376,0.9038511083963149,1.0
biomarkers,6,0.008053691275167786,0.0060790273556231,1.3248322147651008,0.014592134195736376,0.9038511083963149,1.0
cortex vmpfc,6,0.008053691275167786,0.0060790273556231,1.3248322147651008,0.014592134195736376,0.9038511083963149,1.0
formed,6,0.008053691275167786,0.0060790273556231,1.3248322147651008,0.014592134195736376,0.9038511083963149,1.0
photographs,6,0.008053691275167786,0.0060790273556231,1.3248322147651008,0.014592134195736376,0.9038511083963149,1.0
uses,6,0.008053691275167786,0.0060790273556231,1.3248322147651008,0.014592134195736376,0.9038511083963149,1.0
discriminate,6,0.008053691275167786,0.0060790273556231,1.3248322147651008,0.014592134195736376,0.9038511083963149,1.0
resonance images,6,0.008053691275167786,0.0060790273556231,1.3248322147651008,0.014592134195736376,0.9038511083963149,1.0
naturalistic,6,0.008053691275167786,0.0060790273556231,1.3248322147651008,0.014592134195736376,0.9038511083963149,1.0
hoc,6,0.008053691275167786,0.0060790273556231,1.3248322147651008,0.014592134195736376,0.9038511083963149,1.0
spin labeling,6,0.008053691275167786,0.0060790273556231,1.3248322147651008,0.014592134195736376,0.9038511083963149,1.0
head,6,0.008053691275167786,0.0060790273556231,1.3248322147651008,0.014592134195736376,0.9038511083963149,1.0
assigned,6,0.008053691275167786,0.0060790273556231,1.3248322147651008,0.014592134195736376,0.9038511083963149,1.0
rise,6,0.008053691275167786,0.0060790273556231,1.3248322147651008,0.014592134195736376,0.9038511083963149,1.0
frontal operculum,6,0.008053691275167786,0.0060790273556231,1.3248322147651008,0.014592134195736376,0.9038511083963149,1.0
encode,6,0.008053691275167786,0.0060790273556231,1.3248322147651008,0.014592134195736376,0.9038511083963149,1.0
early stages,6,0.008053691275167786,0.0060790273556231,1.3248322147651008,0.014592134195736376,0.9038511083963149,1.0
perceiving,6,0.008053691275167786,0.0060790273556231,1.3248322147651008,0.014592134195736376,0.9038511083963149,1.0
selective attention,6,0.008053691275167786,0.0060790273556231,1.3248322147651008,0.014592134195736376,0.9038511083963149,1.0
reliance,6,0.008053691275167786,0.0060790273556231,1.3248322147651008,0.014592134195736376,0.9038511083963149,1.0
producing,6,0.008053691275167786,0.0060790273556231,1.3248322147651008,0.014592134195736376,0.9038511083963149,1.0
persistent,6,0.008053691275167786,0.0060790273556231,1.3248322147651008,0.014592134195736376,0.9038511083963149,1.0
psychotic,6,0.008053691275167786,0.0060790273556231,1.3248322147651008,0.014592134195736376,0.9038511083963149,1.0
lacking,6,0.008053691275167786,0.0060790273556231,1.3248322147651008,0.014592134195736376,0.9038511083963149,1.0
localization,6,0.008053691275167786,0.0060790273556231,1.3248322147651008,0.014592134195736376,0.9038511083963149,1.0
interactive,6,0.008053691275167786,0.0060790273556231,1.3248322147651008,0.014592134195736376,0.9038511083963149,1.0
male,23,0.03087248322147651,0.03343465045592705,0.9233679072605248,0.01440012698681075,0.9044827288184122,1.0
expression,23,0.03087248322147651,0.03343465045592705,0.9233679072605248,0.01440012698681075,0.9044827288184122,1.0
comparing,23,0.03087248322147651,0.03343465045592705,0.9233679072605248,0.01440012698681075,0.9044827288184122,1.0
value,28,0.03758389261744966,0.034954407294832825,1.0752261453166034,0.014326641015407222,0.9047255952596339,1.0
addition,70,0.09395973154362416,0.0972644376899696,0.9660234899328859,0.014199315383633487,0.9051478987996158,1.0
superior temporal,68,0.0912751677852349,0.08814589665653495,1.0355010414255958,0.01232771389616971,0.9115923679929331,1.0
temporal gyrus,60,0.08053691275167785,0.07750759878419453,1.0390840900118437,0.012250900534595412,0.9118671036837984,1.0
development,32,0.042953020134228186,0.04559270516717325,0.9421029082774048,0.012084585164310912,0.9124649613548222,1.0
identified,69,0.09261744966442953,0.09574468085106383,0.967337807606264,0.011794527030103792,0.9135176900414321,1.0
function,109,0.14630872483221477,0.14285714285714285,1.0241610738255034,0.011526758134034134,0.9145012120635602,1.0
emotion,87,0.11677852348993288,0.12006079027355623,0.9726616260300739,0.011478654508252263,0.9146791179510024,1.0
22,21,0.028187919463087248,0.025835866261398176,1.0910382945124357,0.011247985970153815,0.915537506524039,1.0
emotionally,21,0.028187919463087248,0.025835866261398176,1.0910382945124357,0.011247985970153815,0.915537506524039,1.0
white matter,21,0.028187919463087248,0.025835866261398176,1.0910382945124357,0.011247985970153815,0.915537506524039,1.0
respectively,41,0.05503355704697987,0.057750759878419454,0.9529494878134935,0.010877538023596978,0.9169348995047026,1.0
dorsal anterior,22,0.02953020134228188,0.031914893617021274,0.9252796420581656,0.010696245717900772,0.9176275318887208,1.0
strategy,12,0.016107382550335572,0.0182370820668693,0.8832214765100672,0.010144278141623287,0.9197736812358388,1.0
handed,12,0.016107382550335572,0.0182370820668693,0.8832214765100672,0.010144278141623287,0.9197736812358388,1.0
available,12,0.016107382550335572,0.0182370820668693,0.8832214765100672,0.010144278141623287,0.9197736812358388,1.0
continuous,12,0.016107382550335572,0.0182370820668693,0.8832214765100672,0.010144278141623287,0.9197736812358388,1.0
observation,12,0.016107382550335572,0.0182370820668693,0.8832214765100672,0.010144278141623287,0.9197736812358388,1.0
age gender,12,0.016107382550335572,0.0182370820668693,0.8832214765100672,0.010144278141623287,0.9197736812358388,1.0
parietal cortices,12,0.016107382550335572,0.0182370820668693,0.8832214765100672,0.010144278141623287,0.9197736812358388,1.0
complex,59,0.07919463087248323,0.08206686930091185,0.9650012428535919,0.00980012653728295,0.9211417727875016,1.0
healthy controls,68,0.0912751677852349,0.09422492401215805,0.9686945226239445,0.009585905711392487,0.9220056343451373,1.0
frontal gyrus,86,0.11543624161073826,0.11854103343465046,0.9738082946136638,0.009482383616357046,0.9224265872848423,1.0
affect,40,0.053691275167785234,0.05623100303951368,0.9548340286595319,0.008280190951468125,0.9274961233426267,1.0
discrimination,14,0.01879194630872483,0.016717325227963525,1.1241000610128127,0.008269609564859011,0.9275423374335972,1.0
cortex hippocampus,14,0.01879194630872483,0.016717325227963525,1.1241000610128127,0.008269609564859011,0.9275423374335972,1.0
clusters,14,0.01879194630872483,0.016717325227963525,1.1241000610128127,0.008269609564859011,0.9275423374335972,1.0
evaluated,21,0.028187919463087248,0.030395136778115502,0.9273825503355705,0.00742034098198952,0.9313540126077268,1.0
temporal sulcus,21,0.028187919463087248,0.030395136778115502,0.9273825503355705,0.00742034098198952,0.9313540126077268,1.0
acquisition,22,0.02953020134228188,0.02735562310030395,1.0794929157345265,0.006974526404924857,0.9334431400357946,1.0
source,22,0.02953020134228188,0.02735562310030395,1.0794929157345265,0.006974526404924857,0.9334431400357946,1.0
limbic,46,0.06174496644295302,0.05927051671732523,1.0417484081913613,0.006683938493294089,0.9348412566667252,1.0
better,46,0.06174496644295302,0.05927051671732523,1.0417484081913613,0.006683938493294089,0.9348412566667252,1.0
gender,30,0.040268456375838924,0.037993920972644375,1.0598657718120805,0.0066004561587257905,0.9352485512020927,1.0
possible,30,0.040268456375838924,0.037993920972644375,1.0598657718120805,0.0066004561587257905,0.9352485512020927,1.0
cue,30,0.040268456375838924,0.037993920972644375,1.0598657718120805,0.0066004561587257905,0.9352485512020927,1.0
communication,11,0.01476510067114094,0.016717325227963525,0.8832214765100672,0.006149516260525107,0.9374948784289874,1.0
26,11,0.01476510067114094,0.016717325227963525,0.8832214765100672,0.006149516260525107,0.9374948784289874,1.0
dysfunctional,11,0.01476510067114094,0.016717325227963525,0.8832214765100672,0.006149516260525107,0.9374948784289874,1.0
50,11,0.01476510067114094,0.016717325227963525,0.8832214765100672,0.006149516260525107,0.9374948784289874,1.0
exposed,11,0.01476510067114094,0.016717325227963525,0.8832214765100672,0.006149516260525107,0.9374948784289874,1.0
childhood,11,0.01476510067114094,0.016717325227963525,0.8832214765100672,0.006149516260525107,0.9374948784289874,1.0
stream,11,0.01476510067114094,0.016717325227963525,0.8832214765100672,0.006149516260525107,0.9374948784289874,1.0
correlated positively,11,0.01476510067114094,0.016717325227963525,0.8832214765100672,0.006149516260525107,0.9374948784289874,1.0
improvement,11,0.01476510067114094,0.016717325227963525,0.8832214765100672,0.006149516260525107,0.9374948784289874,1.0
scanned,39,0.052348993288590606,0.0547112462006079,0.9568232662192394,0.005988219759558761,0.9383183961598573,1.0
confidence,7,0.009395973154362415,0.007598784194528876,1.2365100671140938,0.0055245388813128455,0.9407500011156267,1.0
updating,7,0.009395973154362415,0.007598784194528876,1.2365100671140938,0.0055245388813128455,0.9407500011156267,1.0
constraints,7,0.009395973154362415,0.007598784194528876,1.2365100671140938,0.0055245388813128455,0.9407500011156267,1.0
previous shown,7,0.009395973154362415,0.007598784194528876,1.2365100671140938,0.0055245388813128455,0.9407500011156267,1.0
dti,7,0.009395973154362415,0.007598784194528876,1.2365100671140938,0.0055245388813128455,0.9407500011156267,1.0
prospective,7,0.009395973154362415,0.007598784194528876,1.2365100671140938,0.0055245388813128455,0.9407500011156267,1.0
tesla,7,0.009395973154362415,0.007598784194528876,1.2365100671140938,0.0055245388813128455,0.9407500011156267,1.0
superior middle,7,0.009395973154362415,0.007598784194528876,1.2365100671140938,0.0055245388813128455,0.9407500011156267,1.0
press,7,0.009395973154362415,0.007598784194528876,1.2365100671140938,0.0055245388813128455,0.9407500011156267,1.0
posterior temporal,7,0.009395973154362415,0.007598784194528876,1.2365100671140938,0.0055245388813128455,0.9407500011156267,1.0
neuroanatomy,7,0.009395973154362415,0.007598784194528876,1.2365100671140938,0.0055245388813128455,0.9407500011156267,1.0
ipsilateral,7,0.009395973154362415,0.007598784194528876,1.2365100671140938,0.0055245388813128455,0.9407500011156267,1.0
frontoparietal network,7,0.009395973154362415,0.007598784194528876,1.2365100671140938,0.0055245388813128455,0.9407500011156267,1.0
aspect,7,0.009395973154362415,0.007598784194528876,1.2365100671140938,0.0055245388813128455,0.9407500011156267,1.0
functional abnormalities,7,0.009395973154362415,0.007598784194528876,1.2365100671140938,0.0055245388813128455,0.9407500011156267,1.0
abnormality,7,0.009395973154362415,0.007598784194528876,1.2365100671140938,0.0055245388813128455,0.9407500011156267,1.0
hypoactivation,7,0.009395973154362415,0.007598784194528876,1.2365100671140938,0.0055245388813128455,0.9407500011156267,1.0
characterizing,7,0.009395973154362415,0.007598784194528876,1.2365100671140938,0.0055245388813128455,0.9407500011156267,1.0
mixed,7,0.009395973154362415,0.007598784194528876,1.2365100671140938,0.0055245388813128455,0.9407500011156267,1.0
paralimbic,7,0.009395973154362415,0.007598784194528876,1.2365100671140938,0.0055245388813128455,0.9407500011156267,1.0
improvements,7,0.009395973154362415,0.007598784194528876,1.2365100671140938,0.0055245388813128455,0.9407500011156267,1.0
temporal occipital,7,0.009395973154362415,0.007598784194528876,1.2365100671140938,0.0055245388813128455,0.9407500011156267,1.0
audiovisual,7,0.009395973154362415,0.007598784194528876,1.2365100671140938,0.0055245388813128455,0.9407500011156267,1.0
nineteen,7,0.009395973154362415,0.007598784194528876,1.2365100671140938,0.0055245388813128455,0.9407500011156267,1.0
digit,7,0.009395973154362415,0.007598784194528876,1.2365100671140938,0.0055245388813128455,0.9407500011156267,1.0
unmedicated,7,0.009395973154362415,0.007598784194528876,1.2365100671140938,0.0055245388813128455,0.9407500011156267,1.0
amplitude low,7,0.009395973154362415,0.007598784194528876,1.2365100671140938,0.0055245388813128455,0.9407500011156267,1.0
subtle,7,0.009395973154362415,0.007598784194528876,1.2365100671140938,0.0055245388813128455,0.9407500011156267,1.0
fa,7,0.009395973154362415,0.007598784194528876,1.2365100671140938,0.0055245388813128455,0.9407500011156267,1.0
behavior,55,0.0738255033557047,0.07142857142857142,1.0335570469798658,0.004835462315452925,0.9445617933023623,1.0
term memory,20,0.026845637583892617,0.028875379939209727,0.929706817379018,0.004634605135053103,0.9457235954962006,1.0
visual cortex,20,0.026845637583892617,0.028875379939209727,0.929706817379018,0.004634605135053103,0.9457235954962006,1.0
impaired,39,0.052348993288590606,0.05015197568389058,1.0438071995118976,0.004210996063546962,0.9482598405577206,1.0
phase,29,0.038926174496644296,0.041033434650455926,0.9486452895848869,0.0041695285067235585,0.948514869423392,1.0
neuronal,29,0.038926174496644296,0.041033434650455926,0.9486452895848869,0.0041695285067235585,0.948514869423392,1.0
features,38,0.05100671140939597,0.05319148936170213,0.9589261744966443,0.004024666409433683,0.9494159300824819,1.0
needed,15,0.020134228187919462,0.0182370820668693,1.104026845637584,0.0040222190207563,0.9494312918230607,1.0
ii,15,0.020134228187919462,0.0182370820668693,1.104026845637584,0.0040222190207563,0.9494312918230607,1.0
world,15,0.020134228187919462,0.0182370820668693,1.104026845637584,0.0040222190207563,0.9494312918230607,1.0
expressions,31,0.04161073825503356,0.03951367781155015,1.053071760454311,0.003976692043176824,0.9497179152879672,1.0
neutral,72,0.09664429530201342,0.09422492401215805,1.0256765533665295,0.003950905544361937,0.9498809899520451,1.0
neuroscience,10,0.013422818791946308,0.015197568389057751,0.8832214765100671,0.002937806174764434,0.956774599359658,1.0
connected,10,0.013422818791946308,0.015197568389057751,0.8832214765100671,0.002937806174764434,0.956774599359658,1.0
traditional,10,0.013422818791946308,0.015197568389057751,0.8832214765100671,0.002937806174764434,0.956774599359658,1.0
47,10,0.013422818791946308,0.015197568389057751,0.8832214765100671,0.002937806174764434,0.956774599359658,1.0
posterior superior,10,0.013422818791946308,0.015197568389057751,0.8832214765100671,0.002937806174764434,0.956774599359658,1.0
cortex precuneus,10,0.013422818791946308,0.015197568389057751,0.8832214765100671,0.002937806174764434,0.956774599359658,1.0
incidental,10,0.013422818791946308,0.015197568389057751,0.8832214765100671,0.002937806174764434,0.956774599359658,1.0
measures,46,0.06174496644295302,0.06382978723404255,0.9673378076062641,0.0025405230956874834,0.9598007660471508,1.0
scans,19,0.025503355704697986,0.02735562310030395,0.9322893363161819,0.002414700061867684,0.960808047109357,1.0
insular,19,0.025503355704697986,0.02735562310030395,0.9322893363161819,0.002414700061867684,0.960808047109357,1.0
young adults,19,0.025503355704697986,0.02735562310030395,0.9322893363161819,0.002414700061867684,0.960808047109357,1.0
aging,19,0.025503355704697986,0.02735562310030395,0.9322893363161819,0.002414700061867684,0.960808047109357,1.0
differed,28,0.03758389261744966,0.03951367781155015,0.9511615900877646,0.002348699861045506,0.9613469432306024,1.0
shown,65,0.087248322147651,0.0851063829787234,1.0251677852348993,0.002240823622055009,0.9622443695569441,1.0
context,72,0.09664429530201342,0.09878419452887538,0.9783376355188436,0.0019926492023420914,0.9643949768298249,1.0
methods,82,0.11006711409395974,0.10790273556231003,1.0200586066735986,0.0019340684937881394,0.9649219040149581,1.0
individuals,98,0.13154362416107382,0.1337386018237082,0.9835875533862112,0.001773273101153326,0.9664108096120634,1.0
white,24,0.032214765100671144,0.030395136778115502,1.0598657718120805,0.00173697405494587,0.9667561728609405,1.0
correct,24,0.032214765100671144,0.030395136778115502,1.0598657718120805,0.00173697405494587,0.9667561728609405,1.0
comparisons,24,0.032214765100671144,0.030395136778115502,1.0598657718120805,0.00173697405494587,0.9667561728609405,1.0
images,49,0.06577181208053691,0.06382978723404255,1.0304250559284116,0.0015042351671006858,0.9690622261090762,1.0
regional,49,0.06577181208053691,0.06382978723404255,1.0304250559284116,0.0015042351671006858,0.9690622261090762,1.0
relate,16,0.021476510067114093,0.019756838905775075,1.0870418172431595,0.0014381482388065043,0.969749134705588,1.0
aversive,16,0.021476510067114093,0.019756838905775075,1.0870418172431595,0.0014381482388065043,0.969749134705588,1.0
cortex anterior,16,0.021476510067114093,0.019756838905775075,1.0870418172431595,0.0014381482388065043,0.969749134705588,1.0
enhance,16,0.021476510067114093,0.019756838905775075,1.0870418172431595,0.0014381482388065043,0.969749134705588,1.0
implicit,16,0.021476510067114093,0.019756838905775075,1.0870418172431595,0.0014381482388065043,0.969749134705588,1.0
key,45,0.06040268456375839,0.06231003039513678,0.9693894254378785,0.001377732959844843,0.9703910592354875,1.0
marker,8,0.010738255033557046,0.00911854103343465,1.1776286353467562,0.0012592985077520796,0.9716917343510667,1.0
match,8,0.010738255033557046,0.00911854103343465,1.1776286353467562,0.0012592985077520796,0.9716917343510667,1.0
differs,8,0.010738255033557046,0.00911854103343465,1.1776286353467562,0.0012592985077520796,0.9716917343510667,1.0
operculum,8,0.010738255033557046,0.00911854103343465,1.1776286353467562,0.0012592985077520796,0.9716917343510667,1.0
vlpfc,8,0.010738255033557046,0.00911854103343465,1.1776286353467562,0.0012592985077520796,0.9716917343510667,1.0
potentials,8,0.010738255033557046,0.00911854103343465,1.1776286353467562,0.0012592985077520796,0.9716917343510667,1.0
hyperactivation,8,0.010738255033557046,0.00911854103343465,1.1776286353467562,0.0012592985077520796,0.9716917343510667,1.0
lateral orbitofrontal,8,0.010738255033557046,0.00911854103343465,1.1776286353467562,0.0012592985077520796,0.9716917343510667,1.0
syndrome,8,0.010738255033557046,0.00911854103343465,1.1776286353467562,0.0012592985077520796,0.9716917343510667,1.0
threatening,8,0.010738255033557046,0.00911854103343465,1.1776286353467562,0.0012592985077520796,0.9716917343510667,1.0
estimate,8,0.010738255033557046,0.00911854103343465,1.1776286353467562,0.0012592985077520796,0.9716917343510667,1.0
indices,8,0.010738255033557046,0.00911854103343465,1.1776286353467562,0.0012592985077520796,0.9716917343510667,1.0
degrees,8,0.010738255033557046,0.00911854103343465,1.1776286353467562,0.0012592985077520796,0.9716917343510667,1.0
collectively,8,0.010738255033557046,0.00911854103343465,1.1776286353467562,0.0012592985077520796,0.9716917343510667,1.0
eighteen,8,0.010738255033557046,0.00911854103343465,1.1776286353467562,0.0012592985077520796,0.9716917343510667,1.0
preparation,8,0.010738255033557046,0.00911854103343465,1.1776286353467562,0.0012592985077520796,0.9716917343510667,1.0
profiles,8,0.010738255033557046,0.00911854103343465,1.1776286353467562,0.0012592985077520796,0.9716917343510667,1.0
classified,8,0.010738255033557046,0.00911854103343465,1.1776286353467562,0.0012592985077520796,0.9716917343510667,1.0
decision,36,0.04832214765100671,0.05015197568389058,0.9635143380109823,0.0011884040079468323,0.9724997841486365,1.0
movements,18,0.024161073825503355,0.025835866261398176,0.9351756810106593,0.0008536054386832117,0.9766919003740843,1.0
caudate nucleus,18,0.024161073825503355,0.025835866261398176,0.9351756810106593,0.0008536054386832117,0.9766919003740843,1.0
error,18,0.024161073825503355,0.025835866261398176,0.9351756810106593,0.0008536054386832117,0.9766919003740843,1.0
coupled,9,0.012080536912751677,0.013677811550151976,0.8832214765100671,0.0007625502075933731,0.9779697669771151,1.0
display,9,0.012080536912751677,0.013677811550151976,0.8832214765100671,0.0007625502075933731,0.9779697669771151,1.0
consequences,9,0.012080536912751677,0.013677811550151976,0.8832214765100671,0.0007625502075933731,0.9779697669771151,1.0
posterior insula,9,0.012080536912751677,0.013677811550151976,0.8832214765100671,0.0007625502075933731,0.9779697669771151,1.0
subregions,9,0.012080536912751677,0.013677811550151976,0.8832214765100671,0.0007625502075933731,0.9779697669771151,1.0
choices,9,0.012080536912751677,0.013677811550151976,0.8832214765100671,0.0007625502075933731,0.9779697669771151,1.0
polymorphism,9,0.012080536912751677,0.013677811550151976,0.8832214765100671,0.0007625502075933731,0.9779697669771151,1.0
carriers,9,0.012080536912751677,0.013677811550151976,0.8832214765100671,0.0007625502075933731,0.9779697669771151,1.0
using voxel,9,0.012080536912751677,0.013677811550151976,0.8832214765100671,0.0007625502075933731,0.9779697669771151,1.0
predicts,9,0.012080536912751677,0.013677811550151976,0.8832214765100671,0.0007625502075933731,0.9779697669771151,1.0
introduction,9,0.012080536912751677,0.013677811550151976,0.8832214765100671,0.0007625502075933731,0.9779697669771151,1.0
fundamental,9,0.012080536912751677,0.013677811550151976,0.8832214765100671,0.0007625502075933731,0.9779697669771151,1.0
achieved,9,0.012080536912751677,0.013677811550151976,0.8832214765100671,0.0007625502075933731,0.9779697669771151,1.0
insular cortex,9,0.012080536912751677,0.013677811550151976,0.8832214765100671,0.0007625502075933731,0.9779697669771151,1.0
precuneus,53,0.07114093959731543,0.0729483282674772,0.9752237136465325,0.0007408595570700295,0.9782852725491016,1.0
resting,79,0.10604026845637583,0.10790273556231003,0.9827393893562718,0.0006811674990569003,0.9791782264856461,1.0
component,44,0.05906040268456376,0.060790273556231005,0.9715436241610738,0.0005544044051911035,0.9812149104353861,1.0
object,44,0.05906040268456376,0.060790273556231005,0.9715436241610738,0.0005544044051911035,0.9812149104353861,1.0
functional magnetic,314,0.4214765100671141,0.4194528875379939,1.0048244334208736,0.0005035298495427352,0.98209739512898,1.0
insula,113,0.15167785234899328,0.1534954407294833,0.988158681639976,0.00040392274147228475,0.9839653317861635,1.0
asked,26,0.0348993288590604,0.0364741641337386,0.9568232662192393,0.00021027417499833818,0.98843041422005,1.0
ofc,17,0.022818791946308724,0.02127659574468085,1.07248322147651,0.00019987234323421584,0.9887201857898084,1.0
schizophrenia,34,0.04563758389261745,0.044072948328267476,1.0355010414255958,0.00014544967555473623,0.9903775444851391,1.0
period,34,0.04563758389261745,0.044072948328267476,1.0355010414255958,0.00014544967555473623,0.9903775444851391,1.0
functions,43,0.05771812080536913,0.05927051671732523,0.9738082946136638,9.353900935871788e-05,0.9922833345171264,1.0
long,43,0.05771812080536913,0.05927051671732523,0.9738082946136638,9.353900935871788e-05,0.9922833345171264,1.0
17,17,0.022818791946308724,0.0243161094224924,0.9384228187919462,6.686636575963693e-05,0.9934756224998429,1.0
maps,17,0.022818791946308724,0.0243161094224924,0.9384228187919462,6.686636575963693e-05,0.9934756224998429,1.0
female,17,0.022818791946308724,0.0243161094224924,0.9384228187919462,6.686636575963693e-05,0.9934756224998429,1.0
wm,17,0.022818791946308724,0.0243161094224924,0.9384228187919462,6.686636575963693e-05,0.9934756224998429,1.0
identical,17,0.022818791946308724,0.0243161094224924,0.9384228187919462,6.686636575963693e-05,0.9934756224998429,1.0
repetition,17,0.022818791946308724,0.0243161094224924,0.9384228187919462,6.686636575963693e-05,0.9934756224998429,1.0
requires,17,0.022818791946308724,0.0243161094224924,0.9384228187919462,6.686636575963693e-05,0.9934756224998429,1.0
gyri,43,0.05771812080536913,0.05623100303951368,1.0264465808089969,2.0449893996257987e-05,0.9963918539224617,1.0
20,34,0.04563758389261745,0.04711246200607903,0.9686945226239445,1.5211882228837624e-05,0.9968880655699252,1.0
range,26,0.0348993288590604,0.03343465045592705,1.0438071995118974,1.1980166682082677e-05,0.9972383373614186,1.0
followed,26,0.0348993288590604,0.03343465045592705,1.0438071995118974,1.1980166682082677e-05,0.9972383373614186,1.0
dissociation,26,0.0348993288590604,0.03343465045592705,1.0438071995118974,1.1980166682082677e-05,0.9972383373614186,1.0
vary,9,0.012080536912751677,0.010638297872340425,1.1355704697986577,3.901255913054557e-06,0.9984240515802927,1.0
parietal junction,9,0.012080536912751677,0.010638297872340425,1.1355704697986577,3.901255913054557e-06,0.9984240515802927,1.0
mnemonic,9,0.012080536912751677,0.010638297872340425,1.1355704697986577,3.901255913054557e-06,0.9984240515802927,1.0
dependence,9,0.012080536912751677,0.010638297872340425,1.1355704697986577,3.901255913054557e-06,0.9984240515802927,1.0
efficiency,9,0.012080536912751677,0.010638297872340425,1.1355704697986577,3.901255913054557e-06,0.9984240515802927,1.0
control task,9,0.012080536912751677,0.010638297872340425,1.1355704697986577,3.901255913054557e-06,0.9984240515802927,1.0
nouns,9,0.012080536912751677,0.010638297872340425,1.1355704697986577,3.901255913054557e-06,0.9984240515802927,1.0
memory tasks,9,0.012080536912751677,0.010638297872340425,1.1355704697986577,3.901255913054557e-06,0.9984240515802927,1.0
goals,9,0.012080536912751677,0.010638297872340425,1.1355704697986577,3.901255913054557e-06,0.9984240515802927,1.0
necessary,9,0.012080536912751677,0.010638297872340425,1.1355704697986577,3.901255913054557e-06,0.9984240515802927,1.0
anger,9,0.012080536912751677,0.010638297872340425,1.1355704697986577,3.901255913054557e-06,0.9984240515802927,1.0
constitute,5,0.006711409395973154,0.007598784194528876,0.8832214765100671,0.0,1.0,1.0
affective,54,0.07248322147651007,0.07142857142857142,1.0147651006711411,0.0,1.0,1.0
options,6,0.008053691275167786,0.00911854103343465,0.8832214765100672,0.0,1.0,1.0
phenomena,6,0.008053691275167786,0.007598784194528876,1.0598657718120805,0.0,1.0,1.0
phases,12,0.016107382550335572,0.016717325227963525,0.9635143380109825,0.0,1.0,1.0
19,21,0.028187919463087248,0.028875379939209727,0.9761921582479689,0.0,1.0,1.0
ventral tegmental,6,0.008053691275167786,0.00911854103343465,0.8832214765100672,0.0,1.0,1.0
pathways,15,0.020134228187919462,0.02127659574468085,0.9463087248322147,0.0,1.0,1.0
temporally,8,0.010738255033557046,0.010638297872340425,1.0093959731543625,0.0,1.0,1.0
personality traits,10,0.013422818791946308,0.0121580547112462,1.104026845637584,0.0,1.0,1.0
points,8,0.010738255033557046,0.010638297872340425,1.0093959731543625,0.0,1.0,1.0
outcome,19,0.025503355704697986,0.0243161094224924,1.0488255033557046,0.0,1.0,1.0
plays important,5,0.006711409395973154,0.007598784194528876,0.8832214765100671,0.0,1.0,1.0
tend,6,0.008053691275167786,0.007598784194528876,1.0598657718120805,0.0,1.0,1.0
visually,10,0.013422818791946308,0.0121580547112462,1.104026845637584,0.0,1.0,1.0
component ica,8,0.010738255033557046,0.010638297872340425,1.0093959731543625,0.0,1.0,1.0
values,21,0.028187919463087248,0.02735562310030395,1.0304250559284116,0.0,1.0,1.0
adulthood,10,0.013422818791946308,0.013677811550151976,0.9813571961222968,0.0,1.0,1.0
complexity,7,0.009395973154362415,0.010638297872340425,0.8832214765100671,0.0,1.0,1.0
utilized,8,0.010738255033557046,0.010638297872340425,1.0093959731543625,0.0,1.0,1.0
anterior medial,7,0.009395973154362415,0.00911854103343465,1.0304250559284116,0.0,1.0,1.0
conflict,16,0.021476510067114093,0.02127659574468085,1.0093959731543625,0.0,1.0,1.0
animals,15,0.020134228187919462,0.019756838905775075,1.019101703665462,0.0,1.0,1.0
tegmental,6,0.008053691275167786,0.00911854103343465,0.8832214765100672,0.0,1.0,1.0
aims,9,0.012080536912751677,0.0121580547112462,0.9936241610738255,0.0,1.0,1.0
allow,6,0.008053691275167786,0.00911854103343465,0.8832214765100672,0.0,1.0,1.0
consequence,6,0.008053691275167786,0.00911854103343465,0.8832214765100672,0.0,1.0,1.0
consciousness,8,0.010738255033557046,0.0121580547112462,0.8832214765100671,0.0,1.0,1.0
ventral dorsal,7,0.009395973154362415,0.00911854103343465,1.0304250559284116,0.0,1.0,1.0
allowing,8,0.010738255033557046,0.010638297872340425,1.0093959731543625,0.0,1.0,1.0
allows,10,0.013422818791946308,0.0121580547112462,1.104026845637584,0.0,1.0,1.0
target detection,5,0.006711409395973154,0.007598784194528876,0.8832214765100671,0.0,1.0,1.0
young,46,0.06174496644295302,0.060790273556231005,1.0157046979865771,0.0,1.0,1.0
connectivity patterns,8,0.010738255033557046,0.010638297872340425,1.0093959731543625,0.0,1.0,1.0
parametric mapping,6,0.008053691275167786,0.00911854103343465,0.8832214765100672,0.0,1.0,1.0
connectivity anterior,8,0.010738255033557046,0.0121580547112462,0.8832214765100671,0.0,1.0,1.0
oriented,7,0.009395973154362415,0.010638297872340425,0.8832214765100671,0.0,1.0,1.0
connectivity analyses,13,0.0174496644295302,0.0182370820668693,0.9568232662192393,0.0,1.0,1.0
variation,15,0.020134228187919462,0.019756838905775075,1.019101703665462,0.0,1.0,1.0
consider,5,0.006711409395973154,0.007598784194528876,0.8832214765100671,0.0,1.0,1.0
connectivity amygdala,11,0.01476510067114094,0.015197568389057751,0.9715436241610738,0.0,1.0,1.0
18,35,0.04697986577181208,0.04559270516717325,1.0304250559284116,0.0,1.0,1.0
utility,6,0.008053691275167786,0.00911854103343465,0.8832214765100672,0.0,1.0,1.0
connections,21,0.028187919463087248,0.02735562310030395,1.0304250559284116,0.0,1.0,1.0
amnestic,7,0.009395973154362415,0.010638297872340425,0.8832214765100671,0.0,1.0,1.0
containing,6,0.008053691275167786,0.00911854103343465,0.8832214765100672,0.0,1.0,1.0
16 healthy,11,0.01476510067114094,0.015197568389057751,0.9715436241610738,0.0,1.0,1.0
parts,15,0.020134228187919462,0.019756838905775075,1.019101703665462,0.0,1.0,1.0
act,6,0.008053691275167786,0.007598784194528876,1.0598657718120805,0.0,1.0,1.0
analyzed,30,0.040268456375838924,0.041033434650455926,0.9813571961222968,0.0,1.0,1.0
varied,23,0.03087248322147651,0.030395136778115502,1.0157046979865771,0.0,1.0,1.0
pfc,33,0.04429530201342282,0.044072948328267476,1.0050451284424902,0.0,1.0,1.0
temporal gyri,13,0.0174496644295302,0.016717325227963525,1.0438071995118974,0.0,1.0,1.0
parahippocampal cortex,12,0.016107382550335572,0.016717325227963525,0.9635143380109825,0.0,1.0,1.0
apparent,6,0.008053691275167786,0.00911854103343465,0.8832214765100672,0.0,1.0,1.0
appeared,7,0.009395973154362415,0.00911854103343465,1.0304250559284116,0.0,1.0,1.0
benefits,7,0.009395973154362415,0.010638297872340425,0.8832214765100671,0.0,1.0,1.0
benefit,11,0.01476510067114094,0.013677811550151976,1.0794929157345265,0.0,1.0,1.0
watched,7,0.009395973154362415,0.010638297872340425,0.8832214765100671,0.0,1.0,1.0
behavioural,24,0.032214765100671144,0.03343465045592705,0.9635143380109825,0.0,1.0,1.0
behavioral responses,7,0.009395973154362415,0.010638297872340425,0.8832214765100671,0.0,1.0,1.0
choice,16,0.021476510067114093,0.022796352583586626,0.9421029082774048,0.0,1.0,1.0
vulnerability,10,0.013422818791946308,0.013677811550151976,0.9813571961222968,0.0,1.0,1.0
beginning,6,0.008053691275167786,0.007598784194528876,1.0598657718120805,0.0,1.0,1.0
underlie,27,0.036241610738255034,0.034954407294832825,1.0368252115552963,0.0,1.0,1.0
tone,5,0.006711409395973154,0.007598784194528876,0.8832214765100671,0.0,1.0,1.0
paired,16,0.021476510067114093,0.02127659574468085,1.0093959731543625,0.0,1.0,1.0
tissue,6,0.008053691275167786,0.00911854103343465,0.8832214765100672,0.0,1.0,1.0
46,8,0.010738255033557046,0.010638297872340425,1.0093959731543625,0.0,1.0,1.0
voxels,8,0.010738255033557046,0.010638297872340425,1.0093959731543625,0.0,1.0,1.0
band,5,0.006711409395973154,0.007598784194528876,0.8832214765100671,0.0,1.0,1.0
binding,17,0.022818791946308724,0.022796352583586626,1.0009843400447427,0.0,1.0,1.0
abnormalities,35,0.04697986577181208,0.04559270516717325,1.0304250559284116,0.0,1.0,1.0
tracking,5,0.006711409395973154,0.007598784194528876,0.8832214765100671,0.0,1.0,1.0
traits,19,0.025503355704697986,0.025835866261398176,0.9871298855112515,0.0,1.0,1.0
brief,6,0.008053691275167786,0.007598784194528876,1.0598657718120805,0.0,1.0,1.0
button,6,0.008053691275167786,0.007598784194528876,1.0598657718120805,0.0,1.0,1.0
carried,6,0.008053691275167786,0.007598784194528876,1.0598657718120805,0.0,1.0,1.0
trauma,7,0.009395973154362415,0.010638297872340425,0.8832214765100671,0.0,1.0,1.0
bold responses,15,0.020134228187919462,0.019756838905775075,1.019101703665462,0.0,1.0,1.0
categorical,5,0.006711409395973154,0.007598784194528876,0.8832214765100671,0.0,1.0,1.0
categorization,5,0.006711409395973154,0.007598784194528876,0.8832214765100671,0.0,1.0,1.0
weeks,8,0.010738255033557046,0.010638297872340425,1.0093959731543625,0.0,1.0,1.0
causal modeling,5,0.006711409395973154,0.007598784194528876,0.8832214765100671,0.0,1.0,1.0
blood oxygenation,18,0.024161073825503355,0.022796352583586626,1.0598657718120805,0.0,1.0,1.0
parameter,5,0.006711409395973154,0.007598784194528876,0.8832214765100671,0.0,1.0,1.0
weighted,8,0.010738255033557046,0.0121580547112462,0.8832214765100671,0.0,1.0,1.0
challenging,6,0.008053691275167786,0.00911854103343465,0.8832214765100672,0.0,1.0,1.0
weight,6,0.008053691275167786,0.00911854103343465,0.8832214765100672,0.0,1.0,1.0
time course,7,0.009395973154362415,0.00911854103343465,1.0304250559284116,0.0,1.0,1.0
42,5,0.006711409395973154,0.007598784194528876,0.8832214765100671,0.0,1.0,1.0
phonological,13,0.0174496644295302,0.016717325227963525,1.0438071995118974,0.0,1.0,1.0
complementary,7,0.009395973154362415,0.010638297872340425,0.8832214765100671,0.0,1.0,1.0
volumes,15,0.020134228187919462,0.019756838905775075,1.019101703665462,0.0,1.0,1.0
play role,12,0.016107382550335572,0.015197568389057751,1.0598657718120805,0.0,1.0,1.0
23,14,0.01879194630872483,0.019756838905775075,0.9511615900877646,0.0,1.0,1.0
compensation,7,0.009395973154362415,0.00911854103343465,1.0304250559284116,0.0,1.0,1.0
competing,8,0.010738255033557046,0.0121580547112462,0.8832214765100671,0.0,1.0,1.0
competition,7,0.009395973154362415,0.00911854103343465,1.0304250559284116,0.0,1.0,1.0
unpleasant,7,0.009395973154362415,0.010638297872340425,0.8832214765100671,0.0,1.0,1.0
play important,6,0.008053691275167786,0.007598784194528876,1.0598657718120805,0.0,1.0,1.0
pathway,11,0.01476510067114094,0.015197568389057751,0.9715436241610738,0.0,1.0,1.0
brains,6,0.008053691275167786,0.007598784194528876,1.0598657718120805,0.0,1.0,1.0
approaches,11,0.01476510067114094,0.013677811550151976,1.0794929157345265,0.0,1.0,1.0
peripheral,8,0.010738255033557046,0.0121580547112462,0.8832214765100671,0.0,1.0,1.0
applying,6,0.008053691275167786,0.00911854103343465,0.8832214765100672,0.0,1.0,1.0
plays,21,0.028187919463087248,0.028875379939209727,0.9761921582479689,0.0,1.0,1.0
assessments,6,0.008053691275167786,0.007598784194528876,1.0598657718120805,0.0,1.0,1.0
volumetric,9,0.012080536912751677,0.0121580547112462,0.9936241610738255,0.0,1.0,1.0
38,6,0.008053691275167786,0.00911854103343465,0.8832214765100672,0.0,1.0,1.0
olfactory,7,0.009395973154362415,0.010638297872340425,0.8832214765100671,0.0,1.0,1.0
avoid,5,0.006711409395973154,0.007598784194528876,0.8832214765100671,0.0,1.0,1.0
coding,10,0.013422818791946308,0.013677811550151976,0.9813571961222968,0.0,1.0,1.0
pain,24,0.032214765100671144,0.03343465045592705,0.9635143380109825,0.0,1.0,1.0
attributed,9,0.012080536912751677,0.0121580547112462,0.9936241610738255,0.0,1.0,1.0
coherence,7,0.009395973154362415,0.00911854103343465,1.0304250559284116,0.0,1.0,1.0
absent,6,0.008053691275167786,0.007598784194528876,1.0598657718120805,0.0,1.0,1.0
oxygenation level,17,0.022818791946308724,0.022796352583586626,1.0009843400447427,0.0,1.0,1.0
accounts,8,0.010738255033557046,0.0121580547112462,0.8832214765100671,0.0,1.0,1.0
oxygenation,18,0.024161073825503355,0.022796352583586626,1.0598657718120805,0.0,1.0,1.0
word,48,0.06442953020134229,0.06534954407294832,0.9859216481972845,0.0,1.0,1.0
28,14,0.01879194630872483,0.019756838905775075,0.9511615900877646,0.0,1.0,1.0
atrophy,12,0.016107382550335572,0.015197568389057751,1.0598657718120805,0.0,1.0,1.0
accompanied,21,0.028187919463087248,0.028875379939209727,0.9761921582479689,0.0,1.0,1.0
periaqueductal,6,0.008053691275167786,0.00911854103343465,0.8832214765100672,0.0,1.0,1.0
architecture,6,0.008053691275167786,0.00911854103343465,0.8832214765100672,0.0,1.0,1.0
medial superior,6,0.008053691275167786,0.00911854103343465,0.8832214765100672,0.0,1.0,1.0
occurs,12,0.016107382550335572,0.016717325227963525,0.9635143380109825,0.0,1.0,1.0
input,13,0.0174496644295302,0.0182370820668693,0.9568232662192393,0.0,1.0,1.0
principal,12,0.016107382550335572,0.016717325227963525,0.9635143380109825,0.0,1.0,1.0
high low,10,0.013422818791946308,0.013677811550151976,0.9813571961222968,0.0,1.0,1.0
result,27,0.036241610738255034,0.0364741641337386,0.9936241610738256,0.0,1.0,1.0
monitoring,27,0.036241610738255034,0.034954407294832825,1.0368252115552963,0.0,1.0,1.0
resting state,68,0.0912751677852349,0.0911854103343465,1.0009843400447427,0.0,1.0,1.0
hubs,7,0.009395973154362415,0.00911854103343465,1.0304250559284116,0.0,1.0,1.0
responsive,6,0.008053691275167786,0.00911854103343465,0.8832214765100672,0.0,1.0,1.0
hypothesized,29,0.038926174496644296,0.037993920972644375,1.024536912751678,0.0,1.0,1.0
response inhibition,10,0.013422818791946308,0.0121580547112462,1.104026845637584,0.0,1.0,1.0
respond,12,0.016107382550335572,0.015197568389057751,1.0598657718120805,0.0,1.0,1.0
iii,7,0.009395973154362415,0.00911854103343465,1.0304250559284116,0.0,1.0,1.0
modulations,7,0.009395973154362415,0.00911854103343465,1.0304250559284116,0.0,1.0,1.0
resonance rs,6,0.008053691275167786,0.007598784194528876,1.0598657718120805,0.0,1.0,1.0
importance,32,0.042953020134228186,0.044072948328267476,0.9745892154593844,0.0,1.0,1.0
probability,14,0.01879194630872483,0.0182370820668693,1.0304250559284116,0.0,1.0,1.0
independent component,20,0.026845637583892617,0.02735562310030395,0.9813571961222968,0.0,1.0,1.0
modulate,25,0.03355704697986577,0.034954407294832825,0.9600233440326817,0.0,1.0,1.0
report,25,0.03355704697986577,0.034954407294832825,0.9600233440326817,0.0,1.0,1.0
problem,10,0.013422818791946308,0.013677811550151976,0.9813571961222968,0.0,1.0,1.0
repeatedly,12,0.016107382550335572,0.015197568389057751,1.0598657718120805,0.0,1.0,1.0
models,44,0.05906040268456376,0.057750759878419454,1.0226774991169199,0.0,1.0,1.0
reorganization,10,0.013422818791946308,0.013677811550151976,0.9813571961222968,0.0,1.0,1.0
modeling,14,0.01879194630872483,0.019756838905775075,0.9511615900877646,0.0,1.0,1.0
remembering,11,0.01476510067114094,0.013677811550151976,1.0794929157345265,0.0,1.0,1.0
remembered,20,0.026845637583892617,0.025835866261398176,1.0390840900118437,0.0,1.0,1.0
priming,11,0.01476510067114094,0.013677811550151976,1.0794929157345265,0.0,1.0,1.0
hemispheric,7,0.009395973154362415,0.010638297872340425,0.8832214765100671,0.0,1.0,1.0
morphometry,29,0.038926174496644296,0.03951367781155015,0.9851316468766134,0.0,1.0,1.0
goal directed,7,0.009395973154362415,0.00911854103343465,1.0304250559284116,0.0,1.0,1.0
musical,7,0.009395973154362415,0.010638297872340425,0.8832214765100671,0.0,1.0,1.0
frontoparietal,14,0.01879194630872483,0.019756838905775075,0.9511615900877646,0.0,1.0,1.0
search,14,0.01879194630872483,0.0182370820668693,1.0304250559284116,0.0,1.0,1.0
se,6,0.008053691275167786,0.007598784194528876,1.0598657718120805,0.0,1.0,1.0
score,8,0.010738255033557046,0.0121580547112462,0.8832214765100671,0.0,1.0,1.0
scene,15,0.020134228187919462,0.019756838905775075,1.019101703665462,0.0,1.0,1.0
fusiform gyrus,37,0.049664429530201344,0.0486322188449848,1.0212248322147652,0.0,1.0,1.0
scales,5,0.006711409395973154,0.007598784194528876,0.8832214765100671,0.0,1.0,1.0
generate,10,0.013422818791946308,0.0121580547112462,1.104026845637584,0.0,1.0,1.0
presumably,7,0.009395973154362415,0.00911854103343465,1.0304250559284116,0.0,1.0,1.0
multiple,52,0.0697986577181208,0.06990881458966565,0.9984242777939889,0.0,1.0,1.0
good,5,0.006711409395973154,0.007598784194528876,0.8832214765100671,0.0,1.0,1.0
having,8,0.010738255033557046,0.0121580547112462,0.8832214765100671,0.0,1.0,1.0
rs,13,0.0174496644295302,0.0182370820668693,0.9568232662192393,0.0,1.0,1.0
graph,6,0.008053691275167786,0.00911854103343465,0.8832214765100672,0.0,1.0,1.0
gray,43,0.05771812080536913,0.057750759878419454,0.9994348286824444,0.0,1.0,1.0
role,143,0.1919463087248322,0.19300911854103345,0.9944934735507054,0.0,1.0,1.0
gray matter,35,0.04697986577181208,0.04711246200607903,0.9971855379952371,0.0,1.0,1.0
roi,11,0.01476510067114094,0.015197568389057751,0.9715436241610738,0.0,1.0,1.0
primarily,19,0.025503355704697986,0.025835866261398176,0.9871298855112515,0.0,1.0,1.0
groups,104,0.1395973154362416,0.13829787234042554,1.0093959731543622,0.0,1.0,1.0
mpfc,18,0.024161073825503355,0.0243161094224924,0.9936241610738255,0.0,1.0,1.0
gyrus inferior,15,0.020134228187919462,0.019756838905775075,1.019101703665462,0.0,1.0,1.0
reward anticipation,6,0.008053691275167786,0.007598784194528876,1.0598657718120805,0.0,1.0,1.0
remember,14,0.01879194630872483,0.0182370820668693,1.0304250559284116,0.0,1.0,1.0
reliably,7,0.009395973154362415,0.00911854103343465,1.0304250559284116,0.0,1.0,1.0
fourteen,7,0.009395973154362415,0.00911854103343465,1.0304250559284116,0.0,1.0,1.0
relevance,16,0.021476510067114093,0.022796352583586626,0.9421029082774048,0.0,1.0,1.0
middle occipital,7,0.009395973154362415,0.00911854103343465,1.0304250559284116,0.0,1.0,1.0
list,6,0.008053691275167786,0.007598784194528876,1.0598657718120805,0.0,1.0,1.0
listening,10,0.013422818791946308,0.013677811550151976,0.9813571961222968,0.0,1.0,1.0
real world,5,0.006711409395973154,0.007598784194528876,0.8832214765100671,0.0,1.0,1.0
locus,8,0.010738255033557046,0.0121580547112462,0.8832214765100671,0.0,1.0,1.0
longer,12,0.016107382550335572,0.016717325227963525,0.9635143380109825,0.0,1.0,1.0
magnitude,25,0.03355704697986577,0.034954407294832825,0.9600233440326817,0.0,1.0,1.0
maintained,12,0.016107382550335572,0.015197568389057751,1.0598657718120805,0.0,1.0,1.0
ratings,29,0.038926174496644296,0.03951367781155015,0.9851316468766134,0.0,1.0,1.0
maintaining,6,0.008053691275167786,0.007598784194528876,1.0598657718120805,0.0,1.0,1.0
major,37,0.049664429530201344,0.05015197568389058,0.9902786251779541,0.0,1.0,1.0
making,33,0.04429530201342282,0.044072948328267476,1.0050451284424902,0.0,1.0,1.0
prominent,14,0.01879194630872483,0.0182370820668693,1.0304250559284116,0.0,1.0,1.0
randomized,10,0.013422818791946308,0.0121580547112462,1.104026845637584,0.0,1.0,1.0
random,8,0.010738255033557046,0.0121580547112462,0.8832214765100671,0.0,1.0,1.0
pronounced,13,0.0174496644295302,0.0182370820668693,0.9568232662192393,0.0,1.0,1.0
midbrain,11,0.01476510067114094,0.013677811550151976,1.0794929157345265,0.0,1.0,1.0
mid,11,0.01476510067114094,0.015197568389057751,0.9715436241610738,0.0,1.0,1.0
matter gm,8,0.010738255033557046,0.010638297872340425,1.0093959731543625,0.0,1.0,1.0
mci,6,0.008053691275167786,0.007598784194528876,1.0598657718120805,0.0,1.0,1.0
ptsd,8,0.010738255033557046,0.010638297872340425,1.0093959731543625,0.0,1.0,1.0
methodology principal,6,0.008053691275167786,0.007598784194528876,1.0598657718120805,0.0,1.0,1.0
men women,7,0.009395973154362415,0.00911854103343465,1.0304250559284116,0.0,1.0,1.0
measurements,10,0.013422818791946308,0.013677811550151976,0.9813571961222968,0.0,1.0,1.0
providing,13,0.0174496644295302,0.016717325227963525,1.0438071995118974,0.0,1.0,1.0
likely,28,0.03758389261744966,0.037993920972644375,0.9892080536912752,0.0,1.0,1.0
likelihood,8,0.010738255033557046,0.010638297872340425,1.0093959731543625,0.0,1.0,1.0
level signal,8,0.010738255033557046,0.010638297872340425,1.0093959731543625,0.0,1.0,1.0
processes involved,5,0.006711409395973154,0.007598784194528876,0.8832214765100671,0.0,1.0,1.0
relations,6,0.008053691275167786,0.00911854103343465,0.8832214765100672,0.0,1.0,1.0
integrate,9,0.012080536912751677,0.0121580547112462,0.9936241610738255,0.0,1.0,1.0
intentional,8,0.010738255033557046,0.010638297872340425,1.0093959731543625,0.0,1.0,1.0
inter,11,0.01476510067114094,0.013677811550151976,1.0794929157345265,0.0,1.0,1.0
regulatory,5,0.006711409395973154,0.007598784194528876,0.8832214765100671,0.0,1.0,1.0
internally,10,0.013422818791946308,0.013677811550151976,0.9813571961222968,0.0,1.0,1.0
intra,6,0.008053691275167786,0.00911854103343465,0.8832214765100672,0.0,1.0,1.0
regional cerebral,6,0.008053691275167786,0.007598784194528876,1.0598657718120805,0.0,1.0,1.0
inversely,8,0.010738255033557046,0.0121580547112462,0.8832214765100671,0.0,1.0,1.0
investigating,23,0.03087248322147651,0.031914893617021274,0.9673378076062641,0.0,1.0,1.0
investigations,9,0.012080536912751677,0.0121580547112462,0.9936241610738255,0.0,1.0,1.0
issue,18,0.024161073825503355,0.022796352583586626,1.0598657718120805,0.0,1.0,1.0
level bold,32,0.042953020134228186,0.0425531914893617,1.0093959731543625,0.0,1.0,1.0
issues,8,0.010738255033557046,0.010638297872340425,1.0093959731543625,0.0,1.0,1.0
mild cognitive,12,0.016107382550335572,0.015197568389057751,1.0598657718120805,0.0,1.0,1.0
lack,12,0.016107382550335572,0.016717325227963525,0.9635143380109825,0.0,1.0,1.0
reducing,7,0.009395973154362415,0.010638297872340425,0.8832214765100671,0.0,1.0,1.0
large scale,12,0.016107382550335572,0.015197568389057751,1.0598657718120805,0.0,1.0,1.0
largely,25,0.03355704697986577,0.034954407294832825,0.9600233440326817,0.0,1.0,1.0
middle superior,6,0.008053691275167786,0.007598784194528876,1.0598657718120805,0.0,1.0,1.0
recordings,11,0.01476510067114094,0.013677811550151976,1.0794929157345265,0.0,1.0,1.0
recording,6,0.008053691275167786,0.007598784194528876,1.0598657718120805,0.0,1.0,1.0
leads,11,0.01476510067114094,0.013677811550151976,1.0794929157345265,0.0,1.0,1.0
led,14,0.01879194630872483,0.0182370820668693,1.0304250559284116,0.0,1.0,1.0
frontal gyri,12,0.016107382550335572,0.015197568389057751,1.0598657718120805,0.0,1.0,1.0
food,12,0.016107382550335572,0.016717325227963525,0.9635143380109825,0.0,1.0,1.0
contribute,47,0.06308724832214765,0.06231003039513678,1.0124733999017843,0.0,1.0,1.0
efficient,10,0.013422818791946308,0.013677811550151976,0.9813571961222968,0.0,1.0,1.0
subcortical structures,6,0.008053691275167786,0.00911854103343465,0.8832214765100672,0.0,1.0,1.0
delivered,5,0.006711409395973154,0.007598784194528876,0.8832214765100671,0.0,1.0,1.0
nuclei,10,0.013422818791946308,0.0121580547112462,1.104026845637584,0.0,1.0,1.0
demonstrating,14,0.01879194630872483,0.0182370820668693,1.0304250559284116,0.0,1.0,1.0
sts,11,0.01476510067114094,0.013677811550151976,1.0794929157345265,0.0,1.0,1.0
structures involved,5,0.006711409395973154,0.007598784194528876,0.8832214765100671,0.0,1.0,1.0
developing,16,0.021476510067114093,0.02127659574468085,1.0093959731543625,0.0,1.0,1.0
developmental,19,0.025503355704697986,0.0243161094224924,1.0488255033557046,0.0,1.0,1.0
stroop task,5,0.006711409395973154,0.007598784194528876,0.8832214765100671,0.0,1.0,1.0
strongly,34,0.04563758389261745,0.04559270516717325,1.0009843400447427,0.0,1.0,1.0
strongest,6,0.008053691275167786,0.00911854103343465,0.8832214765100672,0.0,1.0,1.0
novel,65,0.087248322147651,0.08662613981762918,1.0071823854939361,0.0,1.0,1.0
discuss,6,0.008053691275167786,0.00911854103343465,0.8832214765100672,0.0,1.0,1.0
disorder ptsd,7,0.009395973154362415,0.010638297872340425,0.8832214765100671,0.0,1.0,1.0
disrupted,10,0.013422818791946308,0.0121580547112462,1.104026845637584,0.0,1.0,1.0
disruption,7,0.009395973154362415,0.00911854103343465,1.0304250559284116,0.0,1.0,1.0
stimuli presented,8,0.010738255033557046,0.010638297872340425,1.0093959731543625,0.0,1.0,1.0
dissociate,7,0.009395973154362415,0.00911854103343465,1.0304250559284116,0.0,1.0,1.0
dissociated,5,0.006711409395973154,0.007598784194528876,0.8832214765100671,0.0,1.0,1.0
distinguished,9,0.012080536912751677,0.0121580547112462,0.9936241610738255,0.0,1.0,1.0
distribution,5,0.006711409395973154,0.007598784194528876,0.8832214765100671,0.0,1.0,1.0
divergent,8,0.010738255033557046,0.010638297872340425,1.0093959731543625,0.0,1.0,1.0
dlpfc,24,0.032214765100671144,0.03343465045592705,0.9635143380109825,0.0,1.0,1.0
dorsal ventral,8,0.010738255033557046,0.010638297872340425,1.0093959731543625,0.0,1.0,1.0
notably,11,0.01476510067114094,0.015197568389057751,0.9715436241610738,0.0,1.0,1.0
decision making,23,0.03087248322147651,0.030395136778115502,1.0157046979865771,0.0,1.0,1.0
subsequently,14,0.01879194630872483,0.019756838905775075,0.9511615900877646,0.0,1.0,1.0
subserve,7,0.009395973154362415,0.010638297872340425,0.8832214765100671,0.0,1.0,1.0
observing,6,0.008053691275167786,0.007598784194528876,1.0598657718120805,0.0,1.0,1.0
occurring,7,0.009395973154362415,0.00911854103343465,1.0304250559284116,0.0,1.0,1.0
occurred,19,0.025503355704697986,0.025835866261398176,0.9871298855112515,0.0,1.0,1.0
synchronization,5,0.006711409395973154,0.007598784194528876,0.8832214765100671,0.0,1.0,1.0
control condition,11,0.01476510067114094,0.013677811550151976,1.0794929157345265,0.0,1.0,1.0
control processes,5,0.006711409395973154,0.007598784194528876,0.8832214765100671,0.0,1.0,1.0
switch,6,0.008053691275167786,0.007598784194528876,1.0598657718120805,0.0,1.0,1.0
controls,131,0.17583892617449665,0.17477203647416414,1.0061044645462502,0.0,1.0,1.0
occipitotemporal,6,0.008053691275167786,0.00911854103343465,0.8832214765100672,0.0,1.0,1.0
occipital temporal,6,0.008053691275167786,0.007598784194528876,1.0598657718120805,0.0,1.0,1.0
occipital cortex,18,0.024161073825503355,0.0243161094224924,0.9936241610738255,0.0,1.0,1.0
possibly,19,0.025503355704697986,0.025835866261398176,0.9871298855112515,0.0,1.0,1.0
cortex medial,14,0.01879194630872483,0.0182370820668693,1.0304250559284116,0.0,1.0,1.0
debated,5,0.006711409395973154,0.007598784194528876,0.8832214765100671,0.0,1.0,1.0
cortex middle,7,0.009395973154362415,0.00911854103343465,1.0304250559284116,0.0,1.0,1.0
cortex mpfc,16,0.021476510067114093,0.022796352583586626,0.9421029082774048,0.0,1.0,1.0
postcentral,11,0.01476510067114094,0.015197568389057751,0.9715436241610738,0.0,1.0,1.0
course,18,0.024161073825503355,0.022796352583586626,1.0598657718120805,0.0,1.0,1.0
craving,6,0.008053691275167786,0.007598784194528876,1.0598657718120805,0.0,1.0,1.0
successfully,15,0.020134228187919462,0.019756838905775075,1.019101703665462,0.0,1.0,1.0
criteria,5,0.006711409395973154,0.007598784194528876,0.8832214765100671,0.0,1.0,1.0
crossover,7,0.009395973154362415,0.010638297872340425,0.8832214765100671,0.0,1.0,1.0
substantia,5,0.006711409395973154,0.007598784194528876,0.8832214765100671,0.0,1.0,1.0
dacc,8,0.010738255033557046,0.0121580547112462,0.8832214765100671,0.0,1.0,1.0
subset,6,0.008053691275167786,0.00911854103343465,0.8832214765100672,0.0,1.0,1.0
dysregulation,12,0.016107382550335572,0.016717325227963525,0.9635143380109825,0.0,1.0,1.0
effort,10,0.013422818791946308,0.0121580547112462,1.104026845637584,0.0,1.0,1.0
self report,6,0.008053691275167786,0.007598784194528876,1.0598657718120805,0.0,1.0,1.0
elevated,12,0.016107382550335572,0.015197568389057751,1.0598657718120805,0.0,1.0,1.0
examining,12,0.016107382550335572,0.015197568389057751,1.0598657718120805,0.0,1.0,1.0
neuropsychiatric,5,0.006711409395973154,0.007598784194528876,0.8832214765100671,0.0,1.0,1.0
predictions,9,0.012080536912751677,0.0121580547112462,0.9936241610738255,0.0,1.0,1.0
exclusively,6,0.008053691275167786,0.00911854103343465,0.8832214765100672,0.0,1.0,1.0
sided,5,0.006711409395973154,0.007598784194528876,0.8832214765100671,0.0,1.0,1.0
exist,8,0.010738255033557046,0.0121580547112462,0.8832214765100671,0.0,1.0,1.0
preferential,7,0.009395973154362415,0.00911854103343465,1.0304250559284116,0.0,1.0,1.0
experiencing,6,0.008053691275167786,0.007598784194528876,1.0598657718120805,0.0,1.0,1.0
experimentally,6,0.008053691275167786,0.00911854103343465,0.8832214765100672,0.0,1.0,1.0
explained,10,0.013422818791946308,0.0121580547112462,1.104026845637584,0.0,1.0,1.0
neurobiology,6,0.008053691275167786,0.007598784194528876,1.0598657718120805,0.0,1.0,1.0
severe,12,0.016107382550335572,0.015197568389057751,1.0598657718120805,0.0,1.0,1.0
settings,6,0.008053691275167786,0.00911854103343465,0.8832214765100672,0.0,1.0,1.0
extend,16,0.021476510067114093,0.02127659574468085,1.0093959731543625,0.0,1.0,1.0
serial,6,0.008053691275167786,0.00911854103343465,0.8832214765100672,0.0,1.0,1.0
failed,8,0.010738255033557046,0.010638297872340425,1.0093959731543625,0.0,1.0,1.0
sequence,11,0.01476510067114094,0.015197568389057751,0.9715436241610738,0.0,1.0,1.0
far,12,0.016107382550335572,0.016717325227963525,0.9635143380109825,0.0,1.0,1.0
negatively correlated,19,0.025503355704697986,0.025835866261398176,0.9871298855112515,0.0,1.0,1.0
negatively,32,0.042953020134228186,0.0425531914893617,1.0093959731543625,0.0,1.0,1.0
negative correlation,7,0.009395973154362415,0.00911854103343465,1.0304250559284116,0.0,1.0,1.0
sensitivity,32,0.042953020134228186,0.0425531914893617,1.0093959731543625,0.0,1.0,1.0
fewer,7,0.009395973154362415,0.00911854103343465,1.0304250559284116,0.0,1.0,1.0
flexible,6,0.008053691275167786,0.00911854103343465,0.8832214765100672,0.0,1.0,1.0
follow,8,0.010738255033557046,0.0121580547112462,0.8832214765100671,0.0,1.0,1.0
predicting,9,0.012080536912751677,0.0121580547112462,0.9936241610738255,0.0,1.0,1.0
examination,5,0.006711409395973154,0.007598784194528876,0.8832214765100671,0.0,1.0,1.0
significance,21,0.028187919463087248,0.02735562310030395,1.0304250559284116,0.0,1.0,1.0
enhancement,8,0.010738255033557046,0.0121580547112462,0.8832214765100671,0.0,1.0,1.0
emotion regulation,20,0.026845637583892617,0.02735562310030395,0.9813571961222968,0.0,1.0,1.0
precentral,15,0.020134228187919462,0.019756838905775075,1.019101703665462,0.0,1.0,1.0
sounds,7,0.009395973154362415,0.00911854103343465,1.0304250559284116,0.0,1.0,1.0
newly,7,0.009395973154362415,0.010638297872340425,0.8832214765100671,0.0,1.0,1.0
engage,23,0.03087248322147651,0.030395136778115502,1.0157046979865771,0.0,1.0,1.0
social interaction,5,0.006711409395973154,0.007598784194528876,0.8832214765100671,0.0,1.0,1.0
precise,10,0.013422818791946308,0.0121580547112462,1.104026845637584,0.0,1.0,1.0
engages,9,0.012080536912751677,0.0121580547112462,0.9936241610738255,0.0,1.0,1.0
smoking,5,0.006711409395973154,0.007598784194528876,0.8832214765100671,0.0,1.0,1.0
smokers,6,0.008053691275167786,0.007598784194528876,1.0598657718120805,0.0,1.0,1.0
smaller,14,0.01879194630872483,0.019756838905775075,0.9511615900877646,0.0,1.0,1.0
slow,8,0.010738255033557046,0.0121580547112462,0.8832214765100671,0.0,1.0,1.0
evident,12,0.016107382550335572,0.016717325227963525,0.9635143380109825,0.0,1.0,1.0
entire,9,0.012080536912751677,0.0121580547112462,0.9936241610738255,0.0,1.0,1.0
skill,7,0.009395973154362415,0.010638297872340425,0.8832214765100671,0.0,1.0,1.0
equally,9,0.012080536912751677,0.0121580547112462,0.9936241610738255,0.0,1.0,1.0
essential,12,0.016107382550335572,0.016717325227963525,0.9635143380109825,0.0,1.0,1.0
neuropsychological,22,0.02953020134228188,0.030395136778115502,0.9715436241610738,0.0,1.0,1.0
event potentials,5,0.006711409395973154,0.007598784194528876,0.8832214765100671,0.0,1.0,1.0
simulation,10,0.013422818791946308,0.0121580547112462,1.104026845637584,0.0,1.0,1.0
simulated,6,0.008053691275167786,0.007598784194528876,1.0598657718120805,0.0,1.0,1.0
everyday,11,0.01476510067114094,0.013677811550151976,1.0794929157345265,0.0,1.0,1.0
evidenced,6,0.008053691275167786,0.007598784194528876,1.0598657718120805,0.0,1.0,1.0
similarity,12,0.016107382550335572,0.016717325227963525,0.9635143380109825,0.0,1.0,1.0
perceptual,47,0.06308724832214765,0.06382978723404255,0.9883668903803133,0.0,1.0,1.0
