term,n_seed,p_term_seed,p_term_ref,ratio,chi2,p,q_fdr
amygdala,88,0.15251299826689774,0.2895238095238095,0.526771869013956,37.47614684167201,9.253779727305187e-10,2.4457739819267607e-06
density,14,0.024263431542461005,0.0038095238095238095,6.369150779896014,12.430783180106456,0.00042231476602898305,0.5580889633073011
index,22,0.038128249566724434,0.012380952380952381,3.079589388081589,10.536184431890467,0.0011705983845989106,0.9481451920312929
inferior parietal,49,0.08492201039861352,0.04666666666666667,1.8197573656845754,8.96331021172954,0.002754553502653182,0.9481451920312929
reflected,6,0.010398613518197574,0.037142857142857144,0.27996267164378086,8.934134117177253,0.0027989012167590477,0.9481451920312929
occipital,71,0.12305025996533796,0.07714285714285714,1.5950959625136403,8.731689337072003,0.0031272661631859783,0.9481451920312929
emotion,48,0.0831889081455806,0.13333333333333333,0.6239168110918545,8.677680011037431,0.003221307932684557,0.9481451920312929
motivation,3,0.005199306759098787,0.02761904761904762,0.18825076196736987,8.579452219023803,0.003399776333416094,0.9481451920312929
fearful,7,0.012131715771230503,0.039047619047619046,0.310690281946147,8.50546665474535,0.003540810934524178,0.9481451920312929
faces,40,0.06932409012131716,0.11523809523809524,0.601572682870934,8.296648869064049,0.003971830157554293,0.9481451920312929
displayed,5,0.008665511265164644,0.03238095238095238,0.2676113773065552,7.966624350577041,0.00476477130925829,0.9481451920312929
retrosplenial,24,0.0415944540727903,0.017142857142857144,2.4263431542461005,7.907350243313316,0.004923433339858863,0.9481451920312929
rates,16,0.02772963604852686,0.008571428571428572,3.235124205661467,7.811681215957566,0.0051909589272388385,0.9481451920312929
expressions,13,0.022530329289428077,0.05238095238095238,0.43012446825271783,7.556619013349387,0.005979005832211731,0.9481451920312929
behavioral,71,0.12305025996533796,0.17523809523809525,0.7021889834978524,7.283774247725945,0.006958019135235993,0.9481451920312929
asked,28,0.04852686308492201,0.022857142857142857,2.123050259965338,7.122707507394073,0.0076113674996503644,0.9481451920312929
differed,10,0.01733102253032929,0.04380952380952381,0.39559942732273373,7.079009317447115,0.007799211730037229,0.9481451920312929
emotional,85,0.14731369150779897,0.2019047619047619,0.7296196985056081,7.075490281021149,0.00781454364400084,0.9481451920312929
facial,18,0.03119584055459272,0.06285714285714286,0.49629746336852054,6.990763560194417,0.008193139459811724,0.9481451920312929
importance,14,0.024263431542461005,0.05333333333333334,0.45493934142114384,6.953073103815013,0.008367537320476195,0.9481451920312929
happy,9,0.01559792027729636,0.040952380952380955,0.3808794486316553,6.939293726193024,0.00843224013022414,0.9481451920312929
unimodal,8,0.01386481802426343,0.0019047619047619048,7.279029462738301,6.871823725964162,0.008756524633077424,0.9481451920312929
sentence,16,0.02772963604852686,0.009523809523809525,2.91161178509532,6.733828315500052,0.009460134919081478,0.9481451920312929
reaction times,2,0.0034662045060658577,0.02095238095238095,0.16543248778950684,6.677283128556583,0.009764935044756706,0.9481451920312929
arterial spin,9,0.01559792027729636,0.002857142857142857,5.459272097053726,6.60783100211108,0.01015312554351077,0.9481451920312929
actions,21,0.036395147313691506,0.015238095238095238,2.388431542461005,6.578270748713556,0.01032311329248088,0.9481451920312929
responses,100,0.1733102253032929,0.22857142857142856,0.7582322357019065,6.548927568320754,0.010494739706888802,0.9481451920312929
psychiatric,4,0.006932409012131715,0.02666666666666667,0.2599653379549393,6.532464533647962,0.010592309539618055,0.9481451920312929
thoughts,10,0.01733102253032929,0.0038095238095238095,4.549393414211439,6.474350409047609,0.010944230678592357,0.9481451920312929
persons,10,0.01733102253032929,0.0038095238095238095,4.549393414211439,6.474350409047609,0.010944230678592357,0.9481451920312929
fearful faces,1,0.0017331022530329288,0.017142857142857144,0.10109763142692084,6.384351873628454,0.011513079382707202,0.9481451920312929
profiles,0,0.0,0.013333333333333334,0.0,6.275834667051162,0.012239545595315485,0.9481451920312929
systematic,0,0.0,0.013333333333333334,0.0,6.275834667051162,0.012239545595315485,0.9481451920312929
needed,19,0.03292894280762565,0.013333333333333334,2.4696707105719238,6.243277349441978,0.0124665573235477,0.9481451920312929
cognitive control,30,0.05199306759098787,0.02666666666666667,1.9497400346620448,6.230639458519692,0.012555838713997448,0.9481451920312929
reactivity,6,0.010398613518197574,0.03142857142857143,0.33086497557901373,6.168878065834742,0.013001703743574407,0.9545417498407543
representations,47,0.08145580589254767,0.049523809523809526,1.6447806959072124,6.097220616829596,0.013539466960946892,0.9657214284039451
distributed,37,0.06412478336221837,0.03619047619047619,1.771869013956034,5.98807869090727,0.014402881627249776,0.9657214284039451
induction,1,0.0017331022530329288,0.01619047619047619,0.10704455092262208,5.853779447132738,0.015543634121297877,0.9657214284039451
controlled,31,0.053726169844020795,0.02857142857142857,1.8804159445407278,5.85090178734141,0.015569071078092477,0.9657214284039451
retrosplenial cortex,16,0.02772963604852686,0.010476190476190476,2.6469198046321094,5.776272979145843,0.016243950380135593,0.9657214284039451
later,17,0.029462738301559793,0.05714285714285714,0.5155979202772965,5.728953410721518,0.01668742496965008,0.9657214284039451
emerge,0,0.0,0.012380952380952381,0.0,5.7240464331747765,0.016734121649758304,0.9657214284039451
angry,5,0.008665511265164644,0.02761904761904762,0.3137512699456164,5.644375308711153,0.017511453923332195,0.9657214284039451
sequences,15,0.025996533795493933,0.009523809523809525,2.7296360485268627,5.634131846240727,0.017614065974022878,0.9657214284039451
sts,3,0.005199306759098787,0.021904761904761906,0.23735965639364026,5.58886797678932,0.01807497370721735,0.9657214284039451
emotions,16,0.02772963604852686,0.054285714285714284,0.5108090851044422,5.52381894498978,0.018759262773993098,0.9657214284039451
essential,14,0.024263431542461005,0.008571428571428572,2.830733679953784,5.501480243112593,0.019000383450714586,0.9657214284039451
45,14,0.024263431542461005,0.008571428571428572,2.830733679953784,5.501480243112593,0.019000383450714586,0.9657214284039451
psychiatric disorders,1,0.0017331022530329288,0.015238095238095238,0.11373483535528596,5.327283621805288,0.020994080987398644,0.9657214284039451
focused,15,0.025996533795493933,0.05142857142857143,0.5054881571346043,5.320890706211053,0.02107123808694272,0.9657214284039451
semantic,57,0.09878682842287695,0.06571428571428571,1.5032778238263884,5.247302813713813,0.021980817075863825,0.9657214284039451
precentral gyrus,11,0.019064124783362217,0.005714285714285714,3.336221837088388,5.192230210251535,0.0226880829885537,0.9657214284039451
anisotropy fa,8,0.01386481802426343,0.002857142857142857,4.852686308492201,5.179840294633883,0.022850424085176235,0.9657214284039451
spin labeling,8,0.01386481802426343,0.002857142857142857,4.852686308492201,5.179840294633883,0.022850424085176235,0.9657214284039451
computational,2,0.0034662045060658577,0.018095238095238095,0.19155340691416584,5.159355036185741,0.02312148201504173,0.9657214284039451
cortex amygdala,2,0.0034662045060658577,0.018095238095238095,0.19155340691416584,5.159355036185741,0.02312148201504173,0.9657214284039451
facial expressions,8,0.01386481802426343,0.03428571428571429,0.40439052570768336,5.151003014468643,0.023232949288068214,0.9657214284039451
problems,4,0.006932409012131715,0.023809523809523808,0.29116117850953205,5.132930228616263,0.023476062687975842,0.9657214284039451
networks involved,9,0.01559792027729636,0.0038095238095238095,4.0944540727902945,5.125982591062562,0.023570222280288915,0.9657214284039451
spin,9,0.01559792027729636,0.0038095238095238095,4.0944540727902945,5.125982591062562,0.023570222280288915,0.9657214284039451
arterial,9,0.01559792027729636,0.0038095238095238095,4.0944540727902945,5.125982591062562,0.023570222280288915,0.9657214284039451
flexibility,9,0.01559792027729636,0.0038095238095238095,4.0944540727902945,5.125982591062562,0.023570222280288915,0.9657214284039451
ages,3,0.005199306759098787,0.02095238095238095,0.2481487316842603,5.110909061813773,0.023775859212541817,0.9657214284039451
expression,10,0.01733102253032929,0.039047619047619046,0.44384325992306717,5.090643616636496,0.024055262406067916,0.9657214284039451
reaction,12,0.02079722703639515,0.04380952380952381,0.4747193127872805,5.086297053628408,0.024115631583299425,0.9657214284039451
anterior hippocampus,7,0.012131715771230503,0.03142857142857143,0.38600913817551596,5.00545667373725,0.025267536452756728,0.9678565049947251
task functional,7,0.012131715771230503,0.03142857142857143,0.38600913817551596,5.00545667373725,0.025267536452756728,0.9678565049947251
means,7,0.012131715771230503,0.03142857142857143,0.38600913817551596,5.00545667373725,0.025267536452756728,0.9678565049947251
movements,20,0.03466204506065858,0.01619047619047619,2.1408910184524417,4.915968330499821,0.026609543268481556,1.0
losses,1,0.0017331022530329288,0.014285714285714285,0.12131715771230503,4.805497190640659,0.028369079666030396,1.0
smaller,5,0.008665511265164644,0.025714285714285714,0.33699210475640284,4.764035644199398,0.029060334867246383,1.0
times,8,0.01386481802426343,0.03333333333333333,0.41594454072790293,4.754689266166068,0.02921856791981574,1.0
subsequent,32,0.05545927209705372,0.08666666666666667,0.6399146780429276,4.752418332625587,0.029257149874598987,1.0
interpreted,2,0.0034662045060658577,0.017142857142857144,0.20219526285384168,4.665609812662467,0.030772493727025372,1.0
leading,2,0.0034662045060658577,0.017142857142857144,0.20219526285384168,4.665609812662467,0.030772493727025372,1.0
thirty,3,0.005199306759098787,0.02,0.25996533795493937,4.6405112270129365,0.031225699235460293,1.0
negative,63,0.10918544194107452,0.14857142857142858,0.7349020130649246,4.626589889551847,0.031480073242949956,1.0
superior middle,0,0.0,0.010476190476190476,0.0,4.625814655068194,0.03149430189582487,1.0
history,14,0.024263431542461005,0.009523809523809525,2.5476603119584054,4.598490171834439,0.03200012579498846,1.0
cortex precuneus,14,0.024263431542461005,0.009523809523809525,2.5476603119584054,4.598490171834439,0.03200012579498846,1.0
comparing,11,0.019064124783362217,0.04,0.47660311958405543,4.536071252210424,0.033187678611982754,1.0
varied,24,0.0415944540727903,0.021904761904761906,1.898877251149122,4.468126928324366,0.03453282818847608,1.0
social,47,0.08145580589254767,0.11619047619047619,0.7010540671079922,4.460581154834551,0.03468569484429042,1.0
temporal cortex,34,0.058925476603119586,0.035238095238095235,1.67220947116961,4.454833107579191,0.03480261679815562,1.0
valence,14,0.024263431542461005,0.04666666666666667,0.5199306759098786,4.437235256073813,0.035163146877328216,1.0
difficulty,10,0.01733102253032929,0.037142857142857144,0.4666044527396347,4.348512502414929,0.037041285430992575,1.0
objective,26,0.045060658578856154,0.024761904761904763,1.8197573656845754,4.324767085965759,0.03756155443037177,1.0
engages,12,0.02079722703639515,0.007619047619047619,2.729636048526863,4.29611055210813,0.03819964029546761,1.0
ventral visual,12,0.02079722703639515,0.007619047619047619,2.729636048526863,4.29611055210813,0.03819964029546761,1.0
improve,12,0.02079722703639515,0.007619047619047619,2.729636048526863,4.29611055210813,0.03819964029546761,1.0
disorders,31,0.053726169844020795,0.08285714285714285,0.6484192912209407,4.274676284909983,0.03868433177769682,1.0
cortical,97,0.1681109185441941,0.1295238095238095,1.2979151799367927,4.209739041095797,0.04019251989942987,1.0
volumes,7,0.012131715771230503,0.029523809523809525,0.4109129535416783,4.20494368601306,0.040306312641844165,1.0
allowing,2,0.0034662045060658577,0.01619047619047619,0.21408910184524416,4.179403681714245,0.04091809551049544,1.0
precentral,16,0.02772963604852686,0.012380952380952381,2.2397013731502464,4.172559548656994,0.04108369030660525,1.0
cortex inferior,11,0.019064124783362217,0.006666666666666667,2.859618717504332,4.159291284715068,0.04140672601284319,1.0
middle frontal,30,0.05199306759098787,0.030476190476190476,1.7060225303292893,4.134628569508884,0.042014286730773995,1.0
parietal,158,0.2738301559792028,0.2276190476190476,1.203019513716163,4.06384906328158,0.043810530820744584,1.0
rated,6,0.010398613518197574,0.02666666666666667,0.389948006932409,4.054196391283663,0.04406168591585566,1.0
centered,10,0.01733102253032929,0.005714285714285714,3.0329289428076254,4.036601341372145,0.044523402040757845,1.0
largely unknown,10,0.01733102253032929,0.005714285714285714,3.0329289428076254,4.036601341372145,0.044523402040757845,1.0
competing,10,0.01733102253032929,0.005714285714285714,3.0329289428076254,4.036601341372145,0.044523402040757845,1.0
visual,129,0.22357019064124783,0.18095238095238095,1.2355194745963696,4.024665906663359,0.04483950004798405,1.0
double blind,15,0.025996533795493933,0.011428571428571429,2.2746967071057194,3.9909361433870845,0.04574564155577577,1.0
changed,9,0.01559792027729636,0.004761904761904762,3.2755632582322356,3.9338906698532914,0.047322341998436594,1.0
hemispheres,9,0.01559792027729636,0.004761904761904762,3.2755632582322356,3.9338906698532914,0.047322341998436594,1.0
fa,8,0.01386481802426343,0.0038095238095238095,3.6395147313691507,3.8609103705972028,0.049423504466207545,1.0
seeds,8,0.01386481802426343,0.0038095238095238095,3.6395147313691507,3.8609103705972028,0.049423504466207545,1.0
positive negative,11,0.019064124783362217,0.0380952380952381,0.5004332755632581,3.837090019787867,0.0501304547939141,1.0
alters,7,0.012131715771230503,0.002857142857142857,4.246100519930676,3.8352138405595952,0.05018658888690307,1.0
pre sma,7,0.012131715771230503,0.002857142857142857,4.246100519930676,3.8352138405595952,0.05018658888690307,1.0
substance,7,0.012131715771230503,0.002857142857142857,4.246100519930676,3.8352138405595952,0.05018658888690307,1.0
direct evidence,7,0.012131715771230503,0.002857142857142857,4.246100519930676,3.8352138405595952,0.05018658888690307,1.0
aversive,7,0.012131715771230503,0.02857142857142857,0.4246100519930676,3.818857646831994,0.05067877900538058,1.0
domain,9,0.01559792027729636,0.03333333333333333,0.4679376083188908,3.8029318541971757,0.051162922779177264,1.0
given,17,0.029462738301559793,0.05142857142857143,0.5728865780858848,3.7948294483964107,0.05141111050213298,1.0
additionally,21,0.036395147313691506,0.06,0.6065857885615251,3.769121556735516,0.05220704407422296,1.0
30,23,0.03986135181975736,0.021904761904761906,1.8197573656845751,3.7411355627258778,0.053088354231780675,1.0
peripheral,3,0.005199306759098787,0.018095238095238095,0.2873301103712488,3.7261364869502414,0.053567162450368015,1.0
occurring,2,0.0034662045060658577,0.015238095238095238,0.22746967071057192,3.7018760328943436,0.05435132507407876,1.0
studying,2,0.0034662045060658577,0.015238095238095238,0.22746967071057192,3.7018760328943436,0.05435132507407876,1.0
behavioral responses,2,0.0034662045060658577,0.015238095238095238,0.22746967071057192,3.7018760328943436,0.05435132507407876,1.0
decreases,12,0.02079722703639515,0.04,0.5199306759098787,3.701643728863804,0.05435889228334563,1.0
medial,137,0.23743500866551126,0.28285714285714286,0.8394166973023125,3.699079750852324,0.054442487029101025,1.0
sentences,17,0.029462738301559793,0.014285714285714285,2.062391681109186,3.696198391465281,0.05453659213364336,1.0
approach,27,0.04679376083188908,0.07238095238095238,0.6464927483353097,3.6910943298249936,0.05470371405171405,1.0
double,20,0.03466204506065858,0.018095238095238095,1.9155340691416582,3.68891662633779,0.05477518356690264,1.0
biological,6,0.010398613518197574,0.025714285714285714,0.40439052570768347,3.658688302489696,0.055777529114435065,1.0
inferior,132,0.22876949740034663,0.18761904761904763,1.2193298084790047,3.657770261588872,0.05580827324719257,1.0
reveal,25,0.043327556325823226,0.024761904761904763,1.7497666977736301,3.637804352569868,0.05648137488783994,1.0
lateral occipital,13,0.022530329289428077,0.009523809523809525,2.365684575389948,3.634954402245084,0.05657815432218424,1.0
neutral,44,0.07625649913344887,0.10666666666666667,0.714904679376083,3.6293474192344677,0.05676907196673402,1.0
age,66,0.11438474870017332,0.14952380952380953,0.7649935422623055,3.5959984961501386,0.057918824999082776,1.0
viewing,13,0.022530329289428077,0.0419047619047619,0.5376555853158973,3.5813854975587094,0.058430399016607494,1.0
function,73,0.1265164644714038,0.16285714285714287,0.776855483596339,3.577878129174126,0.0585538985159655,1.0
reading,22,0.038128249566724434,0.02095238095238095,1.8197573656845754,3.547745559176966,0.05962641115386208,1.0
cerebellar,22,0.038128249566724434,0.02095238095238095,1.8197573656845754,3.547745559176966,0.05962641115386208,1.0
requires,19,0.03292894280762565,0.017142857142857144,1.920854997111496,3.495339224271943,0.061541798727825316,1.0
preserved,12,0.02079722703639515,0.008571428571428572,2.4263431542461005,3.46170157832146,0.06280565185319838,1.0
implicated,33,0.05719237435008666,0.0838095238095238,0.6824090121317158,3.4554475238887843,0.06304366642925499,1.0
onset,9,0.01559792027729636,0.03238095238095238,0.4817004791517994,3.4501658051160664,0.06324542500283678,1.0
crucial,7,0.012131715771230503,0.02761904761904762,0.439251777923863,3.443187924324364,0.06351303193492065,1.0
interactions,28,0.04852686308492201,0.07333333333333333,0.6617299511580275,3.3958051963833165,0.0653624432068384,1.0
framework,4,0.006932409012131715,0.02,0.34662045060658575,3.383488384454234,0.06585253787181569,1.0
basic,4,0.006932409012131715,0.02,0.34662045060658575,3.383488384454234,0.06585253787181569,1.0
fusiform face,4,0.006932409012131715,0.02,0.34662045060658575,3.383488384454234,0.06585253787181569,1.0
strongly,15,0.025996533795493933,0.045714285714285714,0.5686741767764298,3.3777737020804026,0.06608126034870761,1.0
context,62,0.10745233968804159,0.07904761904761905,1.3593368273788393,3.3593524128067047,0.06682434180935176,1.0
successful,29,0.05025996533795494,0.07523809523809524,0.6680121975297808,3.356577035413972,0.06693706709311867,1.0
capacity,15,0.025996533795493933,0.012380952380952381,2.099720037328356,3.316166300026761,0.06860162731521309,1.0
reflects,18,0.03119584055459272,0.01619047619047619,1.9268019166071977,3.3022481975881717,0.06918513224986833,1.0
exhibit,18,0.03119584055459272,0.01619047619047619,1.9268019166071977,3.3022481975881717,0.06918513224986833,1.0
generate,11,0.019064124783362217,0.007619047619047619,2.502166377816291,3.292733634375544,0.06958707743826698,1.0
task relevant,11,0.019064124783362217,0.007619047619047619,2.502166377816291,3.292733634375544,0.06958707743826698,1.0
episodes,11,0.019064124783362217,0.007619047619047619,2.502166377816291,3.292733634375544,0.06958707743826698,1.0
manipulating,11,0.019064124783362217,0.007619047619047619,2.502166377816291,3.292733634375544,0.06958707743826698,1.0
subgenual,3,0.005199306759098787,0.017142857142857144,0.30329289428076256,3.284474019533432,0.06993803404083301,1.0
dimension,1,0.0017331022530329288,0.011428571428571429,0.15164644714038128,3.2776487948968187,0.07022947245981638,1.0
characterization,1,0.0017331022530329288,0.011428571428571429,0.15164644714038128,3.2776487948968187,0.07022947245981638,1.0
suffering,1,0.0017331022530329288,0.011428571428571429,0.15164644714038128,3.2776487948968187,0.07022947245981638,1.0
majority,1,0.0017331022530329288,0.011428571428571429,0.15164644714038128,3.2776487948968187,0.07022947245981638,1.0
emotional stimuli,8,0.01386481802426343,0.029523809523809525,0.46961480404763234,3.2620912192782625,0.07089865648381519,1.0
autism,8,0.01386481802426343,0.029523809523809525,0.46961480404763234,3.2620912192782625,0.07089865648381519,1.0
cortex anterior,8,0.01386481802426343,0.029523809523809525,0.46961480404763234,3.2620912192782625,0.07089865648381519,1.0
tasks,84,0.14558058925476602,0.11333333333333333,1.284534611071465,3.256795457009047,0.07112800077894665,1.0
medial pfc,2,0.0034662045060658577,0.014285714285714285,0.24263431542461006,3.2344346555290024,0.07210518596033505,1.0
contained,2,0.0034662045060658577,0.014285714285714285,0.24263431542461006,3.2344346555290024,0.07210518596033505,1.0
relationship,43,0.07452339688041594,0.10285714285714286,0.7245330252262661,3.2220142106622736,0.07265417877385315,1.0
understanding,34,0.058925476603119586,0.08476190476190476,0.6951882071154558,3.1967452554856277,0.07378497506087965,1.0
differ,14,0.024263431542461005,0.04285714285714286,0.5661467359907568,3.1708932428229484,0.07496143860947517,1.0
make,20,0.03466204506065858,0.01904761904761905,1.8197573656845751,3.1627598302797972,0.07533572467774687,1.0
anterior,151,0.2616984402079723,0.3047619047619048,0.8586980069324089,3.1512116602603495,0.0758706058947316,1.0
alternating,10,0.01733102253032929,0.006666666666666667,2.5996533795493932,3.1293931132094173,0.07689235987690748,1.0
change,23,0.03986135181975736,0.06190476190476191,0.6439141447806959,3.118890400680684,0.07738946517006538,1.0
able,17,0.029462738301559793,0.015238095238095238,1.9334922010398614,3.1096417155133924,0.07783007956206359,1.0
traits,9,0.01559792027729636,0.03142857142857143,0.49629746336852054,3.108032561270538,0.07790701622948243,1.0
pfc,19,0.03292894280762565,0.05333333333333334,0.6174176776429809,3.0769512659750413,0.0794092494780593,1.0
word,44,0.07625649913344887,0.05333333333333334,1.429809358752166,3.006308760884044,0.08294096847272653,1.0
hemisphere,24,0.0415944540727903,0.024761904761904763,1.679776029862685,2.9994596247514655,0.08329229341129323,1.0
ventromedial prefrontal,10,0.01733102253032929,0.03333333333333333,0.5199306759098786,2.975610537827193,0.08452822796960373,1.0
spectrum,10,0.01733102253032929,0.03333333333333333,0.5199306759098786,2.975610537827193,0.08452822796960373,1.0
temporal cortices,9,0.01559792027729636,0.005714285714285714,2.729636048526863,2.9737395353089298,0.08462602422552218,1.0
perfusion,9,0.01559792027729636,0.005714285714285714,2.729636048526863,2.9737395353089298,0.08462602422552218,1.0
sad,4,0.006932409012131715,0.01904761904761905,0.363951473136915,2.9732974702012527,0.08464914858134781,1.0
personal,19,0.03292894280762565,0.018095238095238095,1.8197573656845754,2.971194488614777,0.08475924880169995,1.0
suggested,40,0.06932409012131716,0.047619047619047616,1.4558058925476602,2.954540788348206,0.08563663072408455,1.0
vbm,13,0.022530329289428077,0.010476190476190476,2.150622341263589,2.9396806260584545,0.08642782011700068,1.0
technique,13,0.022530329289428077,0.010476190476190476,2.150622341263589,2.9396806260584545,0.08642782011700068,1.0
manner,16,0.02772963604852686,0.014285714285714285,1.9410745233968805,2.9175179564513325,0.08762254916333859,1.0
cortical subcortical,16,0.02772963604852686,0.014285714285714285,1.9410745233968805,2.9175179564513325,0.08762254916333859,1.0
contexts,16,0.02772963604852686,0.014285714285714285,1.9410745233968805,2.9175179564513325,0.08762254916333859,1.0
small,8,0.01386481802426343,0.02857142857142857,0.4852686308492201,2.915476782925824,0.08773347938464889,1.0
12,22,0.038128249566724434,0.05904761904761905,0.6457203555654945,2.914628614498824,0.08777961893080594,1.0
hippocampal,83,0.1438474870017331,0.11333333333333333,1.2692425323682335,2.9140790950484523,0.08780952629215319,1.0
premotor,30,0.05199306759098787,0.03333333333333333,1.559792027729636,2.91140902857161,0.08795500073628376,1.0
initial,11,0.019064124783362217,0.035238095238095235,0.5410089465548737,2.8607741337443966,0.09076380783620842,1.0
implemented,3,0.005199306759098787,0.01619047619047619,0.3211336527678663,2.855090625001444,0.09108510640784277,1.0
induces,8,0.01386481802426343,0.004761904761904762,2.91161178509532,2.8291009133126575,0.0925701707136245,1.0
connection,8,0.01386481802426343,0.004761904761904762,2.91161178509532,2.8291009133126575,0.0925701707136245,1.0
compensate,8,0.01386481802426343,0.004761904761904762,2.91161178509532,2.8291009133126575,0.0925701707136245,1.0
vision,8,0.01386481802426343,0.004761904761904762,2.91161178509532,2.8291009133126575,0.0925701707136245,1.0
button,8,0.01386481802426343,0.004761904761904762,2.91161178509532,2.8291009133126575,0.0925701707136245,1.0
influence,24,0.0415944540727903,0.06285714285714286,0.6617299511580275,2.8275653649090597,0.09265873193148454,1.0
cognition,24,0.0415944540727903,0.06285714285714286,0.6617299511580275,2.8275653649090597,0.09265873193148454,1.0
pictures,24,0.0415944540727903,0.06285714285714286,0.6617299511580275,2.8275653649090597,0.09265873193148454,1.0
rate,23,0.03986135181975736,0.023809523809523808,1.6741767764298092,2.8138484044244203,0.09345394229662735,1.0
sulcus sts,1,0.0017331022530329288,0.010476190476190476,0.16543248778950684,2.7854990596713014,0.0951210573695323,1.0
encompassing,1,0.0017331022530329288,0.010476190476190476,0.16543248778950684,2.7854990596713014,0.0951210573695323,1.0
cross sectional,1,0.0017331022530329288,0.010476190476190476,0.16543248778950684,2.7854990596713014,0.0951210573695323,1.0
traditionally,1,0.0017331022530329288,0.010476190476190476,0.16543248778950684,2.7854990596713014,0.0951210573695323,1.0
open,1,0.0017331022530329288,0.010476190476190476,0.16543248778950684,2.7854990596713014,0.0951210573695323,1.0
sectional,1,0.0017331022530329288,0.010476190476190476,0.16543248778950684,2.7854990596713014,0.0951210573695323,1.0
feature,18,0.03119584055459272,0.017142857142857144,1.8197573656845754,2.780274078864474,0.09543183598860751,1.0
errors,18,0.03119584055459272,0.017142857142857144,1.8197573656845754,2.780274078864474,0.09543183598860751,1.0
blocks,18,0.03119584055459272,0.017142857142857144,1.8197573656845754,2.780274078864474,0.09543183598860751,1.0
receptor,2,0.0034662045060658577,0.013333333333333334,0.2599653379549393,2.7788396126304375,0.09551735044414437,1.0
tissue,2,0.0034662045060658577,0.013333333333333334,0.2599653379549393,2.7788396126304375,0.09551735044414437,1.0
differentiate,2,0.0034662045060658577,0.013333333333333334,0.2599653379549393,2.7788396126304375,0.09551735044414437,1.0
evaluation,9,0.01559792027729636,0.030476190476190476,0.5118067590987868,2.7772569797570896,0.09561179454873597,1.0
did,48,0.0831889081455806,0.11047619047619048,0.7530030478694795,2.7653904923191583,0.09632317947970118,1.0
supports,12,0.02079722703639515,0.037142857142857144,0.5599253432875617,2.760425555816317,0.09662253200919467,1.0
influences,12,0.02079722703639515,0.037142857142857144,0.5599253432875617,2.760425555816317,0.09662253200919467,1.0
interestingly,12,0.02079722703639515,0.009523809523809525,2.1837088388214903,2.753040277325812,0.09706969224123936,1.0
lobule,27,0.04679376083188908,0.029523809523809525,1.5849499636607591,2.7477747253312317,0.0973898855967678,1.0
past,27,0.04679376083188908,0.029523809523809525,1.5849499636607591,2.7477747253312317,0.0973898855967678,1.0
elicit,5,0.008665511265164644,0.02095238095238095,0.41358121947376714,2.7329472716916694,0.09829773338417755,1.0
ifg,5,0.008665511265164644,0.02095238095238095,0.41358121947376714,2.7329472716916694,0.09829773338417755,1.0
motivational,5,0.008665511265164644,0.02095238095238095,0.41358121947376714,2.7329472716916694,0.09829773338417755,1.0
useful,5,0.008665511265164644,0.02095238095238095,0.41358121947376714,2.7329472716916694,0.09829773338417755,1.0
classification,5,0.008665511265164644,0.02095238095238095,0.41358121947376714,2.7329472716916694,0.09829773338417755,1.0
remained,5,0.008665511265164644,0.02095238095238095,0.41358121947376714,2.7329472716916694,0.09829773338417755,1.0
anterior temporal,7,0.012131715771230503,0.025714285714285714,0.471788946658964,2.7265196145475823,0.09869414736426359,1.0
semantic memory,15,0.025996533795493933,0.013333333333333334,1.9497400346620448,2.7258751079250993,0.0987339922487598,1.0
validated,7,0.012131715771230503,0.0038095238095238095,3.184575389948007,2.7012269186887123,0.1002710559564733,1.0
investigates,7,0.012131715771230503,0.0038095238095238095,3.184575389948007,2.7012269186887123,0.1002710559564733,1.0
parameter,7,0.012131715771230503,0.0038095238095238095,3.184575389948007,2.7012269186887123,0.1002710559564733,1.0
systems,64,0.11091854419410745,0.08476190476190476,1.3085895663349756,2.6912480628191138,0.100900753766041,1.0
structure,22,0.038128249566724434,0.058095238095238096,0.6563059351649287,2.667993202874731,0.10238504869908563,1.0
scale,17,0.029462738301559793,0.047619047619047616,0.6187175043327557,2.6660790283754623,0.10250828471388292,1.0
period,17,0.029462738301559793,0.047619047619047616,0.6187175043327557,2.6660790283754623,0.10250828471388292,1.0
cortex acc,10,0.01733102253032929,0.03238095238095238,0.5352227546131104,2.6589846378774706,0.10296644432839817,1.0
comprehension,22,0.038128249566724434,0.022857142857142857,1.668110918544194,2.629439898643487,0.10489871205669182,1.0
language,38,0.0658578856152513,0.045714285714285714,1.4406412478336221,2.629098924574459,0.10492124278737447,1.0
relies,17,0.029462738301559793,0.01619047619047619,1.8197573656845756,2.5900249550362546,0.10753864136916819,1.0
simultaneous,17,0.029462738301559793,0.01619047619047619,1.8197573656845756,2.5900249550362546,0.10753864136916819,1.0
largely,26,0.045060658578856154,0.02857142857142857,1.5771230502599654,2.570468975928777,0.10887545028577829,1.0
concurrent,11,0.019064124783362217,0.008571428571428572,2.2241478913922585,2.5677023112369604,0.10906604353783854,1.0
sma,11,0.019064124783362217,0.008571428571428572,2.2241478913922585,2.5677023112369604,0.10906604353783854,1.0
diffusion tensor,11,0.019064124783362217,0.008571428571428572,2.2241478913922585,2.5677023112369604,0.10906604353783854,1.0
fear,19,0.03292894280762565,0.05142857142857143,0.6402849990371654,2.557736336231139,0.1097556366458699,1.0
mpfc,11,0.019064124783362217,0.03428571428571429,0.5560369728480646,2.55684589283461,0.10981748349755538,1.0
increases,34,0.058925476603119586,0.08190476190476191,0.71943895852646,2.551725414825723,0.11017387720113084,1.0
congruent,6,0.010398613518197574,0.022857142857142857,0.4549393414211439,2.5421840194798,0.11084137229998993,1.0
autism spectrum,6,0.010398613518197574,0.022857142857142857,0.4549393414211439,2.5421840194798,0.11084137229998993,1.0
opposite,6,0.010398613518197574,0.022857142857142857,0.4549393414211439,2.5421840194798,0.11084137229998993,1.0
forms,14,0.024263431542461005,0.012380952380952381,1.9597387015064658,2.534711366520179,0.11136724960223186,1.0
children,15,0.025996533795493933,0.04285714285714286,0.6065857885615251,2.5246227685503118,0.11208158145176912,1.0
prediction,19,0.03292894280762565,0.01904761904761905,1.7287694974003465,2.5022714450582413,0.11368222807218649,1.0
object,39,0.06759098786828423,0.047619047619047616,1.4194107452339688,2.499163505812603,0.11390678500685221,1.0
associations,37,0.06412478336221837,0.04476190476190476,1.4325749474538148,2.469583016289542,0.11606871322187769,1.0
sex,12,0.02079722703639515,0.03619047619047619,0.5746602207424976,2.467942249575831,0.1161899494088472,1.0
provide evidence,16,0.02772963604852686,0.04476190476190476,0.6194918691692172,2.4626068030633252,0.11658515304111051,1.0
ventromedial,16,0.02772963604852686,0.04476190476190476,0.6194918691692172,2.4626068030633252,0.11658515304111051,1.0
described,9,0.01559792027729636,0.029523809523809525,0.5283166545535863,2.458636540702267,0.11688019909298171,1.0
architecture,3,0.005199306759098787,0.015238095238095238,0.3412045060658579,2.4398142533548968,0.1182902320496868,1.0
cortex superior,3,0.005199306759098787,0.015238095238095238,0.3412045060658579,2.4398142533548968,0.1182902320496868,1.0
predictive,23,0.03986135181975736,0.024761904761904763,1.6097853619517395,2.4125618924638292,0.1203652399828137,1.0
demands,29,0.05025996533795494,0.03333333333333333,1.5077989601386481,2.3931255508305838,0.12186974957832651,1.0
alzheimer,27,0.04679376083188908,0.030476190476190476,1.5354202772963605,2.3893420398725325,0.12216503660971019,1.0
pathways,7,0.012131715771230503,0.024761904761904763,0.48993467537661645,2.387491787045623,0.12230972975819,1.0
differs,10,0.01733102253032929,0.007619047619047619,2.2746967071057194,2.3839407954583773,0.12258795641400062,1.0
confidence,10,0.01733102253032929,0.007619047619047619,2.2746967071057194,2.3839407954583773,0.12258795641400062,1.0
unilateral,10,0.01733102253032929,0.007619047619047619,2.2746967071057194,2.3839407954583773,0.12258795641400062,1.0
potential,33,0.05719237435008666,0.07904761904761905,0.7235179887661565,2.366287615573177,0.12398157719575144,1.0
asd,5,0.008665511265164644,0.02,0.4332755632582322,2.3641272795147312,0.12415332790542792,1.0
domains,5,0.008665511265164644,0.02,0.4332755632582322,2.3641272795147312,0.12415332790542792,1.0
abnormal,18,0.03119584055459272,0.04857142857142857,0.6422673055357325,2.3569880772283707,0.12472278945866368,1.0
trait,10,0.01733102253032929,0.03142857142857143,0.5514416259650228,2.3543814934689316,0.12493142715753557,1.0
depressive,10,0.01733102253032929,0.03142857142857143,0.5514416259650228,2.3543814934689316,0.12493142715753557,1.0
phonological,13,0.022530329289428077,0.011428571428571429,1.9714038128249567,2.3440249378278812,0.12576423207456597,1.0
existence,13,0.022530329289428077,0.011428571428571429,1.9714038128249567,2.3440249378278812,0.12576423207456597,1.0
consisted,13,0.022530329289428077,0.011428571428571429,1.9714038128249567,2.3440249378278812,0.12576423207456597,1.0
distributed network,13,0.022530329289428077,0.011428571428571429,1.9714038128249567,2.3440249378278812,0.12576423207456597,1.0
observing,2,0.0034662045060658577,0.012380952380952381,0.2799626716437808,2.3373206643790727,0.12630663407035128,1.0
lesser,2,0.0034662045060658577,0.012380952380952381,0.2799626716437808,2.3373206643790727,0.12630663407035128,1.0
appraisal,2,0.0034662045060658577,0.012380952380952381,0.2799626716437808,2.3373206643790727,0.12630663407035128,1.0
age groups,2,0.0034662045060658577,0.012380952380952381,0.2799626716437808,2.3373206643790727,0.12630663407035128,1.0
emotional information,2,0.0034662045060658577,0.012380952380952381,0.2799626716437808,2.3373206643790727,0.12630663407035128,1.0
mesolimbic,2,0.0034662045060658577,0.012380952380952381,0.2799626716437808,2.3373206643790727,0.12630663407035128,1.0
periaqueductal,2,0.0034662045060658577,0.012380952380952381,0.2799626716437808,2.3373206643790727,0.12630663407035128,1.0
apparent,2,0.0034662045060658577,0.012380952380952381,0.2799626716437808,2.3373206643790727,0.12630663407035128,1.0
acc,14,0.024263431542461005,0.04,0.6065857885615251,2.321352007950633,0.12760906939110245,1.0
human,85,0.14731369150779897,0.17809523809523808,0.8271624389475344,2.3178472890670316,0.12789691672278622,1.0
judgment,18,0.03119584055459272,0.018095238095238095,1.7239806622274925,2.3163834300299255,0.12801735937550096,1.0
avoid,1,0.0017331022530329288,0.009523809523809525,0.1819757365684575,2.3054943189989334,0.12891726209478446,1.0
emphasize,1,0.0017331022530329288,0.009523809523809525,0.1819757365684575,2.3054943189989334,0.12891726209478446,1.0
dorsal attention,1,0.0017331022530329288,0.009523809523809525,0.1819757365684575,2.3054943189989334,0.12891726209478446,1.0
interpersonal,1,0.0017331022530329288,0.009523809523809525,0.1819757365684575,2.3054943189989334,0.12891726209478446,1.0
band,1,0.0017331022530329288,0.009523809523809525,0.1819757365684575,2.3054943189989334,0.12891726209478446,1.0
component,43,0.07452339688041594,0.054285714285714284,1.3727994162181885,2.304648558012662,0.1289874521564168,1.0
older,34,0.058925476603119586,0.040952380952380955,1.43887791705292,2.284195292058689,0.13069791371982292,1.0
dmn,11,0.019064124783362217,0.03333333333333333,0.5719237435008665,2.2647623867012014,0.13234650974267212,1.0
load,8,0.01386481802426343,0.02666666666666667,0.5199306759098786,2.2598600105414106,0.13276606209308742,1.0
face,44,0.07625649913344887,0.1,0.7625649913344886,2.246039761587164,0.1339568391448504,1.0
associative,28,0.04852686308492201,0.03238095238095238,1.4986237129167093,2.226158253444968,0.1356908651538263,1.0
individuals,66,0.11438474870017332,0.1419047619047619,0.8060670210414899,2.2249910409258145,0.13579344488141498,1.0
acquisition,24,0.0415944540727903,0.02666666666666667,1.559792027729636,2.2212169426389385,0.13612572369108794,1.0
mapping,24,0.0415944540727903,0.02666666666666667,1.559792027729636,2.2212169426389385,0.13612572369108794,1.0
visuospatial,15,0.025996533795493933,0.014285714285714285,1.8197573656845754,2.211683602469672,0.13696911890361949,1.0
short,16,0.02772963604852686,0.04380952380952381,0.632959083716374,2.206344961503387,0.13744397332605784,1.0
entire,9,0.01559792027729636,0.006666666666666667,2.339688041594454,2.202167725679052,0.13781681120274425,1.0
research suggests,9,0.01559792027729636,0.006666666666666667,2.339688041594454,2.202167725679052,0.13781681120274425,1.0
modal,9,0.01559792027729636,0.006666666666666667,2.339688041594454,2.202167725679052,0.13781681120274425,1.0
ones,9,0.01559792027729636,0.006666666666666667,2.339688041594454,2.202167725679052,0.13781681120274425,1.0
50,6,0.010398613518197574,0.021904761904761906,0.4747193127872805,2.1971338185856504,0.13826761813699148,1.0
transient,4,0.006932409012131715,0.017142857142857144,0.40439052570768336,2.1952175773020364,0.1384396596550756,1.0
effective connectivity,4,0.006932409012131715,0.017142857142857144,0.40439052570768336,2.1952175773020364,0.1384396596550756,1.0
medial orbitofrontal,4,0.006932409012131715,0.017142857142857144,0.40439052570768336,2.1952175773020364,0.1384396596550756,1.0
correlations,37,0.06412478336221837,0.045714285714285714,1.4027296360485269,2.190797411798758,0.13883742160504778,1.0
highlight,12,0.02079722703639515,0.035238095238095235,0.5901915780598623,2.187096541217331,0.13917144178372629,1.0
integration,35,0.060658578856152515,0.04285714285714286,1.415366839976892,2.157561218471525,0.14186970221469447,1.0
tensor,12,0.02079722703639515,0.010476190476190476,1.9851898534740824,2.1538140363891785,0.14221621597932158,1.0
frontal temporal,12,0.02079722703639515,0.010476190476190476,1.9851898534740824,2.1538140363891785,0.14221621597932158,1.0
amygdala hippocampus,9,0.01559792027729636,0.02857142857142857,0.5459272097053727,2.1530506574640826,0.14228692465930842,1.0
delayed,9,0.01559792027729636,0.02857142857142857,0.5459272097053727,2.1530506574640826,0.14228692465930842,1.0
healthy,169,0.292894280762565,0.3295238095238095,0.8888410254355298,2.143210778218782,0.14320190118881473,1.0
compensatory,17,0.029462738301559793,0.017142857142857144,1.7186597342576546,2.131669780798675,0.1442835062673264,1.0
events,45,0.0779896013864818,0.058095238095238096,1.3424439582918997,2.1041725208864492,0.14689779044647505,1.0
normal,45,0.0779896013864818,0.058095238095238096,1.3424439582918997,2.1041725208864492,0.14689779044647505,1.0
block,19,0.03292894280762565,0.02,1.6464471403812824,2.0844807047156104,0.14880281692583255,1.0
motion,7,0.012131715771230503,0.023809523809523808,0.5095320623916811,2.0628542530840885,0.15092723621816492,1.0
help,7,0.012131715771230503,0.023809523809523808,0.5095320623916811,2.0628542530840885,0.15092723621816492,1.0
pronounced,7,0.012131715771230503,0.023809523809523808,0.5095320623916811,2.0628542530840885,0.15092723621816492,1.0
male,14,0.024263431542461005,0.039047619047619046,0.621380563892294,2.059820665367284,0.1512279673887342,1.0
reflecting,21,0.036395147313691506,0.022857142857142857,1.5922876949740035,2.059282852114856,0.15128135361607928,1.0
motor,70,0.12131715771230503,0.09714285714285714,1.2488530940972578,2.053205213042084,0.15188613772824436,1.0
lateralization,3,0.005199306759098787,0.014285714285714285,0.3639514731369151,2.040879356592834,0.1531211066568579,1.0
equally,3,0.005199306759098787,0.014285714285714285,0.3639514731369151,2.040879356592834,0.1531211066568579,1.0
exist,3,0.005199306759098787,0.014285714285714285,0.3639514731369151,2.040879356592834,0.1531211066568579,1.0
anger,3,0.005199306759098787,0.014285714285714285,0.3639514731369151,2.040879356592834,0.1531211066568579,1.0
goals,3,0.005199306759098787,0.014285714285714285,0.3639514731369151,2.040879356592834,0.1531211066568579,1.0
amygdala responses,3,0.005199306759098787,0.014285714285714285,0.3639514731369151,2.040879356592834,0.1531211066568579,1.0
music,3,0.005199306759098787,0.014285714285714285,0.3639514731369151,2.040879356592834,0.1531211066568579,1.0
perception,29,0.05025996533795494,0.06952380952380953,0.7229173096555161,2.0352234657630808,0.15369159485797124,1.0
years,29,0.05025996533795494,0.06952380952380953,0.7229173096555161,2.0352234657630808,0.15369159485797124,1.0
gyrus inferior,14,0.024263431542461005,0.013333333333333334,1.8197573656845754,2.0236897547649937,0.15486244139352298,1.0
sub,14,0.024263431542461005,0.013333333333333334,1.8197573656845754,2.0236897547649937,0.15486244139352298,1.0
affects,14,0.024263431542461005,0.013333333333333334,1.8197573656845754,2.0236897547649937,0.15486244139352298,1.0
traumatic,8,0.01386481802426343,0.005714285714285714,2.4263431542461005,2.0230315392909852,0.15492956485239892,1.0
primary visual,8,0.01386481802426343,0.005714285714285714,2.4263431542461005,2.0230315392909852,0.15492956485239892,1.0
analyze,8,0.01386481802426343,0.005714285714285714,2.4263431542461005,2.0230315392909852,0.15492956485239892,1.0
trauma,8,0.01386481802426343,0.005714285714285714,2.4263431542461005,2.0230315392909852,0.15492956485239892,1.0
respective,8,0.01386481802426343,0.005714285714285714,2.4263431542461005,2.0230315392909852,0.15492956485239892,1.0
relates,8,0.01386481802426343,0.005714285714285714,2.4263431542461005,2.0230315392909852,0.15492956485239892,1.0
younger adults,8,0.01386481802426343,0.005714285714285714,2.4263431542461005,2.0230315392909852,0.15492956485239892,1.0
cerebellum,41,0.07105719237435008,0.05238095238095238,1.3565463998739562,2.0150168882007105,0.15574953714499037,1.0
cues,46,0.07972270363951472,0.06,1.3287117273252456,2.0125358054020888,0.15600437257273528,1.0
epilepsy,5,0.008665511265164644,0.01904761904761905,0.4549393414211438,2.0110649841016377,0.15615566620644392,1.0
selected,5,0.008665511265164644,0.01904761904761905,0.4549393414211438,2.0110649841016377,0.15615566620644392,1.0
examining,5,0.008665511265164644,0.01904761904761905,0.4549393414211438,2.0110649841016377,0.15615566620644392,1.0
involved,130,0.22530329289428075,0.19428571428571428,1.159649301661739,2.00994585288291,0.1562708954639873,1.0
despite,21,0.036395147313691506,0.05333333333333334,0.6824090121317157,2.0087493635939424,0.1563941965984136,1.0
representation,34,0.058925476603119586,0.0419047619047619,1.4061761462108084,2.005332878611394,0.1567468825406799,1.0
components,32,0.05545927209705372,0.039047619047619046,1.420298431753815,1.9730702668770808,0.16012234724148053,1.0
addiction,11,0.019064124783362217,0.009523809523809525,2.0017331022530325,1.964076885638992,0.1610779732130546,1.0
novel,60,0.10398613518197573,0.08190476190476191,1.2695981621055177,1.9606720042740173,0.16144146705761753,1.0
providing,8,0.01386481802426343,0.025714285714285714,0.5391873676102446,1.952883688202208,0.16227644447906023,1.0
image,8,0.01386481802426343,0.025714285714285714,0.5391873676102446,1.952883688202208,0.16227644447906023,1.0
ability,55,0.09532062391681109,0.07428571428571429,1.2831622450339955,1.9237006529789389,0.1654492760056062,1.0
main,28,0.04852686308492201,0.03333333333333333,1.4558058925476602,1.9192181423134809,0.16594287747521197,1.0
preference,2,0.0034662045060658577,0.011428571428571429,0.30329289428076256,1.912745015959626,0.16665865641205546,1.0
reversal,2,0.0034662045060658577,0.011428571428571429,0.30329289428076256,1.912745015959626,0.16665865641205546,1.0
estimation,2,0.0034662045060658577,0.011428571428571429,0.30329289428076256,1.912745015959626,0.16665865641205546,1.0
alzheimer disease,26,0.045060658578856154,0.030476190476190476,1.4785528596187176,1.899288571968859,0.16815797208074534,1.0
prefrontal cortex,142,0.24610051993067592,0.27904761904761904,0.8819301908778489,1.898808139637317,0.1682117868116002,1.0
activations,61,0.10571923743500866,0.0838095238095238,1.2614227193949898,1.89335773086133,0.16882368854930313,1.0
retrieval,82,0.14211438474870017,0.11714285714285715,1.2131715771230502,1.8879132124708766,0.1694374784612484,1.0
older adults,22,0.038128249566724434,0.024761904761904763,1.5397946940407945,1.880176276578803,0.17031411410875685,1.0
location,22,0.038128249566724434,0.024761904761904763,1.5397946940407945,1.880176276578803,0.17031411410875685,1.0
working memory,45,0.0779896013864818,0.05904761904761905,1.3207916363839658,1.8772113156434342,0.17065143868419172,1.0
cortices,70,0.12131715771230503,0.0980952380952381,1.236728306775925,1.8758761386310474,0.1708035926577548,1.0
items,27,0.04679376083188908,0.06476190476190476,0.7225507187276992,1.8720378367482255,0.17124186593451177,1.0
elderly,6,0.010398613518197574,0.02095238095238095,0.4962974633685206,1.8679367672810199,0.17171157127960104,1.0
relate,6,0.010398613518197574,0.02095238095238095,0.4962974633685206,1.8679367672810199,0.17171157127960104,1.0
instead,6,0.010398613518197574,0.02095238095238095,0.4962974633685206,1.8679367672810199,0.17171157127960104,1.0
19,13,0.022530329289428077,0.03619047619047619,0.622548572471039,1.8606502247218464,0.1725497737677526,1.0
regulation,28,0.04852686308492201,0.06666666666666667,0.7279029462738301,1.8560332557005685,0.17308331837894547,1.0
flexible,7,0.012131715771230503,0.004761904761904762,2.5476603119584054,1.8476141428051043,0.17406113883975252,1.0
switching,7,0.012131715771230503,0.004761904761904762,2.5476603119584054,1.8476141428051043,0.17406113883975252,1.0
matching task,7,0.012131715771230503,0.004761904761904762,2.5476603119584054,1.8476141428051043,0.17406113883975252,1.0
tensor dti,7,0.012131715771230503,0.004761904761904762,2.5476603119584054,1.8476141428051043,0.17406113883975252,1.0
smokers,7,0.012131715771230503,0.004761904761904762,2.5476603119584054,1.8476141428051043,0.17406113883975252,1.0
just,7,0.012131715771230503,0.004761904761904762,2.5476603119584054,1.8476141428051043,0.17406113883975252,1.0
regional gray,1,0.0017331022530329288,0.008571428571428572,0.20219526285384168,1.841070669685266,0.1748255100519234,1.0
mapped,1,0.0017331022530329288,0.008571428571428572,0.20219526285384168,1.841070669685266,0.1748255100519234,1.0
monetary reward,1,0.0017331022530329288,0.008571428571428572,0.20219526285384168,1.841070669685266,0.1748255100519234,1.0
anterior superior,1,0.0017331022530329288,0.008571428571428572,0.20219526285384168,1.841070669685266,0.1748255100519234,1.0
mediates,1,0.0017331022530329288,0.008571428571428572,0.20219526285384168,1.841070669685266,0.1748255100519234,1.0
illness,13,0.022530329289428077,0.012380952380952381,1.8197573656845754,1.8365722132917588,0.17535323675592815,1.0
temporal parietal,13,0.022530329289428077,0.012380952380952381,1.8197573656845754,1.8365722132917588,0.17535323675592815,1.0
date,4,0.006932409012131715,0.01619047619047619,0.4281782036904883,1.8311562165479711,0.1759910399849706,1.0
polymorphism,4,0.006932409012131715,0.01619047619047619,0.4281782036904883,1.8311562165479711,0.1759910399849706,1.0
spatially,4,0.006932409012131715,0.01619047619047619,0.4281782036904883,1.8311562165479711,0.1759910399849706,1.0
amygdala response,4,0.006932409012131715,0.01619047619047619,0.4281782036904883,1.8311562165479711,0.1759910399849706,1.0
attentional,31,0.053726169844020795,0.0380952380952381,1.4103119584055457,1.8215419021796053,0.1771298494935941,1.0
reward,34,0.058925476603119586,0.07809523809523809,0.7545335418692143,1.7872598927945864,0.18126037445132706,1.0
detected,10,0.01733102253032929,0.029523809523809525,0.5870185050595405,1.7845500612548189,0.18159159627846547,1.0
read,10,0.01733102253032929,0.008571428571428572,2.021952628538417,1.7748117178508709,0.18278771036476468,1.0
inputs,10,0.01733102253032929,0.008571428571428572,2.021952628538417,1.7748117178508709,0.18278771036476468,1.0
locations,10,0.01733102253032929,0.008571428571428572,2.021952628538417,1.7748117178508709,0.18278771036476468,1.0
video,10,0.01733102253032929,0.008571428571428572,2.021952628538417,1.7748117178508709,0.18278771036476468,1.0
labeling,10,0.01733102253032929,0.008571428571428572,2.021952628538417,1.7748117178508709,0.18278771036476468,1.0
attributed,10,0.01733102253032929,0.008571428571428572,2.021952628538417,1.7748117178508709,0.18278771036476468,1.0
anxiety,22,0.038128249566724434,0.054285714285714284,0.702362492018608,1.7690564673587041,0.1834988917442283,1.0
thalamic,15,0.025996533795493933,0.015238095238095238,1.7060225303292893,1.7662941428848256,0.18384137378365603,1.0
provide,59,0.1022530329289428,0.12571428571428572,0.8133763982984086,1.7582338611852297,0.1848449605978957,1.0
critically,7,0.012131715771230503,0.022857142857142857,0.5307625649913345,1.753930585512986,0.18538336507405018,1.0
recruitment,34,0.058925476603119586,0.04285714285714286,1.3749277874061236,1.7478338770169546,0.18614927607536308,1.0
stress,25,0.043327556325823226,0.029523809523809525,1.4675462626488511,1.7397810958644933,0.18716656573085083,1.0
experiments,17,0.029462738301559793,0.018095238095238095,1.6282039587704096,1.7295289341734983,0.1884710681898333,1.0
investigating,23,0.03986135181975736,0.02666666666666667,1.494800693240901,1.7226832243401542,0.18934802117361513,1.0
sensorimotor,23,0.03986135181975736,0.02666666666666667,1.494800693240901,1.7226832243401542,0.18934802117361513,1.0
network dmn,11,0.019064124783362217,0.03142857142857143,0.606585788561525,1.7191613655095275,0.18980103142404903,1.0
generation,19,0.03292894280762565,0.02095238095238095,1.5716086340003153,1.7141319720040837,0.19045014471458008,1.0
pattern,70,0.12131715771230503,0.09904761904761905,1.2248366884415411,1.7074316522586652,0.19131893984900097,1.0
ratings,17,0.029462738301559793,0.04380952380952381,0.6725190264486474,1.6917345590225814,0.19337247387319667,1.0
better understanding,6,0.010398613518197574,0.0038095238095238095,2.729636048526863,1.677864372231596,0.19520846904733521,1.0
primary somatosensory,6,0.010398613518197574,0.0038095238095238095,2.729636048526863,1.677864372231596,0.19520846904733521,1.0
sensation,6,0.010398613518197574,0.0038095238095238095,2.729636048526863,1.677864372231596,0.19520846904733521,1.0
neurodegenerative,6,0.010398613518197574,0.0038095238095238095,2.729636048526863,1.677864372231596,0.19520846904733521,1.0
names,6,0.010398613518197574,0.0038095238095238095,2.729636048526863,1.677864372231596,0.19520846904733521,1.0
pars,6,0.010398613518197574,0.0038095238095238095,2.729636048526863,1.677864372231596,0.19520846904733521,1.0
verbs,6,0.010398613518197574,0.0038095238095238095,2.729636048526863,1.677864372231596,0.19520846904733521,1.0
visual attention,6,0.010398613518197574,0.0038095238095238095,2.729636048526863,1.677864372231596,0.19520846904733521,1.0
processes involved,6,0.010398613518197574,0.0038095238095238095,2.729636048526863,1.677864372231596,0.19520846904733521,1.0
improvement,5,0.008665511265164644,0.018095238095238095,0.47888351728541456,1.675641858121532,0.1955045549920987,1.0
material,5,0.008665511265164644,0.018095238095238095,0.47888351728541456,1.675641858121532,0.1955045549920987,1.0
gyrus ifg,5,0.008665511265164644,0.018095238095238095,0.47888351728541456,1.675641858121532,0.1955045549920987,1.0
episode,5,0.008665511265164644,0.018095238095238095,0.47888351728541456,1.675641858121532,0.1955045549920987,1.0
addressed,5,0.008665511265164644,0.018095238095238095,0.47888351728541456,1.675641858121532,0.1955045549920987,1.0
subject,30,0.05199306759098787,0.037142857142857144,1.399813358218904,1.672954271543292,0.19586330097203486,1.0
feedback,12,0.02079722703639515,0.03333333333333333,0.6239168110918545,1.6631025444449603,0.19718494467094488,1.0
emotional faces,3,0.005199306759098787,0.013333333333333334,0.389948006932409,1.6610464471675181,0.19746209388607228,1.0
tegmental,3,0.005199306759098787,0.013333333333333334,0.389948006932409,1.6610464471675181,0.19746209388607228,1.0
trend,3,0.005199306759098787,0.013333333333333334,0.389948006932409,1.6610464471675181,0.19746209388607228,1.0
ventral tegmental,3,0.005199306759098787,0.013333333333333334,0.389948006932409,1.6610464471675181,0.19746209388607228,1.0
diffusion,12,0.02079722703639515,0.011428571428571429,1.8197573656845756,1.6504292250144335,0.19890052134498515,1.0
respect,12,0.02079722703639515,0.011428571428571429,1.8197573656845756,1.6504292250144335,0.19890052134498515,1.0
confirmed,13,0.022530329289428077,0.035238095238095235,0.6393742095648509,1.6146994907190304,0.20383245473525488,1.0
intrinsic,13,0.022530329289428077,0.035238095238095235,0.6393742095648509,1.6146994907190304,0.20383245473525488,1.0
scenes,13,0.022530329289428077,0.035238095238095235,0.6393742095648509,1.6146994907190304,0.20383245473525488,1.0
person,13,0.022530329289428077,0.035238095238095235,0.6393742095648509,1.6146994907190304,0.20383245473525488,1.0
determine,20,0.03466204506065858,0.049523809523809526,0.699906679109452,1.609090164464853,0.20461974409923753,1.0
using functional,60,0.10398613518197573,0.0838095238095238,1.2407436584213014,1.5973566787707538,0.20627821048540868,1.0
task,249,0.43154246100519933,0.3980952380952381,1.0840181436733476,1.5866711076271256,0.20780238512663163,1.0
example,9,0.01559792027729636,0.007619047619047619,2.0472270363951472,1.5860167740820996,0.2078961500430603,1.0
quality,9,0.01559792027729636,0.007619047619047619,2.0472270363951472,1.5860167740820996,0.2078961500430603,1.0
fractional,9,0.01559792027729636,0.007619047619047619,2.0472270363951472,1.5860167740820996,0.2078961500430603,1.0
points,9,0.01559792027729636,0.007619047619047619,2.0472270363951472,1.5860167740820996,0.2078961500430603,1.0
limitations,9,0.01559792027729636,0.007619047619047619,2.0472270363951472,1.5860167740820996,0.2078961500430603,1.0
dissociate,9,0.01559792027729636,0.007619047619047619,2.0472270363951472,1.5860167740820996,0.2078961500430603,1.0
perform,14,0.024263431542461005,0.014285714285714285,1.6984402079722705,1.5859888404297517,0.20790015400259787,1.0
healthy individuals,9,0.01559792027729636,0.02666666666666667,0.5849220103986135,1.5849763075847085,0.20804535021877263,1.0
extended,9,0.01559792027729636,0.02666666666666667,0.5849220103986135,1.5849763075847085,0.20804535021877263,1.0
involves,14,0.024263431542461005,0.037142857142857144,0.6532462338354886,1.5726571780658298,0.20982154630309663,1.0
comparisons,22,0.038128249566724434,0.025714285714285714,1.4827652609281725,1.5625744705465927,0.2112886660841658,1.0
scans,22,0.038128249566724434,0.025714285714285714,1.4827652609281725,1.5625744705465927,0.2112886660841658,1.0
gain,6,0.010398613518197574,0.02,0.5199306759098787,1.5562755774237447,0.21221138164665518,1.0
temporal gyri,6,0.010398613518197574,0.02,0.5199306759098787,1.5562755774237447,0.21221138164665518,1.0
wise,6,0.010398613518197574,0.02,0.5199306759098787,1.5562755774237447,0.21221138164665518,1.0
connectivity amygdala,6,0.010398613518197574,0.02,0.5199306759098787,1.5562755774237447,0.21221138164665518,1.0
ica,6,0.010398613518197574,0.02,0.5199306759098787,1.5562755774237447,0.21221138164665518,1.0
periods,16,0.02772963604852686,0.017142857142857144,1.6175621028307334,1.5551824655496556,0.2123719964075149,1.0
generally,20,0.03466204506065858,0.022857142857142857,1.5164644714038127,1.549037168829387,0.21327763712359707,1.0
discussed,20,0.03466204506065858,0.022857142857142857,1.5164644714038127,1.549037168829387,0.21327763712359707,1.0
judgments,15,0.025996533795493933,0.039047619047619046,0.6657648898846008,1.5359581220641936,0.21522043468063895,1.0
middle,80,0.1386481802426343,0.11619047619047619,1.1932835184816888,1.5267469399270495,0.21660132836882165,1.0
tests,10,0.01733102253032929,0.02857142857142857,0.6065857885615251,1.5211820730535865,0.21744069796876636,1.0
cortex mpfc,10,0.01733102253032929,0.02857142857142857,0.6065857885615251,1.5211820730535865,0.21744069796876636,1.0
developmental,10,0.01733102253032929,0.02857142857142857,0.6065857885615251,1.5211820730535865,0.21744069796876636,1.0
chinese,2,0.0034662045060658577,0.010476190476190476,0.3308649755790137,1.5088624874799843,0.21931274276507776,1.0
producing,2,0.0034662045060658577,0.010476190476190476,0.3308649755790137,1.5088624874799843,0.21931274276507776,1.0
higher level,2,0.0034662045060658577,0.010476190476190476,0.3308649755790137,1.5088624874799843,0.21931274276507776,1.0
perceiving,2,0.0034662045060658577,0.010476190476190476,0.3308649755790137,1.5088624874799843,0.21931274276507776,1.0
frequency fluctuations,2,0.0034662045060658577,0.010476190476190476,0.3308649755790137,1.5088624874799843,0.21931274276507776,1.0
modulations,2,0.0034662045060658577,0.010476190476190476,0.3308649755790137,1.5088624874799843,0.21931274276507776,1.0
know,2,0.0034662045060658577,0.010476190476190476,0.3308649755790137,1.5088624874799843,0.21931274276507776,1.0
presentation,16,0.02772963604852686,0.040952380952380955,0.6771190197896093,1.5037918189805743,0.2200888491773878,1.0
anterior insula,16,0.02772963604852686,0.040952380952380955,0.6771190197896093,1.5037918189805743,0.2200888491773878,1.0
age sex,4,0.006932409012131715,0.015238095238095238,0.45493934142114384,1.4869373659069458,0.22269225346712637,1.0
strategic,4,0.006932409012131715,0.015238095238095238,0.45493934142114384,1.4869373659069458,0.22269225346712637,1.0
investigations,4,0.006932409012131715,0.015238095238095238,0.45493934142114384,1.4869373659069458,0.22269225346712637,1.0
images,29,0.05025996533795494,0.06666666666666667,0.7538994800693241,1.478673903107486,0.22398211776767443,1.0
default mode,30,0.05199306759098787,0.06857142857142857,0.7582322357019063,1.4709668264343372,0.22519321221532826,1.0
insula,77,0.13344887348353554,0.15714285714285714,0.8492201039861352,1.4692335924808193,0.22546665447276737,1.0
prefrontal parietal,11,0.019064124783362217,0.010476190476190476,1.8197573656845754,1.4653954200837138,0.2260736002465908,1.0
morphometry vbm,11,0.019064124783362217,0.010476190476190476,1.8197573656845754,1.4653954200837138,0.2260736002465908,1.0
gyrus anterior,11,0.019064124783362217,0.010476190476190476,1.8197573656845754,1.4653954200837138,0.2260736002465908,1.0
learn,11,0.019064124783362217,0.010476190476190476,1.8197573656845754,1.4653954200837138,0.2260736002465908,1.0
correlate,11,0.019064124783362217,0.010476190476190476,1.8197573656845754,1.4653954200837138,0.2260736002465908,1.0
developed,7,0.012131715771230503,0.021904761904761906,0.5538391982518273,1.4622210122408585,0.226577064864932,1.0
social cognition,7,0.012131715771230503,0.021904761904761906,0.5538391982518273,1.4622210122408585,0.226577064864932,1.0
major depressive,7,0.012131715771230503,0.021904761904761906,0.5538391982518273,1.4622210122408585,0.226577064864932,1.0
precuneus,48,0.0831889081455806,0.06571428571428571,1.2659181674327482,1.4519774322275327,0.228210921656954,1.0
gender,18,0.03119584055459272,0.04476190476190476,0.6969283528153694,1.4505637732419172,0.22843751187215147,1.0
addition,49,0.08492201039861352,0.10476190476190476,0.8106191901685836,1.444904859662273,0.2293472737468744,1.0
superior temporal,45,0.0779896013864818,0.09714285714285714,0.8028341319196656,1.4372308434022016,0.2305879763090234,1.0
direct,30,0.05199306759098787,0.0380952380952381,1.3648180242634314,1.4256257376554364,0.23247964910585306,1.0
categories,12,0.02079722703639515,0.03238095238095238,0.6422673055357326,1.4214982091687527,0.23315696255679308,1.0
discrimination,13,0.022530329289428077,0.013333333333333334,1.6897746967071057,1.4075986485451266,0.23545544059892884,1.0
words,46,0.07972270363951472,0.06285714285714286,1.2683157397195524,1.399791031886984,0.23675856183712476,1.0
alter,8,0.01386481802426343,0.006666666666666667,2.0797227036395145,1.3976903041192048,0.23711067206722325,1.0
visual auditory,8,0.01386481802426343,0.006666666666666667,2.0797227036395145,1.3976903041192048,0.23711067206722325,1.0
constructed,8,0.01386481802426343,0.006666666666666667,2.0797227036395145,1.3976903041192048,0.23711067206722325,1.0
memory test,8,0.01386481802426343,0.006666666666666667,2.0797227036395145,1.3976903041192048,0.23711067206722325,1.0
shapes,8,0.01386481802426343,0.006666666666666667,2.0797227036395145,1.3976903041192048,0.23711067206722325,1.0
anisotropy,8,0.01386481802426343,0.006666666666666667,2.0797227036395145,1.3976903041192048,0.23711067206722325,1.0
fractional anisotropy,8,0.01386481802426343,0.006666666666666667,2.0797227036395145,1.3976903041192048,0.23711067206722325,1.0
receiving,8,0.01386481802426343,0.006666666666666667,2.0797227036395145,1.3976903041192048,0.23711067206722325,1.0
distribution,8,0.01386481802426343,0.006666666666666667,2.0797227036395145,1.3976903041192048,0.23711067206722325,1.0
relations,8,0.01386481802426343,0.006666666666666667,2.0797227036395145,1.3976903041192048,0.23711067206722325,1.0
functional abnormalities,8,0.01386481802426343,0.006666666666666667,2.0797227036395145,1.3976903041192048,0.23711067206722325,1.0
enables,8,0.01386481802426343,0.006666666666666667,2.0797227036395145,1.3976903041192048,0.23711067206722325,1.0
common,49,0.08492201039861352,0.06761904761904762,1.2558888861766788,1.3884683286634614,0.23866393260122665,1.0
binding,15,0.025996533795493933,0.01619047619047619,1.6056682638393314,1.3833214558896507,0.23953619184300892,1.0
arousal,13,0.022530329289428077,0.03428571428571429,0.6571346042749856,1.3822021895493943,0.23972639027272902,1.0
occipital cortex,17,0.029462738301559793,0.01904761904761905,1.546793760831889,1.379100947773767,0.24025434798970932,1.0
food,5,0.008665511265164644,0.017142857142857144,0.5054881571346043,1.360066816497425,0.2435259020450999,1.0
listening,5,0.008665511265164644,0.017142857142857144,0.5054881571346043,1.360066816497425,0.2435259020450999,1.0
cuneus,5,0.008665511265164644,0.017142857142857144,0.5054881571346043,1.360066816497425,0.2435259020450999,1.0
people,24,0.0415944540727903,0.05619047619047619,0.740240284346268,1.3510581985548678,0.24509320629099005,1.0
stimuli,112,0.19410745233968804,0.22,0.8823066015440365,1.348930742639169,0.2454651328143304,1.0
extend,9,0.01559792027729636,0.025714285714285714,0.6065857885615251,1.3247624365888937,0.24973912746809696,1.0
effective,15,0.025996533795493933,0.0380952380952381,0.6824090121317157,1.3189733136606578,0.2507763919157602,1.0
view,15,0.025996533795493933,0.0380952380952381,0.6824090121317157,1.3189733136606578,0.2507763919157602,1.0
monitoring,24,0.0415944540727903,0.029523809523809525,1.4088444121428971,1.3121005142178126,0.25201469773817053,1.0
fewer,3,0.005199306759098787,0.012380952380952381,0.41994400746567123,1.3037664908635476,0.25352637521053095,1.0
punishment,3,0.005199306759098787,0.012380952380952381,0.41994400746567123,1.3037664908635476,0.25352637521053095,1.0
disgust,3,0.005199306759098787,0.012380952380952381,0.41994400746567123,1.3037664908635476,0.25352637521053095,1.0
differently,3,0.005199306759098787,0.012380952380952381,0.41994400746567123,1.3037664908635476,0.25352637521053095,1.0
spectrum disorder,3,0.005199306759098787,0.012380952380952381,0.41994400746567123,1.3037664908635476,0.25352637521053095,1.0
reducing,3,0.005199306759098787,0.012380952380952381,0.41994400746567123,1.3037664908635476,0.25352637521053095,1.0
reasoning,3,0.005199306759098787,0.012380952380952381,0.41994400746567123,1.3037664908635476,0.25352637521053095,1.0
level bold,29,0.05025996533795494,0.037142857142857144,1.3531529129449407,1.2890588473876212,0.2562214655486557,1.0
working,45,0.0779896013864818,0.06190476190476191,1.2598320223970136,1.2837870186661455,0.2571960889376848,1.0
order,45,0.0779896013864818,0.06190476190476191,1.2598320223970136,1.2837870186661455,0.2571960889376848,1.0
bipolar,10,0.01733102253032929,0.009523809523809525,1.8197573656845751,1.2816599989323145,0.2575906146173953,1.0
focal,10,0.01733102253032929,0.009523809523809525,1.8197573656845751,1.2816599989323145,0.2575906146173953,1.0
days,10,0.01733102253032929,0.009523809523809525,1.8197573656845751,1.2816599989323145,0.2575906146173953,1.0
occurrence,10,0.01733102253032929,0.009523809523809525,1.8197573656845751,1.2816599989323145,0.2575906146173953,1.0
parietal lobule,22,0.038128249566724434,0.02666666666666667,1.429809358752166,1.2800075655667327,0.2578976286081158,1.0
visual cortex,22,0.038128249566724434,0.02666666666666667,1.429809358752166,1.2800075655667327,0.2578976286081158,1.0
positively,48,0.0831889081455806,0.06666666666666667,1.247833622183709,1.2755466426580149,0.2587287067431682,1.0
spatial,60,0.10398613518197573,0.08571428571428572,1.2131715771230502,1.2751141203682368,0.2588094623595857,1.0
white matter,10,0.01733102253032929,0.02761904761904762,0.6275025398912328,1.273578669959275,0.2590963959259072,1.0
female,10,0.01733102253032929,0.02761904761904762,0.6275025398912328,1.273578669959275,0.2590963959259072,1.0
maps,10,0.01733102253032929,0.02761904761904762,0.6275025398912328,1.273578669959275,0.2590963959259072,1.0
structures,57,0.09878682842287695,0.08095238095238096,1.2203078805178917,1.2713614189909863,0.25951143393817616,1.0
variables,6,0.010398613518197574,0.01904761904761905,0.5459272097053726,1.264092043936393,0.2608779414348681,1.0
spontaneous,20,0.03466204506065858,0.023809523809523808,1.4558058925476602,1.2522025395149081,0.2631322207704087,1.0
connections,20,0.03466204506065858,0.023809523809523808,1.4558058925476602,1.2522025395149081,0.2631322207704087,1.0
recollection,20,0.03466204506065858,0.023809523809523808,1.4558058925476602,1.2522025395149081,0.2631322207704087,1.0
accompanied,20,0.03466204506065858,0.023809523809523808,1.4558058925476602,1.2522025395149081,0.2631322207704087,1.0
trial,18,0.03119584055459272,0.04380952380952381,0.7120789691809207,1.2517976046913981,0.26320942207825226,1.0
fronto,32,0.05545927209705372,0.0419047619047619,1.3234599023160547,1.2470515511524065,0.26411636308238595,1.0
indicate,67,0.11611785095320624,0.09714285714285714,1.1953308186359466,1.2437240004409034,0.2647545533212085,1.0
theoretical,12,0.02079722703639515,0.012380952380952381,1.679776029862685,1.2314673991318732,0.26712185358590784,1.0
inter,12,0.02079722703639515,0.012380952380952381,1.679776029862685,1.2314673991318732,0.26712185358590784,1.0
21,11,0.019064124783362217,0.029523809523809525,0.6457203555654945,1.2307578102819519,0.2672597126305715,1.0
focus,18,0.03119584055459272,0.02095238095238095,1.4888923901055617,1.2301719783972984,0.26737359497714086,1.0
hippocampus,149,0.2582322357019064,0.23238095238095238,1.1112452765860725,1.2208994476503685,0.2691842072677612,1.0
experimental,20,0.03466204506065858,0.047619047619047616,0.7279029462738301,1.219970058888404,0.26936652805114697,1.0
specifically,49,0.08492201039861352,0.06857142857142857,1.2384459849797804,1.2183686567296357,0.26968104151945416,1.0
parametric,16,0.02772963604852686,0.018095238095238095,1.5324272553133267,1.216253620723609,0.2700971354417442,1.0
acute,14,0.024263431542461005,0.015238095238095238,1.5922876949740035,1.2143456994832627,0.27047317187907477,1.0
map,14,0.024263431542461005,0.015238095238095238,1.5922876949740035,1.2143456994832627,0.27047317187907477,1.0
contrasting,14,0.024263431542461005,0.015238095238095238,1.5922876949740035,1.2143456994832627,0.27047317187907477,1.0
shed,7,0.012131715771230503,0.005714285714285714,2.123050259965338,1.2098305664238769,0.27136568037394104,1.0
group comparisons,7,0.012131715771230503,0.005714285714285714,2.123050259965338,1.2098305664238769,0.27136568037394104,1.0
posterior temporal,7,0.012131715771230503,0.005714285714285714,2.123050259965338,1.2098305664238769,0.27136568037394104,1.0
dti,7,0.012131715771230503,0.005714285714285714,2.123050259965338,1.2098305664238769,0.27136568037394104,1.0
gyrus medial,7,0.012131715771230503,0.005714285714285714,2.123050259965338,1.2098305664238769,0.27136568037394104,1.0
reverse,7,0.012131715771230503,0.005714285714285714,2.123050259965338,1.2098305664238769,0.27136568037394104,1.0
metabolic,7,0.012131715771230503,0.005714285714285714,2.123050259965338,1.2098305664238769,0.27136568037394104,1.0
lobules,7,0.012131715771230503,0.005714285714285714,2.123050259965338,1.2098305664238769,0.27136568037394104,1.0
inference,7,0.012131715771230503,0.005714285714285714,2.123050259965338,1.2098305664238769,0.27136568037394104,1.0
seven,7,0.012131715771230503,0.005714285714285714,2.123050259965338,1.2098305664238769,0.27136568037394104,1.0
temporal lobes,12,0.02079722703639515,0.03142857142857143,0.6617299511580275,1.1946328563804036,0.27439704224311945,1.0
cingulate,142,0.24610051993067592,0.2723809523809524,0.9035158948503835,1.194544096777319,0.2744148707373645,1.0
successfully,7,0.012131715771230503,0.02095238095238095,0.5790137072632741,1.1894328734251651,0.27544398228248773,1.0
depressive disorder,7,0.012131715771230503,0.02095238095238095,0.5790137072632741,1.1894328734251651,0.27544398228248773,1.0
effects,106,0.18370883882149047,0.20761904761904762,0.8848361502869954,1.18912874876952,0.27550536843942564,1.0
degree,25,0.043327556325823226,0.05714285714285714,0.7582322357019065,1.1699317162957314,0.27941527141420475,1.0
disorder mdd,4,0.006932409012131715,0.014285714285714285,0.4852686308492201,1.165583588550409,0.28031055591825565,1.0
semantically,4,0.006932409012131715,0.014285714285714285,0.4852686308492201,1.165583588550409,0.28031055591825565,1.0
neutral stimuli,4,0.006932409012131715,0.014285714285714285,0.4852686308492201,1.165583588550409,0.28031055591825565,1.0
guide,4,0.006932409012131715,0.014285714285714285,0.4852686308492201,1.165583588550409,0.28031055591825565,1.0
incidental,4,0.006932409012131715,0.014285714285714285,0.4852686308492201,1.165583588550409,0.28031055591825565,1.0
decreasing,4,0.006932409012131715,0.014285714285714285,0.4852686308492201,1.165583588550409,0.28031055591825565,1.0
extracted,4,0.006932409012131715,0.014285714285714285,0.4852686308492201,1.165583588550409,0.28031055591825565,1.0
goal directed,4,0.006932409012131715,0.014285714285714285,0.4852686308492201,1.165583588550409,0.28031055591825565,1.0
background,50,0.08665511265164645,0.07047619047619047,1.2295657876247132,1.1641695092082371,0.2806024963248267,1.0
white,13,0.022530329289428077,0.03333333333333333,0.6759098786828424,1.1639535971299306,0.28064710571407925,1.0
mode network,26,0.045060658578856154,0.05904761904761905,0.7631240565774026,1.1636312676494993,0.2807137185642295,1.0
conditions,79,0.1369150779896014,0.11714285714285715,1.1687872511307436,1.163087956443838,0.2808260448538737,1.0
medial prefrontal,45,0.0779896013864818,0.09523809523809523,0.8188908145580589,1.160499309303821,0.281362012153395,1.0
defined,14,0.024263431542461005,0.035238095238095235,0.6885568410698394,1.1377640265044544,0.2861252961924553,1.0
detection,14,0.024263431542461005,0.035238095238095235,0.6885568410698394,1.1377640265044544,0.2861252961924553,1.0
deactivation,21,0.036395147313691506,0.025714285714285714,1.415366839976892,1.1340917693808545,0.28690423701744494,1.0
shaped,2,0.0034662045060658577,0.009523809523809525,0.363951473136915,1.1306732688545031,0.28763177499574427,1.0
separation,2,0.0034662045060658577,0.009523809523809525,0.363951473136915,1.1306732688545031,0.28763177499574427,1.0
rich,2,0.0034662045060658577,0.009523809523809525,0.363951473136915,1.1306732688545031,0.28763177499574427,1.0
male female,2,0.0034662045060658577,0.009523809523809525,0.363951473136915,1.1306732688545031,0.28763177499574427,1.0
near,2,0.0034662045060658577,0.009523809523809525,0.363951473136915,1.1306732688545031,0.28763177499574427,1.0
flexibly,2,0.0034662045060658577,0.009523809523809525,0.363951473136915,1.1306732688545031,0.28763177499574427,1.0
controls using,2,0.0034662045060658577,0.009523809523809525,0.363951473136915,1.1306732688545031,0.28763177499574427,1.0
behavioral measures,2,0.0034662045060658577,0.009523809523809525,0.363951473136915,1.1306732688545031,0.28763177499574427,1.0
contributed,2,0.0034662045060658577,0.009523809523809525,0.363951473136915,1.1306732688545031,0.28763177499574427,1.0
contingent,2,0.0034662045060658577,0.009523809523809525,0.363951473136915,1.1306732688545031,0.28763177499574427,1.0
played,2,0.0034662045060658577,0.009523809523809525,0.363951473136915,1.1306732688545031,0.28763177499574427,1.0
anterior medial,2,0.0034662045060658577,0.009523809523809525,0.363951473136915,1.1306732688545031,0.28763177499574427,1.0
peak,2,0.0034662045060658577,0.009523809523809525,0.363951473136915,1.1306732688545031,0.28763177499574427,1.0
social interaction,2,0.0034662045060658577,0.009523809523809525,0.363951473136915,1.1306732688545031,0.28763177499574427,1.0
activate,8,0.01386481802426343,0.022857142857142857,0.6065857885615251,1.1301017514173457,0.28775363616885574,1.0
accumbens,8,0.01386481802426343,0.022857142857142857,0.6065857885615251,1.1301017514173457,0.28775363616885574,1.0
passive,8,0.01386481802426343,0.022857142857142857,0.6065857885615251,1.1301017514173457,0.28775363616885574,1.0
reports,8,0.01386481802426343,0.022857142857142857,0.6065857885615251,1.1301017514173457,0.28775363616885574,1.0
testing,8,0.01386481802426343,0.022857142857142857,0.6065857885615251,1.1301017514173457,0.28775363616885574,1.0
choice,8,0.01386481802426343,0.022857142857142857,0.6065857885615251,1.1301017514173457,0.28775363616885574,1.0
28,8,0.01386481802426343,0.022857142857142857,0.6065857885615251,1.1301017514173457,0.28775363616885574,1.0
recall,26,0.045060658578856154,0.03333333333333333,1.3518197573656847,1.112779842113548,0.2914784699034623,1.0
mild,19,0.03292894280762565,0.022857142857142857,1.4406412478336221,1.1027163787950713,0.29367074466629617,1.0
placebo controlled,9,0.01559792027729636,0.008571428571428572,1.8197573656845754,1.0994970441385727,0.29437650858114434,1.0
34,9,0.01559792027729636,0.008571428571428572,1.8197573656845754,1.0994970441385727,0.29437650858114434,1.0
gm,9,0.01559792027729636,0.008571428571428572,1.8197573656845754,1.0994970441385727,0.29437650858114434,1.0
predictions,9,0.01559792027729636,0.008571428571428572,1.8197573656845754,1.0994970441385727,0.29437650858114434,1.0
memory tasks,9,0.01559792027729636,0.008571428571428572,1.8197573656845754,1.0994970441385727,0.29437650858114434,1.0
hemispheric,9,0.01559792027729636,0.008571428571428572,1.8197573656845754,1.0994970441385727,0.29437650858114434,1.0
reduction,16,0.02772963604852686,0.039047619047619046,0.7101492158769075,1.0960364200885155,0.29513759281501334,1.0
control group,9,0.01559792027729636,0.024761904761904763,0.6299160111985068,1.0821640512762587,0.29821394693864733,1.0
gains,5,0.008665511265164644,0.01619047619047619,0.5352227546131104,1.066950634352446,0.3016352424614549,1.0
parahippocampus,5,0.008665511265164644,0.01619047619047619,0.5352227546131104,1.066950634352446,0.3016352424614549,1.0
contralateral,5,0.008665511265164644,0.01619047619047619,0.5352227546131104,1.066950634352446,0.3016352424614549,1.0
noise,5,0.008665511265164644,0.01619047619047619,0.5352227546131104,1.066950634352446,0.3016352424614549,1.0
iq,5,0.008665511265164644,0.01619047619047619,0.5352227546131104,1.066950634352446,0.3016352424614549,1.0
short term,5,0.008665511265164644,0.01619047619047619,0.5352227546131104,1.066950634352446,0.3016352424614549,1.0
evident,5,0.008665511265164644,0.01619047619047619,0.5352227546131104,1.066950634352446,0.3016352424614549,1.0
presented,75,0.12998266897746968,0.11142857142857143,1.1665111318490868,1.0598141361343494,0.303257580012032,1.0
abilities,11,0.019064124783362217,0.011428571428571429,1.668110918544194,1.058059145544877,0.30365826657406586,1.0
contrasts,11,0.019064124783362217,0.011428571428571429,1.668110918544194,1.058059145544877,0.30365826657406586,1.0
executive control,11,0.019064124783362217,0.011428571428571429,1.668110918544194,1.058059145544877,0.30365826657406586,1.0
network connectivity,11,0.019064124783362217,0.011428571428571429,1.668110918544194,1.058059145544877,0.30365826657406586,1.0
consequences,11,0.019064124783362217,0.011428571428571429,1.668110918544194,1.058059145544877,0.30365826657406586,1.0
identity,11,0.019064124783362217,0.011428571428571429,1.668110918544194,1.058059145544877,0.30365826657406586,1.0
occur,15,0.025996533795493933,0.017142857142857144,1.5164644714038127,1.0571543986927545,0.30386509901775854,1.0
accurate,15,0.025996533795493933,0.017142857142857144,1.5164644714038127,1.0571543986927545,0.30386509901775854,1.0
shift,15,0.025996533795493933,0.017142857142857144,1.5164644714038127,1.0571543986927545,0.30386509901775854,1.0
execution,15,0.025996533795493933,0.017142857142857144,1.5164644714038127,1.0571543986927545,0.30386509901775854,1.0
shows,15,0.025996533795493933,0.017142857142857144,1.5164644714038127,1.0571543986927545,0.30386509901775854,1.0
techniques,15,0.025996533795493933,0.017142857142857144,1.5164644714038127,1.0571543986927545,0.30386509901775854,1.0
depression,19,0.03292894280762565,0.04476190476190476,0.7356465946384454,1.052870719896592,0.3048468595008285,1.0
cortex posterior,13,0.022530329289428077,0.014285714285714285,1.5771230502599654,1.0487697391228124,0.3057905971926813,1.0
learning task,13,0.022530329289428077,0.014285714285714285,1.5771230502599654,1.0487697391228124,0.3057905971926813,1.0
cortex hippocampus,13,0.022530329289428077,0.014285714285714285,1.5771230502599654,1.0487697391228124,0.3057905971926813,1.0
diminished,13,0.022530329289428077,0.014285714285714285,1.5771230502599654,1.0487697391228124,0.3057905971926813,1.0
younger,13,0.022530329289428077,0.014285714285714285,1.5771230502599654,1.0487697391228124,0.3057905971926813,1.0
late,13,0.022530329289428077,0.014285714285714285,1.5771230502599654,1.0487697391228124,0.3057905971926813,1.0
widely,10,0.01733102253032929,0.02666666666666667,0.6499133448873483,1.0429277078365158,0.30714154078989525,1.0
set,22,0.038128249566724434,0.05047619047619047,0.7553709819822766,1.0256413204184454,0.31118459928954517,1.0
applied,22,0.038128249566724434,0.05047619047619047,0.7553709819822766,1.0256413204184454,0.31118459928954517,1.0
unexpected,6,0.010398613518197574,0.004761904761904762,2.1837088388214903,1.02243582807928,0.3119419198893789,1.0
biomarkers,6,0.010398613518197574,0.004761904761904762,2.1837088388214903,1.02243582807928,0.3119419198893789,1.0
excessive,6,0.010398613518197574,0.004761904761904762,2.1837088388214903,1.02243582807928,0.3119419198893789,1.0
gyrus insula,6,0.010398613518197574,0.004761904761904762,2.1837088388214903,1.02243582807928,0.3119419198893789,1.0
inferior superior,6,0.010398613518197574,0.004761904761904762,2.1837088388214903,1.02243582807928,0.3119419198893789,1.0
fronto striatal,6,0.010398613518197574,0.004761904761904762,2.1837088388214903,1.02243582807928,0.3119419198893789,1.0
separated,6,0.010398613518197574,0.004761904761904762,2.1837088388214903,1.02243582807928,0.3119419198893789,1.0
criteria,6,0.010398613518197574,0.004761904761904762,2.1837088388214903,1.02243582807928,0.3119419198893789,1.0
partner,6,0.010398613518197574,0.004761904761904762,2.1837088388214903,1.02243582807928,0.3119419198893789,1.0
undergoing functional,6,0.010398613518197574,0.004761904761904762,2.1837088388214903,1.02243582807928,0.3119419198893789,1.0
attenuation,6,0.010398613518197574,0.004761904761904762,2.1837088388214903,1.02243582807928,0.3119419198893789,1.0
smoking,6,0.010398613518197574,0.004761904761904762,2.1837088388214903,1.02243582807928,0.3119419198893789,1.0
brains,6,0.010398613518197574,0.004761904761904762,2.1837088388214903,1.02243582807928,0.3119419198893789,1.0
capture,6,0.010398613518197574,0.004761904761904762,2.1837088388214903,1.02243582807928,0.3119419198893789,1.0
emotion regulation,11,0.019064124783362217,0.02857142857142857,0.6672443674176777,1.0104886221627543,0.31478580872688683,1.0
groups,75,0.12998266897746968,0.14952380952380953,0.8693108434798927,1.0086879562747844,0.31521736936480876,1.0
sulcus,29,0.05025996533795494,0.06380952380952382,0.7876561732067564,0.9993350038647048,0.31747147097949724,1.0
mdd,6,0.010398613518197574,0.018095238095238095,0.5746602207424976,0.993638860755985,0.31885462852614427,1.0
notably,6,0.010398613518197574,0.018095238095238095,0.5746602207424976,0.993638860755985,0.31885462852614427,1.0
benefit,6,0.010398613518197574,0.018095238095238095,0.5746602207424976,0.993638860755985,0.31885462852614427,1.0
average,6,0.010398613518197574,0.018095238095238095,0.5746602207424976,0.993638860755985,0.31885462852614427,1.0
populations,6,0.010398613518197574,0.018095238095238095,0.5746602207424976,0.993638860755985,0.31885462852614427,1.0
aging,20,0.03466204506065858,0.024761904761904763,1.399813358218904,0.9925365229631584,0.31912321537517674,1.0
symptom,20,0.03466204506065858,0.024761904761904763,1.399813358218904,0.9925365229631584,0.31912321537517674,1.0
characteristics,20,0.03466204506065858,0.024761904761904763,1.399813358218904,0.9925365229631584,0.31912321537517674,1.0
known,72,0.12478336221837089,0.1438095238095238,0.8676988763529102,0.9844943266362393,0.32109174247217553,1.0
organization,12,0.02079722703639515,0.030476190476190476,0.6824090121317158,0.9834620370933445,0.32134557702627287,1.0
picture,12,0.02079722703639515,0.030476190476190476,0.6824090121317158,0.9834620370933445,0.32134557702627287,1.0
training,12,0.02079722703639515,0.030476190476190476,0.6824090121317158,0.9834620370933445,0.32134557702627287,1.0
unaffected,3,0.005199306759098787,0.011428571428571429,0.4549393414211439,0.973411056832634,0.32383094203408264,1.0
rewarding,3,0.005199306759098787,0.011428571428571429,0.4549393414211439,0.973411056832634,0.32383094203408264,1.0
concerning,3,0.005199306759098787,0.011428571428571429,0.4549393414211439,0.973411056832634,0.32383094203408264,1.0
broca,3,0.005199306759098787,0.011428571428571429,0.4549393414211439,0.973411056832634,0.32383094203408264,1.0
expectations,3,0.005199306759098787,0.011428571428571429,0.4549393414211439,0.973411056832634,0.32383094203408264,1.0
trial trial,3,0.005199306759098787,0.011428571428571429,0.4549393414211439,0.973411056832634,0.32383094203408264,1.0
intermediate,3,0.005199306759098787,0.011428571428571429,0.4549393414211439,0.973411056832634,0.32383094203408264,1.0
parieto,3,0.005199306759098787,0.011428571428571429,0.4549393414211439,0.973411056832634,0.32383094203408264,1.0
tracking,3,0.005199306759098787,0.011428571428571429,0.4549393414211439,0.973411056832634,0.32383094203408264,1.0
t1,3,0.005199306759098787,0.011428571428571429,0.4549393414211439,0.973411056832634,0.32383094203408264,1.0
substantia,3,0.005199306759098787,0.011428571428571429,0.4549393414211439,0.973411056832634,0.32383094203408264,1.0
amplitude low,3,0.005199306759098787,0.011428571428571429,0.4549393414211439,0.973411056832634,0.32383094203408264,1.0
greatest,3,0.005199306759098787,0.011428571428571429,0.4549393414211439,0.973411056832634,0.32383094203408264,1.0
social cognitive,3,0.005199306759098787,0.011428571428571429,0.4549393414211439,0.973411056832634,0.32383094203408264,1.0
output,3,0.005199306759098787,0.011428571428571429,0.4549393414211439,0.973411056832634,0.32383094203408264,1.0
newly,3,0.005199306759098787,0.011428571428571429,0.4549393414211439,0.973411056832634,0.32383094203408264,1.0
anticipatory,3,0.005199306759098787,0.011428571428571429,0.4549393414211439,0.973411056832634,0.32383094203408264,1.0
considering,3,0.005199306759098787,0.011428571428571429,0.4549393414211439,0.973411056832634,0.32383094203408264,1.0
produced,13,0.022530329289428077,0.03238095238095238,0.6957895809970436,0.9608167902396375,0.32698117384687975,1.0
remain,13,0.022530329289428077,0.03238095238095238,0.6957895809970436,0.9608167902396375,0.32698117384687975,1.0
strength,18,0.03119584055459272,0.021904761904761906,1.4241579383618415,0.9576750552247031,0.32777334188356055,1.0
temporal sulcus,14,0.024263431542461005,0.03428571428571429,0.707683419988446,0.9417692359095103,0.331823254438442,1.0
large scale,7,0.012131715771230503,0.02,0.6065857885615251,0.9375176052056883,0.33291706879528504,1.0
self referential,7,0.012131715771230503,0.02,0.6065857885615251,0.9375176052056883,0.33291706879528504,1.0
total,7,0.012131715771230503,0.02,0.6065857885615251,0.9375176052056883,0.33291706879528504,1.0
preferentially,7,0.012131715771230503,0.02,0.6065857885615251,0.9375176052056883,0.33291706879528504,1.0
contribution,16,0.02772963604852686,0.01904761904761905,1.45580589254766,0.9270141293129593,0.3356400055149013,1.0
movement,16,0.02772963604852686,0.01904761904761905,1.45580589254766,0.9270141293129593,0.3356400055149013,1.0
adolescents,15,0.025996533795493933,0.03619047619047619,0.7183252759281219,0.9257131935512658,0.3359793321109752,1.0
evoked,15,0.025996533795493933,0.03619047619047619,0.7183252759281219,0.9257131935512658,0.3359793321109752,1.0
psychophysiological interaction,8,0.01386481802426343,0.007619047619047619,1.8197573656845754,0.9193185662292905,0.33765395814867244,1.0
46,8,0.01386481802426343,0.007619047619047619,1.8197573656845754,0.9193185662292905,0.33765395814867244,1.0
positive correlations,8,0.01386481802426343,0.007619047619047619,1.8197573656845754,0.9193185662292905,0.33765395814867244,1.0
differentiated,8,0.01386481802426343,0.007619047619047619,1.8197573656845754,0.9193185662292905,0.33765395814867244,1.0
corresponded,8,0.01386481802426343,0.007619047619047619,1.8197573656845754,0.9193185662292905,0.33765395814867244,1.0
recovery,8,0.01386481802426343,0.007619047619047619,1.8197573656845754,0.9193185662292905,0.33765395814867244,1.0
affecting,8,0.01386481802426343,0.007619047619047619,1.8197573656845754,0.9193185662292905,0.33765395814867244,1.0
impairment,34,0.058925476603119586,0.04666666666666667,1.2626887843525625,0.9165576109959072,0.3383804575228682,1.0
demonstrate,62,0.10745233968804159,0.09142857142857143,1.175259965337955,0.91534884288326,0.338699185172885,1.0
memory performance,16,0.02772963604852686,0.0380952380952381,0.72790294627383,0.9121724127728265,0.3395386700167082,1.0
vs,43,0.07452339688041594,0.06095238095238095,1.222649480069324,0.9062659133169376,0.3411071269159886,1.0
particular,40,0.06932409012131716,0.05619047619047619,1.2337338072437798,0.9059119530811609,0.3412014296796574,1.0
lower,40,0.06932409012131716,0.05619047619047619,1.2337338072437798,0.9059119530811609,0.3412014296796574,1.0
performance,126,0.21837088388214904,0.19714285714285715,1.1076783965036545,0.9045608782397221,0.3415617086652877,1.0
morphometry,17,0.029462738301559793,0.04,0.7365684575389948,0.9007675405619835,0.34257598867342365,1.0
research,41,0.07105719237435008,0.08571428571428572,0.829000577700751,0.891640584332541,0.3450331120595499,1.0
insular cortex,10,0.01733102253032929,0.010476190476190476,1.6543248778950685,0.8880154066233706,0.34601568106009983,1.0
elevated,10,0.01733102253032929,0.010476190476190476,1.6543248778950685,0.8880154066233706,0.34601568106009983,1.0
parietal cortices,12,0.02079722703639515,0.013333333333333334,1.559792027729636,0.8872669966342703,0.34621900199356737,1.0
dissociable,12,0.02079722703639515,0.013333333333333334,1.559792027729636,0.8872669966342703,0.34621900199356737,1.0
cortex medial,12,0.02079722703639515,0.013333333333333334,1.559792027729636,0.8872669966342703,0.34621900199356737,1.0
internally,12,0.02079722703639515,0.013333333333333334,1.559792027729636,0.8872669966342703,0.34621900199356737,1.0
marked,4,0.006932409012131715,0.013333333333333334,0.5199306759098786,0.8707894182282103,0.3507368570016982,1.0
matter volumes,4,0.006932409012131715,0.013333333333333334,0.5199306759098786,0.8707894182282103,0.3507368570016982,1.0
cognitive functions,4,0.006932409012131715,0.013333333333333334,0.5199306759098786,0.8707894182282103,0.3507368570016982,1.0
difficulties,4,0.006932409012131715,0.013333333333333334,0.5199306759098786,0.8707894182282103,0.3507368570016982,1.0
diagnostic,4,0.006932409012131715,0.013333333333333334,0.5199306759098786,0.8707894182282103,0.3507368570016982,1.0
sites,4,0.006932409012131715,0.013333333333333334,0.5199306759098786,0.8707894182282103,0.3507368570016982,1.0
actual,4,0.006932409012131715,0.013333333333333334,0.5199306759098786,0.8707894182282103,0.3507368570016982,1.0
voxel,34,0.058925476603119586,0.07238095238095238,0.8141019793852048,0.8666799945091992,0.35187606916799685,1.0
use,47,0.08145580589254767,0.06761904761904762,1.2046281153123246,0.8641429283138891,0.3525819136843884,1.0
scores,25,0.043327556325823226,0.05523809523809524,0.7843781748640412,0.8590060579670702,0.3540169887163541,1.0
impact,30,0.05199306759098787,0.06476190476190476,0.8028341319196657,0.8588450332410696,0.3540621027400572,1.0
modeling,9,0.01559792027729636,0.023809523809523808,0.6551126516464472,0.8586724831496478,0.35411045453222323,1.0
paired,9,0.01559792027729636,0.023809523809523808,0.6551126516464472,0.8586724831496478,0.35411045453222323,1.0
idea,9,0.01559792027729636,0.023809523809523808,0.6551126516464472,0.8586724831496478,0.35411045453222323,1.0
sought,9,0.01559792027729636,0.023809523809523808,0.6551126516464472,0.8586724831496478,0.35411045453222323,1.0
linguistic,9,0.01559792027729636,0.023809523809523808,0.6551126516464472,0.8586724831496478,0.35411045453222323,1.0
strategies,19,0.03292894280762565,0.023809523809523808,1.3830155979202774,0.8558688895832397,0.354897341645647,1.0
local,19,0.03292894280762565,0.023809523809523808,1.3830155979202774,0.8558688895832397,0.354897341645647,1.0
control,146,0.2530329289428076,0.23142857142857143,1.0933521620985514,0.8402926716124312,0.35931308001625795,1.0
clear,10,0.01733102253032929,0.025714285714285714,0.6739842095128057,0.8305456059398544,0.3621148088073034,1.0
suggests,61,0.10571923743500866,0.09047619047619047,1.1684757821764116,0.8299732123290037,0.3622802750524581,1.0
using event,17,0.029462738301559793,0.02095238095238095,1.4061761462108084,0.8176868054272621,0.3658573587525915,1.0
posterior parietal,17,0.029462738301559793,0.02095238095238095,1.4061761462108084,0.8176868054272621,0.3658573587525915,1.0
error,17,0.029462738301559793,0.02095238095238095,1.4061761462108084,0.8176868054272621,0.3658573587525915,1.0
driven,22,0.038128249566724434,0.02857142857142857,1.3344887348353554,0.8120570774136125,0.3675127732209036,1.0
roles,11,0.019064124783362217,0.02761904761904762,0.6902527938803561,0.8076980046507805,0.3688017126952222,1.0
directed,11,0.019064124783362217,0.02761904761904762,0.6902527938803561,0.8076980046507805,0.3688017126952222,1.0
skin conductance,5,0.008665511265164644,0.015238095238095238,0.5686741767764298,0.799401627229357,0.3712723333699318,1.0
adolescent,5,0.008665511265164644,0.015238095238095238,0.5686741767764298,0.799401627229357,0.3712723333699318,1.0
voxel wise,5,0.008665511265164644,0.015238095238095238,0.5686741767764298,0.799401627229357,0.3712723333699318,1.0
distinguished,5,0.008665511265164644,0.015238095238095238,0.5686741767764298,0.799401627229357,0.3712723333699318,1.0
conductance,5,0.008665511265164644,0.015238095238095238,0.5686741767764298,0.799401627229357,0.3712723333699318,1.0
represents,5,0.008665511265164644,0.015238095238095238,0.5686741767764298,0.799401627229357,0.3712723333699318,1.0
subsequent memory,12,0.02079722703639515,0.029523809523809525,0.7044222060714486,0.789030318383264,0.37439349704392877,1.0
theories,12,0.02079722703639515,0.029523809523809525,0.7044222060714486,0.789030318383264,0.37439349704392877,1.0
facilitates,2,0.0034662045060658577,0.008571428571428572,0.40439052570768336,0.7849962682654128,0.37561744562537325,1.0
multiple comparisons,2,0.0034662045060658577,0.008571428571428572,0.40439052570768336,0.7849962682654128,0.37561744562537325,1.0
overlapped,2,0.0034662045060658577,0.008571428571428572,0.40439052570768336,0.7849962682654128,0.37561744562537325,1.0
reactions,2,0.0034662045060658577,0.008571428571428572,0.40439052570768336,0.7849962682654128,0.37561744562537325,1.0
detecting,2,0.0034662045060658577,0.008571428571428572,0.40439052570768336,0.7849962682654128,0.37561744562537325,1.0
accurately,2,0.0034662045060658577,0.008571428571428572,0.40439052570768336,0.7849962682654128,0.37561744562537325,1.0
interactive,2,0.0034662045060658577,0.008571428571428572,0.40439052570768336,0.7849962682654128,0.37561744562537325,1.0
neuroanatomy,2,0.0034662045060658577,0.008571428571428572,0.40439052570768336,0.7849962682654128,0.37561744562537325,1.0
improves,2,0.0034662045060658577,0.008571428571428572,0.40439052570768336,0.7849962682654128,0.37561744562537325,1.0
recognizing,2,0.0034662045060658577,0.008571428571428572,0.40439052570768336,0.7849962682654128,0.37561744562537325,1.0
rare,2,0.0034662045060658577,0.008571428571428572,0.40439052570768336,0.7849962682654128,0.37561744562537325,1.0
brief,2,0.0034662045060658577,0.008571428571428572,0.40439052570768336,0.7849962682654128,0.37561744562537325,1.0
varies,2,0.0034662045060658577,0.008571428571428572,0.40439052570768336,0.7849962682654128,0.37561744562537325,1.0
alff,2,0.0034662045060658577,0.008571428571428572,0.40439052570768336,0.7849962682654128,0.37561744562537325,1.0
shifting,2,0.0034662045060658577,0.008571428571428572,0.40439052570768336,0.7849962682654128,0.37561744562537325,1.0
children adolescents,2,0.0034662045060658577,0.008571428571428572,0.40439052570768336,0.7849962682654128,0.37561744562537325,1.0
attended,2,0.0034662045060658577,0.008571428571428572,0.40439052570768336,0.7849962682654128,0.37561744562537325,1.0
classic,2,0.0034662045060658577,0.008571428571428572,0.40439052570768336,0.7849962682654128,0.37561744562537325,1.0
unlike,2,0.0034662045060658577,0.008571428571428572,0.40439052570768336,0.7849962682654128,0.37561744562537325,1.0
parametrically,2,0.0034662045060658577,0.008571428571428572,0.40439052570768336,0.7849962682654128,0.37561744562537325,1.0
organized,2,0.0034662045060658577,0.008571428571428572,0.40439052570768336,0.7849962682654128,0.37561744562537325,1.0
evidenced,2,0.0034662045060658577,0.008571428571428572,0.40439052570768336,0.7849962682654128,0.37561744562537325,1.0
dorsolateral pfc,2,0.0034662045060658577,0.008571428571428572,0.40439052570768336,0.7849962682654128,0.37561744562537325,1.0
laboratory,2,0.0034662045060658577,0.008571428571428572,0.40439052570768336,0.7849962682654128,0.37561744562537325,1.0
categorical,2,0.0034662045060658577,0.008571428571428572,0.40439052570768336,0.7849962682654128,0.37561744562537325,1.0
atypical,2,0.0034662045060658577,0.008571428571428572,0.40439052570768336,0.7849962682654128,0.37561744562537325,1.0
facilitated,2,0.0034662045060658577,0.008571428571428572,0.40439052570768336,0.7849962682654128,0.37561744562537325,1.0
fusiform gyri,2,0.0034662045060658577,0.008571428571428572,0.40439052570768336,0.7849962682654128,0.37561744562537325,1.0
using resting,2,0.0034662045060658577,0.008571428571428572,0.40439052570768336,0.7849962682654128,0.37561744562537325,1.0
chronic pain,2,0.0034662045060658577,0.008571428571428572,0.40439052570768336,0.7849962682654128,0.37561744562537325,1.0
vivo,2,0.0034662045060658577,0.008571428571428572,0.40439052570768336,0.7849962682654128,0.37561744562537325,1.0
experiencing,2,0.0034662045060658577,0.008571428571428572,0.40439052570768336,0.7849962682654128,0.37561744562537325,1.0
combination,15,0.025996533795493933,0.018095238095238095,1.4366505518562438,0.7828421167544657,0.37627332647456624,1.0
default,41,0.07105719237435008,0.08476190476190476,0.8383151909333437,0.7740391694887276,0.3789703961346713,1.0
explicit,13,0.022530329289428077,0.03142857142857143,0.7168741137545297,0.7737300157977871,0.37906560984759785,1.0
young adults,13,0.022530329289428077,0.03142857142857143,0.7168741137545297,0.7737300157977871,0.37906560984759785,1.0
emotionally,13,0.022530329289428077,0.03142857142857143,0.7168741137545297,0.7737300157977871,0.37906560984759785,1.0
suggest,189,0.3275563258232236,0.3504761904761905,0.9346036470499586,0.7700178075609487,0.38021154346995356,1.0
question,14,0.024263431542461005,0.03333333333333333,0.7279029462738301,0.7611835905020322,0.38295837468394345,1.0
eeg,13,0.022530329289428077,0.015238095238095238,1.4785528596187176,0.752900746170952,0.38555938854369287,1.0
automatic,13,0.022530329289428077,0.015238095238095238,1.4785528596187176,0.752900746170952,0.38555938854369287,1.0
immediately,13,0.022530329289428077,0.015238095238095238,1.4785528596187176,0.752900746170952,0.38555938854369287,1.0
connected,13,0.022530329289428077,0.015238095238095238,1.4785528596187176,0.752900746170952,0.38555938854369287,1.0
measure,15,0.025996533795493933,0.035238095238095235,0.7377394725748279,0.7509191503465965,0.3861853782868959,1.0
old,15,0.025996533795493933,0.035238095238095235,0.7377394725748279,0.7509191503465965,0.3861853782868959,1.0
24,15,0.025996533795493933,0.035238095238095235,0.7377394725748279,0.7509191503465965,0.3861853782868959,1.0
earlier,6,0.010398613518197574,0.017142857142857144,0.6065857885615251,0.7475443907737744,0.38725480656551703,1.0
novelty,6,0.010398613518197574,0.017142857142857144,0.6065857885615251,0.7475443907737744,0.38725480656551703,1.0
controls hc,6,0.010398613518197574,0.017142857142857144,0.6065857885615251,0.7475443907737744,0.38725480656551703,1.0
engaged,35,0.060658578856152515,0.07333333333333333,0.8271624389475343,0.7459953633430139,0.38774709185528256,1.0
magnitude,16,0.02772963604852686,0.037142857142857144,0.7465671243834154,0.7425677956820913,0.38883956120040275,1.0
range,16,0.02772963604852686,0.037142857142857144,0.7465671243834154,0.7425677956820913,0.38883956120040275,1.0
moderate,7,0.012131715771230503,0.006666666666666667,1.8197573656845754,0.7417730173606905,0.3890935087531239,1.0
oscillations,7,0.012131715771230503,0.006666666666666667,1.8197573656845754,0.7417730173606905,0.3890935087531239,1.0
probably,7,0.012131715771230503,0.006666666666666667,1.8197573656845754,0.7417730173606905,0.3890935087531239,1.0
triggered,7,0.012131715771230503,0.006666666666666667,1.8197573656845754,0.7417730173606905,0.3890935087531239,1.0
38,7,0.012131715771230503,0.006666666666666667,1.8197573656845754,0.7417730173606905,0.3890935087531239,1.0
consciousness,7,0.012131715771230503,0.006666666666666667,1.8197573656845754,0.7417730173606905,0.3890935087531239,1.0
occipital temporal,7,0.012131715771230503,0.006666666666666667,1.8197573656845754,0.7417730173606905,0.3890935087531239,1.0
connectivity networks,7,0.012131715771230503,0.006666666666666667,1.8197573656845754,0.7417730173606905,0.3890935087531239,1.0
neurofunctional,7,0.012131715771230503,0.006666666666666667,1.8197573656845754,0.7417730173606905,0.3890935087531239,1.0
created,7,0.012131715771230503,0.006666666666666667,1.8197573656845754,0.7417730173606905,0.3890935087531239,1.0
actually,7,0.012131715771230503,0.006666666666666667,1.8197573656845754,0.7417730173606905,0.3890935087531239,1.0
frequent,7,0.012131715771230503,0.006666666666666667,1.8197573656845754,0.7417730173606905,0.3890935087531239,1.0
distractors,7,0.012131715771230503,0.006666666666666667,1.8197573656845754,0.7417730173606905,0.3890935087531239,1.0
graph,7,0.012131715771230503,0.006666666666666667,1.8197573656845754,0.7417730173606905,0.3890935087531239,1.0
tend,7,0.012131715771230503,0.006666666666666667,1.8197573656845754,0.7417730173606905,0.3890935087531239,1.0
strongest,7,0.012131715771230503,0.006666666666666667,1.8197573656845754,0.7417730173606905,0.3890935087531239,1.0
documented,7,0.012131715771230503,0.006666666666666667,1.8197573656845754,0.7417730173606905,0.3890935087531239,1.0
parietal frontal,7,0.012131715771230503,0.006666666666666667,1.8197573656845754,0.7417730173606905,0.3890935087531239,1.0
compare,23,0.03986135181975736,0.030476190476190476,1.3079506065857884,0.7374131960999574,0.3904907857549529,1.0
prior,31,0.053726169844020795,0.06571428571428571,0.8175721498003165,0.7315356539484408,0.3923858757346046,1.0
correlated positively,11,0.019064124783362217,0.012380952380952381,1.5397946940407945,0.7307359687023754,0.3926447363766452,1.0
cluster,11,0.019064124783362217,0.012380952380952381,1.5397946940407945,0.7307359687023754,0.3926447363766452,1.0
factors,19,0.03292894280762565,0.04285714285714286,0.7683419988445985,0.726341225355217,0.39407171666978413,1.0
obtained,19,0.03292894280762565,0.04285714285714286,0.7683419988445985,0.726341225355217,0.39407171666978413,1.0
experience,29,0.05025996533795494,0.06190476190476191,0.8118917477669644,0.7259895709085664,0.3941862214444386,1.0
supplementary motor,18,0.03119584055459272,0.022857142857142857,1.3648180242634316,0.7247166827341591,0.3946010963943073,1.0
ad,18,0.03119584055459272,0.022857142857142857,1.3648180242634316,0.7247166827341591,0.3946010963943073,1.0
remembered,18,0.03119584055459272,0.022857142857142857,1.3648180242634316,0.7247166827341591,0.3946010963943073,1.0
increasing,20,0.03466204506065858,0.04476190476190476,0.7743648364615214,0.7232287423155229,0.39508686106563384,1.0
aims,9,0.01559792027729636,0.009523809523809525,1.6377816291161178,0.7222485648810584,0.3954073281738416,1.0
measurements,9,0.01559792027729636,0.009523809523809525,1.6377816291161178,0.7222485648810584,0.3954073281738416,1.0
timing,9,0.01559792027729636,0.009523809523809525,1.6377816291161178,0.7222485648810584,0.3954073281738416,1.0
refers,9,0.01559792027729636,0.009523809523809525,1.6377816291161178,0.7222485648810584,0.3954073281738416,1.0
define,9,0.01559792027729636,0.009523809523809525,1.6377816291161178,0.7222485648810584,0.3954073281738416,1.0
game,9,0.01559792027729636,0.009523809523809525,1.6377816291161178,0.7222485648810584,0.3954073281738416,1.0
utilized,9,0.01559792027729636,0.009523809523809525,1.6377816291161178,0.7222485648810584,0.3954073281738416,1.0
additional,27,0.04679376083188908,0.058095238095238096,0.80546637497514,0.7218380694887722,0.3955416501334821,1.0
15,21,0.036395147313691506,0.04666666666666667,0.779896013864818,0.7210245271272923,0.3958080512007125,1.0
large,23,0.03986135181975736,0.05047619047619047,0.7897060266178346,0.7189243820563317,0.3964969581123232,1.0
form,29,0.05025996533795494,0.04,1.2564991334488735,0.709486359939578,0.399614380689135,1.0
altered,38,0.0658578856152513,0.054285714285714284,1.2131715771230502,0.7087174743782587,0.39986990836380176,1.0
available,7,0.012131715771230503,0.01904761904761905,0.6369150779896013,0.7087159420476739,0.39987041784753496,1.0
remember,7,0.012131715771230503,0.01904761904761905,0.6369150779896013,0.7087159420476739,0.39987041784753496,1.0
contrast,72,0.12478336221837089,0.14095238095238094,0.8852873670897935,0.7000033432126735,0.40278257088092906,1.0
deficit,21,0.036395147313691506,0.02761904761904762,1.317755333771589,0.6907502920452873,0.4059092957835574,1.0
rely,16,0.02772963604852686,0.02,1.386481802426343,0.6834917775034676,0.4083869300845716,1.0
course,16,0.02772963604852686,0.02,1.386481802426343,0.6834917775034676,0.4083869300845716,1.0
did differ,8,0.01386481802426343,0.02095238095238095,0.6617299511580274,0.6790152778912528,0.4099260159643848,1.0
assessment,8,0.01386481802426343,0.02095238095238095,0.6617299511580274,0.6790152778912528,0.4099260159643848,1.0
demonstrating,8,0.01386481802426343,0.02095238095238095,0.6617299511580274,0.6790152778912528,0.4099260159643848,1.0
led,8,0.01386481802426343,0.02095238095238095,0.6617299511580274,0.6790152778912528,0.4099260159643848,1.0
100,3,0.005199306759098787,0.010476190476190476,0.4962974633685206,0.6756011033618748,0.4111055964211334,1.0
assigned,3,0.005199306759098787,0.010476190476190476,0.4962974633685206,0.6756011033618748,0.4111055964211334,1.0
tesla,3,0.005199306759098787,0.010476190476190476,0.4962974633685206,0.6756011033618748,0.4111055964211334,1.0
healthy male,3,0.005199306759098787,0.010476190476190476,0.4962974633685206,0.6756011033618748,0.4111055964211334,1.0
expectation,3,0.005199306759098787,0.010476190476190476,0.4962974633685206,0.6756011033618748,0.4111055964211334,1.0
isolated,3,0.005199306759098787,0.010476190476190476,0.4962974633685206,0.6756011033618748,0.4111055964211334,1.0
behavioral evidence,3,0.005199306759098787,0.010476190476190476,0.4962974633685206,0.6756011033618748,0.4111055964211334,1.0
limbic,39,0.06759098786828423,0.05619047619047619,1.2028904620626852,0.6654608502083988,0.41463865180281845,1.0
middle temporal,36,0.06239168110918544,0.05142857142857143,1.2131715771230502,0.6595073885749024,0.4167339075024097,1.0
adults,55,0.09532062391681109,0.10952380952380952,0.8703187401100143,0.6581973320299754,0.4171970750972305,1.0
unknown,33,0.05719237435008666,0.04666666666666667,1.2255508789304284,0.6561094444897502,0.41793682508094765,1.0
task performance,19,0.03292894280762565,0.024761904761904763,1.3298226903079589,0.6448362449530011,0.42196492940752106,1.0
line,14,0.024263431542461005,0.017142857142857144,1.415366839976892,0.6447211819927472,0.422006341611567,1.0
varying,14,0.024263431542461005,0.017142857142857144,1.415366839976892,0.6447211819927472,0.422006341611567,1.0
repetition,10,0.01733102253032929,0.024761904761904763,0.699906679109452,0.6378952024668132,0.4244740040723083,1.0
modulates,10,0.01733102253032929,0.024761904761904763,0.699906679109452,0.6378952024668132,0.4244740040723083,1.0
regardless,10,0.01733102253032929,0.024761904761904763,0.699906679109452,0.6378952024668132,0.4244740040723083,1.0
genetic,10,0.01733102253032929,0.024761904761904763,0.699906679109452,0.6378952024668132,0.4244740040723083,1.0
model,36,0.06239168110918544,0.07428571428571429,0.8398880149313425,0.6362387771736371,0.42507608125959395,1.0
self,51,0.08838821490467938,0.1019047619047619,0.8673609873823678,0.6293996436027056,0.4275756140836905,1.0
hc,11,0.019064124783362217,0.02666666666666667,0.714904679376083,0.6236752567638404,0.4296848074582076,1.0
explored,22,0.038128249566724434,0.029523809523809525,1.291440711130989,0.6230867085670421,0.42990255330636284,1.0
auditory,37,0.06412478336221837,0.05333333333333334,1.2023396880415944,0.6168637532381663,0.4322151280411425,1.0
limited,12,0.02079722703639515,0.02857142857142857,0.7279029462738302,0.6124818801262816,0.43385486585674526,1.0
bold,61,0.10571923743500866,0.09238095238095238,1.1443834980078258,0.6111019068218823,0.43437322417949964,1.0
features,34,0.058925476603119586,0.04857142857142857,1.2131715771230502,0.6106957279284791,0.4345259764914674,1.0
integrity,12,0.02079722703639515,0.014285714285714285,1.4558058925476605,0.6095979894619284,0.4349392143660453,1.0
damage,12,0.02079722703639515,0.014285714285714285,1.4558058925476605,0.6095979894619284,0.4349392143660453,1.0
mid,12,0.02079722703639515,0.014285714285714285,1.4558058925476605,0.6095979894619284,0.4349392143660453,1.0
supporting,31,0.053726169844020795,0.04380952380952381,1.2263582247004745,0.6071381438702016,0.43586738879527076,1.0
objects,31,0.053726169844020795,0.04380952380952381,1.2263582247004745,0.6071381438702016,0.43586738879527076,1.0
consisting,4,0.006932409012131715,0.012380952380952381,0.5599253432875616,0.6071189967208338,0.4358746254451612,1.0
argue,4,0.006932409012131715,0.012380952380952381,0.5599253432875616,0.6071189967208338,0.4358746254451612,1.0
probabilistic,4,0.006932409012131715,0.012380952380952381,0.5599253432875616,0.6071189967208338,0.4358746254451612,1.0
sounds,4,0.006932409012131715,0.012380952380952381,0.5599253432875616,0.6071189967208338,0.4358746254451612,1.0
paralimbic,4,0.006932409012131715,0.012380952380952381,0.5599253432875616,0.6071189967208338,0.4358746254451612,1.0
heart,4,0.006932409012131715,0.012380952380952381,0.5599253432875616,0.6071189967208338,0.4358746254451612,1.0
indicates,13,0.022530329289428077,0.030476190476190476,0.7392764298093588,0.6037150427140691,0.43716406935546526,1.0
perceived,17,0.029462738301559793,0.021904761904761906,1.3450380528972947,0.5998336513248602,0.43864150267403923,1.0
way,17,0.029462738301559793,0.021904761904761906,1.3450380528972947,0.5998336513248602,0.43864150267403923,1.0
caudate nucleus,17,0.029462738301559793,0.021904761904761906,1.3450380528972947,0.5998336513248602,0.43864150267403923,1.0
significance,14,0.024263431542461005,0.03238095238095238,0.7493118564583546,0.5969247597942005,0.43975378091150574,1.0
healthy volunteers,14,0.024263431542461005,0.03238095238095238,0.7493118564583546,0.5969247597942005,0.43975378091150574,1.0
sensitive,26,0.045060658578856154,0.05523809523809524,0.8157533018586027,0.5935954734667607,0.44103212972208805,1.0
differentially,15,0.025996533795493933,0.03428571428571429,0.7582322357019063,0.5917669611641411,0.44173665807369933,1.0
dlpfc,16,0.02772963604852686,0.03619047619047619,0.7662136276566633,0.5879740707710607,0.4432036040012136,1.0
voxel morphometry,16,0.02772963604852686,0.03619047619047619,0.7662136276566633,0.5879740707710607,0.4432036040012136,1.0
18,23,0.03986135181975736,0.049523809523809526,0.8048926809758697,0.5861607018674165,0.4439076035559434,1.0
sensitivity,23,0.03986135181975736,0.049523809523809526,0.8048926809758697,0.5861607018674165,0.4439076035559434,1.0
corresponding,17,0.029462738301559793,0.0380952380952381,0.7733968804159445,0.5853348769811323,0.4442287840983069,1.0
hypothesized,22,0.038128249566724434,0.047619047619047616,0.8006932409012132,0.584517924612041,0.44454686755049266,1.0
viewed,22,0.038128249566724434,0.047619047619047616,0.8006932409012132,0.584517924612041,0.44454686755049266,1.0
affected,18,0.03119584055459272,0.04,0.779896013864818,0.5836804417713994,0.44487331042971845,1.0
lobes,19,0.03292894280762565,0.0419047619047619,0.7858043170001576,0.5828740358700939,0.44518799050421076,1.0
aspects,20,0.03466204506065858,0.04380952380952381,0.7911988546454675,0.5828038188618073,0.4452154072716169,1.0
orientation,10,0.01733102253032929,0.011428571428571429,1.5164644714038127,0.5804025295402309,0.44615458545132813,1.0
autobiographical memory,10,0.01733102253032929,0.011428571428571429,1.5164644714038127,0.5804025295402309,0.44615458545132813,1.0
sequence,10,0.01733102253032929,0.011428571428571429,1.5164644714038127,0.5804025295402309,0.44615458545132813,1.0
integrate,10,0.01733102253032929,0.011428571428571429,1.5164644714038127,0.5804025295402309,0.44615458545132813,1.0
maintain,10,0.01733102253032929,0.011428571428571429,1.5164644714038127,0.5804025295402309,0.44615458545132813,1.0
motor cortex,10,0.01733102253032929,0.011428571428571429,1.5164644714038127,0.5804025295402309,0.44615458545132813,1.0
body,20,0.03466204506065858,0.02666666666666667,1.2998266897746966,0.5755948828305747,0.44804418492671805,1.0
state connectivity,6,0.010398613518197574,0.005714285714285714,1.8197573656845756,0.567942318734785,0.4510777445785933,1.0
selectivity,6,0.010398613518197574,0.005714285714285714,1.8197573656845756,0.567942318734785,0.4510777445785933,1.0
unmedicated,6,0.010398613518197574,0.005714285714285714,1.8197573656845756,0.567942318734785,0.4510777445785933,1.0
functionally connected,6,0.010398613518197574,0.005714285714285714,1.8197573656845756,0.567942318734785,0.4510777445785933,1.0
letter,6,0.010398613518197574,0.005714285714285714,1.8197573656845756,0.567942318734785,0.4510777445785933,1.0
converging,6,0.010398613518197574,0.005714285714285714,1.8197573656845756,0.567942318734785,0.4510777445785933,1.0
language comprehension,6,0.010398613518197574,0.005714285714285714,1.8197573656845756,0.567942318734785,0.4510777445785933,1.0
occipito temporal,6,0.010398613518197574,0.005714285714285714,1.8197573656845756,0.567942318734785,0.4510777445785933,1.0
primary motor,6,0.010398613518197574,0.005714285714285714,1.8197573656845756,0.567942318734785,0.4510777445785933,1.0
covariance,6,0.010398613518197574,0.005714285714285714,1.8197573656845756,0.567942318734785,0.4510777445785933,1.0
english,6,0.010398613518197574,0.005714285714285714,1.8197573656845756,0.567942318734785,0.4510777445785933,1.0
diseases,6,0.010398613518197574,0.005714285714285714,1.8197573656845756,0.567942318734785,0.4510777445785933,1.0
frontal cortices,6,0.010398613518197574,0.005714285714285714,1.8197573656845756,0.567942318734785,0.4510777445785933,1.0
audiovisual,6,0.010398613518197574,0.005714285714285714,1.8197573656845756,0.567942318734785,0.4510777445785933,1.0
real world,6,0.010398613518197574,0.005714285714285714,1.8197573656845756,0.567942318734785,0.4510777445785933,1.0
characteristic,6,0.010398613518197574,0.005714285714285714,1.8197573656845756,0.567942318734785,0.4510777445785933,1.0
press,6,0.010398613518197574,0.005714285714285714,1.8197573656845756,0.567942318734785,0.4510777445785933,1.0
reflect,45,0.0779896013864818,0.06666666666666667,1.169844020797227,0.5646520687231507,0.45239190253056405,1.0
constant,8,0.01386481802426343,0.008571428571428572,1.6175621028307334,0.5621011928695828,0.45341487678947245,1.0
ways,8,0.01386481802426343,0.008571428571428572,1.6175621028307334,0.5621011928695828,0.45341487678947245,1.0
allow,8,0.01386481802426343,0.008571428571428572,1.6175621028307334,0.5621011928695828,0.45341487678947245,1.0
cortex insula,8,0.01386481802426343,0.008571428571428572,1.6175621028307334,0.5621011928695828,0.45341487678947245,1.0
bipolar disorder,8,0.01386481802426343,0.008571428571428572,1.6175621028307334,0.5621011928695828,0.45341487678947245,1.0
preceding,8,0.01386481802426343,0.008571428571428572,1.6175621028307334,0.5621011928695828,0.45341487678947245,1.0
accounts,8,0.01386481802426343,0.008571428571428572,1.6175621028307334,0.5621011928695828,0.45341487678947245,1.0
univariate,8,0.01386481802426343,0.008571428571428572,1.6175621028307334,0.5621011928695828,0.45341487678947245,1.0
voxels,8,0.01386481802426343,0.008571428571428572,1.6175621028307334,0.5621011928695828,0.45341487678947245,1.0
pathological,5,0.008665511265164644,0.014285714285714285,0.6065857885615251,0.5611500353789711,0.45379724664772525,1.0
instructions,5,0.008665511265164644,0.014285714285714285,0.6065857885615251,0.5611500353789711,0.45379724664772525,1.0
component ica,5,0.008665511265164644,0.014285714285714285,0.6065857885615251,0.5611500353789711,0.45379724664772525,1.0
spectrum disorders,5,0.008665511265164644,0.014285714285714285,0.6065857885615251,0.5611500353789711,0.45379724664772525,1.0
year,5,0.008665511265164644,0.014285714285714285,0.6065857885615251,0.5611500353789711,0.45379724664772525,1.0
27,5,0.008665511265164644,0.014285714285714285,0.6065857885615251,0.5611500353789711,0.45379724664772525,1.0
structural magnetic,5,0.008665511265164644,0.014285714285714285,0.6065857885615251,0.5611500353789711,0.45379724664772525,1.0
response inhibition,5,0.008665511265164644,0.014285714285714285,0.6065857885615251,0.5611500353789711,0.45379724664772525,1.0
long term,26,0.045060658578856154,0.03619047619047619,1.245097144942078,0.5583524277719284,0.4549248371327629,1.0
thought,26,0.045060658578856154,0.03619047619047619,1.245097144942078,0.5583524277719284,0.4549248371327629,1.0
manipulation,15,0.025996533795493933,0.01904761904761905,1.3648180242634314,0.5559997173629735,0.4558765225636987,1.0
processes,124,0.21490467937608318,0.1980952380952381,1.0848553526196507,0.5484538867898022,0.4589501241606079,1.0
sensory,39,0.06759098786828423,0.05714285714285714,1.182842287694974,0.5402454736392407,0.46233101202759763,1.0
vulnerability,6,0.010398613518197574,0.01619047619047619,0.6422673055357326,0.528894332283708,0.46707207637514414,1.0
variance,6,0.010398613518197574,0.01619047619047619,0.6422673055357326,0.528894332283708,0.46707207637514414,1.0
pet,6,0.010398613518197574,0.01619047619047619,0.6422673055357326,0.528894332283708,0.46707207637514414,1.0
cognitive performance,6,0.010398613518197574,0.01619047619047619,0.6422673055357326,0.528894332283708,0.46707207637514414,1.0
disrupted,6,0.010398613518197574,0.01619047619047619,0.6422673055357326,0.528894332283708,0.46707207637514414,1.0
repeatedly,6,0.010398613518197574,0.01619047619047619,0.6422673055357326,0.528894332283708,0.46707207637514414,1.0
supplementary,18,0.03119584055459272,0.023809523809523808,1.3102253032928943,0.5285874952192688,0.4672013118676843,1.0
attention,76,0.1317157712305026,0.1180952380952381,1.115335159613127,0.5206420084666787,0.4705679478910715,1.0
involvement,34,0.058925476603119586,0.06952380952380953,0.8475582251133639,0.5191987516568153,0.47118367196563726,1.0
certain,13,0.022530329289428077,0.01619047619047619,1.3915791619940872,0.5137650693861888,0.4735135129418181,1.0
low frequency,7,0.012131715771230503,0.018095238095238095,0.6704369241995805,0.5056135503973597,0.47704390690790155,1.0
power,7,0.012131715771230503,0.018095238095238095,0.6704369241995805,0.5056135503973597,0.47704390690790155,1.0
reinforcement,7,0.012131715771230503,0.018095238095238095,0.6704369241995805,0.5056135503973597,0.47704390690790155,1.0
communication,7,0.012131715771230503,0.018095238095238095,0.6704369241995805,0.5056135503973597,0.47704390690790155,1.0
correctly,7,0.012131715771230503,0.018095238095238095,0.6704369241995805,0.5056135503973597,0.47704390690790155,1.0
outside,7,0.012131715771230503,0.018095238095238095,0.6704369241995805,0.5056135503973597,0.47704390690790155,1.0
incongruent,7,0.012131715771230503,0.018095238095238095,0.6704369241995805,0.5056135503973597,0.47704390690790155,1.0
include,7,0.012131715771230503,0.018095238095238095,0.6704369241995805,0.5056135503973597,0.47704390690790155,1.0
parameters,7,0.012131715771230503,0.018095238095238095,0.6704369241995805,0.5056135503973597,0.47704390690790155,1.0
correlates,77,0.13344887348353554,0.12,1.1120739456961295,0.4997553353609418,0.479607645429487,1.0
extent,29,0.05025996533795494,0.06,0.8376660889659157,0.492192597867693,0.48295086369268736,1.0
central,29,0.05025996533795494,0.06,0.8376660889659157,0.492192597867693,0.48295086369268736,1.0
nucleus accumbens,8,0.01386481802426343,0.02,0.6932409012131715,0.4885301015012274,0.4845837261489532,1.0
referential,8,0.01386481802426343,0.02,0.6932409012131715,0.4885301015012274,0.4845837261489532,1.0
indicating,27,0.04679376083188908,0.05619047619047619,0.8327703198895514,0.48247186786243207,0.4873047903605471,1.0
resonance scans,2,0.0034662045060658577,0.007619047619047619,0.45493934142114384,0.4813784697069985,0.4877985890984845,1.0
conflicting,2,0.0034662045060658577,0.007619047619047619,0.45493934142114384,0.4813784697069985,0.4877985890984845,1.0
intrinsic functional,2,0.0034662045060658577,0.007619047619047619,0.45493934142114384,0.4813784697069985,0.4877985890984845,1.0
attentional control,2,0.0034662045060658577,0.007619047619047619,0.45493934142114384,0.4813784697069985,0.4877985890984845,1.0
researchers,2,0.0034662045060658577,0.007619047619047619,0.45493934142114384,0.4813784697069985,0.4877985890984845,1.0
paced,2,0.0034662045060658577,0.007619047619047619,0.45493934142114384,0.4813784697069985,0.4877985890984845,1.0
needs,2,0.0034662045060658577,0.007619047619047619,0.45493934142114384,0.4813784697069985,0.4877985890984845,1.0
facial expression,2,0.0034662045060658577,0.007619047619047619,0.45493934142114384,0.4813784697069985,0.4877985890984845,1.0
options,2,0.0034662045060658577,0.007619047619047619,0.45493934142114384,0.4813784697069985,0.4877985890984845,1.0
rt,2,0.0034662045060658577,0.007619047619047619,0.45493934142114384,0.4813784697069985,0.4877985890984845,1.0
interacting,2,0.0034662045060658577,0.007619047619047619,0.45493934142114384,0.4813784697069985,0.4877985890984845,1.0
noxious,2,0.0034662045060658577,0.007619047619047619,0.45493934142114384,0.4813784697069985,0.4877985890984845,1.0
repetition suppression,2,0.0034662045060658577,0.007619047619047619,0.45493934142114384,0.4813784697069985,0.4877985890984845,1.0
20 healthy,2,0.0034662045060658577,0.007619047619047619,0.45493934142114384,0.4813784697069985,0.4877985890984845,1.0
observers,2,0.0034662045060658577,0.007619047619047619,0.45493934142114384,0.4813784697069985,0.4877985890984845,1.0
recognize,2,0.0034662045060658577,0.007619047619047619,0.45493934142114384,0.4813784697069985,0.4877985890984845,1.0
reality,2,0.0034662045060658577,0.007619047619047619,0.45493934142114384,0.4813784697069985,0.4877985890984845,1.0
sided,2,0.0034662045060658577,0.007619047619047619,0.45493934142114384,0.4813784697069985,0.4877985890984845,1.0
decline,9,0.01559792027729636,0.021904761904761906,0.7120789691809207,0.4759080456778771,0.4902816735766713,1.0
salient,9,0.01559792027729636,0.021904761904761906,0.7120789691809207,0.4759080456778771,0.4902816735766713,1.0
dynamics,9,0.01559792027729636,0.021904761904761906,0.7120789691809207,0.4759080456778771,0.4902816735766713,1.0
failure,11,0.019064124783362217,0.013333333333333334,1.429809358752166,0.47390713744280855,0.4911951727182058,1.0
procedure,11,0.019064124783362217,0.013333333333333334,1.429809358752166,0.47390713744280855,0.4911951727182058,1.0
psychophysiological,11,0.019064124783362217,0.013333333333333334,1.429809358752166,0.47390713744280855,0.4911951727182058,1.0
conscious,11,0.019064124783362217,0.013333333333333334,1.429809358752166,0.47390713744280855,0.4911951727182058,1.0
identifying,11,0.019064124783362217,0.013333333333333334,1.429809358752166,0.47390713744280855,0.4911951727182058,1.0
administration,11,0.019064124783362217,0.013333333333333334,1.429809358752166,0.47390713744280855,0.4911951727182058,1.0
states,24,0.0415944540727903,0.05047619047619047,0.8240410712533928,0.4694151796378279,0.49325633633258203,1.0
development,24,0.0415944540727903,0.05047619047619047,0.8240410712533928,0.4694151796378279,0.49325633633258203,1.0
posterior cingulate,53,0.09185441941074524,0.10380952380952381,0.8848361502869954,0.46776120841813634,0.49401892429160366,1.0
global,10,0.01733102253032929,0.023809523809523808,0.7279029462738301,0.4666066710647401,0.49455241457401355,1.0
influenced,10,0.01733102253032929,0.023809523809523808,0.7279029462738301,0.4666066710647401,0.49455241457401355,1.0
conflict,10,0.01733102253032929,0.023809523809523808,0.7279029462738301,0.4666066710647401,0.49455241457401355,1.0
environment,25,0.043327556325823226,0.035238095238095235,1.2295657876247132,0.4624150289725162,0.496497463834243,1.0
conditioning,11,0.019064124783362217,0.025714285714285714,0.7413826304640863,0.45984553583444265,0.49769617104738506,1.0
point,11,0.019064124783362217,0.025714285714285714,0.7413826304640863,0.45984553583444265,0.49769617104738506,1.0
positive,62,0.10745233968804159,0.12,0.8954361640670133,0.4574582267538235,0.4988142761810678,1.0
nature,12,0.02079722703639515,0.02761904761904762,0.7530030478694795,0.4550726624808964,0.4999358196887276,1.0
modulate,19,0.03292894280762565,0.040952380952380955,0.8040788360001612,0.4534089871808885,0.5007205106690883,1.0
simple,13,0.022530329289428077,0.029523809523809525,0.7631240565774026,0.4518866526289236,0.5014403721557146,1.0
mediate,13,0.022530329289428077,0.029523809523809525,0.7631240565774026,0.4518866526289236,0.5014403721557146,1.0
work,18,0.03119584055459272,0.039047619047619046,0.798917867861521,0.45142755114512284,0.501657811568297,1.0
unique,18,0.03119584055459272,0.039047619047619046,0.798917867861521,0.45142755114512284,0.501657811568297,1.0
expected,17,0.029462738301559793,0.037142857142857144,0.7932275696573791,0.44999488007653166,0.5023373857403396,1.0
engage,14,0.024263431542461005,0.03142857142857143,0.7720182763510319,0.44998863021864116,0.5023403537373685,1.0
scan,16,0.02772963604852686,0.035238095238095235,0.7869221040798164,0.44919956247018566,0.5027153146506568,1.0
matter volume,16,0.02772963604852686,0.035238095238095235,0.7869221040798164,0.44919956247018566,0.5027153146506568,1.0
pairs,15,0.025996533795493933,0.03333333333333333,0.779896013864818,0.4491514851472714,0.5027381761692715,1.0
temporal,232,0.4020797227036395,0.3838095238095238,1.0476022551831798,0.4483846341377852,0.5031030656958935,1.0
identify,38,0.0658578856152513,0.0761904761904762,0.8643847487001732,0.4473899350882759,0.5035770456837484,1.0
posterior,145,0.2512998266897747,0.23523809523809525,1.0682786154828479,0.44111888612028555,0.5065829105161133,1.0
imagined,9,0.01559792027729636,0.010476190476190476,1.4888923901055617,0.4379836151941924,0.5080972874181338,1.0
gyrus superior,9,0.01559792027729636,0.010476190476190476,1.4888923901055617,0.4379836151941924,0.5080972874181338,1.0
variations,9,0.01559792027729636,0.010476190476190476,1.4888923901055617,0.4379836151941924,0.5080972874181338,1.0
hz,9,0.01559792027729636,0.010476190476190476,1.4888923901055617,0.4379836151941924,0.5080972874181338,1.0
visual stimuli,9,0.01559792027729636,0.010476190476190476,1.4888923901055617,0.4379836151941924,0.5080972874181338,1.0
apart,9,0.01559792027729636,0.010476190476190476,1.4888923901055617,0.4379836151941924,0.5080972874181338,1.0
coding,9,0.01559792027729636,0.010476190476190476,1.4888923901055617,0.4379836151941924,0.5080972874181338,1.0
structural functional,9,0.01559792027729636,0.010476190476190476,1.4888923901055617,0.4379836151941924,0.5080972874181338,1.0
speed,9,0.01559792027729636,0.010476190476190476,1.4888923901055617,0.4379836151941924,0.5080972874181338,1.0
population,14,0.024263431542461005,0.018095238095238095,1.340873848399161,0.4363413591979168,0.508893632146733,1.0
activities,14,0.024263431542461005,0.018095238095238095,1.340873848399161,0.4363413591979168,0.508893632146733,1.0
exposure,17,0.029462738301559793,0.022857142857142857,1.288994800693241,0.4198636178555289,0.5170051041419252,1.0
premotor cortex,17,0.029462738301559793,0.022857142857142857,1.288994800693241,0.4198636178555289,0.5170051041419252,1.0
performing,26,0.045060658578856154,0.037142857142857144,1.2131715771230502,0.4197180993431509,0.5170777407238075,1.0
using,230,0.3986135181975737,0.38095238095238093,1.046360485268631,0.4178995219485773,0.5179870070632427,1.0
estimated,3,0.005199306759098787,0.009523809523809525,0.5459272097053726,0.4176875109242727,0.5180931924999141,1.0
deprivation,3,0.005199306759098787,0.009523809523809525,0.5459272097053726,0.4176875109242727,0.5180931924999141,1.0
hemodynamic response,3,0.005199306759098787,0.009523809523809525,0.5459272097053726,0.4176875109242727,0.5180931924999141,1.0
underlying mechanisms,3,0.005199306759098787,0.009523809523809525,0.5459272097053726,0.4176875109242727,0.5180931924999141,1.0
profile,3,0.005199306759098787,0.009523809523809525,0.5459272097053726,0.4176875109242727,0.5180931924999141,1.0
debated,3,0.005199306759098787,0.009523809523809525,0.5459272097053726,0.4176875109242727,0.5180931924999141,1.0
heart rate,3,0.005199306759098787,0.009523809523809525,0.5459272097053726,0.4176875109242727,0.5180931924999141,1.0
good,3,0.005199306759098787,0.009523809523809525,0.5459272097053726,0.4176875109242727,0.5180931924999141,1.0
rule,3,0.005199306759098787,0.009523809523809525,0.5459272097053726,0.4176875109242727,0.5180931924999141,1.0
22,20,0.03466204506065858,0.02761904761904762,1.2550050797824657,0.4142268845738445,0.5198318648614517,1.0
matter gm,7,0.012131715771230503,0.007619047619047619,1.5922876949740035,0.40963284067671335,0.5221559197558585,1.0
hubs,7,0.012131715771230503,0.007619047619047619,1.5922876949740035,0.40963284067671335,0.5221559197558585,1.0
initially,7,0.012131715771230503,0.007619047619047619,1.5922876949740035,0.40963284067671335,0.5221559197558585,1.0
mg,7,0.012131715771230503,0.007619047619047619,1.5922876949740035,0.40963284067671335,0.5221559197558585,1.0
computed,7,0.012131715771230503,0.007619047619047619,1.5922876949740035,0.40963284067671335,0.5221559197558585,1.0
neurological,7,0.012131715771230503,0.007619047619047619,1.5922876949740035,0.40963284067671335,0.5221559197558585,1.0
main effect,7,0.012131715771230503,0.007619047619047619,1.5922876949740035,0.40963284067671335,0.5221559197558585,1.0
occipito,7,0.012131715771230503,0.007619047619047619,1.5922876949740035,0.40963284067671335,0.5221559197558585,1.0
head,7,0.012131715771230503,0.007619047619047619,1.5922876949740035,0.40963284067671335,0.5221559197558585,1.0
list,7,0.012131715771230503,0.007619047619047619,1.5922876949740035,0.40963284067671335,0.5221559197558585,1.0
finger,7,0.012131715771230503,0.007619047619047619,1.5922876949740035,0.40963284067671335,0.5221559197558585,1.0
gaze,7,0.012131715771230503,0.007619047619047619,1.5922876949740035,0.40963284067671335,0.5221559197558585,1.0
joint,7,0.012131715771230503,0.007619047619047619,1.5922876949740035,0.40963284067671335,0.5221559197558585,1.0
construction,7,0.012131715771230503,0.007619047619047619,1.5922876949740035,0.40963284067671335,0.5221559197558585,1.0
tract,7,0.012131715771230503,0.007619047619047619,1.5922876949740035,0.40963284067671335,0.5221559197558585,1.0
frontal lobes,7,0.012131715771230503,0.007619047619047619,1.5922876949740035,0.40963284067671335,0.5221559197558585,1.0
evidence,106,0.18370883882149047,0.1980952380952381,0.927376349820024,0.40677764302289343,0.5236095943314242,1.0
primary,40,0.06932409012131716,0.06,1.1554015020219526,0.4000212146710913,0.5270783009313426,1.0
disease,40,0.06932409012131716,0.06,1.1554015020219526,0.4000212146710913,0.5270783009313426,1.0
infer,5,0.008665511265164644,0.004761904761904762,1.8197573656845751,0.3997753209801633,0.5272053132637905,1.0
contain,5,0.008665511265164644,0.004761904761904762,1.8197573656845751,0.3997753209801633,0.5272053132637905,1.0
depended,5,0.008665511265164644,0.004761904761904762,1.8197573656845751,0.3997753209801633,0.5272053132637905,1.0
isolate,5,0.008665511265164644,0.004761904761904762,1.8197573656845751,0.3997753209801633,0.5272053132637905,1.0
control processes,5,0.008665511265164644,0.004761904761904762,1.8197573656845751,0.3997753209801633,0.5272053132637905,1.0
node,5,0.008665511265164644,0.004761904761904762,1.8197573656845751,0.3997753209801633,0.5272053132637905,1.0
specialization,5,0.008665511265164644,0.004761904761904762,1.8197573656845751,0.3997753209801633,0.5272053132637905,1.0
conventional,5,0.008665511265164644,0.004761904761904762,1.8197573656845751,0.3997753209801633,0.5272053132637905,1.0
mtg,5,0.008665511265164644,0.004761904761904762,1.8197573656845751,0.3997753209801633,0.5272053132637905,1.0
deficient,5,0.008665511265164644,0.004761904761904762,1.8197573656845751,0.3997753209801633,0.5272053132637905,1.0
correlated negatively,5,0.008665511265164644,0.004761904761904762,1.8197573656845751,0.3997753209801633,0.5272053132637905,1.0
normal controls,5,0.008665511265164644,0.004761904761904762,1.8197573656845751,0.3997753209801633,0.5272053132637905,1.0
synchronization,5,0.008665511265164644,0.004761904761904762,1.8197573656845751,0.3997753209801633,0.5272053132637905,1.0
seventeen,5,0.008665511265164644,0.004761904761904762,1.8197573656845751,0.3997753209801633,0.5272053132637905,1.0
establish,5,0.008665511265164644,0.004761904761904762,1.8197573656845751,0.3997753209801633,0.5272053132637905,1.0
encode,5,0.008665511265164644,0.004761904761904762,1.8197573656845751,0.3997753209801633,0.5272053132637905,1.0
gyrus precuneus,5,0.008665511265164644,0.004761904761904762,1.8197573656845751,0.3997753209801633,0.5272053132637905,1.0
anterior insular,5,0.008665511265164644,0.004761904761904762,1.8197573656845751,0.3997753209801633,0.5272053132637905,1.0
70,5,0.008665511265164644,0.004761904761904762,1.8197573656845751,0.3997753209801633,0.5272053132637905,1.0
manipulations,5,0.008665511265164644,0.004761904761904762,1.8197573656845751,0.3997753209801633,0.5272053132637905,1.0
gap,5,0.008665511265164644,0.004761904761904762,1.8197573656845751,0.3997753209801633,0.5272053132637905,1.0
expectancy,5,0.008665511265164644,0.004761904761904762,1.8197573656845751,0.3997753209801633,0.5272053132637905,1.0
markers,5,0.008665511265164644,0.004761904761904762,1.8197573656845751,0.3997753209801633,0.5272053132637905,1.0
attention task,5,0.008665511265164644,0.004761904761904762,1.8197573656845751,0.3997753209801633,0.5272053132637905,1.0
trigger,5,0.008665511265164644,0.004761904761904762,1.8197573656845751,0.3997753209801633,0.5272053132637905,1.0
thirteen,5,0.008665511265164644,0.004761904761904762,1.8197573656845751,0.3997753209801633,0.5272053132637905,1.0
middle cingulate,5,0.008665511265164644,0.004761904761904762,1.8197573656845751,0.3997753209801633,0.5272053132637905,1.0
42,5,0.008665511265164644,0.004761904761904762,1.8197573656845751,0.3997753209801633,0.5272053132637905,1.0
endogenous,5,0.008665511265164644,0.004761904761904762,1.8197573656845751,0.3997753209801633,0.5272053132637905,1.0
employing,5,0.008665511265164644,0.004761904761904762,1.8197573656845751,0.3997753209801633,0.5272053132637905,1.0
letters,5,0.008665511265164644,0.004761904761904762,1.8197573656845751,0.3997753209801633,0.5272053132637905,1.0
gyri,30,0.05199306759098787,0.06095238095238095,0.8530112651646446,0.39682747435152865,0.5287322462082527,1.0
classical,12,0.02079722703639515,0.015238095238095238,1.3648180242634316,0.3914062531002166,0.5315611402105915,1.0
handed,12,0.02079722703639515,0.015238095238095238,1.3648180242634316,0.3914062531002166,0.5315611402105915,1.0
responsible,12,0.02079722703639515,0.015238095238095238,1.3648180242634316,0.3914062531002166,0.5315611402105915,1.0
space,12,0.02079722703639515,0.015238095238095238,1.3648180242634316,0.3914062531002166,0.5315611402105915,1.0
continuous,12,0.02079722703639515,0.015238095238095238,1.3648180242634316,0.3914062531002166,0.5315611402105915,1.0
yielded,12,0.02079722703639515,0.015238095238095238,1.3648180242634316,0.3914062531002166,0.5315611402105915,1.0
inhibitory,12,0.02079722703639515,0.015238095238095238,1.3648180242634316,0.3914062531002166,0.5315611402105915,1.0
input,12,0.02079722703639515,0.015238095238095238,1.3648180242634316,0.3914062531002166,0.5315611402105915,1.0
acquired,29,0.05025996533795494,0.05904761904761905,0.8511768323363336,0.39087618151231895,0.5318392028221226,1.0
connectivity,111,0.1923743500866551,0.20666666666666667,0.930843629451557,0.38795441572830286,0.5333766121203861,1.0
non,67,0.11611785095320624,0.10476190476190476,1.1083976681896959,0.38508586351422086,0.5348938579653637,1.0
temporal gyrus,48,0.0831889081455806,0.07333333333333333,1.13439420198519,0.38047048176638143,0.5373515499925491,1.0
sclerosis,4,0.006932409012131715,0.011428571428571429,0.6065857885615251,0.3802778253399876,0.537454586439226,1.0
failed,4,0.006932409012131715,0.011428571428571429,0.6065857885615251,0.3802778253399876,0.537454586439226,1.0
parietal temporal,4,0.006932409012131715,0.011428571428571429,0.6065857885615251,0.3802778253399876,0.537454586439226,1.0
guided,4,0.006932409012131715,0.011428571428571429,0.6065857885615251,0.3802778253399876,0.537454586439226,1.0
trained,4,0.006932409012131715,0.011428571428571429,0.6065857885615251,0.3802778253399876,0.537454586439226,1.0
negative affect,4,0.006932409012131715,0.011428571428571429,0.6065857885615251,0.3802778253399876,0.537454586439226,1.0
notion,4,0.006932409012131715,0.011428571428571429,0.6065857885615251,0.3802778253399876,0.537454586439226,1.0
divergent,4,0.006932409012131715,0.011428571428571429,0.6065857885615251,0.3802778253399876,0.537454586439226,1.0
signal change,4,0.006932409012131715,0.011428571428571429,0.6065857885615251,0.3802778253399876,0.537454586439226,1.0
ventral medial,4,0.006932409012131715,0.011428571428571429,0.6065857885615251,0.3802778253399876,0.537454586439226,1.0
responsive,4,0.006932409012131715,0.011428571428571429,0.6065857885615251,0.3802778253399876,0.537454586439226,1.0
intervention,4,0.006932409012131715,0.011428571428571429,0.6065857885615251,0.3802778253399876,0.537454586439226,1.0
treatments,4,0.006932409012131715,0.011428571428571429,0.6065857885615251,0.3802778253399876,0.537454586439226,1.0
hemodynamic responses,4,0.006932409012131715,0.011428571428571429,0.6065857885615251,0.3802778253399876,0.537454586439226,1.0
happy faces,4,0.006932409012131715,0.011428571428571429,0.6065857885615251,0.3802778253399876,0.537454586439226,1.0
musical,4,0.006932409012131715,0.011428571428571429,0.6065857885615251,0.3802778253399876,0.537454586439226,1.0
dorsal ventral,4,0.006932409012131715,0.011428571428571429,0.6065857885615251,0.3802778253399876,0.537454586439226,1.0
episodic,52,0.09012131715771231,0.08,1.1265164644714039,0.3746141831542431,0.5404998232373939,1.0
superior,94,0.16291161178509533,0.1761904761904762,0.9246334722937842,0.373409296718201,0.5411517489779566,1.0
explore,24,0.0415944540727903,0.03428571428571429,1.2131715771230502,0.3731630654291969,0.5412851546488886,1.0
represent,21,0.036395147313691506,0.029523809523809525,1.232738860625035,0.36787349908900957,0.5441656810915136,1.0
terms,21,0.036395147313691506,0.029523809523809525,1.232738860625035,0.36787349908900957,0.5441656810915136,1.0
mean,21,0.036395147313691506,0.029523809523809525,1.232738860625035,0.36787349908900957,0.5441656810915136,1.0
directly,21,0.036395147313691506,0.029523809523809525,1.232738860625035,0.36787349908900957,0.5441656810915136,1.0
structural,45,0.0779896013864818,0.06857142857142857,1.1373483535528595,0.3638490960820721,0.5463762784160515,1.0
prefrontal,200,0.3466204506065858,0.3628571428571429,0.9552532103331104,0.359802908041643,0.5486157156964526,1.0
decision,31,0.053726169844020795,0.045714285714285714,1.175259965337955,0.3585045032300068,0.5493379714288142,1.0
frontal cortex,23,0.03986135181975736,0.047619047619047616,0.8370883882149046,0.3575739814365861,0.5498566809072714,1.0
autonomic,5,0.008665511265164644,0.013333333333333334,0.6499133448873483,0.35671168730078134,0.5503381762027638,1.0
unpleasant,5,0.008665511265164644,0.013333333333333334,0.6499133448873483,0.35671168730078134,0.5503381762027638,1.0
contributes,5,0.008665511265164644,0.013333333333333334,0.6499133448873483,0.35671168730078134,0.5503381762027638,1.0
separately,5,0.008665511265164644,0.013333333333333334,0.6499133448873483,0.35671168730078134,0.5503381762027638,1.0
dependence,5,0.008665511265164644,0.013333333333333334,0.6499133448873483,0.35671168730078134,0.5503381762027638,1.0
reliably,5,0.008665511265164644,0.013333333333333334,0.6499133448873483,0.35671168730078134,0.5503381762027638,1.0
avoidance,5,0.008665511265164644,0.013333333333333334,0.6499133448873483,0.35671168730078134,0.5503381762027638,1.0
display,5,0.008665511265164644,0.013333333333333334,0.6499133448873483,0.35671168730078134,0.5503381762027638,1.0
elements,5,0.008665511265164644,0.013333333333333334,0.6499133448873483,0.35671168730078134,0.5503381762027638,1.0
modulating,5,0.008665511265164644,0.013333333333333334,0.6499133448873483,0.35671168730078134,0.5503381762027638,1.0
called,5,0.008665511265164644,0.013333333333333334,0.6499133448873483,0.35671168730078134,0.5503381762027638,1.0
visually,5,0.008665511265164644,0.013333333333333334,0.6499133448873483,0.35671168730078134,0.5503381762027638,1.0
half,5,0.008665511265164644,0.013333333333333334,0.6499133448873483,0.35671168730078134,0.5503381762027638,1.0
expressed,5,0.008665511265164644,0.013333333333333334,0.6499133448873483,0.35671168730078134,0.5503381762027638,1.0
predicts,5,0.008665511265164644,0.013333333333333334,0.6499133448873483,0.35671168730078134,0.5503381762027638,1.0
best,5,0.008665511265164644,0.013333333333333334,0.6499133448873483,0.35671168730078134,0.5503381762027638,1.0
16,22,0.038128249566724434,0.045714285714285714,0.834055459272097,0.35252803604998706,0.5526855470278674,1.0
maintained,10,0.01733102253032929,0.012380952380952381,1.399813358218904,0.3476897297121791,0.5554238404810836,1.0
play role,10,0.01733102253032929,0.012380952380952381,1.399813358218904,0.3476897297121791,0.5554238404810836,1.0
medication,10,0.01733102253032929,0.012380952380952381,1.399813358218904,0.3476897297121791,0.5554238404810836,1.0
supramarginal gyrus,10,0.01733102253032929,0.012380952380952381,1.399813358218904,0.3476897297121791,0.5554238404810836,1.0
position,10,0.01733102253032929,0.012380952380952381,1.399813358218904,0.3476897297121791,0.5554238404810836,1.0
fully,10,0.01733102253032929,0.012380952380952381,1.399813358218904,0.3476897297121791,0.5554238404810836,1.0
lateral temporal,10,0.01733102253032929,0.012380952380952381,1.399813358218904,0.3476897297121791,0.5554238404810836,1.0
dysfunctional,10,0.01733102253032929,0.012380952380952381,1.399813358218904,0.3476897297121791,0.5554238404810836,1.0
neuronal,21,0.036395147313691506,0.04380952380952381,0.8307587973777408,0.34766787283530753,0.555436268776661,1.0
explained,6,0.010398613518197574,0.015238095238095238,0.6824090121317158,0.3413356581014701,0.5590592675404177,1.0
specialized,6,0.010398613518197574,0.015238095238095238,0.6824090121317158,0.3413356581014701,0.5590592675404177,1.0
version,6,0.010398613518197574,0.015238095238095238,0.6824090121317158,0.3413356581014701,0.5590592675404177,1.0
roi,6,0.010398613518197574,0.015238095238095238,0.6824090121317158,0.3413356581014701,0.5590592675404177,1.0
regulating,6,0.010398613518197574,0.015238095238095238,0.6824090121317158,0.3413356581014701,0.5590592675404177,1.0
assessing,6,0.010398613518197574,0.015238095238095238,0.6824090121317158,0.3413356581014701,0.5590592675404177,1.0
personality traits,6,0.010398613518197574,0.015238095238095238,0.6824090121317158,0.3413356581014701,0.5590592675404177,1.0
positive correlation,6,0.010398613518197574,0.015238095238095238,0.6824090121317158,0.3413356581014701,0.5590592675404177,1.0
achieved,6,0.010398613518197574,0.015238095238095238,0.6824090121317158,0.3413356581014701,0.5590592675404177,1.0
generalized,6,0.010398613518197574,0.015238095238095238,0.6824090121317158,0.3413356581014701,0.5590592675404177,1.0
phase,19,0.03292894280762565,0.04,0.8232235701906412,0.33859843420808516,0.5606393515724908,1.0
networks,91,0.15771230502599654,0.1457142857142857,1.0823393482176233,0.33164251900276803,0.5646935103011244,1.0
mirror,7,0.012131715771230503,0.017142857142857144,0.707683419988446,0.33121001441727566,0.5649474549403917,1.0
exposed,7,0.012131715771230503,0.017142857142857144,0.707683419988446,0.33121001441727566,0.5649474549403917,1.0
skin,7,0.012131715771230503,0.017142857142857144,0.707683419988446,0.33121001441727566,0.5649474549403917,1.0
need,7,0.012131715771230503,0.017142857142857144,0.707683419988446,0.33121001441727566,0.5649474549403917,1.0
implications,22,0.038128249566724434,0.03142857142857143,1.21317157712305,0.3271677117101627,0.56733162070504,1.0
midline,13,0.022530329289428077,0.017142857142857144,1.3142692085499712,0.3259397090654232,0.568059772727159,1.0
predominantly,13,0.022530329289428077,0.017142857142857144,1.3142692085499712,0.3259397090654232,0.568059772727159,1.0
physical,13,0.022530329289428077,0.017142857142857144,1.3142692085499712,0.3259397090654232,0.568059772727159,1.0
clusters,13,0.022530329289428077,0.017142857142857144,1.3142692085499712,0.3259397090654232,0.568059772727159,1.0
partial,8,0.01386481802426343,0.01904761904761905,0.72790294627383,0.32465497274994215,0.5688235146928655,1.0
amygdala insula,8,0.01386481802426343,0.01904761904761905,0.72790294627383,0.32465497274994215,0.5688235146928655,1.0
stable,8,0.01386481802426343,0.01904761904761905,0.72790294627383,0.32465497274994215,0.5688235146928655,1.0
ms,8,0.01386481802426343,0.01904761904761905,0.72790294627383,0.32465497274994215,0.5688235146928655,1.0
underpinnings,8,0.01386481802426343,0.01904761904761905,0.72790294627383,0.32465497274994215,0.5688235146928655,1.0
frontal parietal,14,0.024263431542461005,0.030476190476190476,0.7961438474870017,0.3214578065883057,0.5707328709294489,1.0
loss,14,0.024263431542461005,0.030476190476190476,0.7961438474870017,0.3214578065883057,0.5707328709294489,1.0
functionally,14,0.024263431542461005,0.030476190476190476,0.7961438474870017,0.3214578065883057,0.5707328709294489,1.0
dopaminergic,9,0.01559792027729636,0.02095238095238095,0.7444461950527809,0.3206410416203491,0.5712226568912664,1.0
frontal lobe,9,0.01559792027729636,0.02095238095238095,0.7444461950527809,0.3206410416203491,0.5712226568912664,1.0
implicit,9,0.01559792027729636,0.02095238095238095,0.7444461950527809,0.3206410416203491,0.5712226568912664,1.0
experienced,9,0.01559792027729636,0.02095238095238095,0.7444461950527809,0.3206410416203491,0.5712226568912664,1.0
wm,16,0.02772963604852686,0.021904761904761906,1.265918167432748,0.319747347075832,0.5717595196665265,1.0
blood oxygenation,16,0.02772963604852686,0.021904761904761906,1.265918167432748,0.319747347075832,0.5717595196665265,1.0
oxygenation,16,0.02772963604852686,0.021904761904761906,1.265918167432748,0.319747347075832,0.5717595196665265,1.0
hemodynamic,13,0.022530329289428077,0.02857142857142857,0.7885615251299827,0.31946345494473083,0.571930267400264,1.0
depends,13,0.022530329289428077,0.02857142857142857,0.7885615251299827,0.31946345494473083,0.571930267400264,1.0
paradigms,10,0.01733102253032929,0.022857142857142857,0.7582322357019063,0.31850212848779386,0.5725092043303162,1.0
like,10,0.01733102253032929,0.022857142857142857,0.7582322357019063,0.31850212848779386,0.5725092043303162,1.0
received,10,0.01733102253032929,0.022857142857142857,0.7582322357019063,0.31850212848779386,0.5725092043303162,1.0
day,10,0.01733102253032929,0.022857142857142857,0.7582322357019063,0.31850212848779386,0.5725092043303162,1.0
size,10,0.01733102253032929,0.022857142857142857,0.7582322357019063,0.31850212848779386,0.5725092043303162,1.0
success,10,0.01733102253032929,0.022857142857142857,0.7582322357019063,0.31850212848779386,0.5725092043303162,1.0
relationships,12,0.02079722703639515,0.02666666666666667,0.779896013864818,0.3181843354938483,0.572700841274097,1.0
literature,11,0.019064124783362217,0.024761904761904763,0.7698973470203972,0.31778821628085896,0.5729398875426511,1.0
gyrus,161,0.27902946273830154,0.26476190476190475,1.0538882585439446,0.3157333572959445,0.5741830943026329,1.0
included,31,0.053726169844020795,0.06190476190476191,0.8678842820957205,0.3133944840740012,0.5756046259663168,1.0
share,8,0.01386481802426343,0.009523809523809525,1.45580589254766,0.3059600307556535,0.5801699181056212,1.0
therapy,8,0.01386481802426343,0.009523809523809525,1.45580589254766,0.3059600307556535,0.5801699181056212,1.0
pathophysiology,8,0.01386481802426343,0.009523809523809525,1.45580589254766,0.3059600307556535,0.5801699181056212,1.0
higher order,8,0.01386481802426343,0.009523809523809525,1.45580589254766,0.3059600307556535,0.5801699181056212,1.0
underlies,8,0.01386481802426343,0.009523809523809525,1.45580589254766,0.3059600307556535,0.5801699181056212,1.0
believed,8,0.01386481802426343,0.009523809523809525,1.45580589254766,0.3059600307556535,0.5801699181056212,1.0
subserving,8,0.01386481802426343,0.009523809523809525,1.45580589254766,0.3059600307556535,0.5801699181056212,1.0
important,64,0.11091854419410745,0.10095238095238095,1.0987214283378568,0.29593983994680695,0.5864390441533689,1.0
required,23,0.03986135181975736,0.03333333333333333,1.1958405545927209,0.29123638498308724,0.589429313018957,1.0
knowledge,30,0.05199306759098787,0.04476190476190476,1.1615472546922823,0.286370304262528,0.5925559691337139,1.0
ventrolateral,20,0.03466204506065858,0.02857142857142857,1.2131715771230502,0.2818055225711226,0.5955202479828215,1.0
according,20,0.03466204506065858,0.02857142857142857,1.2131715771230502,0.2818055225711226,0.5955202479828215,1.0
dissociation,20,0.03466204506065858,0.02857142857142857,1.2131715771230502,0.2818055225711226,0.5955202479828215,1.0
elicited,26,0.045060658578856154,0.05238095238095238,0.8602489365054357,0.28125801756004065,0.5958778505880165,1.0
modified,11,0.019064124783362217,0.014285714285714285,1.3344887348353554,0.279518522016086,0.5970169681841497,1.0
parahippocampal cortex,11,0.019064124783362217,0.014285714285714285,1.3344887348353554,0.279518522016086,0.5970169681841497,1.0
undergoing,11,0.019064124783362217,0.014285714285714285,1.3344887348353554,0.279518522016086,0.5970169681841497,1.0
modalities,11,0.019064124783362217,0.014285714285714285,1.3344887348353554,0.279518522016086,0.5970169681841497,1.0
orbital,11,0.019064124783362217,0.014285714285714285,1.3344887348353554,0.279518522016086,0.5970169681841497,1.0
requiring,11,0.019064124783362217,0.014285714285714285,1.3344887348353554,0.279518522016086,0.5970169681841497,1.0
default network,11,0.019064124783362217,0.014285714285714285,1.3344887348353554,0.279518522016086,0.5970169681841497,1.0
medial temporal,61,0.10571923743500866,0.09619047619047619,1.0990613792748425,0.2783207529641518,0.5978039728024811,1.0
blind,17,0.029462738301559793,0.023809523809523808,1.2374350086655115,0.27512112842775316,0.5999169804964013,1.0
understand,17,0.029462738301559793,0.023809523809523808,1.2374350086655115,0.27512112842775316,0.5999169804964013,1.0
males,14,0.024263431542461005,0.01904761904761905,1.2738301559792027,0.27300390865068447,0.6013238060369046,1.0
anticipation,14,0.024263431542461005,0.01904761904761905,1.2738301559792027,0.27300390865068447,0.6013238060369046,1.0
important role,14,0.024263431542461005,0.01904761904761905,1.2738301559792027,0.27300390865068447,0.6013238060369046,1.0
circuitry,24,0.0415944540727903,0.04857142857142857,0.8563564073809767,0.26882476496697266,0.6041212214645648,1.0
subcortical,24,0.0415944540727903,0.04857142857142857,0.8563564073809767,0.26882476496697266,0.6041212214645648,1.0
contribute,38,0.0658578856152513,0.058095238095238096,1.1336193425576042,0.2685662551849988,0.6042951658314832,1.0
mode,36,0.06239168110918544,0.07047619047619047,0.8852873670897935,0.2684862045600726,0.604349051305402,1.0
psychopathology,6,0.010398613518197574,0.006666666666666667,1.559792027729636,0.2681715503962191,0.6045609571763135,1.0
dissociated,6,0.010398613518197574,0.006666666666666667,1.559792027729636,0.2681715503962191,0.6045609571763135,1.0
task task,6,0.010398613518197574,0.006666666666666667,1.559792027729636,0.2681715503962191,0.6045609571763135,1.0
weight,6,0.010398613518197574,0.006666666666666667,1.559792027729636,0.2681715503962191,0.6045609571763135,1.0
lacking,6,0.010398613518197574,0.006666666666666667,1.559792027729636,0.2681715503962191,0.6045609571763135,1.0
focusing,6,0.010398613518197574,0.006666666666666667,1.559792027729636,0.2681715503962191,0.6045609571763135,1.0
known involved,6,0.010398613518197574,0.006666666666666667,1.559792027729636,0.2681715503962191,0.6045609571763135,1.0
track,6,0.010398613518197574,0.006666666666666667,1.559792027729636,0.2681715503962191,0.6045609571763135,1.0
bold signals,6,0.010398613518197574,0.006666666666666667,1.559792027729636,0.2681715503962191,0.6045609571763135,1.0
youth,6,0.010398613518197574,0.006666666666666667,1.559792027729636,0.2681715503962191,0.6045609571763135,1.0
stimulus response,6,0.010398613518197574,0.006666666666666667,1.559792027729636,0.2681715503962191,0.6045609571763135,1.0
compensation,6,0.010398613518197574,0.006666666666666667,1.559792027729636,0.2681715503962191,0.6045609571763135,1.0
contents,6,0.010398613518197574,0.006666666666666667,1.559792027729636,0.2681715503962191,0.6045609571763135,1.0
color,6,0.010398613518197574,0.006666666666666667,1.559792027729636,0.2681715503962191,0.6045609571763135,1.0
adjacent,6,0.010398613518197574,0.006666666666666667,1.559792027729636,0.2681715503962191,0.6045609571763135,1.0
selective,31,0.053726169844020795,0.04666666666666667,1.1512750680861599,0.2602990145631645,0.6099148022114815,1.0
studied,50,0.08665511265164645,0.07809523809523809,1.109608149807668,0.26017583266330485,0.6099993811545219,1.0
action,24,0.0415944540727903,0.035238095238095235,1.1803831561197247,0.2593781696156095,0.6105476827173705,1.0
presence,24,0.0415944540727903,0.035238095238095235,1.1803831561197247,0.2593781696156095,0.6105476827173705,1.0
resting,62,0.10745233968804159,0.11714285714285715,0.9172760705076721,0.25748814280956683,0.6118511097806071,1.0
larger,22,0.038128249566724434,0.04476190476190476,0.8518013201076736,0.25668320838808306,0.612408047124724,1.0
conclusion,21,0.036395147313691506,0.030476190476190476,1.1942157712305026,0.24744857248070326,0.6188773734008594,1.0
anatomical,21,0.036395147313691506,0.030476190476190476,1.1942157712305026,0.24744857248070326,0.6188773734008594,1.0
post,20,0.03466204506065858,0.040952380952380955,0.8463987747370117,0.2448857567583503,0.6206994205257814,1.0
versus,55,0.09532062391681109,0.08666666666666667,1.0998533528862817,0.24368227381858568,0.6215591409984235,1.0
suggesting,60,0.10398613518197573,0.11333333333333333,0.9175247221939036,0.2436659108968349,0.6215708481996736,1.0
goal,19,0.03292894280762565,0.039047619047619046,0.8433021938538277,0.2391383163406938,0.62482916188932,1.0
functioning,19,0.03292894280762565,0.039047619047619046,0.8433021938538277,0.2391383163406938,0.62482916188932,1.0
external,18,0.03119584055459272,0.025714285714285714,1.2131715771230502,0.23718396842913428,0.6262474404363163,1.0
engagement,18,0.03119584055459272,0.025714285714285714,1.2131715771230502,0.23718396842913428,0.6262474404363163,1.0
parietal cortex,31,0.053726169844020795,0.06095238095238095,0.8814449740034662,0.2344430205790144,0.6282487875422476,1.0
volumetric,9,0.01559792027729636,0.011428571428571429,1.3648180242634316,0.23351714127459666,0.6289280961529858,1.0
bold response,9,0.01559792027729636,0.011428571428571429,1.3648180242634316,0.23351714127459666,0.6289280961529858,1.0
blood flow,9,0.01559792027729636,0.011428571428571429,1.3648180242634316,0.23351714127459666,0.6289280961529858,1.0
dose,9,0.01559792027729636,0.011428571428571429,1.3648180242634316,0.23351714127459666,0.6289280961529858,1.0
47,9,0.01559792027729636,0.011428571428571429,1.3648180242634316,0.23351714127459666,0.6289280961529858,1.0
similarly,9,0.01559792027729636,0.011428571428571429,1.3648180242634316,0.23351714127459666,0.6289280961529858,1.0
stream,9,0.01559792027729636,0.011428571428571429,1.3648180242634316,0.23351714127459666,0.6289280961529858,1.0
cortex pcc,9,0.01559792027729636,0.011428571428571429,1.3648180242634316,0.23351714127459666,0.6289280961529858,1.0
adulthood,9,0.01559792027729636,0.011428571428571429,1.3648180242634316,0.23351714127459666,0.6289280961529858,1.0
appear,9,0.01559792027729636,0.011428571428571429,1.3648180242634316,0.23351714127459666,0.6289280961529858,1.0
demonstrated,64,0.11091854419410745,0.1019047619047619,1.0884530037739517,0.23297201300047207,0.629328828746283,1.0
cognitive,151,0.2616984402079723,0.24952380952380954,1.048791458848744,0.23067064773347856,0.631026998608567,1.0
identified,60,0.10398613518197573,0.09523809523809523,1.0918544194107453,0.23029668596407482,0.6313039275489702,1.0
stimulus,58,0.10051993067590988,0.10952380952380952,0.9177906713887424,0.2300004261230139,0.631523512527045,1.0
disease ad,15,0.025996533795493933,0.02095238095238095,1.2407436584213014,0.22955591921902688,0.6318533033406496,1.0
oxygenation level,15,0.025996533795493933,0.02095238095238095,1.2407436584213014,0.22955591921902688,0.6318533033406496,1.0
lead,15,0.025996533795493933,0.02095238095238095,1.2407436584213014,0.22955591921902688,0.6318533033406496,1.0
salience,17,0.029462738301559793,0.035238095238095235,0.836104735584805,0.22800809794126795,0.6330047432785662,1.0
pain,17,0.029462738301559793,0.035238095238095235,0.836104735584805,0.22800809794126795,0.6330047432785662,1.0
mechanism,30,0.05199306759098787,0.05904761904761905,0.8805277575893106,0.2277214501146745,0.6332185099235406,1.0
memory wm,12,0.02079722703639515,0.01619047619047619,1.2845346110714653,0.22661082514869962,0.6340483178514595,1.0
selection,12,0.02079722703639515,0.01619047619047619,1.2845346110714653,0.22661082514869962,0.6340483178514595,1.0
facilitate,12,0.02079722703639515,0.01619047619047619,1.2845346110714653,0.22661082514869962,0.6340483178514595,1.0
fronto parietal,12,0.02079722703639515,0.01619047619047619,1.2845346110714653,0.22661082514869962,0.6340483178514595,1.0
bias,12,0.02079722703639515,0.01619047619047619,1.2845346110714653,0.22661082514869962,0.6340483178514595,1.0
conclude,16,0.02772963604852686,0.03333333333333333,0.8318890814558059,0.2226590287009067,0.6370212981855299,1.0
evaluated,16,0.02772963604852686,0.03333333333333333,0.8318890814558059,0.2226590287009067,0.6370212981855299,1.0
orbitofrontal,39,0.06759098786828423,0.07523809523809524,0.8983612311607396,0.22002104464853633,0.6390238838745357,1.0
induced,38,0.0658578856152513,0.07333333333333333,0.8980620765716086,0.21320988723899922,0.6442630765333062,1.0
alcohol,3,0.005199306759098787,0.008571428571428572,0.6065857885615251,0.20947188175948428,0.6471816528661729,1.0
medial lateral,3,0.005199306759098787,0.008571428571428572,0.6065857885615251,0.20947188175948428,0.6471816528661729,1.0
regulatory,3,0.005199306759098787,0.008571428571428572,0.6065857885615251,0.20947188175948428,0.6471816528661729,1.0
efficacy,3,0.005199306759098787,0.008571428571428572,0.6065857885615251,0.20947188175948428,0.6471816528661729,1.0
whilst,3,0.005199306759098787,0.008571428571428572,0.6065857885615251,0.20947188175948428,0.6471816528661729,1.0
emerging,3,0.005199306759098787,0.008571428571428572,0.6065857885615251,0.20947188175948428,0.6471816528661729,1.0
pre post,3,0.005199306759098787,0.008571428571428572,0.6065857885615251,0.20947188175948428,0.6471816528661729,1.0
phenomena,3,0.005199306759098787,0.008571428571428572,0.6065857885615251,0.20947188175948428,0.6471816528661729,1.0
functional connections,3,0.005199306759098787,0.008571428571428572,0.6065857885615251,0.20947188175948428,0.6471816528661729,1.0
responsiveness,3,0.005199306759098787,0.008571428571428572,0.6065857885615251,0.20947188175948428,0.6471816528661729,1.0
anatomy,3,0.005199306759098787,0.008571428571428572,0.6065857885615251,0.20947188175948428,0.6471816528661729,1.0
presentations,3,0.005199306759098787,0.008571428571428572,0.6065857885615251,0.20947188175948428,0.6471816528661729,1.0
cortex vmpfc,3,0.005199306759098787,0.008571428571428572,0.6065857885615251,0.20947188175948428,0.6471816528661729,1.0
cognitive emotional,3,0.005199306759098787,0.008571428571428572,0.6065857885615251,0.20947188175948428,0.6471816528661729,1.0
resonance rs,3,0.005199306759098787,0.008571428571428572,0.6065857885615251,0.20947188175948428,0.6471816528661729,1.0
heterogeneity,3,0.005199306759098787,0.008571428571428572,0.6065857885615251,0.20947188175948428,0.6471816528661729,1.0
delivered,3,0.005199306759098787,0.008571428571428572,0.6065857885615251,0.20947188175948428,0.6471816528661729,1.0
real time,3,0.005199306759098787,0.008571428571428572,0.6065857885615251,0.20947188175948428,0.6471816528661729,1.0
provide new,3,0.005199306759098787,0.008571428571428572,0.6065857885615251,0.20947188175948428,0.6471816528661729,1.0
masked,3,0.005199306759098787,0.008571428571428572,0.6065857885615251,0.20947188175948428,0.6471816528661729,1.0
indexed,3,0.005199306759098787,0.008571428571428572,0.6065857885615251,0.20947188175948428,0.6471816528661729,1.0
distress,3,0.005199306759098787,0.008571428571428572,0.6065857885615251,0.20947188175948428,0.6471816528661729,1.0
selective attention,3,0.005199306759098787,0.008571428571428572,0.6065857885615251,0.20947188175948428,0.6471816528661729,1.0
mesial,3,0.005199306759098787,0.008571428571428572,0.6065857885615251,0.20947188175948428,0.6471816528661729,1.0
face ffa,3,0.005199306759098787,0.008571428571428572,0.6065857885615251,0.20947188175948428,0.6471816528661729,1.0
analyzed using,3,0.005199306759098787,0.008571428571428572,0.6065857885615251,0.20947188175948428,0.6471816528661729,1.0
biases,3,0.005199306759098787,0.008571428571428572,0.6065857885615251,0.20947188175948428,0.6471816528661729,1.0
collected,13,0.022530329289428077,0.02761904761904762,0.8157533018586027,0.20778024686302657,0.6485128147506398,1.0
processed,13,0.022530329289428077,0.02761904761904762,0.8157533018586027,0.20778024686302657,0.6485128147506398,1.0
overall,27,0.04679376083188908,0.05333333333333334,0.8773830155979202,0.20773249993574308,0.6485504820595467,1.0
considered,19,0.03292894280762565,0.02761904761904762,1.1922548257933425,0.20468561692796294,0.6509650401554679,1.0
provided,12,0.02079722703639515,0.025714285714285714,0.8087810514153669,0.20334041787777904,0.6520379605308047,1.0
recognition memory,12,0.02079722703639515,0.025714285714285714,0.8087810514153669,0.20334041787777904,0.6520379605308047,1.0
chronic,12,0.02079722703639515,0.025714285714285714,0.8087810514153669,0.20334041787777904,0.6520379605308047,1.0
cortex dlpfc,12,0.02079722703639515,0.025714285714285714,0.8087810514153669,0.20334041787777904,0.6520379605308047,1.0
detect,11,0.019064124783362217,0.023809523809523808,0.8006932409012132,0.19925830817516926,0.6553201854747179,1.0
relevance,11,0.019064124783362217,0.023809523809523808,0.8006932409012132,0.19925830817516926,0.6553201854747179,1.0
little known,30,0.05199306759098787,0.045714285714285714,1.1373483535528597,0.19877603971855837,0.6557106105535915,1.0
regard,4,0.006932409012131715,0.010476190476190476,0.6617299511580274,0.1974932170334278,0.6567519031208069,1.0
classified,4,0.006932409012131715,0.010476190476190476,0.6617299511580274,0.1974932170334278,0.6567519031208069,1.0
judged,4,0.006932409012131715,0.010476190476190476,0.6617299511580274,0.1974932170334278,0.6567519031208069,1.0
executive functions,4,0.006932409012131715,0.010476190476190476,0.6617299511580274,0.1974932170334278,0.6567519031208069,1.0
observer,4,0.006932409012131715,0.010476190476190476,0.6617299511580274,0.1974932170334278,0.6567519031208069,1.0
similarities,4,0.006932409012131715,0.010476190476190476,0.6617299511580274,0.1974932170334278,0.6567519031208069,1.0
enhancing,4,0.006932409012131715,0.010476190476190476,0.6617299511580274,0.1974932170334278,0.6567519031208069,1.0
cognitive tasks,4,0.006932409012131715,0.010476190476190476,0.6617299511580274,0.1974932170334278,0.6567519031208069,1.0
applying,4,0.006932409012131715,0.010476190476190476,0.6617299511580274,0.1974932170334278,0.6567519031208069,1.0
functional organization,4,0.006932409012131715,0.010476190476190476,0.6617299511580274,0.1974932170334278,0.6567519031208069,1.0
indices,4,0.006932409012131715,0.010476190476190476,0.6617299511580274,0.1974932170334278,0.6567519031208069,1.0
bodily,4,0.006932409012131715,0.010476190476190476,0.6617299511580274,0.1974932170334278,0.6567519031208069,1.0
inverse,4,0.006932409012131715,0.010476190476190476,0.6617299511580274,0.1974932170334278,0.6567519031208069,1.0
containing,4,0.006932409012131715,0.010476190476190476,0.6617299511580274,0.1974932170334278,0.6567519031208069,1.0
measuring,4,0.006932409012131715,0.010476190476190476,0.6617299511580274,0.1974932170334278,0.6567519031208069,1.0
word pairs,4,0.006932409012131715,0.010476190476190476,0.6617299511580274,0.1974932170334278,0.6567519031208069,1.0
suppression,10,0.01733102253032929,0.021904761904761906,0.7911988546454675,0.19562471637532722,0.6582758718524826,1.0
status,10,0.01733102253032929,0.021904761904761906,0.7911988546454675,0.19562471637532722,0.6582758718524826,1.0
substrate,10,0.01733102253032929,0.021904761904761906,0.7911988546454675,0.19562471637532722,0.6582758718524826,1.0
anterior cingulate,83,0.1438474870017331,0.15333333333333332,0.9381357847939117,0.19369602100995675,0.6598580904756075,1.0
temporo,16,0.02772963604852686,0.022857142857142857,1.2131715771230502,0.1934657234982962,0.6600476443037733,1.0
evaluate,16,0.02772963604852686,0.022857142857142857,1.2131715771230502,0.1934657234982962,0.6600476443037733,1.0
deficits,46,0.07972270363951472,0.07238095238095238,1.1014320897564536,0.19320370767809003,0.6602634687258085,1.0
linked,35,0.060658578856152515,0.06761904761904762,0.8970634901261991,0.1929473735752459,0.6604747821226036,1.0
far,9,0.01559792027729636,0.02,0.779896013864818,0.1925668164309829,0.6607888099597303,1.0
insight,9,0.01559792027729636,0.02,0.779896013864818,0.1925668164309829,0.6607888099597303,1.0
administered,9,0.01559792027729636,0.02,0.779896013864818,0.1925668164309829,0.6607888099597303,1.0
fc,9,0.01559792027729636,0.02,0.779896013864818,0.1925668164309829,0.6607888099597303,1.0
levels,42,0.07279029462738301,0.06571428571428571,1.1076783965036545,0.19254616233031907,0.6608058638775256,1.0
assessed using,5,0.008665511265164644,0.012380952380952381,0.699906679109452,0.19160621780047227,0.6615831252411108,1.0
questions,5,0.008665511265164644,0.012380952380952381,0.699906679109452,0.19160621780047227,0.6615831252411108,1.0
samples,5,0.008665511265164644,0.012380952380952381,0.699906679109452,0.19160621780047227,0.6615831252411108,1.0
social interactions,5,0.008665511265164644,0.012380952380952381,0.699906679109452,0.19160621780047227,0.6615831252411108,1.0
attention network,5,0.008665511265164644,0.012380952380952381,0.699906679109452,0.19160621780047227,0.6615831252411108,1.0
emotional valence,5,0.008665511265164644,0.012380952380952381,0.699906679109452,0.19160621780047227,0.6615831252411108,1.0
inferior prefrontal,5,0.008665511265164644,0.012380952380952381,0.699906679109452,0.19160621780047227,0.6615831252411108,1.0
pleasant,5,0.008665511265164644,0.012380952380952381,0.699906679109452,0.19160621780047227,0.6615831252411108,1.0
reorganization,5,0.008665511265164644,0.012380952380952381,0.699906679109452,0.19160621780047227,0.6615831252411108,1.0
using voxel,5,0.008665511265164644,0.012380952380952381,0.699906679109452,0.19160621780047227,0.6615831252411108,1.0
conceptual,5,0.008665511265164644,0.012380952380952381,0.699906679109452,0.19160621780047227,0.6615831252411108,1.0
31,5,0.008665511265164644,0.012380952380952381,0.699906679109452,0.19160621780047227,0.6615831252411108,1.0
amygdala anterior,8,0.01386481802426343,0.018095238095238095,0.7662136276566633,0.1902683655634568,0.6626933530187182,1.0
reaction time,8,0.01386481802426343,0.018095238095238095,0.7662136276566633,0.1902683655634568,0.6626933530187182,1.0
secondary,8,0.01386481802426343,0.018095238095238095,0.7662136276566633,0.1902683655634568,0.6626933530187182,1.0
irrespective,8,0.01386481802426343,0.018095238095238095,0.7662136276566633,0.1902683655634568,0.6626933530187182,1.0
atrophy,8,0.01386481802426343,0.018095238095238095,0.7662136276566633,0.1902683655634568,0.6626933530187182,1.0
self reported,8,0.01386481802426343,0.018095238095238095,0.7662136276566633,0.1902683655634568,0.6626933530187182,1.0
pathway,8,0.01386481802426343,0.018095238095238095,0.7662136276566633,0.1902683655634568,0.6626933530187182,1.0
appropriate,6,0.010398613518197574,0.014285714285714285,0.7279029462738302,0.18921025157758972,0.6635747325835538,1.0
produce,6,0.010398613518197574,0.014285714285714285,0.7279029462738302,0.18921025157758972,0.6635747325835538,1.0
serotonin,6,0.010398613518197574,0.014285714285714285,0.7279029462738302,0.18921025157758972,0.6635747325835538,1.0
operculum,6,0.010398613518197574,0.014285714285714285,0.7279029462738302,0.18921025157758972,0.6635747325835538,1.0
increasingly,6,0.010398613518197574,0.014285714285714285,0.7279029462738302,0.18921025157758972,0.6635747325835538,1.0
suppressed,6,0.010398613518197574,0.014285714285714285,0.7279029462738302,0.18921025157758972,0.6635747325835538,1.0
practice,6,0.010398613518197574,0.014285714285714285,0.7279029462738302,0.18921025157758972,0.6635747325835538,1.0
typical,6,0.010398613518197574,0.014285714285714285,0.7279029462738302,0.18921025157758972,0.6635747325835538,1.0
previous research,7,0.012131715771230503,0.01619047619047619,0.7493118564583546,0.18900506815798016,0.6637459837667377,1.0
includes,7,0.012131715771230503,0.01619047619047619,0.7493118564583546,0.18900506815798016,0.6637459837667377,1.0
efficient,7,0.012131715771230503,0.01619047619047619,0.7493118564583546,0.18900506815798016,0.6637459837667377,1.0
remembering,7,0.012131715771230503,0.01619047619047619,0.7493118564583546,0.18900506815798016,0.6637459837667377,1.0
neuroanatomical,7,0.012131715771230503,0.01619047619047619,0.7493118564583546,0.18900506815798016,0.6637459837667377,1.0
wide,7,0.012131715771230503,0.008571428571428572,1.415366839976892,0.1880538630228591,0.664541330265288,1.0
threatening,7,0.012131715771230503,0.008571428571428572,1.415366839976892,0.1880538630228591,0.664541330265288,1.0
39,7,0.012131715771230503,0.008571428571428572,1.415366839976892,0.1880538630228591,0.664541330265288,1.0
disturbances,7,0.012131715771230503,0.008571428571428572,1.415366839976892,0.1880538630228591,0.664541330265288,1.0
patient group,7,0.012131715771230503,0.008571428571428572,1.415366839976892,0.1880538630228591,0.664541330265288,1.0
distance,7,0.012131715771230503,0.008571428571428572,1.415366839976892,0.1880538630228591,0.664541330265288,1.0
performance task,7,0.012131715771230503,0.008571428571428572,1.415366839976892,0.1880538630228591,0.664541330265288,1.0
sixteen,7,0.012131715771230503,0.008571428571428572,1.415366839976892,0.1880538630228591,0.664541330265288,1.0
processes underlying,7,0.012131715771230503,0.008571428571428572,1.415366839976892,0.1880538630228591,0.664541330265288,1.0
priori,7,0.012131715771230503,0.008571428571428572,1.415366839976892,0.1880538630228591,0.664541330265288,1.0
emotional responses,7,0.012131715771230503,0.008571428571428572,1.415366839976892,0.1880538630228591,0.664541330265288,1.0
amnestic,7,0.012131715771230503,0.008571428571428572,1.415366839976892,0.1880538630228591,0.664541330265288,1.0
systematically,7,0.012131715771230503,0.008571428571428572,1.415366839976892,0.1880538630228591,0.664541330265288,1.0
family,7,0.012131715771230503,0.008571428571428572,1.415366839976892,0.1880538630228591,0.664541330265288,1.0
storage,7,0.012131715771230503,0.008571428571428572,1.415366839976892,0.1880538630228591,0.664541330265288,1.0
vary,7,0.012131715771230503,0.008571428571428572,1.415366839976892,0.1880538630228591,0.664541330265288,1.0
benefits,7,0.012131715771230503,0.008571428571428572,1.415366839976892,0.1880538630228591,0.664541330265288,1.0
somatosensory cortex,7,0.012131715771230503,0.008571428571428572,1.415366839976892,0.1880538630228591,0.664541330265288,1.0
variation,13,0.022530329289428077,0.018095238095238095,1.245097144942078,0.18467970402311812,0.6673820433714148,1.0
cued,13,0.022530329289428077,0.018095238095238095,1.245097144942078,0.18467970402311812,0.6673820433714148,1.0
stage,13,0.022530329289428077,0.018095238095238095,1.245097144942078,0.18467970402311812,0.6673820433714148,1.0
require,13,0.022530329289428077,0.018095238095238095,1.245097144942078,0.18467970402311812,0.6673820433714148,1.0
recruit,13,0.022530329289428077,0.018095238095238095,1.245097144942078,0.18467970402311812,0.6673820433714148,1.0
interaction,55,0.09532062391681109,0.08761904761904762,1.0878984251375179,0.1832013566290755,0.6686363585107908,1.0
pre,27,0.04679376083188908,0.040952380952380955,1.1426383458949658,0.18303247857883273,0.6687800250787581,1.0
learning,68,0.11785095320623917,0.10952380952380952,1.076030442317836,0.18196708925708738,0.6696881768357346,1.0
treatment,23,0.03986135181975736,0.045714285714285714,0.8719670710571923,0.18149925243177825,0.670087960102852,1.0
core,23,0.03986135181975736,0.045714285714285714,0.8719670710571923,0.18149925243177825,0.670087960102852,1.0
alternative,10,0.01733102253032929,0.013333333333333334,1.2998266897746966,0.18060085712228058,0.6708573811634679,1.0
emerged,10,0.01733102253032929,0.013333333333333334,1.2998266897746966,0.18060085712228058,0.6708573811634679,1.0
extinction,10,0.01733102253032929,0.013333333333333334,1.2998266897746966,0.18060085712228058,0.6708573811634679,1.0
modulation,33,0.05719237435008666,0.06380952380952382,0.8962984039938953,0.17958127366180188,0.6717333345135701,1.0
memory,183,0.317157712305026,0.3057142857142857,1.0374317692220476,0.1776822422984911,0.6733726978062137,1.0
placebo,20,0.03466204506065858,0.029523809523809525,1.174037010119081,0.176670028573676,0.6742507227747014,1.0
predict,20,0.03466204506065858,0.029523809523809525,1.174037010119081,0.176670028573676,0.6742507227747014,1.0
modulated,41,0.07105719237435008,0.07809523809523809,0.9098786828422877,0.17283574122593448,0.6776037941654403,1.0
recognition,57,0.09878682842287695,0.10666666666666667,0.9261265164644713,0.17095359866755366,0.67926570129837,1.0
theory,24,0.0415944540727903,0.03619047619047619,1.1493204414849951,0.16755722071461146,0.6822919707115139,1.0
volume,31,0.053726169844020795,0.06,0.8954361640670133,0.16632910865268904,0.6833950667300343,1.0
mental,31,0.053726169844020795,0.06,0.8954361640670133,0.16632910865268904,0.6833950667300343,1.0
encoded,17,0.029462738301559793,0.024761904761904763,1.1898413544860684,0.1631977610463338,0.6862293188988766,1.0
factor,17,0.029462738301559793,0.024761904761904763,1.1898413544860684,0.1631977610463338,0.6862293188988766,1.0
highly,28,0.04852686308492201,0.04285714285714286,1.1322934719815136,0.16268529165190002,0.6866961716866651,1.0
formation,20,0.03466204506065858,0.04,0.8665511265164644,0.16215359563963486,0.6871814441946829,1.0
cue,20,0.03466204506065858,0.04,0.8665511265164644,0.16215359563963486,0.6871814441946829,1.0
affective,39,0.06759098786828423,0.07428571428571429,0.9098786828422877,0.15981575881219506,0.6893261997754645,1.0
methods,66,0.11438474870017332,0.10666666666666667,1.0723570190641247,0.15533561378059774,0.6934877258961547,1.0
individual,62,0.10745233968804159,0.11523809523809524,0.9324376584499476,0.15485046903343133,0.6939425121867537,1.0
amplitude,14,0.024263431542461005,0.02,1.2131715771230502,0.150908070716769,0.6976690795049019,1.0
speech,14,0.024263431542461005,0.02,1.2131715771230502,0.150908070716769,0.6976690795049019,1.0
drug,14,0.024263431542461005,0.02,1.2131715771230502,0.150908070716769,0.6976690795049019,1.0
participated,14,0.024263431542461005,0.02,1.2131715771230502,0.150908070716769,0.6976690795049019,1.0
memory retrieval,25,0.043327556325823226,0.0380952380952381,1.1373483535528597,0.14688009431191731,0.7015348611342648,1.0
sample,29,0.05025996533795494,0.04476190476190476,1.1228290128692062,0.14438963184653447,0.7039555421501857,1.0
remote,5,0.008665511265164644,0.005714285714285714,1.5164644714038127,0.14346702280558585,0.7048583630592411,1.0
environments,5,0.008665511265164644,0.005714285714285714,1.5164644714038127,0.14346702280558585,0.7048583630592411,1.0
inferior occipital,5,0.008665511265164644,0.005714285714285714,1.5164644714038127,0.14346702280558585,0.7048583630592411,1.0
reliance,5,0.008665511265164644,0.005714285714285714,1.5164644714038127,0.14346702280558585,0.7048583630592411,1.0
occipitotemporal,5,0.008665511265164644,0.005714285714285714,1.5164644714038127,0.14346702280558585,0.7048583630592411,1.0
men women,5,0.008665511265164644,0.005714285714285714,1.5164644714038127,0.14346702280558585,0.7048583630592411,1.0
localization,5,0.008665511265164644,0.005714285714285714,1.5164644714038127,0.14346702280558585,0.7048583630592411,1.0
noted,5,0.008665511265164644,0.005714285714285714,1.5164644714038127,0.14346702280558585,0.7048583630592411,1.0
multisensory,5,0.008665511265164644,0.005714285714285714,1.5164644714038127,0.14346702280558585,0.7048583630592411,1.0
action observation,5,0.008665511265164644,0.005714285714285714,1.5164644714038127,0.14346702280558585,0.7048583630592411,1.0
ipl,5,0.008665511265164644,0.005714285714285714,1.5164644714038127,0.14346702280558585,0.7048583630592411,1.0
externally,5,0.008665511265164644,0.005714285714285714,1.5164644714038127,0.14346702280558585,0.7048583630592411,1.0
motor control,5,0.008665511265164644,0.005714285714285714,1.5164644714038127,0.14346702280558585,0.7048583630592411,1.0
cortex cerebellum,5,0.008665511265164644,0.005714285714285714,1.5164644714038127,0.14346702280558585,0.7048583630592411,1.0
early visual,5,0.008665511265164644,0.005714285714285714,1.5164644714038127,0.14346702280558585,0.7048583630592411,1.0
electrophysiological,5,0.008665511265164644,0.005714285714285714,1.5164644714038127,0.14346702280558585,0.7048583630592411,1.0
standardized,5,0.008665511265164644,0.005714285714285714,1.5164644714038127,0.14346702280558585,0.7048583630592411,1.0
01,5,0.008665511265164644,0.005714285714285714,1.5164644714038127,0.14346702280558585,0.7048583630592411,1.0
valid,5,0.008665511265164644,0.005714285714285714,1.5164644714038127,0.14346702280558585,0.7048583630592411,1.0
event potentials,5,0.008665511265164644,0.005714285714285714,1.5164644714038127,0.14346702280558585,0.7048583630592411,1.0
languages,5,0.008665511265164644,0.005714285714285714,1.5164644714038127,0.14346702280558585,0.7048583630592411,1.0
took,5,0.008665511265164644,0.005714285714285714,1.5164644714038127,0.14346702280558585,0.7048583630592411,1.0
published,5,0.008665511265164644,0.005714285714285714,1.5164644714038127,0.14346702280558585,0.7048583630592411,1.0
heard,5,0.008665511265164644,0.005714285714285714,1.5164644714038127,0.14346702280558585,0.7048583630592411,1.0
manifest,5,0.008665511265164644,0.005714285714285714,1.5164644714038127,0.14346702280558585,0.7048583630592411,1.0
listened,5,0.008665511265164644,0.005714285714285714,1.5164644714038127,0.14346702280558585,0.7048583630592411,1.0
weak,5,0.008665511265164644,0.005714285714285714,1.5164644714038127,0.14346702280558585,0.7048583630592411,1.0
proper,5,0.008665511265164644,0.005714285714285714,1.5164644714038127,0.14346702280558585,0.7048583630592411,1.0
posttraumatic,5,0.008665511265164644,0.005714285714285714,1.5164644714038127,0.14346702280558585,0.7048583630592411,1.0
inhibition,17,0.029462738301559793,0.03428571428571429,0.8593298671288273,0.14311628482258942,0.7052024491528217,1.0
interference,11,0.019064124783362217,0.015238095238095238,1.2510831889081455,0.1407093892705841,0.7075767994231944,1.0
perspective,11,0.019064124783362217,0.015238095238095238,1.2510831889081455,0.1407093892705841,0.7075767994231944,1.0
located,11,0.019064124783362217,0.015238095238095238,1.2510831889081455,0.1407093892705841,0.7075767994231944,1.0
supramarginal,11,0.019064124783362217,0.015238095238095238,1.2510831889081455,0.1407093892705841,0.7075767994231944,1.0
frontal gyri,11,0.019064124783362217,0.015238095238095238,1.2510831889081455,0.1407093892705841,0.7075767994231944,1.0
flow,11,0.019064124783362217,0.015238095238095238,1.2510831889081455,0.1407093892705841,0.7075767994231944,1.0
dual,11,0.019064124783362217,0.015238095238095238,1.2510831889081455,0.1407093892705841,0.7075767994231944,1.0
restricted,11,0.019064124783362217,0.015238095238095238,1.2510831889081455,0.1407093892705841,0.7075767994231944,1.0
following,36,0.06239168110918544,0.06857142857142857,0.9098786828422877,0.14058026666740017,0.7077048288591156,1.0
cingulate cortex,81,0.14038128249566725,0.14857142857142858,0.9448740167977603,0.1402947706088409,0.7079881461308826,1.0
abnormalities,27,0.04679376083188908,0.05238095238095238,0.893335434063337,0.14016938307119065,0.7081126806534166,1.0
state,86,0.14904679376083188,0.14095238095238094,1.0574265773572533,0.13785047308018986,0.7104273532869794,1.0
extensive,16,0.02772963604852686,0.03238095238095238,0.8563564073809766,0.13684623843231308,0.7114366282844895,1.0
discrete,8,0.01386481802426343,0.010476190476190476,1.3234599023160547,0.13504417546610598,0.7132583438386273,1.0
access,8,0.01386481802426343,0.010476190476190476,1.3234599023160547,0.13504417546610598,0.7132583438386273,1.0
methodology,8,0.01386481802426343,0.010476190476190476,1.3234599023160547,0.13504417546610598,0.7132583438386273,1.0
randomly,8,0.01386481802426343,0.010476190476190476,1.3234599023160547,0.13504417546610598,0.7132583438386273,1.0
cortical network,8,0.01386481802426343,0.010476190476190476,1.3234599023160547,0.13504417546610598,0.7132583438386273,1.0
high resolution,8,0.01386481802426343,0.010476190476190476,1.3234599023160547,0.13504417546610598,0.7132583438386273,1.0
sound,8,0.01386481802426343,0.010476190476190476,1.3234599023160547,0.13504417546610598,0.7132583438386273,1.0
gene,8,0.01386481802426343,0.010476190476190476,1.3234599023160547,0.13504417546610598,0.7132583438386273,1.0
alterations,26,0.045060658578856154,0.05047619047619047,0.8927111605245087,0.1337022499803147,0.7146238850988904,1.0
recently,22,0.038128249566724434,0.03333333333333333,1.143847487001733,0.13126945146500754,0.7171194423003342,1.0
signal,65,0.11265164644714037,0.12,0.9387637203928365,0.12962220115571862,0.718824075658401,1.0
10,34,0.058925476603119586,0.05333333333333334,1.1048526863084922,0.12867431237630458,0.71981053635049,1.0
finally,26,0.045060658578856154,0.04,1.1265164644714039,0.12852778173922522,0.7199633953131488,1.0
trials,34,0.058925476603119586,0.06476190476190476,0.9098786828422878,0.12796411637928481,0.7205523225172709,1.0
measures,34,0.058925476603119586,0.06476190476190476,0.9098786828422878,0.12796411637928481,0.7205523225172709,1.0
assessed,42,0.07279029462738301,0.07904761904761905,0.9208410766114719,0.1268078196637382,0.7217650361780548,1.0
mechanisms underlying,14,0.024263431542461005,0.02857142857142857,0.8492201039861352,0.12443521211626403,0.72427305542654,1.0
identification,15,0.025996533795493933,0.021904761904761906,1.1867982819682013,0.12336848199854768,0.7254094309805117,1.0
encoding retrieval,15,0.025996533795493933,0.021904761904761906,1.1867982819682013,0.12336848199854768,0.7254094309805117,1.0
analyses,74,0.12824956672443674,0.12095238095238095,1.0603310634697527,0.12193251656753563,0.726947898014866,1.0
values,13,0.022530329289428077,0.02666666666666667,0.8448873483535528,0.11830218220924488,0.7308832548806271,1.0
occurred,13,0.022530329289428077,0.02666666666666667,0.8448873483535528,0.11830218220924488,0.7308832548806271,1.0
primarily,13,0.022530329289428077,0.02666666666666667,0.8448873483535528,0.11830218220924488,0.7308832548806271,1.0
specificity,13,0.022530329289428077,0.02666666666666667,0.8448873483535528,0.11830218220924488,0.7308832548806271,1.0
behavioural,19,0.03292894280762565,0.02857142857142857,1.1525129982668978,0.11586672051833236,0.7335613348910612,1.0
frequency,19,0.03292894280762565,0.02857142857142857,1.1525129982668978,0.11586672051833236,0.7335613348910612,1.0
session,19,0.03292894280762565,0.02857142857142857,1.1525129982668978,0.11586672051833236,0.7335613348910612,1.0
memory task,23,0.03986135181975736,0.04476190476190476,0.8905195619307497,0.11448058565648857,0.7350996009781172,1.0
executive,31,0.053726169844020795,0.04857142857142857,1.1061270262004281,0.11306183706350359,0.7366848463487713,1.0
lateral prefrontal,12,0.02079722703639515,0.024761904761904763,0.8398880149313425,0.11222494086075697,0.7376251528018545,1.0
rostral,12,0.02079722703639515,0.024761904761904763,0.8398880149313425,0.11222494086075697,0.7376251528018545,1.0
conducted,27,0.04679376083188908,0.0419047619047619,1.1166692925791712,0.11220836012064062,0.7376438216615435,1.0
lateral,66,0.11438474870017332,0.10761904761904761,1.0628671339396636,0.11184170802742016,0.7380570412701293,1.0
angular gyrus,12,0.02079722703639515,0.017142857142857144,1.2131715771230502,0.10994171217845095,0.7402105054080976,1.0
rating,12,0.02079722703639515,0.017142857142857144,1.2131715771230502,0.10994171217845095,0.7402105054080976,1.0
partially,12,0.02079722703639515,0.017142857142857144,1.2131715771230502,0.10994171217845095,0.7402105054080976,1.0
stages,12,0.02079722703639515,0.017142857142857144,1.2131715771230502,0.10994171217845095,0.7402105054080976,1.0
association,44,0.07625649913344887,0.07047619047619047,1.0820178931097475,0.10901123886941004,0.7412726462850527,1.0
group,108,0.18717504332755633,0.19523809523809524,0.9587014414338251,0.10824095521232574,0.7421557394817282,1.0
responding,11,0.019064124783362217,0.022857142857142857,0.834055459272097,0.1062115475676523,0.7444991595206065,1.0
difficult,11,0.019064124783362217,0.022857142857142857,0.834055459272097,0.1062115475676523,0.7444991595206065,1.0
subsequently,11,0.019064124783362217,0.022857142857142857,0.834055459272097,0.1062115475676523,0.7444991595206065,1.0
single,40,0.06932409012131716,0.06380952380952382,1.0864223078713882,0.10548176876079216,0.7453479082180557,1.0
indicated,36,0.06239168110918544,0.05714285714285714,1.0918544194107453,0.10232671556771562,0.7490551509206305,1.0
aged,16,0.02772963604852686,0.023809523809523808,1.1646447140381282,0.10069765989656108,0.750994015829319,1.0
term memory,16,0.02772963604852686,0.023809523809523808,1.1646447140381282,0.10069765989656108,0.750994015829319,1.0
dorsomedial,16,0.02772963604852686,0.023809523809523808,1.1646447140381282,0.10069765989656108,0.750994015829319,1.0
propose,10,0.01733102253032929,0.02095238095238095,0.8271624389475343,0.100273135865683,0.7515021062408656,1.0
neutral faces,10,0.01733102253032929,0.02095238095238095,0.8271624389475343,0.100273135865683,0.7515021062408656,1.0
independently,10,0.01733102253032929,0.02095238095238095,0.8271624389475343,0.100273135865683,0.7515021062408656,1.0
observations,9,0.01559792027729636,0.012380952380952381,1.2598320223970136,0.09806160569536258,0.7541683007657674,1.0
neocortical,9,0.01559792027729636,0.012380952380952381,1.2598320223970136,0.09806160569536258,0.7541683007657674,1.0
relational,9,0.01559792027729636,0.012380952380952381,1.2598320223970136,0.09806160569536258,0.7541683007657674,1.0
precise,9,0.01559792027729636,0.012380952380952381,1.2598320223970136,0.09806160569536258,0.7541683007657674,1.0
planning,9,0.01559792027729636,0.012380952380952381,1.2598320223970136,0.09806160569536258,0.7541683007657674,1.0
caused,9,0.01559792027729636,0.012380952380952381,1.2598320223970136,0.09806160569536258,0.7541683007657674,1.0
3t,9,0.01559792027729636,0.012380952380952381,1.2598320223970136,0.09806160569536258,0.7541683007657674,1.0
recordings,9,0.01559792027729636,0.012380952380952381,1.2598320223970136,0.09806160569536258,0.7541683007657674,1.0
clarify,9,0.01559792027729636,0.012380952380952381,1.2598320223970136,0.09806160569536258,0.7541683007657674,1.0
close,9,0.01559792027729636,0.012380952380952381,1.2598320223970136,0.09806160569536258,0.7541683007657674,1.0
cortex ofc,9,0.01559792027729636,0.012380952380952381,1.2598320223970136,0.09806160569536258,0.7541683007657674,1.0
future,28,0.04852686308492201,0.04380952380952381,1.1076783965036545,0.09767726597463268,0.7546350138100824,1.0
dorsolateral,54,0.09358752166377816,0.08761904761904762,1.0681184537713813,0.09754516977417396,0.7547956541246893,1.0
scanner,20,0.03466204506065858,0.039047619047619046,0.8876865198461343,0.09554041686142209,0.7572484038449583,1.0
unrelated,9,0.01559792027729636,0.01904761904761905,0.8188908145580589,0.09442550281383731,0.7586246791276207,1.0
empathy,9,0.01559792027729636,0.01904761904761905,0.8188908145580589,0.09442550281383731,0.7586246791276207,1.0
representing,9,0.01559792027729636,0.01904761904761905,0.8188908145580589,0.09442550281383731,0.7586246791276207,1.0
represented,9,0.01559792027729636,0.01904761904761905,0.8188908145580589,0.09442550281383731,0.7586246791276207,1.0
search,9,0.01559792027729636,0.01904761904761905,0.8188908145580589,0.09442550281383731,0.7586246791276207,1.0
reliable,9,0.01559792027729636,0.01904761904761905,0.8188908145580589,0.09442550281383731,0.7586246791276207,1.0
probability,9,0.01559792027729636,0.01904761904761905,0.8188908145580589,0.09442550281383731,0.7586246791276207,1.0
blood,50,0.08665511265164645,0.08095238095238096,1.0704455092262208,0.09302958404218435,0.7603604289359729,1.0
unclear,28,0.04852686308492201,0.05333333333333334,0.9098786828422877,0.09124207969955223,0.7626040075193296,1.0
explicitly,6,0.010398613518197574,0.007619047619047619,1.3648180242634316,0.09011510406240703,0.7640308756316836,1.0
intra,6,0.010398613518197574,0.007619047619047619,1.3648180242634316,0.09011510406240703,0.7640308756316836,1.0
experimentally,6,0.010398613518197574,0.007619047619047619,1.3648180242634316,0.09011510406240703,0.7640308756316836,1.0
face recognition,6,0.010398613518197574,0.007619047619047619,1.3648180242634316,0.09011510406240703,0.7640308756316836,1.0
parietal occipital,6,0.010398613518197574,0.007619047619047619,1.3648180242634316,0.09011510406240703,0.7640308756316836,1.0
determining,6,0.010398613518197574,0.007619047619047619,1.3648180242634316,0.09011510406240703,0.7640308756316836,1.0
attention deficit,6,0.010398613518197574,0.007619047619047619,1.3648180242634316,0.09011510406240703,0.7640308756316836,1.0
hierarchical,6,0.010398613518197574,0.007619047619047619,1.3648180242634316,0.09011510406240703,0.7640308756316836,1.0
factorial,6,0.010398613518197574,0.007619047619047619,1.3648180242634316,0.09011510406240703,0.7640308756316836,1.0
hyperactivity disorder,6,0.010398613518197574,0.007619047619047619,1.3648180242634316,0.09011510406240703,0.7640308756316836,1.0
referred,6,0.010398613518197574,0.007619047619047619,1.3648180242634316,0.09011510406240703,0.7640308756316836,1.0
correspond,6,0.010398613518197574,0.007619047619047619,1.3648180242634316,0.09011510406240703,0.7640308756316836,1.0
biased,6,0.010398613518197574,0.007619047619047619,1.3648180242634316,0.09011510406240703,0.7640308756316836,1.0
insula anterior,6,0.010398613518197574,0.007619047619047619,1.3648180242634316,0.09011510406240703,0.7640308756316836,1.0
competition,6,0.010398613518197574,0.007619047619047619,1.3648180242634316,0.09011510406240703,0.7640308756316836,1.0
high level,6,0.010398613518197574,0.007619047619047619,1.3648180242634316,0.09011510406240703,0.7640308756316836,1.0
contributing,6,0.010398613518197574,0.007619047619047619,1.3648180242634316,0.09011510406240703,0.7640308756316836,1.0
deficit hyperactivity,6,0.010398613518197574,0.007619047619047619,1.3648180242634316,0.09011510406240703,0.7640308756316836,1.0
weaker,6,0.010398613518197574,0.007619047619047619,1.3648180242634316,0.09011510406240703,0.7640308756316836,1.0
sn,6,0.010398613518197574,0.007619047619047619,1.3648180242634316,0.09011510406240703,0.7640308756316836,1.0
task irrelevant,6,0.010398613518197574,0.007619047619047619,1.3648180242634316,0.09011510406240703,0.7640308756316836,1.0
disorder ptsd,6,0.010398613518197574,0.007619047619047619,1.3648180242634316,0.09011510406240703,0.7640308756316836,1.0
deactivations,6,0.010398613518197574,0.007619047619047619,1.3648180242634316,0.09011510406240703,0.7640308756316836,1.0
young older,6,0.010398613518197574,0.007619047619047619,1.3648180242634316,0.09011510406240703,0.7640308756316836,1.0
cohort,6,0.010398613518197574,0.007619047619047619,1.3648180242634316,0.09011510406240703,0.7640308756316836,1.0
serial,6,0.010398613518197574,0.007619047619047619,1.3648180242634316,0.09011510406240703,0.7640308756316836,1.0
response time,6,0.010398613518197574,0.007619047619047619,1.3648180242634316,0.09011510406240703,0.7640308756316836,1.0
employed,19,0.03292894280762565,0.037142857142857144,0.8865484602053059,0.08929360764933136,0.7650771151673748,1.0
occurs,8,0.01386481802426343,0.017142857142857144,0.8087810514153667,0.08869179889763071,0.7658468967291461,1.0
longer,8,0.01386481802426343,0.017142857142857144,0.8087810514153667,0.08869179889763071,0.7658468967291461,1.0
fundamental,8,0.01386481802426343,0.017142857142857144,0.8087810514153667,0.08869179889763071,0.7658468967291461,1.0
cause,8,0.01386481802426343,0.017142857142857144,0.8087810514153667,0.08869179889763071,0.7658468967291461,1.0
cognitively,8,0.01386481802426343,0.017142857142857144,0.8087810514153667,0.08869179889763071,0.7658468967291461,1.0
functional networks,8,0.01386481802426343,0.017142857142857144,0.8087810514153667,0.08869179889763071,0.7658468967291461,1.0
temporal lobe,57,0.09878682842287695,0.10476190476190476,0.9429651804001891,0.08675274128778304,0.7683466908055139,1.0
purpose,13,0.022530329289428077,0.01904761904761905,1.182842287694974,0.08581539898006633,0.7695659844890141,1.0
poorly understood,13,0.022530329289428077,0.01904761904761905,1.182842287694974,0.08581539898006633,0.7695659844890141,1.0
animal,13,0.022530329289428077,0.01904761904761905,1.182842287694974,0.08581539898006633,0.7695659844890141,1.0
retrieved,13,0.022530329289428077,0.01904761904761905,1.182842287694974,0.08581539898006633,0.7695659844890141,1.0
thinking,13,0.022530329289428077,0.01904761904761905,1.182842287694974,0.08581539898006633,0.7695659844890141,1.0
overlapping,13,0.022530329289428077,0.01904761904761905,1.182842287694974,0.08581539898006633,0.7695659844890141,1.0
provides,29,0.05025996533795494,0.045714285714285714,1.0994367417677642,0.08472806954909895,0.7709894746738472,1.0
integrating,7,0.012131715771230503,0.015238095238095238,0.7961438474870017,0.08310732308159463,0.7731298071161297,1.0
distinguish,7,0.012131715771230503,0.015238095238095238,0.7961438474870017,0.08310732308159463,0.7731298071161297,1.0
personality,18,0.03119584055459272,0.035238095238095235,0.8852873670897935,0.08308226090913928,0.77316308058454,1.0
variability,17,0.029462738301559793,0.025714285714285714,1.1457731561717697,0.08190416294622904,0.7747333425711435,1.0
contextual,17,0.029462738301559793,0.025714285714285714,1.1457731561717697,0.08190416294622904,0.7747333425711435,1.0
followed,21,0.036395147313691506,0.03238095238095238,1.123967784687532,0.081364061048428,0.7754573181856359,1.0
parahippocampal,61,0.10571923743500866,0.1,1.0571923743500866,0.07784798926234435,0.7802352125437869,1.0
numerous,6,0.010398613518197574,0.013333333333333334,0.779896013864818,0.07772863341752075,0.780399424623575,1.0
healthy adults,6,0.010398613518197574,0.013333333333333334,0.779896013864818,0.07772863341752075,0.780399424623575,1.0
stroop,6,0.010398613518197574,0.013333333333333334,0.779896013864818,0.07772863341752075,0.780399424623575,1.0
high low,6,0.010398613518197574,0.013333333333333334,0.779896013864818,0.07772863341752075,0.780399424623575,1.0
vmpfc,6,0.010398613518197574,0.013333333333333334,0.779896013864818,0.07772863341752075,0.780399424623575,1.0
education,6,0.010398613518197574,0.013333333333333334,0.779896013864818,0.07772863341752075,0.780399424623575,1.0
natural,6,0.010398613518197574,0.013333333333333334,0.779896013864818,0.07772863341752075,0.780399424623575,1.0
poor,6,0.010398613518197574,0.013333333333333334,0.779896013864818,0.07772863341752075,0.780399424623575,1.0
serve,6,0.010398613518197574,0.013333333333333334,0.779896013864818,0.07772863341752075,0.780399424623575,1.0
ongoing,6,0.010398613518197574,0.013333333333333334,0.779896013864818,0.07772863341752075,0.780399424623575,1.0
regulate,6,0.010398613518197574,0.013333333333333334,0.779896013864818,0.07772863341752075,0.780399424623575,1.0
served,5,0.008665511265164644,0.011428571428571429,0.7582322357019063,0.07265230418894994,0.7875134621537505,1.0
health,5,0.008665511265164644,0.011428571428571429,0.7582322357019063,0.07265230418894994,0.7875134621537505,1.0
iii,5,0.008665511265164644,0.011428571428571429,0.7582322357019063,0.07265230418894994,0.7875134621537505,1.0
dmpfc,5,0.008665511265164644,0.011428571428571429,0.7582322357019063,0.07265230418894994,0.7875134621537505,1.0
interpret,5,0.008665511265164644,0.011428571428571429,0.7582322357019063,0.07265230418894994,0.7875134621537505,1.0
implicate,5,0.008665511265164644,0.011428571428571429,0.7582322357019063,0.07265230418894994,0.7875134621537505,1.0
diagnosis,5,0.008665511265164644,0.011428571428571429,0.7582322357019063,0.07265230418894994,0.7875134621537505,1.0
exclusively,5,0.008665511265164644,0.011428571428571429,0.7582322357019063,0.07265230418894994,0.7875134621537505,1.0
alteration,5,0.008665511265164644,0.011428571428571429,0.7582322357019063,0.07265230418894994,0.7875134621537505,1.0
typically developing,5,0.008665511265164644,0.011428571428571429,0.7582322357019063,0.07265230418894994,0.7875134621537505,1.0
advantage,5,0.008665511265164644,0.011428571428571429,0.7582322357019063,0.07265230418894994,0.7875134621537505,1.0
issues,5,0.008665511265164644,0.011428571428571429,0.7582322357019063,0.07265230418894994,0.7875134621537505,1.0
subtle,5,0.008665511265164644,0.011428571428571429,0.7582322357019063,0.07265230418894994,0.7875134621537505,1.0
cognitive function,5,0.008665511265164644,0.011428571428571429,0.7582322357019063,0.07265230418894994,0.7875134621537505,1.0
demanding,5,0.008665511265164644,0.011428571428571429,0.7582322357019063,0.07265230418894994,0.7875134621537505,1.0
behavior,40,0.06932409012131716,0.07428571428571429,0.9332089054792694,0.07249872980677995,0.7877327801473089,1.0
months,10,0.01733102253032929,0.014285714285714285,1.2131715771230502,0.07134415276068747,0.7893896558253481,1.0
depressed,10,0.01733102253032929,0.014285714285714285,1.2131715771230502,0.07134415276068747,0.7893896558253481,1.0
poorer,10,0.01733102253032929,0.014285714285714285,1.2131715771230502,0.07134415276068747,0.7893896558253481,1.0
multimodal,10,0.01733102253032929,0.014285714285714285,1.2131715771230502,0.07134415276068747,0.7893896558253481,1.0
26,10,0.01733102253032929,0.014285714285714285,1.2131715771230502,0.07134415276068747,0.7893896558253481,1.0
comparable,10,0.01733102253032929,0.014285714285714285,1.2131715771230502,0.07134415276068747,0.7893896558253481,1.0
baseline,26,0.045060658578856154,0.040952380952380955,1.1003184071581154,0.07012853411033447,0.7911497265503088,1.0
dynamic,26,0.045060658578856154,0.040952380952380955,1.1003184071581154,0.07012853411033447,0.7911497265503088,1.0
striatal,26,0.045060658578856154,0.040952380952380955,1.1003184071581154,0.07012853411033447,0.7911497265503088,1.0
difference,26,0.045060658578856154,0.040952380952380955,1.1003184071581154,0.07012853411033447,0.7911497265503088,1.0
utility,4,0.006932409012131715,0.009523809523809525,0.72790294627383,0.06805779939613517,0.7941858984926559,1.0
striking,4,0.006932409012131715,0.009523809523809525,0.72790294627383,0.06805779939613517,0.7941858984926559,1.0
attempted,4,0.006932409012131715,0.009523809523809525,0.72790294627383,0.06805779939613517,0.7941858984926559,1.0
negative emotions,4,0.006932409012131715,0.009523809523809525,0.72790294627383,0.06805779939613517,0.7941858984926559,1.0
persistent,4,0.006932409012131715,0.009523809523809525,0.72790294627383,0.06805779939613517,0.7941858984926559,1.0
craving,4,0.006932409012131715,0.009523809523809525,0.72790294627383,0.06805779939613517,0.7941858984926559,1.0
away,4,0.006932409012131715,0.009523809523809525,0.72790294627383,0.06805779939613517,0.7941858984926559,1.0
examination,4,0.006932409012131715,0.009523809523809525,0.72790294627383,0.06805779939613517,0.7941858984926559,1.0
special,4,0.006932409012131715,0.009523809523809525,0.72790294627383,0.06805779939613517,0.7941858984926559,1.0
biomarker,4,0.006932409012131715,0.009523809523809525,0.72790294627383,0.06805779939613517,0.7941858984926559,1.0
signal task,4,0.006932409012131715,0.009523809523809525,0.72790294627383,0.06805779939613517,0.7941858984926559,1.0
functional coupling,4,0.006932409012131715,0.009523809523809525,0.72790294627383,0.06805779939613517,0.7941858984926559,1.0
functional structural,4,0.006932409012131715,0.009523809523809525,0.72790294627383,0.06805779939613517,0.7941858984926559,1.0
exists,4,0.006932409012131715,0.009523809523809525,0.72790294627383,0.06805779939613517,0.7941858984926559,1.0
rois,4,0.006932409012131715,0.009523809523809525,0.72790294627383,0.06805779939613517,0.7941858984926559,1.0
oriented,4,0.006932409012131715,0.009523809523809525,0.72790294627383,0.06805779939613517,0.7941858984926559,1.0
rostral anterior,4,0.006932409012131715,0.009523809523809525,0.72790294627383,0.06805779939613517,0.7941858984926559,1.0
carried,4,0.006932409012131715,0.009523809523809525,0.72790294627383,0.06805779939613517,0.7941858984926559,1.0
equal,4,0.006932409012131715,0.009523809523809525,0.72790294627383,0.06805779939613517,0.7941858984926559,1.0
neutral pictures,4,0.006932409012131715,0.009523809523809525,0.72790294627383,0.06805779939613517,0.7941858984926559,1.0
objectives,4,0.006932409012131715,0.009523809523809525,0.72790294627383,0.06805779939613517,0.7941858984926559,1.0
high risk,4,0.006932409012131715,0.009523809523809525,0.72790294627383,0.06805779939613517,0.7941858984926559,1.0
neurophysiological,4,0.006932409012131715,0.009523809523809525,0.72790294627383,0.06805779939613517,0.7941858984926559,1.0
estimates,4,0.006932409012131715,0.009523809523809525,0.72790294627383,0.06805779939613517,0.7941858984926559,1.0
nucleus,35,0.060658578856152515,0.05619047619047619,1.0795170813383075,0.06681639670535995,0.7960297856716203,1.0
basis,44,0.07625649913344887,0.07142857142857142,1.0675909878682843,0.06672004173734815,0.7961736657864371,1.0
angular,14,0.024263431542461005,0.02095238095238095,1.1580274145265481,0.06667553908319115,0.7962401558917603,1.0
junction,18,0.03119584055459272,0.02761904761904762,1.1295045718042191,0.066249715261611,0.7968775670670496,1.0
decision making,18,0.03119584055459272,0.02761904761904762,1.1295045718042191,0.066249715261611,0.7968775670670496,1.0
seed,15,0.025996533795493933,0.029523809523809525,0.8805277575893106,0.06468158154030824,0.7992439165018491,1.0
reliability,3,0.005199306759098787,0.007619047619047619,0.6824090121317158,0.06432050286763016,0.7997931066754214,1.0
resonance images,3,0.005199306759098787,0.007619047619047619,0.6824090121317158,0.06432050286763016,0.7997931066754214,1.0
representational,3,0.005199306759098787,0.007619047619047619,0.6824090121317158,0.06432050286763016,0.7997931066754214,1.0
remarkably,3,0.005199306759098787,0.007619047619047619,0.6824090121317158,0.06432050286763016,0.7997931066754214,1.0
intervals,3,0.005199306759098787,0.007619047619047619,0.6824090121317158,0.06432050286763016,0.7997931066754214,1.0
self report,3,0.005199306759098787,0.007619047619047619,0.6824090121317158,0.06432050286763016,0.7997931066754214,1.0
causal modeling,3,0.005199306759098787,0.007619047619047619,0.6824090121317158,0.06432050286763016,0.7997931066754214,1.0
eyes,3,0.005199306759098787,0.007619047619047619,0.6824090121317158,0.06432050286763016,0.7997931066754214,1.0
integrative,3,0.005199306759098787,0.007619047619047619,0.6824090121317158,0.06432050286763016,0.7997931066754214,1.0
individually,3,0.005199306759098787,0.007619047619047619,0.6824090121317158,0.06432050286763016,0.7997931066754214,1.0
temporal occipital,3,0.005199306759098787,0.007619047619047619,0.6824090121317158,0.06432050286763016,0.7997931066754214,1.0
cortex dmpfc,3,0.005199306759098787,0.007619047619047619,0.6824090121317158,0.06432050286763016,0.7997931066754214,1.0
disturbed,3,0.005199306759098787,0.007619047619047619,0.6824090121317158,0.06432050286763016,0.7997931066754214,1.0
arithmetic,3,0.005199306759098787,0.007619047619047619,0.6824090121317158,0.06432050286763016,0.7997931066754214,1.0
uses,3,0.005199306759098787,0.007619047619047619,0.6824090121317158,0.06432050286763016,0.7997931066754214,1.0
correction,3,0.005199306759098787,0.007619047619047619,0.6824090121317158,0.06432050286763016,0.7997931066754214,1.0
uniquely,3,0.005199306759098787,0.007619047619047619,0.6824090121317158,0.06432050286763016,0.7997931066754214,1.0
reversed,3,0.005199306759098787,0.007619047619047619,0.6824090121317158,0.06432050286763016,0.7997931066754214,1.0
setting,3,0.005199306759098787,0.007619047619047619,0.6824090121317158,0.06432050286763016,0.7997931066754214,1.0
structures involved,3,0.005199306759098787,0.007619047619047619,0.6824090121317158,0.06432050286763016,0.7997931066754214,1.0
length,3,0.005199306759098787,0.007619047619047619,0.6824090121317158,0.06432050286763016,0.7997931066754214,1.0
adapted,3,0.005199306759098787,0.007619047619047619,0.6824090121317158,0.06432050286763016,0.7997931066754214,1.0
patient groups,3,0.005199306759098787,0.007619047619047619,0.6824090121317158,0.06432050286763016,0.7997931066754214,1.0
offer,3,0.005199306759098787,0.007619047619047619,0.6824090121317158,0.06432050286763016,0.7997931066754214,1.0
simply,3,0.005199306759098787,0.007619047619047619,0.6824090121317158,0.06432050286763016,0.7997931066754214,1.0
gray,31,0.053726169844020795,0.058095238095238096,0.9247947268233088,0.0639275502311369,0.8003926437671466,1.0
tested,38,0.0658578856152513,0.07047619047619047,0.9344699985947821,0.06232955003689282,0.8028511701322093,1.0
lobe,78,0.13518197573656845,0.14095238095238094,0.9590613143472763,0.061031680385651293,0.8048726959075982,1.0
especially,27,0.04679376083188908,0.04285714285714286,1.0918544194107453,0.05923635424490387,0.8077070099785144,1.0
real,14,0.024263431542461005,0.02761904761904762,0.878503555847726,0.05863574090906472,0.8086653468537476,1.0
activates,7,0.012131715771230503,0.009523809523809525,1.2738301559792027,0.05764636957186626,0.8102553824696823,1.0
connectivity patterns,7,0.012131715771230503,0.009523809523809525,1.2738301559792027,0.05764636957186626,0.8102553824696823,1.0
step,7,0.012131715771230503,0.009523809523809525,1.2738301559792027,0.05764636957186626,0.8102553824696823,1.0
distinction,7,0.012131715771230503,0.009523809523809525,1.2738301559792027,0.05764636957186626,0.8102553824696823,1.0
concepts,7,0.012131715771230503,0.009523809523809525,1.2738301559792027,0.05764636957186626,0.8102553824696823,1.0
preferential,7,0.012131715771230503,0.009523809523809525,1.2738301559792027,0.05764636957186626,0.8102553824696823,1.0
statistics,7,0.012131715771230503,0.009523809523809525,1.2738301559792027,0.05764636957186626,0.8102553824696823,1.0
hyperactivation,7,0.012131715771230503,0.009523809523809525,1.2738301559792027,0.05764636957186626,0.8102553824696823,1.0
depicting,7,0.012131715771230503,0.009523809523809525,1.2738301559792027,0.05764636957186626,0.8102553824696823,1.0
plasticity,7,0.012131715771230503,0.009523809523809525,1.2738301559792027,0.05764636957186626,0.8102553824696823,1.0
sources,7,0.012131715771230503,0.009523809523809525,1.2738301559792027,0.05764636957186626,0.8102553824696823,1.0
monitored,7,0.012131715771230503,0.009523809523809525,1.2738301559792027,0.05764636957186626,0.8102553824696823,1.0
evaluating,7,0.012131715771230503,0.009523809523809525,1.2738301559792027,0.05764636957186626,0.8102553824696823,1.0
changing,7,0.012131715771230503,0.009523809523809525,1.2738301559792027,0.05764636957186626,0.8102553824696823,1.0
slower,7,0.012131715771230503,0.009523809523809525,1.2738301559792027,0.05764636957186626,0.8102553824696823,1.0
stress disorder,7,0.012131715771230503,0.009523809523809525,1.2738301559792027,0.05764636957186626,0.8102553824696823,1.0
thalamus,37,0.06412478336221837,0.06857142857142857,0.9351530906990179,0.05739457531645839,0.8106623450887904,1.0
paradigm,57,0.09878682842287695,0.10380952380952381,0.9516162371011082,0.05504008426323505,0.8145143718252076,1.0
scanning,32,0.05545927209705372,0.05142857142857143,1.078374735220489,0.05373990279588075,0.8166788436716441,1.0
active,32,0.05545927209705372,0.05142857142857143,1.078374735220489,0.05373990279588075,0.8166788436716441,1.0
fusiform,50,0.08665511265164645,0.09142857142857143,0.9477902946273831,0.0536555417342879,0.816820232108272,1.0
supported,19,0.03292894280762565,0.029523809523809525,1.115335159613127,0.05317325714423872,0.8176307948440376,1.0
plays,19,0.03292894280762565,0.029523809523809525,1.115335159613127,0.05317325714423872,0.8176307948440376,1.0
commonly,13,0.022530329289428077,0.025714285714285714,0.8761794723666475,0.052641065582790206,0.8185297408314471,1.0
recorded,13,0.022530329289428077,0.025714285714285714,0.8761794723666475,0.052641065582790206,0.8185297408314471,1.0
parallel,11,0.019064124783362217,0.01619047619047619,1.177490060148843,0.0515992966972062,0.8203033844142797,1.0
ba,11,0.019064124783362217,0.01619047619047619,1.177490060148843,0.0515992966972062,0.8203033844142797,1.0
field,11,0.019064124783362217,0.01619047619047619,1.177490060148843,0.0515992966972062,0.8203033844142797,1.0
mean age,11,0.019064124783362217,0.01619047619047619,1.177490060148843,0.0515992966972062,0.8203033844142797,1.0
identical,15,0.025996533795493933,0.022857142857142857,1.1373483535528597,0.05137646303377474,0.8206852039749546,1.0
shared,15,0.025996533795493933,0.022857142857142857,1.1373483535528597,0.05137646303377474,0.8206852039749546,1.0
analyzed,21,0.036395147313691506,0.04,0.9098786828422877,0.05119213262294016,0.8210017076723016,1.0
underlying,69,0.1195840554592721,0.12476190476190477,0.9584981544445473,0.050798843550262415,0.8216790112585792,1.0
experiment,37,0.06412478336221837,0.06,1.0687463893703062,0.04996212681377305,0.8231291890107939,1.0
typically,28,0.04852686308492201,0.04476190476190476,1.08411077104613,0.04968504416915044,0.8236122292168713,1.0
contributions,12,0.02079722703639515,0.023809523809523808,0.8734835355285963,0.046704138607722614,0.8289009112446212,1.0
parietal lobe,12,0.02079722703639515,0.023809523809523808,0.8734835355285963,0.046704138607722614,0.8289009112446212,1.0
low,47,0.08145580589254767,0.07714285714285714,1.0559085949033957,0.04532257123051883,0.8314119946203369,1.0
striatum,34,0.058925476603119586,0.06285714285714286,0.9374507641405389,0.04326656823486834,0.8352241469866959,1.0
magnetic,261,0.45233968804159447,0.45904761904761904,0.9853872872275399,0.04319979666780316,0.8353495202987032,1.0
value,20,0.03466204506065858,0.03142857142857143,1.1028832519300455,0.04224078982784817,0.8371614656815102,1.0
learned,20,0.03466204506065858,0.03142857142857143,1.1028832519300455,0.04224078982784817,0.8371614656815102,1.0
gray matter,29,0.05025996533795494,0.04666666666666667,1.0769992572418914,0.04132251108257053,0.8389166623036409,1.0
event,77,0.13344887348353554,0.12857142857142856,1.037935682649721,0.04105502277494954,0.839431751018332,1.0
mechanisms,82,0.14211438474870017,0.13714285714285715,1.0362507221259387,0.04099480322962953,0.8395479534689119,1.0
consistently,11,0.019064124783362217,0.021904761904761906,0.8703187401100142,0.04083391451734858,0.8398588483289376,1.0
manipulated,11,0.019064124783362217,0.021904761904761906,0.8703187401100142,0.04083391451734858,0.8398588483289376,1.0
linear,11,0.019064124783362217,0.021904761904761906,0.8703187401100142,0.04083391451734858,0.8398588483289376,1.0
anterior posterior,11,0.019064124783362217,0.021904761904761906,0.8703187401100142,0.04083391451734858,0.8398588483289376,1.0
scene,11,0.019064124783362217,0.021904761904761906,0.8703187401100142,0.04083391451734858,0.8398588483289376,1.0
general,43,0.07452339688041594,0.07047619047619047,1.0574265773572533,0.04080867772823767,0.8399076726871127,1.0
early,48,0.0831889081455806,0.07904761904761905,1.0523898018416822,0.039392644770983025,0.842672813795424,1.0
mood,16,0.02772963604852686,0.024761904761904763,1.1198506865751232,0.03909987101376237,0.843250938654339,1.0
designed,16,0.02772963604852686,0.024761904761904763,1.1198506865751232,0.03909987101376237,0.843250938654339,1.0
accuracy,26,0.045060658578856154,0.04857142857142857,0.9277194413293914,0.03882041480497438,0.8438048677626089,1.0
differential,33,0.05719237435008666,0.06095238095238095,0.9383123916811092,0.03880949822124006,0.8438265482331954,1.0
conjunction,12,0.02079722703639515,0.018095238095238095,1.1493204414849951,0.03680908881252795,0.847854260759669,1.0
situations,12,0.02079722703639515,0.018095238095238095,1.1493204414849951,0.03680908881252795,0.847854260759669,1.0
resulting,12,0.02079722703639515,0.018095238095238095,1.1493204414849951,0.03680908881252795,0.847854260759669,1.0
existing,12,0.02079722703639515,0.018095238095238095,1.1493204414849951,0.03680908881252795,0.847854260759669,1.0
temporo parietal,12,0.02079722703639515,0.018095238095238095,1.1493204414849951,0.03680908881252795,0.847854260759669,1.0
matching,12,0.02079722703639515,0.018095238095238095,1.1493204414849951,0.03680908881252795,0.847854260759669,1.0
quantitative,8,0.01386481802426343,0.011428571428571429,1.2131715771230502,0.036673160022594506,0.8481320191914848,1.0
anatomically,8,0.01386481802426343,0.011428571428571429,1.2131715771230502,0.036673160022594506,0.8481320191914848,1.0
simulation,8,0.01386481802426343,0.011428571428571429,1.2131715771230502,0.036673160022594506,0.8481320191914848,1.0
occipital gyrus,8,0.01386481802426343,0.011428571428571429,1.2131715771230502,0.036673160022594506,0.8481320191914848,1.0
direction,8,0.01386481802426343,0.011428571428571429,1.2131715771230502,0.036673160022594506,0.8481320191914848,1.0
control condition,8,0.01386481802426343,0.011428571428571429,1.2131715771230502,0.036673160022594506,0.8481320191914848,1.0
adaptive,10,0.01733102253032929,0.02,0.8665511265164644,0.035042866330836586,0.8515058638003864,1.0
ventrolateral prefrontal,10,0.01733102253032929,0.02,0.8665511265164644,0.035042866330836586,0.8515058638003864,1.0
dimensions,10,0.01733102253032929,0.02,0.8665511265164644,0.035042866330836586,0.8515058638003864,1.0
taking,10,0.01733102253032929,0.02,0.8665511265164644,0.035042866330836586,0.8515058638003864,1.0
world,10,0.01733102253032929,0.02,0.8665511265164644,0.035042866330836586,0.8515058638003864,1.0
heightened,10,0.01733102253032929,0.02,0.8665511265164644,0.035042866330836586,0.8515058638003864,1.0
verbal,30,0.05199306759098787,0.04857142857142857,1.0704455092262208,0.03401921405656226,0.8536659524648503,1.0
dorsal,58,0.10051993067590988,0.10476190476190476,0.9595084291791397,0.03380291671223189,0.8541266622182474,1.0
widespread,21,0.036395147313691506,0.03333333333333333,1.0918544194107451,0.03311134155808123,0.8556100200159996,1.0
bilaterally,21,0.036395147313691506,0.03333333333333333,1.0918544194107451,0.03311134155808123,0.8556100200159996,1.0
perceptual,35,0.060658578856152515,0.05714285714285714,1.0615251299826691,0.03198024577067736,0.8580710196201413,1.0
particularly,35,0.060658578856152515,0.05714285714285714,1.0615251299826691,0.03198024577067736,0.8580710196201413,1.0
taken,17,0.029462738301559793,0.03238095238095238,0.9098786828422878,0.030440229114750993,0.8614950962873984,1.0
memory encoding,17,0.029462738301559793,0.03238095238095238,0.9098786828422878,0.030440229114750993,0.8614950962873984,1.0
bold signal,26,0.045060658578856154,0.0419047619047619,1.0753111706317946,0.02973280692091139,0.8630978885387776,1.0
subjective,26,0.045060658578856154,0.0419047619047619,1.0753111706317946,0.02973280692091139,0.8630978885387776,1.0
dorsolateral prefrontal,45,0.0779896013864818,0.07428571428571429,1.049860018664178,0.029706071176620844,0.8631588462367388,1.0
participant,9,0.01559792027729636,0.018095238095238095,0.8619903311137462,0.02934886991378139,0.8639759931528405,1.0
demand,9,0.01559792027729636,0.018095238095238095,0.8619903311137462,0.02934886991378139,0.8639759931528405,1.0
end,9,0.01559792027729636,0.018095238095238095,0.8619903311137462,0.02934886991378139,0.8639759931528405,1.0
localized,9,0.01559792027729636,0.018095238095238095,0.8619903311137462,0.02934886991378139,0.8639759931528405,1.0
duration,9,0.01559792027729636,0.018095238095238095,0.8619903311137462,0.02934886991378139,0.8639759931528405,1.0
25,17,0.029462738301559793,0.02666666666666667,1.1048526863084922,0.029245709943307628,0.864212937251417,1.0
mind,17,0.029462738301559793,0.02666666666666667,1.1048526863084922,0.029245709943307628,0.864212937251417,1.0
resonance,261,0.45233968804159447,0.4580952380952381,0.9874359094463081,0.02923045944135342,0.8642480020039744,1.0
corrected,13,0.022530329289428077,0.02,1.1265164644714039,0.02566784123831212,0.8727141843087021,1.0
multivariate,13,0.022530329289428077,0.02,1.1265164644714039,0.02566784123831212,0.8727141843087021,1.0
properties,16,0.02772963604852686,0.030476190476190476,0.9098786828422877,0.02562994706574487,0.8728073763050488,1.0
separate,22,0.038128249566724434,0.035238095238095235,1.0820178931097475,0.025513316904923384,0.8730946455912918,1.0
underlie,22,0.038128249566724434,0.035238095238095235,1.0820178931097475,0.025513316904923384,0.8730946455912918,1.0
greater,110,0.19064124783362218,0.19523809523809524,0.9764551718307478,0.025256409746350985,0.8737298127250577,1.0
resting state,55,0.09532062391681109,0.09904761904761905,0.9623716837754965,0.024006804355059884,0.876867599408828,1.0
unfamiliar,8,0.01386481802426343,0.01619047619047619,0.8563564073809766,0.023778445085509844,0.8774499839283105,1.0
probe,8,0.01386481802426343,0.01619047619047619,0.8563564073809766,0.023778445085509844,0.8774499839283105,1.0
interact,8,0.01386481802426343,0.01619047619047619,0.8563564073809766,0.023778445085509844,0.8774499839283105,1.0
clinically,8,0.01386481802426343,0.01619047619047619,0.8563564073809766,0.023778445085509844,0.8774499839283105,1.0
recognition task,8,0.01386481802426343,0.01619047619047619,0.8563564073809766,0.023778445085509844,0.8774499839283105,1.0
aberrant,8,0.01386481802426343,0.01619047619047619,0.8563564073809766,0.023778445085509844,0.8774499839283105,1.0
phases,8,0.01386481802426343,0.01619047619047619,0.8563564073809766,0.023778445085509844,0.8774499839283105,1.0
variant,9,0.01559792027729636,0.013333333333333334,1.169844020797227,0.02270578889108502,0.8802246784321941,1.0
postcentral,9,0.01559792027729636,0.013333333333333334,1.169844020797227,0.02270578889108502,0.8802246784321941,1.0
dysregulation,9,0.01559792027729636,0.013333333333333334,1.169844020797227,0.02270578889108502,0.8802246784321941,1.0
16 healthy,9,0.01559792027729636,0.013333333333333334,1.169844020797227,0.02270578889108502,0.8802246784321941,1.0
preliminary,9,0.01559792027729636,0.013333333333333334,1.169844020797227,0.02270578889108502,0.8802246784321941,1.0
phenomenon,9,0.01559792027729636,0.013333333333333334,1.169844020797227,0.02270578889108502,0.8802246784321941,1.0
gyrus middle,9,0.01559792027729636,0.013333333333333334,1.169844020797227,0.02270578889108502,0.8802246784321941,1.0
29,9,0.01559792027729636,0.013333333333333334,1.169844020797227,0.02270578889108502,0.8802246784321941,1.0
nuclei,9,0.01559792027729636,0.013333333333333334,1.169844020797227,0.02270578889108502,0.8802246784321941,1.0
constraints,5,0.008665511265164644,0.006666666666666667,1.2998266897746966,0.021894898386244897,0.8823670374985696,1.0
obtain,5,0.008665511265164644,0.006666666666666667,1.2998266897746966,0.021894898386244897,0.8823670374985696,1.0
targeted,5,0.008665511265164644,0.006666666666666667,1.2998266897746966,0.021894898386244897,0.8823670374985696,1.0
replicated,5,0.008665511265164644,0.006666666666666667,1.2998266897746966,0.021894898386244897,0.8823670374985696,1.0
gambling,5,0.008665511265164644,0.006666666666666667,1.2998266897746966,0.021894898386244897,0.8823670374985696,1.0
connectivity posterior,5,0.008665511265164644,0.006666666666666667,1.2998266897746966,0.021894898386244897,0.8823670374985696,1.0
event potential,5,0.008665511265164644,0.006666666666666667,1.2998266897746966,0.021894898386244897,0.8823670374985696,1.0
spoken,5,0.008665511265164644,0.006666666666666667,1.2998266897746966,0.021894898386244897,0.8823670374985696,1.0
salience network,5,0.008665511265164644,0.006666666666666667,1.2998266897746966,0.021894898386244897,0.8823670374985696,1.0
minimal,5,0.008665511265164644,0.006666666666666667,1.2998266897746966,0.021894898386244897,0.8823670374985696,1.0
consider,5,0.008665511265164644,0.006666666666666667,1.2998266897746966,0.021894898386244897,0.8823670374985696,1.0
accordance,5,0.008665511265164644,0.006666666666666667,1.2998266897746966,0.021894898386244897,0.8823670374985696,1.0
uncertainty,5,0.008665511265164644,0.006666666666666667,1.2998266897746966,0.021894898386244897,0.8823670374985696,1.0
axis,5,0.008665511265164644,0.006666666666666667,1.2998266897746966,0.021894898386244897,0.8823670374985696,1.0
neurons,5,0.008665511265164644,0.006666666666666667,1.2998266897746966,0.021894898386244897,0.8823670374985696,1.0
recording,5,0.008665511265164644,0.006666666666666667,1.2998266897746966,0.021894898386244897,0.8823670374985696,1.0
normally,5,0.008665511265164644,0.006666666666666667,1.2998266897746966,0.021894898386244897,0.8823670374985696,1.0
watched,5,0.008665511265164644,0.006666666666666667,1.2998266897746966,0.021894898386244897,0.8823670374985696,1.0
frontopolar,5,0.008665511265164644,0.006666666666666667,1.2998266897746966,0.021894898386244897,0.8823670374985696,1.0
stored,5,0.008665511265164644,0.006666666666666667,1.2998266897746966,0.021894898386244897,0.8823670374985696,1.0
homogeneity reho,5,0.008665511265164644,0.006666666666666667,1.2998266897746966,0.021894898386244897,0.8823670374985696,1.0
syntactic,5,0.008665511265164644,0.006666666666666667,1.2998266897746966,0.021894898386244897,0.8823670374985696,1.0
digit,5,0.008665511265164644,0.006666666666666667,1.2998266897746966,0.021894898386244897,0.8823670374985696,1.0
posterior middle,5,0.008665511265164644,0.006666666666666667,1.2998266897746966,0.021894898386244897,0.8823670374985696,1.0
settings,5,0.008665511265164644,0.006666666666666667,1.2998266897746966,0.021894898386244897,0.8823670374985696,1.0
portion,5,0.008665511265164644,0.006666666666666667,1.2998266897746966,0.021894898386244897,0.8823670374985696,1.0
junction tpj,5,0.008665511265164644,0.006666666666666667,1.2998266897746966,0.021894898386244897,0.8823670374985696,1.0
exhibited,37,0.06412478336221837,0.06095238095238095,1.0520472270363952,0.021410062161177353,0.8836673760223621,1.0
insular,18,0.03119584055459272,0.02857142857142857,1.0918544194107453,0.0213639716730197,0.8837917708147045,1.0
correct,18,0.03119584055459272,0.02857142857142857,1.0918544194107453,0.0213639716730197,0.8837917708147045,1.0
depending,18,0.03119584055459272,0.02857142857142857,1.0918544194107453,0.0213639716730197,0.8837917708147045,1.0
seen,22,0.038128249566724434,0.040952380952380955,0.9310386522107129,0.021305756980507455,0.8839490839644167,1.0
does,15,0.025996533795493933,0.02857142857142857,0.9098786828422877,0.02102146949552123,0.8847204841921658,1.0
cingulate gyrus,15,0.025996533795493933,0.02857142857142857,0.9098786828422877,0.02102146949552123,0.8847204841921658,1.0
source,15,0.025996533795493933,0.02857142857142857,0.9098786828422877,0.02102146949552123,0.8847204841921658,1.0
cognitive impairment,15,0.025996533795493933,0.02857142857142857,0.9098786828422877,0.02102146949552123,0.8847204841921658,1.0
key,35,0.060658578856152515,0.06380952380952382,0.9506195193874647,0.020719400680502223,0.8855459918985794,1.0
critical,35,0.060658578856152515,0.06380952380952382,0.9506195193874647,0.020719400680502223,0.8855459918985794,1.0
clinical,35,0.060658578856152515,0.06380952380952382,0.9506195193874647,0.020719400680502223,0.8855459918985794,1.0
encoding,73,0.1265164644714038,0.12285714285714286,1.029785175930031,0.018377271895756584,0.8921669176760704,1.0
posterior insula,7,0.012131715771230503,0.014285714285714285,0.8492201039861352,0.018372648549109017,0.8921803999531421,1.0
allowed,7,0.012131715771230503,0.014285714285714285,0.8492201039861352,0.018372648549109017,0.8921803999531421,1.0
confirm,7,0.012131715771230503,0.014285714285714285,0.8492201039861352,0.018372648549109017,0.8921803999531421,1.0
traditional,7,0.012131715771230503,0.014285714285714285,0.8492201039861352,0.018372648549109017,0.8921803999531421,1.0
60,7,0.012131715771230503,0.014285714285714285,0.8492201039861352,0.018372648549109017,0.8921803999531421,1.0
conversely,7,0.012131715771230503,0.014285714285714285,0.8492201039861352,0.018372648549109017,0.8921803999531421,1.0
turn,7,0.012131715771230503,0.014285714285714285,0.8492201039861352,0.018372648549109017,0.8921803999531421,1.0
event functional,28,0.04852686308492201,0.045714285714285714,1.061525129982669,0.018066120316535546,0.8930781621142098,1.0
correlated,101,0.17504332755632582,0.17904761904761904,0.9776356060326709,0.018057928584281107,0.8931022600856846,1.0
role,115,0.19930675909878684,0.19523809523809524,1.0208394978230546,0.017512737210556847,0.8947187720107544,1.0
number,34,0.058925476603119586,0.06190476190476191,0.9518730835888548,0.017452165748343615,0.8948999397465198,1.0
episodic memory,33,0.05719237435008666,0.054285714285714284,1.0535437380279122,0.017428680199019178,0.8949702704832883,1.0
types,33,0.05719237435008666,0.054285714285714284,1.0535437380279122,0.017428680199019178,0.8949702704832883,1.0
likely,21,0.036395147313691506,0.039047619047619046,0.932070845838441,0.017426504048170803,0.8949767897089723,1.0
intensity,14,0.024263431542461005,0.02666666666666667,0.9098786828422877,0.016652910492186843,0.8973211265781659,1.0
cognitive processes,14,0.024263431542461005,0.02666666666666667,0.9098786828422877,0.016652910492186843,0.8973211265781659,1.0
threat,14,0.024263431542461005,0.02666666666666667,0.9098786828422877,0.016652910492186843,0.8973211265781659,1.0
method,27,0.04679376083188908,0.049523809523809526,0.9448740167977603,0.015513144171355108,0.9008784105025172,1.0
report,19,0.03292894280762565,0.030476190476190476,1.0804809358752165,0.015110562405674105,0.9021664667805959,1.0
robust,19,0.03292894280762565,0.030476190476190476,1.0804809358752165,0.015110562405674105,0.9021664667805959,1.0
patient,19,0.03292894280762565,0.030476190476190476,1.0804809358752165,0.015110562405674105,0.9021664667805959,1.0
better,33,0.05719237435008666,0.06,0.953206239168111,0.014391721308338226,0.9045104771601291,1.0
furthermore,54,0.09358752166377816,0.09047619047619047,1.0343883973364956,0.014000581982294806,0.9058108981794112,1.0
superior frontal,20,0.03466204506065858,0.037142857142857144,0.9332089054792694,0.013800439316592776,0.90648343915663,1.0
matter,49,0.08492201039861352,0.08190476190476191,1.0368384990528394,0.013722206539642831,0.9067476684286772,1.0
scanned,29,0.05025996533795494,0.047619047619047616,1.0554592720970537,0.013583817776650593,0.9072169498358733,1.0
controls,101,0.17504332755632582,0.17142857142857143,1.0210860774119006,0.01345313475486918,0.9076623302784145,1.0
network,168,0.29116117850953205,0.29523809523809524,0.9861910885000279,0.013417061048466508,0.9077856586845073,1.0
rs,10,0.01733102253032929,0.015238095238095238,1.1373483535528597,0.01332678943720616,0.9080950166034012,1.0
strategy,10,0.01733102253032929,0.015238095238095238,1.1373483535528597,0.01332678943720616,0.9080950166034012,1.0
allele,10,0.01733102253032929,0.015238095238095238,1.1373483535528597,0.01332678943720616,0.9080950166034012,1.0
operations,10,0.01733102253032929,0.015238095238095238,1.1373483535528597,0.01332678943720616,0.9080950166034012,1.0
attenuated,10,0.01733102253032929,0.015238095238095238,1.1373483535528597,0.01332678943720616,0.9080950166034012,1.0
memory processes,10,0.01733102253032929,0.015238095238095238,1.1373483535528597,0.01332678943720616,0.9080950166034012,1.0
elucidate,10,0.01733102253032929,0.015238095238095238,1.1373483535528597,0.01332678943720616,0.9080950166034012,1.0
prominent,10,0.01733102253032929,0.015238095238095238,1.1373483535528597,0.01332678943720616,0.9080950166034012,1.0
observation,10,0.01733102253032929,0.015238095238095238,1.1373483535528597,0.01332678943720616,0.9080950166034012,1.0
deactivated,6,0.010398613518197574,0.012380952380952381,0.8398880149313425,0.013198549606013639,0.9085363216130617,1.0
subset,6,0.010398613518197574,0.012380952380952381,0.8398880149313425,0.013198549606013639,0.9085363216130617,1.0
feeling,6,0.010398613518197574,0.012380952380952381,0.8398880149313425,0.013198549606013639,0.9085363216130617,1.0
hypothalamus,6,0.010398613518197574,0.012380952380952381,0.8398880149313425,0.013198549606013639,0.9085363216130617,1.0
mentalizing,6,0.010398613518197574,0.012380952380952381,0.8398880149313425,0.013198549606013639,0.9085363216130617,1.0
effort,6,0.010398613518197574,0.012380952380952381,0.8398880149313425,0.013198549606013639,0.9085363216130617,1.0
high,75,0.12998266897746968,0.12666666666666668,1.0261789656116027,0.013003967373463111,0.9092100965593393,1.0
free,13,0.022530329289428077,0.024761904761904763,0.9098786828422877,0.012574153301090416,0.9107167373845646,1.0
familiar,13,0.022530329289428077,0.024761904761904763,0.9098786828422877,0.012574153301090416,0.9107167373845646,1.0
orbitofrontal cortex,32,0.05545927209705372,0.058095238095238096,0.9546268147853509,0.011555590259807198,0.914394759608258,1.0
superior parietal,15,0.025996533795493933,0.023809523809523808,1.0918544194107453,0.011068194917606185,0.9162127552968529,1.0
instructed,15,0.025996533795493933,0.023809523809523808,1.0918544194107453,0.011068194917606185,0.9162127552968529,1.0
poorly,15,0.025996533795493933,0.023809523809523808,1.0918544194107453,0.011068194917606185,0.9162127552968529,1.0
behaviors,15,0.025996533795493933,0.023809523809523808,1.0918544194107453,0.011068194917606185,0.9162127552968529,1.0
05,15,0.025996533795493933,0.023809523809523808,1.0918544194107453,0.011068194917606185,0.9162127552968529,1.0
coupling,20,0.03466204506065858,0.03238095238095238,1.0704455092262208,0.010217882313754484,0.9194841432899793,1.0
experiences,20,0.03466204506065858,0.03238095238095238,1.0704455092262208,0.010217882313754484,0.9194841432899793,1.0
term,30,0.05199306759098787,0.049523809523809526,1.049860018664178,0.009873824779791686,0.9208467869990608,1.0
play,30,0.05199306759098787,0.049523809523809526,1.049860018664178,0.009873824779791686,0.9208467869990608,1.0
potentials,6,0.010398613518197574,0.008571428571428572,1.2131715771230502,0.009567144981454249,0.9220817504144211,1.0
discuss,6,0.010398613518197574,0.008571428571428572,1.2131715771230502,0.009567144981454249,0.9220817504144211,1.0
develop,6,0.010398613518197574,0.008571428571428572,1.2131715771230502,0.009567144981454249,0.9220817504144211,1.0
ptsd,6,0.010398613518197574,0.008571428571428572,1.2131715771230502,0.009567144981454249,0.9220817504144211,1.0
likelihood,6,0.010398613518197574,0.008571428571428572,1.2131715771230502,0.009567144981454249,0.9220817504144211,1.0
fast,6,0.010398613518197574,0.008571428571428572,1.2131715771230502,0.009567144981454249,0.9220817504144211,1.0
situation,6,0.010398613518197574,0.008571428571428572,1.2131715771230502,0.009567144981454249,0.9220817504144211,1.0
mixed,6,0.010398613518197574,0.008571428571428572,1.2131715771230502,0.009567144981454249,0.9220817504144211,1.0
nouns,6,0.010398613518197574,0.008571428571428572,1.2131715771230502,0.009567144981454249,0.9220817504144211,1.0
therapeutic,6,0.010398613518197574,0.008571428571428572,1.2131715771230502,0.009567144981454249,0.9220817504144211,1.0
prospective,6,0.010398613518197574,0.008571428571428572,1.2131715771230502,0.009567144981454249,0.9220817504144211,1.0
mental state,6,0.010398613518197574,0.008571428571428572,1.2131715771230502,0.009567144981454249,0.9220817504144211,1.0
threshold,6,0.010398613518197574,0.008571428571428572,1.2131715771230502,0.009567144981454249,0.9220817504144211,1.0
task conditions,6,0.010398613518197574,0.008571428571428572,1.2131715771230502,0.009567144981454249,0.9220817504144211,1.0
task using,6,0.010398613518197574,0.008571428571428572,1.2131715771230502,0.009567144981454249,0.9220817504144211,1.0
coherence,6,0.010398613518197574,0.008571428571428572,1.2131715771230502,0.009567144981454249,0.9220817504144211,1.0
exploratory,6,0.010398613518197574,0.008571428571428572,1.2131715771230502,0.009567144981454249,0.9220817504144211,1.0
fluency,6,0.010398613518197574,0.008571428571428572,1.2131715771230502,0.009567144981454249,0.9220817504144211,1.0
negative positive,6,0.010398613518197574,0.008571428571428572,1.2131715771230502,0.009567144981454249,0.9220817504144211,1.0
beta,6,0.010398613518197574,0.008571428571428572,1.2131715771230502,0.009567144981454249,0.9220817504144211,1.0
negative correlation,6,0.010398613518197574,0.008571428571428572,1.2131715771230502,0.009567144981454249,0.9220817504144211,1.0
dorsal striatum,6,0.010398613518197574,0.008571428571428572,1.2131715771230502,0.009567144981454249,0.9220817504144211,1.0
improvements,6,0.010398613518197574,0.008571428571428572,1.2131715771230502,0.009567144981454249,0.9220817504144211,1.0
cortex suggest,6,0.010398613518197574,0.008571428571428572,1.2131715771230502,0.009567144981454249,0.9220817504144211,1.0
circuit,12,0.02079722703639515,0.022857142857142857,0.9098786828422878,0.008851753713961925,0.9250426215632241,1.0
reductions,12,0.02079722703639515,0.022857142857142857,0.9098786828422878,0.008851753713961925,0.9250426215632241,1.0
simultaneously,12,0.02079722703639515,0.022857142857142857,0.9098786828422878,0.008851753713961925,0.9250426215632241,1.0
crossover,5,0.008665511265164644,0.010476190476190476,0.8271624389475343,0.008373616059758122,0.9270893753075717,1.0
ffa,5,0.008665511265164644,0.010476190476190476,0.8271624389475343,0.008373616059758122,0.9270893753075717,1.0
fronto temporal,5,0.008665511265164644,0.010476190476190476,0.8271624389475343,0.008373616059758122,0.9270893753075717,1.0
intelligence,5,0.008665511265164644,0.010476190476190476,0.8271624389475343,0.008373616059758122,0.9270893753075717,1.0
vlpfc,5,0.008665511265164644,0.010476190476190476,0.8271624389475343,0.008373616059758122,0.9270893753075717,1.0
painful,5,0.008665511265164644,0.010476190476190476,0.8271624389475343,0.008373616059758122,0.9270893753075717,1.0
degrees,5,0.008665511265164644,0.010476190476190476,0.8271624389475343,0.008373616059758122,0.9270893753075717,1.0
weeks,5,0.008665511265164644,0.010476190476190476,0.8271624389475343,0.008373616059758122,0.9270893753075717,1.0
match,5,0.008665511265164644,0.010476190476190476,0.8271624389475343,0.008373616059758122,0.9270893753075717,1.0
mr,5,0.008665511265164644,0.010476190476190476,0.8271624389475343,0.008373616059758122,0.9270893753075717,1.0
weighted,5,0.008665511265164644,0.010476190476190476,0.8271624389475343,0.008373616059758122,0.9270893753075717,1.0
spatiotemporal,5,0.008665511265164644,0.010476190476190476,0.8271624389475343,0.008373616059758122,0.9270893753075717,1.0
critical role,5,0.008665511265164644,0.010476190476190476,0.8271624389475343,0.008373616059758122,0.9270893753075717,1.0
control groups,5,0.008665511265164644,0.010476190476190476,0.8271624389475343,0.008373616059758122,0.9270893753075717,1.0
visuo,5,0.008665511265164644,0.010476190476190476,0.8271624389475343,0.008373616059758122,0.9270893753075717,1.0
middle occipital,5,0.008665511265164644,0.010476190476190476,0.8271624389475343,0.008373616059758122,0.9270893753075717,1.0
naive,5,0.008665511265164644,0.010476190476190476,0.8271624389475343,0.008373616059758122,0.9270893753075717,1.0
revealing,5,0.008665511265164644,0.010476190476190476,0.8271624389475343,0.008373616059758122,0.9270893753075717,1.0
fourteen,5,0.008665511265164644,0.010476190476190476,0.8271624389475343,0.008373616059758122,0.9270893753075717,1.0
balance,5,0.008665511265164644,0.010476190476190476,0.8271624389475343,0.008373616059758122,0.9270893753075717,1.0
anxiety disorders,5,0.008665511265164644,0.010476190476190476,0.8271624389475343,0.008373616059758122,0.9270893753075717,1.0
12 healthy,5,0.008665511265164644,0.010476190476190476,0.8271624389475343,0.008373616059758122,0.9270893753075717,1.0
cortex middle,5,0.008665511265164644,0.010476190476190476,0.8271624389475343,0.008373616059758122,0.9270893753075717,1.0
shown,51,0.08838821490467938,0.08571428571428572,1.0311958405545927,0.008336682504637363,0.9272498993328786,1.0
reported,46,0.07972270363951472,0.07714285714285714,1.0334424545863021,0.007919007149669442,0.9290908083229841,1.0
medial frontal,18,0.03119584055459272,0.03333333333333333,0.9358752166377816,0.007463360608476897,0.9311558048263149,1.0
stimulation,18,0.03119584055459272,0.03333333333333333,0.9358752166377816,0.007463360608476897,0.9311558048263149,1.0
physiological,11,0.019064124783362217,0.017142857142857144,1.1120739456961293,0.0071190773629946965,0.9327585815573078,1.0
age gender,11,0.019064124783362217,0.017142857142857144,1.1120739456961293,0.0071190773629946965,0.9327585815573078,1.0
temporal pole,11,0.019064124783362217,0.017142857142857144,1.1120739456961293,0.0071190773629946965,0.9327585815573078,1.0
neurocognitive,11,0.019064124783362217,0.017142857142857144,1.1120739456961293,0.0071190773629946965,0.9327585815573078,1.0
involving,31,0.053726169844020795,0.05142857142857143,1.0446755247448487,0.006856869244381071,0.9340056272388468,1.0
state functional,30,0.05199306759098787,0.054285714285714284,0.9577670345708291,0.006638548357992811,0.9350623868638952,1.0
proposed,16,0.02772963604852686,0.025714285714285714,1.078374735220489,0.006547176276265697,0.9355098503262613,1.0
category,16,0.02772963604852686,0.025714285714285714,1.078374735220489,0.006547176276265697,0.9355098503262613,1.0
hand,16,0.02772963604852686,0.025714285714285714,1.078374735220489,0.006547176276265697,0.9355098503262613,1.0
outcome,16,0.02772963604852686,0.025714285714285714,1.078374735220489,0.006547176276265697,0.9355098503262613,1.0
outcomes,16,0.02772963604852686,0.025714285714285714,1.078374735220489,0.006547176276265697,0.9355098503262613,1.0
familiarity,16,0.02772963604852686,0.025714285714285714,1.078374735220489,0.006547176276265697,0.9355098503262613,1.0
putamen,21,0.036395147313691506,0.03428571428571429,1.061525129982669,0.006474695807027586,0.9358670386099374,1.0
strong,21,0.036395147313691506,0.03428571428571429,1.061525129982669,0.006474695807027586,0.9358670386099374,1.0
independent,52,0.09012131715771231,0.08761904761904762,1.0285585110391078,0.006205995477175554,0.9372090910695114,1.0
link,11,0.019064124783362217,0.02095238095238095,0.9098786828422877,0.005576518039203118,0.9404724339754237,1.0
involve,11,0.019064124783362217,0.02095238095238095,0.9098786828422877,0.005576518039203118,0.9404724339754237,1.0
reduce,11,0.019064124783362217,0.02095238095238095,0.9098786828422877,0.005576518039203118,0.9404724339754237,1.0
resources,11,0.019064124783362217,0.02095238095238095,0.9098786828422877,0.005576518039203118,0.9404724339754237,1.0
bold responses,11,0.019064124783362217,0.02095238095238095,0.9098786828422877,0.005576518039203118,0.9404724339754237,1.0
regional,37,0.06412478336221837,0.06190476190476191,1.035861885081989,0.00487706970771182,0.944324177235044,1.0
dorsal anterior,17,0.029462738301559793,0.03142857142857143,0.9374507641405389,0.004853495764635542,0.9444586802723419,1.0
women,17,0.029462738301559793,0.03142857142857143,0.9374507641405389,0.004853495764635542,0.9444586802723419,1.0
regarding,17,0.029462738301559793,0.03142857142857143,0.9374507641405389,0.004853495764635542,0.9444586802723419,1.0
mtl,17,0.029462738301559793,0.03142857142857143,0.9374507641405389,0.004853495764635542,0.9444586802723419,1.0
design,32,0.05545927209705372,0.05333333333333334,1.0398613518197573,0.004464507760866984,0.9467274118202398,1.0
neurobiology,4,0.006932409012131715,0.008571428571428572,0.8087810514153667,0.004123865229684331,0.9487971800354256,1.0
brodmann,4,0.006932409012131715,0.008571428571428572,0.8087810514153667,0.004123865229684331,0.9487971800354256,1.0
kinds,4,0.006932409012131715,0.008571428571428572,0.8087810514153667,0.004123865229684331,0.9487971800354256,1.0
abnormality,4,0.006932409012131715,0.008571428571428572,0.8087810514153667,0.004123865229684331,0.9487971800354256,1.0
ventral dorsal,4,0.006932409012131715,0.008571428571428572,0.8087810514153667,0.004123865229684331,0.9487971800354256,1.0
reward anticipation,4,0.006932409012131715,0.008571428571428572,0.8087810514153667,0.004123865229684331,0.9487971800354256,1.0
achieve,4,0.006932409012131715,0.008571428571428572,0.8087810514153667,0.004123865229684331,0.9487971800354256,1.0
statement,4,0.006932409012131715,0.008571428571428572,0.8087810514153667,0.004123865229684331,0.9487971800354256,1.0
provides evidence,4,0.006932409012131715,0.008571428571428572,0.8087810514153667,0.004123865229684331,0.9487971800354256,1.0
empirical,4,0.006932409012131715,0.008571428571428572,0.8087810514153667,0.004123865229684331,0.9487971800354256,1.0
ventral premotor,4,0.006932409012131715,0.008571428571428572,0.8087810514153667,0.004123865229684331,0.9487971800354256,1.0
impulsivity,4,0.006932409012131715,0.008571428571428572,0.8087810514153667,0.004123865229684331,0.9487971800354256,1.0
parametric mapping,4,0.006932409012131715,0.008571428571428572,0.8087810514153667,0.004123865229684331,0.9487971800354256,1.0
susceptibility,4,0.006932409012131715,0.008571428571428572,0.8087810514153667,0.004123865229684331,0.9487971800354256,1.0
approximately,4,0.006932409012131715,0.008571428571428572,0.8087810514153667,0.004123865229684331,0.9487971800354256,1.0
frontal operculum,4,0.006932409012131715,0.008571428571428572,0.8087810514153667,0.004123865229684331,0.9487971800354256,1.0
compatible,4,0.006932409012131715,0.008571428571428572,0.8087810514153667,0.004123865229684331,0.9487971800354256,1.0
stop,4,0.006932409012131715,0.008571428571428572,0.8087810514153667,0.004123865229684331,0.9487971800354256,1.0
eating,4,0.006932409012131715,0.008571428571428572,0.8087810514153667,0.004123865229684331,0.9487971800354256,1.0
actively,4,0.006932409012131715,0.008571428571428572,0.8087810514153667,0.004123865229684331,0.9487971800354256,1.0
naturalistic,4,0.006932409012131715,0.008571428571428572,0.8087810514153667,0.004123865229684331,0.9487971800354256,1.0
preceded,4,0.006932409012131715,0.008571428571428572,0.8087810514153667,0.004123865229684331,0.9487971800354256,1.0
33,4,0.006932409012131715,0.008571428571428572,0.8087810514153667,0.004123865229684331,0.9487971800354256,1.0
frontotemporal,4,0.006932409012131715,0.008571428571428572,0.8087810514153667,0.004123865229684331,0.9487971800354256,1.0
decision task,4,0.006932409012131715,0.008571428571428572,0.8087810514153667,0.004123865229684331,0.9487971800354256,1.0
application,4,0.006932409012131715,0.008571428571428572,0.8087810514153667,0.004123865229684331,0.9487971800354256,1.0
voice,4,0.006932409012131715,0.008571428571428572,0.8087810514153667,0.004123865229684331,0.9487971800354256,1.0
positively correlated,22,0.038128249566724434,0.03619047619047619,1.053543738027912,0.00371204072268022,0.9514177295310141,1.0
content,22,0.038128249566724434,0.03619047619047619,1.053543738027912,0.00371204072268022,0.9514177295310141,1.0
adult,22,0.038128249566724434,0.03619047619047619,1.053543738027912,0.00371204072268022,0.9514177295310141,1.0
magnetic resonance,261,0.45233968804159447,0.4552380952380952,0.9936332059491092,0.0036351953510940565,0.9519226105210647,1.0
frontal,177,0.30675909878682844,0.30952380952380953,0.9910678576189842,0.003529204015460408,0.9526278548155898,1.0
potentially,17,0.029462738301559793,0.02761904761904762,1.066754317815096,0.0034013406537947953,0.9534929293887311,1.0
importantly,17,0.029462738301559793,0.02761904761904762,1.066754317815096,0.0034013406537947953,0.9534929293887311,1.0
lesion,7,0.012131715771230503,0.010476190476190476,1.1580274145265481,0.0033297553096199818,0.953984381974593,1.0
having,7,0.012131715771230503,0.010476190476190476,1.1580274145265481,0.0033297553096199818,0.953984381974593,1.0
met,7,0.012131715771230503,0.010476190476190476,1.1580274145265481,0.0033297553096199818,0.953984381974593,1.0
true,7,0.012131715771230503,0.010476190476190476,1.1580274145265481,0.0033297553096199818,0.953984381974593,1.0
task demands,7,0.012131715771230503,0.010476190476190476,1.1580274145265481,0.0033297553096199818,0.953984381974593,1.0
locus,7,0.012131715771230503,0.010476190476190476,1.1580274145265481,0.0033297553096199818,0.953984381974593,1.0
powerful,7,0.012131715771230503,0.010476190476190476,1.1580274145265481,0.0033297553096199818,0.953984381974593,1.0
complexity,7,0.012131715771230503,0.010476190476190476,1.1580274145265481,0.0033297553096199818,0.953984381974593,1.0
distraction,7,0.012131715771230503,0.010476190476190476,1.1580274145265481,0.0033297553096199818,0.953984381974593,1.0
control task,7,0.012131715771230503,0.010476190476190476,1.1580274145265481,0.0033297553096199818,0.953984381974593,1.0
level signal,7,0.012131715771230503,0.010476190476190476,1.1580274145265481,0.0033297553096199818,0.953984381974593,1.0
erp,7,0.012131715771230503,0.010476190476190476,1.1580274145265481,0.0033297553096199818,0.953984381974593,1.0
skill,7,0.012131715771230503,0.010476190476190476,1.1580274145265481,0.0033297553096199818,0.953984381974593,1.0
hyperactivity,12,0.02079722703639515,0.01904761904761905,1.0918544194107451,0.003197021980763344,0.9549098672676818,1.0
light,12,0.02079722703639515,0.01904761904761905,1.0918544194107451,0.003197021980763344,0.9549098672676818,1.0
series,12,0.02079722703639515,0.01904761904761905,1.0918544194107451,0.003197021980763344,0.9549098672676818,1.0
nodes,12,0.02079722703639515,0.01904761904761905,1.0918544194107451,0.003197021980763344,0.9549098672676818,1.0
adaptation,12,0.02079722703639515,0.01904761904761905,1.0918544194107451,0.003197021980763344,0.9549098672676818,1.0
ofc,12,0.02079722703639515,0.01904761904761905,1.0918544194107451,0.003197021980763344,0.9549098672676818,1.0
caudate,38,0.0658578856152513,0.06380952380952382,1.0321011924778187,0.003071077154492443,0.9558060134997883,1.0
test,63,0.10918544194107452,0.11142857142857143,0.9798693507532328,0.003068109916324206,0.955827346674778,1.0
explain,10,0.01733102253032929,0.01904761904761905,0.9098786828422876,0.0028756278600489456,0.9572340328743759,1.0
longitudinal,10,0.01733102253032929,0.01904761904761905,0.9098786828422876,0.0028756278600489456,0.9572340328743759,1.0
environmental,10,0.01733102253032929,0.01904761904761905,0.9098786828422876,0.0028756278600489456,0.9572340328743759,1.0
modality,10,0.01733102253032929,0.01904761904761905,0.9098786828422876,0.0028756278600489456,0.9572340328743759,1.0
frequently,10,0.01733102253032929,0.01904761904761905,0.9098786828422876,0.0028756278600489456,0.9572340328743759,1.0
dorsomedial prefrontal,10,0.01733102253032929,0.01904761904761905,0.9098786828422876,0.0028756278600489456,0.9572340328743759,1.0
possibility,10,0.01733102253032929,0.01904761904761905,0.9098786828422876,0.0028756278600489456,0.9572340328743759,1.0
responded,10,0.01733102253032929,0.01904761904761905,0.9098786828422876,0.0028756278600489456,0.9572340328743759,1.0
level,108,0.18717504332755633,0.18476190476190477,1.0130608015151243,0.0028224066084569124,0.9576312552460813,1.0
response,142,0.24610051993067592,0.24857142857142858,0.9900595629395008,0.002543390323007192,0.9597781072863235,1.0
humans,45,0.0779896013864818,0.08,0.9748700173310224,0.0022738298788079455,0.9619675340071917,1.0
previous,85,0.14731369150779897,0.14952380952380953,0.9852189559438784,0.0022125991542973015,0.9624827235990198,1.0
basal,23,0.03986135181975736,0.0380952380952381,1.0463604852686306,0.001793163463863415,0.9662230660799702,1.0
dysfunction,23,0.03986135181975736,0.0380952380952381,1.0463604852686306,0.001793163463863415,0.9662230660799702,1.0
functions,33,0.05719237435008666,0.05904761904761905,0.9685805333482418,0.0017789481050209904,0.966357136634931,1.0
relevant,39,0.06759098786828423,0.06571428571428571,1.0285585110391078,0.0017131266902187768,0.9669850369093091,1.0
memories,27,0.04679376083188908,0.04857142857142857,0.9634009583035987,0.0015432548814710483,0.9686637373876722,1.0
functional magnetic,241,0.41767764298093585,0.42,0.9944705785260378,0.0014677351807044106,0.9694396948995165,1.0
functional connectivity,84,0.14558058925476602,0.14761904761904762,0.9861910885000279,0.0014382362527915508,0.9697482094941777,1.0
delay,18,0.03119584055459272,0.029523809523809525,1.0566333091071727,0.0013823090833951198,0.9703419497439237,1.0
respectively,34,0.058925476603119586,0.05714285714285714,1.031195840554593,0.0013235698296047288,0.970978644293565,1.0
selectively,15,0.025996533795493933,0.02761904761904762,0.9412538098368493,0.001107715555365844,0.9734494198303886,1.0
maintenance,15,0.025996533795493933,0.02761904761904762,0.9412538098368493,0.001107715555365844,0.9734494198303886,1.0
relation,15,0.025996533795493933,0.02761904761904762,0.9412538098368493,0.001107715555365844,0.9734494198303886,1.0
sessions,13,0.022530329289428077,0.02095238095238095,1.0753111706317946,0.0009786807849952576,0.9750431506378268,1.0
internal,13,0.022530329289428077,0.02095238095238095,1.0753111706317946,0.0009786807849952576,0.9750431506378268,1.0
intact,13,0.022530329289428077,0.02095238095238095,1.0753111706317946,0.0009786807849952576,0.9750431506378268,1.0
concomitant,3,0.005199306759098787,0.006666666666666667,0.779896013864818,0.0009466868052974832,0.9754543405553557,1.0
matrix,3,0.005199306759098787,0.006666666666666667,0.779896013864818,0.0009466868052974832,0.9754543405553557,1.0
twice,3,0.005199306759098787,0.006666666666666667,0.779896013864818,0.0009466868052974832,0.9754543405553557,1.0
negative feedback,3,0.005199306759098787,0.006666666666666667,0.779896013864818,0.0009466868052974832,0.9754543405553557,1.0
shorter,3,0.005199306759098787,0.006666666666666667,0.779896013864818,0.0009466868052974832,0.9754543405553557,1.0
disorder adhd,3,0.005199306759098787,0.006666666666666667,0.779896013864818,0.0009466868052974832,0.9754543405553557,1.0
contrary,3,0.005199306759098787,0.006666666666666667,0.779896013864818,0.0009466868052974832,0.9754543405553557,1.0
negative emotional,3,0.005199306759098787,0.006666666666666667,0.779896013864818,0.0009466868052974832,0.9754543405553557,1.0
systems involved,3,0.005199306759098787,0.006666666666666667,0.779896013864818,0.0009466868052974832,0.9754543405553557,1.0
asymmetry,3,0.005199306759098787,0.006666666666666667,0.779896013864818,0.0009466868052974832,0.9754543405553557,1.0
impacts,3,0.005199306759098787,0.006666666666666667,0.779896013864818,0.0009466868052974832,0.9754543405553557,1.0
participate,3,0.005199306759098787,0.006666666666666667,0.779896013864818,0.0009466868052974832,0.9754543405553557,1.0
functional role,3,0.005199306759098787,0.006666666666666667,0.779896013864818,0.0009466868052974832,0.9754543405553557,1.0
superior inferior,3,0.005199306759098787,0.006666666666666667,0.779896013864818,0.0009466868052974832,0.9754543405553557,1.0
drugs,3,0.005199306759098787,0.006666666666666667,0.779896013864818,0.0009466868052974832,0.9754543405553557,1.0
plays role,3,0.005199306759098787,0.006666666666666667,0.779896013864818,0.0009466868052974832,0.9754543405553557,1.0
resonance performing,3,0.005199306759098787,0.006666666666666667,0.779896013864818,0.0009466868052974832,0.9754543405553557,1.0
categorization,3,0.005199306759098787,0.006666666666666667,0.779896013864818,0.0009466868052974832,0.9754543405553557,1.0
80,3,0.005199306759098787,0.006666666666666667,0.779896013864818,0.0009466868052974832,0.9754543405553557,1.0
visuo spatial,3,0.005199306759098787,0.006666666666666667,0.779896013864818,0.0009466868052974832,0.9754543405553557,1.0
extends,3,0.005199306759098787,0.006666666666666667,0.779896013864818,0.0009466868052974832,0.9754543405553557,1.0
discriminated,3,0.005199306759098787,0.006666666666666667,0.779896013864818,0.0009466868052974832,0.9754543405553557,1.0
inhibitory control,3,0.005199306759098787,0.006666666666666667,0.779896013864818,0.0009466868052974832,0.9754543405553557,1.0
parietal network,3,0.005199306759098787,0.006666666666666667,0.779896013864818,0.0009466868052974832,0.9754543405553557,1.0
14 healthy,3,0.005199306759098787,0.006666666666666667,0.779896013864818,0.0009466868052974832,0.9754543405553557,1.0
healthy young,9,0.01559792027729636,0.017142857142857144,0.9098786828422877,0.0009328479710935583,0.9756343512318876,1.0
theory mind,9,0.01559792027729636,0.017142857142857144,0.9098786828422877,0.0009328479710935583,0.9756343512318876,1.0
place,9,0.01559792027729636,0.017142857142857144,0.9098786828422877,0.0009328479710935583,0.9756343512318876,1.0
lack,9,0.01559792027729636,0.017142857142857144,0.9098786828422877,0.0009328479710935583,0.9756343512318876,1.0
interpretation,9,0.01559792027729636,0.017142857142857144,0.9098786828422877,0.0009328479710935583,0.9756343512318876,1.0
complex,51,0.08838821490467938,0.08666666666666667,1.019864018130916,0.000670769060558395,0.9793377304432959,1.0
current,60,0.10398613518197573,0.10571428571428572,0.9836526300997704,0.0005880831353077842,0.9806528562340984,1.0
aimed,26,0.045060658578856154,0.04666666666666667,0.965585540975489,0.0005869361178395967,0.9806717294140077,1.0
dementia,8,0.01386481802426343,0.012380952380952381,1.1198506865751232,0.0005820895926696471,0.9807516792381653,1.0
priming,8,0.01386481802426343,0.012380952380952381,1.1198506865751232,0.0005820895926696471,0.9807516792381653,1.0
cerebral blood,8,0.01386481802426343,0.012380952380952381,1.1198506865751232,0.0005820895926696471,0.9807516792381653,1.0
syndrome,8,0.01386481802426343,0.012380952380952381,1.1198506865751232,0.0005820895926696471,0.9807516792381653,1.0
temporoparietal junction,8,0.01386481802426343,0.012380952380952381,1.1198506865751232,0.0005820895926696471,0.9807516792381653,1.0
rewards,8,0.01386481802426343,0.012380952380952381,1.1198506865751232,0.0005820895926696471,0.9807516792381653,1.0
interval,8,0.01386481802426343,0.012380952380952381,1.1198506865751232,0.0005820895926696471,0.9807516792381653,1.0
calculated,8,0.01386481802426343,0.012380952380952381,1.1198506865751232,0.0005820895926696471,0.9807516792381653,1.0
combining,8,0.01386481802426343,0.012380952380952381,1.1198506865751232,0.0005820895926696471,0.9807516792381653,1.0
block design,8,0.01386481802426343,0.012380952380952381,1.1198506865751232,0.0005820895926696471,0.9807516792381653,1.0
currently,8,0.01386481802426343,0.012380952380952381,1.1198506865751232,0.0005820895926696471,0.9807516792381653,1.0
multi,8,0.01386481802426343,0.012380952380952381,1.1198506865751232,0.0005820895926696471,0.9807516792381653,1.0
pair,8,0.01386481802426343,0.012380952380952381,1.1198506865751232,0.0005820895926696471,0.9807516792381653,1.0
leads,8,0.01386481802426343,0.012380952380952381,1.1198506865751232,0.0005820895926696471,0.9807516792381653,1.0
effect,95,0.16464471403812825,0.16285714285714287,1.0109763142692085,0.0005387660460298747,0.9814816974762246,1.0
information,116,0.20103986135181975,0.20285714285714285,0.9910415700441819,0.0005197895551198349,0.9818106904753077,1.0
relatively,20,0.03466204506065858,0.03619047619047619,0.9577670345708291,0.00037348791035933006,0.9845811741797885,1.0
life,20,0.03466204506065858,0.03619047619047619,0.9577670345708291,0.00037348791035933006,0.9845811741797885,1.0
absence,20,0.03466204506065858,0.03619047619047619,0.9577670345708291,0.00037348791035933006,0.9845811741797885,1.0
healthy controls,52,0.09012131715771231,0.08857142857142856,1.0174987421032036,0.00019683108500193533,0.9888063259160536,1.0
condition,63,0.10918544194107452,0.10761904761904761,1.0145549914878607,0.00019307273597440165,0.9889137016484125,1.0
cortex pfc,14,0.024263431542461005,0.025714285714285714,0.943577893317928,0.00017718134779974934,0.9893797133876175,1.0
investigation,14,0.024263431542461005,0.025714285714285714,0.943577893317928,0.00017718134779974934,0.9893797133876175,1.0
characterize,14,0.024263431542461005,0.025714285714285714,0.943577893317928,0.00017718134779974934,0.9893797133876175,1.0
17,14,0.024263431542461005,0.025714285714285714,0.943577893317928,0.00017718134779974934,0.9893797133876175,1.0
circuits,25,0.043327556325823226,0.04476190476190476,0.9679560455769018,7.388316937722719e-05,0.993141842221576,1.0
ventral striatum,14,0.024263431542461005,0.022857142857142857,1.061525129982669,6.59229154586559e-05,0.993521812812727,1.0
developing,14,0.024263431542461005,0.022857142857142857,1.061525129982669,6.59229154586559e-05,0.993521812812727,1.0
13,14,0.024263431542461005,0.022857142857142857,1.061525129982669,6.59229154586559e-05,0.993521812812727,1.0
pole,14,0.024263431542461005,0.022857142857142857,1.061525129982669,6.59229154586559e-05,0.993521812812727,1.0
recruited,36,0.06239168110918544,0.06095238095238095,1.0236135181975736,6.0185952192059115e-05,0.9938101051294281,1.0
oxygen level,25,0.043327556325823226,0.0419047619047619,1.033953048684418,5.8761026491919866e-05,0.9938838166639526,1.0
oxygen,25,0.043327556325823226,0.0419047619047619,1.033953048684418,5.8761026491919866e-05,0.9938838166639526,1.0
blood oxygen,25,0.043327556325823226,0.0419047619047619,1.033953048684418,5.8761026491919866e-05,0.9938838166639526,1.0
genotype,8,0.01386481802426343,0.015238095238095238,0.9098786828422877,2.3890274148808845e-05,0.9961001410570129,1.0
bases,8,0.01386481802426343,0.015238095238095238,0.9098786828422877,2.3890274148808845e-05,0.9961001410570129,1.0
case,8,0.01386481802426343,0.015238095238095238,0.9098786828422877,2.3890274148808845e-05,0.9961001410570129,1.0
daily,8,0.01386481802426343,0.015238095238095238,0.9098786828422877,2.3890274148808845e-05,0.9961001410570129,1.0
severe,8,0.01386481802426343,0.015238095238095238,0.9098786828422877,2.3890274148808845e-05,0.9961001410570129,1.0
principal,8,0.01386481802426343,0.015238095238095238,0.9098786828422877,2.3890274148808845e-05,0.9961001410570129,1.0
frontal gyrus,64,0.11091854419410745,0.10952380952380952,1.0127345339461984,1.0280682700749878e-05,0.9974417069260625,1.0
neuropsychological,19,0.03292894280762565,0.03428571428571429,0.960427498555748,2.2441147535413827e-06,0.9988047398798238,1.0
established,19,0.03292894280762565,0.03428571428571429,0.960427498555748,2.2441147535413827e-06,0.9988047398798238,1.0
11,19,0.03292894280762565,0.03428571428571429,0.960427498555748,2.2441147535413827e-06,0.9988047398798238,1.0
substrates,27,0.04679376083188908,0.045714285714285714,1.0236135181975736,0.0,1.0,1.0
substantially,4,0.006932409012131715,0.005714285714285714,1.2131715771230502,0.0,1.0,1.0
substantial,7,0.012131715771230503,0.013333333333333334,0.9098786828422877,0.0,1.0,1.0
conditioned,10,0.01733102253032929,0.017142857142857144,1.0109763142692085,0.0,1.0,1.0
sufficient,4,0.006932409012131715,0.006666666666666667,1.0398613518197573,0.0,1.0,1.0
connectivity analyses,10,0.01733102253032929,0.018095238095238095,0.9577670345708291,0.0,1.0,1.0
switch,5,0.008665511265164644,0.007619047619047619,1.1373483535528597,0.0,1.0,1.0
sulcus ips,4,0.006932409012131715,0.006666666666666667,1.0398613518197573,0.0,1.0,1.0
suggest functional,4,0.006932409012131715,0.006666666666666667,1.0398613518197573,0.0,1.0,1.0
comprised,9,0.01559792027729636,0.01619047619047619,0.9634009583035988,0.0,1.0,1.0
cognitive task,4,0.006932409012131715,0.007619047619047619,0.9098786828422877,0.0,1.0,1.0
completed,19,0.03292894280762565,0.03333333333333333,0.9878682842287695,0.0,1.0,1.0
complete,4,0.006932409012131715,0.006666666666666667,1.0398613518197573,0.0,1.0,1.0
complementary,6,0.010398613518197574,0.009523809523809525,1.0918544194107451,0.0,1.0,1.0
symptom severity,7,0.012131715771230503,0.013333333333333334,0.9098786828422877,0.0,1.0,1.0
combined,23,0.03986135181975736,0.040952380952380955,0.9733585909475634,0.0,1.0,1.0
collectively,6,0.010398613518197574,0.011428571428571429,0.9098786828422878,0.0,1.0,1.0
coherent,6,0.010398613518197574,0.010476190476190476,0.9925949267370412,0.0,1.0,1.0
sustained,14,0.024263431542461005,0.024761904761904763,0.9798693507532329,0.0,1.0,1.0
sustained attention,5,0.008665511265164644,0.008571428571428572,1.0109763142692085,0.0,1.0,1.0
negatively,26,0.045060658578856154,0.04380952380952381,1.0285585110391078,0.0,1.0,1.0
transfer,4,0.006932409012131715,0.006666666666666667,1.0398613518197573,0.0,1.0,1.0
symptoms,23,0.03986135181975736,0.039047619047619046,1.0208394978230544,0.0,1.0,1.0
closely,10,0.01733102253032929,0.017142857142857144,1.0109763142692085,0.0,1.0,1.0
adhd,5,0.008665511265164644,0.007619047619047619,1.1373483535528597,0.0,1.0,1.0
adolescence,10,0.01733102253032929,0.018095238095238095,0.9577670345708291,0.0,1.0,1.0
videos,4,0.006932409012131715,0.007619047619047619,0.9098786828422877,0.0,1.0,1.0
affect,31,0.053726169844020795,0.054285714285714284,0.9896926023898568,0.0,1.0,1.0
aim,25,0.043327556325823226,0.04380952380952381,0.9889985683068344,0.0,1.0,1.0
al,10,0.01733102253032929,0.017142857142857144,1.0109763142692085,0.0,1.0,1.0
ventral,66,0.11438474870017332,0.11428571428571428,1.0008665511265165,0.0,1.0,1.0
allows,9,0.01559792027729636,0.015238095238095238,1.0236135181975736,0.0,1.0,1.0
alpha,5,0.008665511265164644,0.009523809523809525,0.9098786828422876,0.0,1.0,1.0
various,16,0.02772963604852686,0.02857142857142857,0.9705372616984402,0.0,1.0,1.0
variety,6,0.010398613518197574,0.011428571428571429,0.9098786828422878,0.0,1.0,1.0
animals,11,0.019064124783362217,0.018095238095238095,1.053543738027912,0.0,1.0,1.0
variable,9,0.01559792027729636,0.015238095238095238,1.0236135181975736,0.0,1.0,1.0
validity,4,0.006932409012131715,0.007619047619047619,0.9098786828422877,0.0,1.0,1.0
anterior prefrontal,6,0.010398613518197574,0.009523809523809525,1.0918544194107451,0.0,1.0,1.0
appeared,6,0.010398613518197574,0.009523809523809525,1.0918544194107451,0.0,1.0,1.0
appears,14,0.024263431542461005,0.023809523809523808,1.0190641247833623,0.0,1.0,1.0
approaches,8,0.01386481802426343,0.013333333333333334,1.0398613518197573,0.0,1.0,1.0
aspect,5,0.008665511265164644,0.007619047619047619,1.1373483535528597,0.0,1.0,1.0
users,4,0.006932409012131715,0.007619047619047619,0.9098786828422877,0.0,1.0,1.0
assess,27,0.04679376083188908,0.047619047619047616,0.9826689774696707,0.0,1.0,1.0
assessments,5,0.008665511265164644,0.007619047619047619,1.1373483535528597,0.0,1.0,1.0
updating,5,0.008665511265164644,0.008571428571428572,1.0109763142692085,0.0,1.0,1.0
virtual,11,0.019064124783362217,0.018095238095238095,1.053543738027912,0.0,1.0,1.0
visual information,4,0.006932409012131715,0.006666666666666667,1.0398613518197573,0.0,1.0,1.0
act,4,0.006932409012131715,0.007619047619047619,0.9098786828422877,0.0,1.0,1.0
32,9,0.01559792027729636,0.01619047619047619,0.9634009583035988,0.0,1.0,1.0
young,38,0.0658578856152513,0.06476190476190476,1.01692323376491,0.0,1.0,1.0
14,21,0.036395147313691506,0.03619047619047619,1.0056553862993707,0.0,1.0,1.0
worse,4,0.006932409012131715,0.006666666666666667,1.0398613518197573,0.0,1.0,1.0
15 healthy,4,0.006932409012131715,0.006666666666666667,1.0398613518197573,0.0,1.0,1.0
18 healthy,4,0.006932409012131715,0.005714285714285714,1.2131715771230502,0.0,1.0,1.0
20,27,0.04679376083188908,0.047619047619047616,0.9826689774696707,0.0,1.0,1.0
23,11,0.019064124783362217,0.01904761904761905,1.0008665511265162,0.0,1.0,1.0
wm task,4,0.006932409012131715,0.007619047619047619,0.9098786828422877,0.0,1.0,1.0
wiley periodicals,5,0.008665511265164644,0.007619047619047619,1.1373483535528597,0.0,1.0,1.0
wiley,5,0.008665511265164644,0.007619047619047619,1.1373483535528597,0.0,1.0,1.0
35,9,0.01559792027729636,0.01619047619047619,0.9634009583035988,0.0,1.0,1.0
visual stream,5,0.008665511265164644,0.008571428571428572,1.0109763142692085,0.0,1.0,1.0
36,4,0.006932409012131715,0.007619047619047619,0.9098786828422877,0.0,1.0,1.0
40,9,0.01559792027729636,0.014285714285714285,1.0918544194107453,0.0,1.0,1.0
43,4,0.006932409012131715,0.007619047619047619,0.9098786828422877,0.0,1.0,1.0
watching,4,0.006932409012131715,0.005714285714285714,1.2131715771230502,0.0,1.0,1.0
absent,5,0.008665511265164644,0.007619047619047619,1.1373483535528597,0.0,1.0,1.0
abstract,6,0.010398613518197574,0.009523809523809525,1.0918544194107451,0.0,1.0,1.0
volunteers,30,0.05199306759098787,0.05333333333333334,0.9748700173310224,0.0,1.0,1.0
abuse,4,0.006932409012131715,0.007619047619047619,0.9098786828422877,0.0,1.0,1.0
account,15,0.025996533795493933,0.024761904761904763,1.049860018664178,0.0,1.0,1.0
acoustic,6,0.010398613518197574,0.009523809523809525,1.0918544194107451,0.0,1.0,1.0
assumed,6,0.010398613518197574,0.011428571428571429,0.9098786828422878,0.0,1.0,1.0
assumption,4,0.006932409012131715,0.006666666666666667,1.0398613518197573,0.0,1.0,1.0
attempt,4,0.006932409012131715,0.007619047619047619,0.9098786828422877,0.0,1.0,1.0
characterizing,4,0.006932409012131715,0.007619047619047619,0.9098786828422877,0.0,1.0,1.0
caudal,4,0.006932409012131715,0.007619047619047619,0.9098786828422877,0.0,1.0,1.0
causal,7,0.012131715771230503,0.011428571428571429,1.061525129982669,0.0,1.0,1.0
central role,4,0.006932409012131715,0.005714285714285714,1.2131715771230502,0.0,1.0,1.0
tendency,7,0.012131715771230503,0.011428571428571429,1.061525129982669,0.0,1.0,1.0
cerebral,33,0.05719237435008666,0.05714285714285714,1.0008665511265165,0.0,1.0,1.0
temporoparietal,10,0.01733102253032929,0.01619047619047619,1.0704455092262208,0.0,1.0,1.0
temporally,6,0.010398613518197574,0.009523809523809525,1.0918544194107451,0.0,1.0,1.0
challenge,9,0.01559792027729636,0.014285714285714285,1.0918544194107453,0.0,1.0,1.0
challenging,6,0.010398613518197574,0.011428571428571429,0.9098786828422878,0.0,1.0,1.0
characterized,40,0.06932409012131716,0.06952380952380953,0.9971273236627809,0.0,1.0,1.0
childhood,8,0.01386481802426343,0.014285714285714285,0.9705372616984402,0.0,1.0,1.0
carriers,7,0.012131715771230503,0.013333333333333334,0.9098786828422877,0.0,1.0,1.0
choices,6,0.010398613518197574,0.011428571428571429,0.9098786828422878,0.0,1.0,1.0
cingulate cortices,7,0.012131715771230503,0.011428571428571429,1.061525129982669,0.0,1.0,1.0
taste,4,0.006932409012131715,0.006666666666666667,1.0398613518197573,0.0,1.0,1.0
clearly,5,0.008665511265164644,0.008571428571428572,1.0109763142692085,0.0,1.0,1.0
task involving,5,0.008665511265164644,0.007619047619047619,1.1373483535528597,0.0,1.0,1.0
task difficulty,7,0.012131715771230503,0.013333333333333334,0.9098786828422877,0.0,1.0,1.0
clips,4,0.006932409012131715,0.005714285714285714,1.2131715771230502,0.0,1.0,1.0
targets,11,0.019064124783362217,0.01904761904761905,1.0008665511265162,0.0,1.0,1.0
target detection,4,0.006932409012131715,0.007619047619047619,0.9098786828422877,0.0,1.0,1.0
target,32,0.05545927209705372,0.054285714285714284,1.0216181702088845,0.0,1.0,1.0
cases,4,0.006932409012131715,0.005714285714285714,1.2131715771230502,0.0,1.0,1.0
broad,6,0.010398613518197574,0.010476190476190476,0.9925949267370412,0.0,1.0,1.0
attend,4,0.006932409012131715,0.007619047619047619,0.9098786828422877,0.0,1.0,1.0
behavioral level,4,0.006932409012131715,0.005714285714285714,1.2131715771230502,0.0,1.0,1.0
understood,23,0.03986135181975736,0.039047619047619046,1.0208394978230544,0.0,1.0,1.0
attribution,4,0.006932409012131715,0.006666666666666667,1.0398613518197573,0.0,1.0,1.0
auditory cortex,5,0.008665511265164644,0.008571428571428572,1.0109763142692085,0.0,1.0,1.0
autobiographical,13,0.022530329289428077,0.021904761904761906,1.0285585110391078,0.0,1.0,1.0
automated,4,0.006932409012131715,0.007619047619047619,0.9098786828422877,0.0,1.0,1.0
automatically,7,0.012131715771230503,0.013333333333333334,0.9098786828422877,0.0,1.0,1.0
awareness,13,0.022530329289428077,0.021904761904761906,1.0285585110391078,0.0,1.0,1.0
type,23,0.03986135181975736,0.039047619047619046,1.0208394978230544,0.0,1.0,1.0
basal ganglia,20,0.03466204506065858,0.035238095238095235,0.9836526300997706,0.0,1.0,1.0
beginning,4,0.006932409012131715,0.005714285714285714,1.2131715771230502,0.0,1.0,1.0
behavioral performance,5,0.008665511265164644,0.009523809523809525,0.9098786828422876,0.0,1.0,1.0
time,77,0.13344887348353554,0.13333333333333333,1.0008665511265167,0.0,1.0,1.0
transition,4,0.006932409012131715,0.006666666666666667,1.0398613518197573,0.0,1.0,1.0
behaviorally,12,0.02079722703639515,0.02,1.0398613518197575,0.0,1.0,1.0
behaviour,8,0.01386481802426343,0.014285714285714285,0.9705372616984402,0.0,1.0,1.0
tpj,6,0.010398613518197574,0.009523809523809525,1.0918544194107451,0.0,1.0,1.0
tool,9,0.01559792027729636,0.01619047619047619,0.9634009583035988,0.0,1.0,1.0
tone,4,0.006932409012131715,0.007619047619047619,0.9098786828422877,0.0,1.0,1.0
tomography,10,0.01733102253032929,0.017142857142857144,1.0109763142692085,0.0,1.0,1.0
tom,4,0.006932409012131715,0.006666666666666667,1.0398613518197573,0.0,1.0,1.0
brainstem,6,0.010398613518197574,0.010476190476190476,0.9925949267370412,0.0,1.0,1.0
time course,6,0.010398613518197574,0.009523809523809525,1.0918544194107451,0.0,1.0,1.0
connectivity anterior,6,0.010398613518197574,0.009523809523809525,1.0918544194107451,0.0,1.0,1.0
risky,4,0.006932409012131715,0.007619047619047619,0.9098786828422877,0.0,1.0,1.0
connectivity fc,8,0.01386481802426343,0.014285714285714285,0.9705372616984402,0.0,1.0,1.0
positron,9,0.01559792027729636,0.01619047619047619,0.9634009583035988,0.0,1.0,1.0
possible,24,0.0415944540727903,0.04285714285714286,0.9705372616984402,0.0,1.0,1.0
possibly,14,0.024263431542461005,0.024761904761904763,0.9798693507532329,0.0,1.0,1.0
postcentral gyrus,5,0.008665511265164644,0.008571428571428572,1.0109763142692085,0.0,1.0,1.0
posterior anterior,4,0.006932409012131715,0.006666666666666667,1.0398613518197573,0.0,1.0,1.0
posterior superior,10,0.01733102253032929,0.01619047619047619,1.0704455092262208,0.0,1.0,1.0
insights,10,0.01733102253032929,0.017142857142857144,1.0109763142692085,0.0,1.0,1.0
inferior temporal,13,0.022530329289428077,0.022857142857142857,0.9857019064124783,0.0,1.0,1.0
inferior frontal,63,0.10918544194107452,0.11047619047619048,0.9883165003286918,0.0,1.0,1.0
induce,10,0.01733102253032929,0.018095238095238095,0.9577670345708291,0.0,1.0,1.0
individual variability,5,0.008665511265164644,0.007619047619047619,1.1373483535528597,0.0,1.0,1.0
independent component,16,0.02772963604852686,0.02857142857142857,0.9705372616984402,0.0,1.0,1.0
precuneus posterior,5,0.008665511265164644,0.008571428571428572,1.0109763142692085,0.0,1.0,1.0
incorrect,4,0.006932409012131715,0.005714285714285714,1.2131715771230502,0.0,1.0,1.0
predicted,38,0.0658578856152513,0.06476190476190476,1.01692323376491,0.0,1.0,1.0
predicting,8,0.01386481802426343,0.013333333333333334,1.0398613518197573,0.0,1.0,1.0
positron emission,9,0.01559792027729636,0.01619047619047619,0.9634009583035988,0.0,1.0,1.0
integrated,5,0.008665511265164644,0.008571428571428572,1.0109763142692085,0.0,1.0,1.0
incentive,6,0.010398613518197574,0.011428571428571429,0.9098786828422878,0.0,1.0,1.0
intentional,5,0.008665511265164644,0.008571428571428572,1.0109763142692085,0.0,1.0,1.0
item,19,0.03292894280762565,0.03238095238095238,1.01692323376491,0.0,1.0,1.0
issue,13,0.022530329289428077,0.022857142857142857,0.9857019064124783,0.0,1.0,1.0
irrelevant,9,0.01559792027729636,0.01619047619047619,0.9634009583035988,0.0,1.0,1.0
ipsilateral,4,0.006932409012131715,0.006666666666666667,1.0398613518197573,0.0,1.0,1.0
ips,4,0.006932409012131715,0.006666666666666667,1.0398613518197573,0.0,1.0,1.0
pharmacological,5,0.008665511265164644,0.007619047619047619,1.1373483535528597,0.0,1.0,1.0
photographs,5,0.008665511265164644,0.008571428571428572,1.0109763142692085,0.0,1.0,1.0
inversely,6,0.010398613518197574,0.011428571428571429,0.9098786828422878,0.0,1.0,1.0
introduction,7,0.012131715771230503,0.011428571428571429,1.061525129982669,0.0,1.0,1.0
intraparietal sulcus,12,0.02079722703639515,0.02,1.0398613518197575,0.0,1.0,1.0
intraparietal,13,0.022530329289428077,0.023809523809523808,0.9462738301559793,0.0,1.0,1.0
play important,5,0.008665511265164644,0.008571428571428572,1.0109763142692085,0.0,1.0,1.0
interventions,4,0.006932409012131715,0.007619047619047619,0.9098786828422877,0.0,1.0,1.0
plays important,4,0.006932409012131715,0.007619047619047619,0.9098786828422877,0.0,1.0,1.0
intentions,4,0.006932409012131715,0.007619047619047619,0.9098786828422877,0.0,1.0,1.0
inconsistent,9,0.01559792027729636,0.014285714285714285,1.0918544194107453,0.0,1.0,1.0
improved,11,0.019064124783362217,0.02,0.9532062391681109,0.0,1.0,1.0
grey,11,0.019064124783362217,0.01904761904761905,1.0008665511265162,0.0,1.0,1.0
higher,72,0.12478336221837089,0.12571428571428572,0.9925949267370411,0.0,1.0,1.0
process,41,0.07105719237435008,0.07142857142857142,0.9948006932409013,0.0,1.0,1.0
high functioning,5,0.008665511265164644,0.007619047619047619,1.1373483535528597,0.0,1.0,1.0
heterogeneous,4,0.006932409012131715,0.006666666666666667,1.0398613518197573,0.0,1.0,1.0
held,4,0.006932409012131715,0.007619047619047619,0.9098786828422877,0.0,1.0,1.0
production,9,0.01559792027729636,0.015238095238095238,1.0236135181975736,0.0,1.0,1.0
progression,4,0.006932409012131715,0.007619047619047619,0.9098786828422877,0.0,1.0,1.0
progressive,7,0.012131715771230503,0.011428571428571429,1.061525129982669,0.0,1.0,1.0
prolonged,4,0.006932409012131715,0.006666666666666667,1.0398613518197573,0.0,1.0,1.0
promising,4,0.006932409012131715,0.005714285714285714,1.2131715771230502,0.0,1.0,1.0
healthy control,14,0.024263431542461005,0.023809523809523808,1.0190641247833623,0.0,1.0,1.0
protocol,4,0.006932409012131715,0.005714285714285714,1.2131715771230502,0.0,1.0,1.0
gyrus posterior,8,0.01386481802426343,0.014285714285714285,0.9705372616984402,0.0,1.0,1.0
gyrus cerebellum,4,0.006932409012131715,0.005714285714285714,1.2131715771230502,0.0,1.0,1.0
growing,7,0.012131715771230503,0.011428571428571429,1.061525129982669,0.0,1.0,1.0
psychological,13,0.022530329289428077,0.022857142857142857,0.9857019064124783,0.0,1.0,1.0
problem,8,0.01386481802426343,0.014285714285714285,0.9705372616984402,0.0,1.0,1.0
homogeneity,5,0.008665511265164644,0.008571428571428572,1.0109763142692085,0.0,1.0,1.0
implications understanding,5,0.008665511265164644,0.007619047619047619,1.1373483535528597,0.0,1.0,1.0
hum,5,0.008665511265164644,0.007619047619047619,1.1373483535528597,0.0,1.0,1.0
impairments,19,0.03292894280762565,0.03333333333333333,0.9878682842287695,0.0,1.0,1.0
prefrontal cortical,4,0.006932409012131715,0.006666666666666667,1.0398613518197573,0.0,1.0,1.0
prefrontal cortices,9,0.01559792027729636,0.01619047619047619,0.9634009583035988,0.0,1.0,1.0
impaired,28,0.04852686308492201,0.049523809523809526,0.9798693507532329,0.0,1.0,1.0
immediate,5,0.008665511265164644,0.009523809523809525,0.9098786828422876,0.0,1.0,1.0
preparation,6,0.010398613518197574,0.009523809523809525,1.0918544194107451,0.0,1.0,1.0
imagery,8,0.01386481802426343,0.013333333333333334,1.0398613518197573,0.0,1.0,1.0
ii,12,0.02079722703639515,0.02095238095238095,0.9925949267370412,0.0,1.0,1.0
presenting,5,0.008665511265164644,0.009523809523809525,0.9098786828422876,0.0,1.0,1.0
hypotheses,8,0.01386481802426343,0.014285714285714285,0.9705372616984402,0.0,1.0,1.0
presumably,5,0.008665511265164644,0.007619047619047619,1.1373483535528597,0.0,1.0,1.0
hypoactivation,5,0.008665511265164644,0.009523809523809525,0.9098786828422876,0.0,1.0,1.0
previous shown,4,0.006932409012131715,0.006666666666666667,1.0398613518197573,0.0,1.0,1.0
previous work,4,0.006932409012131715,0.007619047619047619,0.9098786828422877,0.0,1.0,1.0
hum mapp,5,0.008665511265164644,0.007619047619047619,1.1373483535528597,0.0,1.0,1.0
periodicals,5,0.008665511265164644,0.007619047619047619,1.1373483535528597,0.0,1.0,1.0
key role,5,0.008665511265164644,0.009523809523809525,0.9098786828422876,0.0,1.0,1.0
lateral medial,5,0.008665511265164644,0.007619047619047619,1.1373483535528597,0.0,1.0,1.0
mnemonic,7,0.012131715771230503,0.011428571428571429,1.061525129982669,0.0,1.0,1.0
mind tom,4,0.006932409012131715,0.006666666666666667,1.0398613518197573,0.0,1.0,1.0
min,7,0.012131715771230503,0.012380952380952381,0.9798693507532329,0.0,1.0,1.0
mild cognitive,10,0.01733102253032929,0.017142857142857144,1.0109763142692085,0.0,1.0,1.0
middle superior,4,0.006932409012131715,0.005714285714285714,1.2131715771230502,0.0,1.0,1.0
middle inferior,4,0.006932409012131715,0.006666666666666667,1.0398613518197573,0.0,1.0,1.0
midbrain,9,0.01559792027729636,0.015238095238095238,1.0236135181975736,0.0,1.0,1.0
methodology principal,4,0.006932409012131715,0.007619047619047619,0.9098786828422877,0.0,1.0,1.0
mental states,7,0.012131715771230503,0.011428571428571429,1.061525129982669,0.0,1.0,1.0
men,15,0.025996533795493933,0.025714285714285714,1.0109763142692085,0.0,1.0,1.0
olfactory,6,0.010398613518197574,0.009523809523809525,1.0918544194107451,0.0,1.0,1.0
online,4,0.006932409012131715,0.006666666666666667,1.0398613518197573,0.0,1.0,1.0
mediating,12,0.02079722703639515,0.021904761904761906,0.949438625574561,0.0,1.0,1.0
mediated,26,0.045060658578856154,0.04476190476190476,1.0066742873999779,0.0,1.0,1.0
optimal,4,0.006932409012131715,0.006666666666666667,1.0398613518197573,0.0,1.0,1.0
medial superior,5,0.008665511265164644,0.007619047619047619,1.1373483535528597,0.0,1.0,1.0
mirror neuron,4,0.006932409012131715,0.005714285714285714,1.2131715771230502,0.0,1.0,1.0
models,33,0.05719237435008666,0.05619047619047619,1.0178303909761184,0.0,1.0,1.0
lateral orbitofrontal,6,0.010398613518197574,0.009523809523809525,1.0918544194107451,0.0,1.0,1.0
modulatory,7,0.012131715771230503,0.011428571428571429,1.061525129982669,0.0,1.0,1.0
nervous,4,0.006932409012131715,0.007619047619047619,0.9098786828422877,0.0,1.0,1.0
negative neutral,5,0.008665511265164644,0.009523809523809525,0.9098786828422876,0.0,1.0,1.0
network involved,4,0.006932409012131715,0.007619047619047619,0.9098786828422877,0.0,1.0,1.0
neurobiological,17,0.029462738301559793,0.02857142857142857,1.031195840554593,0.0,1.0,1.0
necessary,7,0.012131715771230503,0.012380952380952381,0.9798693507532329,0.0,1.0,1.0
navigation,6,0.010398613518197574,0.010476190476190476,0.9925949267370412,0.0,1.0,1.0
neuron,4,0.006932409012131715,0.005714285714285714,1.2131715771230502,0.0,1.0,1.0
neuropsychiatric,5,0.008665511265164644,0.007619047619047619,1.1373483535528597,0.0,1.0,1.0
neuroscience,8,0.01386481802426343,0.014285714285714285,0.9705372616984402,0.0,1.0,1.0
native,4,0.006932409012131715,0.005714285714285714,1.2131715771230502,0.0,1.0,1.0
new,49,0.08492201039861352,0.08476190476190476,1.0018888867252158,0.0,1.0,1.0
nineteen,5,0.008665511265164644,0.009523809523809525,0.9098786828422876,0.0,1.0,1.0
multiple,42,0.07279029462738301,0.07333333333333333,0.9925949267370411,0.0,1.0,1.0
monitor,4,0.006932409012131715,0.006666666666666667,1.0398613518197573,0.0,1.0,1.0
monetary,10,0.01733102253032929,0.017142857142857144,1.0109763142692085,0.0,1.0,1.0
oral,4,0.006932409012131715,0.006666666666666667,1.0398613518197573,0.0,1.0,1.0
measurement,5,0.008665511265164644,0.008571428571428572,1.0109763142692085,0.0,1.0,1.0
meaningful,4,0.006932409012131715,0.005714285714285714,1.2131715771230502,0.0,1.0,1.0
meaning,8,0.01386481802426343,0.014285714285714285,0.9705372616984402,0.0,1.0,1.0
links,6,0.010398613518197574,0.009523809523809525,1.0918544194107451,0.0,1.0,1.0
linking,7,0.012131715771230503,0.011428571428571429,1.061525129982669,0.0,1.0,1.0
lingual gyrus,7,0.012131715771230503,0.012380952380952381,0.9798693507532329,0.0,1.0,1.0
partly,5,0.008665511265164644,0.008571428571428572,1.0109763142692085,0.0,1.0,1.0
lingual,10,0.01733102253032929,0.01619047619047619,1.0704455092262208,0.0,1.0,1.0
parts,11,0.019064124783362217,0.01904761904761905,1.0008665511265162,0.0,1.0,1.0
passively,4,0.006932409012131715,0.006666666666666667,1.0398613518197573,0.0,1.0,1.0
pathology,6,0.010398613518197574,0.009523809523809525,1.0918544194107451,0.0,1.0,1.0
pathophysiological,5,0.008665511265164644,0.007619047619047619,1.1373483535528597,0.0,1.0,1.0
lexical,10,0.01733102253032929,0.018095238095238095,0.9577670345708291,0.0,1.0,1.0
patterns,76,0.1317157712305026,0.13047619047619047,1.0095004364381586,0.0,1.0,1.0
pcc,11,0.019064124783362217,0.018095238095238095,1.053543738027912,0.0,1.0,1.0
lesions,10,0.01733102253032929,0.018095238095238095,0.9577670345708291,0.0,1.0,1.0
lateralized,10,0.01733102253032929,0.017142857142857144,1.0109763142692085,0.0,1.0,1.0
lateral parietal,7,0.012131715771230503,0.011428571428571429,1.061525129982669,0.0,1.0,1.0
little,41,0.07105719237435008,0.07047619047619047,1.0082439458522647,0.0,1.0,1.0
parietal lobules,4,0.006932409012131715,0.005714285714285714,1.2131715771230502,0.0,1.0,1.0
lobe mtl,14,0.024263431542461005,0.024761904761904763,0.9798693507532329,0.0,1.0,1.0
marker,6,0.010398613518197574,0.010476190476190476,0.9925949267370412,0.0,1.0,1.0
orienting,4,0.006932409012131715,0.006666666666666667,1.0398613518197573,0.0,1.0,1.0
original,4,0.006932409012131715,0.007619047619047619,0.9098786828422877,0.0,1.0,1.0
mci,6,0.010398613518197574,0.011428571428571429,0.9098786828422878,0.0,1.0,1.0
maturation,4,0.006932409012131715,0.006666666666666667,1.0398613518197573,0.0,1.0,1.0
overlap,15,0.025996533795493933,0.02666666666666667,0.9748700173310224,0.0,1.0,1.0
materials,5,0.008665511265164644,0.007619047619047619,1.1373483535528597,0.0,1.0,1.0
mapp,5,0.008665511265164644,0.007619047619047619,1.1373483535528597,0.0,1.0,1.0
parietal junction,7,0.012131715771230503,0.011428571428571429,1.061525129982669,0.0,1.0,1.0
making,25,0.043327556325823226,0.04380952380952381,0.9889985683068344,0.0,1.0,1.0
major,28,0.04852686308492201,0.047619047619047616,1.0190641247833623,0.0,1.0,1.0
parahippocampal gyrus,34,0.058925476603119586,0.05904761904761905,0.9979314586012188,0.0,1.0,1.0
maintaining,4,0.006932409012131715,0.006666666666666667,1.0398613518197573,0.0,1.0,1.0
mainly,22,0.038128249566724434,0.039047619047619046,0.9764551718307477,0.0,1.0,1.0
long,33,0.05719237435008666,0.05714285714285714,1.0008665511265165,0.0,1.0,1.0
grey matter,10,0.01733102253032929,0.017142857142857144,1.0109763142692085,0.0,1.0,1.0
psychosis,5,0.008665511265164644,0.007619047619047619,1.1373483535528597,0.0,1.0,1.0
subserve,5,0.008665511265164644,0.008571428571428572,1.0109763142692085,0.0,1.0,1.0
shape,9,0.01559792027729636,0.014285714285714285,1.0918544194107453,0.0,1.0,1.0
details,10,0.01733102253032929,0.018095238095238095,0.9577670345708291,0.0,1.0,1.0
shifts,6,0.010398613518197574,0.009523809523809525,1.0918544194107451,0.0,1.0,1.0
detailed,7,0.012131715771230503,0.012380952380952381,0.9798693507532329,0.0,1.0,1.0
showing,33,0.05719237435008666,0.058095238095238096,0.9844589027473933,0.0,1.0,1.0
derived,11,0.019064124783362217,0.01904761904761905,1.0008665511265162,0.0,1.0,1.0
signaling,5,0.008665511265164644,0.008571428571428572,1.0109763142692085,0.0,1.0,1.0
signals,29,0.05025996533795494,0.049523809523809526,1.0148646847087055,0.0,1.0,1.0
significance statement,4,0.006932409012131715,0.007619047619047619,0.9098786828422877,0.0,1.0,1.0
depend,10,0.01733102253032929,0.017142857142857144,1.0109763142692085,0.0,1.0,1.0
similarity,8,0.01386481802426343,0.014285714285714285,0.9705372616984402,0.0,1.0,1.0
demonstrates,9,0.01559792027729636,0.014285714285714285,1.0918544194107453,0.0,1.0,1.0
skills,10,0.01733102253032929,0.017142857142857144,1.0109763142692085,0.0,1.0,1.0
deep,4,0.006932409012131715,0.005714285714285714,1.2131715771230502,0.0,1.0,1.0
sleep,10,0.01733102253032929,0.018095238095238095,0.9577670345708291,0.0,1.0,1.0
slow,5,0.008665511265164644,0.009523809523809525,0.9098786828422876,0.0,1.0,1.0
determined,12,0.02079722703639515,0.021904761904761906,0.949438625574561,0.0,1.0,1.0
severity,17,0.029462738301559793,0.030476190476190476,0.9667461005199307,0.0,1.0,1.0
debate,5,0.008665511265164644,0.008571428571428572,1.0109763142692085,0.0,1.0,1.0
sets,9,0.01559792027729636,0.01619047619047619,0.9634009583035988,0.0,1.0,1.0
second,36,0.06239168110918544,0.06190476190476191,1.0078656179176109,0.0,1.0,1.0
seeking,5,0.008665511265164644,0.009523809523809525,0.9098786828422876,0.0,1.0,1.0
segregation,6,0.010398613518197574,0.010476190476190476,0.9925949267370412,0.0,1.0,1.0
dorsal medial,4,0.006932409012131715,0.007619047619047619,0.9098786828422877,0.0,1.0,1.0
dopamine,11,0.019064124783362217,0.018095238095238095,1.053543738027912,0.0,1.0,1.0
dominant,6,0.010398613518197574,0.010476190476190476,0.9925949267370412,0.0,1.0,1.0
dominance,4,0.006932409012131715,0.007619047619047619,0.9098786828422877,0.0,1.0,1.0
divided,8,0.01386481802426343,0.013333333333333334,1.0398613518197573,0.0,1.0,1.0
diverse,4,0.006932409012131715,0.005714285714285714,1.2131715771230502,0.0,1.0,1.0
sense,5,0.008665511265164644,0.009523809523809525,0.9098786828422876,0.0,1.0,1.0
disruption,4,0.006932409012131715,0.007619047619047619,0.9098786828422877,0.0,1.0,1.0
disorder,57,0.09878682842287695,0.0980952380952381,1.007050192660396,0.0,1.0,1.0
discussion,4,0.006932409012131715,0.005714285714285714,1.2131715771230502,0.0,1.0,1.0
discrimination task,5,0.008665511265164644,0.007619047619047619,1.1373483535528597,0.0,1.0,1.0
discriminate,4,0.006932409012131715,0.006666666666666667,1.0398613518197573,0.0,1.0,1.0
decisions,14,0.024263431542461005,0.024761904761904763,0.9798693507532329,0.0,1.0,1.0
dacc,7,0.012131715771230503,0.011428571428571429,1.061525129982669,0.0,1.0,1.0
psychotic,4,0.006932409012131715,0.007619047619047619,0.9098786828422877,0.0,1.0,1.0
correlation,38,0.0658578856152513,0.06666666666666667,0.9878682842287695,0.0,1.0,1.0
state networks,7,0.012131715771230503,0.011428571428571429,1.061525129982669,0.0,1.0,1.0
stimuli presented,7,0.012131715771230503,0.012380952380952381,0.9798693507532329,0.0,1.0,1.0
controlling,11,0.019064124783362217,0.018095238095238095,1.053543738027912,0.0,1.0,1.0
control network,6,0.010398613518197574,0.011428571428571429,0.9098786828422878,0.0,1.0,1.0
contrasted,10,0.01733102253032929,0.017142857142857144,1.0109763142692085,0.0,1.0,1.0
stroop task,4,0.006932409012131715,0.005714285714285714,1.2131715771230502,0.0,1.0,1.0
construct,4,0.006932409012131715,0.005714285714285714,1.2131715771230502,0.0,1.0,1.0
structure function,4,0.006932409012131715,0.007619047619047619,0.9098786828422877,0.0,1.0,1.0
constitute,4,0.006932409012131715,0.005714285714285714,1.2131715771230502,0.0,1.0,1.0
consolidation,7,0.012131715771230503,0.013333333333333334,0.9098786828422877,0.0,1.0,1.0
consistency,4,0.006932409012131715,0.005714285714285714,1.2131715771230502,0.0,1.0,1.0
considerable,5,0.008665511265164644,0.009523809523809525,0.9098786828422876,0.0,1.0,1.0
subcortical structures,5,0.008665511265164644,0.007619047619047619,1.1373483535528597,0.0,1.0,1.0
consequence,5,0.008665511265164644,0.007619047619047619,1.1373483535528597,0.0,1.0,1.0
subregions,7,0.012131715771230503,0.012380952380952381,0.9798693507532329,0.0,1.0,1.0
correlating,4,0.006932409012131715,0.005714285714285714,1.2131715771230502,0.0,1.0,1.0
standard,12,0.02079722703639515,0.02095238095238095,0.9925949267370412,0.0,1.0,1.0
current functional,4,0.006932409012131715,0.007619047619047619,0.9098786828422877,0.0,1.0,1.0
cortex dacc,6,0.010398613518197574,0.009523809523809525,1.0918544194107451,0.0,1.0,1.0
socially,5,0.008665511265164644,0.009523809523809525,0.9098786828422876,0.0,1.0,1.0
solving,4,0.006932409012131715,0.006666666666666667,1.0398613518197573,0.0,1.0,1.0
somatosensory,14,0.024263431542461005,0.023809523809523808,1.0190641247833623,0.0,1.0,1.0
cross,16,0.02772963604852686,0.02666666666666667,1.0398613518197573,0.0,1.0,1.0
spatial attention,4,0.006932409012131715,0.005714285714285714,1.2131715771230502,0.0,1.0,1.0
spatial temporal,4,0.006932409012131715,0.006666666666666667,1.0398613518197573,0.0,1.0,1.0
covert,4,0.006932409012131715,0.006666666666666667,1.0398613518197573,0.0,1.0,1.0
speaking,4,0.006932409012131715,0.005714285714285714,1.2131715771230502,0.0,1.0,1.0
coupled,8,0.01386481802426343,0.014285714285714285,0.9705372616984402,0.0,1.0,1.0
species,5,0.008665511265164644,0.009523809523809525,0.9098786828422876,0.0,1.0,1.0
cortico,9,0.01559792027729636,0.015238095238095238,1.0236135181975736,0.0,1.0,1.0
cortex vlpfc,4,0.006932409012131715,0.007619047619047619,0.9098786828422877,0.0,1.0,1.0
cortex ventral,6,0.010398613518197574,0.010476190476190476,0.9925949267370412,0.0,1.0,1.0
cortex thalamus,4,0.006932409012131715,0.007619047619047619,0.9098786828422877,0.0,1.0,1.0
cortex lateral,4,0.006932409012131715,0.005714285714285714,1.2131715771230502,0.0,1.0,1.0
se,4,0.006932409012131715,0.006666666666666667,1.0398613518197573,0.0,1.0,1.0
sd,7,0.012131715771230503,0.013333333333333334,0.9098786828422877,0.0,1.0,1.0
score,7,0.012131715771230503,0.011428571428571429,1.061525129982669,0.0,1.0,1.0
recruits,6,0.010398613518197574,0.010476190476190476,0.9925949267370412,0.0,1.0,1.0
fixation,4,0.006932409012131715,0.007619047619047619,0.9098786828422877,0.0,1.0,1.0
reference,7,0.012131715771230503,0.012380952380952381,0.9798693507532329,0.0,1.0,1.0
fields,5,0.008665511265164644,0.008571428571428572,1.0109763142692085,0.0,1.0,1.0
females,12,0.02079722703639515,0.021904761904761906,0.949438625574561,0.0,1.0,1.0
feelings,8,0.01386481802426343,0.013333333333333334,1.0398613518197573,0.0,1.0,1.0
faster,15,0.025996533795493933,0.02666666666666667,0.9748700173310224,0.0,1.0,1.0
regional cerebral,4,0.006932409012131715,0.007619047619047619,0.9098786828422877,0.0,1.0,1.0
regional homogeneity,5,0.008665511265164644,0.007619047619047619,1.1373483535528597,0.0,1.0,1.0
false,10,0.01733102253032929,0.017142857142857144,1.0109763142692085,0.0,1.0,1.0
reho,5,0.008665511265164644,0.007619047619047619,1.1373483535528597,0.0,1.0,1.0
fact,5,0.008665511265164644,0.009523809523809525,0.9098786828422876,0.0,1.0,1.0
reinforcement learning,4,0.006932409012131715,0.006666666666666667,1.0398613518197573,0.0,1.0,1.0
eye,11,0.019064124783362217,0.01904761904761905,1.0008665511265162,0.0,1.0,1.0
extrastriate,11,0.019064124783362217,0.01904761904761905,1.0008665511265162,0.0,1.0,1.0
extensively,6,0.010398613518197574,0.010476190476190476,0.9925949267370412,0.0,1.0,1.0
fluctuations,12,0.02079722703639515,0.021904761904761906,0.949438625574561,0.0,1.0,1.0
follow,8,0.01386481802426343,0.013333333333333334,1.0398613518197573,0.0,1.0,1.0
schizophrenic,4,0.006932409012131715,0.006666666666666667,1.0398613518197573,0.0,1.0,1.0
formed,5,0.008665511265164644,0.007619047619047619,1.1373483535528597,0.0,1.0,1.0
putative,6,0.010398613518197574,0.010476190476190476,0.9925949267370412,0.0,1.0,1.0
quantify,4,0.006932409012131715,0.007619047619047619,0.9098786828422877,0.0,1.0,1.0
questionnaire,5,0.008665511265164644,0.008571428571428572,1.0109763142692085,0.0,1.0,1.0
generated,13,0.022530329289428077,0.022857142857142857,0.9857019064124783,0.0,1.0,1.0
random,7,0.012131715771230503,0.011428571428571429,1.061525129982669,0.0,1.0,1.0
randomized,7,0.012131715771230503,0.012380952380952381,0.9798693507532329,0.0,1.0,1.0
ganglia,20,0.03466204506065858,0.035238095238095235,0.9836526300997706,0.0,1.0,1.0
rapid,9,0.01559792027729636,0.015238095238095238,1.0236135181975736,0.0,1.0,1.0
rapidly,5,0.008665511265164644,0.009523809523809525,0.9098786828422876,0.0,1.0,1.0
fusiform gyrus,28,0.04852686308492201,0.047619047619047616,1.0190641247833623,0.0,1.0,1.0
rationale,5,0.008665511265164644,0.007619047619047619,1.1373483535528597,0.0,1.0,1.0
functional network,5,0.008665511265164644,0.009523809523809525,0.9098786828422876,0.0,1.0,1.0
frontoparietal network,4,0.006932409012131715,0.006666666666666667,1.0398613518197573,0.0,1.0,1.0
frontoparietal,11,0.019064124783362217,0.02,0.9532062391681109,0.0,1.0,1.0
recognized,9,0.01559792027729636,0.01619047619047619,0.9634009583035988,0.0,1.0,1.0
extending,7,0.012131715771230503,0.013333333333333334,0.9098786828422877,0.0,1.0,1.0
expertise,5,0.008665511265164644,0.009523809523809525,0.9098786828422876,0.0,1.0,1.0
repeated,18,0.03119584055459272,0.03238095238095238,0.9634009583035988,0.0,1.0,1.0
executive function,7,0.012131715771230503,0.012380952380952381,0.9798693507532329,0.0,1.0,1.0
retention,5,0.008665511265164644,0.009523809523809525,0.9098786828422876,0.0,1.0,1.0
emission tomography,9,0.01559792027729636,0.015238095238095238,1.0236135181975736,0.0,1.0,1.0
emission,10,0.01733102253032929,0.018095238095238095,0.9577670345708291,0.0,1.0,1.0
eighteen,6,0.010398613518197574,0.009523809523809525,1.0918544194107451,0.0,1.0,1.0
rise,4,0.006932409012131715,0.006666666666666667,1.0398613518197573,0.0,1.0,1.0
risk,30,0.05199306759098787,0.05238095238095238,0.9925949267370411,0.0,1.0,1.0
negatively correlated,15,0.025996533795493933,0.025714285714285714,1.0109763142692085,0.0,1.0,1.0
efficiency,7,0.012131715771230503,0.012380952380952381,0.9798693507532329,0.0,1.0,1.0
early stages,5,0.008665511265164644,0.007619047619047619,1.1373483535528597,0.0,1.0,1.0
rules,4,0.006932409012131715,0.005714285714285714,1.2131715771230502,0.0,1.0,1.0
early stage,4,0.006932409012131715,0.007619047619047619,0.9098786828422877,0.0,1.0,1.0
dysfunctions,5,0.008665511265164644,0.008571428571428572,1.0109763142692085,0.0,1.0,1.0
scales,4,0.006932409012131715,0.006666666666666667,1.0398613518197573,0.0,1.0,1.0
dot,4,0.006932409012131715,0.006666666666666667,1.0398613518197573,0.0,1.0,1.0
schizophrenia,27,0.04679376083188908,0.047619047619047616,0.9826689774696707,0.0,1.0,1.0
resulted,12,0.02079722703639515,0.021904761904761906,0.949438625574561,0.0,1.0,1.0
result,21,0.036395147313691506,0.035238095238095235,1.0328352616047591,0.0,1.0,1.0
enhance,11,0.019064124783362217,0.01904761904761905,1.0008665511265162,0.0,1.0,1.0
et,10,0.01733102253032929,0.017142857142857144,1.0109763142692085,0.0,1.0,1.0
repetitive,4,0.006932409012131715,0.006666666666666667,1.0398613518197573,0.0,1.0,1.0
evoke,4,0.006932409012131715,0.006666666666666667,1.0398613518197573,0.0,1.0,1.0
evidence suggests,12,0.02079722703639515,0.02095238095238095,0.9925949267370412,0.0,1.0,1.0
everyday,9,0.01559792027729636,0.01619047619047619,0.9634009583035988,0.0,1.0,1.0
evaluations,4,0.006932409012131715,0.005714285714285714,1.2131715771230502,0.0,1.0,1.0
et al,10,0.01733102253032929,0.017142857142857144,1.0109763142692085,0.0,1.0,1.0
estimate,5,0.008665511265164644,0.009523809523809525,0.9098786828422876,0.0,1.0,1.0
rest,21,0.036395147313691506,0.037142857142857144,0.9798693507532328,0.0,1.0,1.0
resolution,17,0.029462738301559793,0.029523809523809525,0.9979314586012188,0.0,1.0,1.0
resonance experiment,5,0.008665511265164644,0.009523809523809525,0.9098786828422876,0.0,1.0,1.0
equivalent,8,0.01386481802426343,0.013333333333333334,1.0398613518197573,0.0,1.0,1.0
respond,9,0.01559792027729636,0.014285714285714285,1.0918544194107453,0.0,1.0,1.0
enhances,8,0.01386481802426343,0.014285714285714285,0.9705372616984402,0.0,1.0,1.0
enhancement,7,0.012131715771230503,0.012380952380952381,0.9798693507532329,0.0,1.0,1.0
001,6,0.010398613518197574,0.011428571428571429,0.9098786828422878,0.0,1.0,1.0
