term,n_seed,p_term_seed,p_term_ref,ratio,chi2,p,q_fdr
retrieval,65,0.09878419452887538,0.1651006711409396,0.5983270319025379,12.676531769328719,0.0003702737496133494,0.6026376652523145
affects,20,0.030395136778115502,0.005369127516778523,5.661094224924013,11.569215776493666,0.00067052692020372,0.6026376652523145
item,11,0.016717325227963525,0.05100671140939597,0.32774756039033753,11.192240669503896,0.0008214009522797361,0.6026376652523145
picture,7,0.010638297872340425,0.038926174496644296,0.27329420396184884,10.08043338858313,0.001498520835338048,0.6026376652523145
local,29,0.044072948328267476,0.01476510067114094,2.98494059132357,9.803264276258783,0.0017420237721953859,0.6026376652523145
modulation,57,0.08662613981762918,0.04429530201342282,1.955650732246477,9.735883359671403,0.00180705149720206,0.6026376652523145
disease,27,0.041033434650455926,0.08187919463087248,0.5011460461408141,9.233125916131776,0.002376755394996341,0.6026376652523145
suppressed,12,0.0182370820668693,0.0013422818791946308,13.586626139817628,9.101501736118268,0.002553997157555868,0.6026376652523145
mg,12,0.0182370820668693,0.0013422818791946308,13.586626139817628,9.101501736118268,0.002553997157555868,0.6026376652523145
loss,9,0.013677811550151976,0.04161073825503356,0.3287086969310717,8.860092435520286,0.00291472813324634,0.6026376652523145
autobiographical memory,2,0.00303951367781155,0.022818791946308724,0.13320221705703558,8.80521299474111,0.0030037107620650406,0.6026376652523145
risk,23,0.034954407294832825,0.07248322147651007,0.4822413599009343,8.77742106111699,0.003049820860219457,0.6026376652523145
discussed,29,0.044072948328267476,0.016107382550335572,2.7361955420466053,8.671659358523623,0.003231967676683205,0.6026376652523145
autobiographical,5,0.007598784194528876,0.03087248322147651,0.2461345315184353,8.52296963738308,0.0035069177379268247,0.607197756909616
induced,57,0.08662613981762918,0.04697986577181208,1.8438992618323924,8.327657111774867,0.003904598324312933,0.63098308920897
targets,21,0.031914893617021274,0.009395973154362415,3.396656534954407,7.944120448180568,0.0048243860215813755,0.7308944822695784
awareness,25,0.037993920972644375,0.013422818791946308,2.830547112462006,7.691579153524844,0.0055479063478207895,0.7735767550271904
asd,16,0.0243161094224924,0.005369127516778523,4.52887537993921,7.6287903039377944,0.005744381844261314,0.7735767550271904
placebo,30,0.04559270516717325,0.01879194630872483,2.4261832392531484,7.402863129537511,0.006512014982878125,0.7946518735005319
combining,14,0.02127659574468085,0.004026845637583893,5.283687943262411,7.304171363329819,0.0068794714868591345,0.7946518735005319
success,7,0.010638297872340425,0.03355704697986577,0.3170212765957447,7.238248195471025,0.00713665779161971,0.7946518735005319
elicited,21,0.031914893617021274,0.06442953020134229,0.49534574468085096,7.219348742047451,0.007212186970714399,0.7946518735005319
cuneus,3,0.004559270516717325,0.022818791946308724,0.19980332558555336,7.041717250426404,0.007963264301772988,0.803458613721285
heart rate,10,0.015197568389057751,0.0013422818791946308,11.322188449848026,6.9334514571631765,0.008459827573233733,0.803458613721285
spectrum,24,0.0364741641337386,0.013422818791946308,2.7173252279635256,6.906880590686917,0.008586466401613861,0.803458613721285
use,35,0.05319148936170213,0.0912751677852349,0.5827596996245307,6.900335940199778,0.008617955427703551,0.803458613721285
higher order,15,0.022796352583586626,0.005369127516778523,4.24582066869301,6.692434158104241,0.009682291505993803,0.8692546152047771
dimensions,6,0.00911854103343465,0.02953020134228188,0.3087869577231279,6.435775047415408,0.011184434592244191,0.9682524804142829
separately,2,0.00303951367781155,0.01879194630872483,0.1617455492835432,6.356457510399511,0.011695482429804352,0.977581014132612
attentional,37,0.05623100303951368,0.028187919463087248,1.994861774497033,6.243766956776537,0.012463111607031395,1.0
new,42,0.06382978723404255,0.10201342281879194,0.6256998880179171,6.126764986171105,0.013315028874560235,1.0
shed,11,0.016717325227963525,0.0026845637583892616,6.227203647416413,6.044256138822947,0.013951609857402701,1.0
semantic,40,0.060790273556231005,0.09798657718120805,0.6203938876629055,6.0352469608869095,0.014022988917881707,1.0
dual,5,0.007598784194528876,0.025503355704697986,0.2979523276275796,5.6394771291423185,0.017560443367522303,1.0
factors,18,0.02735562310030395,0.053691275167785234,0.5094984802431611,5.468268637540005,0.019364800382782817,1.0
autism,22,0.03343465045592705,0.013422818791946308,2.490881458966565,5.412299198073534,0.019995363283787593,1.0
ffa,12,0.0182370820668693,0.004026845637583893,4.528875379939209,5.394703827430032,0.02019795303198798,1.0
brainstem,12,0.0182370820668693,0.004026845637583893,4.528875379939209,5.394703827430032,0.02019795303198798,1.0
heart,12,0.0182370820668693,0.004026845637583893,4.528875379939209,5.394703827430032,0.02019795303198798,1.0
order,58,0.08814589665653495,0.05503355704697987,1.6016754392467936,5.347288235445746,0.020754525697737905,1.0
environment,33,0.05015197568389058,0.025503355704697986,1.9664853623420253,5.277349020750805,0.021604618302660458,1.0
encoding,71,0.10790273556231003,0.15033557046979865,0.7177458749457231,5.178870985564008,0.022863175303892636,1.0
motor,56,0.0851063829787234,0.12348993288590604,0.6891766882516188,5.056182784018766,0.024538227954970473,1.0
suggests,50,0.07598784194528875,0.11275167785234899,0.67393978868143,5.049285574343356,0.024636094286324663,1.0
alzheimer,14,0.02127659574468085,0.04429530201342282,0.4803352675693101,5.029149100933652,0.024924140765817403,1.0
bias,16,0.0243161094224924,0.008053691275167786,3.0192502532928063,4.979522542982003,0.025649060978391834,1.0
thirty,16,0.0243161094224924,0.008053691275167786,3.0192502532928063,4.979522542982003,0.025649060978391834,1.0
memory,187,0.28419452887537994,0.3409395973154362,0.8335626929612523,4.960175893221317,0.025937568914304623,1.0
avoidance,1,0.001519756838905775,0.013422818791946308,0.11322188449848025,4.925731296415744,0.026459601204914154,1.0
types,27,0.041033434650455926,0.0697986577181208,0.587882861819032,4.912896493353433,0.02665690375952716,1.0
similarly,4,0.0060790273556231,0.021476510067114093,0.28305471124620063,4.850210124855667,0.027642764618855075,1.0
technique,4,0.0060790273556231,0.021476510067114093,0.28305471124620063,4.850210124855667,0.027642764618855075,1.0
extending,4,0.0060790273556231,0.021476510067114093,0.28305471124620063,4.850210124855667,0.027642764618855075,1.0
proposed,13,0.019756838905775075,0.04161073825503356,0.47480145112265904,4.797352987153391,0.028503497798328552,1.0
hemispheres,2,0.00303951367781155,0.016107382550335572,0.1887031408308004,4.789392085447126,0.02863553142682071,1.0
intervention,2,0.00303951367781155,0.016107382550335572,0.1887031408308004,4.789392085447126,0.02863553142682071,1.0
parietal lobe,21,0.031914893617021274,0.013422818791946308,2.377659574468085,4.706909215609604,0.030041616532427064,1.0
autism spectrum,17,0.025835866261398176,0.009395973154362415,2.7496743378202346,4.681236022689378,0.030493800112751747,1.0
alzheimer disease,14,0.02127659574468085,0.042953020134228186,0.4953457446808511,4.516012106018905,0.033579013586047625,1.0
administration,14,0.02127659574468085,0.006711409395973154,3.1702127659574466,4.511855827143383,0.033660699836672026,1.0
transient,14,0.02127659574468085,0.006711409395973154,3.1702127659574466,4.511855827143383,0.033660699836672026,1.0
putative,11,0.016717325227963525,0.004026845637583893,4.151469098277608,4.483784162182061,0.034217877475939795,1.0
visuo,11,0.016717325227963525,0.004026845637583893,4.151469098277608,4.483784162182061,0.034217877475939795,1.0
difficult,6,0.00911854103343465,0.025503355704697986,0.3575427931530955,4.4643010606751306,0.034610246608403866,1.0
multivariate,18,0.02735562310030395,0.010738255033557046,2.5474924012158056,4.430362729877961,0.0353050041460867,1.0
time,98,0.14893617021276595,0.11006711409395974,1.3531395952257395,4.378919969999502,0.03638604620977049,1.0
visual,143,0.21732522796352582,0.17181208053691274,1.264900740881459,4.356615412442558,0.03686548022641715,1.0
motor cortex,5,0.007598784194528876,0.022818791946308724,0.33300554264258897,4.304158839379911,0.0380192925998372,1.0
given,37,0.05623100303951368,0.032214765100671144,1.7455040526849035,4.285545225515596,0.03843775259547814,1.0
lateral,64,0.0972644376899696,0.1342281879194631,0.7246200607902735,4.273481773024774,0.03871153214751736,1.0
day,8,0.0121580547112462,0.02953020134228188,0.41171594363083724,4.243127713301856,0.0394095012058098,1.0
nucleus accumbens,15,0.022796352583586626,0.008053691275167786,2.8305471124620056,4.199288908947314,0.040440933947339705,1.0
behavioral,120,0.182370820668693,0.14093959731543623,1.2939643942683456,4.151800158568653,0.04159028610868122,1.0
pathophysiological,1,0.001519756838905775,0.012080536912751677,0.12580209388720026,4.115356959291647,0.042495556371666195,1.0
sulcus ips,1,0.001519756838905775,0.012080536912751677,0.12580209388720026,4.115356959291647,0.042495556371666195,1.0
ips,1,0.001519756838905775,0.012080536912751677,0.12580209388720026,4.115356959291647,0.042495556371666195,1.0
mapp,9,0.013677811550151976,0.0026845637583892616,5.094984802431611,4.107013644658493,0.042705708184126064,1.0
behavioral level,9,0.013677811550151976,0.0026845637583892616,5.094984802431611,4.107013644658493,0.042705708184126064,1.0
hum,9,0.013677811550151976,0.0026845637583892616,5.094984802431611,4.107013644658493,0.042705708184126064,1.0
wiley periodicals,9,0.013677811550151976,0.0026845637583892616,5.094984802431611,4.107013644658493,0.042705708184126064,1.0
hum mapp,9,0.013677811550151976,0.0026845637583892616,5.094984802431611,4.107013644658493,0.042705708184126064,1.0
contingent,9,0.013677811550151976,0.0026845637583892616,5.094984802431611,4.107013644658493,0.042705708184126064,1.0
face ffa,9,0.013677811550151976,0.0026845637583892616,5.094984802431611,4.107013644658493,0.042705708184126064,1.0
periodicals,9,0.013677811550151976,0.0026845637583892616,5.094984802431611,4.107013644658493,0.042705708184126064,1.0
wiley,9,0.013677811550151976,0.0026845637583892616,5.094984802431611,4.107013644658493,0.042705708184126064,1.0
involving,27,0.041033434650455926,0.06711409395973154,0.6113981762917933,4.092858669242363,0.043064747761493376,1.0
healthy volunteers,25,0.037993920972644375,0.01879194630872483,2.0218193660442902,4.083028480057374,0.04331595639242232,1.0
15,32,0.0486322188449848,0.026845637583892617,1.811550151975684,4.056461284214757,0.0440026194107729,1.0
patient group,12,0.0182370820668693,0.005369127516778523,3.396656534954407,4.053803692296428,0.044071935660597465,1.0
existing,7,0.010638297872340425,0.026845637583892617,0.3962765957446808,4.041943472548112,0.044382681854762525,1.0
recovery,2,0.00303951367781155,0.01476510067114094,0.20585797181541862,4.033647172088823,0.044601421144079195,1.0
items,30,0.04559270516717325,0.07248322147651007,0.6290104694360014,4.0236054922410265,0.044867698120766505,1.0
verbal,25,0.037993920972644375,0.06308724832214765,0.6022440664812778,4.018310491004781,0.04500878013234541,1.0
space,16,0.0243161094224924,0.009395973154362415,2.5879287885366913,3.9427564632164422,0.047073584327419954,1.0
anterior hippocampus,21,0.031914893617021274,0.01476510067114094,2.1615087040618954,3.873376569389756,0.04905773230834116,1.0
details,6,0.00911854103343465,0.024161073825503355,0.3774062816616008,3.8501456733347785,0.04974167033141062,1.0
behaviors,11,0.016717325227963525,0.0348993288590604,0.47901566518587796,3.818282664159027,0.05069617392656256,1.0
spatial,70,0.10638297872340426,0.07516778523489932,1.4152735562310033,3.791835773521001,0.05150313269875608,1.0
group,140,0.2127659574468085,0.1704697986577181,1.2481152621879712,3.7866591516395323,0.05166266756189797,1.0
faces,73,0.11094224924012158,0.07919463087248323,1.4008809437947556,3.7677433722020646,0.05225008012110364,1.0
recognition,60,0.0911854103343465,0.12483221476510067,0.730463770957937,3.732293873987313,0.05337005215428357,1.0
depressed,17,0.025835866261398176,0.010738255033557046,2.4059650455927053,3.7288169263171453,0.05348126162063021,1.0
60,13,0.019756838905775075,0.006711409395973154,2.943768996960486,3.721447324637257,0.05371778904792528,1.0
assessing,13,0.019756838905775075,0.006711409395973154,2.943768996960486,3.721447324637257,0.05371778904792528,1.0
similarities,10,0.015197568389057751,0.004026845637583893,3.774062816616008,3.610548202961751,0.05741419095338448,1.0
resulted,10,0.015197568389057751,0.032214765100671144,0.471757852077001,3.5895226625563827,0.05814494235579626,1.0
unknown,41,0.06231003039513678,0.038926174496644296,1.6007231946336862,3.55216340090182,0.05946786848506607,1.0
recollection,12,0.0182370820668693,0.036241610738255034,0.503208375548801,3.5513200503895446,0.05949809907203549,1.0
males,18,0.02735562310030395,0.012080536912751677,2.264437689969605,3.548011456257426,0.059616856229879195,1.0
animal,18,0.02735562310030395,0.012080536912751677,2.264437689969605,3.548011456257426,0.059616856229879195,1.0
acute,18,0.02735562310030395,0.012080536912751677,2.264437689969605,3.548011456257426,0.059616856229879195,1.0
sd,4,0.0060790273556231,0.01879194630872483,0.3234910985670864,3.511413863777676,0.06094742244665309,1.0
specialized,4,0.0060790273556231,0.01879194630872483,0.3234910985670864,3.511413863777676,0.06094742244665309,1.0
humans,64,0.0972644376899696,0.06845637583892618,1.4208236486083794,3.480159864067004,0.06210873937337745,1.0
iq,14,0.02127659574468085,0.008053691275167786,2.6418439716312054,3.457435922237376,0.062967888612396,1.0
fusiform face,14,0.02127659574468085,0.008053691275167786,2.6418439716312054,3.457435922237376,0.062967888612396,1.0
ones,3,0.004559270516717325,0.016107382550335572,0.2830547112462006,3.381197729619926,0.06594411657149324,1.0
ventral medial,3,0.004559270516717325,0.016107382550335572,0.2830547112462006,3.381197729619926,0.06594411657149324,1.0
inference,2,0.00303951367781155,0.013422818791946308,0.2264437689969605,3.302169288807366,0.06918845553511914,1.0
guided,2,0.00303951367781155,0.013422818791946308,0.2264437689969605,3.302169288807366,0.06918845553511914,1.0
materials,2,0.00303951367781155,0.013422818791946308,0.2264437689969605,3.302169288807366,0.06918845553511914,1.0
corresponded,2,0.00303951367781155,0.013422818791946308,0.2264437689969605,3.302169288807366,0.06918845553511914,1.0
adjacent,2,0.00303951367781155,0.013422818791946308,0.2264437689969605,3.302169288807366,0.06918845553511914,1.0
identify,36,0.0547112462006079,0.08053691275167785,0.6793313069908815,3.2619860525807534,0.07090320323367624,1.0
studying,11,0.016717325227963525,0.005369127516778523,3.1136018237082066,3.248892635453475,0.07147172888652695,1.0
induction,11,0.016717325227963525,0.005369127516778523,3.1136018237082066,3.248892635453475,0.07147172888652695,1.0
reinforcement,15,0.022796352583586626,0.009395973154362415,2.4261832392531484,3.2431373496504383,0.07172317144408172,1.0
cues,55,0.08358662613981763,0.05771812080536913,1.448186894748003,3.211561929227651,0.07311965148672671,1.0
reinforcement learning,8,0.0121580547112462,0.0026845637583892616,4.52887537993921,3.193506410250683,0.07393127481988378,1.0
obtain,8,0.0121580547112462,0.0026845637583892616,4.52887537993921,3.193506410250683,0.07393127481988378,1.0
biases,8,0.0121580547112462,0.0026845637583892616,4.52887537993921,3.193506410250683,0.07393127481988378,1.0
tested,57,0.08662613981762918,0.06040268456375839,1.434143870314083,3.1856698626676745,0.07428654422391291,1.0
vs,34,0.05167173252279635,0.07651006711409396,0.6753586092891805,3.1562239999437947,0.07563794776170094,1.0
anxiety,39,0.05927051671732523,0.03758389261744966,1.5770191055145464,3.15245578543053,0.07581278557218107,1.0
fronto,39,0.05927051671732523,0.03758389261744966,1.5770191055145464,3.15245578543053,0.07581278557218107,1.0
occur,21,0.031914893617021274,0.016107382550335572,1.9813829787234039,3.1442072640856953,0.07619701889950559,1.0
decline,8,0.0121580547112462,0.026845637583892617,0.452887537993921,3.1393592863461395,0.07642382420398829,1.0
midline,8,0.0121580547112462,0.026845637583892617,0.452887537993921,3.1393592863461395,0.07642382420398829,1.0
superior frontal,29,0.044072948328267476,0.025503355704697986,1.7281235002399615,3.1060513801421887,0.0780018526451748,1.0
sex,29,0.044072948328267476,0.025503355704697986,1.7281235002399615,3.1060513801421887,0.0780018526451748,1.0
11,14,0.02127659574468085,0.038926174496644296,0.5465884079236977,3.093549179275981,0.07860318972924128,1.0
sessions,10,0.015197568389057751,0.03087248322147651,0.4922690630368706,3.0864758726021404,0.07894561450756052,1.0
contribution,10,0.015197568389057751,0.03087248322147651,0.4922690630368706,3.0864758726021404,0.07894561450756052,1.0
important,76,0.11550151975683891,0.08590604026845637,1.344509878419453,3.0853988470885825,0.07899789500738039,1.0
double blind,16,0.0243161094224924,0.010738255033557046,2.264437689969605,3.0661302226005533,0.0799395542172921,1.0
testing,16,0.0243161094224924,0.010738255033557046,2.264437689969605,3.0661302226005533,0.0799395542172921,1.0
inhibitory,16,0.0243161094224924,0.010738255033557046,2.264437689969605,3.0661302226005533,0.0799395542172921,1.0
neuroanatomical,16,0.0243161094224924,0.010738255033557046,2.264437689969605,3.0661302226005533,0.0799395542172921,1.0
planning,5,0.007598784194528876,0.020134228187919462,0.37740628166160084,3.066053886563116,0.07994330873064363,1.0
perception,32,0.0486322188449848,0.07248322147651007,0.6709445007317347,3.0522927115631067,0.08062325437094944,1.0
reaction,30,0.04559270516717325,0.026845637583892617,1.6983282674772036,3.0483835523722997,0.08081754285410786,1.0
blind,22,0.03343465045592705,0.0174496644295302,1.9160626607435118,3.0426251271725775,0.08110466164515796,1.0
structure,24,0.0364741641337386,0.05771812080536913,0.6319360995264013,3.0161734132714746,0.08243777236572049,1.0
information,122,0.18541033434650456,0.22416107382550335,0.8271299346595563,2.9753191668396584,0.0845434497333478,1.0
represents,12,0.0182370820668693,0.006711409395973154,2.7173252279635256,2.9744762267582776,0.0845875031840587,1.0
process,42,0.06382978723404255,0.08993288590604027,0.7097491267068909,2.9681822805352343,0.08491722077320112,1.0
mood,23,0.034954407294832825,0.01879194630872483,1.860073816760747,2.9530983599945855,0.08571308443721391,1.0
variability,23,0.034954407294832825,0.01879194630872483,1.860073816760747,2.9530983599945855,0.08571308443721391,1.0
consistently,7,0.010638297872340425,0.024161073825503355,0.44030732860520094,2.918968469024072,0.08754381152604739,1.0
shift,17,0.025835866261398176,0.012080536912751677,2.1386355960824046,2.917815157795959,0.08760641004652495,1.0
administered,17,0.025835866261398176,0.012080536912751677,2.1386355960824046,2.917815157795959,0.08760641004652495,1.0
received,17,0.025835866261398176,0.012080536912751677,2.1386355960824046,2.917815157795959,0.08760641004652495,1.0
reference,4,0.0060790273556231,0.0174496644295302,0.3483750292260931,2.883812690087567,0.0894739397933592,1.0
simple,24,0.0364741641337386,0.020134228187919462,1.8115501519756838,2.87377677033582,0.09003336302859388,1.0
subsequent,40,0.060790273556231005,0.08590604026845637,0.7076367781155016,2.855846494930187,0.09104230467733408,1.0
make,25,0.037993920972644375,0.021476510067114093,1.769091945288754,2.803171204126586,0.09407806561304154,1.0
reduce,18,0.02735562310030395,0.013422818791946308,2.0379939209726445,2.7920497728246323,0.09473298055767176,1.0
drug,18,0.02735562310030395,0.013422818791946308,2.0379939209726445,2.7920497728246323,0.09473298055767176,1.0
method,23,0.034954407294832825,0.05503355704697987,0.635147156942694,2.7909360207694434,0.09479883959099109,1.0
considerable,9,0.013677811550151976,0.004026845637583893,3.396656534954407,2.7840013968531414,0.09521002462271151,1.0
distractors,9,0.013677811550151976,0.004026845637583893,3.396656534954407,2.7840013968531414,0.09521002462271151,1.0
weaker,9,0.013677811550151976,0.004026845637583893,3.396656534954407,2.7840013968531414,0.09521002462271151,1.0
neutral pictures,9,0.013677811550151976,0.004026845637583893,3.396656534954407,2.7840013968531414,0.09521002462271151,1.0
parietal occipital,9,0.013677811550151976,0.004026845637583893,3.396656534954407,2.7840013968531414,0.09521002462271151,1.0
compensate,9,0.013677811550151976,0.004026845637583893,3.396656534954407,2.7840013968531414,0.09521002462271151,1.0
species,9,0.013677811550151976,0.004026845637583893,3.396656534954407,2.7840013968531414,0.09521002462271151,1.0
greater,117,0.1778115501519757,0.21476510067114093,0.8279350303951368,2.782463561273729,0.09530147257754294,1.0
using functional,72,0.1094224924012158,0.08187919463087248,1.3363894563755045,2.7763486968484528,0.09566604253463086,1.0
distinction,13,0.019756838905775075,0.008053691275167786,2.453140830800405,2.759758084185057,0.09666285333407557,1.0
aberrant,13,0.019756838905775075,0.008053691275167786,2.453140830800405,2.759758084185057,0.09666285333407557,1.0
words,38,0.057750759878419454,0.08187919463087248,0.7053166575315163,2.744605082277524,0.0975831837371571,1.0
disgust,3,0.004559270516717325,0.01476510067114094,0.3087869577231279,2.7232347339672494,0.09889740961493218,1.0
functional network,3,0.004559270516717325,0.01476510067114094,0.3087869577231279,2.7232347339672494,0.09889740961493218,1.0
34,3,0.004559270516717325,0.01476510067114094,0.3087869577231279,2.7232347339672494,0.09889740961493218,1.0
contributing,3,0.004559270516717325,0.01476510067114094,0.3087869577231279,2.7232347339672494,0.09889740961493218,1.0
punishment,3,0.004559270516717325,0.01476510067114094,0.3087869577231279,2.7232347339672494,0.09889740961493218,1.0
conclude,16,0.0243161094224924,0.04161073825503356,0.5843710167663496,2.7157282491692554,0.09936361390388654,1.0
bilaterally,16,0.0243161094224924,0.04161073825503356,0.5843710167663496,2.7157282491692554,0.09936361390388654,1.0
stimuli,148,0.22492401215805471,0.18791946308724833,1.1969170646982197,2.7103563902076546,0.09969871589560744,1.0
12,39,0.05927051671732523,0.038926174496644296,1.5226391363588723,2.710100095780874,0.09971473461191896,1.0
recognized,6,0.00911854103343465,0.021476510067114093,0.4245820668693009,2.702846386768764,0.10016926784383072,1.0
circuit,19,0.028875379939209727,0.01476510067114094,1.955650732246477,2.6843296860937254,0.10133986164116876,1.0
happy,27,0.041033434650455926,0.024161073825503355,1.6983282674772036,2.683475333321642,0.10139423196412446,1.0
explicit,14,0.02127659574468085,0.03758389261744966,0.5661094224924013,2.662692191274213,0.10272672964092318,1.0
memory retrieval,24,0.0364741641337386,0.056375838926174496,0.6469821971341728,2.6590659450045537,0.10296118079428385,1.0
execution,8,0.0121580547112462,0.025503355704697986,0.47672372420412734,2.627806382581519,0.1050066989570874,1.0
independently,8,0.0121580547112462,0.025503355704697986,0.47672372420412734,2.627806382581519,0.1050066989570874,1.0
executive,43,0.06534954407294832,0.04429530201342282,1.4753154646771667,2.6260076532583656,0.10512574855997144,1.0
factor,12,0.0182370820668693,0.03355704697986577,0.5434650455927051,2.624979794687044,0.10519384418768286,1.0
evaluate,12,0.0182370820668693,0.03355704697986577,0.5434650455927051,2.624979794687044,0.10519384418768286,1.0
extended,10,0.015197568389057751,0.02953020134228188,0.5146449295385466,2.609398842369239,0.10623202613722173,1.0
interventions,2,0.00303951367781155,0.012080536912751677,0.2516041877744005,2.60122352409792,0.10678125008551546,1.0
alcohol,2,0.00303951367781155,0.012080536912751677,0.2516041877744005,2.60122352409792,0.10678125008551546,1.0
flexibility,2,0.00303951367781155,0.012080536912751677,0.2516041877744005,2.60122352409792,0.10678125008551546,1.0
motor control,2,0.00303951367781155,0.012080536912751677,0.2516041877744005,2.60122352409792,0.10678125008551546,1.0
current functional,2,0.00303951367781155,0.012080536912751677,0.2516041877744005,2.60122352409792,0.10678125008551546,1.0
systematic,2,0.00303951367781155,0.012080536912751677,0.2516041877744005,2.60122352409792,0.10678125008551546,1.0
achieve,2,0.00303951367781155,0.012080536912751677,0.2516041877744005,2.60122352409792,0.10678125008551546,1.0
output,2,0.00303951367781155,0.012080536912751677,0.2516041877744005,2.60122352409792,0.10678125008551546,1.0
conversely,14,0.02127659574468085,0.009395973154362415,2.264437689969605,2.5876891272378426,0.10769736213307991,1.0
identity,14,0.02127659574468085,0.009395973154362415,2.264437689969605,2.5876891272378426,0.10769736213307991,1.0
conducted,22,0.03343465045592705,0.052348993288590606,0.6386875535811706,2.568061809317342,0.1090412573006241,1.0
involvement,40,0.060790273556231005,0.08456375838926175,0.7188691079268587,2.5640202532083043,0.10932026636651716,1.0
expected,30,0.04559270516717325,0.028187919463087248,1.617455492835432,2.5451162554069238,0.11063576725525776,1.0
navigation,10,0.015197568389057751,0.005369127516778523,2.8305471124620065,2.494028791518451,0.11427885402487818,1.0
fronto temporal,10,0.015197568389057751,0.005369127516778523,2.8305471124620065,2.494028791518451,0.11427885402487818,1.0
typically developing,10,0.015197568389057751,0.005369127516778523,2.8305471124620065,2.494028791518451,0.11427885402487818,1.0
lateralization,5,0.007598784194528876,0.01879194630872483,0.404363873208858,2.4925303475476985,0.1143876859544034,1.0
probe,15,0.022796352583586626,0.010738255033557046,2.122910334346505,2.4471504304277745,0.1177384337156534,1.0
32,15,0.022796352583586626,0.010738255033557046,2.122910334346505,2.4471504304277745,0.1177384337156534,1.0
accumbens,15,0.022796352583586626,0.010738255033557046,2.122910334346505,2.4471504304277745,0.1177384337156534,1.0
executive control,15,0.022796352583586626,0.010738255033557046,2.122910334346505,2.4471504304277745,0.1177384337156534,1.0
map,15,0.022796352583586626,0.010738255033557046,2.122910334346505,2.4471504304277745,0.1177384337156534,1.0
dissociable,15,0.022796352583586626,0.010738255033557046,2.122910334346505,2.4471504304277745,0.1177384337156534,1.0
actions,22,0.03343465045592705,0.01879194630872483,1.7792010421189752,2.4394124110429285,0.11832053953673533,1.0
reading,22,0.03343465045592705,0.01879194630872483,1.7792010421189752,2.4394124110429285,0.11832053953673533,1.0
trait,22,0.03343465045592705,0.01879194630872483,1.7792010421189752,2.4394124110429285,0.11832053953673533,1.0
type,34,0.05167173252279635,0.03355704697986577,1.5398176291793313,2.4141905207131065,0.12024010994969903,1.0
yielded,7,0.010638297872340425,0.022818791946308724,0.4662077596996245,2.401257943116875,0.12123772476393883,1.0
controlling,7,0.010638297872340425,0.022818791946308724,0.4662077596996245,2.401257943116875,0.12123772476393883,1.0
tomography,7,0.010638297872340425,0.022818791946308724,0.4662077596996245,2.401257943116875,0.12123772476393883,1.0
detect,9,0.013677811550151976,0.026845637583892617,0.5094984802431611,2.3776887827027164,0.12307952052965385,1.0
faster,23,0.034954407294832825,0.020134228187919462,1.7360688956433636,2.3770057693687137,0.1231333547636422,1.0
conditions,94,0.14285714285714285,0.11409395973154363,1.2521008403361344,2.3450570740918537,0.12568095842714228,1.0
immediately,16,0.0243161094224924,0.012080536912751677,2.012833502195204,2.330581161537683,0.1268545091680511,1.0
matching,16,0.0243161094224924,0.012080536912751677,2.012833502195204,2.330581161537683,0.1268545091680511,1.0
perform,16,0.0243161094224924,0.012080536912751677,2.012833502195204,2.330581161537683,0.1268545091680511,1.0
anatomical,16,0.0243161094224924,0.040268456375838924,0.6038500506585613,2.323350884038286,0.12744522189777008,1.0
old,16,0.0243161094224924,0.040268456375838924,0.6038500506585613,2.323350884038286,0.12744522189777008,1.0
reveal,16,0.0243161094224924,0.040268456375838924,0.6038500506585613,2.323350884038286,0.12744522189777008,1.0
seed,24,0.0364741641337386,0.021476510067114093,1.6983282674772036,2.3218184241412354,0.12757081638702727,1.0
critical role,4,0.0060790273556231,0.016107382550335572,0.3774062816616008,2.2907156203495065,0.13014990302380378,1.0
change,41,0.06231003039513678,0.042953020134228186,1.4506553951367782,2.2763114327455223,0.1313639645023456,1.0
nucleus,41,0.06231003039513678,0.042953020134228186,1.4506553951367782,2.2763114327455223,0.1313639645023456,1.0
symptoms,19,0.028875379939209727,0.04563758389261745,0.632710531020919,2.259340174701721,0.1328106374233353,1.0
partially,17,0.025835866261398176,0.013422818791946308,1.9247720364741643,2.2326607695489704,0.13512098054043412,1.0
differential,45,0.06838905775075987,0.04832214765100671,1.415273556231003,2.230610152462166,0.13530040827553516,1.0
reduction,26,0.03951367781155015,0.024161073825503355,1.6354272205336036,2.229179536500341,0.13542574416587988,1.0
posterior,142,0.21580547112462006,0.25100671140939596,0.8597597646408661,2.2197673628903183,0.13625358932523368,1.0
sulcus,31,0.04711246200607903,0.06711409395973154,0.7019756838905775,2.2150106756710928,0.13667411649851277,1.0
memories,25,0.037993920972644375,0.056375838926174496,0.67393978868143,2.207720183827595,0.13732147572157716,1.0
model,41,0.06231003039513678,0.08456375838926175,0.7368408356250301,2.20735300190023,0.13735417038933367,1.0
play,28,0.0425531914893617,0.06174496644295302,0.6891766882516188,2.206002563125826,0.13747449141694634,1.0
classification,6,0.00911854103343465,0.020134228187919462,0.45288753799392095,2.1770411059368695,0.14008355271171524,1.0
symptom severity,6,0.00911854103343465,0.020134228187919462,0.45288753799392095,2.1770411059368695,0.14008355271171524,1.0
memory encoding,17,0.025835866261398176,0.04161073825503356,0.6208942053142464,2.175659534432966,0.14020939615292072,1.0
acc,28,0.0425531914893617,0.026845637583892617,1.5851063829787233,2.1552859903663433,0.1420799863918127,1.0
selection,18,0.02735562310030395,0.01476510067114094,1.8527217463387677,2.1495364741180594,0.14261293946576703,1.0
amygdala hippocampus,18,0.02735562310030395,0.01476510067114094,1.8527217463387677,2.1495364741180594,0.14261293946576703,1.0
improved,18,0.02735562310030395,0.01476510067114094,1.8527217463387677,2.1495364741180594,0.14261293946576703,1.0
grey matter,8,0.0121580547112462,0.024161073825503355,0.503208375548801,2.1470731353024437,0.14284196709416444,1.0
end,8,0.0121580547112462,0.024161073825503355,0.503208375548801,2.1470731353024437,0.14284196709416444,1.0
emission,8,0.0121580547112462,0.024161073825503355,0.503208375548801,2.1470731353024437,0.14284196709416444,1.0
recruited,35,0.05319148936170213,0.0738255033557047,0.7205029013539651,2.146201643095222,0.14292309268105188,1.0
events,35,0.05319148936170213,0.0738255033557047,0.7205029013539651,2.146201643095222,0.14292309268105188,1.0
striatum,35,0.05319148936170213,0.0738255033557047,0.7205029013539651,2.146201643095222,0.14292309268105188,1.0
presentation,29,0.044072948328267476,0.028187919463087248,1.5635403097409177,2.1239716149449364,0.14501008071222848,1.0
stress,29,0.044072948328267476,0.028187919463087248,1.5635403097409177,2.1239716149449364,0.14501008071222848,1.0
spatially,12,0.0182370820668693,0.008053691275167786,2.2644376899696046,2.113338372779865,0.14602046573474772,1.0
morphometry vbm,12,0.0182370820668693,0.008053691275167786,2.2644376899696046,2.113338372779865,0.14602046573474772,1.0
populations,12,0.0182370820668693,0.008053691275167786,2.2644376899696046,2.113338372779865,0.14602046573474772,1.0
modulating,12,0.0182370820668693,0.008053691275167786,2.2644376899696046,2.113338372779865,0.14602046573474772,1.0
growing,12,0.0182370820668693,0.008053691275167786,2.2644376899696046,2.113338372779865,0.14602046573474772,1.0
objects,29,0.044072948328267476,0.06308724832214765,0.6986031171182823,2.108410340568154,0.1464914237115217,1.0
stored,3,0.004559270516717325,0.013422818791946308,0.3396656534954407,2.1025914779111576,0.14704972309063868,1.0
negative positive,3,0.004559270516717325,0.013422818791946308,0.3396656534954407,2.1025914779111576,0.14704972309063868,1.0
research suggests,3,0.004559270516717325,0.013422818791946308,0.3396656534954407,2.1025914779111576,0.14704972309063868,1.0
perfusion,3,0.004559270516717325,0.013422818791946308,0.3396656534954407,2.1025914779111576,0.14704972309063868,1.0
obtained,30,0.04559270516717325,0.02953020134228188,1.5439347886156396,2.0958390398954907,0.14770060758599116,1.0
reductions,19,0.028875379939209727,0.016107382550335572,1.7926798378926037,2.078349791386427,0.1494016182463512,1.0
cognitive,153,0.23252279635258358,0.26711409395973157,0.8704999159933404,2.044234860187053,0.152783784268153,1.0
lead,20,0.030395136778115502,0.0174496644295302,1.7418751461304656,2.016935232225203,0.15555282540480617,1.0
vision,8,0.0121580547112462,0.004026845637583893,3.0192502532928063,2.0164252014141693,0.15560509768171188,1.0
hyperactivity disorder,8,0.0121580547112462,0.004026845637583893,3.0192502532928063,2.0164252014141693,0.15560509768171188,1.0
recognizing,8,0.0121580547112462,0.004026845637583893,3.0192502532928063,2.0164252014141693,0.15560509768171188,1.0
susceptibility,8,0.0121580547112462,0.004026845637583893,3.0192502532928063,2.0164252014141693,0.15560509768171188,1.0
response time,8,0.0121580547112462,0.004026845637583893,3.0192502532928063,2.0164252014141693,0.15560509768171188,1.0
adhd,8,0.0121580547112462,0.004026845637583893,3.0192502532928063,2.0164252014141693,0.15560509768171188,1.0
peak,8,0.0121580547112462,0.004026845637583893,3.0192502532928063,2.0164252014141693,0.15560509768171188,1.0
focusing,8,0.0121580547112462,0.004026845637583893,3.0192502532928063,2.0164252014141693,0.15560509768171188,1.0
changed,8,0.0121580547112462,0.004026845637583893,3.0192502532928063,2.0164252014141693,0.15560509768171188,1.0
presentations,8,0.0121580547112462,0.004026845637583893,3.0192502532928063,2.0164252014141693,0.15560509768171188,1.0
uncertainty,8,0.0121580547112462,0.004026845637583893,3.0192502532928063,2.0164252014141693,0.15560509768171188,1.0
encompassing,8,0.0121580547112462,0.004026845637583893,3.0192502532928063,2.0164252014141693,0.15560509768171188,1.0
insula anterior,8,0.0121580547112462,0.004026845637583893,3.0192502532928063,2.0164252014141693,0.15560509768171188,1.0
worse,8,0.0121580547112462,0.004026845637583893,3.0192502532928063,2.0164252014141693,0.15560509768171188,1.0
attention deficit,8,0.0121580547112462,0.004026845637583893,3.0192502532928063,2.0164252014141693,0.15560509768171188,1.0
clearly,8,0.0121580547112462,0.004026845637583893,3.0192502532928063,2.0164252014141693,0.15560509768171188,1.0
deficit hyperactivity,8,0.0121580547112462,0.004026845637583893,3.0192502532928063,2.0164252014141693,0.15560509768171188,1.0
associative,21,0.031914893617021274,0.04832214765100671,0.6604609929078014,2.010597764566223,0.15620376085443238,1.0
age sex,13,0.019756838905775075,0.009395973154362415,2.1026921406860617,1.9827850623044456,0.15909731347037706,1.0
network,172,0.2613981762917933,0.2966442953020134,0.8811838974542353,1.9812863908315543,0.1592549537533927,1.0
subcortical,36,0.0547112462006079,0.03758389261744966,1.455709943551889,1.977314547860123,0.15967359964570407,1.0
cortex pfc,21,0.031914893617021274,0.01879194630872483,1.6983282674772036,1.9636223039404765,0.16112644883419283,1.0
rely,21,0.031914893617021274,0.01879194630872483,1.6983282674772036,1.9636223039404765,0.16112644883419283,1.0
intrinsic,21,0.031914893617021274,0.01879194630872483,1.6983282674772036,1.9636223039404765,0.16112644883419283,1.0
differ,16,0.0243161094224924,0.038926174496644296,0.6246724661985117,1.9547691777762657,0.16207385203831146,1.0
36,2,0.00303951367781155,0.010738255033557046,0.28305471124620063,1.9395821174651373,0.16371391431697713,1.0
substance,2,0.00303951367781155,0.010738255033557046,0.28305471124620063,1.9395821174651373,0.16371391431697713,1.0
connection,2,0.00303951367781155,0.010738255033557046,0.28305471124620063,1.9395821174651373,0.16371391431697713,1.0
behavioral evidence,2,0.00303951367781155,0.010738255033557046,0.28305471124620063,1.9395821174651373,0.16371391431697713,1.0
reverse,2,0.00303951367781155,0.010738255033557046,0.28305471124620063,1.9395821174651373,0.16371391431697713,1.0
replicated,2,0.00303951367781155,0.010738255033557046,0.28305471124620063,1.9395821174651373,0.16371391431697713,1.0
trial trial,2,0.00303951367781155,0.010738255033557046,0.28305471124620063,1.9395821174651373,0.16371391431697713,1.0
precuneus posterior,2,0.00303951367781155,0.010738255033557046,0.28305471124620063,1.9395821174651373,0.16371391431697713,1.0
emerging,2,0.00303951367781155,0.010738255033557046,0.28305471124620063,1.9395821174651373,0.16371391431697713,1.0
posterior middle,2,0.00303951367781155,0.010738255033557046,0.28305471124620063,1.9395821174651373,0.16371391431697713,1.0
problems,9,0.013677811550151976,0.025503355704697986,0.5363141897296433,1.9301381152445412,0.164743335185529,1.0
acquired,41,0.06231003039513678,0.04429530201342282,1.406696140738694,1.9232975340851939,0.16549359753186163,1.0
developed,7,0.010638297872340425,0.021476510067114093,0.4953457446808511,1.917577866288599,0.16612392093771144,1.0
false,7,0.010638297872340425,0.021476510067114093,0.4953457446808511,1.917577866288599,0.16612392093771144,1.0
amygdala insula,7,0.010638297872340425,0.021476510067114093,0.4953457446808511,1.917577866288599,0.16612392093771144,1.0
designed,22,0.03343465045592705,0.020134228187919462,1.6605876393110435,1.9171017276434106,0.1661765164767418,1.0
potentially,22,0.03343465045592705,0.020134228187919462,1.6605876393110435,1.9171017276434106,0.1661765164767418,1.0
point,22,0.03343465045592705,0.020134228187919462,1.6605876393110435,1.9171017276434106,0.1661765164767418,1.0
strong,19,0.028875379939209727,0.04429530201342282,0.6518835774154923,1.9157923933557601,0.16632124729713407,1.0
episode,14,0.02127659574468085,0.010738255033557046,1.9813829787234043,1.8776074503125082,0.170606325948813,1.0
divided,14,0.02127659574468085,0.010738255033557046,1.9813829787234043,1.8776074503125082,0.170606325948813,1.0
fc,14,0.02127659574468085,0.010738255033557046,1.9813829787234043,1.8776074503125082,0.170606325948813,1.0
fearful,24,0.0364741641337386,0.022818791946308724,1.5984266046844269,1.8404779799552937,0.1748949354106625,1.0
rate,24,0.0364741641337386,0.022818791946308724,1.5984266046844269,1.8404779799552937,0.1748949354106625,1.0
parietal lobule,17,0.025835866261398176,0.040268456375838924,0.6415906788247214,1.8242062421845007,0.17681341093423616,1.0
connectivity,139,0.21124620060790272,0.18120805369127516,1.1657660700213892,1.8194655524398982,0.17737690667615538,1.0
person,25,0.037993920972644375,0.024161073825503355,1.5725261735900034,1.8088554649263089,0.17864558863268595,1.0
cognitive impairment,12,0.0182370820668693,0.03087248322147651,0.5907228756442447,1.8032730580194642,0.17931730125796647,1.0
selectively,12,0.0182370820668693,0.03087248322147651,0.5907228756442447,1.8032730580194642,0.17931730125796647,1.0
recall,20,0.030395136778115502,0.04563758389261745,0.6660110852851779,1.8009899113260213,0.17959286548408546,1.0
spectrum disorder,9,0.013677811550151976,0.005369127516778523,2.5474924012158056,1.8003779285346777,0.17966681187680286,1.0
memory test,9,0.013677811550151976,0.005369127516778523,2.5474924012158056,1.8003779285346777,0.17966681187680286,1.0
presenting,9,0.013677811550151976,0.005369127516778523,2.5474924012158056,1.8003779285346777,0.17966681187680286,1.0
postcentral gyrus,9,0.013677811550151976,0.005369127516778523,2.5474924012158056,1.8003779285346777,0.17966681187680286,1.0
partly,9,0.013677811550151976,0.005369127516778523,2.5474924012158056,1.8003779285346777,0.17966681187680286,1.0
unaffected,9,0.013677811550151976,0.005369127516778523,2.5474924012158056,1.8003779285346777,0.17966681187680286,1.0
anxiety disorders,9,0.013677811550151976,0.005369127516778523,2.5474924012158056,1.8003779285346777,0.17966681187680286,1.0
shifts,9,0.013677811550151976,0.005369127516778523,2.5474924012158056,1.8003779285346777,0.17966681187680286,1.0
instead,15,0.022796352583586626,0.012080536912751677,1.8870314083080042,1.7914681481013666,0.18074738600969886,1.0
reaction time,15,0.022796352583586626,0.012080536912751677,1.8870314083080042,1.7914681481013666,0.18074738600969886,1.0
et al,15,0.022796352583586626,0.012080536912751677,1.8870314083080042,1.7914681481013666,0.18074738600969886,1.0
al,15,0.022796352583586626,0.012080536912751677,1.8870314083080042,1.7914681481013666,0.18074738600969886,1.0
et,15,0.022796352583586626,0.012080536912751677,1.8870314083080042,1.7914681481013666,0.18074738600969886,1.0
rapid,15,0.022796352583586626,0.012080536912751677,1.8870314083080042,1.7914681481013666,0.18074738600969886,1.0
initial,26,0.03951367781155015,0.025503355704697986,1.549352103663414,1.7809047514847327,0.18203826740658774,1.0
episodic memory,33,0.05015197568389058,0.06845637583892618,0.7326121938136957,1.7673394478442568,0.18371168633688864,1.0
conclusion,27,0.041033434650455926,0.026845637583892617,1.5284954407294833,1.7561607462450326,0.1851041114835115,1.0
background,44,0.0668693009118541,0.087248322147651,0.7664250642974046,1.7506764966842236,0.18579170991268734,1.0
healthy individuals,10,0.015197568389057751,0.026845637583892617,0.5661094224924013,1.7430067498384572,0.18675830219464748,1.0
situations,10,0.015197568389057751,0.026845637583892617,0.5661094224924013,1.7430067498384572,0.18675830219464748,1.0
thinking,10,0.015197568389057751,0.026845637583892617,0.5661094224924013,1.7430067498384572,0.18675830219464748,1.0
retrieved,10,0.015197568389057751,0.026845637583892617,0.5661094224924013,1.7430067498384572,0.18675830219464748,1.0
studied,48,0.0729483282674772,0.09395973154362416,0.7763786365610074,1.7389900942072118,0.18726683936398655,1.0
cortex superior,4,0.0060790273556231,0.01476510067114094,0.41171594363083724,1.7387630620958958,0.1872956312904422,1.0
dementia,4,0.0060790273556231,0.01476510067114094,0.41171594363083724,1.7387630620958958,0.1872956312904422,1.0
anisotropy,4,0.0060790273556231,0.01476510067114094,0.41171594363083724,1.7387630620958958,0.1872956312904422,1.0
fractional anisotropy,4,0.0060790273556231,0.01476510067114094,0.41171594363083724,1.7387630620958958,0.1872956312904422,1.0
pleasant,4,0.0060790273556231,0.01476510067114094,0.41171594363083724,1.7387630620958958,0.1872956312904422,1.0
underlies,4,0.0060790273556231,0.01476510067114094,0.41171594363083724,1.7387630620958958,0.1872956312904422,1.0
therapy,4,0.0060790273556231,0.01476510067114094,0.41171594363083724,1.7387630620958958,0.1872956312904422,1.0
called,4,0.0060790273556231,0.01476510067114094,0.41171594363083724,1.7387630620958958,0.1872956312904422,1.0
matter volumes,4,0.0060790273556231,0.01476510067114094,0.41171594363083724,1.7387630620958958,0.1872956312904422,1.0
comprehension,15,0.022796352583586626,0.036241610738255034,0.6290104694360014,1.7367005479106956,0.18755743272897332,1.0
depressive,15,0.022796352583586626,0.036241610738255034,0.6290104694360014,1.7367005479106956,0.18755743272897332,1.0
manipulated,16,0.0243161094224924,0.013422818791946308,1.811550151975684,1.7199797677740267,0.1896956493134844,1.0
lateral temporal,8,0.0121580547112462,0.022818791946308724,0.5328088682281423,1.7006990280875147,0.19219658485657837,1.0
incongruent,8,0.0121580547112462,0.022818791946308724,0.5328088682281423,1.7006990280875147,0.19219658485657837,1.0
mdd,8,0.0121580547112462,0.022818791946308724,0.5328088682281423,1.7006990280875147,0.19219658485657837,1.0
disease ad,8,0.0121580547112462,0.022818791946308724,0.5328088682281423,1.7006990280875147,0.19219658485657837,1.0
taking,8,0.0121580547112462,0.022818791946308724,0.5328088682281423,1.7006990280875147,0.19219658485657837,1.0
lobule,21,0.031914893617021274,0.04697986577181208,0.6793313069908814,1.6948364153806896,0.19296464823543188,1.0
demand,6,0.00911854103343465,0.01879194630872483,0.48523664785062964,1.6892485355487503,0.19370005834277684,1.0
variance,6,0.00911854103343465,0.01879194630872483,0.48523664785062964,1.6892485355487503,0.19370005834277684,1.0
cued,17,0.025835866261398176,0.01476510067114094,1.7497927604310584,1.660008493616702,0.1976021770718067,1.0
light,17,0.025835866261398176,0.01476510067114094,1.7497927604310584,1.660008493616702,0.1976021770718067,1.0
possibility,17,0.025835866261398176,0.01476510067114094,1.7497927604310584,1.660008493616702,0.1976021770718067,1.0
behaviorally,17,0.025835866261398176,0.01476510067114094,1.7497927604310584,1.660008493616702,0.1976021770718067,1.0
dynamics,17,0.025835866261398176,0.01476510067114094,1.7497927604310584,1.660008493616702,0.1976021770718067,1.0
included,31,0.04711246200607903,0.06442953020134229,0.7312246707193515,1.6594208693711865,0.19768153505020145,1.0
outcomes,13,0.019756838905775075,0.032214765100671144,0.6132852077001012,1.6546068753973773,0.1983330687609263,1.0
using event,13,0.019756838905775075,0.032214765100671144,0.6132852077001012,1.6546068753973773,0.1983330687609263,1.0
samples,10,0.015197568389057751,0.006711409395973154,2.264437689969605,1.6442594234055736,0.19974205864460862,1.0
reasoning,10,0.015197568389057751,0.006711409395973154,2.264437689969605,1.6442594234055736,0.19974205864460862,1.0
relational,10,0.015197568389057751,0.006711409395973154,2.264437689969605,1.6442594234055736,0.19974205864460862,1.0
storage,10,0.015197568389057751,0.006711409395973154,2.264437689969605,1.6442594234055736,0.19974205864460862,1.0
highly,35,0.05319148936170213,0.03758389261744966,1.4152735562310033,1.637333981609378,0.20069164924817565,1.0
fear,35,0.05319148936170213,0.03758389261744966,1.4152735562310033,1.637333981609378,0.20069164924817565,1.0
tasks,88,0.1337386018237082,0.11006711409395974,1.2150641263251536,1.6229894522941992,0.20267545446463234,1.0
categories,16,0.0243161094224924,0.03758389261744966,0.6469821971341728,1.611512467179486,0.20427932610367094,1.0
emotional stimuli,18,0.02735562310030395,0.016107382550335572,1.6983282674772036,1.6092562249272913,0.20459638546775827,1.0
increases,53,0.08054711246200608,0.06174496644295302,1.304513017047707,1.6076186108769897,0.20482687533167082,1.0
exhibited,48,0.0729483282674772,0.05503355704697987,1.3255245014456223,1.597962568653416,0.20619218358745878,1.0
somatosensory,11,0.016717325227963525,0.028187919463087248,0.5930670140396583,1.5800944601771507,0.2087470877952321,1.0
particular,36,0.0547112462006079,0.07248322147651007,0.7548125633232016,1.5541306253942266,0.21252668319519877,1.0
quality,3,0.004559270516717325,0.012080536912751677,0.3774062816616008,1.5282741935100281,0.21637164241367396,1.0
just,3,0.004559270516717325,0.012080536912751677,0.3774062816616008,1.5282741935100281,0.21637164241367396,1.0
trained,3,0.004559270516717325,0.012080536912751677,0.3774062816616008,1.5282741935100281,0.21637164241367396,1.0
auditory cortex,3,0.004559270516717325,0.012080536912751677,0.3774062816616008,1.5282741935100281,0.21637164241367396,1.0
kinds,3,0.004559270516717325,0.012080536912751677,0.3774062816616008,1.5282741935100281,0.21637164241367396,1.0
stop,3,0.004559270516717325,0.012080536912751677,0.3774062816616008,1.5282741935100281,0.21637164241367396,1.0
rostral anterior,3,0.004559270516717325,0.012080536912751677,0.3774062816616008,1.5282741935100281,0.21637164241367396,1.0
primary motor,3,0.004559270516717325,0.012080536912751677,0.3774062816616008,1.5282741935100281,0.21637164241367396,1.0
cognitive function,3,0.004559270516717325,0.012080536912751677,0.3774062816616008,1.5282741935100281,0.21637164241367396,1.0
deprivation,3,0.004559270516717325,0.012080536912751677,0.3774062816616008,1.5282741935100281,0.21637164241367396,1.0
threshold,3,0.004559270516717325,0.012080536912751677,0.3774062816616008,1.5282741935100281,0.21637164241367396,1.0
abuse,3,0.004559270516717325,0.012080536912751677,0.3774062816616008,1.5282741935100281,0.21637164241367396,1.0
exists,3,0.004559270516717325,0.012080536912751677,0.3774062816616008,1.5282741935100281,0.21637164241367396,1.0
believed,11,0.016717325227963525,0.008053691275167786,2.075734549138804,1.5269272032977297,0.2165742031813549,1.0
framework,11,0.016717325227963525,0.008053691275167786,2.075734549138804,1.5269272032977297,0.2165742031813549,1.0
alterations,26,0.03951367781155015,0.05503355704697987,0.7179924382830454,1.525141982783423,0.2168430132895698,1.0
effects,142,0.21580547112462006,0.18791946308724833,1.1483933999131568,1.5226506649545462,0.21721880890623116,1.0
temporal lobes,14,0.02127659574468085,0.03355704697986577,0.6340425531914894,1.5218605330628459,0.21733815611707946,1.0
grey,9,0.013677811550151976,0.024161073825503355,0.5661094224924013,1.5169457122454866,0.21808228377494718,1.0
intraparietal sulcus,9,0.013677811550151976,0.024161073825503355,0.5661094224924013,1.5169457122454866,0.21808228377494718,1.0
monetary,9,0.013677811550151976,0.024161073825503355,0.5661094224924013,1.5169457122454866,0.21808228377494718,1.0
motivation,9,0.013677811550151976,0.024161073825503355,0.5661094224924013,1.5169457122454866,0.21808228377494718,1.0
stimulus,76,0.11550151975683891,0.09395973154362416,1.2292661745549283,1.5156853493997444,0.21827359795396384,1.0
cerebral,33,0.05015197568389058,0.06711409395973154,0.7472644376899696,1.5142311820827852,0.21849457905744477,1.0
evoked,17,0.025835866261398176,0.038926174496644296,0.6637144953359186,1.4977739866933566,0.22101418833988476,1.0
detection,17,0.025835866261398176,0.038926174496644296,0.6637144953359186,1.4977739866933566,0.22101418833988476,1.0
past,20,0.030395136778115502,0.04429530201342282,0.6861932393847288,1.494526468184152,0.22151547873198246,1.0
demonstrate,71,0.10790273556231003,0.087248322147651,1.2367313537526303,1.4749742931304324,0.2245624992873067,1.0
emission tomography,7,0.010638297872340425,0.020134228187919462,0.5283687943262412,1.4723892281512527,0.22496910535986908,1.0
orbital,7,0.010638297872340425,0.020134228187919462,0.5283687943262412,1.4723892281512527,0.22496910535986908,1.0
modalities,7,0.010638297872340425,0.020134228187919462,0.5283687943262412,1.4723892281512527,0.22496910535986908,1.0
production,7,0.010638297872340425,0.020134228187919462,0.5283687943262412,1.4723892281512527,0.22496910535986908,1.0
failure,7,0.010638297872340425,0.020134228187919462,0.5283687943262412,1.4723892281512527,0.22496910535986908,1.0
irrespective,7,0.010638297872340425,0.020134228187919462,0.5283687943262412,1.4723892281512527,0.22496910535986908,1.0
meaning,7,0.010638297872340425,0.020134228187919462,0.5283687943262412,1.4723892281512527,0.22496910535986908,1.0
multimodal,7,0.010638297872340425,0.020134228187919462,0.5283687943262412,1.4723892281512527,0.22496910535986908,1.0
fully,7,0.010638297872340425,0.020134228187919462,0.5283687943262412,1.4723892281512527,0.22496910535986908,1.0
mechanisms underlying,22,0.03343465045592705,0.021476510067114093,1.5568009118541033,1.4694094260256276,0.22543889608310136,1.0
episodes,5,0.007598784194528876,0.016107382550335572,0.471757852077001,1.462167534247222,0.2265855580615787,1.0
apart,5,0.007598784194528876,0.016107382550335572,0.471757852077001,1.462167534247222,0.2265855580615787,1.0
manipulating,5,0.007598784194528876,0.016107382550335572,0.471757852077001,1.462167534247222,0.2265855580615787,1.0
concurrent,5,0.007598784194528876,0.016107382550335572,0.471757852077001,1.462167534247222,0.2265855580615787,1.0
turn,5,0.007598784194528876,0.016107382550335572,0.471757852077001,1.462167534247222,0.2265855580615787,1.0
fractional,5,0.007598784194528876,0.016107382550335572,0.471757852077001,1.462167534247222,0.2265855580615787,1.0
medial orbitofrontal,5,0.007598784194528876,0.016107382550335572,0.471757852077001,1.462167534247222,0.2265855580615787,1.0
patient,23,0.034954407294832825,0.022818791946308724,1.5318254961559092,1.4455214882434746,0.2292479292730366,1.0
hemodynamic,12,0.0182370820668693,0.02953020134228188,0.6175739154462558,1.437130705754574,0.23060421952098584,1.0
premotor cortex,12,0.0182370820668693,0.02953020134228188,0.6175739154462558,1.437130705754574,0.23060421952098584,1.0
interestingly,12,0.0182370820668693,0.009395973154362415,1.9409465914025186,1.4361409292292644,0.2307648442408631,1.0
min,12,0.0182370820668693,0.009395973154362415,1.9409465914025186,1.4361409292292644,0.2307648442408631,1.0
distributed network,12,0.0182370820668693,0.009395973154362415,1.9409465914025186,1.4361409292292644,0.2307648442408631,1.0
vbm,12,0.0182370820668693,0.009395973154362415,1.9409465914025186,1.4361409292292644,0.2307648442408631,1.0
adolescent,12,0.0182370820668693,0.009395973154362415,1.9409465914025186,1.4361409292292644,0.2307648442408631,1.0
question,24,0.0364741641337386,0.024161073825503355,1.5096251266464031,1.42480531983195,0.23261408748624166,1.0
orbitofrontal,42,0.06382978723404255,0.08187919463087248,0.7795605162190442,1.4185251867373483,0.2336463026768674,1.0
particularly,31,0.04711246200607903,0.06308724832214765,0.7467826424367845,1.4076126800933533,0.23545310650961737,1.0
mechanism,31,0.04711246200607903,0.06308724832214765,0.7467826424367845,1.4076126800933533,0.23545310650961737,1.0
predict,25,0.037993920972644375,0.025503355704697986,1.489761638137898,1.4068321858911665,0.23558298101732783,1.0
stimulation,25,0.037993920972644375,0.025503355704697986,1.489761638137898,1.4068321858911665,0.23558298101732783,1.0
arousal,15,0.022796352583586626,0.0348993288590604,0.6532031797989245,1.4027071143476715,0.23627083687974315,1.0
life,18,0.02735562310030395,0.040268456375838924,0.6793313069908815,1.3940562984224338,0.23772128060224867,1.0
learned,26,0.03951367781155015,0.026845637583892617,1.471884498480243,1.3912479354230385,0.2381944662503199,1.0
differentially,27,0.041033434650455926,0.028187919463087248,1.4557099435518888,1.3777574631691354,0.2404835025270919,1.0
underlying,73,0.11094224924012158,0.13288590604026845,0.83486844125142,1.3667728571113151,0.24236712624893553,1.0
positively,55,0.08358662613981763,0.06577181208053691,1.2708578872278395,1.366552565066816,0.24240508493498208,1.0
presence,28,0.0425531914893617,0.02953020134228188,1.4410058027079304,1.366112900608699,0.24248086549477885,1.0
14,28,0.0425531914893617,0.02953020134228188,1.4410058027079304,1.366112900608699,0.24248086549477885,1.0
emerged,13,0.019756838905775075,0.010738255033557046,1.839855623100304,1.364323290194991,0.2427896206817904,1.0
serotonin,13,0.019756838905775075,0.010738255033557046,1.839855623100304,1.364323290194991,0.2427896206817904,1.0
gyrus posterior,13,0.019756838905775075,0.010738255033557046,1.839855623100304,1.364323290194991,0.2427896206817904,1.0
average,13,0.019756838905775075,0.010738255033557046,1.839855623100304,1.364323290194991,0.2427896206817904,1.0
general,43,0.06534954407294832,0.08322147651006712,0.7852485537797823,1.3640419043996563,0.24283821074875828,1.0
index,10,0.015197568389057751,0.025503355704697986,0.5959046552551592,1.3594684090545672,0.2436296321762823,1.0
shows,10,0.015197568389057751,0.025503355704697986,0.5959046552551592,1.3594684090545672,0.2436296321762823,1.0
idea,10,0.015197568389057751,0.025503355704697986,0.5959046552551592,1.3594684090545672,0.2436296321762823,1.0
increasing,30,0.04559270516717325,0.032214765100671144,1.4152735562310028,1.3475537297289968,0.24570623273501815,1.0
cingulate cortex,88,0.1337386018237082,0.15704697986577182,0.851583404774894,1.3403522035667426,0.24697186596279724,1.0
explore,31,0.04711246200607903,0.03355704697986577,1.403951367781155,1.340307401949311,0.2469797645424703,1.0
statement,7,0.010638297872340425,0.004026845637583893,2.6418439716312054,1.325015084771161,0.24969397925168593,1.0
multisensory,7,0.010638297872340425,0.004026845637583893,2.6418439716312054,1.325015084771161,0.24969397925168593,1.0
previous work,7,0.010638297872340425,0.004026845637583893,2.6418439716312054,1.325015084771161,0.24969397925168593,1.0
investigates,7,0.010638297872340425,0.004026845637583893,2.6418439716312054,1.325015084771161,0.24969397925168593,1.0
salience network,7,0.010638297872340425,0.004026845637583893,2.6418439716312054,1.325015084771161,0.24969397925168593,1.0
action observation,7,0.010638297872340425,0.004026845637583893,2.6418439716312054,1.325015084771161,0.24969397925168593,1.0
near,7,0.010638297872340425,0.004026845637583893,2.6418439716312054,1.325015084771161,0.24969397925168593,1.0
complete,7,0.010638297872340425,0.004026845637583893,2.6418439716312054,1.325015084771161,0.24969397925168593,1.0
primary visual,7,0.010638297872340425,0.004026845637583893,2.6418439716312054,1.325015084771161,0.24969397925168593,1.0
ipl,7,0.010638297872340425,0.004026845637583893,2.6418439716312054,1.325015084771161,0.24969397925168593,1.0
signature,7,0.010638297872340425,0.004026845637583893,2.6418439716312054,1.325015084771161,0.24969397925168593,1.0
higher level,7,0.010638297872340425,0.004026845637583893,2.6418439716312054,1.325015084771161,0.24969397925168593,1.0
current,65,0.09878419452887538,0.11946308724832215,0.8269014036405861,1.3247141747481403,0.24974775299497678,1.0
episodic,52,0.0790273556231003,0.09798657718120805,0.806512053961777,1.3227376625085996,0.2501013162970285,1.0
components,35,0.05319148936170213,0.038926174496644296,1.3664710198092442,1.321975344905175,0.25023784553977485,1.0
future,36,0.0547112462006079,0.040268456375838924,1.358662613981763,1.3195847308035726,0.2506665921139585,1.0
target,41,0.06231003039513678,0.04697986577181208,1.3263135041250542,1.3174420164217107,0.2510516452170925,1.0
memory processes,14,0.02127659574468085,0.012080536912751677,1.7612293144208038,1.3065325999741595,0.2530234078991809,1.0
preferentially,14,0.02127659574468085,0.012080536912751677,1.7612293144208038,1.3065325999741595,0.2530234078991809,1.0
symptom,16,0.0243161094224924,0.036241610738255034,0.6709445007317347,1.2952526331071956,0.2550822090574904,1.0
history,8,0.0121580547112462,0.021476510067114093,0.5661094224924013,1.292813938488607,0.255530024556877,1.0
case,8,0.0121580547112462,0.021476510067114093,0.5661094224924013,1.292813938488607,0.255530024556877,1.0
positron emission,8,0.0121580547112462,0.021476510067114093,0.5661094224924013,1.292813938488607,0.255530024556877,1.0
insights,8,0.0121580547112462,0.021476510067114093,0.5661094224924013,1.292813938488607,0.255530024556877,1.0
longitudinal,8,0.0121580547112462,0.021476510067114093,0.5661094224924013,1.292813938488607,0.255530024556877,1.0
dopamine,8,0.0121580547112462,0.021476510067114093,0.5661094224924013,1.292813938488607,0.255530024556877,1.0
positron,8,0.0121580547112462,0.021476510067114093,0.5661094224924013,1.292813938488607,0.255530024556877,1.0
indicate,72,0.1094224924012158,0.08993288590604027,1.2167127886403846,1.2765725491726454,0.2585372857456563,1.0
form,26,0.03951367781155015,0.053691275167785234,0.7359422492401215,1.2663440384331703,0.26045365788086833,1.0
linked,37,0.05623100303951368,0.07248322147651007,0.7757795789710683,1.2654100854902157,0.2606295140473774,1.0
responsible,15,0.022796352583586626,0.013422818791946308,1.6983282674772036,1.2594085474727237,0.2617630741704535,1.0
physiological,15,0.022796352583586626,0.013422818791946308,1.6983282674772036,1.2594085474727237,0.2617630741704535,1.0
damage,15,0.022796352583586626,0.013422818791946308,1.6983282674772036,1.2594085474727237,0.2617630741704535,1.0
regulating,6,0.00911854103343465,0.0174496644295302,0.5225625438391396,1.2452639744882938,0.26445896404142066,1.0
strategic,6,0.00911854103343465,0.0174496644295302,0.5225625438391396,1.2452639744882938,0.26445896404142066,1.0
cluster,6,0.00911854103343465,0.0174496644295302,0.5225625438391396,1.2452639744882938,0.26445896404142066,1.0
disorder mdd,6,0.00911854103343465,0.0174496644295302,0.5225625438391396,1.2452639744882938,0.26445896404142066,1.0
27,6,0.00911854103343465,0.0174496644295302,0.5225625438391396,1.2452639744882938,0.26445896404142066,1.0
structural magnetic,6,0.00911854103343465,0.0174496644295302,0.5225625438391396,1.2452639744882938,0.26445896404142066,1.0
extensively,4,0.0060790273556231,0.013422818791946308,0.452887537993921,1.2364934856507288,0.26614791636399426,1.0
lesser,4,0.0060790273556231,0.013422818791946308,0.452887537993921,1.2364934856507288,0.26614791636399426,1.0
cortex suggest,4,0.0060790273556231,0.013422818791946308,0.452887537993921,1.2364934856507288,0.26614791636399426,1.0
sclerosis,4,0.0060790273556231,0.013422818791946308,0.452887537993921,1.2364934856507288,0.26614791636399426,1.0
functional coupling,4,0.0060790273556231,0.013422818791946308,0.452887537993921,1.2364934856507288,0.26614791636399426,1.0
underlying mechanisms,4,0.0060790273556231,0.013422818791946308,0.452887537993921,1.2364934856507288,0.26614791636399426,1.0
met,4,0.0060790273556231,0.013422818791946308,0.452887537993921,1.2364934856507288,0.26614791636399426,1.0
alternating,4,0.0060790273556231,0.013422818791946308,0.452887537993921,1.2364934856507288,0.26614791636399426,1.0
subserving,4,0.0060790273556231,0.013422818791946308,0.452887537993921,1.2364934856507288,0.26614791636399426,1.0
track,4,0.0060790273556231,0.013422818791946308,0.452887537993921,1.2364934856507288,0.26614791636399426,1.0
metabolic,4,0.0060790273556231,0.013422818791946308,0.452887537993921,1.2364934856507288,0.26614791636399426,1.0
probabilistic,4,0.0060790273556231,0.013422818791946308,0.452887537993921,1.2364934856507288,0.26614791636399426,1.0
post,23,0.034954407294832825,0.04832214765100671,0.7233620398514016,1.2358297423486801,0.2662762804449998,1.0
ad,11,0.016717325227963525,0.026845637583892617,0.6227203647416413,1.2231852462886055,0.26873645077357866,1.0
strength,11,0.016717325227963525,0.026845637583892617,0.6227203647416413,1.2231852462886055,0.26873645077357866,1.0
salient,16,0.0243161094224924,0.01476510067114094,1.646863774523349,1.2205865024710751,0.26924558138350124,1.0
face,63,0.09574468085106383,0.07785234899328859,1.22982391782832,1.2014213933257152,0.27303777255026385,1.0
account,14,0.02127659574468085,0.032214765100671144,0.6604609929078014,1.1984620359112617,0.27362928455856306,1.0
produced,14,0.02127659574468085,0.032214765100671144,0.6604609929078014,1.1984620359112617,0.27362928455856306,1.0
supplementary,14,0.02127659574468085,0.032214765100671144,0.6604609929078014,1.1984620359112617,0.27362928455856306,1.0
temporal cortex,27,0.041033434650455926,0.05503355704697987,0.7456075320631625,1.1969010056912146,0.27394194829733404,1.0
impairment,27,0.041033434650455926,0.05503355704697987,0.7456075320631625,1.1969010056912146,0.27394194829733404,1.0
angry,17,0.025835866261398176,0.016107382550335572,1.6039766970618032,1.1883541776160746,0.2756617896934657,1.0
conditioning,17,0.025835866261398176,0.016107382550335572,1.6039766970618032,1.1883541776160746,0.2756617896934657,1.0
image,17,0.025835866261398176,0.016107382550335572,1.6039766970618032,1.1883541776160746,0.2756617896934657,1.0
deactivations,8,0.0121580547112462,0.005369127516778523,2.264437689969605,1.1828289322072114,0.27678083281075344,1.0
characteristic,8,0.0121580547112462,0.005369127516778523,2.264437689969605,1.1828289322072114,0.27678083281075344,1.0
measurement,8,0.0121580547112462,0.005369127516778523,2.264437689969605,1.1828289322072114,0.27678083281075344,1.0
questionnaire,8,0.0121580547112462,0.005369127516778523,2.264437689969605,1.1828289322072114,0.27678083281075344,1.0
rois,8,0.0121580547112462,0.005369127516778523,2.264437689969605,1.1828289322072114,0.27678083281075344,1.0
naive,8,0.0121580547112462,0.005369127516778523,2.264437689969605,1.1828289322072114,0.27678083281075344,1.0
compatible,8,0.0121580547112462,0.005369127516778523,2.264437689969605,1.1828289322072114,0.27678083281075344,1.0
broca,8,0.0121580547112462,0.005369127516778523,2.264437689969605,1.1828289322072114,0.27678083281075344,1.0
analyze,8,0.0121580547112462,0.005369127516778523,2.264437689969605,1.1828289322072114,0.27678083281075344,1.0
intentions,8,0.0121580547112462,0.005369127516778523,2.264437689969605,1.1828289322072114,0.27678083281075344,1.0
determine,24,0.0364741641337386,0.049664429530201344,0.7344122237739258,1.1617600573780065,0.2811008189066344,1.0
parametric,18,0.02735562310030395,0.0174496644295302,1.5676876315174189,1.1614411954502335,0.28116684961337246,1.0
females,18,0.02735562310030395,0.0174496644295302,1.5676876315174189,1.1614411954502335,0.28116684961337246,1.0
paradigms,18,0.02735562310030395,0.0174496644295302,1.5676876315174189,1.1614411954502335,0.28116684961337246,1.0
resulting,9,0.013677811550151976,0.022818791946308724,0.5994099767566602,1.14192325090389,0.2852463014588156,1.0
participant,9,0.013677811550151976,0.022818791946308724,0.5994099767566602,1.14192325090389,0.2852463014588156,1.0
mediating,9,0.013677811550151976,0.022818791946308724,0.5994099767566602,1.14192325090389,0.2852463014588156,1.0
induce,9,0.013677811550151976,0.022818791946308724,0.5994099767566602,1.14192325090389,0.2852463014588156,1.0
understanding,55,0.08358662613981763,0.06711409395973154,1.2454407294832825,1.141718089989208,0.2852895789956588,1.0
limited,19,0.028875379939209727,0.01879194630872483,1.5365827181936607,1.1388851765229633,0.28588801860629726,1.0
manipulation,19,0.028875379939209727,0.01879194630872483,1.5365827181936607,1.1388851765229633,0.28588801860629726,1.0
premotor,21,0.031914893617021274,0.04429530201342282,0.7205029013539651,1.131915224695256,0.28736718644829606,1.0
substrates,28,0.0425531914893617,0.056375838926174496,0.7548125633232016,1.1317966080376334,0.2873924433914303,1.0
reported,53,0.08054711246200608,0.06442953020134229,1.2501583080040526,1.1281005702047469,0.2881808535828972,1.0
reflect,52,0.0790273556231003,0.06308724832214765,1.2526676582810579,1.1215206578472918,0.2895912524778062,1.0
recorded,20,0.030395136778115502,0.020134228187919462,1.5096251266464034,1.1199437401510368,0.2899305684641743,1.0
level,133,0.20212765957446807,0.17852348993288591,1.1322188449848023,1.1180276316297424,0.29034355256681654,1.0
parietal cortex,32,0.0486322188449848,0.06308724832214765,0.7708724050960356,1.1153578054277733,0.2909202388736341,1.0
memory performance,18,0.02735562310030395,0.038926174496644296,0.7027565244733256,1.1094765144647092,0.29219577097137994,1.0
scenes,18,0.02735562310030395,0.038926174496644296,0.7027565244733256,1.1094765144647092,0.29219577097137994,1.0
decisions,12,0.0182370820668693,0.028187919463087248,0.6469821971341728,1.1042463416328303,0.29333609486597917,1.0
overlapping,12,0.0182370820668693,0.028187919463087248,0.6469821971341728,1.1042463416328303,0.29333609486597917,1.0
lateral prefrontal,12,0.0182370820668693,0.028187919463087248,0.6469821971341728,1.1042463416328303,0.29333609486597917,1.0
processed,21,0.031914893617021274,0.021476510067114093,1.4860372340425532,1.1040350454745513,0.29338228278061024,1.0
block,21,0.031914893617021274,0.021476510067114093,1.4860372340425532,1.1040350454745513,0.29338228278061024,1.0
functionally,21,0.031914893617021274,0.021476510067114093,1.4860372340425532,1.1040350454745513,0.29338228278061024,1.0
feedback,15,0.022796352583586626,0.03355704697986577,0.6793313069908814,1.0980371258661326,0.2946972769972914,1.0
evaluation,22,0.03343465045592705,0.022818791946308724,1.4652243876273914,1.0906966275741121,0.2963169102693355,1.0
joint,9,0.013677811550151976,0.006711409395973154,2.0379939209726445,1.083689524018196,0.2978736481038158,1.0
emotional responses,9,0.013677811550151976,0.006711409395973154,2.0379939209726445,1.083689524018196,0.2978736481038158,1.0
treatments,9,0.013677811550151976,0.006711409395973154,2.0379939209726445,1.083689524018196,0.2978736481038158,1.0
spectrum disorders,9,0.013677811550151976,0.006711409395973154,2.0379939209726445,1.083689524018196,0.2978736481038158,1.0
trend,9,0.013677811550151976,0.006711409395973154,2.0379939209726445,1.083689524018196,0.2978736481038158,1.0
distance,9,0.013677811550151976,0.006711409395973154,2.0379939209726445,1.083689524018196,0.2978736481038158,1.0
monitored,9,0.013677811550151976,0.006711409395973154,2.0379939209726445,1.083689524018196,0.2978736481038158,1.0
fearful faces,9,0.013677811550151976,0.006711409395973154,2.0379939209726445,1.083689524018196,0.2978736481038158,1.0
positive correlations,9,0.013677811550151976,0.006711409395973154,2.0379939209726445,1.083689524018196,0.2978736481038158,1.0
appraisal,9,0.013677811550151976,0.006711409395973154,2.0379939209726445,1.083689524018196,0.2978736481038158,1.0
oscillations,9,0.013677811550151976,0.006711409395973154,2.0379939209726445,1.083689524018196,0.2978736481038158,1.0
supported,23,0.034954407294832825,0.024161073825503355,1.4467240797028031,1.0795562815551878,0.29879684003546764,1.0
extensive,23,0.034954407294832825,0.024161073825503355,1.4467240797028031,1.0795562815551878,0.29879684003546764,1.0
engagement,23,0.034954407294832825,0.024161073825503355,1.4467240797028031,1.0795562815551878,0.29879684003546764,1.0
consolidation,7,0.010638297872340425,0.01879194630872483,0.5661094224924013,1.0710032749800102,0.30071893968939883,1.0
pair,7,0.010638297872340425,0.01879194630872483,0.5661094224924013,1.0710032749800102,0.30071893968939883,1.0
elucidate,7,0.010638297872340425,0.01879194630872483,0.5661094224924013,1.0710032749800102,0.30071893968939883,1.0
indicating,42,0.06382978723404255,0.049664429530201344,1.2852213916043702,1.0662953868757241,0.3017837319514208,1.0
terms,25,0.037993920972644375,0.026845637583892617,1.415273556231003,1.0627119399327951,0.3025974683674185,1.0
occipital,69,0.10486322188449848,0.087248322147651,1.201893850830021,1.059348208208886,0.30336389061162544,1.0
controlled,22,0.03343465045592705,0.04563758389261745,0.7326121938136957,1.0579617732345898,0.3036805179313781,1.0
main,22,0.03343465045592705,0.04563758389261745,0.7326121938136957,1.0579617732345898,0.3036805179313781,1.0
rest,26,0.03951367781155015,0.028187919463087248,1.4017947604573744,1.056552239845123,0.30400285834291785,1.0
volunteers,36,0.0547112462006079,0.04161073825503356,1.3148347877242867,1.0463144513727047,0.30635743133190346,1.0
functioning,30,0.04559270516717325,0.03355704697986577,1.3586626139817628,1.0432274827760946,0.3070720310502589,1.0
circuitry,34,0.05167173252279635,0.038926174496644296,1.3274289906718373,1.0429612943622815,0.3071337519634311,1.0
16,34,0.05167173252279635,0.038926174496644296,1.3274289906718373,1.0429612943622815,0.3071337519634311,1.0
action,32,0.0486322188449848,0.036241610738255034,1.3418890014634695,1.0417825355290626,0.3074072634220667,1.0
adult,19,0.028875379939209727,0.040268456375838924,0.7170719351570416,1.028781496260738,0.3104450310503573,1.0
severity,19,0.028875379939209727,0.040268456375838924,0.7170719351570416,1.028781496260738,0.3104450310503573,1.0
mean,19,0.028875379939209727,0.040268456375838924,0.7170719351570416,1.028781496260738,0.3104450310503573,1.0
provides,26,0.03951367781155015,0.052348993288590606,0.7548125633232016,1.0285072045419932,0.31050954042895,1.0
amygdala,159,0.24164133738601823,0.2174496644295302,1.1112518293369356,1.0258337954299388,0.3111392019699439,1.0
contrast,98,0.14893617021276595,0.12885906040268458,1.1558067375886523,1.0195003515046681,0.31263755649029545,1.0
abstract,5,0.007598784194528876,0.01476510067114094,0.5146449295385466,1.0194248985207868,0.31265546367588254,1.0
variant,5,0.007598784194528876,0.01476510067114094,0.5146449295385466,1.0194248985207868,0.31265546367588254,1.0
variety,5,0.007598784194528876,0.01476510067114094,0.5146449295385466,1.0194248985207868,0.31265546367588254,1.0
true,5,0.007598784194528876,0.01476510067114094,0.5146449295385466,1.0194248985207868,0.31265546367588254,1.0
instructions,5,0.007598784194528876,0.01476510067114094,0.5146449295385466,1.0194248985207868,0.31265546367588254,1.0
expressed,5,0.007598784194528876,0.01476510067114094,0.5146449295385466,1.0194248985207868,0.31265546367588254,1.0
novelty,5,0.007598784194528876,0.01476510067114094,0.5146449295385466,1.0194248985207868,0.31265546367588254,1.0
regardless,10,0.015197568389057751,0.024161073825503355,0.6290104694360014,1.0135747504316341,0.3140479599709288,1.0
auditory,30,0.04559270516717325,0.05906040268456376,0.7719673943078198,1.0132029215323597,0.3141367390351363,1.0
task involving,3,0.004559270516717325,0.010738255033557046,0.4245820668693009,1.0125651210404534,0.31428909873059646,1.0
correspond,3,0.004559270516717325,0.010738255033557046,0.4245820668693009,1.0125651210404534,0.31428909873059646,1.0
frontal cortices,3,0.004559270516717325,0.010738255033557046,0.4245820668693009,1.0125651210404534,0.31428909873059646,1.0
sufficient,3,0.004559270516717325,0.010738255033557046,0.4245820668693009,1.0125651210404534,0.31428909873059646,1.0
approximately,3,0.004559270516717325,0.010738255033557046,0.4245820668693009,1.0125651210404534,0.31428909873059646,1.0
persons,3,0.004559270516717325,0.010738255033557046,0.4245820668693009,1.0125651210404534,0.31428909873059646,1.0
signal task,3,0.004559270516717325,0.010738255033557046,0.4245820668693009,1.0125651210404534,0.31428909873059646,1.0
took,3,0.004559270516717325,0.010738255033557046,0.4245820668693009,1.0125651210404534,0.31428909873059646,1.0
emphasize,3,0.004559270516717325,0.010738255033557046,0.4245820668693009,1.0125651210404534,0.31428909873059646,1.0
attempted,3,0.004559270516717325,0.010738255033557046,0.4245820668693009,1.0125651210404534,0.31428909873059646,1.0
paced,3,0.004559270516717325,0.010738255033557046,0.4245820668693009,1.0125651210404534,0.31428909873059646,1.0
anatomy,3,0.004559270516717325,0.010738255033557046,0.4245820668693009,1.0125651210404534,0.31428909873059646,1.0
attention network,10,0.015197568389057751,0.008053691275167786,1.887031408308004,1.0114634991811264,0.3145524850425699,1.0
negative affect,10,0.015197568389057751,0.008053691275167786,1.887031408308004,1.0114634991811264,0.3145524850425699,1.0
ongoing,10,0.015197568389057751,0.008053691275167786,1.887031408308004,1.0114634991811264,0.3145524850425699,1.0
centered,10,0.015197568389057751,0.008053691275167786,1.887031408308004,1.0114634991811264,0.3145524850425699,1.0
discrete,10,0.015197568389057751,0.008053691275167786,1.887031408308004,1.0114634991811264,0.3145524850425699,1.0
variations,10,0.015197568389057751,0.008053691275167786,1.887031408308004,1.0114634991811264,0.3145524850425699,1.0
amygdala response,10,0.015197568389057751,0.008053691275167786,1.887031408308004,1.0114634991811264,0.3145524850425699,1.0
connectivity fc,10,0.015197568389057751,0.008053691275167786,1.887031408308004,1.0114634991811264,0.3145524850425699,1.0
blocks,13,0.019756838905775075,0.02953020134228188,0.6690384084001105,0.9996818057102775,0.31738751381716074,1.0
lobe mtl,13,0.019756838905775075,0.02953020134228188,0.6690384084001105,0.9996818057102775,0.31738751381716074,1.0
detected,13,0.019756838905775075,0.02953020134228188,0.6690384084001105,0.9996818057102775,0.31738751381716074,1.0
posterior parietal,13,0.019756838905775075,0.02953020134228188,0.6690384084001105,0.9996818057102775,0.31738751381716074,1.0
memory task,23,0.034954407294832825,0.04697986577181208,0.7440295267042987,0.9895676713399203,0.3198480623488724,1.0
medial prefrontal,61,0.09270516717325228,0.07651006711409396,1.2116727990188236,0.9887068046959464,0.3200586482388818,1.0
middle,80,0.12158054711246201,0.14093959731543623,0.8626429295122305,0.9810383890195365,0.3219425790425271,1.0
ability,59,0.08966565349544073,0.0738255033557047,1.2145620337109697,0.9717569043249399,0.3242424025881604,1.0
tendency,11,0.016717325227963525,0.009395973154362415,1.7792010421189752,0.9571879264224569,0.32789639607774856,1.0
sma,11,0.016717325227963525,0.009395973154362415,1.7792010421189752,0.9571879264224569,0.32789639607774856,1.0
voxel wise,11,0.016717325227963525,0.009395973154362415,1.7792010421189752,0.9571879264224569,0.32789639607774856,1.0
orientation,11,0.016717325227963525,0.009395973154362415,1.7792010421189752,0.9571879264224569,0.32789639607774856,1.0
cortex inferior,11,0.016717325227963525,0.009395973154362415,1.7792010421189752,0.9571879264224569,0.32789639607774856,1.0
modulatory,11,0.016717325227963525,0.009395973154362415,1.7792010421189752,0.9571879264224569,0.32789639607774856,1.0
dose,11,0.016717325227963525,0.009395973154362415,1.7792010421189752,0.9571879264224569,0.32789639607774856,1.0
hz,11,0.016717325227963525,0.009395973154362415,1.7792010421189752,0.9571879264224569,0.32789639607774856,1.0
common,44,0.0668693009118541,0.08187919463087248,0.8166824455628082,0.930472165085558,0.3347402633300166,1.0
cortices,67,0.10182370820668693,0.11946308724832215,0.852344523752604,0.9288100732359974,0.3351723177992572,1.0
diffusion,8,0.0121580547112462,0.020134228187919462,0.6038500506585613,0.9282664827318914,0.33531378393973305,1.0
cortico,8,0.0121580547112462,0.020134228187919462,0.6038500506585613,0.9282664827318914,0.33531378393973305,1.0
hypotheses,8,0.0121580547112462,0.020134228187919462,0.6038500506585613,0.9282664827318914,0.33531378393973305,1.0
stable,8,0.0121580547112462,0.020134228187919462,0.6038500506585613,0.9282664827318914,0.33531378393973305,1.0
effective connectivity,12,0.0182370820668693,0.010738255033557046,1.6983282674772036,0.9154850896497,0.33866323950783955,1.0
existence,12,0.0182370820668693,0.010738255033557046,1.6983282674772036,0.9154850896497,0.33866323950783955,1.0
non,72,0.1094224924012158,0.09261744966442953,1.1814457512884895,0.9135586710410697,0.33917195842889514,1.0
indicated,36,0.0547112462006079,0.06845637583892618,0.7992133023422134,0.9109001481433154,0.3398756957026789,1.0
altered,32,0.0486322188449848,0.06174496644295302,0.787630500858993,0.908120655196033,0.3406135563886895,1.0
supplementary motor,14,0.02127659574468085,0.03087248322147651,0.6891766882516188,0.9071639062900261,0.3408680393396775,1.0
deactivation,14,0.02127659574468085,0.03087248322147651,0.6891766882516188,0.9071639062900261,0.3408680393396775,1.0
frontal parietal,14,0.02127659574468085,0.03087248322147651,0.6891766882516188,0.9071639062900261,0.3408680393396775,1.0
networks,88,0.1337386018237082,0.15302013422818792,0.8739934943742335,0.9033308996168855,0.34189014190450595,1.0
intraparietal,11,0.016717325227963525,0.025503355704697986,0.6554951207806751,0.9032640227358398,0.34190801180483954,1.0
analyses,86,0.13069908814589665,0.11275167785234899,1.1591764365320596,0.8950723618111025,0.3441064374347611,1.0
dorsolateral prefrontal,45,0.06838905775075987,0.08322147651006712,0.8217717423276791,0.8907408286032084,0.34527662933986547,1.0
understood,21,0.031914893617021274,0.042953020134228186,0.7430186170212766,0.8871876120106024,0.3462405779494657,1.0
procedure,13,0.019756838905775075,0.012080536912751677,1.6354272205336036,0.8829328449682127,0.34739965320255994,1.0
shape,13,0.019756838905775075,0.012080536912751677,1.6354272205336036,0.8829328449682127,0.34739965320255994,1.0
attenuated,13,0.019756838905775075,0.012080536912751677,1.6354272205336036,0.8829328449682127,0.34739965320255994,1.0
conditioned,13,0.019756838905775075,0.012080536912751677,1.6354272205336036,0.8829328449682127,0.34739965320255994,1.0
40,13,0.019756838905775075,0.012080536912751677,1.6354272205336036,0.8829328449682127,0.34739965320255994,1.0
29,13,0.019756838905775075,0.012080536912751677,1.6354272205336036,0.8829328449682127,0.34739965320255994,1.0
interactions,46,0.06990881458966565,0.056375838926174496,1.2400492111738313,0.8704474823182048,0.3508314564175494,1.0
human,110,0.16717325227963525,0.1476510067114094,1.1322188449848023,0.8649050242427252,0.35236968591505236,1.0
parietal,152,0.23100303951367782,0.2536912751677852,0.9105675367073544,0.8581707833692563,0.35425109158900603,1.0
passive,14,0.02127659574468085,0.013422818791946308,1.5851063829787233,0.8572497991918157,0.35450946185333276,1.0
ages,14,0.02127659574468085,0.013422818791946308,1.5851063829787233,0.8572497991918157,0.35450946185333276,1.0
10,44,0.0668693009118541,0.053691275167785234,1.2454407294832825,0.8565844090417206,0.3546962889469344,1.0
salience,18,0.02735562310030395,0.03758389261744966,0.7278549717759445,0.8526995651120134,0.35578976402258355,1.0
high resolution,6,0.00911854103343465,0.016107382550335572,0.5661094224924011,0.8521711959926663,0.3559388417549585,1.0
gyrus anterior,6,0.00911854103343465,0.016107382550335572,0.5661094224924011,0.8521711959926663,0.3559388417549585,1.0
locations,6,0.00911854103343465,0.016107382550335572,0.5661094224924011,0.8521711959926663,0.3559388417549585,1.0
alternative,6,0.00911854103343465,0.016107382550335572,0.5661094224924011,0.8521711959926663,0.3559388417549585,1.0
feeling,6,0.00911854103343465,0.016107382550335572,0.5661094224924011,0.8521711959926663,0.3559388417549585,1.0
calculated,6,0.00911854103343465,0.016107382550335572,0.5661094224924011,0.8521711959926663,0.3559388417549585,1.0
demonstrates,6,0.00911854103343465,0.016107382550335572,0.5661094224924011,0.8521711959926663,0.3559388417549585,1.0
game,6,0.00911854103343465,0.016107382550335572,0.5661094224924011,0.8521711959926663,0.3559388417549585,1.0
fronto parietal,15,0.022796352583586626,0.01476510067114094,1.5439347886156396,0.8368565598121637,0.360297346598922,1.0
supramarginal,15,0.022796352583586626,0.01476510067114094,1.5439347886156396,0.8368565598121637,0.360297346598922,1.0
underpinnings,15,0.022796352583586626,0.01476510067114094,1.5439347886156396,0.8368565598121637,0.360297346598922,1.0
include,15,0.022796352583586626,0.01476510067114094,1.5439347886156396,0.8368565598121637,0.360297346598922,1.0
hyperactivity,15,0.022796352583586626,0.01476510067114094,1.5439347886156396,0.8368565598121637,0.360297346598922,1.0
representing,15,0.022796352583586626,0.01476510067114094,1.5439347886156396,0.8368565598121637,0.360297346598922,1.0
angular gyrus,15,0.022796352583586626,0.01476510067114094,1.5439347886156396,0.8368565598121637,0.360297346598922,1.0
eeg,15,0.022796352583586626,0.01476510067114094,1.5439347886156396,0.8368565598121637,0.360297346598922,1.0
eye,15,0.022796352583586626,0.01476510067114094,1.5439347886156396,0.8368565598121637,0.360297346598922,1.0
dopaminergic,15,0.022796352583586626,0.01476510067114094,1.5439347886156396,0.8368565598121637,0.360297346598922,1.0
scanning,40,0.060790273556231005,0.04832214765100671,1.2580209388720027,0.8307412817813139,0.3620582672163498,1.0
dysfunction,22,0.03343465045592705,0.04429530201342282,0.7548125633232016,0.8248533881407134,0.363764959893764,1.0
strategies,15,0.022796352583586626,0.032214765100671144,0.7076367781155014,0.8248424127401972,0.3637681516525384,1.0
characterized,38,0.057750759878419454,0.07114093959731543,0.8117795492343867,0.8238838480489743,0.36404706164049605,1.0
ba,16,0.0243161094224924,0.016107382550335572,1.5096251266464031,0.8206250206974632,0.36499748784677466,1.0
physical,16,0.0243161094224924,0.016107382550335572,1.5096251266464031,0.8206250206974632,0.36499748784677466,1.0
lesions,9,0.013677811550151976,0.021476510067114093,0.6368731003039514,0.8094927378654605,0.36827026539618735,1.0
sample,36,0.0547112462006079,0.042953020134228186,1.2737462006079028,0.8080075125585527,0.3687099866403314,1.0
linear,17,0.025835866261398176,0.0174496644295302,1.4805938742108957,0.8077279335135786,0.3687928415618148,1.0
population,17,0.025835866261398176,0.0174496644295302,1.4805938742108957,0.8077279335135786,0.3687928415618148,1.0
despite,35,0.05319148936170213,0.04161073825503356,1.2783115991763898,0.8029224904843055,0.3702210268338981,1.0
difference,34,0.05167173252279635,0.040268456375838924,1.2831813576494429,0.7981163223800556,0.3716571555452337,1.0
line,18,0.02735562310030395,0.01879194630872483,1.455709943551889,0.7975448898639407,0.37182842225959056,1.0
temporo,18,0.02735562310030395,0.01879194630872483,1.455709943551889,0.7975448898639407,0.37182842225959056,1.0
errors,18,0.02735562310030395,0.01879194630872483,1.455709943551889,0.7975448898639407,0.37182842225959056,1.0
activate,18,0.02735562310030395,0.01879194630872483,1.455709943551889,0.7975448898639407,0.37182842225959056,1.0
familiar,18,0.02735562310030395,0.01879194630872483,1.455709943551889,0.7975448898639407,0.37182842225959056,1.0
high risk,4,0.0060790273556231,0.012080536912751677,0.503208375548801,0.7950734451676156,0.3725704224108236,1.0
diagnosis,4,0.0060790273556231,0.012080536912751677,0.503208375548801,0.7950734451676156,0.3725704224108236,1.0
losses,4,0.0060790273556231,0.012080536912751677,0.503208375548801,0.7950734451676156,0.3725704224108236,1.0
retention,4,0.0060790273556231,0.012080536912751677,0.503208375548801,0.7950734451676156,0.3725704224108236,1.0
main effect,4,0.0060790273556231,0.012080536912751677,0.503208375548801,0.7950734451676156,0.3725704224108236,1.0
estimated,4,0.0060790273556231,0.012080536912751677,0.503208375548801,0.7950734451676156,0.3725704224108236,1.0
concerning,4,0.0060790273556231,0.012080536912751677,0.503208375548801,0.7950734451676156,0.3725704224108236,1.0
measuring,4,0.0060790273556231,0.012080536912751677,0.503208375548801,0.7950734451676156,0.3725704224108236,1.0
family,4,0.0060790273556231,0.012080536912751677,0.503208375548801,0.7950734451676156,0.3725704224108236,1.0
enhancing,4,0.0060790273556231,0.012080536912751677,0.503208375548801,0.7950734451676156,0.3725704224108236,1.0
respective,4,0.0060790273556231,0.012080536912751677,0.503208375548801,0.7950734451676156,0.3725704224108236,1.0
effect,98,0.14893617021276595,0.16778523489932887,0.8876595744680851,0.7929609484709305,0.3732062987622512,1.0
13,19,0.028875379939209727,0.020134228187919462,1.4341438703140832,0.7896014862053015,0.37422065451422537,1.0
bold signal,32,0.0486322188449848,0.03758389261744966,1.2939643942683456,0.7894407161051804,0.3742692942435414,1.0
seen,31,0.04711246200607903,0.036241610738255034,1.2999549701677362,0.7856300408596921,0.3754247847560436,1.0
literature,20,0.030395136778115502,0.021476510067114093,1.4152735562310033,0.7835287671264669,0.37606408542847536,1.0
cognitive processes,20,0.030395136778115502,0.021476510067114093,1.4152735562310033,0.7835287671264669,0.37606408542847536,1.0
affected,30,0.04559270516717325,0.0348993288590604,1.306406359597849,0.7822169850101842,0.3764639634448712,1.0
scale,30,0.04559270516717325,0.0348993288590604,1.306406359597849,0.7822169850101842,0.3764639634448712,1.0
recently,29,0.044072948328267476,0.03355704697986577,1.3133738601823708,0.7792426390086814,0.3773728678057815,1.0
real,21,0.031914893617021274,0.022818791946308724,1.3986232790988735,0.7790354760142287,0.37743628789708306,1.0
mediate,21,0.031914893617021274,0.022818791946308724,1.3986232790988735,0.7790354760142287,0.37743628789708306,1.0
cortex acc,21,0.031914893617021274,0.022818791946308724,1.3986232790988735,0.7790354760142287,0.37743628789708306,1.0
relatively,27,0.041033434650455926,0.03087248322147651,1.3291264701995507,0.7748074093635865,0.378733938222481,1.0
predictive,23,0.034954407294832825,0.025503355704697986,1.370580707086866,0.7738996479000465,0.3790133620689642,1.0
personality,26,0.03951367781155015,0.02953020134228188,1.338076816800221,0.7734657985505654,0.379147010697208,1.0
mapping,25,0.037993920972644375,0.028187919463087248,1.34787957736286,0.7728050266592752,0.37935069128433563,1.0
unclear,31,0.04711246200607903,0.05906040268456376,0.7976996407847472,0.7637614756111416,0.3821539359401501,1.0
men,16,0.0243161094224924,0.03355704697986577,0.7246200607902735,0.7512281323494711,0.3860876751687278,1.0
primary,36,0.0547112462006079,0.06711409395973154,0.8151975683890578,0.7309936837320765,0.3925612864413378,1.0
inhibition,20,0.030395136778115502,0.040268456375838924,0.7548125633232017,0.7245921468065348,0.3946417203816762,1.0
personal,13,0.019756838905775075,0.028187919463087248,0.7008973802286872,0.7240376430321791,0.39482267426036977,1.0
delayed,13,0.019756838905775075,0.028187919463087248,0.7008973802286872,0.7240376430321791,0.39482267426036977,1.0
temporal pole,13,0.019756838905775075,0.028187919463087248,0.7008973802286872,0.7240376430321791,0.39482267426036977,1.0
encoding retrieval,13,0.019756838905775075,0.028187919463087248,0.7008973802286872,0.7240376430321791,0.39482267426036977,1.0
responding,13,0.019756838905775075,0.028187919463087248,0.7008973802286872,0.7240376430321791,0.39482267426036977,1.0
language,32,0.0486322188449848,0.06040268456375839,0.8051334008780817,0.7201121807171642,0.3961071143118784,1.0
months,7,0.010638297872340425,0.0174496644295302,0.6096563011456629,0.7197940718125698,0.39621146563268683,1.0
interact,7,0.010638297872340425,0.0174496644295302,0.6096563011456629,0.7197940718125698,0.39621146563268683,1.0
tensor,7,0.010638297872340425,0.0174496644295302,0.6096563011456629,0.7197940718125698,0.39621146563268683,1.0
variable,7,0.010638297872340425,0.0174496644295302,0.6096563011456629,0.7197940718125698,0.39621146563268683,1.0
short term,7,0.010638297872340425,0.0174496644295302,0.6096563011456629,0.7197940718125698,0.39621146563268683,1.0
following,50,0.07598784194528875,0.06308724832214765,1.2044881329625556,0.7141994668831485,0.3980532058966242,1.0
depend,10,0.015197568389057751,0.022818791946308724,0.6660110852851779,0.7093614615400157,0.3996558727096552,1.0
periods,10,0.015197568389057751,0.022818791946308724,0.6660110852851779,0.7093614615400157,0.3996558727096552,1.0
manner,10,0.015197568389057751,0.022818791946308724,0.6660110852851779,0.7093614615400157,0.3996558727096552,1.0
linguistic,10,0.015197568389057751,0.022818791946308724,0.6660110852851779,0.7093614615400157,0.3996558727096552,1.0
ms,10,0.015197568389057751,0.022818791946308724,0.6660110852851779,0.7093614615400157,0.3996558727096552,1.0
sentences,10,0.015197568389057751,0.022818791946308724,0.6660110852851779,0.7093614615400157,0.3996558727096552,1.0
predicted,49,0.07446808510638298,0.06174496644295302,1.2060592044403329,0.7057613409484129,0.4008545454175614,1.0
years,37,0.05623100303951368,0.06845637583892618,0.8214136718517194,0.6925078178814111,0.4053126865506621,1.0
resolution,17,0.025835866261398176,0.0348993288590604,0.7402969371054479,0.6851089481413373,0.40783300795660427,1.0
considered,17,0.025835866261398176,0.0348993288590604,0.7402969371054479,0.6851089481413373,0.40783300795660427,1.0
supports,17,0.025835866261398176,0.0348993288590604,0.7402969371054479,0.6851089481413373,0.40783300795660427,1.0
structures,64,0.0972644376899696,0.08322147651006712,1.1687420335326992,0.679895727966769,0.409622632127532,1.0
additionally,33,0.05015197568389058,0.06174496644295302,0.8122439540108365,0.6790170783052193,0.40992539524417093,1.0
fields,7,0.010638297872340425,0.005369127516778523,1.9813829787234043,0.6616861274302029,0.41596530729701653,1.0
minimal,7,0.010638297872340425,0.005369127516778523,1.9813829787234043,0.6616861274302029,0.41596530729701653,1.0
33,7,0.010638297872340425,0.005369127516778523,1.9813829787234043,0.6616861274302029,0.41596530729701653,1.0
attend,7,0.010638297872340425,0.005369127516778523,1.9813829787234043,0.6616861274302029,0.41596530729701653,1.0
dorsal medial,7,0.010638297872340425,0.005369127516778523,1.9813829787234043,0.6616861274302029,0.41596530729701653,1.0
fronto striatal,7,0.010638297872340425,0.005369127516778523,1.9813829787234043,0.6616861274302029,0.41596530729701653,1.0
100,7,0.010638297872340425,0.005369127516778523,1.9813829787234043,0.6616861274302029,0.41596530729701653,1.0
observer,7,0.010638297872340425,0.005369127516778523,1.9813829787234043,0.6616861274302029,0.41596530729701653,1.0
receptor,7,0.010638297872340425,0.005369127516778523,1.9813829787234043,0.6616861274302029,0.41596530729701653,1.0
distress,7,0.010638297872340425,0.005369127516778523,1.9813829787234043,0.6616861274302029,0.41596530729701653,1.0
capture,7,0.010638297872340425,0.005369127516778523,1.9813829787234043,0.6616861274302029,0.41596530729701653,1.0
pharmacological,7,0.010638297872340425,0.005369127516778523,1.9813829787234043,0.6616861274302029,0.41596530729701653,1.0
signaling,7,0.010638297872340425,0.005369127516778523,1.9813829787234043,0.6616861274302029,0.41596530729701653,1.0
efficacy,7,0.010638297872340425,0.005369127516778523,1.9813829787234043,0.6616861274302029,0.41596530729701653,1.0
online,7,0.010638297872340425,0.005369127516778523,1.9813829787234043,0.6616861274302029,0.41596530729701653,1.0
broad,7,0.010638297872340425,0.005369127516778523,1.9813829787234043,0.6616861274302029,0.41596530729701653,1.0
regulation,42,0.06382978723404255,0.052348993288590606,1.2193126022913257,0.6486882103749572,0.42058206931247055,1.0
design,42,0.06382978723404255,0.052348993288590606,1.2193126022913257,0.6486882103749572,0.42058206931247055,1.0
additional,34,0.05167173252279635,0.06308724832214765,0.8190519304145379,0.6402884921028409,0.4236063493132314,1.0
middle temporal,34,0.05167173252279635,0.06308724832214765,0.8190519304145379,0.6402884921028409,0.4236063493132314,1.0
functional connectivity,100,0.1519756838905775,0.13557046979865772,1.1210087574106955,0.6383020887268758,0.4243263049796695,1.0
deactivated,5,0.007598784194528876,0.013422818791946308,0.5661094224924013,0.637506374500521,0.4246152201431942,1.0
markers,5,0.007598784194528876,0.013422818791946308,0.5661094224924013,0.637506374500521,0.4246152201431942,1.0
linking,5,0.007598784194528876,0.013422818791946308,0.5661094224924013,0.637506374500521,0.4246152201431942,1.0
somatosensory cortex,5,0.007598784194528876,0.013422818791946308,0.5661094224924013,0.637506374500521,0.4246152201431942,1.0
refers,5,0.007598784194528876,0.013422818791946308,0.5661094224924013,0.637506374500521,0.4246152201431942,1.0
fluency,5,0.007598784194528876,0.013422818791946308,0.5661094224924013,0.637506374500521,0.4246152201431942,1.0
anterior prefrontal,5,0.007598784194528876,0.013422818791946308,0.5661094224924013,0.637506374500521,0.4246152201431942,1.0
medial temporal,63,0.09574468085106383,0.11006711409395974,0.8698754540736896,0.6266027516291045,0.4286041920394267,1.0
pairs,18,0.02735562310030395,0.036241610738255034,0.7548125633232016,0.6254882466055693,0.42901510057350656,1.0
poorly understood,11,0.016717325227963525,0.024161073825503355,0.6919115163796015,0.6240198454278661,0.4295573970090474,1.0
superior,121,0.1838905775075988,0.16644295302013423,1.1048264535738799,0.6218793428414247,0.430349766656441,1.0
separate,22,0.03343465045592705,0.042953020134228186,0.7784004559270516,0.6175137602333757,0.4319726913875249,1.0
finally,22,0.03343465045592705,0.042953020134228186,0.7784004559270516,0.6175137602333757,0.4319726913875249,1.0
implicate,8,0.0121580547112462,0.006711409395973154,1.811550151975684,0.6137453155417274,0.43338110759077897,1.0
enables,8,0.0121580547112462,0.006711409395973154,1.811550151975684,0.6137453155417274,0.43338110759077897,1.0
moderate,8,0.0121580547112462,0.006711409395973154,1.811550151975684,0.6137453155417274,0.43338110759077897,1.0
known involved,8,0.0121580547112462,0.006711409395973154,1.811550151975684,0.6137453155417274,0.43338110759077897,1.0
high functioning,8,0.0121580547112462,0.006711409395973154,1.811550151975684,0.6137453155417274,0.43338110759077897,1.0
isolated,8,0.0121580547112462,0.006711409395973154,1.811550151975684,0.6137453155417274,0.43338110759077897,1.0
39,8,0.0121580547112462,0.006711409395973154,1.811550151975684,0.6137453155417274,0.43338110759077897,1.0
situation,8,0.0121580547112462,0.006711409395973154,1.811550151975684,0.6137453155417274,0.43338110759077897,1.0
initially,8,0.0121580547112462,0.006711409395973154,1.811550151975684,0.6137453155417274,0.43338110759077897,1.0
amygdala responses,8,0.0121580547112462,0.006711409395973154,1.811550151975684,0.6137453155417274,0.43338110759077897,1.0
hypothalamus,8,0.0121580547112462,0.006711409395973154,1.811550151975684,0.6137453155417274,0.43338110759077897,1.0
expertise,8,0.0121580547112462,0.006711409395973154,1.811550151975684,0.6137453155417274,0.43338110759077897,1.0
inconsistent,8,0.0121580547112462,0.01879194630872483,0.6469821971341728,0.6127873635273757,0.433740244643231,1.0
bases,8,0.0121580547112462,0.01879194630872483,0.6469821971341728,0.6127873635273757,0.433740244643231,1.0
controls hc,8,0.0121580547112462,0.01879194630872483,0.6469821971341728,0.6127873635273757,0.433740244643231,1.0
recognition task,8,0.0121580547112462,0.01879194630872483,0.6469821971341728,0.6127873635273757,0.433740244643231,1.0
contralateral,8,0.0121580547112462,0.01879194630872483,0.6469821971341728,0.6127873635273757,0.433740244643231,1.0
temporoparietal,8,0.0121580547112462,0.01879194630872483,0.6469821971341728,0.6127873635273757,0.433740244643231,1.0
cause,8,0.0121580547112462,0.01879194630872483,0.6469821971341728,0.6127873635273757,0.433740244643231,1.0
consisted,8,0.0121580547112462,0.01879194630872483,0.6469821971341728,0.6127873635273757,0.433740244643231,1.0
frontal temporal,8,0.0121580547112462,0.01879194630872483,0.6469821971341728,0.6127873635273757,0.433740244643231,1.0
degree,37,0.05623100303951368,0.04563758389261745,1.2321205077775792,0.6105141570644157,0.43459428658684607,1.0
mental,35,0.05319148936170213,0.06442953020134229,0.8255762411347517,0.6037568441257248,0.437148199319764,1.0
familiarity,15,0.022796352583586626,0.03087248322147651,0.7384035945553059,0.585501625932539,0.44416390301511555,1.0
onset,15,0.022796352583586626,0.03087248322147651,0.7384035945553059,0.585501625932539,0.44416390301511555,1.0
category,15,0.022796352583586626,0.03087248322147651,0.7384035945553059,0.585501625932539,0.44416390301511555,1.0
recognition memory,15,0.022796352583586626,0.03087248322147651,0.7384035945553059,0.585501625932539,0.44416390301511555,1.0
states,33,0.05015197568389058,0.040268456375838924,1.2454407294832828,0.5820560975453509,0.44550752300591834,1.0
beta,9,0.013677811550151976,0.008053691275167786,1.6983282674772036,0.5808041912863273,0.4459972761663369,1.0
spatiotemporal,9,0.013677811550151976,0.008053691275167786,1.6983282674772036,0.5808041912863273,0.4459972761663369,1.0
31,9,0.013677811550151976,0.008053691275167786,1.6983282674772036,0.5808041912863273,0.4459972761663369,1.0
inputs,9,0.013677811550151976,0.008053691275167786,1.6983282674772036,0.5808041912863273,0.4459972761663369,1.0
alpha,9,0.013677811550151976,0.008053691275167786,1.6983282674772036,0.5808041912863273,0.4459972761663369,1.0
numerous,9,0.013677811550151976,0.008053691275167786,1.6983282674772036,0.5808041912863273,0.4459972761663369,1.0
performance task,9,0.013677811550151976,0.008053691275167786,1.6983282674772036,0.5808041912863273,0.4459972761663369,1.0
anatomically,9,0.013677811550151976,0.008053691275167786,1.6983282674772036,0.5808041912863273,0.4459972761663369,1.0
depicting,9,0.013677811550151976,0.008053691275167786,1.6983282674772036,0.5808041912863273,0.4459972761663369,1.0
emotions,27,0.041033434650455926,0.05100671140939597,0.8044712845944649,0.5770529621184352,0.44746978964559203,1.0
attribution,3,0.004559270516717325,0.009395973154362415,0.48523664785062964,0.5726605090998335,0.4492036335976257,1.0
provides evidence,3,0.004559270516717325,0.009395973154362415,0.48523664785062964,0.5726605090998335,0.4492036335976257,1.0
schizophrenic,3,0.004559270516717325,0.009395973154362415,0.48523664785062964,0.5726605090998335,0.4492036335976257,1.0
mediates,3,0.004559270516717325,0.009395973154362415,0.48523664785062964,0.5726605090998335,0.4492036335976257,1.0
functional structural,3,0.004559270516717325,0.009395973154362415,0.48523664785062964,0.5726605090998335,0.4492036335976257,1.0
discriminated,3,0.004559270516717325,0.009395973154362415,0.48523664785062964,0.5726605090998335,0.4492036335976257,1.0
posterior anterior,3,0.004559270516717325,0.009395973154362415,0.48523664785062964,0.5726605090998335,0.4492036335976257,1.0
suffering,3,0.004559270516717325,0.009395973154362415,0.48523664785062964,0.5726605090998335,0.4492036335976257,1.0
arithmetic,3,0.004559270516717325,0.009395973154362415,0.48523664785062964,0.5726605090998335,0.4492036335976257,1.0
prefrontal cortical,3,0.004559270516717325,0.009395973154362415,0.48523664785062964,0.5726605090998335,0.4492036335976257,1.0
seven,3,0.004559270516717325,0.009395973154362415,0.48523664785062964,0.5726605090998335,0.4492036335976257,1.0
repeat,3,0.004559270516717325,0.009395973154362415,0.48523664785062964,0.5726605090998335,0.4492036335976257,1.0
priori,3,0.004559270516717325,0.009395973154362415,0.48523664785062964,0.5726605090998335,0.4492036335976257,1.0
depending,19,0.028875379939209727,0.03758389261744966,0.7682913590968303,0.5715390660098801,0.44964797992927674,1.0
extent,36,0.0547112462006079,0.06577181208053691,0.8318342534582223,0.5692685255341187,0.45054973131898834,1.0
attention,80,0.12158054711246201,0.10738255033557047,1.1322188449848025,0.5636699810030795,0.452785319290819,1.0
responses,146,0.22188449848024316,0.2040268456375839,1.0875259958406656,0.5635837072970566,0.45281990547674134,1.0
consisting,10,0.015197568389057751,0.009395973154362415,1.617455492835432,0.557577209720664,0.4552380719663899,1.0
emotional valence,10,0.015197568389057751,0.009395973154362415,1.617455492835432,0.557577209720664,0.4552380719663899,1.0
automatically,10,0.015197568389057751,0.009395973154362415,1.617455492835432,0.557577209720664,0.4552380719663899,1.0
typical,10,0.015197568389057751,0.009395973154362415,1.617455492835432,0.557577209720664,0.4552380719663899,1.0
best,10,0.015197568389057751,0.009395973154362415,1.617455492835432,0.557577209720664,0.4552380719663899,1.0
music,10,0.015197568389057751,0.009395973154362415,1.617455492835432,0.557577209720664,0.4552380719663899,1.0
relevant,41,0.06231003039513678,0.0738255033557047,0.8440176844432163,0.5574395277024444,0.4552937392706875,1.0
specificity,12,0.0182370820668693,0.025503355704697986,0.715085586306191,0.5506093775232184,0.45806880967914043,1.0
relies,12,0.0182370820668693,0.025503355704697986,0.715085586306191,0.5506093775232184,0.45806880967914043,1.0
mechanisms,102,0.15501519756838905,0.1395973154362416,1.1104454056581716,0.54565620044873,0.46009802031672553,1.0
cognitive control,27,0.041033434650455926,0.032214765100671144,1.2737462006079026,0.5443843305131185,0.46062137594995645,1.0
serve,11,0.016717325227963525,0.010738255033557046,1.5568009118541033,0.5410043622760045,0.46201678400244495,1.0
distinguish,11,0.016717325227963525,0.010738255033557046,1.5568009118541033,0.5410043622760045,0.46201678400244495,1.0
computational,11,0.016717325227963525,0.010738255033557046,1.5568009118541033,0.5410043622760045,0.46201678400244495,1.0
preliminary,11,0.016717325227963525,0.010738255033557046,1.5568009118541033,0.5410043622760045,0.46201678400244495,1.0
irrelevant,11,0.016717325227963525,0.010738255033557046,1.5568009118541033,0.5410043622760045,0.46201678400244495,1.0
hemisphere,26,0.03951367781155015,0.03087248322147651,1.2798995638958637,0.5389106078548133,0.4628845568231207,1.0
facial,28,0.0425531914893617,0.052348993288590606,0.8128750681942171,0.5376106658942009,0.46342463424379055,1.0
number,37,0.05623100303951368,0.06711409395973154,0.8378419452887538,0.5366840611647476,0.46381021721439886,1.0
clinical,37,0.05623100303951368,0.06711409395973154,0.8378419452887538,0.5366840611647476,0.46381021721439886,1.0
signal,77,0.11702127659574468,0.10335570469798658,1.1322188449848025,0.5352206470517406,0.46442022276312445,1.0
implications,25,0.037993920972644375,0.02953020134228188,1.2866123238463663,0.5337360127101758,0.4650403833677351,1.0
repeated,25,0.037993920972644375,0.02953020134228188,1.2866123238463663,0.5337360127101758,0.4650403833677351,1.0
control,162,0.24620060790273557,0.22818791946308725,1.0789379581619882,0.5318250263284608,0.46584058958762564,1.0
sequences,12,0.0182370820668693,0.012080536912751677,1.5096251266464031,0.5291913978187579,0.4669470111090561,1.0
challenge,12,0.0182370820668693,0.012080536912751677,1.5096251266464031,0.5291913978187579,0.4669470111090561,1.0
ventral visual,12,0.0182370820668693,0.012080536912751677,1.5096251266464031,0.5291913978187579,0.4669470111090561,1.0
undergoing,12,0.0182370820668693,0.012080536912751677,1.5096251266464031,0.5291913978187579,0.4669470111090561,1.0
practice,12,0.0182370820668693,0.012080536912751677,1.5096251266464031,0.5291913978187579,0.4669470111090561,1.0
visual stimuli,12,0.0182370820668693,0.012080536912751677,1.5096251266464031,0.5291913978187579,0.4669470111090561,1.0
psychophysiological,12,0.0182370820668693,0.012080536912751677,1.5096251266464031,0.5291913978187579,0.4669470111090561,1.0
substantial,12,0.0182370820668693,0.012080536912751677,1.5096251266464031,0.5291913978187579,0.4669470111090561,1.0
requiring,12,0.0182370820668693,0.012080536912751677,1.5096251266464031,0.5291913978187579,0.4669470111090561,1.0
importantly,24,0.0364741641337386,0.028187919463087248,1.2939643942683456,0.5288968986658288,0.4670709956924922,1.0
impairments,24,0.0364741641337386,0.028187919463087248,1.2939643942683456,0.5288968986658288,0.4670709956924922,1.0
baseline,24,0.0364741641337386,0.04563758389261745,0.7992133023422134,0.5271306011141814,0.4678157187618026,1.0
mean age,9,0.013677811550151976,0.020134228187919462,0.6793313069908815,0.5248136594499762,0.4687955037515438,1.0
genotype,9,0.013677811550151976,0.020134228187919462,0.6793313069908815,0.5248136594499762,0.4687955037515438,1.0
remained,9,0.013677811550151976,0.020134228187919462,0.6793313069908815,0.5248136594499762,0.4687955037515438,1.0
sentence,9,0.013677811550151976,0.020134228187919462,0.6793313069908815,0.5248136594499762,0.4687955037515438,1.0
experienced,9,0.013677811550151976,0.020134228187919462,0.6793313069908815,0.5248136594499762,0.4687955037515438,1.0
resources,9,0.013677811550151976,0.020134228187919462,0.6793313069908815,0.5248136594499762,0.4687955037515438,1.0
opposite,9,0.013677811550151976,0.020134228187919462,0.6793313069908815,0.5248136594499762,0.4687955037515438,1.0
elicit,9,0.013677811550151976,0.020134228187919462,0.6793313069908815,0.5248136594499762,0.4687955037515438,1.0
elderly,9,0.013677811550151976,0.020134228187919462,0.6793313069908815,0.5248136594499762,0.4687955037515438,1.0
motivational,9,0.013677811550151976,0.020134228187919462,0.6793313069908815,0.5248136594499762,0.4687955037515438,1.0
task,282,0.42857142857142855,0.4080536912751678,1.050281954887218,0.5233384887698964,0.46942104168726295,1.0
theory mind,13,0.019756838905775075,0.013422818791946308,1.471884498480243,0.5209029718555985,0.4704567538976884,1.0
wise,13,0.019756838905775075,0.013422818791946308,1.471884498480243,0.5209029718555985,0.4704567538976884,1.0
conscious,13,0.019756838905775075,0.013422818791946308,1.471884498480243,0.5209029718555985,0.4704567538976884,1.0
frequency,22,0.03343465045592705,0.025503355704697986,1.3109902415613501,0.5204061089262683,0.4706684988918993,1.0
25,22,0.03343465045592705,0.025503355704697986,1.3109902415613501,0.5204061089262683,0.4706684988918993,1.0
deficit,22,0.03343465045592705,0.025503355704697986,1.3109902415613501,0.5204061089262683,0.4706684988918993,1.0
event,84,0.1276595744680851,0.14228187919463087,0.8972300281011641,0.5192776929793931,0.4711499603171432,1.0
close,6,0.00911854103343465,0.01476510067114094,0.6175739154462558,0.5187214082903594,0.47138760296546645,1.0
inferior prefrontal,6,0.00911854103343465,0.01476510067114094,0.6175739154462558,0.5187214082903594,0.47138760296546645,1.0
natural,6,0.00911854103343465,0.01476510067114094,0.6175739154462558,0.5187214082903594,0.47138760296546645,1.0
currently,6,0.00911854103343465,0.01476510067114094,0.6175739154462558,0.5187214082903594,0.47138760296546645,1.0
version,6,0.00911854103343465,0.01476510067114094,0.6175739154462558,0.5187214082903594,0.47138760296546645,1.0
temporoparietal junction,6,0.00911854103343465,0.01476510067114094,0.6175739154462558,0.5187214082903594,0.47138760296546645,1.0
cerebral blood,6,0.00911854103343465,0.01476510067114094,0.6175739154462558,0.5187214082903594,0.47138760296546645,1.0
improve,6,0.00911854103343465,0.01476510067114094,0.6175739154462558,0.5187214082903594,0.47138760296546645,1.0
semantically,6,0.00911854103343465,0.01476510067114094,0.6175739154462558,0.5187214082903594,0.47138760296546645,1.0
cortex ventral,6,0.00911854103343465,0.01476510067114094,0.6175739154462558,0.5187214082903594,0.47138760296546645,1.0
clarify,6,0.00911854103343465,0.01476510067114094,0.6175739154462558,0.5187214082903594,0.47138760296546645,1.0
propose,14,0.02127659574468085,0.01476510067114094,1.4410058027079304,0.5152990841222667,0.4728538769836895,1.0
environmental,14,0.02127659574468085,0.01476510067114094,1.4410058027079304,0.5152990841222667,0.4728538769836895,1.0
prefrontal cortices,14,0.02127659574468085,0.01476510067114094,1.4410058027079304,0.5152990841222667,0.4728538769836895,1.0
critically,14,0.02127659574468085,0.01476510067114094,1.4410058027079304,0.5152990841222667,0.4728538769836895,1.0
represented,14,0.02127659574468085,0.01476510067114094,1.4410058027079304,0.5152990841222667,0.4728538769836895,1.0
require,14,0.02127659574468085,0.01476510067114094,1.4410058027079304,0.5152990841222667,0.4728538769836895,1.0
times,20,0.030395136778115502,0.022818791946308724,1.3320221705703559,0.5138983134880075,0.47345615804756647,1.0
global,15,0.022796352583586626,0.016107382550335572,1.4152735562310028,0.5117886550237413,0.4743655844905622,1.0
dmn,19,0.028875379939209727,0.021476510067114093,1.344509878419453,0.5115894358042582,0.47445160982681944,1.0
displayed,19,0.028875379939209727,0.021476510067114093,1.344509878419453,0.5115894358042582,0.47445160982681944,1.0
independent,61,0.09270516717325228,0.08053691275167785,1.1510891590678825,0.5111535292382089,0.4746399280429472,1.0
activities,18,0.02735562310030395,0.020134228187919462,1.358662613981763,0.5100570969789759,0.4751141402838409,1.0
reactivity,18,0.02735562310030395,0.020134228187919462,1.358662613981763,0.5100570969789759,0.4751141402838409,1.0
automatic,16,0.0243161094224924,0.0174496644295302,1.3935001169043724,0.5099436911355376,0.47516323277441674,1.0
temporo parietal,16,0.0243161094224924,0.0174496644295302,1.3935001169043724,0.5099436911355376,0.47516323277441674,1.0
amplitude,16,0.0243161094224924,0.0174496644295302,1.3935001169043724,0.5099436911355376,0.47516323277441674,1.0
angular,17,0.025835866261398176,0.01879194630872483,1.3748371689101173,0.5094466769643037,0.4753784835317161,1.0
directed,17,0.025835866261398176,0.01879194630872483,1.3748371689101173,0.5094466769643037,0.4753784835317161,1.0
investigation,17,0.025835866261398176,0.01879194630872483,1.3748371689101173,0.5094466769643037,0.4753784835317161,1.0
able,17,0.025835866261398176,0.01879194630872483,1.3748371689101173,0.5094466769643037,0.4753784835317161,1.0
standard,17,0.025835866261398176,0.01879194630872483,1.3748371689101173,0.5094466769643037,0.4753784835317161,1.0
reward,43,0.06534954407294832,0.07651006711409396,0.8541300058657281,0.4996625444350826,0.47964843476190255,1.0
specifically,43,0.06534954407294832,0.07651006711409396,0.8541300058657281,0.4996625444350826,0.47964843476190255,1.0
demonstrated,73,0.11094224924012158,0.09798657718120805,1.1322188449848025,0.4977455627952649,0.480492380733638,1.0
crucial,13,0.019756838905775075,0.026845637583892617,0.7359422492401215,0.4869645403855541,0.48528448704123495,1.0
pictures,34,0.05167173252279635,0.06174496644295302,0.8368574071626801,0.48533330507693695,0.4860164284749402,1.0
according,17,0.025835866261398176,0.03355704697986577,0.7699088145896656,0.47605375441944375,0.4902152621251006,1.0
successful,44,0.0668693009118541,0.07785234899328859,0.8589246410229535,0.47288289862298943,0.491663881534535,1.0
previous,105,0.1595744680851064,0.14496644295302014,1.1007683215130024,0.4711364931300354,0.49246479270235644,1.0
positive,71,0.10790273556231003,0.12080536912751678,0.8931948665991218,0.45262801607863,0.5010895863230833,1.0
simultaneously,10,0.015197568389057751,0.021476510067114093,0.7076367781155016,0.45148554856540596,0.5016303340048454,1.0
secondary,10,0.015197568389057751,0.021476510067114093,0.7076367781155016,0.45148554856540596,0.5016303340048454,1.0
gain,10,0.015197568389057751,0.021476510067114093,0.7076367781155016,0.45148554856540596,0.5016303340048454,1.0
ifg,10,0.015197568389057751,0.021476510067114093,0.7076367781155016,0.45148554856540596,0.5016303340048454,1.0
adolescence,10,0.015197568389057751,0.021476510067114093,0.7076367781155016,0.45148554856540596,0.5016303340048454,1.0
pcc,10,0.015197568389057751,0.021476510067114093,0.7076367781155016,0.45148554856540596,0.5016303340048454,1.0
link,10,0.015197568389057751,0.021476510067114093,0.7076367781155016,0.45148554856540596,0.5016303340048454,1.0
dorsomedial prefrontal,10,0.015197568389057751,0.021476510067114093,0.7076367781155016,0.45148554856540596,0.5016303340048454,1.0
thalamus,40,0.060790273556231005,0.07114093959731543,0.8545047886677755,0.44913913345993695,0.5027440498759713,1.0
basis,40,0.060790273556231005,0.07114093959731543,0.8545047886677755,0.44913913345993695,0.5027440498759713,1.0
posterior cingulate,61,0.09270516717325228,0.10469798657718121,0.8854531992829865,0.4366704921256058,0.5087338602908524,1.0
free,14,0.02127659574468085,0.028187919463087248,0.7548125633232016,0.4314148128437519,0.5112955365475491,1.0
commonly,14,0.02127659574468085,0.028187919463087248,0.7548125633232016,0.4314148128437519,0.5112955365475491,1.0
superior parietal,14,0.02127659574468085,0.028187919463087248,0.7548125633232016,0.4314148128437519,0.5112955365475491,1.0
prediction,14,0.02127659574468085,0.028187919463087248,0.7548125633232016,0.4314148128437519,0.5112955365475491,1.0
driven,18,0.02735562310030395,0.0348993288590604,0.7838438157587094,0.4297658824971209,0.5121038484873821,1.0
explored,18,0.02735562310030395,0.0348993288590604,0.7838438157587094,0.4297658824971209,0.5121038484873821,1.0
experiences,18,0.02735562310030395,0.0348993288590604,0.7838438157587094,0.4297658824971209,0.5121038484873821,1.0
differentiated,4,0.0060790273556231,0.010738255033557046,0.5661094224924013,0.4293926102013437,0.5122871357324328,1.0
psychosis,4,0.0060790273556231,0.010738255033557046,0.5661094224924013,0.4293926102013437,0.5122871357324328,1.0
impulsivity,4,0.0060790273556231,0.010738255033557046,0.5661094224924013,0.4293926102013437,0.5122871357324328,1.0
individual variability,4,0.0060790273556231,0.010738255033557046,0.5661094224924013,0.4293926102013437,0.5122871357324328,1.0
clips,4,0.0060790273556231,0.010738255033557046,0.5661094224924013,0.4293926102013437,0.5122871357324328,1.0
task task,4,0.0060790273556231,0.010738255033557046,0.5661094224924013,0.4293926102013437,0.5122871357324328,1.0
uniquely,4,0.0060790273556231,0.010738255033557046,0.5661094224924013,0.4293926102013437,0.5122871357324328,1.0
induces,4,0.0060790273556231,0.010738255033557046,0.5661094224924013,0.4293926102013437,0.5122871357324328,1.0
develop,4,0.0060790273556231,0.010738255033557046,0.5661094224924013,0.4293926102013437,0.5122871357324328,1.0
spin,4,0.0060790273556231,0.010738255033557046,0.5661094224924013,0.4293926102013437,0.5122871357324328,1.0
special,4,0.0060790273556231,0.010738255033557046,0.5661094224924013,0.4293926102013437,0.5122871357324328,1.0
task using,4,0.0060790273556231,0.010738255033557046,0.5661094224924013,0.4293926102013437,0.5122871357324328,1.0
connectivity posterior,4,0.0060790273556231,0.010738255033557046,0.5661094224924013,0.4293926102013437,0.5122871357324328,1.0
negative emotions,4,0.0060790273556231,0.010738255033557046,0.5661094224924013,0.4293926102013437,0.5122871357324328,1.0
gyrus medial,4,0.0060790273556231,0.010738255033557046,0.5661094224924013,0.4293926102013437,0.5122871357324328,1.0
mesolimbic,4,0.0060790273556231,0.010738255033557046,0.5661094224924013,0.4293926102013437,0.5122871357324328,1.0
length,4,0.0060790273556231,0.010738255033557046,0.5661094224924013,0.4293926102013437,0.5122871357324328,1.0
risky,4,0.0060790273556231,0.010738255033557046,0.5661094224924013,0.4293926102013437,0.5122871357324328,1.0
pet,7,0.010638297872340425,0.016107382550335572,0.6604609929078014,0.42647818943142224,0.5137221263724523,1.0
cortex pcc,7,0.010638297872340425,0.016107382550335572,0.6604609929078014,0.42647818943142224,0.5137221263724523,1.0
mentalizing,7,0.010638297872340425,0.016107382550335572,0.6604609929078014,0.42647818943142224,0.5137221263724523,1.0
unfamiliar,7,0.010638297872340425,0.016107382550335572,0.6604609929078014,0.42647818943142224,0.5137221263724523,1.0
date,7,0.010638297872340425,0.016107382550335572,0.6604609929078014,0.42647818943142224,0.5137221263724523,1.0
diffusion tensor,7,0.010638297872340425,0.016107382550335572,0.6604609929078014,0.42647818943142224,0.5137221263724523,1.0
later,35,0.05319148936170213,0.04429530201342282,1.2008381689232752,0.422210305199242,0.5158362004353201,1.0
lobe,97,0.1474164133738602,0.1342281879194631,1.0982522796352585,0.4001608212521826,0.527006213774332,1.0
single,37,0.05623100303951368,0.06577181208053691,0.8549407604987285,0.3993694075647562,0.5274151008234612,1.0
interaction,62,0.09422492401215805,0.08322147651006712,1.1322188449848023,0.3973670366395738,0.5284521709982268,1.0
stage,11,0.016717325227963525,0.022818791946308724,0.7326121938136957,0.389669191907418,0.5324733397576435,1.0
heightened,11,0.016717325227963525,0.022818791946308724,0.7326121938136957,0.389669191907418,0.5324733397576435,1.0
partial,11,0.016717325227963525,0.022818791946308724,0.7326121938136957,0.389669191907418,0.5324733397576435,1.0
determined,11,0.016717325227963525,0.022818791946308724,0.7326121938136957,0.389669191907418,0.5324733397576435,1.0
adaptive,11,0.016717325227963525,0.022818791946308724,0.7326121938136957,0.389669191907418,0.5324733397576435,1.0
delay,19,0.028875379939209727,0.036241610738255034,0.796746594618935,0.38812761929425726,0.5332852500264178,1.0
basal ganglia,19,0.028875379939209727,0.036241610738255034,0.796746594618935,0.38812761929425726,0.5332852500264178,1.0
ganglia,19,0.028875379939209727,0.036241610738255034,0.796746594618935,0.38812761929425726,0.5332852500264178,1.0
striatal,28,0.0425531914893617,0.05100671140939597,0.8342665173572229,0.38436873969545415,0.5352743848097502,1.0
especially,28,0.0425531914893617,0.05100671140939597,0.8342665173572229,0.38436873969545415,0.5352743848097502,1.0
cerebellar,15,0.022796352583586626,0.02953020134228188,0.7719673943078198,0.3826508873649909,0.53618792973801,1.0
perceived,15,0.022796352583586626,0.02953020134228188,0.7719673943078198,0.3826508873649909,0.53618792973801,1.0
mild,15,0.022796352583586626,0.02953020134228188,0.7719673943078198,0.3826508873649909,0.53618792973801,1.0
characterize,15,0.022796352583586626,0.02953020134228188,0.7719673943078198,0.3826508873649909,0.53618792973801,1.0
resonance,293,0.4452887537993921,0.46308724832214765,0.9615655697986872,0.377503606198528,0.5389423013665192,1.0
disorder,72,0.1094224924012158,0.09798657718120805,1.1167089977932299,0.3774125513148566,0.5389912583857595,1.0
experiment,46,0.06990881458966565,0.06040268456375839,1.1573792637622424,0.37563112923294134,0.5399507065727112,1.0
provide evidence,28,0.0425531914893617,0.0348993288590604,1.2193126022913259,0.3656047704572509,0.5454098469172535,1.0
unique,28,0.0425531914893617,0.0348993288590604,1.2193126022913259,0.3656047704572509,0.5454098469172535,1.0
medial,169,0.256838905775076,0.27248322147651005,0.942586132031683,0.3622662322793924,0.5472503141136025,1.0
preserved,8,0.0121580547112462,0.0174496644295302,0.6967500584521862,0.35319938868976924,0.552307597377045,1.0
generalized,8,0.0121580547112462,0.0174496644295302,0.6967500584521862,0.35319938868976924,0.552307597377045,1.0
gains,8,0.0121580547112462,0.0174496644295302,0.6967500584521862,0.35319938868976924,0.552307597377045,1.0
did differ,8,0.0121580547112462,0.0174496644295302,0.6967500584521862,0.35319938868976924,0.552307597377045,1.0
neocortical,8,0.0121580547112462,0.0174496644295302,0.6967500584521862,0.35319938868976924,0.552307597377045,1.0
comprised,8,0.0121580547112462,0.0174496644295302,0.6967500584521862,0.35319938868976924,0.552307597377045,1.0
confirm,8,0.0121580547112462,0.0174496644295302,0.6967500584521862,0.35319938868976924,0.552307597377045,1.0
daily,8,0.0121580547112462,0.0174496644295302,0.6967500584521862,0.35319938868976924,0.552307597377045,1.0
temporal parietal,8,0.0121580547112462,0.0174496644295302,0.6967500584521862,0.35319938868976924,0.552307597377045,1.0
behaviour,8,0.0121580547112462,0.0174496644295302,0.6967500584521862,0.35319938868976924,0.552307597377045,1.0
lateral occipital,8,0.0121580547112462,0.0174496644295302,0.6967500584521862,0.35319938868976924,0.552307597377045,1.0
earlier,8,0.0121580547112462,0.0174496644295302,0.6967500584521862,0.35319938868976924,0.552307597377045,1.0
poorer,8,0.0121580547112462,0.0174496644295302,0.6967500584521862,0.35319938868976924,0.552307597377045,1.0
rates,8,0.0121580547112462,0.0174496644295302,0.6967500584521862,0.35319938868976924,0.552307597377045,1.0
phenomenon,8,0.0121580547112462,0.0174496644295302,0.6967500584521862,0.35319938868976924,0.552307597377045,1.0
cingulate,170,0.25835866261398177,0.2738255033557047,0.943515704154002,0.35206959937206533,0.5529439117078958,1.0
orbitofrontal cortex,34,0.05167173252279635,0.06040268456375839,0.8554542384329618,0.35039868800352475,0.5538875291990983,1.0
patterns,91,0.13829787234042554,0.1261744966442953,1.0960842009959257,0.34895358804575294,0.5547060769929946,1.0
widespread,25,0.037993920972644375,0.03087248322147651,1.2306726575921765,0.3424109965106331,0.5584408441106119,1.0
session,16,0.0243161094224924,0.03087248322147651,0.787630500858993,0.3396320513113488,0.5600416858932635,1.0
facilitate,12,0.0182370820668693,0.024161073825503355,0.7548125633232016,0.3370664653859443,0.561527427871161,1.0
major depressive,12,0.0182370820668693,0.024161073825503355,0.7548125633232016,0.3370664653859443,0.561527427871161,1.0
confirmed,24,0.0364741641337386,0.02953020134228188,1.2351478308925117,0.33486459365909843,0.5628085822584232,1.0
depression,25,0.037993920972644375,0.04563758389261745,0.8325138566064724,0.33476606851040697,0.562866040227719,1.0
mainly,25,0.037993920972644375,0.04563758389261745,0.8325138566064724,0.33476606851040697,0.562866040227719,1.0
emotional information,5,0.007598784194528876,0.012080536912751677,0.6290104694360014,0.3291683404975628,0.5661492101483777,1.0
regard,5,0.007598784194528876,0.012080536912751677,0.6290104694360014,0.3291683404975628,0.5661492101483777,1.0
diagnostic,5,0.007598784194528876,0.012080536912751677,0.6290104694360014,0.3291683404975628,0.5661492101483777,1.0
know,5,0.007598784194528876,0.012080536912751677,0.6290104694360014,0.3291683404975628,0.5661492101483777,1.0
word pairs,5,0.007598784194528876,0.012080536912751677,0.6290104694360014,0.3291683404975628,0.5661492101483777,1.0
preceding,5,0.007598784194528876,0.012080536912751677,0.6290104694360014,0.3291683404975628,0.5661492101483777,1.0
seeking,5,0.007598784194528876,0.012080536912751677,0.6290104694360014,0.3291683404975628,0.5661492101483777,1.0
traumatic,5,0.007598784194528876,0.012080536912751677,0.6290104694360014,0.3291683404975628,0.5661492101483777,1.0
year,5,0.007598784194528876,0.012080536912751677,0.6290104694360014,0.3291683404975628,0.5661492101483777,1.0
powerful,5,0.007598784194528876,0.012080536912751677,0.6290104694360014,0.3291683404975628,0.5661492101483777,1.0
appear,5,0.007598784194528876,0.012080536912751677,0.6290104694360014,0.3291683404975628,0.5661492101483777,1.0
created,5,0.007598784194528876,0.012080536912751677,0.6290104694360014,0.3291683404975628,0.5661492101483777,1.0
relates,5,0.007598784194528876,0.012080536912751677,0.6290104694360014,0.3291683404975628,0.5661492101483777,1.0
sense,5,0.007598784194528876,0.012080536912751677,0.6290104694360014,0.3291683404975628,0.5661492101483777,1.0
neurofunctional,5,0.007598784194528876,0.012080536912751677,0.6290104694360014,0.3291683404975628,0.5661492101483777,1.0
systematically,5,0.007598784194528876,0.012080536912751677,0.6290104694360014,0.3291683404975628,0.5661492101483777,1.0
fact,5,0.007598784194528876,0.012080536912751677,0.6290104694360014,0.3291683404975628,0.5661492101483777,1.0
mental state,5,0.007598784194528876,0.012080536912751677,0.6290104694360014,0.3291683404975628,0.5661492101483777,1.0
term,30,0.04559270516717325,0.053691275167785234,0.8491641337386018,0.3276757437417042,0.5670309101102962,1.0
state functional,30,0.04559270516717325,0.053691275167785234,0.8491641337386018,0.3276757437417042,0.5670309101102962,1.0
body,23,0.034954407294832825,0.028187919463087248,1.2400492111738313,0.3274257418529611,0.5671788506950908,1.0
gyrus,191,0.29027355623100304,0.2751677852348993,1.0548965824004746,0.32251808735663734,0.5700982819407866,1.0
decreases,22,0.03343465045592705,0.026845637583892617,1.2454407294832825,0.32010614038007085,0.5715438654598101,1.0
hand,22,0.03343465045592705,0.026845637583892617,1.2454407294832825,0.32010614038007085,0.5715438654598101,1.0
compare,21,0.031914893617021274,0.025503355704697986,1.2513997760358342,0.3129198509737007,0.5758939508142666,1.0
reflected,21,0.031914893617021274,0.025503355704697986,1.2513997760358342,0.3129198509737007,0.5758939508142666,1.0
relation,21,0.031914893617021274,0.025503355704697986,1.2513997760358342,0.3129198509737007,0.5758939508142666,1.0
properties,21,0.031914893617021274,0.025503355704697986,1.2513997760358342,0.3129198509737007,0.5758939508142666,1.0
treatment,26,0.03951367781155015,0.04697986577181208,0.8410768562744246,0.30601048066598524,0.5801386949811109,1.0
retrosplenial,20,0.030395136778115502,0.024161073825503355,1.2580209388720027,0.30588391933451675,0.5802170293361375,1.0
overlap,20,0.030395136778115502,0.024161073825503355,1.2580209388720027,0.30588391933451675,0.5802170293361375,1.0
threat,20,0.030395136778115502,0.024161073825503355,1.2580209388720027,0.30588391933451675,0.5802170293361375,1.0
negative,86,0.13069908814589665,0.14228187919463087,0.9185926478178585,0.3048443496019071,0.5808612666771181,1.0
remain,17,0.025835866261398176,0.032214765100671144,0.8019883485309016,0.30152067612245725,0.5829306603075062,1.0
contextual,17,0.025835866261398176,0.032214765100671144,0.8019883485309016,0.30152067612245725,0.5829306603075062,1.0
defined,17,0.025835866261398176,0.032214765100671144,0.8019883485309016,0.30152067612245725,0.5829306603075062,1.0
facial expressions,17,0.025835866261398176,0.032214765100671144,0.8019883485309016,0.30152067612245725,0.5829306603075062,1.0
various,19,0.028875379939209727,0.022818791946308724,1.265421062041838,0.2990192038281547,0.584497946126656,1.0
sustained,19,0.028875379939209727,0.022818791946308724,1.265421062041838,0.2990192038281547,0.584497946126656,1.0
exposure,19,0.028875379939209727,0.022818791946308724,1.265421062041838,0.2990192038281547,0.584497946126656,1.0
perspective,9,0.013677811550151976,0.01879194630872483,0.7278549717759445,0.2939433015102377,0.5877045809022449,1.0
allele,9,0.013677811550151976,0.01879194630872483,0.7278549717759445,0.2939433015102377,0.5877045809022449,1.0
neutral faces,9,0.013677811550151976,0.01879194630872483,0.7278549717759445,0.2939433015102377,0.5877045809022449,1.0
integrity,9,0.013677811550151976,0.01879194630872483,0.7278549717759445,0.2939433015102377,0.5877045809022449,1.0
place,9,0.013677811550151976,0.01879194630872483,0.7278549717759445,0.2939433015102377,0.5877045809022449,1.0
gyrus ifg,9,0.013677811550151976,0.01879194630872483,0.7278549717759445,0.2939433015102377,0.5877045809022449,1.0
total,9,0.013677811550151976,0.01879194630872483,0.7278549717759445,0.2939433015102377,0.5877045809022449,1.0
need,9,0.013677811550151976,0.01879194630872483,0.7278549717759445,0.2939433015102377,0.5877045809022449,1.0
useful,9,0.013677811550151976,0.01879194630872483,0.7278549717759445,0.2939433015102377,0.5877045809022449,1.0
rostral,18,0.02735562310030395,0.021476510067114093,1.2737462006079028,0.29235149666599763,0.5887175616842559,1.0
appears,18,0.02735562310030395,0.021476510067114093,1.2737462006079028,0.29235149666599763,0.5887175616842559,1.0
widely,18,0.02735562310030395,0.021476510067114093,1.2737462006079028,0.29235149666599763,0.5887175616842559,1.0
double,18,0.02735562310030395,0.021476510067114093,1.2737462006079028,0.29235149666599763,0.5887175616842559,1.0
network dmn,18,0.02735562310030395,0.021476510067114093,1.2737462006079028,0.29235149666599763,0.5887175616842559,1.0
corrected,13,0.019756838905775075,0.025503355704697986,0.774676051831707,0.2919537990557338,0.5889712018469666,1.0
fusiform,62,0.09422492401215805,0.08456375838926175,1.1142471172866308,0.29161783234670735,0.5891856457781796,1.0
temporal,260,0.3951367781155015,0.41073825503355704,0.9620160120785903,0.2915182146767314,0.5892492613315026,1.0
sensitive,36,0.0547112462006079,0.04697986577181208,1.164567954841511,0.2886743140143469,0.591071316027278,1.0
event functional,36,0.0547112462006079,0.04697986577181208,1.164567954841511,0.2886743140143469,0.591071316027278,1.0
people,36,0.0547112462006079,0.04697986577181208,1.164567954841511,0.2886743140143469,0.591071316027278,1.0
simultaneous,17,0.025835866261398176,0.020134228187919462,1.2831813576494429,0.2859130655305089,0.5928515168972526,1.0
sought,17,0.025835866261398176,0.020134228187919462,1.2831813576494429,0.2859130655305089,0.5928515168972526,1.0
nature,17,0.025835866261398176,0.020134228187919462,1.2831813576494429,0.2859130655305089,0.5928515168972526,1.0
like,17,0.025835866261398176,0.020134228187919462,1.2831813576494429,0.2859130655305089,0.5928515168972526,1.0
varying,17,0.025835866261398176,0.020134228187919462,1.2831813576494429,0.2859130655305089,0.5928515168972526,1.0
content,22,0.03343465045592705,0.040268456375838924,0.8302938196555217,0.28577008668277426,0.5929439972450138,1.0
matter,53,0.08054711246200608,0.08993288590604027,0.895635802749172,0.2826737312731636,0.5949540897782984,1.0
integration,35,0.05319148936170213,0.04563758389261745,1.1655193992490613,0.2801220395340767,0.5966212388657015,1.0
described,16,0.0243161094224924,0.01879194630872483,1.2939643942683456,0.2797448118525876,0.5968685248485932,1.0
biological,16,0.0243161094224924,0.01879194630872483,1.2939643942683456,0.2797448118525876,0.5968685248485932,1.0
anticipation,16,0.0243161094224924,0.01879194630872483,1.2939643942683456,0.2797448118525876,0.5968685248485932,1.0
series,16,0.0243161094224924,0.01879194630872483,1.2939643942683456,0.2797448118525876,0.5968685248485932,1.0
anterior temporal,16,0.0243161094224924,0.01879194630872483,1.2939643942683456,0.2797448118525876,0.5968685248485932,1.0
active,32,0.0486322188449848,0.056375838926174496,0.8626429295122304,0.27867613464023766,0.5975702405906682,1.0
presented,82,0.12462006079027356,0.11409395973154363,1.0922581798676918,0.2756246813484911,0.5995834019049582,1.0
association,48,0.0729483282674772,0.06442953020134229,1.1322188449848023,0.275367902211056,0.5997534566197438,1.0
reports,15,0.022796352583586626,0.0174496644295302,1.306406359597849,0.27389935406691546,0.6007279657932475,1.0
load,15,0.022796352583586626,0.0174496644295302,1.306406359597849,0.27389935406691546,0.6007279657932475,1.0
speech,15,0.022796352583586626,0.0174496644295302,1.306406359597849,0.27389935406691546,0.6007279657932475,1.0
motion,14,0.02127659574468085,0.016107382550335572,1.3209219858156027,0.2684455339103701,0.6043764323500436,1.0
parallel,14,0.02127659574468085,0.016107382550335572,1.3209219858156027,0.2684455339103701,0.6043764323500436,1.0
amygdala anterior,14,0.02127659574468085,0.016107382550335572,1.3209219858156027,0.2684455339103701,0.6043764323500436,1.0
highlight,18,0.02735562310030395,0.03355704697986577,0.8151975683890578,0.2676349885878353,0.6049226720985995,1.0
pole,18,0.02735562310030395,0.03355704697986577,0.8151975683890578,0.2676349885878353,0.6049226720985995,1.0
voxel,47,0.07142857142857142,0.06308724832214765,1.1322188449848023,0.2669110859658331,0.6054114090303501,1.0
intermediate,6,0.00911854103343465,0.005369127516778523,1.6983282674772036,0.26537699275284554,0.6064499210804262,1.0
dimensional,6,0.00911854103343465,0.005369127516778523,1.6983282674772036,0.26537699275284554,0.6064499210804262,1.0
establish,6,0.00911854103343465,0.005369127516778523,1.6983282674772036,0.26537699275284554,0.6064499210804262,1.0
masked,6,0.00911854103343465,0.005369127516778523,1.6983282674772036,0.26537699275284554,0.6064499210804262,1.0
varies,6,0.00911854103343465,0.005369127516778523,1.6983282674772036,0.26537699275284554,0.6064499210804262,1.0
laboratory,6,0.00911854103343465,0.005369127516778523,1.6983282674772036,0.26537699275284554,0.6064499210804262,1.0
fixation,6,0.00911854103343465,0.005369127516778523,1.6983282674772036,0.26537699275284554,0.6064499210804262,1.0
asymmetry,6,0.00911854103343465,0.005369127516778523,1.6983282674772036,0.26537699275284554,0.6064499210804262,1.0
visual auditory,6,0.00911854103343465,0.005369127516778523,1.6983282674772036,0.26537699275284554,0.6064499210804262,1.0
offer,6,0.00911854103343465,0.005369127516778523,1.6983282674772036,0.26537699275284554,0.6064499210804262,1.0
children adolescents,6,0.00911854103343465,0.005369127516778523,1.6983282674772036,0.26537699275284554,0.6064499210804262,1.0
normally,6,0.00911854103343465,0.005369127516778523,1.6983282674772036,0.26537699275284554,0.6064499210804262,1.0
methods functional,6,0.00911854103343465,0.005369127516778523,1.6983282674772036,0.26537699275284554,0.6064499210804262,1.0
users,6,0.00911854103343465,0.005369127516778523,1.6983282674772036,0.26537699275284554,0.6064499210804262,1.0
syntactic,6,0.00911854103343465,0.005369127516778523,1.6983282674772036,0.26537699275284554,0.6064499210804262,1.0
remarkably,6,0.00911854103343465,0.005369127516778523,1.6983282674772036,0.26537699275284554,0.6064499210804262,1.0
targeted,6,0.00911854103343465,0.005369127516778523,1.6983282674772036,0.26537699275284554,0.6064499210804262,1.0
step,6,0.00911854103343465,0.005369127516778523,1.6983282674772036,0.26537699275284554,0.6064499210804262,1.0
inhibitory control,6,0.00911854103343465,0.005369127516778523,1.6983282674772036,0.26537699275284554,0.6064499210804262,1.0
transition,6,0.00911854103343465,0.005369127516778523,1.6983282674772036,0.26537699275284554,0.6064499210804262,1.0
unlike,6,0.00911854103343465,0.005369127516778523,1.6983282674772036,0.26537699275284554,0.6064499210804262,1.0
depended,6,0.00911854103343465,0.005369127516778523,1.6983282674772036,0.26537699275284554,0.6064499210804262,1.0
early visual,6,0.00911854103343465,0.005369127516778523,1.6983282674772036,0.26537699275284554,0.6064499210804262,1.0
gyrus insula,6,0.00911854103343465,0.005369127516778523,1.6983282674772036,0.26537699275284554,0.6064499210804262,1.0
implications understanding,6,0.00911854103343465,0.005369127516778523,1.6983282674772036,0.26537699275284554,0.6064499210804262,1.0
magnetic resonance,293,0.4452887537993921,0.4604026845637584,0.9671723661240441,0.263963809697943,0.6074099488953947,1.0
closely,13,0.019756838905775075,0.01476510067114094,1.338076816800221,0.26347517587190133,0.6077426517855729,1.0
retrosplenial cortex,13,0.019756838905775075,0.01476510067114094,1.338076816800221,0.26347517587190133,0.6077426517855729,1.0
status,13,0.019756838905775075,0.01476510067114094,1.338076816800221,0.26347517587190133,0.6077426517855729,1.0
certain,13,0.019756838905775075,0.01476510067114094,1.338076816800221,0.26347517587190133,0.6077426517855729,1.0
performance,138,0.20972644376899696,0.19731543624161074,1.062899323863284,0.2602297341789672,0.6099623682848193,1.0
field,12,0.0182370820668693,0.013422818791946308,1.3586626139817628,0.2591135336175516,0.6107298240768716,1.0
younger,12,0.0182370820668693,0.013422818791946308,1.3586626139817628,0.2591135336175516,0.6107298240768716,1.0
supramarginal gyrus,12,0.0182370820668693,0.013422818791946308,1.3586626139817628,0.2591135336175516,0.6107298240768716,1.0
sad,12,0.0182370820668693,0.013422818791946308,1.3586626139817628,0.2591135336175516,0.6107298240768716,1.0
letter,7,0.010638297872340425,0.006711409395973154,1.5851063829787233,0.2566699795499355,0.6124172093722577,1.0
differentiate,7,0.010638297872340425,0.006711409395973154,1.5851063829787233,0.2566699795499355,0.6124172093722577,1.0
tpj,7,0.010638297872340425,0.006711409395973154,1.5851063829787233,0.2566699795499355,0.6124172093722577,1.0
empirical,7,0.010638297872340425,0.006711409395973154,1.5851063829787233,0.2566699795499355,0.6124172093722577,1.0
bodily,7,0.010638297872340425,0.006711409395973154,1.5851063829787233,0.2566699795499355,0.6124172093722577,1.0
majority,7,0.010638297872340425,0.006711409395973154,1.5851063829787233,0.2566699795499355,0.6124172093722577,1.0
english,7,0.010638297872340425,0.006711409395973154,1.5851063829787233,0.2566699795499355,0.6124172093722577,1.0
brodmann,7,0.010638297872340425,0.006711409395973154,1.5851063829787233,0.2566699795499355,0.6124172093722577,1.0
behavioral performance,7,0.010638297872340425,0.006711409395973154,1.5851063829787233,0.2566699795499355,0.6124172093722577,1.0
younger adults,7,0.010638297872340425,0.006711409395973154,1.5851063829787233,0.2566699795499355,0.6124172093722577,1.0
youth,7,0.010638297872340425,0.006711409395973154,1.5851063829787233,0.2566699795499355,0.6124172093722577,1.0
face recognition,7,0.010638297872340425,0.006711409395973154,1.5851063829787233,0.2566699795499355,0.6124172093722577,1.0
control groups,7,0.010638297872340425,0.006711409395973154,1.5851063829787233,0.2566699795499355,0.6124172093722577,1.0
reho,7,0.010638297872340425,0.006711409395973154,1.5851063829787233,0.2566699795499355,0.6124172093722577,1.0
occipito temporal,7,0.010638297872340425,0.006711409395973154,1.5851063829787233,0.2566699795499355,0.6124172093722577,1.0
shapes,7,0.010638297872340425,0.006711409395973154,1.5851063829787233,0.2566699795499355,0.6124172093722577,1.0
acoustic,7,0.010638297872340425,0.006711409395973154,1.5851063829787233,0.2566699795499355,0.6124172093722577,1.0
frequent,7,0.010638297872340425,0.006711409395973154,1.5851063829787233,0.2566699795499355,0.6124172093722577,1.0
debate,7,0.010638297872340425,0.006711409395973154,1.5851063829787233,0.2566699795499355,0.6124172093722577,1.0
regional homogeneity,7,0.010638297872340425,0.006711409395973154,1.5851063829787233,0.2566699795499355,0.6124172093722577,1.0
objectives,7,0.010638297872340425,0.006711409395973154,1.5851063829787233,0.2566699795499355,0.6124172093722577,1.0
analyzed using,7,0.010638297872340425,0.006711409395973154,1.5851063829787233,0.2566699795499355,0.6124172093722577,1.0
define,7,0.010638297872340425,0.006711409395973154,1.5851063829787233,0.2566699795499355,0.6124172093722577,1.0
homogeneity,7,0.010638297872340425,0.006711409395973154,1.5851063829787233,0.2566699795499355,0.6124172093722577,1.0
inferior occipital,7,0.010638297872340425,0.006711409395973154,1.5851063829787233,0.2566699795499355,0.6124172093722577,1.0
connectivity networks,7,0.010638297872340425,0.006711409395973154,1.5851063829787233,0.2566699795499355,0.6124172093722577,1.0
rule,7,0.010638297872340425,0.006711409395973154,1.5851063829787233,0.2566699795499355,0.6124172093722577,1.0
cognitive emotional,7,0.010638297872340425,0.006711409395973154,1.5851063829787233,0.2566699795499355,0.6124172093722577,1.0
example,6,0.00911854103343465,0.013422818791946308,0.6793313069908814,0.25585432548958903,0.6129827025606227,1.0
half,6,0.00911854103343465,0.013422818791946308,0.6793313069908814,0.25585432548958903,0.6129827025606227,1.0
cortex insula,6,0.00911854103343465,0.013422818791946308,0.6793313069908814,0.25585432548958903,0.6129827025606227,1.0
detailed,6,0.00911854103343465,0.013422818791946308,0.6793313069908814,0.25585432548958903,0.6129827025606227,1.0
position,6,0.00911854103343465,0.013422818791946308,0.6793313069908814,0.25585432548958903,0.6129827025606227,1.0
actual,6,0.00911854103343465,0.013422818791946308,0.6793313069908814,0.25585432548958903,0.6129827025606227,1.0
assessed using,6,0.00911854103343465,0.013422818791946308,0.6793313069908814,0.25585432548958903,0.6129827025606227,1.0
gene,6,0.00911854103343465,0.013422818791946308,0.6793313069908814,0.25585432548958903,0.6129827025606227,1.0
interpret,6,0.00911854103343465,0.013422818791946308,0.6793313069908814,0.25585432548958903,0.6129827025606227,1.0
diminished,11,0.016717325227963525,0.012080536912751677,1.383823032759203,0.25553600427313955,0.6132037018713827,1.0
maintain,11,0.016717325227963525,0.012080536912751677,1.383823032759203,0.25553600427313955,0.6132037018713827,1.0
classical,11,0.016717325227963525,0.012080536912751677,1.383823032759203,0.25553600427313955,0.6132037018713827,1.0
leading,11,0.016717325227963525,0.012080536912751677,1.383823032759203,0.25553600427313955,0.6132037018713827,1.0
access,11,0.016717325227963525,0.012080536912751677,1.383823032759203,0.25553600427313955,0.6132037018713827,1.0
interpretation,11,0.016717325227963525,0.012080536912751677,1.383823032759203,0.25553600427313955,0.6132037018713827,1.0
gyrus middle,11,0.016717325227963525,0.012080536912751677,1.383823032759203,0.25553600427313955,0.6132037018713827,1.0
reliable,11,0.016717325227963525,0.012080536912751677,1.383823032759203,0.25553600427313955,0.6132037018713827,1.0
little known,28,0.0425531914893617,0.049664429530201344,0.8568142610695801,0.2551528825339551,0.613469919218061,1.0
viewed,28,0.0425531914893617,0.049664429530201344,0.8568142610695801,0.2551528825339551,0.613469919218061,1.0
direct,32,0.0486322188449848,0.04161073825503356,1.1687420335326992,0.25461839115858637,0.6138417372470675,1.0
subjective,32,0.0486322188449848,0.04161073825503356,1.1687420335326992,0.25461839115858637,0.6138417372470675,1.0
understand,14,0.02127659574468085,0.026845637583892617,0.7925531914893617,0.25301319076212414,0.6149613433388689,1.0
21,14,0.02127659574468085,0.026845637583892617,0.7925531914893617,0.25301319076212414,0.6149613433388689,1.0
identifying,10,0.015197568389057751,0.010738255033557046,1.4152735562310033,0.2529959855650331,0.6149733678179476,1.0
addiction,10,0.015197568389057751,0.010738255033557046,1.4152735562310033,0.2529959855650331,0.6149733678179476,1.0
occipital gyrus,10,0.015197568389057751,0.010738255033557046,1.4152735562310033,0.2529959855650331,0.6149733678179476,1.0
functional networks,10,0.015197568389057751,0.010738255033557046,1.4152735562310033,0.2529959855650331,0.6149733678179476,1.0
subgenual,10,0.015197568389057751,0.010738255033557046,1.4152735562310033,0.2529959855650331,0.6149733678179476,1.0
caused,10,0.015197568389057751,0.010738255033557046,1.4152735562310033,0.2529959855650331,0.6149733678179476,1.0
stroop,10,0.015197568389057751,0.010738255033557046,1.4152735562310033,0.2529959855650331,0.6149733678179476,1.0
causal,10,0.015197568389057751,0.010738255033557046,1.4152735562310033,0.2529959855650331,0.6149733678179476,1.0
labeling,10,0.015197568389057751,0.010738255033557046,1.4152735562310033,0.2529959855650331,0.6149733678179476,1.0
gyrus superior,10,0.015197568389057751,0.010738255033557046,1.4152735562310033,0.2529959855650331,0.6149733678179476,1.0
tract,8,0.0121580547112462,0.008053691275167786,1.5096251266464031,0.2527663596812965,0.6151338993027438,1.0
happy faces,8,0.0121580547112462,0.008053691275167786,1.5096251266464031,0.2527663596812965,0.6151338993027438,1.0
dmpfc,8,0.0121580547112462,0.008053691275167786,1.5096251266464031,0.2527663596812965,0.6151338993027438,1.0
visual stream,8,0.0121580547112462,0.008053691275167786,1.5096251266464031,0.2527663596812965,0.6151338993027438,1.0
modal,8,0.0121580547112462,0.008053691275167786,1.5096251266464031,0.2527663596812965,0.6151338993027438,1.0
emotional faces,8,0.0121580547112462,0.008053691275167786,1.5096251266464031,0.2527663596812965,0.6151338993027438,1.0
health,8,0.0121580547112462,0.008053691275167786,1.5096251266464031,0.2527663596812965,0.6151338993027438,1.0
intelligence,8,0.0121580547112462,0.008053691275167786,1.5096251266464031,0.2527663596812965,0.6151338993027438,1.0
immediate,8,0.0121580547112462,0.008053691275167786,1.5096251266464031,0.2527663596812965,0.6151338993027438,1.0
contained,8,0.0121580547112462,0.008053691275167786,1.5096251266464031,0.2527663596812965,0.6151338993027438,1.0
alter,8,0.0121580547112462,0.008053691275167786,1.5096251266464031,0.2527663596812965,0.6151338993027438,1.0
factorial,8,0.0121580547112462,0.008053691275167786,1.5096251266464031,0.2527663596812965,0.6151338993027438,1.0
frontal lobes,8,0.0121580547112462,0.008053691275167786,1.5096251266464031,0.2527663596812965,0.6151338993027438,1.0
cortical network,8,0.0121580547112462,0.008053691275167786,1.5096251266464031,0.2527663596812965,0.6151338993027438,1.0
lesion,9,0.013677811550151976,0.009395973154362415,1.455709943551889,0.25187362581975886,0.615758878920136,1.0
mental states,9,0.013677811550151976,0.009395973154362415,1.455709943551889,0.25187362581975886,0.615758878920136,1.0
precentral gyrus,9,0.013677811550151976,0.009395973154362415,1.455709943551889,0.25187362581975886,0.615758878920136,1.0
mr,9,0.013677811550151976,0.009395973154362415,1.455709943551889,0.25187362581975886,0.615758878920136,1.0
sixteen,9,0.013677811550151976,0.009395973154362415,1.455709943551889,0.25187362581975886,0.615758878920136,1.0
control network,9,0.013677811550151976,0.009395973154362415,1.455709943551889,0.25187362581975886,0.615758878920136,1.0
evaluating,9,0.013677811550151976,0.009395973154362415,1.455709943551889,0.25187362581975886,0.615758878920136,1.0
dorsal striatum,9,0.013677811550151976,0.009395973154362415,1.455709943551889,0.25187362581975886,0.615758878920136,1.0
theoretical,9,0.013677811550151976,0.009395973154362415,1.455709943551889,0.25187362581975886,0.615758878920136,1.0
read,9,0.013677811550151976,0.009395973154362415,1.455709943551889,0.25187362581975886,0.615758878920136,1.0
greatest,9,0.013677811550151976,0.009395973154362415,1.455709943551889,0.25187362581975886,0.615758878920136,1.0
differently,9,0.013677811550151976,0.009395973154362415,1.455709943551889,0.25187362581975886,0.615758878920136,1.0
painful,9,0.013677811550151976,0.009395973154362415,1.455709943551889,0.25187362581975886,0.615758878920136,1.0
constant,9,0.013677811550151976,0.009395973154362415,1.455709943551889,0.25187362581975886,0.615758878920136,1.0
caudate,45,0.06838905775075987,0.06040268456375839,1.1322188449848023,0.2501064417800483,0.6170001385019299,1.0
did,68,0.1033434650455927,0.09395973154362416,1.0998697351280937,0.24917299357789183,0.6176580009508286,1.0
restricted,10,0.015197568389057751,0.020134228187919462,0.7548125633232017,0.24534959835790868,0.6203687725448563,1.0
lexical,10,0.015197568389057751,0.020134228187919462,0.7548125633232017,0.24534959835790868,0.6203687725448563,1.0
learning task,10,0.015197568389057751,0.020134228187919462,0.7548125633232017,0.24534959835790868,0.6203687725448563,1.0
lateralized,10,0.015197568389057751,0.020134228187919462,0.7548125633232017,0.24534959835790868,0.6203687725448563,1.0
early,56,0.0851063829787234,0.07651006711409396,1.1123553564762971,0.242236741977865,0.6225952688774343,1.0
inferior parietal,39,0.05927051671732523,0.06711409395973154,0.8831306990881459,0.24183383455595625,0.6228847489933005,1.0
normal,44,0.0668693009118541,0.05906040268456376,1.1322188449848023,0.24175972095591608,0.6229380305885488,1.0
performing,30,0.04559270516717325,0.038926174496644296,1.1712608741222095,0.23774246510059807,0.6258414011201574,1.0
mediated,30,0.04559270516717325,0.038926174496644296,1.1712608741222095,0.23774246510059807,0.6258414011201574,1.0
demands,30,0.04559270516717325,0.038926174496644296,1.1712608741222095,0.23774246510059807,0.6258414011201574,1.0
ventrolateral,19,0.028875379939209727,0.0348993288590604,0.8273906944119711,0.23741443644767837,0.6260798135251189,1.0
prior,43,0.06534954407294832,0.05771812080536913,1.1322188449848023,0.23345091147077854,0.6289767519439048,1.0
older,29,0.044072948328267476,0.05100671140939597,0.8640617501199808,0.2326575500491508,0.6295602585133725,1.0
aspects,24,0.0364741641337386,0.042953020134228186,0.8491641337386018,0.2323243860993499,0.6298056617495261,1.0
long term,24,0.0364741641337386,0.042953020134228186,0.8491641337386018,0.2323243860993499,0.6298056617495261,1.0
structural,45,0.06838905775075987,0.07651006711409396,0.8938569828827387,0.23196011042279518,0.6300742296701409,1.0
theory,29,0.044072948328267476,0.03758389261744966,1.1726552323056882,0.22934211557693462,0.6320120694698115,1.0
prefrontal,233,0.3541033434650456,0.36778523489932885,0.9627992367936459,0.22722592408002254,0.6335884366854851,1.0
critical,40,0.060790273556231005,0.06845637583892618,0.8880147803802372,0.22394897423141924,0.636047332031292,1.0
parahippocampal gyrus,40,0.060790273556231005,0.06845637583892618,0.8880147803802372,0.22394897423141924,0.636047332031292,1.0
subsequent memory,15,0.022796352583586626,0.028187919463087248,0.808727746417716,0.21921954857289142,0.6396352276544692,1.0
poorly,15,0.022796352583586626,0.028187919463087248,0.808727746417716,0.21921954857289142,0.6396352276544692,1.0
self,63,0.09574468085106383,0.10469798657718121,0.9144844517184942,0.21870620012655784,0.6400275020642923,1.0
hippocampal,84,0.1276595744680851,0.11812080536912752,1.0807543520309477,0.2135275944674903,0.6440164502454362,1.0
thought,27,0.041033434650455926,0.0348993288590604,1.175765723638064,0.2126160863031493,0.6447246241597241,1.0
research,52,0.0790273556231003,0.07114093959731543,1.110856225268108,0.2102914972550465,0.6465390273588156,1.0
default mode,40,0.060790273556231005,0.053691275167785234,1.1322188449848025,0.20875960946376873,0.6477413512146989,1.0
cerebellum,40,0.060790273556231005,0.053691275167785234,1.1322188449848025,0.20875960946376873,0.6477413512146989,1.0
prefrontal cortex,173,0.2629179331306991,0.2751677852348993,0.9554822447920529,0.20777102668178207,0.6485200880976274,1.0
suggest,232,0.3525835866261398,0.3395973154362416,1.0382402056777635,0.2062596360671159,0.64971499358993,1.0
ventral,76,0.11550151975683891,0.12483221476510067,0.9252541098800536,0.20580527084698338,0.6500752469385571,1.0
stages,11,0.016717325227963525,0.021476510067114093,0.7784004559270516,0.2050536304651054,0.6506722555404877,1.0
referential,11,0.016717325227963525,0.021476510067114093,0.7784004559270516,0.2050536304651054,0.6506722555404877,1.0
evidence suggests,11,0.016717325227963525,0.021476510067114093,0.7784004559270516,0.2050536304651054,0.6506722555404877,1.0
predominantly,11,0.016717325227963525,0.021476510067114093,0.7784004559270516,0.2050536304651054,0.6506722555404877,1.0
assessment,11,0.016717325227963525,0.021476510067114093,0.7784004559270516,0.2050536304651054,0.6506722555404877,1.0
formation,26,0.03951367781155015,0.03355704697986577,1.1775075987841945,0.20429018563653775,0.6512799914261702,1.0
magnetic,295,0.44832826747720367,0.46174496644295304,0.9709434862515021,0.20238156462243168,0.6528053442572034,1.0
assessed,47,0.07142857142857142,0.07919463087248323,0.9019370460048425,0.20076718536174384,0.6541023074599119,1.0
bipolar,7,0.010638297872340425,0.01476510067114094,0.7205029013539652,0.20048762035013779,0.6543275405009955,1.0
days,7,0.010638297872340425,0.01476510067114094,0.7205029013539652,0.20048762035013779,0.6543275405009955,1.0
structural functional,7,0.010638297872340425,0.01476510067114094,0.7205029013539652,0.20048762035013779,0.6543275405009955,1.0
lateral parietal,7,0.010638297872340425,0.01476510067114094,0.7205029013539652,0.20048762035013779,0.6543275405009955,1.0
density,7,0.010638297872340425,0.01476510067114094,0.7205029013539652,0.20048762035013779,0.6543275405009955,1.0
implemented,7,0.010638297872340425,0.01476510067114094,0.7205029013539652,0.20048762035013779,0.6543275405009955,1.0
prefrontal parietal,7,0.010638297872340425,0.01476510067114094,0.7205029013539652,0.20048762035013779,0.6543275405009955,1.0
produce,7,0.010638297872340425,0.01476510067114094,0.7205029013539652,0.20048762035013779,0.6543275405009955,1.0
direction,7,0.010638297872340425,0.01476510067114094,0.7205029013539652,0.20048762035013779,0.6543275405009955,1.0
methodology,7,0.010638297872340425,0.01476510067114094,0.7205029013539652,0.20048762035013779,0.6543275405009955,1.0
blood flow,7,0.010638297872340425,0.01476510067114094,0.7205029013539652,0.20048762035013779,0.6543275405009955,1.0
extinction,7,0.010638297872340425,0.01476510067114094,0.7205029013539652,0.20048762035013779,0.6543275405009955,1.0
bold response,7,0.010638297872340425,0.01476510067114094,0.7205029013539652,0.20048762035013779,0.6543275405009955,1.0
directly,25,0.037993920972644375,0.032214765100671144,1.1793946301925025,0.19598888142684573,0.6579781740736436,1.0
individual,71,0.10790273556231003,0.11677852348993288,0.9239946895852986,0.1937830567641776,0.6597864879025871,1.0
evidence,128,0.1945288753799392,0.18389261744966443,1.0578395048033191,0.19325102162306873,0.6602244829552286,1.0
little,42,0.06382978723404255,0.07114093959731543,0.8972300281011641,0.1913739352059773,0.6617755549304556,1.0
generally,16,0.0243161094224924,0.02953020134228188,0.8234318872616745,0.18976360928550284,0.6631134362881002,1.0
indicates,16,0.0243161094224924,0.02953020134228188,0.8234318872616745,0.18976360928550284,0.6631134362881002,1.0
junction,16,0.0243161094224924,0.02953020134228188,0.8234318872616745,0.18976360928550284,0.6631134362881002,1.0
ventral striatum,16,0.0243161094224924,0.02953020134228188,0.8234318872616745,0.18976360928550284,0.6631134362881002,1.0
generation,16,0.0243161094224924,0.02953020134228188,0.8234318872616745,0.18976360928550284,0.6631134362881002,1.0
adolescents,24,0.0364741641337386,0.03087248322147651,1.1814457512884895,0.18771206484019112,0.6648277071085507,1.0
implicated,49,0.07446808510638298,0.06711409395973154,1.1095744680851063,0.18689874252630725,0.6655103994630376,1.0
medial frontal,21,0.031914893617021274,0.03758389261744966,0.8491641337386018,0.18618420093243512,0.6661116329217036,1.0
anterior,190,0.2887537993920973,0.3006711409395973,0.9603641988710379,0.18470965575740386,0.6673566921488872,1.0
corresponding,23,0.034954407294832825,0.02953020134228188,1.183683337938657,0.17945962768383406,0.6718380397716592,1.0
matter volume,23,0.034954407294832825,0.02953020134228188,1.183683337938657,0.17945962768383406,0.6718380397716592,1.0
cognition,36,0.0547112462006079,0.04832214765100671,1.1322188449848025,0.1764234065458905,0.6744650984491385,1.0
frontal,206,0.3130699088145897,0.32483221476510066,0.9637895953176419,0.17158023962757638,0.6787112005109227,1.0
congruent,12,0.0182370820668693,0.022818791946308724,0.7992133023422134,0.17134309182261243,0.6789209076702074,1.0
semantic memory,12,0.0182370820668693,0.022818791946308724,0.7992133023422134,0.17134309182261243,0.6789209076702074,1.0
reflects,12,0.0182370820668693,0.022818791946308724,0.7992133023422134,0.17134309182261243,0.6789209076702074,1.0
depressive disorder,12,0.0182370820668693,0.022818791946308724,0.7992133023422134,0.17134309182261243,0.6789209076702074,1.0
derived,12,0.0182370820668693,0.022818791946308724,0.7992133023422134,0.17134309182261243,0.6789209076702074,1.0
circuits,27,0.041033434650455926,0.04697986577181208,0.8734259661311332,0.1686607743621454,0.6813047726632102,1.0
basal,22,0.03343465045592705,0.038926174496644296,0.8589246410229535,0.16445724127085753,0.6850855606948147,1.0
work,22,0.03343465045592705,0.038926174496644296,0.8589246410229535,0.16445724127085753,0.6850855606948147,1.0
trial,22,0.03343465045592705,0.038926174496644296,0.8589246410229535,0.16445724127085753,0.6850855606948147,1.0
levels,46,0.06990881458966565,0.06308724832214765,1.1081290823255512,0.16404056347774368,0.6854633877773879,1.0
trials,46,0.06990881458966565,0.06308724832214765,1.1081290823255512,0.16404056347774368,0.6854633877773879,1.0
task performance,17,0.025835866261398176,0.03087248322147651,0.8368574071626801,0.1639979813834112,0.6855020309977525,1.0
does,21,0.031914893617021274,0.026845637583892617,1.1888297872340425,0.1630274620685356,0.6863843643037224,1.0
location,21,0.031914893617021274,0.026845637583892617,1.1888297872340425,0.1630274620685356,0.6863843643037224,1.0
using,264,0.4012158054711246,0.38926174496644295,1.0307095692275443,0.16192164953648092,0.687393428263329,1.0
neurological,4,0.0060790273556231,0.009395973154362415,0.6469821971341728,0.15975608724334509,0.6893811805930815,1.0
computed,4,0.0060790273556231,0.009395973154362415,0.6469821971341728,0.15975608724334509,0.6893811805930815,1.0
expectation,4,0.0060790273556231,0.009395973154362415,0.6469821971341728,0.15975608724334509,0.6893811805930815,1.0
ventral premotor,4,0.0060790273556231,0.009395973154362415,0.6469821971341728,0.15975608724334509,0.6893811805930815,1.0
monitor,4,0.0060790273556231,0.009395973154362415,0.6469821971341728,0.15975608724334509,0.6893811805930815,1.0
arterial spin,4,0.0060790273556231,0.009395973154362415,0.6469821971341728,0.15975608724334509,0.6893811805930815,1.0
arterial,4,0.0060790273556231,0.009395973154362415,0.6469821971341728,0.15975608724334509,0.6893811805930815,1.0
cortex thalamus,4,0.0060790273556231,0.009395973154362415,0.6469821971341728,0.15975608724334509,0.6893811805930815,1.0
43,4,0.0060790273556231,0.009395973154362415,0.6469821971341728,0.15975608724334509,0.6893811805930815,1.0
sectional,4,0.0060790273556231,0.009395973154362415,0.6469821971341728,0.15975608724334509,0.6893811805930815,1.0
tensor dti,4,0.0060790273556231,0.009395973154362415,0.6469821971341728,0.15975608724334509,0.6893811805930815,1.0
thoughts,4,0.0060790273556231,0.009395973154362415,0.6469821971341728,0.15975608724334509,0.6893811805930815,1.0
referred,4,0.0060790273556231,0.009395973154362415,0.6469821971341728,0.15975608724334509,0.6893811805930815,1.0
anisotropy fa,4,0.0060790273556231,0.009395973154362415,0.6469821971341728,0.15975608724334509,0.6893811805930815,1.0
cross sectional,4,0.0060790273556231,0.009395973154362415,0.6469821971341728,0.15975608724334509,0.6893811805930815,1.0
disturbances,4,0.0060790273556231,0.009395973154362415,0.6469821971341728,0.15975608724334509,0.6893811805930815,1.0
seeds,4,0.0060790273556231,0.009395973154362415,0.6469821971341728,0.15975608724334509,0.6893811805930815,1.0
spoken,4,0.0060790273556231,0.009395973154362415,0.6469821971341728,0.15975608724334509,0.6893811805930815,1.0
age groups,4,0.0060790273556231,0.009395973154362415,0.6469821971341728,0.15975608724334509,0.6893811805930815,1.0
axis,4,0.0060790273556231,0.009395973154362415,0.6469821971341728,0.15975608724334509,0.6893811805930815,1.0
frontotemporal,4,0.0060790273556231,0.009395973154362415,0.6469821971341728,0.15975608724334509,0.6893811805930815,1.0
hierarchical,4,0.0060790273556231,0.009395973154362415,0.6469821971341728,0.15975608724334509,0.6893811805930815,1.0
hemodynamic response,4,0.0060790273556231,0.009395973154362415,0.6469821971341728,0.15975608724334509,0.6893811805930815,1.0
documented,4,0.0060790273556231,0.009395973154362415,0.6469821971341728,0.15975608724334509,0.6893811805930815,1.0
sustained attention,4,0.0060790273556231,0.009395973154362415,0.6469821971341728,0.15975608724334509,0.6893811805930815,1.0
discrimination task,4,0.0060790273556231,0.009395973154362415,0.6469821971341728,0.15975608724334509,0.6893811805930815,1.0
meaningful,4,0.0060790273556231,0.009395973154362415,0.6469821971341728,0.15975608724334509,0.6893811805930815,1.0
contributed,4,0.0060790273556231,0.009395973154362415,0.6469821971341728,0.15975608724334509,0.6893811805930815,1.0
dimension,4,0.0060790273556231,0.009395973154362415,0.6469821971341728,0.15975608724334509,0.6893811805930815,1.0
dominance,4,0.0060790273556231,0.009395973154362415,0.6469821971341728,0.15975608724334509,0.6893811805930815,1.0
held,4,0.0060790273556231,0.009395973154362415,0.6469821971341728,0.15975608724334509,0.6893811805930815,1.0
recruitment,33,0.05015197568389058,0.056375838926174496,0.8896005210594876,0.15862333077541838,0.690427157946931,1.0
suggesting,76,0.11550151975683891,0.10738255033557047,1.0756079027355623,0.15813748546980622,0.6908771093613614,1.0
video,8,0.0121580547112462,0.016107382550335572,0.7548125633232016,0.15769049535457452,0.691291783751641,1.0
integrating,8,0.0121580547112462,0.016107382550335572,0.7548125633232016,0.15769049535457452,0.691291783751641,1.0
appropriate,8,0.0121580547112462,0.016107382550335572,0.7548125633232016,0.15769049535457452,0.691291783751641,1.0
healthy young,8,0.0121580547112462,0.016107382550335572,0.7548125633232016,0.15769049535457452,0.691291783751641,1.0
allowed,8,0.0121580547112462,0.016107382550335572,0.7548125633232016,0.15769049535457452,0.691291783751641,1.0
self reported,8,0.0121580547112462,0.016107382550335572,0.7548125633232016,0.15769049535457452,0.691291783751641,1.0
ica,8,0.0121580547112462,0.016107382550335572,0.7548125633232016,0.15769049535457452,0.691291783751641,1.0
parahippocampus,8,0.0121580547112462,0.016107382550335572,0.7548125633232016,0.15769049535457452,0.691291783751641,1.0
imagined,8,0.0121580547112462,0.016107382550335572,0.7548125633232016,0.15769049535457452,0.691291783751641,1.0
bold,66,0.10030395136778116,0.09261744966442953,1.0829919386811153,0.15722022760922236,0.6917287880101267,1.0
external,20,0.030395136778115502,0.025503355704697986,1.1918093105103185,0.15484752038760577,0.693945278831836,1.0
ventromedial prefrontal,20,0.030395136778115502,0.025503355704697986,1.1918093105103185,0.15484752038760577,0.693945278831836,1.0
typically,33,0.05015197568389058,0.04429530201342282,1.1322188449848023,0.15265796572102186,0.6960081423453874,1.0
pattern,75,0.11398176291793313,0.10604026845637583,1.074891308529876,0.15155910884230056,0.6970498485198224,1.0
response,164,0.24924012158054712,0.2389261744966443,1.0431679245927394,0.14955832910404698,0.6989577925746667,1.0
tests,19,0.028875379939209727,0.024161073825503355,1.1951198919284027,0.14669153168377974,0.7017173135162484,1.0
movement,19,0.028875379939209727,0.024161073825503355,1.1951198919284027,0.14669153168377974,0.7017173135162484,1.0
characteristics,19,0.028875379939209727,0.024161073825503355,1.1951198919284027,0.14669153168377974,0.7017173135162484,1.0
parahippocampal,74,0.11246200607902736,0.10469798657718121,1.0741563401137868,0.1450634277707513,0.7032982813534352,1.0
control group,13,0.019756838905775075,0.024161073825503355,0.8177136102668018,0.14294758620809458,0.7053681200043461,1.0
judgment,13,0.019756838905775075,0.024161073825503355,0.8177136102668018,0.14294758620809458,0.7053681200043461,1.0
involve,13,0.019756838905775075,0.024161073825503355,0.8177136102668018,0.14294758620809458,0.7053681200043461,1.0
participated,13,0.019756838905775075,0.024161073825503355,0.8177136102668018,0.14294758620809458,0.7053681200043461,1.0
provide,76,0.11550151975683891,0.12348993288590604,0.9353112197700542,0.14253651151931837,0.7057722852088135,1.0
scan,18,0.02735562310030395,0.032214765100671144,0.8491641337386018,0.14139860429170922,0.7068945503220909,1.0
maintenance,18,0.02735562310030395,0.032214765100671144,0.8491641337386018,0.14139860429170922,0.7068945503220909,1.0
age,92,0.1398176291793313,0.13154362416107382,1.062899323863284,0.13973869890882382,0.7085409191972702,1.0
way,18,0.02735562310030395,0.022818791946308724,1.1988199535133204,0.13855939090014027,0.709717393482862,1.0
aimed,31,0.04711246200607903,0.04161073825503356,1.1322188449848023,0.1370750779601148,0.7112062706532256,1.0
versus,62,0.09422492401215805,0.087248322147651,1.0799625906008885,0.13052081711821847,0.7178926479712575,1.0
provided,17,0.025835866261398176,0.021476510067114093,1.2029825227963526,0.13045099359324144,0.7179648909066683,1.0
focus,17,0.025835866261398176,0.021476510067114093,1.2029825227963526,0.13045099359324144,0.7179648909066683,1.0
large,30,0.04559270516717325,0.040268456375838924,1.1322188449848025,0.129369699742299,0.7190864528949119,1.0
lobes,24,0.0364741641337386,0.04161073825503356,0.8765565251495244,0.12737779520557746,0.7211664754151331,1.0
variables,9,0.013677811550151976,0.0174496644295302,0.7838438157587094,0.12404079289713311,0.7246925855153662,1.0
positive correlation,9,0.013677811550151976,0.0174496644295302,0.7838438157587094,0.12404079289713311,0.7246925855153662,1.0
respect,9,0.013677811550151976,0.0174496644295302,0.7838438157587094,0.12404079289713311,0.7246925855153662,1.0
mirror,9,0.013677811550151976,0.0174496644295302,0.7838438157587094,0.12404079289713311,0.7246925855153662,1.0
cognitively,9,0.013677811550151976,0.0174496644295302,0.7838438157587094,0.12404079289713311,0.7246925855153662,1.0
blood oxygen,29,0.044072948328267476,0.038926174496644296,1.1322188449848023,0.12172606359215153,0.7271699223117863,1.0
middle frontal,29,0.044072948328267476,0.038926174496644296,1.1322188449848023,0.12172606359215153,0.7271699223117863,1.0
oxygen level,29,0.044072948328267476,0.038926174496644296,1.1322188449848023,0.12172606359215153,0.7271699223117863,1.0
oxygen,29,0.044072948328267476,0.038926174496644296,1.1322188449848023,0.12172606359215153,0.7271699223117863,1.0
represent,19,0.028875379939209727,0.03355704697986577,0.8604863221884499,0.12153671874600962,0.7273737338805792,1.0
sensorimotor,19,0.028875379939209727,0.03355704697986577,0.8604863221884499,0.12153671874600962,0.7273737338805792,1.0
influences,19,0.028875379939209727,0.03355704697986577,0.8604863221884499,0.12153671874600962,0.7273737338805792,1.0
showing,40,0.060790273556231005,0.05503355704697987,1.1046037512046853,0.12018093659272798,0.7288383320360585,1.0
temporal lobe,66,0.10030395136778116,0.10738255033557047,0.934080547112462,0.11952986441926482,0.7295449498162707,1.0
identification,14,0.02127659574468085,0.025503355704697986,0.8342665173572229,0.11890471529653052,0.7302254633528744,1.0
chronic,14,0.02127659574468085,0.025503355704697986,0.8342665173572229,0.11890471529653052,0.7302254633528744,1.0
inferior frontal,79,0.12006079027355623,0.11275167785234899,1.0648248661166595,0.11757188005899318,0.7316830493792417,1.0
modulated,48,0.0729483282674772,0.07919463087248323,0.9211271959198392,0.11499917770866842,0.7345228828877421,1.0
suppression,15,0.022796352583586626,0.01879194630872483,1.2130916196265742,0.11430501467644825,0.735295180512247,1.0
size,15,0.022796352583586626,0.01879194630872483,1.2130916196265742,0.11430501467644825,0.735295180512247,1.0
extrastriate,15,0.022796352583586626,0.01879194630872483,1.2130916196265742,0.11430501467644825,0.735295180512247,1.0
exhibit,15,0.022796352583586626,0.01879194630872483,1.2130916196265742,0.11430501467644825,0.735295180512247,1.0
parietal frontal,5,0.007598784194528876,0.010738255033557046,0.7076367781155016,0.11109307385819646,0.7389031021546117,1.0
hemodynamic responses,5,0.007598784194528876,0.010738255033557046,0.7076367781155016,0.11109307385819646,0.7389031021546117,1.0
young older,5,0.007598784194528876,0.010738255033557046,0.7076367781155016,0.11109307385819646,0.7389031021546117,1.0
constructed,5,0.007598784194528876,0.010738255033557046,0.7076367781155016,0.11109307385819646,0.7389031021546117,1.0
functional organization,5,0.007598784194528876,0.010738255033557046,0.7076367781155016,0.11109307385819646,0.7389031021546117,1.0
sn,5,0.007598784194528876,0.010738255033557046,0.7076367781155016,0.11109307385819646,0.7389031021546117,1.0
pathophysiology,5,0.007598784194528876,0.010738255033557046,0.7076367781155016,0.11109307385819646,0.7389031021546117,1.0
biased,5,0.007598784194528876,0.010738255033557046,0.7076367781155016,0.11109307385819646,0.7389031021546117,1.0
application,5,0.007598784194528876,0.010738255033557046,0.7076367781155016,0.11109307385819646,0.7389031021546117,1.0
striking,5,0.007598784194528876,0.010738255033557046,0.7076367781155016,0.11109307385819646,0.7389031021546117,1.0
equal,5,0.007598784194528876,0.010738255033557046,0.7076367781155016,0.11109307385819646,0.7389031021546117,1.0
notion,5,0.007598784194528876,0.010738255033557046,0.7076367781155016,0.11109307385819646,0.7389031021546117,1.0
actually,5,0.007598784194528876,0.010738255033557046,0.7076367781155016,0.11109307385819646,0.7389031021546117,1.0
provide new,5,0.007598784194528876,0.010738255033557046,0.7076367781155016,0.11109307385819646,0.7389031021546117,1.0
gaze,5,0.007598784194528876,0.010738255033557046,0.7076367781155016,0.11109307385819646,0.7389031021546117,1.0
psychiatric disorders,5,0.007598784194528876,0.010738255033557046,0.7076367781155016,0.11109307385819646,0.7389031021546117,1.0
recruits,5,0.007598784194528876,0.010738255033557046,0.7076367781155016,0.11109307385819646,0.7389031021546117,1.0
guide,5,0.007598784194528876,0.010738255033557046,0.7076367781155016,0.11109307385819646,0.7389031021546117,1.0
temporal cortices,5,0.007598784194528876,0.010738255033557046,0.7076367781155016,0.11109307385819646,0.7389031021546117,1.0
finger,5,0.007598784194528876,0.010738255033557046,0.7076367781155016,0.11109307385819646,0.7389031021546117,1.0
changing,5,0.007598784194528876,0.010738255033557046,0.7076367781155016,0.11109307385819646,0.7389031021546117,1.0
segregation,5,0.007598784194528876,0.010738255033557046,0.7076367781155016,0.11109307385819646,0.7389031021546117,1.0
integrated,5,0.007598784194528876,0.010738255033557046,0.7076367781155016,0.11109307385819646,0.7389031021546117,1.0
negative neutral,5,0.007598784194528876,0.010738255033557046,0.7076367781155016,0.11109307385819646,0.7389031021546117,1.0
links,5,0.007598784194528876,0.010738255033557046,0.7076367781155016,0.11109307385819646,0.7389031021546117,1.0
expectations,5,0.007598784194528876,0.010738255033557046,0.7076367781155016,0.11109307385819646,0.7389031021546117,1.0
wide,5,0.007598784194528876,0.010738255033557046,0.7076367781155016,0.11109307385819646,0.7389031021546117,1.0
chinese,5,0.007598784194528876,0.010738255033557046,0.7076367781155016,0.11109307385819646,0.7389031021546117,1.0
emotional,122,0.18541033434650456,0.17718120805369128,1.0464446900617113,0.10890857497975599,0.7413901452628225,1.0
high,80,0.12158054711246201,0.12885906040268458,0.943515704154002,0.10889856736334357,0.7414016022795171,1.0
core,27,0.041033434650455926,0.036241610738255034,1.1322188449848023,0.10664012407470569,0.7440022182662188,1.0
positively correlated,27,0.041033434650455926,0.036241610738255034,1.1322188449848023,0.10664012407470569,0.7440022182662188,1.0
scanner,27,0.041033434650455926,0.036241610738255034,1.1322188449848023,0.10664012407470569,0.7440022182662188,1.0
combined,27,0.041033434650455926,0.036241610738255034,1.1322188449848023,0.10664012407470569,0.7440022182662188,1.0
modality,14,0.02127659574468085,0.0174496644295302,1.2193126022913259,0.10626722720696821,0.7444345354791504,1.0
combination,14,0.02127659574468085,0.0174496644295302,1.2193126022913259,0.10626722720696821,0.7444345354791504,1.0
help,14,0.02127659574468085,0.0174496644295302,1.2193126022913259,0.10626722720696821,0.7444345354791504,1.0
thalamic,14,0.02127659574468085,0.0174496644295302,1.2193126022913259,0.10626722720696821,0.7444345354791504,1.0
sub,14,0.02127659574468085,0.0174496644295302,1.2193126022913259,0.10626722720696821,0.7444345354791504,1.0
capacity,14,0.02127659574468085,0.0174496644295302,1.2193126022913259,0.10626722720696821,0.7444345354791504,1.0
default,48,0.0729483282674772,0.06711409395973154,1.0869300911854103,0.10426607453173097,0.7467690242600771,1.0
regarding,20,0.030395136778115502,0.0348993288590604,0.8709375730652328,0.10405814924008756,0.7470129985370577,1.0
women,20,0.030395136778115502,0.0348993288590604,0.8709375730652328,0.10405814924008756,0.7470129985370577,1.0
central,37,0.05623100303951368,0.05100671140939597,1.1024236122220445,0.09935930193407781,0.75259985559153,1.0
organization,15,0.022796352583586626,0.026845637583892617,0.8491641337386018,0.09847207941988709,0.7536709602890648,1.0
depends,15,0.022796352583586626,0.026845637583892617,0.8491641337386018,0.09847207941988709,0.7536709602890648,1.0
healthy control,15,0.022796352583586626,0.026845637583892617,0.8491641337386018,0.09847207941988709,0.7536709602890648,1.0
aged,15,0.022796352583586626,0.026845637583892617,0.8491641337386018,0.09847207941988709,0.7536709602890648,1.0
training,15,0.022796352583586626,0.026845637583892617,0.8491641337386018,0.09847207941988709,0.7536709602890648,1.0
internal,13,0.019756838905775075,0.016107382550335572,1.2265704154002024,0.09825277148631166,0.7539365374578975,1.0
cortical subcortical,13,0.019756838905775075,0.016107382550335572,1.2265704154002024,0.09825277148631166,0.7539365374578975,1.0
experimental,26,0.03951367781155015,0.04429530201342282,0.8920512112001473,0.09737219962461252,0.7550061812765025,1.0
sets,10,0.015197568389057751,0.01879194630872483,0.808727746417716,0.09725710600098159,0.7551463788905474,1.0
skin,10,0.015197568389057751,0.01879194630872483,0.808727746417716,0.09725710600098159,0.7551463788905474,1.0
skills,10,0.015197568389057751,0.01879194630872483,0.808727746417716,0.09725710600098159,0.7551463788905474,1.0
visuospatial,10,0.015197568389057751,0.01879194630872483,0.808727746417716,0.09725710600098159,0.7551463788905474,1.0
flow,10,0.015197568389057751,0.01879194630872483,0.808727746417716,0.09725710600098159,0.7551463788905474,1.0
cortex posterior,10,0.015197568389057751,0.01879194630872483,0.808727746417716,0.09725710600098159,0.7551463788905474,1.0
enhances,10,0.015197568389057751,0.01879194630872483,0.808727746417716,0.09725710600098159,0.7551463788905474,1.0
late,10,0.015197568389057751,0.01879194630872483,0.808727746417716,0.09725710600098159,0.7551463788905474,1.0
illness,10,0.015197568389057751,0.01879194630872483,0.808727746417716,0.09725710600098159,0.7551463788905474,1.0
empathy,10,0.015197568389057751,0.01879194630872483,0.808727746417716,0.09725710600098159,0.7551463788905474,1.0
localized,10,0.015197568389057751,0.01879194630872483,0.808727746417716,0.09725710600098159,0.7551463788905474,1.0
rating,10,0.015197568389057751,0.01879194630872483,0.808727746417716,0.09725710600098159,0.7551463788905474,1.0
correlated,115,0.17477203647416414,0.1825503355704698,0.9573909350974433,0.09582722563276823,0.7568957846970598,1.0
adults,69,0.10486322188449848,0.11140939597315436,0.9412421723367635,0.09463602502068993,0.7583641271503837,1.0
assess,36,0.0547112462006079,0.049664429530201344,1.1016183356608888,0.09261332815257887,0.7608807730379401,1.0
taken,25,0.037993920972644375,0.03355704697986577,1.1322188449848023,0.09185609614673611,0.761830643296672,1.0
established,25,0.037993920972644375,0.03355704697986577,1.1322188449848023,0.09185609614673611,0.761830643296672,1.0
memory wm,12,0.0182370820668693,0.01476510067114094,1.2351478308925117,0.09026154607209126,0.7638449169419838,1.0
contrasted,12,0.0182370820668693,0.01476510067114094,1.2351478308925117,0.09026154607209126,0.7638449169419838,1.0
correctly,12,0.0182370820668693,0.01476510067114094,1.2351478308925117,0.09026154607209126,0.7638449169419838,1.0
medication,12,0.0182370820668693,0.01476510067114094,1.2351478308925117,0.09026154607209126,0.7638449169419838,1.0
includes,12,0.0182370820668693,0.01476510067114094,1.2351478308925117,0.09026154607209126,0.7638449169419838,1.0
modified,12,0.0182370820668693,0.01476510067114094,1.2351478308925117,0.09026154607209126,0.7638449169419838,1.0
judgments,21,0.031914893617021274,0.036241610738255034,0.8806146572104018,0.08866776586266328,0.7658776966645602,1.0
overall,35,0.05319148936170213,0.04832214765100671,1.1007683215130024,0.08597465560787868,0.7693583154507921,1.0
scores,35,0.05319148936170213,0.04832214765100671,1.1007683215130024,0.08597465560787868,0.7693583154507921,1.0
state,90,0.13677811550151975,0.1436241610738255,0.9523336079311422,0.08488431142751082,0.7707843214441474,1.0
cortical,90,0.13677811550151975,0.1436241610738255,0.9523336079311422,0.08488431142751082,0.7707843214441474,1.0
lower,39,0.05927051671732523,0.06442953020134229,0.9199278115501519,0.0834862846008256,0.7726273446380958,1.0
comparable,11,0.016717325227963525,0.013422818791946308,1.2454407294832825,0.08229345010914305,0.7742131255956118,1.0
interval,11,0.016717325227963525,0.013422818791946308,1.2454407294832825,0.08229345010914305,0.7742131255956118,1.0
cortex ofc,11,0.016717325227963525,0.013422818791946308,1.2454407294832825,0.08229345010914305,0.7742131255956118,1.0
tool,11,0.016717325227963525,0.013422818791946308,1.2454407294832825,0.08229345010914305,0.7742131255956118,1.0
domains,11,0.016717325227963525,0.013422818791946308,1.2454407294832825,0.08229345010914305,0.7742131255956118,1.0
equivalent,11,0.016717325227963525,0.013422818791946308,1.2454407294832825,0.08229345010914305,0.7742131255956118,1.0
spontaneous,16,0.0243161094224924,0.028187919463087248,0.8626429295122304,0.08106781862227141,0.7758555180043367,1.0
hc,16,0.0243161094224924,0.028187919463087248,0.8626429295122304,0.08106781862227141,0.7758555180043367,1.0
dorsomedial,16,0.0243161094224924,0.028187919463087248,0.8626429295122304,0.08106781862227141,0.7758555180043367,1.0
collected,16,0.0243161094224924,0.028187919463087248,0.8626429295122304,0.08106781862227141,0.7758555180043367,1.0
knowledge,34,0.05167173252279635,0.04697986577181208,1.0998697351280937,0.07945035929945081,0.7780436529383069,1.0
argue,6,0.00911854103343465,0.012080536912751677,0.7548125633232016,0.07742766683380098,0.780814104507846,1.0
receiving,6,0.00911854103343465,0.012080536912751677,0.7548125633232016,0.07742766683380098,0.780814104507846,1.0
processes underlying,6,0.00911854103343465,0.012080536912751677,0.7548125633232016,0.07742766683380098,0.780814104507846,1.0
questions,6,0.00911854103343465,0.012080536912751677,0.7548125633232016,0.07742766683380098,0.780814104507846,1.0
erp,6,0.00911854103343465,0.012080536912751677,0.7548125633232016,0.07742766683380098,0.780814104507846,1.0
assumed,6,0.00911854103343465,0.012080536912751677,0.7548125633232016,0.07742766683380098,0.780814104507846,1.0
ways,6,0.00911854103343465,0.012080536912751677,0.7548125633232016,0.07742766683380098,0.780814104507846,1.0
key role,6,0.00911854103343465,0.012080536912751677,0.7548125633232016,0.07742766683380098,0.780814104507846,1.0
bipolar disorder,6,0.00911854103343465,0.012080536912751677,0.7548125633232016,0.07742766683380098,0.780814104507846,1.0
noise,6,0.00911854103343465,0.012080536912751677,0.7548125633232016,0.07742766683380098,0.780814104507846,1.0
socially,6,0.00911854103343465,0.012080536912751677,0.7548125633232016,0.07742766683380098,0.780814104507846,1.0
statistics,6,0.00911854103343465,0.012080536912751677,0.7548125633232016,0.07742766683380098,0.780814104507846,1.0
rewarding,6,0.00911854103343465,0.012080536912751677,0.7548125633232016,0.07742766683380098,0.780814104507846,1.0
regulate,6,0.00911854103343465,0.012080536912751677,0.7548125633232016,0.07742766683380098,0.780814104507846,1.0
advantage,6,0.00911854103343465,0.012080536912751677,0.7548125633232016,0.07742766683380098,0.780814104507846,1.0
task demands,6,0.00911854103343465,0.012080536912751677,0.7548125633232016,0.07742766683380098,0.780814104507846,1.0
slower,6,0.00911854103343465,0.012080536912751677,0.7548125633232016,0.07742766683380098,0.780814104507846,1.0
resonance experiment,6,0.00911854103343465,0.012080536912751677,0.7548125633232016,0.07742766683380098,0.780814104507846,1.0
duration,11,0.016717325227963525,0.020134228187919462,0.8302938196555217,0.0757600282869913,0.7831277119901714,1.0
fluctuations,11,0.016717325227963525,0.020134228187919462,0.8302938196555217,0.0757600282869913,0.7831277119901714,1.0
contrasting,11,0.016717325227963525,0.020134228187919462,0.8302938196555217,0.0757600282869913,0.7831277119901714,1.0
unrelated,11,0.016717325227963525,0.020134228187919462,0.8302938196555217,0.0757600282869913,0.7831277119901714,1.0
self referential,11,0.016717325227963525,0.020134228187919462,0.8302938196555217,0.0757600282869913,0.7831277119901714,1.0
techniques,11,0.016717325227963525,0.020134228187919462,0.8302938196555217,0.0757600282869913,0.7831277119901714,1.0
lingual,11,0.016717325227963525,0.020134228187919462,0.8302938196555217,0.0757600282869913,0.7831277119901714,1.0
view,22,0.03343465045592705,0.03758389261744966,0.8896005210594876,0.07511767529438552,0.7840261869533157,1.0
goal,22,0.03343465045592705,0.03758389261744966,0.8896005210594876,0.07511767529438552,0.7840261869533157,1.0
coupling,22,0.03343465045592705,0.03758389261744966,0.8896005210594876,0.07511767529438552,0.7840261869533157,1.0
forms,10,0.015197568389057751,0.012080536912751677,1.2580209388720027,0.07434838332527763,0.7851076667543802,1.0
3t,10,0.015197568389057751,0.012080536912751677,1.2580209388720027,0.07434838332527763,0.7851076667543802,1.0
addressed,10,0.015197568389057751,0.012080536912751677,1.2580209388720027,0.07434838332527763,0.7851076667543802,1.0
learn,10,0.015197568389057751,0.012080536912751677,1.2580209388720027,0.07434838332527763,0.7851076667543802,1.0
default network,10,0.015197568389057751,0.012080536912751677,1.2580209388720027,0.07434838332527763,0.7851076667543802,1.0
previous research,10,0.015197568389057751,0.012080536912751677,1.2580209388720027,0.07434838332527763,0.7851076667543802,1.0
poor,10,0.015197568389057751,0.012080536912751677,1.2580209388720027,0.07434838332527763,0.7851076667543802,1.0
lingual gyrus,10,0.015197568389057751,0.012080536912751677,1.2580209388720027,0.07434838332527763,0.7851076667543802,1.0
reaction times,10,0.015197568389057751,0.012080536912751677,1.2580209388720027,0.07434838332527763,0.7851076667543802,1.0
45,10,0.015197568389057751,0.012080536912751677,1.2580209388720027,0.07434838332527763,0.7851076667543802,1.0
progressive,10,0.015197568389057751,0.012080536912751677,1.2580209388720027,0.07434838332527763,0.7851076667543802,1.0
impact,40,0.060790273556231005,0.06577181208053691,0.924260281620247,0.07413754284712548,0.785405117368892,1.0
mode,43,0.06534954407294832,0.06040268456375839,1.0818980074299223,0.07346655158804424,0.7863547770330459,1.0
working memory,43,0.06534954407294832,0.06040268456375839,1.0818980074299223,0.07346655158804424,0.7863547770330459,1.0
pre,28,0.0425531914893617,0.04697986577181208,0.9057750759878419,0.07311021457928778,0.7868609971416222,1.0
abnormal,28,0.0425531914893617,0.04697986577181208,0.9057750759878419,0.07311021457928778,0.7868609971416222,1.0
processes,139,0.21124620060790272,0.2040268456375839,1.035384338505839,0.07121139095730192,0.7895810939490976,1.0
social interactions,9,0.013677811550151976,0.010738255033557046,1.2737462006079028,0.06642624602708043,0.7966130557014842,1.0
education,9,0.013677811550151976,0.010738255033557046,1.2737462006079028,0.06642624602708043,0.7966130557014842,1.0
unilateral,9,0.013677811550151976,0.010738255033557046,1.2737462006079028,0.06642624602708043,0.7966130557014842,1.0
cognitive performance,9,0.013677811550151976,0.010738255033557046,1.2737462006079028,0.06642624602708043,0.7966130557014842,1.0
neutral stimuli,9,0.013677811550151976,0.010738255033557046,1.2737462006079028,0.06642624602708043,0.7966130557014842,1.0
placebo controlled,9,0.013677811550151976,0.010738255033557046,1.2737462006079028,0.06642624602708043,0.7966130557014842,1.0
autonomic,9,0.013677811550151976,0.010738255033557046,1.2737462006079028,0.06642624602708043,0.7966130557014842,1.0
randomly,9,0.013677811550151976,0.010738255033557046,1.2737462006079028,0.06642624602708043,0.7966130557014842,1.0
block design,9,0.013677811550151976,0.010738255033557046,1.2737462006079028,0.06642624602708043,0.7966130557014842,1.0
clinically,9,0.013677811550151976,0.010738255033557046,1.2737462006079028,0.06642624602708043,0.7966130557014842,1.0
interpreted,9,0.013677811550151976,0.010738255033557046,1.2737462006079028,0.06642624602708043,0.7966130557014842,1.0
conceptual,9,0.013677811550151976,0.010738255033557046,1.2737462006079028,0.06642624602708043,0.7966130557014842,1.0
task difficulty,9,0.013677811550151976,0.010738255033557046,1.2737462006079028,0.06642624602708043,0.7966130557014842,1.0
difficulty,17,0.025835866261398176,0.02953020134228188,0.8748963802155292,0.06622944877630078,0.7969079581356775,1.0
higher,87,0.13221884498480244,0.1261744966442953,1.0479046756774235,0.06617880306112407,0.7969839267510846,1.0
low,51,0.07750759878419453,0.07248322147651007,1.0693177980412023,0.06515935972710057,0.7985197323426735,1.0
healthy,202,0.3069908814589666,0.2993288590604027,1.025597339403274,0.06424332032773956,0.7999107117660569,1.0
supporting,35,0.05319148936170213,0.05771812080536913,0.9215734784760019,0.06377088193307771,0.8006322228018867,1.0
robust,21,0.031914893617021274,0.028187919463087248,1.1322188449848023,0.06342479727202273,0.8011625715640779,1.0
positive negative,21,0.031914893617021274,0.028187919463087248,1.1322188449848023,0.06342479727202273,0.8011625715640779,1.0
anterior insula,23,0.034954407294832825,0.038926174496644296,0.8979666701603605,0.06319813696033236,0.801510745798895,1.0
frontal cortex,29,0.044072948328267476,0.04832214765100671,0.912065180682202,0.06280696578855305,0.8021131910064122,1.0
subject,31,0.04711246200607903,0.042953020134228186,1.0968370060790273,0.0606481752019876,0.8054743907636353,1.0
known,94,0.14285714285714285,0.13691275167785236,1.0434173669467786,0.059221407092348965,0.8077307970174342,1.0
revealing,8,0.0121580547112462,0.009395973154362415,1.2939643942683456,0.05852693909573646,0.8088395058130491,1.0
sound,8,0.0121580547112462,0.009395973154362415,1.2939643942683456,0.05852693909573646,0.8088395058130491,1.0
timing,8,0.0121580547112462,0.009395973154362415,1.2939643942683456,0.05852693909573646,0.8088395058130491,1.0
state networks,8,0.0121580547112462,0.009395973154362415,1.2939643942683456,0.05852693909573646,0.8088395058130491,1.0
univariate,8,0.0121580547112462,0.009395973154362415,1.2939643942683456,0.05852693909573646,0.8088395058130491,1.0
sites,8,0.0121580547112462,0.009395973154362415,1.2939643942683456,0.05852693909573646,0.8088395058130491,1.0
001,8,0.0121580547112462,0.009395973154362415,1.2939643942683456,0.05852693909573646,0.8088395058130491,1.0
largely unknown,8,0.0121580547112462,0.009395973154362415,1.2939643942683456,0.05852693909573646,0.8088395058130491,1.0
alteration,8,0.0121580547112462,0.009395973154362415,1.2939643942683456,0.05852693909573646,0.8088395058130491,1.0
occipito,8,0.0121580547112462,0.009395973154362415,1.2939643942683456,0.05852693909573646,0.8088395058130491,1.0
distraction,8,0.0121580547112462,0.009395973154362415,1.2939643942683456,0.05852693909573646,0.8088395058130491,1.0
estimation,8,0.0121580547112462,0.009395973154362415,1.2939643942683456,0.05852693909573646,0.8088395058130491,1.0
construction,8,0.0121580547112462,0.009395973154362415,1.2939643942683456,0.05852693909573646,0.8088395058130491,1.0
executive function,8,0.0121580547112462,0.009395973154362415,1.2939643942683456,0.05852693909573646,0.8088395058130491,1.0
executive functions,8,0.0121580547112462,0.009395973154362415,1.2939643942683456,0.05852693909573646,0.8088395058130491,1.0
concepts,8,0.0121580547112462,0.009395973154362415,1.2939643942683456,0.05852693909573646,0.8088395058130491,1.0
cingulate cortices,8,0.0121580547112462,0.009395973154362415,1.2939643942683456,0.05852693909573646,0.8088395058130491,1.0
coherent,8,0.0121580547112462,0.009395973154362415,1.2939643942683456,0.05852693909573646,0.8088395058130491,1.0
marked,8,0.0121580547112462,0.009395973154362415,1.2939643942683456,0.05852693909573646,0.8088395058130491,1.0
frontal lobe,12,0.0182370820668693,0.021476510067114093,0.8491641337386018,0.05842143967189276,0.8090085423496096,1.0
ventrolateral prefrontal,12,0.0182370820668693,0.021476510067114093,0.8491641337386018,0.05842143967189276,0.8090085423496096,1.0
frequently,12,0.0182370820668693,0.021476510067114093,0.8491641337386018,0.05842143967189276,0.8090085423496096,1.0
correlation,42,0.06382978723404255,0.06845637583892618,0.9324155193992489,0.057647709847394396,0.8102532187661554,1.0
condition,68,0.1033434650455927,0.1087248322147651,0.9505047093699576,0.05744162301373961,0.8105862326110599,1.0
cross,20,0.030395136778115502,0.026845637583892617,1.1322188449848025,0.05661514960168802,0.8119281099424517,1.0
theories,20,0.030395136778115502,0.026845637583892617,1.1322188449848025,0.05661514960168802,0.8119281099424517,1.0
influence,40,0.060790273556231005,0.056375838926174496,1.0783036618902881,0.056513289099969985,0.8120942071226107,1.0
experience,36,0.0547112462006079,0.05906040268456376,0.9263608731693839,0.05533518901662991,0.8140268636169626,1.0
encoded,18,0.02735562310030395,0.03087248322147651,0.8860843134663672,0.05358474566663006,0.8169389761352032,1.0
30,18,0.02735562310030395,0.03087248322147651,0.8860843134663672,0.05358474566663006,0.8169389761352032,1.0
accuracy,30,0.04559270516717325,0.049664429530201344,0.9180152797174074,0.05357946260380811,0.8169478405639373,1.0
incentive,7,0.010638297872340425,0.013422818791946308,0.7925531914893617,0.05347431221697887,0.8171243678254363,1.0
activates,7,0.010638297872340425,0.013422818791946308,0.7925531914893617,0.05347431221697887,0.8171243678254363,1.0
stress disorder,7,0.010638297872340425,0.013422818791946308,0.7925531914893617,0.05347431221697887,0.8171243678254363,1.0
speed,7,0.010638297872340425,0.013422818791946308,0.7925531914893617,0.05347431221697887,0.8171243678254363,1.0
elements,7,0.010638297872340425,0.013422818791946308,0.7925531914893617,0.05347431221697887,0.8171243678254363,1.0
sources,7,0.010638297872340425,0.013422818791946308,0.7925531914893617,0.05347431221697887,0.8171243678254363,1.0
task relevant,7,0.010638297872340425,0.013422818791946308,0.7925531914893617,0.05347431221697887,0.8171243678254363,1.0
vmpfc,7,0.010638297872340425,0.013422818791946308,0.7925531914893617,0.05347431221697887,0.8171243678254363,1.0
imagery,7,0.010638297872340425,0.013422818791946308,0.7925531914893617,0.05347431221697887,0.8171243678254363,1.0
limitations,7,0.010638297872340425,0.013422818791946308,0.7925531914893617,0.05347431221697887,0.8171243678254363,1.0
pathological,7,0.010638297872340425,0.013422818791946308,0.7925531914893617,0.05347431221697887,0.8171243678254363,1.0
cognitive functions,7,0.010638297872340425,0.013422818791946308,0.7925531914893617,0.05347431221697887,0.8171243678254363,1.0
multi,7,0.010638297872340425,0.013422818791946308,0.7925531914893617,0.05347431221697887,0.8171243678254363,1.0
increasingly,7,0.010638297872340425,0.013422818791946308,0.7925531914893617,0.05347431221697887,0.8171243678254363,1.0
extracted,7,0.010638297872340425,0.013422818791946308,0.7925531914893617,0.05347431221697887,0.8171243678254363,1.0
feelings,7,0.010638297872340425,0.013422818791946308,0.7925531914893617,0.05347431221697887,0.8171243678254363,1.0
healthy adults,7,0.010638297872340425,0.013422818791946308,0.7925531914893617,0.05347431221697887,0.8171243678254363,1.0
plasticity,7,0.010638297872340425,0.013422818791946308,0.7925531914893617,0.05347431221697887,0.8171243678254363,1.0
putamen,24,0.0364741641337386,0.040268456375838924,0.9057750759878419,0.05273049781627044,0.8183783439612611,1.0
high level,7,0.010638297872340425,0.008053691275167786,1.3209219858156027,0.050650363982900404,0.8219354318161493,1.0
eating,7,0.010638297872340425,0.008053691275167786,1.3209219858156027,0.050650363982900404,0.8219354318161493,1.0
decreasing,7,0.010638297872340425,0.008053691275167786,1.3209219858156027,0.050650363982900404,0.8219354318161493,1.0
psychophysiological interaction,7,0.010638297872340425,0.008053691275167786,1.3209219858156027,0.050650363982900404,0.8219354318161493,1.0
medial pfc,7,0.010638297872340425,0.008053691275167786,1.3209219858156027,0.050650363982900404,0.8219354318161493,1.0
psychopathology,7,0.010638297872340425,0.008053691275167786,1.3209219858156027,0.050650363982900404,0.8219354318161493,1.0
judged,7,0.010638297872340425,0.008053691275167786,1.3209219858156027,0.050650363982900404,0.8219354318161493,1.0
exploratory,7,0.010638297872340425,0.008053691275167786,1.3209219858156027,0.050650363982900404,0.8219354318161493,1.0
social cognitive,7,0.010638297872340425,0.008053691275167786,1.3209219858156027,0.050650363982900404,0.8219354318161493,1.0
group comparisons,7,0.010638297872340425,0.008053691275167786,1.3209219858156027,0.050650363982900404,0.8219354318161493,1.0
profile,7,0.010638297872340425,0.008053691275167786,1.3209219858156027,0.050650363982900404,0.8219354318161493,1.0
signal change,7,0.010638297872340425,0.008053691275167786,1.3209219858156027,0.050650363982900404,0.8219354318161493,1.0
probably,7,0.010638297872340425,0.008053691275167786,1.3209219858156027,0.050650363982900404,0.8219354318161493,1.0
cortex dacc,7,0.010638297872340425,0.008053691275167786,1.3209219858156027,0.050650363982900404,0.8219354318161493,1.0
fast,7,0.010638297872340425,0.008053691275167786,1.3209219858156027,0.050650363982900404,0.8219354318161493,1.0
explicitly,7,0.010638297872340425,0.008053691275167786,1.3209219858156027,0.050650363982900404,0.8219354318161493,1.0
preference,7,0.010638297872340425,0.008053691275167786,1.3209219858156027,0.050650363982900404,0.8219354318161493,1.0
dominant,7,0.010638297872340425,0.008053691275167786,1.3209219858156027,0.050650363982900404,0.8219354318161493,1.0
bold signals,7,0.010638297872340425,0.008053691275167786,1.3209219858156027,0.050650363982900404,0.8219354318161493,1.0
contents,7,0.010638297872340425,0.008053691275167786,1.3209219858156027,0.050650363982900404,0.8219354318161493,1.0
12 healthy,7,0.010638297872340425,0.008053691275167786,1.3209219858156027,0.050650363982900404,0.8219354318161493,1.0
t1,7,0.010638297872340425,0.008053691275167786,1.3209219858156027,0.050650363982900404,0.8219354318161493,1.0
cohort,7,0.010638297872340425,0.008053691275167786,1.3209219858156027,0.050650363982900404,0.8219354318161493,1.0
therapeutic,7,0.010638297872340425,0.008053691275167786,1.3209219858156027,0.050650363982900404,0.8219354318161493,1.0
traditionally,7,0.010638297872340425,0.008053691275167786,1.3209219858156027,0.050650363982900404,0.8219354318161493,1.0
triggered,7,0.010638297872340425,0.008053691275167786,1.3209219858156027,0.050650363982900404,0.8219354318161493,1.0
dorsolateral,56,0.0851063829787234,0.08993288590604027,0.9463321689425214,0.05036490540097738,0.8224295234604082,1.0
correlates,83,0.12613981762917933,0.13154362416107382,0.9589200421810062,0.04907729939966743,0.8246766901814921,1.0
larger,29,0.044072948328267476,0.040268456375838924,1.0944782168186424,0.04886039791970806,0.8250582647829984,1.0
anterior cingulate,97,0.1474164133738602,0.15302013422818792,0.9633791926625074,0.04761192728280221,0.8272720580650001,1.0
selective,31,0.04711246200607903,0.05100671140939597,0.9236522156454967,0.04533617365956482,0.8313870777475557,1.0
potential,47,0.07142857142857142,0.06711409395973154,1.0642857142857143,0.045139029677281305,0.8317485881928178,1.0
recruit,13,0.019756838905775075,0.022818791946308724,0.8658144108707313,0.04441407778877047,0.833085105171112,1.0
small,13,0.019756838905775075,0.022818791946308724,0.8658144108707313,0.04441407778877047,0.833085105171112,1.0
mind,18,0.02735562310030395,0.024161073825503355,1.1322188449848025,0.04346447963645464,0.8348531313885609,1.0
neurobiological,19,0.028875379939209727,0.032214765100671144,0.8963399189463018,0.042830754446689816,0.8360442808424672,1.0
reflecting,19,0.028875379939209727,0.032214765100671144,0.8963399189463018,0.042830754446689816,0.8360442808424672,1.0
24,19,0.028875379939209727,0.032214765100671144,0.8963399189463018,0.042830754446689816,0.8360442808424672,1.0
older adults,19,0.028875379939209727,0.032214765100671144,0.8963399189463018,0.042830754446689816,0.8360442808424672,1.0
affecting,6,0.00911854103343465,0.006711409395973154,1.3586626139817628,0.042796422706595,0.8361090723705277,1.0
played,6,0.00911854103343465,0.006711409395973154,1.3586626139817628,0.042796422706595,0.8361090723705277,1.0
excessive,6,0.00911854103343465,0.006711409395973154,1.3586626139817628,0.042796422706595,0.8361090723705277,1.0
infer,6,0.00911854103343465,0.006711409395973154,1.3586626139817628,0.042796422706595,0.8361090723705277,1.0
nervous,6,0.00911854103343465,0.006711409395973154,1.3586626139817628,0.042796422706595,0.8361090723705277,1.0
remote,6,0.00911854103343465,0.006711409395973154,1.3586626139817628,0.042796422706595,0.8361090723705277,1.0
original,6,0.00911854103343465,0.006711409395973154,1.3586626139817628,0.042796422706595,0.8361090723705277,1.0
repetitive,6,0.00911854103343465,0.006711409395973154,1.3586626139817628,0.042796422706595,0.8361090723705277,1.0
gambling,6,0.00911854103343465,0.006711409395973154,1.3586626139817628,0.042796422706595,0.8361090723705277,1.0
indexed,6,0.00911854103343465,0.006711409395973154,1.3586626139817628,0.042796422706595,0.8361090723705277,1.0
anticipatory,6,0.00911854103343465,0.006711409395973154,1.3586626139817628,0.042796422706595,0.8361090723705277,1.0
homogeneity reho,6,0.00911854103343465,0.006711409395973154,1.3586626139817628,0.042796422706595,0.8361090723705277,1.0
heterogeneity,6,0.00911854103343465,0.006711409395973154,1.3586626139817628,0.042796422706595,0.8361090723705277,1.0
concomitant,6,0.00911854103343465,0.006711409395973154,1.3586626139817628,0.042796422706595,0.8361090723705277,1.0
balance,6,0.00911854103343465,0.006711409395973154,1.3586626139817628,0.042796422706595,0.8361090723705277,1.0
task irrelevant,6,0.00911854103343465,0.006711409395973154,1.3586626139817628,0.042796422706595,0.8361090723705277,1.0
accurately,6,0.00911854103343465,0.006711409395973154,1.3586626139817628,0.042796422706595,0.8361090723705277,1.0
decision task,6,0.00911854103343465,0.006711409395973154,1.3586626139817628,0.042796422706595,0.8361090723705277,1.0
quantify,6,0.00911854103343465,0.006711409395973154,1.3586626139817628,0.042796422706595,0.8361090723705277,1.0
demanding,6,0.00911854103343465,0.006711409395973154,1.3586626139817628,0.042796422706595,0.8361090723705277,1.0
pathology,6,0.00911854103343465,0.006711409395973154,1.3586626139817628,0.042796422706595,0.8361090723705277,1.0
direct evidence,6,0.00911854103343465,0.006711409395973154,1.3586626139817628,0.042796422706595,0.8361090723705277,1.0
rapidly,6,0.00911854103343465,0.006711409395973154,1.3586626139817628,0.042796422706595,0.8361090723705277,1.0
posttraumatic,6,0.00911854103343465,0.006711409395973154,1.3586626139817628,0.042796422706595,0.8361090723705277,1.0
discussion,6,0.00911854103343465,0.006711409395973154,1.3586626139817628,0.042796422706595,0.8361090723705277,1.0
neurophysiological,6,0.00911854103343465,0.006711409395973154,1.3586626139817628,0.042796422706595,0.8361090723705277,1.0
middle inferior,6,0.00911854103343465,0.006711409395973154,1.3586626139817628,0.042796422706595,0.8361090723705277,1.0
noted,6,0.00911854103343465,0.006711409395973154,1.3586626139817628,0.042796422706595,0.8361090723705277,1.0
systems involved,6,0.00911854103343465,0.006711409395973154,1.3586626139817628,0.042796422706595,0.8361090723705277,1.0
partner,6,0.00911854103343465,0.006711409395973154,1.3586626139817628,0.042796422706595,0.8361090723705277,1.0
open,6,0.00911854103343465,0.006711409395973154,1.3586626139817628,0.042796422706595,0.8361090723705277,1.0
estimates,6,0.00911854103343465,0.006711409395973154,1.3586626139817628,0.042796422706595,0.8361090723705277,1.0
reversal,6,0.00911854103343465,0.006711409395973154,1.3586626139817628,0.042796422706595,0.8361090723705277,1.0
parieto,6,0.00911854103343465,0.006711409395973154,1.3586626139817628,0.042796422706595,0.8361090723705277,1.0
relationship,64,0.0972644376899696,0.09261744966442953,1.050174001145324,0.0421122157812918,0.8374060168339845,1.0
blood,55,0.08358662613981763,0.07919463087248323,1.0554582453248158,0.041034752309127405,0.8394708559452996,1.0
volume,37,0.05623100303951368,0.052348993288590606,1.0741563401137868,0.040967412971848416,0.8396008363866216,1.0
sensory,38,0.057750759878419454,0.06174496644295302,0.9353112197700542,0.04078274077888037,0.8399578679861455,1.0
social,72,0.1094224924012158,0.10469798657718121,1.0451250876782792,0.03969257493214876,0.8420828684554114,1.0
suggested,32,0.0486322188449848,0.052348993288590606,0.9290000779362481,0.037995892725744426,0.8454513870906338,1.0
instructed,17,0.025835866261398176,0.022818791946308724,1.1322188449848025,0.03717011757903342,0.8471191019393055,1.0
psychological,17,0.025835866261398176,0.022818791946308724,1.1322188449848025,0.03717011757903342,0.8471191019393055,1.0
cortex dlpfc,17,0.025835866261398176,0.022818791946308724,1.1322188449848025,0.03717011757903342,0.8471191019393055,1.0
genetic,17,0.025835866261398176,0.022818791946308724,1.1322188449848025,0.03717011757903342,0.8471191019393055,1.0
contributions,17,0.025835866261398176,0.022818791946308724,1.1322188449848025,0.03717011757903342,0.8471191019393055,1.0
generated,17,0.025835866261398176,0.022818791946308724,1.1322188449848025,0.03717011757903342,0.8471191019393055,1.0
rewards,8,0.0121580547112462,0.01476510067114094,0.8234318872616745,0.036172992377083504,0.8491586890255953,1.0
share,8,0.0121580547112462,0.01476510067114094,0.8234318872616745,0.036172992377083504,0.8491586890255953,1.0
correlate,8,0.0121580547112462,0.01476510067114094,0.8234318872616745,0.036172992377083504,0.8491586890255953,1.0
quantitative,8,0.0121580547112462,0.01476510067114094,0.8234318872616745,0.036172992377083504,0.8491586890255953,1.0
difficulties,8,0.0121580547112462,0.01476510067114094,0.8234318872616745,0.036172992377083504,0.8491586890255953,1.0
occurrence,8,0.0121580547112462,0.01476510067114094,0.8234318872616745,0.036172992377083504,0.8491586890255953,1.0
located,8,0.0121580547112462,0.01476510067114094,0.8234318872616745,0.036172992377083504,0.8491586890255953,1.0
contributes,8,0.0121580547112462,0.01476510067114094,0.8234318872616745,0.036172992377083504,0.8491586890255953,1.0
contrasts,8,0.0121580547112462,0.01476510067114094,0.8234318872616745,0.036172992377083504,0.8491586890255953,1.0
basic,8,0.0121580547112462,0.01476510067114094,0.8234318872616745,0.036172992377083504,0.8491586890255953,1.0
cortex amygdala,8,0.0121580547112462,0.01476510067114094,0.8234318872616745,0.036172992377083504,0.8491586890255953,1.0
served,8,0.0121580547112462,0.01476510067114094,0.8234318872616745,0.036172992377083504,0.8491586890255953,1.0
focal,8,0.0121580547112462,0.01476510067114094,0.8234318872616745,0.036172992377083504,0.8491586890255953,1.0
gm,8,0.0121580547112462,0.01476510067114094,0.8234318872616745,0.036172992377083504,0.8491586890255953,1.0
network connectivity,8,0.0121580547112462,0.01476510067114094,0.8234318872616745,0.036172992377083504,0.8491586890255953,1.0
outside,8,0.0121580547112462,0.01476510067114094,0.8234318872616745,0.036172992377083504,0.8491586890255953,1.0
signals,36,0.0547112462006079,0.05100671140939597,1.0726283794592866,0.03614755686707549,0.8492110952121956,1.0
correlations,36,0.0547112462006079,0.05100671140939597,1.0726283794592866,0.03614755686707549,0.8492110952121956,1.0
valence,26,0.03951367781155015,0.042953020134228186,0.919927811550152,0.03555958367698129,0.8504278963868069,1.0
aim,26,0.03951367781155015,0.042953020134228186,0.919927811550152,0.03555958367698129,0.8504278963868069,1.0
mtl,20,0.030395136778115502,0.03355704697986577,0.905775075987842,0.03371839657475884,0.8543071026558313,1.0
objective,20,0.030395136778115502,0.03355704697986577,0.905775075987842,0.03371839657475884,0.8543071026558313,1.0
measure,20,0.030395136778115502,0.03355704697986577,0.905775075987842,0.03371839657475884,0.8543071026558313,1.0
completed,20,0.030395136778115502,0.03355704697986577,0.905775075987842,0.03371839657475884,0.8543071026558313,1.0
feature,14,0.02127659574468085,0.024161073825503355,0.8806146572104019,0.033117520126405446,0.8555966971222283,1.0
anterior posterior,14,0.02127659574468085,0.024161073825503355,0.8806146572104019,0.033117520126405446,0.8555966971222283,1.0
contexts,14,0.02127659574468085,0.024161073825503355,0.8806146572104019,0.033117520126405446,0.8555966971222283,1.0
substrate,14,0.02127659574468085,0.024161073825503355,0.8806146572104019,0.033117520126405446,0.8555966971222283,1.0
task functional,14,0.02127659574468085,0.024161073825503355,0.8806146572104019,0.033117520126405446,0.8555966971222283,1.0
experiments,14,0.02127659574468085,0.024161073825503355,0.8806146572104019,0.033117520126405446,0.8555966971222283,1.0
modulates,14,0.02127659574468085,0.024161073825503355,0.8806146572104019,0.033117520126405446,0.8555966971222283,1.0
dorsal,70,0.10638297872340426,0.10201342281879194,1.0428331466965286,0.03236040113510501,0.8572389499058278,1.0
working,44,0.0668693009118541,0.06308724832214765,1.059949557007049,0.0318406661674051,0.8583778063133527,1.0
means,16,0.0243161094224924,0.021476510067114093,1.1322188449848025,0.03110394228466382,0.8600086938579863,1.0
05,16,0.0243161094224924,0.021476510067114093,1.1322188449848025,0.03110394228466382,0.8600086938579863,1.0
compensatory,16,0.0243161094224924,0.021476510067114093,1.1322188449848025,0.03110394228466382,0.8600086938579863,1.0
purpose,16,0.0243161094224924,0.021476510067114093,1.1322188449848025,0.03110394228466382,0.8600086938579863,1.0
relationships,16,0.0243161094224924,0.021476510067114093,1.1322188449848025,0.03110394228466382,0.8600086938579863,1.0
domain,16,0.0243161094224924,0.021476510067114093,1.1322188449848025,0.03110394228466382,0.8600086938579863,1.0
inferior temporal,16,0.0243161094224924,0.021476510067114093,1.1322188449848025,0.03110394228466382,0.8600086938579863,1.0
influenced,16,0.0243161094224924,0.021476510067114093,1.1322188449848025,0.03110394228466382,0.8600086938579863,1.0
systems,60,0.0911854103343465,0.0953020134228188,0.9568046577336358,0.029768628382527047,0.8630162595570852,1.0
learning,74,0.11246200607902736,0.11677852348993288,0.9630367187227056,0.028637423125754898,0.8656189167394951,1.0
focused,27,0.041033434650455926,0.04429530201342282,0.9263608731693838,0.02860995377478138,0.8656827695656073,1.0
dynamic,27,0.041033434650455926,0.04429530201342282,0.9263608731693838,0.02860995377478138,0.8656827695656073,1.0
second,43,0.06534954407294832,0.06174496644295302,1.0583784855292717,0.02778414526176104,0.8676173043368817,1.0
disorders,43,0.06534954407294832,0.06174496644295302,1.0583784855292717,0.02778414526176104,0.8676173043368817,1.0
children,25,0.037993920972644375,0.0348993288590604,1.088671966331541,0.027604289137300616,0.8680425379730698,1.0
voxel morphometry,25,0.037993920972644375,0.0348993288590604,1.088671966331541,0.027604289137300616,0.8680425379730698,1.0
employed,25,0.037993920972644375,0.0348993288590604,1.088671966331541,0.027604289137300616,0.8680425379730698,1.0
ventromedial,25,0.037993920972644375,0.0348993288590604,1.088671966331541,0.027604289137300616,0.8680425379730698,1.0
mode network,34,0.05167173252279635,0.04832214765100671,1.0693177980412023,0.02713094462778053,0.8691685168714134,1.0
effective,21,0.031914893617021274,0.0348993288590604,0.9144844517184942,0.026041006895110182,0.8718002121644981,1.0
required,21,0.031914893617021274,0.0348993288590604,0.9144844517184942,0.026041006895110182,0.8718002121644981,1.0
associations,34,0.05167173252279635,0.05503355704697987,0.9389131885239824,0.025742896040005618,0.8725298123382171,1.0
furthermore,61,0.09270516717325228,0.09664429530201342,0.959240965889902,0.025613988422831635,0.8728466440578796,1.0
clear,15,0.022796352583586626,0.020134228187919462,1.1322188449848025,0.02530685994431821,0.8736048211959461,1.0
intact,15,0.022796352583586626,0.020134228187919462,1.1322188449848025,0.02530685994431821,0.8736048211959461,1.0
rated,15,0.022796352583586626,0.020134228187919462,1.1322188449848025,0.02530685994431821,0.8736048211959461,1.0
virtual,15,0.022796352583586626,0.020134228187919462,1.1322188449848025,0.02530685994431821,0.8736048211959461,1.0
involved,141,0.21428571428571427,0.20939597315436242,1.0233516483516483,0.025047219205945735,0.8742494577273974,1.0
test,75,0.11398176291793313,0.11812080536912752,0.9649592428847749,0.024953718675610238,0.8744824392465429,1.0
inferior,139,0.21124620060790272,0.21610738255033557,0.9775057108875002,0.02445527105679411,0.8757320728829495,1.0
roles,15,0.022796352583586626,0.025503355704697986,0.8938569828827387,0.02405734894440894,0.8767390794286498,1.0
intensity,15,0.022796352583586626,0.025503355704697986,0.8938569828827387,0.02405734894440894,0.8767390794286498,1.0
approach,42,0.06382978723404255,0.06040268456375839,1.0567375886524821,0.023934371227855054,0.8770520172520496,1.0
low frequency,9,0.013677811550151976,0.016107382550335572,0.8491641337386018,0.02362944706614686,0.877831518181796,1.0
material,9,0.013677811550151976,0.016107382550335572,0.8491641337386018,0.02362944706614686,0.877831518181796,1.0
conductance,9,0.013677811550151976,0.016107382550335572,0.8491641337386018,0.02362944706614686,0.877831518181796,1.0
abilities,9,0.013677811550151976,0.016107382550335572,0.8491641337386018,0.02362944706614686,0.877831518181796,1.0
skin conductance,9,0.013677811550151976,0.016107382550335572,0.8491641337386018,0.02362944706614686,0.877831518181796,1.0
observations,9,0.013677811550151976,0.016107382550335572,0.8491641337386018,0.02362944706614686,0.877831518181796,1.0
epilepsy,9,0.013677811550151976,0.016107382550335572,0.8491641337386018,0.02362944706614686,0.877831518181796,1.0
hippocampus,164,0.24924012158054712,0.2442953020134228,1.0202411570192726,0.02321896622118984,0.8788890373497587,1.0
distributed,33,0.05015197568389058,0.04697986577181208,1.0675206252713851,0.022966371052814794,0.8795445561970288,1.0
representation,33,0.05015197568389058,0.04697986577181208,1.0675206252713851,0.022966371052814794,0.8795445561970288,1.0
applied,28,0.0425531914893617,0.04563758389261745,0.932415519399249,0.022613150631654443,0.8804674262697539,1.0
paradigm,67,0.10182370820668693,0.09798657718120805,1.0391597618353665,0.022518528565237103,0.8807158979392766,1.0
activations,62,0.09422492401215805,0.09798657718120805,0.9616105258775034,0.021824027494324716,0.8825561898058256,1.0
conjunction,14,0.02127659574468085,0.01879194630872483,1.1322188449848025,0.019831493725058595,0.8880087169765759,1.0
adaptation,14,0.02127659574468085,0.01879194630872483,1.1322188449848025,0.019831493725058595,0.8880087169765759,1.0
responded,14,0.02127659574468085,0.01879194630872483,1.1322188449848025,0.019831493725058595,0.8880087169765759,1.0
important role,14,0.02127659574468085,0.01879194630872483,1.1322188449848025,0.019831493725058595,0.8880087169765759,1.0
involves,22,0.03343465045592705,0.036241610738255034,0.9225486885061353,0.019625677965656712,0.888587556533461,1.0
representations,42,0.06382978723404255,0.06711409395973154,0.9510638297872339,0.019585508376825298,0.8887008905332617,1.0
set,32,0.0486322188449848,0.04563758389261745,1.0656177364562847,0.01905568127700492,0.8902069735563017,1.0
cingulate gyrus,23,0.034954407294832825,0.032214765100671144,1.0850430597771021,0.018480396235169293,0.8918666414317239,1.0
viewing,23,0.034954407294832825,0.032214765100671144,1.0850430597771021,0.018480396235169293,0.8918666414317239,1.0
short,23,0.034954407294832825,0.032214765100671144,1.0850430597771021,0.018480396235169293,0.8918666414317239,1.0
absence,23,0.034954407294832825,0.032214765100671144,1.0850430597771021,0.018480396235169293,0.8918666414317239,1.0
shared,16,0.0243161094224924,0.026845637583892617,0.905775075987842,0.01686459455136689,0.8966742216648678,1.0
engaged,43,0.06534954407294832,0.06845637583892618,0.9546158889087548,0.01569723427729749,0.9002950738318666,1.0
deficits,48,0.0729483282674772,0.0697986577181208,1.0451250876782792,0.015590890021869697,0.9006316263955892,1.0
sleep,13,0.019756838905775075,0.0174496644295302,1.1322188449848025,0.014746690068646024,0.903345743208562,1.0
nodes,13,0.019756838905775075,0.0174496644295302,1.1322188449848025,0.014746690068646024,0.903345743208562,1.0
insight,13,0.019756838905775075,0.0174496644295302,1.1322188449848025,0.014746690068646024,0.903345743208562,1.0
accurate,13,0.019756838905775075,0.0174496644295302,1.1322188449848025,0.014746690068646024,0.903345743208562,1.0
power,10,0.015197568389057751,0.0174496644295302,0.8709375730652328,0.014608322623637609,0.9037980487276458,1.0
operations,10,0.015197568389057751,0.0174496644295302,0.8709375730652328,0.014608322623637609,0.9037980487276458,1.0
interference,10,0.015197568389057751,0.0174496644295302,0.8709375730652328,0.014608322623637609,0.9037980487276458,1.0
psychiatric,10,0.015197568389057751,0.0174496644295302,0.8709375730652328,0.014608322623637609,0.9037980487276458,1.0
neurocognitive,10,0.015197568389057751,0.0174496644295302,0.8709375730652328,0.014608322623637609,0.9037980487276458,1.0
parameters,10,0.015197568389057751,0.0174496644295302,0.8709375730652328,0.014608322623637609,0.9037980487276458,1.0
35,10,0.015197568389057751,0.0174496644295302,0.8709375730652328,0.014608322623637609,0.9037980487276458,1.0
explain,10,0.015197568389057751,0.0174496644295302,0.8709375730652328,0.014608322623637609,0.9037980487276458,1.0
selected,10,0.015197568389057751,0.0174496644295302,0.8709375730652328,0.014608322623637609,0.9037980487276458,1.0
social cognition,10,0.015197568389057751,0.0174496644295302,0.8709375730652328,0.014608322623637609,0.9037980487276458,1.0
pre post,4,0.0060790273556231,0.008053691275167786,0.7548125633232016,0.014592134195736378,0.9038511083963149,1.0
cortex lateral,4,0.0060790273556231,0.008053691275167786,0.7548125633232016,0.014592134195736378,0.9038511083963149,1.0
cortex vlpfc,4,0.0060790273556231,0.008053691275167786,0.7548125633232016,0.014592134195736378,0.9038511083963149,1.0
taste,4,0.0060790273556231,0.008053691275167786,0.7548125633232016,0.014592134195736378,0.9038511083963149,1.0
verbs,4,0.0060790273556231,0.008053691275167786,0.7548125633232016,0.014592134195736378,0.9038511083963149,1.0
videos,4,0.0060790273556231,0.008053691275167786,0.7548125633232016,0.014592134195736378,0.9038511083963149,1.0
post hoc,4,0.0060790273556231,0.008053691275167786,0.7548125633232016,0.014592134195736378,0.9038511083963149,1.0
behavioral measures,4,0.0060790273556231,0.008053691275167786,0.7548125633232016,0.014592134195736378,0.9038511083963149,1.0
network involved,4,0.0060790273556231,0.008053691275167786,0.7548125633232016,0.014592134195736378,0.9038511083963149,1.0
networks involved,4,0.0060790273556231,0.008053691275167786,0.7548125633232016,0.014592134195736378,0.9038511083963149,1.0
optimal,4,0.0060790273556231,0.008053691275167786,0.7548125633232016,0.014592134195736378,0.9038511083963149,1.0
biomarkers,4,0.0060790273556231,0.008053691275167786,0.7548125633232016,0.014592134195736378,0.9038511083963149,1.0
cortex vmpfc,4,0.0060790273556231,0.008053691275167786,0.7548125633232016,0.014592134195736378,0.9038511083963149,1.0
formed,4,0.0060790273556231,0.008053691275167786,0.7548125633232016,0.014592134195736378,0.9038511083963149,1.0
photographs,4,0.0060790273556231,0.008053691275167786,0.7548125633232016,0.014592134195736378,0.9038511083963149,1.0
uses,4,0.0060790273556231,0.008053691275167786,0.7548125633232016,0.014592134195736378,0.9038511083963149,1.0
discriminate,4,0.0060790273556231,0.008053691275167786,0.7548125633232016,0.014592134195736378,0.9038511083963149,1.0
resonance images,4,0.0060790273556231,0.008053691275167786,0.7548125633232016,0.014592134195736378,0.9038511083963149,1.0
naturalistic,4,0.0060790273556231,0.008053691275167786,0.7548125633232016,0.014592134195736378,0.9038511083963149,1.0
hoc,4,0.0060790273556231,0.008053691275167786,0.7548125633232016,0.014592134195736378,0.9038511083963149,1.0
spin labeling,4,0.0060790273556231,0.008053691275167786,0.7548125633232016,0.014592134195736378,0.9038511083963149,1.0
head,4,0.0060790273556231,0.008053691275167786,0.7548125633232016,0.014592134195736378,0.9038511083963149,1.0
assigned,4,0.0060790273556231,0.008053691275167786,0.7548125633232016,0.014592134195736378,0.9038511083963149,1.0
rise,4,0.0060790273556231,0.008053691275167786,0.7548125633232016,0.014592134195736378,0.9038511083963149,1.0
frontal operculum,4,0.0060790273556231,0.008053691275167786,0.7548125633232016,0.014592134195736378,0.9038511083963149,1.0
encode,4,0.0060790273556231,0.008053691275167786,0.7548125633232016,0.014592134195736378,0.9038511083963149,1.0
early stages,4,0.0060790273556231,0.008053691275167786,0.7548125633232016,0.014592134195736378,0.9038511083963149,1.0
perceiving,4,0.0060790273556231,0.008053691275167786,0.7548125633232016,0.014592134195736378,0.9038511083963149,1.0
selective attention,4,0.0060790273556231,0.008053691275167786,0.7548125633232016,0.014592134195736378,0.9038511083963149,1.0
reliance,4,0.0060790273556231,0.008053691275167786,0.7548125633232016,0.014592134195736378,0.9038511083963149,1.0
producing,4,0.0060790273556231,0.008053691275167786,0.7548125633232016,0.014592134195736378,0.9038511083963149,1.0
persistent,4,0.0060790273556231,0.008053691275167786,0.7548125633232016,0.014592134195736378,0.9038511083963149,1.0
psychotic,4,0.0060790273556231,0.008053691275167786,0.7548125633232016,0.014592134195736378,0.9038511083963149,1.0
lacking,4,0.0060790273556231,0.008053691275167786,0.7548125633232016,0.014592134195736378,0.9038511083963149,1.0
localization,4,0.0060790273556231,0.008053691275167786,0.7548125633232016,0.014592134195736378,0.9038511083963149,1.0
interactive,4,0.0060790273556231,0.008053691275167786,0.7548125633232016,0.014592134195736378,0.9038511083963149,1.0
male,22,0.03343465045592705,0.03087248322147651,1.0829919386811153,0.01440012698681075,0.9044827288184122,1.0
expression,22,0.03343465045592705,0.03087248322147651,1.0829919386811153,0.01440012698681075,0.9044827288184122,1.0
comparing,22,0.03343465045592705,0.03087248322147651,1.0829919386811153,0.01440012698681075,0.9044827288184122,1.0
value,23,0.034954407294832825,0.03758389261744966,0.9300369083803735,0.01432664101540722,0.9047255952596339,1.0
addition,64,0.0972644376899696,0.09395973154362416,1.0351715154146766,0.014199315383633487,0.9051478987996158,1.0
superior temporal,58,0.08814589665653495,0.0912751677852349,0.965716073663508,0.01232771389616971,0.9115923679929331,1.0
temporal gyrus,51,0.07750759878419453,0.08053691275167785,0.9623860182370821,0.01225090053459541,0.9118671036837984,1.0
development,30,0.04559270516717325,0.042953020134228186,1.0614551671732524,0.012084585164310912,0.9124649613548222,1.0
identified,63,0.09574468085106383,0.09261744966442953,1.0337650323774283,0.011794527030103792,0.9135176900414321,1.0
function,94,0.14285714285714285,0.14630872483221477,0.9764089121887286,0.011526758134034133,0.9145012120635602,1.0
emotion,79,0.12006079027355623,0.11677852348993288,1.0281067672850506,0.011478654508252265,0.9146791179510024,1.0
22,17,0.025835866261398176,0.028187919463087248,0.9165581126067448,0.011247985970153815,0.915537506524039,1.0
emotionally,17,0.025835866261398176,0.028187919463087248,0.9165581126067448,0.011247985970153815,0.915537506524039,1.0
white matter,17,0.025835866261398176,0.028187919463087248,0.9165581126067448,0.011247985970153815,0.915537506524039,1.0
respectively,38,0.057750759878419454,0.05503355704697987,1.049373563644451,0.010877538023596978,0.9169348995047026,1.0
dorsal anterior,21,0.031914893617021274,0.02953020134228188,1.0807543520309477,0.01069624571790077,0.9176275318887208,1.0
strategy,12,0.0182370820668693,0.016107382550335572,1.1322188449848023,0.010144278141623287,0.9197736812358388,1.0
handed,12,0.0182370820668693,0.016107382550335572,1.1322188449848023,0.010144278141623287,0.9197736812358388,1.0
available,12,0.0182370820668693,0.016107382550335572,1.1322188449848023,0.010144278141623287,0.9197736812358388,1.0
continuous,12,0.0182370820668693,0.016107382550335572,1.1322188449848023,0.010144278141623287,0.9197736812358388,1.0
observation,12,0.0182370820668693,0.016107382550335572,1.1322188449848023,0.010144278141623287,0.9197736812358388,1.0
age gender,12,0.0182370820668693,0.016107382550335572,1.1322188449848023,0.010144278141623287,0.9197736812358388,1.0
parietal cortices,12,0.0182370820668693,0.016107382550335572,1.1322188449848023,0.010144278141623287,0.9197736812358388,1.0
complex,54,0.08206686930091185,0.07919463087248323,1.0362680954098191,0.00980012653728295,0.9211417727875016,1.0
healthy controls,62,0.09422492401215805,0.0912751677852349,1.0323171821920258,0.009585905711392487,0.9220056343451373,1.0
frontal gyrus,78,0.11854103343465046,0.11543624161073826,1.0268961617304022,0.009482383616357044,0.9224265872848423,1.0
affect,37,0.05623100303951368,0.053691275167785234,1.0473024316109423,0.008280190951468125,0.9274961233426267,1.0
discrimination,11,0.016717325227963525,0.01879194630872483,0.8896005210594876,0.008269609564859011,0.9275423374335972,1.0
cortex hippocampus,11,0.016717325227963525,0.01879194630872483,0.8896005210594876,0.008269609564859011,0.9275423374335972,1.0
clusters,11,0.016717325227963525,0.01879194630872483,0.8896005210594876,0.008269609564859011,0.9275423374335972,1.0
evaluated,20,0.030395136778115502,0.028187919463087248,1.0783036618902881,0.007420340981989521,0.9313540126077268,1.0
temporal sulcus,20,0.030395136778115502,0.028187919463087248,1.0783036618902881,0.007420340981989521,0.9313540126077268,1.0
acquisition,18,0.02735562310030395,0.02953020134228188,0.9263608731693839,0.006974526404924857,0.9334431400357946,1.0
source,18,0.02735562310030395,0.02953020134228188,0.9263608731693839,0.006974526404924857,0.9334431400357946,1.0
limbic,39,0.05927051671732523,0.06174496644295302,0.9599246729218978,0.006683938493294089,0.9348412566667252,1.0
better,39,0.05927051671732523,0.06174496644295302,0.9599246729218978,0.006683938493294089,0.9348412566667252,1.0
gender,25,0.037993920972644375,0.040268456375838924,0.9435157041540021,0.00660045615872579,0.9352485512020927,1.0
possible,25,0.037993920972644375,0.040268456375838924,0.9435157041540021,0.00660045615872579,0.9352485512020927,1.0
cue,25,0.037993920972644375,0.040268456375838924,0.9435157041540021,0.00660045615872579,0.9352485512020927,1.0
communication,11,0.016717325227963525,0.01476510067114094,1.1322188449848023,0.006149516260525108,0.9374948784289874,1.0
26,11,0.016717325227963525,0.01476510067114094,1.1322188449848023,0.006149516260525108,0.9374948784289874,1.0
dysfunctional,11,0.016717325227963525,0.01476510067114094,1.1322188449848023,0.006149516260525108,0.9374948784289874,1.0
50,11,0.016717325227963525,0.01476510067114094,1.1322188449848023,0.006149516260525108,0.9374948784289874,1.0
exposed,11,0.016717325227963525,0.01476510067114094,1.1322188449848023,0.006149516260525108,0.9374948784289874,1.0
childhood,11,0.016717325227963525,0.01476510067114094,1.1322188449848023,0.006149516260525108,0.9374948784289874,1.0
stream,11,0.016717325227963525,0.01476510067114094,1.1322188449848023,0.006149516260525108,0.9374948784289874,1.0
correlated positively,11,0.016717325227963525,0.01476510067114094,1.1322188449848023,0.006149516260525108,0.9374948784289874,1.0
improvement,11,0.016717325227963525,0.01476510067114094,1.1322188449848023,0.006149516260525108,0.9374948784289874,1.0
scanned,36,0.0547112462006079,0.052348993288590606,1.0451250876782792,0.00598821975955876,0.9383183961598573,1.0
confidence,5,0.007598784194528876,0.009395973154362415,0.808727746417716,0.005524538881312845,0.9407500011156267,1.0
updating,5,0.007598784194528876,0.009395973154362415,0.808727746417716,0.005524538881312845,0.9407500011156267,1.0
constraints,5,0.007598784194528876,0.009395973154362415,0.808727746417716,0.005524538881312845,0.9407500011156267,1.0
previous shown,5,0.007598784194528876,0.009395973154362415,0.808727746417716,0.005524538881312845,0.9407500011156267,1.0
dti,5,0.007598784194528876,0.009395973154362415,0.808727746417716,0.005524538881312845,0.9407500011156267,1.0
prospective,5,0.007598784194528876,0.009395973154362415,0.808727746417716,0.005524538881312845,0.9407500011156267,1.0
tesla,5,0.007598784194528876,0.009395973154362415,0.808727746417716,0.005524538881312845,0.9407500011156267,1.0
superior middle,5,0.007598784194528876,0.009395973154362415,0.808727746417716,0.005524538881312845,0.9407500011156267,1.0
press,5,0.007598784194528876,0.009395973154362415,0.808727746417716,0.005524538881312845,0.9407500011156267,1.0
posterior temporal,5,0.007598784194528876,0.009395973154362415,0.808727746417716,0.005524538881312845,0.9407500011156267,1.0
neuroanatomy,5,0.007598784194528876,0.009395973154362415,0.808727746417716,0.005524538881312845,0.9407500011156267,1.0
ipsilateral,5,0.007598784194528876,0.009395973154362415,0.808727746417716,0.005524538881312845,0.9407500011156267,1.0
frontoparietal network,5,0.007598784194528876,0.009395973154362415,0.808727746417716,0.005524538881312845,0.9407500011156267,1.0
aspect,5,0.007598784194528876,0.009395973154362415,0.808727746417716,0.005524538881312845,0.9407500011156267,1.0
functional abnormalities,5,0.007598784194528876,0.009395973154362415,0.808727746417716,0.005524538881312845,0.9407500011156267,1.0
abnormality,5,0.007598784194528876,0.009395973154362415,0.808727746417716,0.005524538881312845,0.9407500011156267,1.0
hypoactivation,5,0.007598784194528876,0.009395973154362415,0.808727746417716,0.005524538881312845,0.9407500011156267,1.0
characterizing,5,0.007598784194528876,0.009395973154362415,0.808727746417716,0.005524538881312845,0.9407500011156267,1.0
mixed,5,0.007598784194528876,0.009395973154362415,0.808727746417716,0.005524538881312845,0.9407500011156267,1.0
paralimbic,5,0.007598784194528876,0.009395973154362415,0.808727746417716,0.005524538881312845,0.9407500011156267,1.0
improvements,5,0.007598784194528876,0.009395973154362415,0.808727746417716,0.005524538881312845,0.9407500011156267,1.0
temporal occipital,5,0.007598784194528876,0.009395973154362415,0.808727746417716,0.005524538881312845,0.9407500011156267,1.0
audiovisual,5,0.007598784194528876,0.009395973154362415,0.808727746417716,0.005524538881312845,0.9407500011156267,1.0
nineteen,5,0.007598784194528876,0.009395973154362415,0.808727746417716,0.005524538881312845,0.9407500011156267,1.0
digit,5,0.007598784194528876,0.009395973154362415,0.808727746417716,0.005524538881312845,0.9407500011156267,1.0
unmedicated,5,0.007598784194528876,0.009395973154362415,0.808727746417716,0.005524538881312845,0.9407500011156267,1.0
amplitude low,5,0.007598784194528876,0.009395973154362415,0.808727746417716,0.005524538881312845,0.9407500011156267,1.0
subtle,5,0.007598784194528876,0.009395973154362415,0.808727746417716,0.005524538881312845,0.9407500011156267,1.0
fa,5,0.007598784194528876,0.009395973154362415,0.808727746417716,0.005524538881312845,0.9407500011156267,1.0
behavior,47,0.07142857142857142,0.0738255033557047,0.9675324675324675,0.004835462315452925,0.9445617933023623,1.0
term memory,19,0.028875379939209727,0.026845637583892617,1.0756079027355623,0.004634605135053102,0.9457235954962006,1.0
visual cortex,19,0.028875379939209727,0.026845637583892617,1.0756079027355623,0.004634605135053102,0.9457235954962006,1.0
impaired,33,0.05015197568389058,0.052348993288590606,0.9580313303717559,0.004210996063546963,0.9482598405577206,1.0
phase,27,0.041033434650455926,0.038926174496644296,1.0541347867099884,0.004169528506723558,0.948514869423392,1.0
neuronal,27,0.041033434650455926,0.038926174496644296,1.0541347867099884,0.004169528506723558,0.948514869423392,1.0
features,35,0.05319148936170213,0.05100671140939597,1.0428331466965286,0.004024666409433684,0.9494159300824819,1.0
needed,12,0.0182370820668693,0.020134228187919462,0.9057750759878419,0.004022219020756301,0.9494312918230607,1.0
ii,12,0.0182370820668693,0.020134228187919462,0.9057750759878419,0.004022219020756301,0.9494312918230607,1.0
world,12,0.0182370820668693,0.020134228187919462,0.9057750759878419,0.004022219020756301,0.9494312918230607,1.0
expressions,26,0.03951367781155015,0.04161073825503356,0.9496029022453181,0.003976692043176824,0.9497179152879672,1.0
neutral,62,0.09422492401215805,0.09664429530201342,0.9749662276258021,0.003950905544361937,0.9498809899520451,1.0
neuroscience,10,0.015197568389057751,0.013422818791946308,1.1322188449848025,0.002937806174764435,0.956774599359658,1.0
connected,10,0.015197568389057751,0.013422818791946308,1.1322188449848025,0.002937806174764435,0.956774599359658,1.0
traditional,10,0.015197568389057751,0.013422818791946308,1.1322188449848025,0.002937806174764435,0.956774599359658,1.0
47,10,0.015197568389057751,0.013422818791946308,1.1322188449848025,0.002937806174764435,0.956774599359658,1.0
posterior superior,10,0.015197568389057751,0.013422818791946308,1.1322188449848025,0.002937806174764435,0.956774599359658,1.0
cortex precuneus,10,0.015197568389057751,0.013422818791946308,1.1322188449848025,0.002937806174764435,0.956774599359658,1.0
incidental,10,0.015197568389057751,0.013422818791946308,1.1322188449848025,0.002937806174764435,0.956774599359658,1.0
measures,42,0.06382978723404255,0.06174496644295302,1.0337650323774283,0.0025405230956874834,0.9598007660471508,1.0
scans,18,0.02735562310030395,0.025503355704697986,1.0726283794592866,0.0024147000618676842,0.960808047109357,1.0
insular,18,0.02735562310030395,0.025503355704697986,1.0726283794592866,0.0024147000618676842,0.960808047109357,1.0
young adults,18,0.02735562310030395,0.025503355704697986,1.0726283794592866,0.0024147000618676842,0.960808047109357,1.0
aging,18,0.02735562310030395,0.025503355704697986,1.0726283794592866,0.0024147000618676842,0.960808047109357,1.0
differed,26,0.03951367781155015,0.03758389261744966,1.0513460703430308,0.0023486998610455063,0.9613469432306024,1.0
shown,56,0.0851063829787234,0.087248322147651,0.9754500818330606,0.002240823622055009,0.9622443695569441,1.0
context,65,0.09878419452887538,0.09664429530201342,1.0221420128335021,0.0019926492023420914,0.9643949768298249,1.0
methods,71,0.10790273556231003,0.11006711409395974,0.9803358291941582,0.0019340684937881394,0.9649219040149581,1.0
individuals,88,0.1337386018237082,0.13154362416107382,1.0166863097822716,0.0017732731011533259,0.9664108096120634,1.0
white,20,0.030395136778115502,0.032214765100671144,0.943515704154002,0.0017369740549458698,0.9667561728609405,1.0
correct,20,0.030395136778115502,0.032214765100671144,0.943515704154002,0.0017369740549458698,0.9667561728609405,1.0
comparisons,20,0.030395136778115502,0.032214765100671144,0.943515704154002,0.0017369740549458698,0.9667561728609405,1.0
images,42,0.06382978723404255,0.06577181208053691,0.9704732957012592,0.0015042351671006858,0.9690622261090762,1.0
regional,42,0.06382978723404255,0.06577181208053691,0.9704732957012592,0.0015042351671006858,0.9690622261090762,1.0
relate,13,0.019756838905775075,0.021476510067114093,0.919927811550152,0.0014381482388065043,0.969749134705588,1.0
aversive,13,0.019756838905775075,0.021476510067114093,0.919927811550152,0.0014381482388065043,0.969749134705588,1.0
cortex anterior,13,0.019756838905775075,0.021476510067114093,0.919927811550152,0.0014381482388065043,0.969749134705588,1.0
enhance,13,0.019756838905775075,0.021476510067114093,0.919927811550152,0.0014381482388065043,0.969749134705588,1.0
implicit,13,0.019756838905775075,0.021476510067114093,0.919927811550152,0.0014381482388065043,0.969749134705588,1.0
key,41,0.06231003039513678,0.06040268456375839,1.0315771698750422,0.001377732959844843,0.9703910592354875,1.0
marker,6,0.00911854103343465,0.010738255033557046,0.8491641337386018,0.0012592985077520796,0.9716917343510667,1.0
match,6,0.00911854103343465,0.010738255033557046,0.8491641337386018,0.0012592985077520796,0.9716917343510667,1.0
differs,6,0.00911854103343465,0.010738255033557046,0.8491641337386018,0.0012592985077520796,0.9716917343510667,1.0
operculum,6,0.00911854103343465,0.010738255033557046,0.8491641337386018,0.0012592985077520796,0.9716917343510667,1.0
vlpfc,6,0.00911854103343465,0.010738255033557046,0.8491641337386018,0.0012592985077520796,0.9716917343510667,1.0
potentials,6,0.00911854103343465,0.010738255033557046,0.8491641337386018,0.0012592985077520796,0.9716917343510667,1.0
hyperactivation,6,0.00911854103343465,0.010738255033557046,0.8491641337386018,0.0012592985077520796,0.9716917343510667,1.0
lateral orbitofrontal,6,0.00911854103343465,0.010738255033557046,0.8491641337386018,0.0012592985077520796,0.9716917343510667,1.0
syndrome,6,0.00911854103343465,0.010738255033557046,0.8491641337386018,0.0012592985077520796,0.9716917343510667,1.0
threatening,6,0.00911854103343465,0.010738255033557046,0.8491641337386018,0.0012592985077520796,0.9716917343510667,1.0
estimate,6,0.00911854103343465,0.010738255033557046,0.8491641337386018,0.0012592985077520796,0.9716917343510667,1.0
indices,6,0.00911854103343465,0.010738255033557046,0.8491641337386018,0.0012592985077520796,0.9716917343510667,1.0
degrees,6,0.00911854103343465,0.010738255033557046,0.8491641337386018,0.0012592985077520796,0.9716917343510667,1.0
collectively,6,0.00911854103343465,0.010738255033557046,0.8491641337386018,0.0012592985077520796,0.9716917343510667,1.0
eighteen,6,0.00911854103343465,0.010738255033557046,0.8491641337386018,0.0012592985077520796,0.9716917343510667,1.0
preparation,6,0.00911854103343465,0.010738255033557046,0.8491641337386018,0.0012592985077520796,0.9716917343510667,1.0
profiles,6,0.00911854103343465,0.010738255033557046,0.8491641337386018,0.0012592985077520796,0.9716917343510667,1.0
classified,6,0.00911854103343465,0.010738255033557046,0.8491641337386018,0.0012592985077520796,0.9716917343510667,1.0
decision,33,0.05015197568389058,0.04832214765100671,1.0378672745694022,0.0011884040079468323,0.9724997841486365,1.0
movements,17,0.025835866261398176,0.024161073825503355,1.0693177980412023,0.0008536054386832117,0.9766919003740843,1.0
caudate nucleus,17,0.025835866261398176,0.024161073825503355,1.0693177980412023,0.0008536054386832117,0.9766919003740843,1.0
error,17,0.025835866261398176,0.024161073825503355,1.0693177980412023,0.0008536054386832117,0.9766919003740843,1.0
coupled,9,0.013677811550151976,0.012080536912751677,1.1322188449848025,0.000762550207593373,0.9779697669771151,1.0
display,9,0.013677811550151976,0.012080536912751677,1.1322188449848025,0.000762550207593373,0.9779697669771151,1.0
consequences,9,0.013677811550151976,0.012080536912751677,1.1322188449848025,0.000762550207593373,0.9779697669771151,1.0
posterior insula,9,0.013677811550151976,0.012080536912751677,1.1322188449848025,0.000762550207593373,0.9779697669771151,1.0
subregions,9,0.013677811550151976,0.012080536912751677,1.1322188449848025,0.000762550207593373,0.9779697669771151,1.0
choices,9,0.013677811550151976,0.012080536912751677,1.1322188449848025,0.000762550207593373,0.9779697669771151,1.0
polymorphism,9,0.013677811550151976,0.012080536912751677,1.1322188449848025,0.000762550207593373,0.9779697669771151,1.0
carriers,9,0.013677811550151976,0.012080536912751677,1.1322188449848025,0.000762550207593373,0.9779697669771151,1.0
using voxel,9,0.013677811550151976,0.012080536912751677,1.1322188449848025,0.000762550207593373,0.9779697669771151,1.0
predicts,9,0.013677811550151976,0.012080536912751677,1.1322188449848025,0.000762550207593373,0.9779697669771151,1.0
introduction,9,0.013677811550151976,0.012080536912751677,1.1322188449848025,0.000762550207593373,0.9779697669771151,1.0
fundamental,9,0.013677811550151976,0.012080536912751677,1.1322188449848025,0.000762550207593373,0.9779697669771151,1.0
achieved,9,0.013677811550151976,0.012080536912751677,1.1322188449848025,0.000762550207593373,0.9779697669771151,1.0
insular cortex,9,0.013677811550151976,0.012080536912751677,1.1322188449848025,0.000762550207593373,0.9779697669771151,1.0
precuneus,48,0.0729483282674772,0.07114093959731543,1.0254057464013304,0.0007408595570700294,0.9782852725491016,1.0
resting,71,0.10790273556231003,0.10604026845637583,1.017563772074949,0.0006811674990569004,0.9791782264856461,1.0
component,40,0.060790273556231005,0.05906040268456376,1.0292898590770931,0.0005544044051911035,0.9812149104353861,1.0
object,40,0.060790273556231005,0.05906040268456376,1.0292898590770931,0.0005544044051911035,0.9812149104353861,1.0
functional magnetic,276,0.4194528875379939,0.4214765100671141,0.9951987299866416,0.0005035298495427352,0.98209739512898,1.0
insula,101,0.1534954407294833,0.15167785234899328,1.0119832154288944,0.00040392274147228475,0.9839653317861635,1.0
asked,24,0.0364741641337386,0.0348993288590604,1.0451250876782792,0.00021027417499833815,0.98843041422005,1.0
ofc,14,0.02127659574468085,0.022818791946308724,0.932415519399249,0.00019987234323421584,0.9887201857898084,1.0
schizophrenia,29,0.044072948328267476,0.04563758389261745,0.965716073663508,0.00014544967555473623,0.9903775444851391,1.0
period,29,0.044072948328267476,0.04563758389261745,0.965716073663508,0.00014544967555473623,0.9903775444851391,1.0
functions,39,0.05927051671732523,0.05771812080536913,1.0268961617304022,9.353900935871786e-05,0.9922833345171264,1.0
long,39,0.05927051671732523,0.05771812080536913,1.0268961617304022,9.353900935871786e-05,0.9922833345171264,1.0
17,16,0.0243161094224924,0.022818791946308724,1.0656177364562847,6.686636575963693e-05,0.9934756224998429,1.0
maps,16,0.0243161094224924,0.022818791946308724,1.0656177364562847,6.686636575963693e-05,0.9934756224998429,1.0
female,16,0.0243161094224924,0.022818791946308724,1.0656177364562847,6.686636575963693e-05,0.9934756224998429,1.0
wm,16,0.0243161094224924,0.022818791946308724,1.0656177364562847,6.686636575963693e-05,0.9934756224998429,1.0
identical,16,0.0243161094224924,0.022818791946308724,1.0656177364562847,6.686636575963693e-05,0.9934756224998429,1.0
repetition,16,0.0243161094224924,0.022818791946308724,1.0656177364562847,6.686636575963693e-05,0.9934756224998429,1.0
requires,16,0.0243161094224924,0.022818791946308724,1.0656177364562847,6.686636575963693e-05,0.9934756224998429,1.0
gyri,37,0.05623100303951368,0.05771812080536913,0.9742348201032021,2.0449893996257987e-05,0.9963918539224617,1.0
20,31,0.04711246200607903,0.04563758389261745,1.0323171821920258,1.5211882228837626e-05,0.9968880655699252,1.0
range,22,0.03343465045592705,0.0348993288590604,0.9580313303717559,1.1980166682082679e-05,0.9972383373614186,1.0
followed,22,0.03343465045592705,0.0348993288590604,0.9580313303717559,1.1980166682082679e-05,0.9972383373614186,1.0
dissociation,22,0.03343465045592705,0.0348993288590604,0.9580313303717559,1.1980166682082679e-05,0.9972383373614186,1.0
vary,7,0.010638297872340425,0.012080536912751677,0.8806146572104019,3.901255913054558e-06,0.9984240515802927,1.0
parietal junction,7,0.010638297872340425,0.012080536912751677,0.8806146572104019,3.901255913054558e-06,0.9984240515802927,1.0
mnemonic,7,0.010638297872340425,0.012080536912751677,0.8806146572104019,3.901255913054558e-06,0.9984240515802927,1.0
dependence,7,0.010638297872340425,0.012080536912751677,0.8806146572104019,3.901255913054558e-06,0.9984240515802927,1.0
efficiency,7,0.010638297872340425,0.012080536912751677,0.8806146572104019,3.901255913054558e-06,0.9984240515802927,1.0
control task,7,0.010638297872340425,0.012080536912751677,0.8806146572104019,3.901255913054558e-06,0.9984240515802927,1.0
nouns,7,0.010638297872340425,0.012080536912751677,0.8806146572104019,3.901255913054558e-06,0.9984240515802927,1.0
memory tasks,7,0.010638297872340425,0.012080536912751677,0.8806146572104019,3.901255913054558e-06,0.9984240515802927,1.0
goals,7,0.010638297872340425,0.012080536912751677,0.8806146572104019,3.901255913054558e-06,0.9984240515802927,1.0
necessary,7,0.010638297872340425,0.012080536912751677,0.8806146572104019,3.901255913054558e-06,0.9984240515802927,1.0
anger,7,0.010638297872340425,0.012080536912751677,0.8806146572104019,3.901255913054558e-06,0.9984240515802927,1.0
constitute,5,0.007598784194528876,0.006711409395973154,1.1322188449848025,0.0,1.0,1.0
affective,47,0.07142857142857142,0.07248322147651007,0.9854497354497354,0.0,1.0,1.0
options,6,0.00911854103343465,0.008053691275167786,1.1322188449848023,0.0,1.0,1.0
phenomena,5,0.007598784194528876,0.008053691275167786,0.943515704154002,0.0,1.0,1.0
phases,11,0.016717325227963525,0.016107382550335572,1.037867274569402,0.0,1.0,1.0
19,19,0.028875379939209727,0.028187919463087248,1.0243884787957738,0.0,1.0,1.0
ventral tegmental,6,0.00911854103343465,0.008053691275167786,1.1322188449848023,0.0,1.0,1.0
pathways,14,0.02127659574468085,0.020134228187919462,1.0567375886524824,0.0,1.0,1.0
temporally,7,0.010638297872340425,0.010738255033557046,0.9906914893617021,0.0,1.0,1.0
personality traits,8,0.0121580547112462,0.013422818791946308,0.905775075987842,0.0,1.0,1.0
points,7,0.010638297872340425,0.010738255033557046,0.9906914893617021,0.0,1.0,1.0
outcome,16,0.0243161094224924,0.025503355704697986,0.9534474484082547,0.0,1.0,1.0
plays important,5,0.007598784194528876,0.006711409395973154,1.1322188449848025,0.0,1.0,1.0
tend,5,0.007598784194528876,0.008053691275167786,0.943515704154002,0.0,1.0,1.0
visually,8,0.0121580547112462,0.013422818791946308,0.905775075987842,0.0,1.0,1.0
component ica,7,0.010638297872340425,0.010738255033557046,0.9906914893617021,0.0,1.0,1.0
values,18,0.02735562310030395,0.028187919463087248,0.9704732957012593,0.0,1.0,1.0
adulthood,9,0.013677811550151976,0.013422818791946308,1.0189969604863223,0.0,1.0,1.0
complexity,7,0.010638297872340425,0.009395973154362415,1.1322188449848025,0.0,1.0,1.0
utilized,7,0.010638297872340425,0.010738255033557046,0.9906914893617021,0.0,1.0,1.0
anterior medial,6,0.00911854103343465,0.009395973154362415,0.9704732957012593,0.0,1.0,1.0
conflict,14,0.02127659574468085,0.021476510067114093,0.9906914893617021,0.0,1.0,1.0
animals,13,0.019756838905775075,0.020134228187919462,0.9812563323201622,0.0,1.0,1.0
tegmental,6,0.00911854103343465,0.008053691275167786,1.1322188449848023,0.0,1.0,1.0
aims,8,0.0121580547112462,0.012080536912751677,1.006416751097602,0.0,1.0,1.0
allow,6,0.00911854103343465,0.008053691275167786,1.1322188449848023,0.0,1.0,1.0
consequence,6,0.00911854103343465,0.008053691275167786,1.1322188449848023,0.0,1.0,1.0
consciousness,8,0.0121580547112462,0.010738255033557046,1.1322188449848025,0.0,1.0,1.0
ventral dorsal,6,0.00911854103343465,0.009395973154362415,0.9704732957012593,0.0,1.0,1.0
allowing,7,0.010638297872340425,0.010738255033557046,0.9906914893617021,0.0,1.0,1.0
allows,8,0.0121580547112462,0.013422818791946308,0.905775075987842,0.0,1.0,1.0
target detection,5,0.007598784194528876,0.006711409395973154,1.1322188449848025,0.0,1.0,1.0
young,40,0.060790273556231005,0.06174496644295302,0.9845381260737412,0.0,1.0,1.0
connectivity patterns,7,0.010638297872340425,0.010738255033557046,0.9906914893617021,0.0,1.0,1.0
parametric mapping,6,0.00911854103343465,0.008053691275167786,1.1322188449848023,0.0,1.0,1.0
connectivity anterior,8,0.0121580547112462,0.010738255033557046,1.1322188449848025,0.0,1.0,1.0
oriented,7,0.010638297872340425,0.009395973154362415,1.1322188449848025,0.0,1.0,1.0
connectivity analyses,12,0.0182370820668693,0.0174496644295302,1.0451250876782792,0.0,1.0,1.0
variation,13,0.019756838905775075,0.020134228187919462,0.9812563323201622,0.0,1.0,1.0
consider,5,0.007598784194528876,0.006711409395973154,1.1322188449848025,0.0,1.0,1.0
connectivity amygdala,10,0.015197568389057751,0.01476510067114094,1.0292898590770931,0.0,1.0,1.0
18,30,0.04559270516717325,0.04697986577181208,0.9704732957012592,0.0,1.0,1.0
utility,6,0.00911854103343465,0.008053691275167786,1.1322188449848023,0.0,1.0,1.0
connections,18,0.02735562310030395,0.028187919463087248,0.9704732957012593,0.0,1.0,1.0
amnestic,7,0.010638297872340425,0.009395973154362415,1.1322188449848025,0.0,1.0,1.0
containing,6,0.00911854103343465,0.008053691275167786,1.1322188449848023,0.0,1.0,1.0
16 healthy,10,0.015197568389057751,0.01476510067114094,1.0292898590770931,0.0,1.0,1.0
parts,13,0.019756838905775075,0.020134228187919462,0.9812563323201622,0.0,1.0,1.0
act,5,0.007598784194528876,0.008053691275167786,0.943515704154002,0.0,1.0,1.0
analyzed,27,0.041033434650455926,0.040268456375838924,1.0189969604863223,0.0,1.0,1.0
varied,20,0.030395136778115502,0.03087248322147651,0.9845381260737412,0.0,1.0,1.0
pfc,29,0.044072948328267476,0.04429530201342282,0.9949801971078567,0.0,1.0,1.0
temporal gyri,11,0.016717325227963525,0.0174496644295302,0.9580313303717559,0.0,1.0,1.0
parahippocampal cortex,11,0.016717325227963525,0.016107382550335572,1.037867274569402,0.0,1.0,1.0
apparent,6,0.00911854103343465,0.008053691275167786,1.1322188449848023,0.0,1.0,1.0
appeared,6,0.00911854103343465,0.009395973154362415,0.9704732957012593,0.0,1.0,1.0
benefits,7,0.010638297872340425,0.009395973154362415,1.1322188449848025,0.0,1.0,1.0
benefit,9,0.013677811550151976,0.01476510067114094,0.9263608731693839,0.0,1.0,1.0
watched,7,0.010638297872340425,0.009395973154362415,1.1322188449848025,0.0,1.0,1.0
behavioural,22,0.03343465045592705,0.032214765100671144,1.037867274569402,0.0,1.0,1.0
behavioral responses,7,0.010638297872340425,0.009395973154362415,1.1322188449848025,0.0,1.0,1.0
choice,15,0.022796352583586626,0.021476510067114093,1.0614551671732524,0.0,1.0,1.0
vulnerability,9,0.013677811550151976,0.013422818791946308,1.0189969604863223,0.0,1.0,1.0
beginning,5,0.007598784194528876,0.008053691275167786,0.943515704154002,0.0,1.0,1.0
underlie,23,0.034954407294832825,0.036241610738255034,0.9644827198018686,0.0,1.0,1.0
tone,5,0.007598784194528876,0.006711409395973154,1.1322188449848025,0.0,1.0,1.0
paired,14,0.02127659574468085,0.021476510067114093,0.9906914893617021,0.0,1.0,1.0
tissue,6,0.00911854103343465,0.008053691275167786,1.1322188449848023,0.0,1.0,1.0
46,7,0.010638297872340425,0.010738255033557046,0.9906914893617021,0.0,1.0,1.0
voxels,7,0.010638297872340425,0.010738255033557046,0.9906914893617021,0.0,1.0,1.0
band,5,0.007598784194528876,0.006711409395973154,1.1322188449848025,0.0,1.0,1.0
binding,15,0.022796352583586626,0.022818791946308724,0.9990166279277669,0.0,1.0,1.0
abnormalities,30,0.04559270516717325,0.04697986577181208,0.9704732957012592,0.0,1.0,1.0
tracking,5,0.007598784194528876,0.006711409395973154,1.1322188449848025,0.0,1.0,1.0
traits,17,0.025835866261398176,0.025503355704697986,1.0130379139337706,0.0,1.0,1.0
brief,5,0.007598784194528876,0.008053691275167786,0.943515704154002,0.0,1.0,1.0
button,5,0.007598784194528876,0.008053691275167786,0.943515704154002,0.0,1.0,1.0
carried,5,0.007598784194528876,0.008053691275167786,0.943515704154002,0.0,1.0,1.0
trauma,7,0.010638297872340425,0.009395973154362415,1.1322188449848025,0.0,1.0,1.0
bold responses,13,0.019756838905775075,0.020134228187919462,0.9812563323201622,0.0,1.0,1.0
categorical,5,0.007598784194528876,0.006711409395973154,1.1322188449848025,0.0,1.0,1.0
categorization,5,0.007598784194528876,0.006711409395973154,1.1322188449848025,0.0,1.0,1.0
weeks,7,0.010638297872340425,0.010738255033557046,0.9906914893617021,0.0,1.0,1.0
causal modeling,5,0.007598784194528876,0.006711409395973154,1.1322188449848025,0.0,1.0,1.0
blood oxygenation,15,0.022796352583586626,0.024161073825503355,0.9435157041540021,0.0,1.0,1.0
parameter,5,0.007598784194528876,0.006711409395973154,1.1322188449848025,0.0,1.0,1.0
weighted,8,0.0121580547112462,0.010738255033557046,1.1322188449848025,0.0,1.0,1.0
challenging,6,0.00911854103343465,0.008053691275167786,1.1322188449848023,0.0,1.0,1.0
weight,6,0.00911854103343465,0.008053691275167786,1.1322188449848023,0.0,1.0,1.0
time course,6,0.00911854103343465,0.009395973154362415,0.9704732957012593,0.0,1.0,1.0
42,5,0.007598784194528876,0.006711409395973154,1.1322188449848025,0.0,1.0,1.0
phonological,11,0.016717325227963525,0.0174496644295302,0.9580313303717559,0.0,1.0,1.0
complementary,7,0.010638297872340425,0.009395973154362415,1.1322188449848025,0.0,1.0,1.0
volumes,13,0.019756838905775075,0.020134228187919462,0.9812563323201622,0.0,1.0,1.0
play role,10,0.015197568389057751,0.016107382550335572,0.943515704154002,0.0,1.0,1.0
23,13,0.019756838905775075,0.01879194630872483,1.0513460703430308,0.0,1.0,1.0
compensation,6,0.00911854103343465,0.009395973154362415,0.9704732957012593,0.0,1.0,1.0
competing,8,0.0121580547112462,0.010738255033557046,1.1322188449848025,0.0,1.0,1.0
competition,6,0.00911854103343465,0.009395973154362415,0.9704732957012593,0.0,1.0,1.0
unpleasant,7,0.010638297872340425,0.009395973154362415,1.1322188449848025,0.0,1.0,1.0
play important,5,0.007598784194528876,0.008053691275167786,0.943515704154002,0.0,1.0,1.0
pathway,10,0.015197568389057751,0.01476510067114094,1.0292898590770931,0.0,1.0,1.0
brains,5,0.007598784194528876,0.008053691275167786,0.943515704154002,0.0,1.0,1.0
approaches,9,0.013677811550151976,0.01476510067114094,0.9263608731693839,0.0,1.0,1.0
peripheral,8,0.0121580547112462,0.010738255033557046,1.1322188449848025,0.0,1.0,1.0
applying,6,0.00911854103343465,0.008053691275167786,1.1322188449848023,0.0,1.0,1.0
plays,19,0.028875379939209727,0.028187919463087248,1.0243884787957738,0.0,1.0,1.0
assessments,5,0.007598784194528876,0.008053691275167786,0.943515704154002,0.0,1.0,1.0
volumetric,8,0.0121580547112462,0.012080536912751677,1.006416751097602,0.0,1.0,1.0
38,6,0.00911854103343465,0.008053691275167786,1.1322188449848023,0.0,1.0,1.0
olfactory,7,0.010638297872340425,0.009395973154362415,1.1322188449848025,0.0,1.0,1.0
avoid,5,0.007598784194528876,0.006711409395973154,1.1322188449848025,0.0,1.0,1.0
coding,9,0.013677811550151976,0.013422818791946308,1.0189969604863223,0.0,1.0,1.0
pain,22,0.03343465045592705,0.032214765100671144,1.037867274569402,0.0,1.0,1.0
attributed,8,0.0121580547112462,0.012080536912751677,1.006416751097602,0.0,1.0,1.0
coherence,6,0.00911854103343465,0.009395973154362415,0.9704732957012593,0.0,1.0,1.0
absent,5,0.007598784194528876,0.008053691275167786,0.943515704154002,0.0,1.0,1.0
oxygenation level,15,0.022796352583586626,0.022818791946308724,0.9990166279277669,0.0,1.0,1.0
accounts,8,0.0121580547112462,0.010738255033557046,1.1322188449848025,0.0,1.0,1.0
oxygenation,15,0.022796352583586626,0.024161073825503355,0.9435157041540021,0.0,1.0,1.0
word,43,0.06534954407294832,0.06442953020134229,1.014279381965552,0.0,1.0,1.0
28,13,0.019756838905775075,0.01879194630872483,1.0513460703430308,0.0,1.0,1.0
atrophy,10,0.015197568389057751,0.016107382550335572,0.943515704154002,0.0,1.0,1.0
accompanied,19,0.028875379939209727,0.028187919463087248,1.0243884787957738,0.0,1.0,1.0
periaqueductal,6,0.00911854103343465,0.008053691275167786,1.1322188449848023,0.0,1.0,1.0
architecture,6,0.00911854103343465,0.008053691275167786,1.1322188449848023,0.0,1.0,1.0
medial superior,6,0.00911854103343465,0.008053691275167786,1.1322188449848023,0.0,1.0,1.0
occurs,11,0.016717325227963525,0.016107382550335572,1.037867274569402,0.0,1.0,1.0
input,12,0.0182370820668693,0.0174496644295302,1.0451250876782792,0.0,1.0,1.0
principal,11,0.016717325227963525,0.016107382550335572,1.037867274569402,0.0,1.0,1.0
high low,9,0.013677811550151976,0.013422818791946308,1.0189969604863223,0.0,1.0,1.0
result,24,0.0364741641337386,0.036241610738255034,1.006416751097602,0.0,1.0,1.0
monitoring,23,0.034954407294832825,0.036241610738255034,0.9644827198018686,0.0,1.0,1.0
resting state,60,0.0911854103343465,0.0912751677852349,0.9990166279277669,0.0,1.0,1.0
hubs,6,0.00911854103343465,0.009395973154362415,0.9704732957012593,0.0,1.0,1.0
responsive,6,0.00911854103343465,0.008053691275167786,1.1322188449848023,0.0,1.0,1.0
hypothesized,25,0.037993920972644375,0.038926174496644296,0.9760507284351745,0.0,1.0,1.0
response inhibition,8,0.0121580547112462,0.013422818791946308,0.905775075987842,0.0,1.0,1.0
respond,10,0.015197568389057751,0.016107382550335572,0.943515704154002,0.0,1.0,1.0
iii,6,0.00911854103343465,0.009395973154362415,0.9704732957012593,0.0,1.0,1.0
modulations,6,0.00911854103343465,0.009395973154362415,0.9704732957012593,0.0,1.0,1.0
resonance rs,5,0.007598784194528876,0.008053691275167786,0.943515704154002,0.0,1.0,1.0
importance,29,0.044072948328267476,0.042953020134228186,1.0260733282674772,0.0,1.0,1.0
probability,12,0.0182370820668693,0.01879194630872483,0.9704732957012593,0.0,1.0,1.0
independent component,18,0.02735562310030395,0.026845637583892617,1.0189969604863223,0.0,1.0,1.0
modulate,23,0.034954407294832825,0.03355704697986577,1.0416413373860183,0.0,1.0,1.0
report,23,0.034954407294832825,0.03355704697986577,1.0416413373860183,0.0,1.0,1.0
problem,9,0.013677811550151976,0.013422818791946308,1.0189969604863223,0.0,1.0,1.0
repeatedly,10,0.015197568389057751,0.016107382550335572,0.943515704154002,0.0,1.0,1.0
models,38,0.057750759878419454,0.05906040268456376,0.9778253661232384,0.0,1.0,1.0
reorganization,9,0.013677811550151976,0.013422818791946308,1.0189969604863223,0.0,1.0,1.0
modeling,13,0.019756838905775075,0.01879194630872483,1.0513460703430308,0.0,1.0,1.0
remembering,9,0.013677811550151976,0.01476510067114094,0.9263608731693839,0.0,1.0,1.0
remembered,17,0.025835866261398176,0.026845637583892617,0.9623860182370821,0.0,1.0,1.0
priming,9,0.013677811550151976,0.01476510067114094,0.9263608731693839,0.0,1.0,1.0
hemispheric,7,0.010638297872340425,0.009395973154362415,1.1322188449848025,0.0,1.0,1.0
morphometry,26,0.03951367781155015,0.038926174496644296,1.0150927575725814,0.0,1.0,1.0
goal directed,6,0.00911854103343465,0.009395973154362415,0.9704732957012593,0.0,1.0,1.0
musical,7,0.010638297872340425,0.009395973154362415,1.1322188449848025,0.0,1.0,1.0
frontoparietal,13,0.019756838905775075,0.01879194630872483,1.0513460703430308,0.0,1.0,1.0
search,12,0.0182370820668693,0.01879194630872483,0.9704732957012593,0.0,1.0,1.0
se,5,0.007598784194528876,0.008053691275167786,0.943515704154002,0.0,1.0,1.0
score,8,0.0121580547112462,0.010738255033557046,1.1322188449848025,0.0,1.0,1.0
scene,13,0.019756838905775075,0.020134228187919462,0.9812563323201622,0.0,1.0,1.0
fusiform gyrus,32,0.0486322188449848,0.049664429530201344,0.9792162983652345,0.0,1.0,1.0
scales,5,0.007598784194528876,0.006711409395973154,1.1322188449848025,0.0,1.0,1.0
generate,8,0.0121580547112462,0.013422818791946308,0.905775075987842,0.0,1.0,1.0
presumably,6,0.00911854103343465,0.009395973154362415,0.9704732957012593,0.0,1.0,1.0
multiple,46,0.06990881458966565,0.0697986577181208,1.0015782090250176,0.0,1.0,1.0
good,5,0.007598784194528876,0.006711409395973154,1.1322188449848025,0.0,1.0,1.0
having,8,0.0121580547112462,0.010738255033557046,1.1322188449848025,0.0,1.0,1.0
rs,12,0.0182370820668693,0.0174496644295302,1.0451250876782792,0.0,1.0,1.0
graph,6,0.00911854103343465,0.008053691275167786,1.1322188449848023,0.0,1.0,1.0
gray,38,0.057750759878419454,0.05771812080536913,1.000565490916802,0.0,1.0,1.0
role,127,0.19300911854103345,0.1919463087248322,1.005537016175314,0.0,1.0,1.0
gray matter,31,0.04711246200607903,0.04697986577181208,1.0028224055579678,0.0,1.0,1.0
roi,10,0.015197568389057751,0.01476510067114094,1.0292898590770931,0.0,1.0,1.0
primarily,17,0.025835866261398176,0.025503355704697986,1.0130379139337706,0.0,1.0,1.0
groups,91,0.13829787234042554,0.1395973154362416,0.9906914893617023,0.0,1.0,1.0
mpfc,16,0.0243161094224924,0.024161073825503355,1.006416751097602,0.0,1.0,1.0
gyrus inferior,13,0.019756838905775075,0.020134228187919462,0.9812563323201622,0.0,1.0,1.0
reward anticipation,5,0.007598784194528876,0.008053691275167786,0.943515704154002,0.0,1.0,1.0
remember,12,0.0182370820668693,0.01879194630872483,0.9704732957012593,0.0,1.0,1.0
reliably,6,0.00911854103343465,0.009395973154362415,0.9704732957012593,0.0,1.0,1.0
fourteen,6,0.00911854103343465,0.009395973154362415,0.9704732957012593,0.0,1.0,1.0
relevance,15,0.022796352583586626,0.021476510067114093,1.0614551671732524,0.0,1.0,1.0
middle occipital,6,0.00911854103343465,0.009395973154362415,0.9704732957012593,0.0,1.0,1.0
list,5,0.007598784194528876,0.008053691275167786,0.943515704154002,0.0,1.0,1.0
listening,9,0.013677811550151976,0.013422818791946308,1.0189969604863223,0.0,1.0,1.0
real world,5,0.007598784194528876,0.006711409395973154,1.1322188449848025,0.0,1.0,1.0
locus,8,0.0121580547112462,0.010738255033557046,1.1322188449848025,0.0,1.0,1.0
longer,11,0.016717325227963525,0.016107382550335572,1.037867274569402,0.0,1.0,1.0
magnitude,23,0.034954407294832825,0.03355704697986577,1.0416413373860183,0.0,1.0,1.0
maintained,10,0.015197568389057751,0.016107382550335572,0.943515704154002,0.0,1.0,1.0
ratings,26,0.03951367781155015,0.038926174496644296,1.0150927575725814,0.0,1.0,1.0
maintaining,5,0.007598784194528876,0.008053691275167786,0.943515704154002,0.0,1.0,1.0
major,33,0.05015197568389058,0.049664429530201344,1.009816807689148,0.0,1.0,1.0
making,29,0.044072948328267476,0.04429530201342282,0.9949801971078567,0.0,1.0,1.0
prominent,12,0.0182370820668693,0.01879194630872483,0.9704732957012593,0.0,1.0,1.0
randomized,8,0.0121580547112462,0.013422818791946308,0.905775075987842,0.0,1.0,1.0
random,8,0.0121580547112462,0.010738255033557046,1.1322188449848025,0.0,1.0,1.0
pronounced,12,0.0182370820668693,0.0174496644295302,1.0451250876782792,0.0,1.0,1.0
midbrain,9,0.013677811550151976,0.01476510067114094,0.9263608731693839,0.0,1.0,1.0
mid,10,0.015197568389057751,0.01476510067114094,1.0292898590770931,0.0,1.0,1.0
matter gm,7,0.010638297872340425,0.010738255033557046,0.9906914893617021,0.0,1.0,1.0
mci,5,0.007598784194528876,0.008053691275167786,0.943515704154002,0.0,1.0,1.0
ptsd,7,0.010638297872340425,0.010738255033557046,0.9906914893617021,0.0,1.0,1.0
methodology principal,5,0.007598784194528876,0.008053691275167786,0.943515704154002,0.0,1.0,1.0
men women,6,0.00911854103343465,0.009395973154362415,0.9704732957012593,0.0,1.0,1.0
measurements,9,0.013677811550151976,0.013422818791946308,1.0189969604863223,0.0,1.0,1.0
providing,11,0.016717325227963525,0.0174496644295302,0.9580313303717559,0.0,1.0,1.0
likely,25,0.037993920972644375,0.03758389261744966,1.0109096830221451,0.0,1.0,1.0
likelihood,7,0.010638297872340425,0.010738255033557046,0.9906914893617021,0.0,1.0,1.0
level signal,7,0.010638297872340425,0.010738255033557046,0.9906914893617021,0.0,1.0,1.0
processes involved,5,0.007598784194528876,0.006711409395973154,1.1322188449848025,0.0,1.0,1.0
relations,6,0.00911854103343465,0.008053691275167786,1.1322188449848023,0.0,1.0,1.0
integrate,8,0.0121580547112462,0.012080536912751677,1.006416751097602,0.0,1.0,1.0
intentional,7,0.010638297872340425,0.010738255033557046,0.9906914893617021,0.0,1.0,1.0
inter,9,0.013677811550151976,0.01476510067114094,0.9263608731693839,0.0,1.0,1.0
regulatory,5,0.007598784194528876,0.006711409395973154,1.1322188449848025,0.0,1.0,1.0
internally,9,0.013677811550151976,0.013422818791946308,1.0189969604863223,0.0,1.0,1.0
intra,6,0.00911854103343465,0.008053691275167786,1.1322188449848023,0.0,1.0,1.0
regional cerebral,5,0.007598784194528876,0.008053691275167786,0.943515704154002,0.0,1.0,1.0
inversely,8,0.0121580547112462,0.010738255033557046,1.1322188449848025,0.0,1.0,1.0
investigating,21,0.031914893617021274,0.03087248322147651,1.0337650323774283,0.0,1.0,1.0
investigations,8,0.0121580547112462,0.012080536912751677,1.006416751097602,0.0,1.0,1.0
issue,15,0.022796352583586626,0.024161073825503355,0.9435157041540021,0.0,1.0,1.0
level bold,28,0.0425531914893617,0.042953020134228186,0.9906914893617021,0.0,1.0,1.0
issues,7,0.010638297872340425,0.010738255033557046,0.9906914893617021,0.0,1.0,1.0
mild cognitive,10,0.015197568389057751,0.016107382550335572,0.943515704154002,0.0,1.0,1.0
lack,11,0.016717325227963525,0.016107382550335572,1.037867274569402,0.0,1.0,1.0
reducing,7,0.010638297872340425,0.009395973154362415,1.1322188449848025,0.0,1.0,1.0
large scale,10,0.015197568389057751,0.016107382550335572,0.943515704154002,0.0,1.0,1.0
largely,23,0.034954407294832825,0.03355704697986577,1.0416413373860183,0.0,1.0,1.0
middle superior,5,0.007598784194528876,0.008053691275167786,0.943515704154002,0.0,1.0,1.0
recordings,9,0.013677811550151976,0.01476510067114094,0.9263608731693839,0.0,1.0,1.0
recording,5,0.007598784194528876,0.008053691275167786,0.943515704154002,0.0,1.0,1.0
leads,9,0.013677811550151976,0.01476510067114094,0.9263608731693839,0.0,1.0,1.0
led,12,0.0182370820668693,0.01879194630872483,0.9704732957012593,0.0,1.0,1.0
frontal gyri,10,0.015197568389057751,0.016107382550335572,0.943515704154002,0.0,1.0,1.0
food,11,0.016717325227963525,0.016107382550335572,1.037867274569402,0.0,1.0,1.0
contribute,41,0.06231003039513678,0.06308724832214765,0.9876802690292957,0.0,1.0,1.0
efficient,9,0.013677811550151976,0.013422818791946308,1.0189969604863223,0.0,1.0,1.0
subcortical structures,6,0.00911854103343465,0.008053691275167786,1.1322188449848023,0.0,1.0,1.0
delivered,5,0.007598784194528876,0.006711409395973154,1.1322188449848025,0.0,1.0,1.0
nuclei,8,0.0121580547112462,0.013422818791946308,0.905775075987842,0.0,1.0,1.0
demonstrating,12,0.0182370820668693,0.01879194630872483,0.9704732957012593,0.0,1.0,1.0
sts,9,0.013677811550151976,0.01476510067114094,0.9263608731693839,0.0,1.0,1.0
structures involved,5,0.007598784194528876,0.006711409395973154,1.1322188449848025,0.0,1.0,1.0
developing,14,0.02127659574468085,0.021476510067114093,0.9906914893617021,0.0,1.0,1.0
developmental,16,0.0243161094224924,0.025503355704697986,0.9534474484082547,0.0,1.0,1.0
stroop task,5,0.007598784194528876,0.006711409395973154,1.1322188449848025,0.0,1.0,1.0
strongly,30,0.04559270516717325,0.04563758389261745,0.9990166279277669,0.0,1.0,1.0
strongest,6,0.00911854103343465,0.008053691275167786,1.1322188449848023,0.0,1.0,1.0
novel,57,0.08662613981762918,0.087248322147651,0.9928688332943651,0.0,1.0,1.0
discuss,6,0.00911854103343465,0.008053691275167786,1.1322188449848023,0.0,1.0,1.0
disorder ptsd,7,0.010638297872340425,0.009395973154362415,1.1322188449848025,0.0,1.0,1.0
disrupted,8,0.0121580547112462,0.013422818791946308,0.905775075987842,0.0,1.0,1.0
disruption,6,0.00911854103343465,0.009395973154362415,0.9704732957012593,0.0,1.0,1.0
stimuli presented,7,0.010638297872340425,0.010738255033557046,0.9906914893617021,0.0,1.0,1.0
dissociate,6,0.00911854103343465,0.009395973154362415,0.9704732957012593,0.0,1.0,1.0
dissociated,5,0.007598784194528876,0.006711409395973154,1.1322188449848025,0.0,1.0,1.0
distinguished,8,0.0121580547112462,0.012080536912751677,1.006416751097602,0.0,1.0,1.0
distribution,5,0.007598784194528876,0.006711409395973154,1.1322188449848025,0.0,1.0,1.0
divergent,7,0.010638297872340425,0.010738255033557046,0.9906914893617021,0.0,1.0,1.0
dlpfc,22,0.03343465045592705,0.032214765100671144,1.037867274569402,0.0,1.0,1.0
dorsal ventral,7,0.010638297872340425,0.010738255033557046,0.9906914893617021,0.0,1.0,1.0
notably,10,0.015197568389057751,0.01476510067114094,1.0292898590770931,0.0,1.0,1.0
decision making,20,0.030395136778115502,0.03087248322147651,0.9845381260737412,0.0,1.0,1.0
subsequently,13,0.019756838905775075,0.01879194630872483,1.0513460703430308,0.0,1.0,1.0
subserve,7,0.010638297872340425,0.009395973154362415,1.1322188449848025,0.0,1.0,1.0
observing,5,0.007598784194528876,0.008053691275167786,0.943515704154002,0.0,1.0,1.0
occurring,6,0.00911854103343465,0.009395973154362415,0.9704732957012593,0.0,1.0,1.0
occurred,17,0.025835866261398176,0.025503355704697986,1.0130379139337706,0.0,1.0,1.0
synchronization,5,0.007598784194528876,0.006711409395973154,1.1322188449848025,0.0,1.0,1.0
control condition,9,0.013677811550151976,0.01476510067114094,0.9263608731693839,0.0,1.0,1.0
control processes,5,0.007598784194528876,0.006711409395973154,1.1322188449848025,0.0,1.0,1.0
switch,5,0.007598784194528876,0.008053691275167786,0.943515704154002,0.0,1.0,1.0
controls,115,0.17477203647416414,0.17583892617449665,0.9939325738416205,0.0,1.0,1.0
occipitotemporal,6,0.00911854103343465,0.008053691275167786,1.1322188449848023,0.0,1.0,1.0
occipital temporal,5,0.007598784194528876,0.008053691275167786,0.943515704154002,0.0,1.0,1.0
occipital cortex,16,0.0243161094224924,0.024161073825503355,1.006416751097602,0.0,1.0,1.0
possibly,17,0.025835866261398176,0.025503355704697986,1.0130379139337706,0.0,1.0,1.0
cortex medial,12,0.0182370820668693,0.01879194630872483,0.9704732957012593,0.0,1.0,1.0
debated,5,0.007598784194528876,0.006711409395973154,1.1322188449848025,0.0,1.0,1.0
cortex middle,6,0.00911854103343465,0.009395973154362415,0.9704732957012593,0.0,1.0,1.0
cortex mpfc,15,0.022796352583586626,0.021476510067114093,1.0614551671732524,0.0,1.0,1.0
postcentral,10,0.015197568389057751,0.01476510067114094,1.0292898590770931,0.0,1.0,1.0
course,15,0.022796352583586626,0.024161073825503355,0.9435157041540021,0.0,1.0,1.0
craving,5,0.007598784194528876,0.008053691275167786,0.943515704154002,0.0,1.0,1.0
successfully,13,0.019756838905775075,0.020134228187919462,0.9812563323201622,0.0,1.0,1.0
criteria,5,0.007598784194528876,0.006711409395973154,1.1322188449848025,0.0,1.0,1.0
crossover,7,0.010638297872340425,0.009395973154362415,1.1322188449848025,0.0,1.0,1.0
substantia,5,0.007598784194528876,0.006711409395973154,1.1322188449848025,0.0,1.0,1.0
dacc,8,0.0121580547112462,0.010738255033557046,1.1322188449848025,0.0,1.0,1.0
subset,6,0.00911854103343465,0.008053691275167786,1.1322188449848023,0.0,1.0,1.0
dysregulation,11,0.016717325227963525,0.016107382550335572,1.037867274569402,0.0,1.0,1.0
effort,8,0.0121580547112462,0.013422818791946308,0.905775075987842,0.0,1.0,1.0
self report,5,0.007598784194528876,0.008053691275167786,0.943515704154002,0.0,1.0,1.0
elevated,10,0.015197568389057751,0.016107382550335572,0.943515704154002,0.0,1.0,1.0
examining,10,0.015197568389057751,0.016107382550335572,0.943515704154002,0.0,1.0,1.0
neuropsychiatric,5,0.007598784194528876,0.006711409395973154,1.1322188449848025,0.0,1.0,1.0
predictions,8,0.0121580547112462,0.012080536912751677,1.006416751097602,0.0,1.0,1.0
exclusively,6,0.00911854103343465,0.008053691275167786,1.1322188449848023,0.0,1.0,1.0
sided,5,0.007598784194528876,0.006711409395973154,1.1322188449848025,0.0,1.0,1.0
exist,8,0.0121580547112462,0.010738255033557046,1.1322188449848025,0.0,1.0,1.0
preferential,6,0.00911854103343465,0.009395973154362415,0.9704732957012593,0.0,1.0,1.0
experiencing,5,0.007598784194528876,0.008053691275167786,0.943515704154002,0.0,1.0,1.0
experimentally,6,0.00911854103343465,0.008053691275167786,1.1322188449848023,0.0,1.0,1.0
explained,8,0.0121580547112462,0.013422818791946308,0.905775075987842,0.0,1.0,1.0
neurobiology,5,0.007598784194528876,0.008053691275167786,0.943515704154002,0.0,1.0,1.0
severe,10,0.015197568389057751,0.016107382550335572,0.943515704154002,0.0,1.0,1.0
settings,6,0.00911854103343465,0.008053691275167786,1.1322188449848023,0.0,1.0,1.0
extend,14,0.02127659574468085,0.021476510067114093,0.9906914893617021,0.0,1.0,1.0
serial,6,0.00911854103343465,0.008053691275167786,1.1322188449848023,0.0,1.0,1.0
failed,7,0.010638297872340425,0.010738255033557046,0.9906914893617021,0.0,1.0,1.0
sequence,10,0.015197568389057751,0.01476510067114094,1.0292898590770931,0.0,1.0,1.0
far,11,0.016717325227963525,0.016107382550335572,1.037867274569402,0.0,1.0,1.0
negatively correlated,17,0.025835866261398176,0.025503355704697986,1.0130379139337706,0.0,1.0,1.0
negatively,28,0.0425531914893617,0.042953020134228186,0.9906914893617021,0.0,1.0,1.0
negative correlation,6,0.00911854103343465,0.009395973154362415,0.9704732957012593,0.0,1.0,1.0
sensitivity,28,0.0425531914893617,0.042953020134228186,0.9906914893617021,0.0,1.0,1.0
fewer,6,0.00911854103343465,0.009395973154362415,0.9704732957012593,0.0,1.0,1.0
flexible,6,0.00911854103343465,0.008053691275167786,1.1322188449848023,0.0,1.0,1.0
follow,8,0.0121580547112462,0.010738255033557046,1.1322188449848025,0.0,1.0,1.0
predicting,8,0.0121580547112462,0.012080536912751677,1.006416751097602,0.0,1.0,1.0
examination,5,0.007598784194528876,0.006711409395973154,1.1322188449848025,0.0,1.0,1.0
significance,18,0.02735562310030395,0.028187919463087248,0.9704732957012593,0.0,1.0,1.0
enhancement,8,0.0121580547112462,0.010738255033557046,1.1322188449848025,0.0,1.0,1.0
emotion regulation,18,0.02735562310030395,0.026845637583892617,1.0189969604863223,0.0,1.0,1.0
precentral,13,0.019756838905775075,0.020134228187919462,0.9812563323201622,0.0,1.0,1.0
sounds,6,0.00911854103343465,0.009395973154362415,0.9704732957012593,0.0,1.0,1.0
newly,7,0.010638297872340425,0.009395973154362415,1.1322188449848025,0.0,1.0,1.0
engage,20,0.030395136778115502,0.03087248322147651,0.9845381260737412,0.0,1.0,1.0
social interaction,5,0.007598784194528876,0.006711409395973154,1.1322188449848025,0.0,1.0,1.0
precise,8,0.0121580547112462,0.013422818791946308,0.905775075987842,0.0,1.0,1.0
engages,8,0.0121580547112462,0.012080536912751677,1.006416751097602,0.0,1.0,1.0
smoking,5,0.007598784194528876,0.006711409395973154,1.1322188449848025,0.0,1.0,1.0
smokers,5,0.007598784194528876,0.008053691275167786,0.943515704154002,0.0,1.0,1.0
smaller,13,0.019756838905775075,0.01879194630872483,1.0513460703430308,0.0,1.0,1.0
slow,8,0.0121580547112462,0.010738255033557046,1.1322188449848025,0.0,1.0,1.0
evident,11,0.016717325227963525,0.016107382550335572,1.037867274569402,0.0,1.0,1.0
entire,8,0.0121580547112462,0.012080536912751677,1.006416751097602,0.0,1.0,1.0
skill,7,0.010638297872340425,0.009395973154362415,1.1322188449848025,0.0,1.0,1.0
equally,8,0.0121580547112462,0.012080536912751677,1.006416751097602,0.0,1.0,1.0
essential,11,0.016717325227963525,0.016107382550335572,1.037867274569402,0.0,1.0,1.0
neuropsychological,20,0.030395136778115502,0.02953020134228188,1.0292898590770931,0.0,1.0,1.0
event potentials,5,0.007598784194528876,0.006711409395973154,1.1322188449848025,0.0,1.0,1.0
simulation,8,0.0121580547112462,0.013422818791946308,0.905775075987842,0.0,1.0,1.0
simulated,5,0.007598784194528876,0.008053691275167786,0.943515704154002,0.0,1.0,1.0
everyday,9,0.013677811550151976,0.01476510067114094,0.9263608731693839,0.0,1.0,1.0
evidenced,5,0.007598784194528876,0.008053691275167786,0.943515704154002,0.0,1.0,1.0
similarity,11,0.016717325227963525,0.016107382550335572,1.037867274569402,0.0,1.0,1.0
perceptual,42,0.06382978723404255,0.06308724832214765,1.0117700316885467,0.0,1.0,1.0
