// Reference=MNI
// Henson RN, 1999: PMID 10234026-1
// Subjects=20
21.0	-45.0	51.0
-9.0	42.0	24.0
-48.0	39.0	-12.0
-54.0	24.0	33.0
-12.0	63.0	18.0
-6.0	39.0	27.0
-33.0	-60.0	45.0
-51.0	-45.0	39.0
-12.0	-36.0	3.0
-6.0	-24.0	27.0
-6.0	-75.0	42.0
0.0	-66.0	33.0
30.0	39.0	48.0
18.0	6.0	54.0
-60.0	27.0	21.0
39.0	-3.0	-6.0
-51.0	-6.0	3.0
-60.0	24.0	15.0
-51.0	15.0	-6.0
51.0	-60.0	9.0
-33.0	-75.0	12.0
51.0	21.0	-6.0
-30.0	3.0	-24.0
42.0	-30.0	45.0
33.0	3.0	-24.0
42.0	21.0	33.0
-12.0	-45.0	57.0
-51.0	-21.0	30.0
51.0	39.0	21.0
-60.0	-33.0	15.0
-6.0	-42.0	36.0
-42.0	-72.0	39.0
-21.0	54.0	39.0
57.0	-63.0	15.0
-51.0	-51.0	-9.0
66.0	-21.0	15.0
-24.0	-63.0	42.0
-36.0	-6.0	-3.0
12.0	-51.0	33.0
24.0	-9.0	-18.0
-24.0	-3.0	-24.0
45.0	-12.0	-12.0
0.0	-30.0	36.0
63.0	-15.0	-18.0
-57.0	-51.0	39.0
18.0	-54.0	48.0
54.0	-21.0	-12.0
-12.0	39.0	27.0
51.0	30.0	27.0
18.0	54.0	42.0
3.0	-69.0	33.0
-27.0	-60.0	60.0
12.0	-12.0	-9.0
-57.0	18.0	27.0
18.0	-15.0	-24.0
-45.0	24.0	-6.0
-12.0	-60.0	57.0
-39.0	-42.0	12.0
-12.0	9.0	36.0
9.0	39.0	30.0

// Henson RN, 1999: PMID 10388802-1
// Subjects=20
3.0	27.0	-12.0
-9.0	45.0	-6.0
-6.0	-78.0	-24.0
-42.0	-60.0	-27.0
9.0	-69.0	39.0
39.0	-63.0	45.0
-30.0	-66.0	45.0
-66.0	-33.0	-9.0
6.0	36.0	27.0
36.0	51.0	-12.0
-30.0	24.0	-6.0
36.0	24.0	-9.0
-30.0	27.0	51.0
-48.0	27.0	27.0
45.0	21.0	-36.0
66.0	-39.0	-12.0
60.0	3.0	-3.0
-63.0	-3.0	6.0
3.0	-12.0	42.0
-9.0	45.0	-60.0
42.0	-9.0	-6.0
-63.0	-15.0	6.0
63.0	-9.0	0.0
-30.0	-66.0	45.0
66.0	-6.0	-18.0
3.0	33.0	-8.0
-12.0	45.0	-6.0
-39.0	-57.0	-24.0
6.0	36.0	27.0
-42.0	15.0	21.0
1.0	-21.0	27.0
36.0	24.0	-12.0
-51.0	24.0	30.0
48.0	27.0	24.0
45.0	18.0	45.0
54.0	-66.0	3.0
-6.0	-48.0	27.0
45.0	-6.0	-6.0
3.0	51.0	0.0
36.0	-60.0	-27.0
-45.0	-9.0	-3.0
-45.0	-78.0	15.0
-48.0	-9.0	-3.0
33.0	-12.0	-21.0
3.0	-9.0	42.0
57.0	-24.0	21.0
54.0	-66.0	3.0
-42.0	-69.0	12.0
-48.0	30.0	27.0
-48.0	-60.0	-18.0
-36.0	-66.0	39.0
33.0	24.0	48.0
48.0	30.0	21.0
-42.0	45.0	-6.0
54.0	-66.0	0.0
-45.0	15.0	18.0
-39.0	12.0	51.0
-51.0	27.0	18.0
42.0	39.0	21.0
33.0	21.0	51.0
48.0	30.0	21.0
-3.0	21.0	42.0

// Leveroni CL, 2000: PMID 10632617-1
// Subjects=20
-53.5	-11.9	-17.0
-47.6	-69.1	26.8
-51.1	-43.0	7.9
56.5	-6.4	-24.3
10.4	37.1	-21.8
-5.6	52.6	-12.9
35.1	34.6	-15.2
-37.0	21.1	50.3
53.6	1.5	9.7
59.1	-52.2	16.4
-15.8	34.6	44.5
12.7	22.8	-13.9
14.1	47.4	42.0
12.7	-47.1	-38.2
35.3	-48.6	-18.2
26.2	-65.9	34.6
24.6	-6.6	-10.5
-9.7	-47.2	-36.8
-19.8	-91.4	26.1
-37.9	-63.3	46.3
48.4	-28.4	22.3
-2.8	-57.8	17.5
-19.3	-13.4	-25.0
26.8	-44.7	-8.4
33.0	-15.4	-28.8
3.7	-56.6	33.0
40.7	5.5	7.3
11.8	53.1	19.2
47.4	-65.5	10.9
-14.7	39.7	41.8
29.1	30.1	36.6
-5.6	41.2	-23.1
-4.9	12.4	59.6
39.1	-65.9	47.8
-37.9	-67.5	46.6
9.9	-45.8	7.5
26.6	-12.8	-22.3
-51.9	-63.9	26.4
41.4	9.6	-36.6
48.3	-26.7	16.6
-54.3	-44.3	4.7
-3.7	-49.0	49.2
-54.5	-16.1	-15.5
56.5	-5.2	-22.1
63.4	-49.9	18.3
12.9	46.7	19.7
57.1	-41.1	36.6
-0.6	-52.4	32.7
32.9	38.8	-15.5
11.9	56.3	33.5
19.2	57.8	10.9
-31.9	6.1	21.4
48.4	-64.9	4.2
-24.5	52.2	25.3
23.7	47.7	31.8
-1.2	53.3	-4.1
7.5	50.8	17.2
40.2	-68.1	45.8
-36.8	-64.3	47.5
-31.5	-13.9	65.5
35.3	-45.4	-17.4
54.5	7.4	2.5
17.6	0.8	58.1

// Parsons LM, 2001: PMID 11549618-1
// Subjects=20
0.5	-38.8	43.8
5.3	12.1	-0.7
19.2	-9.5	-20.2
18.3	-13.8	6.9
9.7	-27.2	-0.8
37.9	-69.8	24.8
53.5	-47.0	-13.0
57.8	19.9	12.6
8.0	-94.7	21.6
35.2	-69.2	-36.6
35.3	-50.0	-21.5
-3.2	-39.5	-20.8
-9.6	-8.2	-1.0
-6.1	-85.8	1.0
-14.9	5.7	1.2
-12.7	-16.8	-1.4
39.6	46.8	18.3
20.6	-2.9	37.2
3.1	55.7	-1.0
55.6	-27.8	-12.4
-5.2	53.8	30.5
20.7	-11.4	37.9
11.1	-9.2	40.1
6.5	27.2	15.9
15.0	-0.5	0.3
24.4	8.1	-27.3
-32.8	-54.1	13.1
49.1	-53.9	-32.5
-26.9	31.1	-14.2
-33.1	22.7	2.2
-3.8	-46.1	32.2
-26.6	-44.9	-5.6
25.8	-76.6	-21.4
-26.9	15.3	-25.1
-37.4	-67.5	-35.9
-20.2	-57.3	-14.6
-41.7	-47.8	-27.5
-11.6	-59.4	-15.7
-23.5	-71.6	-34.6
-8.5	-26.3	-14.0
-9.1	-26.3	54.0
-36.5	-10.6	-29.5
-34.9	-7.9	33.8

// Kiehl KA, 2001: PMID 11704074-1
// Subjects=20
34.0	-12.0	-20.0
-8.0	22.0	20.0
-38.0	41.0	-8.0
-8.0	-38.0	16.0
-38.0	41.0	-8.0
-19.0	4.0	-24.0
0.0	38.0	8.0
-49.0	12.0	-32.0
4.0	-8.0	-8.0
0.0	38.0	8.0
-8.0	22.0	20.0
-38.0	-26.0	-20.0
0.0	38.0	8.0
49.0	19.0	-24.0
-8.0	22.0	20.0
49.0	19.0	-24.0
-38.0	41.0	-8.0
-49.0	12.0	-32.0
-8.0	-38.0	16.0
34.0	-12.0	-20.0
49.0	19.0	-24.0
-19.0	4.0	-24.0
-19.0	4.0	-24.0
34.0	-12.0	-20.0
-38.0	-26.0	-20.0
-8.0	-38.0	16.0
4.0	-8.0	-8.0
4.0	-8.0	-8.0
-38.0	-26.0	-20.0
-49.0	12.0	-32.0

// Critchley HD, 2002: PMID 11856537-1
// Subjects=20
16.0	2.0	-24.0
58.0	8.0	10.0
20.0	-8.0	-30.0
10.0	52.0	18.0
42.0	-8.0	-8.0
-6.0	-46.0	-8.0
62.0	-8.0	-12.0
26.0	-10.0	-26.0
-34.0	4.0	29.0
62.0	-2.0	-8.0
-24.0	40.0	-6.0
38.0	-14.0	2.0
28.0	2.0	-14.0
42.0	-4.0	14.0
-30.0	-4.0	-24.0
44.0	-2.0	2.0
36.0	-12.0	4.0

// Armony JL, 2002: PMID 11900732-1
// Subjects=20
30.0	0.0	-20.0
-38.0	-44.0	-28.0
4.0	-32.0	-42.0
40.0	-62.0	-24.0
-36.0	-62.0	-22.0
36.0	-78.0	-14.0
26.0	-8.0	-26.0
-24.0	-2.0	-28.0
-28.0	-16.0	62.0
40.0	-2.0	62.0
-40.0	-34.0	46.0
40.0	-32.0	36.0
-32.0	-50.0	58.0
42.0	-48.0	54.0
-32.0	46.0	-6.0
4.0	12.0	58.0
-12.0	-2.0	60.0
30.0	50.0	-6.0

// Casey BJ, 2002: PMID 12351738-1
// Subjects=20
28.0	-48.0	32.0
30.0	-19.0	34.0
40.0	12.0	4.0
-18.0	-50.0	-46.0
10.0	3.0	8.0
14.0	-17.0	6.0
-49.0	-47.0	-17.0
21.0	-33.0	-7.0
-38.0	6.0	3.0
44.0	4.0	50.0
26.0	-22.0	-17.0
5.0	-52.0	37.0
-28.0	-45.0	-19.0
40.0	-4.0	44.0
-37.0	-5.0	32.0
-14.0	-43.0	-43.0
38.0	-30.0	21.0
33.0	-23.0	42.0
10.0	5.0	-2.0
54.0	-38.0	14.0
-38.0	17.0	-3.0

// Dupont S, 2002: PMID 12397138-1
// Subjects=20
-27.0	-75.0	21.0
18.0	-75.0	12.0
18.0	-75.0	12.0
-18.0	-81.0	15.0
-39.0	51.0	24.0
15.0	-66.0	12.0
-15.0	-72.0	12.0
21.0	-84.0	15.0
-33.0	-51.0	48.0
15.0	-66.0	12.0
21.0	-84.0	15.0
-33.0	-48.0	48.0
-45.0	-60.0	45.0
-33.0	-48.0	48.0
-33.0	-48.0	48.0
36.0	-42.0	48.0
36.0	-42.0	48.0
33.0	-42.0	48.0
33.0	-45.0	48.0
33.0	-45.0	45.0
33.0	-45.0	45.0
-45.0	-33.0	45.0
-33.0	-51.0	48.0
-45.0	-33.0	39.0
33.0	-54.0	48.0
42.0	27.0	9.0
-36.0	27.0	3.0
30.0	-51.0	57.0
39.0	-51.0	57.0
39.0	-45.0	57.0
39.0	-45.0	54.0
39.0	-45.0	54.0
-30.0	-66.0	39.0
-33.0	-60.0	45.0
33.0	-54.0	48.0
-57.0	-36.0	6.0
-45.0	-33.0	39.0
-63.0	-36.0	6.0
-63.0	-36.0	3.0
-63.0	-36.0	3.0
-54.0	-42.0	3.0
-54.0	-42.0	3.0
-54.0	24.0	6.0
-54.0	24.0	6.0
-54.0	27.0	6.0
-54.0	27.0	9.0
-54.0	27.0	9.0
42.0	27.0	9.0
-63.0	-36.0	6.0
-39.0	27.0	3.0
-6.0	-63.0	9.0
-9.0	21.0	42.0
42.0	30.0	30.0
-36.0	24.0	9.0
-36.0	48.0	12.0
-36.0	48.0	12.0
-57.0	0.0	33.0
-57.0	0.0	33.0
-57.0	0.0	33.0
-57.0	6.0	33.0
-57.0	6.0	39.0
-57.0	6.0	39.0
-45.0	6.0	36.0
42.0	30.0	30.0
-45.0	6.0	36.0
-57.0	27.0	24.0
-54.0	27.0	24.0
-54.0	-6.0	24.0
-54.0	-6.0	45.0
-54.0	-6.0	45.0
27.0	57.0	27.0
27.0	57.0	27.0
-51.0	30.0	30.0
-45.0	30.0	30.0
-57.0	27.0	24.0
33.0	51.0	30.0
33.0	51.0	30.0
-3.0	33.0	48.0
-36.0	24.0	9.0
-42.0	48.0	24.0
-42.0	48.0	24.0
36.0	45.0	21.0
36.0	45.0	21.0
-42.0	54.0	18.0
-42.0	54.0	18.0
-48.0	21.0	30.0
-48.0	21.0	30.0
-36.0	42.0	21.0
-36.0	42.0	21.0
-33.0	60.0	12.0
-33.0	60.0	12.0
12.0	15.0	42.0
12.0	15.0	42.0
-9.0	21.0	42.0
9.0	-60.0	9.0
9.0	-60.0	9.0
-6.0	9.0	63.0
-6.0	9.0	63.0
6.0	3.0	63.0
6.0	3.0	63.0
-3.0	33.0	48.0
-36.0	24.0	3.0
-51.0	30.0	30.0
-39.0	12.0	21.0
-54.0	27.0	24.0
-12.0	-66.0	15.0
39.0	27.0	9.0
-12.0	-66.0	15.0
-12.0	-66.0	15.0
-15.0	-66.0	15.0
-15.0	-75.0	15.0
-15.0	-75.0	18.0
-15.0	-75.0	18.0
9.0	-72.0	9.0
9.0	-72.0	9.0
-30.0	-63.0	48.0
-18.0	-66.0	21.0
-42.0	-39.0	39.0
-42.0	-60.0	6.0
-51.0	-27.0	15.0
-45.0	-24.0	3.0
-36.0	-39.0	48.0
-36.0	-39.0	48.0
-36.0	-45.0	48.0
-36.0	-45.0	42.0
-42.0	-45.0	42.0
-42.0	-39.0	42.0
-12.0	-66.0	15.0
-36.0	-45.0	42.0
-45.0	-66.0	48.0
-57.0	15.0	15.0
-45.0	-66.0	24.0
-42.0	-42.0	15.0
-45.0	-66.0	24.0
-12.0	-66.0	15.0
-66.0	-33.0	9.0
-63.0	-36.0	18.0
-63.0	-36.0	18.0
-63.0	-45.0	18.0
-63.0	-45.0	21.0
-63.0	-45.0	21.0
-57.0	-42.0	15.0
-54.0	24.0	6.0
-42.0	-36.0	15.0
-42.0	-36.0	15.0
-42.0	-36.0	15.0
-57.0	-33.0	6.0
-45.0	-45.0	18.0
-45.0	-63.0	48.0
54.0	18.0	15.0
54.0	18.0	15.0
-42.0	18.0	3.0
-57.0	18.0	3.0
-57.0	15.0	3.0
-42.0	-39.0	39.0
-12.0	-78.0	15.0
-57.0	15.0	15.0
39.0	27.0	9.0
-42.0	21.0	18.0
-54.0	27.0	3.0
-54.0	21.0	3.0
-54.0	21.0	3.0
-54.0	21.0	3.0
-48.0	12.0	21.0
-45.0	6.0	30.0
-39.0	21.0	21.0
-39.0	21.0	9.0
-39.0	21.0	9.0
-54.0	-6.0	45.0
-45.0	21.0	18.0
-54.0	-6.0	24.0
-42.0	36.0	0.0
-42.0	36.0	0.0
-42.0	9.0	30.0
-45.0	9.0	30.0
-45.0	51.0	30.0
-45.0	51.0	12.0
-45.0	51.0	12.0
-57.0	27.0	24.0
-57.0	27.0	24.0
-42.0	36.0	18.0
-54.0	-6.0	45.0
36.0	24.0	36.0
-51.0	21.0	42.0
-42.0	27.0	3.0
36.0	24.0	36.0
-51.0	30.0	30.0
-18.0	-78.0	15.0
-54.0	30.0	30.0
-54.0	3.0	30.0
-54.0	3.0	30.0
-54.0	3.0	30.0
45.0	21.0	42.0
45.0	21.0	42.0
-48.0	33.0	21.0
-48.0	33.0	21.0
-51.0	33.0	21.0
-51.0	12.0	21.0
-51.0	12.0	39.0
-51.0	12.0	39.0
48.0	0.0	39.0
48.0	0.0	39.0
-48.0	45.0	18.0
-48.0	45.0	18.0
-51.0	45.0	18.0
-51.0	21.0	18.0
-51.0	21.0	42.0
-51.0	30.0	30.0
-39.0	51.0	24.0
30.0	-51.0	57.0
-42.0	51.0	24.0
-36.0	9.0	33.0
-51.0	6.0	30.0
-3.0	15.0	54.0
-42.0	9.0	39.0
-48.0	18.0	30.0
-48.0	18.0	30.0
-57.0	18.0	30.0
-57.0	18.0	30.0
-57.0	18.0	33.0
-57.0	18.0	33.0
-36.0	9.0	33.0
-42.0	6.0	30.0
-51.0	27.0	30.0
-36.0	9.0	36.0
-51.0	27.0	27.0
-51.0	27.0	27.0
-51.0	9.0	36.0
-51.0	9.0	36.0
-42.0	9.0	36.0
-42.0	21.0	33.0
-42.0	21.0	33.0
-45.0	33.0	36.0
-42.0	6.0	30.0
9.0	-60.0	6.0
-42.0	9.0	39.0
15.0	-63.0	6.0
-3.0	15.0	54.0
15.0	-60.0	0.0
9.0	-60.0	6.0
15.0	-60.0	6.0
24.0	-60.0	15.0
-30.0	-54.0	0.0
-30.0	-54.0	0.0
-30.0	-54.0	0.0
-30.0	-54.0	3.0
-30.0	-54.0	3.0
-21.0	-54.0	3.0
-21.0	-54.0	3.0
-12.0	-57.0	6.0
-18.0	-57.0	-3.0
-18.0	-57.0	-3.0
6.0	-57.0	-3.0
6.0	-60.0	-3.0
6.0	-60.0	3.0
6.0	-60.0	3.0
15.0	-57.0	0.0
15.0	-57.0	0.0
-12.0	-63.0	6.0
-12.0	-63.0	6.0
-45.0	33.0	36.0
-6.0	21.0	48.0
-36.0	33.0	36.0
-42.0	21.0	36.0
-18.0	-45.0	3.0
-6.0	-81.0	6.0
-6.0	-81.0	6.0
9.0	-63.0	0.0
9.0	-63.0	0.0
3.0	-75.0	3.0
3.0	-75.0	3.0
-12.0	-48.0	-6.0
-33.0	-39.0	-6.0
-18.0	-45.0	-6.0
27.0	-45.0	-3.0
-18.0	-45.0	3.0
12.0	-42.0	3.0
24.0	-45.0	3.0
24.0	-51.0	6.0
12.0	-42.0	3.0
24.0	-51.0	6.0
24.0	-51.0	3.0
9.0	-57.0	9.0
21.0	-45.0	3.0
21.0	-45.0	3.0
21.0	-45.0	3.0
-18.0	-48.0	-6.0
27.0	-54.0	3.0
21.0	-42.0	3.0
-3.0	6.0	66.0
9.0	-57.0	9.0
-6.0	0.0	45.0
21.0	-42.0	3.0
27.0	-42.0	3.0
27.0	-54.0	3.0
27.0	-54.0	3.0
24.0	-54.0	3.0
-3.0	15.0	66.0
24.0	-54.0	3.0
-9.0	18.0	45.0
-9.0	18.0	45.0
-6.0	18.0	45.0
-6.0	0.0	63.0
27.0	-45.0	-3.0
-6.0	0.0	63.0
3.0	30.0	51.0
3.0	30.0	51.0
9.0	30.0	51.0
9.0	9.0	51.0
9.0	9.0	51.0
9.0	9.0	51.0
-3.0	6.0	66.0
-3.0	6.0	66.0
15.0	-60.0	0.0
6.0	18.0	48.0
24.0	-60.0	15.0
12.0	-60.0	6.0
-30.0	-45.0	42.0
-18.0	-78.0	18.0
-15.0	-75.0	12.0
-15.0	-75.0	12.0
15.0	-66.0	15.0
15.0	-66.0	15.0
-9.0	-78.0	6.0
-9.0	-78.0	6.0
12.0	-75.0	12.0
12.0	-75.0	12.0
6.0	18.0	48.0
-6.0	-81.0	24.0
-6.0	-69.0	12.0
-6.0	-69.0	12.0
-51.0	-36.0	27.0
42.0	-39.0	36.0
42.0	-39.0	36.0
-42.0	-36.0	36.0
12.0	-66.0	6.0
36.0	-39.0	45.0
-39.0	-36.0	45.0
-33.0	-51.0	48.0
-6.0	-81.0	24.0
-57.0	-33.0	9.0
-63.0	6.0	24.0
-51.0	24.0	36.0
-45.0	21.0	21.0
-63.0	6.0	24.0
51.0	6.0	24.0
51.0	24.0	24.0
51.0	24.0	6.0
51.0	24.0	6.0
-39.0	24.0	12.0
-45.0	33.0	0.0
-45.0	33.0	0.0
39.0	33.0	0.0
39.0	27.0	0.0
39.0	27.0	9.0
39.0	27.0	9.0
-51.0	18.0	36.0
-51.0	18.0	36.0
-57.0	18.0	36.0
-57.0	-3.0	36.0
-57.0	-3.0	45.0
-57.0	-3.0	45.0
-42.0	12.0	39.0
-42.0	12.0	39.0
-51.0	12.0	39.0
-51.0	24.0	39.0
-33.0	-60.0	48.0
-30.0	-33.0	48.0
36.0	-39.0	45.0
-42.0	12.0	36.0
12.0	-66.0	0.0
-9.0	-57.0	3.0
-12.0	-66.0	15.0
-51.0	24.0	36.0
-9.0	-60.0	15.0
-9.0	-60.0	6.0
-9.0	-60.0	6.0
3.0	-63.0	15.0
3.0	-63.0	15.0
21.0	-60.0	-3.0
21.0	-60.0	-3.0
-12.0	-57.0	3.0
-9.0	-60.0	3.0
12.0	-66.0	0.0
-9.0	-60.0	6.0
-9.0	-60.0	6.0
-9.0	-60.0	6.0
-9.0	-66.0	6.0
-9.0	-66.0	0.0
-9.0	-66.0	0.0
21.0	-42.0	3.0
3.0	-60.0	6.0
3.0	-60.0	6.0
9.0	-60.0	6.0
9.0	-60.0	6.0
-9.0	-66.0	15.0
-3.0	3.0	63.0
-42.0	12.0	36.0
-12.0	-66.0	15.0
3.0	-75.0	3.0
3.0	-75.0	3.0
-15.0	-42.0	0.0
-3.0	3.0	63.0
15.0	-42.0	3.0
24.0	-39.0	3.0
24.0	-39.0	3.0
-3.0	6.0	69.0
-3.0	6.0	69.0
15.0	-42.0	3.0
-9.0	12.0	69.0
-9.0	6.0	69.0
-42.0	9.0	24.0
-6.0	21.0	48.0
-6.0	15.0	60.0
-3.0	15.0	60.0
-6.0	21.0	60.0
3.0	18.0	51.0
3.0	18.0	51.0
-9.0	12.0	57.0
-9.0	12.0	57.0
-3.0	15.0	60.0

// Reber PJ, 2002: PMID 12417678-1
// Subjects=20
34.4	-2.5	14.7
-8.1	15.7	60.5
-54.4	-48.3	-6.1
-5.1	26.2	30.6
36.4	-82.0	-36.6
32.7	-59.2	51.8
-30.9	-36.0	-14.1
37.4	-63.6	-32.6
-60.8	13.2	18.9
25.9	-93.7	-7.7
46.3	18.6	51.8
-22.0	-100.4	5.7
-50.2	29.1	4.1
59.3	-53.5	41.0
20.2	-8.3	-18.1
-51.2	17.2	15.2
-11.3	11.0	55.4
40.2	-56.8	54.9
30.3	12.2	53.7
-33.6	-60.9	49.4
38.5	49.1	20.4
-19.9	-101.4	5.8
-48.0	-68.3	-16.8
-8.9	-62.9	62.6
-33.0	-20.3	-3.1
31.1	-49.9	-6.9
-62.8	-43.1	7.0
27.8	-73.3	-33.9
29.6	-22.3	75.5

// Mellet E, 2002: PMID 12427682-1
// Subjects=20
-30.0	6.0	48.0
-6.0	-70.0	42.0
42.0	-76.0	34.0
42.0	-78.0	32.0
-32.0	-78.0	40.0
28.0	-60.0	26.0
30.0	22.0	2.0
-6.0	18.0	42.0
10.0	-10.0	0.0
-64.0	-44.0	-4.0
-72.0	-34.0	0.0
2.0	-76.0	-28.0
42.0	-56.0	-34.0
-4.0	-12.0	0.0
14.0	-74.0	52.0
14.0	-70.0	52.0
-4.0	-66.0	50.0
36.0	4.0	52.0
-48.0	20.0	24.0
-20.0	-74.0	48.0
38.0	-64.0	46.0
-38.0	-52.0	46.0
18.0	-72.0	52.0
-34.0	-80.0	30.0
-10.0	-74.0	50.0
28.0	-4.0	52.0
-26.0	2.0	50.0
-28.0	-78.0	40.0
26.0	-64.0	32.0
-10.0	14.0	38.0
-18.0	-64.0	22.0
-10.0	6.0	50.0
26.0	-58.0	20.0
38.0	4.0	56.0
-40.0	-78.0	34.0
32.0	-14.0	-22.0
-48.0	20.0	20.0
-64.0	-42.0	0.0
38.0	-62.0	44.0
-22.0	0.0	60.0
64.0	-20.0	2.0
-26.0	22.0	6.0
32.0	20.0	8.0
-62.0	-22.0	0.0

// Bullmore E, 2003: PMID 12507945-1
// Subjects=20
11.3	-80.4	41.6
20.4	36.5	23.9
18.2	37.2	19.4
11.8	42.1	14.6
-5.4	43.7	10.2
-4.3	44.5	5.6
22.5	-32.2	-10.6
-10.8	44.5	-6.6
24.7	-30.8	-6.2
35.2	-5.7	-12.9
34.2	-40.2	-18.9
37.3	7.0	-14.0
-10.8	43.7	-3.2
20.3	19.6	-1.5
33.3	3.1	17.6
31.2	-12.4	10.0
23.5	-62.4	-30.3
23.5	-60.0	-26.1
-5.3	-56.6	-21.6
-17.9	-92.0	-9.5
47.2	-70.4	-12.1
-29.7	-57.5	-3.4
49.4	-70.1	-7.7
-17.9	-53.8	1.8
9.8	24.1	29.5
4.5	-35.5	3.3
-39.4	24.8	16.6
-4.5	44.1	-12.2
35.1	8.8	-18.6
19.2	19.9	3.0
-14.8	19.0	21.3
10.2	-82.7	38.4
-8.6	40.9	1.5
-9.5	-8.8	5.7
19.8	-74.6	33.2
-42.3	-46.9	39.4
-10.5	19.7	30.1
-35.9	-51.6	31.9
-39.4	-45.2	-8.7
32.6	-69.2	32.6
31.5	-66.8	36.9
38.0	-66.0	45.6
34.9	-68.8	51.5
-43.4	-43.6	26.8
-21.2	-66.3	-7.2
-31.9	-53.0	-0.4
19.3	19.6	11.9
28.7	88.0	15.0
32.3	13.6	30.1
26.9	12.2	25.8
-13.7	21.5	25.5
-36.9	-52.4	36.4
-7.9	-69.5	46.5
2.5	10.7	50.8
-1.7	-11.9	47.1
4.7	11.2	56.3
1.4	-14.9	36.2
-37.9	-22.3	54.0
-34.8	-14.2	47.7
4.9	-70.0	51.9
-39.2	-0.3	35.4
-23.3	-62.8	-3.0
-1.7	-14.5	41.8

// Erk S, 2003: PMID 12595197-1
// Subjects=20
33.0	54.0	3.0
30.0	57.0	3.0
45.0	-45.0	-21.0
48.0	-45.0	-27.0
-45.0	-48.0	-27.0
24.0	-12.0	-15.0
-24.0	-9.0	-15.0
-42.0	51.0	9.0
-45.0	36.0	3.0
-42.0	21.0	-21.0
-36.0	48.0	12.0
9.0	45.0	3.0
33.0	-33.0	-27.0
-9.0	39.0	24.0
21.0	-78.0	-9.0
54.0	-57.0	-12.0
18.0	-6.0	-9.0
24.0	-9.0	-36.0
-51.0	27.0	15.0
-45.0	-51.0	-27.0

// Schendan HE, 2003: PMID 12670429-1
// Subjects=20
30.0	-18.0	-15.0
-33.0	-18.0	-27.0
-30.0	-21.0	-9.0
-24.0	-27.0	-18.0
21.0	6.0	-21.0
33.0	-18.0	-27.0
27.0	-21.0	-18.0
24.0	-33.0	-9.0
30.0	-24.0	-6.0
-27.0	6.0	-6.0
-27.0	-9.0	9.0
30.0	0.0	-3.0
-15.0	-6.0	18.0
-12.0	9.0	12.0
-18.0	0.0	-21.0
-9.0	15.0	-3.0
30.0	-33.0	-9.0
-9.0	3.0	15.0
-21.0	-18.0	21.0
12.0	6.0	12.0
36.0	27.0	39.0
-27.0	-30.0	-6.0
30.0	-24.0	-15.0
33.0	-39.0	0.0
-24.0	-27.0	27.0
33.0	48.0	30.0
27.0	-33.0	6.0
45.0	33.0	36.0
-39.0	36.0	18.0
6.0	24.0	6.0
-21.0	6.0	24.0
39.0	33.0	39.0
21.0	-27.0	-6.0
15.0	12.0	12.0
48.0	36.0	24.0
-48.0	33.0	27.0
30.0	42.0	39.0

// Chetelat G, 2003: PMID 12821520-1
// Subjects=20
-6.0	-55.0	29.0
-38.0	-28.0	-12.0
-26.0	-14.0	-14.0
34.0	-26.0	-7.0
42.0	-4.0	-12.0
42.0	-20.0	-7.0
28.0	-28.0	-10.0
4.0	-41.0	28.0
30.0	-3.0	-18.0
-6.0	-55.0	29.0
34.0	-13.0	-20.0
8.0	-64.0	31.0
-6.0	-55.0	29.0
28.0	-9.0	-15.0
-6.0	-55.0	29.0
-6.0	-55.0	29.0
-6.0	-55.0	29.0
-6.0	-55.0	29.0
-6.0	-55.0	29.0
-6.0	-55.0	29.0
-6.0	-55.0	29.0
-6.0	-55.0	29.0
-6.0	-55.0	29.0
-6.0	-55.0	29.0
-6.0	-55.0	29.0
-6.0	-55.0	29.0
-6.0	-55.0	29.0

// Muller JL, 2003: PMID 12873805-1
// Subjects=20
-39.0	-66.0	39.8
-45.7	10.6	25.7
-52.0	-52.7	19.9
62.2	-58.5	3.5
-51.1	-53.3	-2.4
41.9	0.7	27.7
47.4	-58.4	19.2
-18.2	-49.5	-24.2
23.5	-49.5	-28.1
38.3	31.8	-10.5
-46.7	-3.3	39.1
-21.1	-66.9	-1.6
26.9	-64.8	-6.7
-18.0	-91.3	-15.2
18.4	-88.8	-12.4
45.2	-0.1	31.1
-3.9	-63.5	13.6
-54.2	-50.7	18.6
42.3	-55.0	50.2
59.0	-39.6	0.8
20.2	-9.3	-16.9
37.6	-11.2	12.0
-3.6	-59.4	52.3
-19.1	-90.1	-26.4
5.4	31.1	11.1
-15.8	38.7	41.9
-5.4	37.7	0.6
5.8	-14.2	45.0
-28.7	-51.2	-3.9
46.4	-73.3	19.4
26.9	-64.7	-4.5
31.1	-78.7	-21.2
42.2	-6.4	59.6
-35.9	-10.0	47.4
-50.1	-51.5	-5.9
34.6	-44.6	33.8

// Desmond JE, 2003: PMID 12948707-1
// Subjects=20
-2.0	12.0	48.0
42.0	-63.0	-20.0
-50.0	8.0	0.0
26.0	-57.0	-29.0
-40.0	-61.0	-12.0
-34.0	-60.0	-24.0
-46.0	2.0	37.0
-6.0	-41.0	65.0
6.0	18.0	58.0
10.0	-86.0	6.0
34.0	38.0	26.0
-46.0	-7.0	-27.0
-36.0	-12.0	-28.0
-6.0	-83.0	4.0
38.0	-58.0	-26.0
-42.0	20.0	-6.0
0.0	18.0	42.0
-24.0	-68.0	56.0
2.0	-61.0	60.0
0.0	-59.0	-24.0
40.0	14.0	-38.0
24.0	-11.0	-28.0
-30.0	-19.0	-24.0
4.0	-21.0	-24.0
-14.0	-88.0	2.0
24.0	62.0	4.0
-34.0	-50.0	48.0
-28.0	-66.0	48.0
-42.0	4.0	35.0
51.0	-31.0	40.0
-55.0	19.0	-4.0
-36.0	-69.0	-17.0
-36.0	24.0	21.0
-34.0	10.0	-31.0
-28.0	-49.0	-46.0
30.0	10.0	-38.0
38.0	-72.0	-8.0
-8.0	-78.0	30.0
-30.0	-68.0	48.0
-24.0	-86.0	0.0
0.0	7.0	64.0
36.0	-45.0	-47.0
36.0	-62.0	-41.0
48.0	-6.0	32.0
-42.0	-7.0	-27.0
-34.0	-88.0	0.0
-36.0	27.0	6.0
-4.0	23.0	34.0
-34.0	-82.0	34.0
-20.0	-96.0	6.0
-48.0	10.0	-2.0
-56.0	10.0	28.0
-57.0	-47.0	2.0
-48.0	7.0	-17.0
-48.0	-71.0	-27.0
-40.0	-74.0	31.0
8.0	26.0	47.0
28.0	-21.0	-26.0
46.0	-58.0	-32.0
40.0	-72.0	-18.0
34.0	34.0	22.0
2.0	70.0	-7.0
6.0	18.0	60.0
-14.0	-73.0	26.0
26.0	-72.0	42.0
38.0	-74.0	6.0
28.0	-58.0	49.0
28.0	-22.0	-14.0
26.0	-56.0	-29.0
-12.0	20.0	45.0
40.0	5.0	22.0
53.0	6.0	-26.0
50.0	14.0	-24.0
48.0	12.0	7.0
-34.0	48.0	-6.0
8.0	58.0	-5.0
32.0	7.0	55.0

// Stephenson CM, 2003: PMID 12948713-1
// Subjects=20
-0.9	-81.6	-10.6
-19.3	-82.9	-28.1
32.7	-44.4	-27.5
-2.4	-75.5	-24.5
6.3	-78.4	-24.3
-19.1	-82.3	-23.7
-21.4	-77.3	-10.7
40.0	-51.3	-13.6
37.9	-51.1	-18.1
-35.9	-69.1	-6.8
-9.4	-79.5	-15.1
48.5	-48.2	-9.5
0.8	-88.9	-5.5
30.1	-56.4	-8.6
29.9	-62.4	-3.6
-33.6	-73.5	-2.0
29.7	-64.8	-0.1
25.8	-55.1	1.4
55.8	-44.7	-2.1
35.2	-6.4	-17.3
-7.9	-85.1	-19.1
28.1	-83.8	20.5
55.3	-45.8	-5.3
-21.4	-77.2	-6.3
-32.8	-75.8	1.5
27.0	-81.1	33.6
-33.7	-75.4	3.8
38.8	-75.1	6.2
46.2	-75.4	10.6
41.4	-77.6	15.3
25.0	-84.8	25.1
43.3	-76.3	19.7
55.1	-44.7	0.2
35.6	-82.8	29.2
30.7	-90.2	12.1
19.9	-87.3	29.8
-3.3	-82.7	34.1
25.8	-77.9	37.9
-3.4	-81.1	38.5
14.6	-76.8	41.2
28.8	-72.2	46.3
12.9	-73.6	46.6
28.0	-46.2	3.9
30.5	-74.1	40.8
59.1	-43.6	-10.0
-6.1	61.6	13.1
-19.2	42.3	28.3
-5.0	30.4	49.2
-11.6	28.7	2.6
24.1	-1.2	-13.2
22.9	2.3	-9.0
25.5	5.5	-5.9
26.5	5.6	-3.7
44.4	-7.4	-12.9
-2.7	50.2	0.7
3.4	59.8	41.1
2.6	54.4	9.2
-21.6	55.3	9.4
-12.2	28.9	7.0
-8.3	22.0	12.0
-11.0	54.8	22.7
-2.4	53.7	4.8
37.1	-9.5	-21.5
-10.1	52.7	30.7
-11.1	55.6	27.1
-16.2	49.3	18.7
-14.5	50.7	14.2
-7.4	22.5	16.4
-16.5	40.3	10.6
-8.9	55.4	36.0
-32.2	30.1	16.1
16.8	-9.5	-16.8
33.7	-15.5	-25.5
-24.8	49.4	18.8
-12.7	41.1	14.9
-0.7	58.9	17.8
-30.7	43.6	23.9
-31.5	44.0	28.3
-6.1	54.0	27.2
-9.3	51.5	30.8
-37.7	39.0	32.1
-4.2	40.2	19.4
-22.8	55.9	30.5
-1.3	33.2	2.1
-23.5	54.9	36.2
-3.9	51.5	41.8
-0.6	36.7	43.0
4.6	46.8	47.7
4.0	48.8	53.1
-36.3	37.9	37.8
-5.5	51.8	36.3
-25.8	38.3	6.4

// Pollmann S, 2003: PMID 14508634-1
// Subjects=20
29.0	36.0	23.0
-4.0	13.0	42.0
-34.0	25.0	17.0
47.0	20.0	-5.0
23.0	-29.0	60.0
31.0	13.0	19.0
-34.0	4.0	30.0
22.0	30.0	-2.0
-37.0	15.0	1.0
-2.0	11.0	23.0
31.0	-25.0	-13.0
7.0	28.0	54.0
58.0	-6.0	29.0
-55.0	23.0	8.0
46.0	-21.0	-11.0
19.0	38.0	46.0
-25.0	63.0	-6.0
-44.0	-67.0	2.0
-26.0	-49.0	44.0
-43.0	-33.0	32.0
-25.0	46.0	38.0
22.0	48.0	-5.0
-43.0	-15.0	57.0
32.0	49.0	14.0
-52.0	-58.0	29.0
-16.0	-77.0	12.0
-64.0	-58.0	17.0
-11.0	-45.0	32.0
-1.0	-43.0	14.0
58.0	2.0	-16.0
46.0	-9.0	4.0
-62.0	-12.0	-13.0
-58.0	-1.0	-30.0
47.0	-59.0	26.0
-28.0	-26.0	-4.0
40.0	-18.0	55.0
-14.0	7.0	29.0
-2.0	-95.0	16.0
13.0	-23.0	-5.0
-32.0	-86.0	-23.0
28.0	9.0	29.0
7.0	-77.0	12.0
-64.0	-25.0	-1.0
-40.0	-18.0	29.0
-2.0	48.0	9.0
-11.0	-45.0	20.0
-56.0	-19.0	0.0
-29.0	-89.0	-11.0
-47.0	20.0	-31.0
25.0	-39.0	-22.0

// Habeck C, 2003: PMID 14642482-1
// Subjects=20
23.0	-63.0	-24.0
2.0	2.0	39.0
-4.0	-7.0	6.0
25.0	-54.0	-22.0
32.0	21.0	-6.0
63.0	-43.0	-1.0
42.0	16.0	1.0
-2.0	-48.0	50.0
6.0	-10.0	0.0
0.0	-64.0	-32.0
18.0	-42.0	-20.0
6.0	-11.0	13.0
34.0	7.0	-10.0
40.0	-55.0	-14.0
30.0	-71.0	-30.0
-30.0	-38.0	-13.0
-32.0	-45.0	-16.0
-24.0	-35.0	-7.0
8.0	-67.0	-20.0
-30.0	19.0	-4.0
24.0	17.0	-18.0
-32.0	-63.0	-17.0
-6.0	-27.0	36.0
-49.0	6.0	-2.0
28.0	-22.0	-14.0
8.0	-35.0	39.0
-4.0	-83.0	6.0
34.0	-15.0	4.0
-57.0	-30.0	20.0
-48.0	-28.0	18.0
-6.0	-25.0	44.0
4.0	-46.0	45.0
-42.0	6.0	-5.0
-30.0	19.0	-1.0
38.0	4.0	3.0
-14.0	14.0	5.0
-4.0	-18.0	36.0
-40.0	-2.0	-3.0
4.0	-29.0	40.0
6.0	17.0	30.0
59.0	-24.0	20.0
18.0	-62.0	12.0
53.0	-53.0	23.0
44.0	-6.0	-1.0
-42.0	-15.0	12.0
50.0	-65.0	20.0

// Habeck C, 2004: PMID 14741317-1
// Subjects=20
-34.0	-83.0	8.0
4.0	-42.0	48.0
10.0	-48.0	58.0
46.0	-5.0	48.0
50.0	-56.0	16.0
-51.0	-30.0	22.0
-51.0	-62.0	-2.0
-59.0	-34.0	26.0
2.0	-13.0	56.0
-40.0	-77.0	13.0
-55.0	-58.0	12.0
48.0	-68.0	7.0
40.0	-80.0	-3.0
10.0	-9.0	15.0
-14.0	-62.0	10.0
-14.0	-13.0	8.0
16.0	-13.0	12.0
14.0	7.0	18.0
53.0	-66.0	9.0
6.0	6.0	37.0
-48.0	17.0	38.0
57.0	-21.0	12.0
-4.0	-52.0	50.0
8.0	-78.0	35.0
32.0	-89.0	4.0
-42.0	41.0	9.0
-44.0	50.0	-1.0
16.0	-48.0	4.0
-40.0	-32.0	-20.0
30.0	-36.0	-25.0
10.0	-64.0	-27.0
24.0	-69.0	-27.0
-28.0	-81.0	-23.0
-24.0	-65.0	-25.0
-48.0	-54.0	-23.0
12.0	40.0	18.0
-8.0	8.0	1.0
42.0	-54.0	-28.0
-4.0	-66.0	-3.0
-2.0	22.0	52.0
4.0	21.0	27.0
22.0	-77.0	-25.0
24.0	48.0	20.0
32.0	-14.0	-16.0
59.0	-20.0	29.0
14.0	-69.0	-25.0
24.0	12.0	1.0
12.0	-50.0	-34.0
-22.0	10.0	-4.0
24.0	-32.0	-12.0
57.0	-53.0	-18.0
-46.0	-48.0	-23.0
-10.0	-73.0	-27.0
-42.0	-48.0	48.0
-65.0	-34.0	-10.0
-24.0	-44.0	-18.0
-48.0	-58.0	-24.0
20.0	12.0	51.0
-4.0	25.0	30.0
63.0	-55.0	-2.0
4.0	7.0	-15.0
2.0	-52.0	-1.0

// Nomura M, 2004: PMID 14741673-1
// Subjects=20
26.0	-52.0	-12.0
24.0	-58.0	-12.0
16.0	-6.0	-16.0
40.0	20.0	-10.0
-8.0	-18.0	-14.0
24.0	-25.0	-12.0
16.0	-8.0	-16.0
16.0	-8.0	-14.0
48.0	18.0	-10.0

// Pell GS, 2004: PMID 14980573-1
// Subjects=20
34.0	6.0	-36.0
24.0	-12.0	-24.0
-40.0	2.0	-34.0
-52.0	-20.0	4.0
-32.0	-22.0	-22.0
52.0	-28.0	-10.0

// Salgado-Pineda P, 2004: PMID 15006650-1
// Subjects=20
54.0	-64.0	2.0
54.0	-38.0	-10.0
-40.0	-60.0	12.0
38.0	-73.0	20.0
6.0	45.0	10.0
2.0	24.0	32.0
40.0	28.0	4.0
48.0	-6.0	50.0
14.0	14.0	56.0
56.0	6.0	6.0
-8.0	-68.0	8.0
4.0	56.0	34.0
-2.0	56.0	8.0
52.0	-24.0	12.0
54.0	-60.0	22.0
64.0	-40.0	-2.0
31.0	65.0	-1.0
50.0	40.0	22.0
40.0	55.0	18.0
10.0	8.0	14.0
12.0	19.0	46.0
16.0	-4.0	12.0
4.0	-30.0	2.0
-43.0	54.0	14.0
-46.0	-24.0	-20.0
-58.0	-34.0	0.0
-4.0	-10.0	8.0
48.0	4.0	24.0
-5.0	63.0	-14.0
-50.0	15.0	36.0
-18.0	-19.0	17.0
-36.0	64.0	13.0
4.0	-14.0	8.0
52.0	-50.0	-15.0
-45.0	-45.0	32.0
-63.0	-14.0	16.0
-50.0	-39.0	56.0
-64.0	-28.0	24.0
56.0	-25.0	52.0
64.0	-23.0	28.0
60.0	-63.0	11.0
51.0	-82.0	15.0
-40.0	15.0	45.0
-60.0	-61.0	10.0
-66.0	-3.0	-9.0
-16.0	-20.0	1.0
-63.0	-22.0	-19.0
-4.0	17.0	22.0
10.0	-1.0	40.0
-12.0	34.0	42.0
-8.0	10.0	35.0
-34.0	-42.0	-18.0
-49.0	-20.0	-26.0
-4.0	12.0	-2.0
16.0	-14.0	23.0
47.0	-30.0	-22.0
20.0	-18.0	12.0
-10.0	-20.0	-16.0
26.0	-46.0	-6.0
26.0	-23.0	-16.0
46.0	-16.0	-27.0

// Manoach DS, 2004: PMID 15006656-1
// Subjects=20
36.0	-80.0	32.0
42.0	-70.0	37.0
18.0	-61.0	23.0
53.0	18.0	1.0
38.0	22.0	50.0
51.0	-58.0	1.0
2.0	-48.0	48.0
12.0	-65.0	55.0
46.0	-34.0	51.0
-14.0	-4.0	44.0
-4.0	-51.0	58.0
30.0	8.0	49.0
26.0	63.0	10.0
-6.0	12.0	10.0
-48.0	5.0	16.0
-38.0	-5.0	13.0
-46.0	39.0	-2.0
-6.0	25.0	43.0
-8.0	11.0	55.0
-36.0	-57.0	32.0
-18.0	-8.0	-8.0
-16.0	-20.0	-6.0
-28.0	-20.0	-9.0
-46.0	-51.0	-6.0
40.0	-61.0	-9.0
-36.0	-14.0	27.0
-48.0	22.0	21.0
-38.0	11.0	27.0
-8.0	-19.0	8.0
44.0	-76.0	-5.0
-20.0	-95.0	1.0
26.0	-89.0	3.0
30.0	-64.0	42.0
28.0	-28.0	-7.0
-22.0	-58.0	53.0
-8.0	-56.0	53.0
-24.0	-79.0	22.0
46.0	44.0	-9.0
-30.0	21.0	-11.0
-26.0	2.0	46.0
-42.0	-82.0	1.0
-42.0	6.0	37.0
38.0	23.0	-11.0
-42.0	-39.0	42.0
48.0	19.0	29.0
46.0	-35.0	46.0
44.0	-77.0	13.0
34.0	-85.0	15.0
40.0	39.0	11.0
46.0	51.0	1.0
32.0	11.0	55.0
8.0	22.0	43.0
10.0	31.0	33.0
6.0	-17.0	10.0
16.0	1.0	15.0
48.0	18.0	3.0
18.0	-27.0	12.0
2.0	-6.0	-5.0
-14.0	15.0	27.0
38.0	-53.0	-9.0
-30.0	-76.0	0.0
-24.0	-97.0	7.0
34.0	-55.0	32.0
-12.0	21.0	38.0
-50.0	11.0	16.0
-32.0	37.0	6.0
-30.0	19.0	-4.0
-36.0	4.0	38.0
-36.0	9.0	18.0
-32.0	44.0	-7.0
-24.0	4.0	44.0
-6.0	8.0	12.0
-20.0	-1.0	13.0
-40.0	30.0	15.0
-26.0	-24.0	-6.0
-34.0	-54.0	47.0
36.0	11.0	16.0
18.0	-91.0	1.0
-48.0	-29.0	42.0
42.0	-67.0	-10.0
32.0	-87.0	1.0
42.0	-78.0	-5.0
26.0	23.0	-8.0
-42.0	-36.0	-13.0
-48.0	-51.0	-9.0
28.0	63.0	10.0
-40.0	-56.0	-1.0
-14.0	-66.0	40.0
28.0	-43.0	43.0
40.0	-40.0	63.0
-36.0	-51.0	36.0
-16.0	-16.0	-3.0
6.0	14.0	7.0
55.0	-55.0	-7.0
14.0	21.0	38.0
50.0	32.0	22.0
55.0	23.0	26.0
8.0	-16.0	-9.0
30.0	-26.0	-5.0
18.0	-13.0	10.0
40.0	4.0	37.0
38.0	47.0	11.0
-28.0	6.0	-5.0
-36.0	-52.0	45.0
-20.0	-61.0	56.0
50.0	-34.0	51.0
28.0	2.0	9.0
24.0	-57.0	64.0
4.0	-49.0	63.0
-4.0	-29.0	9.0
-44.0	0.0	48.0
-40.0	-58.0	53.0
-36.0	-47.0	61.0
26.0	8.0	51.0
8.0	-33.0	7.0
42.0	-45.0	37.0
28.0	-27.0	9.0
42.0	-81.0	10.0
30.0	18.0	45.0
40.0	6.0	44.0
32.0	-8.0	-5.0

// Gottfried JA, 2004: PMID 15157428-1
// Subjects=20
-51.0	0.0	15.0
-42.0	42.0	21.0
-51.0	39.0	3.0
-45.0	30.0	18.0
9.0	6.0	6.0
30.0	3.0	-12.0
33.0	-24.0	-15.0
24.0	-36.0	-27.0
-33.0	-60.0	36.0
-27.0	-60.0	45.0
-39.0	-60.0	48.0
39.0	-69.0	39.0
18.0	-87.0	0.0
-51.0	-51.0	27.0
-51.0	-27.0	-12.0

// Mitchell JP, 2004: PMID 15163682-1
// Subjects=20
54.0	-39.0	54.0
24.0	3.0	54.0
-6.0	-69.0	54.0
24.0	18.0	54.0
12.0	9.0	-6.0
24.0	-30.0	0.0
-21.0	6.0	57.0
42.0	-48.0	51.0
9.0	-33.0	-33.0
-27.0	-6.0	-36.0
-36.0	-21.0	-18.0
21.0	-12.0	-21.0
18.0	21.0	-6.0

// Smith AP, 2004: PMID 15193617-1
// Subjects=20
20.0	-90.0	8.0
-6.0	-68.0	18.0
-46.0	-68.0	32.0
-26.0	-60.0	46.0
-44.0	-58.0	40.0
-4.0	-56.0	26.0
-6.0	-88.0	12.0
-64.0	-42.0	-8.0
-42.0	32.0	10.0
-20.0	-74.0	-8.0
-44.0	-68.0	34.0
-64.0	-44.0	-2.0
-48.0	-26.0	16.0
40.0	-6.0	-28.0
-6.0	-50.0	-34.0
30.0	-40.0	30.0
-28.0	-84.0	0.0
-10.0	62.0	10.0
-14.0	-52.0	16.0
56.0	28.0	10.0
12.0	44.0	6.0
-26.0	-4.0	-16.0
-48.0	-6.0	24.0
-10.0	-44.0	30.0
-2.0	46.0	-20.0
-32.0	50.0	0.0
-50.0	-66.0	-8.0
-34.0	-64.0	50.0
-48.0	-58.0	-12.0
-8.0	60.0	2.0
-64.0	-42.0	-4.0
38.0	6.0	-36.0
-14.0	10.0	50.0
-8.0	28.0	30.0
16.0	-68.0	50.0
-40.0	-30.0	30.0
-22.0	-28.0	-18.0
30.0	-24.0	-10.0
14.0	-10.0	-16.0
34.0	38.0	36.0
24.0	-24.0	-18.0
24.0	6.0	-30.0
46.0	-82.0	-10.0
6.0	58.0	-16.0
-48.0	8.0	-24.0
8.0	64.0	16.0
-28.0	-6.0	-14.0
26.0	-22.0	8.0
30.0	2.0	10.0
-56.0	-26.0	4.0
58.0	-38.0	20.0
-2.0	-56.0	22.0
-40.0	-70.0	30.0
-24.0	-30.0	2.0

// Sato W, 2004: PMID 15193632-1
// Subjects=20
-22.0	-9.0	-16.0
22.0	-20.0	-16.0
-20.0	-6.0	-10.0
40.0	-80.0	1.0
-50.0	-66.0	7.0

// Han S, 2004: PMID 15202110-1
// Subjects=20
24.0	-40.0	-8.0
-44.0	-2.0	-18.0
-52.0	-16.0	12.0
32.0	-24.0	-14.0
8.0	-72.0	50.0
-40.0	-18.0	2.0
-30.0	-62.0	48.0
22.0	-78.0	38.0
24.0	-64.0	58.0
-14.0	-74.0	32.0
28.0	-36.0	-18.0

// Takahashi H, 2004: PMID 15219596-1
// Subjects=20
-16.0	-88.0	-9.0
8.0	-82.0	-1.0
-32.0	-76.0	-8.0
-2.0	-53.0	23.0
-18.0	-26.0	-12.0
22.0	-88.0	-11.0
-10.0	0.0	7.0
28.0	-1.0	-18.0
18.0	-8.0	10.0
-14.0	10.0	11.0
-4.0	50.0	25.0
32.0	-77.0	-18.0
24.0	-24.0	-9.0
-24.0	-3.0	-18.0
32.0	27.0	-6.0
-6.0	-26.0	-10.0
-6.0	-33.0	-8.0
14.0	-90.0	6.0
-20.0	-80.0	-11.0
24.0	-80.0	-11.0
-16.0	14.0	14.0
-8.0	-88.0	-11.0
-14.0	-32.0	-12.0
-22.0	-6.0	-18.0
24.0	-3.0	-13.0
-22.0	-25.0	1.0
-2.0	54.0	25.0
-14.0	-46.0	-23.0
-18.0	91.0	3.0
26.0	-24.0	-9.0
-20.0	12.0	9.0

// Meulenbroek O, 2004: PMID 15275907-1
// Subjects=20
-32.0	-52.0	-6.0
32.0	-44.0	-8.0
-12.0	-46.0	58.0
-22.0	-72.0	54.0
16.0	-58.0	56.0
14.0	-66.0	60.0
16.0	-56.0	66.0
-12.0	-50.0	58.0
20.0	-54.0	16.0
-12.0	-58.0	64.0
-22.0	-54.0	-12.0
6.0	34.0	0.0
-2.0	-22.0	38.0
-6.0	-94.0	-4.0
-12.0	-82.0	-8.0
-26.0	-82.0	-8.0
60.0	-8.0	-4.0
64.0	-16.0	14.0
-60.0	-18.0	14.0
-30.0	12.0	-18.0
-58.0	2.0	8.0
-8.0	60.0	12.0
6.0	56.0	4.0
6.0	-60.0	38.0
-26.0	-2.0	62.0
56.0	-18.0	14.0
-18.0	-64.0	14.0
22.0	-56.0	20.0
-6.0	-92.0	-2.0
28.0	-84.0	12.0
12.0	-90.0	4.0
36.0	-82.0	-6.0
16.0	-88.0	-6.0
-16.0	-26.0	20.0
12.0	-82.0	-2.0
18.0	-94.0	8.0
-20.0	-18.0	22.0
-10.0	-86.0	-8.0
-10.0	-4.0	18.0
-8.0	-50.0	28.0
30.0	-84.0	-6.0
26.0	-66.0	6.0
20.0	-84.0	16.0
16.0	-80.0	10.0
-24.0	-56.0	-4.0
-20.0	-74.0	0.0
30.0	-70.0	-6.0
-28.0	-82.0	-6.0
-4.0	-62.0	26.0
26.0	-58.0	-10.0
-24.0	-58.0	-12.0
-30.0	-52.0	-8.0
-14.0	-94.0	20.0
-14.0	-58.0	64.0
30.0	-54.0	-10.0
28.0	-14.0	-24.0
0.0	-42.0	36.0
-56.0	-64.0	24.0
20.0	-14.0	-14.0
10.0	-56.0	38.0
18.0	24.0	-6.0
28.0	-2.0	-12.0
62.0	0.0	6.0
54.0	-8.0	4.0
58.0	-2.0	-8.0
44.0	-4.0	-8.0
54.0	-26.0	20.0
-30.0	-2.0	-18.0
-24.0	-10.0	-14.0
64.0	-18.0	12.0
-58.0	-64.0	14.0
0.0	52.0	-12.0
44.0	30.0	-14.0
-62.0	-6.0	-6.0
58.0	22.0	10.0
-30.0	14.0	-18.0
-6.0	62.0	12.0
50.0	28.0	-8.0
0.0	58.0	2.0
22.0	-10.0	-14.0
-56.0	12.0	-4.0
28.0	-46.0	-8.0
0.0	-2.0	8.0
24.0	-4.0	-12.0
-10.0	44.0	4.0
6.0	-52.0	32.0
16.0	-6.0	14.0
10.0	-6.0	20.0
-14.0	6.0	-4.0
14.0	-20.0	-14.0
2.0	-8.0	-26.0
-4.0	0.0	-6.0
2.0	-16.0	-20.0
20.0	-12.0	-12.0
24.0	-14.0	-22.0
28.0	-38.0	-18.0
6.0	-66.0	2.0
-48.0	-64.0	-12.0
-4.0	-6.0	-8.0
-60.0	-18.0	2.0
-42.0	-56.0	-16.0
6.0	32.0	0.0
-50.0	-14.0	22.0
-44.0	2.0	10.0
-2.0	12.0	52.0
-60.0	-16.0	16.0
32.0	-56.0	50.0
26.0	-76.0	46.0
-28.0	-74.0	32.0
-26.0	-54.0	-12.0
36.0	-82.0	18.0

// Gobbini MI, 2004: PMID 15275919-1
// Subjects=20
-4.8	-68.4	32.9
47.9	-1.6	-30.1
-48.0	-39.8	-6.9
53.8	-55.0	21.1
31.5	1.7	54.5
-3.2	58.8	12.2
-22.1	17.5	43.8
3.1	57.6	10.0
48.2	43.2	26.3
5.8	-58.8	32.0
41.9	8.3	29.3
-45.8	-69.3	-16.7
10.1	12.9	63.9
-36.9	-63.1	35.1
-23.3	-83.1	-18.0
56.7	-53.6	-15.8
-5.9	-6.1	54.5
3.1	51.9	4.9
12.8	0.3	-3.1
-5.2	-7.2	12.2
40.7	-63.8	-22.6
7.7	-11.2	14.6
20.3	-41.0	-27.6
-47.9	-21.0	16.1
-66.0	-21.0	17.4
33.1	-29.4	-16.5
-11.8	47.6	5.5
24.5	-11.4	-16.8
-9.7	48.6	4.2
-2.9	7.1	31.1
-26.6	-26.1	4.0
17.2	-63.9	-21.2
28.8	-11.8	-22.4
-14.8	-87.1	-15.6
46.1	-3.7	11.3
28.9	-6.4	-8.3
-18.3	38.9	-9.4
-0.6	-49.5	29.1
50.3	-7.0	-4.1
-30.9	-7.3	-0.9
-59.9	9.5	-14.2
-38.5	5.2	-4.1
29.9	-5.3	-8.4
-24.4	-82.1	-19.2
-13.3	-3.9	68.9
5.3	-46.3	-27.0
-33.4	6.1	-34.3
-19.2	-2.1	-3.7
-26.6	-27.1	4.1
-14.2	-41.4	79.9
-12.6	-88.1	-15.5
29.8	-9.5	-21.5
-38.3	-60.7	-3.0
58.8	-13.2	-2.5
-21.5	38.9	-9.3
-34.0	1.6	18.5
-8.1	-6.2	53.4
-23.9	100.0	-17.8

// Park HJ, 2004: PMID 15325368-1
// Subjects=20
32.6	-16.9	27.0
-23.7	-5.3	24.1
32.6	-30.5	3.4
25.6	-1.4	-17.9
2.7	27.7	-4.1
-21.9	23.8	1.0
-36.0	-44.1	8.0
-11.4	-49.9	11.2
-7.8	-51.8	-32.9
-7.8	35.5	10.4
32.6	-22.7	-15.5
27.4	-5.3	22.3
6.2	6.4	3.6
27.4	-1.4	17.3
18.6	31.6	26.0
-37.8	-30.5	-1.8
20.3	-32.4	24.5
-7.8	29.7	13.6
13.3	49.1	-3.0
18.6	35.5	17.4
6.2	-11.1	-9.6
-23.7	0.6	24.4
-18.4	-53.8	16.3

// Steele JD, 2004: PMID 15325374-1
// Subjects=20
10.0	10.0	-6.0
32.0	-46.0	-10.0
5.0	46.0	18.0
42.0	28.0	-16.0
0.0	46.0	18.0
6.0	40.0	6.0
-34.0	-40.0	-16.0
14.0	-40.0	-16.0
-32.0	-54.0	-4.0
26.0	-9.0	-21.0

// Haier RJ, 2004: PMID 15325390-1
// Subjects=20
59.0	-35.0	-5.0
-10.0	57.0	5.0
28.0	-7.0	-22.0
11.0	28.0	48.0
59.0	-52.0	4.0
44.0	-27.0	-1.0
-50.0	-37.0	-10.0
-56.0	32.0	10.0
-42.0	55.0	-3.0
-66.0	-45.0	-4.0
37.0	23.0	34.0
49.0	32.0	32.0
55.0	-60.0	-10.0
57.0	-51.0	-8.0
61.0	-48.0	-3.0
-40.0	56.0	3.0
-36.0	51.0	23.0
-41.0	53.0	9.0
-54.0	-68.0	-5.0
-23.0	-60.0	30.0
-15.0	-52.0	24.0
-23.0	13.0	-13.0
13.0	15.0	32.0
7.0	63.0	18.0
-50.0	35.0	24.0
-51.0	31.0	5.0
-50.0	39.0	17.0
4.0	56.0	31.0
64.0	-17.0	15.0
-52.0	-40.0	-9.0
-52.0	-53.0	2.0
-18.0	60.0	1.0
-7.0	63.0	8.0
-8.0	62.0	21.0
29.0	59.0	8.0
9.0	43.0	54.0
21.0	62.0	6.0
-44.0	-53.0	-1.0
-62.0	-9.0	12.0
-66.0	-45.0	26.0
-63.0	-48.0	19.0
-9.0	-6.0	32.0
2.0	66.0	6.0
-8.0	63.0	17.0
24.0	44.0	10.0
55.0	-33.0	-3.0
0.0	17.0	62.0
51.0	-40.0	-27.0
17.0	-26.0	-21.0
19.0	-30.0	-14.0
-14.0	-28.0	-19.0
-4.0	-31.0	-22.0
-9.0	58.0	32.0
29.0	49.0	-15.0
24.0	56.0	-15.0
-43.0	8.0	12.0
30.0	-46.0	-30.0
3.0	5.0	54.0
-20.0	47.0	-17.0
-49.0	-1.0	11.0
42.0	-16.0	-17.0
-11.0	-27.0	-11.0
53.0	32.0	21.0
-44.0	-39.0	-27.0
-10.0	52.0	35.0
11.0	31.0	39.0
13.0	9.0	36.0
57.0	-62.0	1.0
14.0	30.0	7.0
17.0	31.0	17.0
31.0	13.0	-20.0
-30.0	-58.0	34.0
-17.0	38.0	16.0
-40.0	58.0	7.0
18.0	-58.0	35.0
-39.0	52.0	13.0
-43.0	3.0	-4.0
-37.0	13.0	7.0
-61.0	-65.0	-9.0
-7.0	60.0	25.0
-39.0	-43.0	-23.0
44.0	-36.0	-30.0
-41.0	-52.0	-9.0
30.0	46.0	-22.0
50.0	-37.0	-10.0
-55.0	30.0	1.0
58.0	7.0	30.0
14.0	-21.0	-26.0
34.0	-45.0	0.0
-14.0	14.0	44.0
-54.0	21.0	3.0
-36.0	13.0	-20.0
-8.0	50.0	21.0
-8.0	44.0	29.0
18.0	47.0	11.0
2.0	66.0	6.0
41.0	59.0	-10.0
22.0	66.0	11.0
54.0	-58.0	-10.0
73.0	-32.0	-14.0
-34.0	38.0	41.0
62.0	-49.0	7.0
41.0	21.0	34.0
42.0	40.0	18.0
38.0	30.0	49.0
-42.0	24.0	49.0
51.0	-54.0	5.0
-64.0	-45.0	-3.0
-53.0	-67.0	-3.0
-67.0	-33.0	-9.0
37.0	23.0	34.0
-7.0	60.0	-2.0
25.0	55.0	13.0
48.0	8.0	47.0
-12.0	32.0	-11.0
-29.0	24.0	-19.0
45.0	25.0	33.0
-38.0	28.0	-16.0
-25.0	16.0	-18.0
-60.0	-11.0	-28.0
54.0	21.0	24.0
-48.0	41.0	20.0
8.0	45.0	14.0
26.0	23.0	51.0
-18.0	-67.0	58.0
4.0	-78.0	19.0
-32.0	-76.0	-22.0
-55.0	-59.0	39.0
-20.0	64.0	-1.0
51.0	-43.0	50.0
-9.0	-53.0	70.0
4.0	58.0	28.0
4.0	62.0	20.0
36.0	34.0	6.0
-52.0	16.0	25.0
-63.0	-55.0	22.0
13.0	51.0	4.0
-9.0	20.0	53.0
-8.0	-16.0	30.0
61.0	-15.0	23.0
65.0	-35.0	-10.0
-41.0	23.0	50.0
-69.0	-10.0	-17.0
9.0	-61.0	64.0
-54.0	-50.0	46.0
-21.0	-87.0	-12.0
-31.0	29.0	9.0
-43.0	31.0	-13.0
6.0	-60.0	46.0
0.0	-96.0	6.0
58.0	-12.0	-18.0
54.0	-39.0	-9.0
-51.0	9.0	12.0
-51.0	-47.0	1.0
-57.0	-41.0	-8.0
-5.0	65.0	11.0
-63.0	-55.0	18.0
-36.0	51.0	23.0
60.0	-7.0	41.0
65.0	-10.0	32.0
64.0	-13.0	20.0
-11.0	-77.0	1.0
4.0	16.0	-26.0

// Napadow V, 2005: PMID 15499576-1
// Subjects=20
6.6	-11.7	8.0
-17.2	-9.0	-24.3
19.2	-14.8	-19.8
-17.2	-13.3	-23.9
-4.4	29.3	-12.0
41.7	5.0	0.6
-38.5	10.4	-5.6
37.6	-20.1	6.1
-37.4	-2.3	-4.6
-5.5	68.7	2.5
-55.6	45.6	11.7
33.1	64.3	11.3
-26.7	60.0	15.7
3.0	50.4	-15.0
-2.4	50.2	-16.1
6.5	53.9	30.4
-4.3	52.3	10.6
-10.4	45.6	48.0
-5.2	-15.0	7.3
37.4	15.6	-0.2
-16.1	-9.0	-24.3
32.9	19.7	-29.5
-55.2	-25.6	26.6
-20.5	-2.9	-27.0
-64.9	-16.3	23.7
57.0	-32.8	33.7
56.9	-25.2	21.9
-61.5	-37.5	38.8
-57.3	-33.0	40.6
37.3	27.3	-13.5
28.8	-17.6	-15.2
6.7	19.3	37.7
56.5	45.3	-2.9
37.2	49.7	-13.1
-34.4	37.2	-16.8
4.2	22.2	-7.1
2.0	30.4	-11.1
-6.2	14.4	30.5
-2.9	15.9	34.8
3.6	-3.5	45.3
-2.8	-49.9	23.6
-52.5	13.6	-18.0
36.3	15.7	2.0
4.4	-4.2	8.5
-34.2	19.3	-0.8
6.3	65.6	2.6
-1.3	34.2	-17.0
-33.0	-16.2	8.8
-39.5	-4.2	-1.0
6.3	11.4	-9.6
5.4	-10.7	-6.6
-21.3	1.7	5.0
-1.3	64.1	-16.1
-1.3	41.5	-19.8
5.0	63.9	-19.5
-1.2	65.3	-0.6
29.9	61.6	18.3
-20.3	61.6	22.2
-53.1	-25.8	23.2
-38.6	59.8	0.3
3.0	34.2	-17.0
3.0	41.5	-19.8
56.9	-22.7	12.8
-1.2	66.5	1.5
61.2	-24.8	26.3
27.8	62.0	22.8
40.6	-1.0	-7.8
-0.8	31.4	42.4
-0.6	16.4	55.9
63.2	19.3	18.1
57.9	13.2	22.0
-55.5	14.5	7.6
-41.4	30.9	39.5
5.7	15.1	51.5
43.5	12.3	-42.4
-25.9	15.6	-35.2
5.5	59.7	36.6
60.3	-42.0	37.8
50.7	-45.0	41.5
-53.0	-42.4	29.1
-55.2	-43.3	31.4
3.1	-25.2	-28.8
-3.5	-37.4	76.1
-8.9	-36.3	76.0
53.7	-25.1	23.1
-46.7	-25.7	24.3
-43.0	11.3	-34.6

// Honey GD, 2005: PMID 15537676-1
// Subjects=20
-28.0	-12.0	-12.0
42.0	18.0	50.0
-56.0	22.0	14.0
32.0	-18.0	-20.0
-44.0	18.0	-18.0
-36.0	-28.0	-18.0
-42.0	38.0	16.0
48.0	38.0	22.0
-26.0	20.0	-24.0
32.0	20.0	-22.0
-14.0	46.0	44.0
-18.0	46.0	0.0
-6.0	60.0	10.0
-42.0	30.0	24.0
-38.0	44.0	38.0
54.0	10.0	42.0
30.0	-34.0	-20.0
-38.0	-32.0	-28.0
-22.0	48.0	-12.0
-16.0	-2.0	-18.0
-4.0	56.0	-14.0
28.0	56.0	18.0
-16.0	42.0	20.0
14.0	0.0	-28.0
8.0	40.0	18.0
-14.0	-2.0	-26.0

// Goh JO, 2004: PMID 15537894-1
// Subjects=20
39.8	-73.0	-4.0
29.0	-35.0	-7.0
42.9	-51.3	-11.4
-37.1	-84.1	-2.2
-43.7	-54.0	-11.3
-27.6	-45.9	-4.4
-27.7	-35.9	-13.0
-37.2	-54.5	-4.6
-23.9	-72.1	54.7
33.2	-25.9	-13.4
36.2	-4.4	-24.2

// Oullier O, 2005: PMID 15563729-1
// Subjects=20
-22.0	-9.0	20.0
2.0	-2.0	58.0
0.0	-4.0	58.0
1.0	-2.0	58.0
1.0	-2.0	54.0
1.0	-2.0	54.0
0.0	-2.0	54.0
0.0	-2.0	54.0
2.0	-2.0	58.0
1.0	-2.0	58.0
2.0	-2.0	55.0
-40.0	-18.0	54.0
-39.0	-21.0	53.0
-40.0	-21.0	53.0
-40.0	-18.0	53.0
-40.0	-18.0	54.0
51.0	-4.0	48.0
52.0	-4.0	48.0
52.0	1.0	48.0
52.0	1.0	41.0
0.0	-4.0	58.0
52.0	1.0	41.0
2.0	-2.0	55.0
-38.0	-4.0	47.0
51.0	6.0	28.0
-56.0	-34.0	28.0
-38.0	-4.0	47.0
-37.0	-4.0	50.0
44.0	0.0	51.0
44.0	0.0	51.0
40.0	0.0	51.0
40.0	9.0	51.0
40.0	9.0	45.0
40.0	9.0	45.0
52.0	6.0	28.0
52.0	8.0	28.0
52.0	8.0	33.0
52.0	8.0	33.0
53.0	8.0	33.0
53.0	7.0	33.0
53.0	7.0	31.0
53.0	7.0	31.0
55.0	7.0	31.0
55.0	5.0	31.0
55.0	5.0	34.0
55.0	5.0	34.0
-53.0	-28.0	32.0
-56.0	-28.0	32.0
-37.0	-4.0	47.0
-37.0	-4.0	47.0
-56.0	-34.0	28.0
57.0	-32.0	29.0
-60.0	-27.0	28.0
-60.0	-27.0	24.0
-60.0	-27.0	24.0
-60.0	-26.0	24.0
-60.0	-26.0	27.0
-60.0	-26.0	27.0
58.0	-24.0	30.0
57.0	-24.0	30.0
-58.0	-24.0	13.0
57.0	-32.0	29.0
-37.0	-4.0	50.0
57.0	-32.0	30.0
62.0	-34.0	29.0
-56.0	-24.0	13.0
-56.0	-24.0	13.0
62.0	-32.0	29.0
-54.0	-23.0	13.0
61.0	-26.0	30.0
-56.0	-23.0	13.0
61.0	-26.0	27.0
61.0	-34.0	27.0
62.0	-34.0	27.0
62.0	-34.0	27.0
61.0	-26.0	30.0
-60.0	-27.0	24.0
-56.0	-24.0	13.0
-58.0	-20.0	12.0
-58.0	-20.0	13.0
-58.0	-20.0	12.0
-55.0	-20.0	12.0
-55.0	-31.0	12.0
-55.0	-31.0	11.0
-55.0	-31.0	11.0
63.0	-24.0	8.0
63.0	-24.0	8.0
63.0	-24.0	8.0
63.0	-24.0	13.0
63.0	-24.0	13.0
60.0	-24.0	13.0
-56.0	-34.0	32.0
60.0	-26.0	13.0
60.0	-26.0	13.0
60.0	-26.0	13.0
60.0	-26.0	13.0
60.0	-26.0	10.0
60.0	-26.0	10.0
-25.0	-9.0	12.0
-24.0	-9.0	12.0
-24.0	-8.0	12.0
-24.0	-8.0	18.0
-24.0	-8.0	18.0
-60.0	-34.0	28.0
60.0	-26.0	13.0
0.0	-2.0	58.0
40.0	-52.0	-32.0
21.0	-10.0	13.0
22.0	-2.0	15.0
22.0	-2.0	15.0
-44.0	-4.0	9.0
-35.0	-4.0	9.0
-35.0	12.0	9.0
-35.0	12.0	10.0
-35.0	12.0	10.0
-36.0	12.0	14.0
8.0	5.0	58.0
36.0	17.0	8.0
18.0	-13.0	17.0
36.0	17.0	8.0
39.0	19.0	9.0
-11.0	-21.0	8.0
-15.0	-21.0	8.0
-15.0	-13.0	8.0
-15.0	-13.0	12.0
-15.0	-13.0	12.0
-10.0	-19.0	6.0
-10.0	-19.0	6.0
7.0	-18.0	12.0
18.0	-18.0	12.0
18.0	-13.0	12.0
22.0	-2.0	13.0
39.0	19.0	9.0
18.0	-13.0	17.0
18.0	-16.0	6.0
24.0	-57.0	-23.0
24.0	-55.0	-23.0
24.0	-55.0	-23.0
10.0	-58.0	-20.0
10.0	-58.0	-13.0
10.0	-66.0	-20.0
24.0	-57.0	-21.0
8.0	-66.0	-20.0
10.0	-58.0	-13.0
24.0	-57.0	-21.0
29.0	-61.0	-36.0
-25.0	-67.0	-38.0
-25.0	-69.0	-38.0
-25.0	-69.0	-35.0
-25.0	-69.0	-35.0
-22.0	-9.0	20.0
9.0	-76.0	-36.0
32.0	-61.0	-36.0
32.0	-51.0	-36.0
32.0	-51.0	-38.0
32.0	-51.0	-38.0
18.0	-16.0	6.0
-31.0	-67.0	-38.0
-36.0	12.0	14.0
9.0	4.0	57.0
9.0	-76.0	-36.0
-24.0	-10.0	43.0
28.0	36.0	21.0
-53.0	-41.0	44.0
55.0	-34.0	43.0
-26.0	-7.0	34.0
-23.0	-24.0	33.0
2.0	2.0	25.0
13.0	17.0	40.0
23.0	-23.0	27.0
-52.0	-31.0	12.0
-35.0	-42.0	11.0
-29.0	-11.0	40.0
38.0	-39.0	11.0
40.0	-20.0	-3.0
-9.0	-17.0	0.0
13.0	-17.0	3.0
11.0	-21.0	-6.0
10.0	-20.0	-6.0
4.0	-72.0	-42.0
3.0	-54.0	-2.0
-36.0	-64.0	-26.0
-39.0	-57.0	-45.0
39.0	-18.0	-4.0
-13.0	-8.0	5.0
43.0	2.0	38.0
-2.0	-78.0	-24.0
23.0	-25.0	11.0
-38.0	-20.0	51.0
-36.0	-35.0	58.0
-35.0	-75.0	-34.0
-48.0	-26.0	41.0
54.0	3.0	23.0
-22.0	-53.0	30.0
-25.0	-57.0	33.0
-39.0	-29.0	28.0
-39.0	-30.0	25.0
42.0	-33.0	31.0
46.0	-35.0	45.0
-34.0	-34.0	21.0
-37.0	-5.0	16.0
22.0	20.0	32.0
-36.0	-29.0	16.0
-38.0	-21.0	53.0
22.0	-10.0	13.0
-24.0	-64.0	-57.0
-58.0	-22.0	7.0
-36.0	-80.0	-29.0
-32.0	-61.0	-45.0
22.0	-55.0	-18.0
-18.0	-61.0	-23.0
35.0	-22.0	-18.0
39.0	-16.0	-20.0
24.0	-52.0	-23.0

// Etkin A, 2004: PMID 15603746-1
// Subjects=20
-26.0	-40.0	40.0
16.0	-8.0	-12.0
6.0	-78.0	28.0
14.0	-74.0	30.0
62.0	-8.0	0.0
-6.0	6.0	-6.0
-10.0	-10.0	50.0
58.0	-18.0	28.0
4.0	8.0	-4.0
-54.0	-6.0	44.0
-20.0	-10.0	48.0
-36.0	36.0	16.0
-24.0	-44.0	-20.0
-20.0	-76.0	-20.0
-14.0	-76.0	6.0
-30.0	-70.0	-16.0
28.0	-10.0	-22.0
12.0	-28.0	38.0
-32.0	40.0	18.0
-46.0	-54.0	-22.0
32.0	30.0	30.0
38.0	20.0	30.0

// Calvo-Merino B, 2005: PMID 15616133-1
// Subjects=20
24.0	-69.0	63.0
-15.0	-54.0	51.0
33.0	-42.0	48.0
-54.0	0.0	45.0
0.0	-33.0	36.0
-33.0	-45.0	54.0
3.0	15.0	27.0
0.0	39.0	-15.0
33.0	-18.0	-21.0
-39.0	-66.0	36.0
30.0	-6.0	69.0
-3.0	-57.0	27.0
-27.0	-6.0	72.0
-60.0	-39.0	-9.0
-51.0	-63.0	-9.0
63.0	-48.0	-9.0
21.0	-60.0	27.0
15.0	-9.0	18.0
-21.0	-57.0	69.0
9.0	12.0	-6.0
54.0	-12.0	-36.0
54.0	36.0	3.0
-60.0	-12.0	-18.0
-27.0	24.0	-27.0
54.0	6.0	-30.0
-48.0	3.0	27.0
57.0	-30.0	48.0
33.0	36.0	-18.0

// Noppeney U, 2005: PMID 15716306-1
// Subjects=20
45.0	27.0	24.0
48.0	-36.0	-12.0
-63.0	-15.0	-18.0
24.0	-12.0	-24.0

// Remy F, 2005: PMID 15734360-1
// Subjects=20
52.0	4.0	44.0
-32.0	-42.0	-26.0
34.0	32.0	32.0
-24.0	52.0	2.0
56.0	-46.0	32.0
22.0	-54.0	-28.0
-50.0	6.0	46.0
-22.0	-18.0	-8.0
-30.0	-66.0	-8.0
18.0	-42.0	40.0
-52.0	-62.0	24.0
-2.0	48.0	20.0
54.0	-10.0	-8.0
-18.0	-42.0	44.0
-48.0	-42.0	8.0
-24.0	-44.0	38.0
-52.0	-14.0	10.0
-32.0	-12.0	62.0
26.0	-58.0	56.0
-2.0	24.0	42.0
28.0	-52.0	72.0
8.0	24.0	48.0
12.0	58.0	20.0
-28.0	20.0	-8.0
18.0	64.0	16.0
-2.0	20.0	24.0
32.0	26.0	-10.0
6.0	20.0	48.0
42.0	24.0	14.0
-42.0	-54.0	6.0
-44.0	44.0	32.0
-40.0	18.0	26.0
-50.0	34.0	-4.0
-34.0	42.0	42.0
20.0	-38.0	-2.0
-14.0	24.0	20.0
-16.0	-26.0	-6.0
-20.0	-32.0	66.0
-18.0	-36.0	50.0
-4.0	44.0	34.0
34.0	-30.0	-8.0
34.0	-50.0	-24.0
-48.0	34.0	22.0
18.0	-48.0	60.0
50.0	-48.0	24.0
14.0	-58.0	54.0
32.0	24.0	-8.0
32.0	26.0	52.0
-46.0	-14.0	52.0
18.0	44.0	52.0
-38.0	-38.0	42.0
18.0	64.0	22.0
-32.0	-58.0	4.0
2.0	18.0	42.0
-16.0	40.0	52.0
26.0	-22.0	-8.0
54.0	18.0	-14.0
-14.0	-20.0	62.0
-44.0	-4.0	12.0
-60.0	-6.0	18.0
-50.0	-32.0	58.0
46.0	-34.0	4.0
46.0	-40.0	48.0
-62.0	-24.0	32.0
56.0	8.0	24.0
6.0	-50.0	-34.0
12.0	-48.0	8.0
24.0	-22.0	46.0
18.0	-24.0	52.0
-36.0	-34.0	-26.0
-8.0	-36.0	32.0
-40.0	30.0	42.0
40.0	-46.0	-26.0
-24.0	12.0	66.0
-34.0	-42.0	-38.0
-32.0	26.0	-10.0
44.0	-46.0	50.0
-20.0	-8.0	62.0
-26.0	-26.0	-30.0
38.0	-28.0	-6.0
30.0	-18.0	-4.0
-52.0	0.0	20.0
-60.0	4.0	24.0
-14.0	-14.0	42.0
-58.0	4.0	18.0
8.0	-60.0	-22.0
54.0	14.0	-24.0
-40.0	30.0	42.0
16.0	-40.0	0.0
-32.0	-20.0	64.0
28.0	-28.0	-22.0
-38.0	28.0	42.0
-30.0	32.0	48.0
-12.0	26.0	62.0
-38.0	14.0	46.0
-24.0	12.0	66.0
-38.0	28.0	42.0
-30.0	32.0	48.0
-12.0	26.0	62.0
-64.0	-12.0	8.0
-66.0	-32.0	20.0
-8.0	-18.0	48.0
16.0	-32.0	-22.0
-30.0	-10.0	-38.0
-52.0	-8.0	8.0
4.0	38.0	24.0
18.0	8.0	4.0
12.0	2.0	4.0
14.0	-26.0	38.0
14.0	40.0	22.0
58.0	-20.0	34.0
42.0	-40.0	16.0
-24.0	-56.0	-32.0
42.0	-2.0	-44.0
-32.0	-32.0	-18.0
12.0	-46.0	18.0

// Cools R, 2005: PMID 15772862-1
// Subjects=20
-18.0	-3.0	-15.0
-54.0	3.0	39.0
24.0	-12.0	-15.0
39.0	-57.0	-21.0
3.0	6.0	57.0
12.0	-90.0	-9.0
-30.0	-81.0	-12.0
-18.0	-99.0	9.0
15.0	-99.0	12.0
57.0	24.0	18.0

// Gimenez M, 2005: PMID 15784435-1
// Subjects=20
38.0	-52.0	-21.0
44.0	-73.0	-13.0
-34.0	-88.0	-7.0
-36.0	-85.0	1.0
-22.0	-90.0	-14.0
-44.0	13.0	25.0
-46.0	6.0	33.0
-46.0	12.0	38.0
42.0	-61.0	-9.0
40.0	-28.0	-12.0
-30.0	-84.0	-3.0
34.0	-12.0	-11.0
-34.0	-63.0	-15.0
-34.0	-72.0	-10.0
36.0	-26.0	-10.0
39.0	-74.0	-1.0
-34.0	-46.0	-21.0

// Fox MD, 2005: PMID 15808978-1
// Subjects=20
24.7	-87.2	-20.5
32.1	-30.9	-8.5
-39.5	-70.9	-24.4
-25.5	-83.3	-20.2
-21.3	-22.9	-10.8
-4.5	-50.7	-55.5
43.1	-88.7	-0.5
-12.8	-31.8	-15.8
-49.0	-34.4	-5.1
59.0	-66.4	-2.5
52.3	-18.8	-19.8
25.7	-21.6	-11.5

// Habeck C, 2005: PMID 15820629-1
// Subjects=20
14.0	-33.0	2.0
-8.0	-17.0	12.0
2.0	-30.0	31.0
-2.0	-72.0	46.0
4.0	-80.0	1.0
-2.0	15.0	34.0
-2.0	10.0	49.0
67.0	-33.0	-8.0
36.0	-22.0	18.0
4.0	-5.0	9.0
-30.0	-43.0	-3.0
42.0	-36.0	-22.0
59.0	-26.0	-10.0
24.0	27.0	41.0
65.0	-47.0	1.0
-22.0	33.0	39.0
-24.0	44.0	25.0
26.0	-63.0	-15.0
-36.0	-30.0	16.0
32.0	-43.0	-6.0
-51.0	-40.0	-22.0
-38.0	-30.0	-20.0
-65.0	-30.0	-10.0
-65.0	-39.0	-8.0
-10.0	-47.0	-11.0
-40.0	-13.0	10.0
63.0	-51.0	-6.0
24.0	-5.0	-22.0
-10.0	-49.0	30.0
14.0	18.0	8.0
14.0	9.0	-16.0
-40.0	-42.0	-21.0
16.0	-1.0	-22.0
65.0	-34.0	22.0
14.0	-25.0	40.0
14.0	9.0	16.0
-59.0	-58.0	10.0
61.0	-29.0	38.0
14.0	-7.0	-20.0
-44.0	-74.0	30.0
4.0	-10.0	30.0
-4.0	-12.0	1.0
-44.0	-48.0	-25.0
-63.0	-50.0	10.0
16.0	-21.0	7.0
-6.0	9.0	-17.0
65.0	-14.0	-3.0
4.0	17.0	23.0
-12.0	12.0	12.0
-6.0	15.0	-4.0
-26.0	30.0	-13.0
-42.0	-81.0	19.0
6.0	-50.0	-19.0
14.0	-68.0	-10.0
-22.0	35.0	42.0
-4.0	-73.0	-13.0
-32.0	-63.0	-17.0
-6.0	1.0	63.0
6.0	3.0	59.0
-51.0	-31.0	44.0
-36.0	-50.0	45.0
38.0	31.0	32.0
34.0	-53.0	-19.0
24.0	5.0	57.0
38.0	-43.0	43.0
51.0	-37.0	44.0
42.0	-37.0	46.0
63.0	-50.0	15.0
-46.0	-12.0	1.0
44.0	-8.0	-10.0
44.0	2.0	50.0
2.0	49.0	18.0
-42.0	-66.0	40.0
-51.0	-57.0	23.0
0.0	20.0	49.0
10.0	-63.0	31.0
-8.0	-59.0	29.0
4.0	58.0	-1.0
-59.0	-31.0	3.0
8.0	19.0	38.0
-24.0	3.0	55.0
40.0	-9.0	15.0
38.0	44.0	24.0
-53.0	10.0	7.0
-4.0	-23.0	38.0
-2.0	44.0	33.0
-2.0	20.0	21.0
-18.0	13.0	-11.0
18.0	-67.0	-15.0
-12.0	-49.0	-16.0
-51.0	7.0	31.0
38.0	16.0	-1.0
-34.0	-63.0	-20.0
-38.0	-54.0	-29.0
-6.0	-19.0	12.0
-46.0	39.0	13.0
4.0	19.0	25.0
-6.0	-52.0	45.0
-44.0	13.0	-4.0
26.0	33.0	44.0
-10.0	16.0	7.0
26.0	20.0	43.0
22.0	38.0	-17.0
-28.0	-43.0	-5.0
-6.0	37.0	-2.0
-46.0	-59.0	23.0
8.0	41.0	2.0
-20.0	39.0	39.0
-2.0	-59.0	29.0
-12.0	19.0	-1.0

// Holt DJ, 2005: PMID 15860342-1
// Subjects=20
30.0	-18.0	-18.0
36.0	-6.0	-12.0
34.0	-10.0	-18.0
30.0	0.0	-16.0
28.0	-6.0	20.0
-24.0	-2.0	-38.0
34.0	-10.0	-18.0

// Fenker DB, 2005: PMID 15869492-1
// Subjects=20
-33.0	33.0	12.0
-57.0	-54.0	0.0
-9.0	54.0	-9.0
-39.0	9.0	60.0
-36.0	-81.0	15.0
-27.0	12.0	-21.0
15.0	12.0	-21.0
33.0	-27.0	9.0
-9.0	42.0	54.0
66.0	-42.0	-12.0
54.0	3.0	9.0
-54.0	-15.0	-15.0
-33.0	-93.0	3.0
-66.0	-30.0	-12.0
-57.0	-39.0	12.0
51.0	-66.0	21.0
42.0	-6.0	42.0
69.0	-18.0	21.0
-39.0	-69.0	36.0
6.0	-66.0	21.0
27.0	-93.0	21.0
36.0	-81.0	24.0
-39.0	-81.0	18.0
-6.0	-96.0	21.0
-45.0	9.0	-36.0
24.0	-54.0	39.0
24.0	-72.0	-39.0
0.0	-39.0	39.0
-36.0	-18.0	-24.0
-33.0	-27.0	-15.0
33.0	-18.0	-12.0
33.0	6.0	-30.0
-12.0	-6.0	-18.0
-21.0	-96.0	-6.0
9.0	51.0	-9.0
18.0	-87.0	-24.0
6.0	-93.0	27.0
45.0	18.0	27.0
6.0	60.0	3.0
48.0	36.0	18.0
24.0	21.0	51.0
-60.0	6.0	9.0
-21.0	57.0	33.0
-6.0	51.0	-15.0
-24.0	-78.0	3.0
-42.0	-39.0	9.0
-54.0	-9.0	-18.0
33.0	-72.0	33.0
51.0	-6.0	-18.0
-30.0	-84.0	42.0
-9.0	-39.0	3.0
6.0	48.0	6.0
45.0	51.0	15.0
15.0	-45.0	-51.0
-3.0	42.0	3.0
-3.0	-12.0	9.0
24.0	-9.0	-15.0
27.0	-48.0	-15.0
-36.0	-39.0	-21.0
27.0	-33.0	0.0
-9.0	-9.0	9.0
-33.0	-18.0	-11.0
-63.0	-24.0	-3.0
36.0	-72.0	-51.0
27.0	-21.0	-9.0
27.0	-30.0	-27.0
-15.0	-84.0	15.0
15.0	-33.0	0.0
24.0	-93.0	-6.0
30.0	6.0	-21.0
39.0	-9.0	27.0
-33.0	-69.0	-9.0
-24.0	-90.0	-12.0
30.0	-78.0	-15.0
24.0	-36.0	-33.0
-39.0	-72.0	51.0
-15.0	18.0	-18.0
33.0	-33.0	42.0
-42.0	12.0	48.0
-21.0	60.0	6.0
39.0	-3.0	30.0
63.0	-48.0	-3.0
-63.0	-48.0	-9.0
-36.0	-42.0	-21.0
9.0	-72.0	-15.0
-42.0	-63.0	33.0
39.0	-63.0	42.0
15.0	-84.0	39.0
-3.0	-12.0	45.0
-3.0	-78.0	30.0
9.0	3.0	39.0
-9.0	-39.0	39.0
-21.0	-33.0	-3.0
30.0	0.0	-12.0
-18.0	3.0	-24.0
-9.0	-30.0	6.0
3.0	-18.0	9.0
36.0	9.0	3.0
-12.0	-57.0	-48.0
15.0	15.0	69.0
18.0	-48.0	51.0
39.0	-18.0	69.0
63.0	-9.0	-21.0

// Yan B, 2005: PMID 15876491-1
// Subjects=20
65.0	-16.0	-14.0
50.0	12.0	-33.0
-26.0	45.0	38.0
-8.0	58.0	-1.0
-30.0	56.0	-6.0
16.0	33.0	-3.0
-50.0	43.0	2.0
-50.0	-7.0	50.0
-53.0	-31.0	9.0
-61.0	-41.0	35.0
55.0	-38.0	48.0
65.0	-32.0	20.0
53.0	-4.0	-3.0
-59.0	-35.0	-8.0
18.0	-69.0	55.0
46.0	50.0	-8.0
-63.0	-33.0	35.0
-59.0	9.0	22.0
-32.0	-48.0	-18.0
36.0	20.0	-28.0
-12.0	-31.0	5.0
30.0	-66.0	-5.0
6.0	37.0	4.0
2.0	-46.0	10.0
-40.0	-74.0	-13.0
-14.0	-48.0	-26.0
-12.0	-77.0	-35.0
24.0	-31.0	-5.0
2.0	-43.0	-6.0
16.0	-38.0	-13.0
8.0	-75.0	-16.0
-16.0	-69.0	-28.0
18.0	-60.0	-29.0
12.0	-81.0	-23.0
20.0	-95.0	-2.0

// Goldin PR, 2005: PMID 15890534-1
// Subjects=20
-58.4	-69.0	15.8
-2.9	-77.8	7.0
-5.9	-64.2	31.5
-47.0	-11.1	-7.1
69.7	-49.9	3.8
44.7	25.2	-14.5
-51.4	28.4	-4.7
1.6	15.1	66.0
1.0	62.4	16.3
-10.4	-70.0	-1.4
49.1	-6.9	-16.3
57.9	-36.9	7.3
-6.5	58.8	12.3
-14.8	-58.7	-5.7
-14.9	-6.0	1.1
-2.9	41.3	47.1
37.4	-19.3	-10.7
69.7	-36.2	16.0
65.5	-40.4	16.4
-6.2	-62.9	-6.5
-3.1	-5.6	5.4
-3.0	-25.3	11.5
-16.1	-6.2	-15.6
57.8	27.2	10.8
17.0	-3.9	-16.2
-6.0	21.9	57.7
29.1	-86.3	-9.4
1.4	41.7	51.5
-58.7	10.0	4.7
-3.1	-6.6	5.4
-22.5	-7.2	-14.4
53.7	-82.3	-1.1
5.5	2.8	16.8
-19.1	-58.8	-6.7
65.5	-52.1	17.4
-2.7	-60.0	31.1
-46.8	14.8	25.3
41.9	-69.7	-2.1
-6.0	21.9	57.7
45.1	-83.3	-13.2
1.6	18.3	65.8
5.4	50.7	17.3
53.5	13.8	3.1
-18.8	-51.6	30.6
-58.3	-67.7	32.4
-58.8	-6.8	-6.2
61.0	-25.9	-1.5
33.2	-30.6	-5.2
-6.3	-1.7	14.0
-3.0	-25.7	7.0
61.3	-44.4	20.1
53.7	-53.2	4.2

// Sabsevitz DS, 2005: PMID 15893940-1
// Subjects=20
-43.8	-34.5	-20.7
-62.9	-21.5	11.8
-45.9	-62.3	-22.8
-6.0	1.5	42.7
-50.0	12.5	23.3
-46.7	0.4	31.0
21.4	56.2	17.7
-34.1	-51.3	-19.4
45.6	15.3	-46.0
5.9	-74.1	41.1
62.9	2.1	-25.0
-47.5	-35.4	50.7
58.9	-19.1	3.6
56.9	-24.4	17.4
-41.4	8.1	33.6
-28.7	18.4	28.2
-43.4	-12.8	39.9
-36.9	10.3	62.4
60.9	13.2	-5.9
-46.0	15.3	-9.3
56.5	21.6	-19.9
-61.1	7.9	-21.9
44.4	-69.5	41.4
56.7	-52.6	-15.9
7.8	21.6	38.6
-27.6	-42.0	4.2
-40.0	-69.0	42.3
-11.4	-57.2	13.1
-36.2	-53.1	-14.8
-24.6	48.6	5.5
-54.2	-70.7	6.9
-62.8	-32.0	12.7
46.6	-61.6	47.4
-32.0	-42.9	-20.2
-1.5	-55.3	50.8
-43.9	46.1	2.6
36.7	-80.1	15.6
-59.9	32.8	-2.8
18.0	39.0	-12.0
-53.7	8.3	-30.9
61.2	-30.9	15.7
-48.1	25.8	2.1
-53.7	17.6	-35.0
-62.9	-44.1	-6.3
-48.2	19.6	-9.6
57.1	-57.9	24.7
-40.5	18.0	10.5
59.2	-46.4	35.9
33.1	-3.6	-13.1
-36.4	30.1	1.6
-54.3	-65.2	-4.7
-38.0	-75.1	31.7
-56.8	22.5	-12.0
-43.9	43.2	6.2
-28.5	31.5	47.1
-50.2	25.6	13.3
-8.3	-45.4	14.3
6.9	-32.6	41.0
-49.2	36.4	2.4
-6.0	-34.9	39.1
-11.3	-62.4	28.1
-46.1	12.2	-22.4
-1.6	-74.4	36.8
8.0	-68.1	35.0
13.3	-52.9	39.2
4.9	-60.9	46.7
-56.7	4.3	-13.8
-39.3	24.6	41.2
-48.0	-30.0	-4.3
-61.8	-48.7	4.1
53.7	-49.1	15.0
-65.9	-52.1	14.4
-59.8	-52.2	-14.6
-46.9	-55.4	-15.6
-25.6	-39.1	-13.9
-51.4	6.0	-19.6
-27.9	-24.0	-24.0
50.1	9.5	-24.4
46.5	-68.9	35.7
23.4	-5.2	-19.5
-49.9	-3.1	41.4
28.8	-27.5	-19.9
51.2	-1.0	-22.4
-28.2	-79.5	43.1
-45.0	23.7	-11.1
-31.5	-66.2	36.4
-52.3	17.5	5.1
-38.9	-72.8	48.2
51.3	-13.0	-13.6
40.0	-59.3	36.1
49.7	-44.6	45.9
-22.6	27.7	-16.2
-8.5	55.8	28.2
27.7	-15.0	-23.2
-38.4	31.1	15.0
7.8	-53.0	10.3
-13.5	-54.7	17.4
46.9	49.5	-2.1
49.2	35.4	8.0
2.6	-62.2	30.1
40.4	37.7	-16.6
29.8	28.2	-14.6
-10.8	19.1	-18.9
-18.8	14.0	53.0
31.3	15.9	45.5

// Pessoa L, 2006: PMID 15930371-1
// Subjects=20
-17.2	1.3	-14.0
32.0	-5.8	-14.0
-34.1	-65.2	-19.4
-16.0	-4.6	-9.1
-42.7	-47.2	-19.7
-20.4	-0.1	-18.3
-21.4	-8.4	-15.4
22.4	-3.9	-16.3
28.9	-63.8	-21.4
28.9	-46.8	-21.7
20.3	-3.5	-11.8
48.1	-53.6	-28.0
28.9	-46.8	-21.7
20.3	-7.8	-11.5
27.7	-7.5	-22.7
-18.2	-8.2	-13.2
26.8	-53.6	-13.3
22.4	-3.6	-12.9
47.0	-56.7	-27.7
-15.0	-2.8	-12.6
27.8	-48.1	-23.8

// Knight DC, 2005: PMID 15961053-1
// Subjects=20
31.1	42.9	23.2
32.2	-15.2	1.3
-27.8	53.8	18.5
55.5	33.6	-3.1
-12.8	21.6	-0.2
59.1	-35.5	26.1
-54.5	44.0	18.5
18.2	10.4	3.8
32.1	9.4	2.6
1.4	10.7	36.3
-9.6	14.6	6.0
-57.4	-5.7	36.1
8.6	-51.2	-21.1
11.7	22.6	-3.9
17.1	-53.7	-26.5
-60.8	-14.6	3.4
-9.4	38.2	35.2
-11.5	27.2	44.0
43.8	-6.3	-8.5
-27.4	-4.0	42.3
-29.4	-23.5	50.7
30.9	-7.3	-20.5
-10.3	9.8	53.2
-11.1	-17.7	68.9

// Hao J, 2005: PMID 15970381-1
// Subjects=20
42.2	-45.6	48.3
35.8	0.5	66.9
37.8	-97.5	10.4
-36.7	-38.2	68.7
35.9	-64.1	56.7
-32.5	-54.0	56.6
60.9	18.6	-4.1
35.9	-58.0	53.9
-15.8	-12.5	12.8
16.2	-4.1	9.5
20.5	2.8	15.5
-37.5	65.4	4.3
-26.1	-67.1	50.9
48.2	-67.4	-14.6
45.8	61.3	-0.8
33.0	29.0	-4.7
54.4	51.3	6.6
47.9	54.0	-13.6
-50.2	47.0	14.9
33.9	-65.7	63.5
-51.8	-28.7	54.7
9.9	19.8	43.2
35.7	-95.6	8.0
-37.3	-61.8	-16.3
50.4	12.3	25.5
-45.7	-81.9	-1.1
31.6	-53.6	55.8
-54.3	-69.8	-8.7
61.1	19.2	31.5
37.9	10.8	61.5
-18.0	-16.6	15.4
-48.0	38.9	20.0
-13.8	-26.8	-6.1
61.0	-63.1	-15.1
-11.6	-15.3	4.0
-33.2	24.4	-3.5
54.6	43.9	20.6
-41.7	16.2	1.7
5.6	27.7	35.9
31.0	-20.3	-9.4
14.7	-63.4	68.0
-54.7	-76.2	-64.0
-62.9	-55.4	-14.3
56.9	19.9	40.4

// Hinterberger T, 2005: PMID 15978025-1
// Subjects=20
-48.0	-48.0	-12.0
60.0	-30.0	45.0
-45.0	-6.0	51.0
-54.0	-24.0	-15.0
60.0	-15.0	-18.0
57.0	12.0	-21.0
45.0	-57.0	33.0
66.0	-21.0	-18.0
30.0	42.0	-12.0
-15.0	-54.0	24.0
48.0	-30.0	45.0
-60.0	-24.0	-15.0
6.0	51.0	-18.0
-21.0	24.0	48.0
63.0	-21.0	39.0
-6.0	-75.0	-27.0
57.0	-69.0	6.0
57.0	-21.0	-3.0
-36.0	-12.0	-21.0
-9.0	30.0	-12.0
9.0	3.0	72.0
-27.0	-45.0	66.0
24.0	60.0	0.0
57.0	-15.0	-15.0
39.0	-6.0	51.0
27.0	51.0	-3.0
12.0	-27.0	3.0
12.0	-57.0	30.0
60.0	-12.0	-18.0
51.0	-60.0	42.0
-21.0	-30.0	3.0
39.0	24.0	18.0
27.0	-3.0	9.0
-12.0	3.0	-6.0
36.0	36.0	-6.0
-3.0	-21.0	12.0
6.0	-24.0	51.0
18.0	51.0	-3.0
27.0	-18.0	-18.0
30.0	-3.0	-27.0
54.0	-36.0	48.0
3.0	-18.0	15.0
-9.0	0.0	75.0
63.0	-27.0	-6.0
-33.0	-18.0	15.0
9.0	3.0	72.0
-30.0	-21.0	-21.0
30.0	0.0	-18.0
-12.0	-51.0	30.0
-15.0	-18.0	0.0
27.0	51.0	6.0
3.0	6.0	51.0

// Takahashi H, 2005: PMID 15978846-1
// Subjects=20
-2.0	31.0	41.0
-48.0	17.0	23.0
38.0	26.0	-18.0
0.0	-62.0	5.0
17.0	18.0	19.0
17.0	18.0	19.0
46.0	15.0	32.0
-51.0	7.0	33.0
18.0	-3.0	-15.0
-36.0	17.0	-13.0
30.0	-58.0	49.0
-40.0	9.0	-6.0
-10.0	-1.0	-17.0
14.0	-2.0	7.0
-10.0	2.0	4.0
17.0	18.0	19.0
-4.0	-33.0	-2.0
48.0	19.0	-8.0
-38.0	15.0	-11.0
17.0	18.0	19.0
14.0	2.0	4.0
17.0	18.0	19.0
51.0	19.0	34.0
26.0	30.0	-18.0
32.0	-60.0	51.0
-28.0	-20.0	-7.0
8.0	-19.0	8.0
-6.0	-17.0	6.0
-2.0	-29.0	-5.0
18.0	19.0	37.0
30.0	-56.0	49.0
48.0	30.0	13.0
-44.0	9.0	27.0
18.0	-73.0	48.0
-2.0	50.0	27.0
-30.0	-57.0	54.0
10.0	-15.0	12.0
-10.0	-17.0	12.0
-6.0	-28.0	-19.0
8.0	9.0	46.0
8.0	29.0	45.0
-38.0	-32.0	53.0
-51.0	-31.0	3.0
-53.0	17.0	25.0
-48.0	-78.0	-4.0
20.0	-92.0	30.0
-34.0	16.0	-32.0
2.0	34.0	22.0
-32.0	-30.0	-22.0
-10.0	-12.0	-15.0
48.0	1.0	10.0
55.0	30.0	8.0
-50.0	5.0	27.0
26.0	-7.0	48.0
-53.0	22.0	4.0
46.0	22.0	15.0
38.0	46.0	-6.0
55.0	-49.0	-3.0
6.0	-32.0	55.0
-14.0	-72.0	-8.0
-14.0	-2.0	-26.0
42.0	-47.0	41.0
50.0	-33.0	0.0
-24.0	-72.0	39.0
-8.0	-78.0	33.0
22.0	-17.0	-21.0
42.0	-30.0	55.0
50.0	-13.0	47.0
-46.0	-32.0	51.0
-8.0	-70.0	16.0
-48.0	-9.0	15.0
-38.0	-25.0	0.0
-32.0	26.0	-15.0
-30.0	-42.0	48.0
26.0	-11.0	-16.0
63.0	-34.0	11.0
48.0	-18.0	-6.0
55.0	-29.0	-5.0
-51.0	-39.0	6.0
28.0	-2.0	-3.0
-24.0	-12.0	-11.0
-55.0	-6.0	-13.0
59.0	-47.0	-8.0

// Moffat SD, 2006: PMID 15982787-1
// Subjects=20
36.0	-76.0	36.0
20.0	-32.0	-26.0
10.0	-74.0	44.0
-8.0	-76.0	40.0
-32.0	-90.0	22.0
-28.0	-80.0	24.0
-28.0	-74.0	32.0
-28.0	-44.0	-18.0
4.0	18.0	48.0
42.0	-44.0	36.0
14.0	-54.0	8.0
20.0	-32.0	10.0
6.0	-44.0	16.0
-36.0	-64.0	40.0
-28.0	-2.0	60.0
28.0	-76.0	14.0
-32.0	-92.0	8.0
-20.0	-36.0	-6.0
34.0	-84.0	-4.0
-10.0	-52.0	2.0
-6.0	12.0	50.0
-26.0	-84.0	-16.0
50.0	40.0	18.0
32.0	20.0	52.0
20.0	-32.0	-4.0
-32.0	-86.0	24.0
28.0	-88.0	28.0
-2.0	-70.0	42.0
26.0	-82.0	42.0
-44.0	16.0	50.0
36.0	-72.0	32.0
-30.0	24.0	52.0
28.0	10.0	58.0
-34.0	56.0	14.0
26.0	24.0	50.0
32.0	54.0	6.0
38.0	38.0	18.0
42.0	38.0	32.0
-38.0	12.0	36.0
-40.0	14.0	26.0
34.0	24.0	-8.0
26.0	-30.0	-32.0
-16.0	-66.0	14.0
14.0	-66.0	12.0
6.0	-42.0	18.0
-22.0	-34.0	12.0
30.0	-18.0	14.0
32.0	-42.0	-6.0
-26.0	-72.0	32.0
42.0	-78.0	36.0
48.0	-80.0	14.0
8.0	-50.0	4.0
16.0	-6.0	14.0
18.0	-18.0	4.0
18.0	-28.0	4.0
34.0	-20.0	-12.0
20.0	-66.0	14.0
-8.0	-42.0	16.0
14.0	-64.0	58.0
-10.0	-72.0	44.0
-28.0	-42.0	-14.0
-30.0	-88.0	24.0
-26.0	-72.0	-4.0
2.0	54.0	22.0
-6.0	54.0	0.0
2.0	-66.0	42.0
-10.0	-72.0	44.0
-18.0	-42.0	-14.0
-26.0	36.0	-2.0
30.0	-44.0	-10.0
2.0	56.0	6.0
8.0	-42.0	18.0
18.0	-66.0	-36.0
20.0	-58.0	4.0
-26.0	-86.0	24.0
10.0	-40.0	0.0
42.0	-4.0	-18.0
-36.0	44.0	-12.0
-52.0	40.0	6.0
-12.0	18.0	-10.0
-24.0	-84.0	4.0
34.0	-58.0	50.0
-24.0	44.0	-14.0
-4.0	-50.0	46.0
60.0	-46.0	20.0
-10.0	44.0	0.0
-42.0	28.0	12.0
14.0	-64.0	20.0
28.0	36.0	44.0
-30.0	-40.0	-18.0
40.0	-2.0	-28.0
-52.0	36.0	18.0
64.0	-14.0	-16.0
24.0	-98.0	-14.0
26.0	-88.0	36.0
30.0	-72.0	30.0
-6.0	-46.0	4.0
-14.0	-94.0	34.0
56.0	4.0	-30.0
-60.0	-44.0	-12.0
22.0	-26.0	-20.0

// Holsen LM, 2005: PMID 15993629-1
// Subjects=20
27.9	-56.6	-10.8
5.1	58.0	-13.4
-1.3	61.1	-13.6
-30.1	35.5	-11.2
-7.5	67.3	12.7
25.3	-63.7	63.4
-23.4	-54.0	-13.8
63.1	-11.0	-1.6
24.7	-56.9	-14.1
27.6	35.9	-11.9
-29.8	-56.7	-6.8
-39.6	23.0	-6.7
-7.5	63.6	19.7
18.1	-12.8	-21.0
43.7	22.8	-17.6
3.0	53.3	-5.2
19.2	-11.6	-20.0
-36.5	35.2	-14.4
15.9	-2.4	-24.1
-39.7	22.3	-16.6
-20.2	51.9	34.2
2.5	-11.9	32.6
-3.6	-21.6	73.6
53.4	21.2	2.5
12.3	16.3	66.9
56.8	-62.5	-7.3
-39.5	-51.2	-17.2
11.7	4.1	-9.0
57.0	5.0	40.6
57.2	-32.3	53.7
-42.6	-63.7	-12.7
-13.3	-29.0	61.0
37.3	-38.8	-29.1
21.4	-47.7	-18.2
37.4	-44.9	-25.3
-17.1	68.0	22.8
-48.6	-36.6	48.6
-39.5	-51.5	-20.5
40.7	-44.4	-18.7
44.1	-61.6	6.2
2.5	24.8	54.0

// Tanabe HC, 2005: PMID 16000632-1
// Subjects=20
64.0	-18.0	12.0
60.0	0.0	4.0
56.0	10.0	-4.0
-12.0	-42.0	0.0
28.0	-86.0	28.0
-30.0	-40.0	-16.0
-40.0	-72.0	22.0
40.0	-72.0	14.0
42.0	2.0	10.0
36.0	-40.0	-18.0
-66.0	-28.0	16.0
26.0	-42.0	-10.0
-40.0	-8.0	12.0
56.0	-20.0	-4.0
-56.0	-66.0	12.0
-20.0	-90.0	20.0
-20.0	-58.0	-4.0
34.0	-16.0	-14.0
54.0	-20.0	-8.0
58.0	-42.0	2.0
56.0	-52.0	24.0
-60.0	-22.0	-4.0
-58.0	-10.0	-8.0
-60.0	-10.0	14.0
-60.0	-34.0	4.0
-34.0	-58.0	46.0
54.0	-38.0	2.0
-30.0	-2.0	66.0
-2.0	16.0	62.0
-54.0	-42.0	10.0
-52.0	-22.0	-6.0
-62.0	-24.0	-2.0
54.0	-16.0	-8.0
-60.0	-58.0	28.0
-64.0	-42.0	2.0
-6.0	8.0	64.0
48.0	-36.0	0.0
54.0	-64.0	12.0
-46.0	14.0	2.0
-30.0	-62.0	50.0
-22.0	-10.0	62.0
8.0	2.0	62.0
-42.0	14.0	16.0
-28.0	-58.0	40.0
-30.0	-6.0	64.0
-12.0	6.0	60.0
-44.0	14.0	8.0
-46.0	30.0	26.0
60.0	-52.0	18.0
-42.0	32.0	26.0
-42.0	42.0	20.0

// Kufahl PR, 2005: PMID 16061398-1
// Subjects=20
7.4	11.1	-14.0
-1.1	9.5	-6.0
2.1	-0.6	-13.0
1.1	-19.4	-9.1
33.0	31.7	-11.6
31.9	46.4	-13.9
60.9	-7.2	-7.5
26.6	-6.1	-18.4
-5.4	11.0	-13.9
-60.8	-46.6	-10.6
36.3	38.0	1.2
44.9	24.4	3.4
-3.4	45.8	-17.9
11.5	67.5	-14.3
7.4	11.1	-14.0
1.1	-19.4	-9.1
11.5	67.5	-14.3
-5.4	11.0	-13.9
-3.4	45.8	-17.9
33.0	31.7	-11.6
-17.4	54.2	-18.5
2.1	-0.6	-13.0
-17.4	54.2	-18.5

// Kuchinke L, 2005: PMID 16084739-1
// Subjects=20
-54.0	21.0	9.0
-39.0	-78.0	36.0
-21.0	39.0	42.0
-39.0	-69.0	42.0
-48.0	-69.0	30.0
-63.0	-21.0	-24.0
-15.0	57.0	9.0
-6.0	-30.0	33.0
-63.0	-54.0	-9.0
-12.0	57.0	39.0
51.0	24.0	21.0
42.0	-69.0	33.0
12.0	-57.0	27.0
-42.0	27.0	0.0
-60.0	-9.0	-6.0
-9.0	3.0	60.0
-45.0	-51.0	-18.0
-36.0	27.0	45.0
24.0	-9.0	-21.0
27.0	15.0	15.0
-6.0	27.0	-18.0
54.0	-63.0	18.0
-3.0	42.0	-24.0
15.0	-54.0	0.0
51.0	27.0	12.0
15.0	39.0	21.0
-18.0	42.0	9.0
-15.0	-3.0	-21.0
-27.0	-33.0	-21.0
54.0	27.0	9.0
39.0	-45.0	6.0
33.0	63.0	0.0
39.0	-54.0	9.0
-24.0	-54.0	15.0
33.0	27.0	-6.0
12.0	48.0	51.0
9.0	57.0	0.0
27.0	-60.0	18.0
-3.0	42.0	-24.0
-45.0	6.0	-36.0
48.0	6.0	-30.0
-18.0	42.0	9.0
39.0	57.0	9.0
-24.0	-63.0	18.0
0.0	39.0	-3.0
30.0	-21.0	-12.0
12.0	-57.0	3.0
27.0	-21.0	-12.0

// Williams JH, 2006: PMID 16140346-1
// Subjects=20
16.0	-10.0	63.0
-40.0	-1.0	-10.0
20.0	-18.0	-18.0
44.0	3.0	-15.0
50.0	-62.0	9.0
46.0	-36.0	59.0
24.0	-84.0	-4.0
38.0	-51.0	-11.0
-20.0	-22.0	64.0
28.0	-66.0	-2.0
-20.0	-1.0	-22.0
36.0	-29.0	47.0
-44.0	-77.0	8.0
59.0	-26.0	27.0
34.0	-36.0	57.0
59.0	-19.0	43.0
18.0	50.0	34.0
55.0	-33.0	38.0
-22.0	43.0	40.0
61.0	-18.0	38.0
-28.0	7.0	16.0
-53.0	-56.0	40.0
-30.0	8.0	53.0
-44.0	41.0	11.0
20.0	26.0	21.0
61.0	-18.0	38.0
-28.0	31.0	35.0
-28.0	-50.0	43.0
-44.0	-13.0	47.0
-36.0	-4.0	44.0
-20.0	-22.0	64.0
36.0	8.0	36.0
-8.0	35.0	-2.0
-53.0	-56.0	40.0
-20.0	-1.0	-22.0
-22.0	5.0	51.0
59.0	-26.0	27.0
28.0	29.0	37.0
44.0	-76.0	-1.0
59.0	-32.0	27.0
38.0	-87.0	1.0
-18.0	-93.0	1.0
-46.0	-2.0	4.0
63.0	-48.0	2.0
24.0	-89.0	-1.0
-16.0	-91.0	0.0
-50.0	-33.0	5.0
-53.0	-44.0	19.0
18.0	-55.0	34.0

// Goldstein JM, 2005: PMID 16207891-1
// Subjects=20
6.0	63.0	9.0
-24.0	-9.0	-12.0
24.0	0.0	-21.0
-3.0	-9.0	3.0
-9.0	-21.0	-24.0
0.0	57.0	-12.0
15.0	66.0	18.0
-39.0	30.0	-15.0
60.0	0.0	-21.0
15.0	-78.0	-3.0
57.0	33.0	12.0
-51.0	30.0	12.0
-36.0	-6.0	-42.0
9.0	42.0	45.0
27.0	30.0	-18.0
9.0	-51.0	51.0
27.0	-57.0	57.0
-6.0	-15.0	3.0
21.0	-72.0	6.0
30.0	-54.0	57.0
39.0	-3.0	48.0
-3.0	60.0	27.0
-21.0	-3.0	-21.0
6.0	-30.0	-48.0
6.0	18.0	-9.0
24.0	21.0	-18.0
-21.0	-57.0	54.0
-18.0	-78.0	9.0
-15.0	-93.0	21.0
30.0	-75.0	45.0
-57.0	24.0	12.0
51.0	27.0	9.0
39.0	0.0	54.0
-12.0	48.0	9.0
-54.0	-6.0	-21.0
0.0	54.0	-9.0
-21.0	-9.0	-12.0
48.0	-75.0	-6.0
-21.0	-96.0	9.0
-36.0	-90.0	0.0
-18.0	-81.0	0.0
15.0	-3.0	-3.0
12.0	-27.0	-6.0
45.0	-6.0	-39.0
21.0	-84.0	-15.0
6.0	0.0	-6.0
-6.0	-6.0	3.0
-21.0	-9.0	-12.0
18.0	21.0	27.0
-60.0	-39.0	-9.0
-30.0	39.0	-6.0
-24.0	-90.0	30.0
27.0	-27.0	-9.0
48.0	-45.0	-12.0
-9.0	-45.0	3.0
9.0	-54.0	12.0
-39.0	-72.0	27.0
-39.0	-42.0	-27.0
54.0	-42.0	36.0
18.0	21.0	27.0
-6.0	-6.0	3.0
54.0	-6.0	15.0
6.0	0.0	-6.0
12.0	-27.0	-6.0
27.0	-27.0	-9.0
-30.0	39.0	-6.0
0.0	54.0	-9.0
21.0	-27.0	-9.0
-60.0	-60.0	0.0

// Epstein RA, 2006: PMID 16303149-1
// Subjects=20
0.0	52.0	-7.0
60.0	-3.0	-24.0
-3.0	54.0	27.0
66.0	48.0	9.0
57.0	-24.0	3.0
40.0	-78.0	8.0
2.0	60.0	20.0
23.0	1.0	-23.0
-13.0	-51.0	13.0
-60.0	-18.0	-21.0
33.0	-62.0	53.0
-40.0	-70.0	-2.0
19.0	-94.0	27.0
-40.0	-60.0	28.0
-42.0	-76.0	-3.0
-3.0	-78.0	-15.0
-24.0	-33.0	-12.0
34.0	-16.0	-17.0
-36.0	-42.0	52.0

// Chung JY, 2006: PMID 16314048-1
// Subjects=20
-22.0	-12.0	-30.0
24.0	-16.0	-20.0
-22.0	36.0	42.0
6.0	-22.0	66.0
32.0	-4.0	50.0
-28.0	-18.0	50.0
52.0	-60.0	-10.0
26.0	-78.0	38.0
48.0	-34.0	4.0
16.0	0.0	46.0
-10.0	-8.0	48.0
-6.0	-28.0	64.0

// Bokde AL, 2005: PMID 16325382-1
// Subjects=20
-44.0	-66.0	-9.0
-42.0	-63.0	-14.0
52.0	40.0	5.0
46.0	46.0	20.0
46.0	7.0	53.0
-42.0	-64.0	-11.0
-42.0	-46.0	-20.0
-33.0	23.0	-8.0
44.0	-59.0	-16.0
30.0	-90.0	-2.0
-40.0	-84.0	-10.0
30.0	-52.0	43.0
36.0	22.0	-11.0
44.0	11.0	25.0
-42.0	9.0	25.0
44.0	15.0	23.0
42.0	45.0	13.0
22.0	-3.0	-17.0
2.0	29.0	37.0
30.0	53.0	-3.0
44.0	30.0	15.0
50.0	26.0	4.0
44.0	13.0	29.0
44.0	8.0	18.0
44.0	34.0	15.0
38.0	49.0	3.0
-8.0	-73.0	17.0
40.0	52.0	-9.0
-18.0	-35.0	2.0
-16.0	-54.0	14.0
-2.0	-55.0	28.0
2.0	-46.0	10.0
14.0	-52.0	12.0
28.0	-35.0	-4.0
36.0	-28.0	-10.0
-4.0	-83.0	4.0
-22.0	-39.0	-5.0

// Seger CA, 2006: PMID 16373455-1
// Subjects=20
2.5	23.6	51.9
-35.2	20.6	15.8
36.4	25.8	7.9
-36.1	24.5	38.9
-22.4	56.1	20.5
50.4	26.7	32.1
22.6	-1.4	15.9
22.7	-8.0	26.5
-16.7	-26.0	31.8
30.9	-9.4	-19.2
39.0	-59.9	42.9
-31.5	-63.8	39.6
43.9	-31.8	-7.5
-5.3	7.4	8.8
32.3	-60.2	-2.7
-24.5	-44.8	-17.9
37.9	-78.3	24.4
-33.8	-79.4	16.4
-39.1	-57.5	24.6
1.1	-40.6	-20.8
38.5	-2.0	-7.7
-7.4	40.6	25.0
61.3	-34.7	36.1
-45.8	-5.6	9.2
11.8	-44.4	-16.1
-15.0	6.3	-5.5
17.1	14.1	-3.2
22.5	0.2	-4.3
13.4	-43.1	55.2
2.5	-57.5	21.9

// Bangert M, 2006: PMID 16380270-1
// Subjects=20
48.0	-9.0	47.0
53.0	28.0	26.0
62.0	-35.0	-8.0
24.0	56.0	8.0
-48.0	-32.0	-1.0
-56.0	-3.0	-5.0
-45.0	-6.0	5.0
6.0	-5.0	67.0
-42.0	-42.0	38.0
65.0	-32.0	-3.0
33.0	-24.0	-9.0
36.0	-15.0	42.0
-50.0	7.0	13.0
3.0	-15.0	56.0
-53.0	2.0	33.0
-53.0	-30.0	32.0
-42.0	-45.0	33.0
48.0	-45.0	33.0
48.0	-48.0	30.0
6.0	-16.0	31.0
-56.0	-46.0	13.0
-45.0	25.0	32.0
-50.0	-4.0	39.0
-15.0	-49.0	5.0
65.0	-32.0	-3.0
-50.0	6.0	11.0
-53.0	-46.0	11.0
-48.0	-32.0	-1.0
-48.0	-3.0	50.0
-50.0	-1.0	36.0
-50.0	7.0	13.0
-56.0	-41.0	0.0
12.0	-12.0	45.0

// Garoff-Eaton RJ, 2006: PMID 16400158-1
// Subjects=20
33.0	-12.0	60.0
-11.0	-40.0	49.0
-9.0	48.0	44.0
-36.0	-71.0	41.0
-24.0	28.0	41.0
-19.0	-67.0	13.0
3.0	38.0	41.0
-5.0	-79.0	11.0
-3.0	38.0	39.0
59.0	-56.0	-7.0
-24.0	11.0	51.0
-56.0	-51.0	40.0
25.0	14.0	54.0
-20.0	11.0	58.0
-40.0	-23.0	55.0
30.0	-21.0	-10.0
23.0	23.0	51.0
53.0	-62.0	6.0
3.0	23.0	47.0
52.0	-43.0	1.0
-47.0	11.0	28.0
-63.0	-46.0	-2.0
-13.0	37.0	21.0
-37.0	5.0	-16.0
57.0	9.0	14.0
-56.0	-61.0	23.0
38.0	-19.0	48.0
25.0	-53.0	-8.0
-41.0	-15.0	58.0
30.0	-49.0	-6.0
53.0	-57.0	35.0
-50.0	11.0	21.0
21.0	-18.0	-10.0
37.0	20.0	-13.0
-36.0	-75.0	26.0
3.0	34.0	25.0
51.0	-71.0	-5.0
-8.0	37.0	22.0
-49.0	-74.0	3.0
1.0	23.0	19.0
-12.0	-34.0	41.0
-36.0	15.0	-9.0
-14.0	13.0	-1.0
5.0	4.0	35.0
21.0	-7.0	21.0
-2.0	-12.0	36.0
-15.0	-5.0	19.0
-47.0	-61.0	36.0
-2.0	23.0	19.0
18.0	19.0	4.0
31.0	-12.0	6.0
-25.0	-10.0	3.0
-2.0	-38.0	62.0
-40.0	6.0	-27.0
-13.0	-5.0	4.0
-27.0	18.0	-6.0
9.0	-38.0	50.0
12.0	-57.0	-28.0
-21.0	-64.0	10.0
32.0	17.0	-4.0
-8.0	-61.0	-20.0
-8.0	-46.0	35.0
-53.0	-70.0	3.0
-12.0	-19.0	5.0
-60.0	-36.0	5.0
-60.0	-34.0	7.0
-39.0	7.0	-29.0
14.0	-25.0	6.0

// Cerf-Ducastel B, 2006: PMID 16414279-1
// Subjects=20
9.9	44.7	4.7
45.5	-52.1	-33.3
-42.2	-29.4	38.6
-24.0	-54.8	45.2
37.7	20.2	32.6
4.1	-57.1	54.6
2.2	-68.6	-1.1
56.2	-35.2	44.9
15.0	50.7	27.1
0.3	-19.4	35.6
-2.3	5.4	35.1
27.9	18.3	-13.8
18.4	-67.9	35.2
40.2	15.8	-24.9
49.6	-6.7	-19.6
39.4	-55.7	51.6
1.1	-67.0	-31.9
2.0	-68.1	-27.3
-38.4	30.2	27.7
-24.6	-47.7	58.7
62.0	15.6	36.2
44.8	-50.8	-33.8
-37.6	-63.8	-24.5
11.8	57.6	23.3
-36.3	-62.5	-26.3
-21.2	-69.6	-9.1
-21.3	-46.7	-15.5
-12.6	-78.4	-13.0
23.5	-20.0	-18.3
23.6	-46.1	-11.6
50.1	-4.3	-24.4
38.3	17.8	-26.1
19.4	-72.9	-13.8
24.6	-13.3	-14.4
29.0	-45.2	-0.6
18.1	-5.2	-19.5
-22.3	-43.6	-2.4
26.6	20.6	-17.2
-7.4	-30.1	-8.2
14.9	-18.4	-25.0
-9.2	-86.4	20.0
2.8	-55.6	59.7
-3.6	-55.7	59.7
-39.4	27.7	26.4
44.0	28.1	23.2
9.5	43.2	2.2
53.9	-33.9	47.2

// Shapiro KA, 2006: PMID 16432232-1
// Subjects=20
-36.0	-42.0	-16.0
-46.0	6.0	40.0
24.0	-17.0	-19.0
-32.0	-57.0	64.0
38.0	-48.0	48.0
-22.0	59.0	23.0
-57.0	-40.0	9.0

// Postma P, 2006: PMID 16456657-1
// Subjects=20
42.0	8.0	50.0
-16.0	-46.0	-10.0
-20.0	-54.0	-4.0
14.0	-28.0	4.0
0.0	-70.0	42.0
32.0	-22.0	-12.0
18.0	-18.0	-14.0
12.0	-40.0	-6.0
-10.0	-56.0	36.0

// Harmer CJ, 2006: PMID 16460693-1
// Subjects=20
52.0	12.0	20.0
40.0	-72.0	10.0
0.0	66.0	4.0
36.0	-22.0	-12.0
26.0	-86.0	-6.0

// Taylor SE, 2006: PMID 16460697-1
// Subjects=20
-22.0	-8.0	-18.0
16.0	-8.0	-20.0
54.0	24.0	-10.0
48.0	46.0	-6.0
-24.0	0.0	-24.0

// Dolcos F, 2006: PMID 16481440-1
// Subjects=20
20.3	27.0	-2.1
-52.4	29.7	-1.5
50.3	43.5	16.2
-35.2	33.8	22.5
50.8	-52.2	44.3
5.8	-26.5	37.1
57.7	32.1	6.0
-22.5	-4.2	-16.8
3.0	13.6	-23.1
24.5	-0.8	-17.7
31.0	-14.4	-15.5
-24.6	-12.4	-11.7
3.3	-14.4	0.4
43.9	-11.4	-4.7
-55.0	-52.6	48.9

// Drobyshevsky A, 2006: PMID 16488627-1
// Subjects=20
12.9	20.2	6.4
-34.7	-25.3	56.4
14.4	-25.0	55.9
14.3	19.4	52.1
14.0	16.1	8.9
-33.1	15.8	9.5
41.2	-22.6	56.5
42.2	-21.8	53.0
19.3	16.5	13.3
15.5	-22.8	56.8
15.4	19.5	53.2
15.0	16.1	8.9
41.7	16.3	8.6
41.9	-25.0	12.0
-32.8	30.6	49.5
-33.1	27.5	8.5
13.2	23.9	55.1
13.3	-4.6	57.5
20.4	12.3	14.7
3.7	-3.5	58.6
-7.2	-89.3	-3.2
16.3	-89.1	-3.5
16.0	9.2	-11.7
16.2	11.9	22.6
2.6	-4.7	57.6
3.2	20.1	6.5
-18.7	-86.7	31.3
-18.8	-88.1	12.5
16.3	-86.8	-0.3
16.3	-86.8	-0.3
16.0	10.5	-8.5
16.2	12.3	14.8
-19.1	11.6	23.1
3.3	-7.4	8.8
-44.7	13.2	17.6
20.7	-86.9	11.9
53.5	17.3	7.2
11.9	16.6	15.6
11.9	20.8	15.2
11.8	20.8	14.1
-44.8	20.4	14.8
-44.8	13.0	15.4
-45.8	16.3	16.3
12.9	17.1	7.7
12.9	18.1	7.6
12.9	18.7	15.4
-54.3	-45.3	4.8
14.1	-44.9	4.0
17.7	-43.3	52.9
13.8	24.9	-1.9
-57.6	25.8	16.7
20.8	-86.0	23.0
-57.4	-34.5	21.8
48.7	-43.1	52.5
6.5	15.1	10.2
15.2	-34.2	5.3
15.0	10.2	1.6
15.0	10.7	7.1
1.6	7.2	60.0
6.9	7.2	59.9
57.9	-33.9	4.8
6.9	18.9	59.0
-57.5	-35.9	4.1
1.5	12.9	50.6
-41.1	-49.7	44.1
16.6	-49.3	43.4
16.3	20.5	37.5
16.2	19.4	24.2
1.1	15.1	10.3
17.4	22.3	47.4
11.0	7.7	38.6
21.8	22.7	52.9
18.4	33.9	31.9
22.5	25.8	10.2
10.9	39.5	36.0
10.8	38.1	18.3
55.9	2.9	40.8
22.8	2.7	41.2
-39.3	19.4	29.3
22.7	28.1	39.0
46.1	34.0	31.6
16.2	26.1	28.1
16.2	31.4	27.7
16.1	30.5	16.6
-39.5	30.2	17.3
-39.4	18.6	18.2
-41.5	25.8	28.8
15.4	2.3	50.2
18.2	27.1	13.5
10.7	14.9	7.9
14.0	26.2	15.9
12.9	11.0	11.6
48.2	27.3	13.2
48.2	10.4	14.6
48.4	11.9	33.4
-48.0	14.7	9.8
10.8	15.0	9.0
12.9	15.0	9.0
-49.1	15.9	11.9
-49.1	10.6	12.3
-49.1	15.9	11.9
18.4	28.6	32.4
51.4	16.2	7.4
10.7	16.0	7.8
12.9	10.8	9.4
-32.7	2.0	50.8
-37.3	19.7	19.2
15.3	22.4	48.5
-37.2	-1.4	21.0
-37.0	0.4	44.3
37.9	4.9	54.2
21.8	4.8	54.4
17.1	19.0	5.3
21.5	19.7	13.0
35.4	19.7	12.8
35.4	0.7	14.4
35.7	3.5	51.0
-30.0	57.3	9.3
13.8	57.6	8.8
14.0	17.4	12.2
14.0	17.6	14.4
-28.7	17.3	14.9
-28.9	54.3	11.8
15.1	20.1	18.6
-28.9	54.2	9.6
9.5	62.7	6.2
10.0	11.0	52.9
9.7	16.2	10.1
9.7	16.6	15.6
38.6	16.8	15.3
38.5	48.5	12.6
38.5	48.9	18.2
2.6	10.9	53.0
10.0	23.6	51.8
37.3	62.9	5.8
9.7	20.5	10.8
4.3	20.4	10.9
4.4	14.1	11.4
4.6	16.8	46.9
-24.0	-62.0	48.2
19.8	-61.7	47.7
1.2	9.8	10.7
19.5	18.6	41.0
13.5	-70.2	48.5
-8.5	16.3	13.6
43.3	-50.1	44.2
13.0	13.4	15.8
-7.9	-69.5	46.5
15.0	-48.0	-21.4
22.0	-66.8	50.4
18.8	-66.9	50.4
15.5	-50.3	44.6
18.5	15.6	43.5
13.3	-72.2	23.0
-30.4	-57.2	42.3
-37.9	-53.0	42.1
26.2	-52.6	41.3
25.9	24.6	34.8
25.8	23.7	23.8
18.3	13.5	15.8
-30.8	23.4	24.4
15.2	33.2	37.6
10.6	7.9	-14.9
23.6	-0.8	9.1
15.1	32.3	25.4
37.5	32.4	25.1
37.9	-56.4	32.6
37.9	-55.7	41.4
-19.3	-7.2	-14.4
10.8	9.7	8.4
11.7	-7.0	-14.8
11.8	13.0	10.3
-17.0	12.8	10.7
-16.9	-4.1	12.1
-17.1	-6.0	-12.3
23.5	-5.8	-13.9
10.6	-5.9	-13.7
11.6	10.9	-16.3
-30.5	-58.0	31.3
23.6	9.7	8.2
23.5	-2.3	-9.7
-43.5	7.4	39.3
9.5	10.7	-19.6
9.7	12.5	3.7
-19.2	12.3	4.0
-19.1	-21.5	6.9
-20.3	-32.9	-16.7
9.7	-24.8	-11.0
25.7	-24.7	-11.2
9.5	7.9	-13.8
9.7	10.0	12.8
24.7	10.1	12.6
24.8	-22.7	15.4
24.7	-23.7	2.1
37.4	-47.8	-21.7
-19.2	-22.7	-8.6
6.4	-32.8	-17.0
26.7	-34.7	-16.0
6.4	24.2	3.9
-36.2	-56.0	-11.2
12.9	-34.8	-15.8
12.7	16.0	-20.1
12.9	18.0	6.5
27.8	18.1	6.4
28.0	-25.2	10.0
27.9	-26.2	-3.3
-35.2	-44.8	-17.7
6.2	22.2	-21.6
12.9	-44.5	-18.3
12.6	15.7	-23.4
12.9	18.0	5.4
-36.3	17.7	6.0
-36.0	-54.2	12.0
-23.5	-23.4	-16.3
14.8	15.5	-26.7
-34.1	22.6	14.5
9.6	-23.2	-16.7
50.2	29.0	7.4
-44.6	-70.4	-3.2
7.7	-82.1	-8.4
-12.7	16.3	13.7
47.3	-45.4	9.2
47.1	-47.3	-15.1
-10.5	-83.7	-13.7
12.0	-70.0	-3.9
29.1	-83.5	-14.1
29.0	16.5	13.2
8.0	-78.9	33.7
-12.6	-84.2	-5.8
17.3	-83.1	-8.4
14.1	-83.1	-8.4
13.8	11.0	-16.3
28.7	13.8	-22.3
14.1	14.2	25.8
13.1	15.2	38.0
-44.5	4.2	39.6
47.0	18.1	3.9
15.0	17.9	4.3
11.7	10.3	-10.6
11.9	12.0	11.5
-44.8	11.7	12.2
-44.5	-70.8	19.1
13.2	4.6	38.9
-44.7	-72.7	-5.3
13.0	-64.8	-5.5
12.7	17.6	-12.4
12.9	19.7	14.2
52.5	19.9	13.7
52.7	-58.3	20.3
52.5	-60.6	-9.6
51.5	-64.6	-5.9
7.7	14.2	25.9
-12.4	-82.1	21.9
-39.5	12.4	7.6
-39.3	9.8	29.0
53.6	18.9	27.2
53.7	9.1	38.0
8.9	8.8	38.6
8.8	22.5	37.4
12.9	12.8	7.0
53.5	20.5	7.0
53.5	17.3	7.2
-43.8	19.8	7.0
11.8	28.8	7.9
8.6	20.1	6.4
8.6	17.0	6.7
8.7	17.8	17.8
-34.1	17.6	18.3
-34.1	22.8	17.8
11.8	24.6	8.2
50.4	25.9	22.2
8.6	20.2	7.5
4.3	58.7	23.3
-39.5	8.2	8.0
-8.1	-71.5	21.0
16.0	63.3	13.9
50.4	29.1	21.9
50.3	28.5	14.2
14.9	63.0	9.4
15.1	11.2	13.8
-7.6	62.8	9.7
21.3	63.4	13.8
11.9	25.7	22.6
21.5	14.7	17.9
21.6	15.2	24.5
4.5	15.1	24.7
4.3	58.5	21.1
15.1	11.9	22.6

// van der Veen FM, 2006: PMID 16513369-1
// Subjects=20
-32.0	-69.0	48.0
30.0	35.0	-5.0
-42.0	20.0	19.0
-12.0	11.0	66.0
-10.0	5.0	24.0
12.0	27.0	26.0
2.0	22.0	19.0
32.0	-91.0	-4.0
-26.0	27.0	-5.0
18.0	-10.0	0.0
-38.0	-88.0	-6.0
50.0	22.0	19.0
-48.0	42.0	15.0
-42.0	27.0	-1.0
-27.0	-92.0	-9.0
18.0	-96.0	27.0
32.0	-14.0	-16.0
-6.0	-56.0	12.0
-2.0	9.0	-9.0
-12.0	37.0	42.0
20.0	56.0	-6.0
28.0	5.0	-14.0
-57.0	-24.0	-11.0
53.0	11.0	-19.0
-16.0	54.0	-9.0
-6.0	4.0	7.0
30.0	60.0	3.0
16.0	45.0	26.0
40.0	-66.0	38.0
-61.0	-2.0	0.0
-57.0	-56.0	-2.0
0.0	35.0	6.0
-4.0	-37.0	27.0
-50.0	-19.0	43.0
36.0	32.0	16.0
30.0	49.0	5.0
26.0	-59.0	-17.0
28.0	10.0	46.0
-51.0	11.0	-19.0
48.0	41.0	9.0
-53.0	-45.0	24.0

// Doeller CF, 2006: PMID 16563803-1
// Subjects=20
26.0	1.0	11.0
-22.0	43.0	2.0
-8.0	54.0	32.0
-24.0	31.0	33.0
26.0	-22.0	-6.0
24.0	15.0	32.0
28.0	-24.0	-9.0
-26.0	4.0	3.0
-18.0	13.0	-9.0
-20.0	12.0	-1.0
-24.0	-1.0	9.0
-28.0	53.0	14.0
24.0	13.0	-6.0
-30.0	9.0	35.0
-22.0	11.0	-4.0
-16.0	9.0	-11.0
-14.0	8.0	5.0

// van Leijenhorst L, 2006: PMID 16574168-1
// Subjects=20
42.0	30.0	18.0
-46.0	18.0	30.0
22.0	50.0	-14.0
8.0	14.0	56.0
34.0	28.0	0.0
0.0	6.0	20.0
-30.0	-2.0	38.0
-26.0	-84.0	-10.0
28.0	-74.0	34.0
-8.0	62.0	36.0
26.0	-64.0	46.0
-22.0	-68.0	44.0
48.0	-40.0	52.0
-24.0	-86.0	8.0
28.0	-34.0	12.0
-42.0	4.0	32.0
-20.0	-74.0	34.0
18.0	-94.0	32.0
36.0	24.0	-10.0
58.0	-24.0	24.0
8.0	14.0	36.0
-2.0	8.0	24.0
2.0	14.0	44.0
-2.0	-90.0	34.0
16.0	58.0	20.0
-36.0	-28.0	16.0
-34.0	20.0	-6.0
-66.0	-32.0	28.0
58.0	-64.0	8.0
-58.0	-68.0	8.0
12.0	46.0	-10.0
-24.0	-24.0	58.0
-46.0	-80.0	34.0
-44.0	-68.0	34.0
6.0	-14.0	34.0
-52.0	-72.0	32.0
48.0	24.0	36.0
22.0	-98.0	2.0
36.0	12.0	58.0
22.0	28.0	36.0
12.0	26.0	60.0
64.0	-46.0	-12.0
-50.0	-46.0	48.0
-44.0	-58.0	50.0
40.0	22.0	-12.0
-2.0	46.0	42.0
8.0	46.0	44.0
46.0	-56.0	48.0
-22.0	18.0	50.0
-4.0	50.0	-16.0
20.0	38.0	18.0
-20.0	12.0	-20.0
-34.0	-42.0	22.0
-22.0	6.0	68.0
66.0	-4.0	26.0
40.0	46.0	-12.0
12.0	-40.0	44.0
4.0	50.0	-10.0
-12.0	22.0	4.0
54.0	-18.0	54.0
-26.0	-46.0	56.0
62.0	0.0	-8.0
68.0	-18.0	0.0
20.0	-8.0	-24.0
-12.0	-60.0	14.0
-48.0	-76.0	10.0
-60.0	-30.0	14.0
-22.0	0.0	-12.0
48.0	-18.0	44.0
-40.0	-84.0	36.0
-20.0	-90.0	40.0
-20.0	-2.0	38.0
-6.0	20.0	8.0
-66.0	-26.0	32.0
-10.0	-82.0	20.0
-44.0	-36.0	-24.0
44.0	6.0	40.0

// Spiers HJ, 2006: PMID 16584892-1
// Subjects=20
48.0	-54.0	-27.0
0.0	-54.0	-39.0
3.0	-33.0	-39.0
-57.0	-21.0	3.0
60.0	-33.0	-3.0
9.0	-63.0	6.0
-48.0	24.0	-6.0
0.0	18.0	60.0
-6.0	-63.0	9.0
-27.0	-30.0	-24.0
45.0	24.0	3.0
6.0	42.0	12.0
-42.0	-81.0	21.0
48.0	9.0	4.0
-42.0	18.0	30.0
-18.0	57.0	0.0
36.0	63.0	6.0
-15.0	-63.0	15.0
18.0	-45.0	0.0
3.0	-75.0	51.0
45.0	-69.0	27.0
-36.0	-84.0	24.0
6.0	-54.0	57.0
-48.0	-51.0	51.0
42.0	-45.0	57.0
9.0	18.0	48.0
27.0	-24.0	-18.0
-33.0	-6.0	54.0
-39.0	24.0	-6.0
-21.0	12.0	57.0
30.0	0.0	60.0
-51.0	-9.0	42.0
6.0	-18.0	-39.0
54.0	-39.0	0.0
12.0	-84.0	-15.0
9.0	36.0	12.0
3.0	6.0	54.0
36.0	-51.0	-30.0
-30.0	-69.0	-30.0
-3.0	-54.0	48.0
33.0	-60.0	-30.0
-30.0	-27.0	-21.0
-45.0	-75.0	12.0
-45.0	-30.0	42.0
15.0	-93.0	21.0
12.0	27.0	51.0
-21.0	9.0	60.0
-45.0	15.0	0.0
57.0	-51.0	3.0
57.0	-45.0	27.0
42.0	-6.0	-21.0
18.0	-51.0	6.0
42.0	-78.0	18.0
36.0	-81.0	6.0
-36.0	-69.0	-33.0
63.0	-27.0	30.0
51.0	9.0	42.0
-30.0	-81.0	-18.0
42.0	-45.0	-24.0
12.0	-42.0	3.0
-15.0	-66.0	57.0
51.0	-51.0	6.0
33.0	-45.0	-36.0
-33.0	-54.0	-27.0
0.0	-51.0	-27.0
51.0	12.0	30.0
-60.0	9.0	12.0
24.0	6.0	57.0
0.0	21.0	54.0
48.0	30.0	27.0
18.0	-84.0	42.0
-27.0	-81.0	33.0
9.0	-54.0	60.0
-15.0	-63.0	18.0
-45.0	24.0	24.0
-57.0	9.0	12.0
12.0	-72.0	-24.0
-39.0	36.0	9.0
12.0	39.0	15.0
60.0	-36.0	-12.0
-36.0	24.0	-3.0
-3.0	-63.0	54.0
6.0	-42.0	66.0
36.0	-72.0	33.0
63.0	-51.0	15.0
0.0	12.0	57.0
-9.0	-75.0	-24.0
36.0	63.0	0.0
54.0	-48.0	36.0
-36.0	-63.0	-21.0
-30.0	51.0	18.0
-24.0	-18.0	66.0
42.0	-51.0	54.0
-45.0	-45.0	48.0
-3.0	33.0	42.0
39.0	24.0	-6.0
27.0	-87.0	-18.0
24.0	-39.0	-15.0
24.0	-78.0	-18.0
21.0	-87.0	-12.0
63.0	-60.0	6.0
15.0	-48.0	3.0
-12.0	-54.0	0.0
21.0	-39.0	-12.0
-24.0	-42.0	-9.0
39.0	-81.0	15.0
-33.0	-87.0	12.0
-30.0	-69.0	51.0
-30.0	-57.0	42.0
-45.0	12.0	30.0
48.0	33.0	18.0
-33.0	21.0	-12.0
39.0	29.0	-15.0
-3.0	30.0	-21.0
6.0	15.0	57.0
27.0	54.0	6.0
27.0	-69.0	45.0
27.0	60.0	15.0
33.0	21.0	-15.0
30.0	-3.0	-33.0
33.0	6.0	57.0
-45.0	-21.0	54.0
-9.0	-9.0	6.0
-18.0	-3.0	-21.0
-39.0	-36.0	45.0
0.0	-60.0	57.0
6.0	-54.0	60.0
12.0	-87.0	6.0
51.0	-36.0	45.0
-30.0	-57.0	54.0
-33.0	-84.0	-18.0
36.0	-81.0	-15.0
24.0	-84.0	15.0
-48.0	-69.0	6.0
51.0	-54.0	9.0
54.0	-42.0	21.0
-60.0	-45.0	9.0
-21.0	-60.0	-1.0
42.0	24.0	27.0
-24.0	51.0	18.0
30.0	51.0	12.0
-48.0	3.0	33.0
39.0	0.0	39.0
-33.0	30.0	-3.0
39.0	0.0	57.0
-27.0	-3.0	54.0
-48.0	6.0	39.0
-30.0	3.0	57.0
-45.0	-3.0	15.0
-27.0	-30.0	-24.0
48.0	27.0	24.0
-36.0	-57.0	45.0
-36.0	-57.0	45.0
27.0	-72.0	45.0
27.0	-72.0	-12.0
-18.0	-84.0	-12.0
12.0	12.0	-6.0
9.0	-81.0	6.0
-9.0	12.0	-6.0
0.0	30.0	45.0
-9.0	-60.0	6.0
12.0	-54.0	6.0
-9.0	-48.0	45.0
-48.0	-33.0	45.0
0.0	-36.0	-42.0
63.0	-21.0	12.0
-54.0	-18.0	-3.0
-63.0	-51.0	-3.0
33.0	24.0	-18.0
18.0	6.0	-9.0
-15.0	9.0	-12.0
3.0	18.0	-6.0
3.0	-84.0	0.0
27.0	-60.0	-15.0
-45.0	-39.0	54.0
-51.0	6.0	33.0
-27.0	-72.0	54.0
-57.0	-24.0	21.0
-33.0	-27.0	-18.0
36.0	-84.0	-12.0
-30.0	-84.0	39.0
-42.0	-81.0	27.0
-39.0	-30.0	9.0
-60.0	-21.0	-9.0
54.0	-27.0	-12.0
63.0	-21.0	0.0
63.0	-36.0	0.0
-51.0	-30.0	3.0
9.0	9.0	-3.0
-12.0	9.0	-6.0
-30.0	-24.0	-21.0
-9.0	51.0	33.0
-6.0	15.0	63.0
0.0	33.0	18.0
-3.0	-21.0	30.0
9.0	-66.0	36.0
9.0	-78.0	9.0
0.0	-36.0	-42.0
-18.0	-75.0	-30.0
15.0	-72.0	-30.0
30.0	-81.0	-15.0
-24.0	-87.0	-12.0
27.0	-6.0	-21.0
-45.0	-15.0	42.0
0.0	45.0	-21.0
39.0	-12.0	39.0
57.0	0.0	45.0
-24.0	-90.0	24.0
-21.0	12.0	51.0
-6.0	6.0	36.0
-24.0	6.0	-42.0
-15.0	-63.0	12.0
-15.0	-63.0	18.0
-45.0	-54.0	-24.0
66.0	-36.0	-9.0
51.0	33.0	18.0
-51.0	-9.0	42.0
-36.0	-60.0	48.0
24.0	-72.0	-12.0
39.0	21.0	-18.0
-42.0	-45.0	48.0
-39.0	-66.0	-33.0
60.0	-15.0	-12.0
0.0	18.0	51.0
-60.0	-15.0	0.0
24.0	-6.0	-24.0
-48.0	27.0	24.0
-51.0	-6.0	48.0
27.0	-12.0	-27.0
-24.0	-3.0	-27.0
3.0	-45.0	42.0
-6.0	-54.0	48.0
-15.0	-21.0	0.0
6.0	-36.0	-30.0
18.0	-57.0	15.0
0.0	-48.0	24.0
0.0	45.0	-21.0
0.0	48.0	39.0
48.0	15.0	39.0
9.0	24.0	57.0
6.0	-75.0	33.0

// Hofer A, 2006: PMID 16713306-1
// Subjects=20
-36.0	-56.0	-20.0
-40.0	-20.0	56.0
-40.0	-20.0	56.0
44.0	8.0	28.0
-44.0	4.0	28.0
-8.0	4.0	48.0
32.0	-8.0	-28.0
40.0	8.0	28.0
-44.0	0.0	28.0
-52.0	16.0	-8.0
-40.0	-24.0	48.0
24.0	-44.0	-20.0
-16.0	-48.0	20.0
8.0	-40.0	20.0
-48.0	-60.0	-28.0
-48.0	8.0	20.0
44.0	0.0	36.0
8.0	16.0	36.0
40.0	24.0	8.0
-32.0	-88.0	16.0
-52.0	28.0	8.0
-40.0	-28.0	60.0
0.0	12.0	52.0
4.0	-40.0	40.0
0.0	-36.0	-4.0
-52.0	28.0	4.0
-40.0	-16.0	56.0
-48.0	-60.0	-28.0
32.0	-84.0	12.0
36.0	4.0	32.0
-16.0	-28.0	-4.0
-4.0	-88.0	-8.0
-44.0	8.0	24.0
-52.0	-8.0	40.0
20.0	-40.0	-20.0
-4.0	12.0	52.0
-36.0	-28.0	64.0
24.0	-12.0	-20.0
36.0	24.0	4.0
4.0	-8.0	52.0
-40.0	-8.0	4.0
-12.0	-64.0	0.0
12.0	-36.0	-4.0
44.0	8.0	24.0
28.0	-12.0	-16.0
44.0	-32.0	12.0

// Ohnishi T, 2006: PMID 16735070-1
// Subjects=20
12.0	-80.0	-8.0
41.0	-50.0	48.0
-40.0	-69.0	50.0
28.0	-32.0	-3.0
-26.0	-32.0	-2.0
-17.0	-33.0	-6.0
44.0	-58.0	53.0
20.0	-31.0	-5.0
59.0	-48.0	45.0
-20.0	-29.0	-4.0
16.0	-35.0	-3.0
-16.0	-29.0	-5.0
51.0	16.0	26.0
3.0	-22.0	-4.0
-16.0	-30.0	-9.0
-8.0	-54.0	52.0
-3.0	-35.0	-3.0
36.0	-45.0	41.0
30.0	-56.0	53.0
16.0	-97.0	3.0
16.0	-65.0	53.0
20.0	-57.0	19.0
21.0	-37.0	-5.0
34.0	-38.0	-27.0
32.0	-59.0	-17.0
10.0	-52.0	49.0
-8.0	-91.0	3.0
-44.0	-63.0	-22.0
-36.0	-39.0	41.0
-14.0	-61.0	53.0
-16.0	-65.0	51.0
-14.0	-58.0	7.0
-20.0	-35.0	-4.0
-26.0	-30.0	-25.0
-44.0	-81.0	10.0
50.0	-68.0	-5.0

// van der Veen FM, 2006: PMID 16757006-1
// Subjects=20
24.0	-57.0	-16.0
-46.0	3.0	-9.0
-44.0	19.0	-9.0
-22.0	13.0	-16.0
-38.0	-24.0	64.0
-12.0	24.0	56.0
26.0	-5.0	-30.0
40.0	-18.0	63.0
22.0	-11.0	-23.0
-32.0	-49.0	-1.0
-34.0	-45.0	-1.0
30.0	-18.0	-19.0
57.0	-32.0	26.0
-12.0	-10.0	39.0
12.0	-18.0	36.0
-50.0	-45.0	37.0
-12.0	-64.0	7.0
26.0	-89.0	8.0

// Bapi RS, 2006: PMID 16798015-1
// Subjects=20
12.0	-55.0	58.0
42.0	-31.0	40.0
-40.0	-44.0	54.0
44.0	-33.0	48.0
10.0	-56.0	47.0
-24.0	-51.0	58.0
-36.0	-40.0	55.0
-12.0	-57.0	54.0
-24.0	-50.0	56.0
-30.0	-27.0	46.0
-55.0	-27.0	44.0
32.0	-33.0	-3.0
-28.0	-4.0	-5.0
-28.0	-6.0	-6.0
44.0	8.0	35.0
32.0	-29.0	-7.0
2.0	-49.0	-9.0
8.0	-66.0	-8.0
-40.0	-19.0	38.0
28.0	-46.0	58.0
-42.0	-1.0	28.0
-38.0	-72.0	7.0
-40.0	-2.0	41.0
-40.0	-2.0	41.0
-40.0	-2.0	41.0
-40.0	-2.0	41.0
-40.0	-2.0	41.0
-40.0	-2.0	41.0
-55.0	1.0	26.0
-55.0	1.0	26.0
-34.0	-54.0	40.0
-48.0	6.0	35.0
32.0	-9.0	6.0
24.0	-29.0	3.0
42.0	-71.0	26.0
48.0	-67.0	13.0
36.0	-74.0	28.0
38.0	-78.0	26.0
-36.0	-78.0	32.0
28.0	-79.0	9.0
-30.0	-79.0	19.0
32.0	-66.0	47.0
20.0	-24.0	16.0
-16.0	1.0	11.0
-20.0	-31.0	9.0
24.0	-50.0	58.0
-20.0	-49.0	60.0
-24.0	-56.0	53.0
32.0	-38.0	50.0
36.0	-31.0	35.0
-44.0	-36.0	52.0
-48.0	-33.0	40.0
20.0	-52.0	54.0
20.0	-52.0	56.0
-20.0	-56.0	53.0
-20.0	-54.0	54.0
-51.0	-16.0	34.0
-59.0	-19.0	40.0
-44.0	-29.0	51.0
-48.0	-26.0	31.0
28.0	4.0	40.0
-30.0	-2.0	41.0
-32.0	4.0	40.0
-53.0	2.0	31.0
-32.0	-6.0	41.0
-26.0	-85.0	19.0
-28.0	-77.0	17.0
28.0	-79.0	17.0
16.0	8.0	14.0
18.0	8.0	14.0
-18.0	1.0	17.0
-20.0	-18.0	25.0
24.0	8.0	12.0
20.0	3.0	15.0
-24.0	4.0	3.0
-6.0	-63.0	51.0
22.0	-1.0	15.0
-18.0	-23.0	14.0
30.0	-2.0	2.0
-28.0	-2.0	4.0
22.0	-14.0	-1.0
-16.0	0.0	9.0
-16.0	-1.0	9.0
34.0	-20.0	-2.0
-55.0	-25.0	44.0
-40.0	0.0	39.0
-20.0	-56.0	53.0
32.0	6.0	42.0
-30.0	-8.0	0.0
-6.0	-63.0	51.0
4.0	-58.0	51.0
-6.0	-63.0	51.0
-26.0	-9.0	10.0
10.0	-65.0	-9.0
-26.0	6.0	5.0
-21.0	-61.0	55.0
-34.0	-54.0	51.0
-36.0	-42.0	46.0
-46.0	-37.0	39.0
-34.0	-54.0	40.0
10.0	-65.0	-9.0
10.0	-65.0	-9.0
10.0	-65.0	-9.0
10.0	-65.0	-9.0
10.0	-65.0	-9.0
10.0	-65.0	-9.0
-22.0	-35.0	-10.0
-22.0	-35.0	-10.0
-22.0	-35.0	-10.0
-22.0	-35.0	-10.0
-22.0	-35.0	-10.0
-26.0	-2.0	0.0
-22.0	-35.0	-10.0
-26.0	-9.0	10.0
-34.0	-54.0	40.0
-36.0	-78.0	32.0
-26.0	-9.0	10.0
-26.0	-2.0	0.0
-26.0	-2.0	0.0
-26.0	-9.0	10.0
-26.0	-9.0	10.0
-26.0	-9.0	10.0
-26.0	-2.0	0.0
-26.0	-9.0	10.0
-26.0	-2.0	0.0
51.0	-63.0	25.0
-26.0	-2.0	0.0
34.0	-58.0	51.0
34.0	-58.0	51.0
34.0	-58.0	51.0
34.0	-58.0	51.0
34.0	-58.0	51.0
34.0	-58.0	51.0
34.0	-58.0	51.0
-34.0	-54.0	40.0
-22.0	-35.0	-10.0
-26.0	6.0	5.0
-26.0	6.0	5.0
30.0	19.0	34.0
30.0	19.0	34.0
30.0	19.0	34.0
30.0	19.0	34.0
30.0	19.0	34.0
-6.0	-17.0	49.0
-55.0	1.0	26.0
-55.0	1.0	26.0
-55.0	1.0	26.0
-34.0	-54.0	40.0
4.0	-58.0	51.0
4.0	-58.0	51.0
4.0	-58.0	51.0
4.0	-58.0	51.0
4.0	-58.0	51.0
4.0	-58.0	51.0
-6.0	-63.0	51.0
-6.0	-63.0	51.0
-6.0	-63.0	51.0
30.0	19.0	34.0
30.0	19.0	34.0
-6.0	-17.0	49.0
-6.0	-17.0	49.0
-26.0	6.0	5.0
-26.0	6.0	5.0
-26.0	6.0	5.0
-26.0	6.0	5.0
-34.0	-54.0	40.0
-40.0	-2.0	41.0
-34.0	-54.0	40.0
-55.0	1.0	26.0
-4.0	8.0	46.0
-6.0	-63.0	51.0
-4.0	8.0	46.0
-4.0	8.0	46.0
-4.0	8.0	46.0
-4.0	8.0	46.0
-4.0	8.0	46.0
-6.0	-17.0	49.0
-6.0	-17.0	49.0
-55.0	1.0	26.0
-6.0	-17.0	49.0
-6.0	-17.0	49.0
-4.0	8.0	46.0
42.0	-69.0	15.0
-26.0	-2.0	0.0
22.0	-6.0	4.0
18.0	-47.0	61.0
-28.0	-4.0	6.0
24.0	-29.0	5.0
-22.0	-3.0	15.0
24.0	-5.0	19.0
-24.0	3.0	13.0
26.0	8.0	11.0
-16.0	16.0	14.0
10.0	5.0	13.0
-4.0	-31.0	9.0
34.0	-76.0	28.0
14.0	6.0	7.0
10.0	-65.0	-9.0
18.0	40.0	15.0
-44.0	-37.0	31.0
-16.0	-57.0	58.0
34.0	-58.0	51.0
-20.0	-11.0	4.0
-26.0	2.0	7.0
-2.0	14.0	45.0
-48.0	-3.0	26.0
6.0	-65.0	-9.0
-36.0	0.0	35.0

// Mizuno A, 2006: PMID 16828063-1
// Subjects=20
10.9	39.2	32.7
-21.4	52.1	9.7
-1.8	8.1	44.3
-10.3	19.0	48.0
-40.3	14.2	44.3
-42.4	10.1	46.9
-3.8	0.1	51.7
-1.8	7.9	42.1
-44.7	12.5	22.2
-31.7	12.5	48.8
-12.5	16.8	48.2
-23.5	52.4	14.1
-42.4	10.3	49.1
23.6	38.8	25.9
38.9	6.7	50.7
32.5	-34.5	40.8
2.5	8.1	44.3
-42.6	12.6	24.4
2.4	24.3	34.0
25.9	22.9	40.6
30.5	-14.1	57.0
2.4	22.4	36.4
10.9	39.2	32.7
30.0	31.8	17.5
30.0	37.1	17.0
21.4	44.6	18.7
21.4	44.6	18.7
45.2	8.4	43.8
42.7	35.4	8.1
2.7	7.7	66.6
8.6	-15.2	-9.6
26.1	4.5	51.0
-3.8	-23.6	47.0
-35.8	-14.5	57.8
-35.9	-17.3	49.1
-35.8	-14.5	57.8
-3.7	-37.8	57.1
38.8	-2.9	35.9
4.8	7.7	66.6
2.6	-21.5	46.8
-8.3	-54.9	0.6
30.5	-16.1	59.4
51.7	-10.8	43.1
-35.7	-50.8	56.4
-6.0	-19.6	44.5
-40.0	-33.9	55.0
-5.9	-40.9	44.0
-25.1	-62.9	37.2
-18.7	-49.5	44.9
-6.0	-68.2	21.8
-35.8	-53.6	47.7
-22.8	-45.7	66.9
-17.1	57.4	22.5
2.5	-64.1	19.1
26.3	-48.5	53.2
11.3	-51.0	49.2
30.5	-60.2	38.6
36.8	-30.3	40.4
17.6	-52.2	33.6
28.3	-60.3	38.6
13.5	-32.2	72.1
28.3	-57.8	42.8
-21.5	-12.3	-25.1
13.4	-48.6	53.4
-51.2	-27.7	-1.2
49.4	-30.0	15.7
49.4	-30.0	15.7
38.6	-27.3	-4.4
40.7	-23.3	-7.0
-23.0	-63.2	32.7
-20.9	-78.7	25.1
45.3	-26.2	37.8
-8.3	-61.4	-1.0
-20.9	-81.0	23.0
23.7	-50.7	-2.3
26.0	-75.7	4.2
-23.5	2.4	0.5
-27.8	2.2	-1.7
19.3	12.0	10.3
-8.0	-18.2	62.2
25.6	4.3	-7.0
21.4	35.3	8.3
-2.1	-49.7	-15.5
-36.3	6.6	0.3
2.2	-49.6	-13.3
51.5	9.0	23.6
-12.8	-32.7	-14.6
-12.7	-55.8	-10.4
10.7	-41.6	-20.8
-36.2	-5.4	10.2
-31.9	-5.4	10.1
-14.6	-22.5	35.9
-18.8	-9.1	43.8
21.6	26.4	31.4
-10.3	8.6	51.1
-34.1	6.9	4.7
-27.4	4.2	51.7
-12.2	-7.2	68.0
-40.4	-30.8	12.4
4.6	14.6	46.0
53.7	9.2	25.8
2.6	10.9	53.0
-46.5	-16.9	55.9
-38.5	8.7	0.1
6.5	40.8	25.9
4.3	11.2	1.6
4.7	-17.2	46.4
28.3	-7.4	60.9
28.3	-22.6	57.7
38.9	-14.8	48.0
34.6	-8.6	45.3
32.4	-18.1	32.8
8.7	36.4	24.0
28.3	-22.8	55.5
28.4	-37.2	61.2
-53.0	-31.5	32.6
-44.4	-52.2	38.7
45.4	-41.0	39.0
0.5	-17.3	46.4
15.5	-49.2	44.5
28.4	-37.2	61.2
0.0	13.3	1.5
15.1	-0.9	9.2
-59.8	-4.0	3.6
21.5	3.2	6.6
-38.5	8.7	0.1
-38.5	8.7	0.1
2.2	-39.0	-14.2
-38.5	8.7	0.1
-38.5	8.7	0.1
-38.5	8.7	0.1
-38.5	8.7	0.1
-38.5	8.7	0.1
-38.5	8.7	0.1
-36.3	8.7	0.1
-8.0	-18.2	62.2
-36.3	6.9	4.7
-12.4	10.5	48.7
-12.4	10.5	48.7
-12.4	10.5	48.7
-12.4	10.5	48.7
-31.7	10.4	49.0
-31.8	52.7	45.4
-32.0	50.6	18.8
-32.0	50.6	18.8
-38.5	8.7	0.1
-32.0	50.6	18.8
-42.7	50.5	18.9
-32.0	50.6	18.8
-42.5	-8.7	23.9
-42.6	-9.9	8.4
-32.0	20.7	16.9
-32.0	20.7	16.9
-32.0	20.7	16.9
-32.0	20.7	16.9
-12.7	20.8	16.6
17.2	12.0	10.3
-12.6	-2.5	18.6
-12.4	-0.1	49.6
-12.4	-0.1	49.6
-12.4	-0.1	49.6
-12.4	-0.1	49.6
-12.4	-2.2	49.8
-12.4	-2.2	49.8
-8.0	-18.2	62.2
-8.0	-18.2	62.2
-12.4	-0.1	49.6
4.7	-4.6	45.3
47.4	-7.3	33.9
-16.7	-79.2	18.4
47.0	41.9	9.7
51.4	9.7	5.7
-38.2	28.8	40.8
-38.2	28.8	40.8
-38.2	28.8	40.8
42.8	13.9	5.4
42.8	13.9	5.4
42.8	13.9	5.4
42.8	13.9	5.4
21.4	13.8	5.7
21.3	51.8	2.5
21.4	52.9	15.8
21.4	52.9	15.8
21.4	52.9	15.8
21.4	52.9	15.8
47.0	53.0	15.5
47.1	42.5	16.4
42.8	16.2	7.5
51.5	4.6	21.7
42.8	16.2	7.5
51.5	4.6	21.7
42.8	16.2	7.5
36.4	16.2	7.5
36.3	41.5	5.4
36.3	41.4	3.2
36.3	41.4	3.2
36.3	41.4	3.2
36.3	41.4	3.2
40.6	41.4	3.1
40.7	3.8	13.0
51.5	4.6	21.7
44.9	20.1	2.7
44.9	20.1	2.7
44.9	20.1	2.7
44.9	20.1	2.7
42.8	20.1	2.7
42.8	20.4	7.1
51.5	4.6	21.7
42.8	16.2	7.5
42.8	20.1	2.7
34.3	16.7	14.2
51.6	-12.3	23.1
34.3	16.7	14.2
34.3	16.7	14.2
-57.2	-23.6	52.1
-8.0	-18.2	62.2
-57.2	-23.6	52.1
-57.2	-23.6	52.1
-57.2	-23.6	52.1
-59.3	-23.6	52.1
-59.7	-3.6	8.1
-59.7	-3.6	8.1
-59.7	-3.6	8.1
-33.8	-6.9	46.0
-59.7	-3.6	8.1
-57.6	-3.6	8.0
-57.5	-26.9	10.0
-57.2	-23.6	52.1
-33.6	-18.4	62.5
-59.4	-0.4	50.2
-8.0	-18.2	62.2
-46.7	-16.5	33.5
-8.0	-18.2	62.2
-46.7	-16.5	33.5
-46.7	-16.5	33.5
-46.7	-16.5	33.5
34.3	16.7	14.2
49.4	-12.3	23.2
49.4	-12.3	23.2
49.4	-12.3	23.2
49.4	-12.3	23.2
40.7	3.3	6.3
51.5	10.9	21.2
51.3	9.6	3.5
51.3	9.6	3.5
51.3	9.6	3.5
51.3	9.6	3.5
51.3	9.6	3.5
51.4	1.1	4.2
51.5	2.3	19.7
51.4	9.7	5.7
-8.0	-18.2	62.2
51.4	9.7	5.7
-38.2	28.8	40.8
51.4	9.7	5.7
51.4	-13.5	7.6
51.6	-12.3	23.1
51.6	-12.3	23.1
51.6	-12.3	23.1
51.6	-12.3	23.1
58.0	-12.3	23.1
58.0	-8.1	22.7
57.9	-8.2	20.5
-52.8	-49.1	52.0
-52.8	-49.1	52.0
-52.8	-49.1	52.0
-52.8	-49.1	52.0
-52.8	-49.1	52.0
-52.8	-49.1	52.0
-52.8	-49.1	52.0
-52.8	-49.1	52.0
-52.8	-49.1	52.0
-52.8	-49.1	52.0
-57.1	-49.2	52.0
-57.1	-53.4	52.4
-57.1	-53.2	54.6
-44.4	-34.8	44.0
-44.4	-34.8	44.0
-44.4	-34.8	44.0
-44.4	-34.8	44.0
-16.6	-34.6	43.6
-16.5	-76.9	47.2
-16.7	-79.2	18.4
-16.7	-79.2	18.4
0.5	-23.3	51.4
-16.7	-79.2	18.4
-47.1	1.3	-12.6
-47.1	1.3	-12.6
-47.1	1.3	-12.6
-47.1	1.3	-12.6
-10.8	69.3	10.3
42.6	0.9	-24.7
0.5	-23.3	51.4
0.5	-23.3	51.4
0.5	-23.3	51.4
0.5	-23.3	51.4
2.6	14.1	66.1
19.2	-15.6	-16.4
49.0	3.1	-25.0
-8.6	-5.2	-16.9
-8.6	-5.2	-16.9
-8.6	-5.2	-16.9
-8.6	-5.2	-16.9
-8.6	-5.2	-16.9
-8.6	-7.3	-16.7
-8.6	-7.5	-19.0
-8.6	-7.5	-19.0
-8.6	-7.5	-19.0
-8.6	-7.5	-19.0
-45.0	-7.7	-18.5
-45.0	-1.4	-19.0
-45.0	-2.0	-27.9
42.6	0.9	-24.7
-33.7	-5.7	61.5
42.6	0.9	-24.7
49.0	3.1	-25.0
49.0	3.1	-25.0
49.0	1.0	-24.8
19.2	-17.7	-16.2
49.0	3.1	-25.0
49.0	3.1	-25.0
42.6	3.0	-24.9
42.6	0.9	-24.7
42.6	0.9	-24.7
19.2	-15.6	-16.4
19.2	-17.9	-18.4
19.2	-15.6	-16.4
19.2	-15.6	-16.4
19.2	-15.6	-16.4
19.2	-15.6	-16.4
19.2	-15.6	-16.4
19.2	-15.6	-16.4
19.2	-15.6	-16.4
19.2	-15.6	-16.4
42.6	0.9	-24.7
19.2	-15.6	-16.4
13.3	-51.7	40.3
51.4	9.7	5.7

// Takahashi H, 2006: PMID 16829139-1
// Subjects=20
-44.0	-78.0	10.0
-40.0	-8.0	48.0
22.0	2.0	-14.0
-30.0	12.0	-8.0
0.0	-14.0	-10.0
-8.0	-90.0	10.0
28.0	-22.0	-18.0
28.0	-92.0	-16.0
-32.0	-28.0	-4.0
-4.0	-26.0	6.0
12.0	2.0	18.0
-8.0	2.0	0.0
10.0	-64.0	-30.0
-18.0	-10.0	38.0
-4.0	-76.0	2.0
-42.0	4.0	12.0
-44.0	6.0	50.0
16.0	-82.0	-22.0
6.0	-38.0	-6.0
-32.0	-6.0	30.0
-48.0	4.0	50.0
-6.0	-30.0	0.0
-12.0	2.0	2.0
22.0	2.0	-14.0
-32.0	14.0	12.0
52.0	-62.0	34.0
-44.0	-66.0	34.0
10.0	-62.0	-30.0
-4.0	-12.0	-12.0
34.0	-18.0	-4.0
-16.0	-92.0	-14.0
-8.0	-14.0	-12.0
28.0	-92.0	-14.0
-10.0	4.0	2.0
30.0	-94.0	-16.0
-4.0	-28.0	2.0

// Song GH, 2006: PMID 16846694-1
// Subjects=20
-18.0	1.1	10.5
-24.5	-1.6	3.0
-14.8	-11.6	10.5
-8.4	-12.0	4.8
-32.0	21.9	5.6
-30.9	50.2	26.7
52.3	19.6	-4.1
55.6	12.5	-0.2
55.7	15.6	11.8
-8.3	19.3	39.0
-49.8	-21.3	39.6
36.2	29.0	-5.8
-46.5	-20.6	49.5
4.7	-54.4	33.9
65.7	-31.0	42.4
-5.0	25.2	45.2
0.9	54.1	-7.5
3.0	43.2	-11.1
-59.6	-17.1	25.9
2.5	20.3	50.0
1.6	-37.7	43.7
-24.6	-14.5	-11.5
29.9	-14.7	-18.8
-37.3	-65.1	-18.3
-29.9	-67.6	-23.7
51.9	-46.1	53.9
1.4	16.7	45.8
-38.6	51.2	-0.1
-1.7	20.7	55.6
-46.5	-27.0	48.9
39.5	19.7	-1.7
-1.9	-73.6	-7.9
55.7	17.9	15.0
6.9	-40.8	45.0
8.0	-54.2	36.1
30.0	-26.8	-11.1
29.9	-11.5	-19.1
2.2	-42.1	-13.9
-49.6	-43.5	55.9
-18.1	0.9	7.2
-11.6	-11.8	8.2
-5.2	-15.4	2.9
-37.4	19.5	2.5
2.0	46.7	-6.9
-2.3	44.1	-13.3
69.7	-16.8	18.8
39.5	20.5	-5.1
11.0	23.9	40.6
58.9	19.0	14.9
49.2	43.0	23.0
43.0	22.6	34.8
36.3	47.1	8.3
38.3	52.6	-3.3
-40.6	54.3	11.9
36.4	20.2	5.0
26.8	0.1	6.8
62.5	-35.9	48.4
-36.8	-49.6	58.5
9.9	32.8	46.6
-34.1	50.3	28.9

// Boghi A, 2006: PMID 17005420-1
// Subjects=20
4.0	-81.0	-31.0
-38.0	-66.0	40.0
26.0	-81.0	-31.0
8.0	-61.0	66.0
43.0	-39.0	42.0
-26.0	7.0	64.0
-52.0	11.0	29.0
-48.0	7.0	35.0
30.0	10.0	57.0
2.0	29.0	43.0
32.0	-52.0	-32.0
-16.0	-73.0	55.0
-8.0	61.0	21.0
-6.0	-19.0	60.0
36.0	6.0	9.0
-36.0	-11.0	-12.0
-32.0	-35.0	-50.0
10.0	-21.0	42.0
-6.0	-19.0	45.0
-8.0	-51.0	30.0
-12.0	-58.0	24.0
-59.0	20.0	21.0
-54.0	-10.0	-15.0
-44.0	-24.0	16.0
8.0	61.0	18.0
34.0	-2.0	-45.0
-44.0	-36.0	13.0
54.0	-2.0	4.0
50.0	14.0	20.0
28.0	-7.0	-27.0
0.0	22.0	49.0
-44.0	-79.0	-12.0
10.0	-63.0	68.0
38.0	-50.0	47.0
44.0	-39.0	42.0
-24.0	9.0	64.0
50.0	12.0	18.0
30.0	10.0	48.0
35.0	6.0	0.0
-10.0	12.0	14.0
-56.0	-44.0	7.9
-63.0	-20.0	5.4
-34.0	-48.0	48.0
-86.0	-26.0	5.6
-50.0	7.0	31.0
-28.0	7.0	76.0
-67.0	-40.0	8.8
-81.0	-31.0	6.6
-79.0	-31.0	8.0
34.0	23.0	-8.0
48.0	-73.0	7.0
-55.0	-65.0	-16.0
-66.0	-37.0	8.4
-8.0	-46.0	8.0
-16.0	-73.0	55.0
-46.0	11.0	46.0
0.0	29.0	43.0
30.0	24.0	58.0
-81.0	-28.0	6.8

// Moritz S, 2006: PMID 17029986-1
// Subjects=20
-6.0	36.0	-6.0
-15.0	-51.0	-9.0
24.0	-24.0	-15.0
-3.0	-18.0	36.0
0.0	-36.0	36.0
3.0	-87.0	27.0
9.0	45.0	6.0
-36.0	0.0	15.0
30.0	-15.0	-21.0
30.0	-6.0	-6.0
66.0	-27.0	-9.0
-51.0	-66.0	39.0
27.0	-39.0	-30.0
21.0	-69.0	51.0
-27.0	-33.0	-12.0
30.0	21.0	-21.0

// Blair K, 2006: PMID 17079666-1
// Subjects=20
-29.3	-62.2	46.1
53.7	28.5	42.0
28.8	-6.2	-19.5
-56.2	-76.1	19.7
67.6	-63.7	5.0
4.6	22.0	45.3
2.3	15.9	21.3
-40.6	17.2	0.5
47.7	-53.5	55.6
-48.9	-82.6	-8.8
-36.1	13.2	30.9
39.5	21.8	-1.9
-62.8	-28.4	18.0

// Woo SH, 2007: PMID 17094117-1
// Subjects=20
2.2	-5.1	-2.6
2.7	-73.3	37.7
2.2	-31.0	-7.1
2.2	28.6	20.3
54.8	3.9	39.6
-47.6	-31.2	49.3
44.8	50.7	-1.0
1.3	-83.1	-6.0
1.4	-58.8	18.7
-44.3	-15.6	58.0
-22.4	48.6	20.0
6.9	-2.0	50.7
7.8	-5.0	39.8
60.3	-38.7	39.7
-29.0	-0.3	-20.4
10.0	27.1	54.9
57.9	-43.4	6.7
-54.0	-32.7	45.0
49.0	48.4	-3.1
-43.4	-68.7	17.8
-11.2	-72.2	38.9
32.0	-13.4	-16.7
57.1	-41.9	38.9

// Merabet LB, 2007: PMID 17135476-1
// Subjects=20
-15.3	-23.3	79.7
56.9	-53.2	-10.3
-49.6	-60.6	-0.4
-13.3	-37.4	37.8
37.5	-59.3	50.2
-26.8	-40.1	-5.4
29.9	-55.1	25.1
34.8	-28.1	-9.1
-39.7	-77.4	33.5
-21.8	-58.5	49.2
21.8	-35.3	62.3
-17.8	-89.3	37.1
46.1	-56.7	30.6
-37.4	-80.1	35.2
46.9	-80.5	28.4
10.3	-60.8	32.7
30.4	-89.7	20.3
38.4	-76.5	-10.6
-7.6	-62.7	29.3
-14.8	-38.5	38.5
21.8	-40.7	41.0
16.8	-65.5	70.1
-37.7	-20.4	52.3
-17.2	-40.1	71.0
-13.0	-77.7	45.5
27.9	-86.2	39.8
-55.7	-21.3	16.9

// Kana RK, 2007: PMID 17137558-1
// Subjects=20
40.0	-30.0	46.0
38.0	14.0	-4.0
-42.0	-46.0	-16.0
26.0	-34.0	-8.0
16.0	-48.0	8.0
24.0	0.0	60.0
14.0	-30.0	42.0
40.0	14.0	10.0
-4.0	38.0	4.0
-12.0	-46.0	0.0
-40.0	-80.0	34.0
-16.0	-54.0	12.0
16.0	-50.0	10.0
48.0	-72.0	32.0
-8.0	-64.0	32.0
-28.0	-4.0	66.0
56.0	8.0	38.0
-32.0	-44.0	56.0

// Postle BR, 2007: PMID 17150984-1
// Subjects=20
5.0	13.0	31.0
-31.0	-23.0	23.0
-47.0	11.0	24.0
38.0	22.0	23.0
54.0	14.0	19.0
-43.0	27.0	15.0
43.0	34.0	12.0
16.0	14.0	12.0
-51.0	10.0	18.0
35.0	-52.0	31.0
56.0	6.0	16.0
-47.0	-23.0	40.0
-5.0	-7.0	34.0
-20.0	-22.0	28.0
16.0	-30.0	27.0
21.0	-16.0	27.0
-39.0	0.0	27.0
-24.0	26.0	22.0
60.0	-19.0	19.0
47.0	26.0	18.0
23.0	-23.0	26.0
42.0	6.0	26.0
13.0	18.0	26.0
-9.0	1.0	26.0
9.0	25.0	24.0
46.0	24.0	-4.0
38.0	-3.0	7.0
-58.0	-26.0	1.0
47.0	-7.0	38.0
29.0	14.0	48.0
-20.0	-28.0	36.0
13.0	-29.0	30.0
13.0	36.0	22.0
-44.0	22.0	18.0
-9.0	-17.0	11.0
42.0	-52.0	-4.0
39.0	-49.0	-8.0
-43.0	-49.0	-8.0
-44.0	-44.0	-36.0
-36.0	10.0	42.0
-5.0	-3.0	38.0
-38.0	-10.0	38.0
-4.0	-72.0	17.0
31.0	-48.0	34.0
-22.0	-57.0	3.0
-45.0	-13.0	10.0
-16.0	2.0	10.0
39.0	-14.0	8.0
10.0	-60.0	2.0
42.0	-29.0	2.0
-13.0	-52.0	2.0
-20.0	15.0	2.0
-29.0	14.0	0.0
-6.0	-8.0	-1.0
40.0	1.0	43.0
34.0	28.0	-4.0
-14.0	-7.0	-4.0
20.0	4.0	4.0
-22.0	-48.0	-26.0
-1.0	20.0	46.0
36.0	-19.0	48.0
-12.0	-6.0	49.0
-51.0	12.0	-8.0
34.0	-7.0	53.0
20.0	-44.0	-26.0
-55.0	-11.0	-23.0
20.0	20.0	-17.0
-28.0	27.0	-12.0
11.0	2.0	44.0
12.0	-69.0	24.0
-13.0	-49.0	4.0
-31.0	-61.0	6.0
-16.0	19.0	1.0
-43.0	28.0	-1.0
14.0	-12.0	-1.0
54.0	-10.0	-5.0
-52.0	-11.0	-6.0
-21.0	-64.0	-6.0
37.0	38.0	-9.0
26.0	-7.0	-9.0
-9.0	-6.0	-12.0
-44.0	7.0	5.0
9.0	-15.0	-15.0
54.0	3.0	-21.0
38.0	-33.0	-24.0
12.0	-29.0	-27.0
-21.0	-41.0	-32.0
5.0	23.0	16.0
9.0	-33.0	37.0
42.0	-7.0	40.0
16.0	-9.0	-4.0
6.0	-60.0	12.0
45.0	-23.0	-18.0
-12.0	-50.0	28.0
-8.0	-12.0	31.0
0.0	-49.0	53.0
-43.0	-28.0	-21.0
38.0	-26.0	-31.0
4.0	-21.0	-26.0
31.0	-11.0	-24.0
42.0	14.0	-21.0
-31.0	18.0	-12.0
-21.0	-56.0	-21.0
39.0	-21.0	53.0
13.0	7.0	-12.0
-3.0	-7.0	-11.0
-9.0	-61.0	-8.0
21.0	-29.0	-12.0
-2.0	-34.0	49.0
-20.0	-1.0	49.0
-36.0	6.0	-4.0
-2.0	6.0	46.0
-38.0	-11.0	42.0
6.0	-38.0	41.0
45.0	-9.0	39.0
12.0	-52.0	37.0
-6.0	-5.0	37.0
-15.0	-54.0	34.0
21.0	6.0	53.0

// Dannlowski U, 2007: PMID 17182226-1
// Subjects=20
24.0	4.0	-20.0
-26.0	-6.0	-18.0
44.0	-86.0	4.0
-18.0	8.0	-10.0
14.0	-2.0	20.0
-52.0	14.0	24.0
58.0	-2.0	20.0
20.0	-16.0	-14.0
40.0	22.0	10.0

// Maurer D, 2007: PMID 17204295-1
// Subjects=20
-8.0	-76.0	8.0
-40.0	40.0	32.0
-36.0	44.0	-20.0
-48.0	-52.0	0.0
60.0	-72.0	4.0
-52.0	-80.0	-12.0
-8.0	20.0	56.0
44.0	-60.0	-24.0
48.0	8.0	36.0
-20.0	-24.0	-24.0
-48.0	-60.0	-28.0
32.0	44.0	24.0
-28.0	-48.0	-20.0
20.0	-52.0	-20.0
20.0	-8.0	-24.0
40.0	48.0	-4.0
36.0	28.0	-16.0
36.0	32.0	4.0
-8.0	56.0	4.0
48.0	24.0	16.0
36.0	56.0	12.0
56.0	-64.0	-20.0
51.0	-32.0	48.0
-28.0	12.0	56.0
0.0	60.0	-4.0
-52.0	-80.0	20.0
-8.0	-60.0	28.0
4.0	-60.0	-4.0
32.0	-48.0	4.0
12.0	-36.0	0.0
-32.0	-56.0	4.0
-44.0	36.0	4.0
-44.0	-76.0	-16.0
-12.0	12.0	8.0
16.0	16.0	8.0
24.0	-60.0	-24.0
20.0	-44.0	36.0
20.0	-20.0	-24.0
-60.0	-56.0	44.0
-8.0	-24.0	28.0

// Krauel K, 2007: PMID 17210138-1
// Subjects=20
-45.0	-73.0	6.0
60.0	-42.0	33.0
-33.0	-10.0	-27.0
33.0	-15.0	-14.0
33.0	-35.0	-8.0
-12.0	46.0	45.0
-48.0	-61.0	-1.0
51.0	-56.0	-12.0
12.0	-7.0	-20.0
45.0	-76.0	-9.0
59.0	-1.0	-13.0
0.0	-61.0	14.0
24.0	-4.0	-20.0
-18.0	-27.0	-19.0
-3.0	55.0	-10.0
39.0	-39.0	-21.0
45.0	-68.0	-17.0
45.0	32.0	-9.0
-9.0	-62.0	53.0
42.0	-36.0	29.0
-21.0	-56.0	50.0
-18.0	-33.0	-16.0
-24.0	9.0	5.0
-24.0	-47.0	58.0
-36.0	-68.0	-12.0
-36.0	-75.0	12.0
27.0	-19.0	-24.0
24.0	-42.0	-31.0
45.0	3.0	-5.0
-15.0	-40.0	66.0
15.0	-10.0	-17.0
-15.0	-56.0	50.0
48.0	9.0	2.0
42.0	-75.0	26.0
-24.0	-6.0	63.0
0.0	17.0	-6.0
33.0	-70.0	48.0
0.0	17.0	-6.0
12.0	-47.0	52.0
-30.0	-4.0	-25.0
21.0	-18.0	-19.0
-39.0	-47.0	-18.0

// Blair KS, 2007: PMID 17239620-1
// Subjects=20
-7.3	20.4	25.5
36.2	57.1	0.8
-20.6	50.0	-18.1
21.1	53.4	-18.8
49.4	-73.8	-0.7
-32.0	54.0	21.9
-40.3	-78.8	-2.6
29.8	-5.7	-27.3
-40.5	-0.3	7.6
-19.3	-6.5	-18.9
43.9	44.4	28.5
-35.4	22.6	-13.4
-46.4	-76.4	43.0
8.8	22.9	41.9
55.2	-38.0	63.2
11.8	-19.5	-10.4
36.2	57.1	0.8
-38.6	20.7	-9.8
-16.8	35.2	52.3
4.7	-48.9	35.7
22.4	-8.4	-20.3
40.5	60.2	-1.8
-26.9	0.5	-23.9
40.5	23.6	-6.5
5.5	52.1	35.0
-57.5	6.5	28.4
42.9	40.0	26.7
-48.5	-75.3	44.1
0.3	-53.7	16.0
1.5	-47.9	35.6
52.7	-84.6	-3.2
-15.7	34.2	52.4
33.2	-63.7	-20.3
-21.6	47.8	-19.0
-58.7	7.2	10.5
40.8	7.9	23.8
38.4	24.7	-6.6
-28.9	24.5	-2.4
-14.9	33.3	13.4
37.3	57.1	-0.4
66.5	-24.3	18.4
42.9	43.3	27.5
-51.1	-81.4	-7.8
8.8	22.3	34.1
60.0	-49.0	-11.8
-27.2	-53.7	45.4
-61.8	-68.6	-6.5
-40.8	26.5	-17.0
-49.1	26.7	14.3
-27.9	-3.5	-21.3
29.9	-15.7	-18.7
-55.5	-8.3	1.7
64.5	-59.5	18.0
34.1	55.9	-1.3
-31.9	40.7	28.6
-28.8	55.1	21.8
-46.7	5.4	40.6

// Grezes J, 2007: PMID 17270466-1
// Subjects=20
54.0	14.0	-26.0
36.0	32.0	-20.0
-46.0	34.0	-14.0
-54.0	-50.0	16.0
-2.0	44.0	-14.0
13.0	-30.0	0.0
24.0	-24.0	-14.0
-22.0	-4.0	-32.0
52.0	-48.0	12.0
-44.0	-82.0	4.0
28.0	0.0	-28.0
44.0	-52.0	-22.0
-40.0	-56.0	-18.0
52.0	-72.0	6.0
8.0	18.0	66.0
-12.0	-52.0	40.0
-32.0	12.0	-30.0
4.0	54.0	28.0
26.0	10.0	-28.0
-58.0	-54.0	14.0
60.0	-46.0	16.0
48.0	-66.0	8.0
64.0	-46.0	24.0
34.0	28.0	-16.0
34.0	4.0	-24.0
44.0	18.0	-32.0
-32.0	14.0	-32.0
48.0	-20.0	-8.0
10.0	0.0	70.0
6.0	-56.0	66.0
50.0	30.0	-12.0
54.0	-16.0	-14.0
60.0	-36.0	24.0
-10.0	-76.0	-42.0
54.0	4.0	40.0
-52.0	-42.0	24.0
-52.0	-54.0	20.0
50.0	28.0	24.0
60.0	-44.0	18.0
50.0	-44.0	22.0
50.0	30.0	-4.0
-16.0	-24.0	10.0
24.0	10.0	-28.0

// Thermenos HW, 2007: PMID 17276751-1
// Subjects=20
18.0	-7.0	-22.0
-18.0	-1.0	-23.0
15.0	-7.0	-22.0
18.0	-1.0	-23.0

// Mitterschiffthaler MT, 2007: PMID 17290372-1
// Subjects=20
-12.0	14.0	16.0
-4.0	-12.0	38.0
-10.0	38.0	14.0
-8.0	-26.0	64.0
46.0	-16.0	0.0
-54.0	-34.0	8.0
8.0	4.0	-6.0
-20.0	32.0	46.0
-14.0	-46.0	2.0
-4.0	-28.0	38.0
-12.0	-48.0	44.0
60.0	6.0	-2.0
20.0	-15.0	-20.0
-14.0	-32.0	40.0
-12.0	14.0	56.0
-14.0	-52.0	-16.0
-56.0	-36.0	10.0
-36.0	-30.0	18.0
48.0	-20.0	4.0
-40.0	-32.0	8.0

// Hou C, 2007: PMID 17331476-1
// Subjects=20
57.0	-66.0	-15.0
-42.0	33.0	18.0
45.0	18.0	27.0
-3.0	54.0	39.0
-3.0	60.0	24.0
-9.0	-9.0	15.0
12.0	-9.0	0.0
-51.0	-69.0	6.0
6.0	9.0	9.0
-6.0	9.0	9.0
66.0	-21.0	9.0
-6.0	-48.0	6.0
-33.0	-12.0	21.0
48.0	-42.0	-24.0
51.0	-78.0	21.0
51.0	12.0	-18.0
-54.0	-45.0	-15.0
-42.0	48.0	15.0
-42.0	33.0	18.0
-57.0	21.0	24.0
3.0	48.0	3.0
42.0	57.0	15.0
39.0	60.0	12.0
-42.0	48.0	15.0
9.0	33.0	30.0
24.0	-21.0	-9.0
-24.0	-51.0	-6.0
54.0	-51.0	-15.0
-33.0	-36.0	69.0
-15.0	-24.0	-6.0
21.0	-27.0	12.0
69.0	-18.0	9.0
18.0	-99.0	-15.0
6.0	-51.0	15.0
-24.0	-15.0	0.0
-66.0	-42.0	-3.0
18.0	-15.0	18.0
15.0	-30.0	12.0
-51.0	27.0	-12.0
-21.0	63.0	15.0
21.0	-6.0	3.0
9.0	9.0	6.0
-12.0	63.0	27.0
-3.0	33.0	39.0
-21.0	-24.0	-18.0
-3.0	60.0	-18.0
28.0	-20.0	-18.0
-9.0	6.0	6.0
48.0	39.0	33.0
9.0	9.0	6.0
57.0	33.0	15.0
-3.0	-6.0	30.0
6.0	-36.0	24.0
3.0	27.0	60.0
-42.0	0.0	12.0
42.0	-33.0	6.0
69.0	-12.0	9.0
-12.0	-27.0	15.0
42.0	57.0	6.0
18.0	-33.0	-12.0
3.0	3.0	3.0
15.0	-90.0	9.0
12.0	-93.0	0.0
3.0	-39.0	24.0

// Simmonds DJ, 2007: PMID 17350054-1
// Subjects=20
-55.0	-42.0	6.0
12.0	-64.0	-37.0
-18.0	-93.0	0.0
40.0	-55.0	-9.0
-8.0	1.0	50.0
57.0	-36.0	9.0
26.0	-24.0	-11.0
57.0	-53.0	36.0
-30.0	20.0	10.0
-4.0	8.0	53.0
-40.0	-21.0	53.0
10.0	-51.0	-14.0
32.0	16.0	14.0
-18.0	-42.0	-15.0
22.0	-40.0	-18.0
18.0	46.0	33.0
-36.0	-24.0	33.0
2.0	-43.0	2.0
46.0	-16.0	60.0
16.0	-1.0	15.0
18.0	-67.0	-17.0
48.0	-16.0	25.0
20.0	63.0	10.0
12.0	0.0	7.0
18.0	-5.0	22.0
-14.0	1.0	64.0
-63.0	-40.0	24.0

// Fusar-Poli P, 2007: PMID 17375288-1
// Subjects=20
-49.3	36.0	-3.2
4.6	-64.7	11.3
-6.1	-60.8	6.7
-41.2	1.2	55.4
-60.8	-42.9	-4.2
-22.1	-72.7	5.6
28.1	-71.4	4.9
28.0	36.2	33.8
1.1	-82.7	-29.5
24.6	42.1	14.4
-5.9	-74.9	31.3
-10.9	47.0	-15.7
16.3	-40.8	15.9
16.3	-57.2	10.6
39.4	16.7	-13.7
32.0	41.8	8.8
24.6	42.1	14.4
28.2	-59.3	22.9
32.1	-63.1	-25.9
27.7	32.9	-9.4
20.6	-57.6	5.0
-10.4	-48.9	10.2
16.5	-55.8	28.3
32.5	-71.4	18.3
-49.1	30.1	16.3
-25.4	-26.9	20.8
-22.0	-71.7	18.9
-25.2	-63.4	30.5
13.4	-57.6	47.4
16.5	-38.9	40.3
20.5	-41.4	8.1
-2.7	-59.0	29.9
-25.4	-61.0	5.8
32.4	-28.1	26.9
-13.7	-49.5	2.5
-45.0	40.4	-2.5
-33.1	-43.9	-20.1
-29.8	-54.6	-7.0
-49.2	36.5	3.5
-49.2	36.5	3.5
25.0	-39.6	31.3
16.4	-35.2	33.3
27.8	29.6	3.2
32.3	-44.8	3.8
28.0	-37.5	3.2
32.3	-49.2	1.9
-33.2	-36.0	-27.4

// Callan DE, 2008: PMID 17390317-1
// Subjects=20
20.0	-40.0	-12.0
22.0	-22.0	-16.0
10.0	-24.0	-11.0
52.0	-68.0	2.0
28.0	-26.0	-6.0
-32.0	-1.0	-17.0
-58.0	-36.0	0.0
16.0	-30.0	-12.0
14.0	28.0	24.0
-4.0	-34.0	18.0
50.0	-40.0	8.0
50.0	4.0	-40.0
-6.0	-16.0	-14.0
60.0	-24.0	48.0
-56.0	-22.0	8.0
22.0	-22.0	-16.0
62.0	-8.0	18.0
58.0	-36.0	40.0
-28.0	-32.0	42.0
30.0	24.0	26.0
14.0	28.0	26.0
46.0	-34.0	48.0
-32.0	0.0	-20.0
34.0	-2.0	-18.0
-48.0	-30.0	48.0
24.0	26.0	22.0
-8.0	-16.0	-18.0
-18.0	-88.0	10.0

// Eldar E, 2007: PMID 17395609-1
// Subjects=20
44.7	24.0	-15.5
28.9	-65.0	-22.4
0.1	-71.2	-18.2
-48.1	-47.4	-21.8
55.7	-59.0	-16.5
51.5	21.3	31.5
-51.4	8.5	-14.2
31.9	36.8	-14.2
25.6	-11.9	-23.4
28.7	-2.2	-23.2
-38.2	-59.1	4.7
-9.3	-9.6	37.0
35.0	40.8	-17.9
51.1	21.3	-23.2
-6.3	-72.1	-14.7
49.2	29.4	13.0
-2.0	-26.6	-5.2
-12.6	-61.3	1.2
-51.2	-66.2	-18.0
64.2	-29.9	-12.3
67.4	-39.1	-8.3
67.4	-19.6	-3.2
54.4	16.0	-9.4
-6.3	-33.1	-5.7

// McCrea SM, 2007: PMID 17448546-1
// Subjects=20
24.0	-66.0	30.0
-48.0	-40.0	-15.0
-20.0	-62.0	50.0
50.0	4.0	36.0
26.0	-8.0	72.0
40.0	-60.0	-24.0
-32.0	22.0	0.0
-34.0	-40.0	-4.0
-50.0	8.0	38.0
32.0	-26.0	-10.0
-24.0	2.0	22.0
-38.0	-66.0	-12.0
42.0	-60.0	-24.0
30.0	-74.0	44.0
6.0	12.0	22.0
54.0	10.0	32.0
-2.0	2.0	28.0
-4.0	-72.0	-28.0
-22.0	-98.0	-2.0
40.0	-36.0	-22.0

// Opitz B, 2007: PMID 17455365-1
// Subjects=20
-58.4	-19.5	37.3
37.2	8.3	-25.3
-26.7	-22.5	-18.6
25.6	-10.5	-20.2
-64.9	-34.2	12.9
-55.2	-36.2	26.4
41.7	-6.5	-10.7
28.8	9.5	-8.5
18.1	-27.0	-25.4
-0.0	-10.4	-16.6
-36.3	-10.1	-9.5
8.9	-82.1	6.1
64.4	-26.8	14.2

// Banich MT, 2007: PMID 17499456-1
// Subjects=20
-24.0	2.0	-32.0
-18.0	-8.0	-18.0
-18.0	-28.0	-16.0
-8.0	-18.0	0.0
20.0	-18.0	-16.0
-18.0	54.0	-10.0
-8.0	20.0	12.0
-44.0	-72.0	18.0
-19.0	66.0	10.0

// Daselaar SM, 2008: PMID 17548799-1
// Subjects=20
-41.0	-38.0	65.0
-38.0	-81.0	-2.0
-45.0	-57.0	-26.0
4.0	13.0	45.0
38.0	29.0	-14.0
34.0	15.0	61.0
8.0	60.0	28.0
49.0	20.0	27.0
30.0	-81.0	-6.0
23.0	-15.0	-12.0
4.0	44.0	-9.0
-26.0	-52.0	58.0
-23.0	-26.0	-5.0
-42.0	44.0	-3.0
-45.0	21.0	41.0
-23.0	-26.0	-5.0
-19.0	-5.0	-19.0
-19.0	-5.0	-19.0
26.0	-26.0	-11.0
-41.0	-25.0	8.0
38.0	-49.0	58.0
-49.0	-53.0	38.0
-53.0	15.0	13.0
60.0	-15.0	4.0
4.0	-54.0	20.0
26.0	-26.0	-11.0
41.0	-30.0	47.0
-41.0	-38.0	65.0
0.0	51.0	11.0
-64.0	-10.0	15.0
38.0	-25.0	12.0
38.0	-25.0	12.0
49.0	-4.0	49.0
49.0	-4.0	49.0
26.0	-7.0	11.0
56.0	-52.0	-10.0
-64.0	-10.0	15.0
41.0	-30.0	47.0
26.0	-7.0	11.0
23.0	-77.0	7.0
56.0	-52.0	-10.0
52.0	26.0	-1.0
-15.0	4.0	-4.0
23.0	-77.0	7.0
23.0	60.0	11.0
23.0	60.0	11.0
15.0	-43.0	27.0
15.0	-43.0	27.0
4.0	33.0	-2.0
0.0	51.0	11.0
-15.0	4.0	-4.0
52.0	26.0	-1.0
4.0	33.0	-2.0

// Furl N, 2007: PMID 17561416-1
// Subjects=20
22.0	-86.0	0.0
26.0	-4.0	-8.0
26.0	-84.0	-22.0
-28.0	-84.0	-20.0
26.0	-52.0	-20.0
40.0	-74.0	-14.0
-28.0	-92.0	8.0
10.0	-94.0	-4.0
48.0	16.0	-28.0
-38.0	-38.0	2.0
-16.0	-4.0	38.0
-18.0	-44.0	40.0
-2.0	-28.0	34.0
28.0	-12.0	-16.0

// Tomasi D, 2007: PMID 17582746-1
// Subjects=20
-12.0	15.0	30.0
-33.0	21.0	-3.0
33.0	21.0	0.0
-30.0	6.0	54.0
27.0	6.0	54.0
-18.0	42.0	-3.0
-21.0	-21.0	-3.0
-6.0	-15.0	3.0
6.0	-15.0	3.0
-3.0	-36.0	-12.0
-39.0	-12.0	6.0
39.0	-12.0	12.0
-45.0	6.0	24.0
42.0	12.0	27.0
-21.0	-6.0	-18.0
-6.0	18.0	42.0
-33.0	-69.0	39.0
33.0	-33.0	-6.0
3.0	-63.0	24.0
-6.0	-6.0	42.0
-6.0	-33.0	63.0
-39.0	-48.0	57.0
27.0	-45.0	57.0
-18.0	-75.0	-9.0
0.0	-75.0	-33.0
9.0	-78.0	3.0
12.0	-60.0	60.0
-15.0	-48.0	3.0
-24.0	-60.0	60.0
-9.0	-48.0	45.0
42.0	-63.0	-12.0
-42.0	-63.0	-12.0
-39.0	-57.0	-12.0
15.0	-48.0	3.0

// Wylie GR, 2008: PMID 17617657-1
// Subjects=20
45.8	25.1	-15.6
-31.0	65.8	22.0
-26.7	39.4	10.8
63.5	-65.1	27.4
-14.0	-5.9	-25.7
71.6	-17.1	-12.4
20.8	-30.2	42.8
20.2	-26.9	-24.4
33.2	10.1	12.5
-39.2	-27.3	29.9
-56.8	37.8	-6.6
-61.0	16.7	-4.8
-34.9	34.6	60.3
50.4	6.0	12.7
-5.2	-20.0	11.1
7.6	-73.8	-24.7
37.6	-54.7	0.1
-26.6	-33.9	-0.9
-26.4	-54.0	14.1
54.4	20.9	-15.4
-34.8	-35.4	35.0
-35.3	-35.7	-23.0
-26.7	0.3	0.7
58.7	-22.4	-25.2
-5.5	73.0	3.3
-26.4	-49.4	18.2
-13.6	-10.6	23.7
-26.3	-92.8	8.5
-37.5	-11.5	-27.2
-56.5	40.6	28.9
29.0	19.3	20.7
-34.8	-35.4	35.0
-0.9	-24.6	6.9
-9.1	-25.8	47.3
-35.2	-82.9	-27.9
59.1	-9.5	31.7
50.1	25.1	-15.7
24.6	-17.7	-16.2
-31.0	61.2	17.9
-56.1	-12.7	55.6
-60.3	-55.4	54.8
29.0	19.6	25.2
25.0	-25.9	42.4
-47.6	-8.1	59.6
-35.1	40.7	28.6
-26.7	0.3	0.7
20.0	66.9	-23.3

// Monti MM, 2007: PMID 17627851-1
// Subjects=20
-6.0	10.0	48.0
-46.0	-2.0	30.0
-48.0	-8.0	54.0
-44.0	10.0	26.0
6.0	12.0	48.0
-50.0	16.0	24.0
42.0	4.0	36.0
-48.0	-48.0	8.0
32.0	-58.0	46.0
60.0	-6.0	-16.0
-52.0	-44.0	-2.0
36.0	8.0	-26.0
42.0	22.0	-36.0
38.0	22.0	-34.0
6.0	-30.0	-6.0
28.0	-56.0	42.0
10.0	-84.0	2.0
-28.0	58.0	0.0
-8.0	-16.0	2.0
32.0	-92.0	-6.0
-6.0	-32.0	-12.0
16.0	8.0	-8.0
8.0	-14.0	10.0
20.0	6.0	-8.0
-20.0	6.0	-12.0
20.0	-88.0	-6.0
-22.0	-80.0	24.0
-6.0	-74.0	24.0
-22.0	16.0	0.0
-12.0	12.0	-4.0
-22.0	16.0	-10.0
8.0	12.0	-8.0
-36.0	56.0	8.0
-32.0	62.0	0.0
-20.0	8.0	0.0
-2.0	28.0	38.0
14.0	-84.0	-26.0
-40.0	54.0	0.0
-32.0	4.0	62.0
-40.0	50.0	-6.0
-46.0	10.0	50.0
2.0	30.0	36.0
-46.0	42.0	-10.0
-36.0	6.0	54.0
44.0	12.0	50.0
-32.0	20.0	-8.0
6.0	28.0	38.0
-2.0	22.0	46.0
32.0	28.0	-2.0
-32.0	64.0	12.0
-52.0	40.0	-12.0
-28.0	60.0	16.0
48.0	10.0	50.0
-38.0	-72.0	46.0
-36.0	-56.0	42.0
-10.0	16.0	40.0
-34.0	20.0	0.0
32.0	-66.0	-36.0
12.0	-80.0	-32.0
-4.0	-98.0	-4.0
38.0	-60.0	-34.0
20.0	-78.0	-38.0
-40.0	28.0	0.0
10.0	-84.0	-24.0
-6.0	-34.0	-6.0
-44.0	44.0	-6.0
-50.0	0.0	42.0
-12.0	40.0	36.0
32.0	24.0	-12.0
-12.0	-96.0	-20.0
28.0	16.0	32.0
40.0	-72.0	44.0
-34.0	24.0	-12.0
-52.0	24.0	-2.0
26.0	-74.0	-40.0
-32.0	44.0	-6.0
-38.0	58.0	-4.0
4.0	12.0	50.0
-10.0	22.0	28.0
-48.0	16.0	22.0
-50.0	28.0	18.0
4.0	-34.0	26.0
-2.0	-58.0	-50.0
-60.0	-60.0	8.0
-10.0	20.0	34.0
-42.0	20.0	12.0
30.0	4.0	56.0
34.0	8.0	66.0
34.0	4.0	68.0
-30.0	-64.0	54.0
-8.0	4.0	60.0
-58.0	-46.0	4.0
-8.0	12.0	48.0
-66.0	-54.0	6.0
-52.0	20.0	12.0
-46.0	-50.0	0.0
-10.0	-72.0	-8.0
-10.0	-80.0	2.0
-8.0	-88.0	0.0
-8.0	-74.0	10.0
10.0	-88.0	-6.0
-10.0	-82.0	-4.0
-6.0	-40.0	22.0
-54.0	24.0	10.0
6.0	14.0	-2.0
4.0	-32.0	-10.0
-12.0	-16.0	6.0
14.0	14.0	-4.0
-30.0	24.0	2.0
-4.0	-36.0	24.0
42.0	-42.0	-22.0
-6.0	-32.0	-8.0
-2.0	-30.0	-8.0
38.0	-42.0	-30.0
-36.0	-64.0	48.0
34.0	-46.0	-26.0
-56.0	22.0	32.0
-46.0	50.0	0.0
-38.0	12.0	40.0
-48.0	16.0	40.0
-38.0	16.0	52.0
-32.0	60.0	4.0
-22.0	-38.0	-52.0
-48.0	36.0	-8.0
-52.0	44.0	-8.0
-46.0	48.0	-10.0
48.0	28.0	34.0
52.0	20.0	34.0
42.0	28.0	46.0
48.0	24.0	28.0
-6.0	28.0	46.0
-48.0	24.0	40.0
-2.0	34.0	34.0
-40.0	12.0	46.0
-6.0	22.0	56.0
-46.0	-50.0	48.0
-50.0	-46.0	42.0
-40.0	-66.0	48.0
-44.0	-54.0	44.0
-4.0	38.0	36.0
-44.0	-16.0	-40.0
-34.0	-56.0	16.0
14.0	56.0	-20.0
-42.0	-62.0	52.0
16.0	-30.0	-16.0
-16.0	-30.0	-12.0
-62.0	-34.0	26.0
-36.0	-92.0	12.0
-16.0	-90.0	16.0
-4.0	4.0	58.0
-34.0	-66.0	46.0
30.0	-20.0	-14.0

// Meister IG, 2007: PMID 17634931-1
// Subjects=20
-42.0	30.0	36.0
-30.0	63.0	3.0
-3.0	33.0	48.0
-27.0	48.0	-12.0
45.0	18.0	-9.0
-36.0	21.0	-24.0
-18.0	-12.0	-15.0
15.0	-9.0	-18.0
48.0	18.0	39.0
-51.0	39.0	-9.0
-36.0	36.0	-15.0
24.0	51.0	27.0
-60.0	-54.0	36.0
12.0	-93.0	-15.0
-30.0	-66.0	-27.0
-45.0	30.0	6.0
-36.0	21.0	30.0
27.0	-90.0	-18.0
-39.0	-84.0	-21.0
3.0	-21.0	36.0
39.0	-81.0	-24.0
63.0	-45.0	33.0
-30.0	18.0	39.0

// Schaefer M, 2007: PMID 17655834-1
// Subjects=20
-6.0	10.0	56.0
14.0	8.0	50.0
-8.0	12.0	54.0
32.0	-36.0	-6.0
-8.0	-58.0	10.0
2.0	30.0	2.0
26.0	-34.0	34.0
18.0	-92.0	-2.0
-14.0	-92.0	0.0
22.0	-58.0	62.0
38.0	-86.0	-4.0
-10.0	54.0	12.0
-10.0	48.0	36.0

// Marchand WR, 2007: PMID 17888686-1
// Subjects=20
22.0	-50.0	-26.0
-42.0	4.0	-24.0
-22.0	-56.0	68.0
50.0	-74.0	28.0
2.0	-76.0	20.0
-32.0	-32.0	70.0
2.0	44.0	6.0
6.0	-60.0	-20.0
38.0	-32.0	52.0
10.0	-60.0	18.0
48.0	-30.0	60.0
-34.0	-32.0	68.0
36.0	-32.0	56.0
4.0	-88.0	30.0
42.0	-18.0	18.0
-12.0	-68.0	12.0
10.0	-68.0	14.0
-2.0	-76.0	16.0
6.0	-72.0	26.0
6.0	-70.0	16.0
-44.0	-28.0	44.0
-36.0	-30.0	52.0
-18.0	-22.0	4.0
26.0	-50.0	66.0
-4.0	-70.0	44.0
52.0	-20.0	48.0
-2.0	44.0	50.0
-8.0	-58.0	-18.0
-42.0	-30.0	4.0
34.0	-28.0	52.0
34.0	-30.0	60.0
-48.0	-28.0	20.0
-6.0	-16.0	56.0
58.0	-66.0	26.0
-22.0	-12.0	28.0
0.0	50.0	44.0
8.0	-58.0	-22.0
18.0	-20.0	4.0
30.0	-12.0	2.0
36.0	-24.0	12.0
-46.0	6.0	-18.0
-28.0	-10.0	4.0
2.0	-82.0	40.0
-14.0	-48.0	28.0
20.0	-48.0	26.0
6.0	-90.0	-16.0
6.0	-94.0	8.0
2.0	-66.0	-4.0
0.0	-66.0	-4.0
6.0	24.0	4.0
6.0	-90.0	-16.0
-26.0	-56.0	64.0
-4.0	-80.0	-24.0
-16.0	-18.0	72.0
-26.0	20.0	-2.0
12.0	-18.0	58.0
2.0	-82.0	40.0
8.0	-82.0	-20.0
22.0	44.0	-4.0
-22.0	38.0	-6.0
24.0	42.0	-4.0
-22.0	36.0	-6.0
28.0	32.0	-2.0
-6.0	44.0	-8.0
20.0	50.0	16.0
4.0	-88.0	-10.0
-22.0	46.0	-2.0
-22.0	16.0	-2.0
-4.0	-50.0	14.0
2.0	-44.0	4.0
-22.0	-48.0	-32.0
-10.0	-54.0	-24.0
36.0	-32.0	62.0
12.0	-34.0	-16.0
30.0	-20.0	48.0
22.0	-14.0	72.0
4.0	-86.0	34.0
44.0	-30.0	16.0
-50.0	-24.0	20.0
24.0	14.0	-6.0
-2.0	-80.0	46.0
-18.0	-50.0	26.0
44.0	-16.0	10.0
36.0	-26.0	12.0
-28.0	-48.0	26.0
-46.0	-2.0	0.0
-32.0	-48.0	4.0
48.0	-62.0	-8.0
-18.0	-34.0	-42.0
14.0	-18.0	-20.0
52.0	-2.0	0.0
34.0	-50.0	62.0
60.0	-30.0	36.0
16.0	-12.0	-20.0
28.0	-52.0	44.0
-40.0	-28.0	50.0
-28.0	-12.0	62.0
26.0	-24.0	30.0
-50.0	-12.0	8.0
-38.0	-12.0	64.0
-30.0	-14.0	62.0
-32.0	-56.0	62.0
-44.0	-38.0	60.0
-12.0	-26.0	-14.0
8.0	-90.0	28.0
24.0	-46.0	-30.0

// Qiu M, 2008: PMID 17948882-1
// Subjects=20
41.0	-13.0	18.0
28.0	0.0	-2.0
-3.0	26.0	18.0
-20.0	-10.0	-12.0
-23.0	-21.0	-6.0
26.0	-11.0	-12.0
17.0	-29.0	-6.0
-41.0	-13.0	18.0
-22.0	-41.0	-11.0
-33.0	0.0	-5.0
-2.0	-56.0	8.0
12.0	-35.0	-11.0
-42.0	35.0	7.0
38.0	46.0	10.0
-54.0	47.0	7.0
-35.0	29.0	33.0
53.0	-42.0	2.0
45.0	27.0	23.0
-31.0	-22.0	-6.0
39.0	-47.0	38.0
29.0	-15.0	-14.0
-38.0	-52.0	38.0

// Tsukiura T, 2008: PMID 17948885-1
// Subjects=20
-14.0	-60.0	5.0
-4.0	-63.0	-10.0
20.0	9.0	-19.0
2.0	62.0	1.0
-8.0	-45.0	26.0
40.0	-63.0	27.0
8.0	-35.0	39.0
10.0	-45.0	26.0
10.0	-72.0	2.0
-10.0	-48.0	13.0
32.0	-34.0	62.0
-57.0	-6.0	-13.0
55.0	-37.0	30.0
0.0	51.0	12.0
-22.0	3.0	-14.0
-10.0	8.0	5.0
44.0	9.0	22.0
8.0	-54.0	5.0
30.0	-66.0	36.0
44.0	-45.0	35.0
6.0	-76.0	30.0
18.0	-7.0	-16.0
34.0	18.0	1.0
34.0	12.0	-26.0
4.0	-11.0	8.0
6.0	-32.0	-9.0
2.0	-22.0	27.0
-6.0	-56.0	-22.0
40.0	25.0	32.0
10.0	-87.0	1.0
24.0	-28.0	-10.0

// Niddam DM, 2008: PMID 17999939-1
// Subjects=20
14.0	-13.0	6.0
24.0	44.0	20.0
-32.0	17.0	-3.0
-40.0	45.0	12.0
30.0	50.0	21.0
-42.0	30.0	24.0
-38.0	27.0	35.0
-51.0	2.0	9.0
63.0	-26.0	20.0
40.0	-52.0	41.0
-22.0	-35.0	63.0
24.0	-34.0	59.0
-53.0	-26.0	16.0
-2.0	-44.0	59.0
4.0	-53.0	67.0
-57.0	-28.0	27.0
14.0	-35.0	46.0
-12.0	-64.0	38.0
-34.0	5.0	13.0
-51.0	13.0	-4.0
50.0	2.0	4.0
-14.0	-21.0	43.0
-53.0	-16.0	-4.0
48.0	-31.0	5.0
-2.0	43.0	11.0
-4.0	28.0	17.0
4.0	-8.0	30.0
-4.0	21.0	28.0
-40.0	-16.0	-1.0
2.0	-32.0	27.0
-38.0	13.0	14.0
44.0	13.0	-2.0
63.0	-30.0	27.0
40.0	-18.0	-1.0
-6.0	-8.0	2.0
14.0	-7.0	11.0
6.0	-78.0	43.0
0.0	14.0	47.0
-44.0	-46.0	47.0
4.0	19.0	23.0
-46.0	16.0	10.0
53.0	-12.0	25.0
16.0	10.0	3.0
-14.0	20.0	8.0
14.0	22.0	4.0
-50.0	-12.0	25.0
-2.0	-73.0	-20.0
26.0	-63.0	-20.0
48.0	14.0	7.0
57.0	-13.0	27.0
-51.0	-12.0	26.0
-51.0	-25.0	44.0
-57.0	-11.0	19.0
50.0	-35.0	39.0
48.0	-67.0	24.0
38.0	11.0	-10.0
42.0	3.0	18.0
36.0	-5.0	11.0
-14.0	-13.0	4.0
18.0	-46.0	-18.0
-28.0	-39.0	5.0
53.0	-22.0	34.0
-38.0	-16.0	-3.0
6.0	-15.0	3.0
51.0	-24.0	33.0
-53.0	-25.0	45.0
-57.0	-11.0	19.0
40.0	-3.0	17.0
-20.0	-12.0	-4.0
32.0	-31.0	-3.0
-22.0	-37.0	-7.0
-14.0	-25.0	10.0
34.0	-58.0	38.0
-20.0	-10.0	4.0
-10.0	-68.0	35.0
16.0	-74.0	35.0
36.0	-57.0	34.0
32.0	-29.0	-2.0
-22.0	-37.0	-7.0
14.0	-15.0	6.0
-36.0	-20.0	-2.0
-18.0	-17.0	5.0

// Koelsch S, 2007: PMID 18028117-1
// Subjects=20
29.9	-24.0	-15.8
-21.5	-6.6	-20.0
-26.8	-2.1	-17.0
29.9	-21.9	-16.0

// Shipman SL, 2008: PMID 18055028-1
// Subjects=20
21.0	-63.0	-48.0
30.0	-15.0	-21.0
21.0	-42.0	-9.0
-30.0	-48.0	-6.0
33.0	-39.0	-15.0
-24.0	-60.0	27.0
36.0	9.0	33.0
21.0	-15.0	-21.0
-24.0	-57.0	-15.0
-6.0	-54.0	36.0
-51.0	-36.0	-3.0
30.0	-36.0	-3.0
30.0	-12.0	-18.0
-36.0	-42.0	-3.0
6.0	36.0	-6.0
-51.0	-45.0	3.0
54.0	-3.0	-27.0
0.0	36.0	6.0
-12.0	63.0	9.0

// Tavares P, 2008: PMID 18065722-1
// Subjects=20
50.0	-30.0	-4.0
-6.0	-52.0	22.0
12.0	-52.0	30.0
4.0	56.0	20.0
54.0	-50.0	14.0
58.0	-60.0	22.0
40.0	26.0	-24.0
-26.0	2.0	-26.0
26.0	0.0	-24.0
0.0	-50.0	26.0
2.0	-50.0	28.0
2.0	58.0	28.0
-52.0	-64.0	22.0
-44.0	8.0	-30.0
42.0	-54.0	-18.0
-8.0	60.0	24.0
12.0	50.0	36.0
-52.0	-32.0	2.0
-20.0	-8.0	-16.0
-8.0	56.0	34.0
42.0	-48.0	-22.0
44.0	20.0	-30.0
10.0	-61.0	-10.0
22.0	-20.0	-17.0
-44.0	26.0	-20.0
26.0	-12.0	-11.0
-8.0	56.0	29.0
2.0	57.0	23.0
30.0	4.0	-28.0
50.0	-36.0	-4.0
16.0	-33.0	-7.0
-30.0	0.0	42.0

// Nakata H, 2008: PMID 18083602-1
// Subjects=20
40.0	32.0	21.0
-45.0	38.0	24.0
40.0	57.0	8.0
-42.0	48.0	20.0
28.0	-14.0	38.0
-44.0	25.0	30.0
-44.0	6.0	45.0
0.0	33.0	39.0
50.0	19.0	-9.0
38.0	23.0	32.0
2.0	25.0	39.0
-42.0	-42.0	59.0
-54.0	18.0	12.0
18.0	-80.0	19.0
48.0	11.0	33.0
60.0	-46.0	21.0
-6.0	-14.0	32.0
51.0	-18.0	32.0
61.0	-19.0	38.0
-54.0	-29.0	46.0
57.0	-36.0	48.0
20.0	-49.0	36.0
-36.0	-54.0	10.0
-48.0	15.0	-6.0
-65.0	-20.0	25.0
-12.0	32.0	21.0
-36.0	10.0	14.0
24.0	3.0	61.0
6.0	33.0	37.0
-44.0	44.0	-6.0
40.0	50.0	-3.0
-42.0	43.0	14.0
20.0	-16.0	38.0
-53.0	1.0	15.0
-16.0	-16.0	-14.0
-6.0	-82.0	6.0
8.0	-23.0	42.0
36.0	9.0	22.0
-10.0	-18.0	36.0
8.0	21.0	45.0
4.0	-27.0	44.0
-46.0	6.0	11.0
55.0	8.0	11.0
16.0	2.0	68.0
-46.0	-33.0	-2.0
-51.0	-41.0	2.0
-44.0	-44.0	52.0
-38.0	-60.0	56.0
32.0	-49.0	-9.0
-26.0	-30.0	18.0
-6.0	-92.0	23.0
51.0	-57.0	-7.0
38.0	16.0	16.0
36.0	52.0	23.0
-4.0	-24.0	34.0
-57.0	-4.0	-3.0
-24.0	-70.0	5.0
-28.0	-2.0	-18.0
-42.0	6.0	42.0
-34.0	21.0	28.0
-12.0	48.0	22.0
-22.0	-25.0	38.0
20.0	-53.0	38.0
-46.0	33.0	4.0
57.0	10.0	9.0
-51.0	-23.0	1.0
48.0	20.0	-8.0
53.0	-16.0	1.0
-18.0	-49.0	25.0
-32.0	50.0	10.0
46.0	10.0	1.0
-10.0	56.0	8.0
44.0	22.0	26.0
-46.0	26.0	26.0
-46.0	18.0	32.0
24.0	-4.0	50.0
-30.0	46.0	36.0
-4.0	5.0	62.0
28.0	-33.0	-7.0
18.0	-33.0	37.0
50.0	-36.0	0.0
-56.0	34.0	-2.0
-12.0	20.0	43.0
-42.0	-66.0	40.0
-28.0	-20.0	48.0
50.0	8.0	8.0
-10.0	-20.0	64.0
54.0	-52.0	6.0
-36.0	-32.0	56.0
-26.0	-44.0	64.0
-34.0	-68.0	48.0
2.0	12.0	46.0
30.0	-72.0	30.0
6.0	-12.0	6.0
-18.0	-62.0	48.0
12.0	-70.0	46.0
-62.0	-50.0	16.0
-42.0	-10.0	42.0
-44.0	-42.0	40.0
-6.0	-26.0	20.0
-10.0	14.0	28.0
34.0	18.0	2.0
-28.0	-82.0	26.0
4.0	32.0	14.0
-50.0	-72.0	6.0
34.0	-60.0	38.0
-30.0	-60.0	36.0
48.0	-44.0	36.0
-26.0	-76.0	12.0

// Morey RA, 2008: PMID 18093809-1
// Subjects=20
34.0	-10.0	64.0
30.0	-54.0	54.0
48.0	-32.0	54.0
-50.0	6.0	26.0
-6.0	8.0	40.0
-10.0	2.0	12.0
-42.0	-4.0	34.0
26.0	26.0	40.0
34.0	-46.0	50.0
54.0	20.0	20.0
-2.0	-54.0	42.0
2.0	-44.0	24.0
6.0	8.0	48.0
-16.0	-8.0	12.0
4.0	40.0	-22.0
30.0	-12.0	-20.0
64.0	-10.0	28.0
4.0	2.0	40.0
4.0	-16.0	58.0
-58.0	-8.0	20.0
58.0	2.0	-6.0
-18.0	0.0	8.0
-34.0	20.0	0.0
-40.0	40.0	22.0
38.0	-18.0	18.0
4.0	58.0	6.0
-40.0	-40.0	58.0
4.0	62.0	4.0
-46.0	-60.0	26.0
4.0	8.0	-12.0
-20.0	-52.0	-18.0
10.0	2.0	12.0
-50.0	36.0	2.0
-2.0	36.0	-2.0
-4.0	50.0	12.0
54.0	-50.0	30.0
28.0	-30.0	-12.0
-40.0	-18.0	16.0
-60.0	-36.0	42.0
2.0	-48.0	32.0
4.0	8.0	0.0
-36.0	8.0	2.0
20.0	-18.0	6.0
36.0	40.0	22.0
58.0	-18.0	-12.0
-2.0	36.0	30.0
26.0	46.0	-6.0
-50.0	-60.0	26.0
54.0	28.0	2.0
38.0	16.0	2.0
46.0	-46.0	40.0
30.0	-52.0	60.0
6.0	-66.0	-28.0
30.0	-86.0	-4.0
-54.0	12.0	12.0
-24.0	50.0	0.0
-2.0	34.0	16.0
2.0	30.0	20.0
-10.0	50.0	0.0

// Polli FE, 2008: PMID 18158315-1
// Subjects=20
-10.5	26.7	23.9
-27.9	25.9	-12.6
-22.4	-46.0	-20.0
-9.2	-86.3	7.7
-6.2	39.4	37.3
29.1	-51.2	4.4
34.1	23.2	-10.9
5.5	13.9	22.6
-51.3	22.7	3.5
-46.0	23.8	3.4
-11.6	18.3	25.8
-13.6	-67.1	8.4
-15.9	-43.8	-5.8
-32.2	26.3	-7.0
-8.2	30.0	52.6
-16.9	-73.5	-4.4
9.7	33.8	17.5
6.5	27.5	19.2
14.3	23.0	57.4
12.1	28.2	55.9
-3.2	-25.0	-12.0
38.3	34.0	-9.6
57.7	26.9	6.4
-3.2	-16.9	-17.1
42.0	23.1	41.5
14.0	37.3	21.6
-50.4	18.8	-19.6
-43.0	27.8	-27.1
-23.5	-48.2	-20.9
35.2	22.2	-10.8
24.8	-51.5	1.1
-3.2	-25.6	-19.7
-12.7	21.3	23.3
31.1	-31.9	-7.3
-3.1	-22.7	3.5
-20.2	-31.6	1.0
9.7	-14.2	2.6
13.9	-3.0	-4.0
5.4	-2.4	5.0
18.6	-78.1	15.6
9.7	33.7	16.4
9.8	17.1	22.3

// Hassabis D, 2007: PMID 18160644-1
// Subjects=20
3.0	-66.0	39.0
-3.0	-54.0	33.0
12.0	-60.0	12.0
-3.0	-57.0	15.0
24.0	-33.0	-18.0
-18.0	-36.0	-15.0
-18.0	-21.0	-15.0
18.0	-24.0	-12.0
57.0	-6.0	-24.0
-57.0	-9.0	-21.0
27.0	36.0	39.0
-48.0	-78.0	18.0
15.0	-18.0	9.0
-3.0	51.0	24.0
21.0	-24.0	-12.0
-3.0	45.0	36.0
9.0	-75.0	57.0
48.0	-72.0	27.0
-48.0	-78.0	24.0
9.0	-57.0	48.0
12.0	-57.0	15.0
45.0	-66.0	24.0
33.0	-42.0	-12.0
-18.0	-36.0	-15.0
57.0	-6.0	-24.0
27.0	27.0	45.0
3.0	24.0	-9.0
-12.0	-60.0	9.0
3.0	42.0	-9.0
3.0	-63.0	63.0
-24.0	24.0	51.0
-9.0	-48.0	6.0
15.0	-57.0	9.0
-6.0	48.0	-9.0
-24.0	24.0	51.0
-3.0	48.0	-12.0
-6.0	54.0	27.0
3.0	-66.0	60.0
45.0	-69.0	33.0
24.0	24.0	48.0
-3.0	-60.0	54.0
-9.0	-42.0	36.0
27.0	-36.0	-18.0
-21.0	-39.0	-18.0
-63.0	-9.0	-18.0
-36.0	-75.0	30.0
57.0	-3.0	-24.0
24.0	-21.0	-15.0
-33.0	-78.0	39.0
48.0	-72.0	27.0
21.0	-33.0	-18.0
-6.0	-54.0	9.0
12.0	-54.0	9.0
-3.0	-39.0	42.0
-6.0	-63.0	51.0
6.0	-66.0	60.0
24.0	-21.0	-15.0
-18.0	-33.0	-15.0
-6.0	-78.0	54.0
-3.0	63.0	6.0
-3.0	-54.0	36.0
3.0	-63.0	39.0
-21.0	-21.0	-21.0
-63.0	-12.0	-18.0

// Barbeau EJ, 2008: PMID 18191160-1
// Subjects=20
14.0	64.0	-7.0
53.0	37.0	7.0
51.0	-69.0	16.0
46.0	-72.0	31.0
26.0	-22.0	-11.0
65.0	-19.0	14.0
52.0	17.0	-4.0
22.0	-13.0	-17.0
8.0	62.0	-11.0
55.0	-11.0	12.0
50.0	-11.0	3.0
-9.0	57.0	30.0
39.0	60.0	-5.0
-50.0	43.0	-7.0
53.0	30.0	18.0
-45.0	50.0	-8.0
-51.0	-75.0	6.0
53.0	38.0	7.0
-10.0	67.0	15.0
-27.0	62.0	15.0
-24.0	62.0	2.0
-27.0	45.0	39.0
-30.0	37.0	41.0
-62.0	11.0	19.0
55.0	12.0	36.0
-62.0	3.0	27.0
-10.0	65.0	15.0
24.0	-22.0	-9.0
-36.0	-23.0	16.0
46.0	-78.0	19.0
22.0	-13.0	-17.0
6.0	50.0	20.0
-44.0	-23.0	10.0
-39.0	-14.0	14.0
40.0	-2.0	11.0
59.0	-43.0	30.0
50.0	-23.0	10.0
56.0	-14.0	10.0
6.0	39.0	26.0
56.0	-31.0	27.0
-38.0	-26.0	15.0
8.0	66.0	-10.0
-50.0	-15.0	6.0
40.0	60.0	-5.0
46.0	56.0	1.0
-33.0	60.0	-11.0
-45.0	50.0	-5.0
-44.0	55.0	5.0
57.0	-24.0	21.0
56.0	-31.0	27.0
18.0	67.0	6.0
-45.0	-21.0	9.0
-56.0	-51.0	27.0
30.0	-28.0	-9.0
15.0	66.0	-7.0

// Trivedi MA, 2008: PMID 18241895-1
// Subjects=20
-24.0	-6.0	-16.0
-6.0	-58.0	22.0
-60.0	-28.0	36.0
22.0	-4.0	-14.0
-24.0	-8.0	-20.0
32.0	-50.0	-18.0
-52.0	-72.0	28.0
28.0	-6.0	-22.0
-8.0	56.0	8.0
-8.0	20.0	48.0
0.0	-16.0	36.0
30.0	-4.0	-12.0
-48.0	-24.0	58.0
0.0	62.0	6.0
14.0	8.0	-14.0
28.0	-38.0	-20.0
-12.0	20.0	-16.0
10.0	-52.0	2.0
-50.0	-20.0	56.0
-36.0	-60.0	-4.0
22.0	-18.0	-14.0

// Freitag CM, 2008: PMID 18262208-1
// Subjects=20
44.0	30.0	-10.0
22.0	12.0	2.0
4.0	12.0	-2.0
24.0	-68.0	18.0
64.0	-20.0	-20.0
-56.0	-26.0	28.0
54.0	-20.0	30.0
42.0	2.0	6.0
52.0	-4.0	2.0
30.0	-12.0	-20.0
-32.0	-10.0	-38.0
-40.0	0.0	-6.0
-16.0	12.0	8.0
-28.0	-8.0	-2.0
-8.0	-2.0	64.0
4.0	-8.0	2.0
-46.0	-46.0	38.0
-4.0	-64.0	36.0
-18.0	-44.0	34.0
-32.0	-22.0	44.0
16.0	-84.0	10.0
-12.0	-38.0	4.0
62.0	-26.0	24.0
14.0	-30.0	-14.0
-8.0	64.0	28.0
-10.0	-4.0	22.0
22.0	-64.0	18.0
54.0	-20.0	30.0
32.0	-36.0	44.0
54.0	-64.0	6.0
-6.0	2.0	48.0
38.0	-16.0	42.0
10.0	-6.0	60.0
28.0	34.0	48.0
-20.0	-30.0	70.0
-54.0	-26.0	24.0
44.0	0.0	4.0
-32.0	-10.0	-36.0
-58.0	2.0	2.0
-38.0	-12.0	18.0
-16.0	-30.0	-10.0
10.0	0.0	46.0

// Kostopoulos P, 2008: PMID 18279361-1
// Subjects=20
1.3	38.3	35.1
-37.0	3.1	51.9
35.1	26.4	-11.1
-37.3	-71.1	-26.7
-0.5	-60.6	50.1
-7.5	3.4	-2.0
-32.6	-48.7	42.8
-0.7	13.9	50.5
-52.2	-41.1	4.4
-43.5	6.4	40.5
-47.9	22.1	23.6
-56.3	-54.7	21.2
-37.5	39.9	4.2
-52.5	43.0	-9.3
-33.2	24.1	-7.9
25.1	6.4	62.0
9.6	7.4	-7.0
52.9	-41.1	50.1
14.7	-72.0	66.5
43.8	-68.6	-30.0
7.5	-2.7	0.5
-28.2	-6.0	70.4
25.3	-13.3	81.5
-0.6	26.0	69.6
52.3	18.4	-6.2
-20.4	32.9	-4.4
8.2	-5.0	81.0
11.7	42.6	7.8
24.8	-34.3	3.0
-38.9	-21.1	69.5
5.5	27.0	27.1
-45.8	-4.6	8.0

// Schirmer A, 2008: PMID 18299209-1
// Subjects=20
18.1	-10.6	-20.1
66.4	-24.1	7.2
27.7	25.4	-9.9
-1.3	30.5	-23.3
-48.9	-47.3	7.1
-64.9	-27.6	15.7

// Volpe U, 2008: PMID 18299790-1
// Subjects=20
54.5	-16.8	21.3
-30.5	21.5	12.4
-37.0	27.5	14.7
-37.0	27.5	14.7
-27.6	5.6	34.2
-27.6	5.6	34.2
-31.9	-17.2	25.1
-31.9	-17.2	25.1
-16.5	7.5	28.7
-25.2	0.1	38.9
-25.2	0.1	38.9
-30.5	21.5	12.4
-8.0	-6.1	29.9
-29.9	1.6	19.7
-2.3	-14.5	-7.0
-40.0	-40.6	-6.2
-40.0	-40.6	-6.2
-18.9	6.1	-4.2
-18.9	6.1	-4.2
-22.1	-25.5	15.5
-22.1	-25.5	15.5
-16.5	7.5	28.7
-29.9	1.6	19.7
-33.7	-59.4	9.2
-32.9	-28.4	39.2
46.0	18.6	15.2
-2.3	-14.5	-7.0
-32.9	-28.4	39.2
-37.1	-57.5	19.3
-37.1	-57.5	19.3
-9.9	-47.1	23.8
-9.9	-47.1	23.8
-5.1	-83.1	7.2
-30.9	-65.6	7.8
-5.1	-83.1	7.2
-30.9	-65.6	7.8
-33.7	-59.4	9.2
-43.2	-20.2	-2.8
11.2	25.8	-8.8
52.8	-26.1	6.7
52.8	-26.1	6.7
44.4	-9.0	-17.4
44.4	-9.0	-17.4
25.9	30.7	0.2
25.9	30.7	0.2
11.2	25.8	-8.8
11.0	-0.2	21.8
11.0	-0.2	21.8
-43.2	-20.2	-2.8
-8.0	-6.1	29.9
26.5	-36.7	34.6
14.3	-80.5	-7.1
37.0	20.0	21.1
12.0	-66.3	0.4
24.7	43.6	3.1
24.7	43.6	3.1
25.9	26.3	15.2
25.9	26.3	15.2
33.8	3.7	22.8
33.8	3.7	22.8
31.6	-10.3	29.3
40.8	-8.0	36.9
31.6	-10.3	29.3
37.0	20.0	21.1
35.6	9.8	34.2
35.6	9.8	34.2
17.0	-0.5	3.8
46.0	18.6	15.2
31.5	-8.3	-4.2
31.5	-8.3	-4.2
39.3	-4.7	21.6
39.3	-4.7	21.6
6.8	-77.0	11.1
6.8	-77.0	11.1
12.0	-66.3	0.4
14.3	-80.5	-7.1
42.0	-18.2	29.2
17.0	-0.5	3.8
40.8	-8.0	36.9
54.5	-16.8	21.3
26.2	-76.7	-7.9
46.7	-53.4	-5.5
46.7	-53.4	-5.5
39.1	-63.7	5.2
39.1	-63.7	5.2
23.1	-32.5	-7.0
23.1	-32.5	-7.0
17.3	-66.2	35.5
17.3	-66.2	35.5
30.1	-69.1	17.2
29.4	-15.7	38.1
29.4	-15.7	38.1
43.9	-35.4	-7.5
30.1	-69.1	17.2
30.6	-25.2	-14.5
16.7	-17.2	9.7
30.6	-25.2	-14.5
42.0	-18.2	29.2
26.5	-36.7	34.6
26.2	-76.7	-7.9
16.7	-17.2	9.7
43.9	-35.4	-7.5

// Dhond RP, 2008: PMID 18337009-1
// Subjects=20
-24.0	-43.0	70.0
30.0	-7.0	-23.0
27.0	-17.0	-19.0
-3.0	-30.0	-6.0
-9.0	-26.0	-12.0
-57.0	3.0	-24.0
-1.0	-21.0	59.0
-4.0	8.0	41.0
-45.0	-83.0	11.0
-54.0	3.0	-17.0
-34.0	5.0	-41.0
5.0	21.0	38.0
-32.0	-49.0	-31.0
-52.0	9.0	39.0
-7.0	-93.0	-2.0
7.0	6.0	59.0

// Kircher T, 2008: PMID 18356025-1
// Subjects=20
0.0	-24.0	-12.0
-8.0	10.0	44.0
-48.0	9.0	25.0
-44.0	2.0	40.0
-28.0	-72.0	29.0
-24.0	-68.0	33.0
-32.0	-31.0	-2.0
24.0	30.0	-23.0
-16.0	42.0	-16.0
8.0	30.0	-15.0
-8.0	10.0	40.0
0.0	2.0	44.0
-8.0	10.0	40.0
-40.0	2.0	40.0
32.0	19.0	-4.0
-28.0	-35.0	2.0
-24.0	37.0	42.0
40.0	-29.0	49.0
-48.0	9.0	25.0
28.0	49.0	38.0
-44.0	19.0	-8.0
-51.0	24.0	21.0
-51.0	13.0	29.0
36.0	-28.0	-12.0
-59.0	-22.0	31.0
-51.0	17.0	29.0
-48.0	5.0	18.0
-4.0	-22.0	31.0
-20.0	-43.0	2.0
40.0	-66.0	-7.0
-28.0	-43.0	2.0
-20.0	-50.0	3.0
4.0	-4.0	-7.0
4.0	-3.0	23.0
-48.0	20.0	21.0
19.0	-35.0	9.0
40.0	-32.0	53.0

// Pochon JB, 2008: PMID 18367612-1
// Subjects=20
6.0	29.0	1.0
3.0	20.0	49.0
-3.0	20.0	43.0
-6.0	39.0	23.0
39.0	32.0	4.0
42.0	-61.0	7.0
-9.0	-79.0	1.0
45.0	-64.0	7.0
42.0	4.0	27.0
-50.0	-64.0	6.0
48.0	22.0	24.0
18.0	-79.0	1.0
27.0	-24.0	-14.0
30.0	40.0	-12.0
-39.0	23.0	2.0
9.0	36.0	26.0

// Bright P, 2008: PMID 18395761-1
// Subjects=20
-42.0	-10.0	-8.0
36.0	0.0	-28.0
34.0	-12.0	-22.0
24.0	2.0	-32.0
-40.0	-16.0	-24.0
28.0	-48.0	-6.0
-40.0	18.0	-28.0
-40.0	18.0	-28.0
8.0	-14.0	-26.0
36.0	0.0	-28.0
42.0	-8.0	-16.0
24.0	2.0	-32.0
-34.0	-14.0	-20.0
-38.0	-14.0	-28.0
-38.0	-18.0	-22.0
-40.0	-10.0	-8.0
-34.0	-50.0	-8.0
-42.0	-10.0	-10.0
-16.0	-16.0	-26.0
-40.0	-16.0	-24.0
-38.0	-16.0	-22.0
36.0	-10.0	-20.0
-50.0	-16.0	-24.0
34.0	2.0	-30.0
44.0	14.0	-24.0
-38.0	-16.0	-22.0
-42.0	-10.0	-8.0
60.0	-44.0	12.0
38.0	2.0	-24.0
34.0	0.0	-28.0
34.0	-10.0	-22.0
-42.0	-10.0	-8.0
32.0	-46.0	-2.0
-34.0	-46.0	-4.0
34.0	-10.0	-20.0
36.0	0.0	-28.0
36.0	-48.0	-4.0
44.0	12.0	-24.0
46.0	-4.0	2.0
34.0	-12.0	-22.0
44.0	-6.0	-14.0
36.0	-10.0	-18.0
44.0	0.0	-18.0

// Wolfensberger SP, 2008: PMID 18396414-1
// Subjects=20
21.0	-6.0	-15.0
-48.0	15.0	27.0
51.0	12.0	27.0
-36.0	27.0	0.0
-6.0	9.0	45.0
-21.0	-6.0	-18.0
-6.0	-9.0	-3.0
-39.0	-60.0	-18.0
39.0	-57.0	-18.0
-33.0	-90.0	-12.0
-6.0	-93.0	9.0
-18.0	-3.0	-15.0
27.0	-6.0	-24.0
21.0	0.0	-6.0
27.0	-3.0	-24.0
24.0	0.0	-24.0
36.0	-87.0	-9.0

// Mehnert U, 2008: PMID 18434200-1
// Subjects=20
38.5	47.0	20.5
-50.4	55.2	-2.5
51.4	15.4	10.8
51.4	15.4	10.8
38.6	15.4	10.9
38.4	46.0	8.4
38.5	47.0	20.5
38.5	47.0	20.5
1.0	56.2	5.7
53.5	47.1	20.4
53.5	34.4	21.4
53.4	33.2	5.9
53.4	33.2	5.9
45.9	39.6	6.6
45.9	39.6	6.6
45.9	39.6	6.6
1.0	39.3	7.1
38.5	47.0	20.5
-40.7	15.6	-7.1
-50.2	21.4	0.3
0.9	55.5	-3.2
0.9	55.5	-3.2
-50.1	22.6	15.8
-50.1	22.6	15.8
29.8	12.9	-20.0
29.8	12.9	-20.0
29.8	12.9	-20.0
-35.4	12.5	-19.2
-35.5	31.6	-20.8
-35.1	35.5	30.2
0.9	55.5	-3.2
-35.1	35.5	30.2
61.1	36.1	29.0
61.3	-31.6	34.7
61.2	-32.7	20.3
61.2	-32.7	20.3
-52.3	23.7	16.8
-52.3	23.7	16.8
-52.3	23.7	16.8
0.9	55.5	-3.2
-36.2	23.8	16.7
-35.1	35.5	30.2
-36.0	-51.3	22.9
53.7	35.9	41.4
-35.9	-50.3	35.1
-35.9	-50.3	35.1
-35.9	-50.3	35.1
9.0	-50.1	34.6
8.7	24.0	28.4
8.7	23.4	20.6
-42.8	41.3	9.7
-42.8	41.3	9.7
-42.8	41.3	9.7
8.7	23.4	20.6
4.6	-58.9	17.5
9.7	42.4	19.0
4.3	41.6	9.1
9.6	41.8	11.3
10.0	-58.7	19.7
4.7	-58.7	19.8
9.7	42.4	19.0
4.7	-58.7	19.8
4.7	-58.7	19.8
4.7	-58.7	19.8
6.7	35.6	41.9
-35.1	35.5	30.2
6.7	35.6	41.9
6.7	35.6	41.9
53.8	12.7	43.3
53.5	9.8	6.8
53.5	9.8	6.8
53.5	9.8	6.8
53.5	9.8	6.8
31.1	9.7	7.0
31.1	5.5	7.4
-35.9	-50.3	35.1
31.0	5.1	3.0
47.0	12.2	-3.4
47.0	12.2	-3.4
47.0	12.2	-3.4
49.1	12.2	-3.4
49.3	-22.7	-0.5
49.6	-18.9	48.2
49.6	-18.9	48.2
49.6	-18.9	48.2
49.6	-18.9	48.2
-40.7	15.6	-7.1
31.0	5.1	3.0
-40.7	15.6	-7.1
51.4	15.4	10.8
28.8	16.0	-8.0
-56.3	-26.9	23.4
29.5	-24.1	65.6
29.5	-24.1	65.6
29.5	-24.1	65.6
-7.0	-64.1	33.7
-7.0	-64.1	33.7
-7.0	-64.1	33.7
-32.6	-64.2	34.0
-32.8	-27.2	30.9
3.8	-32.2	59.9
-32.5	-24.9	60.8
-32.5	-24.9	60.8
-32.5	-24.9	60.8
63.2	-42.9	-1.2
63.2	-42.9	-1.2
63.2	-42.9	-1.2
3.4	-43.2	-0.5
3.4	-36.9	-1.0
3.8	-32.2	59.9
3.8	-32.2	59.9
-32.5	-24.9	60.8
29.5	-24.1	65.6
-25.6	-71.0	-26.8
-53.4	2.5	4.1
61.3	-35.5	25.0
63.5	-39.0	35.3
63.5	-39.0	35.3
61.4	-39.0	35.3
61.3	-34.8	34.9
61.3	-35.5	25.0
61.3	-35.5	25.0
61.3	-35.5	25.0
-53.4	2.5	4.1
-56.3	-26.9	23.4
-53.4	2.5	4.1
55.6	3.2	2.8
55.8	-48.7	7.2
56.1	-45.4	49.3
56.1	-45.4	49.3
56.1	-45.4	49.3
56.1	-45.4	49.3
-56.3	-26.9	23.4
63.5	-39.0	35.3
-57.4	-26.9	23.4
3.8	-32.2	59.9
-57.4	-27.9	24.6
-57.4	-27.9	24.6
-57.4	-27.9	24.6
-60.6	-41.7	24.7
-60.6	-41.7	24.7
-60.6	-41.7	24.7
-53.1	-41.7	24.6
-53.1	-40.6	24.5
-53.0	-39.4	40.0
-53.0	-39.4	40.0
-53.0	-39.4	40.0
15.1	-78.1	-25.6
15.1	-78.1	-25.6
15.1	-78.1	-25.6
-36.2	-78.4	-25.0
-36.3	-55.1	-26.9
-35.9	-50.3	35.1
-35.9	-50.3	35.1
-4.2	-80.1	-22.9
-35.9	-50.3	35.1
-57.4	-27.9	24.6
-35.9	-50.3	35.1
-53.0	-39.4	40.0
-57.4	-28.0	23.5
-4.2	-80.1	-22.9
-54.7	-5.4	-28.6
-54.4	-2.8	4.4
-54.4	-2.8	4.4
-54.4	-2.8	4.4
-54.4	-2.8	4.4
-20.3	-69.9	-27.0
-20.3	-69.9	-27.0
-20.3	-69.9	-27.0
-9.6	-69.9	-27.1
-54.4	-80.4	-22.3
-9.4	-54.7	4.0
-9.6	-57.2	-28.2
29.0	-29.5	-4.2
-25.6	-71.0	-26.8
-25.6	-71.0	-26.8
-4.2	-80.1	-22.9
-9.4	-54.7	4.0
-9.4	-54.7	4.0
-9.4	-54.7	4.0
-25.6	-71.0	-26.8

// Song M, 2008: PMID 18434203-1
// Subjects=20
33.0	24.0	-6.0
6.0	66.0	30.0
-48.0	33.0	21.0
15.0	60.0	15.0
-6.0	57.0	18.0
51.0	-42.0	54.0
39.0	6.0	36.0
-54.0	-48.0	51.0
39.0	39.0	12.0
33.0	24.0	-6.0
42.0	39.0	9.0
-36.0	0.0	24.0
39.0	39.0	12.0
51.0	-42.0	54.0
42.0	6.0	36.0
-45.0	30.0	27.0
-24.0	-24.0	45.0
6.0	66.0	30.0
-21.0	-21.0	57.0
27.0	-12.0	-18.0
-24.0	6.0	72.0
51.0	-42.0	54.0
3.0	-84.0	-3.0
-12.0	-81.0	18.0
42.0	39.0	9.0
51.0	-42.0	54.0
3.0	-87.0	-12.0
-6.0	-75.0	12.0
-3.0	-24.0	-42.0
9.0	18.0	3.0
-18.0	69.0	15.0
-27.0	-3.0	57.0
3.0	-15.0	-42.0

// Tsukiura T, 2008: PMID 18455740-1
// Subjects=20
-45.0	-44.0	-14.0
0.0	-61.0	24.0
30.0	-5.0	-19.0
15.0	17.0	-17.0
45.0	-65.0	3.0
-52.0	-62.0	3.0
-48.0	-19.0	-18.0
-45.0	-32.0	23.0
22.0	-30.0	-8.0
-15.0	-33.0	-8.0
26.0	25.0	-20.0
-19.0	32.0	-14.0
0.0	40.0	-2.0
-7.0	3.0	-7.0
37.0	-25.0	19.0

// Oztekin I, 2009: PMID 18471055-1
// Subjects=20
-57.0	-63.0	6.0
-15.0	-3.0	57.0
6.0	6.0	60.0
6.0	-30.0	66.0
-18.0	12.0	0.0
6.0	-93.0	3.0
30.0	-21.0	-12.0
-57.0	21.0	3.0
-15.0	-24.0	12.0
-15.0	-3.0	66.0
-3.0	6.0	60.0
60.0	-30.0	6.0
-21.0	6.0	-3.0
27.0	-99.0	-9.0
-27.0	-48.0	45.0
-27.0	-63.0	39.0
-30.0	-96.0	-6.0
-48.0	0.0	39.0
-33.0	-24.0	-9.0
-30.0	27.0	3.0

// Longe O, 2009: PMID 18476765-1
// Subjects=20
-36.0	52.0	21.0
-30.0	52.0	-11.0
30.0	57.0	18.0
26.0	53.0	5.0
0.0	31.0	-8.0
10.0	53.0	10.0
12.0	50.0	38.0
4.0	54.0	21.0
-32.0	54.0	1.0
16.0	10.0	36.0
24.0	51.0	10.0
30.0	35.0	6.0
-38.0	31.0	6.0
20.0	-11.0	-23.0
16.0	34.0	-10.0
22.0	38.0	-16.0
4.0	18.0	-12.0
24.0	8.0	35.0
36.0	13.0	18.0
14.0	44.0	-14.0
-10.0	61.0	21.0
-4.0	60.0	34.0
-2.0	46.0	-9.0
12.0	54.0	40.0
-12.0	43.0	9.0
40.0	34.0	16.0
-10.0	48.0	-11.0
22.0	7.0	29.0
12.0	59.0	12.0
0.0	37.0	4.0
-18.0	50.0	-4.0
10.0	34.0	-17.0
12.0	28.0	-16.0
2.0	32.0	-22.0
38.0	19.0	29.0
0.0	15.0	-11.0
-24.0	52.0	-1.0
4.0	55.0	5.0
-18.0	56.0	34.0
12.0	24.0	2.0

// Gilbert SJ, 2008: PMID 18485420-1
// Subjects=20
-6.0	20.0	40.0
36.0	26.0	0.0
-38.0	26.0	2.0
-44.0	42.0	28.0
16.0	-44.0	72.0
-46.0	-42.0	44.0
-52.0	12.0	18.0
56.0	12.0	44.0
30.0	0.0	58.0
60.0	-24.0	46.0
44.0	-40.0	60.0
50.0	14.0	10.0
-48.0	16.0	-6.0
48.0	48.0	16.0
-8.0	-74.0	44.0
38.0	-46.0	-38.0
14.0	-8.0	-2.0
46.0	-46.0	40.0
-24.0	-8.0	42.0
24.0	-4.0	42.0
-46.0	6.0	28.0
-32.0	18.0	10.0
-38.0	54.0	16.0
-22.0	28.0	-6.0
36.0	32.0	24.0
46.0	54.0	-4.0
20.0	-66.0	42.0
-14.0	-58.0	64.0
16.0	-58.0	70.0
-34.0	-56.0	-32.0
32.0	30.0	-2.0
24.0	-38.0	66.0
-36.0	22.0	-32.0
20.0	-16.0	-34.0
-46.0	-38.0	50.0
-38.0	-52.0	26.0
4.0	46.0	-10.0
18.0	48.0	46.0
0.0	50.0	50.0
36.0	-92.0	2.0
-12.0	-62.0	30.0
0.0	-52.0	24.0
26.0	-32.0	-20.0
-18.0	-40.0	28.0
-14.0	32.0	6.0
6.0	50.0	-8.0
2.0	24.0	-2.0
14.0	-72.0	56.0
-10.0	-66.0	60.0
-32.0	30.0	52.0
-52.0	-24.0	-12.0
48.0	-20.0	-18.0
-40.0	-48.0	-46.0
40.0	-32.0	-26.0
-32.0	-32.0	-26.0
-12.0	-40.0	-26.0
38.0	-10.0	-36.0
-26.0	-48.0	40.0
-6.0	-54.0	6.0
60.0	-62.0	26.0
-10.0	-68.0	18.0
-52.0	-70.0	34.0
50.0	-78.0	20.0
-50.0	44.0	6.0
10.0	-60.0	14.0
-42.0	-62.0	-16.0
-2.0	24.0	50.0
-14.0	38.0	36.0
-6.0	-18.0	44.0
34.0	48.0	22.0
2.0	22.0	36.0
34.0	24.0	-4.0
-4.0	38.0	38.0
44.0	38.0	26.0
-26.0	38.0	40.0
-36.0	44.0	0.0
24.0	56.0	4.0
-52.0	18.0	16.0
10.0	-64.0	52.0
-36.0	-60.0	54.0
-26.0	-50.0	34.0
-34.0	6.0	34.0
-44.0	12.0	26.0
28.0	20.0	50.0
-36.0	8.0	54.0
40.0	6.0	46.0
0.0	-8.0	4.0
-50.0	-36.0	50.0
52.0	-36.0	46.0
38.0	-56.0	46.0
10.0	-56.0	-2.0
-10.0	-68.0	54.0
2.0	-2.0	36.0
8.0	-84.0	-4.0
10.0	56.0	36.0
-6.0	56.0	18.0
-12.0	50.0	0.0
38.0	42.0	26.0
-40.0	4.0	42.0
-28.0	-70.0	54.0
52.0	12.0	-26.0
0.0	48.0	2.0
-50.0	2.0	-30.0
30.0	20.0	-8.0
-38.0	-30.0	62.0
32.0	-44.0	60.0
22.0	-52.0	-22.0
-28.0	-62.0	-50.0
32.0	-12.0	-18.0
48.0	-64.0	-38.0
66.0	-26.0	24.0
4.0	64.0	30.0
66.0	-16.0	28.0
26.0	-92.0	6.0
10.0	54.0	36.0
-16.0	44.0	24.0
-64.0	-14.0	-24.0
34.0	-72.0	-40.0
-64.0	-8.0	26.0
-12.0	36.0	38.0
20.0	-44.0	-20.0
-36.0	22.0	0.0
16.0	-96.0	16.0
12.0	-62.0	46.0
-38.0	-56.0	4.0
10.0	30.0	26.0
2.0	-46.0	16.0
28.0	-42.0	60.0
40.0	-40.0	6.0
18.0	-48.0	-20.0
8.0	-28.0	46.0
-22.0	-8.0	48.0
26.0	-6.0	-16.0
-58.0	4.0	-24.0
26.0	8.0	-22.0
36.0	22.0	-32.0
14.0	-34.0	66.0

// Hashimoto R, 2008: PMID 18501457-1
// Subjects=20
44.0	17.0	21.0
-44.0	17.0	25.0
36.0	-32.0	-22.0
-24.0	-39.0	-11.0
-40.0	13.0	25.0
-36.0	-86.0	-2.0
-24.0	-72.0	44.0
40.0	-81.0	19.0
36.0	-76.0	30.0
-40.0	-81.0	19.0
32.0	-58.0	-4.0
44.0	-70.0	7.0
-32.0	-76.0	30.0
-28.0	-76.0	37.0
28.0	-39.0	-11.0
32.0	-72.0	33.0
-44.0	-59.0	-17.0
44.0	13.0	25.0
-24.0	-47.0	-8.0
-4.0	-75.0	52.0
4.0	-71.0	51.0
4.0	-42.0	6.0
36.0	-55.0	-14.0
-48.0	-59.0	-17.0
-4.0	-42.0	6.0
-8.0	-82.0	-13.0
-28.0	-89.0	15.0
-40.0	-82.0	-6.0
27.0	-35.0	-5.0
16.0	-50.0	3.0
-36.0	-20.0	-9.0
40.0	-85.0	4.0

// Alvarez RP, 2008: PMID 18550763-1
// Subjects=20
-15.0	24.0	-11.0
20.0	-33.0	-8.0
24.0	-15.0	-15.0
-20.0	-5.0	-12.0
-15.0	24.0	-11.0
-7.0	35.0	-3.0
-31.0	21.0	10.0
-5.0	-13.0	6.0
-35.0	21.0	10.0
-5.0	36.0	-4.0
20.0	-32.0	-8.0
-27.0	11.0	17.0
54.0	-49.0	30.0
44.0	21.0	6.0
60.0	-42.0	24.0
-53.0	-42.0	38.0
-39.0	21.0	13.0
-35.0	-35.0	-8.0

// Yarkoni T, 2008: PMID 18554928-1
// Subjects=20
-26.7	59.0	16.9
-13.7	-41.0	1.8
-56.7	-11.2	-21.4
-48.3	33.0	-15.2
-25.1	-56.6	48.9
-45.8	23.8	17.9
-42.6	12.6	24.4
4.7	-58.7	19.8
47.4	-61.9	15.1
33.3	-33.4	0.6
48.3	-63.7	-8.2
41.9	9.4	29.2
-48.8	1.4	44.3
55.5	-12.9	-25.9
31.0	-41.2	-17.7
-51.5	7.3	-29.7
30.3	-94.5	8.0
-37.1	-76.5	-0.6
27.8	-88.3	-34.9
16.0	15.8	-8.9
-10.4	40.6	52.9
-54.0	-63.4	33.1
-54.7	-10.8	-30.4
-60.8	-38.7	-4.6
-58.7	20.8	7.1
-57.7	-17.2	-16.5
-12.8	63.0	26.5
-24.7	31.0	-15.3
29.5	-55.2	49.3
-28.3	-62.7	39.4
-61.5	-32.9	42.9
-26.2	3.9	60.6
-44.8	36.6	17.9
-15.3	-68.6	58.7
-43.7	-52.1	-14.8
20.7	32.5	55.4
22.6	-31.4	-0.6
49.4	17.1	33.0
-39.0	-47.4	46.1
49.2	37.9	12.3
-53.4	18.8	8.4
-56.7	-21.4	-16.1
-11.5	-92.1	-11.8
1.3	-66.6	0.4
-24.5	-25.4	-1.7
-63.9	-46.8	0.6
-11.7	63.0	26.5
-44.8	-53.4	-18.0
-45.9	38.3	12.2
-18.7	-102.4	20.4
62.0	-18.4	-15.5
5.7	-101.5	2.2
58.2	-58.1	35.8
45.1	-40.5	3.3
19.4	-84.7	-15.0
-29.9	-39.6	-19.4
21.9	-101.1	20.9
-58.3	-60.5	29.6
1.6	-60.8	34.5
-25.5	-28.1	5.3
53.5	-7.7	0.4
50.4	-34.5	-1.8
-48.3	10.2	-34.5
-5.2	57.1	31.4
-51.4	26.7	-13.5
-47.8	-87.0	2.7
-31.9	-78.7	-16.1
-51.8	-55.6	51.4
-61.8	6.8	19.5
-12.8	10.2	4.1
-62.9	-39.4	-0.0
-23.0	-92.1	17.3
0.8	42.5	-19.9
0.4	-23.5	34.7
1.3	20.7	27.6
7.1	-61.0	57.8
40.9	-79.8	5.5
5.7	-83.6	0.6
-53.0	-60.5	29.5
-5.4	-65.1	-35.3
37.6	-3.3	17.0
57.9	-32.0	2.4
53.6	-34.3	0.4
35.6	-36.2	18.6
11.3	-84.5	43.0
19.4	-58.7	-9.4
-40.0	-55.4	52.3
-29.9	33.9	9.0
-34.4	-53.7	-50.5
-50.0	-65.1	-3.6
-49.0	20.7	19.3
-31.5	-78.9	37.5
-62.6	-32.9	42.9
-41.6	-38.3	-14.9
-46.1	44.0	-10.6
-44.9	-79.4	-37.0
-18.8	-56.0	28.7
-48.2	28.0	-10.3
48.7	-52.9	48.9
-7.5	-84.4	-35.9
-32.8	-46.4	16.9
6.8	-60.4	24.3
-25.1	3.9	61.7
-66.1	-9.8	12.0
-35.7	-75.7	50.6
13.2	34.7	56.4
-5.2	-59.0	-11.3
-52.4	26.7	-0.1
25.7	-85.3	-37.4
-59.4	-58.7	25.0
-10.2	-73.1	27.8
-10.5	49.4	43.2
-57.6	-33.4	-5.1
-52.6	5.1	-30.7
1.3	30.6	32.4
1.1	-89.7	-36.7
-0.7	4.1	48.0
-44.6	-11.3	30.9
2.4	-49.2	4.5
1.4	-32.4	29.9
32.1	43.6	18.7
2.7	-61.5	39.0
-59.8	-50.3	-17.0
67.4	-38.7	-16.1
1.7	-84.8	39.8
33.0	-42.2	-44.4
58.9	-8.5	2.7
37.7	-38.7	14.4
3.1	-79.1	-52.1
24.3	-48.6	-58.3
17.0	14.6	-11.1
2.3	-24.4	9.1
44.8	-64.7	-48.2
54.5	-18.5	-15.4
2.3	-5.1	10.8
52.1	8.0	-31.0
54.6	-35.5	-1.7
58.7	33.7	-2.0
-58.7	-35.5	-4.9
-55.1	-60.6	27.3
-11.6	54.4	38.3
-52.5	29.3	-7.0
-50.5	5.8	-36.3
20.5	9.7	21.6
-43.7	-60.7	-15.2
26.7	-72.4	-35.1
8.1	-80.5	40.5
2.7	-69.3	34.1
56.5	32.9	-11.9
25.7	-85.3	-37.4
-58.7	-35.5	-4.9
-11.6	-79.3	-11.8
-11.6	54.4	38.3
-52.5	29.3	-7.0
-50.5	5.8	-36.3
-43.7	-60.7	-15.2
-55.1	-60.6	27.3
8.1	-80.5	40.5
-11.6	-79.3	-11.8
5.7	-55.4	20.6
32.1	-27.5	-6.6
56.5	32.9	-11.9
48.4	-67.4	13.3
53.6	-34.3	0.4
2.7	-69.3	34.1
5.7	-55.4	20.6

// Park IH, 2008: PMID 18562102-1
// Subjects=20
52.0	16.0	38.0
2.0	-40.0	-2.0
0.0	18.0	-4.0
-34.0	-12.0	-18.0
30.0	-74.0	32.0
22.0	-6.0	-26.0
20.0	-36.0	6.0
10.0	-38.0	6.0
-12.0	-34.0	4.0
-10.0	-54.0	18.0
32.0	-18.0	-18.0
-10.0	-42.0	6.0
20.0	-32.0	58.0
-18.0	14.0	-6.0
50.0	-4.0	6.0
-10.0	50.0	0.0
-58.0	-10.0	36.0
-28.0	-34.0	-18.0
46.0	-10.0	-6.0
-62.0	-22.0	22.0
-10.0	-18.0	-8.0
14.0	-46.0	-42.0
-44.0	-62.0	14.0
36.0	8.0	-32.0
-24.0	-42.0	12.0
-52.0	-12.0	50.0

// Subramaniam K, 2009: PMID 18578603-1
// Subjects=20
7.9	-43.2	27.3
-43.6	6.3	24.9
51.7	-8.8	41.8
2.1	52.0	6.0
51.9	-58.6	43.7
1.1	41.0	15.9
-9.7	28.6	-6.4
0.5	-46.8	36.7
-2.3	47.0	-2.4
50.2	76.5	15.7
62.1	-33.2	0.2
3.7	-40.3	37.2
60.3	-36.5	40.7
22.4	-11.4	-17.9
-61.9	-19.7	-7.3
54.3	64.0	-8.9
9.7	57.5	22.2
-3.3	39.5	-4.0
-24.6	-10.4	-14.1

// Koylu B, 2008: PMID 18599025-1
// Subjects=20
32.0	-12.0	-16.0
42.0	-18.0	-16.0
-28.0	-32.0	-4.0
34.0	-28.0	-8.0
-34.0	-26.0	-16.0

// Hennig-Fast K, 2008: PMID 18619985-1
// Subjects=20
-8.2	-56.2	11.9
-5.5	24.3	-21.7
-8.8	47.2	-13.5
-8.2	-56.2	11.9
33.4	9.3	29.3
20.1	50.6	-14.1
-8.5	-22.0	-14.4
-43.8	-19.9	-10.8
23.6	-2.3	3.7
10.6	25.6	-5.2
-27.9	-27.7	-30.4
39.3	47.0	-20.7
-53.3	-25.8	-3.5
-54.8	-9.8	-45.0
-43.8	-30.2	-20.0
-11.5	51.9	47.5
20.8	25.8	64.9
30.1	48.4	39.5
-34.5	6.7	-39.9
29.9	28.9	7.7
-44.1	26.4	-31.4
42.7	29.3	-2.6
-67.2	-41.5	0.2
-67.0	-4.0	31.6
-8.3	10.9	26.3
45.9	-16.7	-18.8
13.7	33.9	-22.7
13.7	32.8	-22.6
46.0	-22.8	-15.0
65.2	-19.0	-8.8
65.1	-7.3	-23.2
-21.5	11.2	-23.7
-44.9	24.7	1.1
42.6	48.8	-10.9
53.6	-41.0	-3.5
-64.0	-31.0	-1.8
-60.9	-41.7	-16.6
-53.3	-61.9	-17.2
-40.6	-33.1	-16.4
-21.6	53.2	-17.2
-30.0	51.4	0.9
-18.4	24.0	-23.7
34.0	32.9	-23.9
-17.0	26.8	12.8
33.1	19.4	-5.0
39.3	40.9	-16.9
46.2	-13.4	23.3
44.9	-34.4	-14.0
45.3	-55.7	26.9
39.3	40.9	-16.9
-8.2	-59.4	12.2
42.7	-20.0	-20.7
-40.7	35.4	2.3
52.4	-22.2	-8.4
-51.2	-38.1	-11.4
-9.3	40.7	54.0
28.3	5.4	62.1
-49.2	42.5	11.9
44.0	15.3	23.1
55.8	2.3	19.6
-8.0	-17.7	55.5
46.2	-10.3	21.9
-13.6	25.6	37.4
-8.1	-66.2	20.5
4.5	-43.4	10.7
35.2	-16.7	-18.7
8.8	-38.5	4.6
51.7	-25.7	29.8
39.8	-72.2	-6.3
3.8	-96.2	30.7
55.3	7.2	-41.0
20.7	-88.4	5.3
-24.7	24.6	-15.9
62.1	-37.8	-3.8
-47.0	6.3	-2.9
39.3	13.8	-36.9
-40.8	20.4	-27.6
-40.8	20.4	-27.6
55.3	4.6	-34.1
-53.5	-24.2	-24.8
-40.7	-24.1	-25.0
42.6	-20.6	-28.5
-11.4	-56.2	11.9
-27.5	-102.3	-4.1
23.8	-102.0	-4.7
-8.2	-55.7	18.5
52.4	-22.7	-15.0
-11.4	-56.2	11.9
39.8	-92.3	-5.7
-59.8	-20.0	-10.6
-27.6	-90.4	-16.2
20.2	1.0	-20.0
0.8	43.8	-16.7
-62.9	-61.2	-7.1
-47.9	-80.7	-12.4
39.8	-89.4	-9.3
-31.8	-93.5	-14.8
52.4	-21.9	-4.0
17.3	-93.2	-15.4

// Janzen J, 2008: PMID 18644454-1
// Subjects=20
-38.0	-26.0	-2.0
-42.0	-30.0	10.0
42.0	-30.0	10.0
-36.0	-30.0	18.0
54.0	-22.0	2.0
-58.0	-24.0	14.0
58.0	-24.0	14.0
-30.0	2.0	-18.0
34.0	-20.0	-14.0
32.0	-22.0	-4.0
-42.0	-8.0	52.0
52.0	22.0	14.0
32.0	-22.0	2.0
-12.0	-36.0	-20.0
-38.0	-26.0	8.0
42.0	-20.0	2.0
-48.0	-26.0	0.0
42.0	-26.0	2.0
-46.0	-34.0	22.0
52.0	-26.0	20.0
-30.0	-20.0	8.0
-34.0	-30.0	22.0
-48.0	-28.0	4.0
48.0	-28.0	4.0
40.0	-24.0	4.0
44.0	-22.0	2.0
-44.0	-34.0	20.0
-14.0	-24.0	-8.0
36.0	-26.0	6.0
46.0	12.0	16.0
40.0	-36.0	30.0
-4.0	12.0	46.0
-58.0	10.0	14.0
38.0	-28.0	10.0
-32.0	-22.0	2.0
16.0	-70.0	-26.0
14.0	-70.0	-50.0
-14.0	-70.0	38.0
-44.0	-34.0	24.0
-44.0	-62.0	2.0
-26.0	-16.0	16.0
40.0	-46.0	38.0
-38.0	-46.0	38.0
-32.0	-46.0	52.0
-32.0	-12.0	48.0
52.0	-24.0	0.0
48.0	-28.0	20.0
-36.0	-32.0	24.0
-32.0	-20.0	0.0
32.0	-20.0	0.0
-28.0	2.0	-20.0
-34.0	-6.0	42.0
48.0	-2.0	50.0
-14.0	-24.0	-8.0
-42.0	32.0	12.0
48.0	-34.0	10.0
-46.0	-14.0	-8.0
46.0	-14.0	-8.0
-44.0	32.0	20.0
50.0	-28.0	20.0
50.0	-6.0	52.0
30.0	-22.0	2.0
-32.0	-16.0	6.0
42.0	-20.0	-4.0
44.0	-20.0	-8.0
-48.0	-34.0	24.0
40.0	-34.0	22.0
-30.0	-22.0	-2.0
30.0	-22.0	-2.0
-40.0	-2.0	62.0
-38.0	-30.0	22.0
50.0	20.0	20.0
-34.0	-30.0	16.0
42.0	-28.0	6.0
-44.0	-30.0	6.0
68.0	-20.0	8.0
-40.0	-28.0	22.0
48.0	-28.0	24.0
32.0	-20.0	2.0
56.0	2.0	48.0
-40.0	-36.0	18.0
38.0	-34.0	16.0
44.0	-22.0	-8.0
-44.0	-36.0	24.0
40.0	-34.0	24.0
-54.0	-10.0	14.0
44.0	-12.0	14.0
-42.0	-2.0	60.0
46.0	2.0	50.0
48.0	6.0	16.0
-42.0	-32.0	8.0
48.0	-18.0	-10.0
-34.0	-30.0	16.0
-36.0	-30.0	20.0
32.0	-20.0	-2.0
50.0	-32.0	20.0
44.0	-22.0	2.0
48.0	-10.0	-10.0
42.0	-24.0	-6.0
52.0	-24.0	0.0
-14.0	-22.0	-8.0
-48.0	-26.0	-6.0
-46.0	-10.0	-10.0
46.0	-12.0	-6.0
-34.0	-22.0	-2.0
38.0	-22.0	4.0
-42.0	-28.0	8.0
-32.0	-20.0	0.0
32.0	-20.0	0.0
-12.0	-26.0	-4.0
-40.0	-18.0	-4.0
-42.0	-32.0	8.0
52.0	-36.0	8.0
16.0	-22.0	-2.0
-38.0	-30.0	16.0
-38.0	-34.0	20.0
48.0	-32.0	20.0
-44.0	-32.0	20.0
-32.0	-22.0	2.0
-42.0	-32.0	12.0
38.0	-30.0	16.0
-34.0	30.0	16.0
44.0	-32.0	14.0
48.0	-28.0	20.0
-44.0	-34.0	-22.0
36.0	-28.0	12.0
-36.0	-28.0	12.0
40.0	-28.0	22.0
46.0	10.0	16.0

// van Wingen G, 2008: PMID 18675364-1
// Subjects=20
54.0	-52.0	-16.0
24.0	-10.0	-18.0
56.0	20.0	28.0
-42.0	-64.0	40.0
-60.0	-34.0	-10.0
56.0	-50.0	-6.0
-10.0	-42.0	30.0
-26.0	-40.0	-10.0
32.0	-6.0	-10.0
-58.0	-54.0	-8.0
-6.0	12.0	-4.0

// Abraham A, 2008: PMID 18703030-1
// Subjects=20
-58.7	-27.2	-7.8
-36.6	5.5	-40.9
-46.2	-10.9	-46.1
53.9	-62.0	27.3
15.9	54.9	1.2
-17.3	9.6	-31.4
2.0	23.7	-16.1
-20.4	-15.6	-25.9
-48.7	-62.4	31.8
47.5	-61.5	34.0
21.3	-15.1	-23.1
24.6	-27.5	-18.8
37.3	-15.5	-30.0
50.2	-14.6	-20.1
63.0	-7.9	-17.5
-26.7	-37.0	-14.0
-43.0	12.6	-31.4
-4.5	55.4	-18.7
15.2	-47.7	9.8
-10.4	-51.0	10.4
-3.8	-52.1	37.1
46.8	6.3	-38.6
21.5	49.8	31.7
21.6	34.2	36.3
-20.1	34.2	40.1
-4.4	49.8	-8.2
5.2	-58.2	-42.7
-55.6	-11.8	-15.8
-46.2	29.5	-19.4
-4.4	20.7	-12.4
-20.2	-39.9	-10.5
21.6	27.9	36.8
-7.2	-51.0	10.3
-7.4	52.8	31.7
-30.2	32.2	-26.5
27.6	16.4	-29.2
34.0	3.3	-34.8
31.1	-85.3	-24.0
5.2	-61.6	-45.8
38.5	82.5	25.4
6.4	18.1	-5.7
31.0	39.4	5.7
5.3	54.5	11.4
32.0	31.5	-0.4
37.4	28.3	-0.2
-10.4	41.4	49.5
11.7	51.7	1.5
18.3	46.1	25.3
18.1	-17.7	-16.2
18.4	37.9	42.7
25.6	42.3	2.1
-62.1	-12.6	-25.7
50.0	-6.4	-37.6
59.8	-4.3	-11.1
8.9	-39.8	29.3
-3.9	-33.3	32.2
57.2	-54.6	40.0
5.3	67.2	10.3
-46.2	-3.8	-36.7
-42.3	-56.3	27.9

// Ethofer T, 2009: PMID 18752404-1
// Subjects=20
-24.0	15.0	-18.0
6.0	3.0	6.0
57.0	30.0	-3.0
-57.0	-15.0	-3.0
48.0	30.0	-9.0
30.0	6.0	-18.0
-48.0	27.0	-9.0
-18.0	-9.0	-15.0
45.0	39.0	-6.0
12.0	27.0	48.0
51.0	-33.0	3.0
54.0	30.0	-9.0
-42.0	30.0	-15.0
18.0	-9.0	-18.0
-45.0	36.0	-9.0

// Kahnt T, 2009: PMID 18752410-1
// Subjects=20
-53.0	-13.0	3.0
-10.0	5.0	10.0
13.0	5.0	10.0
-10.0	-28.0	-13.0
15.0	-23.0	-15.0
25.0	-20.0	-18.0
-18.0	5.0	-20.0
-15.0	-5.0	15.0
-43.0	-23.0	0.0
-28.0	-38.0	-35.0
8.0	-18.0	-20.0
13.0	-23.0	-15.0
28.0	-20.0	-20.0
-5.0	-30.0	-28.0
-18.0	0.0	-10.0
15.0	3.0	-8.0
-13.0	-15.0	-20.0
-10.0	-45.0	-28.0
10.0	-45.0	-28.0

// Vallesi A, 2009: PMID 18752413-1
// Subjects=20
-37.2	-84.9	-12.1
-28.1	-88.5	50.5
26.9	-36.9	-3.5
1.4	43.9	52.5
-15.7	13.5	46.3
27.0	-52.8	11.2
18.4	12.0	23.7
-58.6	28.8	27.6
-37.2	-80.3	-8.1
26.9	-36.9	-3.5
65.2	45.4	11.5
-45.6	-83.5	5.7
60.9	36.9	12.2
-46.1	51.5	-10.1
56.7	46.0	20.4

// Olson EA, 2009: PMID 18767918-1
// Subjects=20
-18.0	-44.0	22.0
30.0	38.0	10.0
38.0	40.0	-4.0
-6.0	-6.0	-10.0
30.0	4.0	36.0
-32.0	6.0	-14.0
-36.0	-34.0	0.0
40.0	-36.0	-4.0
36.0	-54.0	24.0
28.0	2.0	36.0
-12.0	-10.0	-10.0
44.0	-8.0	-26.0
-38.0	-40.0	8.0
28.0	34.0	12.0
-16.0	24.0	28.0
-26.0	-4.0	38.0
14.0	-10.0	-10.0
22.0	-18.0	-16.0

// Iaria G, 2009: PMID 18793658-1
// Subjects=20
62.1	-28.8	2.1
7.3	34.7	-11.5
34.1	20.1	-10.6
47.3	25.9	36.7
60.2	-1.2	42.2
20.4	59.9	24.1
10.1	20.5	66.6
54.9	-62.1	26.2
-1.7	35.0	62.2
7.2	-37.3	75.9
63.0	-10.1	-18.4
13.5	-81.9	49.5
44.4	-65.3	41.0
59.2	-45.4	34.7
47.4	-41.3	20.0
35.5	-94.9	-11.0
18.1	11.7	-7.5
39.4	-44.2	-44.3
-18.1	64.4	30.9
-16.4	-35.5	73.8
-4.6	-30.1	74.3
49.1	1.5	-18.1
-52.2	24.5	26.8
30.0	-89.2	-32.6
-1.3	51.1	-18.4
59.3	-30.8	44.7
-28.1	-6.4	-44.5
-6.4	9.2	4.2
-47.3	15.7	-31.6
-7.8	-57.2	67.7
-36.8	-64.4	46.4
-43.0	1.0	-43.8
-56.7	-19.5	-18.5
-49.8	-57.9	21.4
22.9	28.8	62.4
-18.2	-79.6	-42.9
-5.4	49.2	11.9
57.8	30.3	23.9
39.5	35.2	5.9
-46.1	37.3	-14.5
68.6	2.4	19.5
66.3	-27.9	-14.8
65.4	-43.7	2.2
59.1	-54.7	11.0
45.4	-67.6	39.0
31.6	-70.1	48.3
6.0	-60.8	61.2
58.1	-51.3	28.6
51.5	30.0	34.1
-53.6	7.0	-20.8
-52.4	24.5	0.1
19.9	-43.9	58.5
-17.1	-82.1	-33.8
-25.3	29.1	56.2
-38.2	36.2	39.1
-40.7	22.2	-4.3
-53.0	-54.2	27.9
-54.6	11.1	-8.8
-6.8	-61.0	59.1
-21.7	-53.0	67.5
-31.4	-68.6	46.7
-39.4	-71.6	-19.9
-4.7	-73.9	43.5
-35.3	-69.7	-36.8
-61.9	-29.6	-10.9
53.6	23.1	26.8
58.8	-31.5	-18.8
66.4	-55.2	-9.1
69.7	-47.3	9.1
59.1	-45.4	21.4
55.5	2.8	-15.0
27.7	31.9	-8.2
35.6	33.0	46.3
38.4	55.9	12.0
9.8	36.0	32.9
-4.7	-12.1	72.8
26.9	50.0	33.8
57.0	-70.7	11.2
-33.8	26.6	52.1
-26.8	31.5	-8.6
36.9	-42.2	51.5
60.3	-55.0	35.5
48.6	-41.0	37.8
17.3	-48.4	-0.2
53.5	-48.7	-20.7
30.0	-27.0	-13.3
38.4	-10.9	-25.9
25.7	6.1	2.9
21.5	-27.3	-3.1
-0.7	26.9	53.9
-21.0	19.6	57.0
50.2	-62.7	-36.2
-41.8	40.6	0.8
2.8	-57.6	61.0
-27.7	59.2	32.6
-7.9	-38.5	61.7
-13.5	-55.3	24.1
-32.6	-59.3	42.5
-46.9	-55.8	-7.8
-12.2	-58.8	46.7
-22.9	-57.9	45.7
-49.2	8.2	-5.3
-42.5	19.8	33.8
-16.4	-49.2	61.6

// Smith BW, 2009: PMID 18804540-1
// Subjects=20
-59.6	-53.8	5.6
25.6	-14.3	-14.3
-3.9	-51.7	28.2
0.4	-8.8	45.7
8.5	59.7	8.7
-28.6	0.8	21.8
-57.2	-44.4	44.9
-16.0	-18.6	-10.1
24.5	-5.3	-20.6
-23.6	-6.4	-17.8
2.4	27.2	43.8
-35.0	35.2	40.2
-2.9	28.2	42.7
41.7	-6.4	-9.6

// Craggs JG, 2008: PMID 18804916-1
// Subjects=20
35.0	-52.0	12.0
18.0	-10.0	-17.0
-36.0	-55.0	13.0
-26.0	-70.0	18.0
7.0	-68.0	17.0
44.0	-13.0	28.0
23.0	-35.0	-18.0
-42.0	-62.0	17.0
-33.0	-40.0	-14.0
-40.0	9.0	32.0
-36.0	-25.0	23.0
-17.0	-13.0	0.0
-8.0	-17.0	26.0
63.0	-5.0	18.0
18.0	14.0	-12.0
33.0	-10.0	25.0
-48.0	-20.0	40.0
-2.0	-46.0	-16.0

// Kim J, 2008: PMID 18805460-1
// Subjects=20
21.0	22.0	39.0
8.0	10.1	47.0
-10.0	44.0	46.0
20.0	40.0	50.0
1.0	2.0	3.0
24.0	26.0	38.0
-34.0	12.0	-14.0
-14.0	52.0	8.0
10.0	-72.0	36.0
-50.0	38.0	12.0
4.0	62.0	8.0
56.0	-10.0	14.0
24.0	-6.0	52.0
20.0	36.0	37.0
23.0	29.0	31.0
40.0	-24.0	12.0
-4.0	-70.0	36.0
-24.0	-76.0	-12.0
46.0	-18.0	-4.0
-50.0	-68.0	12.0
-50.0	-76.0	26.0
-6.0	10.0	18.0
-44.0	16.0	-14.0
22.0	-16.0	-20.0
40.0	-24.0	-2.0
18.0	32.0	22.0
16.0	-82.0	-10.0
-22.0	-86.0	-10.0
30.0	-12.0	-18.0
42.0	-16.0	10.0

// Jin H, 2009: PMID 18822322-1
// Subjects=20
-8.0	61.0	27.0
26.0	-94.0	-2.0
-47.0	35.0	2.0
-46.0	31.0	-9.0
-39.0	-3.0	50.0
-6.0	1.0	50.0
-23.0	-64.0	46.0
52.0	-32.0	-8.0
-27.0	-22.0	-22.0
25.0	-21.0	-16.0
-21.0	-92.0	-5.0
-43.0	9.0	28.0
32.0	-78.0	28.0
-25.0	-84.0	-16.0
-54.0	-51.0	1.0
-15.0	-89.0	-3.0
-24.0	-65.0	47.0
-3.0	7.0	62.0
-41.0	1.0	48.0
-46.0	31.0	-7.0
-52.0	-44.0	17.0
-46.0	13.0	38.0
-9.0	59.0	31.0
25.0	-80.0	-25.0
-23.0	-87.0	-18.0
24.0	-92.0	-11.0
-52.0	-43.0	17.0
-20.0	-28.0	-13.0
-9.0	-73.0	28.0
-28.0	-82.0	19.0
-25.0	46.0	25.0
25.0	60.0	10.0
24.0	19.0	59.0
25.0	-78.0	-25.0
-27.0	-80.0	-23.0
-38.0	-66.0	-13.0
-13.0	-66.0	-3.0
-9.0	-94.0	-3.0
-38.0	-79.0	-11.0
22.0	-93.0	-6.0
33.0	-92.0	-2.0
32.0	46.0	29.0
14.0	-88.0	6.0
0.0	42.0	7.0
-44.0	-50.0	40.0
55.0	-48.0	35.0
63.0	-19.0	7.0
-11.0	-76.0	35.0
29.0	-84.0	17.0
12.0	-76.0	35.0
-3.0	-61.0	50.0
7.0	-63.0	50.0
0.0	-42.0	32.0
41.0	-43.0	53.0
60.0	-25.0	11.0
14.0	-73.0	35.0
0.0	-45.0	33.0
-54.0	-50.0	4.0
-52.0	-56.0	42.0
-48.0	20.0	15.0

// Chua EF, 2009: PMID 18823230-1
// Subjects=20
6.0	42.0	3.0
30.0	60.0	21.0
-60.0	-30.0	21.0
63.0	-30.0	18.0
3.0	-27.0	48.0
60.0	-45.0	39.0
-36.0	42.0	33.0
45.0	-15.0	-6.0
-42.0	-18.0	-9.0
54.0	39.0	12.0
33.0	-30.0	-12.0
33.0	-81.0	30.0
-6.0	27.0	42.0
-45.0	27.0	15.0
-15.0	-75.0	-6.0
18.0	-69.0	-6.0
-57.0	-48.0	42.0

// Turk-Browne NB, 2009: PMID 18823241-1
// Subjects=20
60.7	10.5	-26.8
13.0	44.5	32.2
41.8	13.2	10.0
-33.9	-0.4	34.3
47.3	1.2	33.2
9.7	5.1	4.3
21.8	7.3	46.4
13.0	-43.5	-5.0
30.0	-26.5	-6.7
31.2	27.4	29.0
41.1	-51.8	36.6
69.4	-7.9	-17.6
22.1	-64.2	56.8
11.9	5.8	13.2
34.6	-65.3	14.4
5.2	56.8	-1.1
50.5	-63.9	2.9
29.4	-85.2	32.8
-26.1	-75.6	38.3
-49.1	-47.6	-10.7
-16.7	-79.0	20.6

// Hong CC, 2009: PMID 18972392-1
// Subjects=20
-32.0	-20.0	18.0
34.0	9.0	-12.0
-34.0	-26.0	60.0
-4.0	-62.0	12.0
22.0	0.0	-7.0
22.0	17.0	-21.0
0.0	-32.0	-17.0
24.0	-18.0	-1.0
-24.0	-16.0	-1.0
4.0	-6.0	14.0
4.0	-87.0	12.0
-26.0	-2.0	-7.0
-36.0	-25.0	3.0
10.0	7.0	-7.0
50.0	8.0	50.0
40.0	-22.0	18.0
-46.0	10.0	1.0
-59.0	-34.0	18.0
-57.0	-10.0	41.0
-50.0	-1.0	50.0
-38.0	-1.0	-12.0
64.0	-10.0	0.0
-61.0	-8.0	0.0
36.0	-8.0	3.0
30.0	21.0	-12.0
-14.0	-13.0	14.0
-42.0	35.0	35.0
-34.0	18.0	-21.0
16.0	17.0	-4.0
-28.0	-55.0	58.0
2.0	26.0	51.0
-8.0	12.0	51.0
8.0	-8.0	50.0
-6.0	-5.0	50.0
4.0	34.0	3.0
55.0	-35.0	30.0
8.0	9.0	61.0
-8.0	-1.0	61.0
-61.0	-37.0	30.0
-8.0	41.0	3.0
14.0	-27.0	5.0
22.0	-32.0	-5.0
-18.0	-29.0	5.0
-30.0	-15.0	10.0
-16.0	21.0	-4.0
2.0	-57.0	70.0
36.0	-51.0	-7.0
-18.0	-55.0	-7.0
8.0	6.0	1.0
-20.0	-39.0	-5.0
-4.0	-55.0	-11.0
20.0	-44.0	-27.0
-26.0	-40.0	-27.0
22.0	12.0	10.0
-6.0	8.0	1.0

// Bristow D, 2007: PMID 18985119-1
// Subjects=20
-6.0	33.0	-9.0
-24.0	-69.0	33.0
12.0	-69.0	54.0
-18.0	-69.0	51.0
-33.0	-45.0	39.0
48.0	-33.0	48.0
-48.0	-42.0	27.0
39.0	-75.0	33.0
-45.0	3.0	54.0
48.0	-60.0	9.0
-48.0	-66.0	0.0
60.0	-63.0	-6.0
51.0	-21.0	36.0
-39.0	0.0	39.0
-45.0	21.0	33.0
-36.0	-6.0	66.0
27.0	-3.0	51.0
-39.0	-81.0	30.0
-21.0	-6.0	54.0
-36.0	-81.0	33.0
-33.0	21.0	0.0
-24.0	-9.0	75.0
9.0	30.0	-12.0
12.0	-69.0	54.0
-24.0	-72.0	36.0
48.0	-33.0	48.0
-42.0	-69.0	15.0
-36.0	-81.0	18.0
-42.0	-69.0	-3.0
63.0	-39.0	18.0
48.0	-54.0	-3.0
-9.0	-3.0	6.0
12.0	-69.0	54.0
-24.0	-72.0	36.0
51.0	-33.0	48.0
45.0	15.0	45.0
48.0	33.0	30.0
-42.0	21.0	27.0
-45.0	-66.0	-3.0
-54.0	9.0	27.0
-60.0	-3.0	-18.0
39.0	-81.0	24.0
9.0	54.0	24.0
48.0	-75.0	0.0
-6.0	63.0	21.0
3.0	60.0	0.0
-3.0	42.0	-21.0
-33.0	-15.0	27.0
-66.0	-24.0	-6.0
42.0	-87.0	0.0
36.0	-69.0	-12.0
-30.0	36.0	-12.0
-9.0	-33.0	15.0
30.0	-36.0	-3.0
-39.0	42.0	-15.0
33.0	39.0	-9.0
-57.0	-42.0	-6.0
51.0	-42.0	0.0
-18.0	-63.0	3.0
-48.0	-81.0	3.0
6.0	-21.0	18.0
-48.0	-81.0	-6.0
-12.0	45.0	-15.0
39.0	-69.0	6.0
-12.0	-9.0	78.0
15.0	-24.0	78.0
-45.0	12.0	45.0
66.0	-33.0	6.0
33.0	-69.0	27.0
-27.0	33.0	-9.0
3.0	-60.0	18.0
-3.0	48.0	-3.0
-6.0	63.0	9.0
0.0	-51.0	30.0
-12.0	39.0	45.0
0.0	30.0	-30.0
0.0	48.0	-24.0
45.0	0.0	-33.0
-66.0	-21.0	-9.0
-27.0	-87.0	3.0
-3.0	-84.0	-3.0
15.0	48.0	21.0
48.0	-72.0	-9.0

// Ewbank MP, 2009: PMID 18996489-1
// Subjects=20
14.0	-38.0	76.0
-48.0	-12.0	-18.0
-2.0	20.0	-8.0
52.0	-42.0	-12.0
26.0	-2.0	-20.0
16.0	-4.0	-26.0
-46.0	-28.0	-10.0
18.0	-80.0	-34.0
44.0	36.0	2.0
-50.0	-44.0	-8.0
-18.0	30.0	-6.0
26.0	-4.0	-20.0
-28.0	-28.0	72.0
60.0	-38.0	8.0
28.0	-8.0	-22.0
-28.0	0.0	-24.0
44.0	-42.0	38.0
38.0	-44.0	30.0
38.0	2.0	-16.0
16.0	-2.0	-24.0
52.0	-44.0	6.0
-28.0	-2.0	-20.0
30.0	28.0	-12.0
-24.0	-2.0	-22.0
42.0	-86.0	-6.0
40.0	4.0	-16.0
50.0	6.0	-2.0
-12.0	-82.0	-44.0
-40.0	0.0	-14.0

// Wagner G, 2009: PMID 19027763-1
// Subjects=20
28.0	-56.0	42.0
-40.0	-15.0	47.0
-59.0	-5.0	22.0
54.0	-18.0	46.0
56.0	-2.0	12.0
-30.0	-52.0	43.0
-42.0	45.0	1.0
44.0	43.0	-2.0
-6.0	29.0	39.0
-4.0	-16.0	52.0
44.0	-6.0	39.0
-38.0	15.0	36.0
-2.0	-6.0	35.0
24.0	-16.0	-1.0
20.0	-58.0	-39.0
48.0	-4.0	8.0
8.0	-23.0	10.0
-6.0	-17.0	51.0
-28.0	-6.0	-11.0
34.0	-4.0	-12.0
51.0	19.0	-13.0
30.0	-52.0	-34.0
28.0	-28.0	-10.0
4.0	-64.0	-35.0

// Taylor KS, 2009: PMID 19072897-1
// Subjects=20
-3.2	-30.8	-18.2
-5.0	11.0	40.8
-6.3	38.2	21.8
-38.5	15.8	-3.8
-39.4	-11.2	5.1
41.8	-8.6	4.0
-39.5	0.4	3.0
-35.3	15.9	-2.8
-35.1	11.8	26.6
41.7	3.0	1.9
39.5	18.5	-3.8
46.3	-20.6	27.2
36.3	-27.1	-15.6
43.3	-55.7	41.4
46.0	-42.0	-15.6
9.0	3.1	48.0
24.2	-37.1	63.4
4.4	-72.8	-24.8
5.5	36.6	27.4
6.7	9.9	39.6
8.0	-38.5	47.0
-37.3	-5.4	10.2
-47.8	-15.8	27.9
-15.4	-34.9	68.2
-6.0	-4.5	47.7
-45.5	-10.2	45.3
-8.2	-73.5	8.9
-32.1	41.8	0.6
56.0	-38.9	36.5
42.1	-13.7	47.9
42.8	3.9	-0.4
39.7	11.7	19.0
-42.2	-25.9	48.8
-21.9	-31.5	56.8
39.7	-55.2	-6.6
-36.9	-11.4	56.4
-44.7	-61.8	-1.7
-9.0	-54.2	51.9
-15.6	-85.3	21.1
-38.3	-16.2	8.9
-9.2	-6.6	47.9
-9.0	-4.8	71.2
-41.4	-21.3	26.1
46.3	-20.7	25.0
23.9	-73.2	9.6
39.7	-54.9	-3.3
39.7	-12.5	7.7
28.4	-34.4	56.5
39.9	-16.6	38.1
39.8	-61.2	-2.7
3.6	-2.0	50.7
46.0	-42.7	-11.1
33.5	-72.3	19.5
42.7	19.7	-1.8
33.3	38.4	33.6
6.5	37.4	22.8
-41.7	15.8	-3.8
-5.3	41.4	21.5
-2.9	14.1	39.4
39.8	-16.6	24.7
39.7	8.6	19.3
35.4	-4.1	7.0
31.6	-39.0	51.3
7.8	18.2	36.7
-33.2	18.6	-9.7
23.3	68.1	-7.8
-38.4	3.9	7.2
-2.8	3.0	47.0
-12.5	-70.0	13.1
-41.4	-17.6	18.0
-18.7	-81.4	30.9
39.7	-12.5	7.7
44.1	-18.0	19.2
46.4	-14.9	45.7
46.3	-63.3	11.9
-12.5	-70.0	13.1
21.0	-30.5	66.3
7.9	4.1	46.8
-41.6	-6.7	8.1
-5.9	-22.7	45.9
2.6	3.2	49.2
43.8	21.0	0.4
-20.5	32.2	-14.3
-22.5	64.1	13.1
0.0	56.2	19.1
8.7	-3.0	10.6
40.8	28.1	24.3
-7.5	50.2	11.9
-26.8	53.0	8.5
-11.6	-1.6	16.3
0.2	28.7	35.9
-30.0	17.8	-6.3
-41.4	-16.5	19.0
-15.6	-85.8	14.5
36.3	39.2	3.4
-9.0	-8.0	71.4
-39.4	-7.6	10.4
58.1	-35.8	35.1
-38.3	36.5	29.0
26.8	-32.8	-5.0
8.5	38.7	-0.7
-20.2	7.4	10.0
-58.3	-41.5	41.3
-63.2	24.0	-19.9
59.2	-38.0	35.2
43.9	24.9	10.1
61.5	-35.4	54.0
50.3	-50.3	-13.8
40.0	-1.4	55.8
12.5	-64.1	59.2
34.1	35.7	-0.8
4.5	29.7	34.6
14.3	-73.0	13.0
-38.6	19.7	-8.6
2.4	16.2	39.2
-33.3	49.3	-12.3
-59.7	-57.8	-4.1
-58.4	-37.9	32.1
-36.3	43.4	21.7
-25.6	53.0	21.9
2.5	9.2	44.2
23.0	1.5	66.9
50.2	-33.6	-17.4
-41.6	6.9	4.8
-9.2	-14.1	47.4
-37.2	-15.0	11.0
7.9	-16.1	47.4
41.9	-10.0	13.0
40.5	25.2	-13.3
39.6	21.6	9.3

// James GA, 2009: PMID 19162206-1
// Subjects=20
34.0	48.0	27.0
1.0	24.0	-10.0
1.0	49.0	-10.0
29.0	-24.0	-12.0
1.0	62.0	14.0
15.0	-11.0	17.0
1.0	17.0	-34.0

// Bleich-Cohen M, 2009: PMID 19172653-1
// Subjects=20
42.9	-52.5	-13.5
53.7	-70.9	-5.4
-61.0	0.7	-17.9
55.8	2.0	29.7
26.7	11.2	-0.9
24.5	-7.5	-22.7
51.7	0.8	41.0
51.7	0.8	41.0
47.3	12.8	32.2
23.3	50.5	-15.3
42.9	40.4	31.1
27.7	-3.9	-17.4
23.3	50.5	-15.3
25.4	50.3	-17.5
25.4	50.3	-17.5
36.0	-55.2	61.5
36.0	-55.2	61.5
54.8	-41.3	20.0
54.8	-41.3	20.0
-32.0	46.3	18.1
27.7	-3.9	-17.4
47.3	12.8	32.2
36.3	24.4	3.5
6.5	-18.5	1.9
6.5	-18.5	1.9
15.0	20.1	5.2
15.0	20.1	5.2
23.5	10.4	2.6
51.6	8.2	40.4
-23.5	5.9	3.5
51.6	8.2	40.4
48.4	8.6	32.6
45.0	40.2	28.8
23.5	10.4	2.6
37.0	-64.0	57.8
45.0	40.2	28.8
48.4	8.6	32.6
36.3	24.4	3.5
-23.5	5.9	3.5
10.8	-18.6	0.7
42.9	40.4	31.1
37.4	23.3	3.6
37.4	23.3	3.6
37.0	-64.0	57.8
10.8	-18.6	0.7

// Dibbets P, 2009: PMID 19201515-1
// Subjects=20
-44.0	-1.0	48.0
44.0	38.0	-14.0
61.0	-42.0	6.0
50.0	-51.0	32.0
46.0	34.0	19.0
53.0	12.0	12.0
53.0	18.0	19.0
-63.0	-33.0	37.0
-40.0	-52.0	49.0
-57.0	-39.0	41.0
26.0	-71.0	51.0
44.0	-52.0	54.0
-53.0	-23.0	47.0
-28.0	-69.0	57.0
-46.0	-26.0	57.0
50.0	-48.0	50.0
-50.0	4.0	40.0
10.0	21.0	62.0
-32.0	3.0	55.0
16.0	-2.0	68.0
-34.0	21.0	-3.0
-46.0	20.0	21.0
-46.0	32.0	17.0
18.0	11.0	64.0
14.0	37.0	48.0
6.0	33.0	43.0
57.0	-45.0	32.0
36.0	34.0	-13.0
8.0	-24.0	-14.0
-4.0	-24.0	-17.0
53.0	21.0	-9.0
-48.0	11.0	-14.0
-51.0	12.0	5.0
46.0	-60.0	51.0
50.0	41.0	9.0
26.0	-2.0	6.0
-50.0	36.0	-12.0
61.0	-48.0	4.0
38.0	23.0	38.0
59.0	-37.0	39.0
-50.0	34.0	-12.0
57.0	17.0	-4.0
-50.0	34.0	-12.0
51.0	14.0	10.0
-57.0	16.0	3.0
55.0	27.0	-1.0
26.0	-9.0	-20.0
-20.0	-11.0	21.0
42.0	38.0	-14.0
-48.0	36.0	-12.0
-53.0	35.0	-7.0
51.0	33.0	8.0

// Leaver AM, 2009: PMID 19244522-1
// Subjects=20
53.5	22.1	14.6
6.7	9.3	63.1
27.7	-12.5	-17.8
-35.2	-30.7	-14.5
56.0	4.8	47.3
-1.1	-56.3	24.1
-34.2	-55.3	-29.1
57.8	-13.6	6.1
-52.2	-18.6	5.9
4.7	10.9	53.0
34.2	-55.0	-31.1
-5.0	-78.0	4.8
37.2	51.7	-14.4
-52.2	-20.6	8.2
0.3	-30.5	26.4
60.0	-11.6	4.0
1.1	-72.8	-24.7
1.5	9.0	55.4
-8.2	12.5	47.4
-56.5	7.3	11.6
-1.6	-0.9	65.2
-19.1	-3.6	4.3
-1.9	-18.6	15.4
-40.1	-43.2	44.6
31.0	-57.3	-33.1
25.7	6.8	-1.8
-49.0	1.9	9.7
-2.1	-24.9	-10.9
-14.8	-13.1	5.0
-35.8	-51.0	40.8
-14.6	-97.6	-0.2

// Lepore N, 2009: PMID 19285559-1
// Subjects=20
24.5	-16.5	-16.5
20.5	11.5	-31.5
20.5	-20.5	-18.5
14.5	6.5	-37.5
31.5	-13.5	-29.5
36.5	1.5	-86.5
27.5	3.5	-46.5
30.5	11.5	-38.5

// Brem S, 2009: PMID 19288464-1
// Subjects=20
-60.0	-45.0	3.0
-57.0	-9.0	21.0
-36.0	-33.0	-21.0
-60.0	-45.0	6.0
-9.0	-54.0	9.0
-51.0	21.0	15.0
48.0	-36.0	-9.0
-48.0	24.0	0.0
-60.0	3.0	6.0
-54.0	-6.0	-18.0
57.0	-27.0	0.0
-45.0	-72.0	42.0
54.0	-15.0	-15.0
-54.0	-9.0	42.0
-3.0	-63.0	33.0
-57.0	-9.0	-24.0
-36.0	-75.0	48.0
45.0	-60.0	30.0
57.0	0.0	3.0
24.0	-12.0	-24.0
-45.0	30.0	-15.0
-60.0	-48.0	-3.0
-18.0	21.0	48.0

// Lehn H, 2009: PMID 19295153-1
// Subjects=20
-29.0	-39.0	-13.0
25.0	-21.0	-13.0
21.0	-21.0	-15.0
27.0	-31.0	-18.0
-24.0	-40.0	-15.0
-35.0	-17.0	-18.0

// Meyer P, 2010: PMID 19301996-1
// Subjects=20
-59.7	-21.1	1.7
-45.9	19.6	4.9
-50.3	25.7	1.0
-59.7	-18.0	1.5
-52.1	14.0	28.8
-36.3	19.8	5.8
62.1	-14.2	-1.4
-38.2	-32.8	13.6
-29.9	22.2	8.9
61.0	-12.0	-1.5
-60.8	-18.0	1.5
-39.3	-31.8	13.5
-40.4	-30.7	14.6
53.6	-20.8	9.3
50.4	-21.9	9.5
61.0	-13.1	-1.4
55.7	-19.0	5.8
47.2	-18.0	5.8
-53.2	18.0	26.3
-47.0	24.7	2.2
-48.2	26.3	-4.6
21.3	-12.5	-17.8
-4.0	22.2	34.3
-49.1	19.0	10.5
-4.8	-72.7	32.2
-53.1	-65.9	14.3
-60.9	-31.0	-15.3
34.3	-24.4	-8.0
-35.2	16.6	6.1
-39.6	52.7	5.3
-1.8	28.4	46.0

// Axmacher N, 2009: PMID 19309321-1
// Subjects=20
44.0	-58.0	-20.0
50.0	28.0	28.0
-36.0	-40.0	40.0
-20.0	10.0	30.0
0.0	16.0	46.0
2.0	4.0	56.0
2.0	-20.0	12.0
14.0	-76.0	56.0
36.0	-48.0	-26.0
-22.0	-66.0	54.0
32.0	-48.0	44.0
28.0	-64.0	30.0
60.0	-30.0	-2.0
-34.0	26.0	4.0
-56.0	0.0	38.0
0.0	6.0	54.0
48.0	16.0	-8.0
0.0	16.0	8.0
-28.0	0.0	60.0
48.0	0.0	26.0
40.0	46.0	30.0
-22.0	26.0	-8.0
-36.0	40.0	18.0
12.0	-62.0	-2.0
28.0	6.0	52.0
2.0	-46.0	10.0
-50.0	2.0	24.0
22.0	-2.0	50.0
-20.0	-34.0	-32.0
36.0	-48.0	-30.0
24.0	-20.0	-14.0
-40.0	-50.0	-28.0
-20.0	-22.0	-14.0
-50.0	-8.0	40.0
34.0	-36.0	-34.0
-18.0	32.0	0.0
30.0	-64.0	30.0
-38.0	-44.0	34.0
-48.0	14.0	-6.0
2.0	18.0	38.0
-20.0	20.0	-8.0
-26.0	32.0	-6.0
-44.0	0.0	34.0
-18.0	4.0	20.0
-40.0	42.0	24.0
38.0	-26.0	30.0
-40.0	-50.0	32.0
38.0	4.0	14.0
18.0	-8.0	32.0
40.0	-6.0	20.0
20.0	8.0	18.0
38.0	-48.0	-30.0
0.0	-52.0	62.0
20.0	-20.0	-14.0
-36.0	-46.0	-26.0
-20.0	-26.0	-14.0
-40.0	-50.0	-28.0
-32.0	-52.0	-26.0
6.0	26.0	-2.0
-20.0	28.0	-4.0
2.0	18.0	12.0
-34.0	-16.0	48.0
52.0	-2.0	42.0
-18.0	20.0	-6.0
18.0	40.0	-22.0
-28.0	-58.0	50.0
10.0	28.0	-2.0
42.0	-26.0	66.0
20.0	8.0	-14.0
-22.0	32.0	6.0
22.0	-6.0	22.0
-26.0	-56.0	62.0
-6.0	-18.0	76.0
36.0	10.0	-32.0
6.0	-56.0	16.0
-2.0	0.0	4.0
0.0	4.0	60.0
54.0	-6.0	44.0
-52.0	-4.0	40.0
0.0	4.0	60.0
28.0	48.0	20.0
-28.0	-24.0	-22.0
2.0	16.0	48.0
54.0	-6.0	44.0
34.0	-42.0	34.0
-52.0	-4.0	40.0
-38.0	40.0	18.0
-18.0	0.0	20.0
20.0	-6.0	22.0
-10.0	20.0	34.0
0.0	4.0	60.0
-56.0	-68.0	-2.0

// Schultz J, 2009: PMID 19349243-1
// Subjects=20
-50.0	26.0	28.0
-45.0	21.0	21.0
-24.0	-67.0	50.0
-21.0	-62.0	39.0
-39.0	-6.0	61.0
-39.0	-5.0	33.0
18.0	42.0	34.0
12.0	30.0	18.0
-21.0	31.0	34.0
24.0	28.0	40.0
12.0	34.0	34.0
45.0	29.0	-4.0
-15.0	36.0	27.0
-39.0	-44.0	44.0
48.0	35.0	4.0
39.0	-13.0	-17.0
48.0	11.0	-8.0
33.0	12.0	2.0
27.0	-56.0	-12.0
45.0	-4.0	-20.0
53.0	-9.0	-7.0
-39.0	-12.0	-15.0
15.0	-71.0	34.0
24.0	-18.0	-17.0
9.0	-46.0	13.0
3.0	-24.0	43.0
-3.0	-45.0	38.0
-21.0	-58.0	61.0
50.0	17.0	-3.0
-50.0	-7.0	-15.0
-42.0	-18.0	-4.0

// Stevenson RA, 2009: PMID 19352638-1
// Subjects=20
41.0	-20.0	10.0
-45.0	-64.0	33.0
13.0	36.0	-12.0
-11.0	35.0	-12.0
34.0	-11.0	-19.0
-25.0	-7.0	-19.0
-55.0	-32.0	-21.0
-13.0	56.0	0.0
-10.0	-51.0	25.0
35.0	19.0	10.0
10.0	6.0	9.0
-9.0	5.0	7.0
6.0	13.0	39.0
-4.0	13.0	45.0
33.0	-40.0	-18.0
7.0	-48.0	28.0
-34.0	22.0	4.0

// Grahn JA, 2009: PMID 19376241-1
// Subjects=20
34.0	40.0	20.0
68.0	-32.0	12.0
-22.0	46.0	-4.0
-18.0	42.0	-12.0
24.0	44.0	-6.0
-22.0	44.0	-10.0
-32.0	42.0	26.0
40.0	48.0	10.0
-4.0	-4.0	68.0
-50.0	-8.0	54.0
-50.0	28.0	30.0
-42.0	32.0	26.0
42.0	16.0	10.0
40.0	38.0	30.0
12.0	14.0	38.0
-54.0	4.0	12.0
-6.0	0.0	60.0
58.0	6.0	20.0
-28.0	-10.0	54.0
34.0	26.0	6.0
52.0	-2.0	50.0
12.0	-34.0	72.0
-12.0	-30.0	72.0
-8.0	-36.0	68.0
66.0	-20.0	6.0
-10.0	-40.0	76.0
-36.0	-30.0	60.0
16.0	-36.0	78.0
-28.0	22.0	4.0
32.0	-8.0	58.0
26.0	-6.0	48.0
-62.0	-28.0	10.0
-30.0	18.0	10.0
6.0	0.0	70.0
-54.0	4.0	8.0
-62.0	-34.0	14.0
-52.0	-16.0	2.0
-42.0	-34.0	14.0
34.0	-26.0	56.0
8.0	-42.0	76.0
58.0	-16.0	2.0
-54.0	-42.0	20.0
-42.0	-4.0	-22.0
22.0	12.0	6.0
2.0	-68.0	-44.0
-8.0	-50.0	-26.0
42.0	-44.0	46.0
32.0	-8.0	-22.0
-42.0	-46.0	44.0
24.0	-14.0	-18.0
22.0	0.0	26.0
-22.0	4.0	6.0
-22.0	10.0	6.0
24.0	10.0	16.0
-14.0	-16.0	6.0
-4.0	-14.0	24.0
-2.0	-10.0	8.0
16.0	-14.0	6.0
0.0	-56.0	-8.0
2.0	-62.0	-20.0
24.0	-6.0	16.0
-28.0	48.0	-6.0
-10.0	-78.0	-32.0
-30.0	-4.0	55.0
-22.0	-40.0	12.0
-38.0	0.0	-28.0
-4.0	-52.0	-14.0
-28.0	-62.0	-26.0
-12.0	-78.0	-36.0
-24.0	-64.0	-50.0
-34.0	-56.0	-50.0
20.0	-82.0	-38.0
32.0	-58.0	-30.0
8.0	-80.0	-38.0
6.0	-78.0	-36.0
6.0	-82.0	-26.0
-30.0	-82.0	-34.0
20.0	-66.0	-50.0
8.0	-76.0	-34.0
-52.0	13.0	14.0
-8.0	2.0	72.0
-28.0	24.0	1.0
54.0	-12.0	50.0
-55.0	-35.0	11.0
32.0	-56.0	-50.0
-48.0	-46.0	19.0

// Klucken T, 2009: PMID 19384886-1
// Subjects=20
-21.0	9.0	-3.0
45.0	3.0	57.0
-42.0	6.0	48.0
24.0	-36.0	3.0
9.0	18.0	36.0
0.0	42.0	15.0
18.0	6.0	-15.0
18.0	3.0	-3.0
15.0	12.0	-9.0
-9.0	18.0	-9.0
12.0	6.0	-15.0
-21.0	3.0	-3.0
-18.0	6.0	-12.0
3.0	48.0	39.0
-12.0	18.0	-3.0

// Monk CS, 2009: PMID 19409498-1
// Subjects=20
4.0	60.0	-8.0
4.0	28.0	56.0
4.0	54.0	28.0
4.0	60.0	2.0
24.0	38.0	44.0
30.0	18.0	58.0
2.0	32.0	50.0
26.0	42.0	40.0
26.0	42.0	46.0
18.0	-32.0	-8.0
18.0	-50.0	-10.0
24.0	-20.0	-16.0
18.0	-28.0	-12.0
12.0	-46.0	2.0
54.0	-36.0	-4.0
30.0	20.0	56.0
50.0	-56.0	28.0
46.0	-56.0	16.0
48.0	-68.0	22.0
56.0	-22.0	-2.0
48.0	4.0	-30.0

// Solomon M, 2009: PMID 19410583-1
// Subjects=20
44.0	-66.0	42.0
-38.0	-53.0	-12.0
-55.0	-48.0	6.0
-6.0	-21.0	14.0
10.0	30.0	48.0
-38.0	16.0	-26.0
28.0	-22.0	-6.0
4.0	-38.0	65.0
-16.0	9.0	60.0
20.0	-63.0	57.0
-28.0	50.0	-4.0
-36.0	31.0	30.0
-32.0	-65.0	12.0
24.0	-45.0	41.0
-20.0	-89.0	3.0
-55.0	-43.0	37.0
26.0	-85.0	8.0
55.0	-35.0	-2.0
-30.0	48.0	-11.0
12.0	21.0	36.0
-48.0	13.0	-11.0
28.0	54.0	-1.0
34.0	-1.0	65.0
-44.0	2.0	35.0
0.0	-16.0	25.0
-22.0	44.0	27.0
-57.0	9.0	27.0
22.0	9.0	66.0
-51.0	-30.0	51.0
-8.0	-49.0	67.0
-20.0	-25.0	47.0
-20.0	46.0	27.0
-59.0	-43.0	30.0
-55.0	-41.0	6.0
24.0	-63.0	-24.0
-24.0	-87.0	17.0
22.0	-81.0	-18.0
-16.0	-60.0	45.0
28.0	51.0	1.0
-50.0	-35.0	37.0
-22.0	-80.0	-9.0
40.0	-48.0	2.0
-28.0	-5.0	57.0
24.0	-81.0	11.0
26.0	-43.0	37.0
-50.0	-37.0	39.0
-26.0	-7.0	57.0
34.0	-30.0	-9.0
32.0	25.0	-1.0
2.0	5.0	53.0
-51.0	10.0	-4.0
-51.0	-50.0	41.0
20.0	-62.0	38.0
-36.0	-40.0	50.0
-36.0	27.0	35.0
32.0	-47.0	65.0
-30.0	-11.0	48.0
51.0	3.0	-17.0
-24.0	52.0	-4.0
-16.0	-1.0	24.0
-2.0	1.0	66.0
-2.0	17.0	58.0
16.0	-66.0	44.0
18.0	-77.0	13.0
-38.0	-69.0	-13.0
40.0	-67.0	-17.0
22.0	-33.0	70.0
-44.0	8.0	36.0
-26.0	-82.0	-11.0
36.0	-36.0	18.0
24.0	-56.0	3.0
44.0	-33.0	46.0
-22.0	4.0	33.0
-26.0	-27.0	-4.0
4.0	-28.0	27.0
-14.0	-62.0	51.0
-22.0	46.0	27.0
-30.0	-67.0	11.0
-28.0	-7.0	-18.0
-10.0	15.0	21.0
59.0	-46.0	19.0
-50.0	3.0	-20.0
32.0	-43.0	-35.0
12.0	-62.0	10.0
18.0	-39.0	72.0
-46.0	-31.0	2.0
18.0	-19.0	14.0
10.0	-40.0	24.0
16.0	-53.0	65.0
-10.0	-55.0	-2.0
-44.0	-68.0	3.0

// Davies-Thompson J, 2009: PMID 19428408-1
// Subjects=20
20.0	-12.0	-20.0
-41.0	-53.0	-22.0
37.0	-55.0	-22.0
-41.0	-83.0	-15.0
-40.0	-52.0	-22.0
42.0	-80.0	-11.0
50.0	-58.0	2.0
-22.0	-6.0	-22.0
20.0	-10.0	-20.0
40.0	-52.0	-24.0
-18.0	-56.0	10.0
-62.0	-42.0	14.0
-26.0	12.0	66.0
-4.0	20.0	44.0
-8.0	-98.0	6.0
-42.0	-36.0	2.0
-32.0	-54.0	8.0
34.0	-64.0	-22.0
70.0	-30.0	-18.0
22.0	-22.0	-32.0
14.0	-48.0	-38.0
-34.0	-72.0	-20.0

// Williams LM, 2009: PMID 19446647-1
// Subjects=20
26.0	-8.0	-14.0
-20.0	32.0	-16.0
-4.0	-23.0	-8.0
10.0	30.0	-16.0
-8.0	12.0	40.0
-2.0	-16.0	-14.0
28.0	-6.0	-14.0
-28.0	-8.0	-10.0
2.0	46.0	10.0
-4.0	-22.0	-4.0
28.0	-2.0	-16.0
4.0	42.0	46.0
-12.0	32.0	-14.0
30.0	26.0	-16.0
8.0	34.0	-16.0
16.0	38.0	46.0
2.0	16.0	26.0
-2.0	50.0	8.0
-2.0	16.0	34.0
-6.0	16.0	38.0
16.0	28.0	-14.0
2.0	42.0	6.0
4.0	-22.0	-4.0
-28.0	-10.0	-12.0
26.0	-2.0	-16.0
10.0	44.0	50.0
6.0	18.0	26.0
-2.0	-24.0	-8.0
26.0	-4.0	-16.0
-6.0	-8.0	-8.0
30.0	-16.0	-14.0
26.0	30.0	-14.0
2.0	46.0	6.0
-18.0	36.0	-14.0
-8.0	-10.0	-10.0
4.0	38.0	-16.0

// Evans KC, 2009: PMID 19450692-1
// Subjects=20
13.0	32.0	30.0
-33.0	-22.0	11.0
-1.0	-37.0	-57.0
-5.0	-22.0	-31.0
1.0	-22.0	-11.0
-4.0	9.0	23.0
-9.0	21.0	41.0
9.0	17.0	31.0
33.0	22.0	14.0
-5.0	38.0	14.0
2.0	-25.0	-43.0
24.0	-11.0	-23.0
-1.0	37.0	18.0
-26.0	1.0	-18.0
14.0	42.0	6.0
24.0	4.0	-14.0
-2.0	-19.0	-6.0
-6.0	-31.0	-31.0
-4.0	-37.0	-45.0
-1.0	30.0	11.0
4.0	-20.0	-7.0

// Soulieres I, 2009: PMID 19530215-1
// Subjects=20
60.0	-14.0	-20.0
4.0	34.0	14.0
12.0	34.0	-2.0
22.0	-18.0	-18.0
-28.0	-88.0	-4.0
28.0	-92.0	-4.0
58.0	-48.0	32.0
54.0	10.0	30.0
4.0	-42.0	26.0
-58.0	2.0	4.0
-42.0	6.0	-12.0
2.0	-82.0	40.0
-50.0	-12.0	14.0
-6.0	-44.0	32.0
6.0	44.0	-4.0
4.0	48.0	0.0
10.0	38.0	-4.0
0.0	-22.0	42.0
-46.0	2.0	34.0
-8.0	46.0	2.0
-22.0	-6.0	32.0
-44.0	-64.0	28.0
-6.0	-66.0	-8.0
2.0	-66.0	36.0
36.0	-46.0	0.0
40.0	-36.0	-6.0
62.0	4.0	-2.0
-56.0	-34.0	16.0
-64.0	-44.0	16.0
-52.0	-62.0	20.0
-8.0	-36.0	10.0
62.0	-6.0	-12.0
-48.0	-64.0	38.0
62.0	-46.0	20.0
-60.0	-46.0	30.0
2.0	-42.0	28.0
22.0	-2.0	26.0
4.0	52.0	8.0
-20.0	42.0	42.0
2.0	-28.0	42.0
-56.0	-60.0	12.0
2.0	-84.0	36.0
-28.0	-88.0	-4.0
28.0	-92.0	-4.0
-38.0	-2.0	12.0
38.0	0.0	14.0
-28.0	20.0	4.0
32.0	24.0	8.0
-12.0	-14.0	6.0
12.0	-10.0	2.0
22.0	-24.0	-4.0
-8.0	-14.0	-4.0
8.0	-18.0	-4.0
2.0	-36.0	-42.0
32.0	26.0	-2.0
58.0	8.0	30.0
-50.0	2.0	36.0
-28.0	-66.0	-14.0
30.0	-12.0	70.0
30.0	-92.0	-4.0
38.0	-86.0	-4.0
-30.0	-92.0	4.0
32.0	-74.0	28.0
-18.0	-94.0	-4.0
-18.0	-66.0	52.0
18.0	-64.0	58.0
-30.0	-76.0	-10.0
46.0	8.0	26.0
60.0	8.0	22.0
-58.0	8.0	30.0
-34.0	-54.0	-54.0
-36.0	-58.0	24.0
-44.0	-68.0	38.0
-24.0	-84.0	-10.0
-26.0	-92.0	16.0
54.0	8.0	12.0
32.0	-88.0	12.0
26.0	-4.0	0.0
-24.0	0.0	2.0
0.0	-52.0	-40.0
-12.0	-98.0	4.0
-14.0	-92.0	-2.0
26.0	-80.0	-10.0
-20.0	-86.0	-8.0
-28.0	-70.0	-12.0
28.0	-70.0	-12.0
-36.0	-38.0	48.0
-42.0	-30.0	46.0
-28.0	-50.0	54.0
26.0	-62.0	50.0
-18.0	-66.0	50.0
28.0	-62.0	38.0
22.0	4.0	0.0
28.0	-62.0	40.0
-4.0	-74.0	-24.0
26.0	-62.0	52.0
-34.0	-42.0	46.0
58.0	8.0	30.0
60.0	8.0	22.0
30.0	-4.0	52.0
22.0	-18.0	50.0
-38.0	-4.0	12.0
32.0	20.0	4.0
28.0	26.0	0.0
-54.0	4.0	34.0
-34.0	-2.0	2.0
46.0	-18.0	32.0
-32.0	-14.0	42.0
-28.0	20.0	4.0
42.0	-16.0	40.0
-44.0	-14.0	42.0
-20.0	-16.0	58.0
28.0	-14.0	46.0
8.0	-18.0	-4.0
-8.0	-14.0	-4.0
-28.0	-2.0	-4.0
12.0	-10.0	2.0
-12.0	-14.0	6.0
2.0	-36.0	-42.0
6.0	-66.0	-6.0
28.0	-56.0	50.0
-26.0	-50.0	-54.0
-28.0	-58.0	54.0
-32.0	-44.0	50.0
-26.0	-74.0	32.0
22.0	-16.0	64.0
-24.0	-2.0	54.0
46.0	8.0	26.0
-44.0	14.0	30.0
50.0	20.0	36.0
-48.0	24.0	28.0
42.0	26.0	24.0
48.0	38.0	16.0
-6.0	8.0	56.0
6.0	16.0	52.0
-8.0	18.0	48.0
-42.0	44.0	-2.0
-30.0	24.0	-2.0
32.0	24.0	-2.0
30.0	-68.0	-12.0
28.0	-2.0	54.0
-50.0	-6.0	-34.0
-30.0	-88.0	-8.0
-56.0	0.0	20.0
-12.0	-98.0	2.0
-44.0	-30.0	46.0
-36.0	-34.0	50.0
34.0	-48.0	54.0
-20.0	-58.0	-54.0
48.0	8.0	28.0
12.0	-14.0	0.0
-36.0	34.0	38.0
36.0	42.0	34.0
-22.0	-92.0	18.0
-28.0	-84.0	20.0
30.0	-86.0	20.0
-30.0	-90.0	10.0
12.0	34.0	-2.0
32.0	-88.0	12.0
30.0	-72.0	-12.0
26.0	-58.0	52.0
-42.0	22.0	36.0
-28.0	-84.0	20.0
-30.0	-90.0	10.0
32.0	-88.0	12.0
-26.0	-62.0	-12.0
30.0	-72.0	-12.0
-28.0	-58.0	56.0
26.0	-58.0	52.0
-22.0	-92.0	20.0
-20.0	-80.0	22.0
-26.0	-62.0	-12.0
2.0	34.0	16.0
30.0	-86.0	20.0
2.0	-58.0	54.0
-2.0	-60.0	40.0
-54.0	-22.0	-16.0
-2.0	-40.0	-42.0
-38.0	-82.0	-6.0
-24.0	-92.0	18.0
34.0	-88.0	2.0
-32.0	-88.0	12.0
32.0	-88.0	10.0
36.0	-76.0	-10.0
-26.0	-74.0	32.0
-24.0	-64.0	52.0
34.0	-50.0	50.0
38.0	-84.0	-4.0
-24.0	-4.0	56.0
28.0	-6.0	52.0
-42.0	28.0	26.0
44.0	36.0	20.0
38.0	-84.0	-4.0
34.0	-88.0	2.0
22.0	-64.0	58.0
32.0	-88.0	10.0
22.0	-18.0	-18.0
-10.0	-36.0	6.0
40.0	-30.0	-12.0
14.0	-38.0	10.0
6.0	44.0	-4.0
-8.0	46.0	2.0
-28.0	-58.0	56.0
-26.0	-74.0	32.0
-32.0	-88.0	12.0
2.0	-38.0	-42.0
-18.0	-82.0	24.0
8.0	-74.0	-24.0
-26.0	-14.0	0.0
-32.0	-84.0	-10.0
-22.0	-92.0	16.0
30.0	-84.0	16.0
-36.0	-76.0	-10.0
34.0	-76.0	-12.0
-12.0	-98.0	2.0
-46.0	-28.0	46.0
32.0	-42.0	46.0
-26.0	-92.0	16.0
24.0	-60.0	56.0
56.0	6.0	30.0
2.0	4.0	18.0
30.0	6.0	-8.0
-56.0	2.0	32.0
-38.0	-4.0	12.0
-28.0	20.0	4.0
-32.0	-4.0	-4.0
-14.0	-18.0	6.0
-6.0	-44.0	12.0
2.0	-42.0	28.0
32.0	-52.0	50.0
4.0	52.0	8.0
2.0	-28.0	42.0
-22.0	-64.0	52.0
-30.0	-50.0	50.0
-58.0	-30.0	20.0
52.0	10.0	28.0
-24.0	-2.0	56.0
28.0	-6.0	52.0
-42.0	28.0	26.0
-46.0	2.0	34.0
60.0	-14.0	-20.0
58.0	-8.0	-14.0
44.0	36.0	20.0
62.0	2.0	2.0
-20.0	42.0	42.0
-44.0	-64.0	28.0
-22.0	-6.0	32.0
-46.0	-68.0	38.0
-60.0	-42.0	24.0
22.0	-2.0	26.0
36.0	-46.0	0.0
-58.0	-32.0	18.0
-52.0	-62.0	20.0
32.0	-74.0	30.0
40.0	-38.0	-6.0

// Sollberger M, 2009: PMID 19540253-1
// Subjects=20
38.0	42.0	38.0
-32.0	56.0	14.0
-38.0	58.0	-2.0
-28.0	64.0	-6.0
38.0	42.0	38.0
38.0	32.0	46.0
44.0	56.0	-4.0
38.0	54.0	20.0
-36.0	38.0	40.0
16.0	36.0	54.0
6.0	32.0	34.0
-16.0	52.0	38.0
52.0	36.0	18.0
-32.0	36.0	-18.0
34.0	36.0	-22.0
-34.0	56.0	12.0
-28.0	56.0	-6.0
-52.0	38.0	-8.0
6.0	-8.0	16.0
4.0	42.0	18.0
46.0	4.0	-2.0
40.0	6.0	6.0
34.0	34.0	46.0
14.0	68.0	-14.0
46.0	54.0	-8.0
-56.0	-4.0	46.0
52.0	42.0	4.0
-30.0	54.0	18.0
-42.0	30.0	42.0
-32.0	40.0	42.0
-38.0	-6.0	64.0
8.0	-12.0	18.0
8.0	16.0	42.0
-56.0	-4.0	46.0
36.0	38.0	-20.0
-48.0	12.0	26.0
-40.0	56.0	2.0
40.0	42.0	34.0
-30.0	54.0	18.0
0.0	22.0	-26.0
38.0	32.0	46.0
-44.0	14.0	30.0
38.0	6.0	6.0
40.0	28.0	-4.0
54.0	38.0	6.0
-32.0	34.0	-16.0
32.0	30.0	48.0
-52.0	12.0	22.0
-40.0	12.0	6.0
46.0	18.0	22.0
46.0	16.0	24.0
-32.0	40.0	42.0
40.0	-22.0	-16.0
-34.0	12.0	-2.0
-32.0	34.0	-18.0
8.0	12.0	-22.0
32.0	16.0	-12.0
38.0	8.0	2.0
20.0	16.0	-22.0
10.0	48.0	16.0
8.0	50.0	2.0
10.0	38.0	30.0
30.0	-14.0	-20.0
8.0	16.0	0.0
60.0	-12.0	-30.0
8.0	14.0	2.0
50.0	24.0	28.0
8.0	16.0	42.0
50.0	20.0	24.0
-6.0	32.0	38.0
6.0	12.0	-24.0
10.0	48.0	16.0
38.0	8.0	2.0
20.0	16.0	-22.0
-32.0	34.0	-18.0
6.0	30.0	52.0
30.0	-16.0	-18.0
46.0	12.0	-38.0
-6.0	58.0	30.0
20.0	18.0	8.0
26.0	12.0	-34.0
22.0	-84.0	2.0
4.0	16.0	58.0
10.0	14.0	-22.0
-28.0	54.0	18.0
20.0	16.0	-22.0
32.0	14.0	-14.0
32.0	8.0	-18.0
46.0	12.0	-38.0
12.0	52.0	6.0
56.0	-12.0	-32.0
10.0	42.0	30.0
8.0	16.0	-2.0
38.0	-14.0	-26.0
22.0	10.0	-22.0
38.0	-18.0	-22.0
-34.0	-66.0	-4.0
34.0	-2.0	0.0
-40.0	-46.0	28.0
-34.0	-64.0	-4.0
8.0	44.0	-22.0
-34.0	-66.0	-4.0
36.0	2.0	0.0
28.0	-6.0	-46.0
22.0	6.0	-18.0
44.0	14.0	-38.0

// Kukolja J, 2009: PMID 19553452-1
// Subjects=20
22.0	-6.0	-9.0
24.0	-22.0	-19.0
24.0	-22.0	-19.0
-20.0	-4.0	-27.0
24.0	-10.0	-21.0
30.0	-34.0	-9.0
30.0	2.0	-29.0
30.0	0.0	-29.0
-12.0	-36.0	-3.0

// Asami T, 2009: PMID 19560907-1
// Subjects=20
-62.0	-20.0	6.0
10.0	52.0	30.0
-8.0	52.0	26.0
14.0	22.0	-10.0
18.0	-10.0	-18.0
2.0	6.0	28.0
10.0	4.0	50.0
56.0	-10.0	2.0
18.0	-10.0	-18.0
18.0	-10.0	-18.0
-44.0	-34.0	14.0
54.0	-66.0	-6.0
-50.0	-54.0	-22.0
-46.0	-74.0	-38.0
18.0	-10.0	-18.0
18.0	-10.0	-18.0
18.0	-10.0	-18.0
-62.0	-32.0	10.0
44.0	-18.0	10.0
32.0	36.0	32.0
44.0	-18.0	10.0
44.0	-18.0	10.0
-50.0	-54.0	-22.0
-44.0	-34.0	14.0
-44.0	-34.0	14.0
-44.0	-34.0	14.0
-44.0	-34.0	14.0
-44.0	-34.0	14.0
-50.0	-54.0	-22.0
44.0	-18.0	10.0
-50.0	-54.0	-22.0
-50.0	-54.0	-22.0
-50.0	-54.0	-22.0
56.0	-10.0	2.0
56.0	-10.0	2.0
56.0	-10.0	2.0
56.0	-10.0	2.0
56.0	-10.0	2.0
44.0	-18.0	10.0
32.0	36.0	32.0
44.0	-18.0	10.0
32.0	36.0	32.0
52.0	40.0	-2.0
-20.0	48.0	42.0
-20.0	48.0	42.0
-20.0	48.0	42.0
-20.0	48.0	42.0
-20.0	48.0	42.0
52.0	40.0	-2.0
52.0	40.0	-2.0
52.0	40.0	-2.0
52.0	40.0	-2.0
-40.0	36.0	-6.0
-40.0	36.0	-6.0
-40.0	36.0	-6.0
-40.0	36.0	-6.0
-40.0	36.0	-6.0
8.0	-10.0	14.0
8.0	-10.0	14.0
38.0	-66.0	-38.0
8.0	-10.0	14.0
8.0	-10.0	14.0
-8.0	-6.0	10.0
32.0	36.0	32.0
32.0	36.0	32.0
-8.0	-6.0	10.0
-8.0	-6.0	10.0
-8.0	-6.0	10.0
-8.0	-6.0	10.0
52.0	-58.0	50.0
52.0	-58.0	50.0
52.0	-58.0	50.0
52.0	-58.0	50.0
-60.0	-42.0	36.0
52.0	-58.0	50.0
-60.0	-42.0	36.0
-60.0	-42.0	36.0
-60.0	-42.0	36.0
38.0	-66.0	-38.0
38.0	-66.0	-38.0
-60.0	-42.0	36.0
38.0	-66.0	-38.0
38.0	-66.0	-38.0
8.0	-10.0	14.0

// Engelmann JB, 2009: PMID 19576868-1
// Subjects=20
-12.6	12.3	6.2
27.7	54.9	27.4
22.5	41.0	42.9
13.3	36.6	-7.8
32.6	34.5	-21.3
14.0	34.0	27.4
-3.2	31.9	25.1
28.2	8.2	-19.0
21.5	-36.6	4.9
12.0	12.3	67.8
2.3	6.4	71.8
2.2	-10.5	16.3
2.7	-17.3	-7.9
3.4	-22.3	35.9
-17.0	-35.7	3.9
-2.8	36.0	28.4
27.2	-50.3	-15.8
-39.5	-59.7	-2.0
-7.1	10.9	19.0
46.2	-73.0	-1.3
-16.1	-73.0	22.9
-26.5	-75.7	42.2
-49.5	11.8	21.7
36.6	-85.2	16.6
-32.4	-86.4	16.7
13.1	47.5	-18.8
6.6	40.3	-19.1
-45.6	34.0	-14.8
46.4	27.8	-14.2
24.6	31.8	56.0
21.9	17.9	-16.4
16.3	12.8	11.6
35.8	-32.4	-8.0
28.0	-20.6	-19.9
-34.9	-23.4	-21.0
-15.5	-27.5	-6.7
31.8	-78.9	-6.1
13.2	-83.5	-6.6
-35.3	-83.4	-0.6
1.9	-86.6	-5.3
33.6	48.7	-5.8
21.0	-50.8	-23.0
10.9	36.8	22.6
-16.9	-64.9	45.5
21.5	0.5	-4.1
-1.0	-30.1	35.3
51.3	-61.2	42.6
-1.6	-46.2	6.0
0.2	32.4	22.1
8.9	24.5	-4.2
-17.2	6.4	-5.2
-61.0	-5.4	20.1
62.1	-7.8	19.9
-50.6	-9.6	39.0
-16.0	-15.9	21.1
-10.6	39.1	-7.1
0.4	-18.2	43.8
20.6	-21.4	25.9
36.6	-29.8	41.4
4.2	-28.5	67.1
-33.0	-37.5	55.8
-4.6	-40.0	33.8
-44.0	-48.7	-34.7
51.6	-18.2	28.5
0.4	-99.4	-4.5
-34.8	-16.9	49.7
-14.9	-51.8	-42.5
-18.3	-65.4	25.4
-29.8	-56.7	-56.7
34.1	-51.9	62.1
-38.6	-64.3	-37.0
12.8	-54.9	44.3
48.8	-62.8	-46.1
22.6	-61.8	-30.5
58.2	-26.2	-17.8
-27.3	-58.4	38.4
-28.1	-69.1	-22.6
-2.4	-70.5	-41.5
39.7	-66.5	25.5
-40.3	-63.2	-18.2
-28.5	-66.4	46.5
31.0	-93.8	-0.6
46.4	-52.0	-41.5
12.6	-85.3	35.5
-35.9	-85.4	22.5
26.4	-86.8	34.4
1.2	-69.9	53.6
49.6	-73.9	-8.8
-15.7	-73.9	-6.5
-3.4	-71.9	34.2

// Spreng RN, 2010: PMID 19580387-1
// Subjects=20
-60.0	-12.0	-28.0
-12.0	64.0	24.0
-40.0	-76.0	40.0
-16.0	64.0	12.0
-68.0	-36.0	-4.0
-4.0	20.0	52.0
-12.0	32.0	20.0
-8.0	-44.0	4.0
-12.0	56.0	44.0
20.0	-88.0	-36.0
32.0	-60.0	4.0
-20.0	4.0	8.0
-48.0	28.0	4.0
-4.0	-48.0	24.0
-64.0	-12.0	-16.0
20.0	8.0	12.0
-44.0	16.0	52.0
28.0	-60.0	-16.0
8.0	-40.0	4.0
-4.0	40.0	4.0
48.0	-48.0	20.0
-48.0	0.0	-4.0
20.0	-28.0	0.0
-16.0	-40.0	48.0
-8.0	-72.0	-44.0
52.0	0.0	28.0
-48.0	-80.0	8.0
-32.0	-32.0	72.0
-20.0	-20.0	-24.0
-52.0	-48.0	12.0
-4.0	-36.0	40.0
-8.0	-60.0	24.0
-8.0	-44.0	8.0
-24.0	-40.0	-20.0
-32.0	-80.0	44.0
48.0	-36.0	-4.0
-52.0	24.0	36.0
-44.0	36.0	-12.0
-4.0	-72.0	8.0
-8.0	56.0	8.0
44.0	-72.0	-44.0
-32.0	24.0	-8.0
28.0	-40.0	-12.0
-12.0	12.0	-4.0
0.0	-68.0	36.0
-8.0	-40.0	28.0
-36.0	-28.0	-12.0
-20.0	-28.0	-12.0
36.0	-20.0	-16.0
32.0	0.0	-20.0
-64.0	-16.0	-20.0
48.0	-16.0	-28.0
60.0	-28.0	-12.0
4.0	-8.0	12.0
0.0	-60.0	44.0
-20.0	-64.0	48.0
-4.0	-20.0	-28.0
-24.0	16.0	52.0
-16.0	-60.0	-16.0
-48.0	-60.0	4.0
-28.0	-48.0	-24.0
36.0	-48.0	-28.0
4.0	-88.0	0.0
-36.0	-76.0	20.0
-4.0	-84.0	12.0
16.0	-44.0	-52.0
-28.0	-76.0	-8.0
-48.0	-60.0	24.0
52.0	0.0	28.0
36.0	4.0	28.0
52.0	-12.0	28.0
-12.0	-28.0	-28.0
8.0	-16.0	40.0
-60.0	-24.0	36.0
24.0	-60.0	8.0

// Christakou A, 2009: PMID 19580877-1
// Subjects=20
40.1	-62.0	41.9
-37.0	-6.6	50.4
24.4	48.2	-3.9
-18.2	-56.9	-38.1
47.4	-16.0	31.3
-13.8	-5.6	6.6
27.6	28.2	-14.6
44.3	-34.5	39.6
-22.4	34.5	15.6
-56.5	-50.1	-1.4
58.8	-19.2	-10.9
1.3	-8.2	25.6
-2.9	-36.3	21.3
39.6	38.0	14.6
1.3	48.1	38.7
-34.3	32.5	-8.6
-44.6	-58.0	5.8
20.5	19.4	23.1
39.8	4.1	29.7
-45.0	32.0	-14.0
16.3	-61.3	-1.3
51.6	-48.0	16.1
28.1	-36.1	20.9
-13.7	7.0	17.8
-18.2	-35.4	-21.0
-13.3	-61.9	48.1
16.6	-61.8	47.8
-13.3	-78.2	43.9
-37.4	-28.1	-21.4
-10.6	-42.9	-8.2
63.2	-13.0	13.0
-6.3	-78.7	-17.5
32.4	-64.5	11.0
20.3	-23.1	-16.9
-41.5	2.2	13.0
-10.8	-0.0	-18.4
-6.6	60.7	-4.6
5.5	19.7	28.8
55.8	20.5	34.8
-44.5	-51.9	29.8
24.6	53.8	13.4
-2.7	-10.6	50.4
-33.8	-43.3	29.0
-10.4	-19.9	26.7
47.5	-38.3	45.4
-17.7	-10.7	50.6
43.9	-38.8	-15.8
13.3	-30.1	45.1
-22.3	-2.4	6.4
-25.5	-21.9	2.5
-22.6	-28.9	-33.7
16.6	-78.6	36.9
-10.4	-60.9	5.6
-5.8	-38.1	52.7
47.3	-11.8	30.9
36.6	-72.8	-0.6
39.4	16.1	-20.4
16.0	24.9	-1.9
-21.9	-70.8	31.1
-60.7	-30.6	3.7
6.0	-78.1	43.7
-45.0	33.0	-1.9
58.7	-3.8	-18.9
-3.0	-21.3	7.8
32.2	38.5	21.3
5.3	61.7	7.4
8.9	16.4	41.3
-37.1	-3.3	37.9
-6.5	-32.7	-28.0
55.7	-25.7	1.9
-29.4	-29.8	52.3
8.8	-25.0	14.7
-33.2	-3.9	-11.2
47.2	-17.4	13.6
-13.4	-87.5	20.2
-22.2	-85.7	-11.1
35.2	-47.2	-27.3
5.6	3.8	30.1
-44.9	-11.3	-10.4
55.8	-44.3	9.0
-41.3	9.3	49.2
24.5	48.6	1.6
-41.4	-4.3	25.8
-18.0	42.8	27.1
35.9	-61.6	47.5
27.9	-30.6	-4.1
-36.9	-42.4	41.2
55.8	-13.1	13.1
-18.0	-78.3	-11.8
-25.7	-11.2	-10.6
63.4	-30.7	32.3

// Dagher A, 2009: PMID 19632211-1
// Subjects=20
-24.0	42.0	-20.0
-46.0	32.0	8.0
12.0	14.0	-14.0
-14.0	14.0	-12.0
36.0	8.0	-26.0
-32.0	-16.0	4.0
40.0	-20.0	4.0
-28.0	-24.0	-20.0
-44.0	38.0	-8.0
16.0	0.0	18.0
2.0	-6.0	2.0
32.0	-24.0	-16.0
4.0	-84.0	28.0
10.0	53.0	20.0
2.0	-66.0	28.0
-8.0	-58.0	16.0
-54.0	-36.0	4.0
-46.0	-74.0	30.0
18.0	-34.0	-12.0
0.0	-32.0	32.0
2.0	40.0	2.0
-24.0	-8.0	-16.0
58.0	-40.0	6.0
20.0	20.0	44.0
-6.0	18.0	-6.0
-24.0	-54.0	2.0
16.0	-80.0	8.0
10.0	50.0	22.0
16.0	34.0	38.0
14.0	32.0	4.0
-16.0	24.0	40.0
18.0	8.0	18.0
2.0	-58.0	44.0
-2.0	-8.0	4.0
-20.0	36.0	-2.0
-4.0	-28.0	60.0
18.0	-34.0	-12.0
-22.0	-34.0	-10.0
-12.0	-38.0	48.0
58.0	-44.0	10.0
16.0	-58.0	14.0
-28.0	-60.0	10.0
-18.0	-48.0	-6.0
14.0	-6.0	-26.0
-4.0	-26.0	32.0
54.0	-40.0	6.0

// Czisch M, 2009: PMID 19707599-1
// Subjects=20
64.0	-36.0	10.0
6.0	-18.0	6.0
38.0	4.0	-16.0
50.0	-44.0	-12.0
-34.0	-60.0	36.0
42.0	-56.0	32.0
40.0	56.0	22.0
34.0	58.0	2.0
-24.0	14.0	0.0
-50.0	2.0	42.0
32.0	26.0	46.0
-12.0	-70.0	60.0
-46.0	-52.0	-14.0
-54.0	-68.0	34.0
-8.0	-58.0	38.0
-32.0	2.0	-4.0
-14.0	2.0	70.0
-46.0	-68.0	-6.0
6.0	-32.0	36.0
-54.0	-30.0	12.0
-14.0	-20.0	8.0
64.0	-6.0	-20.0
16.0	-94.0	0.0
-62.0	-18.0	8.0
-32.0	-12.0	50.0
28.0	2.0	52.0
52.0	-8.0	44.0
50.0	6.0	56.0
42.0	-2.0	38.0
-40.0	40.0	-8.0
64.0	-52.0	12.0
48.0	-44.0	14.0
30.0	-10.0	-24.0
8.0	-24.0	50.0
-6.0	0.0	42.0
64.0	-30.0	-8.0
-8.0	-48.0	36.0
-56.0	-36.0	16.0
-14.0	50.0	44.0
-20.0	-78.0	6.0
-22.0	-2.0	-26.0
-60.0	-50.0	14.0
30.0	8.0	-14.0
52.0	4.0	-26.0

// Korsnes MS, 2009: PMID 19707785-1
// Subjects=20
28.0	-14.0	-16.0
-40.0	-46.0	50.0
-38.0	-35.0	5.0
63.0	-5.0	-13.0
-38.0	6.0	-39.0
18.0	5.0	-12.0
-24.0	21.0	-14.0
-20.0	-84.0	24.0
34.0	-86.0	23.0
-36.0	-88.0	27.0
34.0	-20.0	-11.0
-44.0	2.0	-2.0
-67.0	-29.0	9.0
4.0	25.0	-5.0
-36.0	-80.0	37.0
2.0	2.0	-5.0
-14.0	-1.0	-20.0
20.0	-83.0	8.0
40.0	-46.0	15.0
40.0	39.0	5.0
-38.0	-75.0	20.0
63.0	9.0	25.0
20.0	-93.0	1.0
24.0	14.0	-28.0
-48.0	4.0	31.0
28.0	6.0	-42.0
-42.0	-54.0	5.0
-22.0	-56.0	-2.0
24.0	23.0	-15.0
51.0	-35.0	7.0
-38.0	-2.0	0.0
-51.0	-55.0	19.0
-30.0	-35.0	-2.0
-36.0	-73.0	22.0
-12.0	-81.0	8.0
-24.0	-71.0	13.0
-42.0	-56.0	10.0
-34.0	-37.0	41.0
10.0	-69.0	11.0
42.0	41.0	7.0

// Blasi G, 2009: PMID 19709644-1
// Subjects=20
0.0	21.0	50.0
52.0	12.0	18.0
-45.0	16.0	22.0
-34.0	48.0	7.0
49.0	22.0	-5.0
19.0	-5.0	-21.0
-19.0	-5.0	-17.0
-34.0	25.0	-14.0
49.0	9.0	32.0
26.0	-8.0	-16.0
-34.0	52.0	16.0
-56.0	20.0	36.0
-4.0	21.0	50.0
51.0	11.0	13.0
22.0	-1.0	-17.0
34.0	22.0	-10.0
22.0	-5.0	-17.0
-4.0	21.0	50.0
-30.0	25.0	-14.0
34.0	22.0	-10.0
-45.0	12.0	22.0
22.0	-5.0	-17.0
22.0	-8.0	-16.0
34.0	49.0	30.0
-45.0	12.0	22.0
-1.0	-11.0	65.0
-4.0	21.0	50.0
51.0	11.0	13.0
-26.0	21.0	-18.0
11.0	4.0	0.0
52.0	12.0	18.0
-8.0	-4.0	51.0
38.0	22.0	-14.0
22.0	-8.0	-21.0
15.0	14.0	-4.0
8.0	24.0	40.0

// Skinner EI, 2010: PMID 19733581-1
// Subjects=20
-50.4	7.1	-19.7
7.9	-83.2	18.4
22.8	-63.7	8.8
34.1	-11.5	-20.2
44.0	-56.8	-0.9
-29.5	-92.4	14.1
-8.3	-60.4	-1.1
-36.4	-68.5	-48.1
-27.7	-29.6	-0.2
39.7	-42.5	-7.7
30.7	11.2	-42.2
-75.7	-25.0	7.8
-39.5	37.4	13.3
-40.3	-69.8	4.5

// Linke J, 2010: PMID 19770058-1
// Subjects=20
-24.0	-45.0	42.0
-15.0	36.0	51.0
6.0	33.0	-15.0
6.0	45.0	-6.0
-33.0	33.0	-15.0
-6.0	-54.0	15.0
-51.0	-3.0	-6.0
9.0	-9.0	-9.0
-54.0	-54.0	-9.0
24.0	-3.0	-18.0
-45.0	-78.0	33.0
30.0	-9.0	-24.0
6.0	-48.0	18.0
-6.0	-42.0	33.0
-15.0	6.0	-12.0
36.0	39.0	33.0
-30.0	48.0	18.0
-3.0	12.0	54.0
6.0	21.0	45.0
-30.0	-3.0	60.0
6.0	18.0	45.0
-33.0	24.0	3.0
30.0	24.0	0.0
-9.0	33.0	-9.0
-24.0	-3.0	51.0
36.0	51.0	18.0
33.0	60.0	0.0
3.0	30.0	36.0
-12.0	27.0	30.0
48.0	-45.0	45.0
21.0	6.0	63.0
51.0	21.0	0.0
30.0	-9.0	-6.0
51.0	-30.0	-24.0
-27.0	0.0	63.0
30.0	21.0	-9.0
-12.0	-60.0	54.0
-39.0	15.0	-6.0
-33.0	21.0	3.0
-12.0	-57.0	24.0
-36.0	-60.0	-33.0
45.0	-30.0	-9.0
-15.0	-75.0	-30.0
24.0	-27.0	-15.0
-18.0	36.0	42.0
30.0	45.0	39.0
18.0	-9.0	54.0
-15.0	-6.0	54.0
30.0	-48.0	45.0
12.0	-30.0	33.0
-27.0	-69.0	-30.0
-6.0	-36.0	78.0
-39.0	-60.0	27.0
-39.0	-60.0	27.0
21.0	30.0	6.0
57.0	-24.0	3.0
24.0	0.0	21.0
-15.0	-3.0	27.0
-24.0	12.0	9.0
27.0	0.0	-15.0
33.0	39.0	45.0
-15.0	36.0	42.0
18.0	-9.0	54.0
-48.0	-36.0	48.0
57.0	-24.0	3.0
48.0	-27.0	-24.0
-24.0	12.0	12.0
12.0	-60.0	54.0
42.0	-66.0	45.0

// Sinke CB, 2010: PMID 19804836-1
// Subjects=20
-49.1	-43.7	-15.5
54.8	-36.4	15.1
-41.6	-44.3	-9.9
-33.0	-50.9	-13.9
56.9	-36.8	9.5
-34.2	-44.2	-23.4
55.9	-33.0	17.0
-43.7	-65.8	-12.5
54.8	-49.0	17.3
57.0	-46.3	23.7
-43.7	-46.7	-14.1
55.8	-29.5	6.7
-37.3	-49.5	-9.5
63.3	-20.4	13.6
-44.8	-40.5	-15.8
54.5	-19.0	-8.7
54.7	-40.0	9.8
-38.4	-53.5	-19.2
48.3	-33.7	8.2
-32.1	-39.8	-21.6
47.3	-43.6	18.0
13.3	-49.9	35.7
-6.0	-50.2	33.7
19.1	-0.2	-23.2
19.2	-5.1	-18.4
19.1	-5.4	-21.7
18.1	-3.2	-20.7
21.3	-4.2	-20.7
20.2	-3.5	-25.2
18.1	-4.3	-21.8
17.0	-5.4	-21.7
18.1	-3.2	-20.7
53.8	-65.8	19.8
6.8	-79.0	18.1
22.4	-8.2	-17.0
19.1	-0.2	-23.2
22.3	-5.4	-22.8
-38.4	-44.9	-18.8
20.5	-7.8	15.3
26.9	-10.1	13.2
-0.5	-76.6	35.8
-43.7	-54.1	-12.4
-41.9	51.4	-11.2
58.0	-36.0	19.5
-37.3	-38.4	-2.7
15.2	42.5	47.9
6.9	18.9	59.0
-41.1	-69.0	42.3
-9.2	-37.1	39.3
-41.6	-40.5	-15.8
5.3	-5.8	-11.5
54.8	-29.6	20.1
20.5	49.7	43.9
-62.7	-32.8	30.6
-2.9	35.6	42.1
20.3	8.3	-9.5
9.7	58.9	25.5
-46.0	37.6	3.3
52.4	35.5	9.1
45.1	13.2	23.3
-43.9	24.2	-5.6
36.2	22.6	-18.6
55.8	-48.7	7.2
30.1	42.7	35.5
-46.9	-66.8	-11.3
-2.8	26.1	57.3
54.8	-29.1	25.6
-46.7	-57.4	13.5
-18.2	11.5	-7.0
38.5	-36.0	-20.4
-40.6	-35.3	-17.4
49.0	10.4	-26.7
33.7	-32.9	48.5
6.9	-49.9	36.8
48.0	-1.4	-13.4
44.0	-63.5	-4.8
49.5	-59.5	19.3
-50.8	-9.8	52.0
53.9	-9.0	52.9
53.4	-12.1	-15.9
25.7	3.9	0.9
-1.7	-78.1	17.0
6.8	-73.8	16.5
-7.3	-75.8	-7.7
4.5	-78.7	-5.3
2.6	0.7	58.3
-0.5	-24.9	58.2
62.2	-0.6	22.0
-24.5	3.6	1.5
52.9	-40.1	48.9

// Canessa N, 2009: PMID 19826471-1
// Subjects=20
-8.0	38.0	12.0
2.0	38.0	12.0
0.0	-8.0	58.0
4.0	-14.0	52.0
-4.0	-6.0	48.0
58.0	-10.0	-18.0
12.0	4.0	22.0
-28.0	4.0	-20.0
-24.0	0.0	-20.0
-14.0	-2.0	-18.0
-46.0	-30.0	42.0
32.0	-10.0	-32.0
-6.0	-20.0	-26.0
30.0	-44.0	-26.0
-10.0	42.0	-10.0
0.0	-24.0	10.0
-18.0	-22.0	-18.0
26.0	-16.0	-18.0
14.0	-28.0	-10.0
-2.0	-36.0	2.0
-14.0	46.0	-14.0
-26.0	16.0	-20.0
-14.0	34.0	14.0
-4.0	52.0	36.0
46.0	44.0	18.0
28.0	-12.0	-12.0
34.0	-20.0	-14.0
12.0	14.0	8.0
-4.0	40.0	-8.0
-12.0	42.0	14.0
-56.0	-34.0	36.0
-56.0	-30.0	42.0
44.0	-40.0	58.0
-32.0	-34.0	-12.0
-40.0	-18.0	-16.0
-28.0	-14.0	-32.0
54.0	-40.0	56.0
30.0	-12.0	-26.0
40.0	-22.0	-12.0
50.0	40.0	16.0
40.0	-14.0	52.0
-18.0	-40.0	58.0
-8.0	14.0	28.0
42.0	28.0	-2.0
-34.0	28.0	-4.0
-10.0	54.0	-14.0
-6.0	48.0	0.0
-14.0	-22.0	52.0

// Dehaene-Lambertz G, 2010: PMID 19864015-1
// Subjects=20
-34.0	-17.0	9.0
-46.0	-3.0	-9.0
-40.0	-11.0	0.0
46.0	-11.0	0.0
-31.0	-26.0	6.0
40.0	-14.0	3.0
-40.0	-9.0	-3.0
-40.0	-6.0	-3.0
-37.0	-17.0	6.0
46.0	-17.0	3.0
-43.0	-23.0	-6.0
-29.0	-20.0	23.0
37.0	-31.0	0.0
-34.0	-37.0	11.0
-20.0	-31.0	17.0
46.0	-11.0	0.0
23.0	-34.0	17.0
34.0	-20.0	6.0
-31.0	-26.0	6.0
43.0	0.0	6.0
-34.0	-23.0	6.0
-31.0	-20.0	11.0
40.0	-14.0	3.0
-31.0	-34.0	9.0
-29.0	-29.0	3.0
-20.0	-37.0	20.0
-40.0	-37.0	0.0
9.0	-17.0	-11.0
17.0	0.0	-6.0
-17.0	31.0	-9.0
11.0	43.0	11.0
-9.0	34.0	20.0
40.0	-5.7	-8.6
-26.0	-49.0	-20.0
6.0	46.0	-3.0
-37.0	-17.0	2.9
-29.0	20.0	8.6
-29.0	-57.0	-17.0
-23.0	-31.0	11.0
-17.0	-29.0	40.0
46.0	-17.0	-2.9
11.0	49.0	-11.0
40.0	-14.0	-2.9
34.0	-20.0	-11.0
-34.0	-20.0	2.9
29.0	-57.0	11.0
-11.0	-8.6	37.0
-20.0	37.0	5.7
20.0	40.0	2.9
31.0	8.6	-5.7

// Kong J, 2010: PMID 20005043-1
// Subjects=20
40.0	-78.0	30.0
22.0	-26.0	60.0
16.0	-70.0	32.0
-38.0	46.0	32.0
-40.0	-18.0	14.0
4.0	-26.0	-14.0
0.0	34.0	-14.0
0.0	-50.0	32.0
-32.0	-82.0	28.0
-58.0	-30.0	22.0
-12.0	50.0	40.0
38.0	8.0	6.0
-4.0	6.0	42.0
6.0	18.0	36.0
44.0	-26.0	64.0
26.0	-54.0	-30.0
60.0	-34.0	24.0
-30.0	-52.0	-36.0
26.0	-54.0	-30.0
24.0	-70.0	60.0
-18.0	-26.0	60.0
6.0	24.0	36.0
-30.0	-32.0	74.0
-34.0	16.0	-4.0
42.0	46.0	4.0
40.0	20.0	-6.0
-2.0	-40.0	-48.0
-54.0	-4.0	-24.0
-22.0	-4.0	-26.0
48.0	-68.0	20.0
-4.0	64.0	28.0
-30.0	-32.0	74.0
-34.0	-8.0	-30.0
56.0	-24.0	22.0
48.0	48.0	0.0
-40.0	-18.0	18.0
-6.0	20.0	34.0
-40.0	-16.0	14.0
42.0	18.0	-8.0
28.0	-10.0	-2.0
-56.0	-24.0	16.0
-18.0	-24.0	64.0
24.0	42.0	50.0
-4.0	-2.0	-14.0
-42.0	-12.0	48.0
30.0	-6.0	-26.0
12.0	-46.0	-50.0
-24.0	30.0	48.0
48.0	-68.0	20.0
6.0	24.0	36.0
6.0	26.0	48.0
54.0	-2.0	-24.0
58.0	-42.0	52.0
-64.0	-20.0	24.0
0.0	-54.0	26.0
-56.0	-24.0	16.0
0.0	54.0	-8.0
42.0	18.0	-8.0
-4.0	-36.0	46.0
-18.0	-52.0	-16.0
54.0	-2.0	-24.0
-20.0	-70.0	10.0
48.0	-40.0	-2.0
-48.0	-52.0	12.0
-6.0	56.0	24.0
54.0	2.0	42.0
44.0	-26.0	64.0
-34.0	-62.0	-32.0
52.0	18.0	34.0
28.0	58.0	32.0
-28.0	-66.0	-38.0
-30.0	-82.0	20.0
0.0	-54.0	26.0
46.0	-8.0	60.0
-4.0	-36.0	46.0
16.0	-26.0	0.0
-14.0	-28.0	2.0
-34.0	44.0	28.0
-8.0	-82.0	32.0
-30.0	-40.0	-28.0

// Asghar AU, 2010: PMID 20025853-1
// Subjects=20
-32.0	-36.0	16.0
-42.0	-12.0	-2.0
10.0	-56.0	-26.0
36.0	-12.0	-14.0
-60.0	-58.0	2.0
-44.0	-34.0	-22.0
-36.0	-74.0	-14.0
-44.0	-6.0	-6.0
-12.0	-58.0	-32.0
-22.0	-92.0	-16.0
14.0	-90.0	4.0
-42.0	-44.0	-6.0
-32.0	-62.0	8.0
18.0	-12.0	4.0
24.0	-30.0	-16.0
10.0	-46.0	-30.0
-22.0	-18.0	-30.0
-42.0	-10.0	0.0
10.0	-42.0	-8.0
36.0	26.0	-8.0
-34.0	-22.0	-10.0
24.0	-22.0	-12.0
-24.0	-2.0	-28.0
-32.0	-6.0	-22.0
26.0	4.0	-22.0
28.0	-6.0	-16.0
-2.0	-8.0	-4.0
-12.0	-58.0	-32.0
26.0	-36.0	0.0
16.0	-36.0	0.0
24.0	-48.0	-2.0
-14.0	-32.0	-32.0
-22.0	-20.0	-12.0
-18.0	-30.0	14.0
8.0	-36.0	-18.0
6.0	-26.0	2.0
18.0	-12.0	4.0

// Tolkunov D, 2010: PMID 20025979-1
// Subjects=20
-24.0	-3.0	-18.0
60.0	27.0	24.0
57.0	3.0	30.0
6.0	51.0	42.0
-24.0	-3.0	-18.0
-15.0	-33.0	-9.0
-12.0	33.0	60.0
36.0	27.0	9.0
57.0	3.0	30.0
63.0	6.0	-3.0
36.0	-21.0	-3.0
12.0	-33.0	-3.0
-21.0	-6.0	-15.0
60.0	21.0	30.0
-3.0	18.0	42.0
30.0	21.0	-21.0
24.0	-3.0	-21.0
45.0	-12.0	-12.0
-42.0	36.0	36.0
36.0	21.0	36.0
9.0	42.0	24.0
-24.0	-3.0	-27.0
24.0	0.0	-21.0
9.0	42.0	18.0
-24.0	48.0	39.0
-42.0	33.0	33.0
33.0	24.0	42.0
48.0	12.0	30.0
33.0	-27.0	-12.0
42.0	21.0	3.0
60.0	18.0	9.0
60.0	18.0	24.0
60.0	21.0	6.0

// Benoit RG, 2010: PMID 20045478-1
// Subjects=20
-44.0	-56.0	26.0
64.0	-2.0	-16.0
-8.0	36.0	52.0
50.0	30.0	-8.0
-48.0	28.0	-8.0
68.0	-10.0	-20.0
-2.0	-12.0	36.0
-6.0	-50.0	24.0
58.0	-64.0	24.0
-8.0	36.0	52.0
0.0	60.0	14.0
-12.0	56.0	28.0
48.0	2.0	-32.0
6.0	38.0	4.0
46.0	30.0	-16.0
58.0	26.0	4.0
-48.0	28.0	-8.0
-46.0	10.0	-30.0
-10.0	-92.0	24.0
0.0	12.0	-12.0
-50.0	-2.0	-32.0
30.0	22.0	-22.0
-20.0	-10.0	-14.0
42.0	4.0	24.0
-42.0	32.0	10.0
-12.0	34.0	26.0
26.0	50.0	26.0
-48.0	-58.0	26.0
-12.0	-94.0	22.0
58.0	-64.0	24.0
46.0	28.0	4.0
26.0	-14.0	-16.0
2.0	-54.0	28.0
-4.0	-52.0	24.0
-32.0	0.0	2.0
34.0	4.0	6.0
38.0	-4.0	-34.0
0.0	-2.0	18.0
62.0	-36.0	40.0
0.0	14.0	-12.0
-48.0	12.0	-32.0
66.0	-2.0	-14.0
60.0	-4.0	-24.0
52.0	10.0	-6.0

// Mur M, 2010: PMID 20051364-1
// Subjects=20
-4.0	-91.4	-3.1
6.7	-91.3	-3.2
-44.7	-79.4	-10.3
46.1	-75.7	-11.6
-38.4	-49.3	-19.6
-24.5	-45.3	-11.1
-21.3	-23.0	-11.9
25.7	-20.6	-12.7
-26.9	-7.7	-33.2
38.3	-3.9	-32.1
25.7	-44.0	-11.8
41.7	-45.6	-20.8

// Krach S, 2010: PMID 20060911-1
// Subjects=20
-12.0	-48.0	-19.0
18.0	-36.0	-30.0
30.0	7.0	-9.0
24.0	-22.0	-17.0
32.0	-33.0	-8.0
-30.0	-36.0	-12.0
-38.0	17.0	-9.0

// Lee SJ, 2010: PMID 20080395-1
// Subjects=20
-61.0	-53.0	19.0
44.0	10.0	-27.0
-46.0	8.0	-36.0
-2.0	-57.0	30.0
44.0	-20.0	64.0
-8.0	59.0	23.0
-8.0	59.0	17.0
55.0	27.0	6.0
-34.0	27.0	-5.0
-49.0	-52.0	17.0
16.0	-6.0	35.0
-63.0	-29.0	3.0
48.0	-38.0	7.0
-2.0	-51.0	25.0
34.0	-95.0	1.0
-30.0	-97.0	1.0
-22.0	-99.0	5.0
48.0	-80.0	1.0
-55.0	-3.0	-12.0
48.0	-53.0	25.0
44.0	14.0	-29.0
50.0	12.0	-29.0
57.0	-42.0	11.0
-4.0	-57.0	29.0
-59.0	-3.0	-17.0
34.0	-26.0	25.0
-40.0	-55.0	29.0
-61.0	-52.0	14.0
48.0	-78.0	2.0
30.0	-97.0	12.0
-22.0	-95.0	5.0
28.0	-9.0	-18.0
-6.0	15.0	58.0
-12.0	41.0	46.0
-8.0	61.0	17.0
14.0	53.0	42.0
46.0	12.0	-24.0
-44.0	17.0	-8.0
48.0	12.0	-29.0
-57.0	-4.0	-12.0
44.0	10.0	-27.0
-51.0	-10.0	43.0
61.0	-48.0	10.0
34.0	45.0	11.0
-30.0	23.0	1.0
61.0	16.0	14.0
42.0	-59.0	-20.0
-40.0	26.0	-15.0
6.0	-55.0	30.0
-4.0	-57.0	34.0
-44.0	-59.0	-17.0

// Redcay E, 2010: PMID 20096792-1
// Subjects=20
-48.0	-44.0	22.0
38.0	-64.0	8.0
10.0	-74.0	-12.0
-48.0	-60.0	4.0
-46.0	16.0	-16.0
38.0	-70.0	20.0
48.0	12.0	-30.0
54.0	-48.0	12.0
60.0	-46.0	24.0
38.0	16.0	0.0
-40.0	14.0	4.0
8.0	6.0	62.0
2.0	36.0	14.0
6.0	14.0	36.0
20.0	-2.0	-18.0
26.0	-16.0	-14.0
-42.0	-56.0	-28.0
54.0	-58.0	14.0
-12.0	12.0	-4.0
22.0	8.0	-10.0
-14.0	-8.0	6.0
-38.0	-20.0	58.0
46.0	-24.0	58.0
58.0	2.0	-24.0
48.0	-40.0	6.0
8.0	-18.0	64.0
50.0	-70.0	0.0
-48.0	-68.0	6.0
2.0	-88.0	-2.0
46.0	30.0	-6.0
6.0	50.0	44.0
-18.0	18.0	4.0
-48.0	-56.0	14.0

// Onoda K, 2010: PMID 20144945-1
// Subjects=20
34.0	-30.0	-12.0
6.0	40.0	-16.0
32.0	6.0	18.0
-22.0	-8.0	68.0
-56.0	-32.0	34.0
-44.0	-76.0	10.0
44.0	-80.0	26.0
-6.0	-68.0	30.0
14.0	-82.0	28.0
0.0	12.0	26.0
34.0	-26.0	-24.0
-14.0	-32.0	-32.0
-34.0	-34.0	-22.0
-36.0	-4.0	44.0
58.0	30.0	8.0
12.0	58.0	22.0
24.0	-52.0	66.0
-10.0	-28.0	6.0
2.0	-24.0	-26.0
6.0	-56.0	-38.0
24.0	-22.0	24.0

// Marsh AA, 2010: PMID 20150343-1
// Subjects=20
58.7	29.5	-0.5
-48.1	32.7	9.4
16.2	34.5	26.3
-6.2	17.6	30.2
-35.3	19.2	-1.9
44.8	3.1	-10.4
48.4	-19.0	20.4
35.7	1.8	55.6
-55.4	-13.3	6.6
75.2	-58.4	16.7
-25.0	-17.7	71.3
51.7	-27.7	31.1
-6.1	7.9	42.2
62.1	-61.9	-13.0
40.9	-64.4	12.0
51.9	-40.6	56.7
-64.7	-51.1	41.1
-44.5	-27.5	28.9
21.2	77.1	-1.9
51.5	-56.9	-3.2
25.6	-10.3	-16.9
-38.3	20.1	23.7
45.1	-91.7	-11.4
48.3	-78.4	-4.7
74.9	-48.7	-8.7
-58.1	-50.5	62.2
-5.7	-88.6	46.9
-38.7	56.6	-12.8
65.3	-54.1	-9.2
-40.1	-69.0	27.8
7.0	13.4	70.6
38.4	58.1	12.9
9.0	9.1	56.4
38.2	37.1	-24.3
58.7	51.1	3.2
23.5	64.8	18.1
44.7	67.8	0.9
65.1	4.8	-18.6
23.5	64.8	18.1
53.2	-11.6	-36.0
40.8	-81.0	-11.1
25.8	-59.2	-16.1
58.6	39.6	-8.1
49.2	-25.7	-12.5
2.7	-102.3	20.1
-27.6	-65.7	-12.7
12.5	65.4	-27.5
-27.5	-101.2	-4.2
-16.5	-97.0	35.5
-3.9	-91.4	10.3
-47.0	-37.9	-23.8
36.9	-79.3	39.0
-1.9	-56.7	5.2
72.0	-41.8	25.4
-42.4	-93.9	-4.6
36.7	-84.7	10.4

// Bonelli SB, 2010: PMID 20157009-1
// Subjects=20
38.0	-26.0	-8.0
-24.0	-8.0	-10.0
-22.0	2.0	-16.0
28.0	-18.0	-20.0
-12.0	-8.0	-18.0
26.0	-20.0	-8.0
-28.0	4.0	-24.0
32.0	-6.0	-18.0
-16.0	-4.0	-4.0
-22.0	-2.0	-22.0
-22.0	-28.0	-6.0
22.0	-8.0	-14.0
34.0	-16.0	-14.0
-24.0	-20.0	-6.0
16.0	-14.0	-16.0
32.0	-6.0	-10.0
-34.0	-38.0	-10.0
-18.0	-6.0	-18.0

// Beck SM, 2010: PMID 20169080-1
// Subjects=20
-46.0	11.0	30.0
35.0	36.0	22.0
43.0	6.0	30.0
4.0	8.0	50.0
32.0	-49.0	44.0
-44.0	41.0	14.0
33.0	0.0	49.0
36.0	-62.0	46.0
10.0	-2.0	19.0
-32.0	9.0	11.0
-18.0	-8.0	-18.0
7.0	0.0	-4.0
-9.0	12.0	3.0
-63.0	-3.0	8.0
35.0	21.0	-9.0
-34.0	40.0	18.0
34.0	49.0	14.0
43.0	7.0	31.0
18.0	-8.0	-20.0
-34.0	3.0	58.0
9.0	8.0	6.0
-19.0	-71.0	43.0
34.0	34.0	-10.0
7.0	47.0	-20.0
4.0	-71.0	-20.0
0.0	-61.0	-26.0
23.0	-64.0	43.0
30.0	36.0	-11.0
-16.0	35.0	-12.0
11.0	17.0	-21.0
-31.0	-58.0	43.0
-33.0	33.0	16.0
34.0	-55.0	-18.0
41.0	35.0	34.0
-39.0	-58.0	-19.0

// Keightley ML, 2011: PMID 20194514-1
// Subjects=20
-32.0	-96.0	16.0
-48.0	8.0	36.0
44.0	28.0	8.0
-52.0	20.0	20.0
28.0	-52.0	-16.0
-32.0	-48.0	-16.0
24.0	-84.0	44.0
64.0	-8.0	0.0
36.0	16.0	28.0
48.0	-76.0	0.0
36.0	-80.0	-16.0
48.0	-56.0	40.0
-20.0	28.0	56.0
-48.0	-80.0	8.0
32.0	-32.0	-20.0
20.0	-36.0	-24.0
16.0	-28.0	-4.0
-32.0	-60.0	52.0
32.0	-20.0	-16.0
8.0	-52.0	36.0
-28.0	-32.0	40.0
8.0	-20.0	48.0
48.0	-24.0	4.0
8.0	16.0	-8.0
-20.0	-8.0	56.0
32.0	-60.0	-36.0
-60.0	-40.0	-28.0
44.0	40.0	12.0
52.0	12.0	36.0
-56.0	28.0	28.0
0.0	48.0	36.0
-8.0	4.0	-12.0
-52.0	-20.0	4.0
44.0	-52.0	-24.0
64.0	-24.0	4.0
-32.0	-24.0	-4.0
44.0	-48.0	-8.0
36.0	-72.0	-20.0
-60.0	-24.0	52.0
-4.0	32.0	24.0
28.0	-52.0	40.0
-48.0	-56.0	-28.0
-28.0	-72.0	16.0
-52.0	-80.0	4.0
44.0	-88.0	-16.0
24.0	-4.0	-20.0
32.0	36.0	44.0
-36.0	-16.0	64.0
12.0	-36.0	56.0
-48.0	52.0	8.0
-44.0	28.0	32.0
-16.0	28.0	48.0
-16.0	-16.0	8.0
52.0	4.0	32.0
-12.0	-24.0	40.0
-48.0	-56.0	20.0
52.0	-48.0	48.0
-32.0	-48.0	36.0
36.0	8.0	0.0
-48.0	16.0	-40.0
-44.0	-56.0	28.0
12.0	8.0	64.0
48.0	16.0	20.0
16.0	12.0	0.0
20.0	-4.0	-16.0
40.0	-44.0	-20.0
-8.0	-44.0	48.0
-16.0	64.0	32.0
-40.0	24.0	44.0
-28.0	-28.0	-28.0
60.0	-12.0	-20.0
-48.0	-76.0	40.0
56.0	-52.0	-4.0
20.0	-20.0	-12.0

// Li X, 2010: PMID 20195575-1
// Subjects=20
-13.0	3.0	56.0
-57.0	7.0	-6.0
27.0	-17.0	51.0
-28.0	-20.0	60.0
9.0	1.0	59.0
7.0	-22.0	44.0
63.0	-33.0	23.0
-65.0	-30.0	18.0
26.0	-28.0	12.0
59.0	10.0	0.0
-26.0	-18.0	60.0
-14.0	12.0	55.0
14.0	-19.0	48.0
66.0	-30.0	11.0
58.0	7.0	-9.0
-57.0	7.0	-6.0
18.0	-24.0	15.0
66.0	-35.0	18.0
-27.0	-40.0	54.0
-51.0	-49.0	42.0
-31.0	23.0	45.0
24.0	30.0	0.0
-65.0	-39.0	24.0
-8.0	-15.0	20.0
64.0	-33.0	36.0
-24.0	-12.0	51.0
-45.0	-72.0	39.0
27.0	18.0	6.0
-33.0	9.0	-21.0
39.0	-39.0	21.0
-13.0	-4.0	57.0
-26.0	-16.0	58.0
29.0	28.0	6.0
-27.0	-21.0	58.0
-41.0	14.0	-18.0
11.0	16.0	46.0
43.0	37.0	-8.0
59.0	-41.0	45.0
-29.0	-57.0	45.0
-13.0	46.0	36.0
65.0	-28.0	20.0
48.0	21.0	3.0
64.0	-35.0	22.0
-66.0	-26.0	12.0
-18.0	37.0	47.0
-7.0	35.0	38.0
-3.0	26.0	0.0
-39.0	5.0	39.0
-49.0	24.0	15.0
-60.0	17.0	15.0
36.0	-27.0	-9.0
-4.0	47.0	42.0
66.0	-29.0	17.0
-9.0	42.0	24.0
-21.0	30.0	0.0
-25.0	-14.0	60.0
-60.0	-18.0	6.0
-4.0	29.0	24.0
-7.0	30.0	39.0
-40.0	4.0	14.0
27.0	33.0	-9.0
-54.0	-22.0	25.0
52.0	21.0	6.0
11.0	48.0	-9.0
-9.0	44.0	24.0
27.0	-41.0	71.0
-59.0	-16.0	27.0
27.0	-40.0	69.0
-1.0	-30.0	68.0
-20.0	-46.0	69.0
-9.0	37.0	44.0
-38.0	8.0	39.0
-8.0	33.0	38.0
-52.0	-24.0	9.0
38.0	-33.0	-3.0
3.0	12.0	36.0
51.0	20.0	6.0
45.0	-45.0	36.0

// Laird AR, 2010: PMID 20197097-1
// Subjects=20
-42.0	56.0	-2.0
-38.0	24.0	-8.0
30.0	18.0	0.0
-4.0	-90.0	-6.0
-4.0	-92.0	-8.0
-14.0	-16.0	6.0
-12.0	-14.0	6.0
-4.0	14.0	40.0
2.0	20.0	44.0
42.0	6.0	24.0
44.0	10.0	24.0
38.0	20.0	-8.0
-40.0	-2.0	46.0
40.0	-32.0	42.0
-38.0	-44.0	-28.0
46.0	-34.0	48.0
-42.0	6.0	42.0
-40.0	2.0	30.0
-42.0	8.0	26.0
-42.0	20.0	24.0
-42.0	24.0	18.0
-42.0	26.0	8.0
-46.0	32.0	0.0
-22.0	-26.0	-8.0
-22.0	-26.0	-8.0
-40.0	-48.0	-24.0
-40.0	50.0	2.0
-30.0	-36.0	-18.0
6.0	22.0	38.0
-14.0	-8.0	14.0
-30.0	-34.0	-18.0
28.0	-18.0	-18.0
20.0	-28.0	-4.0
16.0	-28.0	-2.0
8.0	32.0	26.0
6.0	24.0	34.0
-6.0	8.0	50.0
2.0	14.0	44.0
-6.0	18.0	42.0
38.0	18.0	-10.0
-16.0	-42.0	-18.0
-16.0	-38.0	-20.0
30.0	-16.0	-18.0
-42.0	-66.0	-8.0
42.0	18.0	-16.0
-42.0	-64.0	-14.0
-42.0	-56.0	-30.0
38.0	-42.0	-28.0
42.0	-46.0	-24.0
32.0	38.0	38.0
36.0	46.0	28.0
40.0	26.0	18.0
40.0	14.0	22.0
-30.0	48.0	18.0
-34.0	54.0	12.0
-26.0	-66.0	42.0
-26.0	-58.0	48.0
-44.0	-62.0	-22.0
-14.0	-6.0	14.0
-34.0	-54.0	40.0
-40.0	24.0	-14.0
-34.0	6.0	48.0
40.0	-64.0	-24.0
36.0	-82.0	-14.0
28.0	22.0	2.0
28.0	26.0	-8.0
26.0	30.0	-8.0
-34.0	-86.0	-6.0
10.0	-94.0	6.0
-46.0	4.0	38.0
34.0	20.0	-4.0
-48.0	26.0	26.0
-46.0	18.0	20.0
-30.0	26.0	-6.0
-28.0	24.0	2.0
-34.0	-2.0	50.0
-4.0	4.0	54.0
-4.0	12.0	52.0
4.0	34.0	22.0
4.0	36.0	22.0
-4.0	24.0	40.0
-2.0	34.0	32.0
16.0	-74.0	28.0
18.0	-72.0	32.0
-34.0	-72.0	24.0
-10.0	42.0	2.0
-34.0	-70.0	30.0
-44.0	0.0	42.0
38.0	22.0	-10.0
38.0	-82.0	-14.0
20.0	52.0	-4.0
18.0	48.0	6.0
-2.0	-50.0	10.0
0.0	-48.0	14.0
2.0	-52.0	-4.0
-20.0	42.0	10.0
-22.0	48.0	-2.0
4.0	-24.0	-12.0
4.0	-24.0	-12.0
4.0	-14.0	0.0
6.0	-14.0	0.0
0.0	-52.0	-8.0
36.0	48.0	28.0
-44.0	22.0	10.0
32.0	38.0	38.0
-36.0	14.0	8.0
-36.0	24.0	-4.0
-24.0	-66.0	38.0
-34.0	-50.0	44.0
-50.0	20.0	0.0
0.0	-74.0	46.0
-4.0	-78.0	36.0
-8.0	-76.0	30.0
-46.0	26.0	2.0
-44.0	20.0	-6.0
-50.0	14.0	32.0
-50.0	34.0	18.0
-50.0	22.0	26.0
-46.0	20.0	-12.0

// Hill SY, 2010: PMID 20236805-1
// Subjects=20
5.0	35.0	-13.0
-23.0	-14.0	-6.0
29.0	-11.0	-17.0
33.0	57.0	-14.0

// Mavritsaki E, 2010: PMID 20338249-1
// Subjects=20
12.0	-91.0	9.0
55.0	-31.0	-10.0
-38.0	-68.0	-20.0
-23.0	-30.0	-3.0
-29.0	-72.0	-12.0
-52.0	-23.0	32.0
28.0	-77.0	-10.0
28.0	-62.0	-9.0
26.0	-30.0	-7.0
-33.0	-23.0	45.0
-27.0	-89.0	-16.0
-26.0	-67.0	-10.0
26.0	-28.0	-7.0
36.0	-85.0	-9.0
19.0	-88.0	-15.0
-4.0	-92.0	-11.0
-13.0	-78.0	31.0
-20.0	-46.0	58.0
47.0	-56.0	50.0
-23.0	-57.0	63.0
-16.0	-91.0	10.0
-43.0	-51.0	55.0

// Kompus K, 2011: PMID 20350180-1
// Subjects=20
26.0	2.0	50.0
-32.0	58.0	22.0
24.0	-50.0	56.0
-12.0	-62.0	70.0
50.0	-36.0	50.0
18.0	-40.0	54.0
-46.0	-24.0	-18.0
52.0	-70.0	-6.0
60.0	-54.0	-16.0
-4.0	-78.0	-18.0
-6.0	-80.0	-42.0
32.0	-68.0	-24.0
24.0	-36.0	-32.0
28.0	-54.0	-34.0
-32.0	22.0	-4.0
44.0	42.0	26.0
8.0	-2.0	-10.0
-26.0	2.0	70.0
34.0	20.0	-10.0
-4.0	-24.0	-2.0
-58.0	-36.0	8.0
-6.0	26.0	36.0
-18.0	0.0	-2.0
18.0	-42.0	56.0
30.0	-24.0	48.0
-36.0	-36.0	-2.0
-42.0	-14.0	20.0
36.0	-24.0	0.0
-12.0	-54.0	68.0
42.0	-24.0	2.0
22.0	0.0	50.0
58.0	-26.0	38.0
28.0	-18.0	-22.0
30.0	-46.0	70.0
22.0	-10.0	76.0
-10.0	-72.0	32.0
-32.0	-68.0	0.0
-38.0	-26.0	54.0
16.0	-72.0	60.0

// Hammer R, 2010: PMID 20363336-1
// Subjects=20
25.7	9.1	0.4
45.4	-56.6	42.5
44.3	-53.2	32.2
58.5	59.2	-15.3
28.9	-19.4	-10.6
-13.7	-69.4	-7.0
-11.7	5.2	7.9
-19.2	13.3	2.8

// Piekema C, 2010: PMID 20419095-1
// Subjects=20
-4.0	42.0	-11.0
54.0	-62.0	-14.0
-18.0	-72.0	56.0
12.0	-72.0	52.0
20.0	-64.0	54.0
-24.0	-2.0	58.0
8.0	-98.0	8.0
-4.0	14.0	60.0
-36.0	4.0	30.0
-46.0	-36.0	46.0
28.0	4.0	50.0
-44.0	-40.0	-20.0
32.0	22.0	12.0
16.0	-86.0	4.0
-8.0	57.0	21.0
14.0	39.0	45.0
30.0	4.0	56.0
-22.0	0.0	60.0
42.0	33.0	-10.0
14.0	-72.0	52.0
-12.0	-76.0	50.0
18.0	-64.0	54.0
-32.0	-74.0	26.0
28.0	-88.0	18.0
-10.0	35.0	45.0
57.0	6.0	0.0
0.0	38.0	-19.0
57.0	33.0	-2.0
-53.0	-17.0	-23.0
50.0	-22.0	-14.0
-6.0	-53.0	21.0
-4.0	-43.0	31.0
-2.0	-17.0	40.0
-48.0	-64.0	34.0
-40.0	-57.0	31.0
42.0	-68.0	5.0
-51.0	-8.0	-1.0
-36.0	-24.0	-14.0
51.0	-23.0	8.0
28.0	-28.0	-12.0
57.0	-9.0	6.0
44.0	-13.0	2.0
-36.0	3.0	-17.0
57.0	-51.0	29.0
51.0	-59.0	32.0
57.0	-57.0	20.0
-57.0	-27.0	13.0
-48.0	10.0	-36.0
-34.0	19.0	-12.0
-26.0	-6.0	-11.0

// Nicolle A, 2011: PMID 20433245-1
// Subjects=20
-36.0	54.0	6.0
3.0	-72.0	3.0
-27.0	18.0	3.0
15.0	12.0	-3.0
3.0	51.0	9.0
-3.0	-12.0	-12.0
12.0	3.0	3.0
-12.0	12.0	0.0
6.0	24.0	15.0
-42.0	24.0	-15.0
66.0	-12.0	-12.0
24.0	-18.0	-18.0
30.0	-21.0	-18.0
-3.0	42.0	-21.0
-42.0	6.0	48.0
12.0	51.0	30.0
33.0	18.0	6.0
-6.0	-78.0	-6.0
-45.0	-60.0	21.0
48.0	-54.0	18.0
3.0	-60.0	39.0

// Joassin F, 2011: PMID 20444445-1
// Subjects=20
-26.0	-8.0	48.0
-50.0	-2.0	46.0
46.0	0.0	52.0
46.0	10.0	22.0
38.0	-58.0	-12.0
-34.0	36.0	20.0
16.0	-32.0	-6.0
-14.0	-98.0	4.0
36.0	42.0	26.0
-22.0	-8.0	6.0
-32.0	-56.0	-18.0
6.0	6.0	60.0
48.0	4.0	54.0
62.0	-26.0	2.0
-34.0	-54.0	-18.0
38.0	-50.0	-18.0
64.0	-26.0	2.0
-10.0	20.0	-4.0
-42.0	-36.0	36.0
-16.0	-96.0	-6.0
0.0	-2.0	60.0
-52.0	-32.0	6.0
52.0	20.0	18.0
50.0	38.0	-12.0
38.0	-48.0	-12.0
-48.0	44.0	-8.0
62.0	-26.0	0.0
-62.0	-34.0	2.0
-32.0	-86.0	-8.0
38.0	-48.0	20.0
36.0	-46.0	14.0
-40.0	-48.0	2.0
-16.0	-92.0	-4.0
-36.0	-4.0	54.0
-30.0	-6.0	12.0
4.0	-42.0	-16.0
0.0	-72.0	-18.0
-44.0	-28.0	48.0
-38.0	-84.0	-12.0
-4.0	-8.0	-4.0
22.0	-92.0	0.0
60.0	6.0	-8.0
22.0	18.0	0.0
-64.0	-28.0	2.0
-46.0	-64.0	40.0
-42.0	-30.0	2.0
-6.0	0.0	60.0
16.0	-34.0	-4.0
30.0	-8.0	-28.0
32.0	-56.0	-12.0
58.0	-14.0	6.0
-22.0	-90.0	-14.0
-22.0	-98.0	10.0
30.0	-32.0	-4.0
32.0	-22.0	6.0
-24.0	-90.0	0.0
40.0	-56.0	-22.0

// Hall GB, 2010: PMID 20520836-1
// Subjects=20
-20.4	-4.2	-16.9
27.7	-9.7	-23.6
-22.5	-5.2	-15.6
-20.1	-66.2	-6.1
25.8	-64.8	-6.7
31.1	-48.4	-14.9
25.6	-8.5	-21.5
-27.7	-49.9	-15.2

// St Jacques PL, 2011: PMID 20521858-1
// Subjects=20
-7.0	30.0	20.0
52.0	29.0	-5.0
-41.0	29.0	-8.0
-45.0	14.0	-7.0
-41.0	23.0	16.0
-45.0	-67.0	38.0
-7.0	54.0	-3.0
52.0	-53.0	34.0
-56.0	-57.0	27.0
4.0	10.0	52.0
19.0	49.0	33.0
-37.0	48.0	12.0
-11.0	56.0	25.0
-7.0	38.0	33.0
4.0	-7.0	0.0
-7.0	47.0	-6.0
-45.0	-67.0	42.0
19.0	49.0	36.0
-7.0	38.0	33.0
-7.0	-31.0	33.0
-37.0	-75.0	25.0
-22.0	-12.0	-15.0
-4.0	34.0	16.0
-45.0	-57.0	17.0
41.0	-8.0	-9.0
-52.0	-15.0	-12.0
0.0	-51.0	6.0
-37.0	17.0	-26.0
4.0	10.0	52.0
45.0	35.0	37.0
41.0	-33.0	5.0
-45.0	43.0	-18.0
-52.0	18.0	-4.0
-52.0	36.0	-2.0
48.0	37.0	16.0
-22.0	-12.0	-15.0
-7.0	38.0	30.0
0.0	-51.0	6.0
48.0	43.0	-9.0
-45.0	-57.0	17.0
-56.0	-15.0	-15.0
-52.0	24.0	34.0
26.0	51.0	-3.0
67.0	-26.0	-8.0
22.0	21.0	-7.0
0.0	37.0	5.0
63.0	-33.0	-14.0
4.0	-7.0	0.0
-22.0	21.0	-7.0
-37.0	17.0	-26.0
-11.0	-49.0	48.0
-56.0	-30.0	-11.0
-7.0	55.0	1.0
26.0	-22.0	-12.0
-15.0	-81.0	-22.0
-37.0	-60.0	-29.0
48.0	-49.0	48.0
-45.0	-48.0	55.0
15.0	-78.0	46.0
37.0	-67.0	-25.0

// Marsh R, 2010: PMID 20570684-1
// Subjects=20
-34.0	-30.0	-15.0
8.0	-69.0	20.0
36.0	-24.0	-24.0
65.0	-26.0	16.0
38.0	-26.0	-19.0
-44.0	-21.0	1.0
40.0	-50.0	47.0
50.0	-36.0	48.0
63.0	-25.0	12.0
-55.0	-27.0	11.0
-28.0	-22.0	-21.0
6.0	-69.0	26.0
46.0	-12.0	37.0
-14.0	21.0	-1.0
-16.0	14.0	10.0
-18.0	-64.0	5.0
-8.0	14.0	9.0
-20.0	4.0	5.0
-32.0	-16.0	-13.0
-22.0	4.0	2.0
-4.0	16.0	-1.0
-20.0	-12.0	-16.0
24.0	-1.0	-13.0
32.0	-14.0	-18.0
28.0	-5.0	9.0
6.0	-16.0	36.0

// Fonzo GA, 2010: PMID 20573339-1
// Subjects=20
45.2	7.3	9.1
-43.2	9.0	-9.5
31.3	-3.6	-21.2
-46.5	21.3	28.0
-45.8	-3.4	39.0
50.3	-72.4	17.3
-44.0	11.1	-9.0
-33.8	-6.4	34.9
-10.4	-49.5	48.8
-4.4	6.5	31.2
-58.9	-6.2	-11.5
46.7	6.8	9.0
-47.3	11.7	-9.3
-25.3	-18.7	47.6
33.3	-2.2	11.9
-2.8	-38.3	-41.2
-37.0	-44.9	-34.5
32.0	64.8	3.8
2.8	36.3	17.6
4.8	49.3	17.1
-43.6	13.6	8.7
-45.1	-61.6	23.6
44.2	-47.8	37.5
20.2	-62.0	39.0
-50.0	-5.5	33.1
41.9	-27.0	17.1
-18.9	-5.7	-21.8
29.5	-7.8	-20.7
-44.1	12.4	9.4
-43.5	12.5	7.9
45.4	-11.3	1.8
45.0	-14.2	-12.3
-25.4	-2.2	-17.0
-37.4	0.4	7.8
-0.7	16.0	-15.3
-3.8	18.3	-14.8
-37.0	15.1	-11.4

// Braskie MN, 2011: PMID 20578173-1
// Subjects=20
-22.0	-54.0	-6.0
0.0	-88.0	26.0
-58.0	-42.0	55.0
22.0	-76.0	36.0
40.0	-8.0	56.0
48.0	-56.0	14.0
44.0	-48.0	18.0
24.0	-38.0	68.0
2.0	28.0	30.0
-48.0	-12.0	36.0
48.0	-58.0	-2.0
10.0	-2.0	40.0
34.0	32.0	36.0
16.0	-50.0	16.0
-6.0	-28.0	38.0
44.0	-42.0	34.0
48.0	-46.0	6.0
22.0	6.0	52.0
46.0	2.0	36.0
34.0	-10.0	2.0
28.0	-26.0	-12.0
46.0	-6.0	16.0
-20.0	-64.0	18.0
10.0	-34.0	-10.0
8.0	-10.0	54.0
34.0	16.0	52.0
2.0	26.0	20.0
16.0	-24.0	4.0
4.0	-82.0	6.0
4.0	34.0	18.0
-48.0	-30.0	42.0
16.0	42.0	46.0
-12.0	-26.0	16.0
-6.0	4.0	8.0
-26.0	-54.0	54.0
20.0	-54.0	4.0
-32.0	-26.0	62.0
24.0	-74.0	40.0
24.0	-28.0	-10.0
20.0	-24.0	12.0
6.0	44.0	36.0
-34.0	-34.0	62.0
4.0	50.0	18.0
0.0	-70.0	44.0
2.0	-52.0	14.0
4.0	-54.0	32.0
24.0	-84.0	0.0
-24.0	0.0	-8.0
-8.0	2.0	12.0
4.0	-2.0	6.0
42.0	20.0	-8.0
-6.0	-42.0	44.0
12.0	-50.0	24.0
-4.0	-48.0	36.0
-14.0	-28.0	68.0
-2.0	-22.0	64.0
4.0	-56.0	-2.0
-2.0	-20.0	26.0

// Zhuang L, 2010: PMID 20595067-1
// Subjects=20
-22.0	-44.0	45.0
-23.0	-55.0	24.0
-20.0	-26.0	46.0
-14.0	27.0	41.0
21.0	-37.0	39.0
-22.0	-39.0	47.0
22.0	-48.0	38.0
13.0	-56.0	25.0
-32.0	-11.0	-13.0
10.0	-26.0	36.0
-41.0	-41.0	-5.0
-9.0	-28.0	35.0
29.0	-23.0	-9.0
-29.0	-23.0	-8.0
29.0	-67.0	18.0
-29.0	-66.0	20.0
-31.0	-55.0	30.0
-43.0	-23.0	-9.0
35.0	-28.0	36.0
-40.0	-40.0	-9.0
-26.0	-62.0	-1.0
13.0	33.0	-2.0
-10.0	23.0	-8.0
25.0	-52.0	12.0
-20.0	-49.0	10.0
8.0	-24.0	25.0
-10.0	-25.0	27.0
27.0	-63.0	83.0
-29.0	-50.0	20.0
-27.0	-62.0	15.0
29.0	-48.0	22.0
-12.0	30.0	-9.0
-17.0	10.0	32.0
-13.0	13.0	-8.0
35.0	-24.0	-2.0
22.0	44.0	7.0
21.0	46.0	-2.0
-19.0	22.0	-12.0
-18.0	38.0	24.0
28.0	-39.0	37.0
18.0	-27.0	52.0
40.0	-40.0	20.0
-22.0	-38.0	43.0
23.0	-51.0	38.0
-22.0	-60.0	32.0
13.0	-58.0	32.0
-22.0	-49.0	37.0
-9.0	-8.0	-10.0
-21.0	13.0	-14.0
38.0	-53.0	29.0
-44.0	-25.0	30.0
-24.0	-56.0	23.0
30.0	-62.0	20.0
-33.0	-58.0	24.0
13.0	-29.0	29.0
-12.0	-28.0	29.0
25.0	-53.0	26.0
-22.0	-55.0	24.0
-27.0	-32.0	20.0
-33.0	-52.0	24.0
21.0	-37.0	39.0
-15.0	36.0	5.0
13.0	30.0	14.0
8.0	-33.0	22.0
-6.0	-29.0	23.0
10.0	-25.0	26.0
-10.0	-25.0	26.0
-30.0	-43.0	19.0
17.0	31.0	-14.0
28.0	-61.0	13.0
33.0	-46.0	20.0
-23.0	-41.0	35.0
17.0	2.0	35.0
-26.0	16.0	24.0
-26.0	19.0	-1.0
-21.0	20.0	6.0
-19.0	-6.0	9.0
29.0	-32.0	20.0
-23.0	29.0	3.0

// Gu H, 2010: PMID 20603217-1
// Subjects=20
-8.0	44.0	3.0
0.0	-16.0	-7.0
-26.0	-17.0	3.0
8.0	-20.0	9.0
5.0	44.0	39.0
2.0	56.0	6.0
26.0	-8.0	-4.0
-29.0	-20.0	3.0
47.0	-26.0	12.0
-23.0	-20.0	-10.0
29.0	-17.0	-13.0
17.0	-83.0	-22.0
-17.0	-92.0	-19.0

// van Marle HJ, 2010: PMID 20621656-1
// Subjects=20
-20.0	-2.0	62.0
2.0	40.0	-14.0
-16.0	-26.0	-16.0
36.0	34.0	46.0
-36.0	56.0	6.0
-8.0	48.0	-10.0
6.0	34.0	24.0
42.0	22.0	-4.0
-40.0	-54.0	-32.0
8.0	-78.0	50.0
-4.0	-54.0	64.0
54.0	10.0	-12.0
4.0	46.0	8.0
-32.0	-6.0	16.0
-4.0	-16.0	8.0
-32.0	18.0	-14.0
-36.0	22.0	-8.0
18.0	-32.0	6.0
28.0	-10.0	-26.0
20.0	-16.0	-20.0
-24.0	-6.0	-14.0
-32.0	-36.0	-24.0
26.0	-6.0	-14.0
58.0	16.0	-2.0
10.0	-32.0	-12.0
28.0	-48.0	-6.0
46.0	-28.0	18.0
34.0	-16.0	18.0
-42.0	-20.0	20.0
-32.0	8.0	12.0
4.0	-24.0	-18.0
-22.0	-34.0	4.0

// Groussard M, 2010: PMID 20627131-1
// Subjects=20
-12.0	52.0	38.0
-54.0	-62.0	28.0
-34.0	-68.0	-24.0
-36.0	26.0	-4.0
-46.0	-46.0	48.0
-46.0	-16.0	4.0
48.0	-26.0	-6.0
-56.0	-4.0	-20.0
58.0	20.0	24.0
2.0	12.0	62.0
50.0	12.0	-24.0
50.0	42.0	-14.0
-8.0	58.0	4.0
-16.0	-46.0	32.0
30.0	-6.0	-20.0
-52.0	4.0	-20.0
36.0	32.0	0.0
-2.0	-20.0	30.0
52.0	-10.0	2.0
12.0	-82.0	-28.0
-46.0	28.0	-8.0
-28.0	2.0	50.0
-56.0	-38.0	-4.0
-58.0	-28.0	4.0
40.0	-58.0	48.0
-4.0	62.0	32.0
-52.0	16.0	24.0
-54.0	34.0	12.0
54.0	14.0	-16.0
6.0	34.0	-20.0
32.0	34.0	40.0
-58.0	-48.0	-12.0
-58.0	-42.0	-16.0
8.0	18.0	26.0
-12.0	64.0	12.0
54.0	-26.0	-12.0
60.0	32.0	14.0
-52.0	30.0	10.0
42.0	32.0	-10.0
-32.0	-10.0	-6.0
-14.0	-30.0	-8.0
-34.0	40.0	6.0
6.0	-18.0	34.0
30.0	-78.0	-28.0
-60.0	-12.0	-24.0
-18.0	8.0	-18.0
48.0	-60.0	-24.0
50.0	42.0	2.0
-28.0	60.0	-14.0
64.0	0.0	-26.0
28.0	-34.0	-4.0
-24.0	16.0	64.0
34.0	22.0	50.0
-4.0	66.0	10.0

// Akyurek EG, 2010: PMID 20654634-1
// Subjects=20
42.0	-76.0	16.0
38.0	-78.0	8.0
-36.0	-86.0	8.0
32.0	-12.0	-18.0
-46.0	-78.0	4.0
60.0	-2.0	-14.0
38.0	-78.0	12.0
12.0	-70.0	58.0
32.0	-68.0	36.0
18.0	-68.0	64.0
2.0	56.0	24.0
4.0	64.0	20.0
2.0	58.0	8.0
-20.0	-68.0	52.0
38.0	-22.0	-14.0

// Mehnert U, 2011: PMID 20661957-1
// Subjects=20
-9.6	-57.6	-20.3
-8.6	-30.0	-21.5
59.3	-35.5	52.9
3.4	52.6	41.7
-11.8	52.9	5.0
8.5	65.7	17.1
-18.2	-10.3	-13.0
39.5	-78.2	-43.7
45.4	-57.6	43.7
62.2	-3.6	24.5
45.2	-59.3	8.2
31.7	-44.6	61.8
26.0	35.3	49.5
44.2	-72.5	17.1
42.6	-54.6	-41.2
29.3	5.1	57.6
5.4	-10.5	-4.4
26.6	-49.4	-41.5
29.9	-68.4	-38.8
39.6	-1.1	4.5
54.5	-51.0	-22.7
55.6	-34.2	-11.9
66.6	-13.8	30.9
52.9	-35.0	46.2
39.0	-56.8	41.5
-37.9	-53.9	44.4
-46.5	-47.5	45.1
38.9	-62.7	19.7
66.6	-30.9	30.1
12.7	-28.0	-38.7
-4.2	-25.0	-12.0
-14.0	-24.2	-27.5
-13.8	-19.2	-4.5
-13.8	-25.5	-4.0
12.9	-25.4	-4.3
12.7	-28.0	-38.7
-51.8	-45.9	52.8
16.1	-24.3	-4.4
-7.6	-28.1	-38.4
16.1	-18.5	1.8
16.1	-19.0	-4.9
-13.8	-24.5	-4.1
-14.0	-26.3	-27.4
10.6	-15.3	-25.2
-5.4	-24.1	-27.6
-13.8	-18.5	4.3
-7.6	-25.7	-34.2
-5.5	-25.7	-34.2
-5.5	-21.4	-34.5
-5.3	-19.7	-12.4
-11.7	-19.8	-12.3
-11.7	-22.9	-12.0
-11.5	-21.0	13.4
-10.8	-21.5	-34.5
-11.6	-18.2	7.6
-17.0	-18.9	-1.2
-7.6	-31.9	-31.4
-4.4	-31.8	-31.5
-4.4	-26.6	-31.9
12.7	-24.6	-35.6
7.4	-28.3	-27.4
24.7	-22.0	-2.5
-14.7	-18.8	14.4
-5.3	-19.7	-12.4
-0.0	-31.0	-21.5
-0.1	-19.4	-22.5
-0.1	-19.8	-26.9
19.1	-19.6	-27.2
19.1	-17.5	-27.4
-18.1	-25.1	-11.8
-2.2	-18.3	-21.5
7.4	-18.2	-21.6
7.4	-26.7	-20.9
-0.1	-20.7	-25.7
-15.0	-26.4	-15.1
-15.0	-21.1	-15.5
0.0	-19.7	-12.5
7.5	-26.3	-15.3
-5.4	-4.9	-13.6
6.4	-0.4	-10.8
9.6	-15.3	-11.8
-5.3	-4.2	-3.7
9.5	-21.2	-32.5
-8.7	-21.3	-32.3
6.4	0.3	-1.9
9.5	-17.0	-32.9
6.4	-15.2	-9.6
-5.3	-15.2	-9.4
-5.5	-17.3	-36.0
-5.5	-31.0	-34.9
9.5	-31.0	-35.0
-11.7	-0.2	7.2
-8.6	-25.3	-28.6
10.7	-16.4	-11.7
19.4	-14.4	13.6
-14.7	-22.9	15.9
-18.1	-8.9	4.7
-3.3	-21.3	-32.4
9.6	-10.9	-10.0
7.5	-10.9	-9.9
7.5	-17.3	-9.4
9.5	-12.5	-29.9
-1.2	-31.3	-38.2
-4.1	-13.8	9.4
11.6	-31.5	-41.7
4.2	-28.5	-30.7
-12.7	-13.3	2.8
-5.4	-28.1	-24.0
-3.3	-26.5	-31.9
-3.3	-26.5	-31.9
7.6	-16.2	5.0
9.5	-25.2	-28.8
-3.2	-19.4	-8.0
18.3	-7.9	14.2
18.1	-10.6	-20.1
18.1	-20.1	-19.3
7.5	-31.0	-21.6
10.6	-17.7	-28.4
-3.2	-20.2	-19.1
-1.2	-17.7	-28.2
-5.3	-16.6	-12.7
-5.4	-17.4	-23.7
-5.4	-29.0	-22.8
-1.1	-29.0	-22.8
10.6	-17.7	-28.4

// Hales JB, 2010: PMID 20667491-1
// Subjects=20
-10.0	-81.0	12.0
18.0	-41.0	-28.0
-14.0	-53.0	-40.0
-26.0	-9.0	52.0
-18.0	7.0	8.0
30.0	-69.0	-24.0
22.0	-13.0	52.0
10.0	-77.0	4.0
-26.0	-65.0	28.0
22.0	-69.0	20.0
34.0	35.0	20.0
-18.0	-13.0	4.0
-18.0	-81.0	-4.0
-14.0	-61.0	-16.0
18.0	27.0	48.0
-6.0	-41.0	-24.0
-10.0	-57.0	-4.0
22.0	-5.0	16.0
-6.0	-21.0	-8.0
-26.0	-25.0	60.0
-50.0	39.0	-8.0
30.0	-33.0	-8.0
-22.0	-53.0	0.0
6.0	-13.0	-28.0
-18.0	-33.0	32.0
-26.0	-25.0	36.0
-30.0	-89.0	-4.0
6.0	-61.0	44.0
-42.0	-49.0	-12.0
-26.0	-49.0	20.0
2.0	-33.0	16.0
26.0	-29.0	20.0
-22.0	-25.0	4.0
26.0	-37.0	-12.0
18.0	-53.0	32.0
-38.0	-1.0	-20.0
2.0	-5.0	48.0
-18.0	-85.0	44.0
22.0	-85.0	36.0
18.0	15.0	36.0
22.0	-25.0	4.0
-22.0	-45.0	-16.0
-30.0	3.0	4.0
-2.0	-41.0	-12.0
34.0	-41.0	12.0

// Amting JM, 2010: PMID 20668188-1
// Subjects=20
18.1	-8.2	-17.0
-36.7	49.8	-32.4
67.8	-37.5	40.7
52.7	14.3	37.6
-41.5	33.3	29.3
54.6	15.9	16.3
-33.1	20.5	1.3
33.1	22.9	-1.9
-5.3	40.9	14.9
-37.4	-49.2	-19.6
-45.8	18.6	19.4
11.8	-78.6	-32.2
-50.8	-18.2	52.7
-12.3	-94.7	24.1
-36.1	35.0	38.0
-22.1	35.0	50.1
29.2	24.7	49.3
-2.2	36.6	0.7
7.6	75.7	36.3
-35.0	-95.1	-6.8
-9.2	-74.8	19.0
1.6	-36.7	42.5
32.2	-17.0	5.9
-18.5	-54.6	74.3
-41.1	-80.3	33.3
64.1	-27.6	-23.7
65.3	-44.2	-4.5
-65.2	-28.1	-18.8
-57.5	-19.6	8.3
-60.4	-40.4	41.3
1.4	-75.9	4.5
0.9	43.7	-4.4
28.4	-68.8	51.6
45.8	7.7	-19.7
43.9	-33.0	-9.6
-29.4	13.0	68.8
-3.3	58.9	-0.0
-7.0	-70.3	22.0
-67.3	-12.2	-5.6
-65.0	-27.8	12.4
57.1	-51.8	35.3
2.7	15.6	72.7

// Toepper M, 2010: PMID 20678490-1
// Subjects=20
39.0	-39.0	54.0
-27.0	-3.0	57.0
30.0	-45.0	51.0
-39.0	-45.0	60.0
48.0	-30.0	42.0
27.0	-24.0	-9.0
-48.0	6.0	36.0
36.0	0.0	45.0
21.0	-63.0	66.0
24.0	-3.0	57.0
-27.0	-84.0	33.0
-27.0	-84.0	-9.0
-30.0	18.0	3.0
-18.0	9.0	3.0
-9.0	9.0	-6.0
12.0	12.0	-6.0
-15.0	-57.0	-51.0
15.0	-54.0	-45.0
33.0	-84.0	21.0
-39.0	-42.0	51.0

// Schopf V, 2010: PMID 20688104-1
// Subjects=20
60.0	6.0	-16.0
16.0	60.0	40.0
-42.0	50.0	16.0
48.0	46.0	4.0
-2.0	-56.0	28.0
50.0	-70.0	34.0
-48.0	-60.0	36.0
42.0	20.0	14.0
12.0	-62.0	-10.0
-8.0	-28.0	-8.0
6.0	50.0	-14.0
40.0	-58.0	-26.0
-16.0	-50.0	-6.0
-12.0	-98.0	8.0
48.0	-88.0	16.0
-30.0	-18.0	10.0
4.0	-86.0	12.0
-60.0	-14.0	-22.0
-24.0	-56.0	54.0
4.0	22.0	42.0
-28.0	18.0	-4.0
-68.0	-20.0	8.0
-44.0	-66.0	-22.0
-50.0	24.0	46.0
-4.0	-40.0	76.0
-2.0	-82.0	-16.0
6.0	34.0	-8.0
40.0	48.0	-14.0
24.0	-36.0	-4.0
-42.0	-88.0	10.0
26.0	58.0	10.0
-44.0	-72.0	2.0
-20.0	-82.0	-8.0
-24.0	24.0	52.0
36.0	14.0	-10.0
36.0	-80.0	-24.0
62.0	16.0	-4.0
52.0	22.0	-6.0
16.0	-30.0	0.0
46.0	14.0	-24.0
48.0	50.0	8.0

// Matsuda YT, 2011: PMID 20691794-1
// Subjects=20
-33.0	40.6	27.5
-1.8	-24.2	25.9
-53.1	-36.9	17.5
-47.0	16.8	9.6
2.2	3.5	-1.0
-15.1	60.6	-4.5
56.1	-23.7	55.3
-50.2	3.1	-2.6
-43.8	23.2	9.0
-8.6	32.6	4.4
-27.1	-62.5	56.1
-36.9	-44.5	41.4
-37.3	-18.8	2.4
-56.3	-34.6	20.7
-11.6	-31.6	-0.2
36.8	14.6	55.6
9.5	42.0	0.1
46.1	-29.9	2.4
46.4	1.4	49.9
33.2	23.6	8.1
-56.6	-26.3	-10.1
-27.5	-89.1	1.5
40.8	22.3	31.5
-33.9	6.8	30.3
-43.9	18.7	-7.4
49.3	-21.2	5.0
-8.3	34.9	34.4
-33.6	-50.6	45.2
59.2	-31.8	32.5
13.8	-16.9	-18.4
-45.8	17.0	26.3
-21.3	-85.8	-25.6
33.1	52.9	15.6
-34.2	30.4	4.9
10.8	4.2	6.6
65.2	-15.8	-9.1
52.6	22.4	31.4
14.3	-0.1	47.1
36.3	52.7	12.3
-5.4	65.1	11.7
-43.2	-59.7	52.7
-37.4	22.7	2.3
49.1	19.3	-8.5
26.6	65.3	11.3
10.7	10.5	6.1
39.9	27.0	51.2
36.3	52.4	9.0
11.2	-66.7	39.3
52.7	-72.5	2.5
4.8	-33.7	53.4
11.2	-37.1	50.2
21.4	33.6	14.1
-40.7	51.2	-0.1
4.5	48.5	43.1
10.9	-14.3	14.9
39.8	-26.3	22.2
-40.2	-75.4	13.9
-43.8	16.8	9.5
-37.2	4.7	17.2
-14.6	-45.4	27.8
11.1	-58.0	28.5
-34.2	29.3	5.0
-11.2	-40.2	54.1
-15.2	57.2	-7.6
-59.8	3.5	4.1
33.6	-70.7	27.1
-33.7	-54.0	42.1
30.0	-29.0	-10.9
-8.4	-8.1	14.6

// Townsend JD, 2010: PMID 20708906-1
// Subjects=20
24.0	-32.0	-8.0
22.0	-52.0	-24.0
28.0	-12.0	0.0
34.0	-90.0	2.0
10.0	-60.0	4.0
56.0	-54.0	-6.0
38.0	-12.0	-4.0
32.0	-24.0	10.0
56.0	-10.0	-18.0
36.0	-26.0	-20.0
60.0	-32.0	-8.0

// Said CP, 2010: PMID 20727365-1
// Subjects=20
-3.0	-52.4	66.7
-0.0	-61.3	34.0
-12.9	-41.9	39.2
-32.6	25.2	0.3
-26.4	14.0	-22.2
37.9	22.5	-0.3
2.5	60.1	-6.3
25.0	1.8	-18.4
-44.9	-70.9	38.6
3.0	19.5	47.2
-55.2	37.3	-7.1
3.0	-43.6	15.7
15.6	7.0	8.0
-10.0	-18.5	10.4
9.2	7.0	8.1
-45.4	-46.4	-16.9
54.2	-67.0	-3.0
-38.4	-20.7	67.8
28.3	-20.4	-16.6
-48.1	-70.9	38.7
-39.0	18.8	0.9
6.2	19.3	43.9
60.4	16.0	-3.3
47.6	-49.6	-24.4
44.9	-47.4	45.7

// Kanske P, 2011: PMID 20732901-1
// Subjects=20
-4.1	13.1	27.2
69.7	-27.3	7.5
12.1	16.5	42.4
11.7	37.2	6.1
24.5	-9.2	-17.0
63.2	-19.9	6.9
-20.3	-10.5	-15.2
25.1	-40.3	49.2

// Cheung C, 2010: PMID 20805880-1
// Subjects=20
-7.0	-20.0	10.0
39.0	-20.0	-4.0
28.0	0.0	6.0
32.0	-17.0	15.0
28.0	-14.0	-15.0
-23.0	2.0	5.0
21.0	-56.0	14.0
0.0	-45.0	32.0
-22.0	0.0	12.0
-38.0	22.0	0.0
-2.0	32.0	53.0
2.0	12.0	6.0
-60.0	-24.0	12.0
-16.0	-2.0	-21.0
43.0	33.0	21.0
-34.0	-50.0	6.0
10.0	21.0	32.0

// Rawlings NB, 2010: PMID 20809213-1
// Subjects=20
28.0	-18.0	-18.0
-16.0	24.0	0.0

// Lewis JW, 2011: PMID 20812786-1
// Subjects=20
20.8	-74.6	33.2
6.7	28.9	36.9
51.2	35.6	-4.3
56.9	-42.9	12.3
41.9	-17.7	9.2
50.2	5.3	-9.6
29.9	-19.9	-18.4
15.2	-53.4	4.7
45.2	-69.4	1.2
-53.4	5.0	-5.0
-40.5	39.2	23.2
-42.7	3.6	7.0
-36.1	-25.2	16.3
-28.8	-37.7	-8.4
-14.6	-66.7	14.0
-10.1	-76.9	33.7
-5.1	22.4	37.6
-50.8	-33.8	44.0
-49.2	28.7	-0.9

// Gobbini MI, 2011: PMID 20849234-1
// Subjects=20
19.9	-28.3	67.2
47.1	23.8	9.0
46.2	12.3	25.6
-36.8	-6.2	69.4
61.2	7.9	35.8
46.6	-32.5	65.0
-36.3	-50.3	-19.5
-22.8	-63.2	60.6
54.6	-30.3	-3.3
-45.7	-78.2	-8.1
-41.4	-76.6	-1.6
27.0	-92.1	-1.1
0.6	-6.8	71.2
-53.1	-37.5	24.2
4.1	54.3	-5.3
41.7	-49.9	-21.5
30.6	-67.8	51.4
-26.1	-65.9	53.1
-28.5	-89.7	7.1
55.6	35.8	12.4
32.1	-50.6	-15.8
-26.5	-85.1	-16.7
-28.7	-72.9	-9.9
-17.1	10.5	-5.9
-31.0	24.8	2.0
27.7	-4.2	-20.8
-9.7	5.9	-11.1
22.6	-31.3	0.5
41.8	-65.7	-19.1
56.7	-19.5	-0.9
10.2	-40.9	57.2
-20.0	-89.8	-8.6
-37.4	46.8	11.4
14.0	-25.3	-3.2
40.6	-24.4	-21.4
-42.5	31.9	39.5
-4.2	-73.5	-20.2
-14.0	16.8	-7.5
34.6	-81.6	10.2
-30.8	-63.5	-11.8
-15.9	-14.0	7.3
9.9	19.8	43.2
-25.1	-68.2	36.5
30.6	-66.9	49.1
-30.5	-1.5	60.0
51.4	33.0	17.1
-31.5	-30.6	55.7
61.1	-47.6	-7.5
-43.6	-47.8	-0.7
47.3	7.4	30.5
30.1	-80.4	-15.5
22.3	-4.4	-22.9
-38.3	30.5	35.1
-41.7	-80.9	-43.6
-10.3	9.5	49.9
13.1	21.8	40.8
-44.6	3.5	30.7
-0.1	16.2	-16.6
13.0	5.2	18.8
45.0	-1.1	3.3
50.3	27.6	16.5
34.0	26.7	-21.2
7.3	52.9	-9.7
-40.7	-14.7	-26.9
58.1	-60.5	19.3
13.3	-90.3	23.4
-4.3	-61.4	-27.9

// Ritchey M, 2011: PMID 20869375-1
// Subjects=20
0.0	40.0	-8.0
-45.0	-27.0	40.0
-55.0	-17.0	22.0
-19.0	-8.0	53.0
-8.0	6.0	35.0
-52.0	-61.0	10.0
-41.0	29.0	-8.0
38.0	-19.0	-6.0
-30.0	-8.0	-6.0
-26.0	10.0	-13.0
-41.0	1.0	10.0
-41.0	-19.0	57.0
55.0	2.0	31.0
41.0	-59.0	-7.0
-45.0	-64.0	38.0
59.0	-21.0	22.0
-4.0	-68.0	28.0
-8.0	0.0	-7.0
-38.0	-63.0	-13.0
-7.0	-29.0	1.0
22.0	-4.0	-13.0
-48.0	8.0	24.0
-22.0	-2.0	39.0
22.0	2.0	42.0
49.0	-12.0	-19.0
41.0	-76.0	14.0
48.0	-62.0	-3.0
-11.0	38.0	40.0
38.0	4.0	0.0
30.0	4.0	23.0
33.0	-84.0	-5.0
45.0	-59.0	-13.0
41.0	33.0	2.0
22.0	-63.0	-13.0
8.0	-38.0	41.0
45.0	-64.0	38.0
23.0	54.0	-6.0
52.0	12.0	20.0
-45.0	-53.0	34.0
15.0	-79.0	39.0
-41.0	19.0	10.0
37.0	44.0	15.0
19.0	30.0	26.0
-48.0	-69.0	7.0
26.0	-60.0	-26.0
-56.0	-28.0	22.0
7.0	11.0	3.0
-30.0	11.0	-1.0
19.0	-25.0	19.0
19.0	37.0	12.0
-34.0	-64.0	-32.0
-37.0	-45.0	-27.0
-15.0	30.0	26.0
-30.0	45.0	22.0
-8.0	44.0	12.0
-45.0	-45.0	44.0
30.0	-26.0	-8.0
45.0	-46.0	34.0
34.0	23.0	6.0
0.0	30.0	12.0
-7.0	-47.0	-1.0
4.0	-46.0	23.0
30.0	-4.0	56.0
15.0	-29.0	-5.0
-19.0	11.0	-7.0
33.0	22.0	6.0
4.0	44.0	12.0
22.0	54.0	-6.0
0.0	51.0	-6.0
-19.0	-7.0	11.0
4.0	-10.0	11.0
-23.0	54.0	1.0
45.0	-69.0	7.0

// Rota G, 2011: PMID 20888628-1
// Subjects=20
-47.0	1.0	-24.0
46.0	-58.0	12.0
28.0	-11.0	0.0
51.0	22.0	11.0
53.0	7.0	8.0
61.0	-24.0	-1.0
20.0	-15.0	-22.0
-4.0	16.0	43.0
24.0	-4.0	-6.0
24.0	-5.0	1.0
-45.0	40.0	-14.0
-48.0	5.0	26.0
-40.0	6.0	-16.0
-47.0	-6.0	-22.0
42.0	12.0	-6.0
45.0	47.0	5.0
51.0	9.0	37.0
4.0	3.0	42.0
5.0	2.0	49.0
-24.0	-3.0	-19.0
-23.0	-5.0	3.0
52.0	21.0	11.0
27.0	24.0	-13.0
27.0	31.0	-22.0
-60.0	-14.0	11.0
-21.0	-11.0	-6.0
6.0	18.0	43.0
55.0	-14.0	2.0
56.0	15.0	-15.0
-7.0	-4.0	41.0
55.0	-14.0	10.0
52.0	1.0	16.0
53.0	-16.0	18.0
3.0	12.0	35.0
58.0	-21.0	-4.0
42.0	-21.0	12.0
-45.0	23.0	-2.0
-54.0	-4.0	15.0
49.0	20.0	11.0
-52.0	-14.0	-15.0
-51.0	-19.0	11.0
-62.0	-7.0	10.0
-22.0	-8.0	-4.0
5.0	15.0	50.0
7.0	11.0	48.0
56.0	24.0	22.0
50.0	19.0	13.0
46.0	2.0	35.0
54.0	10.0	9.0
65.0	-25.0	-4.0
28.0	0.0	-18.0
-36.0	-49.0	46.0
-46.0	18.0	9.0
-37.0	17.0	8.0
55.0	1.0	24.0
25.0	31.0	43.0
-40.0	12.0	37.0
34.0	-69.0	37.0
32.0	26.0	35.0
-50.0	-11.0	14.0
7.0	0.0	52.0
-39.0	-30.0	31.0
-26.0	-2.0	43.0
-41.0	4.0	5.0
60.0	1.0	10.0
54.0	7.0	23.0
28.0	20.0	-6.0
44.0	41.0	10.0
48.0	35.0	4.0
55.0	1.0	9.0
-45.0	-3.0	22.0
-50.0	-10.0	14.0
57.0	0.0	15.0
-50.0	-15.0	20.0
-45.0	-3.0	22.0
-43.0	-18.0	-6.0

// Caseras X, 2010: PMID 20950283-1
// Subjects=20
44.0	-66.0	-28.0
8.0	12.0	28.0
-30.0	-2.0	48.0
-4.0	18.0	24.0
-54.0	8.0	26.0
-16.0	-62.0	48.0
62.0	20.0	12.0
14.0	-10.0	-22.0
-42.0	-10.0	38.0
6.0	12.0	38.0
-20.0	4.0	-24.0
36.0	-50.0	46.0
46.0	-2.0	48.0
-42.0	-14.0	20.0
-8.0	-78.0	36.0
-50.0	12.0	-12.0
-2.0	30.0	22.0
-2.0	36.0	18.0
10.0	34.0	14.0
-8.0	-72.0	24.0
-64.0	-52.0	34.0
16.0	-68.0	30.0
-36.0	16.0	-16.0
10.0	-74.0	22.0
12.0	-78.0	34.0
-38.0	-58.0	34.0
48.0	12.0	-6.0
-46.0	-12.0	52.0
52.0	-50.0	30.0

// Van der Schot A, 2010: PMID 21050725-1
// Subjects=20
-46.0	11.0	37.0
33.0	25.0	10.0
-46.0	32.0	-9.0
47.0	8.0	34.0
-22.0	1.0	-23.0
23.0	-6.0	-23.0
32.0	11.0	-23.0

// Grant JA, 2011: PMID 21055874-1
// Subjects=20
-40.7	12.4	-6.9
-65.9	-30.9	27.2
-43.7	4.4	13.9
-43.7	-12.2	5.3
14.3	10.5	46.2
-8.2	6.9	43.4
-18.0	-14.5	15.2
36.5	-14.2	14.5
-60.9	19.9	9.5
-27.6	40.9	30.7
-46.8	31.6	36.2
23.6	-35.3	-10.3
-21.4	-10.2	-11.9
-40.6	26.6	12.0
-21.4	42.8	13.8
26.5	57.7	-4.8
46.2	26.0	37.8
17.0	-13.7	-18.7

// Okon-Singer H, 2011: PMID 21056675-1
// Subjects=20
-3.0	-15.0	36.0
-60.0	-33.0	24.0
-39.0	-42.0	45.0
12.0	-63.0	57.0
63.0	-27.0	6.0
3.0	9.0	33.0
-3.0	9.0	45.0
6.0	-15.0	63.0
60.0	-21.0	24.0
-63.0	-9.0	6.0
-39.0	3.0	9.0
6.0	-63.0	-33.0
39.0	0.0	6.0
0.0	-63.0	-39.0
-3.0	-33.0	-30.0
-9.0	-36.0	21.0
18.0	-30.0	-3.0
-18.0	-18.0	-24.0
24.0	-21.0	-15.0
9.0	-39.0	-36.0

// Kaiser MD, 2010: PMID 21078973-1
// Subjects=20
-43.7	-51.9	-12.6
-43.9	44.4	-5.1
-3.4	35.1	-19.2
26.7	-11.4	-17.9
47.1	-55.1	-20.1
49.3	-31.0	2.4
29.7	0.8	-39.0
-49.1	-44.8	-16.5
51.6	-52.6	12.0
-44.8	28.4	21.9
51.3	-38.2	-22.6
-1.3	43.3	-23.3

// Santos A, 2011: PMID 21081170-1
// Subjects=20
20.0	-2.0	-26.0
-20.0	-6.0	-20.0
64.0	-32.0	44.0
-26.0	-2.0	-26.0
60.0	-48.0	2.0
-50.0	-44.0	46.0
36.0	-26.0	-24.0
-62.0	-56.0	-2.0
52.0	42.0	-2.0
-64.0	-30.0	40.0
24.0	-6.0	-22.0
-34.0	-30.0	-22.0
20.0	-6.0	-22.0
44.0	-54.0	42.0
-18.0	-2.0	-22.0
-62.0	-52.0	36.0
-20.0	-4.0	-22.0
34.0	22.0	50.0
-22.0	10.0	-22.0
-50.0	38.0	6.0
50.0	-56.0	20.0
56.0	-48.0	30.0
48.0	-48.0	36.0
-40.0	-62.0	40.0
54.0	-72.0	22.0
-18.0	-2.0	-22.0
50.0	-44.0	54.0
44.0	-72.0	36.0

// Jenkins LJ, 2010: PMID 21084610-1
// Subjects=20
-27.0	-60.0	-3.0
24.0	-45.0	-18.0
27.0	-51.0	9.0
42.0	-45.0	30.0
-12.0	-72.0	-6.0
-39.0	-78.0	21.0
-15.0	51.0	39.0
-45.0	18.0	-6.0
-45.0	36.0	21.0
45.0	-66.0	33.0
21.0	-9.0	-21.0
-24.0	24.0	54.0
30.0	-48.0	-3.0
-27.0	54.0	18.0
-24.0	21.0	45.0
-9.0	-99.0	-6.0
-45.0	-3.0	39.0
-42.0	0.0	21.0
-45.0	-66.0	-24.0
-33.0	-54.0	30.0
-24.0	-12.0	3.0
51.0	21.0	39.0
-66.0	-21.0	-15.0
-30.0	-87.0	30.0
60.0	-30.0	-21.0
21.0	21.0	48.0
0.0	-48.0	33.0
-42.0	21.0	48.0
60.0	-33.0	-6.0
48.0	6.0	3.0
-51.0	-21.0	0.0

// Viard A, 2011: PMID 21093970-1
// Subjects=20
-12.0	26.0	34.0
26.0	50.0	38.0
-18.0	40.0	50.0
34.0	8.0	36.0
-36.0	18.0	54.0
2.0	12.0	50.0
-16.0	-58.0	14.0
-36.0	10.0	46.0
-2.0	-64.0	42.0
32.0	16.0	52.0
-38.0	26.0	-12.0
58.0	-6.0	-10.0
-46.0	-66.0	32.0
8.0	-52.0	12.0
44.0	-36.0	4.0
-60.0	-10.0	-8.0
-38.0	-60.0	-22.0
-14.0	-20.0	-12.0
16.0	-18.0	-12.0
-22.0	-38.0	-12.0
36.0	-58.0	-24.0
16.0	-78.0	-16.0
36.0	38.0	-4.0
46.0	-72.0	36.0
-2.0	-76.0	-18.0
-16.0	54.0	20.0
-2.0	-16.0	-2.0
22.0	-56.0	36.0
44.0	-66.0	6.0
-22.0	-72.0	58.0
8.0	-76.0	-10.0
-54.0	-54.0	32.0
28.0	-78.0	-6.0
16.0	-78.0	-16.0
-48.0	-56.0	42.0
52.0	-70.0	24.0
0.0	-74.0	-12.0
30.0	-38.0	-4.0
-8.0	-82.0	10.0
2.0	-20.0	-10.0
18.0	-18.0	6.0
-32.0	-16.0	18.0
-46.0	24.0	14.0
-50.0	10.0	8.0
-42.0	14.0	8.0
44.0	-22.0	10.0
48.0	-18.0	2.0
-46.0	-14.0	2.0
22.0	-62.0	24.0
14.0	-18.0	16.0
-12.0	-56.0	12.0
-42.0	-66.0	26.0

// Forster SE, 2011: PMID 21094259-1
// Subjects=20
-6.0	-6.0	48.0
-44.0	-14.0	-8.0
-4.0	42.0	26.0
-16.0	-78.0	-34.0
20.0	-10.0	-8.0
58.0	-30.0	-4.0
-54.0	-48.0	26.0
-16.0	-16.0	58.0
-20.0	-82.0	-12.0
-32.0	-84.0	0.0
18.0	-80.0	-8.0
-52.0	-38.0	-8.0
-6.0	-8.0	48.0
22.0	-16.0	62.0
40.0	-8.0	40.0
8.0	-56.0	32.0
-4.0	38.0	40.0
8.0	-8.0	50.0
-48.0	40.0	-12.0
-58.0	-48.0	24.0
60.0	-20.0	-10.0
50.0	-42.0	8.0
-50.0	-42.0	-8.0
28.0	-30.0	54.0
62.0	-40.0	24.0
-32.0	-28.0	-4.0
-12.0	56.0	-2.0
-22.0	-30.0	-2.0
24.0	-28.0	4.0
28.0	-58.0	54.0
-52.0	-46.0	-12.0
6.0	-54.0	26.0
26.0	-16.0	-20.0
-44.0	-78.0	34.0
42.0	-70.0	-40.0
56.0	-6.0	-30.0
22.0	-42.0	8.0
48.0	-66.0	34.0
-30.0	8.0	52.0
-56.0	-14.0	-20.0
10.0	60.0	12.0
26.0	-20.0	8.0
-8.0	-28.0	20.0
-28.0	-82.0	24.0
-24.0	-76.0	-10.0
28.0	-82.0	18.0
-30.0	-58.0	50.0
46.0	6.0	30.0
10.0	-20.0	56.0
32.0	-58.0	48.0
-18.0	-6.0	2.0
20.0	-84.0	-2.0

// Erk S, 2010: PMID 21106812-1
// Subjects=20
-42.0	-50.0	-22.0
-24.0	-8.0	-16.0
24.0	-4.0	-16.0
-24.0	-4.0	-22.0
8.0	0.0	-2.0
-6.0	54.0	24.0
-20.0	-4.0	-20.0
24.0	0.0	-22.0
-40.0	-60.0	-16.0
0.0	60.0	22.0
28.0	20.0	-24.0
40.0	26.0	46.0
-36.0	22.0	-20.0
-42.0	22.0	-20.0
45.0	-56.0	-20.0
4.0	38.0	56.0
-40.0	-60.0	-16.0
44.0	-56.0	-20.0
-58.0	-36.0	40.0
48.0	-72.0	-18.0
62.0	-48.0	32.0
24.0	-4.0	-16.0
-22.0	-4.0	-22.0
60.0	-56.0	38.0
54.0	22.0	30.0
-38.0	-60.0	-14.0
24.0	-2.0	-22.0
-30.0	-4.0	-16.0
56.0	24.0	30.0
40.0	-66.0	-18.0
42.0	44.0	24.0
0.0	54.0	32.0
24.0	-4.0	-16.0
58.0	26.0	28.0
8.0	0.0	-4.0
16.0	-28.0	-12.0
-60.0	-36.0	38.0
20.0	-36.0	-12.0
2.0	-90.0	-6.0
-6.0	-94.0	-6.0
22.0	-6.0	-14.0
36.0	44.0	28.0
-22.0	-8.0	-16.0
42.0	44.0	24.0
42.0	32.0	40.0
26.0	6.0	52.0
60.0	-46.0	30.0
28.0	-94.0	-2.0
-54.0	-60.0	16.0
-20.0	-98.0	0.0
-22.0	-4.0	-22.0
24.0	-22.0	-14.0
22.0	-2.0	-20.0
48.0	-48.0	-26.0
-22.0	-6.0	-20.0
62.0	-48.0	30.0
52.0	-60.0	12.0
20.0	0.0	-24.0
20.0	-4.0	-16.0
-26.0	-2.0	-20.0
-20.0	-2.0	-26.0
-44.0	-68.0	-20.0
48.0	-62.0	16.0
22.0	2.0	-20.0
22.0	2.0	-20.0
-18.0	-6.0	-18.0
-58.0	16.0	14.0
24.0	0.0	-14.0
-24.0	-6.0	-14.0

// Dichter GS, 2012: PMID 21148176-1
// Subjects=20
30.0	-14.0	-10.0
14.0	-92.0	-6.0
-8.0	-58.0	-8.0
40.0	6.0	-2.0
-38.0	14.0	-12.0
8.0	-44.0	-28.0
40.0	20.0	4.0
-4.0	18.0	26.0
-6.0	6.0	-4.0
44.0	-14.0	-6.0
-22.0	8.0	-20.0
38.0	18.0	-24.0
-64.0	-50.0	0.0
-50.0	-52.0	24.0
-20.0	56.0	30.0
26.0	-14.0	-26.0
-36.0	22.0	44.0
50.0	-20.0	60.0
-4.0	-60.0	46.0
-12.0	26.0	52.0
-58.0	-30.0	-2.0
66.0	-16.0	-4.0
-8.0	8.0	-10.0
44.0	6.0	-10.0
48.0	34.0	-12.0
-30.0	-16.0	70.0
42.0	-24.0	52.0
-44.0	46.0	12.0
0.0	6.0	62.0
40.0	-64.0	0.0
-32.0	-76.0	48.0
4.0	20.0	58.0
-36.0	38.0	38.0
-64.0	-24.0	-10.0
-64.0	-50.0	-4.0
-44.0	-26.0	54.0
-34.0	-34.0	42.0
-34.0	-4.0	56.0
30.0	-16.0	58.0
-14.0	28.0	58.0
30.0	-66.0	28.0
44.0	-30.0	56.0
-36.0	-52.0	64.0
-68.0	-36.0	8.0
-4.0	12.0	32.0
54.0	-56.0	20.0
-46.0	36.0	-2.0
26.0	40.0	44.0
-40.0	-64.0	14.0
-26.0	36.0	36.0
62.0	-22.0	-6.0
-4.0	54.0	8.0
6.0	54.0	6.0
26.0	-10.0	-26.0
-44.0	28.0	6.0
-36.0	-60.0	-26.0
-2.0	-84.0	-18.0
4.0	-66.0	-14.0
-40.0	16.0	22.0
-36.0	-84.0	24.0
-18.0	-80.0	-6.0
-24.0	-94.0	2.0
60.0	-22.0	2.0
18.0	-52.0	72.0
-58.0	-56.0	12.0
10.0	-44.0	28.0
-26.0	16.0	-26.0
6.0	56.0	-10.0
28.0	38.0	42.0
-38.0	-64.0	16.0
-6.0	18.0	-14.0
2.0	-16.0	10.0
-58.0	-14.0	-14.0
28.0	-52.0	-30.0
-16.0	12.0	16.0
-18.0	22.0	10.0
0.0	2.0	-6.0
6.0	30.0	36.0
10.0	-66.0	28.0
-62.0	-24.0	10.0
66.0	-46.0	2.0
48.0	-10.0	56.0
-24.0	62.0	-8.0
-32.0	24.0	-22.0
-26.0	-52.0	-12.0
12.0	-92.0	-6.0
-44.0	8.0	-20.0
-14.0	-8.0	10.0
8.0	8.0	-8.0
56.0	-42.0	38.0
4.0	-60.0	-20.0
-14.0	-66.0	-28.0
12.0	-68.0	22.0
50.0	34.0	-12.0
-28.0	-60.0	12.0
8.0	56.0	-14.0
26.0	38.0	42.0
-40.0	-22.0	6.0
36.0	28.0	4.0
-42.0	-40.0	12.0
-6.0	-72.0	30.0
-36.0	16.0	-10.0
42.0	18.0	-20.0
60.0	-36.0	18.0
-16.0	-68.0	24.0
0.0	42.0	-6.0
6.0	-80.0	46.0
8.0	30.0	40.0
62.0	-52.0	4.0
34.0	18.0	54.0
2.0	-82.0	-24.0
42.0	16.0	-8.0

// Mazzola V, 2010: PMID 21179564-1
// Subjects=20
-52.0	19.0	25.0
-45.0	-45.0	-30.0
56.0	-45.0	-5.0
-60.0	-22.0	10.0
26.0	-8.0	-25.0
-34.0	4.0	-30.0
-45.0	-64.0	15.0
-8.0	-52.0	30.0
-45.0	22.0	-20.0
49.0	22.0	15.0
-38.0	-19.0	45.0
8.0	-19.0	-15.0
8.0	71.0	5.0
-45.0	-79.0	5.0
-38.0	0.0	5.0
68.0	-22.0	20.0
49.0	22.0	35.0
49.0	19.0	20.0
-26.0	-15.0	75.0
15.0	-52.0	-5.0
-45.0	19.0	35.0
-22.0	-45.0	50.0
26.0	-49.0	55.0
-64.0	-8.0	35.0
0.0	-34.0	20.0
-41.0	-4.0	10.0
-26.0	-71.0	35.0
11.0	60.0	-5.0
-30.0	-71.0	-25.0
4.0	-82.0	-5.0
-8.0	49.0	35.0

// Yan X, 2011: PMID 21184220-1
// Subjects=20
2.3	29.2	28.0
55.9	-6.2	33.7
36.9	76.0	-44.3
-46.8	58.3	50.7
-57.7	65.3	17.9
-7.3	33.0	36.7
-3.2	76.2	30.8
-24.1	7.2	62.5
-1.6	23.9	69.8
21.3	28.0	-3.3
29.0	-33.5	-0.5
-22.1	-42.3	27.6
-1.5	39.7	-43.1
-58.0	70.2	-14.9
30.0	-3.1	7.0
-1.4	99.7	-10.2
3.4	29.2	28.0
-38.3	-27.9	8.7
-48.8	-39.6	23.2
25.2	86.5	-31.7
-45.5	0.7	48.8
-48.9	52.6	46.7
-1.6	6.0	72.4
-59.7	-4.2	14.8
-57.0	55.2	-30.3
43.3	66.4	-45.8
-26.7	65.5	18.6

// Lemogne C, 2011: PMID 21246665-1
// Subjects=20
-48.0	-21.0	18.0
-45.0	-63.0	36.0
-36.0	-57.0	27.0
-39.0	12.0	51.0
-15.0	39.0	45.0
12.0	18.0	63.0
-30.0	48.0	9.0
-63.0	-21.0	-12.0
-42.0	-21.0	48.0
-33.0	-24.0	57.0
-48.0	-24.0	57.0
33.0	-24.0	51.0
-24.0	-9.0	42.0
-27.0	39.0	0.0
18.0	-51.0	-21.0
-27.0	-24.0	33.0
-27.0	-9.0	42.0
-30.0	48.0	9.0
6.0	-6.0	54.0
-15.0	-51.0	-21.0
45.0	-18.0	18.0
-24.0	-72.0	21.0
36.0	-21.0	54.0
-33.0	-57.0	24.0
21.0	-42.0	45.0
-39.0	12.0	51.0
3.0	-18.0	6.0
-21.0	-87.0	-6.0
51.0	-3.0	-6.0
24.0	-18.0	-15.0
-63.0	-21.0	-12.0
-33.0	9.0	-18.0
-39.0	-60.0	30.0
-45.0	-63.0	36.0
45.0	-27.0	51.0
18.0	-3.0	-12.0
-27.0	-12.0	-6.0
42.0	-42.0	0.0
33.0	-54.0	-9.0
-39.0	-12.0	0.0
-15.0	36.0	45.0
-15.0	-18.0	-9.0
-42.0	-3.0	21.0
-15.0	-12.0	57.0
-33.0	60.0	9.0
39.0	-6.0	24.0
-6.0	24.0	75.0
-48.0	-36.0	57.0
-18.0	0.0	-18.0

// Wagner DD, 2011: PMID 21248113-1
// Subjects=20
9.0	30.0	27.0
42.0	30.0	33.0
-39.0	-48.0	42.0
45.0	-48.0	48.0
-21.0	9.0	51.0
24.0	12.0	60.0
-6.0	24.0	39.0
-30.0	33.0	36.0
-42.0	36.0	30.0
21.0	-6.0	-21.0
42.0	18.0	-39.0
9.0	-36.0	33.0
-12.0	-69.0	48.0
9.0	-78.0	48.0
-51.0	-63.0	-9.0
-33.0	48.0	-6.0
-42.0	45.0	12.0

// Urner M, 2011: PMID 21259387-1
// Subjects=20
-20.0	-10.0	-16.0
-38.0	32.0	-14.0
2.0	48.0	-16.0
42.0	-50.0	-18.0
-36.0	-48.0	-18.0
20.0	-10.0	-18.0
22.0	-8.0	-20.0
-22.0	-4.0	-14.0
-50.0	32.0	14.0
42.0	-14.0	-26.0
46.0	18.0	22.0
24.0	-4.0	-16.0
38.0	-72.0	40.0
-46.0	-66.0	20.0
38.0	10.0	28.0
48.0	34.0	12.0
-20.0	-8.0	-18.0

// Bollinger J, 2011: PMID 21272595-1
// Subjects=20
-58.0	-40.0	48.0
57.0	-25.0	45.0
-49.0	-40.0	57.0
20.0	-13.0	66.0
-31.0	-51.0	7.0
-2.0	45.0	50.0
27.0	-7.0	-21.0
14.0	-22.0	18.0
44.0	-52.0	46.0
39.0	-55.0	-13.0
-35.0	-4.0	55.0
-48.0	-2.0	54.0
30.0	87.0	1.0
24.0	36.0	48.0
42.0	-52.0	10.0
-46.0	5.0	34.0
46.0	9.0	32.0
-58.0	-40.0	48.0
-15.0	-16.0	19.0
-28.0	-93.0	3.0
-29.0	25.0	43.0
50.0	4.0	-19.0
31.0	14.0	20.0
26.0	-54.0	55.0
-32.0	55.0	-4.0
-1.0	13.0	53.0
32.0	26.0	0.0
0.0	-76.0	5.0
-52.0	-33.0	-2.0
-14.0	12.0	-2.0
-32.0	30.0	27.0
29.0	6.0	42.0
42.0	-45.0	29.0
-34.0	-32.0	8.0
58.0	-40.0	1.0
36.0	6.0	-13.0
12.0	2.0	-2.0
-16.0	12.0	3.0
-24.0	-68.0	4.0
5.0	-45.0	3.0
-21.0	-29.0	43.0
-43.0	-35.0	18.0
46.0	-10.0	28.0
19.0	-58.0	7.0
29.0	-1.0	56.0

// de Chastelaine M, 2011: PMID 21282317-1
// Subjects=20
-57.0	-51.0	-15.0
-39.0	-87.0	21.0
-12.0	54.0	36.0
-15.0	33.0	51.0
-51.0	27.0	9.0
-27.0	-9.0	-15.0
-30.0	-33.0	-24.0
-9.0	-57.0	9.0
30.0	-12.0	-21.0
-42.0	33.0	36.0
-3.0	-87.0	36.0
3.0	51.0	51.0
45.0	18.0	54.0
48.0	-57.0	54.0
57.0	-24.0	-15.0
24.0	42.0	27.0
9.0	-24.0	30.0

// Szwed M, 2011: PMID 21296170-1
// Subjects=20
-47.0	23.0	11.0
38.0	-42.0	-23.0
41.0	-41.0	-25.0
-56.0	-51.0	5.0
66.0	-42.0	7.0
-27.0	-88.0	-4.0
-10.0	-96.0	0.0
-63.0	-10.0	32.0
-39.0	-51.0	-20.0
15.0	-92.0	3.0
-40.0	-64.0	9.0
-28.0	-95.0	-4.0
46.0	-69.0	12.0
-17.0	-36.0	4.0
-60.0	-12.0	32.0
30.0	-96.0	-4.0
-68.0	-33.0	5.0
-47.0	-41.0	-18.0
15.0	-84.0	14.0
20.0	-38.0	4.0
-45.0	-41.0	-18.0

// Eldaief MC, 2012: PMID 21296864-1
// Subjects=20
-12.0	-50.0	34.0
-4.0	54.0	28.0
-48.0	-18.0	22.0
10.0	-6.0	4.0
34.0	24.0	-8.0
-52.0	22.0	-2.0
16.0	4.0	12.0
48.0	14.0	16.0
-54.0	-52.0	32.0
2.0	26.0	46.0
-4.0	-80.0	-4.0
-52.0	-18.0	-14.0
-44.0	26.0	-10.0
50.0	-58.0	24.0
58.0	-46.0	32.0
22.0	-8.0	12.0
-24.0	2.0	-14.0
28.0	-28.0	-10.0
-6.0	8.0	38.0
-12.0	48.0	-2.0
22.0	2.0	16.0
4.0	-42.0	22.0
-42.0	48.0	0.0
-50.0	18.0	28.0
-4.0	24.0	48.0
-26.0	0.0	-16.0
-14.0	-64.0	28.0

// Ma N, 2011: PMID 21298074-1
// Subjects=20
31.5	-25.5	-9.5
31.5	-25.5	-9.5
4.5	25.5	23.5
-10.5	10.5	2.5
-10.5	10.5	2.5
4.5	25.5	23.5

// Kret ME, 2011: PMID 21315749-1
// Subjects=20
26.0	42.0	6.0
-30.0	52.0	16.0
46.0	-56.0	-42.0
-36.0	34.0	50.0
48.0	30.0	14.0
44.0	16.0	-22.0
34.0	-2.0	22.0
44.0	-10.0	10.0
6.0	8.0	26.0
22.0	-8.0	-12.0
42.0	-44.0	6.0
48.0	-44.0	-10.0
26.0	-48.0	12.0
54.0	-32.0	-2.0
-64.0	-16.0	-10.0
-50.0	-50.0	30.0
-42.0	-38.0	2.0
28.0	-36.0	-20.0
-14.0	-32.0	26.0
8.0	50.0	-14.0
32.0	-28.0	-10.0
14.0	62.0	-14.0
52.0	12.0	6.0
24.0	30.0	-10.0
44.0	-78.0	0.0
52.0	30.0	2.0
42.0	8.0	-30.0
54.0	-12.0	26.0
54.0	-32.0	-2.0
-44.0	-38.0	2.0
-54.0	-60.0	10.0
-50.0	-48.0	30.0
48.0	-40.0	-22.0
-26.0	-60.0	-10.0
-14.0	-96.0	6.0
42.0	10.0	-30.0
50.0	30.0	10.0
54.0	-12.0	26.0
-64.0	-16.0	-10.0
-50.0	-50.0	30.0
54.0	-32.0	-2.0
42.0	-44.0	6.0
-44.0	-38.0	2.0
-16.0	62.0	-16.0
-36.0	-68.0	12.0
20.0	-74.0	10.0
-16.0	62.0	-16.0

// Luo C, 2011: PMID 21319269-1
// Subjects=20
53.0	-60.0	35.0
-7.0	46.0	35.0
7.0	57.0	5.0
19.0	36.0	50.0
-22.0	26.0	50.0
33.0	-17.0	-22.0
-28.0	-33.0	-13.0
60.0	-13.0	-15.0
-50.0	-71.0	33.0
-49.0	-63.0	35.0
10.0	-52.0	-36.0
-6.0	-48.0	21.0
9.0	54.0	36.0
-9.0	48.0	28.0
9.0	46.0	47.0
50.0	-59.0	38.0
0.0	-52.0	30.0
-60.0	-15.0	-15.0
6.0	-53.0	30.0

// Ekstrom AD, 2011: PMID 21334445-1
// Subjects=20
60.0	10.0	28.0
52.0	22.0	24.0
-56.0	0.0	28.0
-2.0	-32.0	26.0
-42.0	44.0	8.0
-46.0	46.0	0.0
-18.0	-12.0	-16.0
-28.0	-42.0	-12.0
-8.0	16.0	40.0
26.0	-44.0	-12.0
4.0	-38.0	26.0
26.0	-36.0	-12.0
24.0	-34.0	6.0
26.0	-36.0	-12.0
26.0	-36.0	-12.0
26.0	-36.0	-12.0
26.0	-36.0	-12.0
-34.0	-36.0	-16.0
-16.0	-32.0	-4.0
20.0	-54.0	14.0
20.0	-54.0	14.0
20.0	-54.0	14.0
20.0	-54.0	14.0
-12.0	-58.0	8.0
-12.0	-58.0	8.0
34.0	-44.0	-12.0
-4.0	-76.0	8.0
-26.0	-42.0	-12.0
14.0	-76.0	8.0
36.0	21.0	25.0
-2.0	24.0	46.0
4.0	18.0	50.0
-4.0	-32.0	42.0
-4.0	-32.0	42.0
-4.0	-32.0	42.0
-4.0	-32.0	42.0
-4.0	-32.0	8.0
36.0	21.0	25.0
-28.0	-42.0	-12.0
-12.0	-58.0	8.0
36.0	21.0	25.0
36.0	21.0	25.0
-30.0	12.0	62.0
-48.0	48.0	0.0
58.0	-42.0	-12.0
30.0	-44.0	-12.0
-24.0	-42.0	-12.0
-24.0	-42.0	-10.0
-24.0	-42.0	-10.0
-24.0	-42.0	-10.0
-24.0	-42.0	-10.0
-12.0	-58.0	8.0
-24.0	-44.0	-12.0
-4.0	-34.0	22.0
44.0	26.0	28.0
-8.0	54.0	12.0
0.0	48.0	-6.0
-28.0	-42.0	-14.0
-28.0	-42.0	-14.0
38.0	-20.0	-18.0
34.0	-20.0	-18.0
34.0	-22.0	-16.0
34.0	-22.0	-16.0
34.0	-22.0	-16.0
34.0	-22.0	-16.0
24.0	-30.0	-4.0
-26.0	-30.0	-4.0
34.0	-22.0	-18.0
12.0	-52.0	8.0
10.0	26.0	30.0
0.0	48.0	-6.0
12.0	-52.0	8.0
0.0	48.0	-6.0
0.0	48.0	26.0
0.0	28.0	26.0
-18.0	-60.0	16.0
-18.0	-60.0	16.0
-18.0	-60.0	16.0
-18.0	-60.0	16.0
12.0	-52.0	8.0
-28.0	-42.0	-14.0
12.0	-52.0	8.0
0.0	48.0	-6.0
50.0	8.0	30.0
-6.0	-68.0	8.0
26.0	18.0	28.0
-6.0	-68.0	8.0
-6.0	-68.0	8.0
12.0	-96.0	12.0
28.0	64.0	14.0
0.0	18.0	48.0
10.0	54.0	-4.0
10.0	54.0	-4.0
10.0	54.0	-4.0
-8.0	54.0	12.0
-8.0	54.0	12.0
-8.0	54.0	12.0
-6.0	-68.0	8.0
10.0	54.0	-4.0
-28.0	-42.0	-14.0
26.0	18.0	28.0
26.0	18.0	28.0
26.0	18.0	28.0
-42.0	8.0	30.0
-22.0	-8.0	-18.0
-48.0	42.0	6.0
-20.0	2.0	-16.0
4.0	-38.0	34.0
46.0	26.0	26.0
-44.0	48.0	0.0

// Barros-Loscertales A, 2011: PMID 21338692-1
// Subjects=20
-41.0	32.0	31.0
-18.0	2.0	-17.0
49.0	19.0	25.0
38.0	27.0	41.0
30.0	58.0	24.0
25.0	41.0	40.0
-43.0	-18.0	1.0
-11.0	-49.0	40.0
23.0	-5.0	-24.0
-47.0	-72.0	25.0
32.0	-38.0	-33.0
31.0	7.0	-26.0

// Bruhl AB, 2011: PMID 21359508-1
// Subjects=20
-53.4	-62.5	-23.9
-8.4	-13.2	3.8
22.0	-10.6	75.7
11.0	-20.2	22.0
-5.0	-23.2	25.8
-30.7	-33.9	13.6
-69.4	-3.0	3.7
-34.2	-82.4	-35.8
46.3	-91.5	4.2
-40.2	-101.8	2.7
24.1	-96.8	35.0
8.1	-76.0	43.5
4.3	-82.3	-38.5
4.4	2.6	13.5
-5.4	19.4	-1.2
59.8	42.6	2.8
68.5	-45.1	-16.7
45.8	47.8	-10.8
10.8	-13.1	3.6
-8.4	-13.2	3.8
-20.4	-7.6	-19.9
22.4	-7.4	-20.4
22.4	-7.4	-20.4
22.4	-7.4	-20.4
22.4	-7.4	-20.4
-20.4	-7.6	-19.9
-20.4	-7.6	-19.9
22.4	-7.4	-20.4
-20.4	-7.6	-19.9
68.7	-62.1	11.5
10.8	-13.1	3.6
10.8	-13.1	3.6
10.8	-13.1	3.6
10.8	-13.1	3.6
-8.4	-13.2	3.8
-8.4	-13.2	3.8
14.1	-27.8	5.9
-8.4	-13.2	3.8
-20.4	-7.6	-19.9
36.3	15.5	-1.3
-5.4	32.6	3.3
36.3	15.5	-1.3
36.3	15.5	-1.3
-34.2	15.0	-0.5
-34.2	15.0	-0.5
-34.2	15.0	-0.5
-34.2	15.0	-0.5
-34.2	15.0	-0.5
36.3	15.5	-1.3
7.4	32.6	3.1
7.4	32.6	3.1
7.4	32.6	3.1
7.4	32.6	3.1
-5.4	32.6	3.3
-5.4	32.6	3.3
-43.6	14.3	32.0
-5.4	32.6	3.3
7.4	32.6	3.1
46.2	14.8	31.0
-5.4	32.6	3.3
-5.2	16.0	22.5
7.6	16.0	22.4
7.6	16.0	22.4
7.6	16.0	22.4
-5.2	16.0	22.5
-5.2	16.0	22.5
-5.2	16.0	22.5
7.6	16.0	22.4
-5.2	16.0	22.5
46.2	14.8	31.0
46.2	14.8	31.0
46.2	14.8	31.0
46.2	14.8	31.0
-43.6	14.3	32.0
-43.6	14.3	32.0
-43.6	14.3	32.0
-43.6	14.3	32.0
36.3	15.5	-1.3
7.6	16.0	22.4

// Agosta F, 2011: PMID 21368084-1
// Subjects=20
24.0	-24.0	-18.0
28.0	-66.0	-20.0
22.0	-24.0	-22.0
20.0	-24.0	-22.0
6.0	-24.0	44.0
16.0	-2.0	-24.0
30.0	-38.0	-4.0
6.0	-24.0	44.0
36.0	2.0	-20.0
28.0	-6.0	-6.0
42.0	-54.0	-44.0
-6.0	-48.0	-44.0
30.0	-8.0	-40.0
6.0	-24.0	44.0
42.0	-52.0	-44.0

// Linnman C, 2011: PMID 21377494-1
// Subjects=20
-10.0	13.0	25.0
-6.0	2.0	39.0
-2.0	-18.0	-9.0
8.0	-16.0	-11.0
-40.0	14.0	5.0
-2.0	41.0	5.0
40.0	20.0	5.0
-42.0	0.0	7.0
12.0	8.0	2.0
38.0	-3.0	15.0
-50.0	-19.0	54.0
-40.0	-19.0	56.0
51.0	-13.0	14.0
46.0	-20.0	19.0
16.0	-49.0	-18.0
-24.0	-82.0	-6.0
4.0	-53.0	-11.0
-16.0	-15.0	12.0
24.0	-52.0	-21.0
10.0	44.0	-12.0
30.0	26.0	8.0
-38.0	-11.0	13.0
22.0	-84.0	-4.0
-32.0	-78.0	-6.0
8.0	-22.0	58.0
-40.0	14.0	5.0
-36.0	17.0	-11.0
-40.0	25.0	1.0
-10.0	30.0	21.0
-12.0	17.0	27.0
-12.0	9.0	29.0
18.0	-15.0	-19.0
30.0	-43.0	-11.0
48.0	-63.0	23.0
-51.0	-74.0	6.0
10.0	-27.0	51.0
32.0	-25.0	53.0
32.0	-10.0	65.0
40.0	-25.0	51.0
-48.0	-76.0	-1.0
36.0	21.0	-6.0
-40.0	-71.0	13.0
14.0	-80.0	-1.0
30.0	22.0	6.0
-2.0	-20.0	-11.0
30.0	10.0	5.0
48.0	-26.0	22.0
50.0	12.0	5.0
-32.0	27.0	-3.0
-32.0	25.0	4.0
-38.0	16.0	5.0
0.0	-23.0	12.0
-6.0	-1.0	48.0
14.0	-72.0	-1.0
-51.0	-20.0	21.0
14.0	-68.0	9.0
-46.0	10.0	-4.0
55.0	8.0	3.0
-6.0	0.0	39.0
-42.0	-11.0	50.0
-50.0	-21.0	54.0
-40.0	-19.0	51.0
-38.0	-17.0	16.0
-50.0	-26.0	22.0
-51.0	-15.0	14.0
32.0	23.0	-6.0
-48.0	-15.0	15.0
24.0	-84.0	-4.0
59.0	-36.0	18.0
10.0	-60.0	-31.0
4.0	24.0	23.0
6.0	-80.0	-3.0
38.0	22.0	6.0
36.0	23.0	-5.0
-36.0	16.0	3.0
-34.0	19.0	-11.0
0.0	14.0	44.0
46.0	24.0	10.0
-26.0	-80.0	-3.0
-32.0	24.0	6.0
8.0	-62.0	-29.0
-2.0	-56.0	-31.0
-16.0	-54.0	-36.0
-32.0	-2.0	39.0
32.0	-61.0	-7.0
28.0	-55.0	-4.0
38.0	-78.0	-15.0
34.0	-37.0	-5.0
-8.0	-25.0	1.0

// Eldeghaidy S, 2011: PMID 21389303-1
// Subjects=20
62.0	-16.0	16.0
-66.0	-16.0	16.0
18.0	-2.0	-22.0
52.0	-10.0	38.0
54.0	-12.0	30.0
60.0	-14.0	30.0
-56.0	-16.0	22.0
-64.0	-18.0	8.0
42.0	-8.0	8.0
62.0	2.0	0.0
60.0	4.0	10.0
-60.0	0.0	10.0
-64.0	-20.0	16.0
-48.0	-42.0	58.0
-46.0	-46.0	56.0
18.0	-14.0	-18.0
38.0	2.0	-2.0
6.0	4.0	54.0
-2.0	-30.0	-2.0
68.0	-2.0	20.0
-34.0	-8.0	6.0
-2.0	-84.0	-36.0
42.0	0.0	-4.0
58.0	10.0	34.0
48.0	-6.0	58.0
-42.0	-8.0	60.0
-46.0	-6.0	54.0
-46.0	-12.0	58.0
22.0	-66.0	-24.0
58.0	-8.0	44.0
-16.0	-70.0	-22.0
46.0	10.0	-8.0
30.0	-64.0	62.0
-26.0	-58.0	66.0
-44.0	-48.0	58.0
-8.0	-60.0	68.0
66.0	10.0	14.0
-14.0	-26.0	-16.0
-56.0	0.0	-2.0
66.0	4.0	6.0
30.0	20.0	10.0
5.0	30.0	20.0
-36.0	-6.0	2.0
-2.0	-12.0	74.0
36.0	8.0	-2.0
6.0	12.0	52.0
64.0	12.0	26.0
-62.0	-6.0	20.0
26.0	-72.0	-28.0
20.0	-38.0	-46.0
-46.0	-54.0	-32.0
18.0	0.0	-18.0
-40.0	-80.0	-22.0
-60.0	-16.0	30.0
-52.0	-4.0	22.0
60.0	-6.0	16.0
62.0	-2.0	10.0
64.0	2.0	8.0
60.0	10.0	8.0
54.0	-14.0	18.0
-20.0	-44.0	-52.0
40.0	-2.0	0.0
28.0	-22.0	72.0
-44.0	-8.0	8.0
38.0	-2.0	6.0
30.0	20.0	10.0
6.0	10.0	60.0
52.0	4.0	34.0
10.0	20.0	30.0
-34.0	50.0	30.0
20.0	10.0	30.0
20.0	30.0	5.0
-8.0	8.0	42.0
30.0	5.0	20.0
20.0	30.0	10.0
30.0	5.0	20.0
30.0	20.0	5.0
30.0	20.0	10.0
30.0	20.0	10.0
30.0	20.0	10.0
30.0	5.0	10.0

// Tahmasebi AM, 2012: PMID 21416563-1
// Subjects=20
24.0	-99.0	0.0
42.0	-48.0	-24.0
-45.0	-84.0	-12.0
-42.0	-84.0	-14.0
47.0	-78.0	-8.0
45.0	-79.0	-10.0
-24.0	-99.0	0.0
22.0	-8.0	-14.0
-18.0	-78.0	-36.0
18.0	-78.0	-39.0
18.0	-78.0	-37.0
21.0	6.0	6.0
21.0	6.0	0.0
-18.0	-9.0	-15.0
-40.0	-49.0	-22.0
-17.0	-79.0	-36.0
42.0	-49.0	-23.0
20.0	-9.0	-17.0
-41.0	-48.0	-23.0
56.0	-42.0	7.0
-18.0	-9.0	-15.0
-54.0	-51.0	9.0
54.0	6.0	-21.0
55.0	9.0	-24.0
40.0	-3.0	-44.0
42.0	-6.0	-44.0
6.0	9.0	63.0
51.0	5.0	46.0
48.0	3.0	48.0
44.0	20.0	22.0
6.0	12.0	63.0
46.0	20.0	20.0
-42.0	15.0	24.0
-45.0	15.0	22.0
53.0	27.0	4.0
53.0	27.0	-3.0
-42.0	27.0	-8.0
-42.0	27.0	-3.0
-54.0	-48.0	6.0
54.0	-41.0	7.0

// Amemiya S, 2012: PMID 21421732-1
// Subjects=20
56.0	-10.0	22.0
56.0	-10.0	22.0
32.0	-12.0	-18.0
-22.0	0.0	-10.0
-40.0	14.0	10.0
56.0	4.0	22.0
40.0	26.0	6.0
20.0	10.0	-8.0
30.0	-76.0	-6.0
-42.0	-50.0	-18.0
36.0	32.0	26.0
32.0	-12.0	-18.0
-28.0	-10.0	-18.0
20.0	10.0	-8.0
40.0	-54.0	-20.0
-28.0	-64.0	58.0
36.0	32.0	26.0
56.0	-44.0	8.0
-10.0	56.0	0.0
-34.0	-68.0	-12.0
-28.0	-64.0	58.0
-24.0	-12.0	60.0
58.0	0.0	10.0
-38.0	-8.0	-4.0
-58.0	-10.0	-4.0
40.0	26.0	6.0
-18.0	-22.0	60.0
2.0	46.0	6.0
6.0	56.0	-4.0
8.0	-64.0	-10.0
18.0	-48.0	-22.0
-8.0	-84.0	-14.0
48.0	-4.0	-22.0
20.0	-64.0	-14.0
56.0	4.0	22.0
-18.0	-68.0	-16.0
-22.0	0.0	-10.0
-28.0	-10.0	-18.0

// El Khoury-Malhame M, 2011: PMID 21440563-1
// Subjects=20
0.0	12.0	48.0
-21.0	-3.0	-18.0
24.0	-6.0	-21.0
45.0	15.0	21.0
-39.0	-3.0	39.0
-21.0	-33.0	0.0
-9.0	-18.0	9.0
18.0	-21.0	12.0
30.0	-69.0	48.0
27.0	-30.0	0.0
-27.0	-66.0	48.0
-24.0	-81.0	21.0
-36.0	18.0	21.0
48.0	3.0	33.0
36.0	-78.0	27.0
-6.0	-9.0	9.0
9.0	18.0	42.0
-27.0	-57.0	45.0
24.0	-6.0	-21.0
-36.0	20.0	20.0
48.0	24.0	21.0
-36.0	3.0	30.0
51.0	0.0	42.0
21.0	0.0	3.0
-9.0	-69.0	48.0
15.0	-15.0	9.0
-18.0	-30.0	-9.0
30.0	-24.0	-9.0
10.0	-65.0	37.0
21.0	3.0	0.0
39.0	-60.0	45.0
-21.0	-6.0	-21.0

// Lenartowicz A, 2011: PMID 21452946-1
// Subjects=20
44.0	20.0	-2.0
42.0	6.0	48.0
32.0	20.0	-12.0
6.0	20.0	44.0
58.0	20.0	0.0
-4.0	66.0	20.0
34.0	18.0	-2.0
50.0	-42.0	32.0
24.0	-14.0	-22.0
66.0	-36.0	16.0
-12.0	-56.0	32.0
-54.0	-18.0	4.0

// Huijbers W, 2011: PMID 21494597-1
// Subjects=20
6.0	-54.0	24.0
51.0	-66.0	30.0
3.0	51.0	24.0
-45.0	-75.0	30.0
-30.0	21.0	51.0
-21.0	-39.0	-15.0
27.0	-21.0	-15.0

// Jamadar S, 2011: PMID 21507613-1
// Subjects=20
40.0	-62.0	-36.0
20.0	-94.0	-8.0
-18.0	-98.0	-6.0
38.0	-56.0	-34.0
-28.0	-72.0	-36.0
34.0	-68.0	-30.0
34.0	-68.0	-44.0
34.0	-66.0	-34.0
44.0	-50.0	-14.0
2.0	-86.0	-30.0
22.0	-8.0	-20.0
36.0	-64.0	-32.0
44.0	-56.0	18.0
-34.0	-54.0	38.0
-14.0	10.0	6.0
10.0	-16.0	40.0
0.0	46.0	28.0
42.0	42.0	10.0
-8.0	-66.0	-10.0
-40.0	-58.0	-10.0
32.0	-90.0	-10.0
12.0	-96.0	10.0
32.0	-88.0	20.0
2.0	-94.0	20.0
2.0	-86.0	-2.0
42.0	-70.0	20.0
48.0	18.0	-6.0
20.0	-98.0	-8.0
0.0	-44.0	66.0
32.0	-52.0	66.0
14.0	-28.0	38.0
26.0	28.0	32.0
14.0	-84.0	-42.0
12.0	-80.0	-46.0
44.0	-52.0	60.0
10.0	-80.0	-44.0
12.0	-60.0	-22.0
8.0	-48.0	-24.0
12.0	-52.0	-22.0
32.0	-46.0	42.0
20.0	-44.0	-42.0
-42.0	14.0	-10.0
16.0	-40.0	-36.0
-16.0	-90.0	10.0
20.0	-84.0	-4.0
-44.0	-30.0	46.0
48.0	-54.0	5.0
-46.0	-8.0	-40.0
22.0	-56.0	52.0
-34.0	-16.0	50.0
14.0	-48.0	-32.0
34.0	-84.0	-12.0
-32.0	38.0	20.0
-38.0	16.0	10.0
4.0	-76.0	48.0
36.0	-76.0	-8.0
-26.0	-54.0	48.0
46.0	-68.0	-2.0
4.0	-66.0	26.0
38.0	-14.0	-32.0
-24.0	-4.0	-24.0
26.0	10.0	42.0
32.0	12.0	-38.0
42.0	16.0	-28.0
22.0	-4.0	-30.0
38.0	-4.0	-40.0
36.0	16.0	30.0
30.0	-82.0	4.0
46.0	-4.0	-40.0
36.0	-48.0	36.0
-44.0	40.0	4.0
-22.0	-54.0	8.0
30.0	-4.0	-42.0
38.0	8.0	-6.0
42.0	14.0	-24.0
8.0	-64.0	40.0
-46.0	-62.0	-4.0
18.0	-20.0	76.0
32.0	26.0	38.0
10.0	-68.0	8.0
44.0	-48.0	18.0
38.0	-33.0	38.0
-30.0	-62.0	38.0
6.0	-66.0	-10.0
34.0	26.0	38.0
30.0	-46.0	50.0
16.0	-68.0	-60.0
4.0	-92.0	26.0
51.0	-64.0	-24.0
28.0	6.0	48.0
18.0	4.0	-44.0
30.0	8.0	46.0
2.0	30.0	54.0
4.0	60.0	24.0
-45.0	-56.0	54.0
12.0	-80.0	-20.0
46.0	6.0	48.0
-24.0	40.0	24.0
50.0	-20.0	36.0
-40.0	-60.0	22.0
50.0	24.0	22.0

// Wagner DD, 2011: PMID 21527789-1
// Subjects=20
51.0	-63.0	6.0
-51.0	-69.0	12.0
42.0	-57.0	-24.0
-42.0	-45.0	-24.0
-3.0	63.0	18.0
42.0	18.0	-39.0
-42.0	15.0	-39.0
57.0	-9.0	-27.0
-54.0	-84.0	0.0
3.0	-60.0	24.0
48.0	-81.0	-3.0
-27.0	-45.0	-12.0
18.0	-57.0	12.0
-57.0	-6.0	-21.0
54.0	33.0	6.0
-18.0	-60.0	9.0
-6.0	42.0	42.0
48.0	-39.0	42.0
45.0	18.0	21.0
21.0	-6.0	-21.0
33.0	-63.0	-15.0
27.0	-45.0	-12.0
0.0	57.0	-21.0
-12.0	60.0	15.0

// van Buuren M, 2011: PMID 21531384-1
// Subjects=20
-24.0	-4.0	-20.0
16.0	-52.0	24.0
-8.0	-48.0	44.0
0.0	-52.0	32.0
24.0	-16.0	-20.0
60.0	-60.0	4.0
8.0	-24.0	-20.0
-36.0	4.0	-12.0
-4.0	40.0	0.0
-16.0	-28.0	36.0
-20.0	-12.0	-16.0
-12.0	-24.0	40.0
0.0	-12.0	44.0
0.0	64.0	8.0
16.0	52.0	8.0
4.0	52.0	-4.0
8.0	60.0	20.0
-24.0	-40.0	52.0

// Milton F, 2011: PMID 21561699-1
// Subjects=20
12.0	42.0	20.0
24.0	5.0	-17.0
-2.0	55.0	3.0
20.0	-31.0	-7.0
-30.0	-35.0	-10.0
-30.0	-35.0	-2.0
12.0	2.0	40.0
26.0	-28.0	-7.0
32.0	29.0	-1.0
-18.0	-2.0	42.0
-8.0	-15.0	58.0
30.0	-26.0	-7.0
-28.0	18.0	5.0
0.0	-41.0	3.0
-28.0	50.0	-1.0
20.0	-36.0	50.0
40.0	-28.0	53.0
2.0	-49.0	-4.0
36.0	-46.0	17.0
32.0	-45.0	26.0
48.0	14.0	-1.0
-8.0	-27.0	11.0
6.0	-30.0	24.0
-6.0	-37.0	6.0
4.0	27.0	28.0
6.0	20.0	40.0
8.0	-43.0	-15.0
26.0	-52.0	4.0
42.0	8.0	1.0
-34.0	36.0	24.0
-34.0	33.0	34.0
26.0	-59.0	-19.0
36.0	-57.0	-17.0
22.0	1.0	57.0
38.0	1.0	53.0
26.0	1.0	-12.0
-4.0	58.0	3.0
50.0	10.0	-2.0
-4.0	-17.0	8.0
-2.0	-31.0	0.0
-40.0	43.0	0.0
4.0	-64.0	-5.0
55.0	-46.0	12.0
-24.0	13.0	-4.0
28.0	-54.0	6.0
6.0	-43.0	39.0
48.0	15.0	34.0
38.0	38.0	24.0
34.0	37.0	31.0
-40.0	5.0	29.0
2.0	-2.0	2.0
42.0	-38.0	7.0
22.0	-71.0	-17.0
42.0	-40.0	48.0
28.0	0.0	46.0
-16.0	-2.0	-2.0
2.0	-35.0	-7.0
-14.0	8.0	49.0
6.0	-22.0	-4.0
36.0	-33.0	40.0
10.0	-5.0	9.0
16.0	-11.0	10.0
2.0	-32.0	22.0
2.0	-28.0	29.0
42.0	-48.0	45.0
-26.0	41.0	7.0
20.0	-37.0	6.0
-6.0	-54.0	5.0
-8.0	-28.0	-10.0
40.0	-61.0	-17.0
50.0	-37.0	44.0
30.0	36.0	26.0
37.0	36.0	26.0
18.0	-46.0	52.0

// Zhuang J, 2011: PMID 21563885-1
// Subjects=20
40.0	-56.0	-24.0
4.0	22.0	28.0
-4.0	24.0	28.0
36.0	-24.0	-10.0
-56.0	-20.0	12.0
66.0	-8.0	10.0
-46.0	-26.0	14.0
-60.0	-30.0	4.0
44.0	-34.0	-4.0
-10.0	12.0	26.0
52.0	-54.0	-24.0
28.0	-38.0	-22.0
-34.0	20.0	-12.0
-38.0	28.0	12.0
-52.0	34.0	-8.0
36.0	26.0	-10.0
-44.0	26.0	12.0
-50.0	4.0	16.0
-60.0	4.0	22.0
-46.0	6.0	24.0
-42.0	28.0	2.0

// Kim YT, 2011: PMID 21575660-1
// Subjects=20
-52.0	-48.0	28.0
-6.0	-50.0	12.0
58.0	-38.0	14.0
34.0	-58.0	42.0
26.0	-64.0	58.0
-38.0	-10.0	66.0
-52.0	12.0	24.0
18.0	-14.0	66.0
-22.0	-6.0	56.0
46.0	0.0	50.0
54.0	18.0	24.0
-36.0	-66.0	52.0
-20.0	2.0	10.0
46.0	30.0	-6.0
-28.0	-82.0	-22.0
22.0	-30.0	-16.0
-22.0	-32.0	-14.0
26.0	-22.0	-16.0
12.0	0.0	68.0
-16.0	-10.0	-12.0
42.0	20.0	-20.0
-50.0	5.0	-4.0
18.0	-8.0	-2.0
-16.0	-8.0	-2.0
24.0	4.0	-2.0
-38.0	26.0	-6.0
-4.0	6.0	62.0
-10.0	-2.0	74.0
-58.0	-46.0	16.0
-4.0	34.0	58.0
46.0	12.0	56.0
32.0	-78.0	-34.0
-8.0	-6.0	30.0
-42.0	14.0	44.0
10.0	24.0	58.0
-5.0	14.0	70.0
-58.0	-42.0	14.0
-42.0	-70.0	-26.0
68.0	-34.0	16.0
28.0	-66.0	58.0
-32.0	56.0	64.0
32.0	-76.0	-26.0
16.0	34.0	40.0
-4.0	-48.0	17.0
54.0	16.0	28.0
8.0	-4.0	30.0
6.0	38.0	28.0
-42.0	26.0	0.0
-12.0	42.0	10.0
-32.0	-4.0	44.0
-16.0	-28.0	-16.0
8.0	16.0	-6.0
50.0	-60.0	28.0
-14.0	16.0	10.0
45.0	-60.0	30.0
4.0	4.0	70.0
-48.0	-66.0	30.0
58.0	-36.0	52.0
2.0	-44.0	14.0
-46.0	-62.0	26.0

// Groen G, 2011: PMID 21589884-1
// Subjects=20
26.0	-36.0	-10.0
-58.0	-32.0	-6.0
26.0	-28.0	-10.0
14.0	-22.0	-10.0
20.0	-44.0	-8.0
-34.0	12.0	-6.0
8.0	28.0	22.0
-14.0	-40.0	-6.0
-20.0	-28.0	-8.0
-6.0	32.0	20.0

// Blair KS, 2011: PMID 21601433-1
// Subjects=20
11.2	0.6	56.0
2.0	52.8	2.6
-29.5	-89.4	10.5
32.1	52.1	19.1
46.4	-54.4	30.1
3.8	-64.4	42.6
-42.6	42.7	27.4
-32.7	-67.4	20.9
32.0	-7.3	-20.5
-8.6	60.3	17.7
-44.7	28.2	33.1
-44.5	-22.0	30.6
-9.8	37.3	-17.1
20.6	10.2	41.7
50.4	-38.9	-3.6
37.9	-24.3	48.8

// Ben-Yakov A, 2011: PMID 21677186-1
// Subjects=20
56.9	-42.6	16.7
52.3	-7.1	-19.7
49.5	3.8	39.7
45.9	32.7	0.5
45.7	4.8	-30.6
20.2	-7.1	-16.0
32.9	-54.7	-54.5
17.3	-50.2	4.4
7.6	-28.8	-7.3
46.1	-57.4	-8.7
-5.5	-51.0	-45.4
46.1	18.1	18.4
4.4	54.1	32.6
39.9	-81.5	10.1
-8.4	53.7	29.4
-43.9	28.2	-8.2
-21.4	-7.3	-15.5
-33.8	-88.1	14.9
-43.6	-64.0	-3.8
33.2	-31.8	-7.4
33.1	-78.8	-36.9
36.2	-1.6	-30.0
36.6	-40.3	6.7
-18.1	-28.7	-3.7
-31.0	-76.3	-39.7
-34.3	-11.1	-21.7
-37.3	-29.1	-6.8
23.5	-23.3	-20.2
-21.4	-23.6	-19.7

// Taylor VA, 2011: PMID 21679770-1
// Subjects=20
8.0	12.0	27.0
29.0	-27.0	21.0
-20.0	3.0	-11.0
18.0	6.0	-4.0
-22.0	-1.0	-14.0
24.0	-5.0	-11.0
-29.0	-9.0	12.0
-33.0	-13.0	-15.0
8.0	3.0	10.0
-24.0	1.0	-14.0
-13.0	6.0	5.0
-27.0	26.0	-8.0
-12.0	-48.0	11.0
17.0	-30.0	4.0
-20.0	-40.0	-20.0
-6.0	-23.0	4.0
17.0	-23.0	11.0
-22.0	-79.0	-6.0
12.0	-54.0	24.0
24.0	-31.0	-7.0

// McNorgan C, 2011: PMID 21715629-1
// Subjects=20
39.0	24.0	-6.0
24.0	-45.0	3.0
39.0	-12.0	63.0
-60.0	-42.0	12.0
-45.0	-54.0	-15.0
30.0	-15.0	-18.0
36.0	-21.0	3.0
-54.0	15.0	30.0
54.0	-12.0	18.0
-54.0	15.0	30.0
3.0	-24.0	-18.0
-18.0	3.0	6.0
-45.0	-54.0	-18.0
-48.0	9.0	0.0
-12.0	3.0	18.0
-45.0	-72.0	-9.0
-9.0	-36.0	6.0
-21.0	-6.0	66.0
-60.0	-42.0	12.0
-54.0	18.0	33.0
-33.0	39.0	33.0
-48.0	-33.0	21.0
-9.0	6.0	6.0
-36.0	-6.0	-33.0
-51.0	-21.0	36.0
-24.0	-60.0	54.0
-42.0	-39.0	54.0

// Gour N, 2011: PMID 21722740-1
// Subjects=20
-37.0	-7.0	-26.0
-37.0	-16.0	-19.0
35.0	13.0	-34.0
-49.0	2.0	-20.0
-49.0	2.0	-20.0
-47.0	0.0	-25.0
25.0	-6.0	-23.0
49.0	12.0	-25.0
19.0	-21.0	-12.0
-31.0	-1.0	-28.0
-47.0	11.0	-8.0
-49.0	4.0	-20.0
45.0	-6.0	-14.0
-33.0	-21.0	-10.0
-19.0	-4.0	-19.0
35.0	1.0	-25.0
13.0	5.0	-13.0

// Sozda CN, 2011: PMID 21756946-1
// Subjects=20
-33.5	-46.9	64.9
-11.8	-53.7	-38.5
17.8	-19.2	75.4
-27.3	-18.3	49.1
43.2	-27.9	42.4
-43.6	-11.0	21.9
-11.6	34.4	27.8
4.1	-40.9	-39.7
-37.3	-55.0	-11.3
-47.1	5.2	-16.2
-11.6	-4.7	17.6
-47.0	25.8	2.1
-17.8	-79.2	3.9
33.1	19.9	1.7
-20.9	-64.0	36.1
4.7	-19.2	35.4
-30.8	41.2	34.1
-43.3	-5.1	56.0
-17.7	11.3	59.9
11.0	-82.7	-2.8
62.1	-8.4	3.7
26.7	56.3	18.8
-46.7	15.7	36.4
24.1	-69.8	39.4
26.8	-22.4	-8.1
26.8	-18.9	-5.0
7.8	-55.8	15.0
17.4	-16.2	31.7
20.5	18.7	28.7
-2.1	-16.5	-11.6
-15.0	-50.3	-35.4
14.1	18.7	28.8
33.0	15.7	-11.3
-47.0	25.8	2.1
50.7	-67.8	22.2
-11.6	31.2	28.0
46.3	10.2	39.2
-11.3	14.3	56.2
33.1	19.9	1.7
-50.2	22.9	5.7
-11.6	34.7	31.1
17.3	21.9	28.5
-8.6	-10.1	-12.0
-36.9	-77.3	30.7
10.9	-8.0	14.3
-4.8	-47.0	47.9

// Brehmer Y, 2011: PMID 21757013-1
// Subjects=20
8.0	-80.0	-2.0
62.0	-32.0	28.0
-22.0	-6.0	-14.0
24.0	-12.0	-20.0
32.0	18.0	32.0
-2.0	-4.0	38.0
66.0	-32.0	30.0
-28.0	36.0	-10.0
16.0	72.0	8.0
50.0	36.0	16.0
-30.0	-64.0	34.0
44.0	-36.0	8.0
36.0	18.0	-18.0
10.0	-74.0	0.0
30.0	-14.0	-22.0
16.0	-16.0	20.0
-28.0	-96.0	-12.0
-2.0	-80.0	-34.0
-6.0	-74.0	-6.0
28.0	-72.0	20.0
32.0	-86.0	-10.0
-40.0	16.0	48.0
36.0	-10.0	-4.0
12.0	-18.0	14.0
30.0	-50.0	28.0
-14.0	-20.0	22.0
0.0	-14.0	-16.0
-10.0	-24.0	18.0
-12.0	-46.0	-34.0
-18.0	-20.0	-14.0
54.0	18.0	20.0
-40.0	6.0	-18.0

// Caporro M, 2012: PMID 21775199-1
// Subjects=20
51.0	-2.0	1.0
8.0	-15.0	8.0
33.0	-24.0	11.0
5.0	-34.0	54.0
11.0	-12.0	12.0
48.0	-15.0	4.0
0.0	-38.0	22.0
-11.0	-14.0	9.0
63.0	-48.0	7.0
-1.0	-25.0	54.0
45.0	-41.0	24.0
3.0	-32.0	53.0
1.0	-43.0	62.0
30.0	-18.0	-18.0

// Hare TA, 2011: PMID 21795556-1
// Subjects=20
15.0	-85.0	19.0
-9.0	50.0	4.0
-6.0	41.0	-14.0
-30.0	5.0	70.0
-27.0	20.0	52.0
18.0	44.0	55.0
-45.0	11.0	22.0
-12.0	44.0	1.0
0.0	-64.0	25.0
-48.0	32.0	10.0
-42.0	-67.0	31.0
-24.0	-31.0	4.0
21.0	-37.0	1.0
0.0	-91.0	16.0
3.0	-34.0	37.0
9.0	-31.0	34.0
-54.0	-52.0	-11.0
-15.0	-55.0	4.0
-54.0	-31.0	-2.0
66.0	-40.0	-14.0
-9.0	-70.0	40.0
-42.0	41.0	1.0
-48.0	-64.0	55.0
54.0	-61.0	46.0
-18.0	56.0	31.0
-57.0	-28.0	-14.0
39.0	50.0	13.0
-48.0	-64.0	52.0
51.0	-61.0	46.0
-15.0	59.0	31.0
-3.0	14.0	22.0
-48.0	2.0	31.0
60.0	-37.0	58.0
-36.0	8.0	43.0
12.0	47.0	37.0

// Martin VC, 2011: PMID 21810986-1
// Subjects=20
-12.0	-50.0	10.0
22.0	-58.0	20.0
10.0	-50.0	18.0
-26.0	-44.0	-8.0
-48.0	-12.0	-12.0
28.0	-44.0	-16.0
-20.0	32.0	-12.0
34.0	-26.0	-8.0
-16.0	-58.0	16.0
36.0	-34.0	-14.0
-24.0	-48.0	-30.0
6.0	-48.0	-32.0
50.0	-76.0	-6.0
-38.0	-2.0	26.0
-12.0	34.0	-10.0
-4.0	66.0	-2.0
-18.0	-48.0	-2.0
-42.0	-38.0	32.0
-32.0	-34.0	-32.0
46.0	-14.0	-24.0
36.0	-14.0	-26.0
48.0	-34.0	-22.0
-28.0	16.0	42.0
-12.0	-30.0	6.0
-38.0	30.0	-14.0
-40.0	16.0	58.0
-6.0	-40.0	-22.0
-54.0	-10.0	56.0
-22.0	0.0	-38.0
16.0	-56.0	-34.0
30.0	-30.0	-8.0
0.0	-10.0	6.0
38.0	54.0	30.0

// Royet JP, 2011: PMID 21811450-1
// Subjects=20
34.0	23.0	0.0
-30.0	23.0	0.0
-19.0	11.0	0.0
-23.0	4.0	-12.0
-30.0	4.0	-16.0
-42.0	-30.0	52.0
49.0	19.0	4.0
15.0	11.0	0.0
27.0	0.0	-16.0
49.0	8.0	36.0
-30.0	-38.0	0.0
-30.0	-34.0	-12.0
-4.0	23.0	44.0
-23.0	46.0	24.0
-4.0	4.0	52.0
34.0	23.0	8.0
-11.0	-19.0	8.0
11.0	-57.0	36.0
42.0	-8.0	48.0
-8.0	-4.0	52.0
49.0	-49.0	8.0
8.0	46.0	24.0
0.0	-42.0	56.0
27.0	19.0	8.0
-11.0	-4.0	52.0
38.0	27.0	-4.0
-42.0	-38.0	0.0
11.0	-27.0	52.0
8.0	4.0	48.0
-4.0	4.0	52.0
42.0	-49.0	-32.0
42.0	23.0	24.0
-49.0	-19.0	36.0
38.0	-42.0	-28.0
-46.0	-11.0	40.0
4.0	-27.0	56.0
-4.0	-80.0	-12.0
0.0	-4.0	48.0
19.0	-23.0	-12.0
-61.0	-46.0	36.0
11.0	-8.0	0.0
-42.0	-80.0	8.0
53.0	-57.0	40.0
-46.0	-61.0	32.0
11.0	-8.0	12.0
23.0	0.0	4.0
-4.0	-76.0	-12.0
57.0	-65.0	0.0
11.0	-72.0	-4.0
-42.0	-19.0	32.0
4.0	-8.0	52.0
15.0	-8.0	-4.0
0.0	-23.0	28.0
23.0	-91.0	-4.0
4.0	-30.0	28.0
4.0	-46.0	20.0
57.0	-68.0	0.0
46.0	19.0	20.0
-15.0	27.0	4.0
11.0	-87.0	4.0
-27.0	-57.0	40.0
4.0	-87.0	0.0
11.0	15.0	-4.0
-42.0	-8.0	12.0
42.0	15.0	-4.0
-38.0	4.0	-16.0
-15.0	-76.0	8.0
53.0	-42.0	40.0
-38.0	4.0	-12.0
15.0	4.0	28.0
-23.0	27.0	40.0
15.0	-80.0	8.0
4.0	15.0	44.0
0.0	-53.0	-20.0
-8.0	-27.0	28.0
4.0	8.0	52.0
-30.0	-95.0	-12.0
8.0	-87.0	-4.0
4.0	-87.0	0.0
15.0	-76.0	8.0
-34.0	-80.0	36.0
38.0	-15.0	52.0
0.0	-30.0	24.0
11.0	-87.0	12.0
-4.0	-76.0	8.0
46.0	11.0	-4.0
57.0	-65.0	24.0
-46.0	-61.0	36.0
38.0	-42.0	-24.0
-15.0	-84.0	8.0
-34.0	30.0	44.0
57.0	-46.0	0.0
-38.0	-72.0	32.0
46.0	-76.0	32.0
46.0	27.0	36.0
57.0	-65.0	24.0
-42.0	-76.0	32.0
-46.0	-61.0	44.0
-42.0	-57.0	28.0
-30.0	-8.0	-16.0
46.0	11.0	-16.0
46.0	-4.0	0.0
46.0	23.0	32.0
34.0	23.0	48.0
30.0	-11.0	-12.0
15.0	-42.0	20.0
-49.0	-61.0	36.0
-38.0	-11.0	16.0
53.0	-57.0	40.0
-30.0	-42.0	-8.0
-42.0	23.0	40.0
27.0	46.0	-4.0
30.0	-15.0	-16.0
-42.0	-8.0	8.0
15.0	46.0	24.0
11.0	-38.0	-12.0
-11.0	-46.0	-16.0
42.0	-15.0	-24.0
42.0	-27.0	16.0
53.0	-11.0	32.0
57.0	-11.0	8.0
8.0	-80.0	8.0
-30.0	-46.0	-24.0
-8.0	-19.0	52.0
23.0	-80.0	36.0
34.0	0.0	4.0
0.0	-95.0	4.0
49.0	-8.0	-8.0
8.0	-11.0	52.0
27.0	-11.0	-20.0
-11.0	-57.0	12.0
23.0	-65.0	32.0
-53.0	4.0	-12.0
49.0	8.0	52.0
49.0	15.0	44.0
42.0	-65.0	48.0
-8.0	-42.0	-16.0
8.0	-57.0	8.0
19.0	-76.0	0.0
-11.0	-27.0	52.0
8.0	-84.0	-16.0
-34.0	-46.0	-20.0
42.0	-68.0	-28.0
-11.0	19.0	-4.0

// Wong PC, 2011: PMID 21812560-1
// Subjects=20
-3.8	-44.7	36.5
33.0	-19.8	-30.7
55.7	-11.7	4.1
-59.9	8.3	-3.0
-7.1	-57.7	19.8
-37.5	-31.6	-25.5
22.4	-7.4	-20.4
48.0	-2.5	-14.4
44.3	-55.6	28.0
1.0	65.0	9.4

// Giovanello KS, 2012: PMID 21812566-1
// Subjects=20
-39.0	33.0	0.0
-12.0	-18.0	9.0
-54.0	24.0	21.0
-30.0	-69.0	42.0
-45.0	0.0	54.0
24.0	-60.0	-3.0
-48.0	-45.0	-18.0
39.0	57.0	0.0
24.0	-21.0	-9.0
-24.0	-78.0	24.0
-42.0	9.0	54.0
15.0	-78.0	15.0
33.0	33.0	0.0
-30.0	-63.0	48.0
-45.0	51.0	0.0
-42.0	6.0	33.0
-45.0	36.0	-6.0
-36.0	-57.0	48.0
39.0	27.0	-6.0
-39.0	6.0	51.0
-53.0	15.0	16.0
42.0	60.0	-6.0
6.0	-78.0	18.0
-18.0	-78.0	15.0
-36.0	27.0	-9.0
-24.0	-21.0	-9.0
-51.0	-42.0	-3.0
-36.0	12.0	36.0
-36.0	27.0	3.0
-33.0	60.0	0.0
-53.0	-60.0	25.0
-48.0	-54.0	19.0
9.0	-71.0	34.0
35.0	-21.0	-12.0
-62.0	-43.0	19.0
-30.0	-9.0	51.0
39.0	-12.0	30.0
15.0	-65.0	39.0

// Scheidt RA, 2012: PMID 21840405-1
// Subjects=20
2.2	14.9	8.0
2.2	14.9	8.0
2.2	14.9	8.0
9.9	-32.9	22.0
48.5	6.7	49.5
-16.7	-39.9	30.7
-16.7	-39.9	30.7
-20.2	7.2	6.7
-16.7	-39.9	30.7
35.3	-26.0	-14.6
38.5	-34.3	-11.7
38.5	-16.1	-11.0
38.5	-16.1	-11.0
38.5	-35.8	-17.1
38.5	-35.8	-17.1
38.5	-35.8	-17.1
38.5	-35.8	-17.1
38.5	-35.3	-11.6
6.7	-23.3	23.5
30.0	-34.3	-11.6
35.3	-26.0	-14.6
6.7	-23.3	23.5
12.9	-34.5	-12.5
9.9	-32.9	22.0
6.5	-68.2	-20.7
27.8	-50.0	-21.4
6.5	-68.2	-20.7
-15.1	-52.3	-47.5
-15.1	-52.3	-47.5
-35.2	-55.4	-16.9
-35.2	-55.4	-16.9
27.8	-50.0	-21.4
27.8	-50.0	-21.4
6.7	-23.3	23.5
6.5	-68.2	-20.7
-20.2	7.2	6.7
-20.2	7.2	6.7
30.0	-34.3	-11.6
12.9	-34.5	-12.5
-24.2	-68.9	14.3
-24.2	-68.9	14.3
-24.2	-68.9	14.3
9.9	-32.9	22.0
2.2	14.9	8.0
26.8	10.5	3.7
30.0	-34.3	-11.6
56.0	6.6	47.2
-12.5	-21.8	30.2
10.6	50.7	2.7
10.6	50.7	2.7
-33.1	41.7	14.0
10.6	50.7	2.7
10.6	50.7	2.7
10.6	50.7	2.7
10.6	50.7	2.7
10.7	51.5	12.7
10.7	42.0	13.5
-33.1	41.7	14.0
10.6	50.7	2.7
-42.4	9.8	42.4
-42.4	9.8	42.4
-42.4	9.8	42.4
-30.7	-72.4	-3.2
-46.7	-58.8	9.2
25.8	-34.4	1.9
42.8	-3.5	0.2
-35.2	-1.4	7.6
10.6	50.7	2.7
10.6	50.7	2.7
10.6	50.7	2.7
10.6	50.7	2.7
26.1	-45.2	40.7
-23.1	-34.3	34.8
21.9	-57.7	45.1
48.5	6.5	47.2
48.5	6.5	47.2
6.5	-68.2	-20.7
56.0	6.6	47.2
56.0	6.6	47.2
56.0	6.6	47.2
30.0	-34.3	-11.6
48.5	6.7	49.5
50.6	7.8	49.3
50.6	7.8	49.3
50.6	7.8	49.3
50.6	7.8	49.3
50.6	7.2	41.6
50.6	10.3	41.3
56.0	7.8	49.3
-42.4	9.8	42.4
-33.1	41.7	14.0
56.0	6.7	49.4
5.2	-44.2	-40.6
-16.1	6.2	-6.6
5.2	-44.2	-40.6
8.4	50.4	-1.7
8.4	50.4	-1.7
18.3	28.1	25.7
18.3	28.1	25.7
18.3	28.1	25.7
18.1	46.2	-1.5
18.1	46.2	-1.5
-38.2	-60.3	2.5
18.0	45.8	-7.0
-38.2	-60.3	2.5
74.9	-19.7	-5.5
-38.2	-60.3	2.5
50.7	-30.9	44.8
50.7	-30.9	44.8
50.7	-30.9	44.8
-53.0	-62.5	30.8
-53.0	-62.5	30.8
-53.0	-62.5	30.8
50.7	-30.9	44.8
8.4	50.4	-1.7
3.7	-28.3	40.6
3.7	-28.3	40.6
3.7	-28.3	40.6
4.1	51.0	-7.3
4.1	51.0	-7.3
4.1	51.0	-7.3
4.3	53.4	23.7
4.4	39.6	24.9
3.3	39.6	24.9
-32.9	-75.5	-1.8
3.3	39.6	24.9
-32.9	-75.5	-1.8
-50.8	-63.2	35.3
4.1	51.0	-7.3
-45.8	-61.6	-12.9
-45.8	-61.6	-12.9
3.3	39.6	24.9
18.0	51.1	-7.4
18.1	46.2	-1.5
18.1	46.2	-1.5
-23.1	-34.3	34.8
-23.1	-34.3	34.8
-23.1	-34.3	34.8
-32.9	-75.5	-1.8
-50.8	-63.2	35.3
31.6	-71.7	41.7
31.6	-71.7	41.7
-16.7	-39.9	30.7
-2.0	-26.6	-5.2
-2.0	-26.6	-5.2
10.9	-24.6	5.7
10.9	-24.6	5.7
11.8	-20.8	-13.6
22.5	-14.9	-7.5
12.9	-25.5	-5.4
22.5	-14.9	-7.5
11.8	-20.8	-13.6
17.1	1.3	-3.3
-16.1	6.2	-6.6
-16.1	6.2	-6.6
-3.8	-21.4	48.0
26.8	10.5	3.7
22.5	-14.9	-7.5
26.8	10.5	3.7
12.9	-25.5	-5.4
27.8	-50.0	-21.4
26.1	-45.2	40.7
17.1	1.3	-3.3
5.2	-44.2	-40.6
-12.5	-21.8	30.2
74.9	-19.8	-6.6
32.7	-63.4	52.2
32.7	-63.4	52.2
-12.5	-21.8	30.2
-50.8	-63.2	35.3
-38.2	-60.3	2.5
69.6	-29.7	3.2
69.6	-29.7	3.2
74.9	-19.7	-5.5
74.8	-20.1	-11.0
57.8	-22.0	-6.2
74.8	-22.3	-10.9
57.7	-22.4	-10.7
57.7	-22.4	-10.7
69.6	-29.7	3.2
57.7	-22.4	-10.7
57.8	-19.9	-6.4
26.1	-45.2	40.7
74.9	-19.8	-6.6
74.9	-19.8	-6.6
74.9	-19.8	-6.6
57.7	-22.4	-10.7
34.4	-64.1	-11.4
4.6	11.0	39.6
-54.2	-16.9	28.1
10.6	49.7	2.8
-33.2	49.4	3.3
-33.2	49.4	3.3
-33.2	49.4	3.3
10.6	50.7	2.7
10.6	50.7	2.7
39.6	19.7	11.7
21.9	-57.7	45.1
39.1	-10.0	68.8
39.1	-10.0	68.8
-37.9	-24.4	54.2
-37.9	-24.4	54.2
-37.9	-24.4	54.2
6.9	-48.8	37.9
6.9	-48.8	37.9
6.9	-48.8	37.9
-17.6	-48.4	44.8
-17.6	-48.4	44.8
-17.6	-48.4	44.8
-16.5	-70.5	47.8
-16.5	-70.5	47.8
39.6	19.7	11.7
10.6	50.7	2.7
10.6	50.7	2.7
10.6	50.7	2.7
-26.7	36.6	16.6
10.6	50.7	2.7
10.6	50.7	2.7
10.6	50.7	2.7
10.6	50.7	2.7
10.6	50.7	2.7
10.6	50.7	2.7
10.6	50.7	2.7
10.6	50.7	2.7
10.7	36.9	16.1
-16.5	-70.5	47.8
10.6	50.7	2.7
10.6	50.7	2.7
10.6	50.7	2.7
39.6	19.7	11.7
39.6	19.7	11.7
10.6	50.7	2.7
10.6	50.7	2.7
10.6	50.7	2.7
10.6	50.7	2.7
10.6	50.7	2.7
10.6	50.7	2.7
10.6	50.7	2.7
-16.5	-70.5	47.8
10.7	51.7	14.9
-26.7	36.6	16.6
8.0	16.0	63.6
8.0	16.0	63.6
8.0	16.0	63.6
8.0	16.0	63.6
9.0	16.0	63.6
9.1	5.5	64.5
9.1	6.0	71.2
9.1	6.0	71.2
34.6	14.3	52.3
34.6	14.3	52.3
16.2	-15.7	10.4
34.6	14.3	52.3
-42.3	10.6	53.5
-7.3	-19.5	4.3
21.9	-57.7	45.1
-0.8	-70.7	1.9
-46.7	-32.0	24.8
-32.7	-5.2	53.6
-54.2	5.1	38.5
-41.1	-22.1	56.3
-31.5	-43.4	55.7
59.3	-34.2	42.7
-42.3	13.8	53.3
11.8	-20.0	-3.6
-2.9	-87.0	-1.2
10.6	50.7	2.7
-37.9	-24.4	54.2
59.1	-5.3	31.4
59.1	-5.3	31.4
-27.5	-3.4	35.6
39.1	-10.0	68.8
39.1	-10.0	68.8
-38.1	-5.4	38.1
-38.1	-5.4	38.1
-27.5	-3.4	35.6
-27.5	-3.4	35.6
-38.1	-5.4	38.1
64.4	-2.9	34.5
-26.7	36.6	16.6
-27.7	21.1	7.9
-26.7	36.6	16.6
59.1	-5.3	31.4
64.4	3.7	36.1
64.4	3.7	36.1
64.4	3.7	36.1
64.4	3.5	33.9
64.4	3.7	36.1

// Ellamil M, 2012: PMID 21854855-1
// Subjects=20
-36.0	6.0	8.0
32.0	58.0	16.0
-22.0	54.0	28.0
-8.0	64.0	4.0
-32.0	56.0	-4.0
-14.0	-72.0	-48.0
8.0	44.0	28.0
46.0	-76.0	24.0
50.0	-66.0	44.0
-44.0	-66.0	48.0
66.0	-40.0	4.0
-68.0	-38.0	0.0
0.0	-32.0	44.0
-2.0	12.0	68.0
-32.0	6.0	-40.0
-60.0	20.0	0.0
4.0	-30.0	24.0
54.0	8.0	-28.0
-30.0	-80.0	36.0
-44.0	14.0	44.0
-50.0	-52.0	-12.0
40.0	-68.0	-4.0
28.0	2.0	52.0
18.0	-94.0	-8.0
-8.0	-94.0	-12.0
14.0	-92.0	4.0
-34.0	-84.0	-12.0
36.0	-80.0	-16.0
48.0	22.0	0.0
-66.0	-32.0	-8.0
22.0	58.0	0.0
-22.0	-94.0	24.0
-28.0	-88.0	-12.0
42.0	26.0	44.0
-50.0	38.0	12.0
-28.0	-52.0	64.0
32.0	-48.0	64.0
-48.0	-36.0	44.0
40.0	-42.0	44.0
-32.0	-40.0	-4.0
36.0	-26.0	-12.0
-30.0	-34.0	-20.0
34.0	-38.0	-16.0
-26.0	-2.0	56.0
56.0	-30.0	-8.0
24.0	-88.0	-8.0

// Tsubomi H, 2012: PMID 21861678-1
// Subjects=20
8.0	-10.0	2.0
-42.0	-8.0	12.0
8.0	-14.0	2.0
8.0	-14.0	-2.0
-8.0	-34.0	28.0
-52.0	-24.0	42.0
-42.0	-8.0	14.0
-42.0	-8.0	12.0
-40.0	-8.0	12.0
8.0	-14.0	-2.0
6.0	-18.0	30.0
6.0	-18.0	30.0
-8.0	-34.0	28.0
32.0	-82.0	-4.0
-8.0	-34.0	30.0
-8.0	-18.0	30.0
-4.0	-18.0	30.0
-4.0	-18.0	30.0
-6.0	-28.0	-4.0
-6.0	-28.0	-4.0
-40.0	-8.0	12.0
32.0	-82.0	-6.0
23.0	-88.0	-6.0
-22.0	-88.0	0.0
-6.0	14.0	48.0
-6.0	-28.0	-2.0
-6.0	10.0	48.0
-52.0	-22.0	30.0
-12.0	-22.0	2.0
-52.0	-24.0	42.0
52.0	-78.0	-4.0
10.0	-10.0	2.0
6.0	-28.0	-4.0
32.0	-82.0	-6.0
6.0	-28.0	-4.0
6.0	-22.0	2.0
-12.0	-22.0	2.0
-12.0	-22.0	2.0
-12.0	-20.0	2.0
-16.0	-20.0	2.0
23.0	-88.0	3.0
23.0	-88.0	3.0
23.0	-74.0	-6.0
26.0	-74.0	-6.0
6.0	-28.0	2.0
-6.0	-14.0	-2.0
26.0	-74.0	-6.0
-42.0	-8.0	14.0
-32.0	-80.0	30.0
-32.0	-68.0	-12.0
52.0	-74.0	0.0
-26.0	-94.0	4.0
-26.0	-94.0	4.0
-26.0	-94.0	6.0
-32.0	-94.0	6.0
-32.0	-94.0	6.0
34.0	-70.0	30.0
-30.0	-68.0	-12.0
-26.0	-94.0	6.0
22.0	-78.0	-12.0
52.0	-74.0	0.0
22.0	-78.0	-12.0
24.0	-78.0	-12.0
-32.0	-74.0	-10.0
-32.0	-74.0	-10.0
22.0	-78.0	-12.0
-32.0	-74.0	-12.0
-6.0	14.0	40.0
22.0	-78.0	-12.0
32.0	-78.0	-4.0
44.0	-24.0	40.0
-64.0	-24.0	42.0
52.0	-78.0	-4.0
-30.0	-68.0	-12.0
24.0	-38.0	4.0
46.0	-62.0	8.0
48.0	-60.0	-12.0
48.0	-60.0	-12.0
48.0	-60.0	-16.0
48.0	-56.0	-16.0
46.0	-56.0	-16.0
24.0	-38.0	4.0
46.0	-56.0	-16.0
46.0	-54.0	-10.0
48.0	-54.0	-10.0
-46.0	-62.0	-14.0
-46.0	-62.0	-14.0
52.0	-78.0	0.0
44.0	-24.0	40.0
-64.0	-20.0	32.0
-64.0	-20.0	32.0
-64.0	-20.0	42.0
46.0	-56.0	-10.0
-6.0	14.0	40.0
-16.0	10.0	40.0
54.0	20.0	32.0
38.0	-48.0	50.0
42.0	-48.0	50.0
38.0	38.0	16.0
-58.0	-22.0	30.0
14.0	-70.0	48.0
14.0	-70.0	26.0
14.0	-66.0	26.0
18.0	-66.0	26.0
-8.0	-76.0	50.0
-8.0	-76.0	50.0
-8.0	-76.0	40.0
-8.0	-72.0	40.0
-10.0	-72.0	40.0
-10.0	-72.0	40.0
-10.0	-72.0	40.0
-10.0	-80.0	40.0
-4.0	-80.0	40.0
18.0	-66.0	26.0
38.0	-48.0	48.0
52.0	18.0	30.0
38.0	-48.0	50.0
-16.0	14.0	40.0
42.0	-42.0	48.0
-38.0	-50.0	62.0
-38.0	-50.0	62.0
-38.0	-50.0	56.0
-38.0	-44.0	56.0
38.0	-42.0	48.0
-40.0	-44.0	56.0
42.0	-46.0	46.0
-40.0	-44.0	56.0
-40.0	-52.0	54.0
-28.0	-52.0	54.0
38.0	6.0	50.0
38.0	6.0	50.0
38.0	6.0	52.0
54.0	20.0	32.0
54.0	20.0	30.0
54.0	18.0	30.0
-40.0	-44.0	54.0
42.0	-46.0	46.0
14.0	-70.0	48.0
52.0	18.0	30.0
-52.0	-24.0	30.0
-48.0	2.0	26.0
-48.0	2.0	26.0
58.0	18.0	18.0
4.0	20.0	48.0
54.0	30.0	28.0
54.0	30.0	18.0
54.0	36.0	18.0
50.0	36.0	18.0
42.0	-46.0	50.0
4.0	18.0	48.0
4.0	18.0	48.0
4.0	18.0	48.0
4.0	20.0	48.0
-8.0	10.0	48.0
-16.0	10.0	42.0
-16.0	10.0	42.0
-32.0	24.0	-8.0
-38.0	24.0	-8.0
50.0	36.0	18.0
-38.0	16.0	-4.0
-38.0	16.0	-8.0
38.0	38.0	16.0
54.0	30.0	28.0
-52.0	8.0	10.0
44.0	24.0	0.0
44.0	24.0	-6.0
44.0	28.0	-6.0
36.0	28.0	-6.0
36.0	28.0	-6.0
44.0	24.0	0.0
36.0	20.0	-6.0
-28.0	24.0	-6.0
-28.0	24.0	-6.0
-28.0	24.0	-4.0
-28.0	16.0	-4.0
-38.0	16.0	-4.0
36.0	28.0	-6.0
52.0	20.0	-6.0

// Krendl AC, 2012: PMID 21896496-1
// Subjects=20
-18.0	57.0	-18.0
30.0	12.0	54.0
-57.0	18.0	6.0
15.0	57.0	18.0
-30.0	45.0	9.0
-24.0	12.0	45.0
-18.0	-63.0	-51.0
30.0	51.0	0.0
33.0	-63.0	18.0
63.0	-36.0	-21.0
12.0	-66.0	15.0
24.0	48.0	-24.0
60.0	21.0	-15.0
-39.0	-27.0	72.0
9.0	-54.0	-12.0
-18.0	-24.0	-6.0
24.0	-33.0	30.0
51.0	48.0	12.0
-39.0	-27.0	72.0
-18.0	-78.0	-36.0
-24.0	42.0	-6.0
-9.0	-66.0	54.0
9.0	-12.0	-21.0
-27.0	-30.0	27.0
21.0	-63.0	42.0
20.0	-3.0	-27.0
33.0	-18.0	-24.0
-63.0	-3.0	39.0
18.0	-39.0	69.0
-6.0	-18.0	-18.0
-36.0	-72.0	-3.0
21.0	42.0	36.0
-15.0	0.0	24.0
-51.0	15.0	-21.0
-39.0	21.0	9.0
-51.0	-66.0	6.0
15.0	-9.0	-27.0
-48.0	-42.0	-30.0
12.0	3.0	30.0
-42.0	-48.0	3.0
15.0	54.0	0.0
-27.0	-87.0	12.0
27.0	-90.0	-15.0
36.0	54.0	24.0
-39.0	-15.0	48.0
-45.0	-21.0	-3.0
-48.0	-60.0	15.0
-15.0	42.0	15.0
36.0	-24.0	-6.0
24.0	-45.0	-6.0
27.0	-42.0	-6.0
33.0	9.0	-30.0
-33.0	-39.0	-24.0
-3.0	54.0	-9.0
-18.0	60.0	-18.0
42.0	-15.0	-12.0
-36.0	33.0	12.0
39.0	-45.0	-18.0
57.0	6.0	9.0
48.0	0.0	-9.0
-30.0	-6.0	3.0
-9.0	-30.0	54.0
-18.0	-9.0	69.0
-15.0	-30.0	72.0
15.0	-27.0	48.0
-36.0	18.0	21.0
-30.0	-6.0	3.0
51.0	21.0	24.0
30.0	-30.0	69.0
24.0	-81.0	30.0
-39.0	-15.0	18.0
-42.0	9.0	3.0
36.0	39.0	6.0
21.0	12.0	-12.0
-39.0	-78.0	-9.0
24.0	-84.0	30.0
45.0	-3.0	-12.0
54.0	42.0	9.0
45.0	-9.0	21.0
-51.0	-3.0	-9.0
39.0	3.0	36.0
-45.0	-30.0	18.0
45.0	-66.0	-6.0
-6.0	-78.0	-33.0
60.0	-27.0	15.0
21.0	-60.0	-9.0
-36.0	-45.0	-21.0
45.0	-33.0	27.0
-12.0	-69.0	-6.0
-9.0	-30.0	69.0
-54.0	6.0	48.0
-48.0	36.0	36.0
-39.0	12.0	3.0
18.0	-39.0	51.0
-51.0	-75.0	-15.0
-51.0	-66.0	-3.0
-60.0	-21.0	27.0
-51.0	27.0	33.0
33.0	-33.0	3.0
63.0	-18.0	6.0
39.0	-63.0	18.0
9.0	66.0	-9.0
27.0	-9.0	-24.0
45.0	-84.0	0.0
12.0	-66.0	15.0
-27.0	-45.0	-24.0
27.0	3.0	3.0
36.0	-54.0	-9.0
-27.0	9.0	0.0
-24.0	-87.0	21.0
27.0	-21.0	66.0
-18.0	-75.0	36.0
51.0	-33.0	30.0
-30.0	-6.0	0.0
-9.0	60.0	6.0
-39.0	18.0	21.0
21.0	24.0	-12.0
18.0	54.0	0.0
48.0	45.0	18.0
15.0	51.0	-9.0
51.0	48.0	21.0
15.0	48.0	-21.0
12.0	45.0	-6.0
18.0	57.0	21.0
24.0	48.0	-6.0
15.0	45.0	6.0
39.0	57.0	6.0
33.0	48.0	-9.0
36.0	51.0	-12.0
21.0	-48.0	-24.0
-18.0	3.0	-18.0
-24.0	-33.0	33.0
18.0	3.0	-15.0
-24.0	-84.0	-27.0
-42.0	33.0	33.0
66.0	-30.0	-6.0
42.0	-63.0	45.0
39.0	-69.0	-33.0
-33.0	-42.0	30.0
-12.0	54.0	-24.0
-6.0	27.0	39.0
-36.0	-38.0	-42.0
-48.0	21.0	-9.0
-6.0	-27.0	27.0
48.0	24.0	-9.0
51.0	-78.0	-6.0
-36.0	-30.0	-3.0
-6.0	-48.0	-51.0
-30.0	-72.0	42.0
21.0	27.0	60.0
27.0	18.0	-21.0
21.0	48.0	36.0
-9.0	27.0	60.0
3.0	-69.0	-36.0
45.0	21.0	51.0
63.0	-3.0	6.0
-6.0	-81.0	-15.0
3.0	-60.0	-51.0
15.0	51.0	45.0
-12.0	-69.0	42.0
-18.0	30.0	42.0
-21.0	24.0	-15.0
-45.0	-60.0	51.0
-15.0	-6.0	27.0
-45.0	-54.0	42.0
21.0	-21.0	-21.0
-36.0	12.0	45.0
-48.0	-66.0	15.0
54.0	-57.0	6.0
39.0	54.0	3.0
-33.0	54.0	15.0
12.0	21.0	0.0
-57.0	-30.0	-18.0
-21.0	18.0	9.0
-18.0	19.0	-9.0
33.0	-72.0	3.0
18.0	-36.0	12.0
9.0	-75.0	-6.0
-57.0	-60.0	-33.0
3.0	-3.0	-12.0
-3.0	-24.0	33.0
63.0	-30.0	-18.0
-24.0	-36.0	18.0
-9.0	48.0	6.0
18.0	36.0	-12.0
-24.0	30.0	42.0
-42.0	-84.0	-33.0
6.0	39.0	-6.0
-33.0	-39.0	-12.0
42.0	-33.0	-9.0
-33.0	-27.0	-15.0
-24.0	30.0	42.0
-36.0	15.0	48.0
27.0	36.0	12.0
-27.0	-48.0	3.0
27.0	0.0	33.0
30.0	-36.0	24.0
-9.0	-57.0	18.0
-54.0	-63.0	18.0
48.0	6.0	27.0
54.0	-60.0	9.0
63.0	-39.0	9.0
-45.0	9.0	30.0
60.0	-45.0	21.0
39.0	3.0	-36.0
-18.0	36.0	-27.0
39.0	-54.0	-24.0

// Polosan M, 2011: PMID 21955370-1
// Subjects=20
-6.0	51.0	28.0
12.0	6.0	67.0
33.0	53.0	20.0
6.0	8.0	45.0
48.0	18.0	6.0
15.0	30.0	18.0
-39.0	0.0	48.0
-12.0	-73.0	49.0
-27.0	-49.0	61.0
45.0	-65.0	-11.0
-3.0	-53.0	51.0
33.0	27.0	12.0
12.0	-96.0	8.0
36.0	-59.0	45.0
-6.0	51.0	4.0
-45.0	9.0	18.0
51.0	33.0	4.0
63.0	-27.0	18.0
33.0	-15.0	-21.0
-27.0	-42.0	-7.0
-30.0	-69.0	-10.0
30.0	-42.0	-18.0
36.0	18.0	-4.0
30.0	-84.0	-7.0
12.0	30.0	24.0
-54.0	-57.0	-14.0
66.0	-48.0	-6.0
-6.0	51.0	8.0
54.0	-9.0	52.0
27.0	57.0	24.0

// Ptak R, 2012: PMID 21982696-1
// Subjects=20
63.0	-32.0	-12.0
56.0	-25.0	-6.0
26.0	-59.0	40.0
32.0	-53.0	32.0
59.0	-24.0	-18.0
62.0	-38.0	-8.0
49.0	-70.0	32.0
31.0	-32.0	-6.0
22.0	-24.0	14.0
53.0	-66.0	34.0
29.0	-34.0	6.0
42.0	-73.0	38.0
20.0	-34.0	36.0
25.0	-50.0	36.0
28.0	-26.0	16.0

// de Greck M, 2012: PMID 21998038-1
// Subjects=20
-46.8	-9.8	24.1
49.3	-3.6	12.4
7.9	-54.1	23.8
49.0	42.7	-8.2
-49.9	14.5	48.8
55.9	11.2	37.8
23.9	54.5	64.7
23.3	6.1	-24.9
8.0	6.3	62.2
-24.0	95.6	-33.0
33.7	91.7	-33.3
-29.4	91.0	-37.0
-41.0	48.1	-40.0
47.6	78.8	-36.9
49.8	53.1	-39.2
-50.0	-23.0	18.5
49.3	-3.3	15.7
17.2	-11.4	-3.3
8.0	9.5	62.0
55.9	11.4	41.2
20.7	57.9	67.8
-49.8	11.3	49.1
-11.9	12.2	-25.0
-18.3	-0.5	-23.9
-41.1	84.8	-34.1
-41.1	84.8	-34.1
35.8	91.3	-38.9
42.3	52.5	-45.8
-46.9	-27.7	-1.2
-2.7	10.4	60.9
4.7	7.7	52.1
-41.1	84.8	-34.1
29.4	91.5	-35.5
30.9	-5.6	-25.1
-37.8	49.4	-37.9
42.3	46.4	-41.9
21.2	10.2	-26.4
-24.8	15.3	-25.1
23.3	6.1	-24.9
42.3	78.7	-37.9
23.4	8.5	-21.8
11.2	6.4	62.2
-50.0	-20.3	11.6
32.6	88.1	-38.6
-37.9	84.8	-34.2
4.8	6.3	62.3

// Herrington JD, 2011: PMID 22024246-1
// Subjects=20
-46.0	-56.0	-19.0
10.0	-45.0	0.0
20.0	-7.0	-23.0
-18.0	-21.0	-18.0
31.0	-32.0	-21.0
48.0	-46.0	13.0
15.0	-10.0	-25.0
-48.0	-64.0	10.0
51.0	-63.0	6.0
-38.0	11.0	-24.0
66.0	-13.0	-6.0
38.0	7.0	27.0

// Liu J, 2011: PMID 22028765-1
// Subjects=20
-27.0	60.0	6.0
-3.0	42.0	31.0
3.0	42.0	31.0
-45.0	54.0	-6.0
27.0	-12.0	48.0
39.0	25.0	6.0
-15.0	18.0	-24.0
27.0	-48.0	-6.0
21.0	-18.0	41.0
-21.0	-66.0	6.0
3.0	-66.0	12.0
-21.0	-54.0	0.0
-3.0	30.0	12.0
21.0	0.0	-18.0
3.0	30.0	12.0
27.0	-12.0	-19.0
-63.0	-36.0	-18.0
-39.0	-12.0	12.0
-15.0	-30.0	11.0
-15.0	-6.0	-6.0
-15.0	24.0	36.0
9.0	12.0	12.0
-21.0	6.0	6.0
27.0	-12.0	12.0
21.0	-6.0	6.0
15.0	-90.0	12.0
-15.0	18.0	12.0
57.0	12.0	-24.0
-39.0	-96.0	0.0
-9.0	-48.0	0.0
9.0	-48.0	0.0
39.0	-36.0	18.0
-51.0	-42.0	-24.0
51.0	-60.0	-18.0

// Bergmann TO, 2012: PMID 22037418-1
// Subjects=20
32.0	-28.0	-12.0
40.0	-46.0	-22.0
-18.0	-42.0	-16.0
24.0	-82.0	-18.0
-36.0	-74.0	-22.0

// Schneier FR, 2011: PMID 22047726-1
// Subjects=20
-26.0	-72.0	28.0
-14.0	54.0	6.0
22.0	-40.0	2.0
40.0	-30.0	28.0
52.0	-58.0	44.0
28.0	-30.0	38.0
36.0	-72.0	-2.0
-34.0	-12.0	14.0
40.0	-52.0	-2.0
50.0	-4.0	18.0
-20.0	20.0	-2.0
6.0	-40.0	48.0
24.0	36.0	-14.0
20.0	24.0	-6.0
28.0	-22.0	4.0
-30.0	-52.0	62.0
4.0	-54.0	50.0
4.0	-38.0	54.0
14.0	-8.0	8.0
-6.0	-38.0	12.0
16.0	-2.0	2.0
-22.0	-12.0	-8.0
4.0	-4.0	34.0
-2.0	2.0	0.0

// Hampshire A, 2012: PMID 22075266-1
// Subjects=20
36.0	18.0	-6.0
-39.0	18.0	-9.0
-33.0	54.0	-9.0
-60.0	-51.0	30.0
-42.0	6.0	42.0
9.0	27.0	36.0
0.0	-87.0	-6.0
27.0	0.0	15.0
36.0	12.0	54.0
-36.0	33.0	36.0
-36.0	48.0	6.0
57.0	27.0	-9.0
18.0	12.0	-9.0
-39.0	21.0	-3.0
-48.0	21.0	-6.0
54.0	33.0	-12.0
57.0	15.0	0.0
39.0	57.0	6.0
48.0	-51.0	33.0
-45.0	48.0	-12.0
45.0	18.0	45.0
-30.0	21.0	-9.0
6.0	39.0	51.0
36.0	21.0	-9.0
36.0	48.0	-3.0
-15.0	9.0	-12.0
48.0	33.0	27.0
-27.0	6.0	6.0
-27.0	21.0	-12.0
36.0	48.0	18.0
57.0	-54.0	27.0
27.0	60.0	-9.0
51.0	18.0	-9.0
0.0	48.0	-3.0
3.0	-18.0	36.0
-51.0	42.0	-9.0
36.0	48.0	-3.0
-6.0	6.0	3.0
27.0	9.0	-9.0
-21.0	-18.0	-12.0
12.0	12.0	6.0
54.0	-21.0	-12.0
3.0	30.0	30.0
36.0	21.0	-12.0
-39.0	36.0	-12.0
0.0	-48.0	30.0
30.0	-18.0	-15.0
6.0	48.0	21.0
-48.0	-9.0	-6.0
6.0	39.0	54.0
3.0	45.0	-6.0
36.0	24.0	3.0
24.0	6.0	-9.0
48.0	-15.0	-12.0
-15.0	12.0	-3.0
-39.0	18.0	0.0
51.0	-30.0	27.0
0.0	39.0	6.0
-6.0	-57.0	18.0
-27.0	-36.0	-12.0
-57.0	-30.0	36.0
6.0	18.0	48.0
-27.0	45.0	21.0
-9.0	3.0	-12.0
0.0	36.0	-6.0
3.0	-30.0	39.0

// Henckens MJ, 2012: PMID 22079927-1
// Subjects=20
-26.0	10.0	8.0
36.0	6.0	14.0
-34.0	-36.0	-14.0
-6.0	50.0	0.0
-42.0	-50.0	-30.0
-4.0	-68.0	-30.0
16.0	70.0	12.0
-4.0	30.0	-6.0
-32.0	-52.0	-26.0
-6.0	-56.0	-32.0
4.0	48.0	2.0
10.0	-58.0	-34.0
28.0	-6.0	-12.0
46.0	-50.0	-34.0
32.0	-50.0	-26.0
58.0	-66.0	20.0
8.0	52.0	44.0
0.0	-94.0	16.0
12.0	46.0	-22.0
-12.0	-50.0	-24.0
48.0	18.0	42.0
-2.0	-18.0	-4.0
24.0	-22.0	-14.0
-8.0	-36.0	-22.0
32.0	34.0	24.0
-28.0	30.0	24.0
20.0	-34.0	-46.0

// Minamoto T, 2012: PMID 22093949-1
// Subjects=20
-38.0	31.0	6.0
38.0	-71.0	26.0
-42.0	43.0	2.0
34.0	-87.0	6.0
18.0	-91.0	6.0
-22.0	-39.0	-5.0
-22.0	2.0	-3.0
12.0	-34.0	-20.0
12.0	-67.0	-19.0
28.0	-59.0	-12.0
-40.0	-79.0	21.0
12.0	3.0	68.0
-34.0	-2.0	42.0
-63.0	-32.0	24.0
59.0	-53.0	23.0
-26.0	-48.0	48.0
-61.0	-50.0	14.0
-46.0	-61.0	20.0
2.0	-13.0	43.0
26.0	-58.0	51.0
-6.0	-1.0	57.0
8.0	-47.0	63.0
46.0	1.0	26.0
30.0	8.0	51.0
53.0	19.0	23.0
6.0	-38.0	7.0
-28.0	-79.0	-23.0
20.0	-83.0	-23.0
-20.0	-28.0	-7.0
-4.0	-43.0	28.0
-28.0	57.0	6.0
-18.0	-68.0	29.0
0.0	-72.0	42.0
-38.0	-66.0	-3.0
51.0	-61.0	33.0
2.0	-48.0	41.0
-12.0	-14.0	67.0
-12.0	-24.0	68.0
4.0	-21.0	43.0
38.0	-29.0	5.0
-44.0	-56.0	-1.0
-12.0	10.0	12.0
-22.0	14.0	10.0
26.0	-33.0	-3.0
-16.0	-40.0	63.0
-8.0	-34.0	-13.0
14.0	-14.0	65.0
46.0	-51.0	-14.0
14.0	20.0	49.0
34.0	-54.0	54.0
-18.0	22.0	50.0
-22.0	55.0	16.0
24.0	57.0	17.0
46.0	16.0	-23.0
-8.0	-16.0	71.0

// Berns GS, 2012: PMID 22100418-1
// Subjects=20
30.0	-78.0	14.0
24.0	-27.0	-7.0
-9.0	21.0	7.0
18.0	-36.0	35.0
-3.0	-15.0	11.0
-24.0	30.0	11.0
6.0	3.0	-11.0

// Dew IT, 2012: PMID 22114083-1
// Subjects=20
-26.0	-8.0	-19.0
19.0	4.0	-11.0
19.0	0.0	-19.0
-19.0	-26.0	15.0
-11.0	8.0	-19.0
0.0	-90.0	11.0
45.0	0.0	53.0
23.0	-79.0	42.0
-11.0	-75.0	53.0
30.0	-41.0	-23.0
-15.0	0.0	4.0
30.0	53.0	11.0
-23.0	-30.0	0.0
8.0	8.0	4.0
0.0	-71.0	-11.0
-34.0	15.0	4.0
-49.0	-4.0	-34.0
-45.0	-56.0	-23.0
34.0	-11.0	-19.0
30.0	-64.0	57.0
-34.0	-15.0	-23.0
-19.0	-8.0	-15.0
49.0	-23.0	27.0
-34.0	-56.0	-15.0
49.0	-23.0	27.0
-30.0	15.0	34.0
-23.0	30.0	34.0
-49.0	-4.0	-34.0
-34.0	-15.0	-23.0
-23.0	49.0	8.0
23.0	-53.0	53.0
41.0	-23.0	53.0
-30.0	-11.0	46.0
34.0	-53.0	-30.0
-38.0	-45.0	0.0
56.0	-34.0	19.0
15.0	53.0	19.0
19.0	56.0	8.0
-4.0	-23.0	0.0
49.0	19.0	-11.0
53.0	26.0	-8.0
56.0	19.0	-4.0
64.0	-11.0	34.0
38.0	-15.0	49.0
-38.0	-45.0	0.0
-30.0	15.0	34.0

// Zweynert S, 2011: PMID 22125521-1
// Subjects=20
9.0	-16.0	-2.0
24.0	11.0	4.0
15.0	11.0	-2.0
-21.0	2.0	-2.0
18.0	8.0	10.0
6.0	-28.0	-11.0
-3.0	-22.0	1.0
12.0	32.0	-5.0
-15.0	53.0	31.0
-24.0	32.0	43.0
-30.0	29.0	-17.0
-45.0	32.0	4.0
-48.0	11.0	25.0
48.0	35.0	13.0
0.0	59.0	-8.0
-3.0	44.0	10.0
-15.0	14.0	-2.0
-27.0	20.0	40.0
-15.0	-43.0	37.0
-24.0	-13.0	-14.0
27.0	32.0	-14.0
-57.0	-55.0	-11.0
-9.0	-55.0	7.0
9.0	-52.0	7.0
-24.0	-43.0	-14.0
24.0	-7.0	-17.0
30.0	-37.0	-14.0
24.0	-19.0	-20.0
-45.0	-76.0	16.0
42.0	-76.0	22.0
-3.0	-37.0	40.0
24.0	-10.0	-17.0
-39.0	-4.0	13.0
39.0	-4.0	7.0
51.0	-25.0	49.0
21.0	-79.0	43.0
-33.0	-82.0	28.0
21.0	-10.0	-23.0
0.0	17.0	46.0
-48.0	-70.0	-14.0
0.0	20.0	34.0
48.0	-61.0	-14.0

// Linnman C, 2012: PMID 22197740-1
// Subjects=20
20.0	7.0	-1.0
1.0	-26.0	-29.0
0.0	-28.0	-12.0
1.0	-38.0	-16.0
-3.0	-38.0	-6.0
1.0	-25.0	-12.0
1.0	-29.0	-10.0
-1.0	-33.0	-15.0
0.0	-29.0	-10.0
1.0	-29.0	-12.0
0.0	-26.0	9.0
-5.0	10.0	44.0
1.0	34.0	24.0
7.0	19.0	31.0
-35.0	27.0	-15.0
12.0	7.0	44.0
29.0	-10.0	-22.0
-28.0	-1.0	-17.0
1.0	-29.0	-11.0

// van Tol MJ, 2012: PMID 22206877-1
// Subjects=20
33.0	-24.0	-9.0
33.0	-21.0	-12.0
-36.0	12.0	-15.0
-3.0	3.0	39.0
33.0	-18.0	-12.0
33.0	-9.0	-18.0

// Weise CM, 2012: PMID 22206963-1
// Subjects=20
-10.0	-58.0	-21.0
-3.0	2.0	9.0
6.0	4.0	9.0
-39.0	-40.0	-15.0
-8.0	2.0	1.0
10.0	4.0	1.0
-45.0	-58.0	-2.0
15.0	33.0	28.0
32.0	-76.0	-16.0
2.0	28.0	-24.0
26.0	22.0	42.0
-6.0	-64.0	-20.0
6.0	38.0	-24.0
4.0	-60.0	-20.0
32.0	-40.0	-28.0
56.0	-46.0	-28.0
48.0	-36.0	-28.0
30.0	-88.0	-14.0
4.0	33.0	24.0
-3.0	-24.0	12.0
42.0	-86.0	-14.0
44.0	8.0	25.0
8.0	50.0	-8.0
20.0	-84.0	-12.0
-38.0	-60.0	-18.0
-30.0	-62.0	-16.0
-42.0	-54.0	-24.0
6.0	56.0	-8.0
6.0	48.0	-14.0
-44.0	10.0	-36.0
34.0	-10.0	-18.0
26.0	-10.0	-22.0
32.0	-6.0	-28.0
18.0	-34.0	-30.0
50.0	-42.0	-12.0
40.0	-40.0	-30.0
36.0	-80.0	-14.0
44.0	-52.0	-18.0
-24.0	-42.0	-26.0
-36.0	-54.0	-20.0
-42.0	-40.0	-24.0
56.0	-58.0	-24.0
38.0	-62.0	-22.0
2.0	60.0	-12.0
16.0	-66.0	-20.0
32.0	-44.0	-28.0

// Niv Y, 2012: PMID 22238090-1
// Subjects=20
21.0	-12.0	24.0
-29.0	-78.0	-36.0
-15.0	36.0	-18.0
24.0	-36.0	3.0
-15.0	6.0	-15.0

// Dumas JA, 2012: PMID 22266175-1
// Subjects=20
-13.0	57.6	-2.1
66.5	-44.7	2.3
0.5	-11.6	50.4
58.1	-32.7	34.8
-2.7	-53.9	40.6
6.9	-53.9	40.5
52.3	39.3	2.1
20.8	-65.2	30.2
9.8	-17.2	5.1
16.2	23.3	19.4
-38.0	-35.1	39.5
52.7	-36.0	19.5
-46.0	-2.7	-8.9
14.9	-7.3	-18.1
13.3	-29.9	47.4
-11.9	54.5	-1.8
41.5	8.5	-23.1

// O'Connell RG, 2012: PMID 22277263-1
// Subjects=20
-16.0	-66.0	-36.0
-8.0	-72.0	-6.0
-30.0	16.0	2.0
-4.0	-2.0	52.0
-42.0	-4.0	4.0
-34.0	32.0	16.0
-48.0	-24.0	46.0
22.0	-82.0	16.0
10.0	-74.0	-6.0
-28.0	10.0	34.0
12.0	-56.0	8.0
40.0	-4.0	14.0
46.0	-44.0	48.0
16.0	-60.0	6.0
34.0	-52.0	38.0
-28.0	10.0	34.0
16.0	-60.0	6.0
12.0	-56.0	8.0
26.0	-32.0	-10.0
34.0	-46.0	28.0
-42.0	-12.0	-10.0
2.0	-48.0	-24.0
34.0	8.0	-4.0
40.0	-4.0	-14.0
32.0	46.0	-2.0
-36.0	18.0	24.0
32.0	10.0	46.0
-20.0	14.0	4.0
28.0	-18.0	-6.0
-30.0	4.0	-26.0
-42.0	-4.0	-8.0
26.0	-28.0	-6.0
14.0	-12.0	44.0

// Santi A, 2012: PMID 22285904-1
// Subjects=20
23.5	-18.8	-17.3
27.8	1.8	2.1
-23.4	1.7	5.0
-48.2	41.6	-0.3
-33.3	36.1	-16.8
41.6	-0.9	-21.2
12.7	28.2	-13.3
26.7	53.6	11.2
-44.4	-40.6	37.8
-53.5	-2.3	-16.6
-57.7	9.3	-4.2
-53.5	-12.8	-14.6
32.0	36.5	-4.2
-41.3	4.3	39.5
-51.0	7.2	37.2
-42.8	48.7	9.1

// Rossion B, 2012: PMID 22330606-1
// Subjects=20
-23.6	-5.0	-13.4
-39.3	-78.4	-10.4
-38.4	-44.9	-18.8
0.9	44.1	-13.4
9.7	-28.3	-0.7
22.4	-5.8	-13.9
35.3	-23.5	-9.2
30.8	-5.2	-34.1
-8.2	-75.5	10.2
50.5	-40.0	9.9
39.6	-60.2	-16.2
-11.8	-70.0	-42.7
43.9	-46.5	-18.5
27.6	-1.1	-35.5
52.6	-48.6	8.3
21.3	-5.8	-13.9
46.2	4.3	33.0
4.7	9.9	53.0
6.5	-26.4	-3.0
13.0	-11.4	11.2
2.3	-10.6	9.1
24.7	-23.2	-4.6
-20.0	-95.2	-9.2
-6.0	-99.5	2.1
-21.4	-5.0	-13.4
28.1	-92.6	-7.8
51.7	-57.5	16.9
-7.4	-25.7	-7.4
12.1	-70.1	9.5
-2.1	-64.4	-25.4
0.1	-9.9	4.6
2.3	-15.1	5.0
7.6	-29.4	-0.6
34.3	-23.4	-8.1
37.6	9.1	26.0
44.2	-53.2	17.7
30.8	-1.1	-35.6
22.4	-5.8	-13.9
-21.4	-6.2	-14.5
52.6	-48.5	9.4
32.3	-88.5	-10.4
37.7	6.4	32.9
-7.1	-76.5	10.2
10.7	-23.5	-7.8
-1.0	-60.0	-24.7
-43.7	-52.4	-18.1
41.7	-45.5	-19.7
20.3	-7.0	-14.9
3.0	44.1	-13.4
3.8	-57.0	41.9
-18.2	-7.0	-11.6
-36.1	7.8	30.3
-29.1	1.0	-31.7
-45.7	-49.0	11.7
-30.8	-89.0	-10.8
-40.6	-43.1	-22.3
-22.4	-22.6	-6.4

// Holsen LM, 2012: PMID 22395084-1
// Subjects=20
-30.0	29.0	-5.0
0.0	-7.0	-17.0
12.0	-37.0	7.0
42.0	-19.0	-14.0
-12.0	-37.0	4.0
-27.0	20.0	-17.0
-27.0	32.0	-23.0
33.0	-19.0	-20.0
-48.0	17.0	-5.0
6.0	56.0	16.0
6.0	8.0	49.0
0.0	11.0	-2.0
42.0	53.0	-8.0
54.0	38.0	-5.0
-3.0	20.0	43.0
-42.0	47.0	-17.0
-15.0	-7.0	-17.0

// Klumpp H, 2012: PMID 22425719-1
// Subjects=20
50.0	48.0	4.0
18.0	30.0	62.0
36.0	-10.0	70.0
28.0	-98.0	-2.0
-42.0	-46.0	-16.0
-26.0	36.0	-16.0
-28.0	2.0	70.0
-54.0	28.0	28.0
42.0	-72.0	8.0
-60.0	-28.0	0.0
62.0	-46.0	-6.0
-2.0	18.0	50.0
40.0	-52.0	-50.0
16.0	-60.0	52.0
58.0	-26.0	32.0
-60.0	-44.0	34.0
-30.0	-56.0	36.0
6.0	30.0	-6.0
24.0	24.0	24.0
44.0	-80.0	38.0
-18.0	12.0	44.0
24.0	-10.0	-18.0

// Crespo-Garcia M, 2012: PMID 22450299-1
// Subjects=20
35.0	-13.0	-22.0
45.0	-43.0	28.0
-65.0	-48.0	23.0
20.0	-33.0	-7.0
-5.0	2.0	58.0
20.0	-18.0	63.0
-35.0	37.0	-17.0
-25.0	-53.0	73.0
20.0	-28.0	63.0
65.0	7.0	33.0
-10.0	-78.0	53.0
35.0	-48.0	-7.0
65.0	2.0	28.0
5.0	-63.0	43.0
-25.0	37.0	-22.0
-40.0	-23.0	-22.0
-25.0	37.0	-22.0
-50.0	52.0	3.0
-35.0	32.0	48.0
35.0	22.0	-17.0
-35.0	47.0	-2.0
-25.0	-58.0	63.0
-35.0	32.0	48.0
55.0	-68.0	18.0
25.0	-33.0	-17.0
-10.0	2.0	48.0
-5.0	7.0	53.0

// Ferri F, 2012: PMID 22452562-1
// Subjects=20
-27.0	-33.0	48.0
-3.0	3.0	57.0
9.0	3.0	51.0
-54.0	-3.0	48.0
27.0	-48.0	-30.0
51.0	-3.0	36.0
-9.0	-36.0	48.0
12.0	9.0	36.0
-21.0	-57.0	-9.0
42.0	-54.0	-15.0
27.0	-78.0	-15.0
-12.0	-75.0	12.0
15.0	-72.0	15.0
-27.0	-93.0	12.0
48.0	3.0	57.0
24.0	-51.0	-6.0
30.0	-12.0	-18.0
48.0	-72.0	3.0
60.0	9.0	21.0
30.0	-3.0	54.0
-27.0	24.0	-3.0
-42.0	0.0	33.0
42.0	21.0	-3.0
42.0	21.0	-3.0
-3.0	12.0	48.0
-36.0	-66.0	-21.0
-9.0	-93.0	-6.0
-9.0	-93.0	-6.0
-42.0	0.0	33.0
30.0	-3.0	54.0
-3.0	12.0	48.0
-24.0	-6.0	54.0
-24.0	-6.0	54.0
-36.0	-48.0	39.0
-36.0	-48.0	39.0
-12.0	-69.0	60.0
-27.0	24.0	-3.0
18.0	-72.0	57.0
18.0	-72.0	57.0
-12.0	-69.0	60.0

// Spielberg JM, 2012: PMID 22460723-1
// Subjects=20
-34.0	-38.0	-14.0
10.0	-58.0	13.0
-5.0	-44.0	30.0
51.0	24.0	-4.0
-3.0	53.0	32.0
-48.0	16.0	-25.0
-47.0	28.0	-7.0
11.0	15.0	4.0
-9.0	-42.0	6.0
-7.0	-4.0	1.0
55.0	-16.0	2.0
42.0	18.0	-35.0
42.0	-24.0	56.0
-3.0	55.0	11.0
-26.0	7.0	1.0
-64.0	-15.0	5.0
-2.0	44.0	14.0
1.0	-50.0	17.0
-32.0	30.0	42.0
-2.0	-30.0	40.0
29.0	-4.0	6.0
46.0	11.0	42.0
-1.0	-3.0	28.0
20.0	-11.0	-17.0
30.0	-6.0	2.0
-32.0	31.0	44.0
46.0	14.0	39.0
-30.0	42.0	34.0
15.0	20.0	4.0

// Stern ER, 2013: PMID 22461182-1
// Subjects=20
36.0	24.0	-30.0
27.0	-9.0	-24.0
9.0	33.0	-21.0
24.0	3.0	-21.0
-18.0	12.0	-18.0
-54.0	-42.0	18.0
36.0	-72.0	48.0
-60.0	-9.0	-27.0
57.0	-27.0	-21.0
33.0	15.0	-12.0

// Ohta H, 2012: PMID 22465842-1
// Subjects=20
-26.0	-28.0	-6.0
26.0	-26.0	-6.0
-22.0	-76.0	40.0
-29.0	-57.0	54.0
-18.0	-76.0	40.0
-50.0	-46.0	58.0
-50.0	-76.0	30.0
-38.0	-52.0	50.0
32.0	-2.0	50.0
32.0	-70.0	36.0
-2.0	14.0	54.0
-2.0	-46.0	-18.0
-48.0	-56.0	-12.0
30.0	4.0	56.0
16.0	-92.0	-6.0
-4.0	-62.0	58.0
-28.0	-62.0	40.0
40.0	-10.0	12.0
16.0	-88.0	30.0
48.0	2.0	-24.0
58.0	-4.0	4.0
26.0	-18.0	-18.0
-60.0	-2.0	-20.0
-64.0	-26.0	14.0
-40.0	-4.0	-14.0
-22.0	6.0	-24.0
-44.0	-72.0	8.0
10.0	-16.0	48.0
54.0	-14.0	58.0
-6.0	-54.0	26.0
-14.0	54.0	38.0
24.0	-52.0	40.0
-42.0	16.0	28.0
-46.0	36.0	34.0
-23.0	-66.0	54.0
40.0	-43.0	47.0
-28.0	-61.0	56.0
39.0	-38.0	57.0
-27.0	-59.0	52.0
-27.0	-63.0	47.0
40.0	-47.0	52.0
-22.0	-66.0	51.0
-27.0	-72.0	48.0
-30.0	-63.0	51.0
35.0	-35.0	53.0
-27.0	-63.0	46.0
34.0	-51.0	46.0
-26.0	-61.0	50.0
39.0	-44.0	54.0
34.0	-43.0	45.0
37.0	-42.0	52.0
33.0	-47.0	52.0
38.0	-43.0	52.0
-26.0	-61.0	55.0
50.0	-10.0	12.0
-31.0	-64.0	47.0
40.0	-34.0	50.0
-29.0	-68.0	48.0
36.0	-50.0	46.0
-29.0	-68.0	52.0
-30.0	-57.0	52.0
-26.0	-62.0	53.0
35.0	-42.0	52.0
-29.0	-61.0	52.0
38.0	-36.0	51.0
-27.0	-57.0	53.0
-4.0	54.0	-4.0
37.0	-40.0	51.0
-6.0	-62.0	24.0
37.0	-42.0	51.0
35.0	-44.0	50.0
39.0	-38.0	51.0
34.0	-44.0	51.0
-27.0	-73.0	46.0
37.0	-45.0	46.0
-24.0	-61.0	50.0
37.0	-38.0	50.0
-31.0	-65.0	50.0
-25.0	-68.0	50.0
-22.0	-60.0	52.0
36.0	-42.0	47.0
-27.0	-65.0	51.0
36.0	-48.0	50.0
-25.0	-60.0	54.0
39.0	-37.0	55.0
-25.0	-59.0	43.0
31.0	-40.0	48.0
-29.0	-57.0	48.0
37.0	-41.0	43.0
-31.0	-61.0	50.0
38.0	-40.0	52.0
-32.0	-58.0	55.0
38.0	-39.0	57.0
-26.0	-65.0	48.0
36.0	-44.0	48.0
-27.0	-54.0	56.0
33.0	-39.0	49.0
36.0	-41.0	52.0
-30.0	-68.0	52.0
32.0	-45.0	50.0
-24.0	-60.0	55.0
39.0	-35.0	53.0
-25.0	-61.0	56.0
36.0	-46.0	53.0
-22.0	-62.0	53.0
38.0	-48.0	46.0
43.0	-43.0	52.0
39.0	-44.0	48.0
-27.0	-65.0	51.0
40.0	-47.0	53.0
-22.0	-62.0	55.0
-32.0	-66.0	53.0
32.0	-38.0	56.0
40.0	-42.0	49.0
-30.0	-61.0	51.0
-24.0	-59.0	55.0
35.0	-35.0	51.0
-25.0	-52.0	58.0
35.0	-37.0	54.0
-30.0	-64.0	49.0
37.0	-39.0	49.0
39.0	-38.0	52.0
-31.0	-58.0	53.0
-27.0	-61.0	47.0
32.0	-38.0	54.0
-10.0	-84.0	32.0
-26.0	-63.0	53.0
-30.0	-50.0	52.0
36.0	-37.0	52.0
-33.0	-70.0	53.0
38.0	-37.0	46.0
-29.0	-62.0	50.0
38.0	-36.0	47.0
-29.0	-56.0	47.0
-50.0	-64.0	-10.0
-36.0	-70.0	-8.0
44.0	-52.0	-12.0
-40.0	-66.0	14.0
-20.0	-80.0	22.0
20.0	-86.0	34.0
-6.0	-86.0	26.0
37.0	-40.0	46.0

// Chan YC, 2012: PMID 22472220-1
// Subjects=20
33.0	27.0	1.0
-15.0	8.0	-2.0
-42.0	11.0	25.0
-54.0	35.0	13.0
-18.0	-19.0	-20.0
-6.0	47.0	-11.0
-33.0	-4.0	-23.0
24.0	-7.0	-26.0
21.0	-10.0	-23.0
-6.0	5.0	67.0

// Gagnon L, 2012: PMID 22483742-1
// Subjects=20
-18.0	-79.0	25.0
-9.0	-72.0	39.0
24.0	-87.0	12.0
24.0	-87.0	12.0
24.0	-85.0	13.0
24.0	-85.0	13.0
-21.0	-78.0	21.0
-18.0	-78.0	21.0
-18.0	-79.0	21.0
24.0	-85.0	12.0
-3.0	-79.0	7.0
-12.0	-76.0	-9.0
-3.0	-79.0	3.0
-3.0	-79.0	7.0
36.0	-84.0	3.0
33.0	-84.0	3.0
33.0	-82.0	3.0
33.0	-82.0	4.0
33.0	-82.0	4.0
-12.0	-75.0	-9.0
0.0	-78.0	3.0
-3.0	-78.0	3.0
-12.0	-76.0	-11.0
-18.0	-58.0	58.0
45.0	-48.0	51.0
21.0	-64.0	52.0
21.0	-64.0	52.0
21.0	-64.0	54.0
21.0	-63.0	54.0
42.0	-49.0	49.0
18.0	-63.0	54.0
-18.0	-57.0	54.0
42.0	-49.0	49.0
42.0	-49.0	51.0
42.0	-48.0	51.0
-18.0	-79.0	25.0
-18.0	-57.0	54.0
-18.0	-58.0	54.0
9.0	-70.0	43.0
-18.0	-58.0	58.0
9.0	-72.0	39.0
12.0	-72.0	39.0
12.0	-70.0	40.0
12.0	-70.0	40.0
9.0	-70.0	40.0
9.0	-70.0	40.0
-12.0	-76.0	-11.0
-12.0	-75.0	-9.0
-9.0	-72.0	39.0
-6.0	3.0	3.0
-9.0	-76.0	39.0
36.0	-43.0	-14.0
-9.0	-76.0	37.0
-9.0	-73.0	37.0
-9.0	-73.0	37.0
57.0	-45.0	-9.0
54.0	-45.0	-9.0
54.0	-46.0	-8.0
54.0	-46.0	-8.0
54.0	-54.0	-12.0
51.0	-54.0	-12.0
54.0	-46.0	-9.0
36.0	-42.0	-12.0
51.0	-55.0	-8.0
42.0	-51.0	-9.0
45.0	-51.0	-9.0
45.0	-52.0	-9.0
45.0	-52.0	-5.0
45.0	-52.0	-5.0
33.0	-42.0	-12.0
51.0	-55.0	-8.0
36.0	-43.0	-12.0
-9.0	-76.0	37.0
36.0	-43.0	-14.0
12.0	6.0	0.0
30.0	-25.0	-10.0
12.0	5.0	-2.0
30.0	-25.0	-10.0
30.0	-25.0	-8.0
30.0	-25.0	-8.0
34.0	-34.0	-2.0
33.0	-34.0	-2.0
33.0	-34.0	-2.0
33.0	-34.0	1.0
33.0	-34.0	1.0
9.0	-18.0	-6.0
12.0	-70.0	39.0
9.0	-16.0	-8.0
-9.0	2.0	1.0
24.0	-87.0	12.0
24.0	-85.0	13.0
-12.0	-75.0	-9.0
-12.0	-73.0	-5.0
42.0	-51.0	-9.0
45.0	-52.0	-5.0
33.0	-42.0	-12.0
36.0	-46.0	-11.0
-9.0	-76.0	37.0
32.0	-25.0	-10.0
51.0	-55.0	-12.0

// Bergmann HC, 2012: PMID 22484305-1
// Subjects=20
14.0	-42.0	-18.0
-40.0	-36.0	-12.0
-44.0	-54.0	-14.0
-42.0	-54.0	-4.0
-42.0	10.0	30.0
48.0	-54.0	-12.0
34.0	-68.0	34.0
24.0	-8.0	-20.0
36.0	-22.0	-22.0
50.0	-52.0	-12.0
56.0	34.0	18.0
36.0	-22.0	-22.0
32.0	-74.0	28.0
40.0	-44.0	-18.0
-40.0	-36.0	-12.0
-42.0	34.0	-10.0
40.0	-62.0	-14.0
56.0	34.0	12.0
-42.0	10.0	30.0
-42.0	4.0	42.0
48.0	-54.0	-12.0
34.0	-44.0	-18.0
26.0	-48.0	-16.0
-48.0	30.0	-2.0
26.0	-10.0	-20.0
-40.0	34.0	-12.0
-44.0	34.0	2.0
-50.0	30.0	-2.0
-42.0	34.0	2.0
-42.0	10.0	30.0

// Kjelvik G, 2012: PMID 22539820-1
// Subjects=20
7.0	24.0	36.0
-3.0	18.0	50.0
33.0	-70.0	-27.0
1.0	-55.0	-28.0
36.0	-56.0	-32.0
-22.0	-60.0	-25.0
-27.0	-70.0	-40.0
-14.0	-57.0	-19.0
-23.0	2.0	-10.0
-29.0	-62.0	-34.0
-35.0	16.0	-8.0
7.0	15.0	50.0
-18.0	-61.0	-21.0
-4.0	27.0	34.0
7.0	-24.0	-2.0
-31.0	23.0	-13.0
-11.0	11.0	36.0
20.0	-21.0	0.0
29.0	-5.0	-13.0
25.0	7.0	5.0
3.0	14.0	58.0
11.0	-15.0	0.0
29.0	4.0	-10.0
-7.0	-10.0	8.0
-47.0	7.0	43.0
-51.0	7.0	38.0
-49.0	-26.0	5.0
-46.0	25.0	27.0
-3.0	18.0	50.0
-29.0	-4.0	-15.0
-35.0	5.0	-7.0
4.0	37.0	21.0
-5.0	12.0	55.0
35.0	29.0	-5.0
25.0	-62.0	3.0
-17.0	-77.0	8.0
-31.0	21.0	-20.0
-40.0	-28.0	3.0
-51.0	9.0	-5.0
-26.0	-4.0	14.0
40.0	-14.0	16.0
-18.0	-15.0	11.0
-27.0	-47.0	-17.0
6.0	-66.0	-51.0
23.0	-38.0	-50.0
3.0	-49.0	-27.0
10.0	6.0	36.0
-60.0	-8.0	14.0
-41.0	23.0	-8.0
-63.0	-1.0	21.0
-7.0	1.0	56.0
35.0	-30.0	-7.0
-32.0	57.0	9.0
-15.0	-35.0	-12.0
-27.0	-7.0	-35.0
26.0	-33.0	-18.0
21.0	-5.0	-3.0
-50.0	1.0	-37.0
-27.0	-7.0	-35.0
26.0	-5.0	-1.0
22.0	2.0	61.0
21.0	-3.0	64.0
36.0	16.0	-3.0
47.0	11.0	-9.0
-8.0	-25.0	-19.0

// Abreu AM, 2012: PMID 22541026-1
// Subjects=20
48.0	44.0	8.0
52.0	12.0	12.0
-34.0	-38.0	44.0
40.0	-36.0	44.0
-16.0	-62.0	64.0
26.0	6.0	62.0
46.0	-38.0	60.0
16.0	-62.0	66.0
-34.0	-38.0	44.0
-60.0	-26.0	38.0
40.0	-46.0	60.0
-54.0	6.0	30.0
-10.0	-80.0	-28.0
-56.0	-64.0	-2.0
50.0	-78.0	12.0
62.0	-26.0	40.0
4.0	-4.0	32.0
-24.0	0.0	62.0
-30.0	-20.0	-4.0
52.0	-66.0	-4.0
64.0	-26.0	38.0
-58.0	10.0	26.0
-16.0	-62.0	62.0
-10.0	-50.0	-18.0
-22.0	0.0	-6.0
-24.0	0.0	58.0
-54.0	8.0	18.0
-54.0	6.0	38.0
38.0	54.0	-14.0
54.0	8.0	26.0
6.0	28.0	46.0
14.0	-68.0	60.0
38.0	20.0	0.0
-40.0	-46.0	60.0
26.0	-4.0	54.0
30.0	-22.0	-16.0
-36.0	18.0	-20.0
-40.0	-26.0	54.0
54.0	-4.0	0.0
-42.0	-6.0	4.0
-58.0	-30.0	38.0
32.0	-10.0	-4.0
10.0	54.0	-12.0
-34.0	-38.0	46.0
-10.0	54.0	-12.0
-46.0	-16.0	64.0
20.0	-48.0	-24.0
-26.0	-4.0	-6.0
20.0	-50.0	-26.0

// Stevens MC, 2012: PMID 22555821-1
// Subjects=20
0.0	-15.0	33.0
6.0	18.0	9.0
-9.0	-51.0	36.0
15.0	-60.0	15.0
-12.0	-90.0	-15.0
-6.0	-21.0	36.0
3.0	33.0	-9.0
63.0	-6.0	6.0
-57.0	-6.0	30.0
-24.0	12.0	-3.0
9.0	39.0	48.0
-30.0	-81.0	30.0
-42.0	-24.0	-15.0
-25.0	-49.0	-38.0
45.0	36.0	18.0
9.0	30.0	51.0
45.0	-18.0	51.0
3.0	-87.0	-3.0
-39.0	-18.0	51.0
3.0	-3.0	75.0
6.0	-72.0	24.0
9.0	-48.0	12.0
-63.0	-51.0	27.0
33.0	-48.0	54.0
15.0	6.0	0.0
36.0	-57.0	48.0
21.0	-93.0	15.0
12.0	-51.0	39.0
-27.0	3.0	-6.0
12.0	-84.0	21.0
-36.0	30.0	39.0
12.0	27.0	15.0
3.0	-81.0	27.0
0.0	-51.0	51.0
3.0	-75.0	-18.0
-3.0	-87.0	30.0
60.0	6.0	6.0
-3.0	24.0	48.0
-15.0	36.0	36.0
36.0	-3.0	-24.0
9.0	51.0	6.0
-6.0	-39.0	27.0
-21.0	-54.0	33.0
60.0	-45.0	-15.0
39.0	27.0	6.0
21.0	-60.0	9.0
-6.0	27.0	36.0
-6.0	12.0	-3.0
-30.0	-57.0	63.0
-33.0	45.0	-18.0
-30.0	-39.0	-9.0
27.0	-30.0	-24.0
-51.0	-12.0	45.0
9.0	30.0	27.0
21.0	-66.0	-6.0
15.0	-3.0	0.0
-42.0	-69.0	9.0
12.0	48.0	9.0
12.0	-60.0	36.0
3.0	-45.0	54.0
0.0	-75.0	54.0
21.0	15.0	47.0
37.0	-23.0	46.0
-21.0	-81.0	-9.0
18.0	-33.0	10.0
26.0	-59.0	33.0
-24.0	11.0	31.0
28.0	-22.0	1.0
28.0	-56.0	43.0
-12.0	-15.0	-33.0
-42.0	-75.0	-24.0
6.0	-42.0	66.0
-18.0	42.0	24.0
39.0	-69.0	3.0
36.0	-69.0	-21.0
9.0	-63.0	-18.0
15.0	-81.0	27.0
33.0	-52.0	-36.0
-20.0	-63.0	34.0
24.0	-47.0	35.0
-42.0	-49.0	32.0
36.0	-60.0	34.0
24.0	-21.0	62.0
-19.0	-3.0	60.0
-16.0	-20.0	64.0
-23.0	-36.0	57.0
24.0	-46.0	55.0
-54.0	-30.0	9.0
18.0	-58.0	-37.0
-36.0	-10.0	53.0
-3.0	33.0	15.0
27.0	-18.0	-18.0
-6.0	-21.0	0.0
-39.0	-60.0	24.0
3.0	30.0	24.0
12.0	6.0	75.0
-6.0	-48.0	9.0
-9.0	-9.0	-27.0
18.0	-57.0	12.0

// Pohlack ST, 2012: PMID 22560888-1
// Subjects=20
-30.0	-3.0	-18.0
-41.0	-61.0	-38.0
51.0	-51.0	42.0
-3.0	-78.0	6.0
44.0	48.0	-10.0
58.0	21.0	2.0
48.0	17.0	30.0
24.0	-10.0	-22.0
24.0	-7.0	-22.0
21.0	7.0	-6.0
-41.0	4.0	-10.0
-20.0	4.0	-6.0
34.0	21.0	-6.0
38.0	55.0	14.0
4.0	24.0	42.0

// Libby LA, 2012: PMID 22573677-1
// Subjects=20
60.0	4.0	4.0
38.0	60.0	-10.0
-6.0	16.0	-22.0
-40.0	-48.0	50.0
52.0	-48.0	28.0
-24.0	-12.0	-30.0
22.0	-4.0	-26.0
-56.0	-32.0	-24.0
64.0	-14.0	-28.0
-44.0	58.0	-18.0
-16.0	24.0	-20.0
40.0	-18.0	-28.0
-58.0	20.0	-2.0
54.0	38.0	2.0
-44.0	-36.0	52.0
-34.0	-20.0	54.0
-52.0	4.0	12.0
-64.0	-36.0	-10.0
-42.0	-14.0	-30.0
-66.0	-36.0	24.0
54.0	-2.0	-32.0
-34.0	-10.0	-32.0
54.0	18.0	12.0
30.0	-12.0	-36.0
-44.0	4.0	-42.0
66.0	-44.0	8.0
38.0	20.0	-40.0
-66.0	-36.0	24.0
60.0	-40.0	34.0
42.0	-46.0	42.0
-54.0	12.0	16.0
48.0	-36.0	44.0
28.0	-12.0	-24.0
54.0	-12.0	-30.0
18.0	58.0	24.0
-2.0	-60.0	34.0
54.0	-12.0	-30.0
56.0	26.0	-8.0
54.0	4.0	10.0
-24.0	60.0	24.0
-2.0	60.0	34.0
24.0	12.0	-24.0
8.0	22.0	-20.0
-38.0	-82.0	28.0
-62.0	-34.0	14.0
40.0	-14.0	-30.0
38.0	60.0	-12.0
34.0	22.0	-36.0
-56.0	6.0	18.0
56.0	26.0	-8.0
70.0	-38.0	-10.0
-20.0	-32.0	-2.0
16.0	-98.0	20.0
6.0	-58.0	14.0
-8.0	-58.0	-30.0
-14.0	-50.0	-6.0
18.0	-46.0	-4.0
-8.0	-50.0	14.0
8.0	-46.0	16.0
40.0	60.0	-2.0
-20.0	-30.0	-8.0
-2.0	-78.0	-2.0
-20.0	-30.0	-2.0
20.0	-30.0	-6.0
22.0	-46.0	0.0
22.0	-32.0	2.0
18.0	-68.0	24.0
-8.0	-50.0	14.0
8.0	-58.0	4.0
-40.0	-86.0	24.0
14.0	-72.0	8.0
-14.0	-60.0	18.0
14.0	-88.0	4.0
-12.0	-42.0	-8.0
22.0	-32.0	-8.0
-16.0	-96.0	22.0
10.0	-44.0	10.0
18.0	-36.0	0.0
-20.0	-34.0	0.0
22.0	-30.0	6.0
-12.0	-50.0	40.0
18.0	-52.0	36.0
-16.0	-52.0	-4.0
-4.0	-46.0	4.0
62.0	-10.0	16.0

// Soriano-Mas C, 2013: PMID 22576749-1
// Subjects=20
-3.0	27.0	-15.0
-5.0	-9.0	-10.0
-5.0	1.0	7.0
37.0	15.0	6.0
-1.0	32.0	39.0
40.0	11.0	-17.0
-1.0	42.0	27.0
-4.0	12.0	42.0
13.0	11.0	6.0
11.0	10.0	-9.0
17.0	-7.0	-11.0
44.0	-71.0	-30.0
3.0	-2.0	5.0
-16.0	0.0	-13.0
-19.0	-3.0	-15.0
-9.0	6.0	6.0
-9.0	9.0	-6.0
-1.0	25.0	-14.0
2.0	36.0	12.0
-32.0	-39.0	-21.0
-22.0	8.0	50.0
-12.0	3.0	9.0
-2.0	10.0	32.0
-5.0	-7.0	-10.0
14.0	15.0	10.0
49.0	2.0	20.0
-11.0	14.0	8.0
-3.0	26.0	24.0
22.0	15.0	-1.0
9.0	-12.0	4.0
-26.0	-64.0	-9.0
-26.0	-5.0	3.0
34.0	-8.0	-14.0
-25.0	-61.0	-11.0
-21.0	-36.0	-15.0
35.0	16.0	-4.0
-41.0	11.0	9.0
37.0	5.0	-5.0
14.0	9.0	11.0
49.0	0.0	20.0
-20.0	13.0	-3.0
-47.0	8.0	-24.0
-42.0	7.0	8.0
38.0	4.0	-25.0
33.0	-5.0	-7.0
26.0	-8.0	-19.0
32.0	-61.0	34.0
49.0	-65.0	-28.0
-48.0	28.0	-8.0
1.0	2.0	35.0
23.0	-43.0	-13.0
-49.0	7.0	-23.0
37.0	-58.0	33.0
-7.0	-17.0	1.0

// Maudoux A, 2012: PMID 22579727-1
// Subjects=20
1.0	62.8	8.5
-1.0	-3.7	1.8
52.6	-23.8	11.8
-51.1	-25.6	12.0
58.9	-8.3	6.0
-55.4	-10.0	7.4
44.0	25.5	31.2
-40.4	25.0	32.2
44.4	-66.7	36.7
-31.5	-68.2	37.7
0.1	32.4	14.4
-24.6	-23.9	-23.0
11.7	-0.3	-9.8
20.2	-7.3	-19.3
-17.2	-3.8	-25.9
-3.9	-48.4	29.0
17.6	-75.9	30.0
-11.2	-77.1	30.4
47.1	-5.4	2.5
-48.0	-5.7	8.1
-7.5	-0.5	-10.6
1.1	32.5	15.5
25.6	-22.3	-20.3

// Wessel JR, 2012: PMID 22649231-1
// Subjects=20
-55.0	21.0	0.0
0.0	25.0	41.0
-3.0	13.0	58.0
3.0	34.0	53.0
4.0	32.0	17.0
40.0	24.0	-8.0
31.0	19.0	-2.0
52.0	26.0	-1.0
50.0	26.0	19.0
47.0	7.0	39.0
35.0	23.0	-17.0
55.0	17.0	25.0
53.0	6.0	48.0
-34.0	26.0	-6.0
-38.0	27.0	18.0
-43.0	8.0	-10.0
-44.0	-41.0	44.0
-47.0	8.0	37.0
-58.0	29.0	17.0
39.0	-58.0	47.0
-41.0	-83.0	1.0
47.0	-45.0	45.0
58.0	-44.0	24.0
-35.0	-50.0	43.0
-33.0	-63.0	48.0
11.0	-73.0	7.0
-4.0	-70.0	9.0
-13.0	-3.0	7.0
-7.0	-19.0	8.0
6.0	-22.0	0.0
-7.0	-13.0	-2.0
6.0	-16.0	-13.0
7.0	-30.0	-6.0
23.0	-25.0	-8.0
-33.0	20.0	9.0
37.0	28.0	5.0
57.0	-49.0	36.0
-27.0	29.0	-20.0
-2.0	22.0	45.0
48.0	33.0	8.0
51.0	24.0	19.0
54.0	32.0	-3.0
43.0	12.0	26.0
27.0	32.0	-16.0
1.0	23.0	58.0
-29.0	-58.0	-8.0
53.0	7.0	46.0
-37.0	36.0	-18.0
-47.0	33.0	2.0
-40.0	12.0	31.0
-50.0	40.0	-12.0
-44.0	23.0	-2.0
-29.0	27.0	-5.0
-6.0	33.0	42.0
53.0	-53.0	8.0
22.0	-8.0	-19.0
-4.0	12.0	53.0
26.0	-23.0	-9.0
34.0	-16.0	-16.0
10.0	-29.0	2.0
-4.0	-28.0	1.0
31.0	-48.0	-12.0
36.0	-88.0	7.0
43.0	-76.0	-5.0
31.0	-67.0	45.0
33.0	-65.0	59.0
56.0	-60.0	-7.0
30.0	-72.0	-6.0
28.0	-35.0	-15.0
26.0	-58.0	-7.0
4.0	35.0	47.0
19.0	-31.0	-3.0
36.0	29.0	-9.0
-41.0	-56.0	-8.0
52.0	-64.0	21.0
-18.0	-31.0	-5.0
-35.0	-71.0	-5.0
-33.0	-52.0	48.0
-24.0	-47.0	-11.0
-56.0	-57.0	5.0
4.0	34.0	47.0
-48.0	21.0	0.0
-14.0	-28.0	-3.0
-2.0	22.0	45.0
50.0	26.0	19.0
49.0	9.0	34.0
36.0	27.0	-8.0
53.0	29.0	-2.0
54.0	8.0	48.0
30.0	28.0	2.0
36.0	11.0	-16.0
-4.0	12.0	53.0
-6.0	31.0	42.0
-33.0	-52.0	47.0
-53.0	-69.0	-4.0
-29.0	27.0	-5.0
-35.0	19.0	-2.0
-38.0	10.0	-13.0
-58.0	20.0	6.0
-46.0	8.0	37.0
-54.0	13.0	32.0
38.0	-57.0	50.0
-6.0	-13.0	-2.0
52.0	-30.0	-6.0
56.0	-48.0	17.0
67.0	-44.0	0.0
48.0	-43.0	37.0
67.0	-42.0	19.0
23.0	-25.0	-8.0
-42.0	24.0	18.0
6.0	-14.0	8.0
-30.0	-80.0	26.0
-2.0	-27.0	1.0
-11.0	6.0	5.0
13.0	-2.0	9.0
-6.0	-7.0	6.0
6.0	-8.0	-1.0
-12.0	-20.0	12.0
4.0	25.0	30.0
11.0	3.0	59.0
3.0	22.0	51.0
42.0	13.0	1.0
36.0	21.0	-17.0
31.0	-47.0	-12.0
39.0	-88.0	6.0
-9.0	7.0	43.0
22.0	-6.0	-20.0
33.0	-76.0	45.0
38.0	-19.0	-19.0
23.0	1.0	8.0
49.0	-56.0	-10.0
-40.0	-56.0	-8.0
8.0	-29.0	-4.0
-37.0	-92.0	1.0
-25.0	-37.0	-13.0
-45.0	-72.0	37.0
-37.0	37.0	-18.0
28.0	33.0	-16.0
4.0	34.0	-20.0
-47.0	33.0	3.0
-51.0	-73.0	-2.0
-15.0	31.0	-13.0
-19.0	36.0	50.0
-9.0	68.0	19.0
-34.0	22.0	55.0
-7.0	55.0	41.0
-29.0	-69.0	40.0
1.0	54.0	-15.0

// Farb NA, 2013: PMID 22689216-1
// Subjects=20
27.0	-51.0	12.0
-30.0	-42.0	-6.0
45.0	-24.0	24.0
-24.0	-51.0	6.0
-9.0	-24.0	21.0
-33.0	-6.0	15.0
-12.0	-60.0	15.0
15.0	-12.0	51.0
3.0	-81.0	-27.0
-48.0	15.0	21.0
45.0	-48.0	54.0
36.0	57.0	18.0
15.0	-21.0	51.0
0.0	18.0	63.0
39.0	24.0	0.0
-9.0	-48.0	-45.0
-42.0	-54.0	48.0
33.0	-6.0	15.0
18.0	-60.0	-48.0
-21.0	-18.0	21.0
27.0	-51.0	9.0
33.0	-36.0	-3.0
-30.0	-18.0	36.0
0.0	-42.0	-45.0
-3.0	27.0	51.0
-45.0	-54.0	51.0
-48.0	0.0	9.0
33.0	-57.0	54.0
-51.0	12.0	30.0
51.0	-9.0	3.0
51.0	-9.0	0.0
-21.0	-72.0	18.0
18.0	-48.0	6.0
39.0	-9.0	3.0
-12.0	-54.0	21.0
57.0	0.0	-39.0
0.0	-72.0	-33.0

// Beacher FD, 2012: PMID 22701630-1
// Subjects=20
-20.0	-88.0	-14.0
-54.0	-62.0	-14.0
-48.0	22.0	-14.0
-24.0	-34.0	13.0
22.0	-16.0	-16.0
-20.0	-80.0	-22.0
-42.0	-40.0	44.0
-34.0	-90.0	16.0
-34.0	-48.0	50.0
32.0	-60.0	48.0
-26.0	-70.0	34.0
-30.0	-2.0	56.0
-22.0	-60.0	46.0
-50.0	-54.0	-18.0
46.0	-82.0	-4.0
30.0	-90.0	16.0

// FeldmanHall O, 2012: PMID 22711879-1
// Subjects=20
-26.0	-2.0	-26.0
28.0	-8.0	-28.0
28.0	-64.0	-10.0
14.0	38.0	28.0

// Fareri DS, 2012: PMID 22745503-1
// Subjects=20
26.0	-5.0	6.0
20.0	-38.0	0.0
-13.0	7.0	0.0
11.0	1.0	-6.0
2.0	52.0	12.0
-46.0	-62.0	18.0
38.0	-59.0	24.0
53.0	-44.0	21.0
41.0	-65.0	18.0
-10.0	37.0	33.0
17.0	10.0	18.0
-4.0	-62.0	27.0
-10.0	40.0	12.0
-40.0	19.0	-3.0
-1.0	1.0	-3.0
29.0	22.0	-21.0
-16.0	10.0	6.0
-58.0	-5.0	-12.0
-61.0	-14.0	-12.0
23.0	10.0	-12.0
-34.0	10.0	-6.0
35.0	-53.0	-18.0
2.0	58.0	-3.0
-43.0	-44.0	-24.0
47.0	-23.0	-3.0
8.0	7.0	3.0
35.0	-53.0	12.0
50.0	-5.0	-15.0

// Skelly LR, 2012: PMID 22768287-1
// Subjects=20
40.0	-40.0	-24.0
40.0	-72.0	-12.0
-46.0	-80.0	-12.0
40.0	-76.0	-16.0
-38.0	-38.0	-26.0
44.0	-38.0	-26.0
-40.0	-34.0	-26.0
-48.0	38.0	-6.0
-50.0	26.0	26.0
64.0	-34.0	10.0
-22.0	-6.0	-20.0
-26.0	0.0	-22.0
24.0	-2.0	-22.0
48.0	28.0	18.0
-52.0	30.0	20.0
56.0	-38.0	2.0
-62.0	-54.0	12.0
-42.0	-82.0	-12.0
30.0	-2.0	-28.0
48.0	46.0	-8.0
60.0	26.0	14.0
28.0	20.0	-24.0
-40.0	20.0	-4.0
46.0	20.0	-6.0
-4.0	-28.0	-14.0
-16.0	-8.0	-14.0
-26.0	0.0	-22.0
-24.0	36.0	-12.0
-2.0	-34.0	-12.0
24.0	0.0	-24.0
-22.0	-2.0	-14.0
30.0	2.0	-24.0
20.0	-6.0	-24.0
-22.0	0.0	-24.0
26.0	-6.0	-24.0
-16.0	-6.0	-14.0
-20.0	-8.0	-16.0
22.0	-4.0	-26.0

// Barch DM, 2012: PMID 22770650-1
// Subjects=20
-30.0	-80.0	23.0
63.0	-27.0	19.0
-22.0	-49.0	51.0
22.0	-51.0	45.0
-19.0	-56.0	39.0
26.0	-75.0	27.0
-4.0	-37.0	-5.0
-52.0	-31.0	-28.0
-35.0	13.0	-10.0
35.0	-13.0	-14.0
27.0	-2.0	-21.0
-36.0	-9.0	-5.0
23.0	-15.0	-21.0
32.0	13.0	-12.0
-16.0	-22.0	-16.0

// Watanabe T, 2012: PMID 22787051-1
// Subjects=20
64.0	28.0	26.0
-54.0	38.0	12.0
-30.0	6.0	-40.0
30.0	-38.0	-4.0
46.0	-50.0	20.0
56.0	34.0	14.0
42.0	-50.0	-8.0
12.0	-70.0	38.0
38.0	46.0	20.0
-40.0	-68.0	36.0
38.0	-48.0	36.0
40.0	56.0	12.0
34.0	46.0	34.0

// Ruscheweyh R, 2013: PMID 22815223-1
// Subjects=20
40.0	8.0	16.0
50.0	8.0	4.0
18.0	30.0	44.0
40.0	8.0	16.0
40.0	8.0	16.0
-46.0	-18.0	16.0
-18.0	66.0	-2.0
-18.0	66.0	-2.0
-18.0	66.0	-2.0
-46.0	-18.0	16.0
-46.0	40.0	2.0
18.0	30.0	44.0
-52.0	20.0	32.0
48.0	32.0	-16.0
48.0	32.0	-16.0
-52.0	20.0	32.0
-62.0	2.0	10.0
-46.0	40.0	2.0
-46.0	40.0	2.0
50.0	8.0	4.0
2.0	54.0	38.0
2.0	54.0	38.0
-24.0	10.0	58.0
-62.0	2.0	10.0
14.0	-4.0	-14.0
-24.0	10.0	58.0
22.0	-78.0	-12.0
58.0	-46.0	16.0
14.0	-10.0	-20.0
14.0	-10.0	-20.0
-12.0	-90.0	-12.0
22.0	-78.0	-12.0
22.0	-78.0	-12.0
-12.0	-90.0	-12.0
-12.0	-90.0	-12.0
-42.0	-78.0	-16.0
8.0	-68.0	-18.0
58.0	-46.0	16.0
-4.0	90.0	12.0
14.0	-4.0	-14.0
-42.0	-78.0	-16.0
8.0	-68.0	-18.0
8.0	-68.0	-18.0
-18.0	-60.0	-62.0
-4.0	90.0	12.0
-2.0	-66.0	-18.0
-2.0	-66.0	-18.0
-2.0	-66.0	-18.0
-4.0	90.0	12.0
-18.0	-60.0	-62.0

// Frick C, 2012: PMID 22870240-1
// Subjects=20
45.0	29.0	1.0
42.0	8.0	4.0
-24.0	-46.0	58.0
9.0	-43.0	19.0
33.0	-55.0	16.0
-36.0	-19.0	7.0
-48.0	-16.0	40.0
39.0	-1.0	-2.0
3.0	11.0	49.0
30.0	-19.0	-17.0
-3.0	-61.0	22.0
60.0	11.0	-5.0
57.0	-67.0	7.0
57.0	11.0	-2.0
-42.0	5.0	-14.0
-42.0	29.0	-8.0
12.0	-16.0	52.0
-30.0	2.0	-23.0
57.0	-13.0	-11.0
48.0	-40.0	13.0
-12.0	41.0	34.0
-12.0	62.0	31.0
-24.0	-97.0	13.0
-45.0	14.0	-23.0
-51.0	-1.0	-23.0
33.0	-1.0	-29.0
-51.0	-46.0	22.0
12.0	50.0	13.0

// McAvoy M, 2012: PMID 22875902-1
// Subjects=20
-26.1	-32.2	62.5
-32.7	-4.4	50.2
-9.5	-17.1	8.6
38.9	-8.2	49.7
42.1	-4.0	49.3
-25.0	-30.9	64.6
-35.9	-4.7	46.9
34.8	-23.2	63.3
42.3	-18.8	63.9
13.0	-14.8	8.2
-10.5	-17.2	7.5
-47.8	-77.0	7.4
-0.7	-87.4	6.6
13.0	-13.9	7.0
10.0	-89.3	8.9
-48.8	-77.9	9.7
54.8	-74.4	4.9
28.9	-27.7	-8.8
10.0	-90.3	10.1
-25.6	-28.0	-7.0
27.9	-26.5	-6.6
-3.9	-85.2	7.6
53.8	-75.4	6.1
-26.6	-24.6	-5.0

// Jamadar S, 2013: PMID 22901696-1
// Subjects=20
24.0	-27.0	-3.0
21.0	-3.0	-18.0
24.0	36.0	-15.0
33.0	42.0	-12.0
48.0	39.0	-15.0
3.0	30.0	42.0
21.0	27.0	54.0
51.0	-33.0	57.0
57.0	21.0	9.0
48.0	15.0	0.0
6.0	24.0	51.0
9.0	33.0	33.0
15.0	30.0	21.0
45.0	18.0	-9.0
51.0	-6.0	24.0
42.0	42.0	12.0
21.0	-3.0	-18.0
33.0	24.0	-9.0
6.0	30.0	42.0
21.0	0.0	15.0
21.0	-30.0	-6.0
48.0	18.0	-15.0
63.0	-18.0	0.0
66.0	-27.0	-3.0
51.0	-60.0	-6.0
48.0	-39.0	45.0
15.0	-96.0	12.0
42.0	-87.0	0.0
45.0	-84.0	-3.0
9.0	-84.0	-6.0
39.0	-69.0	-24.0
42.0	-57.0	-27.0
21.0	39.0	-15.0
21.0	39.0	-15.0
24.0	0.0	57.0
24.0	0.0	57.0
51.0	-15.0	3.0
33.0	-15.0	-6.0
12.0	-66.0	48.0
6.0	30.0	42.0
39.0	0.0	45.0
39.0	0.0	45.0
48.0	15.0	30.0
45.0	42.0	21.0
36.0	51.0	-6.0
36.0	51.0	-6.0
36.0	30.0	-9.0
36.0	30.0	-9.0
39.0	24.0	12.0
39.0	24.0	12.0
48.0	15.0	30.0
48.0	3.0	12.0
9.0	21.0	48.0
9.0	21.0	48.0
12.0	24.0	33.0
12.0	24.0	33.0
39.0	21.0	0.0
48.0	-27.0	45.0
21.0	-27.0	-3.0
39.0	-48.0	42.0
39.0	-48.0	42.0
9.0	33.0	24.0
9.0	33.0	24.0
45.0	42.0	21.0
48.0	-27.0	45.0
12.0	9.0	12.0
12.0	9.0	12.0
24.0	3.0	6.0
24.0	3.0	6.0
12.0	-15.0	6.0
12.0	-15.0	6.0
9.0	-15.0	-9.0
9.0	-15.0	-9.0
6.0	-39.0	24.0
6.0	-39.0	24.0
24.0	-69.0	54.0
24.0	-69.0	54.0
12.0	-66.0	48.0
24.0	-27.0	-3.0
30.0	-3.0	-42.0
60.0	-33.0	15.0
24.0	-12.0	-27.0
33.0	42.0	39.0
21.0	3.0	-15.0
21.0	3.0	-15.0
51.0	12.0	-12.0
51.0	12.0	-12.0
-51.0	12.0	-9.0
-51.0	12.0	-9.0
48.0	-69.0	0.0
48.0	-69.0	0.0
48.0	-57.0	-9.0
48.0	-57.0	-9.0
-33.0	-30.0	12.0
-33.0	-30.0	12.0
15.0	-72.0	36.0
15.0	-72.0	36.0
24.0	-96.0	18.0
24.0	-96.0	18.0
36.0	-84.0	-9.0
36.0	-84.0	21.0
36.0	-84.0	21.0
24.0	-9.0	72.0
30.0	-48.0	-30.0
21.0	-87.0	-9.0
36.0	-54.0	-15.0
36.0	-54.0	-15.0
-30.0	-72.0	-30.0
-30.0	-72.0	-30.0
21.0	-48.0	-21.0
21.0	-48.0	-21.0
30.0	-48.0	-30.0
6.0	36.0	-18.0
6.0	36.0	-18.0
36.0	-84.0	-9.0
-6.0	51.0	0.0
-6.0	51.0	0.0
9.0	60.0	36.0
9.0	60.0	36.0
24.0	-9.0	72.0
21.0	-87.0	-9.0
30.0	-36.0	-12.0
33.0	42.0	39.0
9.0	-12.0	51.0
24.0	-12.0	-27.0
9.0	-12.0	45.0
63.0	-6.0	27.0
63.0	-6.0	27.0
-3.0	9.0	-9.0
-3.0	9.0	-9.0
54.0	-30.0	21.0
54.0	-30.0	21.0
6.0	-63.0	60.0
24.0	-45.0	69.0
24.0	-45.0	69.0
60.0	-30.0	30.0
60.0	-30.0	30.0
30.0	0.0	-24.0
30.0	0.0	-24.0
24.0	-15.0	-18.0
24.0	-15.0	-18.0
9.0	-12.0	51.0
9.0	-12.0	45.0
39.0	21.0	0.0
30.0	-36.0	-12.0
60.0	-33.0	15.0
60.0	-9.0	-18.0
42.0	6.0	-45.0
42.0	6.0	-45.0
51.0	-3.0	-33.0
51.0	-3.0	-33.0
12.0	-48.0	0.0
12.0	-48.0	0.0
51.0	-69.0	24.0
51.0	-69.0	24.0
6.0	-81.0	27.0
6.0	-81.0	27.0
-12.0	-66.0	-12.0
-12.0	-66.0	-12.0
24.0	36.0	-15.0
24.0	36.0	-15.0
27.0	51.0	-6.0
60.0	-9.0	-18.0
48.0	3.0	12.0
30.0	-9.0	-27.0
6.0	-63.0	60.0
21.0	24.0	0.0
18.0	6.0	60.0
36.0	48.0	3.0
36.0	48.0	3.0
42.0	24.0	3.0
42.0	24.0	3.0
45.0	18.0	0.0
27.0	-63.0	51.0
45.0	18.0	0.0
12.0	27.0	24.0
6.0	21.0	45.0
6.0	21.0	45.0
6.0	21.0	36.0
6.0	21.0	36.0
33.0	24.0	0.0
33.0	24.0	0.0
12.0	27.0	24.0
21.0	24.0	0.0
18.0	9.0	33.0
3.0	-30.0	27.0
18.0	9.0	33.0
12.0	-12.0	3.0
12.0	-12.0	3.0
12.0	-21.0	-9.0
12.0	-21.0	-9.0
33.0	-6.0	-12.0
33.0	-6.0	-12.0
24.0	-27.0	-3.0
63.0	-15.0	-21.0
24.0	-27.0	-3.0
33.0	-33.0	-15.0
27.0	24.0	51.0
45.0	3.0	30.0
45.0	3.0	30.0
51.0	-27.0	45.0
51.0	-27.0	45.0
3.0	-30.0	27.0
45.0	6.0	12.0
45.0	6.0	12.0
27.0	-63.0	51.0
33.0	-33.0	-15.0
15.0	-87.0	-6.0
66.0	-33.0	18.0
15.0	-87.0	-6.0
27.0	-63.0	45.0
27.0	-63.0	45.0
-36.0	-24.0	12.0
-36.0	-24.0	12.0
45.0	15.0	-21.0
66.0	-33.0	18.0
42.0	-66.0	3.0
33.0	-54.0	-18.0
21.0	-93.0	12.0
42.0	-66.0	3.0
33.0	-54.0	-18.0
21.0	-93.0	12.0
48.0	-54.0	-18.0
48.0	-54.0	-18.0
33.0	-57.0	-33.0
3.0	63.0	27.0
24.0	-93.0	12.0
3.0	33.0	-6.0
-12.0	-66.0	48.0
24.0	-93.0	12.0
33.0	-90.0	9.0
33.0	-90.0	9.0
42.0	-66.0	-15.0
42.0	-66.0	-15.0
33.0	-54.0	-24.0
33.0	-54.0	-24.0
33.0	-57.0	-33.0
-12.0	-66.0	48.0
15.0	-54.0	-24.0
15.0	-54.0	-24.0
6.0	-72.0	-33.0
6.0	-72.0	-33.0
3.0	42.0	-21.0
3.0	42.0	-21.0
3.0	33.0	-6.0
27.0	24.0	51.0
27.0	51.0	-6.0
45.0	-12.0	21.0
21.0	-30.0	-3.0
54.0	-15.0	-21.0
12.0	-12.0	51.0
33.0	42.0	39.0
33.0	42.0	39.0
48.0	-15.0	57.0
48.0	-15.0	57.0
12.0	-36.0	57.0
48.0	33.0	21.0
12.0	-36.0	57.0
57.0	-39.0	15.0
57.0	-39.0	15.0
39.0	18.0	-36.0
39.0	18.0	-36.0
54.0	-9.0	-15.0
54.0	-9.0	-15.0
42.0	9.0	-45.0
45.0	-12.0	21.0
27.0	-12.0	-27.0
15.0	18.0	48.0
36.0	24.0	-9.0
33.0	24.0	-9.0
27.0	-12.0	-27.0
30.0	-9.0	-27.0
6.0	-54.0	66.0
6.0	-54.0	66.0
45.0	-72.0	33.0
45.0	-72.0	33.0
12.0	-48.0	-3.0
12.0	-48.0	-3.0
-12.0	-87.0	39.0
-12.0	-87.0	39.0
48.0	-69.0	24.0
48.0	-69.0	24.0
6.0	-81.0	27.0
6.0	-81.0	27.0
24.0	57.0	-6.0
-30.0	51.0	-12.0
42.0	9.0	-45.0
54.0	-15.0	-21.0
9.0	27.0	42.0
36.0	27.0	9.0
48.0	9.0	27.0
24.0	-39.0	-6.0
9.0	33.0	24.0
9.0	21.0	36.0
6.0	18.0	51.0
33.0	24.0	0.0
48.0	3.0	12.0
48.0	9.0	30.0
45.0	-33.0	54.0
15.0	12.0	3.0
18.0	9.0	3.0
6.0	-12.0	-12.0
9.0	-15.0	-3.0
12.0	-12.0	-3.0
27.0	-66.0	51.0
18.0	-72.0	45.0
3.0	-30.0	27.0
-36.0	-27.0	12.0
12.0	-12.0	51.0
48.0	12.0	-15.0
51.0	-54.0	30.0
3.0	63.0	27.0
-48.0	-30.0	15.0
48.0	-69.0	0.0
42.0	-63.0	-6.0
24.0	-81.0	-12.0
27.0	-87.0	27.0
33.0	-90.0	9.0
39.0	-69.0	-12.0
18.0	-69.0	36.0
18.0	-87.0	-9.0
18.0	-51.0	-24.0
27.0	-48.0	-24.0
36.0	-51.0	-36.0
6.0	-75.0	-30.0
15.0	15.0	30.0
51.0	-66.0	-9.0
3.0	-63.0	39.0
18.0	6.0	60.0
42.0	-36.0	45.0
45.0	15.0	-21.0

// Hirshhorn M, 2012: PMID 22910274-1
// Subjects=20
36.3	-23.1	-18.2
27.0	30.8	46.6
-24.3	32.8	49.2
34.2	-28.0	-13.3
-1.2	52.3	-4.0
18.6	31.8	60.0
7.4	-52.6	-39.9
-39.0	-78.8	38.7
-26.7	-34.4	-21.0
-11.4	-96.7	-2.5
63.0	-5.8	-17.7
-2.9	-59.0	16.5
29.9	-15.8	-19.8
42.3	-73.8	41.8
-30.0	-18.5	-22.2
28.8	-25.2	-17.9
-34.8	-69.2	24.4
-63.1	-15.0	-15.5
-4.9	-36.0	39.2
-1.3	51.2	-17.3
67.5	-34.4	-2.0
65.0	2.1	-25.1
-69.5	-15.6	-22.0
57.2	-65.2	40.9
-56.2	-62.5	30.8
25.0	-62.5	23.2
-24.1	-5.1	54.6
-52.2	33.2	29.4
-26.7	31.6	7.0
31.0	-36.1	-21.5
-15.9	52.8	31.8
-28.9	6.5	-15.4
12.5	-76.8	60.2
-22.1	33.0	51.4

// Simmons AN, 2013: PMID 22910447-1
// Subjects=20
31.1	-32.7	-5.0
23.5	51.7	13.6
-2.1	44.9	11.1
35.0	8.2	-39.7
-40.7	42.6	-1.6
-9.1	-54.1	38.5
28.6	29.8	-21.4
-7.1	-5.6	46.7
-5.7	-44.0	73.3
35.4	8.1	13.8
-19.9	-71.8	17.8
-21.5	53.8	3.9
-40.4	-0.3	22.1
-5.0	-10.6	37.0
-48.1	29.1	4.1
-9.1	-65.9	37.3
-44.5	-54.3	25.5
1.3	-69.3	-7.2
-27.4	-13.8	38.7
-6.2	37.2	36.4

// Loitfelder M, 2012: PMID 22912754-1
// Subjects=20
-54.0	22.0	34.0
6.0	40.0	20.0
32.0	16.0	-18.0
16.0	16.0	12.0
-30.0	14.0	-18.0
0.0	-54.0	32.0
0.0	-18.0	36.0
-52.0	-66.0	28.0
-28.0	14.0	-16.0
62.0	-10.0	-18.0
-50.0	-62.0	28.0
34.0	-86.0	-30.0
58.0	-60.0	38.0
0.0	48.0	8.0
-2.0	58.0	14.0
48.0	4.0	-40.0
30.0	18.0	-20.0
26.0	44.0	50.0
16.0	18.0	12.0
32.0	-86.0	-34.0
54.0	-66.0	28.0
-24.0	-20.0	-22.0
30.0	-16.0	-24.0
-60.0	-10.0	-20.0
34.0	-26.0	-22.0
8.0	-50.0	-46.0
-4.0	-54.0	-42.0
34.0	-32.0	52.0
-52.0	-66.0	32.0
-6.0	-38.0	32.0
-10.0	0.0	12.0
-40.0	-54.0	42.0
4.0	58.0	-16.0
8.0	58.0	38.0
34.0	30.0	-22.0
-46.0	-6.0	-32.0
30.0	-82.0	-36.0
24.0	-10.0	-22.0
26.0	-16.0	-22.0
-8.0	-24.0	30.0
6.0	-22.0	-40.0
-14.0	-40.0	72.0
38.0	-30.0	-12.0
-50.0	-64.0	46.0
2.0	64.0	-10.0
42.0	-68.0	-42.0
-46.0	-50.0	-28.0
-36.0	-48.0	-30.0
-24.0	-40.0	-34.0
-56.0	-8.0	-22.0
-44.0	-64.0	30.0
62.0	14.0	8.0
20.0	14.0	16.0
22.0	-82.0	-38.0
8.0	-60.0	-48.0
-52.0	-62.0	46.0
10.0	56.0	-6.0
36.0	-54.0	-38.0
26.0	4.0	2.0
60.0	-2.0	-24.0
38.0	8.0	-4.0
30.0	-4.0	2.0
-26.0	-50.0	-30.0
30.0	14.0	-6.0
-4.0	-74.0	-20.0
-14.0	-58.0	-16.0
-20.0	-52.0	-16.0
30.0	-42.0	-24.0
26.0	-60.0	-28.0
20.0	-24.0	-20.0
34.0	-52.0	-26.0
-58.0	-12.0	-26.0
44.0	-70.0	-12.0
-20.0	-62.0	-22.0
-40.0	-48.0	-30.0
-26.0	-52.0	-30.0
28.0	-58.0	-30.0
24.0	-62.0	-20.0
54.0	34.0	30.0
-18.0	-96.0	-18.0

// Wang Z, 2012: PMID 22916152-1
// Subjects=20
-57.0	-67.0	13.0
60.0	5.0	16.0
-33.0	14.0	61.0
-48.0	-34.0	-2.0
-39.0	59.0	7.0
57.0	29.0	7.0
-30.0	-37.0	-23.0
-48.0	47.0	4.0
-15.0	23.0	64.0
12.0	-4.0	28.0
-42.0	-19.0	-17.0
-36.0	50.0	-14.0
42.0	-58.0	13.0
-60.0	-49.0	43.0
-54.0	5.0	-23.0
51.0	-64.0	-38.0
21.0	-55.0	-8.0
-12.0	20.0	-8.0
-33.0	20.0	58.0
-27.0	-49.0	-50.0
-36.0	-70.0	-41.0
-18.0	62.0	25.0
36.0	-40.0	-44.0
63.0	-1.0	31.0
-9.0	-91.0	-26.0
-48.0	11.0	-41.0
-36.0	-76.0	-17.0
-39.0	-13.0	-26.0
18.0	-10.0	-17.0
36.0	-70.0	-17.0
63.0	-31.0	-14.0
-3.0	-61.0	-17.0
-30.0	35.0	-14.0
66.0	-16.0	-5.0
-48.0	-67.0	-38.0
45.0	-85.0	4.0
54.0	-28.0	25.0
-51.0	-40.0	25.0
51.0	-43.0	55.0
33.0	-76.0	-50.0
-3.0	-70.0	-50.0
54.0	-28.0	43.0
-3.0	-28.0	52.0
42.0	-43.0	-32.0
66.0	-7.0	10.0
-24.0	-10.0	73.0
-36.0	-40.0	-41.0
21.0	-10.0	70.0
27.0	5.0	70.0
57.0	2.0	-29.0
24.0	-73.0	-17.0
27.0	-97.0	22.0
-42.0	-10.0	61.0
42.0	-58.0	58.0
-15.0	-28.0	76.0
6.0	-79.0	-11.0
51.0	-67.0	-32.0
0.0	53.0	-20.0
-12.0	11.0	-14.0
27.0	38.0	-5.0
45.0	-85.0	1.0
-57.0	29.0	7.0
21.0	62.0	-2.0
33.0	-91.0	25.0
-39.0	-79.0	-41.0
21.0	44.0	-2.0
30.0	-49.0	-35.0
-30.0	-55.0	67.0
42.0	-28.0	61.0
-15.0	2.0	-5.0
60.0	8.0	-20.0
24.0	-10.0	-35.0
66.0	-10.0	13.0
-36.0	-67.0	-41.0
51.0	-64.0	-35.0
36.0	-70.0	-20.0
21.0	-13.0	-17.0
57.0	8.0	-23.0
63.0	-31.0	-17.0
-6.0	-25.0	-11.0
-33.0	-73.0	-17.0
-18.0	29.0	34.0
-27.0	-43.0	28.0
-9.0	26.0	49.0
30.0	-19.0	1.0
-18.0	20.0	10.0
-36.0	-19.0	67.0
12.0	23.0	16.0
0.0	8.0	13.0
6.0	-22.0	7.0
-3.0	-70.0	-47.0
-18.0	-85.0	-35.0
42.0	-1.0	46.0
0.0	-70.0	-26.0
-57.0	-70.0	7.0
24.0	-73.0	-14.0
54.0	-46.0	4.0
-57.0	-10.0	7.0
63.0	-58.0	-8.0
66.0	-13.0	31.0
-54.0	8.0	28.0
-42.0	-52.0	-29.0
39.0	-25.0	61.0
30.0	2.0	67.0
-42.0	-7.0	61.0
-15.0	59.0	-8.0
33.0	-76.0	-50.0
-30.0	-7.0	70.0
-6.0	-1.0	-14.0
-54.0	-19.0	34.0
30.0	-55.0	52.0
-39.0	-40.0	61.0
24.0	-55.0	70.0
-15.0	-85.0	46.0
-27.0	-94.0	28.0
48.0	-67.0	-29.0
-36.0	-76.0	49.0
-60.0	-22.0	-26.0
-12.0	14.0	-14.0
30.0	35.0	-2.0
-15.0	29.0	46.0
3.0	32.0	61.0
-9.0	-22.0	67.0
36.0	-70.0	55.0
-66.0	-43.0	-5.0
21.0	-22.0	70.0
21.0	62.0	1.0
48.0	-82.0	-2.0
-54.0	-43.0	31.0
-3.0	-16.0	76.0
48.0	-52.0	34.0
39.0	-61.0	61.0
21.0	-10.0	-14.0
-33.0	-28.0	-26.0
-42.0	-79.0	13.0
-15.0	-25.0	-14.0
-21.0	-61.0	-23.0
12.0	-4.0	37.0
42.0	-1.0	46.0
6.0	-1.0	49.0
-15.0	-4.0	7.0
6.0	-19.0	-14.0
-3.0	-61.0	1.0
0.0	-10.0	55.0

// Jamadar S, 2013: PMID 22985694-1
// Subjects=20
-33.0	18.0	-6.0
51.0	15.0	30.0
21.0	-69.0	51.0
54.0	24.0	24.0
-42.0	27.0	24.0
-45.0	39.0	-6.0
-39.0	48.0	-6.0
39.0	15.0	42.0
-42.0	27.0	36.0
12.0	24.0	42.0
-18.0	39.0	39.0
18.0	54.0	-3.0
36.0	27.0	-12.0
-45.0	6.0	42.0
21.0	12.0	-3.0
-21.0	24.0	57.0
-18.0	12.0	0.0
12.0	15.0	3.0
9.0	-12.0	0.0
48.0	6.0	36.0
6.0	-45.0	24.0
-12.0	-9.0	3.0
6.0	-27.0	36.0
-3.0	-30.0	36.0
6.0	36.0	15.0
-6.0	36.0	21.0
6.0	18.0	48.0
-6.0	-39.0	30.0
30.0	15.0	-18.0
-6.0	12.0	3.0
-34.0	-66.0	50.0
-6.0	-69.0	42.0
-51.0	12.0	12.0
-54.0	-39.0	-6.0
-39.0	18.0	-36.0
60.0	-45.0	-12.0
-51.0	-51.0	-9.0
54.0	-42.0	-3.0
-57.0	-45.0	15.0
-48.0	-57.0	48.0
-15.0	-6.0	-15.0
27.0	-36.0	-6.0
-24.0	-12.0	-30.0
36.0	-63.0	42.0
34.0	12.0	-32.0
18.0	-4.0	-12.0
-40.0	-54.0	-18.0
-12.0	-66.0	24.0
-22.0	-70.0	34.0
27.0	-36.0	-18.0
-33.0	-69.0	33.0
39.0	-57.0	48.0
30.0	-60.0	-27.0
-27.0	-60.0	-30.0
6.0	-56.0	-18.0
-54.0	-45.0	48.0
27.0	-39.0	-27.0
-6.0	-51.0	-15.0
36.0	-72.0	36.0
9.0	-60.0	42.0
18.0	-66.0	33.0
27.0	-69.0	42.0
0.0	-54.0	-5.0

// Hayes SM, 2012: PMID 23077048-1
// Subjects=20
62.0	-30.0	30.0
22.0	4.0	-12.0
6.0	62.0	22.0
32.0	-20.0	-16.0
-22.0	-78.0	24.0
-12.0	-66.0	38.0
36.0	-54.0	50.0
-26.0	-38.0	-12.0
6.0	50.0	0.0
60.0	12.0	12.0
-56.0	6.0	14.0
42.0	34.0	36.0
38.0	34.0	4.0
50.0	-6.0	48.0
32.0	-82.0	16.0
-30.0	-24.0	56.0
-34.0	14.0	0.0
38.0	26.0	-14.0
8.0	18.0	24.0
38.0	38.0	12.0
30.0	0.0	-16.0
-6.0	-46.0	40.0
6.0	26.0	-14.0
-22.0	-32.0	-2.0
-4.0	26.0	18.0
12.0	46.0	36.0
-46.0	-72.0	36.0
-18.0	-54.0	6.0
6.0	-46.0	22.0
-8.0	-54.0	24.0
-6.0	48.0	36.0
-8.0	-78.0	-12.0
-4.0	66.0	4.0
-6.0	60.0	12.0
-24.0	18.0	38.0
36.0	-74.0	48.0
-32.0	-76.0	36.0
44.0	-54.0	16.0
46.0	-74.0	30.0
56.0	-6.0	-30.0
-58.0	-60.0	-14.0
-46.0	-52.0	4.0
6.0	-54.0	60.0
-4.0	48.0	-2.0
22.0	10.0	48.0
42.0	4.0	36.0
-12.0	22.0	52.0
-6.0	12.0	60.0
46.0	-40.0	26.0

// Bonath B, 2013: PMID 23085111-1
// Subjects=20
-18.0	-84.0	-32.0
-24.0	-40.0	8.0
32.0	-70.0	32.0
58.0	-44.0	24.0
-56.0	-58.0	-2.0
36.0	-64.0	-26.0
-62.0	-34.0	4.0
-54.0	-40.0	16.0
38.0	-24.0	-8.0
-36.0	-24.0	-6.0
28.0	52.0	4.0
-26.0	26.0	-8.0
50.0	38.0	0.0
16.0	8.0	22.0
-10.0	-32.0	4.0
-20.0	-74.0	2.0
-12.0	-66.0	20.0
-30.0	-82.0	30.0
-52.0	-48.0	14.0
-66.0	-24.0	10.0
-16.0	-62.0	-6.0
14.0	-34.0	2.0
38.0	42.0	-8.0
30.0	-42.0	-2.0
-44.0	28.0	20.0
-16.0	-80.0	-28.0
-6.0	-20.0	-4.0
22.0	42.0	-18.0
12.0	-74.0	-4.0
38.0	42.0	-2.0
-64.0	-34.0	4.0
26.0	54.0	4.0
-38.0	-32.0	8.0
-28.0	28.0	-2.0
-38.0	26.0	20.0
26.0	-70.0	0.0
38.0	24.0	-8.0
-54.0	-40.0	16.0
48.0	-52.0	-8.0
-30.0	-76.0	6.0
-34.0	26.0	-6.0
-52.0	-72.0	8.0
-52.0	-48.0	12.0
8.0	-22.0	-2.0
-12.0	-16.0	-4.0
48.0	-62.0	16.0
-8.0	-30.0	4.0
8.0	-22.0	-2.0
6.0	-30.0	2.0
42.0	-74.0	32.0
48.0	-72.0	10.0
-12.0	-74.0	-10.0
22.0	-32.0	-20.0
26.0	-18.0	-16.0
28.0	54.0	6.0
20.0	26.0	-16.0
40.0	22.0	-6.0
62.0	-44.0	24.0

// Giesbrecht B, 2013: PMID 23099047-1
// Subjects=20
63.0	18.0	27.0
-15.0	54.0	27.0
30.0	-18.0	-15.0
-15.0	-69.0	-15.0
36.0	-66.0	39.0
24.0	-33.0	45.0
-57.0	21.0	12.0
-21.0	-90.0	-18.0
18.0	-69.0	60.0
54.0	0.0	30.0
12.0	-90.0	3.0
-42.0	-75.0	-9.0
33.0	-54.0	63.0
-24.0	-42.0	57.0
9.0	-81.0	-15.0
-18.0	-90.0	3.0

// Ballesteros S, 2013: PMID 23102512-1
// Subjects=20
-42.0	9.0	27.0
-48.0	24.0	21.0
-39.0	30.0	12.0
-27.0	21.0	-3.0
33.0	-39.0	-18.0
45.0	-60.0	-6.0
-42.0	-45.0	-12.0
-45.0	-57.0	-9.0
45.0	9.0	30.0
-27.0	-72.0	30.0
54.0	12.0	39.0
45.0	6.0	33.0
-30.0	-72.0	27.0
-3.0	30.0	42.0
12.0	21.0	36.0
30.0	18.0	0.0
36.0	-36.0	-21.0
42.0	-48.0	-15.0
48.0	27.0	18.0
45.0	33.0	12.0
45.0	-78.0	-3.0
39.0	18.0	-3.0
-27.0	-36.0	-12.0
54.0	27.0	24.0
45.0	-60.0	-6.0
36.0	-18.0	-21.0
33.0	-75.0	21.0
30.0	-69.0	36.0
-30.0	-51.0	-15.0
-36.0	-84.0	9.0
-45.0	-60.0	-6.0
36.0	-36.0	-21.0
-30.0	-72.0	27.0
-24.0	-63.0	39.0
-45.0	6.0	30.0
-48.0	24.0	21.0
-27.0	27.0	-3.0
-36.0	30.0	18.0
-6.0	6.0	54.0
27.0	-15.0	-21.0
42.0	-54.0	-9.0
39.0	-81.0	18.0
45.0	33.0	15.0
36.0	-81.0	9.0
36.0	33.0	-12.0
33.0	33.0	-9.0
-3.0	45.0	39.0
-36.0	33.0	-12.0
-39.0	6.0	36.0
-48.0	30.0	21.0
36.0	-36.0	-21.0
-42.0	-45.0	-18.0
-45.0	-57.0	-9.0
39.0	-81.0	27.0
45.0	-54.0	-12.0
45.0	9.0	30.0
27.0	30.0	-3.0
-36.0	36.0	-15.0
-39.0	6.0	36.0
45.0	-60.0	-6.0
-30.0	-51.0	-15.0
-39.0	9.0	21.0
-24.0	-60.0	39.0
-42.0	-81.0	3.0
-27.0	-18.0	66.0
36.0	-36.0	21.0
-42.0	-6.0	30.0
-45.0	39.0	9.0
-39.0	-45.0	-15.0
33.0	6.0	24.0
45.0	-57.0	-3.0
30.0	-30.0	-18.0
24.0	-57.0	45.0
-27.0	24.0	-3.0
-27.0	0.4	-3.0
-39.0	0.5	33.0
-39.0	6.0	33.0
36.0	-36.0	21.0
27.0	33.0	21.0
27.0	-9.0	21.0
-45.0	0.3	9.0
-42.0	-45.0	-18.0
45.0	0.2	-12.0
-30.0	0.4	33.0
45.0	0.5	-12.0
-45.0	-57.0	-9.0
-45.0	0.4	-9.0
-30.0	-72.0	33.0
-42.0	-45.0	-18.0

// Archila-Suerte P, 2013: PMID 23123633-1
// Subjects=20
56.0	-38.0	50.0
34.0	-60.0	54.0
54.0	-4.0	46.0
60.0	-12.0	6.0
-46.0	-40.0	18.0
-50.0	-22.0	10.0
60.0	-10.0	4.0
-58.0	-10.0	2.0
-42.0	-44.0	42.0
62.0	-6.0	0.0
-58.0	-22.0	8.0
52.0	-2.0	-26.0
6.0	-30.0	70.0
-6.0	-14.0	6.0
-24.0	-64.0	52.0
34.0	-22.0	-18.0
24.0	-20.0	-18.0
4.0	-14.0	6.0
18.0	-4.0	-18.0
-38.0	16.0	48.0
32.0	30.0	50.0
-36.0	10.0	30.0
44.0	20.0	30.0
-52.0	-34.0	-6.0
20.0	2.0	32.0
50.0	0.0	18.0
4.0	-56.0	54.0
28.0	-54.0	50.0
36.0	-80.0	-4.0
52.0	6.0	-8.0
-44.0	-4.0	-28.0
34.0	0.0	50.0
50.0	-14.0	10.0
40.0	-34.0	-10.0
-18.0	-10.0	-8.0
-4.0	-70.0	-10.0
-18.0	-62.0	52.0
2.0	-44.0	-4.0
-46.0	-66.0	-6.0
-34.0	-6.0	56.0
42.0	10.0	-14.0
-42.0	6.0	2.0
-10.0	-8.0	-6.0
60.0	-20.0	24.0
10.0	-8.0	-4.0
-64.0	-44.0	4.0
-32.0	52.0	16.0
-22.0	-22.0	-38.0
32.0	-14.0	-20.0

// Jaeger A, 2012: PMID 23127796-1
// Subjects=20
-51.0	21.0	36.0
51.0	24.0	39.0
-36.0	51.0	0.0
42.0	57.0	0.0
-45.0	-57.0	42.0
45.0	-54.0	54.0
6.0	39.0	42.0
6.0	-24.0	39.0
6.0	30.0	15.0
15.0	42.0	-3.0
24.0	-33.0	-3.0
-51.0	21.0	-3.0
24.0	48.0	42.0

// Hubbard AL, 2012: PMID 23139906-1
// Subjects=20
-48.0	-68.0	24.0
0.0	34.0	-18.0
-6.0	-60.0	24.0
-60.0	-8.0	-2.0
64.0	-8.0	2.0
-4.0	56.0	12.0
58.0	0.0	-6.0
-40.0	26.0	-6.0
48.0	-26.0	8.0
-44.0	-26.0	4.0
-10.0	36.0	48.0
66.0	-20.0	10.0
0.0	38.0	-20.0
48.0	-62.0	2.0
14.0	-44.0	-38.0
-58.0	-18.0	6.0
-60.0	-6.0	0.0
46.0	-72.0	0.0
58.0	-16.0	6.0
-40.0	-48.0	-18.0
-60.0	-16.0	4.0
-52.0	-20.0	6.0
-56.0	-10.0	2.0
-48.0	-76.0	4.0
-28.0	-40.0	56.0
46.0	-74.0	-2.0
-2.0	56.0	12.0
-36.0	32.0	-12.0
56.0	10.0	-24.0
-4.0	-50.0	20.0
18.0	-98.0	8.0
36.0	-66.0	8.0
-44.0	34.0	-10.0
-46.0	-70.0	4.0
-4.0	58.0	24.0
58.0	-16.0	44.0
-58.0	-32.0	26.0
34.0	-32.0	42.0
-6.0	34.0	-20.0
42.0	-56.0	4.0
44.0	-74.0	-2.0
-50.0	-64.0	6.0
48.0	-72.0	-2.0
-52.0	-76.0	2.0
-50.0	-18.0	8.0
-6.0	46.0	-8.0
52.0	-8.0	-2.0
52.0	-4.0	-14.0
-46.0	22.0	16.0
52.0	-72.0	4.0
-50.0	-22.0	10.0
58.0	-6.0	-6.0
48.0	-74.0	-2.0
-34.0	-70.0	2.0
30.0	-90.0	6.0
-38.0	26.0	12.0
32.0	-8.0	-18.0
-62.0	-16.0	4.0
2.0	40.0	-16.0
38.0	-80.0	6.0
48.0	-26.0	4.0
-6.0	46.0	10.0
-34.0	-40.0	62.0
50.0	-68.0	2.0
-52.0	-74.0	2.0
-64.0	-16.0	-16.0
-44.0	24.0	12.0
-34.0	-16.0	-22.0
-2.0	-38.0	68.0
32.0	-10.0	-22.0
-32.0	-10.0	50.0
-52.0	-68.0	-4.0
-12.0	-8.0	72.0
22.0	-36.0	54.0
22.0	-28.0	-4.0
-56.0	-46.0	-10.0
-12.0	-32.0	4.0
-6.0	-20.0	16.0
-36.0	-72.0	6.0
50.0	-72.0	0.0
-38.0	-68.0	0.0
42.0	-72.0	-2.0
-36.0	-76.0	-26.0
16.0	-86.0	-2.0
-42.0	4.0	-32.0
54.0	-30.0	4.0
-34.0	-66.0	-2.0
54.0	4.0	-30.0
-24.0	-2.0	60.0
-34.0	-68.0	0.0
50.0	-72.0	0.0
22.0	-28.0	-4.0
-34.0	-66.0	-2.0
50.0	-68.0	2.0
22.0	-28.0	-4.0
-42.0	26.0	-14.0
50.0	-72.0	0.0

// Rossi R, 2013: PMID 23146251-1
// Subjects=20
3.0	35.0	-13.0
23.0	-6.0	-26.0
23.0	-6.0	-26.0
-5.0	44.0	5.0
6.0	29.0	53.0
7.0	-60.0	25.0
5.0	45.0	21.0
-3.0	33.0	45.0
31.0	-54.0	43.0
-61.0	-33.0	-9.0
36.0	37.0	0.0
-47.0	22.0	6.0
-29.0	21.0	47.0
-5.0	-6.0	8.0
34.0	5.0	23.0
-6.0	-63.0	-47.0
-1.0	-9.0	38.0
25.0	-76.0	16.0
-32.0	44.0	15.0
-2.0	38.0	-13.0
-17.0	-73.0	-3.0
16.0	-25.0	52.0
-26.0	35.0	16.0
32.0	18.0	33.0
5.0	-8.0	8.0
48.0	-73.0	10.0
30.0	-83.0	-10.0
-57.0	-31.0	-15.0
36.0	-25.0	-13.0
46.0	-6.0	23.0
-12.0	34.0	-15.0
-13.0	-83.0	22.0
-44.0	-1.0	40.0
54.0	-17.0	-20.0
-24.0	-61.0	25.0
34.0	0.0	13.0
-20.0	-82.0	19.0
10.0	14.0	31.0
27.0	-24.0	46.0
-20.0	0.0	40.0
-15.0	-30.0	7.0
-30.0	-27.0	-6.0
26.0	20.0	31.0
-39.0	-64.0	6.0
18.0	-30.0	6.0

// Massat I, 2012: PMID 23166657-1
// Subjects=20
46.0	36.0	30.0
-10.0	14.0	52.0
-50.0	-62.0	-28.0
12.0	22.0	46.0
30.0	4.0	54.0
34.0	60.0	10.0
-48.0	6.0	34.0
-22.0	4.0	48.0
-28.0	0.0	60.0
48.0	6.0	32.0
-38.0	-4.0	30.0
-42.0	0.0	34.0
-32.0	-62.0	-32.0
38.0	-66.0	-30.0
42.0	56.0	-6.0
32.0	0.0	66.0
-6.0	-30.0	34.0
10.0	4.0	14.0
-2.0	24.0	44.0
56.0	-52.0	40.0
-16.0	-4.0	14.0
-38.0	-68.0	-36.0
-48.0	-68.0	-32.0
-14.0	-82.0	-30.0
-54.0	-48.0	44.0
-56.0	-58.0	28.0
46.0	-64.0	48.0
2.0	-44.0	18.0
-60.0	-50.0	-18.0
-4.0	-44.0	18.0
-10.0	-94.0	-12.0
20.0	-92.0	-14.0
34.0	20.0	0.0
8.0	-20.0	18.0
32.0	10.0	56.0
54.0	-8.0	-4.0
30.0	-8.0	4.0
12.0	-48.0	16.0
32.0	-16.0	0.0
38.0	24.0	44.0
62.0	-4.0	-18.0
12.0	-68.0	2.0
52.0	-8.0	-12.0
34.0	-36.0	-24.0
30.0	-56.0	26.0
-18.0	-36.0	-48.0
30.0	-6.0	-10.0
24.0	-32.0	-6.0
-38.0	38.0	2.0
-30.0	0.0	40.0
12.0	-36.0	-4.0
20.0	-84.0	-26.0
-54.0	28.0	14.0
-38.0	-54.0	-44.0
60.0	-2.0	-18.0
30.0	2.0	68.0
42.0	2.0	-4.0
-40.0	-30.0	48.0
-34.0	-52.0	-34.0
48.0	22.0	30.0
-30.0	26.0	52.0
-32.0	26.0	50.0
-2.0	-26.0	-2.0
40.0	26.0	52.0
-2.0	20.0	66.0
-14.0	48.0	-2.0
-30.0	22.0	58.0
-48.0	6.0	48.0
38.0	22.0	48.0
26.0	-8.0	68.0
-42.0	24.0	48.0
-42.0	16.0	40.0

// Ivleva EI, 2012: PMID 23177922-1
// Subjects=20
4.0	43.0	14.0
43.0	19.0	7.0
0.0	-15.0	44.0
40.0	10.0	-12.0
53.0	-12.0	-16.0
27.0	5.0	-17.0
46.0	-33.0	-19.0
56.0	-15.0	-18.0
13.0	44.0	5.0
40.0	16.0	-2.0
10.0	-33.0	35.0
30.0	57.0	-5.0
37.0	14.0	-13.0
24.0	-66.0	-11.0
39.0	55.0	12.0
43.0	-78.0	-9.0
48.0	-78.0	14.0
-34.0	-20.0	-25.0
25.0	8.0	-19.0
45.0	44.0	7.0
6.0	-51.0	21.0
12.0	-50.0	40.0
-30.0	-1.0	1.0
48.0	-77.0	-4.0
45.0	-80.0	-4.0
27.0	-60.0	-6.0
3.0	-64.0	31.0
4.0	7.0	-4.0
28.0	16.0	3.0
-31.0	-83.0	-34.0
3.0	-12.0	1.0
-9.0	62.0	22.0
56.0	-58.0	32.0
-19.0	-83.0	-37.0
36.0	-14.0	-27.0
42.0	22.0	6.0
-27.0	-3.0	49.0
-21.0	-9.0	-13.0
39.0	17.0	-1.0
34.0	-20.0	45.0
56.0	-34.0	22.0
43.0	16.0	-5.0
50.0	-57.0	28.0
24.0	6.0	-19.0
9.0	35.0	9.0
4.0	-56.0	26.0
15.0	13.0	-6.0
27.0	31.0	-19.0
42.0	53.0	-13.0
39.0	-39.0	-21.0
31.0	-53.0	-11.0
-6.0	4.0	-1.0
50.0	-34.0	22.0
1.0	-51.0	27.0
40.0	11.0	-4.0
-67.0	-39.0	-3.0
34.0	49.0	-15.0
40.0	11.0	-13.0
39.0	-34.0	-17.0
6.0	-53.0	19.0
-4.0	-44.0	53.0
6.0	-59.0	18.0
36.0	-88.0	-7.0
3.0	-60.0	18.0
30.0	-76.0	-10.0
30.0	-15.0	-13.0
15.0	10.0	-2.0
27.0	39.0	44.0
56.0	-32.0	-19.0
27.0	-53.0	-40.0
24.0	5.0	-15.0
53.0	-30.0	-16.0
3.0	-52.0	15.0
50.0	-68.0	-10.0

// Park H, 2013: PMID 23219676-1
// Subjects=20
-33.0	-51.0	-15.0
27.0	-45.0	-12.0
-42.0	-84.0	21.0
-21.0	-63.0	51.0
-42.0	-84.0	21.0
39.0	-78.0	24.0
45.0	-57.0	-12.0
3.0	-57.0	39.0
-21.0	-63.0	51.0
-48.0	-54.0	27.0
-33.0	-51.0	-15.0
27.0	-45.0	-12.0
45.0	-57.0	-12.0
21.0	-57.0	15.0
6.0	57.0	6.0
21.0	45.0	39.0
-15.0	48.0	33.0
21.0	-57.0	15.0
-48.0	-51.0	-15.0
54.0	39.0	15.0
21.0	45.0	39.0
3.0	-57.0	39.0
39.0	-78.0	24.0
-45.0	9.0	7.0
48.0	6.0	27.0
6.0	57.0	6.0
-33.0	-39.0	-12.0
-48.0	-54.0	27.0
21.0	-15.0	-21.0
-42.0	-93.0	12.0
-36.0	-84.0	0.0
-18.0	-90.0	54.0
-15.0	48.0	33.0
39.0	-78.0	9.0
-15.0	-54.0	12.0
12.0	-51.0	15.0

// Ramsey R, 2013: PMID 23249349-1
// Subjects=20
-63.0	-55.0	-11.0
-60.0	-43.0	-14.0
-54.0	29.0	22.0
-45.0	41.0	-11.0
66.0	-43.0	-11.0
-45.0	14.0	49.0
-48.0	20.0	22.0
-54.0	-49.0	-11.0
57.0	-55.0	-17.0
36.0	20.0	31.0
36.0	-64.0	40.0
42.0	-40.0	28.0
33.0	-67.0	58.0
-51.0	-55.0	37.0
-36.0	-70.0	49.0
-36.0	-61.0	55.0
48.0	17.0	34.0
33.0	11.0	58.0
66.0	-34.0	-11.0
-51.0	-13.0	-2.0
21.0	-13.0	4.0
33.0	17.0	58.0
33.0	5.0	31.0
45.0	-49.0	28.0
27.0	26.0	58.0
42.0	2.0	49.0
45.0	17.0	49.0
51.0	11.0	43.0
30.0	-19.0	7.0
54.0	-55.0	28.0
51.0	-58.0	40.0
-33.0	-67.0	43.0
-51.0	-58.0	25.0
-54.0	-55.0	43.0
-45.0	14.0	-5.0
63.0	-25.0	-11.0
63.0	-43.0	-14.0
54.0	-49.0	-11.0
54.0	11.0	-5.0
57.0	17.0	7.0
-48.0	-25.0	7.0
-42.0	-7.0	58.0
-39.0	8.0	58.0
12.0	-16.0	4.0
-39.0	5.0	49.0
-30.0	2.0	58.0
6.0	-79.0	49.0
6.0	-67.0	61.0
-45.0	11.0	34.0
-45.0	10.0	34.0
21.0	-70.0	1.0
12.0	-7.0	4.0
-15.0	-4.0	4.0
-42.0	17.0	46.0
-42.0	-55.0	34.0
-33.0	-64.0	46.0
-51.0	-46.0	43.0
-30.0	47.0	-5.0
-30.0	23.0	19.0
-42.0	38.0	25.0
-27.0	17.0	61.0
-39.0	-4.0	61.0
-15.0	-70.0	7.0
21.0	35.0	55.0
-3.0	-10.0	-2.0
24.0	11.0	67.0
-3.0	-70.0	34.0
33.0	5.0	52.0
39.0	20.0	34.0
-33.0	-70.0	-32.0
-33.0	-55.0	-35.0
-33.0	-46.0	-41.0
21.0	-16.0	34.0
15.0	-79.0	-32.0
3.0	-79.0	-29.0
-51.0	-43.0	-11.0
-57.0	-46.0	7.0
-63.0	-58.0	-8.0
30.0	-79.0	-32.0
-12.0	-40.0	7.0
-18.0	-25.0	13.0
3.0	23.0	7.0
24.0	-31.0	34.0
21.0	-16.0	43.0
27.0	-37.0	-2.0
-30.0	-67.0	-5.0
-21.0	-55.0	4.0
30.0	-70.0	-8.0
-3.0	-22.0	13.0

// Herting MM, 2013: PMID 23249350-1
// Subjects=20
-3.8	27.9	67.2
-52.2	-49.7	-10.5
7.2	-65.8	64.9
70.5	-21.2	-24.3
3.1	64.6	3.9
13.0	-84.5	-11.6
-61.9	-59.8	-16.2
-7.0	24.7	67.5
-0.8	-57.3	10.8
-58.2	-48.5	47.5
-52.5	30.9	-13.9
-55.7	25.1	-6.6
16.1	7.8	11.8
51.9	-53.6	53.4
-10.6	7.2	5.5
-62.0	-2.2	-14.3
7.2	-48.7	80.2
38.7	39.3	45.7
-30.2	13.6	-32.7
3.6	-49.9	23.5
-4.3	58.7	11.1
-4.4	67.7	3.7
39.1	-40.0	65.7
-4.4	61.6	7.5
39.1	-40.5	59.1
-26.0	-69.7	59.0
39.1	-40.0	65.7
22.4	-17.8	-17.3
10.0	33.6	56.6

// Oswal A, 2013: PMID 23277109-1
// Subjects=20
32.0	-40.0	10.0
-24.0	-40.0	10.0
65.0	-18.0	0.0
63.0	-8.0	0.0
-46.0	-28.0	30.0
52.0	-10.0	20.0
60.0	-18.0	12.0
-38.0	-28.0	20.0
42.0	-12.0	20.0
-22.0	-52.0	20.0
-10.0	-50.0	20.0
50.0	-22.0	6.0
57.0	-65.0	15.0
-12.0	-30.0	8.0
-8.0	-30.0	10.0
60.0	-30.0	28.0
50.0	-28.0	24.0
62.0	-22.0	6.0
60.0	-20.0	0.0
52.0	-10.0	18.0
-60.0	-28.0	10.0
30.0	-40.0	10.0
-64.0	-27.0	-15.0
-32.0	-50.0	32.0
-40.0	-40.0	36.0
62.0	-40.0	2.0
67.0	-22.0	15.0
58.0	-15.0	-10.0
-32.0	-60.0	30.0
-32.0	-48.0	30.0
38.0	-42.0	30.0
-36.0	-32.0	40.0
26.0	-40.0	2.0
-58.0	-30.0	8.0
-58.0	-38.0	0.0
-44.0	-30.0	6.0
-56.0	-20.0	0.0
32.0	-38.0	10.0
60.0	-28.0	30.0
-48.0	-32.0	10.0
-40.0	-30.0	10.0
-28.0	-28.0	18.0
52.0	-8.0	2.0
65.0	-30.0	28.0
38.0	-30.0	10.0
-40.0	-28.0	12.0
30.0	-30.0	20.0
0.0	-22.0	-2.0
-20.0	-32.0	20.0
-20.0	-38.0	10.0
30.0	-30.0	12.0
40.0	-32.0	8.0
-40.0	-58.0	10.0
-2.0	-30.0	2.0
40.0	-50.0	10.0
-30.0	-2.0	28.0
-50.0	-20.0	18.0
48.0	-30.0	18.0
50.0	-30.0	12.0
-62.0	-2.0	20.0
60.0	-22.0	22.0
62.0	-24.0	30.0
-50.0	-50.0	10.0
-40.0	-40.0	10.0
-50.0	-28.0	10.0
30.0	-28.0	20.0
28.0	-32.0	20.0
16.0	-18.0	10.0
-64.0	-20.0	10.0
38.0	-30.0	12.0
32.0	-20.0	20.0
30.0	-20.0	20.0
-66.0	-10.0	2.0
-50.0	-22.0	8.0
-40.0	-52.0	22.0
40.0	-38.0	16.0
-63.0	-35.0	35.0
-68.0	-18.0	-10.0
48.0	-40.0	4.0
36.0	-10.0	42.0
50.0	-42.0	8.0
34.0	-20.0	-12.0
-48.0	-40.0	30.0
40.0	-40.0	32.0
-40.0	-50.0	10.0
-32.0	-40.0	32.0
50.0	-10.0	30.0
60.0	-6.0	26.0
48.0	-32.0	4.0
28.0	-32.0	20.0

// Tagliazucchi E, 2012: PMID 23293596-1
// Subjects=20
13.0	48.0	-17.0
33.0	34.0	32.0
12.0	-73.0	9.0
46.0	17.0	19.0
45.0	32.0	12.0
36.0	32.0	-14.0
48.0	-4.0	13.0
4.0	3.0	60.0
28.0	53.0	-14.0
4.0	34.0	-21.0
4.0	52.0	-11.0
34.0	8.0	0.0
4.0	38.0	13.0
4.0	-5.0	38.0
4.0	-40.0	19.0
24.0	-20.0	-11.0
21.0	-15.0	-22.0
5.0	16.0	-14.0
17.0	34.0	41.0
4.0	52.0	28.0
37.0	-6.0	50.0
53.0	-21.0	6.0
32.0	-79.0	19.0
23.0	1.0	-19.0
33.0	-82.0	-7.0
29.0	-40.0	-21.0
36.0	-23.0	51.0
22.0	-56.0	61.0
42.0	-44.0	49.0
40.0	-58.0	39.0
6.0	-54.0	42.0
10.0	12.0	8.0
13.0	-68.0	-5.0
52.0	-29.0	33.0
16.0	0.0	-1.0
8.0	-17.0	6.0
39.0	-16.0	9.0
20.0	-78.0	31.0
10.0	-79.0	28.0
43.0	15.0	-19.0
53.0	-37.0	-2.0
40.0	14.0	-34.0
49.0	-32.0	-23.0
3.0	-29.0	66.0
23.0	6.0	1.0

// Heni M, 2014: PMID 23307469-1
// Subjects=20
24.0	-27.0	-9.0
-21.0	-63.0	30.0
-21.0	-87.0	42.0
-18.0	12.0	0.0
36.0	-87.0	24.0
-63.0	-51.0	0.0
12.0	45.0	45.0
39.0	12.0	48.0
42.0	-63.0	-3.0
42.0	-45.0	-12.0
-48.0	-66.0	0.0
39.0	54.0	-6.0
39.0	18.0	-18.0
54.0	-42.0	-3.0
21.0	-63.0	-18.0
-36.0	-33.0	39.0
-66.0	-24.0	9.0
24.0	0.0	-18.0
33.0	-90.0	21.0
54.0	-24.0	3.0
-48.0	-15.0	24.0
48.0	42.0	-12.0
24.0	-66.0	-9.0
33.0	15.0	42.0
12.0	24.0	42.0
48.0	-60.0	42.0
-18.0	-54.0	-3.0
21.0	-57.0	27.0
-30.0	-66.0	-12.0

// Campanella S, 2013: PMID 23313569-1
// Subjects=20
58.0	-40.0	48.0
52.0	38.0	30.0
-40.0	-62.0	-32.0
40.0	-54.0	-30.0
-26.0	-48.0	-18.0
-18.0	26.0	-2.0
52.0	-68.0	-20.0
-10.0	-46.0	8.0
32.0	-16.0	-26.0
36.0	-16.0	26.0
-12.0	62.0	-18.0
-54.0	-42.0	50.0
-40.0	4.0	-24.0
-28.0	22.0	12.0
-50.0	22.0	30.0
6.0	-18.0	-30.0
-16.0	26.0	-18.0
36.0	58.0	-14.0
-28.0	2.0	46.0
50.0	-38.0	42.0
34.0	-28.0	-12.0
34.0	-2.0	14.0
54.0	-56.0	10.0
20.0	-2.0	42.0
32.0	-4.0	64.0
58.0	-48.0	-26.0
26.0	-96.0	-8.0
36.0	-50.0	58.0

// Egidi G, 2013: PMID 23319042-1
// Subjects=20
-9.2	-80.6	12.8
-47.8	-57.8	8.0
-34.0	-13.8	12.0
-2.9	-19.7	28.8
-18.7	-59.6	37.9
42.9	-18.0	5.9
-29.5	-35.1	39.4
-6.6	49.7	-9.3
-4.7	-25.3	67.2
-34.6	-24.6	65.3
19.9	-28.1	69.4
-33.0	-39.4	-2.6
47.4	-3.4	42.5
17.4	-50.4	15.6
-39.7	4.8	-23.0
7.8	5.0	31.1
30.8	27.7	-21.2
28.9	-24.6	-9.0
-11.3	-96.9	8.7
-6.2	39.0	31.8
9.0	-85.4	18.6
-14.5	-97.7	12.1
48.4	-35.6	25.1
-59.5	-47.7	16.2
-50.0	-34.3	9.4
-8.4	29.9	24.7
11.9	54.3	34.7
66.2	-18.8	-21.1
-47.9	-44.5	1.3
-36.8	-53.4	51.0
-8.0	-56.2	39.8
-53.5	-7.8	-19.5
-1.1	9.4	-7.1
-18.8	-93.7	9.6
6.2	28.5	-23.3
-17.4	-43.9	75.6
49.6	-67.2	28.9
34.2	22.9	-1.9
19.7	-99.8	9.7
-36.3	27.9	15.2
27.4	-39.8	69.2
51.4	-21.3	3.8
24.8	43.0	38.9
55.7	-55.7	-14.5
-40.3	11.7	38.9
-35.8	-52.5	48.7
-52.2	-13.6	15.5
31.4	6.3	46.3

// Indovina I, 2013: PMID 23321153-1
// Subjects=20
-2.0	-16.0	20.0
-4.0	-18.0	20.0
-4.0	-16.0	20.0
-2.0	-16.0	20.0
-44.0	-36.0	50.0
-4.0	-18.0	20.0
-4.0	-18.0	20.0
44.0	-46.0	48.0
16.0	-22.0	14.0
-2.0	-18.0	20.0
16.0	-22.0	14.0
22.0	10.0	8.0
16.0	-20.0	14.0
16.0	-20.0	14.0
12.0	-20.0	14.0
12.0	-24.0	14.0
22.0	8.0	8.0
22.0	8.0	8.0
22.0	8.0	8.0
18.0	16.0	8.0
22.0	10.0	8.0
18.0	10.0	8.0
16.0	-22.0	14.0
-24.0	52.0	-4.0
-46.0	-14.0	6.0
-24.0	52.0	-4.0
44.0	-46.0	48.0
20.0	16.0	8.0
20.0	16.0	8.0
16.0	16.0	8.0
16.0	14.0	8.0
-18.0	6.0	10.0
-18.0	6.0	10.0
-18.0	-4.0	10.0
-2.0	12.0	4.0
-2.0	12.0	4.0
-4.0	14.0	4.0
-38.0	-4.0	6.0
-38.0	-4.0	6.0
-46.0	-4.0	6.0
18.0	16.0	8.0
-46.0	-14.0	6.0
-30.0	-14.0	6.0
-30.0	8.0	6.0
-24.0	50.0	-4.0
-24.0	50.0	-4.0
-24.0	50.0	-4.0
20.0	16.0	8.0
-22.0	52.0	-4.0
-48.0	-38.0	50.0
-6.0	34.0	44.0
-6.0	34.0	44.0
-6.0	34.0	44.0
-44.0	40.0	8.0
-44.0	40.0	8.0
-46.0	36.0	8.0
-8.0	50.0	0.0
-8.0	48.0	0.0
-8.0	48.0	0.0
-10.0	48.0	0.0
-10.0	52.0	0.0
-8.0	50.0	0.0
-42.0	22.0	30.0
-50.0	22.0	30.0
-50.0	18.0	38.0
-2.0	-70.0	-22.0
-2.0	-70.0	-22.0
-2.0	-70.0	-22.0
-2.0	-68.0	-22.0
8.0	-68.0	-22.0
8.0	-72.0	-22.0
-46.0	-74.0	-32.0
-46.0	-74.0	-32.0
-8.0	50.0	0.0
-46.0	-74.0	-32.0
-38.0	-56.0	40.0
-36.0	-56.0	40.0
-36.0	-60.0	40.0
-36.0	-60.0	40.0
-38.0	-60.0	40.0
-38.0	-56.0	40.0
-48.0	-38.0	50.0
-2.0	-68.0	-22.0
-52.0	-38.0	50.0
-52.0	-36.0	50.0
-52.0	-36.0	50.0
-44.0	-40.0	50.0
-44.0	-36.0	58.0
-42.0	-36.0	58.0
-42.0	-34.0	60.0
-36.0	-18.0	60.0
-34.0	-18.0	60.0
-34.0	-22.0	60.0
44.0	-46.0	48.0
44.0	-46.0	48.0
-22.0	46.0	-4.0
44.0	-46.0	48.0
-38.0	-56.0	40.0
44.0	-46.0	48.0
18.0	8.0	8.0
-24.0	-92.0	12.0
24.0	-16.0	-14.0
44.0	-38.0	46.0
44.0	-38.0	44.0
16.0	-98.0	-6.0
16.0	-98.0	-6.0
16.0	-98.0	-6.0
16.0	-98.0	-6.0
16.0	-98.0	-6.0
16.0	-98.0	-6.0
16.0	-98.0	-6.0
30.0	-86.0	-14.0
30.0	-86.0	-14.0
18.0	-86.0	-14.0
18.0	-90.0	-14.0
18.0	-90.0	-14.0
34.0	-90.0	-14.0
34.0	-88.0	-14.0
-14.0	-78.0	-12.0
-14.0	-78.0	-12.0
-12.0	-78.0	-12.0
-12.0	-78.0	-12.0
-26.0	-78.0	-12.0
-26.0	-90.0	-12.0
-12.0	-78.0	-12.0
-12.0	-98.0	6.0
-24.0	-28.0	-20.0
-8.0	-98.0	6.0
-18.0	-28.0	-20.0
-18.0	-30.0	-20.0
-18.0	-30.0	-20.0
-16.0	-80.0	-12.0
-22.0	-30.0	-20.0
-22.0	-26.0	-20.0
-22.0	-28.0	-18.0
-8.0	-98.0	6.0
-12.0	-96.0	6.0
-12.0	-96.0	6.0
44.0	-38.0	46.0
-12.0	-90.0	-16.0
-24.0	-96.0	6.0
24.0	-16.0	-14.0
24.0	-16.0	-14.0
-10.0	-80.0	-12.0
26.0	-16.0	-14.0
26.0	-16.0	-14.0
26.0	-16.0	-14.0
-24.0	-28.0	-20.0
24.0	-18.0	-14.0
-24.0	-96.0	6.0
22.0	-26.0	-22.0
22.0	-26.0	-22.0
22.0	-30.0	-22.0
22.0	-30.0	-22.0
20.0	-30.0	-22.0
20.0	-30.0	-22.0
-12.0	-90.0	-16.0
-12.0	-90.0	-16.0
-18.0	-90.0	-16.0
-18.0	-86.0	-16.0
22.0	-26.0	-22.0
-12.0	-86.0	-16.0
-24.0	-52.0	-14.0
-24.0	-52.0	-14.0
-26.0	-52.0	-14.0
-26.0	-50.0	-14.0
-26.0	-50.0	-14.0
-24.0	-50.0	-14.0
-24.0	-56.0	-14.0
-28.0	-92.0	12.0
-28.0	-92.0	12.0
-24.0	-94.0	12.0
-24.0	-94.0	12.0
-28.0	-94.0	12.0
-18.0	-86.0	-16.0
20.0	-76.0	-10.0
-28.0	-92.0	12.0
16.0	-98.0	6.0
16.0	-96.0	6.0
16.0	-96.0	6.0
26.0	-96.0	6.0
26.0	-98.0	6.0
20.0	-76.0	-10.0
20.0	-76.0	-10.0
20.0	-88.0	-10.0
20.0	-88.0	-10.0
20.0	-88.0	-10.0
26.0	-98.0	6.0
20.0	-76.0	-10.0
44.0	-70.0	48.0
26.0	-34.0	-14.0
26.0	-52.0	-14.0
30.0	-52.0	-14.0
26.0	-98.0	6.0
30.0	-38.0	-14.0
26.0	-38.0	-14.0
26.0	-38.0	-14.0
30.0	-52.0	-14.0

// Pletzer B, 2013: PMID 23335976-1
// Subjects=20
6.0	54.0	39.0
36.0	-33.0	48.0
15.0	-33.0	69.0
33.0	-12.0	51.0
-42.0	-9.0	48.0
15.0	66.0	21.0
-6.0	24.0	45.0
39.0	30.0	36.0
45.0	-57.0	3.0
60.0	-24.0	9.0
18.0	36.0	51.0
21.0	51.0	30.0
-3.0	-36.0	30.0
-48.0	18.0	30.0
18.0	-21.0	66.0
-3.0	-72.0	36.0
-60.0	-15.0	39.0
-36.0	18.0	33.0
51.0	18.0	30.0
33.0	54.0	18.0
-30.0	-33.0	60.0
24.0	-84.0	24.0
0.0	-27.0	54.0
-6.0	-6.0	42.0
27.0	-18.0	-18.0
0.0	-66.0	15.0
33.0	0.0	48.0
36.0	36.0	27.0
6.0	15.0	39.0
60.0	-6.0	6.0
-54.0	-6.0	-6.0
-21.0	48.0	15.0
33.0	-6.0	54.0
33.0	27.0	33.0
-27.0	-24.0	57.0
48.0	-33.0	54.0
-45.0	-57.0	45.0
-27.0	-21.0	57.0
-6.0	-36.0	9.0
15.0	36.0	18.0
-30.0	-3.0	63.0
30.0	-3.0	51.0
54.0	0.0	42.0
6.0	-69.0	51.0
27.0	-42.0	39.0
-3.0	-75.0	9.0
30.0	-78.0	-21.0
-24.0	57.0	18.0
-6.0	24.0	60.0
-6.0	39.0	36.0
30.0	-72.0	45.0
54.0	-45.0	39.0
9.0	-48.0	3.0
-33.0	-6.0	54.0
-33.0	-42.0	39.0
0.0	15.0	51.0
63.0	-33.0	15.0
-48.0	-42.0	33.0
-42.0	-3.0	45.0
9.0	6.0	51.0
51.0	-54.0	6.0
-33.0	3.0	-3.0
15.0	0.0	3.0
-6.0	-39.0	51.0
-3.0	-51.0	54.0
6.0	-36.0	42.0
6.0	-3.0	54.0
9.0	30.0	51.0
-57.0	-57.0	30.0
-24.0	6.0	6.0
63.0	-45.0	30.0
30.0	-66.0	42.0
39.0	27.0	6.0
57.0	6.0	39.0

// Ledoux AA, 2013: PMID 23352276-1
// Subjects=20
10.0	-68.0	58.0
6.0	32.0	34.0
18.0	-76.0	54.0
-26.0	0.0	62.0
26.0	4.0	62.0
30.0	24.0	-2.0
6.0	20.0	46.0
-14.0	-40.0	6.0
42.0	44.0	22.0
-26.0	24.0	2.0
14.0	-68.0	54.0
-14.0	-76.0	50.0
6.0	-72.0	-2.0
-50.0	-24.0	38.0
30.0	-36.0	-6.0
18.0	-56.0	18.0
-38.0	-28.0	54.0
-10.0	-60.0	66.0
26.0	0.0	54.0
-14.0	-72.0	54.0
26.0	-36.0	-14.0
-50.0	-24.0	42.0
-22.0	-24.0	2.0
-22.0	0.0	58.0
-30.0	20.0	-6.0
10.0	28.0	34.0
18.0	-16.0	10.0
-38.0	-32.0	50.0
-38.0	40.0	30.0
-26.0	-84.0	30.0
-26.0	-32.0	-2.0
30.0	-32.0	-10.0
14.0	16.0	10.0
14.0	-36.0	6.0
-14.0	-36.0	6.0
-30.0	44.0	10.0
34.0	-84.0	26.0
-14.0	-28.0	46.0

// Kong J, 2013: PMID 23352757-1
// Subjects=20
12.0	-54.0	-48.0
6.0	-46.0	-48.0
12.0	38.0	36.0
10.0	46.0	10.0
18.0	-52.0	-14.0
54.0	-6.0	12.0
-38.0	-46.0	50.0
30.0	-64.0	56.0
46.0	-10.0	34.0
0.0	-36.0	-36.0
-48.0	-58.0	-4.0
28.0	-32.0	-10.0
-12.0	70.0	-14.0
-18.0	-54.0	-12.0
-16.0	52.0	14.0
-44.0	8.0	-2.0
-52.0	-32.0	22.0
50.0	-34.0	30.0
-20.0	24.0	50.0
-58.0	2.0	40.0
36.0	-28.0	-22.0
52.0	-14.0	-24.0
-26.0	-32.0	52.0
-48.0	-60.0	46.0
10.0	-82.0	-34.0
-24.0	64.0	18.0
8.0	-80.0	-34.0
-34.0	22.0	-2.0
-52.0	-66.0	30.0
-36.0	-68.0	50.0
-38.0	-72.0	32.0
38.0	16.0	34.0
34.0	-68.0	30.0
14.0	64.0	10.0
-44.0	38.0	-10.0
12.0	40.0	10.0
-20.0	60.0	8.0
-2.0	58.0	20.0
-4.0	36.0	54.0
26.0	60.0	6.0

// Hu M, 2013: PMID 23360727-1
// Subjects=20
21.0	-21.0	-19.5
-19.5	-21.0	-18.0
-25.5	-39.0	-15.0
22.5	-15.0	-13.5
48.0	-3.0	-16.5
48.0	-3.0	-18.0
-42.0	-15.0	-13.5
-60.0	-7.5	-10.5

// De Brigard F, 2013: PMID 23376052-1
// Subjects=20
20.0	-70.0	-46.0
16.0	-68.0	40.0
44.0	-8.0	26.0
-34.0	20.0	-38.0
-4.0	-32.0	22.0
44.0	-4.0	28.0
24.0	-22.0	38.0
-2.0	-38.0	20.0
-18.0	-60.0	-20.0
40.0	-10.0	38.0
-8.0	-64.0	48.0
24.0	-22.0	-8.0
-30.0	-70.0	52.0
-38.0	14.0	-22.0
46.0	-70.0	36.0
-4.0	-42.0	14.0
-2.0	-52.0	22.0
-4.0	-68.0	34.0
-34.0	-70.0	44.0
30.0	-60.0	44.0
-10.0	60.0	26.0
-40.0	-56.0	36.0
-42.0	36.0	-4.0
20.0	-64.0	38.0
34.0	10.0	-38.0
-14.0	56.0	32.0
-38.0	-62.0	44.0
-40.0	20.0	-22.0
-12.0	52.0	30.0
-10.0	6.0	22.0
30.0	-32.0	6.0
-58.0	-8.0	-14.0
52.0	30.0	28.0
12.0	48.0	54.0
28.0	30.0	4.0
-14.0	4.0	38.0
-42.0	-64.0	30.0
-24.0	-18.0	-30.0
-44.0	-62.0	40.0
-4.0	-60.0	40.0
-56.0	-4.0	-16.0
-42.0	-60.0	38.0
-2.0	-60.0	36.0
46.0	-26.0	-8.0
-60.0	24.0	-6.0
32.0	-14.0	8.0
62.0	0.0	-16.0
-6.0	28.0	68.0
-28.0	46.0	16.0
-26.0	-54.0	2.0
-18.0	-48.0	-10.0
-60.0	-44.0	42.0
-12.0	52.0	40.0
-26.0	48.0	-12.0
4.0	-60.0	40.0
-48.0	-38.0	6.0
60.0	14.0	20.0
24.0	-36.0	-4.0
34.0	-26.0	46.0
-30.0	14.0	8.0
6.0	-6.0	-12.0
-52.0	-34.0	-6.0
-38.0	-6.0	44.0
44.0	48.0	18.0
-16.0	-44.0	6.0
-58.0	-34.0	20.0
-50.0	-24.0	-18.0
10.0	22.0	-18.0
60.0	8.0	32.0
26.0	-52.0	-4.0
24.0	-62.0	0.0
12.0	-38.0	8.0
70.0	-20.0	6.0
-54.0	0.0	36.0
-10.0	10.0	36.0
-36.0	24.0	46.0
-58.0	-32.0	20.0
-22.0	-36.0	56.0
-28.0	2.0	8.0
60.0	14.0	-10.0
52.0	8.0	10.0
-58.0	-36.0	18.0
-36.0	58.0	8.0
52.0	18.0	-16.0
50.0	-36.0	-10.0
18.0	-54.0	-4.0
-44.0	38.0	4.0
-26.0	-50.0	52.0
-12.0	-36.0	42.0
-36.0	40.0	36.0
-60.0	-30.0	36.0
-42.0	48.0	12.0
-46.0	-12.0	28.0
-32.0	-60.0	14.0
66.0	-28.0	-2.0
-14.0	22.0	26.0
-24.0	-38.0	6.0
-40.0	-18.0	4.0
-22.0	-30.0	6.0
-10.0	-6.0	20.0
-58.0	-36.0	10.0
-40.0	12.0	-28.0
48.0	16.0	30.0
34.0	-10.0	-16.0
-2.0	-56.0	18.0
-40.0	-52.0	-2.0
-22.0	-78.0	0.0
-14.0	-80.0	-4.0
-32.0	-54.0	22.0
-34.0	-46.0	22.0
22.0	12.0	-16.0
-6.0	40.0	8.0
-62.0	-16.0	0.0
20.0	2.0	66.0
-50.0	-28.0	56.0
6.0	-78.0	48.0
2.0	-8.0	2.0
16.0	-22.0	-16.0
-50.0	-72.0	30.0
-4.0	-16.0	6.0
-10.0	26.0	-6.0
-2.0	-44.0	-50.0
32.0	-42.0	10.0
-40.0	-62.0	-4.0
2.0	-42.0	-12.0

// Frankort A, 2014: PMID 23382517-1
// Subjects=20
-44.8	-43.9	-18.8
-45.6	10.8	42.4
22.4	-4.1	-19.6
26.6	-12.7	-20.0
-19.4	-0.8	-28.3
-18.3	-4.5	-21.3
53.5	-56.7	-14.4
-26.4	23.2	48.9
22.7	-17.0	20.5
15.1	-39.0	-2.1
-32.5	-26.8	64.3
-30.8	-34.4	7.0
-38.2	-27.6	13.2
28.1	-63.8	6.5
-12.5	-97.9	-4.6
7.7	-79.0	-9.8
8.8	-78.5	-3.2
-2.9	-48.5	14.5
-52.1	-75.5	-0.5

// Sip KE, 2013: PMID 23382715-1
// Subjects=20
-2.0	-12.0	50.0
-44.0	14.0	-22.0
30.0	0.0	-24.0
36.0	-18.0	-18.0
44.0	26.0	10.0

// McIntosh AR, 2013: PMID 23395850-1
// Subjects=20
0.0	-48.0	12.0
0.0	16.0	-8.0
40.0	-14.0	4.0
60.0	-14.0	4.0
24.0	44.0	-20.0
36.0	16.0	-4.0
36.0	-8.0	-4.0
44.0	-48.0	20.0
8.0	-64.0	54.0
8.0	-64.0	54.0
48.0	32.0	12.0
48.0	36.0	32.0
8.0	36.0	40.0
8.0	48.0	20.0
24.0	-24.0	56.0
0.0	-32.0	24.0
44.0	-64.0	28.0
0.0	32.0	24.0
52.0	-4.0	-8.0
24.0	64.0	4.0
48.0	0.0	60.0
4.0	0.0	60.0
44.0	4.0	24.0
16.0	-28.0	4.0
40.0	-28.0	64.0
56.0	-16.0	16.0
36.0	8.0	56.0
64.0	-24.0	-24.0
32.0	-28.0	-28.0
64.0	-24.0	-12.0
28.0	-16.0	-16.0
8.0	-8.0	4.0
4.0	-84.0	-4.0
4.0	-96.0	8.0
20.0	-88.0	20.0
20.0	-84.0	-12.0
52.0	12.0	-28.0
48.0	32.0	-8.0

// Ward AM, 2014: PMID 23404748-1
// Subjects=20
18.0	-7.0	-37.0
-15.0	-28.0	-16.0
27.0	-19.0	-25.0
-24.0	-22.0	-27.0
-18.0	-10.0	-34.0
30.0	-34.0	-13.0
-25.0	-22.0	-22.0
27.0	-19.0	-22.0
27.0	-34.0	-13.0
-19.0	-7.0	-16.0
-18.0	-34.0	-4.0
24.0	-19.0	-28.0
-23.0	-19.0	-27.0
-24.0	2.0	-25.0
44.0	-52.0	-14.0
-8.0	-50.0	4.0
32.0	-20.0	-17.0
-22.0	-10.0	-16.0
18.0	-8.0	-16.0
-42.0	-46.0	-22.0
38.0	-53.0	-21.0
2.0	58.0	20.0
-3.0	59.0	-6.0
21.0	-7.0	-19.0
-6.0	-50.0	8.0
-3.0	-34.0	35.0
-42.0	-50.0	-19.0
9.0	-31.0	-18.0
18.0	-4.0	-19.0
-3.0	-58.0	26.0

// Klein-Flugge MC, 2013: PMID 23407973-1
// Subjects=20
-44.0	-6.0	-4.0
-15.0	8.0	-23.0
-10.0	42.0	-2.0
30.0	-22.0	-16.0
16.0	38.0	40.0
-18.0	2.0	-23.0
9.0	8.0	-17.0
-4.0	24.0	34.0
15.0	8.0	-20.0
42.0	-30.0	-26.0
-6.0	24.0	34.0
27.0	38.0	-11.0
52.0	18.0	-2.0
16.0	12.0	64.0
-18.0	12.0	64.0
32.0	4.0	60.0
40.0	44.0	24.0
32.0	4.0	60.0
24.0	35.0	-11.0
-24.0	35.0	-8.0
-21.0	38.0	-11.0
-36.0	40.0	16.0

// Akimoto Y, 2014: PMID 23408440-1
// Subjects=20
6.0	48.0	39.0
-51.0	0.0	-36.0
54.0	6.0	-21.0
45.0	-6.0	-39.0
45.0	3.0	-39.0
18.0	54.0	39.0
57.0	-48.0	21.0
57.0	33.0	18.0
21.0	-6.0	-24.0
57.0	-24.0	-18.0
-60.0	-60.0	24.0
-54.0	-24.0	-15.0

// Grabenhorst F, 2013: PMID 23428568-1
// Subjects=20
-32.0	22.0	34.0
18.0	-6.0	-22.0
-40.0	12.0	12.0
22.0	-2.0	-20.0
12.0	-10.0	-22.0
40.0	10.0	-6.0
-42.0	8.0	6.0
0.0	10.0	24.0
22.0	-4.0	-20.0
-28.0	24.0	14.0
-8.0	44.0	-18.0
64.0	-4.0	6.0
-20.0	24.0	34.0
-10.0	22.0	24.0
36.0	-16.0	2.0
60.0	-20.0	28.0
-6.0	18.0	-6.0
18.0	-4.0	-14.0

// Gili T, 2013: PMID 23447611-1
// Subjects=20
16.0	-50.0	-6.0
-20.0	-54.0	-6.0
0.0	-62.0	-32.0
-24.0	-70.0	-34.0
-50.0	-62.0	-4.0
-48.0	-20.0	56.0
-52.0	-40.0	2.0
-24.0	14.0	-2.0
-46.0	-36.0	50.0
-48.0	-30.0	18.0
4.0	20.0	30.0
-12.0	2.0	18.0
-2.0	-12.0	54.0
6.0	48.0	10.0
26.0	-70.0	-32.0
2.0	0.0	68.0
26.0	-54.0	24.0
46.0	-52.0	48.0
30.0	-32.0	-6.0
26.0	14.0	-6.0
14.0	4.0	18.0
-46.0	-50.0	-22.0

// Alessandrini M, 2013: PMID 23505435-1
// Subjects=20
30.0	18.0	-24.0
10.0	7.0	-17.0
24.0	6.0	-32.0
-4.0	-64.0	49.0
-2.0	-45.0	63.0
2.0	-90.0	17.0
10.0	13.0	-19.0
18.0	1.0	-19.0
-46.0	-46.0	48.0
-2.0	-97.0	3.0
20.0	-13.0	-20.0
38.0	7.0	-21.0
4.0	-42.0	57.0
-22.0	-92.0	-16.0
-22.0	-86.0	34.0
16.0	-95.0	-4.0
-51.0	-27.0	51.0
12.0	-86.0	37.0
22.0	-94.0	-14.0
-40.0	1.0	-12.0
8.0	-92.0	27.0
28.0	-73.0	50.0
22.0	-50.0	47.0
-2.0	-65.0	53.0

// Ding X, 2013: PMID 23527165-1
// Subjects=20
-54.0	27.0	-3.0
-54.0	-33.0	18.0
45.0	-81.0	15.0
3.0	-39.0	48.0
-3.0	12.0	69.0
-57.0	-15.0	18.0
15.0	21.0	30.0
-42.0	-15.0	-27.0
-27.0	-42.0	-33.0
6.0	27.0	15.0
42.0	36.0	42.0
-27.0	-6.0	57.0
-42.0	-69.0	45.0
-48.0	-45.0	24.0
-27.0	-66.0	-45.0
3.0	-57.0	-12.0
-6.0	21.0	30.0
-12.0	-57.0	42.0
21.0	-15.0	-18.0
36.0	-78.0	-3.0
66.0	-27.0	39.0
-9.0	39.0	45.0
-54.0	-24.0	6.0
3.0	30.0	30.0
-27.0	51.0	0.0
45.0	0.0	42.0
42.0	15.0	-33.0
-30.0	-78.0	-21.0
39.0	9.0	6.0
30.0	33.0	45.0
-15.0	-90.0	-27.0
24.0	36.0	33.0
27.0	30.0	54.0

// Kullmann JS, 2013: PMID 23547245-1
// Subjects=20
-24.0	-92.0	-18.0
34.0	24.0	2.0
-54.0	-24.0	54.0
30.0	-92.0	-10.0
6.0	16.0	48.0
4.0	26.0	50.0
-6.0	16.0	48.0
-6.0	28.0	44.0
-10.0	24.0	44.0
30.0	22.0	-12.0
10.0	26.0	34.0
-54.0	-54.0	10.0
-60.0	-42.0	20.0
50.0	-30.0	0.0
44.0	16.0	-24.0
-56.0	-44.0	4.0
50.0	-36.0	-2.0
-44.0	20.0	32.0
44.0	-4.0	60.0
30.0	0.0	48.0
-54.0	-46.0	4.0
10.0	24.0	34.0
58.0	32.0	12.0
-60.0	-36.0	20.0
-54.0	30.0	0.0
-26.0	-62.0	50.0
40.0	-4.0	-6.0
34.0	-6.0	56.0
24.0	-34.0	-4.0
-4.0	2.0	46.0
6.0	60.0	-8.0
30.0	40.0	38.0
-46.0	-84.0	20.0
54.0	-44.0	22.0
60.0	-6.0	2.0
-10.0	-78.0	20.0
52.0	-6.0	4.0
52.0	-34.0	16.0
44.0	-84.0	20.0
44.0	-8.0	36.0
34.0	-8.0	-8.0
12.0	-84.0	0.0
-34.0	-24.0	-26.0
-2.0	-82.0	16.0
10.0	-60.0	6.0
44.0	-80.0	34.0
2.0	-84.0	16.0
42.0	-82.0	32.0
52.0	-44.0	28.0
-38.0	-24.0	46.0
8.0	-52.0	72.0
-50.0	-5.0	53.0

// Dillon DG, 2013: PMID 23570916-1
// Subjects=20
-36.0	-84.0	36.0
-26.0	26.0	46.0
-12.0	38.0	0.0
10.0	-52.0	-54.0
24.0	-8.0	-22.0
-2.0	4.0	4.0

// Robinson OJ, 2013: PMID 23583742-1
// Subjects=20
2.0	38.0	0.0
-30.0	-12.0	10.0
-30.0	8.0	18.0
-40.0	-26.0	28.0
-48.0	-6.0	12.0
-12.0	-50.0	-20.0
36.0	-34.0	54.0
34.0	-14.0	50.0
-28.0	-18.0	22.0
38.0	18.0	16.0
-36.0	-2.0	20.0
42.0	-50.0	-4.0
40.0	-36.0	30.0
14.0	-30.0	30.0
24.0	-48.0	26.0
52.0	-2.0	8.0
24.0	-16.0	56.0
-28.0	-36.0	10.0
30.0	-36.0	26.0
36.0	-50.0	12.0
4.0	8.0	60.0
-32.0	-72.0	2.0
-34.0	-56.0	10.0
-18.0	-54.0	24.0
-16.0	-60.0	32.0
28.0	8.0	-16.0
36.0	-46.0	-6.0
22.0	-48.0	16.0
-36.0	-48.0	14.0
22.0	-76.0	-6.0
24.0	-74.0	20.0
28.0	-44.0	-16.0
8.0	30.0	12.0
2.0	44.0	0.0
46.0	8.0	-18.0
20.0	-16.0	2.0
24.0	6.0	38.0
6.0	-34.0	10.0
32.0	-28.0	-8.0
34.0	-4.0	40.0
12.0	18.0	40.0
-10.0	40.0	38.0
-42.0	-16.0	22.0
-30.0	-40.0	10.0
-28.0	-62.0	12.0
20.0	22.0	30.0
-12.0	-32.0	30.0
6.0	-34.0	14.0
18.0	24.0	32.0
32.0	-56.0	10.0
-20.0	-28.0	18.0
-34.0	0.0	-2.0
36.0	-66.0	-8.0
-44.0	-4.0	10.0
-4.0	6.0	8.0
22.0	2.0	34.0
46.0	10.0	8.0
24.0	-62.0	26.0
8.0	30.0	12.0
10.0	28.0	50.0
20.0	-16.0	2.0
-24.0	36.0	4.0
22.0	-44.0	16.0
32.0	10.0	20.0
-10.0	40.0	38.0
-28.0	-38.0	58.0
14.0	-4.0	40.0
-12.0	-44.0	8.0
-14.0	48.0	24.0
-42.0	-8.0	34.0
6.0	-18.0	32.0
0.0	-6.0	34.0
36.0	-32.0	26.0
-28.0	-38.0	10.0
-14.0	-44.0	4.0
16.0	-56.0	-4.0
-8.0	-14.0	24.0
-12.0	-38.0	30.0
22.0	-44.0	18.0

// McNorgan C, 2013: PMID 23588185-1
// Subjects=20
26.0	-88.0	30.0
44.0	-8.0	-22.0
24.0	16.0	12.0
-18.0	-4.0	22.0
-18.0	2.0	6.0
62.0	-30.0	18.0
4.0	-74.0	28.0
-64.0	-40.0	18.0
28.0	-50.0	-12.0
12.0	-36.0	-6.0
-26.0	-54.0	50.0
20.0	-24.0	-2.0
-8.0	8.0	48.0
-6.0	-72.0	6.0
12.0	-70.0	-10.0
-2.0	6.0	54.0
38.0	-58.0	-20.0
0.0	8.0	58.0
40.0	18.0	2.0
-38.0	-88.0	4.0
-2.0	-74.0	34.0
60.0	-20.0	10.0
-6.0	-20.0	10.0
28.0	-46.0	0.0
48.0	-36.0	26.0
-60.0	-32.0	12.0
-44.0	32.0	24.0
-22.0	-56.0	56.0
18.0	-96.0	12.0
24.0	-16.0	-16.0
-40.0	-8.0	-12.0
-46.0	-14.0	50.0
62.0	-18.0	0.0
-24.0	-6.0	12.0
-8.0	-44.0	-10.0
12.0	-54.0	-4.0
-2.0	-90.0	28.0
22.0	-58.0	22.0
-46.0	20.0	0.0
-4.0	-2.0	62.0
-60.0	-22.0	6.0
8.0	12.0	44.0
-30.0	-16.0	70.0
-2.0	10.0	52.0
42.0	-30.0	-16.0
-34.0	-92.0	0.0
20.0	-96.0	6.0
-8.0	-16.0	-8.0
18.0	-70.0	-12.0
14.0	14.0	40.0
-6.0	0.0	38.0
-24.0	-14.0	6.0
-50.0	-42.0	30.0
-40.0	10.0	32.0

// Cooper JC, 2013: PMID 23599165-1
// Subjects=20
-45.0	-70.0	28.0
-3.0	38.0	15.0
-54.0	-49.0	-7.0
-15.0	65.0	17.0
9.0	14.0	-4.0
30.0	-58.0	-15.0
42.0	-61.0	-4.0
36.0	-76.0	-32.0
6.0	-58.0	-18.0
-51.0	-43.0	0.0
-33.0	-49.0	0.0
9.0	53.0	25.0
-3.0	-61.0	21.0
-3.0	-34.0	39.0
-42.0	-64.0	-25.0
-21.0	26.0	53.0
6.0	29.0	14.0
-3.0	44.0	-15.0
-18.0	-19.0	57.0
33.0	-34.0	-4.0
-36.0	20.0	-18.0
-33.0	-70.0	35.0
18.0	-4.0	28.0
12.0	41.0	14.0
-36.0	-82.0	0.0
39.0	-79.0	-14.0
33.0	29.0	0.0
9.0	11.0	64.0
24.0	-46.0	46.0
-21.0	32.0	42.0
-6.0	-70.0	-22.0
6.0	-43.0	-43.0
-6.0	38.0	-15.0
-6.0	-73.0	21.0
48.0	8.0	18.0
39.0	-4.0	46.0
9.0	-34.0	42.0
54.0	-55.0	28.0
-6.0	11.0	-4.0
-3.0	-19.0	0.0

// Wing EA, 2013: PMID 23607935-1
// Subjects=20
0.0	-60.0	-34.0
-34.0	-83.0	15.0
0.0	-26.0	19.0
-26.0	-68.0	38.0
45.0	-56.0	-30.0
34.0	19.0	-8.0
0.0	23.0	34.0
11.0	8.0	-8.0
-53.0	34.0	4.0
-30.0	23.0	-8.0
8.0	-83.0	19.0
-49.0	-49.0	-11.0
15.0	-41.0	-46.0
-49.0	-11.0	-4.0
11.0	60.0	8.0
64.0	-49.0	-4.0
56.0	-19.0	-23.0
-56.0	-4.0	-30.0
-45.0	4.0	-34.0
49.0	-68.0	30.0
-49.0	-71.0	34.0
8.0	-53.0	34.0
53.0	-30.0	19.0
23.0	-41.0	57.0
23.0	19.0	42.0
-41.0	-53.0	-30.0
-30.0	23.0	38.0
-23.0	-83.0	-8.0
-23.0	-41.0	0.0
11.0	-71.0	-8.0
-56.0	-56.0	27.0
-23.0	19.0	-19.0
-34.0	-4.0	4.0
45.0	-30.0	19.0
38.0	-23.0	15.0
30.0	-8.0	-23.0
53.0	-8.0	-11.0
-49.0	-8.0	-23.0
-15.0	41.0	-4.0
-49.0	26.0	4.0
-30.0	-11.0	-27.0
53.0	26.0	-4.0
-56.0	-26.0	-27.0
-60.0	15.0	8.0
-64.0	-38.0	4.0
11.0	41.0	-15.0
23.0	-86.0	-42.0
4.0	-68.0	-23.0
15.0	-49.0	46.0
26.0	-49.0	68.0
-19.0	-53.0	72.0
23.0	38.0	-19.0
-34.0	-23.0	-23.0
-15.0	30.0	0.0
56.0	-45.0	-23.0
45.0	-15.0	0.0
49.0	4.0	-19.0
60.0	-53.0	34.0

// Heusser AC, 2013: PMID 23651708-1
// Subjects=20
-44.0	30.0	14.0
34.0	26.0	0.0
-26.0	-46.0	-28.0
-16.0	-46.0	-8.0
-30.0	-36.0	-26.0
-30.0	-48.0	-26.0
-28.0	-10.0	-28.0
-2.0	18.0	50.0
-46.0	10.0	32.0
-44.0	-54.0	-20.0
14.0	-70.0	-56.0
-12.0	14.0	72.0
34.0	-38.0	-26.0
-6.0	-16.0	4.0
-36.0	-42.0	-30.0
24.0	-46.0	-58.0
-36.0	56.0	0.0
-34.0	-34.0	-22.0
-20.0	-48.0	-8.0
-32.0	-6.0	-48.0
40.0	-60.0	-38.0
42.0	36.0	34.0
44.0	46.0	0.0
-46.0	-60.0	-30.0
-34.0	34.0	-16.0
46.0	-64.0	-36.0
-32.0	-8.0	-40.0
46.0	-64.0	-34.0
24.0	-8.0	-28.0
-40.0	10.0	-18.0
-36.0	-4.0	-44.0

// Bozic M, 2013: PMID 23662864-1
// Subjects=20
-58.0	8.0	20.0
-48.0	-68.0	16.0
62.0	0.0	-2.0
60.0	-4.0	-20.0
36.0	24.0	-20.0
-54.0	-12.0	-6.0
-64.0	-34.0	4.0
-48.0	-60.0	-14.0
-46.0	34.0	0.0
30.0	-26.0	-14.0
2.0	58.0	2.0
26.0	-18.0	-12.0
-6.0	32.0	-10.0
12.0	34.0	-8.0
50.0	-60.0	20.0
58.0	-54.0	2.0
60.0	14.0	22.0
50.0	8.0	16.0
52.0	4.0	30.0
36.0	-36.0	-16.0
-52.0	-56.0	2.0
-58.0	-26.0	-2.0
56.0	10.0	18.0
-45.0	18.0	11.0
58.0	-38.0	14.0
9.0	33.0	22.0
-9.0	39.0	19.0
-3.0	51.0	11.0
36.0	18.0	-34.0
-44.0	-28.0	8.0
42.0	-84.0	15.0
48.0	-42.0	11.0
-54.0	-50.0	4.0
27.0	-72.0	22.0
-36.0	27.0	0.0
-42.0	18.0	4.0
-54.0	-12.0	-22.0
-48.0	-3.0	-22.0
21.0	15.0	-19.0
39.0	21.0	-19.0
30.0	6.0	-15.0
-42.0	18.0	-22.0
-36.0	36.0	-15.0
-24.0	18.0	-19.0
62.0	-32.0	20.0
48.0	3.0	-22.0

// Curley LE, 2013: PMID 23666554-1
// Subjects=20
56.0	2.0	28.0
-20.0	-30.0	-12.0
40.0	2.0	26.0
-30.0	-78.0	30.0
28.0	-8.0	4.0
-64.0	-10.0	12.0
35.0	21.0	2.0
64.0	-38.0	0.0
8.0	-36.0	-16.0
56.0	-54.0	2.0
36.0	-20.0	12.0
-6.0	-74.0	-2.0
-10.0	-64.0	34.0
-56.0	-26.0	-2.0
10.0	32.0	34.0
-14.0	38.0	29.0
53.0	36.0	8.0
57.0	-21.0	38.0
54.0	2.0	18.0
28.0	-34.0	-2.0
0.0	-66.0	-24.0
9.0	-42.0	-16.0
-60.0	-20.0	-6.0
28.0	-38.0	6.0
35.0	21.0	-8.0

// O'Neill A, 2013: PMID 23684978-1
// Subjects=20
-26.0	-31.0	7.0
39.0	44.0	21.0
15.0	-42.0	48.0
17.0	-9.0	24.0
-38.0	51.0	67.0
21.0	-33.0	7.0
59.0	-40.0	7.0
24.0	-30.0	70.0
68.0	15.0	-2.0
-6.0	-84.0	86.0
-18.0	44.0	30.0
-6.0	-84.0	52.0
21.0	6.0	24.0
47.0	-67.0	-2.0
17.0	-9.0	24.0
-11.0	-96.0	-2.0
54.0	5.0	22.0
51.0	-93.0	-21.0
-57.0	-3.0	56.0
39.0	44.0	21.0
21.0	6.0	24.0
-24.0	32.0	25.0
-41.0	-27.0	-41.0
39.0	39.0	30.0
-41.0	-88.0	36.0
-41.0	-9.0	25.0
-35.0	-69.0	-21.0
-44.0	-72.0	39.0
33.0	3.0	19.0
39.0	-63.0	-23.0
15.0	-31.0	42.0
-44.0	54.0	-11.0
-21.0	-94.0	4.0
-18.0	69.0	12.0
39.0	-84.0	-8.0
-36.0	-91.0	-17.0
66.0	-22.0	4.0
-18.0	-85.0	-6.0
33.0	-22.0	-9.0
15.0	74.0	6.0
-14.0	57.0	9.0
-8.0	-90.0	7.0
50.0	-39.0	19.0
32.0	26.0	19.0

// Aust S, 2013: PMID 23685776-1
// Subjects=20
38.0	5.0	-20.0
-3.0	32.0	-8.0
54.0	-10.0	7.0
12.0	-91.0	19.0
-3.0	56.0	-11.0
27.0	-13.0	-17.0
18.0	-4.0	-17.0
-54.0	11.0	-5.0
39.0	2.0	10.0
21.0	-7.0	-14.0
-63.0	-10.0	-17.0
-3.0	32.0	-11.0
24.0	-7.0	-14.0
3.0	-25.0	61.0
57.0	-10.0	4.0
-48.0	-16.0	4.0

// Tu PC, 2013: PMID 23706416-1
// Subjects=20
-10.0	10.0	66.0
-14.0	22.0	-4.0
6.0	-28.0	24.0
10.0	-62.0	-40.0
4.0	22.0	28.0
22.0	-12.0	-2.0
-38.0	-62.0	-32.0
-10.0	-12.0	8.0
0.0	-58.0	-32.0
48.0	-50.0	60.0
-30.0	-80.0	-40.0
-8.0	-26.0	-22.0
4.0	-8.0	10.0
-46.0	-64.0	-38.0
4.0	26.0	40.0
2.0	-2.0	4.0
0.0	-54.0	-34.0
2.0	28.0	34.0
4.0	-84.0	-32.0
20.0	14.0	10.0
-20.0	-24.0	14.0
-52.0	-12.0	44.0
44.0	-68.0	20.0
54.0	-10.0	40.0
50.0	-36.0	-4.0
-54.0	-10.0	42.0
-52.0	-34.0	0.0
0.0	-20.0	68.0
0.0	50.0	-16.0
22.0	-46.0	70.0
-50.0	-20.0	46.0
22.0	0.0	-30.0
46.0	-14.0	64.0
56.0	-8.0	-16.0
-54.0	-38.0	2.0
50.0	-20.0	46.0
28.0	-38.0	-48.0
32.0	-16.0	-22.0
2.0	-30.0	66.0
58.0	-26.0	-4.0
-62.0	-16.0	40.0

// Ding X, 2013: PMID 23707901-1
// Subjects=20
-36.0	38.0	19.0
-33.0	-16.0	-14.0
-21.0	-22.0	61.0
-33.0	-13.0	-17.0
33.0	-16.0	-14.0
39.0	-25.0	-14.0
-33.0	-10.0	-17.0
-33.0	-13.0	-17.0

// Farmer AD, 2013: PMID 23714265-1
// Subjects=20
39.7	-9.4	7.4
-10.7	-55.9	-24.9
-14.0	-4.5	-21.4
-6.3	-14.7	-2.8
8.6	-19.5	-10.3
-29.8	-18.9	1.2
13.2	-15.4	41.7
-13.4	-34.4	46.9
-6.1	-7.7	33.4
29.8	-13.9	-23.3
59.1	-27.6	31.0
44.2	5.1	43.0
59.1	-23.8	26.2
63.4	-18.9	33.6
8.7	-70.7	-12.7
-53.1	-16.4	34.7
35.3	-10.5	-6.9
51.8	-29.7	45.8
-18.1	-55.0	-13.7
63.3	-32.0	15.7
57.0	-19.1	31.5
-33.6	-30.5	58.0
-22.3	-1.5	18.6
56.8	-8.1	8.2
24.5	-0.1	-22.2
5.9	-9.9	59.1
-31.6	-12.3	45.3
12.9	-10.1	-0.0
-53.2	-21.3	12.8
12.9	-14.9	-6.3
-33.2	22.3	-3.3
9.9	9.4	32.9
-31.0	-1.0	-1.4
0.2	20.4	24.3
27.8	-63.3	-28.1
39.7	39.1	29.0
-25.6	1.3	-0.5
61.2	-33.9	18.1
55.7	4.3	17.2
35.3	25.5	4.5
17.1	25.3	3.7
32.2	35.9	29.4
41.7	44.2	11.8
-49.0	2.8	21.9
-56.5	10.5	11.3
18.2	44.7	19.9

// Vetter NC, 2013: PMID 23716712-1
// Subjects=20
-60.0	-48.0	8.0
0.0	40.0	-18.0
-8.0	58.0	32.0
-48.0	26.0	-4.0
58.0	26.0	12.0
-48.0	14.0	-26.0
48.0	14.0	-32.0
-58.0	0.0	-16.0
54.0	4.0	-22.0
48.0	-36.0	2.0
-42.0	-38.0	-20.0
20.0	-16.0	-16.0
64.0	-50.0	12.0
8.0	14.0	72.0
-10.0	6.0	9.0
14.0	10.0	0.0
-2.0	-6.0	8.0
20.0	-92.0	-4.0
26.0	-86.0	-36.0
-20.0	-76.0	-38.0
-56.0	-40.0	4.0
-22.0	-14.0	-14.0

// Sami S, 2013: PMID 23720616-1
// Subjects=20
-27.0	-1.0	-20.0
13.0	48.0	-17.0
-20.0	47.0	-17.0
24.0	-20.0	-11.0
21.0	-15.0	-22.0
23.0	1.0	-19.0
29.0	-40.0	-21.0
34.0	8.0	0.0
6.0	-54.0	42.0
-27.0	4.0	0.0
-21.0	0.0	-2.0
-56.0	21.0	5.0
-35.0	-67.0	-29.0
2.0	-40.0	-11.0
-59.0	-33.0	28.0
2.0	-67.0	-15.0

// Zhang J, 2013: PMID 23727173-1
// Subjects=20
-30.0	-78.0	-21.0
9.0	24.0	3.0
35.0	-18.0	-15.0
-48.0	-9.0	-9.0
-42.0	-21.0	-18.0
42.0	-21.0	-21.0
15.0	-78.0	-15.0
-18.0	27.0	0.0
54.0	27.0	9.0
-39.0	-66.0	-24.0
6.0	-87.0	36.0
27.0	-90.0	-3.0
-33.0	-87.0	0.0
-6.0	-9.0	9.0
12.0	-78.0	-15.0
-36.0	-84.0	0.0
3.0	-93.0	6.0
-54.0	-63.0	-3.0

// Roberts GM, 2013: PMID 23746613-1
// Subjects=20
-50.5	3.0	-45.0
-30.0	-11.3	-25.1
-21.5	-2.9	-27.0
29.8	-2.4	-25.4
6.6	-77.3	-14.4
-33.0	36.7	32.3
-13.3	-18.6	57.9
23.8	-3.2	33.8
18.0	44.3	-12.4
8.6	-37.2	-18.9
53.5	29.1	8.5
60.0	20.6	21.4
52.8	-41.3	33.4
17.0	45.6	5.3
-9.0	-71.9	43.3
33.4	24.7	35.9
66.2	1.0	-11.6
35.4	-1.8	9.1
-37.9	-59.3	43.7
-46.8	-31.8	14.7
-61.9	-2.1	0.2
-65.0	-32.2	10.5
29.0	-32.8	-5.0
-61.9	-39.0	-9.0
-1.1	-46.5	-29.1
-17.8	28.5	48.4
-30.4	-43.1	59.0
0.4	-67.6	15.0
18.7	-33.7	53.2
8.1	-61.2	55.6

// Mascetti L, 2013: PMID 23761912-1
// Subjects=20
-8.0	44.0	4.0
-24.0	26.0	44.0
-12.0	38.0	46.0
-52.0	-70.0	24.0
-50.0	-68.0	36.0
22.0	34.0	48.0
-10.0	-90.0	22.0
12.0	-48.0	32.0
-8.0	-56.0	12.0
48.0	-14.0	52.0
-58.0	-14.0	-14.0
28.0	-42.0	64.0
-8.0	-48.0	28.0
-24.0	-26.0	-18.0
42.0	-74.0	-2.0
14.0	-42.0	6.0
8.0	-28.0	42.0
56.0	-14.0	-14.0
66.0	-38.0	26.0
28.0	-48.0	-6.0
48.0	-34.0	48.0
-30.0	-72.0	38.0
28.0	-18.0	-20.0
-52.0	-38.0	48.0
44.0	-38.0	58.0
10.0	40.0	12.0
-16.0	-44.0	-10.0
-18.0	-44.0	62.0
54.0	-46.0	22.0
-48.0	-70.0	0.0

// Hahn A, 2013: PMID 23769917-1
// Subjects=20
8.0	-42.0	26.0
0.0	-28.0	-4.0
44.0	-10.0	10.0
50.0	-26.0	22.0
-54.0	-30.0	30.0
-38.0	-6.0	16.0
10.0	-48.0	-20.0
-4.0	-14.0	12.0
52.0	-8.0	52.0
42.0	-24.0	46.0
4.0	-20.0	52.0
-60.0	16.0	-6.0
12.0	42.0	-6.0
-12.0	28.0	-20.0
-22.0	-82.0	50.0
0.0	-36.0	-14.0
-8.0	-70.0	32.0
1.0	-35.0	-8.0
1.0	-35.0	-9.0
64.0	16.0	-2.0
30.0	-20.0	-16.0

// Saletin JM, 2013: PMID 23770411-1
// Subjects=20
54.0	-15.0	7.0
38.0	21.0	2.0
-40.0	-26.0	15.0
-36.0	-8.0	20.0
-39.0	-26.0	14.0
52.0	-19.0	8.0
-35.0	-2.0	18.0
-1.0	34.0	-27.0
8.0	3.0	-5.0
-46.0	-5.0	14.0
7.0	-9.0	32.0
2.0	34.0	-27.0
8.0	-17.0	33.0
26.0	-31.0	-9.0
-25.0	-27.0	-8.0
-2.0	2.0	-8.0

// Corradi-Dell'acqua C, 2013: PMID 23770622-1
// Subjects=20
60.0	-58.0	28.0
4.0	-52.0	28.0
6.0	54.0	-6.0
-4.0	-28.0	26.0
18.0	-72.0	2.0
64.0	-32.0	36.0
54.0	8.0	-26.0
8.0	58.0	12.0
48.0	30.0	-8.0
-4.0	44.0	-10.0
-52.0	-58.0	26.0
-64.0	-16.0	-14.0
-48.0	30.0	-8.0
-22.0	-10.0	-14.0
46.0	42.0	6.0
-2.0	-18.0	36.0
8.0	-82.0	28.0
66.0	-22.0	30.0
-58.0	-32.0	32.0
24.0	-10.0	-16.0
12.0	4.0	-8.0
8.0	-52.0	28.0
-58.0	-36.0	34.0
-64.0	-20.0	-12.0
-28.0	34.0	-14.0
-40.0	-4.0	-6.0
8.0	56.0	12.0
-4.0	44.0	-14.0
6.0	-54.0	30.0
58.0	-46.0	22.0
66.0	-24.0	-4.0
-42.0	42.0	10.0
26.0	-22.0	-16.0
16.0	10.0	-8.0
-20.0	-28.0	-12.0
8.0	56.0	10.0
-4.0	44.0	-14.0
0.0	-14.0	38.0
62.0	-8.0	-12.0
-12.0	12.0	-8.0
-30.0	10.0	-22.0
-48.0	-58.0	24.0
-10.0	-70.0	34.0
-14.0	-16.0	72.0
-50.0	8.0	18.0
-2.0	-56.0	36.0
-14.0	8.0	-12.0
-56.0	-34.0	36.0
-38.0	-8.0	-6.0
-6.0	-60.0	44.0
-38.0	-74.0	34.0
2.0	54.0	-16.0
-6.0	-60.0	18.0
12.0	2.0	0.0
-14.0	8.0	4.0
66.0	-40.0	22.0
62.0	-54.0	26.0
24.0	32.0	50.0
-52.0	-56.0	30.0
-64.0	-14.0	-12.0
-28.0	30.0	48.0
-26.0	-34.0	-16.0
6.0	60.0	16.0
52.0	2.0	-28.0
-53.0	-36.0	36.0
60.0	-56.0	28.0
-14.0	-56.0	16.0
-56.0	-20.0	-8.0
16.0	-72.0	46.0
-6.0	-62.0	18.0
-46.0	-64.0	14.0
-2.0	48.0	-18.0
-4.0	-52.0	30.0
40.0	-28.0	64.0
-54.0	-60.0	32.0
-60.0	-10.0	-14.0
-48.0	28.0	8.0
-58.0	-34.0	36.0
58.0	-2.0	-26.0
-40.0	-12.0	4.0
-52.0	-68.0	16.0
52.0	-24.0	-10.0
-46.0	6.0	16.0
38.0	-28.0	66.0
58.0	-46.0	24.0
-4.0	50.0	18.0
8.0	44.0	28.0
20.0	2.0	-8.0

// Mundy ME, 2013: PMID 23785161-1
// Subjects=20
-30.0	-6.0	-18.0
23.0	-32.0	5.0
-23.0	-29.0	0.0
27.0	-15.0	-18.0
27.0	-40.0	-7.0
-23.0	-44.0	-9.0
41.0	-47.0	-17.0
-38.0	-46.0	-16.0
-26.0	-9.0	-18.0
29.0	-9.0	-18.0

// Arenaza-Urquijo EM, 2013: PMID 23796547-1
// Subjects=20
-2.0	29.0	18.0
60.0	-8.0	-1.0
-30.0	19.0	8.0
-2.0	25.0	21.0
6.0	-45.0	20.0
-37.0	-60.0	14.0
-26.0	13.0	-10.0
21.0	-17.0	-15.0

// Wang S, 2013: PMID 23800705-1
// Subjects=20
-3.0	-42.0	33.0
0.0	55.0	-5.0
-33.0	-18.0	48.0
9.0	20.0	49.0
42.0	12.0	-1.0
9.0	-53.0	-2.0
-12.0	19.0	32.0
-39.0	0.0	3.0
-3.0	11.0	46.0
-3.0	-45.0	33.0
-50.0	-18.0	51.0
33.0	-27.0	-14.0
0.0	57.0	6.0
6.0	-77.0	-16.0
-27.0	-53.0	39.0
15.0	34.0	-9.0
39.0	26.0	-4.0
6.0	25.0	43.0
-6.0	-46.0	5.0
-45.0	10.0	27.0
-30.0	8.0	-11.0
42.0	12.0	-1.0
-39.0	-71.0	34.0
24.0	-47.0	41.0
-30.0	26.0	-1.0
-12.0	-67.0	50.0
-21.0	9.0	0.0
5.0	-50.0	5.0
-45.0	-79.0	-6.0
-50.0	22.0	29.0
30.0	-27.0	-14.0
0.0	-56.0	36.0
-30.0	-9.0	-15.0
-53.0	-26.0	-4.0
33.0	-10.0	36.0
24.0	-7.0	-15.0
-9.0	-46.0	11.0
-42.0	-61.0	3.0
12.0	-53.0	-5.0
-3.0	7.0	25.0
-18.0	21.0	21.0
-6.0	-50.0	41.0
-42.0	-62.0	42.0
-56.0	-32.0	2.0
48.0	-56.0	42.0
18.0	-77.0	-16.0
-27.0	-33.0	29.0
21.0	-44.0	44.0
-42.0	-58.0	6.0
-45.0	10.0	30.0

// Goldstein AN, 2013: PMID 23804084-1
// Subjects=20
32.0	22.0	14.0
-48.0	-40.0	22.0
24.0	6.0	-22.0
24.0	-2.0	-16.0
-18.0	-6.0	-16.0
-28.0	-42.0	-16.0
28.0	-50.0	-14.0
-42.0	-8.0	54.0
68.0	-10.0	18.0
-34.0	-10.0	12.0
32.0	-8.0	14.0
-46.0	-68.0	12.0
46.0	4.0	28.0
28.0	-18.0	-16.0
10.0	4.0	34.0
-36.0	-36.0	50.0
-60.0	-6.0	-2.0
56.0	-34.0	16.0
-2.0	-2.0	50.0
52.0	-14.0	30.0
-44.0	-72.0	46.0
-48.0	42.0	28.0
-10.0	38.0	42.0
46.0	-16.0	-22.0
-20.0	-58.0	60.0
32.0	-18.0	12.0
32.0	20.0	14.0
-8.0	-34.0	-44.0
16.0	-38.0	-46.0
42.0	-58.0	38.0
-54.0	46.0	-10.0
-26.0	-58.0	26.0
-26.0	-74.0	12.0
-48.0	-72.0	42.0
28.0	12.0	20.0
28.0	18.0	32.0
28.0	-18.0	50.0
54.0	-24.0	-22.0
-16.0	6.0	18.0
34.0	18.0	18.0
60.0	-18.0	52.0

// Karunanayaka P, 2014: PMID 23818133-1
// Subjects=20
-21.0	-1.0	-20.0
-27.0	-83.0	36.0
29.0	-89.0	24.0
27.0	1.0	-4.0
-21.0	15.0	-8.0
29.0	3.0	-14.0
19.0	7.0	-6.0
-23.0	13.0	-14.0
-15.0	-27.0	-4.0
29.0	-5.0	-10.0
-19.0	13.0	-8.0
29.0	-11.0	-2.0
-23.0	15.0	-4.0
19.0	-15.0	-22.0
19.0	-5.0	-26.0
-23.0	-7.0	-20.0
21.0	-15.0	-20.0
19.0	-3.0	-20.0
-31.0	61.0	14.0
-19.0	-5.0	-22.0
-51.0	21.0	26.0
53.0	9.0	20.0
27.0	59.0	20.0
-1.0	37.0	30.0
3.0	31.0	30.0
-21.0	-3.0	-22.0

// Debbane M, 2014: PMID 23819895-1
// Subjects=20
56.0	-64.0	32.0
0.0	36.0	-18.0
28.0	-12.0	-18.0
2.0	-52.0	22.0
-62.0	-12.0	-18.0
40.0	-10.0	60.0
-10.0	-52.0	28.0
-28.0	-82.0	-30.0
0.0	-16.0	36.0
-2.0	-30.0	-30.0
-14.0	36.0	42.0
-2.0	-50.0	26.0
56.0	-64.0	28.0
0.0	-14.0	38.0
-34.0	-24.0	48.0
-18.0	-68.0	-2.0
-8.0	-52.0	24.0
-38.0	16.0	50.0
-12.0	56.0	36.0
-6.0	-52.0	24.0
-16.0	52.0	30.0

// Yakunina N, 2013: PMID 23823501-1
// Subjects=20
22.0	-6.0	-8.0
64.0	-12.0	32.0
-34.0	-26.0	70.0
-60.0	-34.0	-12.0
44.0	-26.0	48.0
-36.0	-42.0	-24.0
24.0	-4.0	74.0
4.0	-18.0	52.0
4.0	-40.0	-36.0
-54.0	-20.0	4.0
4.0	-32.0	30.0
-4.0	-22.0	66.0
-36.0	-14.0	-28.0
-4.0	-16.0	-2.0
-8.0	-32.0	24.0
30.0	-8.0	-38.0
-6.0	-32.0	-8.0
60.0	-28.0	42.0
-42.0	-24.0	10.0
-12.0	-38.0	-54.0
14.0	-28.0	-14.0
-64.0	-14.0	46.0
-16.0	-20.0	-32.0
0.0	-8.0	-20.0
-4.0	-26.0	-58.0
4.0	-40.0	-50.0
4.0	-18.0	-30.0
8.0	-38.0	-24.0
6.0	-24.0	-44.0
-24.0	-36.0	-30.0
-12.0	-6.0	-22.0
6.0	-38.0	2.0
16.0	-4.0	16.0
-20.0	-8.0	12.0
6.0	-38.0	-66.0
-2.0	-22.0	-2.0
14.0	-10.0	-22.0
12.0	-8.0	-30.0
4.0	-32.0	-58.0
16.0	-24.0	-44.0

// Ulrich M, 2013: PMID 23859642-1
// Subjects=20
-30.0	18.0	-2.0
-40.0	-66.0	-14.0
-36.0	-54.0	-8.0
-52.0	-60.0	0.0
-2.0	16.0	52.0
4.0	22.0	46.0
-46.0	8.0	16.0
-28.0	30.0	0.0
22.0	12.0	10.0
-20.0	-12.0	4.0
-8.0	-16.0	6.0
-8.0	-72.0	-26.0
28.0	16.0	-2.0
2.0	-68.0	-20.0
16.0	-18.0	10.0
-18.0	4.0	12.0
-50.0	-14.0	-2.0
-54.0	12.0	22.0
-46.0	-42.0	16.0
10.0	-12.0	6.0
-54.0	-2.0	-8.0
62.0	-14.0	-2.0
30.0	-12.0	-4.0
14.0	-74.0	-34.0
32.0	-12.0	-20.0
-30.0	-34.0	58.0
42.0	-2.0	8.0
-10.0	-60.0	56.0
60.0	-24.0	6.0
-52.0	-28.0	20.0
4.0	-44.0	50.0
-16.0	-62.0	50.0
-12.0	12.0	36.0
20.0	-60.0	56.0
10.0	-2.0	50.0
32.0	-30.0	54.0
28.0	-22.0	64.0
50.0	-8.0	46.0
36.0	36.0	34.0
52.0	-42.0	22.0
-38.0	-8.0	48.0
-6.0	-8.0	58.0

// Krug A, 2014: PMID 23860750-1
// Subjects=20
-2.0	46.0	33.0
-50.0	-20.0	25.0
6.0	52.0	47.0
52.0	-18.0	-23.0
-2.0	-48.0	-31.0
34.0	-50.0	-5.0
19.0	-40.0	-1.0
10.0	-90.0	31.0
-4.0	28.0	17.0
42.0	22.0	23.0
12.0	-6.0	-13.0
-8.0	-46.0	-5.0
30.0	-28.0	-7.0
12.0	-24.0	13.0
-10.0	-22.0	9.0
-30.0	-60.0	39.0
-10.0	-82.0	33.0
-4.0	22.0	27.0
34.0	40.0	7.0
5.0	30.0	10.0
52.0	-74.0	-1.0

// Bukowski H, 2013: PMID 23906596-1
// Subjects=20
-42.7	-47.0	-17.5
23.5	-5.9	-15.0
-10.4	-73.0	1.1
27.0	-93.6	-7.7
39.5	-44.7	-23.1
54.8	-50.2	15.1
-57.4	-51.5	7.6
-25.4	-95.4	-12.5
-19.3	-10.3	-13.0
-33.0	13.3	18.6
32.1	-25.7	-10.1
29.7	-0.7	-31.1
3.7	-71.8	28.7
35.5	11.0	23.6

// Fox KC, 2013: PMID 23908622-1
// Subjects=20
-16.1	-28.0	-21.6
-18.0	-52.5	-8.4
20.4	-31.0	-8.4
26.8	-41.8	-12.0
31.3	-68.1	5.7
24.5	-18.9	-18.4
24.8	-60.5	-6.0
3.1	35.2	-4.8
-7.1	-32.4	30.0
35.3	49.6	13.7
-5.3	18.9	5.6
41.4	38.5	-21.2
9.5	-15.1	-23.0
20.0	48.7	-24.0
-48.2	28.2	-8.1
31.3	-41.4	21.3
-33.4	40.3	-18.2

// Hamberger MJ, 2014: PMID 23918095-1
// Subjects=20
-59.0	-58.0	5.0
-46.0	6.0	37.0
30.0	-14.0	-3.0
-50.0	-6.0	41.0
-55.0	10.0	14.0
-55.0	-51.0	-13.0
10.0	-57.0	27.0
-51.0	-13.0	47.0
-4.0	-46.0	56.0
-10.0	-63.0	23.0
55.0	0.0	42.0
-32.0	-38.0	-18.0
30.0	-63.0	-20.0
-59.0	-9.0	15.0
-53.0	-59.0	-9.0
8.0	53.0	3.0
-36.0	23.0	-1.0
-34.0	-3.0	-20.0
50.0	-58.0	38.0
40.0	17.0	38.0
-34.0	-18.0	-2.0
8.0	-32.0	51.0
55.0	-62.0	0.0
24.0	-7.0	-20.0
-24.0	39.0	33.0
-6.0	-44.0	-18.0
10.0	64.0	6.0
65.0	-30.0	-9.0
48.0	-48.0	48.0
-24.0	8.0	-2.0
20.0	54.0	30.0
18.0	26.0	50.0
4.0	34.0	28.0
30.0	23.0	-3.0
55.0	-31.0	35.0
34.0	55.0	10.0
-22.0	6.0	49.0
20.0	-68.0	38.0
38.0	-6.0	-35.0

// Dong G, 2013: PMID 23933447-1
// Subjects=20
36.0	-21.0	-12.0
-39.0	0.0	15.0
6.0	-54.0	24.0
-27.0	-24.0	36.0
-21.0	12.0	-12.0

// van Mulukom V, 2013: PMID 23936055-1
// Subjects=20
20.0	34.0	44.0
-62.0	-10.0	-20.0
52.0	-53.0	22.0
58.0	-6.0	-18.0
24.0	-38.0	-10.0
-42.0	-70.0	30.0
-4.0	58.0	-6.0
-2.0	58.0	-6.0
-18.0	34.0	38.0
-24.0	-40.0	-8.0
-6.0	12.0	-6.0
-14.0	34.0	46.0
40.0	14.0	28.0
-18.0	-6.0	-14.0
-60.0	-10.0	-16.0
-12.0	64.0	12.0
-4.0	-56.0	22.0
-42.0	-70.0	30.0
32.0	-16.0	-18.0
30.0	32.0	-12.0
40.0	18.0	-30.0
-6.0	-62.0	24.0
-38.0	30.0	-16.0
-30.0	54.0	20.0
26.0	16.0	2.0
-20.0	34.0	32.0
58.0	14.0	10.0
-4.0	-34.0	-32.0
-36.0	-32.0	-28.0
20.0	42.0	12.0
20.0	14.0	-16.0
44.0	50.0	8.0
12.0	-4.0	6.0
-6.0	-74.0	-30.0
-24.0	0.0	18.0
-2.0	-26.0	28.0
8.0	-52.0	30.0
8.0	-52.0	-14.0
32.0	58.0	-4.0
56.0	-44.0	38.0
-22.0	-76.0	0.0
14.0	-66.0	36.0
4.0	-22.0	6.0
-34.0	32.0	32.0
-18.0	-82.0	-20.0
18.0	54.0	30.0
50.0	32.0	28.0
-26.0	2.0	-38.0
30.0	4.0	62.0
-4.0	-70.0	-42.0

// Salami A, 2014: PMID 23939020-1
// Subjects=20
0.0	11.0	50.0
32.0	-53.0	50.0
-36.0	-84.0	-6.0
-36.0	-42.0	45.0
27.0	-62.0	53.0
39.0	-54.0	-18.0
-39.0	-75.0	-17.0
-27.0	-69.0	30.0
6.0	18.0	39.0
32.0	-86.0	-9.0
8.0	-2.0	66.0
-8.0	15.0	42.0
27.0	-5.0	59.0
17.0	-6.0	18.0
-23.0	0.0	9.0
26.0	-2.0	6.0
36.0	50.0	27.0
48.0	38.0	26.0
-20.0	-69.0	45.0
-41.0	17.0	-2.0
-45.0	33.0	26.0
48.0	3.0	53.0
-45.0	-75.0	39.0
-6.0	-42.0	38.0
50.0	-69.0	42.0
-5.0	45.0	50.0
-56.0	-8.0	-14.0
-8.0	24.0	29.0
-27.0	-33.0	-12.0
30.0	-33.0	-14.0
-3.0	-96.0	20.0
6.0	57.0	36.0
23.0	-9.0	-18.0
14.0	-89.0	41.0
-21.0	-11.0	-14.0
-15.0	-64.0	19.0
-24.0	28.0	46.0
53.0	-6.0	-15.0
-28.0	19.0	60.0
-41.0	39.0	33.0
-26.0	-6.0	63.0
-25.0	-45.0	-9.0
-39.0	44.0	6.0
-27.0	-78.0	42.0
9.0	-37.0	69.0
6.0	-49.0	61.0
-24.0	-79.0	46.0
-2.0	-21.0	61.0
-6.0	22.0	64.0
-57.0	12.0	24.0
21.0	25.0	46.0
-45.0	17.0	-6.0
9.0	-15.0	43.0
36.0	47.0	29.0
-39.0	21.0	38.0
-26.0	-62.0	-14.0
12.0	35.0	27.0
-14.0	30.0	-24.0
45.0	39.0	27.0
12.0	3.0	18.0
-33.0	-86.0	21.0
10.0	-79.0	-12.0
-62.0	-20.0	21.0
54.0	-61.0	13.0
-15.0	-83.0	42.0
-38.0	41.0	20.0
-9.0	24.0	32.0
-50.0	30.0	-6.0
-11.0	6.0	3.0
60.0	24.0	15.0
2.0	45.0	12.0
-35.0	26.0	48.0
-3.0	29.0	15.0
5.0	50.0	26.0
-3.0	12.0	30.0
-36.0	-66.0	29.0
-33.0	-65.0	57.0
36.0	-75.0	41.0
-15.0	26.0	44.0
2.0	-48.0	9.0
-14.0	-68.0	60.0
-18.0	20.0	62.0
-51.0	-32.0	30.0
-45.0	-75.0	39.0
11.0	41.0	54.0
14.0	-63.0	-8.0
-33.0	50.0	18.0
-41.0	24.0	35.0
-2.0	27.0	22.0
-45.0	17.0	-6.0
-12.0	-36.0	36.0
8.0	54.0	42.0
-9.0	18.0	39.0
-9.0	35.0	21.0
-27.0	41.0	21.0
29.0	32.0	33.0
-45.0	17.0	-4.0
-38.0	-35.0	-20.0
-23.0	-9.0	53.0
6.0	36.0	23.0
-57.0	9.0	14.0
39.0	39.0	30.0
-33.0	32.0	5.0
53.0	39.0	8.0
-14.0	30.0	-24.0
-38.0	42.0	17.0
-44.0	-56.0	27.0
51.0	12.0	29.0
-60.0	-20.0	24.0
-45.0	-57.0	-15.0
11.0	35.0	41.0
-2.0	-8.0	74.0
-24.0	-9.0	3.0
-51.0	-27.0	2.0
-17.0	6.0	-2.0
-50.0	33.0	-6.0
-12.0	27.0	42.0
14.0	42.0	33.0
15.0	-63.0	-8.0
-9.0	-95.0	-6.0
-38.0	-56.0	26.0
-57.0	-30.0	0.0
-6.0	-8.0	68.0
-11.0	-78.0	44.0
-30.0	-65.0	55.0
-12.0	-44.0	42.0
36.0	-75.0	40.0
-36.0	-66.0	29.0
-51.0	-30.0	30.0
-12.0	-68.0	61.0
9.0	5.0	14.0
-23.0	-83.0	39.0
0.0	-5.0	74.0
-42.0	-74.0	24.0
-26.0	26.0	52.0
-41.0	24.0	32.0
-26.0	35.0	45.0
56.0	-63.0	15.0
-45.0	-42.0	53.0
-14.0	30.0	-24.0
-14.0	47.0	-21.0
2.0	-12.0	6.0
-41.0	-17.0	53.0
-57.0	-60.0	18.0
-14.0	48.0	43.0
14.0	9.0	9.0
-50.0	33.0	-8.0
42.0	32.0	16.0
-17.0	6.0	-3.0
-33.0	-65.0	57.0
-14.0	-69.0	61.0
-2.0	39.0	27.0
0.0	51.0	2.0
-26.0	35.0	45.0
-56.0	-27.0	2.0
-47.0	0.0	-2.0
36.0	-75.0	41.0
-2.0	5.0	47.0
14.0	-63.0	-8.0
-41.0	-60.0	24.0
-56.0	-58.0	18.0
40.0	-60.0	24.0
47.0	-62.0	-3.0
-9.0	47.0	5.0
0.0	36.0	12.0
-36.0	-66.0	29.0
-8.0	17.0	39.0
-33.0	33.0	30.0
-51.0	-45.0	41.0
-53.0	-2.0	-10.0
-11.0	18.0	0.0
-14.0	26.0	-23.0
9.0	6.0	9.0
-18.0	-72.0	14.0
42.0	33.0	17.0
-48.0	24.0	39.0
-45.0	-61.0	46.0

// Merz CJ, 2013: PMID 23945999-1
// Subjects=20
-3.0	17.0	34.0
33.0	-22.0	-11.0
-12.0	11.0	-11.0
12.0	11.0	-11.0
-15.0	14.0	-17.0

// Sylva D, 2013: PMID 23958585-1
// Subjects=20
37.7	-73.6	2.8
25.6	-5.3	-20.6
10.6	9.0	-13.9
-13.7	-16.8	13.1
33.2	-24.8	-12.4
10.8	-15.0	6.0
1.0	39.5	-4.0
10.7	-16.3	-10.6
-15.9	4.3	10.3
-2.7	1.7	58.3
26.7	-42.9	-26.4
-48.6	-26.7	52.3
22.6	-66.3	-12.1
15.0	5.4	7.6
4.3	41.4	20.3
-25.6	-0.2	-6.0
7.5	-2.3	-8.4
15.3	-88.3	7.6
10.5	38.3	-20.8
-18.1	-19.0	-1.2
64.2	-42.7	-13.5
-40.1	-54.2	40.0
16.0	4.8	-13.6
3.5	-78.6	-3.1
-37.9	-21.9	58.4
-43.6	-23.0	17.3
-2.5	-27.0	71.8
-18.7	-41.5	50.9
-24.1	-67.8	28.7
30.0	-39.4	-7.8
-12.6	-48.4	3.5
-23.0	-87.4	22.5
25.8	-71.5	-10.6
-36.1	-77.8	-3.8
16.1	-48.8	-19.1
44.8	-43.0	-28.9
19.5	-15.0	19.3
44.3	-19.5	55.0
-28.3	-24.8	61.9
-19.1	-10.7	9.3
5.7	-66.6	13.7
-23.5	6.5	-2.1

// Sui J, 2013: PMID 23978653-1
// Subjects=20
46.0	-6.0	-32.0
34.0	-22.0	-10.0
32.0	-10.0	-28.0
36.0	-12.0	-22.0
46.0	-34.0	-18.0
-58.0	-54.0	-10.0
-24.0	62.0	14.0
-40.0	-80.0	28.0
24.0	6.0	-34.0

// Oberndorfer T, 2013: PMID 23993362-1
// Subjects=20
37.7	-79.4	-3.4
-42.6	-58.9	-6.4
-27.5	-83.8	1.0
-44.9	38.8	4.3
-42.6	-57.2	-12.2
-29.6	-86.1	-1.0
-45.8	25.1	20.0
-37.2	-72.5	-3.1
35.6	-84.3	2.6
31.1	-45.3	-16.2
-25.1	-70.0	41.1
-25.1	-35.0	53.8
-40.5	-59.2	-9.8
38.7	-64.9	-8.0
27.7	-7.2	-18.3
34.5	-87.6	0.7
47.0	35.2	4.7
2.0	54.4	-4.2
48.2	-54.2	-9.0
51.5	12.2	23.3
0.5	-46.3	43.3
-28.5	-92.2	1.8
47.2	-57.4	-8.7
31.1	-8.6	4.1
14.8	55.0	-11.1
0.5	-50.3	32.5
-15.4	-15.7	68.8
43.2	-8.3	48.5
-24.7	-5.5	-18.9
-16.2	33.2	-15.6
16.3	20.6	39.7
3.2	-36.6	-24.5
-55.1	-29.8	40.3
-34.2	-79.1	-35.0
-22.8	52.5	-26.1
-1.9	-30.3	16.3
-45.7	-50.2	10.7
17.3	39.2	32.6
-42.5	-50.1	10.7
42.9	1.5	9.8
-6.1	-30.1	18.6
45.5	-48.7	48.6
2.5	-28.1	29.5
29.9	-72.5	-37.4

// Meusel LA, 2013: PMID 23993991-1
// Subjects=20
-9.4	44.3	45.9
35.1	70.3	6.4
10.6	-9.0	-26.9
-9.8	-8.1	-26.7
22.4	-17.5	-12.9
-19.1	-36.0	-0.8
-37.4	-32.9	-14.3
19.6	22.3	47.4
41.6	44.2	-1.6
32.0	-21.1	-19.4
-54.3	10.6	25.8
9.7	49.5	28.5
3.2	51.4	11.7
45.2	-34.3	15.0
-54.7	9.9	-24.3
38.9	-38.9	38.9
23.0	-57.5	47.3
-41.2	-26.4	42.1
-25.5	-36.5	-7.4
32.0	31.5	-0.4

// Addis DR, 2014: PMID 23994453-1
// Subjects=20
63.0	-38.0	22.0
50.0	-42.0	21.0
30.0	-56.0	49.0
4.0	-19.0	49.0
-28.0	22.0	4.0
-38.0	-64.0	49.0
-2.0	-23.0	51.0
-34.0	-66.0	40.0
-55.0	-43.0	-6.0
36.0	-26.0	-9.0
-46.0	-52.0	50.0
-48.0	21.0	23.0

// Kalpouzos G, 2013: PMID 24019938-1
// Subjects=20
-14.0	-62.0	12.0
-4.0	22.0	54.0
-38.0	-82.0	34.0
4.0	20.0	60.0
-8.0	-84.0	-44.0
-48.0	-70.0	-34.0
56.0	26.0	22.0
-16.0	10.0	8.0
58.0	-38.0	-12.0
-22.0	-2.0	2.0
-42.0	-4.0	-46.0
54.0	-6.0	-28.0
40.0	-70.0	30.0
48.0	16.0	-34.0
-12.0	-52.0	-48.0
16.0	6.0	14.0
-26.0	-6.0	-18.0
34.0	54.0	22.0
36.0	12.0	36.0
18.0	-30.0	2.0
30.0	-34.0	-8.0
-30.0	-36.0	0.0
-14.0	-32.0	2.0
4.0	12.0	44.0
54.0	26.0	-8.0
-44.0	-6.0	-38.0
14.0	-62.0	-24.0
-2.0	-60.0	14.0
38.0	-46.0	-36.0
52.0	-52.0	8.0
22.0	-26.0	-18.0

// Diler RS, 2013: PMID 24080517-1
// Subjects=20
-15.0	24.0	48.0
3.0	36.0	3.0
36.0	18.0	9.0
-45.0	-60.0	30.0
-15.0	-15.0	60.0
39.0	-21.0	-12.0
60.0	-6.0	-3.0
-42.0	-45.0	51.0
42.0	-72.0	42.0
-9.0	-87.0	36.0
42.0	-3.0	48.0
27.0	27.0	6.0
-39.0	-9.0	21.0
66.0	-3.0	24.0
39.0	-15.0	51.0
24.0	-15.0	-18.0
39.0	-21.0	-12.0
-21.0	-12.0	45.0
-57.0	-9.0	6.0
-45.0	24.0	21.0
-48.0	45.0	9.0
-39.0	-9.0	21.0
-36.0	-42.0	18.0
63.0	-30.0	12.0
-60.0	-27.0	45.0
54.0	-36.0	-12.0
-21.0	-12.0	45.0
-45.0	24.0	21.0
30.0	-15.0	21.0
-39.0	-9.0	21.0
-60.0	-27.0	45.0
-36.0	54.0	-3.0
-18.0	-36.0	60.0
3.0	-87.0	18.0

// Minati L, 2013: PMID 24086291-1
// Subjects=20
34.0	16.9	0.9
7.0	-5.9	63.2
6.0	13.7	59.1
46.7	23.7	14.1
27.8	18.0	49.8
15.5	40.8	-17.5
7.6	58.3	14.6
6.1	3.0	8.0
6.2	-44.2	22.5
7.0	-16.5	40.3
5.7	28.1	25.7
-22.0	24.0	60.0
27.6	51.6	18.3
43.1	-45.6	47.1
7.5	-56.9	48.1
15.5	-67.6	-4.6
55.8	-33.6	30.5
8.5	-76.8	28.5
39.8	14.2	-26.0
46.2	-3.5	-35.2
51.6	-30.1	-22.4
54.2	-51.9	-13.7
56.0	-7.5	-20.1
57.5	-32.4	-4.4
53.4	-56.0	7.3
24.8	-19.4	-24.5
29.3	-22.7	-14.8
51.1	-8.6	-2.3
23.7	-59.5	59.2
43.7	-61.7	37.7
28.2	-5.1	-38.0
26.0	-96.0	-8.0
34.2	-62.1	-14.1
-48.0	8.0	36.0
-46.0	-62.0	-18.0
-50.0	-64.0	-8.0
32.0	-62.0	54.0
38.0	-78.0	36.0
26.0	-66.0	44.0
-34.0	4.0	32.0
-56.0	-28.0	46.0
-46.0	44.0	6.0
-46.0	38.0	18.0
-24.0	-64.0	32.0
-32.0	-74.0	40.0
-48.0	8.0	36.0
-22.0	26.0	60.0
6.4	42.4	4.5
-26.0	16.0	62.0
32.0	-92.0	2.0
14.0	-86.0	0.0
12.0	-88.0	12.0
48.0	8.0	24.0
36.0	8.0	24.0
46.0	40.0	28.0
6.0	20.0	-16.0
-16.0	-58.0	6.0
-26.0	-64.0	32.0
-56.0	-28.0	46.0
-48.0	44.0	6.0
-46.0	38.0	18.0
-44.0	54.0	-12.0
30.9	-40.7	-18.1
26.0	-66.0	44.0
-24.0	16.0	60.0
53.6	-34.5	12.9
44.0	38.0	28.0
-28.0	2.0	42.0
48.0	8.0	24.0
48.0	-36.0	54.0
26.0	-98.0	-8.0
-8.0	-86.0	6.0
26.0	8.0	48.0
4.0	-34.0	40.0
-4.0	-32.0	26.0
34.0	62.0	-6.0
38.0	-70.0	-28.0
26.0	-70.0	-22.0
-6.0	-96.0	4.0
-44.0	42.0	6.0
-44.0	54.0	-8.0
-46.0	32.0	18.0
-12.0	-84.0	-4.0
34.0	-26.0	-6.0
-34.0	-38.0	56.0
36.0	-32.0	44.0
24.0	-26.0	44.0
0.0	-38.0	22.0
-46.0	10.0	36.0
48.0	38.0	26.0
-4.0	-42.0	16.0
24.0	-28.0	-8.0
40.0	16.0	58.0
50.0	-58.0	-16.0
46.0	-64.0	-22.0
-34.0	0.0	40.0
-40.0	16.0	36.0
46.0	-28.0	54.0
-14.0	-76.0	40.0
-50.0	-66.0	-6.0
-64.0	-40.0	14.0
54.0	-50.0	52.0
-38.0	18.0	-36.0
34.0	34.0	-4.0
14.0	-62.0	52.0
-10.0	-10.0	-18.0
32.0	-48.0	56.0
-14.0	-84.0	-6.0
-6.0	-92.0	-8.0
26.0	-22.0	-26.0
34.0	-18.0	-26.0
-56.0	-2.0	-28.0
-44.0	-78.0	4.0
52.0	20.0	48.0
-18.0	-70.0	-34.0
-40.0	-64.0	26.0
22.0	-32.0	-32.0
16.0	-76.0	40.0
48.0	44.0	20.0
-56.0	-24.0	-12.0
58.0	-46.0	40.0
20.0	60.0	32.0
-42.0	16.0	52.0
-32.0	-74.0	-14.0
-56.0	-48.0	-10.0
-40.0	24.0	52.0
60.0	-42.0	-18.0
66.0	-34.0	-8.0
44.0	-62.0	-4.0
52.0	-64.0	-2.0
-12.0	60.0	32.0
-28.0	-36.0	-24.0
6.0	-78.0	-12.0

// Nikolaou K, 2013: PMID 24086758-1
// Subjects=20
-42.0	38.0	34.0
50.0	-42.0	40.0
22.0	-12.0	-14.0
-6.0	8.0	10.0
38.0	-2.0	-6.0
12.0	12.0	48.0
-28.0	26.0	4.0
36.0	-18.0	20.0
50.0	-40.0	22.0
-24.0	12.0	6.0
58.0	-50.0	2.0
-14.0	48.0	42.0
0.0	-34.0	70.0
42.0	34.0	-4.0
32.0	12.0	14.0
10.0	28.0	-16.0
16.0	22.0	48.0
20.0	40.0	48.0
40.0	32.0	-6.0
50.0	0.0	50.0
42.0	56.0	2.0
46.0	12.0	12.0
42.0	34.0	-4.0
50.0	14.0	10.0
44.0	-42.0	-16.0
8.0	-6.0	6.0
-42.0	28.0	-8.0
-10.0	34.0	-8.0
46.0	-46.0	-22.0
22.0	-22.0	-24.0
52.0	-10.0	-28.0
-14.0	16.0	16.0
-24.0	0.0	-36.0
22.0	-22.0	-22.0
40.0	-40.0	-18.0
10.0	54.0	-20.0
44.0	-44.0	-16.0
46.0	-44.0	-22.0
-14.0	18.0	18.0
24.0	-22.0	-22.0
10.0	44.0	46.0
40.0	20.0	-18.0
30.0	-6.0	46.0
58.0	26.0	20.0
2.0	12.0	30.0
52.0	-10.0	-28.0
18.0	-6.0	-22.0
42.0	56.0	2.0
42.0	-26.0	56.0
36.0	62.0	2.0
-12.0	56.0	12.0

// Strange BA, 2014: PMID 24099848-1
// Subjects=20
-16.0	20.0	-10.0
-38.0	-86.0	0.0
-14.0	18.0	-14.0
-58.0	-18.0	-14.0
20.0	6.0	-8.0
16.0	8.0	-14.0
-48.0	-50.0	-4.0
-10.0	32.0	42.0
0.0	10.0	-10.0
18.0	8.0	-10.0
28.0	-2.0	-16.0
36.0	-20.0	-16.0
-4.0	8.0	-10.0
2.0	8.0	-10.0
24.0	-52.0	22.0
6.0	-16.0	-8.0
-56.0	-52.0	-12.0
0.0	10.0	-10.0
6.0	-18.0	-6.0
38.0	-20.0	-14.0
4.0	10.0	-10.0
4.0	-16.0	-8.0

// Bobes MA, 2013: PMID 24130761-1
// Subjects=20
38.0	-46.0	-22.0
-8.0	4.0	16.0
44.0	-64.0	-14.0
2.0	-58.0	22.0
-4.0	-48.0	22.0
4.0	-48.0	20.0
-40.0	-52.0	-16.0
-42.0	-74.0	-12.0
-6.0	52.0	-8.0
-42.0	20.0	20.0
-44.0	22.0	2.0
6.0	56.0	16.0
-2.0	26.0	16.0
52.0	-66.0	20.0
62.0	-54.0	12.0
-8.0	-40.0	16.0
8.0	-38.0	18.0
38.0	28.0	-18.0
60.0	0.0	-18.0
32.0	-28.0	-20.0
0.0	42.0	8.0
32.0	6.0	-20.0
2.0	-20.0	4.0
32.0	-38.0	-18.0
14.0	-6.0	22.0
34.0	-12.0	-20.0
2.0	-62.0	20.0
-54.0	12.0	22.0
-48.0	4.0	22.0
60.0	-14.0	-24.0
-52.0	32.0	8.0
-14.0	6.0	14.0
30.0	-40.0	-2.0
-34.0	-40.0	-4.0
12.0	-2.0	18.0
-42.0	-58.0	16.0
-16.0	10.0	10.0
-18.0	0.0	-4.0
-56.0	-52.0	14.0
16.0	8.0	8.0
18.0	2.0	22.0
30.0	-6.0	-6.0
34.0	-12.0	-18.0
-48.0	38.0	18.0
-60.0	-18.0	-10.0
-8.0	-38.0	18.0

// del Campo N, 2013: PMID 24163364-1
// Subjects=20
-6.0	38.0	-20.0
-26.0	-4.0	-14.0
-28.0	-24.0	-24.0
-22.0	-12.0	-12.0
-38.0	0.0	-8.0
-12.0	8.0	-18.0
-46.0	-2.0	-16.0
-16.0	16.0	-20.0
22.0	-74.0	-48.0
-28.0	-30.0	-20.0
38.0	-66.0	-48.0
40.0	-66.0	-48.0
-40.0	26.0	2.0
-28.0	2.0	-6.0
26.0	-34.0	-12.0
-38.0	-20.0	-28.0
26.0	-38.0	-24.0
-14.0	-54.0	-24.0
34.0	-2.0	-6.0
30.0	-4.0	-18.0
34.0	-6.0	-18.0
40.0	-8.0	2.0
36.0	-46.0	-32.0
-28.0	40.0	20.0
38.0	-22.0	-26.0
30.0	-30.0	-10.0
-2.0	-60.0	-14.0
28.0	-48.0	-6.0
-14.0	-58.0	-24.0
-26.0	32.0	-12.0

// Jankowski J, 2013: PMID 24167610-1
// Subjects=20
-27.0	-12.0	51.0
51.0	6.0	0.0
-27.0	-12.0	51.0
-27.0	15.0	12.0
6.0	-42.0	-15.0
-3.0	-42.0	-15.0
-27.0	12.0	9.0
27.0	-15.0	51.0
-24.0	-21.0	54.0
-27.0	-12.0	48.0
42.0	-3.0	0.0
33.0	-21.0	-9.0
-27.0	-12.0	51.0
-18.0	-27.0	51.0
-33.0	-15.0	48.0
6.0	12.0	54.0
-27.0	12.0	9.0
42.0	-24.0	-3.0

// Denny BT, 2013: PMID 24170933-1
// Subjects=20
-3.0	-30.0	-3.0
48.0	-69.0	0.0
-45.0	-75.0	0.0
48.0	33.0	-3.0
-45.0	33.0	-6.0
51.0	-3.0	-15.0
-9.0	51.0	48.0
24.0	-6.0	-15.0
24.0	-54.0	60.0
45.0	-45.0	42.0
9.0	69.0	18.0
-36.0	45.0	15.0
30.0	0.0	-24.0
54.0	3.0	33.0
-18.0	-6.0	-18.0
27.0	-18.0	-21.0
-48.0	-12.0	-15.0
42.0	48.0	12.0

// Lonsdorf TB, 2014: PMID 24193372-1
// Subjects=20
40.0	-34.0	-10.0
32.0	-18.0	-22.0
-8.0	22.0	-4.0
-36.0	-36.0	-10.0
38.0	-36.0	-10.0
20.0	-12.0	-12.0
30.0	-20.0	-20.0
10.0	32.0	-4.0
-6.0	44.0	-12.0
4.0	48.0	-20.0
-28.0	0.0	-22.0
-38.0	-28.0	-10.0
40.0	-36.0	-12.0

// Doll A, 2013: PMID 24198777-1
// Subjects=20
-3.0	-51.0	33.0
0.0	-60.0	27.0
0.0	-3.0	30.0
-6.0	54.0	15.0
6.0	48.0	21.0
15.0	63.0	21.0
-51.0	-66.0	30.0
-3.0	60.0	30.0
-6.0	-36.0	66.0
45.0	-51.0	27.0
6.0	-54.0	-42.0
-21.0	6.0	12.0
57.0	-63.0	24.0
3.0	-48.0	21.0
12.0	-48.0	30.0
-9.0	-57.0	33.0
-54.0	33.0	3.0
6.0	39.0	21.0
60.0	0.0	-21.0
12.0	-54.0	-42.0
24.0	-36.0	-3.0
48.0	9.0	0.0
-57.0	3.0	-24.0
-9.0	-9.0	9.0
48.0	24.0	-3.0
-33.0	9.0	-6.0
-30.0	27.0	-6.0
9.0	39.0	15.0
-9.0	48.0	18.0
-6.0	-36.0	45.0
9.0	24.0	33.0
-9.0	-21.0	6.0
33.0	51.0	12.0
9.0	-57.0	-30.0
36.0	-75.0	-3.0
-39.0	27.0	-6.0
48.0	-45.0	30.0
-48.0	30.0	15.0
51.0	-3.0	-12.0
-45.0	-12.0	3.0
-51.0	0.0	-6.0
-15.0	-30.0	-6.0
0.0	36.0	9.0
39.0	18.0	-3.0
-3.0	-24.0	-21.0
0.0	36.0	9.0
-30.0	51.0	-3.0
-51.0	-54.0	45.0
-45.0	36.0	18.0
-15.0	36.0	51.0
6.0	-45.0	33.0
-42.0	48.0	-3.0
0.0	-36.0	36.0
-6.0	-15.0	12.0
48.0	-60.0	27.0
-27.0	-66.0	39.0
-48.0	-42.0	48.0
66.0	-15.0	6.0
48.0	36.0	21.0
-15.0	-3.0	-21.0
39.0	21.0	42.0
39.0	-75.0	-30.0
3.0	-39.0	39.0
-39.0	48.0	-9.0
36.0	51.0	-12.0
39.0	18.0	54.0
33.0	-72.0	45.0
30.0	-66.0	-33.0
24.0	-3.0	-15.0
42.0	0.0	6.0
69.0	-42.0	0.0
-45.0	33.0	-12.0
-48.0	-54.0	48.0
42.0	-60.0	39.0
-12.0	51.0	33.0
42.0	-63.0	42.0
6.0	-78.0	42.0
-36.0	-66.0	-42.0
-30.0	-66.0	-36.0
30.0	-66.0	-9.0
-9.0	57.0	24.0
-3.0	-63.0	24.0
-9.0	48.0	18.0
-51.0	-63.0	33.0
6.0	45.0	12.0
-24.0	23.0	59.0
45.0	-51.0	39.0
-3.0	45.0	9.0
-15.0	36.0	51.0
-57.0	-54.0	0.0
54.0	-48.0	30.0
-45.0	12.0	30.0
21.0	-30.0	-12.0
48.0	6.0	-6.0
-45.0	-45.0	51.0

// Adhikari BM, 2013: PMID 24205088-1
// Subjects=20
-33.0	-1.0	-20.0
27.0	-25.0	-14.0
-48.0	-7.0	52.0
3.0	-16.0	-20.0
-3.0	-58.0	28.0
30.0	-55.0	-23.0
-24.0	-64.0	-23.0
27.0	-1.0	-35.0
21.0	-7.0	58.0
-15.0	2.0	52.0
15.0	-70.0	34.0
12.0	-58.0	13.0
27.0	-13.0	-29.0
-9.0	53.0	-2.0

// Mullally SL, 2014: PMID 24231038-1
// Subjects=20
-18.0	29.0	55.0
-3.0	-64.0	46.0
21.0	29.0	55.0
-21.0	-1.0	67.0
6.0	-37.0	37.0
-3.0	-31.0	40.0
15.0	-55.0	16.0
-3.0	-55.0	16.0
-3.0	65.0	16.0
21.0	-24.0	-12.0
15.0	-67.0	46.0
57.0	-6.0	-24.0
27.0	27.0	45.0
3.0	24.0	-9.0
-48.0	-76.0	19.0
-51.0	-70.0	28.0
42.0	-82.0	31.0
33.0	-97.0	-8.0
33.0	-42.0	-12.0
18.0	-52.0	49.0
-18.0	-36.0	-15.0
-18.0	-31.0	70.0
-12.0	-60.0	9.0
9.0	-57.0	48.0
0.0	20.0	-11.0
45.0	-66.0	24.0
30.0	-37.0	-5.0
30.0	-28.0	-29.0
-21.0	-1.0	67.0
-27.0	41.0	-11.0
-18.0	-34.0	70.0
9.0	-37.0	34.0
60.0	14.0	25.0
-48.0	-78.0	24.0
30.0	-46.0	-2.0
36.0	-28.0	-11.0
48.0	-49.0	-14.0
-60.0	-10.0	-26.0
12.0	-46.0	16.0
-3.0	-37.0	28.0
18.0	35.0	37.0
-57.0	5.0	40.0
12.0	-57.0	15.0
30.0	-37.0	-5.0
-3.0	-61.0	46.0

// Berge D, 2014: PMID 24258969-1
// Subjects=20
-54.0	10.0	-2.0
-32.0	10.0	-2.0
-20.0	-16.0	2.0
-6.0	-16.0	-2.0
-6.0	-80.0	14.0
0.0	-90.0	4.0
8.0	-72.0	6.0
48.0	18.0	-20.0
40.0	22.0	-10.0
44.0	34.0	-8.0
-16.0	-2.0	-8.0
46.0	-4.0	38.0
-52.0	10.0	-10.0
42.0	2.0	28.0
-28.0	-4.0	-14.0
-16.0	-8.0	-14.0
-20.0	-8.0	-10.0
24.0	-8.0	-22.0
-40.0	-18.0	66.0
-48.0	-6.0	56.0
32.0	4.0	30.0
-44.0	-16.0	54.0

// Skakkebaek A, 2014: PMID 24266006-1
// Subjects=20
38.0	14.0	-5.0
27.0	8.0	-27.0
22.0	-4.0	-27.0
24.0	-9.0	-18.0
-38.0	17.0	-5.0
-21.0	12.0	-27.0
-26.0	8.0	-9.0
-15.0	18.0	-8.0
-20.0	-6.0	-20.0
34.0	23.0	-11.0
21.0	-10.0	24.0
-40.0	6.0	-24.0
-18.0	-51.0	69.0
-21.0	-43.0	69.0
-16.0	-45.0	4.0
-28.0	-45.0	48.0
8.0	-46.0	58.0
21.0	-40.0	73.0
28.0	-57.0	-32.0
26.0	-49.0	60.0

// Finn AS, 2013: PMID 24273497-1
// Subjects=20
-2.0	-92.0	-4.0
-44.0	4.0	40.0
-50.0	6.0	12.0
-46.0	-8.0	50.0
-32.0	24.0	12.0
-14.0	22.0	36.0
32.0	48.0	28.0
12.0	32.0	28.0
52.0	16.0	-8.0
62.0	-20.0	-2.0
10.0	-74.0	42.0
-8.0	-46.0	46.0
-64.0	-16.0	10.0
-48.0	22.0	28.0
36.0	28.0	4.0
-8.0	-60.0	-4.0
-58.0	2.0	30.0
20.0	16.0	-6.0
8.0	-18.0	-14.0
60.0	-14.0	12.0
-26.0	36.0	8.0
-46.0	26.0	30.0
-32.0	-28.0	58.0
-32.0	18.0	10.0
8.0	-18.0	-14.0
-4.0	6.0	60.0
52.0	26.0	40.0
38.0	22.0	8.0
2.0	16.0	58.0
34.0	22.0	6.0
-54.0	-30.0	8.0
48.0	-32.0	10.0
42.0	36.0	30.0
-24.0	20.0	-2.0
-28.0	-66.0	48.0
-56.0	4.0	22.0
40.0	-48.0	44.0
6.0	-76.0	12.0
-50.0	-24.0	8.0
62.0	-14.0	12.0
30.0	-6.0	-20.0
-34.0	-36.0	-22.0
16.0	16.0	50.0
48.0	8.0	32.0
-38.0	-64.0	24.0
-28.0	-64.0	50.0
30.0	-62.0	58.0
-14.0	4.0	4.0
-46.0	40.0	-10.0
-20.0	42.0	44.0
-8.0	54.0	40.0
64.0	-22.0	6.0
28.0	-96.0	14.0
-54.0	-36.0	14.0
54.0	40.0	-4.0
-20.0	-2.0	-20.0
-54.0	-66.0	38.0
30.0	-12.0	66.0
28.0	24.0	12.0
-30.0	-14.0	58.0
-6.0	2.0	64.0
-50.0	-28.0	8.0
-56.0	-18.0	-22.0
68.0	-20.0	8.0
-2.0	-84.0	4.0
-30.0	28.0	-18.0
-40.0	16.0	54.0
-6.0	44.0	52.0
-38.0	-60.0	26.0
-52.0	-26.0	56.0
-30.0	-52.0	56.0
36.0	-6.0	46.0
34.0	40.0	-10.0
54.0	-14.0	-2.0
40.0	38.0	-8.0
-54.0	-30.0	22.0
42.0	20.0	-4.0
6.0	14.0	54.0
-60.0	0.0	-4.0
-44.0	-34.0	54.0
-28.0	-66.0	54.0
-56.0	4.0	30.0
-6.0	4.0	58.0
-4.0	-94.0	-4.0
14.0	-90.0	-10.0
-20.0	6.0	4.0
16.0	4.0	8.0
6.0	-64.0	-14.0
-30.0	34.0	12.0
28.0	-56.0	46.0
16.0	-79.0	44.0
54.0	16.0	-6.0
36.0	28.0	4.0
-48.0	-34.0	52.0
-32.0	-62.0	50.0
-22.0	-84.0	-4.0
36.0	22.0	6.0
-20.0	0.0	14.0
26.0	-96.0	14.0
32.0	38.0	20.0
-40.0	18.0	12.0
-18.0	6.0	16.0
-42.0	28.0	4.0
-50.0	22.0	30.0
54.0	8.0	8.0
-62.0	-10.0	4.0
-46.0	-52.0	42.0
-6.0	32.0	34.0
-32.0	-72.0	26.0
-50.0	8.0	12.0
34.0	0.0	4.0
-14.0	6.0	4.0
-16.0	58.0	14.0
36.0	16.0	18.0
-46.0	-52.0	42.0
44.0	-34.0	38.0
-28.0	-66.0	28.0
-36.0	42.0	-4.0
24.0	-68.0	34.0
24.0	4.0	-2.0
-64.0	-12.0	4.0
62.0	-16.0	6.0
-2.0	38.0	-12.0
-64.0	-12.0	4.0
-48.0	32.0	0.0
-18.0	10.0	0.0
2.0	36.0	-12.0
-50.0	8.0	12.0
-42.0	-64.0	36.0
44.0	-60.0	30.0
34.0	-12.0	-20.0
-50.0	8.0	12.0
36.0	-80.0	26.0
-52.0	6.0	10.0
-50.0	8.0	12.0
42.0	22.0	8.0
50.0	24.0	10.0
56.0	-2.0	-6.0
12.0	10.0	2.0
-64.0	-12.0	4.0
54.0	-10.0	-2.0
-64.0	-12.0	4.0
62.0	0.0	-2.0
-42.0	28.0	4.0
-56.0	2.0	-16.0

// Harris A, 2013: PMID 24285897-1
// Subjects=20
40.0	50.0	16.0
-42.0	46.0	16.0
-36.0	42.0	28.0
38.0	46.0	24.0
-40.0	20.0	-16.0
-10.0	-36.0	60.0
34.0	-16.0	18.0
-40.0	-26.0	8.0
-30.0	-26.0	14.0
-32.0	-20.0	20.0
64.0	-28.0	0.0
42.0	20.0	-16.0
-34.0	54.0	14.0
28.0	-34.0	38.0
-26.0	-40.0	48.0
-30.0	-38.0	36.0
42.0	-40.0	42.0
36.0	-40.0	54.0
-22.0	28.0	-22.0
-60.0	-38.0	-14.0
-64.0	-30.0	-10.0
-60.0	-32.0	-22.0
44.0	-32.0	-2.0
58.0	-34.0	-20.0
58.0	-40.0	-10.0
32.0	-30.0	-8.0
24.0	-18.0	-22.0
18.0	0.0	-12.0
-40.0	-42.0	50.0
38.0	40.0	34.0
-22.0	-60.0	40.0
-28.0	0.0	-16.0
34.0	-2.0	-26.0
60.0	-30.0	8.0
54.0	-34.0	8.0
52.0	-34.0	12.0
40.0	-28.0	22.0
36.0	-12.0	18.0
40.0	-20.0	20.0
34.0	0.0	28.0
8.0	-36.0	6.0
46.0	0.0	38.0
38.0	10.0	26.0
6.0	-44.0	12.0
26.0	-34.0	-10.0
26.0	16.0	-16.0
18.0	26.0	-22.0
40.0	-64.0	34.0
-30.0	-84.0	32.0
38.0	-52.0	20.0
-2.0	14.0	12.0
-20.0	-50.0	4.0
-4.0	-26.0	10.0
-4.0	22.0	14.0
-10.0	4.0	42.0
-6.0	20.0	24.0
-38.0	-22.0	-20.0
-26.0	-64.0	30.0
34.0	-50.0	34.0
32.0	-60.0	32.0
32.0	-78.0	26.0
-50.0	-8.0	-44.0
48.0	-68.0	34.0
54.0	-42.0	10.0
58.0	-30.0	-16.0
48.0	-24.0	-2.0
-52.0	-28.0	-4.0
4.0	18.0	24.0
6.0	34.0	12.0
-34.0	-50.0	58.0
-24.0	-36.0	54.0
-22.0	48.0	20.0
-40.0	8.0	32.0
-44.0	36.0	14.0
-44.0	18.0	28.0
-14.0	-30.0	62.0
62.0	-24.0	-10.0
-32.0	48.0	28.0
-36.0	48.0	20.0
-58.0	-26.0	-10.0
66.0	-28.0	-18.0
-58.0	-18.0	-12.0
-48.0	-72.0	-8.0
12.0	26.0	-16.0
-32.0	-2.0	-16.0
0.0	14.0	18.0
-26.0	16.0	-10.0
10.0	36.0	10.0
14.0	40.0	0.0
-30.0	28.0	-20.0
-34.0	-38.0	44.0
-44.0	-64.0	40.0
52.0	-48.0	-24.0
46.0	-6.0	-42.0
-38.0	-90.0	-2.0
-38.0	-8.0	-40.0
4.0	-40.0	22.0
20.0	30.0	-20.0
0.0	6.0	20.0
6.0	26.0	22.0
26.0	-28.0	-14.0
-6.0	-46.0	70.0
-38.0	-80.0	-4.0
16.0	0.0	-12.0
34.0	-32.0	-14.0
-62.0	-22.0	-8.0
-60.0	-28.0	-20.0
28.0	16.0	-12.0
-40.0	4.0	-6.0
-42.0	-6.0	-16.0
-48.0	-6.0	-22.0
0.0	-34.0	24.0
0.0	-38.0	16.0
-4.0	-24.0	34.0
0.0	-32.0	10.0
16.0	-38.0	46.0
48.0	2.0	-16.0
-28.0	2.0	-30.0
-40.0	-88.0	0.0
6.0	52.0	26.0
-24.0	-32.0	68.0
30.0	-90.0	2.0
-14.0	-72.0	36.0
-34.0	56.0	6.0
6.0	18.0	26.0
4.0	6.0	28.0
4.0	-2.0	30.0
32.0	54.0	2.0
46.0	-4.0	-22.0
-16.0	-74.0	42.0
-26.0	8.0	-36.0

// Sripada RK, 2013: PMID 24302681-1
// Subjects=20
-6.0	41.0	-23.0
15.0	-40.0	-2.0
39.0	-25.0	7.0
-48.0	11.0	28.0
-57.0	-70.0	25.0
-27.0	-7.0	-29.0
48.0	-49.0	-26.0
24.0	-10.0	-23.0
-33.0	-4.0	-29.0
-54.0	-67.0	-5.0
60.0	-4.0	46.0
36.0	47.0	13.0
-48.0	-34.0	49.0
6.0	-43.0	22.0
-48.0	-7.0	25.0
-24.0	-7.0	-14.0
12.0	-22.0	52.0
-9.0	-31.0	73.0
-3.0	-19.0	25.0
12.0	-64.0	31.0
-9.0	-70.0	34.0
-9.0	-28.0	76.0
-12.0	41.0	37.0
30.0	-7.0	10.0
-9.0	-40.0	55.0
-36.0	-16.0	-11.0
-36.0	-1.0	-8.0
-15.0	50.0	10.0
-12.0	53.0	10.0
6.0	-40.0	67.0
-45.0	-19.0	-11.0
-66.0	2.0	7.0

// Freton M, 2013: PMID 24307677-1
// Subjects=20
8.0	-56.0	12.0
-10.0	-76.0	14.0
20.0	-68.0	-20.0
-10.0	54.0	-10.0
-14.0	38.0	40.0
2.0	-58.0	24.0
56.0	12.0	-14.0
-50.0	14.0	-24.0
-56.0	-8.0	-10.0
-46.0	-36.0	-2.0
46.0	-30.0	0.0
-44.0	46.0	18.0
16.0	34.0	-16.0
-16.0	54.0	34.0
48.0	0.0	8.0
58.0	2.0	12.0
-4.0	6.0	64.0
-58.0	-40.0	46.0
42.0	44.0	24.0
50.0	-52.0	-18.0
-42.0	-32.0	-18.0
-28.0	-70.0	26.0
-34.0	-78.0	0.0
-52.0	-8.0	2.0
6.0	-8.0	62.0
50.0	-36.0	48.0
-16.0	-62.0	60.0
34.0	62.0	4.0
-32.0	-18.0	8.0
-36.0	-6.0	12.0
30.0	-14.0	-20.0
10.0	-46.0	34.0
-12.0	-40.0	36.0
42.0	32.0	42.0
-2.0	-42.0	36.0

// Gimenez M, 2014: PMID 24332890-1
// Subjects=20
28.0	-10.0	-26.0
10.0	-30.0	-2.0
22.0	-20.0	14.0
18.0	-10.0	-26.0
-18.0	-40.0	-2.0
-6.0	46.0	28.0
28.0	-6.0	-26.0
-38.0	18.0	8.0
26.0	32.0	0.0
12.0	30.0	28.0
24.0	-42.0	-2.0
38.0	-34.0	-12.0

// Wager TD, 2014: PMID 24366656-1
// Subjects=20
50.0	14.0	26.0
-40.0	10.0	26.0
50.0	14.0	26.0
50.0	14.0	26.0
-40.0	10.0	26.0
50.0	14.0	26.0
50.0	14.0	26.0
-40.0	10.0	26.0
-40.0	10.0	26.0
-48.0	10.0	14.0
-66.0	-46.0	30.0
50.0	14.0	26.0
-28.0	-16.0	72.0
-40.0	-4.0	54.0
-40.0	-4.0	54.0
-40.0	-4.0	54.0
-40.0	-4.0	54.0
-40.0	-4.0	54.0
-28.0	-16.0	72.0
-28.0	-16.0	72.0
-28.0	-16.0	72.0
-28.0	-16.0	72.0
-40.0	10.0	26.0
-28.0	-16.0	72.0
-28.0	-16.0	72.0
-40.0	-4.0	54.0
-40.0	-4.0	54.0
-40.0	10.0	26.0
-34.0	-68.0	46.0
-2.0	10.0	50.0
-48.0	10.0	14.0
-2.0	10.0	50.0
6.0	8.0	52.0
6.0	8.0	52.0
6.0	8.0	52.0
6.0	8.0	52.0
6.0	8.0	52.0
6.0	8.0	52.0
6.0	8.0	52.0
34.0	20.0	0.0
34.0	20.0	0.0
34.0	20.0	0.0
34.0	20.0	0.0
-40.0	10.0	26.0
34.0	20.0	0.0
34.0	20.0	0.0
-34.0	-68.0	46.0
-34.0	-68.0	46.0
-34.0	-68.0	46.0
-34.0	-68.0	46.0
-34.0	-68.0	46.0
-34.0	-68.0	46.0
-48.0	10.0	14.0
-48.0	10.0	14.0
-48.0	10.0	14.0
-2.0	10.0	50.0
-2.0	10.0	50.0
-2.0	10.0	50.0
34.0	20.0	0.0
50.0	14.0	26.0
8.0	36.0	48.0
50.0	-26.0	22.0
50.0	-26.0	22.0
-42.0	-54.0	-8.0
-42.0	-54.0	-8.0
-42.0	-54.0	-8.0
-42.0	-54.0	-8.0
-42.0	-54.0	-8.0
-44.0	-84.0	-8.0
-44.0	-84.0	-8.0
-44.0	-84.0	-8.0
-44.0	-84.0	-8.0
-44.0	-84.0	-8.0
-44.0	-84.0	-8.0
-44.0	-84.0	-8.0
-42.0	-54.0	-8.0
-42.0	-54.0	-8.0
10.0	50.0	16.0
8.0	36.0	48.0
8.0	36.0	48.0
-2.0	10.0	50.0
8.0	36.0	48.0
8.0	36.0	48.0
10.0	50.0	16.0
10.0	50.0	16.0
8.0	36.0	48.0
10.0	50.0	16.0
8.0	36.0	48.0
10.0	50.0	16.0
10.0	50.0	16.0
10.0	50.0	16.0
-48.0	10.0	14.0
50.0	-26.0	22.0
50.0	-26.0	22.0
50.0	-26.0	22.0
50.0	-26.0	22.0
36.0	18.0	8.0
36.0	18.0	8.0
36.0	18.0	8.0
36.0	18.0	8.0
36.0	18.0	8.0
36.0	18.0	8.0
52.0	-66.0	30.0
52.0	-66.0	30.0
52.0	-66.0	30.0
52.0	-66.0	30.0
50.0	-26.0	22.0
-66.0	-46.0	30.0
52.0	-66.0	30.0
-48.0	-76.0	30.0
-48.0	-76.0	30.0
-48.0	-76.0	30.0
-48.0	-76.0	30.0
-48.0	-76.0	30.0
-48.0	-76.0	30.0
-48.0	-76.0	30.0
-66.0	-46.0	30.0
-66.0	-46.0	30.0
-66.0	-46.0	30.0
-66.0	-46.0	30.0
-48.0	10.0	14.0
52.0	-66.0	30.0
52.0	-66.0	30.0
-2.0	10.0	50.0
8.0	28.0	24.0
36.0	18.0	8.0
30.0	-36.0	-2.0
30.0	-36.0	-2.0
30.0	-36.0	-2.0
-34.0	-28.0	-6.0
-34.0	-28.0	-6.0
-34.0	-28.0	-6.0
-34.0	-28.0	-6.0
-34.0	-28.0	-6.0
-34.0	-28.0	-6.0
-20.0	-38.0	10.0
-20.0	-38.0	10.0
-20.0	-38.0	10.0
-20.0	-38.0	10.0
-20.0	-38.0	10.0
-20.0	-38.0	10.0
30.0	-80.0	-10.0
52.0	-6.0	4.0
52.0	-6.0	4.0
-12.0	22.0	0.0
52.0	-6.0	4.0
52.0	-6.0	4.0
52.0	-6.0	4.0
52.0	-6.0	4.0
52.0	-6.0	4.0
42.0	-42.0	-14.0
42.0	-42.0	-14.0
42.0	-42.0	-14.0
30.0	-36.0	-2.0
30.0	-36.0	-2.0
42.0	-42.0	-14.0
-20.0	-38.0	10.0
-26.0	-76.0	6.0
56.0	-22.0	-4.0
-26.0	-76.0	6.0
-26.0	-76.0	6.0
56.0	-22.0	-4.0
56.0	-22.0	-4.0
56.0	-22.0	-4.0
56.0	-22.0	-4.0
56.0	-22.0	-4.0
-26.0	-76.0	6.0
56.0	-22.0	-4.0
-26.0	-76.0	6.0
30.0	-80.0	-10.0
30.0	-80.0	-10.0
-26.0	-76.0	6.0
-42.0	-52.0	8.0
-42.0	-52.0	8.0
-42.0	-52.0	8.0
-42.0	-52.0	8.0
-42.0	-52.0	8.0
-42.0	-52.0	8.0
30.0	-80.0	-10.0
30.0	-80.0	-10.0
42.0	-42.0	-14.0
30.0	-80.0	-10.0
30.0	-80.0	-10.0
-26.0	-76.0	6.0
42.0	-42.0	-14.0
-42.0	-52.0	8.0
40.0	28.0	14.0
-36.0	-76.0	4.0
8.0	-4.0	26.0
-36.0	-76.0	4.0
-36.0	-76.0	4.0
-36.0	-76.0	4.0
40.0	28.0	14.0
40.0	28.0	14.0
40.0	28.0	14.0
40.0	28.0	14.0
40.0	28.0	14.0
40.0	28.0	14.0
60.0	-12.0	46.0
60.0	-12.0	46.0
-32.0	-52.0	34.0
60.0	-12.0	46.0
-36.0	-76.0	4.0
60.0	-12.0	46.0
60.0	-12.0	46.0
30.0	-16.0	66.0
30.0	-16.0	66.0
30.0	-16.0	66.0
30.0	-16.0	66.0
30.0	-16.0	66.0
30.0	-16.0	66.0
30.0	-16.0	66.0
-32.0	-52.0	34.0
-32.0	-52.0	34.0
-32.0	-52.0	34.0
60.0	-12.0	46.0
30.0	-36.0	-2.0
60.0	-12.0	46.0
-66.0	-46.0	30.0
-36.0	-76.0	4.0
-32.0	-52.0	34.0
8.0	-4.0	26.0
8.0	-4.0	26.0
8.0	-4.0	26.0
8.0	-4.0	26.0
8.0	-4.0	26.0
8.0	-4.0	26.0
8.0	28.0	24.0
8.0	28.0	24.0
8.0	28.0	24.0
8.0	28.0	24.0
8.0	28.0	24.0
-32.0	-52.0	34.0
8.0	28.0	24.0
-32.0	-52.0	34.0
12.0	26.0	6.0
12.0	26.0	6.0
12.0	26.0	6.0
12.0	26.0	6.0
12.0	26.0	6.0
-12.0	22.0	0.0
-12.0	22.0	0.0
-12.0	22.0	0.0
-12.0	22.0	0.0
-12.0	22.0	0.0
-12.0	22.0	0.0
30.0	-36.0	-2.0
12.0	26.0	6.0
-36.0	-76.0	4.0
12.0	26.0	6.0
42.0	-42.0	-14.0
-34.0	-28.0	-6.0

// Lopez-Paniagua D, 2013: PMID 24367286-1
// Subjects=20
58.9	3.5	7.2
43.1	12.9	47.9
36.2	66.8	2.2
50.3	-77.8	-24.9
-33.2	23.5	-1.2
37.4	23.0	-0.8
-63.0	-33.6	-7.2
66.4	-31.5	-5.5
-13.7	-92.5	-17.3
16.4	-100.2	5.3
55.8	-49.5	9.5
3.6	25.6	49.5
5.7	-27.3	26.0
-47.5	-55.6	50.2
37.0	-64.3	54.4
51.8	-51.7	36.5
-8.2	-62.1	18.0
51.2	10.2	-15.5
-0.0	13.0	-2.9
-2.3	45.2	-12.3
-46.8	25.2	35.6
-59.8	-31.2	-18.6
39.5	52.1	4.5
-27.8	2.8	-8.4
43.0	25.7	34.5
-42.7	-56.6	-17.8
-52.3	-26.4	-11.3
48.4	-16.7	22.4
1.5	2.3	51.5
23.5	16.5	-0.1
31.1	5.5	8.5
-17.5	-28.8	64.3
10.9	28.5	32.4
-46.8	22.0	35.9
37.7	27.6	45.6
44.8	53.4	6.6
57.7	-26.0	-15.9
28.0	-71.0	-4.0
20.1	65.6	-12.0
30.4	-48.7	36.5
-12.2	-77.3	42.7
-26.6	3.8	4.8
26.8	9.4	3.8
3.8	-80.4	41.7
-26.7	-31.6	-12.3
30.0	-33.9	-6.0
-54.5	1.5	-9.1
10.0	-19.2	34.2
-53.0	-49.7	30.8
-26.5	-81.6	-12.5
32.4	26.4	43.5
-26.1	-51.3	49.6
-26.7	57.0	18.2
33.3	48.4	39.4
62.2	-14.4	9.8
-68.0	-43.9	24.9
31.1	2.2	6.5
24.6	14.4	0.0
-14.2	-48.3	72.6
-12.2	-47.0	62.5
38.6	-32.7	-5.1
-19.6	-45.7	65.8
32.4	-96.7	-6.4
-5.5	25.7	-16.2
-60.8	-13.7	1.1
10.0	-98.6	-1.5
3.8	-16.7	67.5
0.5	-7.1	54.5
61.1	-43.9	-1.1
-7.5	40.3	7.1
-18.0	54.8	44.0
66.1	-8.2	-35.4
20.7	-50.5	27.8
-33.3	-23.8	-35.1
8.4	63.0	-3.9
32.6	8.2	69.6
34.5	7.6	35.0
7.1	-38.5	73.8
-4.2	37.8	16.2
19.5	-11.8	19.0
10.5	64.9	-6.3
63.2	-58.2	-6.6
-42.3	-43.9	36.9
21.9	-63.3	41.1
-27.2	-0.9	67.7
32.5	6.0	55.3
17.6	3.0	59.0
-32.8	4.8	32.7
-23.4	1.4	15.0
-28.8	-3.1	-1.2
-1.3	38.4	-18.4
-16.4	-69.3	63.3
43.8	33.8	1.5
-21.6	58.3	-6.5
-7.5	41.3	5.9
-47.8	24.1	35.7
36.6	27.6	45.6
-60.9	-30.2	-18.7
-32.0	14.2	1.8
-12.2	-77.2	43.8
-25.1	-70.8	31.2
26.8	13.9	6.7
50.4	29.8	30.8
-31.2	60.7	-2.1
30.0	-6.9	-1.6
55.8	13.2	23.2
-22.9	-32.7	55.8
20.7	34.7	56.3
15.2	46.9	48.7
57.9	-47.2	-1.9
31.5	4.7	66.5
23.0	-98.9	20.7
18.9	-79.5	52.6
-9.2	-24.6	34.9
17.5	-52.6	28.0
-26.7	-32.7	-13.3
-7.5	35.9	5.3
-1.6	-4.6	58.8
5.0	-37.8	69.3
-49.1	19.2	13.8
-47.9	-70.9	-9.8
-37.4	22.6	1.2
40.6	24.0	-2.1
-58.6	-43.3	3.6
-34.6	-61.0	62.8
40.2	-61.0	55.2
-54.1	10.2	49.2
47.4	15.2	49.9
-32.1	-23.1	-26.3
-12.9	34.7	4.3
2.5	-25.7	33.7
-18.9	-21.0	26.9
-17.7	-59.4	25.7
-33.3	62.2	3.4
15.9	71.9	0.9
-27.9	22.9	-10.1
-43.8	16.2	1.8
-39.4	-78.5	-12.6
17.6	20.3	63.2
5.9	10.1	69.7
-30.4	-56.8	46.8
-34.6	-60.1	60.5
29.5	-65.1	57.9
35.2	21.6	-4.1
37.4	65.6	13.4
27.1	25.4	59.3
26.0	42.1	54.6
4.5	41.8	39.2
-27.0	73.1	-7.7
-60.8	-30.3	-6.4
28.0	-93.9	-11.0
49.7	-58.2	35.9
-39.7	50.5	-10.1
42.6	55.7	-4.8
44.8	59.7	6.0
20.1	72.6	-3.7
44.2	18.4	49.6
-23.5	-35.0	-15.4
1.0	13.8	-6.3
6.2	59.6	-5.8
55.7	-16.8	6.7
59.0	-7.2	20.4
-51.8	-27.4	57.9
53.8	-31.3	25.8
12.4	-89.2	36.7
-26.5	28.4	34.0
5.5	41.5	34.8
-7.5	65.3	14.0
-30.9	-51.1	-17.3
35.2	-11.5	-19.1
-40.5	-7.0	3.7
-63.8	-22.4	27.5
-26.3	-83.8	14.4
-29.9	-36.5	-20.7
6.8	-91.6	6.9
48.4	-69.6	12.4
-29.0	41.1	-8.3
-23.5	-15.4	-10.3
33.1	-30.6	-18.6
67.6	-23.7	26.1
24.9	-17.2	31.7
13.4	-33.9	51.0
-14.6	-59.1	16.7
-5.1	-73.5	-5.7
59.9	4.6	7.1
21.6	-58.2	-2.8
34.1	-10.5	-20.3
-10.8	52.6	1.7
5.7	27.1	54.9
33.0	66.9	3.3
45.9	22.1	1.4
63.2	-31.4	-4.4
54.0	-60.5	47.2
42.1	13.4	54.5
-40.5	50.9	23.4
29.2	40.8	51.3
16.5	22.7	66.3
18.8	-30.4	67.4
-35.4	51.0	-3.5
37.4	60.9	21.6
0.4	-27.1	29.4
44.1	13.4	40.0
-48.7	11.7	53.5
-28.9	-2.4	-6.9
33.1	16.5	-1.4
1.2	-33.9	-3.5
10.2	-62.7	50.1
-19.0	-16.2	20.9
-3.3	32.8	-7.9
49.4	-56.1	7.9
-58.5	-24.3	16.5

// Lipka J, 2013: PMID 24393393-1
// Subjects=20
-6.6	42.4	-7.5
-5.1	15.6	31.5
7.7	12.7	33.8
-36.3	8.1	5.7
21.3	-5.0	-17.3
24.8	-62.6	-5.8
-45.7	-70.7	-7.6
41.8	-46.9	-9.5
-13.8	39.3	22.9
35.2	13.5	-12.3
-26.8	0.8	-20.6
-13.3	0.1	66.3
19.2	-15.0	-22.0
30.9	0.9	-23.5
6.4	7.4	-7.0
-58.7	-32.3	-5.1
-26.8	4.4	-15.3
-9.5	56.2	33.7
43.9	-20.8	-2.8
-20.1	-56.2	-1.4
-16.9	-52.2	-4.0
18.1	63.6	17.2
21.3	-9.3	-18.0
40.5	-21.8	-29.5
-0.5	1.4	68.3
-65.2	-22.3	-12.6
-4.2	42.5	21.4
-41.7	20.6	3.6
-32.1	23.3	-3.4
50.2	14.4	-2.5
12.1	8.3	45.3
21.3	-9.3	-16.9
15.0	21.4	8.5
-12.2	-37.4	62.8
34.8	-20.6	69.7
-1.8	14.3	41.6
24.5	-8.3	-19.3
54.9	-0.8	47.8
-52.4	-12.2	-20.3
-18.2	-3.0	-14.8
34.1	6.6	-19.5
-0.5	1.4	68.3
-60.6	-46.3	20.6
-33.0	-23.2	0.5
6.4	10.5	-8.4
35.2	8.1	-14.1
-6.5	46.0	-1.2
-12.2	-37.4	62.8
34.8	-20.6	69.7
-65.2	-22.3	-12.6
-60.6	-46.3	20.6
-32.1	-16.3	-20.2

// Hellyer PJ, 2014: PMID 24403145-1
// Subjects=20
29.5	-87.4	5.2
38.7	-8.0	41.2
26.0	-7.0	-26.5
32.7	14.3	-29.7
9.0	63.0	-8.0
43.7	-20.3	9.7
36.0	-45.8	-13.6
27.3	-30.5	-12.3
50.5	-28.8	-18.7
43.9	-60.4	29.1
51.9	-31.0	31.4
50.7	-38.4	5.1
56.6	-23.9	-10.6
53.3	-11.2	-2.8
43.9	-20.4	43.0
24.9	-58.4	46.0
7.2	38.2	-12.5
11.0	-43.8	22.5
16.0	-65.5	-0.2
44.5	31.9	4.0
33.8	42.5	15.8
39.8	44.2	-8.5
22.4	32.3	-13.0
35.3	13.2	41.9
7.8	35.8	3.0
13.8	30.0	38.4
6.5	21.2	27.5
13.9	-77.5	10.1
10.4	-78.8	22.1
45.6	16.1	13.7
13.4	-56.0	36.3
8.7	-14.6	36.6
10.5	-26.8	53.5

// Bonhage CE, 2014: PMID 24405186-1
// Subjects=20
51.0	14.0	7.0
9.0	17.0	46.0
-3.0	14.0	52.0
-51.0	14.0	16.0
39.0	41.0	25.0
18.0	8.0	10.0
-30.0	23.0	1.0
24.0	-79.0	-11.0
33.0	23.0	1.0
12.0	-1.0	-2.0
-39.0	-1.0	61.0
27.0	8.0	52.0
51.0	-31.0	46.0
-18.0	5.0	10.0
-51.0	17.0	-5.0
-24.0	8.0	67.0
-51.0	35.0	1.0
39.0	8.0	43.0
39.0	8.0	25.0
-48.0	2.0	-20.0
-54.0	-46.0	10.0
-30.0	-58.0	43.0
48.0	-31.0	-2.0
-42.0	2.0	37.0
54.0	8.0	46.0
-9.0	50.0	34.0
-39.0	-16.0	-2.0
33.0	-82.0	13.0
-30.0	-64.0	-32.0
-54.0	-13.0	-17.0
30.0	-61.0	-29.0
-6.0	59.0	-11.0
30.0	26.0	49.0
6.0	53.0	37.0
-3.0	44.0	-20.0
0.0	35.0	-8.0
-48.0	-58.0	25.0
-6.0	-52.0	25.0
27.0	-16.0	-17.0
-39.0	32.0	-14.0
-27.0	-37.0	-17.0
-21.0	-25.0	-20.0
54.0	-16.0	-17.0
57.0	-64.0	34.0
-27.0	-70.0	37.0
54.0	-1.0	-23.0
36.0	-19.0	10.0
-21.0	-7.0	-20.0
54.0	-22.0	22.0
24.0	-40.0	-14.0
-48.0	-43.0	46.0
66.0	-46.0	31.0
-45.0	11.0	40.0
33.0	-70.0	52.0
45.0	-13.0	49.0
27.0	-79.0	-32.0
42.0	41.0	22.0
15.0	-97.0	13.0
-39.0	-40.0	37.0
-3.0	5.0	61.0
-27.0	-70.0	31.0
-3.0	8.0	61.0
6.0	11.0	52.0
39.0	-49.0	43.0
42.0	-40.0	40.0
6.0	23.0	43.0
-45.0	-40.0	40.0
-39.0	44.0	-2.0
-42.0	29.0	22.0
-48.0	11.0	28.0
-3.0	26.0	43.0
39.0	23.0	-5.0
21.0	14.0	49.0
42.0	38.0	28.0
-27.0	-64.0	49.0
-42.0	8.0	55.0
51.0	-34.0	52.0
48.0	-52.0	52.0
21.0	8.0	52.0
-48.0	-55.0	49.0
-33.0	-67.0	55.0
36.0	59.0	-2.0
24.0	8.0	49.0
36.0	14.0	37.0
30.0	5.0	34.0
39.0	-43.0	37.0
42.0	38.0	31.0
45.0	-37.0	43.0
-39.0	-49.0	40.0
-30.0	-58.0	34.0
24.0	50.0	-11.0
33.0	32.0	22.0
45.0	-49.0	58.0
9.0	26.0	40.0
51.0	26.0	25.0
-51.0	14.0	7.0
-57.0	20.0	25.0
48.0	31.0	36.0
-39.0	-49.0	40.0
48.0	-76.0	10.0
-60.0	17.0	16.0
6.0	35.0	40.0
-9.0	23.0	43.0
-45.0	26.0	25.0

// Cairney SA, 2014: PMID 24408956-1
// Subjects=20
-6.0	-55.0	-47.0
27.0	-10.0	-17.0
-57.0	-64.0	28.0
-42.0	14.0	43.0
3.0	26.0	61.0
-15.0	-49.0	4.0
36.0	56.0	7.0
-27.0	-46.0	-11.0
69.0	-37.0	7.0
-6.0	8.0	7.0
51.0	5.0	31.0
-18.0	41.0	31.0

// Harris RJ, 2014: PMID 24447769-1
// Subjects=20
17.0	-9.0	-18.0

// Luo Y, 2014: PMID 24454814-1
// Subjects=20
-15.0	-9.0	-12.0
-6.0	72.0	6.0
48.0	42.0	-3.0
51.0	-57.0	12.0
15.0	0.0	51.0
-9.0	-57.0	3.0
21.0	36.0	48.0
-30.0	51.0	24.0
27.0	9.0	-6.0
-6.0	-21.0	15.0
18.0	-12.0	-18.0

// Irish M, 2014: PMID 24523434-1
// Subjects=20
34.0	-8.0	-52.0
14.0	-12.0	-20.0
-28.0	-8.0	-52.0
34.0	-8.0	-52.0
-32.0	44.0	-4.0
-32.0	18.0	4.0
26.0	-88.0	-6.0
32.0	-4.0	-50.0
-14.0	26.0	-28.0
-36.0	14.0	2.0
26.0	-22.0	-16.0
-26.0	18.0	-40.0
38.0	-4.0	-40.0
-26.0	24.0	-2.0

// Lee TH, 2014: PMID 24532703-1
// Subjects=20
-4.0	-72.0	-4.0
34.0	24.0	4.0
10.0	12.0	4.0
30.0	-44.0	68.0
-30.0	22.0	-6.0
-36.0	8.0	4.0
-38.0	10.0	-6.0
44.0	20.0	4.0
-64.0	-44.0	18.0
-58.0	-2.0	10.0
-68.0	-28.0	18.0
-66.0	-44.0	24.0
-40.0	-22.0	8.0
-48.0	-32.0	18.0
-40.0	-20.0	-4.0
-44.0	20.0	0.0
48.0	18.0	-2.0
-58.0	6.0	-2.0
36.0	22.0	-8.0
-4.0	-64.0	-14.0
-26.0	24.0	56.0
8.0	-70.0	-6.0
-22.0	22.0	46.0
0.0	-72.0	-4.0
-16.0	34.0	44.0
-20.0	26.0	6.0
-20.0	38.0	56.0
-34.0	-40.0	-14.0
-30.0	-40.0	2.0
-46.0	-52.0	-12.0
-22.0	32.0	52.0
10.0	-76.0	-8.0
-28.0	-50.0	6.0
16.0	-26.0	-2.0
32.0	-16.0	-14.0
26.0	-12.0	-12.0
30.0	-10.0	-8.0
38.0	-24.0	12.0
-22.0	-28.0	24.0
-18.0	-44.0	12.0
-12.0	-78.0	-8.0

// Woods AJ, 2014: PMID 24561228-1
// Subjects=20
18.0	-52.0	-1.0
15.0	2.0	17.0
-42.0	8.0	-4.0
-30.0	26.0	7.0
27.0	-58.0	-46.0
51.0	-46.0	56.0
-3.0	23.0	44.0
42.0	-40.0	38.0
27.0	-61.0	56.0
48.0	2.0	14.0
39.0	44.0	20.0
-33.0	-64.0	-28.0
-36.0	26.0	23.0
36.0	20.0	2.0
-33.0	-46.0	32.0
-54.0	11.0	38.0
39.0	14.0	1.0
27.0	-22.0	-13.0
39.0	-43.0	44.0
2.0	-12.0	33.0
12.0	-13.0	2.0
3.0	-49.0	-55.0
6.0	17.0	53.0
-33.0	20.0	8.0
3.0	17.0	53.0
39.0	17.0	-1.0
-33.0	20.0	5.0
54.0	-49.0	-13.0
-42.0	-19.0	59.0
-39.0	-22.0	56.0

// Liang P, 2014: PMID 24613934-1
// Subjects=20
-51.0	-65.0	27.0
-2.0	55.0	-18.0
-16.0	49.0	38.0
18.0	54.0	32.0
-44.0	20.0	41.0
53.0	-61.0	27.0
12.0	-35.0	0.0
-2.0	-51.0	27.0
-58.0	-18.0	-14.0
21.0	-18.0	-16.0
58.0	-18.0	-14.0
-20.0	-24.0	-11.0
44.0	20.0	41.0
-12.0	-35.0	0.0
0.0	-54.0	14.0
-1.0	46.0	2.0
30.0	46.0	18.0
-34.0	51.0	17.0
45.0	-66.0	-4.0
-25.0	-13.0	48.0
-43.0	-66.0	-4.0
-27.0	-55.0	50.0
20.0	-59.0	49.0
23.0	14.0	48.0
28.0	19.0	5.0
45.0	-64.0	23.0
41.0	7.0	44.0
-30.0	18.0	5.0
-50.0	-51.0	41.0
46.0	-49.0	42.0
2.0	25.0	31.0
-45.0	-70.0	23.0
-48.0	14.0	35.0

// Dietsche B, 2014: PMID 24639328-1
// Subjects=20
8.0	34.0	34.0
44.0	22.0	50.0
44.0	28.0	20.0
28.0	-14.0	-18.0
30.0	-8.0	-30.0
12.0	42.0	32.0

// Soloff P, 2014: PMID 24656768-1
// Subjects=20
-9.0	26.0	-3.0
-63.0	-35.0	23.0
-14.0	-85.0	0.0
-21.0	49.0	-9.0
38.0	44.0	-3.0
45.0	-3.0	2.0
30.0	-57.0	-5.0
-24.0	-31.0	-21.0
25.0	-24.0	-22.0
45.0	-10.0	-16.0
-27.0	29.0	-19.0
-19.0	-28.0	-6.0
23.0	-46.0	-2.0
-36.0	-76.0	-10.0
13.0	-79.0	-2.0
35.0	19.0	9.0
58.0	-46.0	5.0
-11.0	42.0	0.0
9.0	37.0	-4.0
45.0	11.0	2.0
-35.0	-24.0	-19.0
24.0	37.0	-11.0
32.0	-7.0	-30.0
37.0	-24.0	-19.0
52.0	-48.0	-2.0
32.0	-23.0	-10.0
-27.0	38.0	-16.0
34.0	-23.0	-19.0
27.0	49.0	-15.0
-4.0	-57.0	5.0
23.0	-8.0	-6.0
58.0	-46.0	5.0
-16.0	-28.0	-8.0
14.0	-28.0	-6.0
42.0	10.0	1.0
-27.0	-45.0	-2.0
32.0	-4.0	-19.0
-35.0	2.0	-1.0
40.0	-3.0	1.0
-20.0	-4.0	-35.0
26.0	-31.0	2.0
-28.0	31.0	-3.0
-45.0	-18.0	-17.0
-27.0	-46.0	-2.0
-2.0	48.0	0.0
-17.0	-63.0	0.0
22.0	-88.0	-7.0
31.0	-28.0	-7.0

// Gabard-Durnam LJ, 2014: PMID 24662579-1
// Subjects=20
17.0	18.0	19.0
-55.0	-1.0	-4.0
20.0	-38.0	-10.0
52.0	-38.0	11.0
4.0	51.0	-4.0
-23.0	55.0	12.0
6.0	8.0	9.0
31.0	23.0	30.0
-1.0	-71.0	40.0
41.0	32.0	24.0
17.0	-10.0	-17.0
-22.0	-11.0	-15.0
-1.0	-45.0	64.0
4.0	-73.0	38.0
6.0	8.0	9.0
17.0	18.0	19.0
52.0	19.0	26.0
2.0	30.0	10.0
22.0	41.0	42.0
30.0	23.0	29.0
0.0	52.0	36.0
42.0	-38.0	47.0
-48.0	-20.0	50.0
30.0	31.0	23.0
20.0	-12.0	70.0
-1.0	-71.0	36.0
1.0	-18.0	18.0
-5.0	50.0	14.0
-4.0	49.0	1.0
45.0	10.0	-19.0
21.0	11.0	-5.0
21.0	-38.0	-9.0
6.0	8.0	9.0
-25.0	56.0	11.0
17.0	18.0	19.0
24.0	57.0	19.0
23.0	24.0	31.0
31.0	-75.0	39.0
22.0	38.0	42.0
6.0	8.0	9.0
3.0	55.0	-1.0
17.0	18.0	19.0
6.0	8.0	9.0
22.0	-82.0	32.0
1.0	-34.0	14.0
1.0	-18.0	-2.0
1.0	-30.0	17.0
1.0	-18.0	-2.0
-6.0	-78.0	29.0
17.0	18.0	19.0
-51.0	-59.0	-3.0
17.0	18.0	19.0
-3.0	-76.0	29.0
-3.0	-51.0	60.0
17.0	18.0	19.0
-14.0	-5.0	-13.0

// Tusche A, 2014: PMID 24705200-1
// Subjects=20
-8.0	48.0	-16.0
28.0	-76.0	-30.0
0.0	48.0	-8.0
14.0	36.0	2.0
-30.0	6.0	70.0
-24.0	28.0	50.0
-8.0	-46.0	8.0
50.0	8.0	-28.0
-56.0	-12.0	-22.0
26.0	-38.0	-2.0
14.0	-90.0	8.0
-26.0	-67.0	-34.0
8.0	34.0	-6.0
-32.0	-70.0	36.0
22.0	-16.0	70.0
-24.0	-28.0	60.0
26.0	-38.0	46.0
66.0	-12.0	12.0
44.0	-76.0	28.0
-56.0	-36.0	-10.0

// Cha J, 2014: PMID 24760845-1
// Subjects=20
8.0	-8.0	18.0
30.0	-36.0	-6.0
-8.0	8.0	-6.0
-4.0	0.0	-4.0
2.0	34.0	26.0
-8.0	10.0	-8.0
-4.0	56.0	8.0
2.0	44.0	6.0
2.0	40.0	-16.0
22.0	-14.0	-20.0
4.0	-20.0	6.0

// DeWitt SJ, 2014: PMID 24796655-1
// Subjects=20
26.6	-6.3	-20.6
-49.9	10.5	39.1
11.0	14.1	38.1
-50.2	37.3	13.5
-43.3	-10.1	60.8
27.5	-60.2	67.6
62.1	-60.0	-16.5
49.3	36.0	29.1
26.6	6.4	-21.6
-1.4	-60.3	67.9
52.9	-61.8	44.0
65.6	-11.2	36.3
-43.3	-69.7	32.4
49.3	48.7	28.1
-11.9	9.8	-14.8
-11.5	33.8	46.8
-43.9	39.0	-6.8
-21.2	42.4	36.1
78.1	-40.6	-14.9
-50.2	37.3	13.5
-15.1	6.4	-17.8
-1.4	-30.7	78.8
-59.8	-45.4	-23.0
-66.1	-50.5	-5.8
26.5	71.6	-3.7
4.9	3.9	72.5
-59.8	14.0	2.1
-34.2	53.3	11.9
52.9	-52.3	43.2
-1.5	-58.7	47.7
-4.9	-27.8	35.1
42.7	43.7	5.2
-1.9	-98.7	-15.8
7.8	37.8	56.2

// Nee DE, 2014: PMID 24899718-1
// Subjects=20
52.0	-50.0	10.0
6.0	6.0	50.0
-6.0	10.0	48.0
30.0	-6.0	48.0
44.0	-8.0	54.0
-42.0	2.0	26.0
0.0	2.0	58.0
-34.0	22.0	8.0
-36.0	-8.0	54.0
-38.0	-16.0	42.0
-46.0	10.0	12.0
-6.0	-80.0	-12.0
-44.0	20.0	16.0
56.0	-28.0	-6.0
-42.0	-4.0	50.0
56.0	-40.0	4.0
8.0	-74.0	-4.0
-52.0	-68.0	30.0
-60.0	4.0	30.0
-56.0	-10.0	44.0
-52.0	-8.0	36.0
-6.0	-70.0	22.0
-14.0	-60.0	12.0
-40.0	-70.0	32.0
20.0	-10.0	-16.0
-22.0	-28.0	-18.0
-26.0	-26.0	-8.0
-28.0	-22.0	-22.0
60.0	-52.0	30.0
22.0	-8.0	-24.0
-6.0	-72.0	-4.0

// Lewis AH, 2014: PMID 24904331-1
// Subjects=20
25.9	37.4	36.0
-22.7	2.7	-37.5
25.6	11.6	-8.7
15.8	43.0	-14.6
0.7	-40.0	69.5
-19.3	-18.5	-22.4
32.0	-11.8	-23.5
-41.7	57.2	8.3
3.7	-42.5	36.3
-51.1	26.9	31.1
-12.5	-87.2	-3.3
-48.0	-6.8	7.1
41.9	34.1	32.7
64.3	-28.1	10.9
57.6	21.6	-6.5
48.2	-25.8	0.9
44.9	-3.6	-0.9
10.0	-92.9	3.6
-32.0	-13.6	0.8
-22.4	-7.9	-9.8

// Ewald H, 2014: PMID 24904363-1
// Subjects=20
-22.0	-14.0	62.0
-18.0	20.0	8.0
-34.0	-66.0	18.0
44.0	2.0	0.0
12.0	58.0	-12.0
12.0	58.0	-12.0
12.0	-92.0	12.0
42.0	-22.0	26.0
-30.0	-14.0	2.0
12.0	-76.0	24.0
40.0	6.0	40.0
-12.0	10.0	30.0
36.0	-12.0	-8.0
-42.0	-32.0	54.0
4.0	22.0	34.0
-18.0	20.0	8.0
-30.0	-14.0	2.0
36.0	-18.0	22.0
6.0	10.0	30.0
50.0	18.0	14.0
60.0	-34.0	28.0
6.0	10.0	30.0
14.0	-58.0	24.0
-22.0	-14.0	62.0
-16.0	0.0	44.0
-10.0	-62.0	30.0
-30.0	-14.0	2.0
-10.0	14.0	30.0
32.0	-34.0	-12.0
30.0	-32.0	-8.0
40.0	6.0	40.0
-30.0	-14.0	2.0
-38.0	-20.0	14.0
-32.0	-28.0	16.0

// Schlumpf YR, 2014: PMID 24922512-1
// Subjects=20
-62.0	6.0	-22.0
-58.0	-42.0	44.0
-24.0	-76.0	32.0
16.0	64.0	34.0
-70.0	-30.0	10.0
-6.0	26.0	-18.0
24.0	-94.0	14.0
32.0	-32.0	-8.0
-34.0	6.0	14.0
32.0	-32.0	-8.0
4.0	54.0	-10.0
-50.0	18.0	30.0
48.0	-86.0	4.0
-26.0	42.0	50.0
58.0	0.0	2.0
-40.0	-84.0	12.0
62.0	-36.0	44.0
-52.0	-60.0	30.0
-26.0	-98.0	2.0
46.0	42.0	-2.0
30.0	12.0	-16.0
-34.0	-22.0	14.0
44.0	4.0	-48.0
38.0	14.0	8.0
10.0	10.0	66.0
36.0	14.0	32.0
18.0	-22.0	16.0
-58.0	4.0	-26.0
30.0	10.0	-16.0
8.0	-16.0	4.0
10.0	-22.0	18.0
-54.0	32.0	6.0
38.0	-56.0	62.0
14.0	64.0	32.0
56.0	-12.0	36.0
-8.0	12.0	52.0
32.0	-12.0	-26.0
18.0	-20.0	14.0
-46.0	-82.0	10.0
-40.0	-52.0	-18.0
-48.0	16.0	-36.0
-28.0	-94.0	-24.0
-36.0	-74.0	-16.0
16.0	40.0	42.0
36.0	14.0	32.0
48.0	-48.0	28.0
-10.0	-54.0	56.0
44.0	2.0	-50.0
30.0	14.0	-14.0
10.0	-18.0	12.0
2.0	42.0	0.0
-8.0	-20.0	36.0
38.0	14.0	8.0
-48.0	-28.0	18.0
-56.0	-48.0	54.0
-6.0	24.0	20.0
32.0	-14.0	-26.0
-38.0	-76.0	10.0
-14.0	-52.0	56.0
36.0	14.0	32.0
34.0	14.0	30.0
-12.0	-52.0	58.0
8.0	-54.0	32.0
-56.0	4.0	-26.0
46.0	-48.0	28.0
-36.0	-74.0	-16.0
-54.0	2.0	-24.0
-20.0	14.0	46.0
16.0	40.0	42.0
48.0	-48.0	28.0
-10.0	-54.0	56.0
-4.0	14.0	-4.0
6.0	20.0	44.0
-6.0	12.0	50.0
46.0	-48.0	28.0
16.0	40.0	40.0
-38.0	-52.0	-16.0
-14.0	-8.0	64.0
-20.0	16.0	46.0
36.0	-56.0	64.0
14.0	48.0	34.0
38.0	-14.0	36.0
26.0	24.0	-34.0
12.0	8.0	66.0
58.0	-14.0	36.0
-6.0	-22.0	16.0
-30.0	8.0	-16.0
-38.0	-74.0	-14.0
46.0	-2.0	10.0
-54.0	2.0	-24.0
24.0	6.0	12.0
-30.0	-60.0	46.0
48.0	-86.0	4.0
46.0	-40.0	-22.0
46.0	42.0	-2.0
4.0	56.0	-10.0
-50.0	18.0	32.0
6.0	30.0	-6.0
-70.0	-30.0	-10.0
-52.0	-60.0	30.0
-40.0	-84.0	12.0
-58.0	-42.0	46.0
20.0	2.0	58.0
-2.0	-26.0	58.0
54.0	30.0	36.0
-62.0	-38.0	-24.0
-46.0	52.0	14.0
6.0	24.0	-26.0
-36.0	2.0	-42.0
-48.0	16.0	-34.0
-26.0	42.0	50.0
-38.0	0.0	-38.0
-62.0	6.0	-20.0
-20.0	-6.0	-6.0
14.0	-4.0	-6.0
-26.0	8.0	-16.0
8.0	36.0	-8.0
26.0	4.0	12.0
-70.0	-30.0	-10.0
-46.0	30.0	0.0
32.0	-32.0	-8.0
62.0	-36.0	44.0
-34.0	-22.0	14.0
16.0	64.0	34.0
60.0	-16.0	36.0
8.0	-16.0	8.0
52.0	-64.0	-12.0
10.0	66.0	-8.0
2.0	-22.0	64.0
-58.0	-40.0	-8.0
-30.0	-94.0	0.0
-44.0	-2.0	-46.0
16.0	-12.0	66.0
10.0	-22.0	16.0
-10.0	-98.0	16.0
-48.0	18.0	28.0
-66.0	0.0	-18.0
22.0	-98.0	12.0
-12.0	-28.0	12.0
24.0	8.0	-4.0
30.0	-34.0	-8.0
-4.0	-2.0	2.0
-58.0	-40.0	44.0
30.0	-2.0	48.0
4.0	52.0	-8.0
58.0	0.0	2.0
64.0	-28.0	34.0
-26.0	-98.0	2.0
-24.0	-76.0	30.0
-26.0	42.0	50.0
48.0	-86.0	4.0
44.0	44.0	-2.0
-42.0	-70.0	46.0
46.0	-40.0	-24.0

// van Ermingen-Marbach M, 2013: PMID 24936406-1
// Subjects=20
34.0	-66.0	-28.0
-14.0	-70.0	2.0
-4.0	16.0	46.0
-40.0	8.0	32.0
-14.0	-16.0	6.0
-56.0	4.0	22.0
32.0	24.0	-4.0
-10.0	-6.0	4.0
-46.0	-60.0	24.0
-28.0	-60.0	46.0
-58.0	4.0	22.0
-48.0	6.0	18.0
4.0	-88.0	8.0
-2.0	16.0	48.0
42.0	-62.0	-32.0
34.0	26.0	-6.0
-24.0	-4.0	58.0
-42.0	-4.0	42.0
-36.0	22.0	-2.0
-14.0	-72.0	0.0
-4.0	16.0	46.0
36.0	24.0	-8.0
-48.0	-48.0	28.0
40.0	-64.0	-8.0
-34.0	8.0	32.0
-52.0	-8.0	44.0
-34.0	14.0	12.0
-14.0	-72.0	0.0
-8.0	-84.0	14.0
-44.0	8.0	-18.0
-52.0	-6.0	44.0
10.0	26.0	36.0
18.0	-54.0	-28.0
36.0	-24.0	-14.0
38.0	-68.0	-28.0
42.0	-62.0	-32.0
-60.0	6.0	20.0
30.0	-34.0	-6.0
38.0	-68.0	12.0
2.0	60.0	-8.0
40.0	-6.0	-4.0
-18.0	-76.0	-2.0
-6.0	10.0	58.0
-28.0	18.0	42.0
24.0	-52.0	-32.0

// Meffert H, 2015: PMID 24939872-1
// Subjects=20
-28.5	-4.5	-15.5
37.5	10.5	26.5
-22.5	-4.5	-18.5
49.5	-64.5	-0.5
-49.5	-70.5	5.5
52.5	-40.5	5.5
37.5	-16.5	50.5
-37.5	-46.5	-15.5
-16.5	-1.5	-9.5
-25.5	-79.5	8.5
49.5	-64.5	2.5
-52.5	-34.5	-0.5
58.5	-43.5	11.5
-40.5	-4.5	50.5
46.5	-16.5	47.5
49.5	1.5	32.5
25.5	-1.5	-18.5
25.5	-82.5	17.5
25.5	-7.5	-21.5
-7.5	-85.5	-3.5
-40.5	10.5	23.5
-28.5	-58.5	47.5
55.5	4.5	-12.5
44.7	-60.5	-3.4
-36.0	-50.1	-14.2
-13.5	-88.5	8.5
-19.5	-70.5	-9.5
40.5	-16.5	56.5
-43.5	-66.9	1.9
-58.5	-43.5	-0.5
7.5	-4.5	47.5
-28.5	-49.5	-9.5
-28.5	-52.5	-9.5
10.5	-82.5	2.5
49.5	-61.5	-6.5
-49.5	-28.5	-0.5
28.5	-55.5	-9.5

// Ulrich M, 2014: PMID 24954512-1
// Subjects=20
-45.0	-4.0	31.0
32.0	-66.0	40.0
11.0	-78.0	-30.0
11.0	-88.0	-3.0
20.0	-81.0	-12.0
38.0	-73.0	-20.0
48.0	-52.0	-12.0
36.0	-84.0	-11.0
-29.0	26.0	10.0
32.0	-66.0	31.0
-32.0	27.0	12.0
41.0	24.0	22.0
44.0	8.0	25.0
54.0	39.0	12.0
-33.0	-45.0	-15.0
-41.0	-58.0	-15.0
-50.0	-57.0	-14.0
-38.0	-57.0	-23.0
-29.0	-79.0	-14.0
-44.0	15.0	12.0
63.0	-34.0	-6.0
39.0	27.0	19.0
-24.0	60.0	24.0
53.0	-61.0	9.0
-27.0	-4.0	-17.0
-33.0	35.0	12.0
-30.0	30.0	10.0
-50.0	-57.0	-14.0
-45.0	-57.0	-15.0
-51.0	-61.0	-12.0
11.0	-88.0	-3.0
-20.0	-21.0	-14.0
33.0	-76.0	33.0
11.0	-48.0	63.0
42.0	-45.0	-11.0
57.0	-55.0	-5.0
38.0	29.0	13.0
6.0	-79.0	-5.0
44.0	-66.0	18.0
33.0	-18.0	-12.0
38.0	-76.0	-5.0
47.0	-54.0	-12.0

// Rocca MA, 2014: PMID 25045065-1
// Subjects=20
34.0	24.0	-4.0
-34.0	20.0	2.0
52.0	22.0	32.0
38.0	54.0	22.0
30.0	-66.0	52.0
-48.0	14.0	26.0
-34.0	50.0	22.0
-44.0	6.0	38.0
-2.0	18.0	50.0
40.0	-52.0	40.0
-24.0	-70.0	46.0
32.0	6.0	58.0
-4.0	8.0	58.0
58.0	-18.0	12.0
26.0	-68.0	58.0
-6.0	-52.0	26.0
4.0	-52.0	24.0
-50.0	-26.0	12.0
-6.0	52.0	-6.0
8.0	60.0	6.0
-44.0	-74.0	30.0
56.0	-64.0	18.0
26.0	-16.0	-22.0
46.0	38.0	30.0
-46.0	-48.0	52.0
-28.0	-66.0	38.0
36.0	-62.0	-28.0
-36.0	-66.0	-26.0
-46.0	4.0	44.0
32.0	24.0	-4.0
-34.0	48.0	18.0
40.0	-44.0	40.0
-2.0	16.0	56.0
-44.0	-22.0	10.0
6.0	-48.0	28.0
-4.0	-48.0	28.0
34.0	-64.0	-26.0
-4.0	26.0	44.0
42.0	4.0	28.0
-32.0	24.0	-2.0
42.0	54.0	10.0
30.0	14.0	60.0
46.0	36.0	28.0
-10.0	52.0	42.0
64.0	-26.0	20.0
-54.0	8.0	24.0
2.0	54.0	30.0
-52.0	-66.0	14.0
54.0	-64.0	10.0
-38.0	-46.0	50.0
38.0	-40.0	44.0
-46.0	12.0	30.0
-34.0	46.0	32.0
-40.0	-44.0	46.0
-28.0	-70.0	38.0
38.0	-46.0	42.0
20.0	-62.0	50.0
-44.0	4.0	42.0
-52.0	28.0	32.0
-20.0	16.0	60.0
22.0	-46.0	-12.0
42.0	6.0	34.0
28.0	-62.0	54.0
32.0	14.0	60.0
-46.0	2.0	36.0
8.0	34.0	40.0
32.0	22.0	-6.0
-36.0	22.0	-4.0
-4.0	-46.0	32.0
-2.0	-58.0	26.0
-44.0	-22.0	6.0
-2.0	14.0	58.0
62.0	-30.0	22.0
4.0	58.0	14.0
40.0	-36.0	-24.0
-44.0	-50.0	54.0
-20.0	-72.0	54.0
36.0	-56.0	58.0
-12.0	54.0	44.0
40.0	-42.0	46.0
-48.0	6.0	38.0
-38.0	-46.0	48.0
40.0	16.0	48.0
-32.0	46.0	34.0
64.0	-20.0	16.0
-26.0	-68.0	48.0
8.0	-46.0	26.0
-6.0	2.0	52.0
2.0	20.0	48.0
-46.0	18.0	26.0
-6.0	-48.0	26.0
-36.0	-52.0	46.0
20.0	-70.0	52.0
-50.0	10.0	16.0
-58.0	-28.0	14.0
36.0	24.0	-4.0
56.0	6.0	-6.0
-4.0	10.0	58.0
-34.0	46.0	32.0
44.0	8.0	48.0
-36.0	4.0	52.0
-8.0	10.0	58.0
-8.0	6.0	60.0
-44.0	6.0	50.0
-6.0	8.0	58.0
40.0	16.0	48.0
-4.0	-46.0	30.0
8.0	-56.0	28.0
-36.0	22.0	-4.0
-6.0	-34.0	52.0
36.0	22.0	-6.0
26.0	-18.0	-24.0
40.0	22.0	50.0
-26.0	-34.0	-12.0
0.0	-42.0	32.0
-8.0	-38.0	50.0
58.0	-32.0	4.0
2.0	-40.0	36.0
-38.0	-14.0	-4.0
-24.0	-36.0	-14.0
-18.0	-52.0	-4.0
26.0	-62.0	-6.0
28.0	-64.0	-6.0
-50.0	6.0	-34.0
-52.0	-66.0	26.0
-48.0	-22.0	14.0

// Christodoulou JA, 2014: PMID 25058010-1
// Subjects=20
-38.0	-46.0	-38.0
12.0	12.0	8.0
-8.0	-16.0	4.0
-8.0	-78.0	-38.0
48.0	-78.0	4.0
-2.0	8.0	70.0
-34.0	-76.0	-4.0
54.0	-46.0	14.0
-50.0	-46.0	8.0
30.0	26.0	0.0
-36.0	-30.0	52.0
36.0	-88.0	18.0
-2.0	8.0	60.0
36.0	-46.0	50.0
34.0	32.0	-2.0
38.0	-4.0	38.0
50.0	-40.0	6.0
-40.0	-24.0	48.0
30.0	-68.0	36.0
18.0	-80.0	-2.0
6.0	16.0	50.0
36.0	44.0	36.0
28.0	4.0	46.0
30.0	24.0	2.0
-62.0	-46.0	8.0
48.0	26.0	26.0
4.0	-34.0	-46.0
48.0	-34.0	-4.0
-30.0	-52.0	52.0
8.0	-78.0	10.0
34.0	32.0	0.0
-48.0	-22.0	20.0
-50.0	-48.0	4.0
-46.0	10.0	20.0
48.0	8.0	34.0
26.0	-68.0	50.0
8.0	-22.0	26.0
-10.0	-20.0	0.0
0.0	-54.0	-30.0
-36.0	12.0	2.0
46.0	-50.0	52.0
6.0	16.0	52.0
-30.0	-50.0	58.0
-38.0	-22.0	52.0
-22.0	-92.0	16.0
32.0	-8.0	-4.0
-54.0	22.0	26.0
34.0	-34.0	-6.0
-6.0	24.0	-4.0
-44.0	24.0	6.0
-4.0	10.0	66.0
-22.0	-8.0	26.0
14.0	20.0	44.0
-60.0	-46.0	16.0
-54.0	-20.0	24.0
-8.0	-28.0	-10.0
26.0	-90.0	10.0
-2.0	-32.0	-38.0

// Benoit RG, 2015: PMID 25100219-1
// Subjects=20
-24.0	59.0	-8.0
27.0	56.0	22.0
3.0	35.0	31.0
3.0	23.0	37.0
42.0	26.0	37.0
30.0	38.0	37.0
33.0	23.0	-14.0
18.0	11.0	70.0
42.0	17.0	-11.0
12.0	23.0	61.0
57.0	26.0	4.0
6.0	11.0	58.0
-45.0	23.0	-5.0
-33.0	23.0	-14.0
-51.0	-13.0	46.0
66.0	-43.0	40.0
6.0	23.0	-2.0
-18.0	32.0	1.0
-21.0	-19.0	31.0
-6.0	20.0	-2.0
-48.0	-10.0	7.0
-63.0	-25.0	13.0
-57.0	-22.0	7.0
39.0	-13.0	-26.0
30.0	-13.0	-17.0
6.0	-34.0	34.0
-21.0	-7.0	28.0
24.0	-25.0	31.0
60.0	-28.0	19.0
48.0	-7.0	13.0
57.0	-19.0	10.0
-36.0	-40.0	-8.0
-60.0	-52.0	37.0
-27.0	-37.0	4.0
51.0	14.0	40.0
-27.0	-34.0	16.0
45.0	23.0	-5.0
36.0	-43.0	4.0
30.0	-31.0	-2.0
-12.0	-37.0	46.0
42.0	-76.0	22.0
48.0	17.0	4.0
-33.0	-76.0	31.0
-39.0	-82.0	22.0
15.0	-76.0	16.0
12.0	-67.0	13.0
33.0	53.0	22.0
15.0	14.0	61.0
6.0	32.0	31.0
-30.0	20.0	-11.0
-36.0	14.0	1.0
36.0	-34.0	-14.0
18.0	-91.0	4.0
33.0	20.0	-11.0
-24.0	-37.0	-47.0
15.0	8.0	7.0
48.0	-1.0	-35.0
60.0	-46.0	25.0
-48.0	-16.0	46.0
51.0	-49.0	34.0
-33.0	-49.0	-32.0
-66.0	-52.0	31.0
-45.0	-79.0	-5.0
18.0	-94.0	4.0
60.0	-43.0	34.0
-36.0	-85.0	-8.0
-36.0	-94.0	13.0
-6.0	20.0	-2.0
6.0	17.0	-5.0
-39.0	-76.0	46.0
30.0	-34.0	10.0
-45.0	-67.0	1.0

// Wey HY, 2014: PMID 25107855-1
// Subjects=20
-64.0	-12.0	10.0
68.0	-20.0	4.0
-40.0	-36.0	14.0
10.0	10.0	4.0
-54.0	-76.0	16.0
-24.0	-88.0	-30.0
-34.0	-20.0	32.0
38.0	-18.0	-2.0
16.0	32.0	-18.0
20.0	32.0	8.0
-48.0	32.0	-18.0
-18.0	-18.0	30.0
-22.0	-16.0	-2.0
-12.0	-4.0	8.0
6.0	-26.0	70.0
40.0	-34.0	64.0
72.0	-32.0	22.0
56.0	-18.0	40.0
-8.0	-48.0	30.0
4.0	18.0	-6.0
14.0	-34.0	58.0
34.0	-42.0	4.0
8.0	-2.0	6.0
24.0	-2.0	-4.0
-52.0	-6.0	6.0
22.0	-54.0	14.0
62.0	-54.0	38.0
52.0	-66.0	44.0
16.0	-18.0	28.0
4.0	-74.0	34.0
0.0	-2.0	58.0
-4.0	-32.0	60.0
10.0	-2.0	54.0
-6.0	4.0	48.0
-4.0	-96.0	16.0
54.0	-34.0	0.0
-30.0	-38.0	-8.0
56.0	-8.0	-14.0
2.0	36.0	-28.0
28.0	4.0	-4.0
8.0	-2.0	-10.0
-4.0	-28.0	-8.0
-18.0	-80.0	-30.0
24.0	0.0	-18.0
-26.0	-16.0	4.0
42.0	-8.0	8.0
22.0	-12.0	-2.0
-10.0	-14.0	0.0
22.0	-14.0	-16.0
12.0	-32.0	2.0
-8.0	12.0	-10.0

// Boecker R, 2014: PMID 25118701-1
// Subjects=20
-8.0	4.0	4.0
34.0	8.0	-2.0
18.0	4.0	6.0
-18.0	6.0	12.0
-10.0	-2.0	6.0
-10.0	2.0	2.0
48.0	8.0	-2.0
-14.0	36.0	20.0
14.0	14.0	6.0
-38.0	18.0	-6.0
18.0	-6.0	-12.0
-32.0	-4.0	4.0
32.0	2.0	4.0
18.0	0.0	-4.0
-46.0	4.0	-4.0
28.0	-30.0	-10.0
22.0	-8.0	-4.0
-12.0	-20.0	-10.0
10.0	-18.0	-12.0
-24.0	-12.0	-4.0
-46.0	4.0	-4.0
48.0	8.0	-2.0

// Griebe M, 2014: PMID 25119565-1
// Subjects=20
-32.4	-56.4	66.8
-34.2	-59.4	-27.7
21.4	-53.5	-24.4
2.7	-2.3	60.8
61.1	-65.3	-2.6
-3.8	-3.0	53.1
49.1	14.1	-5.8
-50.9	-40.1	31.1
-47.6	-13.0	51.1
42.3	-60.2	51.8
-47.0	1.8	-5.9
55.8	-41.1	8.8
26.7	-64.1	-39.1
-33.7	-16.3	47.9
-37.4	-55.3	-29.1
53.5	-55.8	-16.7
38.5	20.0	1.6
-45.9	13.2	4.3
49.3	6.4	18.2
-34.2	18.5	2.6
-37.9	-56.1	43.4
-7.1	10.4	47.6
-47.6	-5.5	51.6
31.5	1.7	54.5
42.2	-10.5	62.1
41.7	18.0	2.9
-34.3	-53.6	-34.9
49.7	-46.9	43.9
-43.9	14.4	-8.1
48.2	-13.5	8.8
47.6	-47.8	46.2
-3.9	7.4	48.9
28.9	-50.2	-24.7
16.5	-7.1	52.1
-43.8	-68.0	-28.0
43.3	-72.1	36.0
-32.6	-76.0	32.8
-42.5	30.3	32.9
-2.8	10.5	47.5
49.4	-14.0	15.5
46.2	14.2	36.6
-42.7	19.0	10.4
32.6	-71.7	41.7
-42.5	2.9	21.8
-27.2	-76.8	36.1
-4.4	42.1	-10.9
-32.9	22.9	32.3
-7.1	2.1	49.4
21.9	-15.1	59.4
-33.2	-13.8	-15.9
22.4	-14.4	-14.3
-14.5	-1.4	59.8
-40.5	-15.9	-1.2
55.8	-40.0	8.7
-8.3	-57.0	1.9
-43.8	13.2	4.2
-38.2	-2.2	24.4
44.9	-5.4	-10.8

// Acevedo BP, 2014: PMID 25161824-1
// Subjects=20
-48.0	-54.0	9.0
48.0	-27.0	57.0
-42.0	24.0	3.0
48.0	27.0	6.0
63.0	-51.0	12.0
36.0	-39.0	42.0
51.0	-54.0	21.0
60.0	-61.0	21.0
30.0	-72.0	39.0
48.0	-54.0	9.0
42.0	39.0	21.0
3.0	24.0	42.0
6.0	6.0	57.0
48.0	6.0	54.0
6.0	18.0	54.0
-57.0	-66.0	-3.0
-15.0	-75.0	21.0
-51.0	-69.0	-6.0
-54.0	-54.0	3.0
27.0	27.0	0.0
36.0	-63.0	-3.0
27.0	27.0	-2.0
36.0	-39.0	45.0
51.0	6.0	-24.0
-33.0	27.0	12.0
-63.0	-3.0	18.0
45.0	-12.0	24.0
-27.0	-9.0	-15.0
-27.0	-9.0	-12.0
-18.0	30.0	-12.0
36.0	21.0	6.0
-9.0	54.0	-12.0
45.0	3.0	33.0
39.0	-75.0	-12.0
-42.0	-66.0	9.0
-51.0	-45.0	15.0
51.0	-45.0	12.0
6.0	6.0	57.0
9.0	-3.0	30.0
27.0	27.0	-6.0
33.0	18.0	-3.0
27.0	3.0	54.0
45.0	-27.0	54.0
36.0	15.0	-6.0
12.0	-9.0	-15.0
39.0	-42.0	30.0
33.0	-15.0	-21.0
-33.0	27.0	15.0
-18.0	6.0	30.0
-3.0	-33.0	3.0
3.0	-68.0	9.0
-9.0	66.0	17.0
-33.0	12.0	6.0
-48.0	-48.0	0.0
45.0	27.0	21.0
34.0	-72.0	28.0
-27.0	-48.0	66.0
27.0	-48.0	72.0
16.0	-63.0	63.0
33.0	-45.0	54.0
52.0	-22.0	30.0
36.0	39.0	27.0
12.0	6.0	60.0
36.0	21.0	-12.0
54.0	9.0	48.0
42.0	39.0	21.0
24.0	3.0	57.0
48.0	-18.0	48.0
57.0	-15.0	42.0
-45.0	-69.0	9.0
-33.0	18.0	9.0
42.0	24.0	-12.0
-42.0	-33.0	21.0
-27.0	-48.0	66.0
12.0	-57.0	60.0
27.0	-45.0	51.0
9.0	9.0	60.0
27.0	45.0	27.0
48.0	-48.0	-6.0
-9.0	18.0	48.0
45.0	45.0	-6.0
-3.0	-21.0	0.0
-9.0	-3.0	51.0
-4.0	11.0	29.0
10.0	3.0	45.0
27.0	3.0	54.0
-6.0	-3.0	57.0
30.0	35.0	12.0

// Stoppel CM, 2014: PMID 25161894-1
// Subjects=20
56.0	-22.0	-40.0
-48.0	-24.0	54.0
-52.0	6.0	2.0
56.0	10.0	14.0
-58.0	10.0	36.0
52.0	6.0	38.0
24.0	-76.0	-6.0
6.0	-12.0	4.0
-54.0	-34.0	36.0
-10.0	-20.0	-6.0
-20.0	2.0	-2.0
-16.0	6.0	-2.0
-14.0	-20.0	4.0
-34.0	-54.0	-32.0
34.0	-52.0	-28.0
2.0	-2.0	56.0
0.0	-92.0	14.0
20.0	8.0	8.0
12.0	-94.0	26.0
36.0	2.0	-6.0
20.0	-48.0	-24.0
8.0	-78.0	8.0
-10.0	-8.0	56.0
60.0	-38.0	44.0
-30.0	-56.0	-30.0
16.0	6.0	2.0
-10.0	-62.0	-6.0
10.0	-66.0	-4.0
-10.0	-72.0	8.0
-12.0	8.0	-2.0
-10.0	-96.0	30.0
-36.0	4.0	4.0
28.0	-58.0	-18.0
-30.0	-24.0	42.0
-30.0	-52.0	-26.0
16.0	-20.0	8.0
10.0	12.0	-4.0
28.0	-66.0	-12.0
-48.0	-36.0	28.0
-14.0	-14.0	2.0
-56.0	12.0	24.0
-10.0	-28.0	62.0
-10.0	-20.0	6.0
-32.0	-12.0	-18.0
-26.0	-38.0	-18.0
-10.0	-54.0	20.0
16.0	-54.0	18.0
32.0	-78.0	12.0
26.0	-74.0	-8.0
-28.0	-92.0	22.0
18.0	-86.0	28.0
-26.0	-76.0	-8.0
44.0	-72.0	22.0
-34.0	-36.0	-12.0
14.0	-54.0	18.0
-10.0	-44.0	8.0
32.0	-36.0	-18.0
-28.0	-8.0	24.0
30.0	-46.0	-12.0
-28.0	-52.0	-22.0
-34.0	-70.0	24.0
-32.0	-20.0	-22.0
-38.0	-10.0	38.0
28.0	-14.0	-22.0
-28.0	-64.0	-10.0
-8.0	-14.0	-2.0
28.0	-10.0	12.0
28.0	-2.0	-8.0
24.0	-28.0	14.0
16.0	-14.0	10.0
-24.0	-18.0	30.0
-22.0	-28.0	48.0
36.0	-38.0	-14.0
-20.0	-18.0	10.0
26.0	-24.0	-14.0
-24.0	4.0	2.0
18.0	-24.0	50.0
-38.0	-26.0	-2.0
34.0	-14.0	-20.0
-14.0	40.0	-14.0
20.0	44.0	-12.0
-36.0	10.0	28.0
-22.0	0.0	12.0
-32.0	-98.0	14.0
-26.0	-76.0	-8.0

// Bauer CC, 2014: PMID 25166875-1
// Subjects=20
-42.0	-2.0	12.0
-2.0	6.0	52.0
-58.0	6.0	14.0
34.0	2.0	20.0
-18.0	14.0	28.0
-46.0	4.0	16.0
-26.0	-48.0	26.0
-48.0	4.0	-2.0
-50.0	6.0	8.0
28.0	-42.0	62.0
38.0	10.0	2.0
26.0	-8.0	-18.0
8.0	-64.0	52.0
38.0	-8.0	4.0
46.0	-70.0	32.0
50.0	0.0	28.0
-20.0	72.0	8.0
-32.0	2.0	-18.0
-4.0	66.0	-4.0
30.0	-26.0	-14.0
-56.0	10.0	42.0

// Radeloff D, 2014: PMID 25188200-1
// Subjects=20
-30.0	14.0	-18.0
27.0	-9.0	-18.0
38.0	-74.0	23.0
39.0	-75.0	23.0
-17.0	-5.0	-15.0
-2.0	48.0	15.0
-30.0	14.0	-18.0
-30.0	15.0	-18.0
-17.0	-5.0	-15.0

// Pitskel NB, 2014: PMID 25198094-1
// Subjects=20
-33.2	-5.9	-23.3
35.4	-19.1	6.0
41.7	-10.7	-10.3
41.7	9.1	-2.0
35.2	18.3	-6.0
31.1	-9.3	9.7
25.5	-5.5	-24.0
-35.1	-22.6	8.3
-35.0	-22.1	14.9
-38.4	5.7	2.6
-31.5	-2.3	63.4
-29.1	29.2	-24.0
-41.9	55.9	-8.3
-44.8	-13.7	0.9
24.4	29.9	-20.2
32.1	45.2	11.8
48.1	19.1	2.7
22.3	69.7	-0.1

// Salomons TV, 2015: PMID 25208742-1
// Subjects=20
0.0	60.0	8.0
-22.0	32.0	32.0
0.0	-12.0	36.0
20.0	-82.0	38.0
-12.0	-56.0	-2.0
2.0	14.0	38.0
42.0	-48.0	-16.0
56.0	-22.0	0.0
-20.0	-32.0	0.0
22.0	-62.0	-4.0
28.0	-40.0	-8.0
28.0	-20.0	-18.0
0.0	-54.0	24.0
36.0	8.0	6.0
26.0	-78.0	-12.0
40.0	-14.0	14.0
22.0	10.0	-4.0
4.0	-88.0	0.0
42.0	44.0	4.0
-18.0	-82.0	-16.0
44.0	8.0	36.0
62.0	-20.0	20.0
-10.0	-12.0	2.0
8.0	-12.0	0.0
-36.0	4.0	6.0
42.0	40.0	16.0

// Martinsen S, 2014: PMID 25275449-1
// Subjects=20
12.0	-70.0	8.0
40.0	38.0	34.0
30.0	-52.0	-24.0
30.0	22.0	-8.0
-44.0	-52.0	-18.0
38.0	-2.0	64.0
-4.0	-20.0	32.0
24.0	46.0	38.0
6.0	18.0	42.0
-8.0	-18.0	4.0
-36.0	-52.0	46.0
-38.0	-24.0	-8.0
6.0	-56.0	0.0
-14.0	6.0	22.0
26.0	-14.0	-16.0
42.0	-2.0	-16.0
22.0	-14.0	24.0
44.0	-40.0	24.0

// Dhindsa K, 2014: PMID 25278860-1
// Subjects=20
12.8	51.2	8.2
51.7	-3.1	45.8
13.3	-101.6	14.3
-41.4	-77.8	-3.8
-54.3	-71.6	-4.1
48.3	-38.5	2.0
-51.1	-23.0	5.1
-12.2	-14.9	64.2
44.1	-70.2	4.7
58.2	-38.0	48.6
-38.0	-26.1	45.4
-44.5	-30.4	32.4
-70.2	-28.1	22.5
26.3	-53.8	53.7
-28.2	-44.3	56.9
41.7	-43.5	-21.0
61.2	-27.6	17.6
10.0	-86.3	6.4
-0.0	44.7	8.9
26.0	-43.9	16.0
29.1	-64.0	4.3
-25.3	-80.4	3.0
32.2	-38.6	2.1
29.0	-29.6	-5.3
19.5	-77.2	-1.2
-51.3	-30.8	-14.3
13.1	-24.2	24.6
74.8	-23.5	-13.0
-64.1	-33.8	-10.5
32.5	-56.1	23.7
-22.6	51.0	-4.7
3.6	-52.8	27.1
-3.2	35.0	6.4
10.2	-41.5	49.5
-28.2	-54.4	51.0
-28.4	16.2	55.1
-6.6	50.0	-4.8
-2.7	-88.5	20.1
47.5	-88.5	16.2
60.8	-15.3	-30.2
-38.8	-11.1	-49.5
-31.8	-54.3	10.9
-70.4	-62.4	-8.1
-13.1	75.9	-13.6
-32.1	-14.6	-12.5
-5.6	-64.2	72.8
-9.2	-23.3	38.1
18.5	-46.9	19.7
-19.4	69.5	0.4
-15.8	60.2	44.6
-15.9	49.6	32.1
-44.7	19.9	21.5
0.3	-96.4	0.7
27.7	1.5	-15.7
-25.4	-80.9	-3.7
-25.5	-38.9	2.8
55.1	-63.4	50.8
32.5	-19.6	40.7
31.9	10.9	-18.7
57.6	28.2	-3.7
-38.6	33.5	-9.8
54.3	40.1	-14.7
0.3	-96.9	-6.0
57.5	7.1	-28.7
-29.2	8.7	-41.3
68.8	-56.1	19.9
-22.6	-13.2	-36.2
-22.7	-0.5	-37.2
28.7	-29.8	-35.4
-45.0	-8.9	-19.5
-38.3	-42.7	-3.4
-45.1	29.2	-22.7
-16.3	45.0	-27.7
51.4	6.9	10.4

// Wang WC, 2014: PMID 25305568-1
// Subjects=20
37.0	-18.0	-23.0
33.0	-18.0	-20.0
37.0	-26.0	-12.0

// Sulpizio V, 2014: PMID 25309392-1
// Subjects=20
34.0	-36.0	-9.0
-33.0	-8.0	-28.0
27.0	-6.0	-28.0
-32.0	-36.0	-9.0
28.0	-50.0	-10.0
-18.0	-56.0	9.0
19.0	-56.0	11.0
-28.0	-50.0	-8.0

// Dwyer DB, 2014: PMID 25319705-1
// Subjects=20
-30.0	21.0	4.0
30.0	-92.0	-4.0
-2.0	12.0	46.0
-1.0	54.0	-8.0
0.0	-30.0	-6.0
-40.0	24.0	22.0
-44.0	-56.0	-8.0
-40.0	-68.0	-10.0
-26.0	-90.0	-4.0
-22.0	-64.0	48.0
-33.0	-45.0	44.0
26.0	-2.0	50.0
40.0	14.0	-6.0
35.0	18.0	5.0
-24.0	-4.0	52.0
-40.0	2.0	32.0
-52.0	-58.0	-4.0
44.0	-42.0	44.0
26.0	-64.0	52.0
-54.0	-38.0	42.0
-18.0	-16.0	22.0
-16.0	-8.0	16.0
-26.0	-66.0	-26.0
-46.0	48.0	-16.0
32.0	-4.0	64.0
-26.0	44.0	-14.0
26.0	44.0	-14.0
-52.0	-64.0	-10.0
-58.0	-66.0	-4.0
40.0	-64.0	-10.0
18.0	-44.0	48.0
60.0	-34.0	40.0
-64.0	-32.0	20.0
26.0	-62.0	40.0
28.0	-66.0	32.0
30.0	14.0	-20.0
30.0	-42.0	-8.0
-22.0	28.0	50.0
54.0	-4.0	8.0
-16.0	68.0	20.0
0.0	-42.0	48.0
-4.0	-36.0	44.0
-40.0	-14.0	36.0
50.0	4.0	-34.0
-16.0	-72.0	-8.0
46.0	-74.0	32.0
-12.0	70.0	12.0
6.0	-48.0	44.0
36.0	-16.0	20.0
44.0	-32.0	24.0
56.0	-54.0	-4.0
-58.0	-4.0	-16.0
-18.0	-30.0	64.0
24.0	34.0	42.0
-46.0	-66.0	25.0
-42.0	-76.0	32.0
27.0	-35.0	-14.0
0.0	22.0	-8.0
56.0	-4.0	-16.0
-52.0	4.0	-30.0
-44.0	-70.0	38.0
-6.0	54.0	32.0
0.0	56.0	20.0
0.0	-30.0	34.0
-58.0	-14.0	-16.0
0.0	-54.0	28.0
-36.0	14.0	-24.0
46.0	-64.0	30.0
4.0	4.0	-4.0
60.0	-8.0	-22.0
-2.0	8.0	4.0
22.0	-20.0	-18.0

// Cacioppo S, 2014: PMID 25339886-1
// Subjects=20
-7.4	20.5	12.1
-52.0	-41.3	39.0
20.9	-79.4	6.9
20.9	-79.4	6.9
20.9	-79.4	6.9
20.9	-79.4	6.9
20.9	-79.4	6.9
20.9	-79.4	6.9
4.8	-64.8	61.9
4.8	-64.8	61.9
4.8	-64.8	61.9
30.8	-21.1	0.7
30.8	-21.1	0.7
30.8	-21.1	0.7
-16.4	-23.1	6.9
-16.4	-23.1	6.9
-46.8	-66.5	4.7
-46.8	-66.5	4.7
21.7	-16.5	27.2
4.8	-64.8	61.9
25.9	15.8	4.9
-52.0	-41.3	39.0
-49.0	-31.0	-3.1
64.3	-12.2	9.6
-45.9	15.2	3.0
-32.5	-86.4	-1.5
-35.3	-85.1	26.8
28.5	34.9	-14.4
14.2	-74.9	2.0
14.2	-74.9	2.0
14.2	-74.9	2.0
-39.3	-30.4	17.9
-32.5	-86.4	-1.5
-39.3	-30.4	17.9
-45.9	15.2	3.0
-45.9	15.2	3.0
25.9	15.8	4.9
64.3	-12.2	9.6
67.7	-29.1	25.5
67.7	-29.1	25.5
17.9	-71.1	64.1
17.9	-71.1	64.1
1.0	-32.4	-24.8
-45.9	15.2	3.0
5.6	40.9	41.5
30.8	-21.1	0.7
45.3	-60.1	25.0
56.8	19.2	17.1
-3.0	-47.6	-1.2
-25.3	-14.6	28.7
-24.6	1.3	-13.9
30.4	-64.9	33.4
47.4	-16.2	42.5
7.9	5.1	46.7
-21.8	-59.0	59.1
-23.5	36.9	6.5
63.3	-6.1	20.3
17.1	-0.1	-7.6
5.3	46.2	13.2
41.6	8.9	-17.6
-42.8	3.1	-16.1
-55.3	-57.6	11.4
31.0	55.0	14.4
18.0	-57.4	-47.4
35.3	-65.7	-32.4
54.6	-16.9	5.6
-36.3	24.2	7.7
46.9	32.5	-2.9
40.7	-22.1	-6.0
46.2	-38.0	8.6
-25.7	-65.3	-35.1
-4.7	-68.3	47.4
35.4	41.6	33.3
-1.9	-50.1	6.9
24.6	-57.6	-22.9
1.4	-24.8	31.5
18.4	-7.2	23.1
33.4	-59.5	7.2
34.6	-19.8	38.5
37.0	-51.9	63.4
-56.3	-39.8	21.1
24.5	6.8	-16.1
46.5	-70.1	33.6
19.1	-57.6	-50.8
49.0	-1.9	-21.2
26.7	-16.9	-19.7
62.2	-28.0	12.1
-40.7	6.2	-17.5
59.1	-41.2	21.0
-39.0	-56.5	37.9

// Brancucci A, 2014: PMID 25344118-1
// Subjects=20
27.8	49.7	16.0
21.4	61.7	19.5
-20.4	59.7	11.2
-32.9	-21.6	21.5
-15.8	-18.0	11.0
43.9	-9.6	4.0
-44.8	40.5	26.5
13.4	-1.7	68.4
-7.0	-6.0	55.6
-45.8	-25.7	9.8
21.3	-16.7	-16.3
-35.1	29.5	21.7
35.4	27.2	26.7

// Boccia M, 2014: PMID 25359694-1
// Subjects=20
-39.0	-43.0	49.0
48.0	-4.0	16.0
-51.0	5.0	28.0
27.0	-34.0	-2.0
-21.0	-37.0	-17.0
3.0	-76.0	28.0
-15.0	-97.0	-2.0
-45.0	-64.0	37.0
42.0	-40.0	49.0
24.0	-37.0	-17.0
9.0	-82.0	7.0
30.0	-4.0	52.0
-3.0	-79.0	46.0
-24.0	-67.0	55.0
15.0	-55.0	10.0
27.0	-61.0	61.0
-18.0	-61.0	16.0
39.0	-22.0	61.0
-30.0	-40.0	-14.0
30.0	-64.0	34.0
-24.0	-4.0	49.0
30.0	-31.0	-14.0
54.0	-58.0	-14.0
-3.0	-76.0	4.0

// Ventola P, 2015: PMID 25370452-1
// Subjects=20
26.0	0.0	-12.0
-10.0	-34.0	8.0
46.0	-36.0	6.0
8.0	6.0	-2.0
-14.0	6.0	-8.0
56.0	-42.0	4.0
22.0	-10.0	-12.0
8.0	8.0	-4.0
22.0	-28.0	-8.0
48.0	-42.0	12.0
-8.0	-34.0	8.0
8.0	-12.0	12.0
28.0	-8.0	-28.0
-8.0	-40.0	4.0
18.0	-28.0	-4.0

// Gebauer L, 2014: PMID 25379450-1
// Subjects=20
-60.0	-46.0	4.0
66.0	-10.0	16.0
-64.0	-22.0	14.0
-48.0	-14.0	6.0
54.0	18.0	8.0
-48.0	-46.0	26.0
-10.0	-8.0	42.0
-14.0	48.0	14.0
4.0	-30.0	-20.0
-60.0	4.0	8.0
36.0	6.0	-20.0
18.0	58.0	36.0
-6.0	2.0	26.0
-16.0	-6.0	-18.0
-22.0	34.0	10.0
52.0	-18.0	60.0
-2.0	-32.0	2.0
-38.0	4.0	-16.0
4.0	8.0	-8.0
-10.0	50.0	42.0
-8.0	50.0	22.0
-60.0	-8.0	-14.0
0.0	-50.0	30.0
60.0	-14.0	-4.0
-60.0	-22.0	-2.0
58.0	0.0	46.0
-4.0	-2.0	54.0
-18.0	-8.0	-16.0
46.0	-2.0	-20.0
22.0	-10.0	-20.0
0.0	50.0	-14.0
60.0	24.0	12.0
-8.0	52.0	42.0
26.0	-4.0	6.0
-22.0	2.0	2.0
-46.0	-8.0	60.0
24.0	-4.0	-24.0

// Henderson JM, 2015: PMID 25436668-1
// Subjects=20
-19.1	-25.4	-1.7
34.6	-91.3	8.8
-28.7	-51.9	-12.8
-12.6	-86.7	-10.0
-9.4	-60.1	3.3
31.1	-35.4	-11.5
34.2	-6.3	-7.3
25.3	-68.7	53.8
-19.4	-38.0	-40.8
24.4	-34.6	-41.6
-21.8	-72.7	48.0
-37.9	-40.5	52.2
21.7	-55.7	16.0
15.1	6.7	10.8
-45.0	46.4	-7.4
60.0	27.3	25.3
-28.4	1.0	51.9
-44.6	11.0	31.2
0.5	10.4	60.8
28.2	4.8	54.3
41.1	-31.0	43.8
-15.6	-101.3	6.8
11.6	-31.2	-38.4
-3.4	-51.1	-46.6
27.8	-23.0	-15.8
-2.7	-27.9	47.4
66.5	-3.4	27.8
14.8	-44.4	-44.0
31.0	61.5	16.1
-34.8	-91.4	12.9

// Wende KC, 2015: PMID 25439393-1
// Subjects=20
46.0	24.0	34.0
30.0	-86.0	-12.0
12.0	90.0	-4.0
28.0	-26.0	-12.0
-22.0	-84.0	-18.0
-14.0	-80.0	-30.0
56.0	-46.0	0.0
52.0	42.0	50.0
56.0	50.0	38.0
-26.0	-94.0	0.0
32.0	24.0	4.0
-42.0	24.0	20.0
-42.0	18.0	34.0
50.0	12.0	22.0

// Landsiedel J, 2015: PMID 25451474-1
// Subjects=20
27.0	5.0	58.0
-24.0	5.0	43.0
36.0	32.0	31.0
9.0	-61.0	49.0
-18.0	38.0	49.0
-33.0	35.0	-14.0
-9.0	-52.0	7.0
24.0	-13.0	-20.0
-48.0	-76.0	31.0
-36.0	44.0	28.0

// Li M, 2015: PMID 25462396-1
// Subjects=20
-3.0	-63.0	-42.0
12.0	9.0	-6.0
-9.0	15.0	-6.0
12.0	9.0	-6.0
9.0	12.0	0.0
33.0	-24.0	-12.0
30.0	-21.0	-12.0
-39.0	9.0	-21.0
9.0	-78.0	-33.0
27.0	-69.0	-39.0
-12.0	15.0	-6.0
-42.0	-60.0	-45.0
18.0	-78.0	-18.0
45.0	-66.0	-33.0
15.0	0.0	-9.0
33.0	-75.0	-36.0
12.0	12.0	-6.0
-33.0	9.0	-15.0
-12.0	15.0	-6.0
-6.0	-63.0	-36.0

// Iannaccone R, 2015: PMID 25462691-1
// Subjects=20
-24.0	-84.0	-11.0
56.0	-36.0	32.0
-9.0	-1.0	51.0
-14.0	5.0	54.0
-15.0	-4.0	57.0
63.0	-36.0	29.0
59.0	-38.0	21.0
41.0	-63.0	-17.0
-36.0	23.0	-8.0
35.0	-84.0	-2.0
51.0	-68.0	6.0
-6.0	48.0	23.0
0.0	29.0	35.0
-1.0	23.0	42.0
-30.0	-81.0	-6.0
-11.0	-57.0	-6.0
45.0	-77.0	-9.0
-39.0	-84.0	-6.0
-30.0	18.0	-8.0
-37.0	30.0	-2.0
-38.0	-20.0	66.0
50.0	11.0	6.0
44.0	11.0	-3.0
-48.0	12.0	3.0
-57.0	9.0	5.0
-48.0	18.0	-5.0
-24.0	44.0	26.0
63.0	-40.0	30.0
48.0	-3.0	-33.0
36.0	3.0	-42.0
56.0	0.0	-29.0
-30.0	23.0	-17.0
-1.0	-62.0	-5.0
-38.0	18.0	-17.0
-3.0	-54.0	-2.0
63.0	-38.0	38.0
-27.0	50.0	33.0
-37.0	21.0	3.0
33.0	15.0	2.0
-24.0	3.0	5.0
20.0	-87.0	-2.0
-34.0	23.0	-3.0
-36.0	20.0	-10.0
-48.0	12.0	3.0
36.0	14.0	-2.0
44.0	10.0	-3.0
-1.0	23.0	42.0
-22.0	44.0	28.0
2.0	35.0	33.0
-39.0	-86.0	-2.0
-32.0	-90.0	0.0
14.0	-47.0	17.0
8.0	-45.0	23.0
-6.0	-54.0	20.0
-27.0	50.0	33.0
35.0	-50.0	12.0
-41.0	-27.0	62.0
-27.0	-87.0	11.0
-6.0	30.0	36.0
11.0	-21.0	53.0
38.0	-51.0	20.0
38.0	-86.0	11.0
41.0	-84.0	-2.0
59.0	3.0	20.0
59.0	-6.0	29.0
56.0	-5.0	21.0
5.0	-20.0	62.0
-18.0	26.0	9.0
23.0	-45.0	51.0
27.0	-63.0	65.0
20.0	-56.0	42.0
-38.0	-20.0	-21.0
0.0	17.0	57.0
-41.0	-21.0	-12.0
-36.0	-23.0	54.0
-23.0	15.0	14.0
0.0	-17.0	51.0
-42.0	-27.0	-23.0
-6.0	20.0	52.0
50.0	10.0	6.0
-30.0	50.0	26.0
-36.0	18.0	32.0
-3.0	8.0	21.0
12.0	-6.0	21.0
-32.0	-74.0	36.0
-30.0	-81.0	33.0
32.0	-48.0	-29.0
24.0	-53.0	-30.0
41.0	-50.0	-29.0
-9.0	17.0	14.0
5.0	29.0	41.0
57.0	-2.0	-33.0
41.0	6.0	39.0
60.0	5.0	-27.0
18.0	-53.0	-26.0
17.0	-51.0	-9.0
18.0	-41.0	-21.0
-23.0	24.0	-3.0
11.0	24.0	35.0
-30.0	23.0	-11.0
47.0	-1.0	-32.0
-37.0	30.0	-6.0
29.0	36.0	3.0
39.0	-6.0	-42.0
60.0	14.0	12.0
-14.0	-26.0	3.0
-4.0	-53.0	-5.0
-17.0	-11.0	17.0
32.0	-6.0	-45.0
38.0	2.0	-45.0
-37.0	-4.0	54.0
0.0	-33.0	-15.0
-30.0	-72.0	29.0
-14.0	-33.0	-35.0
-46.0	-7.0	51.0
60.0	20.0	18.0
-48.0	2.0	51.0
44.0	17.0	36.0
-18.0	-33.0	-26.0
44.0	11.0	30.0
24.0	-6.0	75.0
-33.0	-75.0	27.0
-12.0	-56.0	-3.0
0.0	17.0	57.0
-3.0	12.0	51.0
-1.0	21.0	48.0
14.0	-9.0	75.0
47.0	0.0	-33.0
56.0	-3.0	-36.0
39.0	2.0	-42.0
26.0	-68.0	41.0
35.0	-74.0	42.0
12.0	-69.0	42.0
-27.0	24.0	-12.0
-35.0	23.0	-17.0
-45.0	12.0	6.0
29.0	-23.0	-6.0
-10.0	36.0	33.0
9.0	32.0	36.0
63.0	21.0	11.0
41.0	-27.0	-6.0
-30.0	14.0	29.0
-7.0	20.0	50.0
33.0	-26.0	-12.0
-9.0	-54.0	-11.0
-42.0	20.0	38.0
-14.0	-6.0	-6.0
-11.0	-24.0	9.0
18.0	54.0	23.0
11.0	51.0	23.0
23.0	56.0	30.0
53.0	-42.0	50.0
45.0	-50.0	47.0
-15.0	-11.0	2.0
51.0	21.0	41.0
47.0	20.0	33.0
56.0	21.0	33.0
-27.0	-81.0	29.0
-35.0	-80.0	35.0
0.0	-54.0	-2.0
47.0	-56.0	54.0
33.0	44.0	3.0

// FeldmanHall O, 2015: PMID 25462694-1
// Subjects=20
-30.0	9.0	6.0
-34.0	26.0	2.0
-30.0	20.0	6.0
56.0	24.0	0.0
44.0	32.0	-4.0
-48.0	12.0	-3.0
-10.0	18.0	30.0
24.0	-16.0	-16.0
60.0	15.0	3.0
42.0	27.0	-6.0
-62.0	-8.0	-20.0
-28.0	-28.0	-20.0
-26.0	-28.0	-18.0
52.0	-40.0	4.0
54.0	-26.0	42.0
16.0	18.0	-58.0
20.0	-50.0	-50.0
24.0	-16.0	-18.0
26.0	40.0	46.0
-30.0	56.0	-4.0
44.0	54.0	0.0
-40.0	12.0	40.0
12.0	32.0	32.0
18.0	44.0	8.0
50.0	-48.0	38.0
8.0	-14.0	-18.0
32.0	-48.0	20.0
-28.0	-50.0	22.0
26.0	-2.0	-28.0
0.0	30.0	4.0
-24.0	60.0	18.0
18.0	-76.0	-6.0
-62.0	-8.0	-20.0
4.0	20.0	24.0
-44.0	-70.0	10.0
54.0	4.0	-16.0
-50.0	40.0	-6.0
-30.0	-24.0	-22.0
48.0	-64.0	6.0
8.0	20.0	24.0
6.0	-38.0	-12.0
54.0	4.0	-16.0
-42.0	14.0	40.0
-42.0	-56.0	42.0
0.0	-24.0	-12.0
6.0	20.0	-10.0
-40.0	-16.0	62.0
10.0	22.0	2.0
-20.0	58.0	-4.0
-48.0	-8.0	50.0
-48.0	-82.0	18.0
2.0	28.0	-6.0
6.0	20.0	-10.0
28.0	30.0	46.0
20.0	66.0	14.0
2.0	-20.0	-16.0
12.0	24.0	4.0
6.0	36.0	-4.0
2.0	28.0	-6.0
10.0	22.0	2.0
-24.0	18.0	38.0
-30.0	-24.0	-22.0
46.0	-78.0	18.0
-48.0	-82.0	18.0
6.0	36.0	-4.0
12.0	24.0	4.0
4.0	-22.0	-18.0
2.0	18.0	-10.0

// Jann K, 2015: PMID 25463468-1
// Subjects=20
-20.0	-88.0	24.0
60.0	-42.0	48.0
44.0	-2.0	18.0
-4.0	44.0	-20.0
-20.0	-88.0	-8.0
42.0	32.0	16.0
-32.0	52.0	-2.0
-44.0	-70.0	30.0
-52.0	-40.0	54.0
-56.0	-10.0	-12.0
-54.0	10.0	34.0
38.0	22.0	24.0
-32.0	-2.0	64.0
50.0	20.0	-6.0
-60.0	-6.0	34.0
40.0	44.0	32.0
36.0	-24.0	-10.0
-20.0	0.0	56.0
22.0	14.0	-34.0
-30.0	-66.0	50.0
-54.0	16.0	28.0
-42.0	-84.0	4.0
18.0	-64.0	-12.0
4.0	-70.0	34.0
28.0	-80.0	22.0
26.0	-36.0	58.0
30.0	0.0	66.0
26.0	-80.0	-6.0
6.0	26.0	34.0
-46.0	40.0	24.0
10.0	-66.0	22.0
48.0	-64.0	28.0
6.0	62.0	-4.0
0.0	-80.0	2.0
20.0	-20.0	70.0
24.0	-74.0	50.0
30.0	6.0	64.0
46.0	6.0	-18.0
52.0	-20.0	-26.0
-2.0	-88.0	20.0
8.0	-6.0	12.0
-42.0	6.0	26.0
-20.0	0.0	-28.0
20.0	4.0	56.0
28.0	8.0	-6.0
-36.0	-92.0	-12.0
4.0	-36.0	44.0
-42.0	-84.0	4.0
-2.0	42.0	-26.0
38.0	-68.0	44.0
-54.0	16.0	28.0
-60.0	-6.0	34.0
-22.0	-40.0	6.0
-6.0	32.0	40.0
20.0	4.0	56.0
28.0	8.0	-6.0
-52.0	-22.0	42.0
6.0	62.0	-4.0
42.0	32.0	16.0
10.0	-66.0	22.0
-20.0	0.0	56.0
22.0	14.0	-34.0
-30.0	-66.0	50.0
38.0	-68.0	44.0

// Buchweitz A, 2014: PMID 25463816-1
// Subjects=20
-20.0	10.0	52.0
-42.0	36.0	32.0
-2.0	58.0	40.0
-56.0	26.0	-2.0
-6.0	28.0	60.0
14.0	32.0	56.0
-56.0	-14.0	-24.0
56.0	4.0	-32.0
-68.0	-38.0	0.0
-4.0	-56.0	30.0
52.0	-56.0	40.0
-58.0	-66.0	20.0
-4.0	40.0	-10.0
66.0	-10.0	-22.0
12.0	50.0	46.0
6.0	-16.0	42.0
-42.0	46.0	16.0
22.0	-10.0	-24.0
-50.0	-42.0	4.0
26.0	-70.0	10.0
18.0	-82.0	-10.0
14.0	-30.0	-14.0
-12.0	-46.0	-6.0
38.0	-86.0	-10.0
6.0	-70.0	20.0
-40.0	-84.0	-16.0
-26.0	-70.0	-8.0
-12.0	-84.0	-14.0
-58.0	-60.0	-6.0
48.0	-50.0	44.0
-36.0	18.0	2.0
-38.0	-46.0	40.0
-42.0	-70.0	-10.0
56.0	-68.0	-8.0
28.0	-62.0	46.0
-56.0	20.0	28.0
-22.0	-78.0	44.0
-46.0	52.0	2.0
36.0	30.0	-2.0
12.0	38.0	56.0
-38.0	16.0	2.0
-52.0	32.0	26.0
14.0	-58.0	50.0
14.0	50.0	42.0
-52.0	-44.0	56.0
20.0	44.0	-10.0
46.0	-36.0	46.0
54.0	16.0	38.0
-60.0	-24.0	-4.0
58.0	-10.0	-12.0
26.0	-14.0	52.0
56.0	-10.0	-10.0
12.0	32.0	58.0
66.0	-22.0	22.0
20.0	46.0	-10.0
-56.0	-58.0	44.0
40.0	-48.0	66.0
54.0	10.0	-24.0
-54.0	-46.0	-2.0
-2.0	-36.0	28.0

// Gillis MM, 2014: PMID 25481386-1
// Subjects=20
-10.2	-42.2	42.0
-31.4	-79.5	43.1
59.0	8.6	31.3
15.3	8.7	36.3
45.2	2.9	42.0
64.3	-1.7	22.1
32.5	10.0	51.6
-21.7	-59.9	61.4
-50.3	-21.7	-19.5
-3.0	-87.7	-10.1
-59.4	-30.3	34.8
-46.0	-2.7	-8.9
-36.3	-4.8	-8.8
-65.2	-12.7	-12.3
55.6	-24.7	-12.7
50.4	-40.6	2.1
53.5	-47.0	-11.9
-28.3	-61.5	41.6
-34.1	-15.9	-1.2
-30.9	-27.9	-5.8
5.8	-31.8	36.5
37.8	-64.9	18.8
-47.6	-32.6	44.9
-49.9	-61.1	7.2
-3.0	-84.2	-7.0
-5.1	-90.8	-9.8
10.0	-99.2	4.1
47.1	34.5	23.7
31.0	30.0	8.7
31.5	-61.3	38.6
-38.0	-54.3	38.8
-0.7	-6.2	37.7
34.3	34.0	18.3
-17.6	-6.3	65.8
-2.7	-6.7	60.1
-32.5	-20.2	67.1
-44.4	-21.9	46.2
-20.7	-37.0	68.4
4.6	-5.1	38.7
-59.8	-44.8	-15.2
-61.7	-50.9	16.5
9.1	-46.6	52.1
33.6	-53.4	30.1
8.9	-43.8	19.6
-27.7	-45.7	-15.5
-5.0	-48.6	13.4
43.3	-53.8	37.9
-42.3	-58.0	32.5
44.2	-52.2	17.6
-57.5	-47.5	5.0
-46.7	-57.6	10.2
7.4	52.7	1.5
60.3	-43.7	30.1
2.1	38.7	-0.6
23.9	-5.3	47.4
-42.3	-15.2	50.1
31.1	-28.8	-8.7
21.4	-29.5	-17.5
-21.4	-27.9	-20.4
27.9	-48.3	-12.6
-7.0	-0.7	55.2
-1.2	56.8	0.1
40.7	-67.9	-20.0
-5.0	-35.9	25.8
-29.6	-92.4	-0.4
30.5	-65.4	40.1
-32.7	-47.3	32.6
-21.8	-65.3	46.3
13.1	-92.2	-1.0
-12.5	-95.6	-1.5
23.9	-95.0	2.5
-29.8	-68.1	-15.9
-26.3	-70.3	23.3
32.0	-35.1	-21.6
34.6	-84.7	11.6
-30.6	-92.2	1.8
7.9	8.7	52.0
-27.7	-4.7	4.5
-12.6	-10.2	14.8
-5.2	-13.6	11.6
47.1	-44.7	-9.8
-33.2	-30.4	-24.6
-30.5	-12.1	47.5
34.6	-69.1	20.3

// Ling X, 2015: PMID 25567086-1
// Subjects=20
38.0	-24.0	-28.0
28.0	-26.0	-18.0
32.0	-10.0	-26.0
8.0	-40.0	62.0
28.0	-60.0	60.0
-44.0	-10.0	-26.0
-28.0	-6.0	52.0
36.0	-24.0	-12.0
-30.0	-58.0	56.0
20.0	8.0	22.0
-30.0	-38.0	42.0
8.0	0.0	46.0
-10.0	-10.0	64.0
-16.0	22.0	4.0
-12.0	-24.0	42.0
24.0	18.0	-2.0
-10.0	-88.0	-14.0
-16.0	-92.0	-10.0
-28.0	-26.0	-8.0
-20.0	-30.0	-8.0
-18.0	-70.0	40.0
-16.0	22.0	10.0
-20.0	-78.0	34.0
14.0	-2.0	42.0
-34.0	-30.0	46.0
-34.0	-30.0	-8.0
-38.0	-70.0	6.0
-12.0	-22.0	40.0
24.0	18.0	-2.0
-32.0	0.0	-4.0
-26.0	-62.0	66.0
-16.0	22.0	2.0
-18.0	-28.0	-8.0
28.0	-26.0	-10.0
-36.0	-56.0	60.0
36.0	-20.0	-14.0
-24.0	-96.0	-4.0
-38.0	-72.0	-18.0
-18.0	24.0	8.0
-16.0	-56.0	68.0
-26.0	-8.0	54.0
12.0	2.0	44.0
32.0	-78.0	26.0
48.0	26.0	40.0
-10.0	-88.0	-14.0
8.0	-46.0	76.0
-44.0	-12.0	-28.0
14.0	-34.0	56.0
26.0	46.0	-14.0
20.0	-22.0	-18.0
28.0	-58.0	62.0
22.0	4.0	20.0
34.0	-28.0	-12.0
48.0	-48.0	34.0
36.0	-20.0	-14.0
38.0	-24.0	-12.0
-28.0	-26.0	-8.0
16.0	12.0	16.0

// McNorgan C, 2015: PMID 25585276-1
// Subjects=20
64.0	-20.0	0.0
-4.0	18.0	44.0
-42.0	-66.0	-12.0
0.0	-84.0	16.0
-22.0	-92.0	-14.0
-26.0	-66.0	-50.0
48.0	-78.0	-2.0
24.0	-64.0	-24.0
-8.0	14.0	50.0
-54.0	-18.0	6.0
14.0	-86.0	22.0
-46.0	16.0	16.0
-10.0	-78.0	10.0
-36.0	-86.0	-8.0
-2.0	18.0	48.0
-38.0	-30.0	12.0
58.0	-24.0	0.0
-22.0	-28.0	-4.0
32.0	28.0	0.0
28.0	-70.0	-24.0
-60.0	-36.0	2.0
-8.0	-14.0	4.0
56.0	4.0	42.0
24.0	-24.0	-6.0
16.0	-44.0	4.0
-18.0	-4.0	-10.0
34.0	-30.0	-6.0
-28.0	28.0	2.0
32.0	-48.0	42.0
-54.0	18.0	24.0
-32.0	-58.0	40.0
40.0	6.0	32.0
58.0	-38.0	36.0
10.0	6.0	14.0
-32.0	-68.0	-14.0
-50.0	-72.0	4.0
-50.0	0.0	46.0
-60.0	-44.0	-2.0
42.0	52.0	6.0

// Ramezani M, 2015: PMID 25610773-1
// Subjects=20
35.0	-16.0	-17.0
38.0	-6.0	-29.0
30.0	-3.0	-26.0
42.0	-13.0	-8.0
30.0	-33.0	-17.0
30.0	8.0	-26.0
24.0	0.0	-27.0
26.0	-39.0	-12.0
33.0	3.0	-30.0
35.0	-13.0	-27.0
38.0	-18.0	-26.0
30.0	8.0	-26.0
33.0	3.0	-29.0
33.0	-15.0	-18.0
33.0	-15.0	-18.0
42.0	-13.0	-24.0
35.0	-16.0	-17.0
-32.0	-21.0	-24.0
-45.0	-5.0	-18.0
27.0	-39.0	-12.0
38.0	-6.0	-27.0
24.0	0.0	-27.0
26.0	-39.0	-12.0
33.0	-4.0	-27.0

// Ceko M, 2015: PMID 25648842-1
// Subjects=20
-50.0	-28.0	2.0
52.0	-32.0	14.0
-48.0	-28.0	2.0
-46.0	-32.0	-2.0
14.0	46.0	2.0
44.0	4.0	2.0
-34.0	14.0	40.0
38.0	-18.0	-6.0
50.0	-6.0	-2.0
-44.0	-70.0	-26.0
-44.0	2.0	0.0
24.0	44.0	12.0
46.0	-80.0	-34.0
32.0	-82.0	42.0
6.0	-90.0	34.0
-58.0	-8.0	-4.0
44.0	14.0	-14.0
-56.0	24.0	28.0
56.0	18.0	32.0
34.0	48.0	10.0
62.0	-26.0	-22.0
4.0	64.0	-6.0
-8.0	-78.0	44.0
38.0	-74.0	36.0
70.0	-26.0	18.0
32.0	-36.0	-6.0
-40.0	-24.0	10.0
40.0	-10.0	8.0
-10.0	-80.0	42.0
54.0	-36.0	2.0
-36.0	48.0	6.0
14.0	-42.0	44.0
-18.0	22.0	-18.0
52.0	10.0	-16.0
10.0	-48.0	4.0
32.0	62.0	24.0
-44.0	54.0	-12.0
32.0	56.0	-16.0
-46.0	26.0	38.0
58.0	-58.0	38.0
-36.0	-58.0	46.0
46.0	20.0	8.0
-52.0	20.0	-2.0
-42.0	26.0	4.0
56.0	26.0	2.0
-48.0	6.0	-2.0
36.0	12.0	34.0
52.0	-66.0	34.0
-30.0	60.0	2.0
-14.0	-32.0	-8.0
32.0	56.0	16.0
28.0	48.0	12.0
-2.0	20.0	52.0
-8.0	-46.0	46.0
10.0	-46.0	52.0
-46.0	-30.0	0.0
60.0	-16.0	-4.0
-46.0	-32.0	0.0
-50.0	-26.0	0.0
-30.0	-14.0	50.0
44.0	-6.0	56.0
12.0	-88.0	36.0
-54.0	2.0	38.0
-28.0	-58.0	46.0
-36.0	4.0	42.0
-24.0	-56.0	2.0
22.0	-66.0	14.0
20.0	-80.0	30.0
40.0	4.0	58.0
38.0	48.0	24.0
-48.0	36.0	10.0
2.0	24.0	52.0
-56.0	18.0	4.0
-32.0	18.0	14.0
52.0	-48.0	-16.0
-14.0	-42.0	40.0
16.0	-96.0	-10.0
-46.0	24.0	34.0
14.0	-14.0	-4.0
16.0	-62.0	14.0
50.0	-60.0	20.0
-42.0	-60.0	52.0
0.0	-6.0	30.0
-16.0	-10.0	8.0
-8.0	72.0	12.0
-6.0	-88.0	-24.0
-50.0	-60.0	20.0
6.0	-70.0	-28.0
-52.0	-64.0	30.0
-12.0	-52.0	36.0
-4.0	-6.0	66.0
-50.0	-68.0	14.0
-10.0	-52.0	-36.0
46.0	-22.0	36.0
-12.0	-8.0	8.0
-48.0	4.0	-10.0
-38.0	-80.0	42.0
-30.0	-48.0	-22.0
-8.0	38.0	-14.0
34.0	-60.0	-18.0
22.0	-28.0	46.0
30.0	-52.0	46.0
24.0	-74.0	40.0
-10.0	-70.0	-34.0
-40.0	-80.0	20.0
38.0	-74.0	26.0
-2.0	-96.0	-6.0
0.0	-96.0	-8.0
10.0	-64.0	-8.0
36.0	26.0	44.0
-18.0	-2.0	66.0
24.0	18.0	-16.0
-52.0	-6.0	46.0
-44.0	-56.0	-16.0
-46.0	-28.0	0.0
26.0	-86.0	18.0
38.0	24.0	46.0
56.0	0.0	46.0
64.0	-12.0	-8.0
40.0	-60.0	-2.0
68.0	-26.0	-22.0
-46.0	-66.0	-48.0
-32.0	8.0	8.0
-20.0	-92.0	-22.0
50.0	-34.0	16.0
52.0	-2.0	0.0
4.0	-2.0	10.0
-42.0	18.0	-10.0
-48.0	-70.0	4.0

// Sierpowska J, 2015: PMID 25658634-1
// Subjects=20
-6.0	8.0	20.0
-54.0	-60.0	-14.0
-32.0	-48.0	40.0
-54.0	14.0	0.0
-64.0	-32.0	8.0
-20.0	-24.0	0.0
-34.0	40.0	-18.0
-54.0	-66.0	-12.0
48.0	18.0	6.0
22.0	-82.0	26.0
36.0	42.0	34.0
70.0	-34.0	6.0
24.0	-6.0	26.0
28.0	-18.0	-20.0
50.0	-56.0	-8.0
2.0	6.0	66.0
42.0	-48.0	44.0
18.0	2.0	14.0
24.0	40.0	-10.0
-30.0	64.0	4.0
-46.0	42.0	20.0
-30.0	46.0	-18.0
8.0	4.0	72.0
4.0	-82.0	-26.0
34.0	-62.0	40.0
-10.0	-60.0	-30.0
-42.0	-6.0	56.0
-62.0	-24.0	30.0
68.0	-40.0	4.0
30.0	-70.0	-26.0
2.0	34.0	42.0
58.0	14.0	14.0
46.0	-46.0	48.0
-30.0	-30.0	-24.0
34.0	-66.0	-44.0
32.0	-24.0	0.0
60.0	-8.0	-24.0
12.0	8.0	10.0
24.0	-30.0	-56.0
-2.0	-60.0	8.0
0.0	56.0	-16.0
12.0	70.0	2.0
-48.0	12.0	30.0
44.0	-50.0	-8.0

// Luo S, 2015: PMID 25680993-1
// Subjects=20
40.0	12.0	-10.0
50.0	-14.0	6.0
-24.0	-6.0	-14.0
-38.0	-4.0	-6.0
26.0	-12.0	-24.0
-42.0	-28.0	8.0

// Li X, 2015: PMID 25682468-1
// Subjects=20
3.0	18.0	-7.0
-58.0	7.0	-21.0
30.0	-22.0	-9.0
36.0	-16.0	7.0
-9.0	16.0	-3.0
3.0	54.0	-3.0

// Khundrakpam BS, 2015: PMID 25731999-1
// Subjects=20
-43.6	-23.8	49.7
7.1	-31.3	64.6
41.0	-7.4	48.4
-9.1	-58.0	36.7
-45.6	-62.7	39.6
17.5	41.6	-17.2
-19.1	42.1	-17.1
-24.1	-59.7	55.9
-19.4	-64.5	20.6
51.5	-7.6	42.4
-36.1	51.6	-12.3
-51.1	-29.1	-25.4
-40.7	-18.7	43.7
25.8	-83.0	37.2
-51.9	-10.8	43.2
51.5	-7.6	42.4
-3.2	17.6	-18.2
-38.9	10.0	-4.8
-36.1	51.6	-12.3
-60.7	-46.2	26.3
3.7	-46.2	12.9
13.2	-7.9	72.4
17.0	-88.6	31.1
32.9	-11.2	-21.2
14.4	1.6	-14.5
-34.4	51.2	-8.4
-28.8	34.6	-11.7
26.5	-26.0	64.8
18.3	-12.5	72.2
-53.6	-53.1	19.1
-19.4	-64.5	20.6
-40.7	-18.7	43.7
47.8	-65.3	34.3
-40.4	2.4	-1.3
48.5	-45.2	14.9
22.3	-86.4	41.1
-27.8	21.6	48.0
-30.6	57.4	-15.2
3.7	-46.2	12.9
59.6	-15.4	32.6
12.9	-0.2	-13.6
47.8	-65.3	34.3
47.5	-44.6	50.1
-40.4	-18.3	41.5
-19.4	-64.5	20.6
-40.7	-18.7	43.7
-40.0	-2.0	-2.7
28.2	-25.6	63.0
-10.6	-78.3	-7.3
-27.8	21.6	48.0

// Matsuyoshi D, 2015: PMID 25762673-1
// Subjects=20
18.0	-6.0	-22.0
28.0	-98.0	-8.0
48.0	-54.0	-28.0
48.0	-40.0	8.0
48.0	-78.0	-14.0
46.0	28.0	10.0
20.0	-6.0	-22.0
34.0	-80.0	18.0
-18.0	-6.0	-22.0
-18.0	-6.0	-22.0
-16.0	-40.0	18.0
-12.0	-84.0	-42.0
-32.0	-38.0	-4.0
44.0	26.0	10.0
48.0	-40.0	8.0
18.0	-6.0	-22.0
20.0	-6.0	-22.0
46.0	28.0	10.0
48.0	-68.0	44.0
-8.0	-80.0	-44.0
-22.0	-68.0	50.0
22.0	-10.0	36.0
48.0	-32.0	44.0
-24.0	-38.0	18.0
16.0	16.0	48.0
-22.0	-14.0	40.0
-22.0	-28.0	36.0
8.0	-82.0	-36.0
8.0	-28.0	-10.0
36.0	-12.0	-38.0
10.0	4.0	70.0
40.0	-4.0	26.0
-30.0	34.0	-4.0
10.0	-28.0	28.0
-28.0	-54.0	44.0
-30.0	-4.0	30.0
-6.0	-30.0	-4.0
24.0	12.0	50.0
32.0	-60.0	46.0

// Song H, 2015: PMID 25762915-1
// Subjects=20
-57.0	-42.0	18.0
30.0	18.0	-15.0
-33.0	15.0	-15.0
-6.0	18.0	32.0
-12.0	6.0	15.0
6.0	33.0	23.0
51.0	-39.0	24.0
8.0	-44.0	24.0
-12.0	18.0	-3.0
-6.0	-45.0	21.0
-21.0	0.0	-12.0
15.0	21.0	-6.0
-12.0	6.0	-12.0
-24.0	-6.0	-18.0
-36.0	-3.0	-9.0
39.0	0.0	-12.0
9.0	9.0	-12.0
-30.0	-3.0	-21.0
-27.0	0.0	-18.0
-21.0	0.0	-12.0
33.0	12.0	-15.0
48.0	-15.0	-18.0
9.0	21.0	24.0
9.0	-60.0	57.0
-45.0	6.0	3.0
-12.0	63.0	-3.0
12.0	27.0	21.0
48.0	9.0	-6.0
-12.0	9.0	-12.0
-45.0	-63.0	-9.0
30.0	-9.0	-12.0
-27.0	-6.0	-18.0
18.0	21.0	-3.0
0.0	30.0	39.0
9.0	63.0	-12.0
-27.0	-48.0	51.0
6.0	30.0	39.0
0.0	60.0	-12.0
12.0	54.0	-12.0
-3.0	27.0	39.0
12.0	45.0	24.0
30.0	-48.0	54.0
0.0	-3.0	54.0
6.0	27.0	54.0
-3.0	-57.0	66.0
-12.0	-9.0	18.0
12.0	9.0	-9.0
15.0	9.0	21.0
36.0	-24.0	21.0
-36.0	0.0	12.0
-36.0	-9.0	9.0
6.0	-60.0	51.0
-60.0	-12.0	9.0
51.0	-51.0	-21.0
0.0	3.0	54.0
-39.0	6.0	0.0
-45.0	6.0	0.0
36.0	24.0	0.0
36.0	18.0	0.0
39.0	0.0	15.0
36.0	-48.0	48.0
54.0	-66.0	21.0
6.0	27.0	48.0
-12.0	-78.0	48.0
-3.0	36.0	27.0
6.0	-60.0	48.0
12.0	30.0	42.0
-12.0	18.0	48.0
9.0	66.0	6.0
-39.0	-57.0	60.0
57.0	-18.0	-15.0
57.0	-42.0	48.0
-6.0	-63.0	66.0
-12.0	9.0	-12.0
-24.0	-6.0	-12.0
30.0	-6.0	-12.0
-36.0	-6.0	-6.0
33.0	-18.0	-18.0
-27.0	-6.0	-15.0
27.0	-6.0	-12.0
6.0	18.0	27.0
-39.0	-15.0	0.0
39.0	15.0	-3.0
-6.0	48.0	48.0
-6.0	21.0	30.0
-3.0	57.0	-15.0
12.0	51.0	39.0
-42.0	-15.0	-3.0
-15.0	-39.0	66.0
3.0	57.0	36.0
30.0	-48.0	54.0
-54.0	-48.0	42.0
12.0	48.0	42.0
-9.0	57.0	36.0
-3.0	36.0	36.0

// Krause-Utz A, 2015: PMID 25814470-1
// Subjects=20
-60.0	-45.0	24.0
-30.0	-66.0	-51.0
48.0	33.0	-6.0
-33.0	15.0	3.0
-27.0	-48.0	-15.0
-60.0	3.0	3.0
-24.0	-3.0	-24.0
-18.0	-9.0	-12.0
39.0	42.0	30.0
0.0	-66.0	12.0
-66.0	-27.0	12.0
66.0	-33.0	18.0
6.0	39.0	42.0
48.0	27.0	-9.0
6.0	36.0	42.0
39.0	57.0	3.0
-57.0	-36.0	-6.0
60.0	-42.0	42.0
60.0	-24.0	-24.0
39.0	57.0	3.0
48.0	15.0	45.0
-27.0	-66.0	-30.0
-45.0	54.0	-3.0
-39.0	15.0	45.0
-54.0	21.0	0.0
48.0	48.0	-3.0
18.0	-15.0	-15.0
9.0	36.0	24.0
45.0	48.0	27.0
-39.0	-63.0	-39.0
-36.0	42.0	-9.0
12.0	-63.0	6.0
24.0	66.0	21.0
45.0	42.0	-12.0
-45.0	21.0	45.0
-24.0	51.0	39.0
-27.0	57.0	24.0
30.0	-6.0	-12.0
-36.0	-24.0	-15.0
51.0	-45.0	18.0
45.0	9.0	-9.0
42.0	36.0	24.0
24.0	39.0	-18.0
-39.0	45.0	24.0
-30.0	3.0	-18.0
-3.0	51.0	-6.0
12.0	-72.0	9.0
-21.0	42.0	45.0
-27.0	24.0	51.0
9.0	3.0	39.0
-27.0	-3.0	-27.0
39.0	54.0	-15.0
36.0	51.0	12.0
-27.0	-3.0	-27.0
-45.0	39.0	-9.0

// Steuwe C, 2015: PMID 25862529-1
// Subjects=20
-8.0	32.0	-10.0
8.0	6.0	70.0
-24.0	-4.0	-8.0
24.0	18.0	2.0
-14.0	16.0	14.0
-18.0	-8.0	16.0
16.0	-42.0	24.0
-34.0	18.0	-12.0
4.0	0.0	70.0
-48.0	-12.0	-22.0
-26.0	-30.0	20.0
26.0	-14.0	-22.0
-38.0	-8.0	50.0
38.0	-24.0	-14.0
18.0	-38.0	-10.0
-36.0	-52.0	50.0
18.0	0.0	-22.0
0.0	-42.0	30.0
-54.0	-54.0	10.0
0.0	-22.0	74.0
14.0	26.0	64.0
-32.0	26.0	8.0
38.0	-48.0	64.0
48.0	-20.0	20.0
36.0	-14.0	-22.0
-50.0	14.0	42.0
-18.0	-22.0	-20.0
-26.0	12.0	-40.0
50.0	-2.0	-18.0
32.0	4.0	-12.0
-12.0	10.0	18.0

// Bowman CR, 2015: PMID 25862563-1
// Subjects=20
30.0	-7.0	-19.0
11.0	-86.0	4.0
-37.0	23.0	-2.0
56.0	6.0	20.0
-52.0	10.0	26.0
30.0	23.0	-5.0
-7.0	11.0	51.0
-30.0	24.0	5.0
-45.0	-33.0	49.0
-30.0	0.0	48.0
15.0	-63.0	16.0
37.0	30.0	-5.0
-45.0	-33.0	46.0
7.0	21.0	36.0
-15.0	-71.0	17.0
67.0	-49.0	12.0
26.0	-43.0	-24.0
37.0	-54.0	-7.0
41.0	-82.0	10.0
-33.0	-43.0	-24.0
-4.0	37.0	-9.0
-41.0	-89.0	4.0
-41.0	-36.0	-11.0
56.0	-32.0	-9.0
-67.0	-42.0	1.0
56.0	-54.0	47.0
-37.0	-43.0	-21.0
56.0	-11.0	-32.0
-56.0	-63.0	30.0

// Schulze L, 2015: PMID 25935068-1
// Subjects=20
-24.0	48.0	28.0
-58.0	-46.0	-6.0
-28.0	26.0	32.0
-2.0	-50.0	24.0
-48.0	-68.0	42.0
-6.0	-6.0	-8.0
-32.0	6.0	8.0
58.0	-32.0	12.0
28.0	34.0	35.0
-36.0	-4.0	48.0
-50.0	20.0	24.0
40.0	-18.0	-22.0
-20.0	-56.0	54.0
34.0	-4.0	-4.0
22.0	-62.0	54.0
32.0	38.0	24.0
4.0	-2.0	70.0
-28.0	-66.0	-4.0
40.0	24.0	50.0
3.0	4.0	6.0
0.0	-52.0	-4.0
6.0	8.0	9.0
-42.0	-18.0	18.0
3.0	4.0	6.0
30.0	-28.0	-10.0
21.0	22.0	37.0
-12.0	-94.0	10.0
4.0	40.0	-10.0
8.0	9.0	46.0
-10.0	0.0	12.0
4.0	-44.0	64.0
52.0	-16.0	-16.0
28.0	30.0	34.0
20.0	28.0	30.0
4.0	44.0	45.0
45.0	46.0	47.0
4.0	6.0	43.0
3.0	4.0	6.0
24.0	-4.0	48.0
8.0	-18.0	52.0
18.0	27.0	30.0
-4.0	-62.0	36.0
20.0	21.0	37.0
21.0	22.0	37.0
20.0	21.0	22.0

// Hyatt CJ, 2015: PMID 25950551-1
// Subjects=20
0.0	24.0	-15.0
0.0	-54.0	15.0
0.0	39.0	12.0
57.0	-51.0	18.0
-39.0	57.0	15.0
36.0	12.0	-27.0
0.0	54.0	39.0
-36.0	9.0	-24.0
-54.0	18.0	24.0
0.0	-60.0	45.0
-51.0	-60.0	24.0
0.0	-42.0	27.0
0.0	12.0	42.0
0.0	66.0	15.0
45.0	-63.0	51.0
24.0	-18.0	-18.0
-27.0	0.0	60.0
21.0	-60.0	66.0
63.0	-27.0	30.0
-24.0	-69.0	54.0
60.0	-27.0	-6.0
-45.0	18.0	-6.0
0.0	-69.0	60.0
27.0	-66.0	51.0
-51.0	-66.0	3.0
33.0	60.0	6.0
0.0	24.0	45.0

// Critchley HD, 2015: PMID 25973923-1
// Subjects=20
-44.0	22.0	-4.0
50.0	24.0	14.0
22.0	0.0	-18.0
-24.0	0.0	-20.0
-28.0	56.0	6.0
-8.0	10.0	56.0
-26.0	58.0	8.0
-2.0	20.0	58.0
-2.0	26.0	-30.0
20.0	-80.0	-18.0
16.0	-78.0	-8.0
-12.0	-84.0	-12.0
-54.0	22.0	20.0
8.0	12.0	54.0
50.0	16.0	30.0
-8.0	26.0	4.0
-62.0	-48.0	-4.0
-8.0	-12.0	10.0
-26.0	0.0	62.0
-28.0	-54.0	52.0
46.0	22.0	14.0
14.0	-12.0	10.0
32.0	34.0	16.0
-20.0	-40.0	-34.0
8.0	38.0	32.0
-6.0	-30.0	-30.0
-14.0	0.0	-2.0
12.0	4.0	-4.0
18.0	-8.0	4.0
36.0	40.0	12.0
48.0	16.0	48.0
38.0	2.0	-40.0
-40.0	-68.0	-50.0
-54.0	-36.0	42.0
-36.0	-24.0	50.0
-22.0	12.0	4.0
-30.0	-16.0	2.0
22.0	12.0	-2.0
-60.0	2.0	16.0
-38.0	-22.0	-2.0
44.0	0.0	2.0
-16.0	6.0	-6.0
-50.0	-26.0	22.0
16.0	8.0	-8.0
42.0	-74.0	-32.0
12.0	20.0	50.0
16.0	10.0	0.0
44.0	-6.0	10.0
-30.0	-6.0	-32.0
12.0	-38.0	-32.0
-12.0	-32.0	-34.0
-2.0	32.0	0.0
-12.0	42.0	4.0
-8.0	38.0	12.0
24.0	-6.0	62.0
-40.0	-6.0	14.0
-26.0	54.0	2.0
20.0	-8.0	-24.0
36.0	-6.0	-36.0
52.0	-2.0	-22.0
6.0	14.0	24.0
30.0	12.0	-2.0
30.0	2.0	66.0
36.0	10.0	-22.0
58.0	24.0	24.0
50.0	-4.0	0.0
-52.0	-32.0	6.0
22.0	-10.0	28.0
-30.0	-40.0	0.0
-26.0	-42.0	2.0
24.0	12.0	30.0
-16.0	4.0	36.0
8.0	-28.0	-48.0
-26.0	22.0	-8.0
24.0	-82.0	-4.0
2.0	28.0	44.0
-48.0	36.0	26.0
-38.0	34.0	24.0
36.0	-6.0	6.0
-28.0	24.0	46.0
18.0	-12.0	6.0
-42.0	-68.0	38.0
10.0	24.0	2.0
-4.0	54.0	-12.0
28.0	-84.0	26.0
-38.0	-80.0	-6.0
6.0	-74.0	2.0
52.0	24.0	-2.0
32.0	-96.0	0.0
20.0	-58.0	2.0
-18.0	-46.0	-38.0
-64.0	-14.0	-18.0
-34.0	-12.0	22.0
-50.0	-4.0	16.0
30.0	4.0	12.0
50.0	-70.0	36.0
-2.0	38.0	18.0
-4.0	-38.0	22.0
24.0	-26.0	72.0
-20.0	-6.0	2.0
10.0	28.0	16.0
44.0	-16.0	40.0
-40.0	-16.0	40.0
46.0	34.0	-8.0
-36.0	34.0	10.0
24.0	50.0	24.0
4.0	-6.0	40.0
24.0	28.0	50.0
-24.0	-18.0	-24.0
14.0	-14.0	8.0
-20.0	-12.0	12.0
0.0	-26.0	-16.0
2.0	-38.0	-44.0
0.0	-60.0	-28.0
-54.0	0.0	-10.0
0.0	-26.0	-32.0
50.0	0.0	2.0
24.0	-24.0	12.0
-32.0	-12.0	0.0
48.0	-38.0	30.0
18.0	26.0	66.0
-6.0	-32.0	-48.0
-42.0	-64.0	26.0
-50.0	6.0	14.0
14.0	38.0	8.0
46.0	-8.0	-28.0
-46.0	20.0	44.0
50.0	-4.0	30.0
-50.0	-8.0	2.0
-62.0	14.0	22.0

// Gu X, 2015: PMID 25995134-1
// Subjects=20
52.0	-62.0	-8.0
-46.0	-70.0	-4.0
-32.0	-90.0	6.0
-46.0	-46.0	-14.0
-62.0	-28.0	38.0
-34.0	-42.0	48.0
-42.0	-54.0	2.0
36.0	-86.0	10.0
62.0	-24.0	40.0
-38.0	-4.0	14.0
-50.0	6.0	22.0
-38.0	0.0	2.0
-38.0	20.0	2.0
54.0	-32.0	48.0
30.0	-88.0	2.0
40.0	-34.0	42.0
54.0	36.0	0.0
58.0	14.0	22.0
-24.0	-92.0	12.0
20.0	-84.0	12.0
-38.0	12.0	-12.0
-24.0	-26.0	-4.0
-6.0	-28.0	-20.0
10.0	-26.0	-18.0
14.0	-54.0	10.0
12.0	-42.0	18.0
-6.0	-50.0	6.0
-38.0	-46.0	58.0
-12.0	-78.0	10.0
30.0	-22.0	-10.0
54.0	10.0	40.0
34.0	-36.0	-12.0
42.0	28.0	8.0
34.0	28.0	14.0
30.0	26.0	-2.0
-34.0	22.0	-14.0
32.0	-36.0	-4.0
54.0	18.0	30.0
-12.0	-46.0	12.0
34.0	-6.0	-22.0
38.0	22.0	-12.0
-16.0	-58.0	-40.0
-26.0	-48.0	-34.0
24.0	28.0	2.0
40.0	-38.0	8.0
60.0	20.0	14.0
54.0	-36.0	34.0
40.0	6.0	-8.0
52.0	-30.0	8.0
-8.0	16.0	42.0
-6.0	-30.0	56.0
-48.0	-50.0	6.0
-10.0	-48.0	64.0
-26.0	10.0	16.0
-16.0	10.0	42.0
22.0	24.0	14.0
-52.0	12.0	-24.0
-10.0	-40.0	68.0
-42.0	-70.0	-16.0
26.0	-56.0	-44.0
32.0	-60.0	-40.0
14.0	-64.0	-40.0
-54.0	-16.0	-26.0
-44.0	2.0	-30.0
34.0	-4.0	-30.0
40.0	14.0	-26.0
-46.0	-66.0	12.0
14.0	22.0	12.0
-52.0	-68.0	28.0
-44.0	-78.0	14.0
-4.0	-46.0	-50.0
0.0	-50.0	-44.0
-42.0	-50.0	-16.0
-52.0	-62.0	-16.0
-54.0	-64.0	14.0

// Sun X, 2015: PMID 25995480-1
// Subjects=20
30.0	-1.0	-17.0
39.0	-1.0	-23.0
30.0	-7.0	-20.0
27.0	-1.0	-20.0
-27.0	-10.0	-11.0
18.0	20.0	-5.0
-24.0	-7.0	-11.0
27.0	-10.0	-11.0

// Leiker EK, 2015: PMID 26004057-1
// Subjects=20
-60.0	-52.0	46.0
-12.0	-58.0	64.0
63.0	2.0	-5.0
-21.0	32.0	-8.0
48.0	-34.0	22.0
-18.0	56.0	40.0
42.0	-1.0	-11.0
-6.0	-82.0	43.0
-48.0	-79.0	22.0
-39.0	-4.0	-14.0
18.0	-1.0	-26.0
63.0	-52.0	-2.0
51.0	-40.0	-17.0
9.0	17.0	52.0
-12.0	-61.0	-17.0
3.0	-91.0	-14.0
-51.0	-7.0	-23.0
27.0	-25.0	-11.0
-63.0	-28.0	16.0
15.0	-22.0	-47.0
6.0	23.0	1.0
45.0	-73.0	43.0

// Sherrill KR, 2015: PMID 26054874-1
// Subjects=20
-36.0	-74.0	50.0
24.0	-8.0	-24.0
32.0	-18.0	-16.0
4.0	-50.0	14.0
4.0	-54.0	30.0
10.0	-50.0	34.0
4.0	58.0	6.0
18.0	-6.0	-16.0
30.0	36.0	-12.0
2.0	-52.0	16.0
14.0	56.0	34.0
24.0	40.0	50.0
-52.0	20.0	-4.0
32.0	8.0	-10.0
24.0	-2.0	-18.0
-34.0	-74.0	48.0
50.0	-48.0	28.0
4.0	-56.0	38.0
24.0	-16.0	-18.0
2.0	50.0	0.0
52.0	8.0	-34.0
4.0	52.0	-6.0
8.0	56.0	34.0
52.0	8.0	-36.0
30.0	-16.0	70.0
52.0	2.0	6.0
64.0	-6.0	14.0
46.0	-10.0	16.0
22.0	-28.0	72.0
6.0	-26.0	60.0
48.0	-50.0	24.0
24.0	-26.0	-12.0
6.0	-50.0	14.0
6.0	-54.0	26.0
4.0	-50.0	32.0
52.0	-48.0	26.0
22.0	-20.0	-16.0
8.0	56.0	34.0
2.0	54.0	-12.0
52.0	6.0	-34.0
12.0	-24.0	70.0
24.0	-10.0	-22.0
30.0	-20.0	-18.0
2.0	-52.0	18.0
-6.0	-46.0	34.0
58.0	-62.0	12.0
8.0	56.0	-12.0
8.0	58.0	32.0
-26.0	36.0	-12.0
-48.0	30.0	-4.0
56.0	12.0	-32.0
14.0	-26.0	64.0
6.0	-28.0	62.0
36.0	-2.0	18.0
62.0	4.0	-20.0
56.0	-60.0	30.0
52.0	-66.0	38.0
2.0	48.0	-6.0
36.0	-20.0	14.0
6.0	-26.0	62.0
-34.0	38.0	-14.0
28.0	-6.0	-24.0
28.0	-24.0	-16.0
4.0	-50.0	18.0
4.0	-58.0	34.0
4.0	-50.0	36.0
40.0	-26.0	58.0
60.0	-6.0	-4.0
10.0	54.0	36.0
6.0	-30.0	34.0
40.0	-10.0	10.0
54.0	6.0	-36.0
36.0	-16.0	64.0
38.0	-22.0	48.0
8.0	-26.0	66.0
60.0	4.0	-20.0
56.0	6.0	-12.0
16.0	-26.0	72.0

// Ge R, 2015: PMID 26057592-1
// Subjects=20
45.0	-34.0	50.0
33.0	-13.0	62.0
-36.0	-19.0	66.0
-36.0	-19.0	66.0
-33.0	-28.0	58.0
-33.0	-28.0	58.0
-33.0	-28.0	58.0
-33.0	-22.0	66.0
33.0	-13.0	62.0
-33.0	-28.0	58.0
-33.0	-28.0	58.0
36.0	-13.0	62.0
36.0	-13.0	62.0
33.0	-13.0	62.0
-33.0	-22.0	66.0
-33.0	-22.0	66.0
42.0	-34.0	50.0
42.0	-34.0	50.0
33.0	-13.0	62.0
33.0	-13.0	62.0
-36.0	-25.0	54.0
-36.0	-25.0	54.0
-36.0	-25.0	54.0
-36.0	-25.0	54.0
-36.0	-25.0	54.0
-36.0	-25.0	54.0
-36.0	-25.0	54.0
-36.0	-25.0	54.0
42.0	-34.0	50.0
42.0	-34.0	50.0
42.0	-34.0	50.0
42.0	-34.0	50.0
33.0	-13.0	62.0
33.0	-13.0	62.0
33.0	-13.0	62.0
-9.0	-7.0	70.0
42.0	-34.0	50.0
3.0	-1.0	58.0
-9.0	-7.0	70.0
-9.0	-7.0	70.0
45.0	-34.0	50.0
-9.0	-7.0	70.0
-9.0	-7.0	70.0
-9.0	-7.0	70.0
-9.0	-7.0	70.0
-9.0	-7.0	70.0
3.0	-1.0	58.0
-9.0	-7.0	70.0
-9.0	-7.0	70.0
3.0	-1.0	58.0
3.0	-1.0	58.0
3.0	-1.0	58.0
3.0	-1.0	58.0
42.0	-34.0	50.0
3.0	-1.0	58.0
45.0	-34.0	50.0
42.0	-34.0	50.0
42.0	-34.0	50.0
3.0	-1.0	58.0
3.0	-1.0	58.0
-42.0	-40.0	54.0
-36.0	-43.0	54.0
-36.0	-43.0	54.0
-36.0	-43.0	54.0
-42.0	-40.0	54.0
-42.0	-40.0	54.0
-42.0	-40.0	54.0
-42.0	-40.0	54.0
24.0	-49.0	-30.0
45.0	-34.0	50.0
45.0	-34.0	50.0
45.0	-34.0	50.0
-42.0	-40.0	54.0
-24.0	-55.0	-26.0
9.0	-7.0	10.0
36.0	-46.0	62.0
45.0	-34.0	50.0
45.0	-34.0	50.0
-27.0	-49.0	62.0
-27.0	-49.0	62.0
-27.0	-52.0	62.0
-27.0	-52.0	62.0
-27.0	-52.0	62.0
-27.0	-52.0	62.0
-27.0	-52.0	62.0
-27.0	-52.0	62.0
21.0	5.0	-6.0
-27.0	-52.0	62.0
36.0	-46.0	62.0
36.0	-46.0	62.0
36.0	-46.0	62.0
36.0	-46.0	62.0
-27.0	-52.0	62.0
36.0	-43.0	62.0
-21.0	2.0	-10.0
36.0	-43.0	62.0
33.0	-49.0	62.0
33.0	-49.0	62.0
-21.0	2.0	-10.0
-21.0	2.0	-10.0
-21.0	2.0	-10.0
-21.0	2.0	-10.0
15.0	8.0	-10.0
-21.0	2.0	-10.0
-21.0	2.0	-10.0
-21.0	2.0	-10.0
-21.0	2.0	-10.0
-21.0	2.0	-10.0
15.0	8.0	-10.0
36.0	-43.0	62.0
45.0	-34.0	50.0
21.0	5.0	-6.0
21.0	5.0	-6.0
9.0	-7.0	10.0
21.0	5.0	-6.0
21.0	5.0	-6.0
21.0	5.0	-6.0
21.0	5.0	-6.0
45.0	-34.0	50.0
-12.0	-19.0	2.0
-12.0	-19.0	2.0
-12.0	-19.0	2.0
-12.0	-19.0	2.0
-12.0	-19.0	2.0
-12.0	-19.0	2.0
-12.0	-19.0	2.0
-12.0	-19.0	2.0
-12.0	-19.0	2.0
21.0	5.0	-6.0
-12.0	-19.0	2.0
9.0	-7.0	10.0
24.0	-49.0	-30.0
9.0	-7.0	10.0
9.0	-7.0	10.0
9.0	-7.0	10.0
9.0	-7.0	10.0
-27.0	-55.0	-26.0
-27.0	-55.0	-26.0
-24.0	-55.0	-26.0
-24.0	-55.0	-26.0
-24.0	-55.0	-26.0
-24.0	-55.0	-26.0
-24.0	-55.0	-26.0
3.0	-1.0	58.0
-24.0	-52.0	-26.0
-24.0	-52.0	-26.0
24.0	-49.0	-30.0
9.0	-7.0	10.0
24.0	-49.0	-30.0
-6.0	56.0	-6.0
24.0	-49.0	-30.0
21.0	-49.0	-30.0
21.0	-49.0	-30.0
24.0	-49.0	-30.0
24.0	-49.0	-30.0
6.0	-64.0	-14.0
6.0	-64.0	-14.0
-27.0	-16.0	62.0
6.0	-64.0	-14.0
6.0	-64.0	-14.0
6.0	-64.0	-26.0
6.0	-64.0	-26.0
54.0	-58.0	34.0
6.0	-64.0	-26.0
6.0	-64.0	-26.0
6.0	-64.0	-14.0
15.0	5.0	-10.0
33.0	-13.0	62.0
-36.0	-25.0	54.0
-36.0	-25.0	54.0
42.0	-31.0	50.0
42.0	-34.0	50.0
-42.0	-40.0	54.0
-15.0	-10.0	62.0
3.0	-1.0	58.0
15.0	-4.0	54.0
-36.0	-43.0	58.0
-39.0	-37.0	50.0
45.0	-34.0	50.0
42.0	-37.0	50.0
-27.0	-52.0	62.0
-30.0	-52.0	62.0
-21.0	2.0	6.0
21.0	-55.0	62.0
-33.0	-28.0	58.0
-21.0	2.0	-10.0
6.0	-64.0	-26.0
-12.0	-19.0	2.0
9.0	-7.0	10.0
-24.0	-55.0	-26.0
-24.0	-49.0	-26.0
24.0	-49.0	-30.0
-3.0	-67.0	42.0
6.0	-64.0	-18.0
6.0	-61.0	-18.0
24.0	-55.0	-26.0
-12.0	-55.0	26.0
21.0	-61.0	14.0
-3.0	-58.0	30.0
45.0	-58.0	30.0
-3.0	-55.0	30.0
-3.0	-55.0	30.0
-9.0	-19.0	-2.0
9.0	41.0	6.0
30.0	-10.0	62.0
-3.0	-67.0	42.0
0.0	-55.0	30.0
-42.0	-73.0	34.0
-3.0	-55.0	30.0
-3.0	-58.0	30.0
-3.0	-58.0	30.0
-42.0	-70.0	42.0
-45.0	-70.0	46.0
-45.0	-70.0	46.0
-42.0	-73.0	34.0
0.0	-55.0	30.0
-42.0	-70.0	38.0
-42.0	-70.0	38.0
-42.0	-70.0	46.0
-42.0	-70.0	46.0
-42.0	-70.0	46.0
-42.0	-70.0	46.0
-3.0	-55.0	30.0
54.0	-58.0	34.0
-9.0	-7.0	70.0
45.0	-55.0	26.0
45.0	-58.0	30.0
45.0	-58.0	30.0
45.0	-58.0	34.0
45.0	-58.0	34.0
45.0	-58.0	30.0
45.0	-58.0	30.0
-3.0	47.0	26.0
-3.0	44.0	26.0
-3.0	44.0	26.0
-12.0	56.0	14.0
-6.0	56.0	-10.0
3.0	50.0	14.0
30.0	-19.0	-30.0
3.0	50.0	14.0
0.0	44.0	22.0
0.0	44.0	22.0
-54.0	-4.0	-22.0
-54.0	-4.0	-26.0
-54.0	-4.0	-22.0
9.0	62.0	14.0
-6.0	50.0	-2.0
-6.0	50.0	-2.0
-6.0	59.0	-14.0
-6.0	59.0	-14.0
-6.0	56.0	-10.0
-6.0	56.0	-6.0
-6.0	56.0	-6.0
-6.0	56.0	-6.0
-6.0	56.0	-6.0
-54.0	-4.0	-22.0
-60.0	-13.0	-22.0
-60.0	-13.0	-22.0
-54.0	-7.0	-22.0
-54.0	-7.0	-22.0
9.0	62.0	14.0
-54.0	-4.0	-26.0
-12.0	56.0	14.0
-30.0	-28.0	-18.0
-54.0	-4.0	-22.0
60.0	-7.0	-30.0
54.0	5.0	-42.0
54.0	5.0	-42.0
45.0	-55.0	26.0
45.0	11.0	-38.0
51.0	-4.0	-22.0
51.0	-4.0	-22.0
60.0	-7.0	-30.0
60.0	-7.0	-30.0
60.0	-7.0	-30.0
60.0	-7.0	-30.0
-27.0	-16.0	-26.0
-27.0	-22.0	-22.0
-27.0	-22.0	-22.0
-24.0	-28.0	-22.0
-54.0	-4.0	-22.0
45.0	11.0	-38.0
-30.0	-28.0	-18.0
-27.0	-16.0	-26.0
-24.0	-28.0	-22.0
-30.0	-28.0	-18.0
-30.0	-28.0	-18.0
30.0	-16.0	-30.0
30.0	-19.0	-30.0
30.0	-19.0	-30.0
-27.0	-16.0	-26.0
24.0	-22.0	-14.0
18.0	-7.0	-22.0
18.0	-7.0	-22.0
30.0	-19.0	-30.0
30.0	-19.0	-30.0
30.0	-19.0	-30.0
21.0	-49.0	-30.0
24.0	-22.0	-14.0

// Seger CA, 2015: PMID 26063914-1
// Subjects=20
36.0	55.5	7.5
-40.5	-69.0	-7.5
18.0	-97.5	-1.5
-12.0	-99.0	-4.5
18.0	-66.0	43.5
-16.5	-66.0	34.5
-31.5	-87.0	-7.5
30.0	-84.0	15.0
46.5	-67.5	-6.0
-3.0	6.0	52.5
16.5	-85.5	39.0
-49.5	-24.0	37.5
46.5	-37.5	43.5
45.0	36.0	22.5
15.0	21.0	27.0
-19.5	9.0	6.0
-39.0	-7.5	15.0
-24.0	-30.0	4.5
25.5	-28.5	1.5
33.0	3.0	1.5
-18.0	-72.0	55.5
-42.0	-43.5	49.5
16.5	-69.0	-3.0
-37.5	-57.0	-16.5
54.0	13.5	37.5
-31.5	-3.0	67.5
30.0	-69.0	-12.0
34.5	-27.0	42.0
49.5	-19.5	63.0
-19.5	-25.5	67.5
-30.0	-45.0	73.5
-19.5	-52.5	-4.5
3.0	-67.5	-12.0
13.5	-79.5	28.5
-21.0	-67.5	16.5
-16.5	-93.0	25.5
36.0	-13.5	15.0
-13.5	-37.5	-12.0
-25.5	-72.0	13.5
-13.5	-58.5	1.5
12.0	-78.0	30.0
22.5	-40.5	-12.0
-16.5	-42.0	-12.0
-28.5	-31.5	54.0
-45.0	-12.0	61.5
31.5	-36.0	61.5
52.5	13.5	7.5
6.0	-30.0	-18.0
30.0	-9.0	12.0
-16.5	-81.0	27.0
40.5	24.0	-1.5
30.0	-30.0	64.5
12.0	-18.0	57.0
-24.0	-19.5	4.5
-27.0	-3.0	-10.5
24.0	-10.5	-15.0
-26.0	-30.0	57.0
-37.5	15.0	4.5
1.5	31.5	49.5
48.0	18.0	6.0
28.5	24.0	-3.0
7.5	-15.0	7.5
40.5	18.0	6.0
-12.0	-13.5	9.0
-34.5	24.0	6.0
-48.0	-40.5	48.0
32.0	-32.0	65.0
48.0	-18.0	62.0
18.0	-53.0	65.0
-52.5	-28.5	25.5
-42.0	-57.0	-21.0
12.0	-20.0	54.0
-14.0	-50.0	68.0
-12.0	-12.0	6.0
-43.5	-33.0	57.0
-56.0	-2.0	11.0
-17.0	-39.0	-14.0
-27.0	-42.0	67.5
3.0	-74.0	20.0
-39.0	-71.0	-5.0
11.0	-57.0	-17.0
11.0	-38.0	-3.0
-54.0	-47.0	50.0
-63.0	-47.0	2.0
54.0	-59.0	11.0
26.0	8.0	2.0
8.0	-29.0	-20.0
12.0	-11.0	-2.0
38.0	-14.0	14.0
-32.0	14.0	6.0
39.0	20.0	5.0
8.0	21.0	39.0
-41.0	-33.0	24.0
26.0	-3.0	-11.0
56.0	2.0	9.0
-26.0	-3.0	-11.0

// Breckel TP, 2015: PMID 26079805-1
// Subjects=20
-28.0	4.0	46.0
-14.0	50.0	30.0
16.0	22.0	56.0
-8.0	-28.0	60.0
-32.0	48.0	-4.0
36.0	42.0	14.0
32.0	14.0	58.0
22.0	56.0	24.0
-28.0	-30.0	-6.0
-42.0	-12.0	58.0
50.0	-38.0	34.0
46.0	-74.0	20.0
60.0	-46.0	0.0
-36.0	50.0	14.0
58.0	-22.0	-8.0
8.0	-22.0	58.0
-20.0	-92.0	4.0
12.0	38.0	46.0
-38.0	-4.0	-10.0
24.0	-72.0	20.0
-22.0	-4.0	-16.0
-42.0	6.0	12.0
46.0	-14.0	20.0
44.0	6.0	-10.0
-12.0	-70.0	46.0
16.0	6.0	20.0
-26.0	-8.0	2.0
36.0	-24.0	-10.0
30.0	2.0	10.0
12.0	-20.0	8.0
14.0	-86.0	10.0
38.0	22.0	14.0
-14.0	-20.0	4.0

// Ma L, 2015: PMID 26082893-1
// Subjects=20
0.0	38.0	3.0
-23.0	20.0	41.0
-14.0	-3.0	21.0
43.0	39.0	21.0
4.0	37.0	0.0
24.0	-18.0	-21.0
36.0	-6.0	58.0
14.0	-30.0	44.0
12.0	-32.0	48.0
36.0	-10.0	52.0
36.0	-8.0	52.0
46.0	16.0	29.0

// Lima CF, 2015: PMID 26092220-1
// Subjects=20
-30.0	-56.0	52.0
-16.0	-62.0	54.0
64.0	-30.0	9.0
-48.0	24.0	-5.0
-51.0	17.0	9.0
-21.0	-1.0	4.0
-60.0	-38.0	15.0
-52.0	1.0	47.0
-58.0	-38.0	28.0
56.0	38.0	2.0
-1.0	-14.0	53.0
-8.0	1.0	69.0
20.0	-66.0	54.0
9.0	-9.0	73.0
38.0	-28.0	40.0
-4.0	-24.0	52.0
40.0	-26.0	12.0
21.0	-61.0	51.0
-28.0	-55.0	43.0
34.0	24.0	4.0
14.0	17.0	48.0
-30.0	0.0	56.0
-35.0	-7.0	63.0
60.0	-24.0	8.0
62.0	-14.0	2.0
42.0	14.0	-14.0
44.0	16.0	28.0
46.0	-36.0	48.0
64.0	-32.0	42.0
38.0	-36.0	50.0
52.0	-50.0	-8.0
68.0	-30.0	34.0
52.0	-22.0	48.0
6.0	20.0	44.0
-38.0	-38.0	46.0
40.0	-70.0	30.0
2.0	-38.0	-6.0
-34.0	6.0	26.0
-44.0	16.0	22.0
-48.0	10.0	16.0
-56.0	28.0	18.0
-40.0	8.0	16.0
-48.0	-4.0	48.0
-36.0	38.0	12.0
-46.0	4.0	32.0
-48.0	34.0	6.0
-48.0	0.0	40.0
-48.0	34.0	16.0
-36.0	34.0	28.0
-16.0	-56.0	22.0
32.0	-38.0	44.0
-14.0	-58.0	30.0
-52.0	2.0	-2.0
-32.0	26.0	6.0
-36.0	-74.0	30.0
26.0	-56.0	46.0
46.0	-14.0	56.0
-30.0	-48.0	42.0
-22.0	-62.0	34.0
6.0	-56.0	20.0
50.0	-60.0	26.0
-36.0	-40.0	40.0
-44.0	-40.0	42.0
-4.0	-60.0	20.0
16.0	-60.0	50.0
22.0	-18.0	-8.0
12.0	-26.0	-6.0
10.0	-10.0	2.0
30.0	-18.0	-16.0
-8.0	-42.0	12.0
-40.0	-32.0	12.0
-22.0	-64.0	44.0
-8.0	-72.0	30.0

// Bernardi Luft CD, 2015: PMID 26093288-1
// Subjects=20
-50.9	-66.1	25.5
10.9	1.1	21.4
-12.5	-8.2	26.9
0.0	-4.1	-3.7
50.7	-70.8	24.7
0.2	1.1	22.6
-48.0	4.6	2.8
32.7	-11.2	66.8
57.8	30.0	19.5
-17.8	25.9	56.4
2.7	-1.5	70.7
2.2	-7.0	-0.2
-15.6	-6.5	50.2
32.7	-11.2	66.8
33.1	-11.0	-13.6
-60.7	-13.0	11.1
0.5	7.6	65.5
-51.1	10.6	25.7
2.7	7.7	66.6
-2.6	4.8	70.3
-19.3	8.2	-7.9
-48.0	5.6	2.7
35.5	-21.1	20.7
-3.2	-45.9	-20.3
3.1	-54.5	-36.3
-3.2	-60.9	-35.7
1.1	-46.6	-16.9
32.0	-11.3	-16.9
12.9	-40.0	-14.2
23.0	5.9	68.8
3.8	-21.2	64.6
-2.7	7.9	68.9
64.3	-14.9	16.5
-6.2	-51.7	0.3
-38.2	-54.1	14.3
-60.6	-29.1	22.5
32.2	-58.3	-5.1
-38.3	-78.3	-10.4
6.6	4.3	22.3
0.7	-59.8	61.2
13.5	-50.4	56.9
32.3	-59.1	-1.7
-10.5	-53.9	0.6
6.7	-53.8	13.8
-43.4	2.9	49.7
55.8	-38.2	5.2
0.2	-2.1	22.9
-25.7	11.6	-4.7
-31.9	-40.5	-3.6
-9.3	-47.6	13.4
35.4	-43.0	-0.9
61.0	-2.7	8.8
35.2	-11.5	-20.2
-60.6	-28.1	22.4
29.0	-82.7	-17.5
-41.5	-75.4	-14.0
13.0	-61.9	-9.1
64.3	-12.0	12.9
-22.5	27.2	3.9
6.7	-21.6	17.7
-3.0	-18.5	17.6
23.7	4.1	17.6
21.6	4.1	18.8
33.4	-14.9	19.1
-35.1	-43.4	1.1

// Bauer E, 2015: PMID 26119913-1
// Subjects=20
45.0	20.0	-5.0
-48.0	15.0	-5.0
6.0	39.0	-27.0
43.0	20.0	-8.0
9.0	-30.0	33.0
55.0	17.0	3.0
54.0	23.0	0.0
49.0	29.0	24.0
-29.0	33.0	-20.0
30.0	-66.0	-30.0
-50.0	15.0	0.0
10.0	15.0	7.0
25.0	0.0	-3.0
9.0	14.0	13.0
-12.0	6.0	18.0
6.0	15.0	4.0
-47.0	0.0	-12.0
-9.0	18.0	9.0
46.0	-73.0	13.0
-50.0	33.0	10.0
-60.0	-18.0	-5.0
24.0	-34.0	-6.0
28.0	15.0	-24.0
30.0	-12.0	6.0
27.0	26.0	-20.0
40.0	26.0	-33.0

// Miao W, 2015: PMID 26186732-1
// Subjects=20
-3.0	-42.0	3.0
-27.0	-21.0	60.0
-24.0	9.0	-14.0
24.0	-48.0	33.0
-16.0	14.0	-20.0
30.0	-12.0	-26.0
39.0	36.0	0.0

// Harnett NG, 2015: PMID 26196669-1
// Subjects=20
14.2	2.6	41.3
15.4	-26.4	37.0
1.6	-16.2	60.8
41.8	-8.0	10.6
54.6	36.5	21.2
-35.4	57.6	-0.7
51.3	43.5	16.2
-15.7	23.4	51.0
43.9	-2.7	10.2
16.9	67.6	0.1
16.4	2.7	42.4
-29.1	52.6	-10.4
4.8	-6.9	56.7
14.2	24.4	47.3
-36.2	44.6	23.8
-50.2	22.2	11.4
-25.3	16.6	46.1
-53.4	38.2	11.2
-28.0	59.9	-13.2
39.5	60.0	9.4
-23.2	15.4	45.1
-47.0	44.5	10.6
37.2	34.2	-20.7
7.3	33.6	-11.4
-3.3	28.2	-12.0
-14.0	58.8	-1.0
-18.9	27.8	52.9
17.3	47.2	38.6
3.3	31.8	20.0
-11.4	-51.2	21.5
-18.0	50.7	32.0
35.1	20.6	-17.4
-8.2	10.8	38.6
2.3	40.3	33.8
-11.4	-57.2	13.1
-38.5	20.2	-2.0
-41.4	22.2	38.0
54.7	18.6	23.9
3.4	38.1	32.8
32.0	-14.6	-18.8
-22.5	-4.4	-19.1
-19.0	40.7	40.7
14.2	-59.1	13.0
14.2	-56.1	10.5
-10.3	-63.4	14.8
-3.7	-5.3	64.4
27.7	-6.2	-19.5
5.8	-48.1	32.2
55.1	-50.6	50.8
-36.5	17.1	-15.1
-34.4	18.7	-22.0
5.6	39.1	46.1
55.9	-27.2	23.2
43.7	21.9	-15.3
-4.9	-7.4	51.3
15.2	-52.0	9.0
-21.5	-4.5	-20.2
53.7	13.2	36.6
54.6	29.9	18.4
-56.8	29.0	-10.3
-43.8	21.5	1.3
35.1	22.8	-16.4
-12.5	-58.2	13.2
14.2	-55.2	9.3
52.7	-36.8	22.9

// Dunlop K, 2015: PMID 26199873-1
// Subjects=20
32.0	-28.0	-8.0
-20.0	-58.0	60.0
10.0	-58.0	58.0
50.0	-18.0	-8.0
-38.0	-10.0	-20.0
34.0	24.0	-14.0
-34.0	22.0	-24.0
8.0	-80.0	2.0
44.0	-6.0	4.0
8.0	-90.0	22.0
38.0	-10.0	4.0
32.0	-18.0	-2.0
52.0	4.0	-24.0
4.0	-80.0	2.0
50.0	-26.0	-10.0
14.0	-18.0	14.0
-34.0	22.0	-14.0
-4.0	-26.0	6.0
36.0	18.0	-8.0
16.0	20.0	0.0
-14.0	18.0	2.0
-38.0	14.0	2.0

// Hrkac M, 2015: PMID 26218102-1
// Subjects=20
43.8	36.3	5.8
53.4	36.1	2.3
12.5	-55.8	70.7
44.5	-59.0	53.9
-23.0	-101.6	18.1
15.4	-97.9	7.3
-45.9	29.7	10.7
44.1	6.4	31.7
-45.7	9.3	35.8
15.7	-65.0	61.4
-61.5	-25.2	45.6
-16.8	32.1	40.3
-26.3	-8.6	50.5
-45.9	29.7	10.7
-62.1	-4.7	-19.7
41.1	-66.9	34.5
53.4	39.3	2.1
-39.4	-2.3	10.0
-42.3	-68.4	22.2
57.2	-24.0	50.8
26.1	-98.1	17.2
40.5	6.2	-11.7
37.2	37.4	-21.0
18.1	-60.0	-39.4
-48.7	-71.4	25.9
24.8	-37.6	2.1
18.1	-58.1	-42.9
15.4	-101.1	7.6
-19.8	-93.9	20.8
-23.1	-97.9	11.1
12.1	-95.2	0.4
-61.5	-19.9	45.1
-29.7	-37.9	2.8
12.2	7.2	58.8
57.1	-15.5	50.1
-61.7	-18.3	24.9
63.4	-13.9	29.8
-36.3	18.6	4.8
40.6	24.9	-3.3
-0.5	-77.7	35.9
-48.7	-68.2	25.6
-29.6	22.8	44.5
-26.2	-11.8	50.8

// Palaniyappan L, 2015: PMID 26232240-1
// Subjects=20
-56.0	-14.0	33.0
-7.0	-42.0	35.0
-39.0	-65.0	35.0
-46.0	-57.0	28.0
50.0	-43.0	5.0
-55.0	-39.0	36.0
-59.0	-40.0	24.0
45.0	-52.0	15.0
-37.0	-77.0	11.0
-40.0	42.0	2.0
-16.0	-60.0	31.0
-21.0	-56.0	8.0
-9.0	-78.0	8.0
-36.0	26.0	32.0
-15.0	-48.0	2.0
-46.0	-20.0	37.0
-33.0	-1.0	46.0
-39.0	-46.0	40.0
45.0	-43.0	-14.0
-10.0	-20.0	40.0
-28.0	-71.0	-42.0
-3.0	-52.0	-30.0
-34.0	-59.0	-22.0
-9.0	-69.0	-32.0
13.0	-72.0	-4.0
-36.0	-48.0	-25.0
43.0	-61.0	33.0
9.0	-38.0	54.0
-27.0	-8.0	53.0
-27.0	-8.0	64.0
-33.0	-19.0	49.0
-48.0	6.0	29.0
-7.0	30.0	23.0
-7.0	22.0	35.0
-7.0	-10.0	60.0
-25.0	-74.0	-27.0
-19.0	11.0	-6.0
-40.0	-50.0	-42.0
22.0	-10.0	-17.0
40.0	2.0	33.0
-43.0	-61.0	10.0
-4.0	-50.0	43.0
-15.0	16.0	57.0
-43.0	-51.0	25.0
-40.0	-76.0	1.0
4.0	-37.0	50.0
-1.0	-60.0	22.0
37.0	13.0	34.0
-7.0	-48.0	65.0
36.0	-77.0	27.0
-52.0	-7.0	-14.0
-61.0	-13.0	-23.0
15.0	-61.0	10.0
-56.0	-17.0	-16.0
43.0	-75.0	-5.0
-58.0	-29.0	3.0
-49.0	-2.0	-33.0
33.0	18.0	6.0
10.0	15.0	-17.0
42.0	-67.0	9.0
-16.0	64.0	-7.0
-43.0	38.0	4.0
-27.0	56.0	-7.0
-10.0	64.0	2.0
25.0	-65.0	35.0
-28.0	-55.0	43.0
49.0	-40.0	24.0
43.0	-26.0	37.0
-16.0	-58.0	29.0
-9.0	47.0	-1.0
-37.0	-80.0	12.0
-12.0	-89.0	18.0
-45.0	-72.0	17.0
-18.0	-72.0	40.0
-27.0	-91.0	-4.0
-12.0	18.0	1.0
-49.0	-36.0	5.0

// Haaker J, 2015: PMID 26238968-1
// Subjects=20
-2.0	44.0	-20.0
36.0	-32.0	-18.0
28.0	-16.0	-24.0
20.0	0.0	-24.0
-36.0	-32.0	-14.0
10.0	46.0	26.0

// Ray KL, 2015: PMID 26254112-1
// Subjects=20
-34.0	20.0	-2.0
-38.0	-52.0	46.0
-36.0	54.0	4.0
-48.0	6.0	30.0
34.0	22.0	-4.0
0.0	28.0	34.0
2.0	28.0	38.0
32.0	58.0	-2.0
-30.0	56.0	-2.0
34.0	24.0	-4.0
30.0	56.0	-2.0
-44.0	26.0	18.0
-38.0	20.0	44.0
-38.0	-48.0	50.0
48.0	10.0	30.0
4.0	40.0	-2.0
-26.0	-60.0	50.0
46.0	10.0	24.0
40.0	20.0	48.0
-50.0	-60.0	-8.0
14.0	10.0	6.0
-48.0	10.0	36.0
-34.0	20.0	2.0
50.0	-44.0	48.0
8.0	-66.0	52.0
42.0	34.0	30.0
-48.0	38.0	-6.0
42.0	36.0	28.0
-2.0	54.0	-6.0
-6.0	-48.0	32.0
-8.0	16.0	-6.0
-54.0	-8.0	-18.0
-60.0	-28.0	18.0
-16.0	36.0	44.0
24.0	-8.0	-20.0
-6.0	-56.0	26.0
-20.0	-6.0	-16.0
-48.0	-68.0	28.0
-6.0	-56.0	22.0
-8.0	16.0	-6.0
-20.0	-8.0	-16.0
28.0	-20.0	-12.0
-2.0	-52.0	22.0
24.0	-6.0	-18.0
-4.0	60.0	8.0
-4.0	60.0	24.0
4.0	52.0	-8.0
54.0	-70.0	20.0
-2.0	32.0	-18.0
-48.0	22.0	-8.0
0.0	40.0	8.0
-24.0	26.0	50.0
-18.0	-6.0	-16.0
-46.0	-72.0	36.0
-20.0	40.0	44.0
6.0	60.0	6.0
-20.0	-6.0	-16.0

// Roman P, 2015: PMID 26340683-1
// Subjects=20
30.0	-50.0	48.0
-42.0	10.0	32.0
-40.0	16.0	26.0
-46.0	-54.0	-18.0
-2.0	2.0	64.0
-32.0	-86.0	-4.0
2.0	18.0	50.0
-42.0	12.0	24.0
-58.0	22.0	20.0
36.0	-46.0	44.0
56.0	-30.0	2.0
-12.0	22.0	30.0
-2.0	-80.0	28.0
-52.0	-44.0	4.0
40.0	24.0	-4.0
46.0	20.0	26.0
-4.0	28.0	48.0
-4.0	18.0	52.0
-2.0	4.0	66.0
-54.0	30.0	-2.0
-46.0	14.0	12.0
-56.0	20.0	26.0
-56.0	14.0	8.0
-46.0	14.0	26.0
-46.0	-80.0	-10.0
30.0	-48.0	32.0
56.0	28.0	6.0
-6.0	6.0	60.0
30.0	-2.0	52.0
60.0	-36.0	-8.0
44.0	-44.0	42.0
28.0	-48.0	42.0
32.0	-56.0	38.0
-68.0	-34.0	4.0
-58.0	-2.0	4.0
46.0	-60.0	-2.0
58.0	-50.0	-8.0
-12.0	-96.0	0.0
-42.0	-52.0	-18.0
-46.0	-82.0	-10.0
0.0	20.0	48.0
16.0	-24.0	2.0
16.0	-24.0	0.0
20.0	-22.0	8.0
50.0	4.0	22.0
-6.0	34.0	48.0
10.0	-26.0	8.0
52.0	-60.0	-18.0
-38.0	-84.0	-10.0
-40.0	-62.0	22.0
-48.0	-70.0	28.0
-48.0	-64.0	16.0
-20.0	60.0	28.0
-10.0	54.0	18.0
28.0	-14.0	-22.0
56.0	-46.0	-8.0
30.0	8.0	54.0
-8.0	36.0	58.0
50.0	-56.0	-10.0

// Shitara H, 2015: PMID 26351854-1
// Subjects=20
58.0	10.0	42.0
-8.0	-38.0	66.0
6.0	40.0	-14.0
4.0	38.0	-18.0
16.0	24.0	-12.0
26.0	-56.0	52.0
-10.0	-50.0	28.0
-42.0	-16.0	50.0
20.0	-98.0	22.0
-40.0	-18.0	58.0
36.0	-64.0	62.0
-36.0	-14.0	56.0
-24.0	30.0	54.0
-18.0	-28.0	-20.0
24.0	-10.0	74.0
38.0	-42.0	-24.0
-28.0	-68.0	-10.0
-24.0	-26.0	4.0
34.0	-26.0	52.0
62.0	-24.0	-22.0
-4.0	-38.0	64.0
26.0	-56.0	52.0
-46.0	-30.0	48.0
30.0	-42.0	74.0
38.0	6.0	-26.0
-54.0	-56.0	-4.0
14.0	-6.0	-12.0
32.0	-30.0	74.0
-46.0	-58.0	56.0
-32.0	30.0	2.0
-12.0	-16.0	-8.0
4.0	20.0	-18.0
-44.0	-56.0	54.0
-22.0	-6.0	-12.0
46.0	-84.0	14.0
-62.0	-32.0	-6.0
44.0	-52.0	-30.0
14.0	-84.0	-6.0
2.0	10.0	22.0
-64.0	-30.0	-10.0
-28.0	-30.0	-2.0
58.0	8.0	10.0
24.0	-58.0	70.0
16.0	-14.0	-18.0
-40.0	-80.0	-16.0
14.0	-2.0	-28.0
-48.0	-62.0	42.0
-34.0	18.0	46.0
30.0	-22.0	40.0
-26.0	54.0	-4.0
-2.0	-14.0	12.0
24.0	-22.0	-26.0
24.0	-88.0	4.0
-2.0	-46.0	-26.0
-22.0	-48.0	10.0

// Toller G, 2015: PMID 26363299-1
// Subjects=20
29.0	-13.0	-29.0
30.0	30.0	24.0
17.0	56.0	13.0
-3.0	44.0	49.0
-66.0	-51.0	33.0
54.0	-2.0	-42.0
11.0	-31.0	12.0
-5.0	-33.0	-12.0
27.0	-22.0	-11.0
11.0	-21.0	72.0
26.0	0.0	-36.0

// Shi Z, 2016: PMID 26375210-1
// Subjects=20
-24.0	29.0	43.0
9.0	35.0	43.0
33.0	14.0	40.0
15.0	26.0	25.0
42.0	-79.0	37.0
-6.0	-67.0	40.0
-24.0	23.0	-11.0
-9.0	11.0	-5.0
6.0	2.0	-8.0
-15.0	8.0	4.0
-6.0	11.0	58.0
54.0	-16.0	-23.0
54.0	-28.0	-20.0
60.0	20.0	7.0
-51.0	-40.0	-32.0
9.0	-7.0	7.0
-9.0	-13.0	4.0
-45.0	17.0	-26.0
-24.0	-1.0	-20.0
15.0	5.0	-5.0
3.0	11.0	10.0
-39.0	20.0	28.0
-36.0	-52.0	40.0
33.0	-1.0	-23.0
-63.0	-49.0	22.0
3.0	38.0	52.0
36.0	-73.0	46.0
18.0	23.0	52.0
6.0	-61.0	40.0
39.0	-61.0	55.0
-54.0	-37.0	55.0
12.0	-4.0	7.0
-57.0	8.0	-14.0
66.0	-19.0	-26.0
9.0	44.0	46.0
42.0	17.0	52.0
0.0	-76.0	43.0
12.0	-34.0	31.0
-39.0	47.0	19.0
12.0	5.0	-2.0
-9.0	14.0	-8.0
-18.0	-16.0	-23.0
-15.0	-76.0	-38.0
-30.0	-1.0	-29.0
-9.0	29.0	19.0
30.0	-19.0	-11.0
-6.0	5.0	1.0
6.0	-40.0	22.0
45.0	-61.0	-35.0

// Magistro D, 2015: PMID 26397946-1
// Subjects=20
-42.0	-27.0	-6.0
39.0	-21.0	-6.0
-24.0	21.0	0.0
33.0	-19.0	-3.0
27.0	-27.0	-18.0
9.0	-27.0	30.0
-41.0	-27.0	-3.0
35.0	-63.0	3.0
-26.0	-6.0	18.0
21.0	21.0	3.0
-32.0	-55.0	19.0
-2.0	-16.0	-32.0
-11.0	-37.0	-33.0
-33.0	-57.0	18.0
-26.0	3.0	34.0
-27.0	-57.0	22.0
24.0	-4.0	37.0
15.0	39.0	-3.0
-12.0	29.0	-12.0
36.0	-24.0	-3.0
17.0	-6.0	36.0
-32.0	-55.0	18.0
21.0	-30.0	30.0
14.0	-3.0	39.0
-24.0	21.0	-3.0
39.0	-12.0	-17.0
-42.0	-30.0	-6.0
29.0	-45.0	18.0
0.0	-21.0	-24.0
21.0	-52.0	28.0
-14.0	24.0	-8.0
20.0	18.0	16.0
-23.0	-52.0	-22.0
5.0	-24.0	-23.0
-5.0	-33.0	-26.0
-32.0	-30.0	-5.0
17.0	27.0	25.0
-21.0	14.0	27.0
38.0	-30.0	-3.0
-36.0	-33.0	-3.0
24.0	-6.0	18.0
-2.0	-24.0	-23.0
-30.0	-55.0	18.0
-21.0	12.0	18.0
-26.0	2.0	30.0
12.0	-6.0	-5.0
-12.0	-15.0	-18.0
-5.0	-30.0	-20.0
-8.0	-42.0	-41.0
3.0	-33.0	-26.0
-3.0	-21.0	18.0
-12.0	-46.0	9.0
-5.0	-21.0	-33.0
3.0	-33.0	-26.0
-9.0	-40.0	-35.0
9.0	-40.0	-33.0
-20.0	3.0	31.0
-6.0	-34.0	-24.0
-6.0	-18.0	-21.0
5.0	-16.0	-21.0
5.0	-18.0	-26.0
20.0	-25.0	-21.0
-5.0	-34.0	-26.0
32.0	-24.0	-6.0
5.0	-33.0	-23.0
27.0	-43.0	21.0
33.0	-7.0	-18.0
-24.0	-1.0	37.0
35.0	-12.0	-17.0
-35.0	-15.0	-11.0
9.0	-4.0	37.0
36.0	-12.0	-12.0
-12.0	-36.0	33.0
26.0	9.0	18.0
-27.0	8.0	18.0
-36.0	-16.0	-3.0
38.0	-30.0	-5.0
6.0	-33.0	-15.0
-38.0	-33.0	-5.0
5.0	-21.0	-21.0
-38.0	-15.0	-8.0
30.0	-66.0	3.0
-30.0	-24.0	40.0
17.0	14.0	-12.0
-6.0	-19.0	-21.0
5.0	-30.0	-21.0
3.0	-33.0	-26.0
36.0	-1.0	-21.0
5.0	-19.0	-29.0
-6.0	-18.0	-26.0
-5.0	-33.0	-26.0
-27.0	-54.0	19.0
14.0	-3.0	37.0
17.0	20.0	25.0
0.0	-21.0	-24.0
2.0	-19.0	-27.0
29.0	-54.0	7.0
-32.0	-52.0	15.0
-2.0	3.0	1.0
2.0	-12.0	36.0
-21.0	5.0	24.0
20.0	17.0	19.0
21.0	15.0	18.0
15.0	17.0	30.0
-27.0	35.0	3.0
41.0	-36.0	-3.0
-41.0	-30.0	-3.0
12.0	-4.0	-3.0
27.0	-27.0	18.0
-26.0	-6.0	18.0
-35.0	-22.0	1.0
27.0	9.0	18.0
33.0	-22.0	1.0
-9.0	-34.0	33.0
24.0	-45.0	22.0
-30.0	-52.0	15.0
36.0	-4.0	-18.0
-35.0	-4.0	-14.0
23.0	21.0	-6.0
-18.0	14.0	-12.0
-9.0	-45.0	7.0
-23.0	21.0	0.0
-9.0	32.0	12.0
-14.0	-3.0	-2.0
-11.0	9.0	31.0
-30.0	-55.0	21.0
9.0	-6.0	36.0
-36.0	-12.0	-17.0
-36.0	-1.0	27.0
33.0	2.0	27.0
-23.0	0.0	24.0
20.0	9.0	24.0
-24.0	21.0	-5.0
-12.0	-46.0	9.0
-6.0	-30.0	-21.0
-36.0	-58.0	19.0
-32.0	2.0	28.0
26.0	-58.0	12.0
36.0	-4.0	-18.0
18.0	24.0	22.0
-2.0	-24.0	-23.0
-29.0	-57.0	9.0
-2.0	-15.0	-30.0
24.0	-46.0	22.0
12.0	-6.0	36.0
29.0	-48.0	30.0
35.0	-19.0	-16.0
-21.0	21.0	-5.0
21.0	12.0	19.0
-23.0	0.0	24.0
29.0	-48.0	30.0
-9.0	-22.0	-23.0
-30.0	-52.0	15.0

// Denier N, 2015: PMID 26441146-1
// Subjects=20
58.0	-12.0	-18.0
60.0	-4.0	-12.0
58.0	-6.0	-26.0
48.0	-66.0	26.0
12.0	-52.0	42.0
10.0	-52.0	34.0
12.0	-20.0	12.0
6.0	-14.0	4.0
30.0	34.0	46.0
-16.0	-16.0	6.0
-8.0	-66.0	14.0
6.0	-62.0	28.0
-4.0	-54.0	14.0
14.0	-24.0	66.0
14.0	-40.0	4.0
-2.0	50.0	10.0
-22.0	-54.0	66.0
58.0	-6.0	-20.0
50.0	2.0	-32.0
64.0	-24.0	-20.0
16.0	-18.0	72.0
14.0	48.0	12.0
10.0	-18.0	54.0
50.0	-62.0	28.0
56.0	-54.0	22.0
-64.0	-8.0	-26.0
0.0	-54.0	8.0
18.0	-50.0	40.0
6.0	54.0	8.0
-52.0	-30.0	-28.0
-24.0	-48.0	-22.0
-50.0	-40.0	-28.0
20.0	22.0	50.0
12.0	-10.0	8.0
58.0	-14.0	-16.0
58.0	-4.0	-12.0
58.0	-6.0	-24.0
-12.0	-16.0	80.0
-50.0	-20.0	52.0
-32.0	-30.0	52.0
-20.0	-24.0	78.0
-6.0	-24.0	8.0
-16.0	-24.0	8.0
-10.0	-16.0	6.0
-22.0	-18.0	72.0
46.0	-26.0	58.0
-12.0	-26.0	80.0
10.0	-20.0	80.0
10.0	-60.0	26.0
20.0	-36.0	54.0
24.0	-16.0	-26.0
28.0	-24.0	-16.0
26.0	-34.0	-16.0
-62.0	-26.0	-30.0
10.0	-54.0	34.0
48.0	-68.0	26.0
54.0	-58.0	34.0
-46.0	-70.0	12.0
-50.0	-50.0	22.0
-30.0	-26.0	-22.0
-30.0	-32.0	-28.0
-2.0	-24.0	4.0
-52.0	-64.0	26.0
-20.0	-14.0	-26.0
6.0	58.0	28.0
-4.0	-20.0	54.0
2.0	-38.0	62.0
0.0	-18.0	64.0
12.0	-16.0	58.0
8.0	-6.0	-8.0
12.0	-90.0	-16.0
-4.0	-88.0	-8.0
4.0	-94.0	-4.0
-14.0	-14.0	4.0
-10.0	-18.0	10.0
-2.0	-24.0	4.0
12.0	-18.0	12.0
10.0	-8.0	2.0
2.0	-28.0	30.0
20.0	56.0	30.0
-4.0	-44.0	12.0
6.0	-8.0	4.0
14.0	32.0	62.0
-48.0	-78.0	24.0
-36.0	-80.0	42.0
-36.0	-90.0	22.0
-18.0	-34.0	12.0
38.0	22.0	58.0
28.0	34.0	52.0
-58.0	-2.0	-26.0
-56.0	-16.0	-26.0
2.0	-20.0	70.0
0.0	-28.0	60.0
-58.0	-36.0	-4.0
-10.0	-14.0	12.0
10.0	52.0	24.0
-50.0	2.0	-34.0
-36.0	22.0	56.0
-44.0	20.0	48.0
2.0	-32.0	60.0
2.0	-22.0	68.0
-18.0	30.0	52.0
-4.0	-26.0	54.0
-12.0	-20.0	8.0
-8.0	-12.0	8.0
8.0	-8.0	4.0
-4.0	-50.0	32.0
12.0	-58.0	26.0
-30.0	-58.0	-26.0
-38.0	-58.0	-32.0
-48.0	-70.0	-30.0
-10.0	-4.0	-10.0
-10.0	-60.0	22.0
-14.0	-20.0	-14.0
-52.0	-36.0	-10.0
10.0	-16.0	-6.0
-26.0	-2.0	-18.0
-24.0	12.0	-20.0
8.0	-24.0	4.0
-8.0	-12.0	8.0
8.0	-8.0	4.0
4.0	-10.0	-14.0
20.0	-28.0	66.0
2.0	-20.0	70.0
28.0	-34.0	-32.0
26.0	-20.0	-30.0
46.0	-38.0	-24.0
6.0	-28.0	70.0

// Diwadkar VA, 2016: PMID 26462573-1
// Subjects=20
42.0	-63.0	-3.0
29.0	30.0	45.0
24.0	-18.0	-16.0
-30.0	-55.0	47.0

// Li CW, 2015: PMID 26499261-1
// Subjects=20
-30.0	28.0	-6.0
32.0	24.0	2.0
-14.0	10.0	-20.0
-30.0	-76.0	22.0
20.0	-54.0	-10.0
-62.0	-38.0	16.0
-44.0	-72.0	-4.0
-36.0	-10.0	-26.0
6.0	14.0	2.0
4.0	-84.0	6.0
-54.0	-50.0	18.0
36.0	-52.0	14.0
34.0	-64.0	26.0
-30.0	-52.0	-16.0
64.0	-40.0	14.0
-42.0	-14.0	-22.0
8.0	-22.0	-22.0
58.0	-64.0	0.0
-54.0	14.0	8.0
-6.0	-80.0	-14.0
10.0	46.0	-12.0
-12.0	0.0	-20.0
-60.0	-26.0	0.0
40.0	16.0	-6.0
-50.0	20.0	-6.0
-10.0	20.0	-8.0
56.0	-54.0	26.0
66.0	-24.0	-8.0
36.0	-38.0	16.0
-8.0	56.0	-12.0
-14.0	-56.0	20.0
-32.0	26.0	4.0
20.0	-6.0	-22.0
-2.0	-66.0	-10.0
-66.0	-12.0	2.0

// Cabral-Calderin Y, 2016: PMID 26503692-1
// Subjects=20
-35.5	55.9	-8.4
6.8	-63.1	17.9
-32.1	15.2	1.7
35.2	34.4	-4.0
-16.0	51.5	15.2
-47.7	-69.5	22.4
58.1	-69.1	17.8
17.2	1.1	6.8
36.8	-47.3	40.7
-43.2	-52.8	58.8
-2.2	21.9	-11.5
-1.8	-55.4	21.8
-37.6	54.2	-3.7
-37.1	-86.5	-6.4
26.6	48.2	-4.0
1.6	-24.2	52.6
48.1	12.8	4.3
44.8	54.0	0.9
52.7	17.0	45.2
-35.2	9.6	12.3
35.3	-26.9	-12.3
51.4	13.8	17.6
42.0	2.1	32.1
41.7	19.4	7.2
-2.8	12.9	51.8
51.9	-17.9	61.5
38.6	-78.4	-18.0
-44.7	-72.3	-14.2
48.3	4.8	25.1
60.9	9.4	1.1
41.6	24.9	-3.3
-25.4	18.1	38.2
-25.7	24.8	0.8
-47.5	-24.9	62.1

// Tseng A, 2016: PMID 26526072-1
// Subjects=20
30.0	-58.0	4.0
-18.0	62.0	10.0
24.0	62.0	10.0
18.0	8.0	70.0
12.0	-88.0	-5.0
-30.0	-52.0	37.0
9.0	-61.0	49.0
0.0	56.0	-8.0
-45.0	-55.0	58.0
18.0	-76.0	58.0
-30.0	-31.0	-26.0
-42.0	-73.0	-5.0
-3.0	26.0	-11.0
45.0	-73.0	-5.0
0.0	-58.0	19.0
-39.0	-13.0	10.0
9.0	-55.0	-38.0
0.0	20.0	58.0
-3.0	-52.0	-38.0
-36.0	53.0	13.0
12.0	-70.0	64.0
12.0	-97.0	4.0
-54.0	5.0	28.0
-9.0	-88.0	-8.0
54.0	20.0	1.0
27.0	62.0	19.0
51.0	41.0	16.0
30.0	-76.0	52.0
39.0	56.0	4.0
12.0	11.0	46.0
57.0	11.0	34.0
-44.0	-46.0	48.0
-60.0	-7.0	13.0
21.0	41.0	49.0
-60.0	-4.0	19.0
-54.0	20.0	13.0
39.0	-28.0	67.0
-6.0	47.0	25.0
-6.0	-61.0	-20.0
-21.0	20.0	58.0
-51.0	20.0	13.0
-21.0	2.0	7.0
12.0	44.0	16.0
-60.0	-10.0	-17.0
-6.0	-85.0	34.0
63.0	-55.0	7.0
-15.0	-85.0	-8.0
-6.0	17.0	43.0
54.0	-67.0	-8.0
30.0	-31.0	67.0
51.0	-10.0	52.0
54.0	-40.0	13.0
-39.0	5.0	37.0
21.0	-85.0	46.0
-42.0	-55.0	61.0
27.0	32.0	-11.0
30.0	44.0	46.0
-39.0	-31.0	-14.0
27.0	-40.0	1.0
-9.0	35.0	-5.0
-15.0	-55.0	10.0
39.0	-22.0	-23.0
-3.0	20.0	-2.0
-48.0	41.0	1.0
-36.0	44.0	28.0
36.0	35.0	22.0
-3.0	-88.0	-5.0
15.0	8.0	16.0
36.0	26.0	-2.0
39.0	-19.0	22.0
3.0	59.0	10.0
-51.0	-49.0	55.0
12.0	-22.0	34.0
-9.0	11.0	40.0
48.0	20.0	34.0
27.0	-1.0	-17.0
21.0	-28.0	-5.0
18.0	14.0	13.0
57.0	26.0	16.0
12.0	50.0	49.0
-24.0	38.0	46.0
-48.0	41.0	-5.0
-9.0	26.0	28.0
-6.0	-19.0	34.0
-6.0	-79.0	43.0
18.0	-34.0	10.0
0.0	29.0	43.0
24.0	-16.0	-14.0
39.0	5.0	43.0
45.0	-40.0	40.0
63.0	-13.0	31.0
-48.0	-40.0	43.0
24.0	-70.0	49.0
-33.0	23.0	10.0
45.0	14.0	34.0
15.0	53.0	1.0
63.0	-55.0	-2.0
27.0	5.0	55.0
36.0	-82.0	34.0

// Fan YT, 2015: PMID 26557065-1
// Subjects=20
48.0	-60.0	-18.0
54.0	-12.0	48.0
18.0	-48.0	-6.0
6.0	60.0	6.0
-45.0	3.0	24.0
24.0	-45.0	30.0
36.0	-57.0	66.0
-6.0	6.0	33.0
18.0	27.0	63.0
-54.0	-15.0	0.0
-36.0	-15.0	60.0
-9.0	63.0	3.0
51.0	-3.0	3.0
-21.0	18.0	9.0
24.0	-42.0	15.0
-45.0	33.0	9.0
33.0	-57.0	39.0
42.0	-15.0	39.0
18.0	-48.0	57.0
12.0	57.0	-9.0
3.0	-39.0	9.0
-36.0	-51.0	-12.0
45.0	-60.0	0.0
45.0	-57.0	18.0
-6.0	-48.0	3.0
-48.0	15.0	-21.0
-39.0	-18.0	21.0
-57.0	-54.0	9.0
-39.0	-42.0	39.0
-30.0	42.0	6.0
-51.0	-36.0	-18.0
-2.0	-27.0	30.0
-12.0	-57.0	42.0
-21.0	57.0	-6.0
51.0	-45.0	33.0
-30.0	15.0	-12.0
39.0	57.0	15.0
48.0	21.0	18.0
-48.0	-15.0	-33.0
-48.0	15.0	-21.0
6.0	-6.0	3.0
-30.0	-36.0	-33.0
-3.0	42.0	39.0
48.0	-39.0	-18.0
21.0	-75.0	-24.0
18.0	-9.0	57.0
24.0	57.0	36.0
33.0	-60.0	-9.0
-21.0	-3.0	27.0
-45.0	-66.0	3.0
6.0	27.0	66.0
-15.0	21.0	6.0
-12.0	-51.0	30.0
-6.0	-15.0	15.0
30.0	-9.0	0.0
-18.0	-6.0	21.0
9.0	51.0	48.0
27.0	-66.0	15.0
33.0	-57.0	-9.0
51.0	-12.0	51.0
-54.0	-12.0	54.0
-12.0	-39.0	-6.0
-48.0	-6.0	-6.0
27.0	-33.0	-6.0
9.0	-51.0	69.0
6.0	18.0	57.0
-54.0	-75.0	6.0
0.0	48.0	15.0
33.0	18.0	-12.0
-36.0	-3.0	42.0
63.0	-3.0	9.0
-24.0	9.0	33.0
39.0	-3.0	54.0
63.0	-66.0	6.0
-21.0	-27.0	15.0
18.0	-3.0	27.0
-33.0	30.0	12.0
45.0	36.0	-15.0
-15.0	42.0	-21.0
15.0	-60.0	-21.0
-12.0	-66.0	-18.0
12.0	36.0	-18.0
15.0	-36.0	9.0
-21.0	-42.0	57.0
-45.0	-66.0	6.0
18.0	-39.0	60.0
-36.0	-15.0	60.0
48.0	-3.0	6.0
63.0	-33.0	12.0
-24.0	-54.0	12.0
21.0	-72.0	-24.0

// Simard I, 2015: PMID 26594629-1
// Subjects=20
56.0	32.0	12.0
-34.0	44.0	-8.0
-64.0	-26.0	6.0
48.0	-12.0	-30.0
52.0	-12.0	-28.0
36.0	-32.0	12.0
62.0	-10.0	-2.0
56.0	-2.0	-6.0
-66.0	-40.0	18.0
40.0	10.0	-28.0
-38.0	-26.0	6.0
-64.0	-22.0	4.0
20.0	-14.0	10.0
-52.0	-28.0	-8.0
-54.0	-10.0	-12.0
-58.0	-38.0	-10.0
64.0	-48.0	12.0
10.0	64.0	8.0
-58.0	-26.0	-8.0
56.0	-38.0	-8.0
-62.0	-20.0	-12.0
66.0	-40.0	-4.0
48.0	14.0	32.0
-12.0	-12.0	6.0
-16.0	-34.0	44.0
-66.0	-32.0	20.0
48.0	-32.0	10.0
-34.0	24.0	28.0
14.0	-38.0	-28.0
-6.0	-50.0	-10.0
28.0	-64.0	-30.0
26.0	-60.0	-32.0
12.0	-78.0	-26.0
50.0	-52.0	-40.0
8.0	-24.0	-2.0
16.0	-22.0	0.0
22.0	-18.0	2.0
18.0	12.0	0.0
-38.0	-70.0	-18.0
22.0	-8.0	0.0
12.0	4.0	-6.0
-62.0	-38.0	6.0
-64.0	-48.0	20.0
42.0	12.0	-26.0
34.0	-72.0	-12.0
-28.0	-2.0	-38.0
-50.0	-50.0	44.0
8.0	62.0	4.0
26.0	22.0	62.0
-52.0	-44.0	50.0
-38.0	46.0	-6.0
-12.0	10.0	-4.0
-18.0	-12.0	-2.0
-44.0	20.0	22.0
30.0	-72.0	22.0
22.0	-76.0	26.0
10.0	-70.0	4.0
8.0	-74.0	4.0
22.0	-72.0	8.0
26.0	-54.0	-8.0
-2.0	-80.0	10.0
-16.0	14.0	16.0
-18.0	54.0	42.0
-18.0	10.0	22.0
-36.0	36.0	46.0
-56.0	0.0	-14.0
-10.0	58.0	42.0
-56.0	-36.0	-12.0
-68.0	-38.0	4.0
-56.0	-2.0	-18.0
44.0	-88.0	8.0
20.0	-62.0	70.0
62.0	-58.0	-6.0
-34.0	40.0	44.0
-18.0	50.0	42.0
-16.0	-84.0	38.0
-48.0	-20.0	-6.0
22.0	-50.0	2.0
-16.0	-88.0	24.0
44.0	-18.0	52.0
28.0	-22.0	76.0
16.0	-20.0	72.0
-30.0	-12.0	-4.0
-26.0	-34.0	-34.0
6.0	-50.0	-48.0
-30.0	-36.0	-36.0
44.0	-70.0	-36.0
-18.0	-52.0	-22.0
-12.0	-50.0	-20.0
28.0	-62.0	-28.0
-22.0	-50.0	-30.0
28.0	2.0	-16.0
28.0	-56.0	-46.0
-36.0	-48.0	-46.0
46.0	-50.0	-40.0
36.0	-72.0	-44.0
-16.0	-74.0	-30.0
32.0	-76.0	-38.0
40.0	-70.0	-36.0
-12.0	34.0	46.0
6.0	-76.0	16.0
-30.0	-72.0	-38.0
40.0	8.0	30.0
-62.0	-32.0	2.0
-34.0	4.0	54.0
2.0	-20.0	70.0
10.0	-20.0	60.0
-36.0	-12.0	44.0
32.0	-16.0	46.0
-38.0	-4.0	40.0
18.0	32.0	34.0
-32.0	10.0	34.0
12.0	2.0	36.0
-42.0	20.0	34.0
-52.0	20.0	24.0
-6.0	-30.0	60.0
-22.0	-90.0	20.0
6.0	-22.0	-8.0
-4.0	-22.0	-10.0
-16.0	-2.0	0.0
16.0	-2.0	0.0
18.0	-66.0	58.0
50.0	28.0	34.0
36.0	60.0	8.0
2.0	-54.0	-38.0
4.0	-38.0	58.0
54.0	-36.0	-14.0
-16.0	-82.0	26.0
0.0	-70.0	-30.0
-6.0	-42.0	60.0
-32.0	10.0	34.0
8.0	0.0	68.0
-32.0	32.0	0.0
48.0	18.0	-14.0
-36.0	30.0	0.0
42.0	30.0	2.0
-40.0	24.0	-14.0
-22.0	54.0	4.0
16.0	24.0	56.0
10.0	-38.0	80.0
14.0	-74.0	16.0
-2.0	-58.0	38.0
42.0	-20.0	46.0
30.0	28.0	48.0
26.0	30.0	38.0
-38.0	56.0	4.0
28.0	-56.0	0.0
-26.0	-50.0	0.0
4.0	-88.0	22.0
-4.0	-92.0	26.0
-14.0	-98.0	24.0
24.0	-60.0	20.0
2.0	-56.0	54.0
24.0	-16.0	78.0
18.0	-16.0	22.0
-58.0	-44.0	24.0
-40.0	-70.0	-22.0
30.0	-76.0	-44.0
28.0	-62.0	-34.0
-10.0	-44.0	-24.0
-2.0	-46.0	-14.0
30.0	-18.0	8.0
-12.0	0.0	-6.0
-14.0	4.0	-2.0
20.0	2.0	18.0
20.0	-14.0	20.0
-44.0	-54.0	44.0
26.0	4.0	46.0
-4.0	-64.0	-36.0
-36.0	-62.0	52.0
12.0	-58.0	42.0
12.0	-36.0	78.0
38.0	-66.0	42.0
-16.0	-28.0	80.0
46.0	40.0	22.0
46.0	34.0	28.0
28.0	8.0	70.0
22.0	6.0	46.0
-34.0	-46.0	-50.0
-12.0	-4.0	18.0
-38.0	-50.0	40.0
30.0	-62.0	-34.0
12.0	6.0	36.0
32.0	-8.0	-18.0
-32.0	-24.0	14.0
10.0	-78.0	2.0
-48.0	-20.0	-4.0
24.0	-10.0	58.0
-30.0	10.0	32.0
16.0	0.0	-24.0
28.0	-18.0	-16.0
-32.0	-70.0	-18.0
0.0	-70.0	-30.0
16.0	-8.0	22.0
12.0	-40.0	-12.0
8.0	16.0	30.0
4.0	-60.0	16.0
6.0	-78.0	40.0
14.0	-32.0	-14.0
-6.0	-38.0	14.0
10.0	-88.0	24.0
-24.0	-80.0	-26.0
-40.0	-70.0	-20.0
-32.0	-56.0	-44.0

// Kim SY, 2016: PMID 26673115-1
// Subjects=20
-6.0	-30.0	44.0
34.0	26.0	2.0
-20.0	2.0	14.0
-40.0	-82.0	-10.0
-28.0	28.0	-2.0
-6.0	-56.0	-14.0
-28.0	-62.0	46.0
-54.0	-32.0	-8.0
-46.0	-66.0	-12.0
16.0	-88.0	-8.0
-50.0	10.0	30.0
30.0	28.0	-2.0
-4.0	20.0	48.0
36.0	20.0	44.0
30.0	-58.0	46.0
-26.0	-2.0	58.0
-12.0	-66.0	6.0
-18.0	8.0	0.0
22.0	-30.0	-2.0
-46.0	-62.0	-10.0
24.0	-92.0	2.0
30.0	-58.0	46.0
16.0	-88.0	-8.0
-32.0	-84.0	2.0
-34.0	20.0	-2.0
-4.0	16.0	52.0
40.0	32.0	22.0
-34.0	54.0	-8.0
-26.0	30.0	40.0
62.0	-14.0	-18.0
-26.0	-62.0	46.0
-50.0	-50.0	-20.0
-50.0	-38.0	8.0
20.0	-50.0	42.0
-14.0	-34.0	-4.0
-50.0	-6.0	50.0
-4.0	22.0	50.0
24.0	-4.0	48.0
-28.0	0.0	68.0
-30.0	-58.0	42.0
-46.0	12.0	32.0
46.0	-80.0	2.0
18.0	-92.0	0.0
-46.0	10.0	24.0
-40.0	-32.0	8.0
-2.0	14.0	52.0
38.0	-42.0	-20.0
16.0	-72.0	10.0
22.0	-94.0	-2.0
-24.0	-8.0	52.0
-54.0	-40.0	8.0
22.0	-14.0	-18.0
-16.0	10.0	-2.0
-52.0	-62.0	42.0
-34.0	12.0	-18.0
-20.0	8.0	2.0
30.0	30.0	-2.0
-50.0	32.0	16.0
-28.0	-2.0	54.0
-44.0	-54.0	22.0
42.0	-72.0	38.0
-10.0	-58.0	32.0
-16.0	56.0	34.0
-8.0	48.0	0.0
34.0	22.0	50.0
64.0	-28.0	38.0
48.0	18.0	10.0
24.0	-92.0	-10.0
-46.0	-62.0	-8.0
68.0	-42.0	0.0
54.0	4.0	32.0
14.0	-44.0	-10.0
-2.0	24.0	44.0
2.0	54.0	2.0
52.0	12.0	26.0
-48.0	2.0	50.0
-52.0	12.0	12.0
-12.0	-44.0	34.0
34.0	-24.0	10.0
-44.0	-14.0	0.0
-14.0	-4.0	-18.0
16.0	-8.0	-20.0
20.0	36.0	36.0
64.0	-22.0	20.0
-60.0	-44.0	44.0
38.0	22.0	-6.0
56.0	-42.0	24.0
14.0	52.0	30.0
36.0	-40.0	-22.0
-50.0	-66.0	-12.0
-50.0	10.0	30.0
-6.0	18.0	54.0
40.0	30.0	20.0
-30.0	-4.0	50.0
32.0	-52.0	38.0
62.0	-42.0	2.0
-62.0	-18.0	30.0
-64.0	-18.0	-14.0
36.0	-42.0	-18.0
24.0	28.0	42.0
-4.0	12.0	52.0
-52.0	-4.0	48.0
-52.0	10.0	-14.0
-46.0	40.0	6.0
-28.0	-62.0	46.0
22.0	-92.0	-8.0
60.0	14.0	16.0
46.0	-80.0	0.0
12.0	-62.0	-4.0
-48.0	-62.0	-12.0
-54.0	10.0	18.0
-46.0	48.0	-4.0
50.0	8.0	50.0
-38.0	-70.0	36.0
24.0	-94.0	-10.0
-54.0	12.0	22.0
-4.0	16.0	52.0
-20.0	-88.0	-2.0
-14.0	-98.0	-4.0
-28.0	-62.0	44.0
6.0	-50.0	34.0
-46.0	-60.0	-8.0
-54.0	12.0	22.0
-42.0	36.0	6.0
26.0	-58.0	46.0
-26.0	28.0	-6.0
50.0	-62.0	-18.0
-28.0	-64.0	46.0
10.0	-86.0	28.0
-58.0	-28.0	6.0
-34.0	12.0	-16.0
-44.0	-38.0	38.0
-42.0	32.0	14.0
-38.0	-42.0	38.0

// Alonso I, 2016: PMID 26706449-1
// Subjects=20
56.0	0.0	46.0
-42.0	-66.0	-26.0
-8.0	-74.0	-14.0
28.0	-64.0	6.0
-20.0	-72.0	6.0
64.0	-4.0	-2.0
6.0	2.0	66.0
-66.0	-22.0	8.0
30.0	-64.0	-52.0
56.0	32.0	2.0
-48.0	-44.0	52.0
20.0	-6.0	24.0
22.0	40.0	34.0
-28.0	32.0	30.0
-64.0	-18.0	20.0
-48.0	-4.0	-16.0
-66.0	-28.0	2.0
-2.0	-52.0	-44.0
46.0	-22.0	-12.0
-6.0	14.0	-2.0
44.0	24.0	-10.0
-20.0	2.0	8.0
30.0	-18.0	-12.0
48.0	38.0	28.0
-46.0	34.0	4.0
-22.0	-70.0	-58.0
8.0	-46.0	-12.0
-48.0	-16.0	-12.0
6.0	-42.0	-10.0
0.0	42.0	-10.0
2.0	62.0	14.0
-52.0	-4.0	16.0
-44.0	34.0	-2.0
-6.0	12.0	-2.0
-4.0	38.0	4.0
-62.0	-48.0	36.0
-2.0	52.0	16.0
34.0	-70.0	-8.0
-14.0	-32.0	-16.0
10.0	10.0	-10.0
-4.0	-64.0	-10.0
18.0	-38.0	-42.0
-56.0	-4.0	-22.0
-38.0	-12.0	-4.0
-6.0	40.0	6.0
-4.0	30.0	14.0
-14.0	-30.0	-14.0
24.0	-74.0	-14.0
26.0	-56.0	-12.0
32.0	-20.0	-12.0
6.0	-42.0	-10.0
-60.0	-8.0	-22.0
-12.0	26.0	60.0
24.0	-84.0	-38.0

// Keehn B, 2016: PMID 26708773-1
// Subjects=20
9.9	16.2	38.0
35.3	20.4	7.2
-42.8	31.8	-2.9
45.4	-71.6	28.2
-7.0	-55.0	40.8
-29.8	11.0	15.4
-7.6	54.8	1.5
-3.9	7.6	52.2
-42.2	-65.0	38.7
-48.6	-22.0	58.6
-16.7	17.1	51.6
-29.9	20.0	8.0
10.0	-17.4	30.7
54.8	13.3	37.7
22.5	-29.7	-6.3
28.9	-56.1	-17.5
48.6	-35.1	45.2
-1.1	-44.1	-24.9
-29.4	-75.5	26.0
51.7	-45.9	29.3
48.6	-35.1	45.2
54.6	4.6	8.3
45.1	38.4	32.3
54.9	-46.4	22.6
35.3	20.1	3.9
-7.6	-55.2	-44.0

// Makovac E, 2016: PMID 26759791-1
// Subjects=20
32.0	-2.0	-26.0
-20.0	0.0	-26.0
30.0	-6.0	-24.0
8.0	42.0	-20.0
-54.0	-22.0	53.0
-56.0	-20.0	36.0
-54.0	-42.0	32.0
40.0	-16.0	2.0
52.0	-6.0	52.0
38.0	-34.0	44.0
58.0	2.0	12.0
-28.0	-8.0	-10.0
6.0	26.0	24.0
66.0	-30.0	20.0
56.0	-6.0	16.0
-48.0	2.0	-8.0
-42.0	22.0	0.0
-42.0	4.0	8.0
-28.0	26.0	-4.0
-36.0	18.0	0.0
8.0	26.0	42.0
-4.0	26.0	32.0

// Iannilli E, 2016: PMID 26765332-1
// Subjects=20
42.0	-45.0	45.0
-34.0	-62.0	28.0
48.0	-22.0	18.0
-30.0	-64.0	57.0
12.0	-42.0	52.0
33.0	10.0	46.0
33.0	-28.0	-14.0
-36.0	-24.0	10.0
-40.0	29.0	21.0
9.0	-48.0	45.0
36.0	51.0	7.0
40.0	-4.0	-8.0
-21.0	-52.0	-23.0
3.0	-32.0	29.0
3.0	-34.0	44.0
-46.0	22.0	19.0

// Okada K, 2016: PMID 26796716-1
// Subjects=20
-27.9	-61.1	-49.9
-45.0	42.5	-2.7
-51.4	20.9	-5.2
55.4	35.9	-14.4
-68.0	-29.6	30.4
-10.7	-22.5	-19.9
34.2	-15.4	-14.3
51.8	-51.1	44.2
-33.7	-52.2	38.6

// Geng H, 2015: PMID 26834594-1
// Subjects=20
-53.5	-16.6	-22.1
7.7	-69.6	-11.7
-37.4	-35.5	-20.7
-11.4	-60.8	21.2
20.2	-55.7	-39.8
-21.3	-84.0	-30.2
30.0	-87.1	-33.9
-37.3	-61.1	-21.9
-24.5	-90.6	-33.0
40.0	2.3	48.8
14.2	13.8	34.8
-17.6	-98.7	27.8
17.5	-11.3	40.2
56.1	-12.4	63.2
-8.4	-76.3	-14.3
14.0	32.1	23.2
-30.7	-78.8	-3.8
17.4	10.9	38.3
61.9	34.0	2.4
-24.5	-84.0	-30.2
17.3	-36.3	5.5
-20.8	-95.2	30.9
-24.5	-87.2	-29.9
-50.4	2.2	-27.1
36.3	10.9	-5.4
55.5	26.9	-7.0
17.3	16.8	31.1
-43.6	-27.1	5.4
23.7	-13.3	13.5
-2.3	55.1	-8.7
-8.7	55.3	-5.3
-4.9	15.0	51.6
-43.4	1.6	46.5
39.9	5.3	45.2
-17.8	-18.1	37.8
17.3	20.0	30.9
55.5	26.9	-7.0
17.3	19.7	27.5
-14.9	64.2	27.5
59.3	-12.6	59.9
-11.7	61.3	31.1

// Labrenz F, 2016: PMID 26854560-1
// Subjects=20
-44.0	-38.0	62.0
-8.0	58.0	-14.0
-48.0	42.0	2.0
-26.0	16.0	-24.0
10.0	-26.0	10.0
40.0	4.0	-6.0
-40.0	-4.0	0.0
12.0	-26.0	6.0
22.0	-10.0	-18.0
26.0	0.0	-24.0
10.0	6.0	36.0
56.0	-16.0	18.0
-16.0	24.0	-16.0
-14.0	-40.0	6.0
-52.0	-28.0	52.0
-12.0	-26.0	8.0
12.0	-34.0	72.0
-10.0	-24.0	36.0
-6.0	22.0	8.0
4.0	-16.0	-2.0
8.0	-74.0	44.0
-6.0	-78.0	40.0
42.0	20.0	26.0
-34.0	26.0	2.0
12.0	-54.0	8.0
16.0	-40.0	-6.0
-20.0	-42.0	-8.0
34.0	-42.0	72.0
-4.0	-20.0	-2.0
38.0	28.0	-2.0
4.0	-18.0	-6.0
12.0	-62.0	8.0
-18.0	-46.0	-2.0
-36.0	-52.0	56.0
8.0	-40.0	54.0
-2.0	-18.0	-6.0

// Hillenbrand SF, 2016: PMID 26944859-1
// Subjects=20
19.0	-25.0	-28.0
2.0	-42.0	-10.0
27.0	-20.0	-26.0
22.0	-27.0	-28.0
16.0	-32.0	-26.0
7.0	-56.0	-13.0
28.0	-13.0	-19.0
25.0	-61.0	-19.0
16.0	-43.0	-27.0
4.0	-30.0	-11.0
28.0	-42.0	-28.0

// Zotev V, 2016: PMID 26958462-1
// Subjects=20
-17.2	-3.5	-21.4
-18.9	31.4	44.8
34.0	13.6	-25.7
-34.4	9.1	-22.3
4.3	50.5	14.0
8.7	-42.0	1.6
-59.9	-3.6	-18.7
55.5	2.0	-11.6
51.7	-63.4	23.0
25.9	35.2	35.1
-12.9	67.3	12.7
-55.1	-63.9	26.5
-34.3	24.8	-12.4
-10.5	35.2	37.7
44.7	2.5	-31.6
2.7	-69.4	32.9
-9.8	46.6	-7.9
-6.2	-83.1	-5.9
6.6	-20.5	4.3
-36.1	-19.7	18.1
-42.6	-16.4	6.7
-17.2	-7.3	-15.5
17.1	-2.3	-8.5
23.4	-2.7	-15.3
3.1	-0.6	-14.1
29.9	-28.2	-15.4
21.2	-1.3	-24.3
34.1	-11.6	-21.3
-8.7	40.4	-5.1

// Cai S, 2017: PMID 26972578-1
// Subjects=20
6.0	-18.0	14.0
12.0	-1.0	51.0
-49.0	-19.0	-15.0
34.0	-54.0	60.0
-20.0	-68.0	51.0
-43.0	-81.0	6.0
37.0	-18.0	-15.0
30.0	-49.0	52.0
-28.0	-3.0	6.0
29.0	11.0	6.0
18.0	-38.0	1.0
-9.0	45.0	25.0

// Schmidt K, 2016: PMID 27015710-1
// Subjects=20
34.0	16.0	9.0
2.0	8.0	59.0
12.0	-18.0	9.0
8.0	-72.0	-19.0
50.0	-16.0	17.0
1.0	2.0	3.0
40.0	-78.0	7.0
40.0	-78.0	7.0
34.0	-32.0	-23.0
6.0	-30.0	-21.0
34.0	-58.0	-11.0
20.0	-60.0	45.0
38.0	-14.0	17.0
24.0	-36.0	-15.0
40.0	-20.0	19.0
22.0	-34.0	-5.0
38.0	-28.0	61.0
26.0	-54.0	-13.0
24.0	-6.0	-27.0
50.0	-66.0	-1.0
22.0	-6.0	-23.0
8.0	-54.0	7.0
-14.0	-34.0	-1.0
-10.0	-20.0	-21.0
26.0	2.0	-19.0
10.0	20.0	35.0

// Guerrero Arenas C, 2016: PMID 27066309-1
// Subjects=20
-41.0	-57.0	-13.0
-58.0	1.0	8.0
55.0	-42.0	22.0
-63.0	-26.0	22.0
-51.0	-2.0	0.0
35.0	-60.0	22.0
-47.0	36.0	1.0
-10.0	42.0	8.0
-30.0	-25.0	57.0
-48.0	8.0	-34.0
22.0	-76.0	22.0
-10.0	53.0	-13.0
24.0	57.0	1.0
-3.0	6.0	57.0
46.0	-24.0	57.0
41.0	-2.0	11.0
4.0	-56.0	22.0
39.0	-63.0	-6.0
36.0	-51.0	-20.0
-50.0	-71.0	8.0
-7.0	-67.0	-20.0
-47.0	-49.0	57.0
-43.0	-65.0	-27.0
48.0	24.0	-13.0
13.0	28.0	50.0
-20.0	-31.0	-27.0
-50.0	-52.0	-6.0
24.0	-3.0	50.0
56.0	-45.0	-13.0
21.0	-89.0	-13.0
5.0	36.0	-6.0
-5.0	63.0	15.0
-8.0	24.0	50.0
-23.0	-49.0	57.0
38.0	40.0	-13.0
-5.0	-46.0	57.0
47.0	0.0	-7.0
-28.0	-75.0	-41.0
3.0	-21.0	50.0
43.0	-33.0	50.0
32.0	-62.0	-6.0
15.0	-8.0	63.0
-7.0	-16.0	-21.0
-41.0	-59.0	-20.0
-36.0	-74.0	-13.0
3.0	-63.0	15.0
58.0	6.0	21.0
-27.0	5.0	43.0
-56.0	-33.0	-13.0
-17.0	18.0	43.0
-22.0	-78.0	-41.0
46.0	-2.0	-6.0
-38.0	-60.0	-27.0
40.0	-32.0	49.0
10.0	-27.0	1.0
7.0	-47.0	-56.0
-20.0	-31.0	-41.0
-32.0	-51.0	-13.0
35.0	-10.0	22.0
-28.0	-1.0	43.0
11.0	-70.0	22.0
10.0	-21.0	1.0
41.0	-63.0	-3.0
-20.0	17.0	44.0
51.0	13.0	22.0
-56.0	10.0	-20.0
51.0	-48.0	22.0
-39.0	-13.0	-20.0
58.0	-19.0	-20.0
37.0	-79.0	1.0
30.0	-12.0	-15.0
49.0	18.0	-13.0
35.0	13.0	50.0
-21.0	52.0	8.0
16.0	20.0	57.0
16.0	-10.0	64.0
-21.0	-30.0	-34.0
-4.0	-66.0	-27.0
33.0	-13.0	21.0
3.0	-80.0	29.0

// Geng J, 2016: PMID 27085513-1
// Subjects=20
-58.3	-43.1	34.8
21.3	-11.7	-21.2
58.7	4.8	-17.4
-40.7	11.8	-14.6
-40.7	10.6	-16.8
10.7	-43.8	-21.7
23.7	45.6	32.0
26.6	-36.9	-30.3
-19.1	34.6	31.2
-10.4	-77.5	-1.9
-31.9	-23.5	10.5
-15.8	7.5	24.5
-35.2	-38.8	-8.2
-56.9	18.4	-37.3
-40.1	-47.8	40.5
-51.5	52.8	-6.8
7.2	68.4	-16.6
69.9	-36.6	38.3
-42.6	6.5	13.7
48.2	9.0	10.2
-43.0	40.9	-22.6
21.7	33.2	49.8
-10.3	33.4	55.7
-18.7	-22.1	54.9
66.1	0.6	-31.6
-26.5	-30.8	11.1
34.2	-27.5	-20.0
32.7	-20.6	69.8
55.7	12.8	17.6
-3.1	63.9	36.3
69.7	-35.3	13.7

// Roberts RP, 2016: PMID 27101735-1
// Subjects=20
44.0	-20.0	20.0
-48.0	-32.0	-4.0
12.0	0.0	44.0
36.0	-36.0	-40.0
24.0	-60.0	40.0
-32.0	12.0	0.0
-52.0	4.0	16.0
64.0	-16.0	36.0
36.0	-32.0	40.0
-8.0	-28.0	44.0
60.0	-56.0	-4.0
-40.0	40.0	28.0
-52.0	-60.0	-44.0
52.0	-68.0	-24.0
12.0	-60.0	-48.0
-8.0	-44.0	-20.0
-20.0	36.0	-20.0
-44.0	-68.0	-52.0
-24.0	-24.0	56.0
52.0	-16.0	-8.0
-4.0	-48.0	44.0
16.0	4.0	-40.0
-12.0	20.0	-20.0
28.0	-12.0	-24.0
-24.0	-4.0	-44.0
-24.0	-20.0	-24.0
24.0	-28.0	-24.0
64.0	-12.0	-24.0
-52.0	-12.0	-16.0
48.0	-64.0	20.0
-48.0	-68.0	20.0
4.0	-56.0	12.0
-4.0	56.0	-8.0
-44.0	-60.0	52.0
-48.0	-76.0	0.0
-12.0	44.0	8.0
-60.0	-16.0	24.0
-64.0	-48.0	0.0
-4.0	32.0	40.0
8.0	-84.0	-16.0
-12.0	-96.0	24.0
-40.0	-36.0	36.0
40.0	-72.0	44.0
-28.0	20.0	-36.0
-64.0	-4.0	-20.0
12.0	-92.0	-4.0
16.0	-84.0	-12.0
-12.0	-44.0	60.0
-12.0	-56.0	-20.0
-12.0	-24.0	8.0
-48.0	24.0	0.0
-12.0	-68.0	-52.0
28.0	20.0	-24.0
16.0	-28.0	12.0
-8.0	-92.0	32.0
-20.0	40.0	-20.0
16.0	-92.0	28.0
8.0	-68.0	-52.0
-12.0	12.0	8.0
-8.0	-80.0	8.0
-40.0	40.0	24.0
8.0	-56.0	52.0
20.0	-76.0	4.0
4.0	-56.0	16.0
24.0	-76.0	-28.0
-40.0	48.0	8.0
-16.0	-12.0	-24.0
64.0	0.0	-20.0
8.0	36.0	20.0
-8.0	64.0	12.0
-24.0	-40.0	-12.0
28.0	32.0	48.0
-44.0	28.0	-4.0
4.0	48.0	-8.0
-28.0	-40.0	-12.0
-40.0	-48.0	-20.0
12.0	12.0	0.0
-24.0	16.0	0.0
48.0	-36.0	-28.0
4.0	-48.0	-48.0
-8.0	-48.0	-44.0
36.0	24.0	-32.0
28.0	-88.0	-40.0
-28.0	-80.0	-40.0
64.0	-8.0	-20.0
-36.0	-44.0	44.0
-36.0	28.0	-20.0
52.0	-68.0	20.0
36.0	-88.0	4.0
-4.0	56.0	4.0
16.0	40.0	-24.0
4.0	-52.0	8.0
16.0	-20.0	36.0
32.0	32.0	-16.0
60.0	4.0	12.0
20.0	-52.0	-12.0
36.0	-84.0	24.0
-28.0	44.0	24.0
-40.0	44.0	-20.0
28.0	0.0	56.0
-44.0	-76.0	28.0
48.0	-32.0	48.0
32.0	8.0	-48.0
36.0	-76.0	-20.0
4.0	-56.0	-36.0
-32.0	-8.0	-40.0
16.0	20.0	-8.0
40.0	-20.0	8.0
-40.0	-8.0	-48.0
48.0	12.0	-20.0

// Ann HW, 2016: PMID 27104345-1
// Subjects=20
51.0	9.0	27.0
60.0	9.0	-6.0
42.0	-36.0	-30.0
60.0	9.0	-6.0
18.0	45.0	27.0
57.0	-57.0	36.0
-21.0	48.0	-18.0
69.0	-27.0	12.0
-51.0	0.0	-6.0
-6.0	63.0	-9.0
-15.0	-87.0	-15.0
27.0	-18.0	-15.0
6.0	-48.0	12.0
15.0	-60.0	30.0
3.0	63.0	30.0
24.0	63.0	0.0
27.0	-18.0	-18.0
63.0	-15.0	-15.0
57.0	-57.0	36.0
-48.0	-57.0	-39.0
-51.0	-21.0	-12.0
12.0	-60.0	27.0
51.0	9.0	27.0
18.0	45.0	27.0
69.0	-12.0	-9.0
6.0	60.0	-6.0

// Liu Y, 2016: PMID 27173761-1
// Subjects=20
-45.0	-37.0	49.0
-6.0	14.0	46.0
-6.0	17.0	49.0
-15.0	11.0	10.0
27.0	8.0	10.0
6.0	8.0	31.0
6.0	8.0	31.0
48.0	38.0	-8.0
48.0	41.0	-8.0
-42.0	56.0	-5.0
-48.0	23.0	-5.0
-48.0	26.0	-5.0
-6.0	35.0	34.0
60.0	-22.0	-11.0
-18.0	-85.0	22.0
48.0	-25.0	55.0
30.0	-16.0	-14.0
21.0	17.0	-20.0
6.0	-49.0	52.0
6.0	29.0	25.0
-39.0	-76.0	34.0
24.0	-79.0	-2.0
-33.0	-13.0	64.0
-36.0	-31.0	67.0
39.0	-16.0	67.0
39.0	-13.0	67.0
48.0	-25.0	58.0

// Michalowski JM, 2017: PMID 27194564-1
// Subjects=20
-24.0	-62.0	0.0
30.0	50.0	21.0
6.0	-39.0	71.0
9.0	-36.0	51.0
47.0	-35.0	3.0
-20.0	-27.0	-20.0
23.0	-14.0	66.0
-47.0	-38.0	29.0
50.0	27.0	-3.0
-29.0	36.0	-12.0
-20.0	-35.0	65.0
-27.0	32.0	30.0
-32.0	-86.0	-12.0
-45.0	-57.0	47.0
-47.0	44.0	15.0
-56.0	11.0	38.0
62.0	-53.0	-2.0
-5.0	-66.0	60.0
-2.0	2.0	27.0
-24.0	14.0	65.0
47.0	-5.0	-23.0
18.0	-2.0	68.0
-29.0	-56.0	42.0
65.0	-27.0	45.0
-53.0	-39.0	32.0
-14.0	-5.0	68.0
-38.0	-63.0	32.0
-39.0	-3.0	62.0
-27.0	2.0	-23.0
35.0	-75.0	-17.0
29.0	2.0	-14.0
27.0	-9.0	-21.0
-35.0	-15.0	-18.0
14.0	60.0	24.0
23.0	-14.0	66.0
-23.0	38.0	36.0
-32.0	-6.0	66.0
-30.0	-5.0	65.0
42.0	-5.0	62.0
-27.0	32.0	30.0
12.0	20.0	29.0
0.0	11.0	30.0
30.0	50.0	21.0
30.0	-39.0	-5.0
-12.0	-39.0	3.0
-50.0	15.0	-3.0
-2.0	2.0	27.0
18.0	-2.0	68.0
-48.0	42.0	14.0
-47.0	44.0	15.0
-51.0	12.0	39.0
47.0	23.0	-3.0
-15.0	-3.0	68.0
48.0	26.0	-5.0
-48.0	15.0	-6.0
50.0	27.0	-3.0
-35.0	35.0	26.0
-45.0	14.0	-2.0

// Lech RK, 2016: PMID 27233826-1
// Subjects=20
-20.0	-96.0	-6.0
-40.0	12.0	-16.0
14.0	-50.0	0.0
-10.0	4.0	18.0
2.0	-24.0	68.0
2.0	24.0	56.0
44.0	-48.0	-18.0
-52.0	28.0	16.0
-2.0	40.0	-4.0
-58.0	-12.0	30.0
2.0	34.0	50.0
0.0	46.0	32.0
50.0	-16.0	12.0
-44.0	-50.0	-20.0
20.0	-92.0	-6.0
-40.0	14.0	-14.0
42.0	14.0	-24.0
-40.0	12.0	16.0
34.0	10.0	-26.0
-46.0	13.0	-4.0
-42.0	-48.0	-22.0
-54.0	22.0	-6.0
54.0	-60.0	20.0
-54.0	20.0	-2.0
-42.0	-66.0	28.0
30.0	-24.0	-10.0
-50.0	-60.0	40.0
-2.0	-80.0	42.0
-16.0	-60.0	4.0
54.0	-60.0	20.0

// Lavoie MA, 2016: PMID 27236373-1
// Subjects=20
32.0	16.0	-28.0
-44.0	12.0	52.0
-14.0	10.0	14.0
-16.0	54.0	26.0
-42.0	10.0	32.0
-60.0	-4.0	-14.0
-52.0	-64.0	16.0
-64.0	-16.0	-10.0
36.0	18.0	-34.0
60.0	-16.0	-14.0
46.0	-60.0	8.0
-50.0	-60.0	24.0
52.0	-60.0	24.0
-22.0	-78.0	-36.0
32.0	-78.0	-36.0
58.0	-26.0	20.0
-2.0	-54.0	34.0
8.0	-56.0	32.0
-14.0	50.0	40.0
34.0	18.0	-32.0
-42.0	12.0	-26.0
58.0	-4.0	-20.0
54.0	-58.0	18.0
-40.0	8.0	-28.0
34.0	58.0	6.0
2.0	-56.0	24.0
26.0	-22.0	-18.0
-58.0	-8.0	-18.0
-62.0	-8.0	-14.0
-52.0	-64.0	18.0
-10.0	58.0	32.0
0.0	64.0	-4.0
52.0	-60.0	20.0
-50.0	-68.0	28.0
-50.0	-54.0	48.0
38.0	14.0	-34.0
-4.0	34.0	58.0
-42.0	24.0	40.0
42.0	24.0	42.0
14.0	12.0	12.0
-14.0	8.0	14.0
-66.0	-40.0	-4.0
60.0	-54.0	32.0
8.0	-58.0	28.0
0.0	-52.0	24.0
-36.0	54.0	10.0

// Posner J, 2016: PMID 27252633-1
// Subjects=20
-24.0	-34.0	-16.0
30.0	-36.0	-6.0
-28.0	0.0	-28.0
-2.0	38.0	-20.0
-4.0	-26.0	-8.0
-20.0	-42.0	-2.0
-30.0	0.0	-26.0
24.0	-36.0	-8.0

// Reilly J, 2016: PMID 27289210-1
// Subjects=20
-21.0	26.0	-11.0
-27.0	-40.0	-20.0
-15.0	-13.0	-23.0
-45.0	-43.0	1.0
-48.0	-61.0	16.0
60.0	-49.0	-8.0
-24.0	38.0	-11.0
30.0	-25.0	-20.0
18.0	-28.0	7.0
-27.0	-16.0	-8.0
24.0	32.0	-14.0
54.0	-1.0	-26.0
6.0	-22.0	4.0
15.0	-13.0	4.0
-51.0	-70.0	4.0
-36.0	-16.0	-2.0
-30.0	-31.0	-23.0
-9.0	-52.0	7.0
45.0	-61.0	13.0
60.0	-28.0	22.0
6.0	59.0	19.0
-48.0	-7.0	7.0
-39.0	-19.0	-2.0
-60.0	-4.0	13.0
-54.0	-31.0	13.0
-6.0	62.0	10.0
12.0	65.0	10.0
0.0	-58.0	10.0
6.0	-52.0	37.0
-9.0	-55.0	40.0
-45.0	-61.0	10.0
21.0	-61.0	16.0
-18.0	-58.0	7.0
60.0	-49.0	22.0
-60.0	-49.0	25.0
-42.0	-79.0	19.0
57.0	-1.0	-23.0
-36.0	17.0	-26.0
-45.0	-22.0	34.0
-36.0	-19.0	34.0
48.0	-10.0	34.0
-45.0	-13.0	-2.0
60.0	-10.0	28.0
-54.0	-19.0	1.0
-57.0	-25.0	7.0
-54.0	-34.0	10.0
-30.0	-61.0	-17.0
27.0	-76.0	-14.0
33.0	-58.0	-17.0
-51.0	-67.0	22.0
-60.0	-52.0	25.0
54.0	-46.0	-14.0
36.0	-13.0	34.0
-57.0	-1.0	-23.0
60.0	-19.0	4.0
-51.0	5.0	-32.0
6.0	50.0	-5.0
0.0	41.0	1.0
-3.0	65.0	7.0
-6.0	-55.0	37.0
6.0	-40.0	37.0
9.0	-49.0	40.0
57.0	-61.0	19.0
6.0	-55.0	13.0
48.0	-49.0	10.0
48.0	11.0	-29.0
51.0	-55.0	-11.0
27.0	-37.0	-14.0
27.0	-19.0	-20.0
48.0	-61.0	16.0

// Kepinska O, 2017: PMID 27305834-1
// Subjects=20
-54.0	-54.0	34.0
-6.0	8.0	62.0
26.0	-22.0	-16.0
0.0	36.0	40.0
-48.0	30.0	-10.0
54.0	-54.0	32.0
-54.0	-42.0	0.0
-18.0	54.0	34.0
64.0	-46.0	-8.0
0.0	-42.0	24.0
28.0	2.0	62.0
52.0	-62.0	38.0
-52.0	-58.0	34.0
-60.0	-30.0	0.0
66.0	-40.0	-4.0
-52.0	-58.0	30.0
56.0	-44.0	30.0

// Wagels L, 2017: PMID 27319001-1
// Subjects=20
-60.0	-4.0	-22.0
0.0	40.0	-8.0
38.0	-16.0	18.0
-12.0	-52.0	-18.0
44.0	-32.0	64.0
-44.0	-74.0	44.0
-58.0	30.0	6.0
-12.0	58.0	28.0
10.0	-34.0	54.0
2.0	-90.0	26.0
-42.0	-34.0	-10.0
-4.0	-38.0	42.0
-38.0	34.0	-18.0
52.0	-4.0	-28.0
28.0	-18.0	-20.0
-8.0	-48.0	20.0
-38.0	-12.0	20.0
-6.0	-76.0	34.0
6.0	-34.0	54.0
-46.0	-16.0	-4.0
-12.0	-82.0	-10.0
6.0	-42.0	40.0
0.0	-24.0	40.0
-44.0	-72.0	44.0
18.0	-36.0	68.0
-46.0	32.0	-18.0
-22.0	-32.0	-14.0
-56.0	30.0	6.0
-50.0	-10.0	-30.0
-68.0	-46.0	-12.0
40.0	-16.0	18.0
62.0	-14.0	-14.0
-62.0	-6.0	-14.0
-22.0	22.0	44.0
34.0	-26.0	52.0
0.0	62.0	24.0
-4.0	46.0	8.0
34.0	-62.0	40.0
24.0	-82.0	20.0
32.0	56.0	6.0
20.0	-80.0	-30.0
28.0	-54.0	-8.0
36.0	-26.0	52.0
40.0	-16.0	18.0
-48.0	-72.0	40.0
42.0	-48.0	38.0
53.0	32.0	10.0
-2.0	34.0	-14.0
-8.0	-48.0	22.0
-4.0	-38.0	42.0
34.0	36.0	-12.0
-22.0	-44.0	-22.0
10.0	-34.0	54.0
-58.0	30.0	6.0
-60.0	-4.0	-22.0
-38.0	34.0	-18.0
24.0	18.0	52.0
4.0	-48.0	76.0
2.0	24.0	42.0
10.0	16.0	30.0
18.0	46.0	28.0
-2.0	34.0	-14.0
62.0	-50.0	-18.0
-28.0	-82.0	20.0
-38.0	-50.0	38.0
18.0	0.0	16.0
-34.0	14.0	38.0
-64.0	-52.0	-12.0
-10.0	-82.0	-10.0
-34.0	-70.0	-32.0
-31.0	16.0	-2.0
-22.0	-98.0	6.0
30.0	14.0	-2.0

// Mellem MS, 2016: PMID 27329686-1
// Subjects=20
-55.6	-12.7	-13.5
-46.8	-40.3	1.0
-50.5	17.0	-28.3
-39.5	-43.7	-16.7
-50.4	21.2	-16.4
-55.5	30.6	9.6
-47.2	15.5	-21.5
-50.3	12.9	-13.5
-53.5	27.5	-2.4
46.8	12.6	-25.7
-30.0	-27.2	-23.7
55.6	-15.2	-14.6
-39.5	25.1	6.5
-15.6	-60.5	25.7
-17.9	-6.6	21.2
-29.9	-39.2	-13.8
-15.8	-19.7	16.7
48.9	17.0	-37.3
28.8	-14.0	-23.3

// Talanow T, 2016: PMID 27363008-1
// Subjects=20
-26.0	-64.0	48.0
-36.0	-4.0	36.0
38.0	-52.0	48.0
60.0	-46.0	34.0
32.0	-48.0	44.0
44.0	-30.0	20.0
40.0	-16.0	18.0
-34.0	-48.0	46.0
-4.0	30.0	-12.0
2.0	28.0	-18.0
-54.0	-24.0	10.0
-64.0	-20.0	10.0
-50.0	-14.0	2.0
30.0	-94.0	-4.0
-28.0	-90.0	-12.0
40.0	-16.0	6.0
-52.0	-20.0	-16.0
-4.0	38.0	-10.0
-36.0	-44.0	-12.0
-26.0	26.0	-16.0
58.0	-2.0	-12.0
-40.0	-54.0	54.0
58.0	-2.0	-22.0
0.0	44.0	-16.0
14.0	58.0	20.0
14.0	46.0	12.0
-36.0	20.0	54.0
-32.0	18.0	46.0
-30.0	14.0	60.0
34.0	-30.0	-12.0
-14.0	44.0	-10.0
-48.0	28.0	18.0
-42.0	36.0	14.0
-52.0	22.0	22.0
-8.0	6.0	54.0
-8.0	32.0	36.0
-8.0	20.0	42.0
54.0	-8.0	-16.0
40.0	-44.0	-14.0
34.0	-24.0	-20.0

// Meaux E, 2016: PMID 27393421-1
// Subjects=20
42.0	-52.0	-20.0
-42.0	-49.0	-23.0
42.0	-85.0	-11.0
54.0	-43.0	7.0
21.0	-7.0	-20.0
-36.0	-91.0	-13.0
12.0	-82.0	7.0
-12.0	-76.0	13.0
12.0	-73.0	-5.0
-54.0	-52.0	10.0
-18.0	-7.0	-17.0
21.0	-61.0	-11.0
-30.0	-22.0	67.0
9.0	23.0	49.0
-39.0	-16.0	58.0
-45.0	-34.0	46.0
-15.0	-67.0	-2.0
-51.0	11.0	28.0
57.0	14.0	28.0
-42.0	-25.0	22.0
-24.0	-55.0	55.0
18.0	-94.0	22.0
-27.0	-10.0	-5.0
-36.0	20.0	-2.0
-36.0	11.0	28.0
-21.0	-76.0	-11.0
12.0	-85.0	-5.0

// Petit O, 2016: PMID 27428267-1
// Subjects=20
0.0	-75.0	3.0
33.0	-66.0	33.0
30.0	-18.0	-12.0
-6.0	18.0	42.0
45.0	24.0	9.0
27.0	9.0	-9.0
27.0	30.0	0.0
54.0	-3.0	-15.0
-36.0	-51.0	-9.0
-30.0	42.0	6.0
3.0	45.0	0.0
-30.0	9.0	24.0
-33.0	-24.0	12.0
30.0	48.0	0.0
-48.0	3.0	24.0
-51.0	3.0	27.0
12.0	-3.0	63.0
-27.0	-18.0	9.0
-24.0	21.0	6.0
-15.0	-69.0	48.0
-27.0	-42.0	12.0
-9.0	-57.0	66.0
33.0	54.0	3.0
-21.0	57.0	9.0
24.0	30.0	27.0
36.0	12.0	-12.0
60.0	-39.0	27.0
-27.0	24.0	33.0
-42.0	-33.0	15.0
-27.0	-6.0	-9.0
36.0	-33.0	15.0
-18.0	6.0	69.0
39.0	-57.0	21.0
-36.0	21.0	3.0
45.0	-48.0	6.0
36.0	-27.0	57.0
30.0	42.0	15.0
-9.0	27.0	24.0
39.0	-48.0	36.0
0.0	-60.0	30.0

// Silvers JA, 2017: PMID 27445112-1
// Subjects=20
51.0	27.0	-3.0
51.0	-63.0	6.0
42.0	24.0	-15.0
45.0	-54.0	-15.0
45.0	3.0	30.0
54.0	15.0	39.0
-48.0	-72.0	6.0
54.0	33.0	6.0
39.0	0.0	42.0
57.0	-45.0	15.0
45.0	-45.0	15.0
27.0	-72.0	33.0
0.0	-54.0	-36.0
-15.0	-78.0	-30.0
45.0	-66.0	-9.0
42.0	-33.0	21.0
-9.0	-57.0	3.0
51.0	-3.0	3.0
39.0	-15.0	12.0
57.0	18.0	27.0
36.0	-24.0	3.0
-30.0	-48.0	-3.0
33.0	-42.0	-6.0
42.0	3.0	-9.0
-21.0	-33.0	-21.0
27.0	-51.0	0.0
57.0	-9.0	12.0
-12.0	-69.0	21.0
12.0	-57.0	6.0
12.0	-69.0	21.0
-6.0	-78.0	27.0
27.0	-36.0	-18.0
36.0	6.0	9.0
9.0	-69.0	0.0
-42.0	-33.0	39.0
-6.0	-87.0	18.0
-21.0	-57.0	-18.0
-54.0	15.0	24.0
-54.0	15.0	33.0
-48.0	3.0	33.0
-45.0	12.0	21.0
-30.0	-3.0	45.0
9.0	-69.0	-9.0
3.0	54.0	30.0
6.0	30.0	51.0
-9.0	18.0	45.0
-30.0	24.0	-3.0
-36.0	18.0	-21.0
-51.0	36.0	-9.0
27.0	-54.0	54.0
6.0	18.0	57.0
-6.0	-72.0	-6.0
-42.0	33.0	-6.0
30.0	-27.0	-3.0
33.0	-3.0	-18.0
-6.0	-33.0	-6.0
-3.0	-21.0	-15.0
6.0	-33.0	-6.0
6.0	-9.0	3.0
-9.0	-6.0	0.0
-9.0	-81.0	3.0
6.0	-15.0	12.0
12.0	9.0	6.0
-12.0	6.0	0.0
-60.0	-39.0	30.0
-27.0	-51.0	48.0
27.0	-48.0	45.0
12.0	3.0	15.0
30.0	-12.0	-15.0
-39.0	-51.0	-18.0
-51.0	12.0	30.0
9.0	-78.0	-39.0
42.0	-24.0	60.0
36.0	36.0	30.0
21.0	-30.0	57.0
39.0	45.0	21.0
-9.0	39.0	-9.0
12.0	36.0	-9.0
69.0	-27.0	-21.0
-21.0	27.0	33.0
-57.0	-6.0	3.0
-51.0	3.0	-6.0
-54.0	-15.0	12.0
-33.0	3.0	9.0
-36.0	-36.0	21.0
-30.0	-21.0	15.0
-42.0	-21.0	-6.0
-66.0	-24.0	6.0
-21.0	-30.0	57.0
-36.0	-21.0	3.0
-66.0	-45.0	-12.0
12.0	-36.0	39.0
-33.0	-18.0	42.0
-57.0	-36.0	-18.0
51.0	-12.0	48.0
-6.0	-36.0	36.0
6.0	6.0	36.0
30.0	39.0	21.0
6.0	-30.0	48.0
6.0	3.0	45.0
0.0	-3.0	60.0
9.0	-9.0	60.0
9.0	-42.0	63.0
-48.0	-12.0	48.0
-6.0	0.0	42.0
12.0	-15.0	42.0
0.0	30.0	-6.0
-3.0	30.0	3.0
-21.0	-9.0	-27.0
60.0	0.0	39.0
-18.0	-39.0	63.0
-36.0	-75.0	39.0
-45.0	-66.0	45.0
9.0	-75.0	-30.0
-42.0	-57.0	45.0
-39.0	-84.0	36.0
51.0	-66.0	39.0
39.0	-66.0	42.0
36.0	-18.0	42.0
-3.0	45.0	-9.0
-9.0	36.0	-9.0
3.0	30.0	3.0
0.0	33.0	18.0
-12.0	15.0	3.0
-18.0	-21.0	57.0
-6.0	6.0	-3.0
51.0	-51.0	45.0
-18.0	12.0	-9.0
-42.0	6.0	-18.0
30.0	-3.0	-24.0
-60.0	-24.0	0.0
-51.0	-18.0	-3.0
3.0	-57.0	-21.0
-27.0	-9.0	-15.0
-3.0	21.0	42.0
9.0	-48.0	-18.0
6.0	36.0	-12.0
3.0	48.0	-3.0
0.0	33.0	39.0
-24.0	18.0	51.0
9.0	-48.0	-18.0
-36.0	-39.0	33.0
9.0	9.0	-6.0

// Ran G, 2016: PMID 27445769-1
// Subjects=20
-66.0	-12.0	24.0
27.0	-99.0	3.0
22.0	-12.0	-15.0
-18.0	-12.0	-15.0
20.0	-10.0	-11.0
-16.0	-14.0	-16.0
30.0	-93.0	21.0
30.0	0.0	-18.0
-33.0	-87.0	-15.0
3.0	-27.0	27.0
48.0	27.0	6.0
21.0	-60.0	-6.0
24.0	-96.0	6.0
-45.0	-81.0	-3.0
48.0	21.0	30.0
-51.0	27.0	30.0
-27.0	24.0	3.0
12.0	-57.0	-3.0

// McAndrews MP, 2016: PMID 27449709-1
// Subjects=20
-24.0	-72.0	-16.0
16.0	-10.0	-22.0
-10.0	-92.0	4.0
-24.0	-74.0	-14.0
-10.0	-92.0	6.0
24.0	-76.0	-14.0
26.0	-74.0	-8.0
-10.0	-92.0	0.0
-24.0	-76.0	-12.0
48.0	-64.0	-8.0
-50.0	42.0	-6.0
24.0	-82.0	20.0
20.0	-6.0	-26.0

// Wagner IC, 2016: PMID 27466342-1
// Subjects=20
21.0	-39.0	-45.0
-48.0	-51.0	-12.0
63.0	-18.0	-3.0
-36.0	-87.0	-33.0
-30.0	33.0	33.0
-60.0	-48.0	45.0
3.0	-21.0	39.0
45.0	12.0	30.0
45.0	9.0	30.0
63.0	-51.0	36.0
-3.0	3.0	30.0
36.0	36.0	-15.0
-3.0	12.0	57.0
-39.0	30.0	-15.0
48.0	-45.0	36.0
-48.0	18.0	24.0
-27.0	30.0	51.0
-51.0	-27.0	-15.0
6.0	-36.0	39.0
21.0	45.0	18.0
-3.0	39.0	-21.0
-15.0	6.0	12.0
-42.0	3.0	27.0
-24.0	-36.0	-45.0
27.0	-90.0	6.0
-27.0	-51.0	-15.0
57.0	-39.0	-15.0
54.0	15.0	39.0
-6.0	36.0	0.0
39.0	-15.0	39.0
33.0	-42.0	-9.0
-36.0	-14.0	48.0
9.0	-21.0	45.0
-12.0	-54.0	-24.0
33.0	-18.0	-12.0
36.0	-15.0	21.0
57.0	-69.0	3.0
6.0	-78.0	12.0
24.0	-36.0	-21.0
-39.0	-42.0	51.0
-51.0	-69.0	6.0
-3.0	15.0	48.0
12.0	9.0	-12.0
-15.0	6.0	-15.0
36.0	-30.0	42.0
18.0	-96.0	0.0
-24.0	36.0	-12.0
-6.0	-51.0	30.0
-27.0	-84.0	-6.0
57.0	36.0	-3.0
57.0	36.0	-3.0
15.0	9.0	-12.0
-27.0	-78.0	-39.0
-9.0	-12.0	3.0
33.0	-51.0	33.0
-3.0	-33.0	30.0
-30.0	-54.0	-12.0
-36.0	-9.0	6.0
-3.0	-63.0	30.0

// Qian H, 2016: PMID 27512990-1
// Subjects=20
65.0	-23.0	-18.0
51.0	5.0	39.0
-2.0	48.0	30.0
7.0	53.0	33.0
-12.0	19.0	2.0
10.0	16.0	2.0
-44.0	-50.0	31.0
59.0	-23.0	40.0
41.0	-59.0	46.0
-34.0	-84.0	1.0
-10.0	-76.0	-4.0
11.0	-87.0	-17.0
15.0	-83.0	25.0
-12.0	-83.0	29.0
-45.0	-70.0	4.0
9.0	40.0	-4.0
43.0	-69.0	5.0
43.0	-48.0	-21.0
-3.0	-14.0	3.0
13.0	-13.0	3.0
19.0	-91.0	-3.0
-55.0	-10.0	33.0
-3.0	-62.0	38.0
8.0	-56.0	34.0
0.0	59.0	12.0
-40.0	-48.0	-20.0
-44.0	-50.0	25.0
-50.0	-25.0	-18.0
-12.0	-3.0	-18.0
47.0	-10.0	32.0
10.0	-83.0	-3.0
-22.0	-90.0	-5.0
-12.0	-97.0	3.0
22.0	14.0	2.0
-1.0	-84.0	7.0
11.0	-81.0	3.0
-6.0	-74.0	17.0
-16.0	-56.0	-14.0
-13.0	-18.0	0.0
16.0	-19.0	0.0
17.0	-64.0	9.0
30.0	-24.0	-18.0
8.0	42.0	-5.0
-7.0	24.0	-7.0
-13.0	45.0	10.0
6.0	-47.0	23.0
-2.0	-47.0	20.0
11.0	59.0	18.0
-2.0	36.0	4.0
-9.0	27.0	-9.0
-22.0	14.0	3.0
-19.0	-81.0	-1.0
-9.0	10.0	69.0
-19.0	-59.0	4.0
-12.0	-2.0	-17.0
-18.0	-56.0	-11.0
24.0	-55.0	9.0
-52.0	-23.0	-18.0
61.0	-21.0	-18.0
7.0	-84.0	11.0
-19.0	-54.0	5.0
8.0	36.0	-11.0
6.0	40.0	12.0
-9.0	-49.0	27.0
4.0	-36.0	29.0
-45.0	-53.0	29.0
-7.0	18.0	66.0
-5.0	37.0	-14.0
-18.0	-12.0	-15.0
-4.0	27.0	-6.0
10.0	-99.0	17.0
29.0	-24.0	-18.0
-19.0	-55.0	-13.0
13.0	-83.0	23.0
-46.0	-62.0	-1.0
43.0	-44.0	-16.0
-21.0	-46.0	-10.0
-18.0	-84.0	8.0
25.0	-43.0	-10.0
-7.0	46.0	31.0
32.0	-27.0	-10.0
3.0	46.0	31.0
5.0	-44.0	24.0
-35.0	17.0	-13.0
29.0	18.0	-13.0
-5.0	16.0	59.0
3.0	15.0	59.0
-8.0	-26.0	13.0
31.0	-29.0	-15.0
-4.0	-38.0	32.0
63.0	-32.0	35.0
13.0	-78.0	29.0
-43.0	17.0	0.0
-6.0	-23.0	14.0
10.0	15.0	1.0
-6.0	39.0	5.0
6.0	37.0	5.0
0.0	-36.0	32.0
4.0	-36.0	32.0
39.0	-62.0	6.0
24.0	-41.0	-11.0
7.0	-66.0	47.0
-1.0	37.0	25.0
22.0	-34.0	68.0
-18.0	-34.0	71.0
-57.0	-50.0	32.0
1.0	40.0	0.0
48.0	12.0	-2.0
-1.0	13.0	59.0
-35.0	11.0	-11.0
-21.0	-48.0	-11.0
-45.0	-63.0	-2.0
27.0	21.0	-11.0
45.0	-70.0	-6.0
55.0	-16.0	4.0
2.0	16.0	59.0
43.0	-46.0	-14.0
-55.0	-22.0	-14.0
-4.0	16.0	58.0
-29.0	-56.0	-6.0
-30.0	22.0	-8.0
-3.0	-62.0	26.0
-48.0	-50.0	25.0
-47.0	-52.0	29.0
-26.0	-86.0	-17.0
-58.0	-22.0	-12.0
60.0	-13.0	-12.0
-21.0	-59.0	12.0
-14.0	-84.0	-4.0
20.0	-78.0	26.0
5.0	15.0	58.0
-9.0	12.0	2.0
-3.0	40.0	2.0
9.0	14.0	-3.0
11.0	47.0	-12.0
52.0	-74.0	-2.0
-25.0	-6.0	-14.0
7.0	-73.0	51.0
28.0	3.0	4.0
42.0	-64.0	-2.0
-48.0	-68.0	1.0
-27.0	31.0	-17.0
-54.0	-29.0	8.0
-15.0	-75.0	-10.0
21.0	-75.0	-2.0
29.0	1.0	-14.0
5.0	39.0	12.0
21.0	-55.0	8.0
59.0	-27.0	45.0
13.0	45.0	13.0
51.0	13.0	-11.0
7.0	18.0	59.0
-25.0	3.0	-2.0
46.0	11.0	-2.0
-13.0	11.0	-5.0
30.0	16.0	-2.0
-43.0	-59.0	4.0
-8.0	16.0	56.0
-3.0	-23.0	9.0
6.0	-20.0	14.0
-53.0	-20.0	-15.0
-11.0	14.0	3.0
44.0	-59.0	13.0
-19.0	-17.0	17.0
-1.0	-73.0	54.0
-51.0	-77.0	-2.0
3.0	39.0	15.0
-21.0	-39.0	75.0
-32.0	25.0	-2.0
-29.0	-2.0	-11.0

// Buchheim A, 2016: PMID 27531977-1
// Subjects=20
3.0	21.0	45.0
21.0	-6.0	-21.0
24.0	-3.0	-27.0
-3.0	33.0	33.0
-51.0	-60.0	21.0
24.0	3.0	-27.0
48.0	27.0	15.0
21.0	15.0	63.0
24.0	3.0	-24.0
57.0	-51.0	12.0
48.0	24.0	15.0
3.0	21.0	33.0
27.0	3.0	-24.0
3.0	-18.0	42.0
48.0	24.0	15.0
48.0	27.0	15.0
21.0	-6.0	-21.0
27.0	3.0	-21.0
-6.0	36.0	39.0
-6.0	36.0	39.0
60.0	-57.0	15.0
-6.0	36.0	39.0

// Varikuti DP, 2017: PMID 27550015-1
// Subjects=20
24.0	-8.0	-22.0
28.0	0.0	58.0
2.0	20.0	50.0
36.0	48.0	44.0
34.0	28.0	-2.0
32.0	22.0	-4.0
44.0	34.0	32.0
50.0	12.0	22.0
30.0	56.0	48.0
0.0	36.0	10.0
6.0	10.0	-8.0
-6.0	10.0	-8.0
30.0	2.0	56.0
-2.0	52.0	26.0
-2.0	32.0	-8.0
46.0	66.0	18.0
-2.0	52.0	14.0
-2.0	50.0	-10.0
24.0	10.0	-20.0
54.0	10.0	-20.0
50.0	60.0	18.0

// Evans TM, 2016: PMID 27566261-1
// Subjects=20
30.0	50.0	20.0
-46.0	8.0	18.0
-58.0	-34.0	6.0
-8.0	14.0	56.0
-30.0	2.0	8.0
-30.0	-58.0	-40.0
-4.0	12.0	50.0
-50.0	-48.0	46.0
40.0	14.0	0.0
50.0	-42.0	38.0
44.0	6.0	2.0
52.0	-34.0	50.0
-36.0	-48.0	44.0
56.0	18.0	16.0
58.0	0.0	-18.0
-38.0	0.0	46.0
22.0	-36.0	-2.0
28.0	10.0	0.0
62.0	-22.0	-6.0
-6.0	6.0	54.0
-56.0	-16.0	8.0
-34.0	-34.0	-18.0
-58.0	-40.0	36.0
-2.0	-54.0	12.0
10.0	22.0	34.0
48.0	-48.0	36.0

// Madore KP, 2016: PMID 27601666-1
// Subjects=20
-64.0	-6.0	-14.0
12.0	-6.0	10.0
-24.0	-34.0	-14.0
-4.0	-56.0	16.0
54.0	-4.0	-16.0
26.0	-32.0	-14.0
-42.0	-72.0	30.0
48.0	36.0	-2.0
-2.0	50.0	-6.0
52.0	-60.0	22.0
-60.0	-6.0	-18.0
-48.0	18.0	-30.0
-18.0	-84.0	-40.0
52.0	-58.0	18.0
-46.0	-74.0	32.0
58.0	-4.0	-18.0
-48.0	-74.0	34.0
4.0	-34.0	74.0
-20.0	34.0	46.0
62.0	-48.0	6.0
-66.0	-14.0	-16.0
-10.0	46.0	-16.0
-38.0	28.0	-16.0
-28.0	-78.0	-34.0
-24.0	-36.0	-14.0
44.0	24.0	-34.0
40.0	-12.0	52.0
46.0	-64.0	28.0
-2.0	-54.0	18.0
-60.0	-8.0	-14.0
-6.0	20.0	-16.0
-6.0	-52.0	-42.0
-4.0	54.0	-2.0
-34.0	-16.0	-12.0
60.0	-34.0	14.0
32.0	-20.0	40.0
-38.0	18.0	-24.0
14.0	-58.0	46.0
-20.0	14.0	16.0
-44.0	-64.0	6.0
16.0	-48.0	-60.0
42.0	-50.0	-16.0
4.0	-56.0	46.0
26.0	-62.0	20.0
-10.0	2.0	20.0
-6.0	-50.0	-32.0
-40.0	-10.0	12.0
38.0	-32.0	36.0
2.0	-16.0	72.0
14.0	2.0	12.0
6.0	-34.0	24.0
-8.0	62.0	42.0
-2.0	-4.0	4.0
-20.0	-32.0	20.0
36.0	-76.0	44.0
-6.0	32.0	56.0
20.0	-4.0	-26.0
8.0	-26.0	-10.0
-28.0	-52.0	24.0
-32.0	-2.0	-26.0
-36.0	-26.0	-14.0
30.0	-20.0	-16.0
38.0	-10.0	46.0
22.0	-34.0	-24.0
-48.0	-18.0	24.0
-12.0	38.0	22.0
-52.0	-16.0	34.0
-62.0	-42.0	-22.0

// Shen Z, 2016: PMID 27668175-1
// Subjects=20
19.5	13.5	-34.5
30.0	-13.5	-19.5
-1.5	-37.5	-12.0
49.5	-64.5	24.0
24.0	-61.5	27.0
-9.0	-66.0	-43.5
25.5	-16.5	-22.5
42.0	-84.0	28.5
42.0	-84.0	28.5
30.0	-93.0	-24.0
16.5	9.0	-39.0
-6.0	-34.5	10.5
-22.5	-33.0	-43.5
-45.0	-16.5	-16.5
7.5	-36.0	28.5

// Kober H, 2017: PMID 27693614-1
// Subjects=20
-39.0	-6.0	-3.0
-15.0	-51.0	-45.0
-3.0	-69.0	21.0
30.0	-30.0	-6.0
24.0	-39.0	12.0
-27.0	-72.0	-3.0
-6.0	-42.0	-9.0
-39.0	-90.0	-24.0
9.0	-3.0	-6.0
-24.0	-6.0	15.0
-30.0	-9.0	-18.0
30.0	-24.0	-9.0
24.0	-45.0	-15.0
-42.0	-3.0	-12.0
-30.0	-9.0	-18.0
30.0	-27.0	-9.0
6.0	-66.0	-42.0
21.0	-48.0	12.0

// Venneri A, 2017: PMID 27720424-1
// Subjects=20
-46.0	10.0	-2.0
30.0	-10.0	-23.0
44.0	-19.0	12.0
50.0	-2.0	2.0
-4.0	44.0	33.0
34.0	-9.0	-26.0
55.0	-38.0	18.0
-16.0	55.0	17.0
-20.0	27.0	-13.0
-6.0	18.0	3.0
20.0	58.0	-8.0
32.0	51.0	18.0
34.0	43.0	-2.0
-42.0	7.0	-10.0
38.0	1.0	-15.0
-28.0	25.0	-13.0
-8.0	37.0	33.0
-63.0	-25.0	7.0
-53.0	-29.0	7.0
40.0	-10.0	0.0
-50.0	-44.0	-18.0
-48.0	-37.0	-7.0
-36.0	-24.0	-19.0
38.0	3.0	-10.0
30.0	15.0	-14.0
-36.0	-2.0	-2.0
16.0	50.0	27.0
16.0	16.0	10.0
-12.0	25.0	41.0
-32.0	26.0	15.0
-26.0	19.0	-9.0
-51.0	8.0	5.0
16.0	19.0	-3.0
16.0	8.0	9.0
-53.0	-19.0	3.0
4.0	29.0	34.0

// Fischmeister FP, 2017: PMID 27780529-1
// Subjects=20
46.0	8.0	28.0
48.0	14.0	44.0
50.0	-54.0	40.0
-2.0	56.0	10.0
-41.0	-75.0	26.0
24.0	45.0	-15.0
-49.0	-42.0	1.0
46.0	8.0	34.0
27.0	-37.0	-13.0
65.0	-12.0	-19.0
-53.0	3.0	-27.0
6.0	20.0	44.0
58.0	-54.0	46.0
42.0	-46.0	16.0
38.0	-48.0	18.0
-50.0	-56.0	16.0
65.0	-31.0	-9.0
28.0	-86.0	-16.0
4.0	-52.0	42.0
18.0	70.0	8.0
8.0	72.0	10.0
28.0	52.0	6.0
30.0	62.0	2.0
26.0	38.0	54.0
18.0	40.0	56.0
40.0	14.0	56.0
20.0	32.0	-16.0
52.0	-2.0	-16.0
-35.0	20.0	51.0
-7.0	51.0	-1.0
-10.0	52.0	-22.0
-34.0	-38.0	-16.0
11.0	-54.0	17.0
15.0	-63.0	26.0
6.0	-59.0	35.0
8.0	-48.0	31.0
47.0	-50.0	29.0
52.0	-59.0	36.0
-3.0	-49.0	13.0
-11.0	-56.0	16.0
-7.0	-55.0	27.0
-13.0	-40.0	1.0
-2.0	-37.0	44.0
-39.0	-75.0	44.0
-44.0	-65.0	35.0
-68.0	-23.0	-16.0
-58.0	-30.0	-4.0
-2.0	38.0	36.0
-68.0	-41.0	-5.0
-10.0	39.0	52.0
-20.0	64.0	19.0
-20.0	45.0	39.0
-10.0	55.0	39.0
-16.0	29.0	53.0
-3.0	44.0	-9.0
-46.0	31.0	-13.0
-3.0	42.0	16.0
52.0	7.0	-30.0
-50.0	34.0	-16.0
54.0	-60.0	28.0
-24.0	64.0	8.0
-8.0	-58.0	34.0
4.0	-56.0	28.0
6.0	-48.0	26.0
8.0	52.0	20.0
-2.0	50.0	6.0
-6.0	48.0	-8.0
46.0	28.0	26.0
26.0	-34.0	-12.0
36.0	54.0	-14.0
38.0	-54.0	44.0
-16.0	-94.0	-6.0
-22.0	-98.0	-8.0
56.0	-42.0	-10.0
66.0	-46.0	-6.0
-54.0	-58.0	-22.0
48.0	18.0	28.0
5.0	23.0	50.0
-2.0	30.0	44.0
-66.0	-42.0	-12.0
50.0	-42.0	44.0
-38.0	-56.0	46.0
-40.0	52.0	-10.0
-28.0	12.0	52.0
-44.0	20.0	32.0
-44.0	34.0	20.0
-46.0	-46.0	42.0
44.0	44.0	-10.0
-8.0	-44.0	34.0
-14.0	48.0	-24.0
-42.0	-62.0	30.0
-52.0	-24.0	-10.0
-8.0	58.0	-10.0
-56.0	-14.0	-32.0
64.0	-22.0	-24.0
64.0	-42.0	-2.0
62.0	-28.0	2.0
-30.0	-96.0	8.0
-36.0	-94.0	-2.0
-24.0	-90.0	0.0
-22.0	-84.0	-8.0
18.0	-90.0	-10.0
-26.0	-68.0	22.0
-16.0	-66.0	48.0
-16.0	-72.0	48.0
48.0	-38.0	48.0
42.0	-34.0	40.0
22.0	-70.0	56.0
52.0	-32.0	42.0
38.0	-84.0	-12.0
-66.0	-28.0	-10.0
18.0	-90.0	-12.0
42.0	16.0	40.0
46.0	-86.0	-12.0
24.0	-16.0	-22.0
44.0	6.0	-32.0
56.0	2.0	-30.0
-44.0	12.0	-32.0
-40.0	10.0	-34.0
-44.0	12.0	-34.0
-30.0	-94.0	4.0
-46.0	-61.0	21.0
-56.0	-13.0	-10.0
44.0	-53.0	47.0
58.0	-53.0	-14.0
49.0	35.0	-12.0
46.0	16.0	-30.0
6.0	67.0	-4.0
8.0	42.0	-5.0
8.0	48.0	-15.0
23.0	33.0	48.0
22.0	39.0	39.0
13.0	55.0	38.0
4.0	68.0	-2.0
-28.0	-58.0	48.0
6.0	64.0	22.0
9.0	54.0	3.0
13.0	30.0	59.0
43.0	-72.0	28.0
-42.0	-55.0	45.0
-53.0	-49.0	43.0
6.0	54.0	16.0
37.0	-65.0	40.0
49.0	-42.0	45.0
-26.0	-40.0	-8.0
43.0	49.0	-2.0
-47.0	11.0	23.0
-8.0	48.0	23.0
-11.0	45.0	8.0
12.0	36.0	20.0
-42.0	25.0	30.0
-34.0	55.0	4.0
-42.0	45.0	-2.0
-44.0	2.0	46.0
-41.0	6.0	33.0
-42.0	38.0	21.0
-3.0	26.0	44.0
-23.0	11.0	64.0
40.0	18.0	40.0
32.0	14.0	56.0
38.0	43.0	15.0
34.0	54.0	-13.0
47.0	10.0	33.0
33.0	-53.0	44.0
-18.0	63.0	-9.0
48.0	25.0	27.0

// Blom RM, 2016: PMID 27832097-1
// Subjects=20
18.0	-16.0	-20.0
-2.0	-90.0	-34.0
-40.0	-36.0	6.0
-44.0	-42.0	30.0
12.0	62.0	34.0
-20.0	-34.0	46.0
-18.0	-6.0	52.0
-22.0	-82.0	10.0
24.0	-38.0	50.0
44.0	-16.0	-20.0
-36.0	6.0	22.0
-12.0	-22.0	-26.0
-44.0	10.0	26.0
6.0	-20.0	28.0
-24.0	54.0	14.0
16.0	-10.0	14.0
18.0	-60.0	-32.0
-52.0	-42.0	28.0
42.0	-50.0	28.0
-14.0	-68.0	-38.0
34.0	-48.0	-8.0
-20.0	-6.0	54.0
58.0	-12.0	-6.0
-14.0	26.0	58.0
38.0	-70.0	-60.0
2.0	-40.0	2.0

// Subramaniam K, 2016: PMID 27895571-1
// Subjects=20
-8.0	54.0	10.0
2.0	8.0	62.0
8.0	-90.0	-2.0
-52.0	22.0	-6.0
56.0	14.0	-2.0
36.0	6.0	10.0
20.0	10.0	18.0
-4.0	12.0	70.0
-18.0	16.0	46.0
33.0	-5.0	-23.0
56.0	14.0	0.0
-48.0	18.0	42.0
-48.0	12.0	-4.0
6.0	6.0	72.0
-18.0	50.0	20.0
-4.0	-98.0	-8.0
-10.0	52.0	12.0
18.0	-82.0	-18.0
30.0	-76.0	-20.0
-48.0	42.0	6.0
2.0	38.0	-4.0
-2.0	56.0	0.0
-8.0	54.0	14.0
23.0	-11.0	-15.0
-6.0	40.0	-6.0
-28.0	-14.0	-14.0
-52.0	16.0	-8.0
2.0	10.0	64.0
20.0	22.0	8.0
-22.0	-4.0	12.0
-42.0	-30.0	-8.0
-14.0	30.0	6.0
-56.0	16.0	-2.0
0.0	-56.0	26.0
38.0	-8.0	-20.0

// Milivojevic B, 2016: PMID 27927958-1
// Subjects=20
-16.0	-90.0	0.0
30.0	-56.0	-14.0
-44.0	-76.0	10.0
-46.0	-56.0	12.0
50.0	-58.0	22.0
62.0	-48.0	22.0
24.0	-76.0	52.0
38.0	-72.0	40.0
-16.0	26.0	44.0
24.0	8.0	8.0
8.0	-20.0	6.0
-4.0	-34.0	48.0
4.0	-40.0	38.0
6.0	-68.0	54.0
-20.0	-80.0	-8.0
-28.0	0.0	2.0
-28.0	-32.0	-18.0
24.0	-60.0	14.0
-20.0	-36.0	4.0
36.0	-54.0	-10.0
20.0	-26.0	12.0
28.0	-30.0	4.0
8.0	-40.0	18.0
24.0	-86.0	0.0
-36.0	24.0	20.0
24.0	-60.0	-48.0
24.0	-74.0	-24.0
-2.0	-86.0	12.0
12.0	-86.0	18.0
22.0	-88.0	6.0
16.0	-44.0	6.0
-10.0	-74.0	-22.0
38.0	-32.0	-6.0
14.0	-50.0	14.0
-18.0	-96.0	10.0
-8.0	10.0	16.0
-32.0	-86.0	20.0
24.0	-58.0	-10.0
-14.0	-54.0	-2.0
48.0	-32.0	-2.0
-24.0	-64.0	-10.0
-26.0	-76.0	-14.0
-18.0	-54.0	-8.0
24.0	-44.0	-10.0
-44.0	-70.0	8.0
-40.0	-84.0	12.0
-42.0	-34.0	14.0
-46.0	-26.0	6.0
30.0	-68.0	-14.0
26.0	-58.0	-10.0
18.0	-58.0	-4.0
-18.0	-72.0	-20.0
40.0	-24.0	14.0
-30.0	-84.0	20.0
22.0	-88.0	6.0
-32.0	2.0	16.0
-18.0	-88.0	38.0
20.0	-64.0	-8.0
36.0	-20.0	-16.0
30.0	-80.0	16.0
12.0	-86.0	18.0
36.0	-38.0	-6.0
10.0	20.0	16.0
-24.0	-26.0	-4.0
-20.0	-78.0	34.0
-28.0	-14.0	0.0
-28.0	-32.0	-18.0
-20.0	-82.0	-8.0
6.0	-86.0	6.0
26.0	-34.0	4.0
-22.0	-36.0	4.0
8.0	-22.0	2.0
32.0	-84.0	18.0

// Filkowski MM, 2017: PMID 27988321-1
// Subjects=20
-0.9	-27.4	-6.0
-1.4	54.9	23.3
18.2	38.3	17.7
-4.9	-16.7	10.6
-44.8	-3.0	6.2
27.9	-20.6	-14.8
33.3	21.4	-0.3
30.0	3.8	-7.2
-34.6	-23.6	-8.0
32.0	20.0	4.0
34.0	24.0	-10.0
44.0	30.0	-10.0
-14.0	50.0	18.0
20.0	44.0	6.0
-27.7	-3.8	-16.2
18.0	38.0	18.0
-2.0	60.0	22.0
-30.0	-6.0	-18.0
8.0	-18.0	18.0
-2.0	-16.0	10.0
-34.0	-6.0	14.0
-52.0	2.0	2.0
28.0	-20.0	-18.0
26.0	-22.0	-6.0
2.0	-28.0	-4.0
30.0	18.0	2.0
-42.0	-6.0	6.0
-34.0	24.0	-10.0
26.0	10.0	-4.0
26.0	16.0	-14.0
22.0	16.0	2.0
-12.0	-16.0	10.0
-18.0	-4.0	-10.0
-8.0	-24.0	-16.0
32.0	-2.0	-12.0

// Reicherts P, 2017: PMID 28008077-1
// Subjects=20
-30.0	22.0	-8.0
62.0	2.0	20.0
46.0	40.0	16.0
26.0	-28.0	-8.0
12.0	6.0	30.0
32.0	26.0	4.0
-30.0	2.0	-22.0
-30.0	-4.0	-14.0
-42.0	14.0	36.0
-38.0	8.0	-10.0
38.0	-10.0	18.0
-66.0	-16.0	22.0
34.0	16.0	-10.0
8.0	-6.0	0.0
44.0	36.0	18.0

// Deslauriers J, 2017: PMID 28012826-1
// Subjects=20
-8.0	49.0	-2.0
-3.0	50.0	-1.0
-8.0	-57.0	23.0
-2.0	-58.0	23.0
-16.0	-80.0	-26.0
42.0	54.0	13.0
41.0	48.0	8.0
23.0	-41.0	6.0
-22.0	-77.0	-27.0
29.0	-74.0	53.0
55.0	-51.0	11.0
55.0	-52.0	18.0
65.0	-28.0	-11.0
58.0	-20.0	-15.0
22.0	-35.0	3.0
3.0	34.0	39.0
1.0	-11.0	39.0
3.0	28.0	44.0
4.0	-10.0	36.0
-29.0	-38.0	-13.0
-59.0	-12.0	-19.0
51.0	-62.0	26.0
-59.0	-10.0	-24.0
32.0	23.0	-9.0
-22.0	-46.0	-5.0
33.0	20.0	-7.0
30.0	-81.0	45.0
52.0	-64.0	23.0

// Carlson JM, 2017: PMID 28013067-1
// Subjects=20
20.0	-4.0	-18.0
-42.0	18.0	-8.0
12.0	18.0	0.0
-16.0	10.0	12.0
-20.0	-4.0	-18.0
-2.0	-50.0	34.0
-56.0	-48.0	20.0
8.0	12.0	68.0
-6.0	-52.0	42.0
-14.0	-6.0	-14.0
52.0	24.0	-2.0
58.0	-48.0	20.0
-8.0	56.0	38.0
20.0	52.0	36.0
2.0	42.0	0.0
-56.0	-48.0	20.0
4.0	36.0	32.0
-6.0	-54.0	60.0
-20.0	-24.0	-12.0
-2.0	-20.0	42.0
24.0	-20.0	-14.0
48.0	14.0	-32.0
-48.0	14.0	-32.0
48.0	-30.0	-4.0
-58.0	-30.0	-6.0
10.0	-84.0	4.0
6.0	-42.0	4.0
-26.0	50.0	28.0
-6.0	-42.0	26.0
4.0	-14.0	12.0
14.0	24.0	62.0
52.0	-52.0	12.0
-42.0	-2.0	50.0
-30.0	-50.0	54.0
38.0	-44.0	50.0
44.0	4.0	54.0
4.0	-10.0	14.0
-34.0	18.0	8.0
28.0	56.0	26.0
4.0	38.0	-2.0
44.0	20.0	-4.0
8.0	-28.0	-20.0
10.0	18.0	-2.0
10.0	-84.0	4.0
-8.0	-24.0	44.0
-8.0	60.0	36.0
-30.0	44.0	38.0
6.0	-52.0	8.0
26.0	-20.0	-12.0
16.0	-4.0	-16.0
-22.0	-24.0	-10.0
-14.0	14.0	-6.0
28.0	58.0	24.0
-48.0	-54.0	40.0
10.0	-54.0	46.0
52.0	-40.0	40.0
16.0	4.0	-18.0
44.0	-72.0	32.0
-40.0	-76.0	30.0
14.0	24.0	62.0
-10.0	-56.0	36.0
4.0	-42.0	-2.0
30.0	60.0	22.0

// Mulej Bratec S, 2017: PMID 28040541-1
// Subjects=20
24.0	-22.0	-11.0
6.0	-10.0	-11.0
24.0	2.0	-14.0
39.0	20.0	52.0

// Straube B, 2017: PMID 28060861-1
// Subjects=20
-24.0	-86.0	-14.0
-36.0	-24.0	52.0
-46.0	-24.0	8.0
-40.0	-30.0	12.0
18.0	-98.0	-4.0
52.0	-20.0	8.0
64.0	-28.0	10.0
28.0	-52.0	-24.0
-6.0	-4.0	54.0
8.0	6.0	56.0
10.0	2.0	64.0
16.0	-50.0	-20.0
36.0	-82.0	-10.0
28.0	-92.0	0.0
42.0	8.0	28.0
64.0	-6.0	-20.0
30.0	-54.0	-50.0
14.0	-60.0	22.0
34.0	22.0	8.0
-10.0	-18.0	4.0
0.0	-40.0	36.0
-30.0	-34.0	-12.0
-28.0	-2.0	-2.0
-22.0	-94.0	-2.0
-22.0	-16.0	-12.0
-4.0	-62.0	18.0
-6.0	-56.0	4.0
60.0	-12.0	-16.0
-60.0	-8.0	-18.0
-64.0	-20.0	-8.0
22.0	-60.0	-48.0
-46.0	10.0	-34.0
28.0	-44.0	-28.0
-48.0	-48.0	6.0
-32.0	-80.0	-14.0
0.0	48.0	-12.0
-12.0	58.0	36.0
-4.0	58.0	-4.0
-4.0	38.0	-6.0
12.0	-98.0	-6.0
50.0	-68.0	32.0
28.0	0.0	-6.0
30.0	-90.0	-16.0
34.0	-6.0	-6.0
60.0	-28.0	8.0
54.0	-22.0	6.0
48.0	16.0	-32.0
-38.0	20.0	46.0
52.0	4.0	-36.0
-16.0	-96.0	-6.0
-10.0	66.0	24.0
34.0	-30.0	-10.0
18.0	-36.0	-12.0
40.0	-72.0	0.0
-56.0	-32.0	12.0
24.0	-50.0	-8.0
2.0	-30.0	-10.0
44.0	-48.0	-24.0
-28.0	-32.0	76.0
-24.0	-38.0	66.0
-40.0	-36.0	16.0
48.0	-70.0	8.0
-8.0	48.0	50.0
-46.0	-40.0	6.0
-44.0	-74.0	34.0
-44.0	-66.0	24.0
-40.0	-70.0	40.0
32.0	44.0	42.0
-12.0	-30.0	82.0

// Gimbel SI, 2017: PMID 28073651-1
// Subjects=20
38.0	-34.0	49.0
35.0	17.0	55.0
-36.0	53.0	13.0
-27.0	4.0	66.0
7.0	-91.0	-13.0
-42.0	-43.0	47.0
-53.0	-35.0	-1.0
20.0	-30.0	-35.0
42.0	-4.0	2.0
-11.0	-52.0	11.0
2.0	-28.0	47.0
-2.0	43.0	11.0
-24.0	-44.0	13.0
-39.0	-57.0	-19.0
44.0	-34.0	27.0
-9.0	-82.0	-28.0
44.0	42.0	27.0
0.0	3.0	29.0
-12.0	5.0	62.0
7.0	-66.0	-15.0
-43.0	-8.0	2.0
-27.0	-26.0	53.0
25.0	-27.0	-17.0
-37.0	-87.0	7.0
24.0	57.0	36.0
-35.0	30.0	28.0
-10.0	-12.0	32.0
-9.0	-71.0	-22.0
-46.0	17.0	31.0
-45.0	-44.0	47.0
-17.0	17.0	54.0
39.0	-33.0	49.0
-32.0	-79.0	-13.0
29.0	-65.0	-29.0
-34.0	53.0	26.0
21.0	-95.0	5.0
16.0	42.0	-7.0
-44.0	19.0	7.0
-14.0	45.0	-8.0
-13.0	26.0	13.0
45.0	-41.0	54.0
12.0	-33.0	-1.0
-32.0	2.0	48.0
22.0	-14.0	-24.0
58.0	-14.0	37.0
-16.0	-51.0	-26.0
26.0	63.0	26.0
-10.0	-29.0	-1.0
12.0	-62.0	47.0
35.0	38.0	25.0
19.0	17.0	65.0
33.0	58.0	8.0
-37.0	49.0	14.0
-38.0	-51.0	48.0
-49.0	16.0	25.0
-12.0	7.0	12.0
-4.0	-22.0	29.0
-52.0	-38.0	-5.0
29.0	-64.0	-28.0
-29.0	-86.0	-9.0
21.0	-95.0	5.0
16.0	42.0	-7.0
-10.0	26.0	9.0
-11.0	43.0	-11.0
-46.0	-52.0	-31.0
58.0	-14.0	37.0
-16.0	-51.0	-26.0
-34.0	53.0	27.0
-45.0	17.0	12.0
-8.0	56.0	23.0
12.0	-63.0	46.0
-8.0	-57.0	39.0
31.0	-68.0	-24.0
-34.0	-62.0	47.0
-37.0	8.0	44.0
-46.0	27.0	13.0
-11.0	-26.0	-2.0
13.0	-41.0	-6.0
-23.0	47.0	0.0
52.0	-54.0	-25.0
8.0	-48.0	-33.0
46.0	-39.0	55.0
10.0	48.0	-7.0
47.0	-74.0	3.0
-28.0	-34.0	-2.0
19.0	-61.0	55.0
24.0	-89.0	-9.0
35.0	64.0	6.0
33.0	-59.0	45.0
-15.0	-43.0	15.0
-17.0	40.0	49.0
-36.0	-72.0	40.0
-3.0	57.0	10.0
-39.0	26.0	5.0
-9.0	-83.0	6.0
19.0	-49.0	10.0
-52.0	-45.0	55.0
-46.0	8.0	31.0
-27.0	-5.0	-5.0
30.0	38.0	21.0
-25.0	-19.0	-8.0
22.0	-15.0	-22.0
23.0	-23.0	-19.0
-31.0	-92.0	20.0
-51.0	-7.0	50.0
-26.0	-2.0	-33.0
-40.0	-7.0	-40.0
10.0	-60.0	51.0
22.0	-85.0	38.0
-24.0	4.0	-5.0
-51.0	-21.0	17.0
22.0	-13.0	-3.0

// Anderson NE, 2017: PMID 28092055-1
// Subjects=20
-12.0	33.0	57.0
-24.0	-96.0	-6.0
45.0	24.0	-15.0
48.0	-69.0	27.0
27.0	-51.0	-15.0
3.0	24.0	-12.0
-18.0	-6.0	-12.0
9.0	-93.0	18.0
-15.0	-84.0	33.0
24.0	6.0	-33.0
15.0	24.0	66.0
0.0	45.0	36.0
27.0	54.0	24.0
-18.0	-3.0	-12.0
-21.0	-6.0	-12.0
-60.0	-54.0	36.0
33.0	18.0	-24.0
3.0	-15.0	42.0
0.0	48.0	9.0
54.0	-57.0	45.0
0.0	-51.0	30.0
-45.0	-78.0	30.0
-45.0	-78.0	33.0
-51.0	24.0	-9.0
-18.0	51.0	33.0
-24.0	9.0	-21.0
-33.0	-87.0	12.0
-27.0	-96.0	9.0
-30.0	-84.0	-12.0
21.0	-87.0	9.0
-9.0	54.0	18.0
24.0	0.0	-15.0
-24.0	0.0	-25.0
-27.0	-96.0	6.0
-15.0	-66.0	3.0
51.0	36.0	9.0
-45.0	24.0	12.0
51.0	-63.0	6.0
-45.0	-72.0	-3.0
-12.0	33.0	-12.0
-30.0	-84.0	-9.0
18.0	-57.0	0.0
-33.0	-87.0	-9.0
-27.0	-96.0	9.0
6.0	-90.0	21.0
60.0	-9.0	3.0
6.0	42.0	-12.0
15.0	51.0	3.0
3.0	-3.0	51.0
-18.0	-72.0	0.0
-24.0	-69.0	-15.0
-12.0	-81.0	27.0
-21.0	-93.0	33.0
-60.0	-9.0	3.0
-6.0	-36.0	54.0
9.0	39.0	48.0
3.0	24.0	-12.0
39.0	21.0	-12.0
-27.0	-93.0	-3.0
15.0	-81.0	36.0
-36.0	-84.0	12.0
48.0	-75.0	-6.0
21.0	-9.0	-18.0
-27.0	-96.0	6.0
-3.0	27.0	36.0
-18.0	-3.0	-18.0
-36.0	27.0	-3.0
-12.0	57.0	-3.0
-36.0	30.0	-6.0
-6.0	54.0	24.0
-9.0	24.0	63.0
-54.0	-63.0	21.0
-48.0	24.0	-6.0
42.0	-63.0	-6.0
-9.0	36.0	-15.0
-30.0	12.0	9.0
-24.0	-93.0	-3.0
-18.0	51.0	6.0
-9.0	36.0	-15.0
-27.0	-93.0	-6.0
-30.0	12.0	9.0
0.0	12.0	-6.0
-27.0	-93.0	-6.0

// Liu ZX, 2017: PMID 28100742-1
// Subjects=20
40.0	34.0	8.0
6.0	-2.0	26.0
-18.0	-6.0	-20.0
32.0	42.0	-10.0
-34.0	-40.0	-22.0
4.0	-72.0	-24.0
-8.0	-22.0	56.0
16.0	-46.0	-42.0
-58.0	-18.0	4.0
16.0	-6.0	-22.0
24.0	-94.0	2.0
36.0	-14.0	68.0
-36.0	38.0	-16.0
-46.0	20.0	30.0
-38.0	-16.0	-22.0
46.0	8.0	26.0
30.0	-52.0	48.0
-4.0	-82.0	-36.0
22.0	-14.0	-18.0
20.0	-34.0	-2.0
-8.0	-26.0	10.0
-6.0	-62.0	-44.0
10.0	-78.0	-34.0
30.0	-64.0	36.0
-40.0	30.0	12.0
58.0	-10.0	46.0
-6.0	-96.0	10.0
-26.0	-72.0	-48.0

// Chen HY, 2017: PMID 28179554-1
// Subjects=20
-20.0	31.0	49.0
-8.0	12.0	67.0
22.0	27.0	53.0
-9.0	-55.0	12.0
14.0	-49.0	14.0
62.0	-6.0	-19.0
-8.0	-58.0	49.0
-23.0	-27.0	-15.0
-45.0	-67.0	25.0
-11.0	60.0	29.0
29.0	-12.0	-17.0
-1.0	39.0	-2.0
48.0	-68.0	26.0
4.0	35.0	42.0
-60.0	-4.0	-17.0
15.0	40.0	14.0
12.0	-26.0	67.0
43.0	-63.0	47.0
43.0	9.0	55.0
-11.0	-31.0	67.0
-8.0	12.0	67.0
-24.0	-2.0	-12.0
-59.0	-13.0	-1.0
-36.0	5.0	57.0
-4.0	-41.0	39.0
40.0	-61.0	9.0
6.0	-54.0	-46.0
42.0	-61.0	-33.0
25.0	-81.0	-33.0
44.0	-50.0	53.0
46.0	20.0	34.0
-46.0	34.0	4.0
-47.0	18.0	25.0
34.0	61.0	5.0
-58.0	0.0	-13.0
1.0	-51.0	-49.0
-14.0	-67.0	37.0
43.0	45.0	17.0
34.0	24.0	-5.0
47.0	-69.0	10.0
-20.0	32.0	48.0
-10.0	63.0	19.0
12.0	-70.0	39.0
10.0	-53.0	10.0
-12.0	50.0	34.0
8.0	58.0	23.0
36.0	-13.0	-23.0
-43.0	-73.0	27.0
23.0	27.0	43.0
-9.0	-54.0	13.0
-4.0	49.0	-7.0
-45.0	-52.0	10.0
1.0	-29.0	29.0
-13.0	14.0	58.0
22.0	-80.0	-36.0
41.0	-65.0	-29.0
-36.0	-60.0	50.0
34.0	58.0	-4.0
-36.0	-58.0	50.0
44.0	-49.0	50.0
-9.0	-32.0	67.0
43.0	20.0	35.0
2.0	-29.0	33.0
-10.0	-70.0	40.0
12.0	-69.0	38.0
43.0	43.0	18.0
38.0	14.0	52.0
51.0	10.0	-28.0
4.0	36.0	38.0
-40.0	-63.0	47.0
-2.0	57.0	7.0
-6.0	-68.0	38.0
-41.0	-75.0	26.0
6.0	67.0	-4.0
8.0	48.0	-15.0
-13.0	-40.0	1.0
-18.0	63.0	-9.0
-46.0	-61.0	21.0
-1.0	23.0	-1.0
43.0	-72.0	28.0
46.0	16.0	-30.0
-68.0	-23.0	-16.0
-44.0	-65.0	35.0
6.0	64.0	22.0
-7.0	-55.0	27.0
-11.0	-56.0	16.0
-44.0	12.0	-34.0
13.0	-64.0	36.0
6.0	-59.0	35.0
-39.0	-75.0	44.0
26.0	23.0	-13.0
-2.0	-37.0	44.0
11.0	-54.0	17.0
52.0	-59.0	36.0
23.0	33.0	48.0
-10.0	39.0	52.0
13.0	55.0	38.0
-35.0	20.0	51.0
22.0	39.0	39.0
8.0	-48.0	31.0
-10.0	55.0	39.0
-20.0	45.0	39.0
6.0	54.0	16.0
-16.0	29.0	53.0
-3.0	-49.0	13.0
-7.0	51.0	-1.0
-3.0	44.0	-9.0
-11.0	45.0	8.0
8.0	42.0	-5.0
-2.0	38.0	36.0
-3.0	42.0	16.0
-20.0	64.0	19.0
-8.0	48.0	23.0
65.0	-12.0	-19.0
-56.0	-13.0	-10.0
47.0	-50.0	29.0
-58.0	-30.0	-4.0
-68.0	-41.0	-5.0
13.0	30.0	59.0
12.0	36.0	20.0
52.0	-2.0	-16.0
-26.0	-40.0	-8.0
27.0	-37.0	-13.0
65.0	-31.0	-9.0
-34.0	-38.0	-16.0
28.0	-77.0	-32.0
52.0	7.0	-30.0
-49.0	-42.0	1.0
-46.0	31.0	-13.0
49.0	35.0	-12.0
44.0	-53.0	47.0
-42.0	-55.0	45.0
15.0	-63.0	26.0
-53.0	3.0	-27.0
40.0	18.0	40.0
-42.0	45.0	-2.0
-2.0	-35.0	31.0
-7.0	-71.0	42.0
11.0	-66.0	42.0
4.0	-48.0	51.0
2.0	-24.0	30.0
-34.0	55.0	4.0
9.0	54.0	3.0

// Chen X, 2017: PMID 28194095-1
// Subjects=20
32.0	-31.0	-6.0
-15.0	0.0	24.0
-21.0	6.0	9.0
-27.0	-57.0	-51.0
-36.0	-33.0	-6.0
12.0	-63.0	-48.0
21.0	12.0	6.0
-45.0	0.0	-36.0
18.0	15.0	6.0
12.0	-90.0	27.0
-42.0	15.0	54.0
-24.0	-36.0	57.0
27.0	-51.0	54.0
25.0	6.0	54.0
12.0	-70.0	13.0
-12.0	-66.0	6.0
51.0	-75.0	3.0
-19.0	-88.0	24.0
-47.0	-73.0	2.0
48.0	3.0	-42.0

// Heinen K, 2017: PMID 28254653-1
// Subjects=20
50.0	6.0	34.0
20.0	-66.0	54.0
-14.0	-64.0	56.0
-40.0	-40.0	40.0
-28.0	-6.0	48.0
36.0	-40.0	40.0
-10.0	-48.0	52.0
4.0	8.0	50.0
-30.0	-50.0	46.0
-46.0	4.0	26.0
34.0	-76.0	22.0
34.0	-50.0	44.0
32.0	-6.0	60.0
-58.0	-34.0	34.0
4.0	-56.0	54.0
18.0	-18.0	-17.0
52.0	-32.0	40.0
-10.0	-92.0	18.0
58.0	-36.0	26.0
-22.0	-84.0	28.0
-22.0	8.0	-6.0
24.0	12.0	-2.0
-30.0	-74.0	-12.0
30.0	-72.0	-10.0
44.0	-76.0	0.0
-22.0	-42.0	-7.0
18.0	-88.0	20.0
-24.0	-92.0	-12.0
20.0	-88.0	-10.0
-38.0	-6.0	48.0
28.0	-56.0	48.0
36.0	20.0	8.0
-26.0	-52.0	48.0

// Brown TI, 2017: PMID 28282414-1
// Subjects=20
60.0	24.0	16.0
36.0	20.0	48.0
-32.0	20.0	44.0
36.0	-56.0	-16.0
-36.0	-52.0	-24.0
-52.0	16.0	28.0
-28.0	-16.0	-12.0
-28.0	16.0	4.0
28.0	-12.0	-16.0
40.0	-44.0	-16.0
-44.0	-52.0	-12.0
-24.0	-92.0	12.0
-8.0	16.0	52.0
-48.0	28.0	4.0
28.0	-52.0	48.0
32.0	-64.0	-20.0
-40.0	-64.0	-16.0
28.0	-84.0	0.0
-28.0	-88.0	8.0
36.0	-88.0	16.0
-36.0	-68.0	-8.0
36.0	-64.0	-12.0
-20.0	8.0	4.0
-4.0	-32.0	40.0
56.0	-36.0	32.0
-52.0	-44.0	36.0
32.0	8.0	4.0
20.0	16.0	4.0
-28.0	-48.0	48.0
-32.0	12.0	0.0
24.0	16.0	4.0
-32.0	36.0	36.0
-12.0	8.0	16.0
56.0	-48.0	28.0
56.0	-32.0	40.0
-64.0	-28.0	36.0
36.0	-44.0	48.0
56.0	4.0	20.0
-48.0	8.0	16.0
32.0	-84.0	12.0
-28.0	-84.0	8.0
-44.0	8.0	12.0
16.0	16.0	8.0
-32.0	-48.0	44.0
-28.0	12.0	8.0
44.0	4.0	40.0
8.0	-24.0	32.0
-36.0	12.0	4.0
40.0	4.0	0.0
28.0	-88.0	16.0
44.0	4.0	32.0
-28.0	-52.0	48.0
40.0	-44.0	42.0
-28.0	-88.0	4.0
40.0	-88.0	0.0
-28.0	8.0	4.0
52.0	-48.0	28.0
-40.0	-32.0	48.0
-40.0	-48.0	-28.0
-40.0	-56.0	-12.0

// Gentili C, 2017: PMID 28342970-1
// Subjects=20
65.8	-26.2	-7.7
-26.0	8.0	-10.0
-25.0	8.3	-9.1
-46.0	10.0	17.0
-44.8	10.8	15.0
4.0	-76.0	32.0
3.9	-74.6	31.9
54.9	20.9	0.6
-24.7	-42.9	50.1
41.0	-57.0	34.0
31.7	-36.7	38.5
56.8	-38.0	22.4
-44.2	-14.5	11.7
-28.0	-9.0	-9.0
20.0	-16.0	-11.0
56.0	19.0	3.0
65.0	-26.0	-8.0
-2.9	17.4	46.8
32.2	-67.3	30.5
41.0	-65.0	-1.0
41.1	-64.7	-1.6
32.0	24.0	-14.0
33.7	26.4	-14.3
59.0	-9.0	24.0
57.7	-9.9	27.4
-25.0	-43.0	55.0
-40.8	-64.0	16.1
-2.0	17.0	46.0
-42.0	-64.0	15.0
-27.9	-8.8	-10.6
53.0	21.0	-4.0
55.3	-18.9	25.6
-25.4	31.0	29.0
51.8	19.9	-5.6
27.2	1.1	-18.2
-2.6	-58.4	24.8
31.0	-67.0	31.0
19.6	-16.3	-10.5
49.0	18.0	-9.0
26.0	-87.3	12.6
25.0	31.0	-9.0
-34.2	16.2	-0.1
-59.0	-27.0	17.0
-59.4	-27.1	16.2
-44.0	-9.0	38.0
41.0	-37.0	50.0
39.8	-36.1	47.2
-45.9	-8.6	37.1
-22.7	-80.3	22.4
35.3	-85.0	10.0
44.0	34.0	-10.0
45.3	30.9	-9.4
-11.0	-60.0	-2.0
-11.0	-59.7	1.6
-46.0	14.0	11.0
-45.1	12.3	9.2
46.0	-19.0	7.0
43.2	-18.1	10.8
-34.0	16.0	0.0
48.5	17.4	-8.8
-50.8	-25.1	9.9
-23.0	-78.0	25.0
24.8	30.3	-9.5
-61.0	-7.0	16.0
-58.1	-3.1	21.3
25.0	-60.0	-11.0
23.1	-56.9	-10.9
-16.0	-89.0	25.0
-17.8	-89.0	21.9
36.0	-85.0	10.0
16.9	-7.5	-12.5
-1.0	-77.0	-2.0
-2.6	-73.4	1.6
38.0	-80.0	-1.0
39.9	-79.2	-0.7
57.6	-18.9	26.4
-45.0	-15.0	10.0
21.0	-85.0	19.0
59.0	-38.0	23.0
-52.0	-25.0	10.0
57.0	-18.0	29.0
-43.2	-56.8	24.7
-41.0	-56.0	26.0
-14.0	-52.0	-6.0
-15.3	-50.6	-6.9
-22.0	23.0	40.0
50.4	15.5	4.4
22.0	0.0	-14.0
26.5	2.0	-18.2
6.0	-44.0	11.0
3.0	14.0	8.0
-19.0	-4.0	-10.0
-60.0	16.0	12.0
-51.0	-9.0	-19.0
48.5	17.3	-9.1
8.0	41.0	0.0
21.0	26.0	-6.0
34.0	-5.0	-8.0
11.0	67.0	26.0
22.0	5.0	-8.0
-55.0	28.0	18.0
42.4	-51.1	-9.8
6.0	-24.0	41.0
-25.3	29.6	33.2
-13.0	56.0	21.0
-26.4	32.7	30.0
21.0	-56.0	-12.0
13.0	34.0	-6.0
49.0	18.0	-8.0
-39.0	18.0	29.0
-38.1	17.0	27.6
17.0	-7.0	-8.0
4.0	-2.0	0.0
40.0	19.0	-19.0
48.0	-45.4	11.3
48.0	-46.0	11.0
36.5	15.8	-18.4
-28.0	-61.0	31.0
-29.2	-59.2	28.5
4.6	-3.3	-2.2
-64.4	-18.6	-7.4
-63.0	-18.0	-6.0
0.0	46.0	13.0
55.0	19.0	-2.0
53.1	18.3	-4.4
24.0	28.0	36.0
24.1	28.4	34.9
7.0	-56.0	37.0
8.5	-57.0	34.8
26.0	19.0	-17.0
23.0	16.9	-14.2
-1.8	44.0	13.4
42.0	-50.0	-10.0
33.0	-4.0	38.0
33.0	-4.9	33.2
52.0	15.0	2.0
25.5	-49.9	-8.7
24.0	-58.0	46.0
-61.0	21.0	12.0
6.0	-18.0	4.0
61.8	-28.7	27.8
52.1	28.3	0.5
-25.0	-56.0	55.0
-24.9	-55.0	51.7
23.0	-9.0	46.0
-25.0	51.0	13.0
-25.4	48.1	12.2
5.9	-24.8	41.1
23.0	62.0	17.0
24.7	61.0	16.0
52.0	28.0	2.0
22.7	-4.7	45.4
41.3	-53.9	34.7
53.1	23.7	-4.2
32.0	-38.0	40.0
3.0	59.0	3.0
23.5	-58.2	47.2
-35.0	-70.0	22.0
-37.3	-71.7	21.6
-1.0	-25.0	35.0
-1.1	-26.8	36.8
21.0	5.0	-12.0
27.0	3.3	-17.5
-53.0	-51.0	20.0
-51.7	-49.6	19.5
3.8	-76.7	31.1
2.0	-79.0	29.0
3.9	60.5	1.0
40.0	-33.0	45.0
37.5	-32.1	42.4
10.1	-17.9	0.6
-27.0	-80.0	25.0
-22.6	-80.5	26.5
62.0	-21.0	21.0
55.0	19.0	-2.0
52.7	20.2	1.2
-33.0	-59.0	31.0
-31.6	-59.0	32.6
1.0	-19.0	47.0
2.9	-20.6	44.2
-6.0	41.0	2.0
58.9	-17.1	19.8
-1.0	-56.0	44.0
24.0	-3.7	-16.1
-6.7	41.6	-0.8
21.0	-7.0	-21.0
-4.3	-60.4	29.3
-14.2	55.4	22.9
-2.0	-60.0	33.0
-1.0	-55.0	21.0
-1.5	-55.2	19.5
-28.0	36.0	31.0
-2.3	-58.8	29.6
62.0	-28.0	27.0

// Oetken S, 2017: PMID 28392302-1
// Subjects=20
18.0	11.0	67.0
-54.0	-31.0	10.0
-42.0	14.0	49.0
18.0	-13.0	-17.0
15.0	-10.0	-20.0
60.0	-64.0	28.0
42.0	29.0	-17.0
45.0	14.0	-35.0
-42.0	-58.0	28.0
-51.0	26.0	-8.0
27.0	-76.0	-29.0
-3.0	-49.0	28.0

// Yang YH, 2017: PMID 28430044-1
// Subjects=20
-51.0	-40.0	10.0
-46.0	-16.0	18.0
-36.0	-28.0	6.0
3.0	-58.0	-16.0
54.0	-37.0	-9.0
48.0	-19.0	-20.0
-33.0	23.0	21.0
33.0	-31.0	-5.0
-45.0	-52.0	-20.0
-12.0	-34.0	29.0
-42.0	-34.0	-12.0
-62.0	-16.0	4.0
-63.0	-34.0	-9.0
-12.0	11.0	-1.0
-42.0	35.0	3.0
27.0	32.0	29.0
9.0	-10.0	36.0
15.0	-49.0	-50.0
27.0	-16.0	25.0
27.0	-7.0	29.0
24.0	14.0	6.0
33.0	-28.0	33.0
33.0	-37.0	10.0
-38.0	24.0	-2.0
-52.0	1.0	-12.0
-66.0	-22.0	0.0
-60.0	-2.0	-8.0
-64.0	-10.0	-2.0
-44.0	4.0	36.0
42.0	-30.0	-6.0
62.0	0.0	-8.0
50.0	16.0	-18.0
56.0	8.0	-14.0
-54.0	16.0	4.0
-48.0	26.0	-2.0
58.0	-14.0	0.0
-6.0	8.0	58.0
26.0	-58.0	-40.0
22.0	-70.0	-44.0
66.0	-28.0	-2.0
60.0	4.0	-6.0
60.0	-20.0	-4.0
54.0	-32.0	0.0
-50.0	28.0	4.0
-62.0	-22.0	-2.0
-60.0	-8.0	-8.0
-60.0	0.0	-10.0
-44.0	0.0	44.0
-56.0	10.0	-10.0
-48.0	-58.0	-28.0
62.0	-18.0	-2.0
30.0	18.0	2.0
-60.0	-14.0	6.0
-48.0	-58.0	-28.0
45.0	-73.0	-1.0
36.0	-73.0	-16.0
-56.0	-22.0	0.0
-24.0	56.0	21.0
-21.0	29.0	-9.0
-51.0	-64.0	18.0
-42.0	35.0	-9.0
0.0	-73.0	-20.0
-9.0	-79.0	-28.0
-54.0	-46.0	18.0
-66.0	-43.0	-5.0
-54.0	-55.0	6.0
-48.0	-46.0	-16.0
-48.0	29.0	14.0
-30.0	-58.0	-24.0
-30.0	41.0	10.0
-45.0	20.0	21.0
54.0	-30.0	0.0
-44.0	4.0	36.0
-42.0	-6.0	54.0
-38.0	24.0	20.0
-60.0	-6.0	-8.0
-40.0	-30.0	-14.0
-66.0	-22.0	0.0
62.0	-20.0	-6.0
-54.0	-32.0	0.0
-4.0	14.0	48.0
-54.0	10.0	-12.0
-40.0	-50.0	-22.0

// van Kemenade BM, 2017: PMID 28439662-1
// Subjects=20
48.0	-58.0	24.0
46.0	-68.0	42.0
-26.0	-94.0	-12.0
-40.0	-68.0	42.0
56.0	-28.0	28.0
58.0	-32.0	12.0
58.0	-30.0	12.0
-46.0	-70.0	34.0
60.0	-22.0	18.0
10.0	-26.0	46.0
28.0	-86.0	-10.0
32.0	-34.0	-14.0
34.0	-26.0	-12.0
-42.0	-72.0	34.0
34.0	-80.0	32.0
10.0	40.0	-2.0
-8.0	60.0	8.0
-12.0	46.0	-4.0
-24.0	-86.0	-16.0
24.0	-44.0	-16.0
42.0	-68.0	32.0
14.0	-34.0	46.0
28.0	-88.0	10.0
12.0	-52.0	12.0
28.0	22.0	38.0
-44.0	-70.0	34.0
0.0	-52.0	24.0
6.0	-54.0	32.0
14.0	-22.0	46.0
18.0	-46.0	48.0
-48.0	-60.0	28.0
32.0	40.0	44.0
16.0	-56.0	20.0
-8.0	-52.0	32.0
2.0	-50.0	48.0
-4.0	48.0	-8.0
-4.0	-22.0	0.0
6.0	56.0	-6.0
6.0	44.0	-6.0
-34.0	16.0	54.0
-30.0	10.0	50.0
22.0	48.0	46.0
2.0	2.0	4.0
-2.0	-6.0	2.0
-8.0	-40.0	36.0
-18.0	34.0	48.0

// Gagnepain P, 2017: PMID 28559378-1
// Subjects=20
-26.0	54.0	16.0
-20.0	-34.0	0.0
50.0	-4.0	50.0
6.0	28.0	34.0
22.0	56.0	24.0
48.0	20.0	-2.0
14.0	14.0	58.0
32.0	36.0	46.0
60.0	-46.0	32.0
42.0	24.0	36.0
-46.0	16.0	0.0
28.0	48.0	32.0
44.0	14.0	41.0
50.0	2.0	40.0
28.0	-38.0	-12.0
-56.0	20.0	2.0
-28.0	52.0	14.0
54.0	-28.0	10.0
4.0	24.0	32.0
16.0	2.0	8.0
0.0	-84.0	24.0
30.0	48.0	16.0
34.0	-18.0	-8.0
24.0	-12.0	-18.0
-20.0	-32.0	-14.0
-38.0	-78.0	32.0
18.0	56.0	-8.0
-38.0	26.0	34.0
18.0	6.0	56.0
48.0	-58.0	40.0
40.0	54.0	4.0
54.0	-40.0	22.0
38.0	24.0	36.0
34.0	20.0	-14.0
48.0	-22.0	-8.0
-30.0	0.0	-22.0
-60.0	-54.0	30.0
-30.0	18.0	-16.0
16.0	12.0	0.0
56.0	-36.0	30.0
60.0	-32.0	-8.0
46.0	-6.0	48.0
50.0	-26.0	-4.0
56.0	6.0	2.0
56.0	-44.0	18.0
-30.0	-8.0	-16.0
20.0	-36.0	-14.0
8.0	-2.0	58.0
-40.0	-24.0	62.0
28.0	24.0	0.0
-30.0	-38.0	-14.0
2.0	24.0	44.0
-32.0	18.0	-2.0
52.0	-54.0	46.0
38.0	50.0	8.0
40.0	24.0	42.0
-34.0	50.0	4.0
-52.0	-58.0	44.0
32.0	-36.0	-16.0

// Magis-Weinberg L, 2017: PMID 28562207-1
// Subjects=20
-45.0	-46.0	43.0
-21.0	-79.0	-14.0
3.0	-61.0	46.0
0.0	-85.0	1.0
30.0	-79.0	19.0
-30.0	-76.0	22.0
-48.0	-46.0	10.0
27.0	-64.0	-5.0
30.0	59.0	7.0
-39.0	-1.0	55.0
9.0	20.0	46.0
-36.0	20.0	22.0
30.0	14.0	43.0
48.0	26.0	31.0
30.0	23.0	52.0
-48.0	14.0	25.0
30.0	-4.0	46.0
-9.0	-85.0	-14.0
18.0	-79.0	-14.0
6.0	53.0	13.0
9.0	-34.0	34.0
-33.0	-76.0	28.0
-39.0	47.0	-2.0
24.0	-76.0	46.0
30.0	17.0	-17.0
6.0	-52.0	28.0
15.0	-52.0	13.0
-12.0	-55.0	10.0
36.0	-70.0	37.0
-21.0	-64.0	28.0
-30.0	-37.0	-14.0
9.0	-49.0	4.0
54.0	-46.0	-11.0
21.0	-13.0	-20.0
-42.0	8.0	28.0
60.0	-10.0	31.0
33.0	17.0	-8.0
-6.0	44.0	1.0
45.0	14.0	-20.0
30.0	-31.0	-17.0
39.0	26.0	4.0
-3.0	53.0	13.0

// Yankouskaya A, 2017: PMID 28599147-1
// Subjects=20
54.0	-43.0	7.0
57.0	-34.0	37.0
-21.0	38.0	-15.0
33.0	-94.0	-8.0
27.0	20.0	-14.0
24.0	-28.0	-10.0
-60.0	-40.0	25.0

// Roberts BM, 2017: PMID 28602963-1
// Subjects=20
-32.0	-52.0	36.0
36.0	44.0	22.0
-2.0	50.0	-6.0
-42.0	2.0	28.0
-30.0	-2.0	-40.0
32.0	-4.0	-40.0
-22.0	-32.0	-4.0
32.0	-58.0	40.0
-8.0	-56.0	20.0
4.0	52.0	-2.0
38.0	-50.0	35.0
-26.0	-42.0	-16.0
10.0	-52.0	24.0
-46.0	-60.0	54.0
26.0	-18.0	-20.0
-24.0	-20.0	-22.0
26.0	-44.0	-10.0
24.0	-34.0	-2.0

// Mathieu R, 2018: PMID 28648549-1
// Subjects=20
24.0	-16.0	-18.0
-50.0	-54.0	13.0
56.0	10.0	20.0
18.0	-66.0	66.0
-22.0	-64.0	66.0
54.0	-52.0	13.0
-34.0	-8.0	55.0
14.0	-92.0	2.0
-24.0	-96.0	10.0
28.0	-4.0	48.0

// Sheng C, 2017: PMID 28650994-1
// Subjects=20
27.0	-6.0	-24.0
27.0	-6.0	-24.0
-30.0	-9.0	-33.0
-6.0	-81.0	27.0

// Levar N, 2017: PMID 28669913-1
// Subjects=20
-12.0	-48.0	50.0
22.0	-46.0	-16.0
-32.0	-66.0	-22.0
-20.0	-26.0	-80.0
-36.0	-76.0	24.0
-24.0	-4.0	-12.0
-22.0	0.0	-20.0
30.0	-34.0	-8.0
26.0	-58.0	-18.0
-24.0	2.0	-22.0
-16.0	34.0	48.0
18.0	26.0	58.0
6.0	-42.0	48.0
2.0	32.0	14.0
2.0	32.0	14.0
24.0	0.0	-12.0
-24.0	-4.0	-12.0

// van der Cruijsen R, 2017: PMID 28759780-1
// Subjects=20
-30.0	-67.0	40.0
-48.0	35.0	16.0
-39.0	8.0	34.0
-45.0	8.0	40.0
-9.0	38.0	31.0
-6.0	47.0	19.0
-3.0	50.0	31.0
48.0	35.0	16.0
12.0	14.0	61.0
9.0	32.0	55.0
6.0	35.0	13.0
51.0	29.0	25.0
24.0	38.0	-11.0
-42.0	-49.0	40.0
30.0	20.0	-14.0
-6.0	17.0	55.0
51.0	20.0	46.0
-9.0	-76.0	-5.0
15.0	-97.0	10.0
-33.0	-58.0	43.0
-42.0	-76.0	34.0
48.0	-40.0	43.0
3.0	53.0	-8.0
-6.0	50.0	-8.0
30.0	-31.0	-23.0
30.0	-19.0	-20.0
42.0	-55.0	52.0
-3.0	-58.0	19.0
-54.0	-7.0	49.0
-51.0	-7.0	58.0
-48.0	-10.0	40.0
57.0	-28.0	22.0
-57.0	2.0	-14.0
9.0	-82.0	1.0
0.0	-34.0	28.0
-3.0	-40.0	34.0
-3.0	35.0	7.0
-42.0	-16.0	1.0
0.0	26.0	28.0
60.0	-25.0	31.0
-39.0	-31.0	67.0
-6.0	2.0	43.0
69.0	-31.0	22.0
3.0	14.0	-8.0
-12.0	29.0	-5.0
-3.0	23.0	-8.0
18.0	-22.0	-2.0
45.0	8.0	-8.0
48.0	2.0	4.0
-27.0	-49.0	64.0
-24.0	-43.0	55.0
-48.0	-22.0	19.0
24.0	-25.0	-26.0
-39.0	2.0	7.0
51.0	-28.0	25.0
42.0	-1.0	16.0
18.0	-52.0	-20.0
-6.0	-10.0	55.0
-3.0	-19.0	52.0
-3.0	-70.0	-8.0
9.0	-79.0	-2.0
-12.0	-82.0	-8.0
-18.0	-85.0	-14.0
-30.0	26.0	-11.0
-51.0	5.0	-23.0
-51.0	14.0	-26.0
-9.0	-19.0	1.0
6.0	-52.0	-8.0
-54.0	-31.0	1.0
-60.0	-40.0	10.0
-51.0	-19.0	-5.0
48.0	2.0	-35.0
57.0	8.0	-29.0
30.0	-61.0	-23.0
-24.0	-16.0	-5.0
30.0	-46.0	-23.0

// Yan Z, 2017: PMID 28803349-1
// Subjects=20
-57.0	-43.0	-14.0
33.0	23.0	-2.0
-30.0	20.0	1.0
-48.0	29.0	28.0
-30.0	-55.0	43.0
-12.0	-70.0	46.0
60.0	-43.0	-11.0
-24.0	-97.0	1.0
-27.0	-61.0	-32.0
-33.0	-58.0	46.0
-6.0	-28.0	28.0
-54.0	-16.0	-14.0
3.0	-73.0	-7.0
-9.0	-76.0	-29.0
-54.0	-43.0	-2.0
6.0	-28.0	28.0
-24.0	5.0	58.0
33.0	20.0	7.0
9.0	-76.0	-29.0
57.0	23.0	31.0
-51.0	29.0	28.0
-12.0	-70.0	55.0
-27.0	-67.0	40.0
15.0	-67.0	58.0
45.0	44.0	22.0
42.0	47.0	31.0
-27.0	-1.0	49.0
-45.0	38.0	31.0
-54.0	20.0	31.0
-42.0	-1.0	34.0
-30.0	-1.0	64.0
12.0	-37.0	49.0
30.0	-1.0	64.0
-27.0	20.0	1.0
21.0	-7.0	-23.0
-24.0	-97.0	4.0
-24.0	-43.0	-47.0
-45.0	-64.0	-5.0
-27.0	-67.0	43.0
9.0	-13.0	1.0
9.0	-19.0	4.0
12.0	-10.0	1.0
-12.0	-70.0	55.0
15.0	-67.0	58.0
-36.0	-67.0	-29.0
-6.0	-76.0	-26.0
9.0	-79.0	-26.0
30.0	-64.0	-32.0
39.0	-67.0	-47.0
18.0	-46.0	-50.0
-33.0	-58.0	-38.0
18.0	-67.0	64.0
15.0	-7.0	1.0
-18.0	17.0	-2.0
21.0	-7.0	-23.0
-12.0	17.0	-5.0
-45.0	38.0	31.0
27.0	-43.0	-47.0
18.0	-67.0	64.0
-15.0	20.0	-2.0
-21.0	-4.0	-26.0
-21.0	-4.0	-26.0
42.0	44.0	34.0
33.0	50.0	-8.0
60.0	-28.0	28.0
-48.0	44.0	16.0
-63.0	-34.0	40.0
63.0	-31.0	28.0
-63.0	-34.0	40.0

// Karuza EA, 2017: PMID 28850297-1
// Subjects=20
16.0	-32.0	-6.0
-4.0	-70.0	16.0
-8.0	-70.0	14.0
-22.0	-56.0	0.0
4.0	-72.0	28.0
-36.0	-16.0	-2.0
-24.0	-14.0	-12.0
36.0	-16.0	-2.0
4.0	-52.0	30.0
-12.0	-44.0	38.0
22.0	-8.0	-20.0
-46.0	-66.0	18.0
-24.0	-14.0	-14.0
-32.0	-74.0	-8.0
0.0	-72.0	22.0
-20.0	-90.0	38.0
32.0	-16.0	-6.0
20.0	-12.0	-4.0
-28.0	-16.0	-4.0
-24.0	-16.0	-4.0
8.0	-28.0	0.0
-4.0	-24.0	-2.0
56.0	-30.0	22.0
-56.0	-52.0	12.0
22.0	-8.0	-16.0
0.0	-66.0	32.0
2.0	-68.0	18.0
10.0	-46.0	-2.0
-58.0	-46.0	18.0
62.0	-32.0	0.0
62.0	-34.0	4.0
26.0	-72.0	28.0
-56.0	-52.0	10.0
6.0	-6.0	4.0
6.0	-6.0	4.0
-40.0	-68.0	-26.0
-34.0	54.0	-16.0
-4.0	0.0	6.0
-10.0	6.0	-20.0
-44.0	-58.0	-24.0
-50.0	-60.0	-24.0
38.0	-66.0	-8.0
-40.0	-18.0	-4.0
-42.0	-62.0	-10.0
-38.0	-4.0	0.0
42.0	-66.0	-2.0
28.0	-78.0	-6.0
2.0	-66.0	32.0
2.0	-40.0	-44.0
52.0	-32.0	12.0
28.0	22.0	28.0
-38.0	-50.0	34.0
-18.0	58.0	30.0
-36.0	-74.0	-38.0
-8.0	50.0	-10.0
-26.0	-48.0	40.0
40.0	10.0	-38.0
34.0	-56.0	-32.0
-38.0	-74.0	-8.0
22.0	-12.0	-42.0
-34.0	40.0	-14.0
-6.0	-64.0	-6.0
50.0	-32.0	40.0
-22.0	-34.0	-18.0
-22.0	10.0	2.0
58.0	-28.0	26.0

// Luo L, 2017: PMID 28877512-1
// Subjects=20
-12.0	45.0	12.0
-57.0	12.0	18.0
-9.0	45.0	15.0
6.0	45.0	21.0
9.0	54.0	9.0
-30.0	-12.0	-15.0
-30.0	-27.0	15.0
51.0	-3.0	-24.0
15.0	42.0	6.0
51.0	12.0	0.0
-27.0	-33.0	-3.0
30.0	-24.0	-9.0
66.0	-18.0	-9.0
9.0	36.0	21.0
-9.0	42.0	3.0
-42.0	15.0	18.0
-39.0	12.0	30.0
-36.0	-18.0	-15.0
33.0	15.0	0.0

// Kennedy KM, 2017: PMID 28946019-1
// Subjects=20
33.0	3.0	60.0
33.0	-66.0	39.0
-30.0	-63.0	-33.0
30.0	-63.0	-33.0
33.0	12.0	54.0
-3.0	60.0	3.0
-6.0	-51.0	27.0
45.0	-27.0	21.0
33.0	-69.0	51.0
0.0	18.0	48.0
-33.0	-54.0	48.0
-27.0	-60.0	39.0
-30.0	-66.0	54.0
42.0	-42.0	42.0
0.0	6.0	63.0
39.0	-6.0	-15.0
24.0	-72.0	-9.0
-48.0	-75.0	30.0
24.0	-6.0	-15.0
36.0	-51.0	45.0
-39.0	-21.0	-15.0
-39.0	-48.0	42.0
-15.0	-93.0	36.0
39.0	-6.0	-15.0
-3.0	54.0	27.0
-15.0	45.0	45.0
-3.0	60.0	6.0
24.0	-39.0	-12.0
39.0	-72.0	6.0
30.0	-90.0	24.0
30.0	-9.0	-18.0
21.0	-93.0	36.0
-12.0	-54.0	12.0
51.0	-3.0	3.0
-24.0	-42.0	-12.0
42.0	-9.0	18.0
-30.0	-84.0	15.0
12.0	-42.0	54.0
-12.0	-42.0	54.0
3.0	-6.0	39.0
-3.0	3.0	36.0
-9.0	-6.0	30.0
45.0	-15.0	66.0
-9.0	-51.0	3.0
0.0	-51.0	21.0

// Liu Y, 2017: PMID 29040763-1
// Subjects=20
-9.0	65.0	25.0
-36.0	23.0	-20.0
27.0	26.0	-29.0
-48.0	-1.0	28.0
36.0	-4.0	58.0
-33.0	-55.0	52.0
45.0	-40.0	49.0
0.0	-46.0	49.0
42.0	-67.0	31.0
30.0	-19.0	-14.0
-6.0	-79.0	34.0
3.0	68.0	7.0
-27.0	26.0	55.0
-18.0	-4.0	-29.0
21.0	-4.0	-26.0
30.0	-19.0	-17.0
27.0	17.0	55.0
-27.0	11.0	61.0
9.0	53.0	-23.0
-39.0	-79.0	34.0

// Ma L, 2018: PMID 29108734-1
// Subjects=20
14.0	12.0	46.0
10.0	-74.0	6.0
54.0	-52.0	28.0
12.0	10.0	46.0
6.0	44.0	32.0
14.0	12.0	44.0
-10.0	-50.0	32.0
-18.0	-72.0	4.0
-34.0	-90.0	-12.0
-32.0	-88.0	-14.0
16.0	-66.0	0.0
-36.0	-90.0	-4.0
32.0	-92.0	-8.0
-36.0	-6.0	-32.0
-14.0	-66.0	20.0
-58.0	-2.0	32.0
8.0	-88.0	16.0
-60.0	-4.0	34.0
-18.0	-8.0	22.0
-8.0	-42.0	60.0
-50.0	-26.0	10.0
-8.0	46.0	-4.0
-40.0	-4.0	-32.0
60.0	-12.0	-30.0
-10.0	50.0	-4.0
-10.0	28.0	-20.0
42.0	-10.0	-6.0
10.0	26.0	24.0
58.0	-24.0	40.0
6.0	-42.0	-2.0
46.0	-50.0	54.0
-48.0	-50.0	30.0
2.0	10.0	50.0
44.0	-10.0	-6.0
54.0	-6.0	-20.0
28.0	-52.0	2.0
36.0	-18.0	-14.0
30.0	-14.0	-26.0

// Hays CC, 2017: PMID 29133109-1
// Subjects=20
33.0	-12.0	-24.0
-30.0	-20.0	-26.0

// Araneda R, 2018: PMID 29159044-1
// Subjects=20
-18.6	-50.9	53.9
0.4	-4.0	39.8
26.2	1.8	70.2
35.9	-50.3	56.6
54.8	-59.9	13.7
42.0	-46.7	19.4
51.3	2.5	-4.9
10.3	-66.1	61.6
28.9	-13.2	0.1
-22.3	-85.1	-16.7
48.1	9.1	-2.0
-27.6	37.5	27.7
-35.3	21.3	-2.1
-41.0	-64.0	52.0
-51.0	-34.4	22.8
-54.6	-2.8	-23.3
-63.9	-39.1	3.3
61.2	-54.3	3.1
17.6	11.0	66.2
-15.9	-6.4	10.0
-19.0	37.2	36.5
67.6	-27.6	17.5
45.1	20.1	30.5
45.0	24.6	20.1
-60.5	-27.0	35.7
29.0	-35.4	1.9
-44.9	18.6	4.9
-35.1	9.9	15.6
-21.7	-59.6	64.8
-0.7	7.7	38.8
0.1	26.0	13.8
-47.9	27.0	32.1
-28.7	-32.6	2.3
-57.4	1.5	33.3
9.6	21.6	-2.6
37.0	-59.8	57.4
-41.2	-39.6	36.5
6.2	53.2	-6.4
35.4	-26.1	-2.3
3.5	8.5	35.3
-3.3	44.5	5.6
3.5	-53.8	13.8
11.1	17.2	51.2
6.2	59.6	-5.8
51.4	33.0	18.2
0.1	23.3	20.7
13.0	-42.1	-0.7
3.4	50.0	35.2

// Franklin TR, 2018: PMID 29172122-1
// Subjects=20
-66.0	-40.0	-10.0
22.0	-18.0	-16.0
-10.0	-12.0	-24.0
2.0	-16.0	-22.0
-2.0	-14.0	-20.0
4.0	-92.0	4.0
6.0	0.0	-12.0
12.0	66.0	-4.0
-6.0	44.0	0.0
58.0	-42.0	-14.0
22.0	-66.0	18.0
20.0	50.0	-12.0
-44.0	-34.0	2.0
40.0	-16.0	-10.0
-4.0	26.0	-8.0
-48.0	20.0	-18.0
24.0	26.0	-24.0
-32.0	56.0	-12.0
0.0	42.0	-26.0

// Oddo-Sommerfeld S, 2018: PMID 29174728-1
// Subjects=20
-41.0	15.0	-20.0
45.0	-46.0	50.0
-18.0	-84.0	28.0
-24.0	-60.0	59.0
23.0	-81.0	31.0
13.0	-79.0	28.0
-37.0	15.0	-34.0
7.0	36.0	-18.0
-24.0	-1.0	-17.0
-37.0	-78.0	-8.0
-7.0	-80.0	27.0
25.0	-59.0	62.0
36.0	-80.0	19.0
57.0	-22.0	7.0
25.0	-59.0	62.0
26.0	1.0	-18.0
-37.0	15.0	-34.0
-18.0	-84.0	28.0
23.0	-81.0	31.0
56.0	-37.0	-1.0
45.0	-60.0	39.0
13.0	-79.0	28.0
-24.0	-60.0	59.0
24.0	-15.0	-20.0
-37.0	-78.0	-8.0
-12.0	11.0	9.0
-6.0	5.0	61.0
45.0	-46.0	50.0
-7.0	-80.0	27.0
32.0	53.0	-11.0

// Rallis A, 2018: PMID 29247666-1
// Subjects=20
22.7	-95.4	-16.4
-24.4	-95.7	-15.8
-24.3	-91.1	-11.8
-27.6	-91.5	-16.2
-30.3	-44.3	71.4
-34.6	-42.6	66.8
-62.6	-28.4	45.9
-51.1	-53.8	-7.9
-36.8	-32.5	59.3
-33.6	-30.7	54.7
-65.9	-21.8	35.3
-53.3	-53.6	-5.7
30.0	-22.6	-11.4
32.9	-49.0	-50.5
-41.0	-35.4	62.9
-94.8	-5.0	34.2
-53.2	-69.5	-4.3
-46.1	42.1	-7.1
-33.6	-26.1	59.8
43.0	-75.9	0.7
36.9	-37.1	48.8
33.7	-39.7	55.8
22.3	-44.0	-39.7
-33.6	-43.6	53.5
-40.1	-31.2	49.2
-30.4	-46.6	54.8
-44.6	-76.2	4.0
-43.5	-77.2	5.1
-46.8	-65.9	-0.2
-53.5	43.7	-0.4
-43.5	-79.7	-0.2
10.6	-16.9	-18.4
33.1	-16.2	-12.0
-56.4	-69.0	2.4
29.8	-8.8	-26.0
-54.2	2.4	30.9
33.1	-16.5	-15.3
-30.4	-86.8	31.4
-1.7	-94.0	18.3
-21.4	-13.1	-8.3
-27.8	-16.6	-11.3
-14.7	-63.1	5.9
7.7	-4.3	20.7
-15.7	-62.0	5.8
-20.9	-68.1	24.2
-4.8	-96.9	22.0
17.2	-61.0	-11.4
2.6	-93.9	18.3
17.3	-70.0	-4.0
2.6	-68.0	22.8
-18.2	22.2	-5.7
-31.1	41.8	0.6
-11.6	-38.4	-5.2
20.7	-27.0	29.2
-11.5	-7.1	27.9
-53.2	-15.9	13.5
-44.6	-72.3	-0.8
-26.4	-18.3	22.3
56.0	-44.7	30.3
-48.8	-30.0	23.5
-46.7	-30.0	23.5
-53.1	-7.3	28.4
-63.0	6.4	0.6
-56.2	-28.4	45.8
-56.2	-24.2	44.3
59.0	-51.3	0.7
-53.2	-18.1	12.6
73.0	-48.6	20.4
72.0	-48.3	24.8
-14.4	-80.3	30.7
28.4	-99.1	31.8
24.1	-70.1	36.1
-53.2	-59.6	-0.7
-11.6	-38.5	-6.3
-11.5	-6.9	30.1

// Grady CL, 2018: PMID 29253658-1
// Subjects=20
-24.0	20.0	36.0
56.0	0.0	8.0
-56.0	28.0	8.0
-4.0	28.0	24.0
-8.0	16.0	40.0
24.0	-8.0	52.0
32.0	12.0	28.0
-24.0	-64.0	32.0
32.0	-48.0	48.0
8.0	-76.0	12.0
44.0	-60.0	4.0
-16.0	-76.0	8.0
52.0	-44.0	8.0
56.0	0.0	8.0
-56.0	-28.0	20.0
-56.0	-28.0	20.0
52.0	-44.0	8.0
8.0	-76.0	12.0
-44.0	-40.0	16.0
-52.0	-64.0	-12.0
-52.0	-64.0	-12.0
28.0	-56.0	-32.0
36.0	-44.0	-28.0
-4.0	28.0	24.0
-16.0	-76.0	8.0
-12.0	28.0	28.0
-24.0	-64.0	44.0
-40.0	44.0	12.0
28.0	-64.0	44.0
-24.0	-64.0	44.0
-24.0	-64.0	40.0
-24.0	-64.0	40.0
32.0	-64.0	40.0
32.0	-72.0	40.0
32.0	-72.0	36.0
-28.0	-72.0	36.0
-28.0	-72.0	36.0
-28.0	-72.0	32.0
-28.0	-72.0	32.0
32.0	-64.0	28.0
-32.0	-44.0	40.0
-32.0	-44.0	40.0
56.0	24.0	12.0
32.0	-72.0	36.0
-40.0	-80.0	8.0
-40.0	-60.0	-8.0
44.0	-60.0	4.0
56.0	24.0	12.0
32.0	36.0	28.0
32.0	36.0	24.0
32.0	36.0	24.0
-44.0	4.0	28.0
-40.0	44.0	12.0
-40.0	-80.0	8.0
36.0	-44.0	-28.0
-44.0	-40.0	16.0
-56.0	28.0	8.0
60.0	-44.0	28.0
60.0	-44.0	28.0
60.0	-28.0	32.0
32.0	20.0	-4.0
56.0	-28.0	32.0
56.0	-28.0	32.0
32.0	-44.0	40.0
-36.0	20.0	-12.0
32.0	20.0	-4.0
32.0	20.0	-4.0
32.0	20.0	-4.0
48.0	-60.0	20.0
-8.0	-68.0	24.0
56.0	-60.0	20.0
-8.0	-68.0	20.0
0.0	-20.0	36.0
0.0	-24.0	36.0
8.0	-24.0	36.0
4.0	-52.0	24.0
4.0	-52.0	24.0
4.0	-52.0	20.0
-32.0	-44.0	36.0
24.0	16.0	-8.0
-16.0	16.0	-4.0
-16.0	12.0	12.0
36.0	12.0	28.0
-40.0	-60.0	24.0
-48.0	-64.0	24.0
-48.0	-64.0	24.0
-48.0	-64.0	44.0
-48.0	-76.0	44.0
-40.0	-76.0	44.0
-40.0	-76.0	44.0
-40.0	-76.0	24.0
-44.0	-60.0	24.0
4.0	-68.0	20.0
-44.0	-60.0	24.0
-44.0	-68.0	24.0
-40.0	-68.0	24.0
48.0	-68.0	36.0
48.0	-68.0	36.0
40.0	20.0	-4.0
40.0	24.0	-8.0
56.0	-60.0	20.0
40.0	20.0	-4.0
60.0	-44.0	32.0
32.0	8.0	28.0
48.0	-68.0	20.0
-8.0	-68.0	20.0
-44.0	-60.0	24.0
-8.0	-52.0	24.0
36.0	8.0	28.0
20.0	24.0	40.0
36.0	12.0	28.0
-40.0	16.0	44.0
44.0	-72.0	28.0
36.0	-4.0	-4.0
-36.0	-8.0	0.0
-8.0	12.0	-20.0
-8.0	12.0	-20.0
-40.0	-80.0	8.0
16.0	48.0	4.0
-40.0	16.0	44.0
-40.0	-80.0	8.0
-40.0	12.0	24.0
8.0	-52.0	-20.0
-44.0	12.0	24.0
-44.0	12.0	24.0
-44.0	12.0	8.0
-44.0	52.0	8.0
-24.0	52.0	8.0
44.0	-72.0	28.0
0.0	-20.0	32.0
-40.0	16.0	24.0
-4.0	48.0	4.0
-12.0	-12.0	44.0
-4.0	52.0	0.0
-4.0	52.0	4.0
-8.0	-52.0	24.0
-8.0	-52.0	36.0
-8.0	-48.0	36.0
-16.0	-48.0	36.0
36.0	12.0	28.0
0.0	-20.0	32.0
-12.0	-60.0	12.0
56.0	-60.0	20.0
56.0	-52.0	20.0
56.0	-52.0	20.0
8.0	60.0	-16.0
-8.0	-52.0	24.0
-4.0	52.0	0.0
8.0	52.0	0.0
56.0	-52.0	20.0
-12.0	-60.0	12.0
8.0	60.0	-16.0
8.0	60.0	0.0
-16.0	32.0	40.0
24.0	-36.0	-4.0
-20.0	-32.0	-12.0
-8.0	44.0	24.0

// DeWitt SJ, 2018: PMID 29254065-1
// Subjects=20
14.5	-47.3	55.5
-11.1	-60.7	50.2
4.0	-76.3	67.0
-17.8	9.1	44.4
29.1	1.8	28.9
23.1	-56.1	51.7
35.7	-62.0	29.7
14.2	0.1	35.9
29.3	-53.7	26.9
-24.4	20.8	32.4
26.8	-0.5	0.1
46.3	-54.3	17.8
-47.8	-69.1	0.0
-45.9	43.3	21.8
9.6	66.5	14.8
-58.8	-16.8	-10.9
-26.2	-83.6	30.0
1.4	-8.4	36.8
28.8	-12.6	-19.0
3.9	-79.3	56.1
31.7	-68.0	61.5

// Rosenblau G, 2018: PMID 29255008-1
// Subjects=20
-6.0	38.0	14.0
-22.0	-2.0	10.0
6.0	48.0	-6.0
2.0	46.0	16.0
-10.0	44.0	14.0
4.0	54.0	-10.0
6.0	48.0	-6.0
-4.0	62.0	-6.0
6.0	48.0	-2.0
4.0	48.0	6.0
2.0	38.0	8.0
-14.0	0.0	18.0
-12.0	-90.0	-8.0
4.0	58.0	2.0
28.0	-92.0	-6.0
-38.0	-54.0	-30.0
-18.0	-86.0	-10.0
18.0	-92.0	-8.0
2.0	48.0	12.0
-14.0	-22.0	18.0
58.0	-44.0	-14.0
50.0	-54.0	-26.0
-16.0	-6.0	20.0
24.0	10.0	16.0
20.0	-16.0	20.0
18.0	12.0	12.0
-26.0	-74.0	-18.0
36.0	-82.0	-16.0
14.0	-10.0	2.0
18.0	-8.0	-20.0
34.0	-70.0	-24.0
16.0	-22.0	12.0
-18.0	-84.0	-10.0
38.0	-36.0	-22.0
-30.0	-74.0	-16.0
-18.0	-86.0	-6.0
-16.0	-90.0	-2.0
4.0	-82.0	-28.0
-14.0	-18.0	18.0
34.0	-52.0	-14.0
-26.0	-74.0	-16.0
-44.0	-42.0	-14.0
-22.0	-86.0	-12.0
-36.0	-62.0	-28.0
8.0	52.0	16.0
-52.0	-52.0	-14.0
40.0	-76.0	-14.0
34.0	-88.0	-6.0
-2.0	-92.0	8.0
-6.0	-92.0	8.0
-14.0	-96.0	-8.0
38.0	-68.0	-14.0
-2.0	40.0	30.0
0.0	36.0	28.0
42.0	-88.0	-2.0
-6.0	42.0	34.0
6.0	26.0	62.0
-20.0	-98.0	-10.0
-46.0	-58.0	-18.0
-26.0	-40.0	-8.0
-22.0	-72.0	-12.0
-14.0	-90.0	-12.0
-48.0	-50.0	-30.0
-46.0	-44.0	-14.0
-38.0	-56.0	-30.0
-18.0	-86.0	-10.0
-6.0	-82.0	-26.0
-32.0	-72.0	-38.0
-40.0	-60.0	-28.0
8.0	50.0	20.0
-34.0	-68.0	-10.0
-40.0	4.0	26.0
-54.0	8.0	38.0
-54.0	14.0	38.0
-26.0	6.0	42.0
4.0	-70.0	-28.0
48.0	-76.0	-4.0
-44.0	10.0	46.0
24.0	-82.0	-10.0
20.0	-88.0	-8.0
32.0	-42.0	-20.0
36.0	-54.0	-14.0
6.0	-84.0	-24.0
2.0	-82.0	-24.0
10.0	-82.0	-28.0
22.0	-86.0	-32.0
50.0	-66.0	-6.0

// Kruse O, 2018: PMID 29288866-1
// Subjects=20
10.0	36.0	32.0
-30.0	-6.0	-18.0
28.0	0.0	-12.0
-28.0	-14.0	-14.0
-26.0	0.0	-28.0
20.0	-4.0	-10.0
34.0	-30.0	-6.0
-12.0	34.0	28.0
4.0	36.0	6.0
-8.0	36.0	8.0
-42.0	4.0	-8.0
-28.0	-38.0	0.0
0.0	-8.0	50.0
10.0	6.0	34.0
6.0	14.0	-2.0
20.0	-4.0	-10.0
-6.0	12.0	-2.0
42.0	-14.0	12.0
-6.0	12.0	-2.0
6.0	14.0	-2.0

// Fritz T, 2018: PMID 29366950-1
// Subjects=20
48.0	-36.0	2.0
-50.0	22.0	0.0
-62.0	-18.0	-2.0
-48.0	-4.0	-32.0
52.0	-14.0	-16.0
-6.0	54.0	34.0
58.0	-12.0	4.0
30.0	-28.0	-8.0
-32.0	28.0	-22.0
10.0	48.0	38.0

// Portnova GV, 2017: PMID 29375349-1
// Subjects=20
-30.0	-1.5	3.0
31.5	43.5	-15.0
22.5	-28.5	67.5
34.5	-31.5	-7.5
10.5	-40.5	-7.5
6.0	-64.5	-12.0
60.0	4.5	12.0
40.5	-15.0	-12.0
61.5	1.5	-21.0
55.5	40.5	-15.0
52.5	-25.5	21.0
18.0	-16.5	63.0
42.0	-1.5	12.0
34.5	-45.0	-13.5
-9.0	-40.5	57.0
-36.0	18.0	3.0
-22.5	36.0	-10.5
3.0	40.5	24.0
16.5	49.5	-9.0
18.0	-27.0	49.5
21.0	1.5	22.5
61.5	3.0	9.0
-52.5	-51.0	25.5
27.0	48.0	15.0
3.0	1.5	34.5
16.5	-48.0	37.5
4.5	36.0	1.5
52.5	-25.5	19.5
15.0	-60.0	45.0
16.5	6.0	-18.0
3.0	-72.0	-12.0
-9.0	-60.0	-12.0
-16.5	-30.0	55.5
60.0	3.0	12.0
-10.5	43.5	3.0
-28.5	28.5	9.0
-13.5	-57.0	31.5
-28.5	-33.0	15.0
-18.0	-45.0	51.0
-19.5	6.0	24.0
34.5	-25.5	21.0
-27.0	30.0	22.5
-60.0	0.0	21.0
-30.0	63.0	13.5
55.5	-30.0	18.0
51.0	33.0	0.0
18.0	-40.5	52.5
46.5	-61.5	7.5
-55.5	-21.0	24.0
15.0	-57.0	18.0
10.5	-12.0	45.0
10.5	7.5	40.5
4.5	-61.5	-18.0
9.0	-40.5	-6.0
49.5	-9.0	18.0
-66.0	-45.0	10.5
-49.5	-75.0	22.5
-51.0	-75.0	-6.0
-22.5	-43.5	57.0
-55.5	-52.5	27.0
-13.5	-84.0	21.0
-31.5	-27.0	40.5
-7.5	-25.5	66.0
-21.0	-12.0	-10.5
19.5	-6.0	-24.0
43.5	9.0	-6.0

// Li Y, 2018: PMID 29486001-1
// Subjects=20
27.0	3.0	-24.0
-36.0	-12.0	-33.0
-63.0	-39.0	36.0
12.0	-54.0	-18.0
-36.0	-75.0	-30.0
-15.0	-15.0	72.0
12.0	-6.0	60.0
6.0	51.0	36.0
30.0	-45.0	-39.0
18.0	48.0	15.0
6.0	-6.0	33.0
-6.0	-24.0	-39.0
-9.0	-60.0	3.0
-48.0	-57.0	21.0
6.0	-21.0	12.0
3.0	-66.0	-9.0
6.0	30.0	-3.0
-36.0	12.0	39.0
-18.0	-69.0	-39.0
42.0	27.0	-21.0
9.0	-72.0	-51.0
57.0	24.0	33.0
21.0	6.0	-42.0
-42.0	9.0	39.0
-15.0	48.0	39.0
-24.0	12.0	51.0
33.0	48.0	9.0
21.0	-78.0	3.0
63.0	-30.0	9.0
-48.0	-9.0	-3.0
3.0	21.0	27.0
-6.0	9.0	42.0
-12.0	-63.0	-27.0
33.0	-60.0	-12.0
-24.0	-66.0	-3.0
30.0	-45.0	54.0
27.0	27.0	36.0
36.0	-18.0	69.0
51.0	27.0	15.0
-63.0	-36.0	36.0
39.0	-9.0	9.0
-33.0	48.0	0.0
27.0	51.0	24.0
-24.0	-78.0	-54.0
-36.0	-57.0	18.0
51.0	-6.0	12.0
6.0	-69.0	57.0
30.0	42.0	45.0
-30.0	39.0	39.0
18.0	-21.0	12.0
-9.0	33.0	30.0
-39.0	12.0	-6.0
-54.0	-15.0	51.0
-3.0	-66.0	-24.0
27.0	-54.0	-6.0
57.0	39.0	3.0
-30.0	-45.0	-3.0
-9.0	-42.0	60.0
9.0	-33.0	66.0
-9.0	-27.0	66.0
0.0	-6.0	36.0
-6.0	-60.0	15.0
33.0	24.0	9.0
12.0	-9.0	36.0
-54.0	-51.0	-18.0
51.0	-27.0	60.0
-36.0	12.0	45.0
51.0	12.0	48.0
-39.0	-57.0	15.0
57.0	-3.0	18.0
-9.0	33.0	-3.0
3.0	-69.0	54.0
-6.0	30.0	48.0
9.0	-60.0	-39.0
-30.0	-81.0	-3.0
-36.0	15.0	6.0
39.0	-69.0	-24.0
6.0	-99.0	6.0
-3.0	-99.0	15.0
54.0	-18.0	27.0
-45.0	3.0	24.0
42.0	24.0	21.0
30.0	-96.0	-6.0
-60.0	-57.0	-18.0
60.0	-63.0	-18.0
42.0	36.0	42.0
30.0	24.0	36.0
-39.0	-90.0	12.0
-33.0	-66.0	33.0
-54.0	-45.0	-6.0
33.0	-60.0	24.0
0.0	60.0	36.0
18.0	21.0	48.0
-9.0	9.0	69.0
-36.0	51.0	30.0
-36.0	-51.0	18.0
12.0	-51.0	-51.0
60.0	-21.0	18.0
-30.0	-3.0	-36.0
33.0	-54.0	-15.0
-36.0	-48.0	-15.0
45.0	39.0	-15.0
-60.0	3.0	6.0
-33.0	-66.0	39.0
-36.0	48.0	36.0
-42.0	9.0	48.0
60.0	-18.0	12.0
21.0	-60.0	21.0
51.0	-75.0	3.0
21.0	-54.0	72.0
-24.0	-48.0	72.0
-33.0	-63.0	51.0
-12.0	33.0	30.0
-3.0	-57.0	-27.0
42.0	21.0	21.0
-33.0	-93.0	-15.0
-33.0	-93.0	21.0
33.0	-93.0	-9.0
54.0	-48.0	-21.0
15.0	33.0	36.0
-18.0	45.0	15.0
-6.0	18.0	48.0
45.0	36.0	42.0
-57.0	-66.0	-9.0
-33.0	-66.0	30.0
33.0	-60.0	24.0
24.0	-24.0	51.0
24.0	-51.0	42.0
-36.0	-30.0	27.0
-6.0	-66.0	57.0
-36.0	-48.0	-15.0
48.0	18.0	-30.0
9.0	-24.0	-18.0
3.0	-60.0	6.0
-54.0	-18.0	18.0
-24.0	-81.0	18.0
36.0	36.0	30.0
45.0	3.0	48.0
-45.0	9.0	-42.0
-33.0	-51.0	66.0
-63.0	-39.0	36.0
27.0	-6.0	63.0
21.0	-51.0	72.0
33.0	-57.0	-15.0
15.0	-57.0	57.0
3.0	24.0	-9.0
3.0	-75.0	-3.0
-12.0	18.0	-12.0
-27.0	-12.0	51.0
9.0	3.0	54.0
-3.0	66.0	0.0
9.0	63.0	6.0
-15.0	-33.0	-6.0
-12.0	-96.0	-18.0
-39.0	12.0	39.0
45.0	-75.0	-45.0
-27.0	-75.0	12.0
-9.0	6.0	42.0
-9.0	-75.0	54.0
-18.0	-36.0	-33.0
39.0	-33.0	60.0
21.0	-69.0	42.0
-15.0	-69.0	36.0
-51.0	-33.0	18.0
-18.0	-36.0	-36.0
-27.0	45.0	33.0
-6.0	57.0	-18.0
24.0	36.0	24.0
-30.0	-48.0	69.0
-6.0	6.0	-12.0
-21.0	-42.0	-30.0
15.0	-54.0	-18.0
21.0	-66.0	-60.0
48.0	-69.0	-27.0
30.0	66.0	6.0
15.0	72.0	-3.0
-12.0	-90.0	-12.0
27.0	-9.0	-27.0
9.0	-18.0	-30.0
60.0	-24.0	48.0
-3.0	6.0	-12.0
12.0	21.0	-12.0
48.0	15.0	0.0
45.0	18.0	-33.0
9.0	48.0	39.0
21.0	66.0	6.0
36.0	-54.0	-21.0
-30.0	-18.0	6.0
-12.0	-99.0	-18.0
6.0	-39.0	69.0
-42.0	-36.0	-21.0
30.0	6.0	-39.0
-39.0	-57.0	9.0
12.0	-24.0	3.0
-12.0	-33.0	-6.0
39.0	-57.0	-57.0
9.0	-57.0	-51.0
-21.0	-36.0	-36.0
-33.0	-57.0	-33.0
-12.0	-45.0	-24.0
-3.0	57.0	-21.0
-21.0	63.0	-3.0
18.0	3.0	9.0
-9.0	-66.0	21.0
-33.0	-63.0	27.0
-3.0	-30.0	24.0
24.0	36.0	24.0
-21.0	42.0	33.0
-27.0	-48.0	69.0
27.0	6.0	-27.0
-42.0	-36.0	45.0
27.0	42.0	24.0
-63.0	-24.0	18.0

// Steele JS, 2018: PMID 29489856-1
// Subjects=20
-30.0	-9.0	57.0
0.0	15.0	49.0
51.0	-19.0	19.0
-56.0	-16.0	17.0
40.0	17.0	7.0
-4.0	-19.0	-5.0
-37.0	18.0	7.0
17.0	-36.0	66.0
-43.0	10.0	38.0
3.0	-79.0	6.0
10.0	-3.0	13.0
-42.0	-49.0	48.0
-22.0	-41.0	65.0
-1.0	-22.0	-8.0
2.0	-26.0	-17.0
5.0	-19.0	1.0
-34.0	17.0	9.0
-4.0	15.0	33.0
36.0	23.0	32.0
26.0	-82.0	-16.0
39.0	16.0	7.0
40.0	19.0	18.0
-37.0	16.0	6.0
-40.0	-27.0	58.0
47.0	14.0	9.0
-22.0	-70.0	47.0
-6.0	-52.0	26.0
-31.0	48.0	24.0
42.0	-53.0	43.0
45.0	9.0	35.0
-8.0	-73.0	-1.0
22.0	-41.0	-6.0
13.0	-53.0	10.0
-27.0	13.0	4.0
-17.0	-67.0	42.0
23.0	-76.0	38.0
39.0	-67.0	-3.0
-42.0	-66.0	-3.0
-2.0	-72.0	3.0
42.0	-67.0	-4.0
-58.0	1.0	12.0
27.0	10.0	6.0
39.0	-22.0	58.0
53.0	-7.0	31.0
48.0	-29.0	15.0
-39.0	8.0	34.0
43.0	-63.0	-6.0
-28.0	-69.0	52.0
-8.0	-28.0	27.0
23.0	-17.0	-18.0
33.0	-6.0	60.0
39.0	-7.0	12.0
-49.0	-22.0	22.0
-25.0	4.0	4.0
-49.0	33.0	8.0
-38.0	12.0	11.0
49.0	-61.0	35.0
40.0	15.0	22.0
-5.0	-30.0	21.0
-30.0	-15.0	6.0
47.0	35.0	3.0

// Reveillon M, 2018: PMID 29627273-1
// Subjects=20
-3.0	42.0	-6.0
18.0	-15.0	-15.0
-18.0	-6.0	-15.0
-6.0	42.0	-9.0
-39.0	39.0	15.0
-18.0	-6.0	-15.0
18.0	-15.0	-15.0
45.0	-81.0	-9.0
-39.0	-48.0	-24.0
-27.0	-54.0	-15.0
45.0	-81.0	-6.0
39.0	-51.0	-18.0
-27.0	-54.0	-15.0
45.0	-81.0	-9.0

// Brevers D, 2018: PMID 29700724-1
// Subjects=20
34.0	20.0	-4.0
19.0	34.0	-10.0
20.0	42.0	-10.0
42.0	18.0	-8.0
14.0	34.0	42.0
-26.0	-4.0	24.0
-26.0	-44.0	16.0
-18.0	-26.0	18.0
-22.0	-36.0	12.0
-24.0	-52.0	16.0
-34.0	-94.0	2.0
36.0	-24.0	-12.0
6.0	2.0	26.0
-24.0	-84.0	6.0
-18.0	-80.0	6.0
-18.0	-92.0	8.0
-24.0	-66.0	-2.0
-28.0	-34.0	-28.0
-48.0	-52.0	-26.0
38.0	-46.0	-26.0
-4.0	2.0	24.0
18.0	28.0	48.0
-30.0	-94.0	4.0
32.0	-24.0	-12.0
-20.0	-88.0	6.0
26.0	34.0	40.0
66.0	-12.0	-22.0
30.0	26.0	54.0
-40.0	28.0	-24.0
-36.0	24.0	-26.0
-22.0	24.0	-28.0
-20.0	-18.0	-28.0
-26.0	-32.0	-28.0
-8.0	-26.0	-28.0
-16.0	-28.0	-28.0
-32.0	6.0	64.0
-18.0	-4.0	24.0
30.0	30.0	52.0
10.0	-72.0	62.0
-48.0	22.0	-22.0
40.0	24.0	26.0
-18.0	-14.0	-30.0
42.0	12.0	24.0
42.0	6.0	24.0
56.0	20.0	30.0
36.0	6.0	34.0
68.0	-14.0	-18.0
2.0	40.0	-22.0
64.0	-16.0	-18.0
72.0	-18.0	-8.0
64.0	2.0	-12.0
58.0	-10.0	-18.0
52.0	28.0	22.0
22.0	26.0	60.0

// Zhao R, 2018: PMID 29748772-1
// Subjects=20
-34.0	18.0	-16.0
16.0	12.0	70.0
0.0	18.0	48.0
-32.0	20.0	-14.0
-46.0	34.0	26.0
40.0	48.0	32.0
30.0	22.0	-14.0
18.0	12.0	68.0
-8.0	30.0	32.0
48.0	8.0	28.0
52.0	20.0	2.0
-6.0	32.0	22.0
24.0	-26.0	-10.0
0.0	24.0	36.0
2.0	26.0	34.0
-20.0	-30.0	-10.0
-20.0	-32.0	-12.0
22.0	-34.0	-12.0
-22.0	-98.0	-4.0
22.0	-98.0	-4.0
-36.0	-82.0	-16.0
28.0	-86.0	-8.0
-36.0	-82.0	-12.0
32.0	-88.0	-4.0
-38.0	-80.0	-14.0
-32.0	22.0	0.0
28.0	-88.0	-6.0
50.0	-34.0	52.0
30.0	-72.0	50.0
8.0	16.0	52.0
-44.0	-64.0	-2.0
-50.0	-40.0	48.0
-58.0	-44.0	28.0
30.0	-66.0	50.0
-14.0	14.0	0.0
14.0	14.0	6.0
-14.0	14.0	-2.0
16.0	16.0	-8.0
-6.0	-8.0	-2.0
-38.0	18.0	-18.0
40.0	20.0	-16.0
8.0	34.0	24.0
-52.0	-60.0	-8.0
-16.0	-72.0	44.0
50.0	-58.0	-14.0
-8.0	-8.0	-6.0
18.0	-28.0	-14.0
46.0	10.0	26.0
-18.0	8.0	68.0
18.0	14.0	70.0
-46.0	42.0	18.0
42.0	26.0	28.0
-30.0	22.0	-12.0
32.0	26.0	-4.0
-2.0	18.0	52.0
56.0	-44.0	0.0
54.0	-40.0	38.0
-54.0	-44.0	24.0
6.0	10.0	72.0
-26.0	-84.0	-12.0
42.0	32.0	-14.0
6.0	28.0	34.0
34.0	24.0	-2.0
6.0	28.0	36.0
-18.0	-32.0	-8.0
18.0	-28.0	-10.0
-22.0	-98.0	-6.0
20.0	-94.0	-6.0
-30.0	-84.0	-14.0
26.0	-88.0	-10.0
-28.0	-84.0	-12.0
-10.0	10.0	70.0
36.0	-76.0	-10.0
34.0	-76.0	-12.0
40.0	18.0	-16.0
24.0	48.0	42.0
-42.0	-54.0	50.0
-40.0	22.0	26.0
-44.0	26.0	32.0
56.0	-54.0	8.0
46.0	-60.0	-6.0
30.0	-68.0	48.0
46.0	-42.0	42.0
-62.0	-44.0	34.0
42.0	-46.0	40.0
18.0	-30.0	-8.0
12.0	-28.0	0.0
2.0	24.0	40.0
-4.0	30.0	34.0
38.0	6.0	4.0
-4.0	16.0	24.0
2.0	26.0	24.0
-2.0	16.0	34.0
0.0	18.0	34.0
-26.0	-76.0	-14.0
32.0	-82.0	-18.0
-36.0	28.0	2.0
44.0	-78.0	-6.0
-40.0	-60.0	-22.0
28.0	-50.0	-18.0
-26.0	-68.0	54.0
30.0	-64.0	56.0
-54.0	-62.0	-12.0
46.0	-34.0	52.0
-54.0	-46.0	28.0
44.0	-38.0	42.0
30.0	-50.0	40.0
-6.0	-22.0	0.0
6.0	-22.0	2.0
4.0	-26.0	-16.0
58.0	-58.0	0.0
-56.0	-60.0	-12.0
58.0	-58.0	-2.0
-4.0	-26.0	-16.0
-26.0	-72.0	48.0

// Sahraie A, 1997: PMID 9256495-1
// Subjects=20
-19.9	-62.2	18.1
7.7	-71.9	-0.4
50.1	6.7	-19.7
43.9	35.9	14.7
-8.4	-43.5	-2.6
-8.4	-43.9	-8.1
-51.4	2.9	-18.2
19.7	-88.4	19.8
-5.2	-52.3	-7.4
60.0	10.1	23.4
59.9	-34.0	-9.7
-36.5	38.8	-9.1
-41.3	-70.8	19.1
16.1	22.6	10.6
26.1	-34.1	33.1
-8.0	-84.4	32.1
53.3	15.7	-13.8
-23.2	-78.5	0.5
50.4	15.3	23.1
-20.3	-33.3	-21.1
63.0	22.0	-2.2
-14.0	-8.9	-23.2
4.3	-32.2	-9.2
-47.9	-64.2	-5.9
-7.9	-71.9	43.3
-1.8	-59.4	11.0
10.6	-15.1	-23.0
22.4	-19.9	-17.2
-36.3	-22.5	-4.0
4.8	-69.1	36.2
4.3	-13.8	-5.2
-33.3	5.8	-24.2
59.8	31.9	2.6
19.2	12.7	-7.6
-23.6	8.9	-12.3
-13.5	-42.8	34.2
25.5	3.4	-19.1
1.1	-38.0	-15.4
10.8	8.9	11.8
0.9	39.1	-9.6
50.3	-25.1	-4.8
31.9	8.3	-25.2
-11.4	-56.4	23.1
62.9	0.4	-19.3
-8.3	9.7	24.2
31.8	46.8	-22.9
-8.6	19.4	-1.1
-39.3	-40.0	4.2
56.8	-30.5	7.9
25.5	35.6	-15.2
-29.8	-7.1	1.3
-26.5	-57.9	5.6
-13.6	-32.1	21.1
-39.0	-60.9	36.1
63.1	-1.3	-0.2
16.2	29.9	22.2
-2.0	-3.9	13.0
-44.5	-71.3	12.5
63.3	4.2	29.4
38.4	34.9	2.6
41.8	-40.4	-9.0
-11.6	6.0	17.9
-4.9	-92.6	8.2
38.4	-18.1	-23.1
-44.7	-3.7	19.1
32.2	36.4	21.5
14.0	14.2	11.3
19.5	-8.1	25.4
60.0	-45.6	-8.7
56.9	-57.4	4.6
16.2	-58.6	-7.1
-26.6	22.8	16.6
28.7	30.3	-14.7
-30.0	52.0	8.6
41.8	42.6	33.1
11.1	-46.2	28.7
19.1	24.4	-8.6
-20.0	-65.9	11.7
22.5	-4.7	0.5
-19.9	-22.7	32.6
10.5	18.1	-20.2
47.3	-47.0	16.1
19.1	39.2	-9.8
14.0	48.8	32.9

// Whalen PJ, 1998: PMID 9412517-1
// Subjects=20
-28.9	46.2	2.4
-11.8	0.3	-14.0
20.2	-6.3	-20.5
-15.0	0.0	-17.3

