// Reference=MNI
// Dierks T, 1999: PMID 10197540-1
// Subjects=20
-52.2	-19.9	3.8
-43.7	-13.3	5.4
60.0	-15.5	8.8
-56.5	-17.5	7.0
51.5	-13.4	9.8
61.4	-14.7	46.6
-43.7	-25.1	4.1
-30.9	-36.0	-14.1
-54.3	-10.7	13.1
-56.6	-25.6	-14.7
-56.6	-25.6	-14.7
59.2	-15.2	41.1
-30.8	-34.6	3.7
-30.8	-34.6	3.7
-39.4	1.2	13.0
-45.9	-13.7	1.0
-31.0	-25.4	-15.0
-18.0	-30.8	-2.4
58.7	-4.4	-12.2
-18.2	-4.7	-10.2
-44.6	-36.2	11.8
-44.6	-36.2	11.8
-29.8	-30.8	-2.3
-29.8	-30.8	-2.3
-18.1	-4.3	-4.6
61.4	-14.7	46.6
-18.2	-4.7	-10.2
21.3	-4.6	-11.7
45.0	1.9	15.3
36.5	-31.5	-3.0
21.5	-31.6	-2.8
21.4	-4.1	-5.1
21.3	-4.6	-11.7
-44.7	1.1	13.1
-44.6	-35.9	16.2
58.8	-19.2	-10.9
22.5	-11.2	-1.2
59.2	-15.2	41.1
-51.2	-31.0	-2.0
47.6	-21.4	57.4
63.0	-19.7	-17.6
-51.2	-31.0	-2.0
22.5	-11.2	-1.2
47.1	-11.1	-1.4
47.1	-25.9	-0.2
47.6	-21.4	57.4
-38.5	25.1	5.4
-55.3	-43.8	11.4
-51.0	-29.5	16.8
-55.3	-43.3	18.0
-55.6	24.9	5.6
-51.0	-43.2	18.0
36.5	-31.5	-3.0
13.9	-13.0	-9.8
-28.7	-30.8	-2.3
-55.3	-43.3	18.0
42.1	-6.4	46.2
42.1	-6.4	46.2
-28.8	-31.2	-7.8
-21.3	-31.2	-7.9
25.7	-30.9	-8.5
-21.4	-14.3	-9.3
-21.3	-14.2	-8.2
-21.3	-14.2	-8.2
-28.8	-31.2	-7.8
14.0	-31.0	-8.3
-28.7	-30.8	-2.3
13.9	-13.0	-9.8
63.0	-19.7	-17.6
13.9	-13.0	-9.8
41.7	-12.8	-10.2
25.7	-30.9	-8.5
41.7	-10.7	-10.3

// Grady CL, 1999: PMID 10600999-1
// Subjects=20
-16.0	46.0	16.0
-34.0	48.0	0.0
26.0	38.0	32.0
14.0	52.0	8.0
46.0	-34.0	32.0
34.0	-18.0	-12.0
26.0	-74.0	24.0
32.0	-28.0	-24.0
-40.0	-72.0	4.0
34.0	-84.0	8.0
-10.0	-78.0	-16.0
-22.0	-32.0	8.0
-16.0	-14.0	-20.0
10.0	36.0	24.0
-48.0	-16.0	-12.0
-14.0	38.0	40.0
-14.0	54.0	24.0
-4.0	64.0	-4.0
8.0	-84.0	-12.0
-6.0	34.0	-16.0
46.0	8.0	8.0
-20.0	-28.0	12.0
-50.0	-38.0	4.0
48.0	-12.0	0.0
-52.0	6.0	16.0
-10.0	26.0	16.0
8.0	-54.0	28.0
-42.0	-52.0	28.0
-26.0	34.0	32.0
-10.0	-60.0	16.0
48.0	-60.0	-20.0
42.0	-54.0	40.0
-26.0	-24.0	-8.0
-34.0	-58.0	-12.0
30.0	-54.0	-16.0
-50.0	-10.0	44.0
44.0	4.0	20.0
20.0	-54.0	16.0
28.0	-80.0	24.0
8.0	50.0	36.0
-44.0	-48.0	32.0
-26.0	50.0	12.0
-38.0	18.0	24.0
-14.0	16.0	32.0
32.0	12.0	24.0
30.0	-84.0	-20.0
-28.0	36.0	8.0
26.0	46.0	24.0
-26.0	-84.0	8.0
-42.0	28.0	20.0
38.0	-30.0	-20.0
22.0	-92.0	8.0
38.0	28.0	28.0
-8.0	-90.0	24.0
-60.0	-22.0	28.0
56.0	-24.0	24.0
4.0	-2.0	40.0
56.0	-60.0	20.0
50.0	4.0	40.0
38.0	16.0	40.0
36.0	28.0	0.0
-10.0	18.0	-16.0
16.0	32.0	-12.0
-40.0	-32.0	0.0
54.0	-26.0	-8.0
-34.0	-22.0	-16.0

// Zalla T, 2000: PMID 10792453-1
// Subjects=20
-36.0	-3.0	-18.0
-27.0	-21.0	-12.0
-60.0	15.0	12.0
48.0	18.0	-12.0
15.0	9.0	-6.0
24.0	0.0	-15.0
15.0	-6.0	-6.0
-27.0	-15.0	-9.0
-57.0	18.0	3.0

// Garavan H, 2000: PMID 10859136-1
// Subjects=20
-28.7	-35.4	-6.3
-26.3	-3.3	50.0
34.2	47.7	16.1
49.4	9.4	29.1
-30.0	-38.3	-30.6
-38.0	-35.3	37.2
-44.7	9.4	23.5
4.7	14.9	49.3
50.3	-29.3	-3.3
-28.3	-81.4	32.1
41.1	-32.3	40.6
0.2	-17.9	10.8
4.6	-67.9	10.5
21.6	-5.3	20.7
-32.5	-60.3	57.1
-12.1	-37.6	73.9
-36.2	-61.8	-17.4
-4.9	-86.2	23.3
-20.8	-64.3	46.2
5.6	-5.9	27.6
-37.8	-47.7	56.1
54.8	-63.4	9.5
0.4	10.6	49.7
59.1	1.5	36.4
49.3	6.9	10.4
55.6	23.0	11.2
-45.6	-3.3	39.1
27.9	33.0	19.6
40.8	2.6	24.2
40.8	14.2	23.3
47.3	-52.1	4.2
34.6	4.1	44.3
-25.0	-61.9	49.4
47.5	-32.8	48.3
23.6	-25.1	-2.2
-35.8	-47.4	46.0
-50.8	-37.8	46.5
-19.7	-72.7	46.9
25.2	-57.1	52.8
9.8	-14.3	14.9

// Ramnani N, 2000: PMID 11110829-1
// Subjects=20
0.0	36.0	12.0
-56.0	6.0	2.0
-26.0	-40.0	-2.0
-8.0	-64.0	4.0
-16.0	60.0	12.0
-6.0	-94.0	14.0
-22.0	-56.0	-22.0
40.0	38.0	10.0
-6.0	-66.0	6.0
-6.0	-80.0	-18.0
36.0	56.0	-12.0
-62.0	-6.0	12.0
30.0	-76.0	-30.0

// Koutstaal W, 2001: PMID 11163375-1
// Subjects=20
-32.0	-45.8	-16.6
37.4	22.0	0.3
-25.1	-68.2	36.5
50.7	-75.2	21.7
50.4	-60.4	-6.3
-21.3	-38.6	-7.3
47.2	-57.0	-3.2
-28.8	-31.5	-11.1
-32.2	36.7	-10.1
-31.7	-82.9	13.3
-32.1	25.0	4.2
7.8	22.1	45.3
-31.5	-81.5	31.0
28.4	-49.7	51.1
-38.2	6.5	27.1
-44.7	9.4	23.5
31.5	-68.2	32.5
50.4	12.8	17.7
31.1	-65.5	-15.7
20.5	-71.4	-8.4
23.8	-55.8	13.7
37.6	-71.3	-8.6
44.0	13.6	28.9
-8.2	-52.6	17.2
37.8	-75.6	18.6
14.1	-50.1	6.7
-41.5	-54.6	-5.7
34.3	-45.1	-14.1
-14.6	-97.5	0.9
-38.2	9.9	30.1
41.0	-82.2	15.7
37.6	10.4	29.2
8.1	-60.9	45.6
47.6	-60.9	41.8
-25.0	-53.2	52.0
-28.4	-78.6	26.3
-44.5	-69.5	22.3
31.1	-38.5	-11.2
-28.8	-42.1	-10.2
31.5	-50.2	44.4
50.5	10.5	29.0
1.4	-18.1	35.4
-41.5	-51.4	-6.0
-41.1	-57.0	45.8
31.2	40.5	33.4
-31.6	-85.8	16.9
-34.6	-63.5	57.4
58.1	-48.5	22.8
50.7	-44.5	33.7
11.3	-5.4	75.4
4.8	-9.6	62.5
31.5	-64.7	35.6
-21.1	27.7	38.5
40.9	14.6	42.2
-18.1	53.4	26.2
23.8	25.3	44.8
7.3	57.8	-2.3
30.9	61.8	7.1
-25.7	64.7	7.5
-25.4	37.2	37.7

// von Zerssen GC, 2001: PMID 11422456-1
// Subjects=20
27.8	18.9	2.9
-33.1	17.3	0.4
10.7	9.9	-2.8
-1.1	57.6	10.1
5.4	18.8	3.2
-13.9	11.1	1.9
-7.4	40.7	26.1
-0.9	-7.0	14.4
12.2	-57.6	33.0
-0.7	-30.9	35.3
5.5	-4.7	16.3
2.3	-35.2	6.7
-13.7	-35.3	6.9
-3.7	-68.8	40.8
-38.9	-66.2	49.9
37.5	36.7	25.9
-39.3	18.6	31.6
-33.1	19.5	2.5
-10.6	13.0	11.7
-10.5	-11.1	17.1
-3.8	-48.4	30.1
-36.1	10.1	32.3
-13.9	9.6	-3.6
-10.2	-55.9	29.7
-33.2	24.7	0.9
-10.4	-44.4	13.2
27.8	25.9	10.2
-4.2	-12.3	1.5
27.7	21.7	-2.9
-33.2	16.9	-4.0
5.3	17.3	-2.2
2.7	-67.0	36.1
-7.6	48.4	2.0
-39.3	12.8	25.4
-3.9	-50.2	20.3
-10.7	8.9	0.9
-13.7	-38.8	3.8
-7.4	41.1	17.1
-39.0	-67.9	42.2
8.6	19.0	5.4
2.7	-70.1	37.5
-6.9	-67.4	46.3
-6.9	-63.5	41.5
-13.9	18.7	3.4
-6.9	-69.3	35.3
-41.4	6.9	32.6
-7.2	28.7	36.0
-4.3	50.1	9.6
-23.5	59.0	16.9
34.2	23.9	-2.0

// Curtis VA, 2001: PMID 11578663-1
// Subjects=20
-33.0	-58.9	-6.6
28.9	-37.8	-15.7
-19.8	-6.1	55.8
47.0	12.9	-7.9
-41.4	6.7	30.4
-50.9	-65.5	18.7
-2.0	-45.5	-2.5
-47.9	9.4	24.7
4.7	8.5	48.7
-41.7	21.3	-0.9
-41.3	1.9	49.8
-29.7	-85.8	-11.0
-32.9	-67.3	-5.9
7.5	1.5	0.2
-44.4	-15.6	44.6
38.8	23.5	47.0
-4.9	-49.5	29.1
22.7	-62.9	5.4
11.2	-72.3	36.4
41.6	21.8	-1.9
-54.2	-48.1	10.6
-48.2	8.7	-12.1
-54.2	-27.1	21.1
-54.4	-13.2	7.7
-29.9	-20.2	-16.5
47.0	-5.5	-12.0
29.0	-75.9	-12.5
-44.5	-59.2	18.1
38.7	-79.0	-12.4
8.0	-44.9	46.4
-51.1	11.5	24.5
16.2	-72.8	-12.6
-51.2	-1.5	6.7
1.5	-61.6	23.4
-47.9	15.2	29.8
38.8	-86.5	0.5
-32.8	-87.0	1.4
50.3	-31.5	-4.2
-41.4	-70.1	0.1
35.4	-61.5	-19.4
4.8	-79.1	31.5
-1.8	-54.1	10.5
8.0	-69.1	36.2
1.5	11.6	48.5
-5.1	-51.4	4.8
4.7	-52.6	29.3
-1.9	-42.9	4.0
-36.2	-55.7	-6.8
29.2	-89.8	0.9
22.7	-75.4	-5.8
-23.3	-78.9	-5.0
-16.9	-91.0	-10.7
4.7	8.5	48.7
4.7	-55.8	29.6
19.5	-85.0	-5.0
29.0	-72.7	-12.8
25.8	-79.1	-12.2
44.0	-70.5	-13.2

// Donaldson DI, 2001: PMID 11580903-1
// Subjects=20
-25.8	62.3	4.4
18.0	65.7	3.6
-5.9	-69.3	35.3
-44.3	-62.1	48.5
-37.9	-69.2	39.0
12.3	-66.0	34.8
-6.0	-43.9	33.1
-2.8	-30.9	35.4
44.4	-15.4	67.0
41.2	-68.5	41.3
40.5	52.9	1.1
-22.6	65.2	0.8
37.9	-16.7	50.4
-9.5	41.7	26.0
44.5	-47.9	59.7
-25.9	54.7	-11.7
37.4	-74.7	-38.4
-25.7	66.5	17.4
-31.6	15.1	55.2
-47.5	-62.7	41.9
44.3	-55.8	40.2
12.3	-66.0	34.8
-9.1	-66.1	35.0
-41.4	30.1	44.1
8.9	11.7	48.4
43.6	62.2	-3.1
-6.4	-51.4	-23.1
-13.1	50.8	-21.6
27.7	-35.6	-28.2
-19.0	-39.9	2.8
50.3	31.6	12.8
-25.4	30.2	43.9
37.4	24.4	3.5
-12.6	-10.1	17.0
11.7	20.0	-9.2
2.5	-24.5	34.8
24.8	33.5	39.7
56.8	-17.0	3.4
-31.9	-50.0	-2.9
5.0	57.0	-25.6
28.0	-39.7	2.3
-28.6	19.9	34.7
-38.5	56.9	18.4
8.9	-45.1	16.3
-6.6	55.6	-2.0
40.9	40.2	42.3
40.8	29.9	33.1
-58.0	-15.2	-45.6
34.1	46.5	1.7
40.9	-58.1	10.4
34.6	15.0	47.8
-47.9	-53.1	0.9
-35.2	-51.6	-22.8
-47.9	9.0	19.1
63.0	47.5	11.3
50.4	16.0	17.4
37.2	32.6	-13.9
47.0	31.3	9.5
-48.2	36.0	-3.2
-2.8	21.6	54.4
-48.0	27.8	14.2
-38.7	31.9	-16.3
-64.0	-8.0	7.4
56.5	-13.5	-33.7
40.9	-71.3	4.8
-25.4	42.9	42.8

// Shin LM, 2001: PMID 11750889-1
// Subjects=20
-35.1	-66.4	-8.1
31.0	-2.3	-10.9
37.4	-5.5	-10.7
-32.0	-28.6	-14.7
23.5	1.0	-7.8
23.7	-52.6	0.1
44.0	-63.0	-12.7
34.3	-34.3	-11.6
-38.3	-63.5	-11.7
11.0	-78.1	2.4
-28.6	-59.3	1.2
-8.3	-52.8	0.5
20.6	-85.1	-7.2
-21.4	-2.4	-7.0
-28.8	-25.4	-15.0
-55.6	-12.4	-9.1

// O'Doherty JP, 2002: PMID 11879657-1
// Subjects=20
8.0	-24.0	-18.0
-12.0	-10.0	-16.0
-38.0	46.0	-4.0
22.0	-80.0	-2.0
-10.0	-90.0	0.0
-8.0	-20.0	-18.0
28.0	-8.0	-14.0
-2.0	-22.0	-10.0
-16.0	2.0	-16.0
-28.0	-24.0	-16.0
42.0	46.0	-16.0
28.0	56.0	-14.0
-16.0	-10.0	-14.0
8.0	-6.0	-6.0

// Chao LL, 2002: PMID 11950772-1
// Subjects=20
-38.2	-77.1	5.1
-39.4	-61.3	-9.6
43.1	-75.5	5.1
-25.5	-59.9	-6.6
39.7	-59.7	-10.7
47.3	-39.2	19.9
-45.7	-57.1	3.5
-31.5	-45.0	49.1
21.8	-90.3	8.8
24.8	-56.2	-5.2
-39.5	16.8	8.4
-12.4	-91.6	8.2
-7.0	-65.0	36.0
46.1	31.2	21.8
-45.7	11.0	31.2
-30.1	48.8	-4.5
15.8	51.2	-19.7
-8.6	47.5	4.3
6.9	-50.7	40.3
4.5	25.4	33.9
-40.5	27.6	25.3
-28.7	-31.0	-4.5
26.7	-36.9	-16.9
-33.1	11.1	3.2
-47.0	34.0	11.5
39.6	3.4	7.5

// Thoenissen D, 2002: PMID 12388609-1
// Subjects=20
34.0	-16.0	-24.0
-10.0	8.0	60.0
54.0	32.0	4.0
48.0	34.0	-10.0
12.0	46.0	4.0
28.0	-46.0	-34.0
-32.0	-16.0	-24.0
36.0	54.0	-10.0
-20.0	30.0	42.0
22.0	66.0	0.0
-34.0	10.0	-14.0
-26.0	-34.0	-14.0
48.0	42.0	-16.0
-44.0	34.0	-16.0
16.0	66.0	12.0
-6.0	2.0	54.0
-52.0	-34.0	2.0
58.0	-10.0	-22.0
-58.0	-14.0	-22.0
-28.0	8.0	2.0
-16.0	6.0	66.0
-18.0	-42.0	0.0
-22.0	8.0	56.0
-36.0	-44.0	48.0
-30.0	-48.0	48.0
34.0	12.0	-18.0
-22.0	-38.0	-2.0
24.0	-12.0	-22.0
-18.0	-54.0	60.0
46.0	-56.0	36.0
34.0	-60.0	42.0
52.0	-14.0	-24.0
-32.0	-64.0	42.0
30.0	-34.0	-18.0
62.0	-14.0	-12.0
-24.0	-10.0	66.0
-32.0	-24.0	-18.0
-30.0	-2.0	6.0
34.0	-8.0	6.0
-56.0	-18.0	-22.0
-32.0	-56.0	60.0
40.0	-60.0	42.0
34.0	-44.0	46.0
-32.0	-14.0	62.0
-8.0	-4.0	50.0
-4.0	-92.0	2.0
4.0	-76.0	38.0
-44.0	-24.0	56.0

// Konishi S, 2002: PMID 12417679-1
// Subjects=20
-46.0	30.0	32.0
54.0	14.0	36.0
-46.0	10.0	24.0
-36.0	54.0	6.0
50.0	24.0	34.0
-8.0	18.0	50.0
6.0	28.0	34.0
-6.0	20.0	38.0
-22.0	-32.0	-8.0
30.0	-24.0	-8.0
-24.0	18.0	48.0
-52.0	16.0	34.0
8.0	22.0	48.0
-36.0	-46.0	38.0
-46.0	-34.0	40.0
-2.0	-12.0	10.0
10.0	-24.0	-10.0
-2.0	-60.0	-16.0
-20.0	-68.0	36.0
14.0	-58.0	60.0
-42.0	-70.0	-14.0
-4.0	-82.0	24.0
-18.0	-84.0	-18.0
-30.0	-12.0	48.0
36.0	-22.0	48.0
12.0	-72.0	26.0
-2.0	-46.0	-14.0
16.0	0.0	12.0
-16.0	-4.0	12.0
32.0	-44.0	42.0

// Cabeza R, 2003: PMID 12457763-1
// Subjects=20
15.0	-29.0	-2.0
15.0	-33.0	-2.0
-11.0	-18.0	8.0
-15.0	-29.0	-2.0
-30.0	-52.0	48.0
45.0	18.0	-8.0
-30.0	-56.0	55.0
-4.0	-1.0	49.0
26.0	0.0	66.0
45.0	16.0	27.0
-19.0	-29.0	-2.0
26.0	-56.0	55.0
-29.0	-2.0	4.6
30.0	-51.0	-19.0
-49.0	16.0	31.0
-49.0	30.0	16.0
-45.0	43.0	-6.0
-19.0	63.0	11.0
19.0	-29.0	-5.0
-41.0	-22.0	56.0
11.0	-80.0	7.0
-37.0	-19.0	56.0
-23.0	-81.0	-12.0
-33.0	-87.0	8.0
4.0	27.0	30.0
-30.0	-63.0	-19.0
-11.0	4.0	3.0
34.0	-84.0	-5.0
11.0	4.0	7.0
-49.0	-56.0	41.0
26.0	49.0	22.0
8.0	-14.0	8.0
55.0	-4.0	4.0
41.0	4.0	0.0
-41.0	8.0	-4.0
-34.0	-30.0	53.0
0.0	-68.0	25.0
-4.0	-90.0	18.0
-4.0	-67.0	35.0
-4.0	31.0	40.0
0.0	-31.0	33.0
-55.0	-40.0	-5.0
55.0	-54.0	-1.0
-15.0	-40.0	2.0
-49.0	-72.0	7.0
-45.0	24.0	26.0
-15.0	-95.0	1.0
52.0	-32.0	23.0
-63.0	-28.0	25.0
30.0	-48.0	54.0
45.0	37.0	2.0
49.0	0.0	7.0
49.0	6.0	45.0
55.0	8.0	10.0
-59.0	5.0	14.0
-8.0	-31.0	50.0
45.0	-68.0	27.0
-19.0	-45.0	57.0
41.0	-76.0	14.0
-41.0	-71.0	31.0
38.0	-81.0	-5.0
-30.0	-19.0	64.0
8.0	-5.0	56.0

// Sperling RA, 2003: PMID 12486265-1
// Subjects=20
42.0	-48.0	-25.0
42.0	-48.0	-28.0
-39.0	-48.0	-25.0
21.0	-30.0	-9.0
-24.0	-24.0	-11.0
-6.0	7.0	19.0
-18.0	-2.0	17.0
-6.0	20.0	43.0
-27.0	20.0	-9.0
-42.0	6.0	52.0
-45.0	-62.0	-22.0
18.0	-17.0	15.0
39.0	-65.0	-25.0
42.0	-50.0	47.0
27.0	31.0	-14.0
-6.0	20.0	43.0
42.0	16.0	24.0
-42.0	10.0	22.0
6.0	10.0	19.0
-40.0	6.0	55.0
-21.0	-27.0	-11.0
54.0	27.0	24.0
24.0	-30.0	-11.0
42.0	-48.0	-28.0
39.0	-69.0	31.0
51.0	38.0	9.0
-36.0	29.0	-6.0
-54.0	21.0	13.0
-21.0	-85.0	-6.0
-3.0	10.0	19.0
9.0	-44.0	-8.0
-39.0	-48.0	-28.0
48.0	-54.0	-20.0
-45.0	-54.0	-23.0
-30.0	-74.0	42.0
-33.0	-50.0	52.0
27.0	-18.0	-14.0
-27.0	-59.0	36.0
-42.0	30.0	12.0
-27.0	-59.0	44.0
-45.0	-57.0	-22.0
54.0	-56.0	-17.0
-21.0	-11.0	9.0
-3.0	10.0	22.0
18.0	-56.0	47.0
-27.0	-24.0	-6.0
15.0	-24.0	-14.0
-39.0	-45.0	-26.0
-48.0	16.0	24.0
48.0	13.0	32.0
21.0	-27.0	-9.0
-21.0	-27.0	-14.0
-33.0	-59.0	47.0
-27.0	-45.0	-18.0
15.0	-67.0	-9.0
53.0	10.0	33.0
-18.0	53.0	17.0
-45.0	47.0	3.0
-45.0	47.0	3.0
-9.0	-64.0	6.0
21.0	-24.0	-14.0
-21.0	-8.0	9.0
33.0	-67.0	-4.0
27.0	-18.0	-14.0
-42.0	13.0	24.0
0.0	-18.0	-4.0
30.0	-24.0	-11.0
-15.0	-64.0	3.0
6.0	-70.0	-7.0
-9.0	30.0	12.0
12.0	13.0	32.0
-48.0	-3.0	6.0
24.0	10.0	33.0
60.0	7.0	22.0
24.0	5.0	47.0
56.0	14.0	-16.0
-45.0	-21.0	-7.0
-50.0	-22.0	29.0
9.0	12.0	-1.0
3.0	-4.0	39.0
27.0	-18.0	-14.0
-18.0	-71.0	31.0
-33.0	-50.0	49.0
-50.0	-47.0	2.0
33.0	-39.0	-13.0
-12.0	-27.0	43.0
45.0	-30.0	-14.0
0.0	9.0	2.0
-30.0	14.0	49.0
53.0	6.0	8.0
24.0	10.0	33.0
36.0	29.0	-6.0
-30.0	31.0	-19.0
18.0	-65.0	50.0
42.0	-36.0	29.0
60.0	-11.0	23.0
-12.0	32.0	-1.0
54.0	36.0	9.0
12.0	-33.0	-13.0
-21.0	-60.0	42.0
27.0	42.0	-13.0
-30.0	14.0	46.0
-18.0	37.0	-9.0
24.0	6.0	5.0
-33.0	-27.0	-19.0
36.0	-54.0	30.0
-36.0	-75.0	23.0
30.0	-70.0	9.0
15.0	-24.0	-16.0
-24.0	48.0	28.0
-42.0	-15.0	-9.0
56.0	-25.0	10.0
12.0	-37.0	21.0
9.0	-62.0	34.0
-15.0	-69.0	28.0
-9.0	26.0	57.0
-27.0	48.0	28.0
-15.0	40.0	37.0
50.0	-4.0	-12.0
-48.0	-9.0	-15.0
12.0	-57.0	33.0
-36.0	-27.0	-19.0
-15.0	-66.0	28.0
-21.0	-76.0	-4.0
21.0	29.0	4.0
-30.0	-24.0	-4.0
18.0	62.0	24.0
-21.0	35.0	1.0
-33.0	-78.0	18.0

// Grossman M, 2003: PMID 12538399-1
// Subjects=20
-36.0	-24.0	-8.0
-56.0	-56.0	8.0
-8.0	4.0	32.0
32.0	24.0	8.0
44.0	-60.0	8.0
-32.0	-72.0	16.0
48.0	-24.0	24.0
40.0	-28.0	-8.0
20.0	4.0	8.0
-36.0	-28.0	-8.0
-16.0	-12.0	0.0
-44.0	12.0	24.0
-60.0	-40.0	20.0
20.0	32.0	16.0
4.0	12.0	8.0
16.0	32.0	16.0
-20.0	-4.0	-8.0
4.0	12.0	8.0
16.0	32.0	16.0
-24.0	-40.0	-4.0
-20.0	-12.0	0.0
-52.0	4.0	20.0
-56.0	-40.0	12.0
-28.0	-40.0	-4.0
-52.0	-32.0	24.0
4.0	12.0	8.0
16.0	24.0	24.0
-60.0	4.0	4.0
-20.0	-4.0	-8.0
-60.0	-36.0	20.0

// Piefke M, 2003: PMID 12566286-1
// Subjects=20
-24.0	-20.0	-18.0
-24.0	-22.0	-18.0
-22.0	-12.0	-32.0
-28.0	-66.0	-18.0

// Tyler LK, 2003: PMID 12595206-1
// Subjects=20
-28.0	24.0	-8.0
-30.0	-34.0	-26.0
-46.0	12.0	32.0
-50.0	20.0	12.0
-48.0	28.0	-10.0
-20.0	-14.0	-14.0
-44.0	-40.0	-24.0
4.0	24.0	36.0
0.0	14.0	48.0
-6.0	28.0	54.0
10.0	-58.0	-2.0
-24.0	-12.0	-18.0
-42.0	-46.0	-28.0
-30.0	28.0	-18.0
-42.0	-42.0	-26.0
0.0	-80.0	8.0
18.0	26.0	24.0
-44.0	18.0	4.0
16.0	-26.0	-22.0
-6.0	4.0	24.0
-4.0	-28.0	16.0
10.0	-72.0	-34.0
8.0	-64.0	-26.0
34.0	28.0	-10.0
42.0	18.0	6.0
-48.0	-40.0	-12.0
-4.0	14.0	46.0
10.0	-20.0	-20.0
38.0	-28.0	-22.0
4.0	20.0	44.0
-50.0	22.0	10.0
-32.0	22.0	-6.0
6.0	22.0	34.0
-8.0	-20.0	20.0
-4.0	28.0	44.0
16.0	-82.0	10.0
-20.0	-12.0	-24.0
-26.0	-16.0	-12.0
10.0	-76.0	-34.0
-16.0	-48.0	0.0
-24.0	-58.0	2.0
36.0	24.0	-8.0
44.0	0.0	-14.0
46.0	20.0	6.0
-14.0	-66.0	2.0
6.0	-60.0	-22.0
-46.0	30.0	-12.0
-32.0	32.0	-18.0
-50.0	18.0	-6.0
-14.0	-36.0	-2.0
10.0	-50.0	-16.0
-46.0	32.0	-10.0
-50.0	16.0	14.0
-26.0	-22.0	-18.0
-8.0	-30.0	-2.0
-60.0	-50.0	2.0
-52.0	-32.0	-4.0
-4.0	32.0	40.0
-54.0	-30.0	-6.0
-44.0	-42.0	-16.0
-52.0	-46.0	-8.0
-6.0	-68.0	-34.0
6.0	-36.0	-26.0
6.0	-62.0	-24.0
-10.0	-78.0	6.0
-18.0	-10.0	-14.0
-34.0	-16.0	-26.0
-44.0	32.0	-14.0
-38.0	12.0	6.0
-50.0	20.0	10.0
-36.0	28.0	-2.0
2.0	18.0	40.0
-42.0	24.0	18.0

// Maguire EA, 2003: PMID 12805116-1
// Subjects=20
-6.0	-63.0	24.0
-21.0	-39.0	-15.0
-54.0	-6.0	-24.0
21.0	-18.0	-15.0
-28.0	-13.0	-18.0
48.0	30.0	-9.0
-48.0	9.0	-30.0
-3.0	54.0	-3.0
-45.0	-63.0	21.0
24.0	-84.0	-39.0
48.0	18.0	-33.0
30.0	-81.0	-36.0
-21.0	-11.0	-20.0
-3.0	54.0	0.0
-36.0	15.0	-42.0
-48.0	36.0	-15.0
-60.0	-3.0	-27.0
-30.0	-33.0	-21.0
-3.0	-51.0	12.0
21.0	-90.0	-36.0
-42.0	39.0	-21.0
-3.0	63.0	9.0
-42.0	9.0	-36.0
-22.0	-15.0	-18.0
-60.0	-12.0	-21.0
-3.0	-57.0	12.0
54.0	36.0	0.0
-51.0	-69.0	24.0
-3.0	-63.0	15.0
30.0	-78.0	-36.0
-48.0	-60.0	18.0
-39.0	30.0	-21.0
-3.0	51.0	-3.0
-3.0	-60.0	27.0
-33.0	-18.0	-15.0
-3.0	54.0	0.0
-3.0	-54.0	6.0
18.0	-84.0	-39.0
-48.0	-63.0	18.0
-2.0	7.0	-24.0
-60.0	-3.0	-27.0
-22.0	-15.0	-19.0
-9.0	-60.0	24.0
-27.0	-12.0	-24.0
-26.0	-28.0	-18.0
-6.0	48.0	0.0
-24.0	-15.0	-15.0
-6.0	-57.0	18.0
-3.0	54.0	0.0
-48.0	9.0	-24.0
42.0	15.0	-36.0
-18.0	-18.0	-21.0
21.0	-15.0	-12.0
-57.0	-3.0	-24.0
57.0	3.0	-15.0
-6.0	57.0	0.0
-42.0	-63.0	18.0
-39.0	12.0	-39.0
3.0	-6.0	-3.0
-33.0	-24.0	-24.0
-6.0	54.0	0.0
-51.0	-9.0	-12.0
-39.0	-66.0	24.0
-60.0	-9.0	-24.0
-24.0	-33.0	-21.0
-6.0	-57.0	6.0
-45.0	-63.0	21.0
24.0	-84.0	-39.0
-39.0	33.0	-18.0
-18.0	60.0	9.0
-21.0	-9.0	-21.0
-60.0	-12.0	-24.0
-27.0	-21.0	-21.0
3.0	-60.0	9.0
-26.0	-17.0	-17.0
15.0	-84.0	-39.0
-6.0	-63.0	9.0
-21.0	-15.0	-15.0
-6.0	51.0	0.0
-3.0	60.0	9.0
24.0	-84.0	-39.0
-45.0	-60.0	18.0
-48.0	36.0	-12.0
-24.0	-21.0	-24.0
-60.0	-6.0	-24.0
-22.0	-21.0	-15.0
-39.0	9.0	-45.0
-45.0	9.0	-39.0
59.0	-24.0	54.0
-3.0	-54.0	3.0
-42.0	15.0	-42.0
44.0	-14.0	11.0
57.0	-3.0	-18.0
21.0	-15.0	-18.0
-21.0	-12.0	-18.0
-47.0	-77.0	-44.0
-60.0	-3.0	-24.0
57.0	-12.0	-24.0
-6.0	-57.0	24.0
-3.0	54.0	0.0
-21.0	-15.0	-15.0
21.0	-15.0	-15.0
-57.0	-3.0	-24.0
60.0	-12.0	-21.0
-6.0	-63.0	15.0
21.0	-15.0	-12.0
24.0	-12.0	-18.0
21.0	-18.0	-15.0
44.0	-35.0	53.0
-48.0	-35.0	47.0
24.0	-15.0	-12.0
47.0	-87.0	-12.0
45.0	-17.0	50.0
0.0	38.0	36.0
-45.0	-12.0	60.0
-50.0	-15.0	33.0
-44.0	-14.0	2.0
21.0	-6.0	-21.0
54.0	-15.0	-24.0
36.0	-20.0	68.0

// Hinterberger T, 2003: PMID 12830347-1
// Subjects=20
6.0	-51.0	65.0
-42.0	13.0	-4.0
28.0	45.0	12.0
-55.0	12.0	5.0
-26.0	-19.0	49.0
18.0	-21.0	54.0
-14.0	7.0	64.0
-32.0	43.0	16.0
48.0	14.0	-4.0
-22.0	4.0	6.0
57.0	-53.0	21.0
30.0	43.0	13.0
-55.0	-36.0	28.0
-30.0	-46.0	43.0
22.0	-69.0	-15.0
8.0	7.0	59.0
-48.0	6.0	40.0
18.0	-66.0	5.0
-14.0	1.0	66.0
-50.0	-60.0	38.0
-4.0	-24.0	56.0
2.0	49.0	40.0
-24.0	41.0	38.0
8.0	56.0	-15.0
6.0	57.0	10.0
63.0	-20.0	-6.0
-51.0	10.0	-27.0
-14.0	26.0	56.0
46.0	13.0	-7.0
18.0	-39.0	72.0
38.0	-22.0	60.0
-2.0	-58.0	42.0
-53.0	12.0	3.0
51.0	8.0	3.0
26.0	28.0	47.0
-10.0	3.0	16.0
14.0	-83.0	14.0
24.0	-18.0	-14.0
6.0	52.0	-6.0
55.0	-12.0	-15.0
-57.0	-14.0	-9.0
-24.0	-20.0	-16.0
57.0	-51.0	21.0
-46.0	20.0	-33.0
-51.0	-51.0	23.0
-2.0	47.0	42.0
-22.0	-51.0	65.0
-10.0	-41.0	68.0
-18.0	-54.0	6.0
30.0	-4.0	0.0
36.0	-16.0	60.0
-38.0	-18.0	62.0
-36.0	43.0	11.0
14.0	-41.0	72.0
20.0	-47.0	2.0
-48.0	-58.0	36.0
-10.0	-27.0	0.0
24.0	-2.0	9.0
-2.0	-41.0	67.0
-4.0	-52.0	56.0
-57.0	-25.0	5.0
18.0	-20.0	-14.0
-26.0	-20.0	-11.0
19.0	-4.0	0.0
-10.0	3.0	15.0
-22.0	-3.0	-18.0
2.0	18.0	58.0
2.0	-77.0	11.0
4.0	52.0	31.0
-8.0	6.0	68.0
20.0	-32.0	-14.0
8.0	62.0	10.0
-24.0	-32.0	-6.0
-18.0	12.0	-6.0
-4.0	-14.0	66.0
-55.0	-28.0	33.0

// Iaria G, 2003: PMID 12843299-1
// Subjects=20
18.4	-5.3	20.7
31.0	5.9	-0.5
14.2	8.9	39.6
27.2	-6.7	56.4
10.0	1.1	49.3
5.7	9.5	48.6
32.9	-38.2	-48.1
14.2	23.7	38.4
21.0	-61.8	61.1
16.2	-3.4	18.3
-28.1	-57.7	63.5
24.5	-16.8	-18.6
35.2	-15.1	-25.5
-31.0	5.2	-4.1
-4.8	-4.8	56.6
-32.5	-19.1	67.1
-28.4	-3.0	54.5
-32.7	-84.4	21.2
33.2	39.7	23.4
-33.0	30.9	24.9
-20.1	1.0	22.8
22.7	-22.2	22.1
16.2	-3.5	16.1
27.0	-19.9	24.1
9.8	-1.3	18.2
-11.6	-7.9	16.8
35.2	-15.1	-25.5
-35.2	-37.8	-9.4
-17.9	-11.7	23.9
57.1	-70.5	28.0
16.3	-13.8	21.4
-5.3	-66.3	-23.0
-5.3	-66.3	-23.0
-26.0	-57.6	63.5
-26.6	-35.5	-7.5
22.6	11.3	14.8
1.1	-62.4	-27.8
35.3	-35.3	-10.4
1.1	-62.4	-27.8
-17.9	-13.8	24.1
16.3	-5.3	20.7
11.7	11.5	-9.6
11.9	25.0	27.2
63.6	-58.8	40.3
16.3	-15.7	23.8

// Bartha L, 2003: PMID 12880904-1
// Subjects=20
-10.0	-50.0	4.0
-10.0	-50.0	4.0
-10.0	-50.0	-24.0
-10.0	-12.0	-24.0
-32.0	-12.0	-24.0
-20.0	-36.0	-16.0
10.0	-40.0	4.0
22.0	-10.0	-20.0
10.0	-40.0	-20.0
10.0	-10.0	-20.0
22.0	-10.0	-20.0
-24.0	-14.0	-12.0
-22.0	-38.0	-8.0
-22.0	-38.0	-8.0
-12.0	-44.0	-32.0
-22.0	-38.0	-20.0
10.0	-40.0	4.0
24.0	-50.0	4.0
26.0	-22.0	-32.0
24.0	-28.0	-24.0
-22.0	-20.0	-20.0
20.0	-16.0	-24.0
-12.0	-26.0	-32.0
10.0	-54.0	8.0
10.0	-54.0	8.0
10.0	-54.0	-24.0
10.0	-18.0	-24.0
22.0	-18.0	-24.0
22.0	-18.0	-24.0
-20.0	-12.0	-24.0
26.0	-22.0	-32.0
-22.0	-28.0	-24.0
-32.0	-26.0	-32.0
26.0	-22.0	-20.0
-26.0	-30.0	-28.0
-22.0	-20.0	-16.0
24.0	-28.0	-24.0
24.0	-28.0	4.0
16.0	-28.0	-24.0
-18.0	-30.0	-28.0
16.0	-44.0	0.0
-30.0	-30.0	-28.0
16.0	-36.0	-28.0
36.0	-16.0	-32.0
36.0	-16.0	-32.0
-18.0	-12.0	-24.0
12.0	-42.0	8.0
12.0	-42.0	8.0
-24.0	-12.0	-20.0
22.0	-14.0	-36.0
22.0	-14.0	-36.0
-26.0	-28.0	-24.0
-18.0	-28.0	-12.0
30.0	-30.0	-28.0
30.0	-30.0	-28.0
30.0	-30.0	4.0
-18.0	-30.0	-16.0
30.0	-50.0	4.0
-12.0	-44.0	-8.0
-18.0	-38.0	-28.0
-18.0	-38.0	-8.0
-18.0	-38.0	-8.0
16.0	-44.0	0.0
24.0	-10.0	-20.0
24.0	-10.0	-20.0
-20.0	-10.0	-24.0
30.0	-18.0	-16.0
30.0	-18.0	-16.0
-28.0	-20.0	-16.0
30.0	-20.0	-32.0
16.0	-44.0	-24.0
30.0	-20.0	-32.0
16.0	-36.0	0.0
-20.0	-20.0	-20.0
16.0	-36.0	0.0
16.0	-24.0	-28.0
28.0	-24.0	-28.0
28.0	-24.0	-28.0
28.0	-24.0	-8.0
28.0	-38.0	-8.0
-24.0	-20.0	-16.0
-26.0	-18.0	-24.0
24.0	-24.0	-12.0
-16.0	-22.0	-16.0
-20.0	-48.0	-20.0
14.0	-18.0	-16.0
-22.0	-48.0	-20.0
-30.0	-26.0	-16.0
-22.0	-48.0	-8.0
30.0	-24.0	-32.0
30.0	-24.0	-32.0
30.0	-24.0	0.0
30.0	-50.0	0.0
-14.0	-50.0	0.0
-14.0	-50.0	0.0
-14.0	-50.0	-24.0
-14.0	-22.0	-24.0
-22.0	-22.0	-24.0
26.0	-26.0	-20.0
-22.0	-48.0	-8.0
26.0	-26.0	-20.0
-20.0	-48.0	-8.0
26.0	-26.0	-8.0
-22.0	-18.0	-20.0
34.0	-24.0	-8.0
-14.0	-50.0	4.0
14.0	-54.0	-4.0
-28.0	-16.0	-16.0
-10.0	-16.0	-16.0
-10.0	-44.0	-16.0
-24.0	-18.0	-20.0
-10.0	-44.0	8.0
-20.0	-20.0	-20.0
14.0	-54.0	-4.0
-10.0	-44.0	8.0
14.0	-54.0	-16.0
-20.0	-48.0	-8.0
20.0	-18.0	-16.0
20.0	-18.0	-16.0
-22.0	-18.0	-16.0
34.0	-24.0	-20.0
34.0	-24.0	-20.0
34.0	-48.0	-8.0
-30.0	-26.0	-8.0
-30.0	-26.0	-8.0
-20.0	-18.0	-20.0
-18.0	-56.0	0.0
28.0	-16.0	-20.0
28.0	-16.0	-20.0
-22.0	-12.0	-16.0
26.0	-16.0	-24.0
26.0	-16.0	-24.0
22.0	-16.0	-24.0
22.0	-16.0	-24.0
18.0	-56.0	4.0
18.0	-16.0	4.0
18.0	-16.0	-28.0
18.0	-16.0	-28.0
20.0	-16.0	-8.0
20.0	-38.0	-8.0
-16.0	-38.0	-8.0
-16.0	-38.0	-8.0
-16.0	-38.0	-16.0
-18.0	-56.0	0.0
28.0	-56.0	0.0
28.0	-24.0	0.0
28.0	-24.0	-12.0
-30.0	-34.0	-16.0
-32.0	-34.0	-16.0
30.0	-22.0	-24.0
30.0	-22.0	-24.0
30.0	-22.0	-8.0
30.0	-48.0	-8.0
26.0	-26.0	-8.0
-30.0	-18.0	-20.0
-20.0	-22.0	-16.0
-12.0	-44.0	-8.0
-12.0	-56.0	4.0
-12.0	-56.0	-28.0
-12.0	-10.0	-28.0
-18.0	-10.0	-28.0
24.0	-48.0	0.0
24.0	-48.0	0.0
24.0	-48.0	-12.0
28.0	-24.0	-12.0
20.0	-16.0	-24.0
-14.0	-50.0	-28.0
-20.0	-16.0	-20.0
26.0	-32.0	0.0
38.0	-22.0	-28.0
38.0	-22.0	-28.0
-24.0	-16.0	-12.0
18.0	-42.0	4.0
18.0	-42.0	4.0
-22.0	-38.0	-4.0
-22.0	-38.0	-4.0
-22.0	-38.0	-24.0
-22.0	-12.0	-24.0
-16.0	-34.0	-4.0
-28.0	-22.0	-28.0
-14.0	-22.0	-28.0
-18.0	-14.0	-20.0
-14.0	-48.0	-28.0
-8.0	-42.0	4.0
-8.0	-42.0	4.0
-8.0	-42.0	-20.0
-8.0	-12.0	-20.0
-20.0	-12.0	-20.0
22.0	-30.0	-20.0
22.0	-30.0	-20.0
-28.0	-30.0	-24.0
28.0	-30.0	-24.0
-26.0	-12.0	-24.0
28.0	-30.0	-24.0
28.0	-48.0	0.0
20.0	-42.0	4.0
-8.0	-48.0	0.0
-34.0	-14.0	-28.0
18.0	-12.0	-20.0
-22.0	-18.0	-20.0
8.0	-52.0	8.0
10.0	-50.0	8.0
8.0	-52.0	8.0
8.0	-14.0	-16.0
22.0	-14.0	-16.0
22.0	-14.0	-16.0
22.0	-14.0	-8.0
22.0	-58.0	-8.0
-12.0	-58.0	-8.0
-12.0	-58.0	-8.0
-12.0	-58.0	-12.0
18.0	-12.0	-20.0
-12.0	-14.0	-12.0
8.0	-52.0	-16.0
24.0	-24.0	-28.0
-10.0	-52.0	8.0
12.0	-24.0	-28.0
-16.0	-34.0	-4.0
8.0	-54.0	4.0
8.0	-54.0	4.0
8.0	-54.0	-20.0
8.0	-18.0	-20.0
22.0	-18.0	-20.0
22.0	-18.0	-20.0
-22.0	-28.0	-28.0
-36.0	-14.0	-12.0
-8.0	-48.0	0.0
-8.0	-48.0	-12.0
24.0	-24.0	-28.0
-30.0	-16.0	-24.0
34.0	-22.0	-28.0
8.0	-8.0	-16.0
14.0	-8.0	-16.0
14.0	-8.0	-16.0
-20.0	-8.0	-20.0
28.0	-56.0	0.0
28.0	-56.0	0.0
34.0	-22.0	0.0
-10.0	-52.0	8.0
-10.0	-52.0	-12.0
-10.0	-18.0	-12.0
34.0	-52.0	0.0
-24.0	-18.0	-12.0
-34.0	-24.0	-8.0
-34.0	-24.0	-8.0
-34.0	-24.0	-28.0
-34.0	-26.0	-28.0
-30.0	-26.0	-28.0
16.0	-54.0	0.0
16.0	-54.0	0.0
16.0	-54.0	-28.0
16.0	-22.0	-28.0
34.0	-22.0	-28.0
-26.0	-6.0	-24.0
-14.0	-30.0	-28.0
-10.0	-52.0	8.0
8.0	-54.0	4.0
12.0	-46.0	-28.0
12.0	-46.0	4.0
-28.0	-34.0	-12.0
16.0	-48.0	0.0
16.0	-48.0	0.0
-14.0	-48.0	0.0
-14.0	-48.0	0.0
28.0	-30.0	0.0
8.0	-54.0	4.0
-8.0	-34.0	-12.0
8.0	-54.0	-16.0
-18.0	-52.0	0.0
-18.0	-52.0	-24.0
-18.0	-16.0	-24.0
-28.0	-36.0	-8.0
-28.0	-36.0	-8.0
-28.0	-36.0	-20.0
-28.0	-30.0	-20.0
-30.0	-30.0	-20.0
-32.0	-16.0	-20.0
26.0	-32.0	-20.0
-18.0	-52.0	0.0
26.0	-32.0	-20.0
26.0	-50.0	0.0
-16.0	-50.0	0.0
-16.0	-50.0	0.0
-16.0	-50.0	-24.0
-16.0	-30.0	-24.0
-30.0	-30.0	-24.0
-8.0	-18.0	-20.0
-8.0	-56.0	-20.0
12.0	-46.0	4.0
-8.0	-56.0	8.0
16.0	-50.0	-4.0
16.0	-50.0	-4.0
16.0	-50.0	-20.0
22.0	-10.0	-24.0
20.0	-10.0	-20.0
-12.0	-56.0	4.0
20.0	-10.0	4.0
16.0	-32.0	-12.0
16.0	-32.0	-12.0
16.0	-32.0	8.0
16.0	-52.0	8.0
20.0	-10.0	-20.0
-20.0	-10.0	-24.0
-10.0	-52.0	8.0
-10.0	-32.0	-16.0
-20.0	-32.0	-16.0
30.0	-22.0	-24.0
30.0	-22.0	-24.0
-24.0	-26.0	-20.0
24.0	-12.0	-28.0
24.0	-12.0	-28.0
24.0	-12.0	-4.0
24.0	-42.0	-4.0
-16.0	-42.0	-4.0
-16.0	-42.0	-4.0
-16.0	-42.0	-28.0
-10.0	-52.0	-16.0
-16.0	-14.0	-28.0
-20.0	-10.0	-24.0
-20.0	-38.0	-8.0
-8.0	-56.0	8.0
14.0	-44.0	4.0
14.0	-44.0	4.0
14.0	-44.0	-20.0
14.0	-10.0	-20.0
32.0	-10.0	-20.0
32.0	-10.0	-20.0
-14.0	-50.0	4.0
26.0	-22.0	-20.0
26.0	-16.0	-20.0
16.0	-16.0	-20.0
10.0	-44.0	0.0
-20.0	-38.0	-24.0
10.0	-44.0	0.0
-8.0	-44.0	4.0
20.0	-22.0	-16.0
20.0	-22.0	-16.0
-14.0	-28.0	-14.0
34.0	-32.0	0.0
34.0	-32.0	0.0
-26.0	-34.0	-16.0
26.0	-16.0	-20.0
22.0	-10.0	-24.0
22.0	-10.0	-8.0
22.0	-38.0	-8.0
-20.0	-38.0	-8.0
-8.0	-44.0	4.0
14.0	-50.0	-12.0
14.0	-32.0	-12.0
14.0	-50.0	4.0
24.0	-50.0	8.0
-8.0	-50.0	8.0
-8.0	-50.0	8.0
-8.0	-50.0	-12.0
-8.0	-18.0	-12.0
-30.0	-18.0	-12.0
16.0	-52.0	8.0
10.0	-32.0	-28.0
16.0	-52.0	8.0
16.0	-20.0	-20.0
24.0	-20.0	-20.0
24.0	-20.0	-20.0
24.0	-20.0	8.0
24.0	-52.0	8.0
-16.0	-52.0	8.0
-16.0	-52.0	8.0
-16.0	-52.0	-20.0
14.0	-50.0	4.0
-26.0	-18.0	-20.0
16.0	-52.0	-20.0
-28.0	-24.0	-24.0
10.0	-50.0	-28.0
10.0	-50.0	8.0
26.0	-32.0	-28.0
26.0	-32.0	-28.0
26.0	-32.0	8.0
26.0	-56.0	8.0
24.0	-32.0	8.0
24.0	-32.0	-28.0
-16.0	-18.0	-20.0
-26.0	-6.0	-24.0
24.0	-32.0	-28.0
16.0	-54.0	4.0
-10.0	-44.0	4.0
-10.0	-44.0	4.0
-10.0	-44.0	-28.0
-10.0	-24.0	-28.0
-26.0	-24.0	-28.0
22.0	-22.0	-16.0
22.0	-22.0	-16.0
-24.0	-14.0	-28.0
16.0	-48.0	8.0
16.0	-48.0	-20.0
16.0	-36.0	-20.0
-28.0	-12.0	-24.0
34.0	-36.0	-20.0
-22.0	-36.0	-16.0
34.0	-36.0	-20.0
30.0	-22.0	-8.0
30.0	-22.0	-8.0
16.0	-48.0	8.0
-16.0	-36.0	-16.0
16.0	-54.0	4.0
-16.0	-50.0	8.0
-16.0	-50.0	8.0
34.0	-50.0	8.0
34.0	-36.0	8.0
-16.0	-50.0	-16.0

// Kastner S, 2004: PMID 13679404-1
// Subjects=20
28.9	-18.4	-11.8
25.7	-21.2	-7.0
-22.4	-18.4	-7.8
-26.7	-19.7	-9.9
-22.4	-21.6	-7.6
25.7	-22.5	-9.2
-24.5	-21.7	-8.7
27.9	-22.2	-5.9
-23.4	-22.5	-5.3
-22.4	-21.5	-6.5
-23.4	-23.6	-5.2
24.6	-21.3	-8.1
23.6	-21.4	-9.2
-23.5	-22.7	-7.5
-21.3	-23.7	-7.4
24.7	-15.6	-3.0
-25.6	-22.6	-6.3
25.7	-21.3	-8.2
-23.5	-21.6	-7.6
26.8	-21.3	-8.2
24.6	-19.0	-5.0
-18.1	-22.4	-4.2
24.7	-23.1	-3.5
-23.4	-21.3	-3.1
20.3	-18.4	-11.7
-23.5	-16.3	-8.0
23.5	-20.6	-12.6
-21.3	-20.7	-9.9
-23.4	-21.4	-5.3
23.6	-22.3	-6.9
23.6	-19.2	-8.3
-22.4	-21.5	-6.5
23.6	-23.3	-5.7
-19.2	-22.6	-7.5
25.7	-23.3	-5.8
25.7	-24.1	-3.5
24.6	-23.5	-9.1
23.6	-24.4	-6.8
-21.3	-23.7	-7.4
22.5	-23.4	-6.8
21.4	-29.9	-8.5
-20.2	-25.8	-7.2
25.7	-22.3	-7.0
26.8	-23.3	-5.8
-18.1	-24.9	-9.6
-21.3	-26.0	-9.4
20.5	-21.8	14.2
-17.0	-26.9	-7.2
-20.2	-24.7	-6.2
19.4	-23.1	11.0
-11.6	-23.6	7.0
15.1	-23.3	8.9
26.8	-21.2	-7.1
-20.2	-20.5	-6.6
25.7	-23.3	-6.9
-20.2	-23.7	-7.4
25.9	-28.5	9.2
-21.3	-24.6	-5.1
-5.2	-14.8	10.6
24.6	-22.6	-10.3
15.2	-17.6	12.9
-18.0	-28.1	4.1
-20.2	-24.6	-5.1
-14.8	-28.4	0.7
-9.4	-24.3	11.5

// Stoesz MR, 2003: PMID 14511835-1
// Subjects=20
18.0	6.0	6.0
18.0	3.0	72.0
39.0	-42.0	42.0
18.0	-30.0	9.0
39.0	36.0	30.0
51.0	24.0	3.0
-21.0	-39.0	2.0
24.0	-69.0	-45.0
-8.0	-66.0	-48.0
-42.0	-63.0	3.0
60.0	-57.0	3.0

// Schubotz RI, 2003: PMID 14527579-1
// Subjects=20
-45.9	0.5	5.3
43.9	2.5	9.7
-23.3	-53.9	1.8
-4.3	32.8	6.6
33.3	-11.8	17.7
25.1	-87.4	32.0
-62.9	-26.2	5.5
-43.6	7.9	31.5
-59.7	0.3	17.8
-39.1	-85.9	15.9
39.6	-37.3	-9.2
51.7	-4.6	40.3
-26.7	-21.2	-15.4
-3.8	15.4	56.0
58.1	-34.5	24.9
-20.9	-1.9	54.3
24.0	-0.7	52.6
62.3	-60.2	9.2
-48.7	-71.6	22.6
-52.3	1.4	4.2
-4.7	-55.7	58.7
-59.5	-54.0	16.8
-55.4	6.2	25.0
53.5	8.3	1.3
56.8	10.0	22.3
-27.3	-40.9	46.5
37.9	-38.5	44.4

// Kumari V, 2003: PMID 14550677-1
// Subjects=20
-43.6	-73.2	-5.2
-42.9	20.0	-11.9
-2.1	-28.1	-10.6
30.9	-20.5	-25.0
-40.1	-27.9	50.0
-43.7	-34.1	-1.8
19.1	29.7	-7.9
33.3	25.2	29.1
-47.9	10.0	17.9
3.2	18.2	-4.5
4.2	15.3	-14.3
22.2	29.9	-20.2
25.5	10.2	-27.5
-23.4	-83.2	-19.1
-8.2	-65.2	19.3
14.1	-35.4	3.2
19.0	27.7	-21.1
13.0	-47.1	4.2
-7.6	41.4	-6.3
39.6	9.1	-0.8
-2.8	-65.2	19.3
16.0	35.3	9.5
25.7	-61.6	-19.3
35.5	-62.7	-7.0
-30.1	11.1	-24.7
51.6	9.3	41.4
-33.4	12.7	-31.5
-33.0	2.2	12.9
-26.6	-1.4	6.4
-52.3	1.2	0.9
-26.7	21.4	-1.1
-33.2	18.8	-7.5
-30.0	12.0	-12.5
-30.1	11.5	-19.2
-44.4	-64.8	27.5
-18.6	-55.2	53.2
61.3	-53.6	25.4
31.3	-83.8	-5.2
14.2	11.2	41.7
-11.5	-47.8	10.1
-1.7	-49.1	34.6
31.0	-35.1	-21.6
-28.9	-28.6	-28.1
32.0	-33.5	-28.4
62.3	-42.2	21.1
62.3	-42.7	15.5
-29.9	-22.9	-9.6
-48.8	-64.5	18.6
-44.5	-60.8	23.8
-16.6	-49.2	34.8
54.7	-62.6	-7.3
35.5	-60.1	-1.7
-4.9	-31.1	33.2
-5.3	-62.3	-25.6
-13.9	-65.9	-30.7
-10.4	-90.4	-4.2
-41.2	-56.1	30.1
-26.7	-26.5	-16.0
-5.0	16.4	41.5
41.9	-23.7	14.2
-37.6	2.6	-23.9
-1.7	-12.7	50.5
57.8	2.3	5.1
62.4	-16.4	37.9
58.0	-17.0	31.3
44.1	-17.5	25.9
44.1	-23.3	19.7
-11.4	-44.1	16.5
1.3	15.5	29.2
-33.2	3.0	-18.4
35.2	-45.1	-27.5
32.2	21.0	16.1
32.0	19.2	-8.3
31.9	18.7	-13.8
35.1	18.2	-20.5
24.3	24.1	-26.4
-11.9	42.7	-3.0
-15.3	40.8	-27.4
5.5	-79.8	-19.7
32.1	20.6	10.6
-48.0	-32.8	-11.9
-23.5	-53.4	-19.4
35.4	31.1	21.9
-29.5	-53.3	23.0
47.4	-43.4	21.3
-29.6	-50.6	17.2
38.8	-47.0	16.2
-39.2	-54.3	11.0
44.1	-44.3	9.2
16.0	-53.7	-26.5
54.7	-37.3	2.9
29.3	-39.9	40.2
-32.8	-62.1	6.0
1.3	-36.6	3.4
19.1	-12.4	-30.0
8.7	39.3	33.8
4.4	45.1	26.7
7.5	48.4	14.1
4.3	40.5	9.2
50.3	-34.0	-9.6
-3.3	21.7	-13.7
4.4	40.4	21.5
1.3	8.1	29.8
54.7	-23.6	15.1
-28.5	-85.9	1.2
-39.7	-0.6	-23.6
29.2	-58.7	17.2
-18.9	-53.7	17.4
47.3	-38.5	15.3
9.0	-60.0	29.9
-13.7	-15.6	14.1
11.2	-56.9	41.8
-17.1	29.8	10.4
-11.8	-61.1	-37.8
39.7	3.1	17.5
27.8	15.4	-1.2
-19.8	-55.0	42.0
-41.7	-26.6	-15.9
35.1	-22.8	-41.6
5.3	19.5	-1.3
-3.0	13.9	23.8
46.9	4.1	-25.0
-44.8	23.3	11.2
10.5	19.8	-25.9
5.5	-44.9	-8.2
39.5	37.1	2.4
-5.3	-68.6	-25.0
16.1	-62.1	-25.8
35.3	13.3	-1.1
-41.9	23.7	-25.6
17.0	36.0	-9.5
54.6	13.3	10.9
-30.0	8.8	-12.3
-33.4	23.7	-25.7
28.6	42.0	-15.7
25.6	48.1	8.3
-8.1	-82.7	13.0
13.4	-80.7	37.1
-29.5	-30.7	40.1
-51.9	-60.4	30.6
39.3	-24.9	-41.5
-17.0	26.0	16.2
4.7	-52.2	34.8
23.3	46.6	-10.5
-19.9	-41.1	28.6
13.5	29.4	-39.0
-10.4	-86.2	-4.5
-23.3	-43.0	4.3
-55.2	-31.4	33.8
25.8	-67.9	-18.7
-20.0	10.6	36.5
-6.6	50.7	-10.5
-49.3	-25.5	-28.1
-8.5	-77.5	-29.8
-44.7	24.3	23.4
-10.2	-81.8	25.2
-49.0	20.6	17.1
-20.8	-55.0	42.0
19.4	-25.9	2.3
-2.8	-74.8	19.0
8.0	-54.8	41.7
17.1	41.7	9.0
4.2	-66.3	-37.6
5.2	32.7	-9.1
13.2	-56.3	22.8
-2.9	-56.8	17.5
27.9	35.7	27.2

// Booth JR, 2003: PMID 14568448-1
// Subjects=20
33.0	3.0	45.0
48.0	12.0	21.0
30.0	-66.0	39.0
-24.0	-72.0	33.0
-30.0	-54.0	-18.0
27.0	0.0	45.0
54.0	33.0	15.0
-3.0	-30.0	-9.0
27.0	-57.0	48.0
-15.0	-15.0	12.0
24.0	-27.0	-9.0
6.0	33.0	36.0
21.0	18.0	-9.0
-24.0	-33.0	-6.0
-27.0	3.0	48.0
-30.0	24.0	-18.0
24.0	-30.0	-3.0
30.0	27.0	-3.0
-12.0	30.0	15.0
-9.0	-30.0	-30.0
-21.0	-30.0	0.0
-33.0	-18.0	30.0
9.0	21.0	36.0
12.0	33.0	21.0
30.0	27.0	0.0
-18.0	9.0	36.0
24.0	-60.0	15.0
12.0	-6.0	-3.0
30.0	-63.0	36.0
-30.0	-51.0	48.0
39.0	3.0	45.0
39.0	42.0	15.0
33.0	60.0	15.0
48.0	15.0	21.0
18.0	-3.0	3.0
-48.0	6.0	24.0
-30.0	-24.0	-9.0
42.0	24.0	15.0
-39.0	-81.0	3.0
9.0	30.0	33.0
33.0	-33.0	36.0
-30.0	-45.0	57.0
27.0	0.0	42.0
-12.0	-3.0	18.0
-30.0	27.0	-12.0
15.0	57.0	21.0
48.0	-3.0	27.0
-42.0	0.0	33.0
-24.0	-78.0	12.0
3.0	18.0	54.0
-24.0	3.0	48.0
6.0	-24.0	-12.0
-21.0	-3.0	-18.0
30.0	-54.0	57.0
-12.0	-27.0	12.0
45.0	-12.0	-18.0
21.0	39.0	39.0
9.0	-27.0	24.0
3.0	60.0	0.0
45.0	0.0	12.0
-42.0	-30.0	15.0
-42.0	-30.0	0.0
-12.0	15.0	18.0
3.0	54.0	30.0
-6.0	-42.0	9.0
24.0	-3.0	-15.0
-27.0	-9.0	-21.0
12.0	-27.0	-9.0
-3.0	-24.0	-21.0
6.0	-9.0	36.0
6.0	42.0	12.0

// Sperling R, 2003: PMID 14568509-1
// Subjects=20
42.0	-39.0	-27.0
-24.0	-27.0	-6.0
21.0	-30.0	-3.0
-12.0	-12.0	-9.0
-36.0	-3.0	57.0
-33.0	24.0	0.0
42.0	12.0	24.0
-9.0	15.0	42.0
6.0	18.0	45.0
-42.0	-48.0	-24.0
-60.0	9.0	18.0
33.0	-15.0	-33.0
9.0	-9.0	0.0
-30.0	-21.0	-18.0
-48.0	24.0	30.0
-36.0	0.0	12.0
-30.0	9.0	-30.0
-45.0	0.0	27.0
39.0	-12.0	-36.0
42.0	27.0	21.0
-33.0	36.0	6.0
30.0	-24.0	36.0
-9.0	-12.0	15.0
54.0	-60.0	-18.0
-27.0	-69.0	-21.0
27.0	-15.0	-15.0
-51.0	21.0	6.0
27.0	24.0	-6.0
42.0	-60.0	18.0

// Glabus MF, 2003: PMID 14615300-1
// Subjects=20
-44.0	-41.0	43.0
-10.0	15.0	12.0
-28.0	6.0	55.0
32.0	6.0	51.0
-46.0	29.0	28.0
44.0	-46.0	43.0
-36.0	-58.0	-27.0
10.0	-15.0	12.0
-2.0	16.0	40.0
-30.0	-24.0	-12.0
30.0	-22.0	-12.0
36.0	-54.0	-28.0
44.0	8.0	11.0
42.0	30.0	24.0

// Bonne O, 2003: PMID 14625150-1
// Subjects=20
57.0	0.0	26.0
43.0	-56.0	-28.0
56.0	-17.0	36.0
-32.0	-43.0	-38.0
56.0	-19.0	36.0
54.0	-8.0	31.0
55.0	6.0	-14.0
-54.0	-50.0	-3.0
47.0	-64.0	-11.0
31.0	-43.0	-36.0
10.0	-56.0	-29.0
-27.0	-39.0	-36.0
-52.0	-41.0	-15.0
-54.0	-43.0	29.0
66.0	14.0	-4.0
47.0	-52.0	-19.0
-38.0	-21.0	55.0
31.0	-45.0	-36.0
59.0	2.0	16.0
12.0	-54.0	-5.0
-20.0	-37.0	-2.0
-32.0	-41.0	-11.0
-47.0	-33.0	42.0
30.0	-47.0	-33.0
-36.0	-81.0	-5.0
-38.0	-80.0	-5.0
17.0	-64.0	-2.0
4.0	41.0	-14.0
-3.0	-39.0	-23.0
16.0	36.0	-16.0
-14.0	35.0	-5.0
-20.0	-37.0	-5.0
19.0	-39.0	-6.0
-3.0	43.0	-7.0
61.0	-2.0	1.0
-11.0	-54.0	-10.0
8.0	39.0	-14.0

// Mandzia JL, 2004: PMID 14689505-1
// Subjects=20
25.6	-73.8	-40.5
5.5	-9.4	10.0
-8.4	-9.3	12.4
-16.3	66.6	-9.5
8.5	48.6	2.9
-43.7	-46.6	-11.9
-19.9	-96.3	3.1
-15.9	-35.8	1.3
-33.0	-72.1	-13.3
-48.8	-69.8	18.0
-61.0	-12.0	-18.0
-2.3	54.7	0.3
-57.2	-61.5	30.7
35.3	26.8	7.8
54.5	27.9	6.3
53.5	32.4	9.3
-16.9	-10.9	20.5
-30.0	60.6	10.2
-27.8	59.9	14.6
-40.5	40.6	27.6
-6.1	-87.0	-1.2
-11.3	-72.3	24.4
17.6	-21.6	44.4
40.3	-2.5	-41.1
-30.9	-22.8	-8.5
-53.1	-75.7	10.7
45.3	-42.5	32.4
53.3	35.9	-14.4
1.8	92.4	-8.5
-13.7	-79.5	-14.0
-42.3	0.2	56.6
19.5	-13.8	21.4
-48.9	19.6	31.7
12.2	-66.9	22.6
-13.4	-39.4	36.2
45.9	-28.5	-20.0
-67.2	-30.9	0.4
-33.1	17.9	9.3
1.0	46.4	3.2
-36.6	57.8	-11.8
34.2	-68.1	-35.6
32.1	-21.5	-11.6
-36.4	27.4	-5.9
33.0	25.5	-8.8
-58.7	-21.7	-6.0
22.0	-68.2	47.1
14.1	-44.9	5.1
8.7	32.8	32.1
57.9	-57.3	-8.8
49.5	-45.1	25.9
-63.7	-34.8	31.9
29.0	-11.7	5.5
6.6	30.8	34.5
-12.7	-17.9	-1.3
-49.1	-71.8	-20.9
46.1	30.4	26.3
36.4	37.7	11.3
37.4	28.2	-1.3

// Li P, 2004: PMID 15050577-1
// Subjects=20
46.0	-13.0	56.0
-50.0	32.0	11.0
-50.0	32.0	11.0
-50.0	32.0	11.0
-59.0	5.0	22.0
-59.0	5.0	22.0
-48.0	28.0	12.0
-48.0	28.0	12.0
-48.0	-23.0	45.0
-40.0	-9.0	17.0
-40.0	-9.0	17.0
-36.0	-15.0	54.0
-36.0	-15.0	54.0
40.0	-13.0	47.0
40.0	-13.0	47.0
-48.0	-23.0	45.0
-50.0	11.0	20.0
-50.0	-7.0	50.0
-50.0	-7.0	50.0
-51.0	-10.0	39.0
-51.0	-10.0	39.0
-38.0	15.0	-2.0
-38.0	15.0	-2.0
-28.0	-2.0	31.0
-46.0	-17.0	10.0
-50.0	11.0	20.0
42.0	-3.0	17.0
46.0	-13.0	56.0
46.0	-13.0	56.0
38.0	-12.0	34.0
38.0	-12.0	34.0
-46.0	-17.0	10.0
-50.0	-7.0	50.0
42.0	-3.0	17.0
28.0	15.0	-4.0
36.0	15.0	-6.0
63.0	-18.0	19.0
-51.0	-10.0	39.0
48.0	11.0	23.0
42.0	16.0	-1.0
42.0	16.0	-1.0
8.0	7.0	59.0
8.0	7.0	59.0
36.0	15.0	-6.0
34.0	25.0	4.0
8.0	7.0	59.0
50.0	11.0	23.0
55.0	16.0	10.0
55.0	16.0	10.0
-26.0	-37.0	41.0
34.0	25.0	4.0
55.0	16.0	10.0
36.0	15.0	-6.0
63.0	-18.0	19.0
50.0	11.0	23.0
48.0	11.0	23.0
-51.0	8.0	-2.0
28.0	15.0	-4.0
-40.0	-5.0	-20.0
-40.0	-5.0	-20.0
-40.0	-5.0	-20.0
48.0	11.0	23.0
-53.0	-26.0	14.0
44.0	-59.0	-9.0
44.0	-59.0	-9.0
44.0	-8.0	-3.0
44.0	-8.0	-3.0
40.0	-26.0	-12.0
40.0	-26.0	-12.0
-44.0	-33.0	44.0
-53.0	-26.0	14.0
-51.0	8.0	-2.0
-28.0	-2.0	31.0
24.0	-7.0	10.0
-38.0	15.0	-2.0
-48.0	-59.0	-14.0
18.0	-89.0	4.0
36.0	-35.0	37.0
36.0	-35.0	37.0
36.0	-35.0	37.0
36.0	-28.0	24.0
36.0	-28.0	24.0
-50.0	-65.0	-9.0
-50.0	-65.0	-9.0
-48.0	-66.0	-8.0
-48.0	-66.0	-8.0
-48.0	-66.0	-8.0
-32.0	-44.0	48.0
-26.0	-64.0	31.0
-48.0	-59.0	-14.0
-26.0	-64.0	31.0
-38.0	-28.0	-15.0
-38.0	-28.0	-15.0
18.0	-89.0	4.0
-18.0	-91.0	6.0
-44.0	-33.0	44.0
-40.0	-24.0	-17.0
-16.0	-95.0	10.0
-40.0	-24.0	-17.0
-16.0	-95.0	10.0
-18.0	-91.0	6.0
-18.0	-91.0	6.0
26.0	-82.0	-11.0
-16.0	-93.0	8.0
-26.0	-57.0	-4.0
-26.0	-57.0	-4.0
-38.0	-28.0	-15.0
26.0	-82.0	-11.0
26.0	-82.0	-11.0
-16.0	-93.0	8.0
2.0	-74.0	-8.0
-26.0	-64.0	31.0
-12.0	10.0	38.0
-12.0	10.0	38.0
8.0	8.0	42.0
8.0	8.0	42.0
-30.0	13.0	-2.0
14.0	12.0	38.0
4.0	-7.0	15.0
4.0	-7.0	15.0
16.0	-9.0	21.0
-18.0	-15.0	8.0
-18.0	-15.0	8.0
24.0	-7.0	10.0
30.0	-41.0	-6.0
30.0	-41.0	-6.0
16.0	-9.0	21.0
-22.0	-28.0	-9.0
-26.0	-37.0	41.0
-18.0	-15.0	8.0
-22.0	-28.0	-9.0
14.0	12.0	38.0
-34.0	-24.0	-11.0
-34.0	-24.0	-11.0
-30.0	13.0	-2.0
2.0	-74.0	-8.0
12.0	-65.0	-20.0
-40.0	-54.0	-24.0
-40.0	-54.0	-24.0
-40.0	-54.0	-24.0
12.0	-65.0	-20.0
28.0	-57.0	-21.0
26.0	-57.0	-22.0
26.0	-57.0	-22.0
-32.0	-44.0	48.0
26.0	-57.0	-22.0
18.0	-47.0	-16.0
18.0	-47.0	-16.0
28.0	-57.0	-21.0

// Pollmann S, 2004: PMID 15054061-1
// Subjects=20
13.0	-67.0	38.0
-43.0	14.0	18.0
-47.0	-19.0	12.0
49.0	-16.0	3.0
34.0	-52.0	12.0
-50.0	-16.0	3.0
-26.0	-34.0	27.0
31.0	-58.0	38.0
13.0	-67.0	41.0
-34.0	23.0	3.0
-34.0	17.0	-18.0
28.0	-13.0	21.0
10.0	11.0	-3.0
47.0	-22.0	3.0
4.0	-55.0	-3.0
-29.0	-64.0	12.0
-26.0	-10.0	-18.0
-1.0	53.0	-3.0
29.0	17.0	-12.0
-7.0	32.0	12.0
-52.0	-4.0	-12.0
-5.0	53.0	0.0
-19.0	17.0	-15.0
13.0	11.0	-15.0
-8.0	-67.0	41.0
-2.0	-40.0	30.0
-49.0	-16.0	-9.0
-37.0	-76.0	35.0
7.0	-69.0	41.0
31.0	17.0	-12.0
-23.0	-22.0	-12.0
-26.0	-25.0	-9.0
-26.0	-58.0	32.0

// Pihlajamaki M, 2004: PMID 15078568-1
// Subjects=20
27.7	-12.6	-20.1
25.6	-12.7	-21.1
25.6	-12.7	-21.1
25.6	-12.7	-21.1
25.6	-12.7	-21.1
25.6	-12.7	-21.1
6.3	7.6	-1.4
25.6	-12.7	-21.1
6.3	6.0	-2.5
6.3	6.0	-2.5
6.3	7.6	-1.4
-25.7	-15.1	-19.2
6.3	7.6	-1.4
6.3	7.6	-1.4
6.3	7.6	-1.4
-25.7	-15.1	-19.2
-25.7	-15.1	-19.2
-28.9	-15.1	-19.2
-28.9	-15.1	-19.2
-28.9	-15.1	-19.2
1.1	3.7	-3.1
27.7	-12.6	-20.1
6.3	7.6	-1.4
-28.9	-15.1	-19.2
31.0	-25.1	-15.7
-28.9	-15.1	-19.2
3.8	5.3	-2.4
3.8	5.3	-2.4
5.4	6.0	-1.0
5.4	6.0	-1.0
5.4	6.0	-1.0
5.4	6.0	-1.0
5.4	6.0	-1.0
5.4	6.0	-1.0
2.8	3.4	-2.6
31.0	-25.1	-15.7
3.8	5.3	-2.4
31.0	-25.1	-15.7
28.9	-26.2	-16.7
28.9	-26.2	-16.7
34.1	-18.3	-25.2
26.7	-28.1	-13.2
26.7	-28.1	-13.2
5.5	5.5	-2.0
5.5	5.5	-2.0
5.5	5.5	-2.0
1.1	3.7	-3.1
1.1	3.7	-3.1
28.9	-26.2	-16.7
-28.9	-15.1	-19.2
26.7	-28.1	-13.2
-20.2	-37.4	-5.2
6.4	6.7	-1.7
25.8	-37.2	-6.8
-25.6	-25.3	-13.9
-25.6	-25.3	-13.9
-25.6	-25.3	-13.9
-24.5	-28.3	-11.4
-24.5	-28.3	-11.4
-24.5	-28.3	-11.4
5.7	5.3	-1.5
5.7	5.3	-1.5
-26.7	-26.5	-14.9
-26.7	-26.5	-14.9
4.4	3.4	-3.1
24.7	-35.0	-5.9
20.4	-37.0	-3.4
20.4	-37.0	-3.4
20.4	-37.0	-3.4
24.7	-35.0	-5.9
7.2	2.8	-2.8
7.2	2.8	-2.8
4.4	3.4	-3.1
4.4	3.4	-3.1
7.2	2.8	-2.8
5.7	5.3	-1.5
-26.7	-26.5	-14.9
24.7	-35.0	-5.9
-24.5	-37.4	-5.1
6.4	6.7	-1.7
6.4	6.7	-1.7
6.4	6.3	-2.2
6.4	6.3	-2.2
6.4	6.3	-2.2
2.8	3.4	-2.6
-24.5	-37.4	-5.1
-24.5	-37.4	-5.1
-25.5	-35.4	-6.4
25.8	-37.2	-6.8
-25.5	-35.4	-6.4
-20.2	-37.4	-5.2
-20.2	-37.4	-5.2
34.1	-18.3	-25.2
4.8	6.0	-1.8
4.8	6.0	-1.8
4.8	6.0	-1.8
4.8	4.1	-2.7
4.8	4.1	-2.7
4.8	4.1	-2.7
34.1	-18.3	-25.2
-25.5	-35.4	-6.4
25.8	-37.2	-6.8
2.8	3.4	-2.6
27.7	-12.6	-20.1
6.3	6.0	-2.5
-26.7	-31.9	-16.7
-26.7	-31.9	-16.7
33.1	-21.3	-22.7
33.1	-21.3	-22.7
33.1	-21.3	-22.7
33.1	-21.3	-22.7
4.3	8.1	-1.5
4.3	8.1	-1.5
4.3	8.1	-1.5
4.6	7.3	-1.4
4.6	7.3	-1.4
3.9	4.8	-3.1
4.6	7.3	-1.4
4.6	7.3	-1.4
4.6	7.3	-1.4
-32.1	-18.6	-23.3
-32.1	-18.6	-23.3
-31.0	-21.7	-22.0
-31.0	-21.7	-22.0
-31.0	-21.7	-22.0
-31.0	-21.7	-22.0
-31.0	-21.7	-22.0
-31.0	-21.7	-22.0
4.6	7.3	-1.4
33.1	-21.3	-22.7
3.9	4.8	-3.1
23.6	-36.4	-10.2
33.1	-21.3	-22.7
4.3	6.3	-1.2
4.3	6.3	-1.2
4.3	6.3	-1.2
4.3	6.3	-1.2
4.3	6.3	-1.2
29.9	-29.6	-18.7
29.9	-29.6	-18.7
29.9	-29.6	-18.7
23.6	-36.4	-10.2
23.6	-36.4	-10.2
22.5	-37.5	-10.1
7.4	7.3	-1.7
22.5	-37.5	-10.1
22.5	-37.5	-10.1
5.1	6.2	-1.9
5.1	6.2	-1.9
5.1	6.2	-1.9
6.5	7.8	-0.3
6.5	7.8	-0.3
6.5	7.8	-0.3
7.4	7.3	-1.7
7.4	7.3	-1.7
3.9	4.8	-3.1
-26.7	-31.9	-16.7
-32.1	-18.6	-23.3
-22.4	-38.9	-10.6
-22.4	-38.9	-10.6
-22.4	-38.9	-10.6
-22.3	-42.0	-9.2
-22.3	-42.0	-9.2
-22.3	-42.0	-9.2
4.6	6.1	-1.1
2.2	4.5	0.2
4.6	6.1	-1.1
2.0	3.8	-2.4
2.0	3.8	-2.4
2.0	3.8	-2.4
4.7	8.4	-1.4
4.7	8.4	-1.4
4.7	8.4	-1.4
35.3	-39.0	-16.8
35.3	-39.0	-16.8
35.3	-39.0	-16.8
38.5	-39.7	-13.4
38.5	-39.7	-13.4
38.5	-39.7	-13.4
40.7	-41.9	-14.4
40.7	-41.9	-14.4
40.7	-41.9	-14.4
4.4	8.5	0.3
4.4	8.5	0.3
4.6	6.1	-1.1
-36.3	-38.2	-14.9
2.2	4.5	0.2
4.3	7.0	-2.9
4.3	7.0	-2.9
4.4	8.5	0.3
-35.2	-40.5	-17.0
-35.2	-40.5	-17.0
-35.2	-40.5	-17.0
-33.1	-43.5	-14.5
-33.1	-43.5	-14.5
-33.1	-43.5	-14.5
2.2	4.5	0.2
4.3	7.0	-2.9
-36.3	-38.2	-14.9
-36.3	-38.2	-14.9
2.6	1.3	-2.6
2.6	1.3	-2.6
7.2	8.8	-3.3
7.2	8.8	-3.3
2.6	1.3	-2.6
3.3	8.7	-1.5
4.3	6.3	-1.2
3.3	8.7	-1.5
3.3	8.7	-1.5
7.2	8.8	-3.3

// Sakai K, 2004: PMID 15115738-1
// Subjects=20
-6.0	32.0	34.0
-28.0	-32.0	-10.0
-48.0	18.0	6.0
-2.0	30.0	34.0
66.0	-26.0	-20.0
0.0	14.0	50.0
-22.0	-64.0	64.0
-28.0	-72.0	-30.0
-52.0	-32.0	32.0
8.0	24.0	50.0
-42.0	46.0	26.0
38.0	54.0	22.0
32.0	-54.0	-34.0
22.0	-64.0	34.0

// Yamaguchi S, 2004: PMID 15190108-1
// Subjects=20
-32.0	-54.0	44.0
32.0	34.0	34.0
-4.0	-30.0	24.0
24.0	-68.0	6.0
-8.0	-50.0	30.0
6.0	-62.0	28.0
30.0	-52.0	46.0
45.0	-73.0	18.0
-28.0	48.0	32.0
26.0	-80.0	-4.0
-42.0	-48.0	-18.0
42.0	-56.0	-18.0
28.0	-20.0	-14.0
-38.0	46.0	30.0
30.0	48.0	34.0
6.0	-18.0	34.0
-10.0	-76.0	16.0
-6.0	-62.0	40.0
32.0	12.0	54.0
36.0	-78.0	-12.0
4.0	-70.0	34.0
-28.0	-22.0	-12.0
52.0	-48.0	28.0
36.0	22.0	42.0
-36.0	24.0	44.0
-44.0	-14.0	38.0
-2.0	-8.0	34.0
12.0	56.0	26.0
30.0	-44.0	44.0
-40.0	-42.0	32.0
-36.0	14.0	-4.0
-14.0	8.0	14.0
12.0	12.0	14.0
-28.0	-12.0	0.0
38.0	16.0	-6.0
42.0	-46.0	-18.0
-28.0	-18.0	-14.0
30.0	-20.0	-12.0
-26.0	52.0	16.0
6.0	-4.0	8.0
-30.0	-14.0	-14.0
-22.0	-68.0	-8.0
10.0	36.0	20.0
-6.0	-4.0	6.0

// Peelle JE, 2004: PMID 15533557-1
// Subjects=20
55.0	12.0	7.0
-28.0	11.0	-11.0
16.0	23.0	-8.0
-44.0	15.0	-7.0
-12.0	-4.0	4.0
4.0	11.0	-11.0
8.0	-4.0	4.0
-28.0	-44.0	54.0
-28.0	-68.0	40.0
-32.0	-72.0	29.0
12.0	46.0	-9.0
-36.0	7.0	-10.0
-51.0	-3.0	15.0
-44.0	-11.0	19.0
51.0	-62.0	3.0
-55.0	20.0	10.0
-48.0	8.0	14.0
-28.0	-13.0	49.0
-63.0	-30.0	16.0
-32.0	-76.0	33.0
32.0	-11.0	19.0
12.0	-40.0	-25.0
0.0	-19.0	8.0
-24.0	-70.0	-3.0
-28.0	-68.0	40.0
12.0	19.0	-8.0
-20.0	-39.0	2.0
-12.0	7.0	-7.0
16.0	-32.0	-25.0
12.0	-23.0	-2.0
12.0	-8.0	-3.0
4.0	7.0	-10.0
-51.0	-36.0	-15.0
0.0	-36.0	-12.0
55.0	8.0	7.0
-8.0	21.0	39.0
8.0	8.0	0.0
-16.0	-64.0	40.0
-12.0	8.0	-4.0
-32.0	10.0	44.0
4.0	-20.0	56.0
-8.0	-2.0	37.0
-59.0	3.0	-14.0
-36.0	-48.0	47.0
55.0	-27.0	-5.0
51.0	-1.0	-23.0
36.0	19.0	-18.0
-28.0	-76.0	26.0
4.0	22.0	43.0
-16.0	10.0	47.0

// Rodd JM, 2005: PMID 15635062-1
// Subjects=20
60.0	-2.0	-18.0
56.0	2.0	-24.0
-14.0	-28.0	-8.0
26.0	-16.0	-20.0
-30.0	-24.0	-16.0
-22.0	-32.0	-20.0
-54.0	10.0	-16.0
-30.0	-8.0	-30.0
-54.0	6.0	-28.0
-58.0	-12.0	-20.0
-56.0	-38.0	0.0
-60.0	-30.0	-6.0
-34.0	-18.0	-22.0
56.0	-28.0	-6.0
-58.0	-10.0	-20.0
-54.0	6.0	-24.0
-58.0	-34.0	0.0
-62.0	-10.0	-8.0
66.0	-8.0	-8.0
-58.0	-58.0	14.0
-64.0	-22.0	-2.0
10.0	-32.0	-2.0
-54.0	26.0	12.0
-16.0	-44.0	0.0
-30.0	-40.0	-24.0
-36.0	-34.0	-26.0
64.0	-14.0	-6.0
-58.0	-30.0	0.0
-62.0	-10.0	-8.0
50.0	12.0	-20.0
-48.0	-62.0	18.0
62.0	-8.0	-12.0
-32.0	-40.0	-22.0
-62.0	-12.0	-6.0
16.0	-48.0	0.0
-42.0	20.0	20.0
-54.0	26.0	10.0
26.0	-34.0	-22.0
-32.0	-10.0	-28.0
26.0	-16.0	-22.0
52.0	10.0	-24.0
56.0	2.0	-24.0
62.0	-8.0	-10.0
-26.0	-34.0	-14.0
36.0	-62.0	-24.0
-14.0	-46.0	-2.0
-50.0	-48.0	-10.0
-52.0	-50.0	-10.0
52.0	22.0	12.0
52.0	34.0	14.0
-52.0	28.0	20.0
-12.0	-30.0	-6.0
-58.0	-8.0	-6.0
50.0	36.0	16.0
36.0	26.0	4.0
-56.0	16.0	22.0
6.0	-30.0	-4.0
-50.0	30.0	20.0
32.0	26.0	2.0
-40.0	12.0	32.0
-38.0	-40.0	-14.0
-64.0	-48.0	-2.0
-56.0	-56.0	0.0
-44.0	24.0	-18.0
-42.0	14.0	32.0

// Smolka MN, 2005: PMID 15673663-1
// Subjects=20
-42.0	33.0	-9.0
51.0	33.0	-3.0
27.0	9.0	57.0
-24.0	-39.0	-3.0
21.0	-9.0	-9.0
-36.0	-42.0	-21.0
-60.0	-39.0	30.0
21.0	-33.0	3.0
42.0	-42.0	-18.0

// Golby A, 2005: PMID 15705615-1
// Subjects=20
-24.0	-63.0	23.0
-34.0	21.0	23.0
-18.0	51.0	5.0
38.0	26.0	15.0
-22.0	12.0	42.0
34.0	-11.0	50.0
8.0	-95.0	5.0
-38.0	37.0	0.0
-30.0	-30.0	-10.0
-32.0	-79.0	19.0
26.0	-37.0	-10.0
-26.0	20.0	3.0
-24.0	-50.0	52.0
32.0	-72.0	2.0
36.0	-74.0	0.0
-8.0	5.0	27.0
34.0	-2.0	28.0
-12.0	-88.0	-16.0
-30.0	-91.0	8.0
-24.0	-70.0	-7.0
-38.0	-49.0	-16.0
-28.0	-41.0	-11.0
-32.0	-11.0	54.0
-28.0	7.0	16.0
-40.0	-29.0	33.0
-44.0	-72.0	-5.0
-16.0	-32.0	61.0
-16.0	19.0	38.0
28.0	-60.0	42.0
-6.0	-49.0	1.0
-24.0	-66.0	-7.0
6.0	-10.0	24.0
20.0	-4.0	43.0
10.0	-27.0	46.0
-28.0	-75.0	7.0
-12.0	-14.0	34.0
-22.0	-33.0	48.0
-44.0	-18.0	36.0
-4.0	-52.0	1.0
40.0	-80.0	1.0
32.0	-37.0	-2.0
-22.0	-49.0	-11.0
-24.0	-87.0	1.0
36.0	6.0	48.0
30.0	-8.0	63.0
28.0	-10.0	-5.0
-22.0	-46.0	43.0
-44.0	7.0	-5.0
-6.0	-16.0	-1.0
-42.0	4.0	3.0
-38.0	-36.0	15.0
-28.0	-34.0	53.0
36.0	-25.0	7.0
2.0	-50.0	3.0
-22.0	-45.0	-6.0
24.0	7.0	-7.0
-50.0	-6.0	-8.0
36.0	-12.0	1.0
26.0	-37.0	-12.0
57.0	-26.0	25.0
-36.0	-18.0	34.0
20.0	-43.0	-8.0
22.0	-66.0	-5.0
2.0	-43.0	68.0
18.0	-64.0	3.0

// Skipper JI, 2005: PMID 15734345-1
// Subjects=20
40.7	20.9	13.8
23.1	96.4	-26.9
71.4	11.7	-25.9
71.4	11.7	-25.9
71.4	11.7	-25.9
-46.3	74.6	-14.3
-57.7	20.1	-1.7
-45.2	10.8	-40.1
-45.2	10.8	-40.1
24.8	47.1	37.4
57.7	24.2	-0.1
58.7	24.2	-0.1
58.8	17.9	0.4
58.8	17.8	-0.7
58.8	17.8	-0.7
-45.2	74.6	-14.3
56.6	-6.7	-14.2
49.2	22.3	3.5
39.6	36.6	10.3
-45.2	74.6	-14.3
61.9	54.5	6.3
66.2	53.9	10.7
60.9	53.8	10.8
60.9	41.1	11.9
60.8	40.3	0.8
60.8	40.3	0.8
39.6	36.6	10.3
51.2	47.8	2.5
57.7	53.9	11.9
65.1	60.4	12.4
55.5	8.0	-16.5
55.5	8.0	-16.5
56.6	51.0	15.5
-56.7	20.1	-1.8
49.2	22.3	3.5
51.2	47.8	2.5
-57.7	16.9	-1.5
-11.0	80.9	-17.4
-52.4	36.3	0.2
55.8	-16.8	20.1
54.8	-17.8	21.3
54.8	-17.8	21.3
50.4	-31.1	1.3
58.0	15.9	44.1
53.8	7.7	48.2
53.7	-24.8	13.0
-52.4	36.3	0.2
6.9	-0.2	60.5
-57.5	-22.1	16.3
-56.5	-28.4	3.4
11.6	31.9	-6.9
29.0	-0.8	9.0
27.9	-0.8	9.1
46.2	40.5	46.6
10.1	-54.4	33.8
9.1	-9.4	64.6
18.6	44.9	64.4
27.9	-2.0	8.0
27.9	-2.0	8.0
19.1	78.2	13.7
53.1	75.0	-17.7
12.6	98.9	6.5
23.5	71.1	17.6
15.2	50.7	43.9
-18.3	93.6	9.5
-19.6	77.4	-21.5
27.9	-1.9	9.2
-60.1	65.8	-16.7
-29.7	57.1	47.2
35.5	53.3	47.9
48.3	42.5	44.2
53.3	73.2	0.3
50.4	37.3	32.4
-57.7	17.1	0.7
-24.6	80.1	28.5
-0.1	72.9	15.5
-57.7	17.1	0.7
5.7	-24.6	33.6
55.5	26.2	-1.3
-45.8	42.2	35.3
-51.1	49.4	45.9
-63.3	61.1	-8.5
-19.9	35.9	61.2
-29.7	65.5	46.5
-37.3	69.4	41.8
-58.6	50.5	33.6
-54.3	-23.2	16.3
5.5	-44.8	-7.1
50.4	-19.2	3.7
52.7	-17.7	35.8
46.2	-53.8	10.0
22.9	22.3	60.7
-2.0	-35.0	-3.3
-5.8	57.5	-45.6
-27.7	-29.5	-12.4
4.6	11.5	46.2
-6.2	35.5	41.0
11.9	5.8	13.2
39.4	-16.2	-25.5
-23.1	8.6	53.5
-25.3	-54.2	11.9
-50.9	5.7	45.1
-49.9	1.7	35.4
-11.2	-48.5	42.5
-8.0	-21.8	57.0
-30.6	-31.1	35.7
-38.9	45.5	-46.5
3.9	49.5	-39.5
-51.2	-40.6	-3.4
-0.2	47.3	-12.5
-16.1	25.1	-9.3
-3.1	11.5	6.2
40.3	44.7	-22.8
-50.0	-11.3	18.6
38.2	33.6	-28.5
13.8	31.8	-8.0
7.5	64.0	23.9
12.7	91.8	10.4
60.7	37.3	-23.5
-50.6	55.4	-28.2
-38.7	10.7	-29.1
-9.5	60.0	27.8
-23.5	92.8	27.4
48.9	2.3	-34.9
48.3	29.2	37.5
20.6	71.2	60.0
-63.0	49.2	17.1
-54.5	20.0	-2.9
-33.9	52.6	58.8
20.7	0.6	41.4
51.5	-18.5	12.5
19.2	90.9	26.0
11.3	-24.8	58.1
8.0	-2.1	62.9
-4.1	62.0	39.8
28.2	9.3	57.3
3.7	-48.9	36.8
28.9	-38.6	-11.2
34.6	-39.7	29.0
-53.2	-22.4	12.9
-35.2	-32.3	-6.5
-31.9	0.1	11.9
47.4	9.8	48.1
-9.1	3.2	64.9
-7.0	19.4	66.9
-53.1	15.1	43.2
-11.2	-23.1	54.9
-0.7	-27.2	28.3
-51.1	-0.6	18.9
-33.8	-31.3	33.5
-10.6	-16.2	-7.1
53.4	48.2	8.0
38.6	-11.8	4.3

// Simo LS, 2005: PMID 15758195-1
// Subjects=20
-4.9	7.2	60.1
30.5	-7.5	59.8
-28.4	-3.4	49.0
-29.5	2.0	50.7
55.9	6.9	37.1
54.9	3.3	46.3
4.8	7.4	62.2
6.9	-1.1	61.7
-0.6	-1.3	60.7
-3.8	2.8	59.3
10.1	11.9	65.1
31.5	-7.8	56.4
-47.7	-6.4	40.5
-41.3	-8.0	46.1
-10.5	-88.1	-15.5
-41.8	55.4	-1.5
7.8	5.9	43.3
-4.2	50.5	28.5
-5.1	54.8	42.7
48.4	33.9	43.8
-40.4	39.5	41.0
52.4	41.2	13.1
-2.8	4.1	48.0
-1.6	9.5	62.1
53.5	41.3	14.2
39.4	55.0	0.9
-41.8	55.4	-1.5
-11.4	-20.5	33.5
8.6	55.6	24.6
-47.0	25.3	8.9
14.3	-24.4	35.7
-48.0	30.7	24.0
6.9	-1.1	62.9
20.8	-92.7	19.1
-8.2	-20.3	35.6
-19.6	-64.7	54.0
27.3	-57.7	44.0
26.2	-55.4	46.0
23.5	-21.0	-17.1
-19.7	-58.7	49.0
52.9	-42.3	47.9
-23.9	-61.4	56.0
-19.7	-58.6	50.1
-47.5	-52.1	54.4
64.4	-42.7	14.4
64.4	-41.7	14.3
-48.8	-42.2	17.9
10.9	-83.7	-15.0
-52.9	-46.0	51.7
34.8	-64.5	52.2
22.1	-71.5	58.6
22.1	-71.4	59.7
-52.0	-65.0	12.0
22.9	-93.4	10.2
-17.7	-94.7	10.8
47.3	-76.7	2.9
-45.6	-77.3	4.1
53.7	-62.5	7.2
19.7	-94.8	19.3
-47.8	-44.5	15.8
-14.5	-96.3	16.4
21.6	-96.2	-13.0
-21.1	-86.6	-8.8
-20.1	-76.5	-15.3
14.1	-85.4	-10.4
-14.5	-96.3	16.4
-27.8	-21.2	-15.4
21.6	-97.3	-12.9
-14.7	-87.8	-11.0
16.4	-24.4	35.7
-10.6	-0.8	-0.5
32.1	-19.0	-6.2
7.6	-13.9	7.0
-2.0	-15.1	6.1
0.1	-53.0	-16.4
-5.3	-67.5	-24.0
1.1	-68.7	-27.3
33.2	-64.1	-25.8
33.2	-64.2	-26.9
-33.1	-72.0	-25.5
30.9	-16.9	-19.7
15.1	-82.2	-24.1
9.7	-71.8	-26.0
-11.7	-69.9	-27.1
-11.7	-69.9	-27.1
34.3	-81.4	-28.9
-26.7	-2.1	-2.5
-24.6	-17.2	-19.1
28.9	-83.5	-27.5
-29.9	-76.0	-36.4
-39.6	46.1	2.6
18.3	66.1	35.9
1.5	28.3	57.1
52.6	23.0	39.1
-37.2	30.8	38.4
49.1	46.8	3.7
4.7	11.3	57.4
43.8	14.7	2.0
9.8	22.0	30.8
-0.9	25.1	30.6
-62.7	-32.9	29.5
-42.1	-67.1	52.2
-37.4	-72.7	-34.3
-34.1	9.4	8.9
-0.6	11.1	55.2
-33.1	-69.9	-25.7
3.4	-15.0	7.2
43.7	53.6	-4.6
-12.1	-71.7	59.0
-26.7	-6.5	-4.3
-3.0	-15.8	10.7
19.3	-65.5	-27.8
15.0	12.6	4.7
6.5	-73.8	-24.7
-25.6	-66.8	-27.2
-28.9	-8.0	-9.8
-25.6	-49.3	-21.9
-48.1	-74.7	-31.8
28.2	-4.3	46.2
-30.4	-11.7	66.4
-22.0	-6.1	54.7
-9.5	1.2	10.4
5.8	3.0	60.3
-37.5	-53.8	-37.0
31.1	-7.9	-0.4
-28.8	0.2	-0.4
17.8	-70.8	54.1
-25.0	-60.5	53.7
3.6	-57.7	18.6
53.7	-61.3	9.4
30.3	-81.4	12.4
-31.7	-86.1	12.4
-17.5	-67.6	57.6
-7.1	6.4	50.1
15.3	-77.0	2.2
6.8	-86.3	6.4
31.1	-73.6	-23.9
45.9	-50.9	-34.9
-45.0	-53.1	-41.5
24.6	-8.1	-2.6
-6.1	-84.3	6.4
14.6	-79.2	55.9
-1.8	-80.4	0.5

// Vitali P, 2005: PMID 15766766-1
// Subjects=20
-24.0	-48.0	-16.0
-46.0	-56.0	-12.0
-30.0	24.0	-4.0
-44.0	32.0	12.0
-48.0	28.0	16.0
-54.0	4.0	36.0
-28.0	2.0	52.0
-40.0	-60.0	44.0
-42.0	-64.0	-8.0
-52.0	16.0	32.0
-28.0	2.0	52.0
-44.0	-54.0	0.0
-44.0	32.0	12.0
-38.0	18.0	28.0
-30.0	46.0	4.0
-30.0	24.0	-4.0
-48.0	16.0	-8.0
-52.0	12.0	12.0
-32.0	-78.0	0.0
-32.0	8.0	12.0
-28.0	-80.0	24.0
-46.0	-56.0	-12.0
-40.0	-6.0	32.0
-36.0	-68.0	-4.0
-30.0	-46.0	44.0
-12.0	20.0	16.0
40.0	24.0	-12.0
40.0	36.0	16.0
18.0	0.0	52.0
28.0	-8.0	32.0
-16.0	-18.0	-12.0
-16.0	-12.0	4.0
-8.0	18.0	44.0
-24.0	-76.0	36.0
14.0	30.0	24.0
30.0	20.0	8.0
-30.0	22.0	-4.0
-32.0	-78.0	0.0
-28.0	0.0	48.0
12.0	22.0	44.0
-40.0	20.0	28.0
-42.0	-64.0	-8.0
-40.0	36.0	0.0
-40.0	6.0	24.0
-38.0	-66.0	-8.0
-24.0	-48.0	-16.0
-28.0	-80.0	24.0
-48.0	28.0	16.0
-28.0	-58.0	32.0
-54.0	4.0	36.0
-22.0	-76.0	44.0
-6.0	-24.0	4.0
-16.0	-6.0	20.0
36.0	44.0	24.0
40.0	36.0	16.0
42.0	30.0	-8.0
30.0	20.0	-8.0
26.0	-54.0	8.0
24.0	-52.0	4.0
12.0	22.0	28.0
22.0	-20.0	16.0
-36.0	-78.0	40.0
-6.0	10.0	36.0
-34.0	4.0	40.0
-4.0	26.0	56.0
-10.0	30.0	48.0
-46.0	34.0	-4.0
-52.0	26.0	12.0
-40.0	-60.0	44.0
-50.0	0.0	8.0
-40.0	-62.0	0.0
-48.0	-56.0	-12.0
0.0	16.0	4.0
24.0	10.0	4.0
22.0	14.0	8.0
28.0	36.0	12.0
-54.0	14.0	36.0
-22.0	-76.0	40.0
50.0	34.0	-12.0
40.0	36.0	-8.0
30.0	-54.0	28.0
38.0	-52.0	8.0
22.0	-40.0	32.0
26.0	-26.0	28.0
26.0	-30.0	-8.0
-42.0	36.0	4.0
-62.0	-4.0	8.0
-38.0	-34.0	4.0
-60.0	-2.0	0.0
-38.0	26.0	-4.0
10.0	30.0	48.0
-26.0	-42.0	44.0
-52.0	4.0	-8.0
-24.0	-28.0	-10.0
-28.0	-48.0	-4.0
30.0	-6.0	32.0
-48.0	-56.0	-12.0
-38.0	-46.0	48.0
-46.0	42.0	20.0
-10.0	-70.0	20.0
-12.0	-70.0	-12.0

// Breitenstein C, 2005: PMID 15808996-1
// Subjects=20
-3.0	30.0	45.0
-60.0	-24.0	0.0
-57.0	-12.0	0.0
-60.0	-27.0	-12.0
63.0	-21.0	-3.0
57.0	-9.0	-6.0
51.0	-15.0	0.0
-48.0	42.0	-9.0
-33.0	39.0	-12.0
-60.0	-12.0	3.0
-12.0	24.0	42.0
-45.0	18.0	-9.0
-57.0	9.0	12.0
63.0	-9.0	-3.0
-45.0	-27.0	0.0
30.0	-57.0	-33.0
9.0	30.0	33.0
36.0	27.0	-6.0
-51.0	18.0	3.0
-36.0	24.0	-9.0
-36.0	30.0	6.0
66.0	-21.0	0.0
6.0	12.0	51.0
39.0	15.0	21.0
-18.0	-30.0	-9.0
-30.0	-30.0	-6.0
-27.0	-21.0	-18.0
-12.0	30.0	36.0
-30.0	-45.0	-18.0
9.0	-36.0	9.0
-15.0	27.0	51.0
-15.0	-12.0	54.0
9.0	-30.0	0.0
6.0	0.0	51.0
45.0	-60.0	-24.0
48.0	9.0	21.0
-3.0	45.0	3.0
-45.0	-39.0	9.0
48.0	-57.0	-12.0
33.0	-15.0	51.0
30.0	0.0	39.0
24.0	-6.0	48.0
-39.0	-36.0	15.0
-12.0	39.0	48.0

// Fernandes MA, 2005: PMID 15817169-1
// Subjects=20
-21.9	-48.1	49.3
-47.3	4.3	-41.8
-58.8	-17.3	-17.6
-52.3	32.1	15.0
-19.9	-36.1	38.2
14.3	23.0	57.4
-12.4	-58.7	21.1
37.4	-26.8	-11.2
43.6	59.9	-5.1
62.1	25.5	16.5
-14.3	-86.0	40.1
-26.9	47.6	-6.6
40.5	-72.3	-49.8
-32.2	-24.1	-39.6
-1.1	31.9	7.8
-13.6	-13.2	31.8
8.9	-26.6	34.9
22.7	-78.6	-5.5
35.6	-51.5	13.2
-40.4	-49.9	-0.5
-32.0	-42.0	-9.1
36.4	-27.9	-12.2
-52.3	34.4	17.1
-41.5	-18.9	15.8
-7.6	-49.9	-44.4
47.6	-54.2	46.8
4.6	15.9	48.1
44.7	62.1	-4.2
45.8	60.8	-7.5
-38.6	10.0	-24.5
-58.3	-48.7	30.8
-46.0	39.9	5.4
-54.5	31.6	9.5
43.6	61.3	-15.3
16.7	-59.7	61.0
-31.5	-56.6	50.1
44.7	62.1	-4.2
-44.0	57.1	-6.1
43.6	61.3	-15.3
-44.0	62.9	0.1
-44.0	57.1	-6.1
-44.0	54.1	-3.6
-44.0	54.1	-3.6
68.5	23.2	13.3
69.5	24.3	13.2
69.5	24.3	13.2
69.5	23.2	13.3
69.5	23.2	13.3
-28.7	-24.9	5.0
-4.1	-33.2	5.5
-51.2	27.9	15.4
-41.3	-28.0	35.6
-52.3	34.4	17.1
-52.3	33.3	17.2
54.7	19.0	29.4
54.7	16.9	29.6
54.7	16.9	29.6
52.6	15.0	32.0
52.6	15.0	32.0
-45.8	20.7	19.3
-45.8	22.9	20.2
-45.8	22.9	20.2
-31.0	-24.5	-17.3
-46.9	22.9	20.2
-31.0	59.3	21.4
32.3	-40.6	3.4
-31.0	-24.5	-17.3
-28.9	-23.5	-17.4
36.4	-26.7	-10.1
32.3	-40.6	3.4
36.4	-26.7	-10.1
36.4	-36.1	-7.0
-33.1	55.0	20.7
-33.1	55.0	20.7
-31.0	59.3	21.4
-46.9	22.9	20.2
-31.0	60.4	21.3
-27.8	-28.8	-16.9
18.7	-64.1	31.2
36.5	-46.7	-7.3
36.5	-46.7	-7.3
19.7	-64.2	30.1
-52.3	33.3	17.2
36.5	-46.7	-7.3
36.5	-47.8	-7.2
36.5	-47.8	-7.2
-19.2	-27.0	-9.4
-36.3	-37.0	-12.8
-36.3	-37.0	-12.8
-25.7	-12.8	-17.2
18.6	-59.9	30.8
19.7	-64.2	30.1
-25.7	-12.8	-17.2
-27.8	-28.8	-16.9
-12.4	-58.6	22.2
-12.4	-58.6	22.2
-15.5	-59.9	33.5
18.7	-64.1	31.2
-10.2	-65.1	33.9
-15.5	-59.9	33.5
-24.0	-48.2	48.2
-21.9	-48.2	48.2
-21.9	-48.2	48.2
-23.0	-58.3	41.2
-24.0	-48.2	48.2

// Caulo M, 2005: PMID 15817513-1
// Subjects=20
-43.9	-32.4	-35.4
-41.9	-9.1	-37.4
-49.4	-8.6	-42.9
-47.3	-7.1	-38.6
-46.1	-28.5	-39.1
-46.1	-30.7	-41.1
-47.3	-8.6	-44.1
-47.0	-18.5	-6.4
-18.2	-11.4	-14.1
-34.2	-17.5	-8.9
-50.2	-14.2	-5.6
-40.6	-16.4	-7.8
-35.3	-15.9	-14.6
-15.0	-10.4	-14.2
-24.5	-27.2	-10.4
-4.6	-13.2	-52.0
-49.3	-27.2	-35.8
-40.4	-83.6	-10.0
-3.5	-14.3	-51.9
-28.9	-21.1	-14.2
-49.9	-75.4	1.7
-30.9	-55.4	-16.9
-4.6	-12.3	-54.3
-34.1	-63.6	-12.8
-37.3	-56.6	-17.9
-32.9	-78.6	-13.8
-32.9	-81.8	-14.7
-38.3	-82.9	-14.5
-41.4	-75.3	1.6
-26.4	-92.6	-3.8
-27.5	-92.6	-2.7
-41.4	-80.6	2.1
-1.9	-84.0	-3.7
-0.8	-81.2	-9.5
-42.5	-79.0	-4.8
-39.3	-79.0	-4.8
-46.8	-79.0	-4.7
-47.9	-78.2	-8.1
-29.8	-58.5	-16.7
-3.5	-14.4	-54.1
-40.3	-77.4	1.8

// Degonda N, 2005: PMID 15882649-1
// Subjects=20
34.0	-10.0	-28.0
-34.0	32.0	6.0
8.0	58.0	18.0
-4.0	54.0	6.0
-18.0	-52.0	-14.0
6.0	-66.0	4.0
-22.0	-90.0	-4.0
8.0	-86.0	26.0
18.0	6.0	16.0
36.0	-32.0	-12.0
-28.0	-18.0	-12.0
34.0	-26.0	-14.0
-34.0	4.0	36.0
14.0	-16.0	14.0
-12.0	-58.0	52.0
-16.0	-86.0	22.0
30.0	-22.0	-12.0
-30.0	-14.0	-18.0
36.0	10.0	44.0
60.0	-14.0	12.0
12.0	-6.0	66.0
28.0	-4.0	-34.0
24.0	-42.0	-2.0
46.0	-44.0	16.0
30.0	-8.0	-18.0
20.0	-2.0	-16.0
62.0	-44.0	10.0
48.0	-30.0	-4.0
-48.0	-30.0	-4.0
-64.0	-48.0	6.0
56.0	-48.0	20.0
40.0	-68.0	18.0
-34.0	-20.0	0.0
-30.0	-26.0	-14.0
-20.0	-12.0	-14.0
38.0	-54.0	-26.0
-66.0	-12.0	26.0
-22.0	6.0	-28.0
6.0	-8.0	38.0
-48.0	-28.0	22.0
-30.0	-44.0	50.0
14.0	-76.0	-10.0
24.0	0.0	48.0
14.0	-28.0	12.0
-8.0	-94.0	24.0
-26.0	-24.0	2.0
-16.0	-10.0	-24.0
12.0	-8.0	-18.0
30.0	-22.0	-12.0
-48.0	-50.0	26.0
-44.0	30.0	8.0
24.0	-20.0	8.0
46.0	12.0	-30.0
-16.0	-26.0	46.0
54.0	-10.0	16.0
40.0	48.0	18.0
20.0	-10.0	64.0
38.0	-16.0	14.0
12.0	4.0	14.0
-18.0	-10.0	-16.0
-14.0	-8.0	-20.0
-26.0	20.0	-10.0
34.0	-18.0	-18.0
-30.0	-22.0	-14.0
-40.0	-20.0	34.0
-58.0	0.0	-10.0
66.0	-14.0	-8.0
-48.0	-30.0	-18.0
16.0	44.0	42.0
-54.0	-42.0	8.0
34.0	42.0	20.0
-8.0	36.0	34.0
-40.0	46.0	-6.0
-60.0	-10.0	-12.0
54.0	-46.0	36.0
22.0	-58.0	70.0
-8.0	-44.0	50.0
-6.0	-16.0	30.0
22.0	-12.0	-28.0
-52.0	-12.0	-28.0
-42.0	-90.0	2.0
-24.0	-54.0	-6.0
-48.0	-66.0	-2.0
12.0	-74.0	48.0
-38.0	18.0	34.0
-10.0	-46.0	66.0
38.0	-16.0	10.0
50.0	-30.0	-22.0
-62.0	-24.0	-4.0
-56.0	-40.0	8.0
66.0	-18.0	10.0
-10.0	-54.0	64.0
-4.0	-18.0	50.0
-30.0	18.0	62.0
-34.0	-42.0	50.0
-46.0	-28.0	58.0
52.0	-6.0	10.0
24.0	-64.0	22.0
14.0	-54.0	16.0
36.0	-74.0	-24.0
4.0	-28.0	-30.0
22.0	-26.0	-22.0
-28.0	-44.0	-6.0
-24.0	-26.0	-14.0
36.0	-30.0	-6.0
38.0	12.0	54.0
-36.0	-52.0	50.0
26.0	-36.0	-30.0
48.0	-20.0	20.0
-18.0	-36.0	2.0
-52.0	-6.0	-10.0
20.0	-52.0	12.0
26.0	-68.0	58.0
-68.0	-36.0	0.0
20.0	-56.0	0.0
24.0	58.0	34.0
-22.0	-76.0	-18.0
54.0	-38.0	-20.0
62.0	-56.0	-18.0
-34.0	4.0	30.0
44.0	-66.0	16.0
-30.0	-22.0	12.0
14.0	-2.0	64.0
44.0	-20.0	34.0
22.0	22.0	0.0
24.0	8.0	10.0
26.0	-2.0	-34.0
42.0	-6.0	-30.0
14.0	44.0	4.0
32.0	-12.0	-22.0
68.0	-42.0	30.0
38.0	-14.0	-22.0
66.0	-34.0	10.0
-28.0	-8.0	-30.0
42.0	22.0	-12.0
-30.0	18.0	-10.0
12.0	22.0	58.0
-30.0	-6.0	46.0
52.0	2.0	38.0
58.0	10.0	8.0
-4.0	-6.0	56.0
-38.0	-54.0	64.0
62.0	-34.0	48.0
-56.0	-28.0	38.0
-16.0	-26.0	0.0
-14.0	-68.0	36.0
62.0	12.0	-2.0
46.0	-40.0	64.0

// Yoon HW, 2005: PMID 15882784-1
// Subjects=20
-28.0	-90.0	-8.0
12.0	-18.0	60.0
-26.0	-26.0	-12.0
22.0	-32.0	-8.0
22.0	-30.0	-10.0
30.0	-90.0	-10.0
-24.0	-88.0	-2.0
30.0	-94.0	-10.0
-3.0	12.0	50.0
-22.0	-32.0	-12.0

// Katzir T, 2005: PMID 15901490-1
// Subjects=20
-27.0	-60.0	42.0
-36.0	-12.0	-33.0
-51.0	15.0	33.0
33.0	-93.0	-3.0
33.0	30.0	-12.0
-3.0	36.0	45.0
-6.0	-21.0	-6.0
-39.0	-69.0	-12.0
33.0	21.0	0.0
42.0	3.0	27.0
33.0	-93.0	-3.0
12.0	18.0	45.0
-33.0	-84.0	-15.0
-45.0	21.0	24.0
12.0	3.0	0.0
-30.0	-60.0	45.0
45.0	24.0	27.0
27.0	-33.0	-3.0
30.0	-33.0	0.0
-3.0	39.0	45.0
27.0	-33.0	-3.0
-60.0	-45.0	-3.0
51.0	36.0	30.0
-42.0	-72.0	-12.0
21.0	-99.0	-3.0
-36.0	24.0	-9.0
42.0	36.0	-12.0
9.0	24.0	51.0
0.0	-45.0	-21.0
-30.0	-27.0	-12.0
-57.0	9.0	9.0
0.0	18.0	45.0
-9.0	-9.0	12.0
-30.0	21.0	-3.0
21.0	-6.0	15.0
57.0	33.0	18.0
33.0	27.0	-12.0

// Tieleman A, 2005: PMID 15907313-1
// Subjects=20
-52.0	18.0	21.0
-12.0	-91.0	5.0
-50.0	26.0	10.0
-46.0	17.0	19.0
-38.0	23.0	-8.0
-52.0	19.0	23.0
-8.0	16.0	49.0
34.0	23.0	42.0
-2.0	13.0	58.0
2.0	32.0	54.0
4.0	20.0	42.0
-2.0	32.0	54.0
-48.0	0.0	42.0
-2.0	18.0	51.0
-44.0	16.0	26.0
-26.0	-16.0	-16.0
18.0	-14.0	-12.0
-48.0	9.0	-14.0
-46.0	17.0	-13.0
-50.0	-41.0	2.0
-36.0	20.0	14.0
-38.0	12.0	12.0
-50.0	7.0	13.0
32.0	34.0	-15.0
-54.0	-36.0	2.0
42.0	15.0	-18.0
-2.0	23.0	41.0
-24.0	-24.0	-12.0
-18.0	-13.0	-16.0
-36.0	-44.0	-16.0
46.0	22.0	-6.0
-26.0	-30.0	-17.0
-10.0	-89.0	10.0
34.0	29.0	-12.0
-12.0	85.0	14.0
12.0	-87.0	8.0
-20.0	-16.0	-19.0
-8.0	-78.0	4.0
-20.0	-89.0	-6.0
-40.0	-49.0	-13.0
-4.0	-70.0	16.0
4.0	-49.0	-13.0
12.0	-90.0	17.0
14.0	-66.0	11.0
-8.0	-60.0	6.0
8.0	-75.0	-25.0
34.0	-54.0	-28.0
12.0	-87.0	14.0
-36.0	32.0	-18.0
-24.0	-26.0	-11.0
-32.0	-20.0	-19.0
-20.0	32.0	46.0
-36.0	-44.0	-17.0
-22.0	-88.0	-7.0
-48.0	-68.0	24.0
18.0	-14.0	-9.0
-40.0	11.0	-21.0
-2.0	-75.0	24.0
-16.0	-46.0	4.0
12.0	-83.0	6.0
-24.0	-26.0	-22.0
20.0	-20.0	-16.0
20.0	-56.0	8.0
-54.0	-62.0	22.0
-50.0	-69.0	24.0
-48.0	-69.0	22.0
-10.0	-69.0	22.0
16.0	-65.0	22.0
-10.0	-61.0	16.0
16.0	-50.0	4.0

// Chen SH, 2005: PMID 15949507-1
// Subjects=20
-28.0	-31.0	-2.0
-32.0	-30.0	-10.0
-20.0	-35.0	-2.0
-22.0	-36.0	-13.0
-26.0	-37.0	-7.0
-51.0	-2.0	37.0
-46.0	-80.0	-4.0
-51.0	0.0	44.0
-63.0	8.0	11.0
-53.0	-71.0	-12.0
-48.0	-59.0	-12.0
-6.0	3.0	51.0
-55.0	7.0	25.0
-2.0	8.0	46.0
42.0	-7.0	56.0
-2.0	3.0	59.0
-61.0	9.0	20.0
-4.0	6.0	48.0
-12.0	4.0	48.0
24.0	-98.0	14.0
28.0	-99.0	7.0
34.0	-5.0	63.0
63.0	4.0	5.0
55.0	-7.0	50.0
18.0	-10.0	-3.0
26.0	-33.0	-8.0
57.0	-2.0	42.0
-46.0	-76.0	-11.0
-57.0	-11.0	47.0
-53.0	6.0	7.0
24.0	-33.0	-2.0
-36.0	27.0	-10.0
-10.0	3.0	68.0
-16.0	-15.0	6.0
-6.0	0.0	48.0
-61.0	9.0	24.0
-53.0	9.0	25.0
-36.0	-5.0	61.0
-10.0	18.0	43.0
12.0	13.0	-6.0
28.0	25.0	-6.0
-10.0	11.0	-7.0
-44.0	13.0	-6.0
-18.0	9.0	-6.0
-4.0	31.0	28.0
50.0	13.0	-11.0
26.0	-72.0	-49.0
-48.0	-61.0	-9.0
-18.0	-27.0	-32.0
6.0	-19.0	18.0
44.0	10.0	-2.0
-40.0	-47.0	41.0
-2.0	-81.0	-23.0
-16.0	-24.0	-22.0
0.0	-79.0	-21.0
28.0	-41.0	-33.0
18.0	-70.0	-44.0
38.0	-67.0	-29.0
38.0	-56.0	-36.0
46.0	-86.0	-16.0
34.0	-64.0	-34.0
-24.0	-33.0	-34.0
-10.0	-23.0	-32.0

// Bertolino A, 2005: PMID 15953488-1
// Subjects=20
48.0	22.0	21.0
-48.0	22.0	21.0
-34.0	28.0	-11.0
-44.0	3.0	55.0
30.0	-76.0	4.0
-26.0	-70.0	48.0
-21.0	-5.0	-15.0
-19.0	-33.0	-3.0
25.0	-4.0	-10.0
26.0	-8.0	-10.0
4.0	28.0	54.0
-34.0	-55.0	-12.0
-11.0	55.0	19.0
-15.0	-63.0	58.0
26.0	-4.0	66.0
-44.0	40.0	3.0
-19.0	-37.0	2.0
-38.0	-59.0	-12.0
-19.0	-8.0	-10.0
4.0	-33.0	-3.0
-38.0	-51.0	58.0
11.0	-75.0	42.0
26.0	51.0	3.0
-4.0	13.0	55.0
40.0	2.0	33.0
-34.0	7.0	60.0
48.0	30.0	15.0
30.0	-77.0	-6.0
11.0	49.0	36.0

// Ferretti A, 2005: PMID 15961048-1
// Subjects=20
58.1	-29.7	32.3
42.8	-0.1	3.3
-43.8	30.6	9.5
19.2	-18.5	-12.8
29.4	-52.4	43.5
26.2	-54.3	47.0
-31.5	-51.5	47.4
-21.9	-57.0	44.5
54.9	-28.5	34.5
-46.6	-29.9	39.1
48.3	3.8	26.3
48.3	8.0	24.8
-48.9	7.5	27.1
-48.9	5.5	28.4
53.7	-19.1	18.1
54.8	-20.1	19.3
-52.1	-21.0	16.1
43.8	29.9	5.2
44.9	28.6	3.1
-54.1	-25.0	34.3
-42.7	-0.4	6.5
2.3	-13.7	9.3
-1.1	0.5	-13.0
-40.6	29.6	9.5
0.2	-11.6	9.2
-27.4	-92.9	7.4
29.2	-92.5	6.7
28.2	-89.4	6.4
0.1	-9.8	5.7
-41.6	-2.6	5.6
3.4	-12.8	8.1
5.2	27.2	-12.0
29.2	-91.4	7.7
-50.0	-68.6	-6.7
6.3	26.1	-13.0
-1.2	23.9	-12.7
-3.4	25.8	-15.1
48.3	-61.5	-7.3
47.2	-67.0	-9.0
-47.9	-66.3	-5.8
4.2	-1.5	-11.8
3.2	1.7	-10.9
45.0	1.0	3.1
4.2	0.6	-12.0
-54.3	-18.9	17.1
20.3	-21.7	-12.5
-25.0	-57.7	49.0
-19.2	-20.9	-12.1
48.2	-53.9	-19.1
47.1	-62.5	-19.4
-47.0	-53.5	-19.1
21.4	-24.7	-10.0
23.4	-2.3	-23.1
22.3	-3.2	-21.9
-22.6	-1.5	-22.6
26.2	-55.2	49.3
-45.9	-59.1	-22.0
59.1	-29.8	30.1
52.6	7.4	30.4
46.0	33.3	8.2
-43.6	-65.1	-3.7
25.0	-89.1	9.8
-21.5	-2.5	-22.6
47.2	-61.5	-7.3
-27.4	-92.8	8.5
-23.4	-31.0	-4.5
41.8	-3.2	4.6
-51.1	2.1	26.5
-18.2	-17.6	-11.3
-44.8	-54.4	-16.8
23.4	-6.2	-18.3
-48.7	-30.0	38.0
41.7	-54.1	-20.1
58.0	-20.0	19.3
-52.1	-24.0	19.7
-40.5	-1.2	9.9
5.2	26.1	-11.9
-2.3	27.1	-13.0
4.2	0.5	-13.1
-24.6	-9.4	-15.3
21.2	-1.3	-24.3
-19.4	-3.7	-23.6
56.9	-21.2	18.2
-53.2	-22.1	16.2
41.8	-3.2	4.6
-41.6	-5.6	8.0
2.0	26.2	-10.7
-3.3	25.1	-10.6
-3.3	1.5	-13.1
22.3	-0.2	-23.3

// Konishi S, 2006: PMID 15987880-1
// Subjects=20
-4.0	-74.0	-20.0
-30.0	-30.0	-8.0
-6.0	24.0	48.0
-18.0	50.0	14.0
50.0	6.0	-30.0
-44.0	10.0	26.0

// Koelsch S, 2006: PMID 16078183-1
// Subjects=20
-38.2	-25.4	14.1
40.4	9.0	-30.9
-38.7	11.9	-26.9
-28.9	-15.0	-18.1
-25.6	-27.4	-13.7
27.7	-14.7	-18.8
50.4	-15.6	8.9
24.6	-27.3	-16.6
-38.5	33.3	1.4
-54.5	10.5	-2.1
-29.9	20.7	3.5
37.4	24.0	-0.9
11.7	7.2	-9.3
-9.7	6.8	-13.4
53.5	5.3	3.8
-19.3	-5.4	-19.0
53.5	2.4	7.4
-51.2	-2.7	5.7
17.0	-5.5	-22.8
40.6	33.7	0.4

// Gillath O, 2005: PMID 16087352-1
// Subjects=20
-8.0	56.0	2.0
-14.0	20.0	24.0
-8.0	56.0	0.0
-38.0	2.0	-30.0
-8.0	58.0	2.0
-20.0	-72.0	18.0
0.0	22.0	-2.0
32.0	-52.0	2.0
20.0	-42.0	14.0
-32.0	-24.0	-14.0
-10.0	18.0	26.0
-4.0	24.0	20.0
32.0	-52.0	2.0
-10.0	18.0	26.0
36.0	38.0	-6.0
22.0	-28.0	42.0
38.0	46.0	-12.0
-40.0	38.0	-16.0
-42.0	40.0	-8.0
-50.0	34.0	-4.0
-26.0	50.0	-4.0
-22.0	26.0	16.0
-4.0	58.0	-6.0
32.0	28.0	58.0
28.0	-40.0	16.0
36.0	50.0	8.0
18.0	-42.0	8.0
-24.0	50.0	6.0
36.0	46.0	-12.0

// Erickson KI, 2005: PMID 16109493-1
// Subjects=20
-6.0	5.0	48.0
-29.0	-9.0	50.0
1.0	7.0	48.0
39.0	18.0	0.0
31.0	-53.0	48.0
37.0	23.0	-1.0
-39.0	17.0	-6.0
27.0	-5.0	56.0
-40.0	14.0	-5.0
-49.0	1.0	27.0
-33.0	-57.0	36.0
-47.0	-43.0	50.0
-37.0	-49.0	20.0
-45.0	-75.0	-6.0
37.0	-73.0	-4.0
33.0	-67.0	28.0
-61.0	-31.0	20.0
33.0	-59.0	28.0
43.0	-25.0	38.0
33.0	-63.0	36.0
-4.0	3.0	52.0
5.0	21.0	28.0
33.0	-73.0	-15.0
11.0	4.0	15.0
33.0	-83.0	-18.0
-35.0	-57.0	50.0
31.0	-53.0	50.0
-43.0	-43.0	38.0
35.0	-49.0	38.0
-17.0	-97.0	0.0
9.0	-95.0	0.0
-32.0	-69.0	-13.0
33.0	-75.0	-19.0
29.0	-53.0	50.0
-33.0	-91.0	-5.0
-28.0	-61.0	42.0
-1.0	-81.0	-15.0
-27.0	-23.0	-8.0
-33.0	-93.0	-5.0
33.0	-75.0	-15.0
-23.0	5.0	3.0
21.0	5.0	3.0
19.0	0.0	2.0
-12.0	-2.0	14.0
27.0	-17.0	-10.0
45.0	20.0	-12.0
-31.0	-65.0	28.0
17.0	8.0	-9.0
-41.0	-39.0	52.0
25.0	-53.0	48.0
7.0	21.0	28.0
-37.0	19.0	-5.0
35.0	23.0	-11.0
34.0	20.0	24.0
-36.0	16.0	-5.0
37.0	16.0	-6.0
-55.0	1.0	5.0
21.0	-69.0	44.0
-33.0	-55.0	36.0
-35.0	-41.0	43.0
-19.0	-22.0	11.0
-25.0	-59.0	56.0
37.0	-31.0	44.0
5.0	-65.0	44.0
-31.0	-55.0	54.0
-20.0	-61.0	56.0
-28.0	-57.0	54.0
47.0	-33.0	40.0
-26.0	-11.0	58.0
-19.0	-3.0	-7.0
23.0	-55.0	54.0
41.0	-39.0	38.0
-24.0	-95.0	-4.0
11.0	-95.0	-1.0
-29.0	-69.0	-15.0
-31.0	-91.0	-5.0
35.0	-79.0	-11.0
-26.0	-89.0	-9.0
17.0	-81.0	-13.0
-24.0	8.0	-6.0
17.0	22.0	11.0
33.0	-77.0	-18.0
17.0	-1.0	-1.0
9.0	10.0	-6.0
-27.0	-25.0	-10.0
30.0	-19.0	-10.0
14.0	-24.0	8.0
-47.0	-39.0	38.0
-19.0	-69.0	46.0
37.0	-67.0	45.0
-21.0	-67.0	45.0
35.0	-61.0	45.0

// Fridman EA, 2006: PMID 16154363-1
// Subjects=20
-62.0	-34.0	26.0
-40.0	20.0	22.0
-54.0	4.0	36.0
-42.0	6.0	28.0
-4.0	10.0	40.0
-6.0	-4.0	44.0
-58.0	-30.0	22.0
6.0	-36.0	22.0
-38.0	-34.0	58.0
-34.0	38.0	28.0
6.0	-44.0	16.0
-52.0	-30.0	28.0
-50.0	-46.0	48.0
8.0	24.0	26.0
-42.0	38.0	26.0
-36.0	46.0	20.0
-48.0	-2.0	30.0
-40.0	-40.0	38.0
-2.0	10.0	40.0
10.0	6.0	50.0
-6.0	-38.0	26.0
6.0	14.0	-8.0
8.0	4.0	50.0
-22.0	-30.0	-8.0
-48.0	18.0	22.0
-40.0	-34.0	54.0
-64.0	-50.0	6.0
-52.0	-30.0	8.0
-40.0	34.0	26.0
-34.0	-46.0	58.0
-22.0	-56.0	62.0
-62.0	-2.0	14.0
-36.0	48.0	20.0
-42.0	52.0	2.0
-62.0	-2.0	22.0
-54.0	0.0	20.0
-54.0	-50.0	46.0
-40.0	-54.0	-50.0
-60.0	-60.0	0.0
-52.0	8.0	8.0
-36.0	-34.0	48.0
-40.0	-48.0	36.0
-58.0	-36.0	50.0

// Simons JS, 2005: PMID 16154453-1
// Subjects=20
33.0	60.0	12.0
-42.0	45.0	-9.0
-30.0	24.0	-9.0
33.0	24.0	-9.0
-30.0	63.0	0.0
15.0	-63.0	27.0
-12.0	18.0	3.0
-30.0	12.0	51.0
48.0	24.0	36.0
-27.0	-75.0	51.0
-54.0	18.0	33.0
39.0	-69.0	45.0
30.0	-84.0	9.0
-9.0	63.0	21.0
-6.0	33.0	36.0
-51.0	27.0	15.0
-9.0	15.0	60.0
-9.0	-15.0	3.0
-27.0	-72.0	-15.0
48.0	27.0	24.0
12.0	-72.0	6.0
-6.0	-81.0	9.0
-48.0	39.0	-18.0
-21.0	-30.0	-9.0
-3.0	33.0	54.0

// Rekkas PV, 2005: PMID 16169136-1
// Subjects=20
2.0	-4.0	45.0
-45.0	12.0	45.0
-3.0	12.0	50.0
28.0	-44.0	-19.0
-45.0	12.0	45.0
-52.0	-8.0	-3.0
52.0	-8.0	12.0
40.0	-8.0	8.0
20.0	-47.0	-12.0
-55.0	-20.0	20.0
-42.0	5.0	45.0
20.0	-50.0	-35.0
2.0	-8.0	45.0
-3.0	12.0	55.0
-34.0	-24.0	-16.0
-38.0	16.0	45.0
-15.0	-50.0	-4.0
-45.0	12.0	4.0

// Liu L, 2006: PMID 16169750-1
// Subjects=20
26.0	-84.0	-4.0
26.0	-82.0	2.0
16.0	-62.0	36.0
38.0	6.0	24.0
6.0	-2.0	50.0
14.0	-56.0	34.0
-36.0	-14.0	42.0
36.0	-2.0	20.0
6.0	18.0	30.0
-34.0	2.0	14.0
-58.0	8.0	18.0
30.0	-18.0	-14.0
-44.0	-56.0	38.0
41.0	23.0	8.0
8.0	30.0	20.0
-42.0	0.0	44.0
-52.0	-2.0	30.0
-24.0	-33.0	-3.0
46.0	26.0	-2.0
-50.0	-62.0	8.0
-55.0	-44.0	6.0
38.0	2.0	16.0
-12.0	4.0	31.0
-46.0	55.0	5.0
-44.0	-64.0	-10.0
26.0	-84.0	-6.0
6.0	-38.0	24.0
-62.0	4.0	18.0
38.0	2.0	30.0
-36.0	-24.0	-8.0
-38.0	38.0	12.0
-38.0	-50.0	26.0
32.0	-34.0	0.0
10.0	18.0	32.0
8.0	-45.0	7.0
-32.0	6.0	34.0
-14.0	28.0	26.0
22.0	-62.0	14.0
26.0	-20.0	-7.0
-44.0	-24.0	22.0
-46.0	-48.0	-8.0
8.0	4.0	32.0
-42.0	-50.0	22.0
2.0	8.0	46.0
-24.0	-24.0	-6.0

// Schilbach L, 2006: PMID 16171833-1
// Subjects=20
4.0	54.0	20.0
-12.0	-80.0	16.0
-6.0	-62.0	52.0
56.0	-38.0	28.0
10.0	-68.0	24.0
-50.0	-74.0	12.0
0.0	-58.0	50.0
-34.0	-70.0	38.0
-58.0	-48.0	14.0
6.0	2.0	56.0
-18.0	-64.0	4.0
-24.0	-32.0	-8.0
42.0	-44.0	20.0
-40.0	-56.0	46.0
0.0	42.0	-10.0
2.0	-82.0	20.0
48.0	-16.0	58.0
18.0	-20.0	60.0
42.0	-72.0	-28.0
16.0	-78.0	-26.0
-6.0	58.0	6.0
22.0	-80.0	-24.0
-24.0	-74.0	-26.0
-52.0	-68.0	2.0
52.0	-58.0	4.0
54.0	-36.0	4.0
50.0	20.0	22.0
-22.0	28.0	56.0
6.0	46.0	-6.0
34.0	-76.0	36.0
-34.0	8.0	-10.0
36.0	-68.0	50.0
-38.0	-54.0	-16.0
-12.0	-86.0	-16.0

// Elfgren C, 2006: PMID 16275141-1
// Subjects=20
-46.0	31.0	4.0
-48.0	22.0	10.0
10.0	7.0	16.0
-12.0	36.0	15.0
-18.0	39.0	39.0
-44.0	-49.0	-13.0
2.0	-35.0	35.0
48.0	16.0	-28.0
57.0	31.0	8.0
59.0	27.0	6.0
-14.0	13.0	60.0
-53.0	-37.0	0.0
51.0	15.0	-18.0
-61.0	-45.0	36.0
50.0	-39.0	4.0
-14.0	-60.0	-4.0
-48.0	-52.0	50.0
-16.0	-43.0	35.0
40.0	-57.0	-11.0
2.0	-35.0	29.0
48.0	47.0	5.0
46.0	-76.0	-8.0
-38.0	34.0	-17.0
-20.0	58.0	-5.0
-38.0	14.0	38.0
10.0	-83.0	-23.0
36.0	-62.0	-39.0
34.0	-58.0	-40.0
38.0	-70.0	-27.0
38.0	-55.0	-11.0
-19.0	-29.0	-7.0
-57.0	-35.0	-7.0
-59.0	-34.0	-12.0
-51.0	-26.0	-19.0
-51.0	-55.0	-14.0
-30.0	16.0	51.0
-51.0	-1.0	-22.0
-55.0	-8.0	-13.0
-44.0	2.0	-32.0
-40.0	38.0	-7.0
-38.0	5.0	57.0
40.0	-64.0	-32.0
-16.0	22.0	52.0
-42.0	-49.0	-14.0
59.0	23.0	23.0
28.0	11.0	-12.0
22.0	-9.0	-26.0
-16.0	40.0	24.0
55.0	-61.0	28.0
-24.0	33.0	-7.0
-30.0	31.0	8.0
-46.0	5.0	27.0
55.0	27.0	26.0
-14.0	5.0	16.0
-42.0	-83.0	15.0
-48.0	-17.0	-26.0
-28.0	-9.0	-30.0
-40.0	-13.0	-30.0
57.0	23.0	28.0
-48.0	-55.0	-12.0
-44.0	-68.0	2.0
-6.0	12.0	5.0
-32.0	-67.0	53.0
26.0	-7.0	-27.0
14.0	3.0	18.0
-28.0	-32.0	-12.0
-6.0	44.0	-16.0
-32.0	-61.0	53.0
-63.0	-10.0	24.0
51.0	-70.0	0.0
-44.0	1.0	53.0
-10.0	21.0	-14.0
-2.0	12.0	49.0
-12.0	14.0	47.0
-30.0	14.0	49.0
40.0	-45.0	-13.0
-42.0	-61.0	33.0
-40.0	-36.0	17.0
53.0	-13.0	8.0
38.0	-27.0	12.0
-40.0	1.0	13.0
34.0	-33.0	38.0
61.0	-14.0	39.0
51.0	-19.0	40.0
38.0	3.0	15.0
-55.0	-21.0	8.0
55.0	-64.0	3.0

// Cohen MX, 2005: PMID 16289773-1
// Subjects=20
28.0	-35.0	-3.0
21.0	39.0	-21.0
-10.0	42.0	-24.0
27.0	-1.0	-21.0
-23.0	0.0	-16.0
14.0	14.0	-10.0
-21.0	14.0	-10.0
39.0	-21.0	-14.0
-38.0	-24.0	-17.0
-28.0	-45.0	-28.0
14.0	-45.0	-14.0
25.0	-10.0	67.0
-52.0	35.0	14.0
-59.0	-52.0	21.0
49.0	14.0	-7.0
60.0	-45.0	28.0
7.0	-87.0	0.0
-45.0	-7.0	-10.0
56.0	-38.0	49.0
7.0	-10.0	11.0
18.0	-7.0	-28.0
49.0	-49.0	-35.0
-56.0	7.0	-14.0
-10.0	-10.0	14.0
25.0	49.0	-7.0
39.0	-21.0	14.0
-17.0	-21.0	21.0
-63.0	0.0	-7.0
-31.0	-14.0	-21.0
-17.0	-3.0	-14.0
4.0	-56.0	35.0
25.0	25.0	-21.0
11.0	0.0	-14.0
14.0	11.0	-14.0
53.0	-17.0	46.0
53.0	7.0	11.0
-7.0	4.0	8.0
-28.0	-24.0	-14.0
-21.0	21.0	-25.0

// Rand-Giovannetti E, 2006: PMID 16298252-1
// Subjects=20
39.0	15.0	27.0
-39.0	21.0	27.0
-33.0	9.0	27.0
-21.0	-30.0	-9.0
-45.0	36.0	3.0
-42.0	24.0	18.0
36.0	33.0	6.0
-12.0	-21.0	0.0
9.0	-27.0	-6.0
36.0	-72.0	18.0
-30.0	-54.0	39.0
9.0	-90.0	-12.0
42.0	-75.0	-3.0
48.0	-24.0	33.0
54.0	-18.0	24.0
-45.0	-30.0	48.0
-33.0	-81.0	-6.0

// Chua EF, 2006: PMID 16303318-1
// Subjects=20
27.0	63.0	-6.0
45.0	-54.0	-27.0
-6.0	27.0	36.0
-24.0	-24.0	-15.0
51.0	-42.0	24.0
-60.0	-45.0	27.0
6.0	-54.0	21.0
15.0	-51.0	30.0
-30.0	-21.0	-18.0
-30.0	-21.0	-18.0
-24.0	-24.0	-21.0
-24.0	-24.0	-21.0
-30.0	-39.0	-15.0
-30.0	-39.0	-15.0
-30.0	-39.0	-15.0
-24.0	-39.0	-15.0
-12.0	-81.0	-12.0
-30.0	-39.0	-18.0
36.0	-12.0	15.0
27.0	-9.0	-21.0
27.0	-12.0	-24.0
36.0	-30.0	-21.0
36.0	-30.0	-18.0
36.0	-30.0	-18.0
27.0	-30.0	-18.0
27.0	-12.0	-18.0
27.0	-12.0	-24.0
27.0	-12.0	-24.0
6.0	-57.0	21.0
18.0	-42.0	54.0
36.0	-12.0	18.0
36.0	-12.0	18.0
36.0	-12.0	18.0
36.0	-12.0	15.0
36.0	-12.0	15.0
36.0	-9.0	-21.0
-24.0	-24.0	-21.0
33.0	-15.0	45.0
36.0	-30.0	-18.0
-48.0	-66.0	12.0
39.0	-3.0	-15.0
-3.0	63.0	6.0
-3.0	63.0	6.0
-3.0	57.0	6.0
-3.0	57.0	-12.0
6.0	-54.0	24.0
-3.0	57.0	-12.0
-3.0	57.0	-12.0
-48.0	-66.0	12.0
60.0	-3.0	-15.0
-48.0	-69.0	21.0
-48.0	-69.0	21.0
-48.0	-69.0	21.0
-51.0	-6.0	15.0
18.0	33.0	6.0
6.0	-57.0	21.0
39.0	-57.0	-15.0
27.0	-39.0	63.0
-48.0	-69.0	12.0
6.0	-54.0	24.0
39.0	-57.0	12.0
-3.0	3.0	39.0
39.0	-57.0	12.0
45.0	-57.0	12.0
45.0	-54.0	12.0
45.0	-54.0	-3.0
45.0	-54.0	-3.0
45.0	-54.0	-3.0
6.0	-54.0	24.0
27.0	-39.0	63.0
39.0	-57.0	12.0
27.0	-39.0	63.0
-9.0	21.0	6.0
-9.0	21.0	6.0
-9.0	21.0	6.0
18.0	33.0	6.0
18.0	33.0	6.0

// Bermpohl F, 2006: PMID 16317710-1
// Subjects=20
-20.0	-8.0	-20.0
28.0	-12.0	-20.0
-28.0	-12.0	-20.0
28.0	-4.0	-28.0
48.0	-40.0	36.0
48.0	8.0	20.0
12.0	64.0	20.0
-8.0	64.0	24.0
-28.0	-20.0	0.0
-64.0	0.0	20.0
40.0	56.0	8.0
-68.0	-28.0	16.0
-52.0	-56.0	-24.0
16.0	-4.0	8.0
56.0	-64.0	0.0
52.0	16.0	-20.0
-48.0	-80.0	12.0
60.0	-28.0	0.0
-52.0	20.0	-16.0
44.0	12.0	12.0
-4.0	-28.0	-12.0
16.0	-4.0	12.0
-20.0	-28.0	-4.0
44.0	-48.0	-24.0
-44.0	20.0	52.0
-60.0	-60.0	40.0
-48.0	-40.0	36.0
-28.0	-32.0	-8.0
24.0	0.0	-28.0
48.0	52.0	-4.0
-48.0	52.0	-8.0
-4.0	-92.0	4.0
4.0	-68.0	-4.0
44.0	-56.0	-28.0
-52.0	-60.0	-28.0
-8.0	60.0	20.0
-28.0	-24.0	-4.0
8.0	-36.0	-20.0
32.0	-16.0	-20.0
-52.0	16.0	-16.0
52.0	16.0	-16.0
-40.0	-60.0	-20.0
52.0	-52.0	-20.0
4.0	-88.0	0.0
56.0	-60.0	44.0
-36.0	-72.0	-24.0
12.0	-72.0	-20.0
0.0	-28.0	36.0
-4.0	-84.0	16.0
16.0	-4.0	12.0
-16.0	-12.0	8.0

// Tinaz S, 2006: PMID 16360121-1
// Subjects=20
-22.0	-74.0	52.0
30.0	-90.0	2.0
-30.0	-94.0	2.0
54.0	-54.0	-24.0
-54.0	-58.0	-16.0
-22.0	-34.0	-6.0
46.0	-46.0	44.0
-30.0	-56.0	46.0
40.0	-78.0	30.0
-28.0	-74.0	24.0
52.0	8.0	38.0
-48.0	4.0	38.0
28.0	6.0	58.0
-32.0	0.0	64.0
50.0	44.0	16.0
-46.0	32.0	30.0
20.0	-6.0	-2.0
-14.0	-2.0	-6.0
28.0	-78.0	44.0

// Holt DJ, 2006: PMID 16377154-1
// Subjects=20
-36.0	-36.0	-17.0
-36.0	-36.0	-17.0
-38.0	-47.0	-15.0
26.0	-6.0	-16.0
26.0	-6.0	-16.0
24.0	-8.0	-20.0
-22.0	-24.0	-14.0
-22.0	-24.0	-14.0
40.0	-46.0	-16.0
-22.0	-24.0	-14.0
-34.0	-18.0	-22.0
-22.0	-8.0	-14.0
42.0	-42.0	-20.0
-22.0	-24.0	-14.0
42.0	-42.0	-16.0
-22.0	-24.0	-14.0
-24.0	-12.0	-16.0
-40.0	-42.0	-20.0
42.0	-42.0	-16.0
22.0	-8.0	-20.0
-20.0	-8.0	-16.0
-20.0	-8.0	-16.0
-22.0	-16.0	-14.0
-22.0	-8.0	-14.0
-22.0	-16.0	-14.0
28.0	-16.0	-12.0
26.0	-6.0	-16.0
22.0	-20.0	-12.0
28.0	-16.0	-12.0
-40.0	-46.0	-20.0
-40.0	-42.0	-20.0
-22.0	-24.0	-14.0
-22.0	-20.0	-10.0
26.0	-6.0	-16.0
-18.0	2.0	-18.0
24.0	-18.0	-12.0
24.0	-22.0	-10.0
30.0	-4.0	-16.0
30.0	-4.0	-16.0
28.0	-8.0	-20.0
-22.0	-22.0	-12.0
-22.0	-20.0	-10.0
-32.0	-20.0	-10.0
-16.0	-4.0	-18.0
-16.0	-4.0	-18.0
-28.0	-10.0	-18.0
-40.0	-44.0	-20.0
-22.0	-22.0	-12.0
-42.0	-44.0	-18.0
28.0	0.0	-24.0
24.0	-18.0	-12.0
26.0	2.0	-24.0
38.0	-38.0	-17.0
40.0	-40.0	-20.0
40.0	-40.0	-20.0
30.0	-4.0	-26.0
30.0	-4.0	-26.0
28.0	0.0	-24.0
40.0	-42.0	-16.0
40.0	-42.0	-16.0
-42.0	-44.0	-18.0
-30.0	-4.0	-26.0
24.0	0.0	-18.0
28.0	2.0	-22.0
28.0	2.0	-22.0
-30.0	-4.0	-26.0
26.0	2.0	-24.0

// Kosson DS, 2006: PMID 16387514-1
// Subjects=20
-10.8	37.5	-1.5
3.2	26.5	7.1
-7.6	31.2	-14.4
-20.1	39.5	39.7
20.7	-35.3	32.1
16.3	-10.3	24.5
17.0	35.3	-5.0
-14.7	-16.9	25.4
23.8	-29.6	22.7
-24.6	-21.0	-13.2
22.5	35.4	10.5
-46.4	-69.5	50.2
-16.1	-8.8	-21.0
27.7	-17.0	-20.8
-40.0	-16.6	72.5
11.4	55.8	-27.8
38.6	-13.5	8.9
-59.2	-37.9	60.0
38.7	-18.6	11.5
-30.0	38.6	0.8
68.8	-9.5	45.0
18.1	7.0	-12.7
3.7	-38.4	48.2
-10.5	-93.8	-19.5
63.4	18.0	42.8
-6.5	36.4	-2.6

// Daselaar SM, 2006: PMID 16421332-1
// Subjects=20
49.0	-41.0	-17.0
0.0	49.0	19.0
30.0	-49.0	-20.0
4.0	-85.0	-2.0
-34.0	-23.0	57.0
-38.0	-76.0	28.0
0.0	-2.0	35.0
-4.0	-55.0	17.0
-53.0	-57.0	38.0
-23.0	-26.0	-9.0
-26.0	-1.0	-26.0
4.0	-35.0	44.0
-49.0	-19.0	-18.0
-19.0	12.0	13.0
4.0	21.0	41.0
53.0	5.0	28.0
-45.0	-6.0	35.0
34.0	-57.0	-35.0
-30.0	52.0	8.0
-19.0	-27.0	4.0
15.0	-67.0	56.0
-38.0	-29.0	15.0
45.0	12.0	10.0
-30.0	-80.0	8.0

// Ducreux D, 2006: PMID 16434417-1
// Subjects=20
-30.0	-74.0	-20.0
-32.0	-26.0	-10.0
-32.0	-18.0	-10.0
-30.0	-56.0	-20.0
-43.0	-18.0	-10.0
-32.0	-2.0	-2.0
-14.0	-8.0	-2.0
-43.0	-18.0	-10.0

// Baumgartner T, 2006: PMID 16458860-1
// Subjects=20
24.0	-88.0	-28.0
28.0	-92.0	16.0
-28.0	-96.0	8.0
-20.0	-4.0	-24.0
32.0	-28.0	-12.0
-24.0	-8.0	-24.0
20.0	-24.0	-24.0
-40.0	-8.0	-36.0
-32.0	4.0	-40.0
52.0	-20.0	-4.0
-44.0	12.0	-28.0
-24.0	-88.0	-24.0
-20.0	-4.0	-28.0
56.0	-4.0	-20.0
12.0	-96.0	-16.0
40.0	-56.0	-36.0
8.0	-32.0	-32.0
52.0	8.0	32.0
-52.0	32.0	20.0
-20.0	-32.0	-8.0
20.0	-28.0	-12.0
-40.0	-80.0	0.0
28.0	-92.0	16.0
-12.0	-96.0	-16.0
48.0	0.0	40.0
24.0	-87.0	-24.0
-24.0	-88.0	-24.0
22.0	-86.0	-20.0
-4.0	-36.0	-8.0
-48.0	-64.0	-28.0
-64.0	-28.0	8.0
52.0	24.0	28.0
12.0	-92.0	-16.0
40.0	12.0	-44.0
64.0	-16.0	-12.0
-56.0	-16.0	0.0
52.0	0.0	44.0
36.0	12.0	-32.0
60.0	-24.0	4.0
56.0	-20.0	-4.0
-52.0	8.0	-28.0
0.0	44.0	-16.0
-4.0	28.0	52.0
56.0	-28.0	8.0
16.0	-8.0	-32.0
-24.0	-20.0	-16.0
56.0	0.0	-20.0
-17.0	-4.0	-20.0
-26.0	-20.0	-28.0
48.0	44.0	8.0
8.0	-40.0	-12.0
4.0	-24.0	-36.0
-16.0	4.0	24.0
-8.0	16.0	0.0
24.0	-16.0	-20.0
-36.0	-8.0	12.0
35.0	-2.0	-36.0
8.0	-44.0	16.0
-40.0	-8.0	-32.0
-32.0	-20.0	-32.0
24.0	-8.0	-24.0

// Garavan H, 2006: PMID 16650836-1
// Subjects=20
49.4	-77.0	-0.4
21.0	-61.1	56.6
-22.9	-58.5	52.4
-43.3	-41.1	45.6
47.5	-41.7	43.5
9.7	29.6	19.0
-35.1	28.7	25.2
-47.8	1.8	36.5
-33.1	12.1	3.1
-26.2	-4.1	53.5
28.2	-1.1	47.0
47.1	23.5	19.1
3.7	9.1	56.5
60.2	-44.5	19.0
-0.5	-65.0	48.2
57.8	-36.6	-2.8
5.6	-17.8	25.2
18.2	6.3	5.2
-42.2	-42.3	43.5
42.2	-45.7	46.1
-10.0	-63.3	58.2
-39.4	28.7	25.2
39.7	19.0	16.2
21.4	-8.0	-0.3
20.5	-12.6	9.0
8.6	-9.0	1.1
-43.5	5.0	35.0
47.1	-29.3	-3.3
34.2	16.5	-1.4
-46.9	33.8	22.6
54.8	-56.1	7.8
-42.3	-37.0	43.0
10.1	11.1	55.1
37.4	50.9	16.9
-24.6	11.0	2.0
-10.6	-11.4	-0.8
22.4	10.8	-5.2
48.0	17.2	-7.2
-0.9	-29.8	8.5
-44.8	4.8	5.0
-23.5	-53.1	-29.5
56.8	10.6	16.7
-43.6	15.1	28.6
29.9	50.5	11.4
-43.3	-45.5	42.6
43.3	-45.4	50.5
4.6	-17.7	26.4
21.0	-64.2	56.8
14.0	-5.9	-0.4
9.5	-39.7	-37.7
-24.5	-31.4	-10.1
-24.1	-66.3	34.1
-36.3	11.8	-1.3
42.7	15.3	-3.6
-37.2	7.4	24.7
-7.0	1.5	56.1
-56.4	4.2	26.3
-49.9	0.1	42.2
-9.5	-80.5	-27.3
17.1	12.0	-3.0
60.1	-43.7	15.6

// Bor D, 2007: PMID 16707737-1
// Subjects=20
45.0	-64.0	-7.0
50.0	-67.0	1.0
-62.0	-58.0	14.0
-30.0	-93.0	2.0
-48.0	-73.0	4.0
45.0	-53.0	-10.0
-18.0	6.0	8.0
0.0	4.0	27.0
0.0	-31.0	26.0
50.0	-54.0	36.0
-42.0	-56.0	55.0
45.0	-56.0	47.0
9.0	-64.0	58.0
-50.0	-49.0	8.0
53.0	-24.0	48.0
-33.0	-59.0	50.0
-45.0	7.0	22.0
-21.0	37.0	37.0
-50.0	-59.0	-5.0
53.0	-50.0	-5.0
-30.0	-71.0	45.0
-53.0	-56.0	44.0
-21.0	-73.0	-4.0
-12.0	-11.0	6.0
15.0	-79.0	-4.0
9.0	-59.0	36.0
-48.0	-1.0	41.0
-59.0	12.0	5.0
3.0	31.0	34.0
-50.0	20.0	-11.0
50.0	16.0	35.0
53.0	17.0	-1.0
36.0	20.0	-6.0
15.0	-51.0	36.0
-45.0	-41.0	49.0
-9.0	-90.0	2.0
12.0	6.0	2.0
-33.0	-59.0	44.0
-50.0	-59.0	-5.0
45.0	-38.0	52.0
50.0	-50.0	-13.0
39.0	-71.0	34.0
24.0	-56.0	55.0
-3.0	-51.0	30.0
-3.0	11.0	52.0
59.0	-21.0	43.0
39.0	-36.0	40.0
-15.0	15.0	2.0
-3.0	19.0	38.0
-48.0	-44.0	49.0
30.0	-59.0	47.0
18.0	20.0	-9.0
39.0	-50.0	49.0
45.0	-41.0	46.0
-48.0	-53.0	47.0
48.0	10.0	22.0
48.0	-27.0	40.0
48.0	42.0	15.0
6.0	-65.0	36.0
0.0	-33.0	29.0
-53.0	-43.0	21.0
39.0	35.0	9.0
45.0	22.0	29.0
-30.0	-30.0	-11.0
42.0	-68.0	34.0
-6.0	-68.0	45.0
33.0	17.0	46.0
36.0	-59.0	44.0
-48.0	38.0	9.0
42.0	-38.0	46.0
-30.0	17.0	43.0
-50.0	19.0	29.0
-50.0	35.0	7.0
50.0	13.0	21.0
27.0	20.0	40.0
48.0	13.0	21.0
-42.0	40.0	-7.0
48.0	42.0	15.0
-30.0	26.0	46.0
-42.0	14.0	41.0
0.0	-32.0	-3.0
-42.0	-62.0	45.0
-27.0	11.0	44.0
48.0	28.0	26.0

// Johnson SC, 2006: PMID 16738250-1
// Subjects=20
24.0	-6.0	-16.0
-26.0	-20.0	-16.0
42.0	-52.0	-22.0
-42.0	-58.0	-10.0
-32.0	-26.0	-14.0
-20.0	-4.0	-16.0
42.0	-50.0	-22.0
34.0	-20.0	-20.0
-40.0	-52.0	-14.0
34.0	-22.0	-18.0

// Nelissen N, 2006: PMID 16762567-1
// Subjects=20
-22.0	-30.0	-16.0
-32.0	20.0	-42.0
-24.0	-40.0	-8.0
-24.0	-40.0	-8.0
-22.0	4.0	-28.0
-22.0	4.0	-28.0
-32.0	20.0	-42.0
44.0	-98.0	10.0
-62.0	6.0	-24.0
-42.0	10.0	-44.0
-42.0	10.0	-44.0
-62.0	6.0	-24.0
-46.0	-8.0	-52.0
-46.0	-8.0	-52.0
-34.0	-8.0	-14.0
-22.0	-30.0	-16.0
-54.0	16.0	-28.0
-54.0	16.0	-28.0
-68.0	-40.0	8.0
34.0	-82.0	-4.0
-24.0	22.0	-12.0
0.0	-60.0	-18.0
-20.0	-82.0	0.0
-12.0	-90.0	14.0
-4.0	-92.0	6.0
-4.0	-92.0	6.0
-12.0	-98.0	32.0
-12.0	-98.0	32.0
24.0	-74.0	-2.0
24.0	-74.0	-2.0
34.0	-82.0	-4.0
14.0	-82.0	12.0
14.0	-82.0	12.0
42.0	-94.0	24.0
42.0	-94.0	24.0
44.0	-98.0	10.0
-32.0	-14.0	26.0
-32.0	-14.0	26.0
-24.0	22.0	-12.0
-34.0	-8.0	-14.0
6.0	-44.0	-14.0
34.0	52.0	12.0
14.0	56.0	-6.0
4.0	-48.0	-28.0
4.0	-48.0	-28.0
2.0	-58.0	-32.0
2.0	-58.0	-32.0
16.0	-40.0	-16.0
16.0	-40.0	-16.0
6.0	-44.0	-14.0
60.0	-18.0	-34.0
0.0	20.0	48.0
0.0	20.0	48.0
-28.0	56.0	4.0
-38.0	34.0	42.0
-38.0	34.0	42.0
-48.0	10.0	52.0
-48.0	10.0	52.0
60.0	-18.0	-34.0
-32.0	-32.0	-38.0
-28.0	56.0	4.0
10.0	42.0	-22.0
14.0	56.0	-6.0
-34.0	-32.0	14.0
38.0	44.0	16.0
38.0	44.0	16.0
10.0	42.0	-22.0
-4.0	-30.0	30.0
-4.0	-30.0	30.0
-10.0	-48.0	32.0
34.0	52.0	12.0
-32.0	-32.0	-38.0
-10.0	-48.0	32.0
54.0	-62.0	-38.0
54.0	-62.0	-38.0
22.0	-88.0	-36.0
22.0	-88.0	-36.0
-32.0	-26.0	-16.0
-32.0	-26.0	-16.0
0.0	-60.0	-18.0
-2.0	-52.0	38.0
-2.0	-52.0	38.0
-20.0	-82.0	0.0
-12.0	-90.0	14.0
-4.0	10.0	52.0
42.0	-12.0	48.0
-62.0	-14.0	-32.0
-62.0	-14.0	-32.0
72.0	-32.0	10.0
72.0	-32.0	10.0
0.0	30.0	38.0
0.0	30.0	38.0
-56.0	14.0	38.0
-50.0	8.0	-44.0
-44.0	58.0	2.0
-54.0	32.0	16.0
-54.0	32.0	16.0
-16.0	30.0	46.0
-16.0	30.0	46.0
-52.0	30.0	2.0
-52.0	30.0	2.0
-48.0	20.0	0.0
-44.0	58.0	2.0
-24.0	46.0	54.0
42.0	-12.0	48.0
-48.0	20.0	0.0
-56.0	14.0	38.0
-34.0	-32.0	14.0
-16.0	0.0	76.0
-18.0	12.0	76.0
-4.0	10.0	52.0
-36.0	8.0	64.0
-36.0	8.0	64.0
-16.0	0.0	76.0
-18.0	12.0	76.0
-24.0	46.0	54.0
30.0	36.0	50.0
30.0	36.0	50.0
22.0	20.0	60.0
22.0	20.0	60.0
10.0	-6.0	48.0
10.0	-6.0	48.0
26.0	-10.0	78.0
26.0	-10.0	78.0
-24.0	-28.0	70.0
-24.0	-28.0	70.0
10.0	-40.0	56.0
-4.0	-82.0	58.0
10.0	-40.0	56.0
42.0	34.0	16.0
60.0	28.0	24.0
60.0	28.0	24.0
12.0	72.0	10.0
12.0	72.0	10.0
-36.0	-18.0	30.0
-50.0	-26.0	20.0
-60.0	-34.0	54.0
42.0	34.0	16.0
-60.0	-34.0	54.0
-6.0	-38.0	80.0
-42.0	-62.0	50.0
-42.0	-62.0	50.0
-40.0	-70.0	46.0
-40.0	-70.0	46.0
-50.0	-26.0	20.0
44.0	58.0	-4.0
-68.0	-40.0	8.0
-6.0	-38.0	80.0
-4.0	-82.0	58.0
-36.0	-18.0	30.0
44.0	58.0	-4.0
32.0	-48.0	50.0
32.0	-48.0	50.0
4.0	-38.0	38.0
58.0	-48.0	52.0
18.0	-86.0	60.0
18.0	-86.0	60.0
-14.0	-64.0	14.0
4.0	-38.0	38.0
-14.0	-64.0	14.0
58.0	-48.0	52.0
-10.0	-18.0	2.0
-8.0	-96.0	-28.0
-8.0	-96.0	-28.0
12.0	-12.0	0.0
12.0	-12.0	0.0
-50.0	8.0	-44.0
-10.0	-32.0	-2.0
-10.0	-18.0	2.0
-10.0	-32.0	-2.0

// Weinstein S, 2006: PMID 16806838-1
// Subjects=20
20.0	28.0	0.0
12.0	-28.0	40.0
60.0	-16.0	12.0
-32.0	32.0	4.0
-28.0	-32.0	0.0
-36.0	12.0	4.0
52.0	-8.0	-4.0
-20.0	-76.0	-44.0
-64.0	-28.0	12.0
36.0	-12.0	60.0
48.0	-28.0	0.0
32.0	8.0	44.0
-28.0	16.0	4.0
48.0	12.0	32.0
52.0	-56.0	-12.0
8.0	-40.0	68.0
44.0	-40.0	-4.0
32.0	-68.0	-36.0
32.0	-24.0	12.0
36.0	-20.0	44.0
-32.0	-32.0	-8.0
-56.0	-16.0	8.0
-60.0	-56.0	0.0
-44.0	-12.0	48.0
-48.0	-24.0	32.0
40.0	-52.0	-8.0
-48.0	-24.0	8.0
24.0	-76.0	-52.0
-20.0	-8.0	8.0
20.0	24.0	40.0
-56.0	-28.0	0.0
28.0	-4.0	-8.0
-40.0	-12.0	48.0
-16.0	-28.0	44.0
48.0	-12.0	32.0
12.0	-48.0	-44.0
36.0	0.0	52.0
16.0	-8.0	4.0
48.0	-28.0	24.0
44.0	-40.0	16.0
-48.0	-36.0	40.0
28.0	20.0	28.0
44.0	8.0	36.0
32.0	8.0	44.0
-32.0	-40.0	-8.0
40.0	-68.0	16.0
-44.0	-24.0	24.0
24.0	28.0	8.0
32.0	-60.0	20.0
12.0	44.0	32.0
36.0	-16.0	12.0
36.0	-12.0	4.0
32.0	-44.0	16.0
-20.0	24.0	48.0
-16.0	8.0	48.0
-60.0	-24.0	0.0
28.0	-32.0	-8.0
-56.0	16.0	12.0

// Marciani L, 2006: PMID 16839610-1
// Subjects=20
-48.0	10.0	-6.0
-24.0	-2.0	-14.0
-28.0	18.0	2.0
30.0	14.0	2.0
-40.0	6.0	-6.0
-38.0	-8.0	10.0
54.0	4.0	-4.0
2.0	50.0	-12.0
42.0	-2.0	4.0
-32.0	-22.0	-16.0
62.0	-18.0	26.0
10.0	4.0	-4.0
10.0	18.0	32.0
-4.0	4.0	54.0
42.0	8.0	38.0
28.0	-24.0	-16.0
18.0	-8.0	-14.0

// Bozzali M, 2006: PMID 16919479-1
// Subjects=20
-42.0	-24.0	58.0
-36.0	-30.0	50.0
-49.0	-38.0	42.0
-48.0	38.0	48.0
8.0	-80.0	-38.0
36.0	-54.0	-25.0
-30.0	-88.0	-20.0
36.0	-85.0	-13.0
-39.0	-54.0	-32.0
-40.0	-53.0	-22.0
-36.0	-58.0	56.0
36.0	-82.0	-24.0
-48.0	15.0	-10.0
8.0	6.0	61.0
-42.0	12.0	-2.0
34.0	26.0	-8.0
-11.0	-1.0	-5.0
35.0	19.0	6.0
-8.0	5.0	50.0
-5.0	14.0	40.0
2.0	16.0	44.0
9.0	19.0	34.0
-48.0	6.0	28.0
-12.0	-20.0	4.0
-12.0	-18.0	1.0
-9.0	-96.0	-11.0
-34.0	22.0	-4.0
-31.0	-63.0	-38.0
10.0	-75.0	36.0
3.0	-32.0	21.0
-48.0	-26.0	16.0
40.0	-56.0	-20.0
11.0	-73.0	3.0
23.0	-52.0	-32.0
-34.0	-30.0	50.0
-6.0	-76.0	30.0
-26.0	-96.0	-6.0
-34.0	-65.0	46.0
-36.0	-70.0	34.0
-37.0	-61.0	53.0
-35.0	-53.0	51.0
-2.0	6.0	55.0
-14.0	1.0	54.0
-38.0	-64.0	-16.0
10.0	12.0	34.0
-2.0	-34.0	24.0
32.0	-87.0	-10.0
-44.0	48.0	-4.0
-38.0	42.0	30.0
-30.0	24.0	-6.0
-34.0	21.0	6.0
-23.0	-30.0	-10.0
-13.0	-18.0	2.0
-9.0	-12.0	-13.0
34.0	19.0	6.0
-14.0	8.0	10.0
-16.0	6.0	1.0
-12.0	-17.0	2.0
-5.0	6.0	37.0
36.0	24.0	-8.0
-18.0	24.0	40.0
12.0	14.0	2.0
11.0	-15.0	1.0
14.0	14.0	11.0
14.0	-10.0	16.0
-6.0	-64.0	38.0
10.0	-68.0	42.0
-48.0	-42.0	50.0
-38.0	-24.0	60.0
-32.0	-30.0	52.0
40.0	-64.0	36.0
14.0	-62.0	26.0
6.0	9.0	43.0
-4.0	26.0	38.0
4.0	14.0	47.0
-26.0	-96.0	-6.0
-1.0	-36.0	24.0
-26.0	-2.0	62.0
-48.0	8.0	28.0
-50.0	4.0	38.0
26.0	-92.0	-4.0
34.0	-44.0	34.0
2.0	-40.0	24.0
-10.0	-14.0	-11.0
-38.0	-48.0	-30.0
-38.0	-44.0	21.0
-48.0	-64.0	-18.0
-48.0	-74.0	-14.0
-28.0	26.0	-8.0
-8.0	-22.0	-8.0
-40.0	38.0	-20.0
-6.0	8.0	42.0
44.0	-44.0	54.0
4.0	-70.0	-22.0
38.0	-80.0	36.0
-30.0	6.0	50.0
-12.0	52.0	34.0
16.0	26.0	42.0
-12.0	34.0	42.0
-18.0	2.0	64.0
-18.0	-24.0	-24.0
-64.0	-50.0	16.0
38.0	-38.0	34.0
-10.0	12.0	36.0
14.0	-56.0	24.0
10.0	-38.0	42.0
34.0	-84.0	-18.0
-12.0	52.0	34.0
15.0	7.0	1.0
-8.0	12.0	36.0
-16.0	-24.0	-26.0
-18.0	0.0	64.0
34.0	-16.0	24.0
-14.0	50.0	34.0
4.0	40.0	0.0
-64.0	-56.0	14.0
-18.0	-24.0	-24.0
48.0	38.0	0.0
-8.0	56.0	0.0
-18.0	24.0	38.0
34.0	-58.0	-18.0

// Moulier V, 2006: PMID 16962339-1
// Subjects=20
51.0	24.0	27.0
42.0	-66.0	-15.0
-9.0	-30.0	36.0
48.0	-69.0	-9.0
-21.0	9.0	21.0
-42.0	-63.0	-9.0
3.0	-9.0	0.0
-51.0	-33.0	3.0
6.0	-9.0	-3.0
15.0	-63.0	21.0
3.0	9.0	6.0
0.0	-21.0	12.0
24.0	-30.0	15.0
30.0	24.0	9.0
39.0	21.0	0.0
-48.0	-69.0	24.0
63.0	-6.0	36.0
-33.0	-21.0	-15.0
6.0	42.0	42.0
-30.0	-21.0	18.0
-27.0	-36.0	0.0
-24.0	-42.0	-15.0
-15.0	-51.0	-21.0
9.0	-63.0	-18.0
27.0	-87.0	-3.0
-9.0	-27.0	-15.0
33.0	-33.0	-6.0
3.0	-72.0	3.0
-30.0	39.0	-6.0
18.0	-51.0	6.0
3.0	-45.0	21.0
-6.0	42.0	-6.0
-3.0	-54.0	66.0
-6.0	-42.0	45.0
0.0	48.0	-9.0
-27.0	-84.0	6.0
-39.0	-42.0	45.0
33.0	-48.0	54.0
27.0	-3.0	66.0
3.0	18.0	36.0
-36.0	18.0	0.0
0.0	-30.0	54.0
-51.0	15.0	-6.0
39.0	-72.0	-15.0
36.0	-54.0	-15.0
-36.0	-69.0	-18.0
39.0	-81.0	0.0
-30.0	-84.0	15.0
3.0	30.0	33.0
3.0	18.0	36.0
0.0	36.0	24.0
15.0	63.0	-3.0
36.0	18.0	9.0
12.0	-9.0	48.0
3.0	21.0	63.0
27.0	-3.0	69.0
-33.0	33.0	45.0
15.0	63.0	-3.0
-57.0	12.0	3.0
18.0	-15.0	12.0
60.0	-3.0	0.0
0.0	-69.0	51.0
-63.0	-36.0	30.0
-54.0	-33.0	27.0
45.0	15.0	-6.0
33.0	6.0	30.0
-45.0	-3.0	6.0
3.0	42.0	24.0
-51.0	-33.0	42.0
27.0	57.0	-3.0
6.0	63.0	-3.0
-45.0	-39.0	54.0
-18.0	-54.0	69.0
-27.0	-69.0	48.0
39.0	-45.0	66.0
24.0	-63.0	48.0
39.0	-81.0	-6.0
-6.0	-81.0	39.0
-12.0	-12.0	15.0
-36.0	-78.0	3.0
-36.0	-42.0	60.0
-45.0	-3.0	3.0
3.0	-45.0	-21.0
-57.0	-27.0	30.0
-42.0	-15.0	-3.0
-9.0	-18.0	72.0
-27.0	63.0	21.0
12.0	-3.0	72.0
18.0	-15.0	57.0
42.0	30.0	42.0
36.0	45.0	33.0
-33.0	-12.0	54.0
-33.0	30.0	45.0
30.0	33.0	48.0
-45.0	42.0	-9.0
36.0	18.0	-12.0
48.0	9.0	-6.0
-48.0	15.0	-6.0
-57.0	3.0	6.0
39.0	3.0	-9.0

// de Zubicaray G, 2007: PMID 16989874-1
// Subjects=20
45.0	42.0	-9.0
66.0	-9.0	-3.0
-51.0	15.0	0.0
-45.0	33.0	15.0
0.0	42.0	6.0
0.0	3.0	63.0
-51.0	-6.0	48.0
51.0	-6.0	36.0
21.0	-21.0	-21.0
-18.0	-3.0	-12.0
36.0	-66.0	-30.0
-24.0	-24.0	-15.0
33.0	18.0	3.0
-39.0	-42.0	42.0
-6.0	-33.0	-6.0
24.0	33.0	36.0
-57.0	-18.0	0.0
51.0	-18.0	3.0
-51.0	-3.0	-18.0
27.0	60.0	3.0
27.0	30.0	-18.0
-21.0	27.0	42.0
60.0	-18.0	-24.0
-30.0	-12.0	54.0
33.0	-9.0	51.0
-9.0	-6.0	45.0
-51.0	-54.0	21.0
-39.0	-81.0	-9.0
-33.0	-15.0	12.0
30.0	-3.0	-27.0
-30.0	-6.0	-27.0
-36.0	-24.0	-15.0
-33.0	-42.0	-6.0
-39.0	-21.0	48.0
-6.0	-30.0	57.0
12.0	-51.0	42.0
-15.0	-51.0	63.0
24.0	-9.0	54.0
36.0	-72.0	-12.0
42.0	15.0	-36.0
-45.0	-66.0	-45.0
-27.0	-78.0	-21.0
-57.0	-3.0	21.0
0.0	15.0	30.0
3.0	42.0	3.0
-60.0	-12.0	-3.0
66.0	-6.0	0.0
-24.0	-3.0	-21.0
-24.0	-18.0	-21.0
66.0	-6.0	21.0
-48.0	-12.0	15.0
-24.0	-66.0	45.0
12.0	24.0	60.0
30.0	54.0	15.0
42.0	-60.0	-12.0
54.0	-72.0	-6.0
24.0	-87.0	-12.0
-30.0	-93.0	6.0
-15.0	-72.0	51.0
-42.0	-42.0	48.0
-54.0	18.0	24.0
60.0	6.0	-12.0
39.0	6.0	57.0
-45.0	-24.0	18.0
3.0	12.0	48.0
-12.0	9.0	-3.0
15.0	9.0	-6.0
-33.0	-51.0	39.0
-33.0	-72.0	42.0
-3.0	-78.0	30.0
15.0	-72.0	27.0
-24.0	24.0	42.0
-30.0	-12.0	60.0
-42.0	9.0	36.0
12.0	51.0	42.0
-39.0	0.0	9.0
-30.0	-6.0	-27.0
30.0	-6.0	-27.0
63.0	-9.0	27.0
-63.0	-15.0	21.0
-36.0	-78.0	-12.0
-54.0	9.0	12.0
24.0	33.0	45.0

// Hamalainen A, 2007: PMID 16997428-1
// Subjects=20
-48.0	-28.0	51.0
-15.0	39.0	49.0
57.0	-20.0	-12.0
33.0	-17.0	-17.0
5.0	-19.0	7.0
-25.0	19.0	60.0
-56.0	15.0	29.0
6.0	25.0	-27.0
52.0	-51.0	27.0
-46.0	28.0	-9.0
37.0	-75.0	16.0
46.0	-52.0	11.0
56.0	-43.0	-7.0
64.0	-46.0	-24.0
26.0	-10.0	-20.0
-24.0	-3.0	-21.0
1.0	-16.0	2.0
36.0	-16.0	-41.0
-38.0	-51.0	70.0
-36.0	-54.0	71.0
54.0	17.0	-39.0
38.0	42.0	30.0
34.0	-18.0	-21.0
-10.0	10.0	36.0
42.0	22.0	0.0
42.0	-6.0	48.0
-50.0	-26.0	45.0
28.0	-68.0	48.0
-42.0	-42.0	45.0
-58.0	-40.0	15.0
46.0	-14.0	44.0
4.0	-74.0	6.0
-16.0	-20.0	6.0
32.0	-54.0	-18.0
12.0	-78.0	-15.0
24.0	-88.0	-15.0
42.0	-4.0	51.0
40.0	14.0	18.0
10.0	-2.0	54.0
-42.0	26.0	-15.0
34.0	-26.0	-21.0
-10.0	-54.0	23.0
35.0	-36.0	-6.0
32.0	-62.0	-18.0
-60.0	-48.0	12.0
50.0	-30.0	-3.0
-34.0	-32.0	-12.0
28.0	-32.0	-21.0
8.0	-26.0	0.0
32.0	-64.0	-18.0
10.0	-96.0	0.0
-12.0	-18.0	0.0
-42.0	8.0	-9.0
14.0	-92.0	-6.0
42.0	8.0	27.0
42.0	-10.0	33.0
-40.0	22.0	-6.0
52.0	-40.0	0.0
-64.0	-10.0	6.0
34.0	-24.0	-18.0
30.0	-26.0	-21.0
30.0	-72.0	48.0
30.0	-70.0	-21.0
10.0	-76.0	-18.0
24.0	-96.0	15.0
36.0	-82.0	-12.0
-14.0	0.0	42.0
42.0	36.0	0.0
-44.0	6.0	15.0
38.0	6.0	-9.0
-34.0	-32.0	-9.0
20.0	-34.0	-15.0
4.0	-22.0	0.0
22.0	-50.0	-15.0
42.0	-74.0	-12.0
-54.0	2.0	33.0
18.0	-74.0	9.0
-32.0	-88.0	3.0
-4.0	-40.0	21.0
2.0	-12.0	3.0
30.0	-86.0	27.0
-22.0	-92.0	18.0
4.0	-86.0	18.0
-34.0	-74.0	42.0
-38.0	-16.0	-21.0
-38.0	50.0	9.0

// Mondadori CR, 2006: PMID 17012294-1
// Subjects=20
44.0	2.0	-24.0
-34.0	-46.0	-22.0
-12.0	30.0	58.0
-50.0	16.0	42.0
-30.0	42.0	16.0
-60.0	-58.0	16.0
-34.0	56.0	4.0
-6.0	-60.0	44.0
52.0	16.0	-12.0
40.0	-14.0	2.0
40.0	-50.0	-20.0
-46.0	-48.0	-30.0
-18.0	-14.0	60.0
-38.0	-60.0	38.0
-58.0	-24.0	10.0
26.0	-10.0	-22.0
26.0	-30.0	-6.0
-32.0	-8.0	-26.0
-24.0	60.0	-2.0
24.0	60.0	8.0
-22.0	-78.0	-18.0
-56.0	-2.0	-4.0
46.0	-28.0	4.0
-50.0	-20.0	4.0
52.0	-8.0	-4.0
2.0	38.0	6.0
-32.0	-36.0	-30.0
36.0	-28.0	-14.0
22.0	-28.0	-12.0
-20.0	-74.0	-8.0
-38.0	-34.0	-6.0
40.0	-64.0	40.0
-40.0	10.0	54.0
-14.0	-44.0	-4.0
18.0	54.0	-10.0
-44.0	-48.0	-26.0
34.0	-70.0	-20.0
40.0	-52.0	-24.0
-50.0	16.0	42.0
50.0	-64.0	32.0
-38.0	-46.0	44.0
-22.0	-78.0	-20.0
-38.0	24.0	-2.0
-2.0	64.0	16.0
-38.0	-60.0	40.0
-8.0	-58.0	26.0
30.0	-32.0	-14.0
-12.0	-36.0	-2.0
44.0	34.0	-6.0
2.0	58.0	-10.0
-6.0	46.0	6.0
40.0	52.0	-10.0
-6.0	-46.0	14.0
48.0	10.0	-26.0
-26.0	-34.0	-8.0
-22.0	-6.0	-32.0
-38.0	56.0	8.0
62.0	-8.0	4.0
-52.0	-2.0	-6.0
-16.0	-4.0	-32.0
24.0	-10.0	-20.0
-22.0	-30.0	-10.0
-8.0	-48.0	10.0
34.0	-30.0	-12.0

// Celone KA, 2006: PMID 17021177-1
// Subjects=20
-3.0	-42.0	21.0
-6.0	15.0	42.0
24.0	-6.0	-18.0
-36.0	27.0	-6.0
39.0	27.0	-6.0
54.0	24.0	24.0
3.0	-60.0	54.0
-3.0	54.0	3.0
-54.0	-45.0	33.0
51.0	-51.0	12.0
-39.0	21.0	9.0
-3.0	-24.0	33.0
-3.0	18.0	42.0
-21.0	-30.0	-9.0

// Sambataro F, 2006: PMID 17042790-1
// Subjects=20
-15.0	-3.0	0.0
11.0	8.0	11.0
15.0	15.0	10.0
30.0	14.0	-1.0
-4.0	42.0	37.0
41.0	34.0	15.0
-52.0	23.0	27.0
-19.0	14.0	-6.0
49.0	15.0	10.0
0.0	39.0	42.0
15.0	11.0	16.0
-26.0	21.0	-11.0
19.0	-40.0	68.0
0.0	-8.0	-5.0
8.0	-15.0	-14.0
-49.0	-17.0	23.0
26.0	-22.0	-14.0
-30.0	-30.0	-9.0
-52.0	20.0	32.0
-19.0	-2.0	44.0

// Mondadori CR, 2007: PMID 17077159-1
// Subjects=20
-32.0	42.0	38.0
-30.0	34.0	38.0
30.0	-16.0	-16.0
30.0	-18.0	-16.0
-22.0	-26.0	-12.0
-22.0	-26.0	-12.0
-24.0	28.0	-8.0
-24.0	30.0	-8.0
-40.0	-54.0	4.0
-40.0	-54.0	4.0
-22.0	-28.0	-6.0
-22.0	-28.0	-6.0
-30.0	-14.0	-28.0
6.0	-42.0	58.0
34.0	-40.0	-6.0
-42.0	-36.0	-22.0
-44.0	-34.0	-24.0
36.0	26.0	52.0
36.0	26.0	52.0
6.0	40.0	54.0
6.0	40.0	54.0
8.0	-48.0	50.0
8.0	-48.0	50.0
-40.0	-40.0	64.0
-30.0	34.0	38.0
36.0	-40.0	-4.0
-58.0	-46.0	18.0
26.0	6.0	54.0
-30.0	-8.0	62.0
6.0	-66.0	2.0
-38.0	-22.0	-16.0
-16.0	26.0	-18.0
-8.0	-52.0	44.0
6.0	-32.0	36.0
-56.0	-56.0	8.0
44.0	-74.0	22.0
-60.0	-54.0	18.0
-40.0	-86.0	8.0
-16.0	-90.0	-8.0
26.0	62.0	24.0
-12.0	-46.0	34.0
-24.0	-90.0	28.0
-20.0	16.0	-6.0
6.0	-58.0	-46.0
-26.0	-82.0	-20.0
-46.0	-14.0	10.0
-26.0	-32.0	-4.0
40.0	42.0	-20.0
42.0	24.0	-12.0
-44.0	36.0	-20.0
-34.0	32.0	44.0
48.0	32.0	18.0
62.0	-48.0	-10.0
20.0	-10.0	56.0
8.0	14.0	54.0
-8.0	-24.0	64.0
6.0	-88.0	-2.0
-28.0	8.0	-4.0
-10.0	56.0	4.0
-18.0	0.0	-26.0
-38.0	-56.0	-26.0
36.0	30.0	-16.0
-36.0	34.0	-4.0
30.0	52.0	-8.0
18.0	60.0	-8.0
24.0	56.0	34.0
-22.0	62.0	28.0
40.0	8.0	-36.0
46.0	4.0	38.0
22.0	-14.0	-14.0
26.0	-42.0	-12.0
24.0	-64.0	-6.0
-46.0	26.0	26.0
58.0	18.0	32.0
-48.0	8.0	36.0
-32.0	42.0	24.0
44.0	44.0	24.0
-6.0	-4.0	58.0
-16.0	12.0	64.0
20.0	-16.0	-14.0
-36.0	-18.0	-18.0
22.0	-12.0	74.0
-4.0	-86.0	-10.0
4.0	-58.0	-32.0
64.0	-32.0	4.0
-46.0	38.0	-12.0
58.0	-24.0	30.0
-66.0	-24.0	26.0
-14.0	-26.0	66.0
58.0	-10.0	40.0
32.0	-28.0	68.0
-8.0	-76.0	-4.0
20.0	-94.0	-16.0
34.0	-80.0	42.0
34.0	-4.0	-6.0
-6.0	-50.0	-12.0
-46.0	-12.0	54.0
30.0	14.0	42.0
-34.0	-58.0	38.0
-30.0	-66.0	36.0
44.0	-50.0	16.0
-56.0	-14.0	-24.0
12.0	40.0	-10.0
-14.0	-60.0	22.0
30.0	-22.0	12.0
30.0	12.0	58.0
-32.0	12.0	62.0
48.0	-4.0	-20.0
18.0	24.0	44.0

// Pavuluri MN, 2007: PMID 17097071-1
// Subjects=20
34.6	-74.9	14.1
22.6	62.8	33.9
-19.0	36.8	45.5
31.2	51.7	41.4
-38.7	50.0	-15.6
-52.2	-48.0	-1.7
-14.6	-47.2	19.0
-36.5	-16.1	-31.3
15.0	-28.4	-16.4
-13.8	24.8	14.1
16.2	20.9	29.7
10.7	38.6	11.5
36.8	-78.8	18.8
46.9	50.3	-5.5
-20.3	-29.1	-22.6
-27.9	39.2	-4.8
-9.3	37.2	49.8
33.4	32.4	38.6
14.4	-20.4	45.4
54.8	-42.0	11.1
-26.2	-96.1	21.0
-52.2	-34.8	3.9
-23.2	-99.4	-8.8
8.8	-99.8	-17.0
38.4	28.6	-10.3
18.0	-12.8	-34.4
14.5	-92.5	35.9
-9.7	44.3	3.5
-33.0	-37.2	-1.7
1.2	27.5	19.3
33.1	-6.1	-18.4
9.9	-41.7	18.3
-48.7	-80.5	17.7
-62.6	-62.1	23.0
-25.2	15.3	57.4
0.1	63.2	27.4
25.7	62.6	30.5
17.7	-84.2	32.9
17.1	-28.3	-15.3
48.1	-14.5	-4.5
-24.8	-9.8	-34.2
-28.8	-29.0	-6.9
40.4	53.8	-14.6
25.7	62.6	30.5
-14.2	64.2	-13.7
-42.3	-62.1	21.7
-30.1	20.3	-15.5
22.3	-13.9	-35.5
-9.5	45.3	30.2
-11.4	-51.5	18.2
-45.6	-83.3	9.0
60.0	-63.5	-6.1
33.0	-3.1	-20.9
-22.0	-101.3	8.0
69.6	-45.2	-4.4
-22.0	-101.5	5.8
4.5	-93.9	-8.5
-44.7	-9.5	14.0
44.8	25.3	-12.3
-34.2	-27.0	-21.5
28.3	-79.2	27.9

// Laufs H, 2007: PMID 17133385-1
// Subjects=20
-53.0	-39.0	42.0
-26.0	-35.0	-1.0
-5.0	-49.0	40.0
1.0	-35.0	34.0
5.0	49.0	36.0
45.0	-57.0	34.0
-11.0	41.0	42.0
8.0	-40.0	66.0
-26.0	-11.0	-25.0
2.0	-8.0	52.0
-48.0	4.0	-6.0
10.0	26.0	-6.0
-2.0	-16.0	-6.0
64.0	-8.0	0.0
56.0	-48.0	40.0
56.0	-8.0	-6.0

// Eippert F, 2007: PMID 17133391-1
// Subjects=20
-6.0	30.0	27.0
15.0	9.0	54.0
12.0	-48.0	9.0
0.0	15.0	57.0
-6.0	-39.0	-18.0
-6.0	27.0	15.0
30.0	-63.0	-24.0
-6.0	-12.0	63.0
-12.0	9.0	54.0
-9.0	-51.0	6.0
-21.0	-51.0	12.0
21.0	3.0	-18.0
-45.0	18.0	-3.0
6.0	24.0	36.0
-6.0	30.0	27.0
-60.0	24.0	6.0
-3.0	24.0	30.0
-42.0	21.0	0.0
-45.0	15.0	3.0
-27.0	-3.0	-21.0
9.0	-6.0	66.0
-30.0	3.0	57.0
-27.0	-57.0	-24.0
0.0	18.0	54.0
39.0	24.0	-18.0
-24.0	-33.0	-6.0
-6.0	30.0	30.0
-45.0	18.0	-3.0
-9.0	33.0	27.0
0.0	18.0	30.0
-30.0	0.0	54.0
51.0	9.0	6.0
15.0	-3.0	75.0
15.0	9.0	54.0
-48.0	18.0	0.0
-6.0	27.0	15.0
-30.0	3.0	54.0
-51.0	36.0	27.0
-6.0	30.0	30.0
-9.0	33.0	27.0
-45.0	18.0	-3.0
24.0	0.0	-21.0
-24.0	-9.0	-12.0
48.0	36.0	24.0
57.0	-6.0	51.0
-6.0	27.0	15.0
48.0	24.0	-15.0
0.0	18.0	30.0
-15.0	9.0	60.0
-18.0	0.0	-12.0
-18.0	12.0	-15.0
0.0	24.0	-6.0

// Viard A, 2007: PMID 17204823-1
// Subjects=20
-2.0	10.0	60.0
-44.0	-70.0	32.0
-8.0	-56.0	10.0
-6.0	-52.0	0.0
10.0	-54.0	14.0
-48.0	-74.0	28.0
10.0	-50.0	4.0
12.0	-64.0	40.0
-6.0	-22.0	30.0
22.0	24.0	2.0
-64.0	-12.0	20.0
10.0	-68.0	28.0
-12.0	-64.0	36.0
54.0	4.0	-18.0
-8.0	-68.0	24.0
48.0	16.0	-10.0
-12.0	-40.0	6.0
52.0	14.0	-24.0
24.0	-14.0	-20.0
10.0	-78.0	36.0
34.0	-38.0	-6.0
-18.0	-12.0	-16.0
16.0	-12.0	-20.0
-18.0	-18.0	-18.0
-16.0	-42.0	8.0
36.0	-16.0	-14.0
-30.0	-26.0	-12.0
32.0	-10.0	-20.0
14.0	-38.0	2.0
-16.0	-12.0	-14.0
-14.0	-10.0	-16.0
-16.0	-12.0	-16.0
-20.0	-18.0	-20.0
24.0	-14.0	-20.0

// Milad MR, 2007: PMID 17217927-1
// Subjects=20
7.0	23.0	-15.5
8.0	15.0	-12.5
-10.0	15.0	-13.0
2.0	35.0	-8.0
-30.0	-22.0	-15.0
-20.0	-3.0	-16.0
6.0	25.0	-11.0
8.0	31.0	-14.0
-23.0	18.0	43.0
29.0	-20.0	-14.0
23.0	1.0	20.0
29.0	-36.0	36.0
32.0	-38.0	-7.0
26.0	-17.5	-1.0
7.0	-74.5	-32.0
13.0	-75.0	-36.0
10.0	68.0	-13.0
-21.0	75.0	-42.0
44.0	6.0	-30.0
25.0	-7.0	-10.0
-10.0	-75.0	-36.0

// Noppeney U, 2007: PMID 17251241-1
// Subjects=20
-44.0	-8.0	-44.0
-51.0	8.0	-39.0
-8.0	15.0	0.0
-33.0	11.0	-17.0
27.0	8.0	-41.0
-23.0	-3.0	-35.0
-23.0	-38.0	0.0
-39.0	-5.0	-48.0
-45.0	15.0	-23.0
24.0	-35.0	-2.0
-51.0	-24.0	-18.0
5.0	27.0	-29.0
51.0	-30.0	-17.0
50.0	-26.0	-21.0
51.0	-18.0	-21.0
5.0	-12.0	11.0
9.0	18.0	-3.0
50.0	-26.0	-21.0
-2.0	23.0	-23.0

// Creem-Regehr SH, 2007: PMID 17275336-1
// Subjects=20
-6.0	-24.0	-8.0
-38.0	-40.0	40.0
-38.0	-88.0	-4.0
30.0	-88.0	-6.0
-30.0	-6.0	62.0
-4.0	-80.0	-20.0
12.0	-80.0	-24.0
4.0	-74.0	-16.0
-20.0	-72.0	50.0
-26.0	32.0	6.0
-54.0	2.0	30.0
-4.0	10.0	48.0
30.0	-32.0	-2.0
32.0	-68.0	26.0
-40.0	-88.0	-4.0
30.0	-88.0	-10.0
32.0	-54.0	56.0
-34.0	30.0	0.0
28.0	-64.0	52.0
-42.0	-82.0	16.0
-14.0	-52.0	62.0
8.0	-70.0	-24.0
-34.0	-78.0	14.0
52.0	-72.0	16.0
38.0	-74.0	16.0
-14.0	-62.0	54.0
34.0	-74.0	26.0
-36.0	-30.0	34.0
-26.0	-32.0	-6.0
28.0	-34.0	0.0
-18.0	-76.0	30.0
-22.0	42.0	4.0
-28.0	-36.0	30.0
12.0	-48.0	50.0
16.0	-68.0	60.0
-22.0	-60.0	-28.0
28.0	-64.0	44.0
-26.0	-16.0	48.0
-26.0	-46.0	62.0
-42.0	12.0	4.0
38.0	-52.0	-34.0
34.0	-88.0	-8.0
-32.0	-6.0	60.0
-6.0	10.0	46.0
-4.0	10.0	48.0
44.0	-50.0	46.0
-20.0	-74.0	50.0
-22.0	12.0	-4.0
-26.0	18.0	2.0
30.0	-64.0	50.0
-34.0	-58.0	56.0
-32.0	-54.0	-24.0
-14.0	-12.0	18.0
-22.0	-20.0	-8.0
34.0	-88.0	-10.0
28.0	-2.0	58.0
-34.0	-62.0	52.0
-20.0	-72.0	50.0
-26.0	-76.0	18.0
-32.0	-6.0	60.0
-28.0	-8.0	62.0
-20.0	-32.0	4.0
-54.0	4.0	34.0
-32.0	-52.0	-24.0
-42.0	-40.0	54.0
46.0	-60.0	-34.0
-40.0	-26.0	50.0
10.0	-60.0	-16.0
52.0	-12.0	50.0
-8.0	-66.0	-18.0
38.0	-20.0	14.0
10.0	-8.0	46.0
28.0	-50.0	-30.0
22.0	-32.0	12.0
-20.0	-32.0	2.0
-24.0	2.0	62.0
-22.0	-68.0	54.0
-10.0	-72.0	44.0
24.0	-68.0	54.0
30.0	0.0	54.0
32.0	-68.0	28.0
-38.0	-90.0	-4.0
-30.0	-84.0	-22.0
26.0	-74.0	-10.0
-36.0	-50.0	64.0

// Iaria G, 2007: PMID 17298595-1
// Subjects=20
-32.0	40.0	22.0
-24.0	-22.0	-16.0
-26.0	6.0	52.0
20.0	-54.0	2.0
34.0	2.0	50.0
12.0	40.0	44.0
40.0	20.0	-10.0
46.0	-44.0	-28.0
54.0	8.0	-20.0
56.0	-40.0	-2.0
2.0	-88.0	6.0
-16.0	-58.0	20.0
42.0	-48.0	30.0
-34.0	-46.0	32.0
-12.0	-60.0	6.0
4.0	-72.0	-10.0
-8.0	-54.0	-18.0
36.0	-64.0	46.0
16.0	-54.0	14.0
24.0	-38.0	-6.0
24.0	-36.0	-2.0
-26.0	-10.0	48.0
-6.0	8.0	56.0
-34.0	38.0	12.0
34.0	30.0	30.0
-30.0	28.0	32.0
-4.0	-72.0	-18.0
-16.0	20.0	32.0
-32.0	-38.0	40.0
-16.0	-78.0	-8.0
-2.0	-14.0	-18.0
8.0	-18.0	20.0
6.0	-68.0	-22.0
-24.0	-38.0	-12.0
28.0	30.0	2.0

// Mobbs D, 2006: PMID 17339967-1
// Subjects=20
-40.0	8.0	-28.0
-44.0	-30.0	2.0
56.0	-22.0	2.0
8.0	50.0	12.0
-50.0	24.0	6.0
-48.0	-20.0	4.0
46.0	-30.0	-4.0
-2.0	28.0	20.0
-40.0	6.0	-40.0
52.0	2.0	-38.0
34.0	-2.0	-18.0
-24.0	14.0	-24.0
38.0	-12.0	8.0
38.0	38.0	-4.0
42.0	4.0	-48.0
24.0	54.0	-4.0
40.0	-50.0	-26.0
34.0	12.0	-32.0
-38.0	10.0	-32.0
-28.0	-18.0	-12.0
-24.0	-22.0	-12.0
-42.0	18.0	14.0
22.0	8.0	-28.0
66.0	-12.0	-4.0
22.0	-2.0	-26.0
34.0	18.0	-34.0
58.0	-38.0	-14.0
-42.0	2.0	6.0
20.0	-2.0	-14.0
-62.0	-8.0	-2.0
44.0	12.0	-6.0
-34.0	42.0	-10.0
-42.0	30.0	2.0
32.0	46.0	-14.0
2.0	46.0	-10.0
50.0	26.0	-10.0
34.0	40.0	-14.0
-26.0	-86.0	-22.0
42.0	12.0	-42.0
42.0	-60.0	-22.0
48.0	20.0	-34.0
14.0	0.0	-14.0
4.0	48.0	-10.0
18.0	2.0	-28.0
-14.0	2.0	-18.0
-46.0	2.0	-40.0
44.0	4.0	-34.0
-6.0	54.0	10.0
-38.0	46.0	-10.0
32.0	2.0	-30.0
6.0	40.0	-14.0
2.0	40.0	-18.0
46.0	-56.0	-10.0
16.0	38.0	-10.0
40.0	-42.0	-20.0
46.0	4.0	-42.0
24.0	2.0	-40.0
-30.0	6.0	-40.0
0.0	44.0	-6.0
44.0	-66.0	-14.0
-40.0	8.0	-42.0
28.0	52.0	-8.0
4.0	64.0	6.0

// Bjork JM, 2007: PMID 17475792-1
// Subjects=20
-23.1	5.1	49.3
-10.0	-69.4	61.0
-35.3	13.0	0.8
-15.0	12.4	-9.4
-42.5	-71.0	2.4
5.8	10.4	59.7
53.7	-66.5	-3.6
-2.9	20.3	37.8
33.1	21.5	-6.2
53.8	-69.1	17.8
29.5	-46.4	53.0
42.1	-81.3	13.4
-30.5	-76.3	29.4
-7.4	-31.4	-11.4
-7.4	-14.3	2.8
-42.5	3.4	28.5
-30.5	5.5	54.9
17.5	-69.8	12.7
12.8	12.9	-5.3
49.3	7.7	21.5
45.2	-56.5	16.9
17.6	-59.7	33.1
37.5	44.1	24.1
26.1	17.5	53.3
21.6	-38.5	4.5
13.0	23.4	20.6
1.6	-88.1	25.6
-7.4	-26.7	-6.2
-26.1	-58.7	50.2
10.1	10.4	59.6
13.9	10.7	-6.2
-15.0	12.4	-9.4
17.8	-70.0	50.7
-10.4	-57.7	6.5
-46.7	-73.8	8.2
37.4	9.8	-5.3
25.8	-63.3	-14.7
-50.8	-26.8	52.3
-9.9	-65.8	66.2
29.0	61.5	44.0
-51.0	3.3	28.6
42.0	-56.9	11.4
42.0	-77.9	2.0
11.9	25.7	22.6
21.6	-57.9	0.5
13.2	-98.2	4.0
-10.5	23.7	26.4
-14.7	-66.6	1.7
33.8	-53.3	59.1
10.0	-76.8	19.0
-6.9	-1.5	72.0
6.0	-74.3	51.2
12.9	-15.0	-7.4
12.9	30.4	15.5
9.7	-6.8	2.0
17.5	-72.5	18.5
-30.5	-68.9	28.8
-19.3	16.8	-6.4
30.5	-70.8	39.4
28.9	46.7	18.4
1.5	-27.2	41.7
13.1	-54.4	5.9
-19.0	-38.7	5.0
-18.9	-66.2	7.3
13.1	-66.4	1.4
-7.0	-89.0	14.6
9.9	16.6	43.5
17.7	-83.6	40.7
-14.3	-86.5	46.8
1.3	19.9	32.2
-14.6	-70.0	13.1

// Fitzgerald PB, 2008: PMID 17525987-1
// Subjects=20
36.0	0.0	-6.0
-38.0	22.0	-16.0
-40.0	2.0	-6.0
20.0	-36.0	-6.0
-22.0	-36.0	-6.0
44.0	36.0	28.0
-42.0	38.0	20.0
42.0	-52.0	36.0
44.0	20.0	34.0
-38.0	-62.0	36.0
48.0	20.0	36.0
20.0	-40.0	50.0
-44.0	6.0	26.0
32.0	48.0	18.0
28.0	18.0	54.0
52.0	-52.0	28.0
50.0	-38.0	34.0
-52.0	24.0	16.0
50.0	0.0	22.0
-28.0	-54.0	48.0
-2.0	8.0	46.0
-28.0	20.0	52.0
34.0	-8.0	54.0
6.0	12.0	42.0
6.0	10.0	4.0
50.0	12.0	16.0
-4.0	2.0	60.0
30.0	30.0	2.0
-44.0	4.0	48.0
36.0	-80.0	24.0
-20.0	-84.0	22.0
-52.0	-46.0	32.0
18.0	-66.0	42.0
28.0	24.0	54.0
-26.0	22.0	4.0
-18.0	-2.0	56.0
-26.0	-60.0	48.0
-42.0	-32.0	22.0
44.0	24.0	48.0
42.0	8.0	-16.0
-18.0	-14.0	12.0
18.0	-10.0	10.0
-58.0	50.0	6.0
-52.0	2.0	34.0
50.0	-58.0	20.0
54.0	-40.0	46.0
-54.0	6.0	0.0
50.0	-44.0	38.0
-28.0	-62.0	50.0
10.0	28.0	36.0
6.0	20.0	50.0
-46.0	-54.0	28.0
34.0	-80.0	32.0
40.0	42.0	24.0
54.0	-36.0	54.0
8.0	32.0	44.0
-22.0	-50.0	46.0
-22.0	-84.0	22.0
-22.0	-4.0	54.0
10.0	-74.0	50.0
22.0	34.0	52.0
36.0	-80.0	42.0

// Rubia K, 2007: PMID 17538951-1
// Subjects=20
6.0	-54.1	51.7
40.4	4.3	-36.1
-45.9	5.5	0.5
41.0	-4.7	40.5
-41.3	5.5	41.7
31.9	59.1	-0.5
50.1	17.0	-10.5
36.5	-76.8	-10.3
-22.4	-42.9	-21.4
-46.8	-62.1	-6.1
10.7	45.4	16.5
-46.0	32.1	0.5
44.9	29.9	5.2
-9.3	-54.2	10.6
-22.2	18.2	39.3
2.1	57.6	10.0
1.2	35.1	22.0
3.6	-54.2	22.7
20.4	-84.1	-21.8
51.4	-17.6	-4.3
-41.3	-60.7	24.9
-56.5	-26.9	-4.5
-4.2	50.3	26.3
3.6	-47.3	30.0
-59.6	-27.1	21.2
-50.9	-27.3	31.1
52.4	-7.8	-0.7
-51.4	31.9	-0.6
3.5	-15.4	29.5
-41.8	45.0	2.7
47.0	37.1	2.3
46.9	29.0	-5.9
46.4	-58.9	27.1
-3.1	42.9	26.9
1.1	-70.7	-24.9
9.1	-70.6	30.7
47.4	-23.4	31.9
47.4	-23.4	31.9
-15.0	21.0	-7.9
-28.8	1.8	6.2
44.2	-51.3	28.7
33.4	-73.3	-6.1
-25.5	-66.7	-12.7
43.9	-2.5	0.1
65.2	-2.8	-5.7
-28.7	-25.7	8.5
-10.2	-67.1	36.2
-10.5	-30.3	3.1
24.8	-20.7	14.1
23.8	-12.3	25.7
-6.2	-45.6	-2.4
24.9	-57.1	10.5
-25.6	-22.9	-9.7
1.2	34.1	22.1
1.0	61.7	7.5
4.7	-39.5	33.8
4.5	-68.8	-0.6
43.0	-77.4	-5.9
-26.7	-22.9	-9.7
50.4	0.0	17.7
-37.0	-30.8	40.2
-22.3	-37.8	3.8
-25.3	-57.4	11.1
23.6	-10.1	-0.1
-60.9	1.1	1.0
47.3	-27.5	20.0
-22.3	-9.8	7.1

// Bartres-Faz D, 2008: PMID 17560689-1
// Subjects=20
2.0	-6.0	32.0
-26.0	-38.0	0.0
-26.0	-72.0	40.0
42.0	-54.0	-20.0
-28.0	-66.0	50.0
-40.0	12.0	20.0
-44.0	18.0	30.0
-34.0	-68.0	-16.0
4.0	4.0	62.0
38.0	-56.0	-20.0
4.0	-72.0	-32.0
-28.0	-30.0	4.0
50.0	-2.0	40.0
-14.0	26.0	24.0
-32.0	-38.0	50.0
-12.0	12.0	4.0
-34.0	-50.0	52.0

// Rothemund Y, 2007: PMID 17566768-1
// Subjects=20
-40.0	-76.0	2.0
54.0	26.0	2.0
32.0	50.0	4.0
-2.0	2.0	72.0
-28.0	-38.0	40.0
-4.0	44.0	50.0
-34.0	-20.0	-10.0
52.0	-60.0	-20.0
-50.0	-32.0	14.0
28.0	-22.0	-4.0
-2.0	10.0	68.0
-38.0	18.0	0.0
34.0	-20.0	-8.0
-36.0	44.0	12.0
-26.0	-30.0	-8.0
30.0	-88.0	-4.0
44.0	-74.0	-16.0
46.0	-64.0	-14.0
-26.0	-22.0	-2.0
26.0	-22.0	-4.0
38.0	-54.0	46.0
-20.0	-76.0	30.0
-46.0	-66.0	-16.0
-4.0	14.0	12.0
-32.0	52.0	-4.0
-24.0	34.0	-12.0
32.0	54.0	-6.0
40.0	-82.0	-16.0
50.0	46.0	10.0
54.0	-70.0	-4.0
18.0	30.0	2.0
-40.0	-70.0	-8.0
22.0	54.0	34.0
64.0	-44.0	2.0
-54.0	-58.0	-22.0
40.0	-52.0	-24.0
-38.0	-86.0	4.0
54.0	32.0	0.0
44.0	52.0	16.0
50.0	24.0	-10.0
-8.0	-94.0	-4.0
-30.0	-22.0	-2.0
34.0	-18.0	-8.0
-44.0	48.0	10.0
-24.0	-16.0	-8.0
30.0	32.0	-8.0
24.0	-38.0	46.0
-44.0	-80.0	-14.0
2.0	-40.0	42.0
36.0	4.0	-10.0
38.0	16.0	0.0
4.0	12.0	12.0
32.0	-32.0	42.0

// de Ruiter MB, 2007: PMID 17572110-1
// Subjects=20
-54.0	21.0	15.0
-48.0	15.0	27.0
-48.0	30.0	18.0
-42.0	39.0	-18.0
-45.0	24.0	-12.0
-36.0	30.0	-9.0
-36.0	27.0	-6.0
-42.0	21.0	3.0
24.0	-96.0	21.0
48.0	18.0	-9.0
-51.0	39.0	-6.0
42.0	21.0	-15.0
-57.0	33.0	6.0
39.0	-90.0	-6.0
54.0	30.0	18.0
39.0	-84.0	-9.0
45.0	-84.0	0.0
39.0	-84.0	0.0
-51.0	24.0	-9.0
-36.0	30.0	-9.0
-39.0	12.0	30.0
48.0	39.0	21.0
-57.0	30.0	12.0
33.0	30.0	-6.0
33.0	24.0	-6.0
-57.0	-36.0	3.0
39.0	-87.0	12.0
-33.0	6.0	-33.0
-27.0	-15.0	-15.0
-48.0	48.0	-15.0
-9.0	57.0	15.0
-9.0	57.0	63.0
-15.0	60.0	30.0
48.0	18.0	-3.0
-18.0	-12.0	-18.0
-54.0	30.0	-6.0
-57.0	30.0	9.0
-27.0	15.0	-21.0
-54.0	15.0	-9.0
-54.0	21.0	-6.0
-63.0	-36.0	-3.0
-33.0	-21.0	-12.0
-15.0	51.0	27.0
-9.0	63.0	21.0
-9.0	24.0	51.0
-63.0	-33.0	-6.0
-63.0	-36.0	-6.0
-54.0	30.0	-6.0
-54.0	30.0	-6.0
-42.0	30.0	-15.0
39.0	33.0	-12.0
-57.0	30.0	9.0
-39.0	24.0	-21.0
-15.0	63.0	27.0
-9.0	60.0	33.0
-9.0	57.0	12.0
45.0	21.0	-6.0
-51.0	15.0	-30.0
48.0	18.0	-3.0
-9.0	42.0	33.0
-36.0	-60.0	57.0
-42.0	21.0	-21.0
-60.0	-36.0	-6.0
-57.0	-15.0	-15.0
-18.0	-6.0	-18.0
-57.0	12.0	-6.0
-51.0	-30.0	3.0
-60.0	-36.0	6.0
24.0	-96.0	21.0
-27.0	54.0	-12.0
-54.0	-21.0	-9.0
-33.0	-54.0	42.0
-33.0	6.0	-33.0
-33.0	-33.0	-9.0
-51.0	18.0	-12.0
-60.0	-36.0	-15.0
-63.0	-36.0	-6.0
-51.0	-36.0	-6.0
-63.0	-33.0	-9.0
-63.0	-21.0	-15.0
-63.0	0.0	-6.0
-39.0	-3.0	-3.0
-9.0	42.0	33.0
24.0	-15.0	-18.0
-6.0	51.0	30.0
-21.0	-6.0	-18.0
-30.0	18.0	-27.0
36.0	39.0	-6.0
24.0	-33.0	-15.0
-54.0	15.0	-9.0
-36.0	-66.0	48.0
57.0	-48.0	42.0
-48.0	-45.0	54.0
-45.0	-45.0	42.0
-18.0	-33.0	-3.0
-27.0	-36.0	-3.0
57.0	-42.0	-12.0
63.0	-15.0	-9.0
66.0	-24.0	-9.0
30.0	-63.0	45.0
57.0	-63.0	27.0
51.0	-57.0	30.0
48.0	3.0	-30.0
-24.0	-3.0	-12.0
-24.0	-3.0	-12.0
42.0	-66.0	24.0
54.0	-48.0	30.0
60.0	-45.0	27.0
48.0	3.0	-30.0
-33.0	-36.0	-9.0
57.0	-48.0	45.0
-36.0	-51.0	30.0
-51.0	12.0	-18.0
24.0	-33.0	-15.0
-24.0	-6.0	-21.0
-30.0	-57.0	42.0
-21.0	-33.0	-3.0

// Kensinger EA, 2007: PMID 17631361-1
// Subjects=20
-34.0	-58.0	49.0
-46.0	31.0	28.0
-42.0	22.0	21.0
-38.0	58.0	3.0
-24.0	6.0	46.0
38.0	30.0	19.0
50.0	38.0	22.0
-42.0	-40.0	48.0
-42.0	21.0	-1.0
-32.0	-54.0	47.0
36.0	-63.0	53.0
-8.0	-71.0	51.0
-6.0	-58.0	49.0
12.0	-60.0	47.0
-4.0	35.0	37.0
-44.0	-51.0	-1.0
34.0	29.0	-3.0
-51.0	-56.0	-2.0
34.0	-62.0	42.0
-34.0	-62.0	44.0
38.0	-35.0	46.0
-46.0	-64.0	-7.0
-18.0	5.0	13.0
-51.0	19.0	36.0
-44.0	36.0	20.0
48.0	15.0	34.0
46.0	35.0	9.0
57.0	-56.0	3.0
38.0	-52.0	45.0
28.0	-60.0	51.0
0.0	-62.0	36.0
-24.0	-50.0	47.0
34.0	-62.0	34.0
38.0	-58.0	40.0
-42.0	-38.0	-13.0
30.0	-56.0	8.0
46.0	15.0	23.0
46.0	35.0	9.0
16.0	-55.0	27.0
-38.0	-64.0	-7.0
44.0	40.0	31.0
55.0	-51.0	-1.0
-44.0	18.0	19.0
-42.0	46.0	-14.0
-34.0	16.0	45.0
-28.0	8.0	38.0
-49.0	44.0	-6.0
-12.0	31.0	46.0
-18.0	4.0	48.0
-32.0	29.0	-1.0
32.0	32.0	13.0
-57.0	-31.0	48.0
-36.0	22.0	4.0
-55.0	-56.0	-2.0
44.0	48.0	22.0
-8.0	20.0	45.0
-42.0	1.0	22.0
-49.0	-63.0	-9.0
-18.0	-5.0	-15.0
34.0	25.0	-1.0
12.0	-82.0	-6.0
0.0	-22.0	27.0
-8.0	14.0	1.0
-6.0	4.0	11.0
-48.0	30.0	24.0
-57.0	-45.0	-6.0
-44.0	44.0	16.0
-51.0	-55.0	-12.0
48.0	15.0	34.0
-4.0	29.0	35.0
-53.0	25.0	1.0
-44.0	9.0	27.0
0.0	-3.0	22.0
46.0	9.0	24.0
46.0	34.0	22.0
-59.0	-43.0	-5.0
-6.0	18.0	47.0
-12.0	20.0	43.0
-34.0	-43.0	41.0
50.0	38.0	22.0
-42.0	22.0	21.0
36.0	-31.0	38.0
-40.0	-36.0	-13.0
-18.0	-24.0	-19.0
30.0	-56.0	8.0
57.0	-56.0	3.0
-49.0	-60.0	-2.0
-18.0	16.0	40.0
-30.0	-50.0	47.0
6.0	-3.0	22.0
0.0	-62.0	36.0
-8.0	-28.0	29.0
16.0	-55.0	27.0
-32.0	20.0	5.0
-18.0	-5.0	-17.0
10.0	11.0	32.0
-46.0	-57.0	-7.0
28.0	-79.0	11.0
-28.0	21.0	34.0
61.0	-27.0	49.0
-40.0	-33.0	42.0
32.0	-62.0	51.0
61.0	-38.0	46.0
-42.0	-63.0	-12.0
-26.0	-57.0	23.0
48.0	-57.0	-4.0
-30.0	-78.0	-8.0
-61.0	-25.0	42.0
-38.0	-74.0	0.0
12.0	18.0	12.0
20.0	-9.0	23.0
16.0	-25.0	14.0
30.0	-67.0	11.0
44.0	40.0	31.0
-49.0	44.0	-6.0
-46.0	31.0	28.0
-14.0	11.0	22.0
-24.0	6.0	46.0
-16.0	-5.0	22.0
-8.0	20.0	45.0
-32.0	-54.0	47.0
-34.0	-43.0	41.0
-59.0	-43.0	-5.0
-53.0	-56.0	-2.0
55.0	-51.0	-1.0
12.0	-82.0	-6.0
-6.0	4.0	11.0
32.0	32.0	13.0
50.0	2.0	-32.0
2.0	34.0	-13.0
6.0	54.0	-11.0
6.0	57.0	16.0
30.0	-71.0	16.0
53.0	-35.0	33.0
34.0	-60.0	12.0
18.0	-32.0	18.0
-20.0	29.0	35.0
28.0	-84.0	28.0
36.0	-63.0	53.0
-30.0	-82.0	-3.0
-28.0	-70.0	7.0
12.0	-34.0	20.0
-38.0	-64.0	2.0
10.0	37.0	-7.0
-28.0	29.0	-12.0
-42.0	-73.0	7.0
40.0	-33.0	31.0
2.0	44.0	-7.0
-61.0	-17.0	3.0
-34.0	-71.0	50.0
67.0	-33.0	7.0
-22.0	-26.0	-12.0
-2.0	33.0	-10.0
-16.0	-1.0	-17.0
-30.0	-78.0	13.0
32.0	-62.0	36.0
-40.0	-49.0	21.0
59.0	-23.0	10.0

// Axmacher N, 2007: PMID 17634374-1
// Subjects=20
-42.0	9.0	30.0
0.0	18.0	51.0
-45.0	3.0	57.0
24.0	-66.0	36.0
36.0	-81.0	3.0
36.0	27.0	6.0
-18.0	-36.0	12.0
15.0	-39.0	12.0
-48.0	-66.0	-21.0
63.0	-30.0	-9.0
39.0	-84.0	-6.0
57.0	-39.0	-15.0
-24.0	-93.0	-9.0
-12.0	-96.0	15.0
3.0	9.0	54.0
-42.0	-84.0	-9.0
-42.0	12.0	27.0
54.0	27.0	18.0
27.0	-72.0	33.0
42.0	0.0	57.0
57.0	21.0	6.0
-18.0	-30.0	-3.0
9.0	21.0	48.0
48.0	15.0	30.0
-30.0	-72.0	33.0
12.0	-33.0	21.0
48.0	12.0	-33.0
-6.0	-27.0	-12.0
9.0	-63.0	45.0
15.0	-54.0	-21.0
-24.0	-21.0	-15.0
-24.0	-18.0	-12.0
42.0	-81.0	36.0

// Janzen G, 2007: PMID 17651709-1
// Subjects=20
24.5	-9.6	-21.4
59.9	-1.7	-4.6
6.2	56.2	-8.9
12.2	-17.2	46.3
19.2	-9.4	-18.0
26.2	-70.0	36.1
35.7	-76.7	17.6
28.0	-45.4	-2.8
-20.0	3.4	40.5
-33.8	-82.5	17.7
-31.9	-40.8	-7.0
-27.6	-37.2	-1.7
-27.1	-37.6	61.8
30.8	6.1	-26.1
23.5	25.9	-3.2
-40.0	-31.8	54.8
-1.1	17.8	-8.9
44.1	-20.9	22.8

// Addis DR, 2007: PMID 17681983-1
// Subjects=20
-63.0	-10.0	-10.0
-10.0	58.0	-4.0
-26.0	-20.0	-14.0
-20.0	-14.0	-14.0
28.0	-11.0	-16.0
20.0	-9.0	-20.0
-26.0	-28.0	-15.0
-30.0	-28.0	-17.0
28.0	-28.0	-15.0
30.0	-24.0	-12.0
-61.0	-9.0	-16.0
57.0	1.0	-20.0
-6.0	56.0	-15.0
-2.0	-55.0	21.0
-26.0	-28.0	-15.0
28.0	-11.0	-16.0
-26.0	-20.0	-14.0
-2.0	-11.0	6.0
-6.0	56.0	-15.0
6.0	-17.0	6.0
-42.0	-66.0	31.0
-40.0	-66.0	36.0
6.0	-44.0	13.0
12.0	-44.0	6.0
-8.0	-53.0	25.0
-22.0	40.0	31.0
-2.0	-16.0	32.0
57.0	1.0	-20.0
55.0	-5.0	-15.0
-61.0	-9.0	-16.0
44.0	27.0	32.0
22.0	8.0	51.0
-2.0	-63.0	27.0
-40.0	-66.0	36.0
30.0	-42.0	-18.0
-14.0	-54.0	14.0
55.0	-5.0	-15.0
46.0	36.0	17.0
44.0	44.0	-14.0
12.0	-44.0	6.0
4.0	-42.0	24.0
6.0	-11.0	6.0
8.0	38.0	29.0
50.0	15.0	-7.0
18.0	-34.0	-13.0
22.0	-33.0	-4.0
-32.0	-31.0	-7.0
-26.0	-68.0	-39.0
-28.0	-18.0	-4.0
-2.0	-55.0	21.0
-44.0	-76.0	-6.0
32.0	-76.0	-13.0
36.0	-53.0	38.0
28.0	-28.0	-15.0
-2.0	-50.0	39.0
12.0	-42.0	6.0
-12.0	-44.0	8.0
-50.0	37.0	7.0
20.0	-32.0	-9.0
-30.0	-32.0	-12.0
-38.0	-50.0	45.0

// Qin S, 2007: PMID 17804259-1
// Subjects=20
15.0	39.0	33.0
33.0	30.0	39.0
30.0	-87.0	-9.0
-18.0	9.0	12.0
-21.0	12.0	-3.0
-18.0	3.0	-6.0
27.0	9.0	15.0
15.0	-60.0	18.0
-39.0	-63.0	15.0
-42.0	-69.0	27.0
-33.0	-81.0	36.0
36.0	-72.0	-9.0
21.0	6.0	6.0
-33.0	-39.0	-9.0
30.0	-90.0	15.0
15.0	48.0	30.0
-9.0	-99.0	3.0
-24.0	-33.0	-3.0
-18.0	-36.0	3.0
24.0	-6.0	-18.0
21.0	-27.0	-9.0
-30.0	-93.0	-6.0
-6.0	60.0	-12.0
15.0	36.0	-15.0
0.0	45.0	-18.0
0.0	6.0	-9.0
3.0	60.0	24.0
-9.0	54.0	24.0
42.0	30.0	12.0
-42.0	33.0	-9.0
36.0	33.0	-15.0
-21.0	-6.0	-18.0
-36.0	-51.0	-15.0

// Henson RN, 2007: PMID 17888687-1
// Subjects=20
-21.0	-36.0	-9.0
-24.0	-39.0	-9.0
-18.0	-39.0	0.0
-27.0	-36.0	-18.0
-27.0	0.0	-30.0

// Lin CY, 2007: PMID 17890109-1
// Subjects=20
42.0	-91.0	20.0
-42.0	-85.0	-10.0
39.0	-82.0	-1.0
36.0	-88.0	-4.0
57.0	-16.0	-4.0
-39.0	-22.0	-19.0
-18.0	-67.0	53.0
27.0	-76.0	38.0
-15.0	-58.0	17.0
18.0	-55.0	14.0
-39.0	-43.0	35.0
-42.0	-1.0	62.0
42.0	11.0	20.0
42.0	29.0	-10.0
-51.0	-39.0	3.0
-9.0	59.0	29.0
-9.0	41.0	47.0
-6.0	-37.0	-22.0
39.0	-1.0	68.0
42.0	20.0	-4.0
-33.0	17.0	-4.0
57.0	-64.0	14.0
-45.0	8.0	-4.0
0.0	-70.0	50.0
-21.0	2.0	14.0
24.0	-34.0	5.0
21.0	-16.0	-19.0
-54.0	-58.0	5.0
-18.0	-16.0	-13.0
-27.0	-94.0	41.0
-33.0	-94.0	8.0
24.0	-66.0	-43.0
-48.0	-58.0	-4.0
45.0	-67.0	-4.0
27.0	-10.0	-10.0
-30.0	-25.0	-13.0
36.0	32.0	11.0
15.0	56.0	14.0
27.0	21.0	36.0
18.0	17.0	62.0
42.0	-40.0	-10.0
-12.0	44.0	41.0
18.0	-28.0	47.0
42.0	-31.0	38.0
18.0	-61.0	50.0
39.0	-64.0	26.0
-39.0	-40.0	8.0
-15.0	-13.0	8.0
-15.0	-13.0	47.0
24.0	-10.0	-1.0
12.0	-61.0	-7.0
15.0	-19.0	-7.0
-18.0	-34.0	-16.0
24.0	-25.0	26.0
-33.0	-28.0	53.0
27.0	26.0	56.0
-24.0	32.0	53.0
-36.0	-40.0	5.0
45.0	-85.0	-4.0
-39.0	-73.0	44.0
-24.0	-97.0	-4.0
-36.0	-79.0	-4.0
54.0	-40.0	2.0
60.0	-52.0	17.0
-30.0	-61.0	20.0

// Kukolja J, 2009: PMID 17905481-1
// Subjects=20
-42.0	-48.0	-12.0
-27.0	-78.0	-6.0
3.0	-30.0	66.0
30.0	24.0	9.0
39.0	18.0	57.0
3.0	39.0	0.0
-3.0	-15.0	51.0
-15.0	-39.0	-18.0
3.0	60.0	27.0
-12.0	57.0	36.0
0.0	63.0	15.0
51.0	-48.0	36.0
-42.0	-48.0	-12.0
-57.0	-45.0	3.0
-54.0	-63.0	42.0
-42.0	-48.0	-12.0
-9.0	48.0	-6.0
-24.0	-9.0	72.0
-9.0	48.0	-6.0
-30.0	-63.0	54.0
-3.0	-69.0	42.0
-36.0	-18.0	-18.0
-30.0	6.0	-12.0
-30.0	-33.0	-6.0
-30.0	-63.0	54.0
-30.0	-72.0	-18.0
9.0	-87.0	-18.0
-21.0	-63.0	-39.0
-36.0	-81.0	-30.0
21.0	-90.0	-33.0
33.0	-51.0	-18.0
-6.0	-48.0	30.0
-6.0	-48.0	30.0

// Venneri A, 2008: PMID 17936858-1
// Subjects=20
-58.0	-47.0	4.0
4.0	-58.0	-13.0
10.0	-55.0	-8.0
-8.0	-95.0	15.0
-54.0	-48.0	12.0
9.0	-66.0	-13.0
27.0	-75.0	-16.0
16.0	-62.0	-14.0
-30.0	-88.0	6.0
-41.0	-69.0	-17.0
27.0	-37.0	-12.0
-9.0	9.0	47.0
12.0	-44.0	-12.0
45.0	11.0	1.0
27.0	-81.0	-27.0
-3.0	-79.0	-7.0
6.0	-77.0	11.0
-8.0	-64.0	4.0
-14.0	-70.0	9.0
-6.0	13.0	39.0
-7.0	-53.0	-40.0
18.0	-3.0	-15.0
-53.0	-46.0	11.0
22.0	-42.0	-16.0
-20.0	-60.0	-13.0
-21.0	-27.0	61.0
-22.0	-40.0	-17.0
49.0	-24.0	-21.0
10.0	-79.0	-4.0
-6.0	-13.0	62.0
31.0	-47.0	-9.0
5.0	15.0	-22.0
28.0	-37.0	-16.0
-17.0	-34.0	64.0
-11.0	-28.0	68.0
16.0	-80.0	-25.0
20.0	-54.0	-21.0
9.0	-31.0	66.0
16.0	-10.0	-10.0
-50.0	3.0	-12.0
-52.0	-39.0	-17.0
-35.0	-70.0	-24.0
-38.0	-64.0	-27.0
-23.0	-22.0	-24.0
4.0	-36.0	26.0
17.0	-4.0	-17.0
-34.0	10.0	-11.0
16.0	-10.0	-10.0
-5.0	36.0	-21.0
-5.0	-64.0	-27.0
-17.0	-72.0	-12.0
7.0	46.0	3.0
-23.0	-48.0	-15.0
-52.0	-39.0	-17.0
9.0	-31.0	66.0
21.0	-79.0	-14.0
3.0	-36.0	26.0
18.0	-82.0	-26.0
-32.0	-27.0	-10.0
1.0	44.0	-21.0
28.0	-4.0	-38.0
-23.0	-22.0	-24.0
36.0	-2.0	13.0
29.0	10.0	5.0
37.0	-1.0	3.0
21.0	-21.0	-21.0
5.0	11.0	38.0
-11.0	9.0	60.0
-17.0	-84.0	-32.0
-62.0	-14.0	-8.0
-7.0	-49.0	21.0
34.0	-15.0	-33.0
47.0	-69.0	5.0
10.0	-51.0	-8.0
42.0	10.0	-36.0
-11.0	-69.0	-15.0
-9.0	-80.0	-8.0
-14.0	-71.0	-9.0
22.0	-31.0	-12.0
-16.0	13.0	-15.0
-5.0	-32.0	35.0
-8.0	18.0	57.0
22.0	-31.0	-12.0
49.0	-24.0	-21.0
-29.0	-33.0	-5.0
35.0	-77.0	-21.0
23.0	-78.0	-12.0
11.0	-70.0	-10.0
58.0	-10.0	-14.0
-8.0	-56.0	-13.0
4.0	-36.0	26.0
17.0	-4.0	-17.0
-34.0	10.0	-11.0
-64.0	-12.0	-21.0
35.0	-77.0	-31.0
-50.0	12.0	24.0
49.0	-64.0	11.0
3.0	-19.0	42.0
59.0	-24.0	-4.0
-52.0	-39.0	-17.0
-23.0	-22.0	-24.0
-21.0	-27.0	61.0
16.0	-10.0	-10.0
-5.0	36.0	-21.0
20.0	-54.0	-21.0
26.0	-80.0	-28.0
31.0	-47.0	-9.0
-6.0	-13.0	62.0
10.0	-79.0	-4.0
8.0	-66.0	-27.0
-8.0	18.0	57.0
-7.0	-55.0	-31.0
50.0	12.0	1.0
56.0	-12.0	37.0
-11.0	8.0	39.0
30.0	-59.0	-17.0
39.0	-41.0	-27.0
7.0	-56.0	38.0
1.0	14.0	34.0
42.0	-50.0	-39.0
35.0	-51.0	-21.0
16.0	14.0	7.0
19.0	-47.0	2.0
16.0	-60.0	-2.0
4.0	-65.0	24.0
-40.0	-46.0	-37.0
-45.0	28.0	1.0
-50.0	24.0	6.0
32.0	8.0	-13.0
-9.0	-21.0	7.0
39.0	-52.0	-21.0
38.0	-61.0	-17.0
-16.0	-55.0	-42.0
8.0	-71.0	6.0
-5.0	-7.0	37.0
-5.0	-52.0	24.0
-15.0	-65.0	1.0
-31.0	-44.0	-35.0
-36.0	42.0	-11.0
48.0	-15.0	-9.0
4.0	2.0	-8.0
-33.0	-71.0	-12.0
-11.0	9.0	60.0
-16.0	16.0	3.0
53.0	-7.0	-9.0
-17.0	-73.0	-17.0
39.0	25.0	-11.0
-18.0	-79.0	9.0
-18.0	-69.0	9.0
-10.0	-71.0	8.0
53.0	-57.0	5.0
41.0	-58.0	-42.0
-10.0	-56.0	32.0
4.0	30.0	31.0
-37.0	0.0	5.0
-24.0	8.0	-33.0
-30.0	16.0	-34.0
-34.0	-8.0	-3.0
38.0	-20.0	19.0
42.0	-27.0	20.0
61.0	-19.0	22.0
59.0	-22.0	40.0
57.0	-30.0	39.0
-23.0	7.0	1.0
-10.0	14.0	-5.0
-9.0	16.0	34.0
-4.0	4.0	62.0
-4.0	-94.0	7.0
1.0	23.0	26.0
-13.0	-56.0	-10.0
53.0	-60.0	23.0
39.0	20.0	7.0
-6.0	-66.0	3.0
-30.0	-44.0	57.0
55.0	-49.0	25.0
54.0	-6.0	32.0
-41.0	-4.0	-34.0
-38.0	8.0	11.0
1.0	-53.0	-1.0
-6.0	-10.0	40.0
45.0	-71.0	38.0
-34.0	-47.0	-19.0
-32.0	-58.0	-16.0
-4.0	-62.0	-18.0
-41.0	-1.0	-1.0
5.0	-59.0	-8.0
13.0	-53.0	-10.0
-3.0	-62.0	-7.0
35.0	-77.0	-30.0
-5.0	-91.0	17.0
5.0	-35.0	40.0
-6.0	-68.0	-26.0
-6.0	8.0	53.0
12.0	-73.0	-22.0
-48.0	-64.0	3.0
3.0	34.0	29.0
5.0	42.0	14.0
-9.0	-52.0	-9.0
-34.0	-38.0	-28.0
4.0	38.0	22.0
2.0	-66.0	-34.0
-38.0	-8.0	-7.0
29.0	-46.0	-17.0
22.0	-69.0	-15.0
15.0	-73.0	-16.0
-50.0	-63.0	-20.0
-30.0	-70.0	-22.0
14.0	6.0	-13.0
-2.0	-68.0	-22.0
-15.0	-73.0	-19.0
-4.0	-62.0	-18.0
-7.0	-54.0	16.0
-37.0	57.0	9.0
-32.0	53.0	4.0
41.0	-72.0	16.0
-29.0	-34.0	-19.0
10.0	-44.0	-12.0
-3.0	-80.0	1.0
-21.0	-50.0	-14.0
2.0	-27.0	37.0
21.0	-84.0	-28.0
-58.0	-54.0	5.0
2.0	-53.0	-3.0
-51.0	-63.0	-8.0

// Kim H, 2007: PMID 17989285-1
// Subjects=20
23.0	-38.0	65.0
-27.0	-27.0	-11.0
27.0	3.0	-16.0
-8.0	33.0	-5.0
-30.0	-50.0	34.0
15.0	-54.0	30.0
4.0	10.0	-10.0
-46.0	-80.0	25.0
15.0	33.0	6.0
-34.0	20.0	38.0
-27.0	4.0	57.0
19.0	8.0	65.0
-8.0	8.0	65.0
-27.0	-65.0	49.0
11.0	-65.0	53.0
27.0	-27.0	-8.0
34.0	17.0	42.0
-8.0	29.0	47.0
38.0	46.0	19.0
-49.0	15.0	30.0
-38.0	16.0	20.0
0.0	1.0	28.0
-4.0	45.0	8.0
38.0	20.0	34.0
19.0	-30.0	-23.0
34.0	-76.0	39.0
11.0	-27.0	8.0
-34.0	-30.0	-11.0
0.0	-65.0	61.0
46.0	10.0	-10.0
-42.0	19.0	20.0
-8.0	28.0	34.0
19.0	-34.0	-14.0
42.0	-45.0	45.0
-19.0	-30.0	-18.0
19.0	-30.0	-18.0
23.0	-1.0	-13.0
-23.0	51.0	-9.0
-38.0	9.0	31.0
-30.0	-43.0	37.0
-30.0	-68.0	38.0
-30.0	-50.0	34.0
0.0	21.0	44.0

// Anguera JA, 2007: PMID 17996854-1
// Subjects=20
54.0	11.0	-4.0
24.0	-44.0	-12.0
48.0	13.0	23.0
6.0	5.0	61.0
26.0	3.0	55.0
-26.0	5.0	55.0
61.0	-32.0	29.0
-4.0	-57.0	54.0
-2.0	17.0	25.0
50.0	25.0	1.0
4.0	-55.0	56.0
20.0	-38.0	-20.0
2.0	27.0	-11.0
61.0	-8.0	-13.0
-38.0	-50.0	52.0
10.0	-74.0	35.0
-24.0	-26.0	-12.0
-57.0	-36.0	9.0
-38.0	-50.0	52.0
20.0	-46.0	2.0
-54.0	-61.0	5.0
-36.0	-14.0	14.0
53.0	-62.0	-4.0

// Cohen MX, 2008: PMID 17997112-1
// Subjects=20
8.0	28.0	-10.0
33.0	35.0	-10.0
68.0	0.0	20.0
8.0	-52.0	23.0
65.0	-15.0	8.0
30.0	-2.0	-7.0
65.0	-30.0	25.0
63.0	5.0	0.0
60.0	-5.0	-17.0
-47.0	-17.0	40.0
30.0	8.0	10.0
60.0	8.0	-7.0
3.0	-17.0	40.0
38.0	5.0	8.0
68.0	-47.0	-10.0
50.0	-47.0	-15.0
53.0	40.0	10.0
13.0	-35.0	35.0
10.0	-12.0	45.0
25.0	-2.0	-15.0
-60.0	-35.0	38.0
-30.0	20.0	-10.0
-12.0	-87.0	33.0
-17.0	23.0	60.0
-30.0	-12.0	10.0
-30.0	-22.0	-20.0
48.0	-55.0	5.0
-57.0	-27.0	10.0
-2.0	33.0	13.0
-17.0	-7.0	-2.0
-22.0	0.0	-12.0
-47.0	-5.0	-22.0
-52.0	-60.0	0.0
-60.0	-7.0	-7.0
-35.0	0.0	10.0
-40.0	-40.0	-15.0
-45.0	30.0	18.0
-42.0	33.0	5.0
-30.0	-10.0	-17.0
-10.0	48.0	48.0
-5.0	-35.0	45.0
-2.0	-37.0	38.0
-2.0	-55.0	20.0
-47.0	-62.0	23.0
-45.0	-70.0	35.0
-23.0	0.0	-13.0
25.0	-3.0	-15.0
-45.0	-70.0	35.0
40.0	28.0	33.0
35.0	18.0	8.0
45.0	18.0	3.0
10.0	23.0	30.0
10.0	15.0	45.0
-30.0	30.0	-10.0
-40.0	15.0	8.0
-27.0	28.0	3.0
-7.0	10.0	43.0
-10.0	23.0	33.0
-5.0	3.0	53.0
-60.0	8.0	38.0
33.0	33.0	23.0
-12.0	33.0	55.0
-32.0	28.0	-15.0
-7.0	-25.0	45.0
-22.0	0.0	-12.0
-20.0	-67.0	8.0
-15.0	-20.0	8.0
-7.0	-30.0	48.0
-7.0	-77.0	20.0
-35.0	13.0	25.0
-30.0	-70.0	48.0
-50.0	-7.0	-25.0
8.0	-37.0	-12.0
-37.0	20.0	45.0
-27.0	-97.0	5.0
8.0	-22.0	43.0
-62.0	-7.0	-5.0
-55.0	-5.0	18.0
-55.0	-32.0	25.0
18.0	-70.0	20.0
-32.0	-17.0	48.0
25.0	-5.0	-12.0
-7.0	-17.0	8.0
-15.0	-20.0	10.0
28.0	-57.0	53.0
-10.0	5.0	55.0
-2.0	15.0	48.0
-52.0	5.0	-15.0
-25.0	-5.0	55.0
-15.0	5.0	-7.0
-27.0	30.0	40.0
23.0	33.0	43.0
-10.0	-65.0	-10.0
35.0	-12.0	-17.0
38.0	53.0	5.0
43.0	-17.0	53.0
40.0	-50.0	43.0
13.0	-42.0	3.0
33.0	43.0	-10.0
31.0	-20.0	-24.0
10.0	23.0	45.0
45.0	35.0	28.0
33.0	-72.0	30.0
63.0	-55.0	8.0
58.0	-25.0	-20.0
48.0	-52.0	5.0
40.0	40.0	-12.0
40.0	-20.0	40.0
38.0	35.0	40.0
8.0	-72.0	25.0
23.0	28.0	33.0
23.0	-80.0	35.0
55.0	-47.0	15.0
13.0	-7.0	10.0
42.0	-15.0	-10.0
30.0	23.0	-21.0
34.0	-14.0	-19.0
-35.0	-7.0	-14.0
21.0	30.0	-3.0
-36.0	-19.0	1.0
-37.0	-38.0	-12.0
-13.0	7.0	-6.0
30.0	15.0	8.0

// Haier RJ, 2008: PMID 18006337-1
// Subjects=20
-24.0	-10.0	-3.0
-72.0	-35.0	-7.0
9.0	-35.0	-17.0
-57.0	12.0	-26.0
-70.0	-36.0	-17.0
-53.0	-19.0	-36.0
8.0	18.0	-1.0
-3.0	-1.0	9.0
-14.0	3.0	4.0
-45.0	24.0	-31.0
-30.0	-20.0	-39.0
19.0	8.0	-40.0
6.0	1.0	5.0
-23.0	-20.0	-7.0
-32.0	35.0	1.0
-34.0	-50.0	1.0
-38.0	-46.0	0.0
-52.0	-60.0	4.0
-39.0	-36.0	-6.0
64.0	-13.0	11.0
-53.0	-59.0	5.0
-33.0	-53.0	1.0
-30.0	-60.0	17.0
-32.0	-33.0	-10.0
-31.0	-57.0	10.0
-52.0	-68.0	14.0
-53.0	-73.0	6.0
-36.0	-66.0	26.0
10.0	1.0	10.0
-28.0	-32.0	-6.0
-13.0	-44.0	-15.0
-9.0	-1.0	8.0
-48.0	-65.0	-24.0
-35.0	-68.0	25.0
28.0	-47.0	-36.0
-31.0	-95.0	24.0
-18.0	-27.0	-31.0
40.0	-35.0	-7.0
-1.0	-44.0	-7.0
4.0	-54.0	-8.0
47.0	-68.0	-26.0
40.0	-76.0	-25.0
-10.0	-57.0	-46.0
-37.0	-38.0	-12.0
-61.0	12.0	14.0
20.0	-62.0	-49.0
-35.0	-85.0	27.0
-9.0	-18.0	-36.0
-57.0	-37.0	-27.0
-19.0	-39.0	-11.0
34.0	-2.0	-47.0
-53.0	2.0	-39.0
-25.0	-52.0	-38.0
40.0	-38.0	-1.0
30.0	32.0	-3.0
-23.0	-13.0	-3.0
-25.0	26.0	-7.0
-46.0	-8.0	-15.0
14.0	-59.0	-24.0
41.0	24.0	-35.0
23.0	-3.0	-1.0
8.0	-42.0	4.0
47.0	18.0	-36.0
1.0	-38.0	11.0
-36.0	9.0	-45.0
-37.0	2.0	-47.0
-17.0	-73.0	-26.0
-26.0	-68.0	-27.0
-15.0	3.0	-15.0
56.0	-30.0	-25.0

// Brassen S, 2009: PMID 18023505-1
// Subjects=20
-18.0	54.0	0.0
-33.0	51.0	-3.0
18.0	51.0	3.0
60.0	6.0	21.0
48.0	-60.0	-24.0
57.0	-15.0	-27.0
-57.0	-69.0	3.0
-51.0	0.0	-18.0
-57.0	-24.0	-24.0
-42.0	-69.0	30.0
54.0	-18.0	-27.0
-54.0	-30.0	0.0
-3.0	42.0	-18.0
66.0	-54.0	-3.0
21.0	45.0	36.0
48.0	-63.0	21.0
-27.0	-24.0	-12.0
27.0	-18.0	-12.0
27.0	-21.0	-18.0
9.0	-54.0	-51.0
57.0	-42.0	-18.0
21.0	45.0	27.0
-54.0	-30.0	0.0
63.0	-30.0	-3.0
66.0	-30.0	-3.0
-30.0	-12.0	-9.0
27.0	-12.0	-9.0

// Di Dio C, 2007: PMID 18030335-1
// Subjects=20
38.0	-2.0	54.0
38.0	0.0	54.0
64.0	-20.0	38.0
50.0	-78.0	-8.0
28.0	-92.0	0.0
-32.0	-96.0	-6.0
38.0	0.0	52.0
38.0	-88.0	-10.0
30.0	-92.0	-2.0
-45.0	-84.0	-6.0
0.0	10.0	52.0
45.0	40.0	8.0
48.0	35.0	14.0
50.0	10.0	12.0
-56.0	2.0	42.0
-50.0	8.0	30.0
-52.0	6.0	26.0
4.0	16.0	48.0
50.0	14.0	24.0
14.0	8.0	58.0
52.0	14.0	24.0
2.0	16.0	50.0
50.0	34.0	18.0
24.0	-32.0	-6.0
54.0	8.0	42.0
-2.0	-42.0	58.0
12.0	-52.0	46.0
-34.0	24.0	-4.0
36.0	20.0	-6.0
16.0	-66.0	-6.0
-22.0	-32.0	-6.0
32.0	-34.0	-28.0
30.0	-94.0	-8.0
-4.0	-78.0	30.0
-36.0	-12.0	58.0
8.0	-52.0	30.0
36.0	22.0	16.0
30.0	40.0	30.0
22.0	-32.0	-6.0
-52.0	-32.0	52.0
-50.0	-26.0	40.0
44.0	42.0	20.0
-38.0	-28.0	52.0
-36.0	-14.0	60.0
18.0	44.0	26.0
-40.0	-34.0	56.0
38.0	36.0	20.0

// Marques JF, 2008: PMID 18178180-1
// Subjects=20
32.0	-88.0	2.0
-28.0	-90.0	0.0
-56.0	-48.0	-2.0
0.0	8.0	60.0
-36.0	28.0	0.0
-52.0	12.0	16.0
54.0	-46.0	-14.0
30.0	-40.0	-20.0
-50.0	-64.0	-8.0
-22.0	-40.0	-2.0
22.0	-38.0	0.0
-42.0	32.0	-2.0
-30.0	-42.0	-22.0
-28.0	-68.0	36.0
-32.0	-50.0	42.0
-40.0	-38.0	36.0
36.0	-62.0	52.0
48.0	-42.0	50.0
-44.0	-2.0	26.0
-48.0	8.0	30.0
-46.0	30.0	24.0
-30.0	52.0	20.0
44.0	38.0	14.0
6.0	20.0	38.0
-4.0	10.0	30.0
2.0	16.0	42.0
-60.0	-50.0	0.0
-38.0	-50.0	22.0
26.0	-68.0	48.0
50.0	10.0	22.0
-4.0	-2.0	60.0
44.0	6.0	30.0

// Lindner M, 2008: PMID 18234521-1
// Subjects=20
3.0	60.1	-12.5
7.4	65.3	12.7
0.9	40.7	-16.4
-2.2	64.7	6.1
-11.6	55.4	38.3
-10.4	36.0	48.8
-33.3	26.6	-16.0
-12.8	63.1	27.6
21.6	41.1	42.4
-8.2	-52.8	14.9
-23.5	-25.0	-9.5
36.2	33.6	-14.0
14.1	-44.9	5.1
-46.5	-64.6	30.9
-18.2	-6.1	-14.5
12.8	-2.4	-9.6
-58.4	-31.4	33.8
-60.6	-11.4	31.0
60.3	-33.6	36.0
19.4	53.8	41.4

// Limb CJ, 2008: PMID 18301756-1
// Subjects=20
3.0	63.0	12.0
12.0	57.0	-6.0
-30.0	41.0	34.0
-27.0	53.0	-2.0
7.0	61.0	3.0
-27.0	63.0	15.0
-51.0	33.0	3.0
12.0	51.0	33.0
51.0	30.0	27.0
-52.0	8.0	17.0
-42.0	21.0	39.0
39.0	24.0	39.0
21.0	-77.0	55.0
41.0	17.0	53.0
33.0	21.0	-24.0
-12.0	48.0	36.0
-36.0	18.0	51.0
-53.0	-41.0	41.0
45.0	-42.0	51.0
-45.0	42.0	-15.0
-63.0	-27.0	-9.0
-30.0	-15.0	64.0
30.0	-6.0	63.0
-3.0	0.0	63.0
3.0	-4.0	68.0
-27.0	-15.0	54.0
27.0	-9.0	51.0
63.0	-33.0	9.0
45.0	-15.0	-18.0
57.0	-21.0	-9.0
-51.0	-15.0	-24.0
-48.0	-66.0	-21.0
48.0	-41.0	41.0
-54.0	0.0	30.0
-42.0	-45.0	45.0
33.0	39.0	-15.0
35.0	-83.0	25.0
51.0	6.0	27.0
-3.0	-51.0	24.0
-11.0	-6.0	-9.0
36.0	-75.0	18.0
24.0	-27.0	-24.0
-21.0	-94.0	29.0
21.0	-63.0	-30.0
3.0	-78.0	-39.0
33.0	0.0	12.0
6.0	-67.0	-17.0
-24.0	0.0	-18.0
28.0	-1.0	-16.0
27.0	-24.0	-18.0
-24.0	-36.0	-3.0
-36.0	-27.0	-21.0
15.0	-42.0	3.0
-18.0	-75.0	51.0
9.0	-6.0	-6.0
-30.0	3.0	-24.0
-5.0	8.0	49.0
51.0	-54.0	24.0
-27.0	-94.0	14.0
-33.0	15.0	-11.0
33.0	0.0	-39.0
-30.0	-12.0	-9.0
27.0	6.0	-9.0
-12.0	15.0	11.0
9.0	15.0	3.0
-29.0	-3.0	6.0
-36.0	-90.0	-5.0
33.0	15.0	12.0
3.0	-57.0	30.0
-33.0	4.0	13.0
-33.0	-24.0	9.0
42.0	-11.0	7.0
-51.0	-57.0	18.0
-45.0	-69.0	30.0
27.0	-15.0	6.0

// Posner J, 2009: PMID 18344175-1
// Subjects=20
2.0	45.0	9.0
-6.0	-74.0	-6.0
-40.0	3.0	-15.0
32.0	50.0	25.0
14.0	-46.0	56.0
-32.0	-22.0	-16.0
-2.0	-49.0	39.0
-33.0	51.0	1.0
-32.0	5.0	57.0
-61.0	-33.0	2.0
35.0	1.0	-20.0
5.0	40.0	9.0
-10.0	59.0	8.0
34.0	49.0	18.0

// Lewald J, 2008: PMID 18364040-1
// Subjects=20
6.0	-67.0	59.0
51.0	-18.0	0.0
66.0	-24.0	9.0
66.0	-18.0	-3.0
-36.0	27.0	36.0
54.0	-45.0	45.0
-51.0	-36.0	12.0
-48.0	-24.0	3.0
6.0	-18.0	72.0
-66.0	-18.0	6.0
-57.0	-30.0	18.0
-48.0	-21.0	0.0
-60.0	-27.0	9.0
-57.0	15.0	24.0
-51.0	-60.0	6.0
-12.0	-48.0	3.0
30.0	-84.0	-18.0
-9.0	9.0	60.0
9.0	-63.0	-12.0
48.0	-60.0	-27.0
33.0	36.0	42.0
21.0	48.0	39.0
18.0	24.0	54.0
6.0	42.0	21.0
-27.0	-39.0	-3.0
-54.0	-6.0	-18.0
3.0	-57.0	51.0
-33.0	18.0	-24.0
42.0	-3.0	3.0
12.0	-42.0	30.0
-9.0	-63.0	15.0
-45.0	24.0	-9.0
-15.0	-60.0	-3.0
-54.0	-66.0	6.0
54.0	-72.0	30.0

// Bertolino A, 2008: PMID 18374902-1
// Subjects=20
19.0	-30.0	-6.0
-34.0	-19.0	-12.0
19.0	-30.0	-6.0
-34.0	0.0	24.0
38.0	30.0	30.0
-34.0	-19.0	-12.0
26.0	26.0	30.0
34.0	22.0	24.0
34.0	22.0	24.0
-56.0	19.0	10.0
-22.0	-26.0	-15.0
-26.0	-26.0	-15.0
-26.0	-26.0	-15.0
22.0	-26.0	-15.0
34.0	22.0	24.0
34.0	31.0	30.0

// LoPresti ML, 2008: PMID 18385330-1
// Subjects=20
-46.0	26.0	-6.0
-18.0	-16.0	-20.0
-40.0	56.0	14.0
-44.0	30.0	8.0
-26.0	32.0	8.0
-40.0	2.0	32.0
0.0	20.0	48.0
54.0	6.0	46.0
-42.0	-54.0	-28.0
-18.0	-4.0	-20.0
58.0	-62.0	-10.0
50.0	-74.0	-14.0
-2.0	-82.0	-30.0
28.0	-82.0	18.0
-50.0	-50.0	52.0
34.0	-46.0	-4.0
50.0	-36.0	0.0
-32.0	-30.0	-8.0
24.0	-80.0	-14.0
2.0	30.0	44.0
-40.0	-74.0	-14.0
-6.0	-80.0	-38.0
-52.0	-46.0	4.0
40.0	30.0	-8.0
50.0	38.0	6.0
34.0	28.0	2.0
-46.0	16.0	22.0
-32.0	26.0	0.0
-40.0	-60.0	-18.0
-50.0	22.0	-6.0
-16.0	-36.0	-6.0
16.0	-36.0	-6.0
-18.0	-4.0	-16.0
20.0	2.0	-20.0
-36.0	-52.0	42.0
40.0	-52.0	48.0
0.0	-52.0	-44.0
6.0	38.0	18.0
10.0	20.0	36.0

// Kahn I, 2008: PMID 18385483-1
// Subjects=20
-24.0	-14.0	-20.0
-24.0	-18.0	-18.0
-26.0	-22.0	-14.0
-26.0	-36.0	-16.0
-26.0	-30.0	-10.0
-22.0	-34.0	-6.0
-24.0	-10.0	-22.0
-26.0	-26.0	-12.0
-26.0	-40.0	-12.0
-22.0	-38.0	0.0
-26.0	-32.0	-18.0
-26.0	-24.0	-26.0
-26.0	-20.0	-30.0
-26.0	-16.0	-34.0
-26.0	-10.0	-34.0
-44.0	-78.0	38.0
-38.0	-76.0	38.0
-54.0	-16.0	-16.0
-26.0	-28.0	-22.0
-50.0	-2.0	-32.0

// Di Martino A, 2008: PMID 18400794-1
// Subjects=20
14.0	36.0	11.0
-60.0	4.0	32.0
-46.0	-6.0	52.0
38.0	52.0	20.0
32.0	-18.0	65.0
-64.0	-24.0	23.0
-20.0	26.0	54.0
60.0	-32.0	24.0
16.0	32.0	52.0
-8.0	16.0	3.0
-4.0	-2.0	62.0
-2.0	-7.0	13.0
-14.0	5.0	-10.0
20.0	-40.0	-17.0
0.0	-59.0	20.0
-8.0	51.0	38.0
-26.0	-1.0	-17.0
-20.0	-22.0	-16.0
20.0	-26.0	-14.0
-44.0	-7.0	-13.0
-30.0	-34.0	-10.0
-42.0	47.0	1.0
52.0	-40.0	54.0
64.0	-38.0	28.0
-62.0	-50.0	40.0
22.0	-63.0	34.0
52.0	-36.0	52.0
64.0	-36.0	28.0
-62.0	-47.0	39.0
60.0	-17.0	43.0
50.0	39.0	2.0
58.0	13.0	21.0
-46.0	-73.0	13.0
50.0	40.0	4.0
-60.0	12.0	6.0
48.0	10.0	42.0
10.0	-66.0	-10.0
-28.0	-74.0	-10.0
-2.0	-78.0	6.0
-8.0	-92.0	26.0
-6.0	-92.0	4.0
12.0	-90.0	20.0
-28.0	-84.0	30.0
22.0	-66.0	34.0
60.0	-20.0	46.0
22.0	-30.0	66.0
30.0	-37.0	-8.0
-58.0	-38.0	15.0
34.0	-28.0	-17.0
10.0	-37.0	-2.0
54.0	-7.0	-16.0
-60.0	-10.0	-13.0
48.0	4.0	-34.0
18.0	-18.0	-14.0
-26.0	-20.0	-12.0
-10.0	10.0	0.0
-4.0	11.0	27.0
-6.0	-56.0	17.0
-6.0	-60.0	34.0
-10.0	7.0	-7.0
28.0	26.0	-20.0
-4.0	54.0	-11.0
-8.0	27.0	-13.0
-66.0	-37.0	31.0
-6.0	-24.0	31.0
22.0	47.0	36.0
-16.0	54.0	29.0
20.0	67.0	-8.0
66.0	-26.0	-14.0
50.0	-58.0	43.0
32.0	13.0	-12.0
2.0	43.0	-4.0
-64.0	-26.0	-14.0
54.0	-9.0	-28.0
-10.0	34.0	-19.0
20.0	43.0	38.0
30.0	62.0	-3.0
50.0	-58.0	43.0
-2.0	56.0	19.0
0.0	49.0	36.0
2.0	27.0	41.0
54.0	20.0	12.0
-34.0	14.0	53.0
46.0	32.0	20.0
16.0	56.0	19.0
-48.0	12.0	40.0
38.0	44.0	-9.0
22.0	67.0	8.0
32.0	57.0	8.0
-44.0	27.0	37.0
42.0	31.0	33.0
34.0	14.0	49.0
-34.0	56.0	-3.0
-40.0	50.0	-14.0
8.0	27.0	-15.0
6.0	7.0	-7.0
-4.0	-49.0	30.0
58.0	12.0	24.0
12.0	-87.0	23.0
-6.0	8.0	46.0
50.0	2.0	2.0
-62.0	8.0	10.0
20.0	15.0	58.0
28.0	46.0	23.0
-6.0	-14.0	-1.0
-28.0	0.0	-8.0
-30.0	-2.0	7.0
-8.0	11.0	34.0
4.0	10.0	42.0
4.0	9.0	33.0
-58.0	-36.0	24.0
-32.0	-5.0	46.0
4.0	11.0	57.0
-12.0	-21.0	1.0
-28.0	-8.0	6.0
-48.0	-50.0	4.0
-10.0	4.0	42.0
-64.0	-40.0	17.0
38.0	47.0	11.0
-56.0	8.0	1.0
18.0	12.0	-2.0
-60.0	-17.0	43.0
54.0	8.0	0.0
64.0	-17.0	14.0
-2.0	-13.0	60.0
4.0	-3.0	54.0
44.0	-10.0	37.0
-28.0	46.0	-11.0
52.0	-30.0	25.0
-34.0	42.0	22.0
-60.0	-19.0	18.0
-30.0	-15.0	50.0
-48.0	-10.0	36.0
48.0	-6.0	43.0
-52.0	-6.0	6.0
-50.0	-9.0	50.0
-28.0	6.0	3.0
10.0	0.0	44.0
-30.0	-13.0	4.0
-12.0	-73.0	-11.0
16.0	-59.0	-11.0
10.0	-23.0	1.0
-60.0	0.0	4.0
-66.0	-34.0	20.0
-46.0	-3.0	48.0
-6.0	-89.0	8.0
2.0	54.0	25.0
24.0	-82.0	32.0
-30.0	-31.0	48.0
22.0	-59.0	62.0
4.0	-42.0	61.0
-18.0	-26.0	66.0
40.0	-6.0	26.0
50.0	-14.0	38.0
6.0	-26.0	66.0
2.0	-31.0	35.0
34.0	-55.0	34.0
22.0	-36.0	63.0
22.0	10.0	7.0
-38.0	0.0	6.0
-60.0	5.0	29.0
-56.0	-27.0	40.0
-44.0	-12.0	41.0
10.0	-65.0	-5.0
-28.0	-72.0	-5.0
-14.0	-70.0	-3.0
-8.0	-88.0	28.0
-2.0	-76.0	9.0
-34.0	-74.0	31.0
6.0	-65.0	24.0
-24.0	-52.0	51.0
-4.0	-45.0	32.0
-10.0	-78.0	32.0
-22.0	-68.0	14.0
-14.0	-72.0	-1.0
42.0	-58.0	7.0
-48.0	-68.0	13.0
58.0	-4.0	-4.0
-10.0	-45.0	34.0
-6.0	16.0	40.0
-10.0	-8.0	35.0
16.0	-64.0	16.0
-8.0	-42.0	48.0
12.0	-78.0	46.0
-20.0	-80.0	39.0
-66.0	-32.0	22.0
52.0	-30.0	33.0
-2.0	4.0	37.0
-8.0	-63.0	31.0
-38.0	-64.0	51.0
-50.0	-60.0	44.0
6.0	10.0	40.0
32.0	-43.0	-3.0
-4.0	1.0	57.0
2.0	40.0	13.0
-46.0	-19.0	45.0
0.0	48.0	31.0
20.0	67.0	10.0
4.0	50.0	31.0
-16.0	28.0	48.0
-4.0	20.0	54.0
34.0	33.0	39.0
-42.0	27.0	35.0
42.0	16.0	40.0
-20.0	54.0	27.0
-2.0	53.0	5.0
-6.0	45.0	40.0
52.0	-53.0	32.0
-12.0	37.0	7.0
-14.0	-17.0	17.0
-22.0	66.0	-1.0
-14.0	3.0	13.0
30.0	62.0	-3.0
6.0	9.0	-7.0
-38.0	-42.0	-21.0
20.0	-18.0	-14.0
38.0	9.0	-7.0
22.0	29.0	43.0
6.0	48.0	-14.0
-10.0	36.0	-15.0
6.0	-16.0	39.0
-6.0	-6.0	37.0
6.0	-39.0	2.0
-24.0	-22.0	-12.0
-32.0	-59.0	-14.0
12.0	66.0	0.0
-24.0	-43.0	-11.0
-48.0	15.0	36.0
-10.0	59.0	3.0
50.0	-54.0	6.0
-44.0	12.0	3.0
26.0	6.0	5.0
28.0	-15.0	4.0
-32.0	-14.0	1.0
59.0	-2.0	28.0
54.0	-2.0	12.0
38.0	51.0	16.0
46.0	38.0	20.0
48.0	12.0	38.0
58.0	-18.0	40.0
-38.0	-23.0	12.0
54.0	0.0	30.0
-18.0	11.0	-9.0
18.0	51.0	7.0
44.0	14.0	-2.0
2.0	25.0	30.0
-6.0	35.0	7.0
-20.0	4.0	11.0
14.0	64.0	0.0
34.0	52.0	-9.0
-20.0	12.0	-4.0
8.0	42.0	-9.0
-8.0	28.0	23.0
8.0	27.0	28.0
-8.0	37.0	6.0
-2.0	22.0	14.0
-54.0	-18.0	25.0
14.0	-12.0	65.0
58.0	-36.0	13.0
-34.0	-32.0	-22.0
-28.0	2.0	-30.0
-38.0	56.0	-5.0
-2.0	42.0	-17.0
26.0	26.0	-20.0
12.0	31.0	35.0
6.0	44.0	14.0
-6.0	52.0	-18.0
-12.0	42.0	-14.0
-2.0	63.0	2.0
-20.0	37.0	29.0
-44.0	-66.0	42.0
0.0	-62.0	40.0
26.0	35.0	-12.0
0.0	-33.0	35.0
-24.0	25.0	34.0
6.0	34.0	-20.0
-14.0	14.0	7.0
-58.0	-53.0	41.0
30.0	62.0	5.0
-32.0	56.0	-3.0
14.0	30.0	48.0
-20.0	24.0	47.0
-22.0	56.0	-10.0
36.0	24.0	45.0
-46.0	14.0	40.0
-30.0	27.0	41.0
28.0	15.0	-14.0
2.0	63.0	15.0
-2.0	53.0	5.0
-22.0	52.0	20.0
22.0	-5.0	-30.0
-30.0	27.0	43.0
38.0	54.0	-13.0
10.0	-51.0	3.0
-28.0	-1.0	-15.0
-10.0	7.0	-9.0
-18.0	63.0	15.0
-10.0	29.0	-13.0
-20.0	37.0	39.0
-68.0	-28.0	-10.0
-64.0	-10.0	-13.0
54.0	-22.0	-16.0
36.0	-18.0	-16.0
48.0	-66.0	36.0
-48.0	-67.0	31.0
6.0	14.0	-2.0
46.0	-11.0	-20.0
-6.0	8.0	-4.0
44.0	-8.0	37.0
-42.0	-8.0	41.0
44.0	3.0	29.0
46.0	35.0	0.0
-52.0	28.0	6.0
14.0	-3.0	61.0
-6.0	-5.0	61.0
-12.0	-29.0	44.0
-46.0	12.0	-4.0
-48.0	-5.0	-23.0
58.0	-3.0	-23.0
18.0	43.0	38.0
4.0	-52.0	15.0
-10.0	18.0	-1.0
-10.0	-3.0	48.0

// Stoeckel LE, 2008: PMID 18413289-1
// Subjects=20
-2.0	24.0	42.0
24.0	56.0	-2.0
-34.0	52.0	-6.0
36.0	46.0	-8.0
4.0	28.0	46.0
-58.0	-38.0	20.0
40.0	-4.0	6.0
-24.0	-34.0	-4.0
-26.0	40.0	-14.0
-8.0	36.0	30.0
10.0	48.0	46.0
4.0	44.0	-2.0
-42.0	-20.0	16.0
40.0	-4.0	4.0
24.0	-30.0	-10.0
-14.0	8.0	22.0
-42.0	44.0	-10.0
44.0	28.0	-10.0
-20.0	16.0	-14.0
-12.0	30.0	24.0
4.0	30.0	50.0
4.0	42.0	-4.0
-2.0	36.0	10.0
-4.0	26.0	44.0
-18.0	8.0	16.0
8.0	34.0	14.0
-32.0	22.0	-18.0
42.0	-4.0	4.0
-16.0	-2.0	4.0
-22.0	-2.0	12.0
30.0	-8.0	-24.0
-22.0	-36.0	-4.0
-22.0	2.0	-24.0
24.0	2.0	-24.0
6.0	12.0	-10.0
4.0	-16.0	-10.0
34.0	50.0	-10.0
32.0	2.0	0.0
38.0	-12.0	-16.0
2.0	52.0	2.0
-8.0	36.0	28.0
-42.0	-8.0	-4.0
44.0	-4.0	-4.0
-10.0	0.0	-10.0
-20.0	0.0	-24.0
24.0	0.0	-24.0
18.0	14.0	2.0
-30.0	-4.0	-2.0
18.0	16.0	-4.0
-36.0	-12.0	10.0
44.0	28.0	-4.0
-6.0	26.0	44.0
-24.0	0.0	-28.0
32.0	2.0	-8.0
-20.0	0.0	-24.0
-22.0	0.0	10.0
16.0	28.0	28.0
-20.0	-36.0	2.0
-30.0	-22.0	22.0
46.0	4.0	2.0
-16.0	-8.0	-14.0
20.0	-10.0	-18.0
-20.0	16.0	14.0
16.0	16.0	14.0
-22.0	18.0	0.0
40.0	-24.0	4.0
-20.0	16.0	-14.0
-32.0	22.0	-18.0
38.0	20.0	-20.0
-2.0	26.0	44.0
8.0	28.0	40.0
-12.0	32.0	20.0
8.0	34.0	16.0
44.0	-2.0	6.0
6.0	14.0	-8.0
-20.0	-36.0	2.0
-16.0	-2.0	4.0
-8.0	18.0	-6.0
-38.0	-14.0	-8.0
-22.0	-8.0	-2.0
32.0	-8.0	-26.0
16.0	0.0	18.0
-22.0	-2.0	12.0
32.0	2.0	0.0
18.0	60.0	10.0
20.0	4.0	22.0
-24.0	-4.0	12.0
20.0	16.0	-4.0
-26.0	44.0	-12.0
32.0	42.0	-14.0
16.0	60.0	14.0
-22.0	-36.0	-4.0
-22.0	14.0	-14.0
10.0	44.0	0.0
44.0	28.0	-8.0
22.0	24.0	12.0
-24.0	-8.0	0.0
-24.0	0.0	-28.0
24.0	-30.0	-10.0
-38.0	-16.0	-8.0
-10.0	24.0	26.0
-4.0	26.0	44.0
-32.0	28.0	-12.0
6.0	14.0	-8.0

// Ryan L, 2008: PMID 18420234-1
// Subjects=20
-26.0	16.0	56.0
-23.0	-19.0	-16.0
-21.0	-19.0	-15.0
21.0	-18.0	-19.0
24.0	-24.0	-18.0
-23.0	-29.0	-8.0
-23.0	-30.0	-7.0
-20.0	-25.0	-19.0
25.0	-26.0	-10.0
-29.0	30.0	-10.0
-24.0	-35.0	-12.0
21.0	-32.0	-13.0
-18.0	-36.0	-9.0
20.0	-31.0	-13.0
24.0	-26.0	-10.0
-4.0	34.0	22.0
-25.0	-30.0	-7.0
19.0	-29.0	-13.0
-19.0	-26.0	-17.0
14.0	7.0	1.0
-16.0	-1.0	9.0
-4.0	-50.0	3.0
7.0	-47.0	3.0
-30.0	-73.0	-21.0
21.0	-80.0	-18.0
-8.0	-66.0	-2.0
7.0	-20.0	-23.0
-45.0	8.0	47.0
33.0	26.0	1.0
-5.0	-10.0	3.0
6.0	-48.0	6.0
-6.0	-22.0	-20.0
-5.0	-58.0	8.0
-10.0	-5.0	18.0
-38.0	24.0	2.0
-50.0	24.0	26.0
-2.0	24.0	42.0
-2.0	-11.0	10.0

// Buchmann A, 2008: PMID 18423780-1
// Subjects=20
6.0	-93.0	-20.0
-16.0	-91.0	-41.0
45.0	-80.0	-44.0
-7.0	65.0	-14.0
16.0	68.0	-13.0
46.0	30.0	47.0
23.0	26.0	53.0
-45.0	20.0	-31.0
-59.0	1.0	10.0
-60.0	-23.0	33.0
56.0	-52.0	22.0
45.0	-77.0	31.0
-42.0	17.0	31.0
-10.0	10.0	-4.0
10.0	1.0	0.0
-33.0	-80.0	-14.0
-14.0	-66.0	-7.0
10.0	-92.0	18.0
-18.0	-28.0	55.0
-29.0	-75.0	-52.0
32.0	-66.0	-42.0
20.0	48.0	19.0
-52.0	50.0	10.0
10.0	-22.0	60.0
7.0	26.0	52.0
-57.0	-76.0	-7.0
45.0	-50.0	54.0
-27.0	-76.0	-50.0
13.0	-22.0	59.0
23.0	46.0	18.0
9.0	-30.0	40.0
-23.0	56.0	21.0
58.0	-30.0	2.0
-23.0	-63.0	-6.0
-21.0	50.0	-19.0
28.0	34.0	52.0
-58.0	-6.0	-24.0
34.0	-10.0	-2.0
28.0	22.0	44.0
22.0	40.0	50.0
50.0	40.0	0.0
-10.0	-54.0	36.0
-56.0	-46.0	50.0
48.0	-70.0	24.0
-48.0	-72.0	38.0
24.0	-18.0	-22.0
-62.0	-48.0	16.0
62.0	-56.0	-6.0
-60.0	-10.0	-20.0
54.0	-8.0	-30.0
-22.0	-6.0	-32.0
-28.0	42.0	32.0
-38.0	24.0	26.0
44.0	26.0	-8.0
40.0	6.0	24.0
-40.0	36.0	6.0
32.0	26.0	-4.0
30.0	24.0	46.0
-44.0	-80.0	32.0
48.0	-70.0	24.0
-62.0	-42.0	30.0
24.0	-20.0	-24.0
-28.0	-18.0	-30.0
58.0	-26.0	14.0
-60.0	-50.0	16.0
60.0	-42.0	48.0
-22.0	28.0	44.0
30.0	-34.0	-28.0
66.0	-34.0	4.0
-34.0	42.0	14.0
-20.0	-14.0	-30.0
-64.0	-46.0	4.0
-52.0	-2.0	-24.0
-50.0	-50.0	0.0
60.0	-10.0	-10.0
-28.0	10.0	12.0
-22.0	-22.0	-18.0
-22.0	-14.0	-30.0
-26.0	-72.0	32.0
-10.0	-44.0	58.0
18.0	-68.0	34.0
10.0	-58.0	14.0
50.0	16.0	16.0
28.0	6.0	-10.0
-28.0	-74.0	32.0
-56.0	-54.0	-4.0
10.0	-12.0	6.0
28.0	8.0	-8.0
-36.0	44.0	12.0
-58.0	14.0	20.0
48.0	20.0	14.0
-6.0	-22.0	32.0
-34.0	-26.0	-14.0
-62.0	-44.0	6.0
-52.0	2.0	-24.0
-58.0	14.0	22.0
-28.0	-84.0	28.0
36.0	-72.0	26.0
20.0	-68.0	32.0
-22.0	-22.0	-16.0
32.0	10.0	-8.0
-38.0	42.0	22.0
-48.0	-76.0	24.0
-8.0	88.0	42.0
-50.0	-44.0	16.0
-12.0	-46.0	4.0
-26.0	-98.0	6.0
-28.0	-88.0	2.0
46.0	-50.0	0.0
18.0	-90.0	0.0
34.0	34.0	22.0
50.0	-54.0	-22.0
44.0	-68.0	-8.0
-12.0	24.0	12.0
-42.0	10.0	22.0
58.0	-24.0	10.0
10.0	-16.0	46.0
-26.0	-92.0	-16.0
52.0	-48.0	14.0
-18.0	36.0	28.0
-40.0	40.0	-6.0
-22.0	34.0	-4.0
-38.0	-28.0	52.0
-60.0	-22.0	38.0
10.0	-74.0	54.0
-34.0	10.0	-10.0
54.0	16.0	-14.0
18.0	16.0	-2.0
-20.0	-22.0	-16.0
-26.0	-2.0	32.0
48.0	12.0	34.0
38.0	40.0	-8.0
34.0	-88.0	-10.0
-56.0	20.0	28.0
36.0	52.0	22.0
-34.0	24.0	0.0

// Figueiredo P, 2008: PMID 18445024-1
// Subjects=20
-24.0	-32.0	-8.0
-24.0	-30.0	-8.0
-28.0	-18.0	-18.0
-28.0	-22.0	-18.0
-24.0	-4.0	-28.0
-36.0	-16.0	-30.0
-28.0	-38.0	-10.0
-18.0	-30.0	-10.0
-28.0	-20.0	-16.0

// Gaab N, 2008: PMID 18454447-1
// Subjects=20
-12.0	60.0	16.0
34.0	-42.0	0.0
-42.0	-74.0	22.0
-48.0	-64.0	16.0
44.0	-60.0	18.0
50.0	-72.0	30.0
36.0	-80.0	20.0
18.0	-60.0	24.0
12.0	-48.0	18.0
-22.0	18.0	46.0
-32.0	30.0	48.0
-22.0	26.0	40.0
16.0	-56.0	58.0
-14.0	-50.0	30.0
2.0	48.0	-8.0
10.0	54.0	0.0
-2.0	40.0	-6.0
-8.0	56.0	34.0
-18.0	42.0	34.0
-20.0	38.0	42.0
-24.0	-84.0	40.0
12.0	-60.0	64.0
28.0	14.0	44.0
-10.0	-50.0	22.0
-30.0	-38.0	-2.0
-24.0	-82.0	30.0
10.0	-30.0	52.0
-40.0	-84.0	30.0
46.0	-74.0	32.0
-24.0	-38.0	-4.0
-20.0	28.0	54.0
-28.0	30.0	48.0
28.0	28.0	44.0
-42.0	-70.0	32.0
28.0	14.0	44.0
-12.0	-56.0	22.0
14.0	-28.0	40.0
32.0	-80.0	44.0
-14.0	58.0	28.0
-20.0	-52.0	14.0
20.0	-58.0	22.0
-4.0	40.0	34.0
-20.0	-42.0	4.0
-26.0	-38.0	-4.0
-20.0	-48.0	2.0
-14.0	40.0	-4.0
-8.0	50.0	2.0
18.0	-54.0	60.0
8.0	-52.0	56.0
26.0	22.0	44.0
40.0	-82.0	22.0
26.0	-36.0	-6.0
-48.0	-72.0	30.0
32.0	-84.0	34.0
42.0	-58.0	4.0
-4.0	-38.0	46.0
-46.0	-10.0	4.0
46.0	-58.0	8.0
38.0	-78.0	32.0
-28.0	-82.0	22.0
-52.0	-72.0	30.0
16.0	-50.0	26.0
12.0	-50.0	16.0
-28.0	-44.0	0.0
-36.0	-42.0	-6.0
-10.0	-44.0	40.0
-8.0	48.0	-6.0
-24.0	22.0	44.0
6.0	50.0	-4.0
42.0	-12.0	10.0
6.0	-50.0	66.0
-28.0	26.0	50.0
-48.0	-66.0	16.0
36.0	-4.0	16.0
-10.0	42.0	44.0
20.0	60.0	32.0
-8.0	-48.0	36.0
-22.0	-52.0	24.0
-40.0	-18.0	6.0
44.0	-18.0	16.0
-38.0	-62.0	16.0
34.0	-76.0	40.0
-14.0	-70.0	36.0
-8.0	-72.0	44.0
46.0	-74.0	32.0
30.0	-28.0	42.0
44.0	-58.0	4.0
16.0	-68.0	36.0
18.0	-64.0	44.0
12.0	42.0	-4.0
20.0	40.0	-6.0
22.0	-8.0	46.0
8.0	-72.0	36.0
-16.0	-94.0	18.0
44.0	-56.0	12.0
-14.0	-90.0	28.0
-34.0	-66.0	32.0
-28.0	-26.0	44.0
-36.0	-30.0	38.0
-40.0	-82.0	32.0
-24.0	-38.0	-4.0
0.0	58.0	28.0
-12.0	-38.0	54.0
38.0	-66.0	0.0

// Yarkoni T, 2008: PMID 18499478-1
// Subjects=20
38.6	-60.3	-18.4
-49.9	-75.2	3.9
-31.9	-76.6	-16.2
28.5	-55.4	60.5
-45.8	-52.2	-2.5
27.1	-101.6	-0.3
28.5	-56.5	59.5
52.2	35.1	-11.0
-56.3	-57.6	11.4
12.8	43.7	7.7
55.1	-61.4	49.5
32.3	-13.1	14.5
33.6	-94.8	18.0
1.0	49.6	2.9
-39.2	8.2	35.8
53.7	-71.7	-2.0
47.5	1.9	56.6
28.5	-55.4	60.5
1.4	-46.7	23.3
-25.5	-34.1	-4.3
-20.2	-1.1	9.6
-41.6	14.2	16.4
-54.1	-9.7	39.7
34.8	-19.8	65.2
32.3	-82.3	-13.1
26.0	-99.4	0.6
-44.7	-56.5	-3.3
-0.4	-26.1	70.6
-17.8	-101.0	-2.1
-31.9	-76.6	-16.2
53.7	-71.7	-0.9
-21.0	-103.3	-4.1
65.5	-3.3	28.9
-49.9	-75.2	3.9
-43.7	15.1	15.2
-23.0	-81.6	28.7
-51.3	28.9	0.8
-54.2	-55.5	11.2
25.7	-84.1	-35.2
37.8	-98.3	0.4
1.3	31.7	32.3
52.1	12.0	-33.6
-28.2	-56.9	59.0
-40.1	-0.6	58.9
17.0	11.6	-8.6
-51.0	-70.0	2.4
-46.2	13.1	-38.1
24.1	-13.3	68.1
7.0	-28.6	65.2
5.8	2.6	55.9
10.4	-74.6	61.2
45.4	-13.6	49.0
-51.4	23.5	-13.3
39.9	-97.3	-0.8
21.5	-33.8	-3.7
4.6	-85.3	5.3
-25.6	-55.6	-20.3
-46.7	-72.6	9.3
-10.1	-72.8	45.6
-20.2	-35.3	-6.4
-21.8	-33.0	65.9
-7.0	-6.9	57.9
-9.0	-18.7	70.1
-8.2	7.1	45.6
-64.7	-32.0	40.6
-19.2	-85.7	-39.0
-10.5	49.5	44.3
35.9	-65.6	51.2
-43.2	-56.4	53.6
-28.6	-30.5	15.5
-37.0	-69.0	14.4
26.0	-101.5	0.8
-8.9	-26.1	70.7
-41.6	15.2	16.3
-46.9	-56.8	-6.6
-16.8	-103.3	-4.1
9.2	-22.8	70.2
-38.5	54.0	8.6
-52.0	-9.8	37.5
-54.1	-48.3	21.8
47.4	4.5	48.5
8.1	-23.9	70.3
57.9	-55.4	2.1
-35.7	-60.5	54.9
-8.9	-26.1	70.7
-17.2	9.2	-9.1
-13.3	-73.8	45.8
-44.5	5.2	51.8
-9.2	-99.5	2.2
56.8	-40.4	4.2
55.5	31.6	-0.7
4.7	5.8	55.6
6.5	59.7	23.2
53.3	28.6	-11.5
46.6	-50.5	53.2
12.1	36.0	59.7
1.5	-33.2	33.3
2.7	-76.1	42.4
2.5	-89.7	4.5
41.7	47.6	14.9

// Johnston JM, 2008: PMID 18562616-1
// Subjects=20
-24.0	-12.0	57.0
-23.0	-66.0	46.0
-45.0	-69.0	-2.0
-3.0	39.0	-2.0
-47.0	-67.0	36.0
-5.0	-49.0	40.0
-19.5	-75.0	12.0
-21.0	-19.0	-14.0
20.0	-8.0	-17.0
-50.0	-25.0	8.0
-21.0	-25.0	-14.0
-39.0	-26.0	51.0

// Lebel A, 2008: PMID 18567621-1
// Subjects=20
22.0	-38.0	-18.0
-16.0	6.0	14.0
8.0	-14.0	66.0
2.0	50.0	-14.0
6.0	50.0	-8.0
-32.0	36.0	-12.0
-32.0	20.0	32.0
-30.0	-24.0	-32.0
16.0	-58.0	22.0
-62.0	-14.0	-10.0
46.0	-62.0	32.0
16.0	-60.0	18.0
-36.0	2.0	-38.0
56.0	0.0	-26.0
-58.0	-6.0	-18.0
-64.0	-24.0	-6.0
-4.0	-50.0	42.0
-62.0	-42.0	-4.0
-32.0	-42.0	-4.0
-34.0	-64.0	-52.0
-44.0	-56.0	38.0
-8.0	40.0	-4.0
6.0	30.0	-6.0
-8.0	-36.0	40.0
-22.0	-24.0	-20.0
-30.0	-38.0	-10.0
-50.0	-12.0	-20.0
-26.0	-16.0	-12.0
36.0	38.0	-8.0
-44.0	-56.0	38.0
-46.0	-58.0	26.0
10.0	46.0	16.0
-10.0	-8.0	-6.0
12.0	-18.0	-22.0
50.0	-72.0	-24.0
8.0	-26.0	66.0
0.0	22.0	36.0
-22.0	-56.0	-6.0
36.0	38.0	-8.0
54.0	-8.0	-42.0
-2.0	-46.0	56.0
-20.0	-4.0	64.0
50.0	-72.0	-24.0
44.0	-14.0	48.0
36.0	-24.0	56.0
-16.0	-62.0	-16.0
30.0	48.0	12.0
56.0	18.0	10.0
2.0	22.0	36.0
12.0	-4.0	64.0
46.0	-66.0	4.0
44.0	-38.0	24.0
54.0	-44.0	36.0
48.0	-18.0	14.0
46.0	-32.0	22.0
-44.0	-66.0	2.0
36.0	-24.0	10.0
-46.0	-20.0	28.0
44.0	6.0	8.0
-2.0	58.0	20.0
26.0	-24.0	60.0
10.0	46.0	16.0
-14.0	50.0	0.0
-2.0	50.0	-12.0
-20.0	36.0	40.0
-34.0	-22.0	-32.0
42.0	8.0	-36.0
-56.0	2.0	-22.0
56.0	0.0	-32.0
-58.0	-4.0	-18.0
-18.0	-50.0	10.0
-64.0	-10.0	2.0
52.0	-18.0	-20.0
-22.0	-56.0	-8.0
64.0	-58.0	6.0
54.0	-6.0	48.0
42.0	-10.0	50.0
8.0	-24.0	54.0
-46.0	-58.0	26.0
-62.0	-28.0	-4.0
-18.0	-42.0	-28.0
-8.0	-60.0	-12.0
50.0	-8.0	-10.0
22.0	6.0	20.0
26.0	-60.0	2.0
22.0	-28.0	-14.0
-24.0	-28.0	-14.0
34.0	-36.0	-10.0
24.0	-22.0	-12.0
-28.0	24.0	-2.0
-36.0	-30.0	-10.0
-30.0	-46.0	-28.0
10.0	-46.0	-6.0
-32.0	56.0	20.0
30.0	54.0	20.0
-26.0	46.0	18.0
46.0	24.0	30.0
-46.0	16.0	4.0
14.0	-42.0	-20.0
-36.0	18.0	-10.0
46.0	-58.0	18.0
28.0	-2.0	62.0
18.0	-50.0	14.0
26.0	-4.0	66.0
24.0	-16.0	58.0
-28.0	-20.0	58.0
58.0	-40.0	24.0
14.0	-40.0	70.0
-52.0	-40.0	36.0
42.0	-42.0	44.0
-46.0	-40.0	8.0
-14.0	-54.0	50.0
58.0	-4.0	16.0
26.0	-64.0	26.0
52.0	-22.0	4.0
-52.0	-26.0	4.0
50.0	-32.0	10.0
-50.0	-32.0	8.0
-34.0	-22.0	20.0
-10.0	26.0	28.0
-2.0	-58.0	26.0
36.0	-18.0	14.0
8.0	-28.0	-10.0
30.0	-48.0	-30.0
14.0	-38.0	-40.0
8.0	-38.0	-30.0
-16.0	-40.0	-40.0
26.0	-36.0	-34.0
20.0	-38.0	-26.0
-58.0	-36.0	22.0
-2.0	-64.0	-10.0
14.0	-48.0	-48.0
-4.0	-62.0	-20.0
28.0	-56.0	-48.0
40.0	-56.0	-26.0
-34.0	-56.0	-26.0
-30.0	-56.0	-28.0
-36.0	-60.0	-50.0
-32.0	-60.0	-20.0
-6.0	-52.0	-6.0
-36.0	4.0	-20.0
-6.0	-70.0	-40.0
-34.0	-56.0	-12.0
12.0	-34.0	-28.0
-12.0	-72.0	-28.0
-34.0	-72.0	-52.0
22.0	-74.0	-48.0
-32.0	54.0	2.0
-10.0	42.0	18.0
2.0	40.0	46.0
-22.0	28.0	-12.0
28.0	26.0	-16.0
-46.0	24.0	-6.0
38.0	24.0	30.0
56.0	22.0	0.0
-46.0	22.0	20.0
-62.0	-16.0	20.0
-38.0	-30.0	18.0
-42.0	22.0	-22.0
-50.0	18.0	-16.0
-30.0	-62.0	-50.0
-66.0	-46.0	8.0
60.0	-62.0	-2.0
-10.0	-28.0	-2.0
-2.0	-58.0	-16.0
-10.0	56.0	-10.0
2.0	54.0	4.0
-10.0	52.0	-8.0
12.0	-46.0	-6.0
50.0	-10.0	40.0
42.0	-14.0	48.0
-48.0	12.0	22.0
32.0	-22.0	56.0
22.0	-42.0	70.0
4.0	38.0	-2.0
-6.0	38.0	0.0
22.0	-22.0	-16.0
32.0	-26.0	-14.0
14.0	-54.0	-56.0
-16.0	-54.0	-52.0
20.0	-26.0	58.0
18.0	-62.0	-54.0
-16.0	-66.0	-50.0
-34.0	38.0	0.0
14.0	-66.0	-50.0
-4.0	-66.0	-40.0
-14.0	-66.0	-14.0
-44.0	44.0	10.0
44.0	-32.0	22.0
44.0	-54.0	36.0
30.0	54.0	22.0
14.0	52.0	40.0
10.0	30.0	60.0
24.0	14.0	66.0
-12.0	-40.0	46.0
-2.0	40.0	56.0
-26.0	-68.0	-16.0
42.0	-60.0	14.0
34.0	-22.0	22.0
10.0	-12.0	-10.0
50.0	-62.0	-28.0
8.0	-54.0	-6.0
52.0	-56.0	38.0
-52.0	28.0	2.0
42.0	-16.0	36.0
-18.0	-8.0	-26.0
-50.0	-8.0	26.0
-50.0	-12.0	38.0
22.0	-72.0	-58.0
-34.0	-44.0	-24.0
-54.0	-18.0	-6.0
-58.0	-26.0	8.0
14.0	52.0	18.0
4.0	52.0	42.0
36.0	28.0	48.0
22.0	20.0	64.0
-62.0	-6.0	34.0
28.0	20.0	60.0
-14.0	12.0	70.0
42.0	8.0	56.0
-60.0	-24.0	46.0
-64.0	-42.0	6.0
24.0	-64.0	40.0
58.0	-44.0	46.0
-40.0	50.0	14.0
56.0	8.0	32.0
32.0	46.0	40.0
-40.0	44.0	20.0
-28.0	42.0	14.0
52.0	42.0	4.0
34.0	18.0	36.0
56.0	18.0	12.0
24.0	10.0	58.0
-16.0	8.0	68.0
22.0	52.0	40.0
48.0	4.0	30.0
38.0	0.0	42.0
58.0	-4.0	24.0
36.0	-44.0	42.0
44.0	-44.0	46.0
56.0	-50.0	34.0
56.0	-54.0	46.0
26.0	26.0	-18.0
0.0	-74.0	-22.0
-18.0	-8.0	-12.0
66.0	-14.0	22.0
22.0	-32.0	-8.0
18.0	-62.0	42.0
30.0	28.0	8.0
50.0	-66.0	-40.0
-50.0	24.0	-10.0
-46.0	22.0	16.0
-34.0	18.0	34.0
-52.0	-70.0	24.0
-42.0	-22.0	16.0
-16.0	-70.0	28.0
-12.0	-70.0	10.0
-36.0	14.0	-20.0
-50.0	12.0	-10.0
-14.0	-48.0	-4.0
-60.0	-50.0	12.0
8.0	-54.0	0.0
-18.0	-54.0	-12.0
40.0	-58.0	42.0
8.0	-64.0	4.0
-30.0	-48.0	-30.0
26.0	-70.0	0.0
-26.0	-12.0	68.0
46.0	8.0	22.0
36.0	-60.0	36.0
-2.0	40.0	54.0
6.0	38.0	56.0
54.0	-34.0	-8.0
-14.0	-18.0	68.0
-18.0	-24.0	64.0
-62.0	0.0	16.0
-56.0	-4.0	18.0
58.0	-6.0	20.0
-46.0	-10.0	38.0
20.0	-42.0	60.0
26.0	-50.0	4.0
-40.0	-4.0	-44.0
50.0	-54.0	-10.0
46.0	-58.0	-4.0
6.0	-38.0	60.0
32.0	54.0	16.0
30.0	54.0	20.0
26.0	-28.0	70.0
58.0	16.0	10.0
46.0	-58.0	28.0
18.0	-60.0	22.0
26.0	48.0	32.0
46.0	46.0	16.0
-42.0	40.0	24.0
-4.0	26.0	38.0
8.0	16.0	56.0
10.0	12.0	68.0
56.0	-40.0	42.0
6.0	10.0	58.0
-10.0	10.0	54.0
52.0	10.0	46.0
22.0	10.0	58.0
50.0	4.0	32.0
-14.0	-2.0	72.0
40.0	20.0	-10.0
-38.0	-44.0	52.0
52.0	4.0	-12.0
-54.0	-34.0	-6.0
-8.0	-10.0	-8.0
-6.0	34.0	20.0
34.0	22.0	10.0
-22.0	20.0	46.0
16.0	-46.0	62.0
16.0	-48.0	48.0
20.0	-52.0	58.0
-42.0	-62.0	30.0
-12.0	-66.0	8.0
30.0	-42.0	-18.0
2.0	-40.0	18.0
-22.0	-30.0	2.0
-4.0	-2.0	-6.0
6.0	-46.0	-32.0
-16.0	-52.0	-54.0
18.0	-54.0	-56.0
2.0	-56.0	-22.0
-48.0	-50.0	22.0
4.0	-74.0	-28.0

// Hooker CI, 2008: PMID 18573512-1
// Subjects=20
50.0	32.0	16.0
-52.0	32.0	4.0
-56.0	18.0	26.0
38.0	-84.0	-20.0
-26.0	-76.0	46.0
66.0	-52.0	2.0
44.0	-60.0	-18.0
30.0	2.0	-16.0
44.0	-46.0	-26.0
26.0	-20.0	-20.0
-26.0	-24.0	-20.0
24.0	-2.0	62.0
-30.0	-38.0	64.0
42.0	-20.0	-18.0
-54.0	-26.0	44.0
-62.0	-54.0	4.0
28.0	8.0	-24.0
-44.0	-6.0	-18.0
-8.0	-50.0	22.0
-22.0	-86.0	30.0
38.0	-52.0	60.0
44.0	-70.0	28.0
-36.0	-76.0	42.0
26.0	62.0	-6.0
52.0	50.0	10.0
20.0	-6.0	-16.0
-46.0	-68.0	6.0
-36.0	50.0	32.0
18.0	-4.0	8.0
-14.0	0.0	-8.0
-40.0	34.0	36.0
16.0	-78.0	40.0
8.0	-44.0	44.0
6.0	20.0	40.0
6.0	18.0	50.0
44.0	-44.0	58.0
60.0	-46.0	30.0
-52.0	0.0	28.0
46.0	-50.0	34.0
-10.0	-44.0	4.0
52.0	-30.0	4.0
-52.0	-42.0	-20.0
58.0	-42.0	-22.0
-8.0	20.0	68.0
-12.0	12.0	44.0
-40.0	-76.0	12.0
26.0	32.0	42.0
36.0	-10.0	12.0
-16.0	-22.0	4.0
-34.0	-30.0	12.0
26.0	-54.0	42.0
22.0	-20.0	-2.0
-36.0	6.0	58.0
-52.0	-62.0	2.0
-26.0	-10.0	-20.0
-54.0	-34.0	4.0
-36.0	-50.0	36.0
36.0	-50.0	48.0
-46.0	-36.0	12.0
-10.0	66.0	-4.0
-56.0	-62.0	0.0
30.0	34.0	-22.0
-20.0	60.0	-8.0
36.0	44.0	4.0
8.0	32.0	48.0
38.0	-86.0	20.0
26.0	26.0	-14.0
12.0	-54.0	40.0
2.0	-44.0	-10.0
46.0	-56.0	16.0
10.0	56.0	-8.0
58.0	-16.0	-6.0
-36.0	-46.0	-44.0
28.0	-22.0	-14.0
-36.0	-80.0	-28.0
-12.0	-64.0	28.0
32.0	-18.0	-20.0
-44.0	2.0	-10.0
-22.0	2.0	-16.0
-20.0	-82.0	22.0
-28.0	24.0	46.0
44.0	-18.0	18.0
-32.0	-26.0	20.0
8.0	-22.0	52.0
32.0	-26.0	52.0
-46.0	-12.0	22.0
6.0	-40.0	58.0
48.0	-10.0	-10.0
-44.0	-54.0	-2.0
-18.0	-36.0	-16.0
-10.0	-56.0	22.0
-18.0	-14.0	-22.0
24.0	-12.0	-14.0
-16.0	-40.0	64.0
54.0	-22.0	-6.0
-10.0	-30.0	70.0
-40.0	-64.0	24.0
-40.0	-18.0	-6.0
2.0	-42.0	34.0
6.0	-10.0	-10.0
2.0	66.0	2.0
16.0	-16.0	36.0
40.0	-70.0	14.0
46.0	-44.0	-32.0
-14.0	-30.0	-12.0
-14.0	14.0	8.0
18.0	-28.0	-6.0
36.0	-40.0	-38.0
22.0	-6.0	-10.0
26.0	0.0	-20.0
14.0	28.0	62.0
56.0	-6.0	42.0
60.0	-34.0	-4.0
60.0	-46.0	-2.0
-54.0	4.0	-18.0
28.0	16.0	-36.0
-14.0	-92.0	-4.0
-48.0	-48.0	-40.0
60.0	-38.0	18.0
32.0	-36.0	60.0
-56.0	4.0	4.0
28.0	12.0	-14.0
-20.0	28.0	-14.0
-32.0	40.0	22.0
14.0	-16.0	48.0
-14.0	-2.0	46.0
-20.0	-76.0	26.0
28.0	0.0	-10.0
-30.0	-26.0	18.0
-52.0	-28.0	24.0
-46.0	-14.0	-10.0
-60.0	-34.0	20.0
44.0	-66.0	-4.0
-44.0	-66.0	-8.0
-28.0	-44.0	62.0
36.0	-20.0	4.0
0.0	58.0	-8.0
-40.0	8.0	14.0
16.0	-66.0	10.0
34.0	-6.0	42.0
26.0	-86.0	20.0
12.0	-48.0	66.0
-22.0	-72.0	-14.0
-12.0	-52.0	4.0
-12.0	-2.0	2.0
18.0	-4.0	64.0
-34.0	-40.0	-34.0
-26.0	30.0	56.0
-46.0	-64.0	24.0
-26.0	-72.0	52.0
-6.0	-46.0	38.0
10.0	-58.0	46.0
-40.0	-72.0	16.0
-56.0	-56.0	0.0
-48.0	-38.0	-20.0
-30.0	-22.0	-20.0
20.0	32.0	32.0
28.0	16.0	48.0

// Denson TF, 2009: PMID 18578600-1
// Subjects=20
-38.4	6.4	12.6
40.7	-0.1	3.3
-6.2	27.2	30.5
6.4	36.3	9.5
9.8	29.5	31.3
-2.3	35.4	-15.9
-6.0	-43.4	25.3
-4.5	34.0	-19.1
7.4	52.0	6.0
6.4	50.4	12.8
36.2	51.7	-1.0
-33.2	51.4	2.0
-30.9	-32.1	-4.4
-0.7	-18.7	28.7
8.8	20.1	33.2
5.2	32.3	-14.6
-12.7	-9.2	0.2
33.2	-31.7	-5.1
-6.2	20.0	33.4
6.8	-52.0	23.6
-4.9	-58.3	25.4
-8.6	41.3	7.1
41.8	-1.2	3.4
-39.5	-1.6	4.3
7.9	-12.4	40.4
7.9	-52.7	28.1
-5.0	-11.7	36.0
-8.4	52.6	28.4
4.2	39.0	2.7
8.6	54.6	25.8
-8.0	-52.0	38.3
39.5	50.3	8.0
-38.5	50.9	9.9
-52.3	26.5	11.0
-12.6	-20.2	10.0
10.7	46.9	8.6
-8.6	55.6	12.6

// Wu CW, 2008: PMID 18632288-1
// Subjects=20
4.4	47.3	27.6
3.6	-57.5	20.8
4.7	-53.9	27.2
4.7	-83.8	11.8
-45.4	-23.1	57.5
39.0	-23.6	57.7
5.8	-81.4	15.0
4.7	-89.9	15.7
12.2	-73.5	19.8
31.1	-27.6	-7.7
22.4	-8.0	-14.8
-1.1	48.8	6.4
-25.7	-7.3	-15.4
33.2	-24.8	-12.4
-1.5	-24.5	63.8
-33.1	-27.0	-8.1
-1.1	48.8	6.4
25.6	-5.3	-20.6
40.1	-23.7	56.6

// Park JY, 2010: PMID 18691703-1
// Subjects=20
48.0	14.0	-34.0
-50.0	40.0	6.0
28.0	-6.0	-18.0
-48.0	-65.0	25.0
-32.0	-30.0	-10.0
-14.0	-50.0	-8.0
36.0	-64.0	-4.0
14.0	-52.0	-18.0
42.0	-76.0	18.0
-40.0	18.0	-22.0
-30.0	-36.0	-14.0
-6.0	-44.0	-2.0
-14.0	-52.0	10.0
-32.0	4.0	-8.0
-54.0	28.0	30.0
-62.0	-40.0	36.0
64.0	-28.0	22.0
60.0	-20.0	36.0
-18.0	-84.0	34.0
6.0	24.0	22.0
2.0	16.0	22.0
38.0	20.0	-8.0
34.0	30.0	-16.0
4.0	34.0	16.0
60.0	-20.0	36.0
26.0	-14.0	60.0
44.0	20.0	-14.0

// Hanggi J, 2008: PMID 18692578-1
// Subjects=20
39.0	-30.0	17.0
-19.0	-41.0	-29.0
20.0	-43.0	-32.0
5.0	8.0	37.0
25.0	-74.0	23.0
37.0	-24.0	13.0
-41.0	-28.0	8.0
35.0	-30.0	19.0
7.0	36.0	-5.0
-32.0	-38.0	-17.0
-29.0	-84.0	9.0
-19.0	-79.0	26.0
29.0	-8.0	59.0
-13.0	-16.0	-23.0
23.0	-97.0	1.0
-28.0	-91.0	-8.0
50.0	-63.0	-3.0
37.0	-68.0	15.0
39.0	-66.0	-7.0
-12.0	-24.0	7.0
-40.0	-41.0	38.0
39.0	-77.0	6.0
-27.0	50.0	1.0
39.0	-69.0	16.0
-30.0	-35.0	54.0
41.0	-7.0	36.0
6.0	22.0	5.0
-2.0	-17.0	-32.0
-25.0	-26.0	23.0
22.0	-19.0	23.0
-24.0	-20.0	61.0
33.0	-24.0	57.0
-43.0	-8.0	40.0
27.0	-46.0	50.0
-43.0	-23.0	39.0
-28.0	-26.0	60.0
20.0	3.0	59.0
27.0	-25.0	61.0
-22.0	-47.0	57.0
23.0	2.0	55.0
-58.0	-5.0	2.0
-40.0	-4.0	16.0
-42.0	-32.0	13.0
41.0	-17.0	7.0
-25.0	-83.0	32.0
-35.0	5.0	41.0
66.0	-44.0	9.0
20.0	1.0	63.0
20.0	1.0	52.0
31.0	-41.0	42.0
27.0	-78.0	28.0
-17.0	-29.0	59.0
19.0	-63.0	51.0
-23.0	-72.0	25.0
6.0	-88.0	6.0
11.0	-10.0	-23.0
-32.0	-34.0	-10.0
-24.0	21.0	54.0
-37.0	-72.0	15.0
-20.0	-97.0	10.0
51.0	-78.0	-7.0
26.0	-91.0	-7.0
-19.0	-65.0	-49.0
-1.0	-15.0	14.0
-10.0	26.0	-14.0
24.0	-53.0	36.0
-19.0	-61.0	37.0
-34.0	-55.0	7.0
9.0	20.0	-7.0
-25.0	-24.0	4.0
45.0	-34.0	-21.0
-63.0	-39.0	-9.0
16.0	-28.0	11.0
-2.0	-4.0	-3.0
-2.0	-65.0	-34.0
-19.0	-34.0	9.0
22.0	-12.0	-6.0
-13.0	-28.0	39.0
-45.0	-5.0	38.0
-36.0	-32.0	17.0
65.0	-4.0	-6.0
-25.0	-36.0	62.0
26.0	-18.0	60.0
-39.0	23.0	17.0
27.0	45.0	22.0
58.0	-32.0	17.0
-52.0	-30.0	1.0
-48.0	-30.0	26.0
4.0	-30.0	67.0
-54.0	-12.0	27.0
-18.0	2.0	58.0
-24.0	-43.0	43.0
52.0	-9.0	-2.0
35.0	-34.0	-12.0
-51.0	-31.0	41.0
-43.0	-20.0	11.0
-19.0	6.0	66.0
-15.0	-9.0	64.0
-23.0	-28.0	68.0
-32.0	-50.0	59.0
70.0	-41.0	1.0
40.0	-31.0	9.0
70.0	-34.0	15.0
15.0	-52.0	68.0

// Shrager Y, 2008: PMID 18760691-1
// Subjects=20
-44.5	-53.6	21.0
62.3	-42.7	14.4
40.8	36.9	28.1
32.0	65.1	7.9
0.6	-57.6	47.6
-48.5	-55.5	52.4
46.9	54.5	6.4
55.6	13.5	-1.4
47.6	-43.8	57.0
19.2	69.8	14.4
-25.6	-21.9	-10.9
-32.2	-10.8	-31.8
-34.5	6.8	-37.7
39.1	-36.8	65.5
28.8	-11.5	-19.0
-49.2	-20.1	-13.0
-59.3	-43.5	42.6
43.3	-11.6	61.1

// Marschner A, 2008: PMID 18768697-1
// Subjects=20
30.0	28.0	-8.0
-54.0	2.0	2.0
6.0	30.0	38.0
-32.0	20.0	-10.0
-52.0	-54.0	48.0
46.0	26.0	0.0
-30.0	24.0	-6.0
-48.0	-26.0	18.0
-10.0	-2.0	-4.0
-8.0	16.0	38.0
14.0	2.0	-4.0
-54.0	-48.0	38.0
44.0	20.0	-8.0
-4.0	22.0	44.0
-4.0	-26.0	4.0
46.0	-24.0	24.0
4.0	-14.0	0.0
6.0	14.0	30.0
22.0	-6.0	-26.0
-4.0	-20.0	-2.0
-8.0	-4.0	2.0
-34.0	-24.0	-14.0
28.0	0.0	-32.0
-48.0	-10.0	10.0
42.0	6.0	6.0
30.0	20.0	-16.0
-40.0	-10.0	-12.0

// Zhang HY, 2009: PMID 18786570-1
// Subjects=20
-58.0	-16.0	-27.0
6.0	55.0	47.0
-27.0	-99.0	-14.0
35.0	-95.0	-14.0
24.0	-30.0	66.0
38.0	-21.0	33.0
54.0	-38.0	-25.0
-21.0	-27.0	-9.0
48.0	-12.0	66.0
-45.0	33.0	48.0
-13.0	54.0	23.0
-33.0	-9.0	-36.0
-45.0	24.0	18.0
-51.0	3.0	15.0
57.0	42.0	24.0
12.0	57.0	-15.0
-22.0	-70.0	60.0
15.0	-18.0	15.0

// Nummenmaa L, 2008: PMID 18790065-1
// Subjects=20
38.0	-20.0	-18.0
14.0	6.0	22.0
30.0	-2.0	22.0
6.0	-32.0	0.0
36.0	46.0	4.0
36.0	-56.0	6.0
-14.0	-22.0	-12.0
-32.0	-44.0	72.0
10.0	-26.0	-10.0
20.0	-20.0	-12.0
68.0	-30.0	28.0
-46.0	-58.0	-22.0
-40.0	-6.0	-8.0
-32.0	-22.0	-12.0
-50.0	-30.0	26.0
-16.0	8.0	22.0
2.0	-24.0	0.0
-32.0	-42.0	-12.0
2.0	-94.0	18.0
30.0	30.0	56.0
30.0	-10.0	18.0
6.0	-24.0	62.0
34.0	-42.0	-26.0
-34.0	-20.0	18.0
-36.0	-42.0	32.0
-34.0	-36.0	48.0
-34.0	-80.0	-4.0
40.0	-32.0	32.0
-8.0	-90.0	40.0

// Vincent JL, 2008: PMID 18799601-1
// Subjects=20
27.0	-8.0	50.0
24.0	-19.0	-21.0
-21.0	-25.0	-14.0
34.0	52.0	10.0
-45.0	-69.0	-2.0
50.0	-69.0	-3.0
3.0	31.0	27.0
-27.0	-52.0	57.0
-36.0	57.0	9.0
24.0	-56.0	55.0
1.0	-55.0	17.0
-50.0	20.0	34.0
52.0	-46.0	46.0
-47.0	-71.0	29.0
0.0	51.0	-7.0
46.0	14.0	43.0
-52.0	-49.0	47.0
31.0	22.0	-2.0
50.0	-64.0	27.0
-31.0	21.0	-1.0
-25.0	-8.0	50.0

// Murty VP, 2009: PMID 18823239-1
// Subjects=20
49.0	8.0	34.0
-53.0	-68.0	0.0
-49.0	-68.0	9.0
53.0	-72.0	-8.0
53.0	23.0	-11.0
0.0	65.0	30.0
0.0	27.0	65.0
-19.0	3.0	-23.0
23.0	0.0	-23.0
27.0	-15.0	-19.0
53.0	-72.0	-8.0
27.0	4.0	-19.0
-34.0	-84.0	27.0
23.0	-4.0	-19.0
23.0	-3.0	-23.0
-27.0	4.0	-15.0
48.0	-84.0	30.0
-27.0	-27.0	-11.0
34.0	-27.0	-15.0
-19.0	-61.0	0.0
49.0	15.0	-23.0
23.0	-46.0	-19.0
27.0	-4.0	68.0
49.0	15.0	-23.0
-19.0	0.0	-23.0
-42.0	19.0	-30.0
53.0	11.0	8.0
-34.0	-4.0	30.0
11.0	-72.0	61.0
30.0	53.0	34.0
34.0	-19.0	-19.0
-27.0	-30.0	-8.0
-53.0	38.0	8.0
34.0	42.0	-15.0
-42.0	0.0	61.0
-15.0	-61.0	68.0
53.0	0.0	42.0
34.0	0.0	53.0
46.0	42.0	23.0
38.0	-61.0	42.0
66.0	23.0	-48.0
-27.0	19.0	-11.0
15.0	-68.0	34.0
27.0	4.0	-29.0
-15.0	0.0	19.0
11.0	-4.0	19.0
-38.0	-53.0	45.0
34.0	23.0	-23.0
-19.0	-61.0	0.0
-38.0	-57.0	46.0
53.0	-38.0	53.0
-38.0	-4.0	49.0
11.0	-61.0	8.0
34.0	-4.0	53.0
-34.0	30.0	-4.0
46.0	-80.0	15.0
-11.0	-76.0	49.0
11.0	-72.0	61.0
-53.0	-57.0	-11.0
57.0	-57.0	-15.0
-53.0	15.0	23.0
-49.0	34.0	8.0
30.0	-56.0	-13.0
27.0	4.0	-19.0
-27.0	4.0	-15.0
19.0	-30.0	-19.0
-30.0	-27.0	-8.0
0.0	-49.0	-15.0
53.0	-57.0	4.0
-49.0	-61.0	-19.0
-23.0	-53.0	-15.0
34.0	-72.0	27.0
-42.0	-84.0	-8.0
38.0	-84.0	27.0
4.0	-8.0	57.0
38.0	42.0	-15.0
49.0	38.0	27.0
49.0	0.0	57.0
-38.0	-4.0	57.0
-46.0	49.0	8.0
-19.0	-57.0	4.0
46.0	-84.0	0.0
52.0	-52.0	-17.0
-42.0	-49.0	46.0
-38.0	27.0	11.0
-30.0	-27.0	-11.0
34.0	-27.0	-15.0
30.0	-4.0	-19.0
8.0	0.0	53.0
38.0	15.0	17.0
23.0	15.0	68.0
57.0	38.0	-15.0
19.0	-42.0	-27.0
4.0	8.0	65.0
-34.0	-4.0	53.0
-34.0	-61.0	52.0
38.0	-72.0	49.0
9.0	-8.0	57.0
8.0	9.0	35.0
-30.0	-84.0	34.0
49.0	30.0	20.0
-27.0	-5.0	-22.0
-27.0	56.0	7.0
-27.0	-71.0	79.0
30.0	-78.0	-12.0
-49.0	-61.0	-15.0
-30.0	-89.0	49.0
11.0	-84.0	30.0
46.0	-42.0	57.0

// Hocking J, 2009: PMID 18823254-1
// Subjects=20
42.0	-30.0	45.0
-9.0	-30.0	-27.0
-66.0	-30.0	12.0
-66.0	-15.0	3.0
-54.0	-36.0	15.0
-42.0	-63.0	27.0
-15.0	-36.0	-27.0
33.0	-6.0	-33.0
-30.0	-3.0	-30.0
-27.0	-21.0	-15.0
-18.0	-15.0	-21.0
-30.0	-6.0	-24.0
15.0	-18.0	-18.0
33.0	-66.0	-39.0
24.0	-30.0	15.0
66.0	-12.0	18.0
9.0	-9.0	45.0

// Schofield PR, 2009: PMID 18838100-1
// Subjects=20
4.0	2.0	7.0
1.0	2.0	3.0
16.0	-28.0	-12.0
30.0	-32.0	-6.0
-22.0	-26.0	-14.0
-28.0	-32.0	-6.0
22.0	-8.0	-14.0
-36.0	20.0	46.0
4.0	-20.0	12.0
-24.0	-32.0	4.0
28.0	-20.0	-14.0
-32.0	-6.0	-26.0
38.0	54.0	26.0
-24.0	-20.0	-16.0
-26.0	-32.0	-18.0
46.0	24.0	42.0
-16.0	-24.0	10.0
-42.0	22.0	40.0
46.0	32.0	42.0
-16.0	-24.0	10.0
14.0	-2.0	-14.0
48.0	26.0	44.0
16.0	-26.0	-10.0
-24.0	-34.0	-2.0
22.0	-14.0	-24.0
-38.0	-32.0	-12.0
16.0	-20.0	-18.0

// Dien J, 2008: PMID 18840418-1
// Subjects=20
-18.0	2.0	48.0
26.0	36.0	40.0
16.0	2.0	54.0
-22.0	-14.0	70.0
-10.0	2.0	20.0
-4.0	-24.0	26.0
26.0	44.0	36.0
-10.0	10.0	32.0
56.0	-52.0	-22.0
34.0	-84.0	-10.0
22.0	-90.0	-2.0
-22.0	-40.0	-8.0
42.0	-40.0	6.0
48.0	-36.0	0.0
38.0	36.0	34.0
-24.0	-30.0	-12.0
42.0	-86.0	-12.0
54.0	24.0	32.0
2.0	8.0	64.0
-14.0	6.0	70.0
-14.0	-20.0	-10.0
44.0	-42.0	-20.0
54.0	-36.0	-20.0
-42.0	0.0	30.0
58.0	14.0	32.0
-54.0	14.0	28.0
-52.0	10.0	40.0
50.0	30.0	28.0
-44.0	14.0	28.0
-54.0	18.0	26.0
26.0	-38.0	-16.0
-52.0	14.0	38.0
-12.0	46.0	-4.0
-16.0	42.0	-10.0
-22.0	36.0	-12.0

// Sugiura M, 2009: PMID 18855557-1
// Subjects=20
42.0	24.0	-34.0
-44.0	10.0	-32.0
-52.0	-2.0	-32.0
50.0	16.0	-30.0
66.0	-6.0	-16.0
-62.0	-42.0	-2.0
-62.0	-42.0	-2.0
-62.0	-42.0	-2.0
-36.0	-68.0	30.0
-36.0	-68.0	30.0
50.0	-62.0	50.0
-30.0	-24.0	-16.0
34.0	-14.0	-22.0
-46.0	-58.0	50.0
-32.0	0.0	-38.0
-32.0	0.0	-38.0
-32.0	12.0	-22.0
-32.0	12.0	-22.0
40.0	-72.0	50.0
-48.0	-70.0	40.0
32.0	4.0	-16.0
-44.0	10.0	-32.0
24.0	-22.0	-14.0
-18.0	-6.0	-10.0
-14.0	-52.0	32.0
66.0	0.0	-18.0
-62.0	-42.0	-2.0
-32.0	12.0	-22.0
-26.0	-6.0	-20.0
-44.0	10.0	-32.0
-2.0	-52.0	16.0
12.0	-56.0	26.0
-6.0	-36.0	40.0
0.0	-30.0	36.0
-2.0	-56.0	38.0
-58.0	-52.0	40.0
50.0	10.0	-38.0
42.0	18.0	-30.0
-8.0	-40.0	40.0
-38.0	-62.0	50.0
-14.0	-56.0	44.0
36.0	-64.0	44.0
54.0	-64.0	30.0
-40.0	-54.0	20.0
8.0	-54.0	26.0
64.0	-38.0	2.0
0.0	-30.0	36.0
-10.0	-58.0	44.0
10.0	-46.0	38.0
0.0	-12.0	38.0

// Raposo A, 2009: PMID 18930749-1
// Subjects=20
-10.0	-20.0	66.0
10.0	-18.0	68.0
28.0	-4.0	-16.0
26.0	0.0	-16.0
-38.0	-66.0	-18.0
40.0	-24.0	50.0
-44.0	-36.0	44.0
2.0	-44.0	-22.0
-40.0	-24.0	50.0
22.0	-26.0	64.0
36.0	-14.0	46.0
6.0	-22.0	62.0
-6.0	-16.0	72.0
-44.0	-14.0	56.0
48.0	-22.0	58.0
-6.0	-26.0	68.0
-60.0	-20.0	38.0
-32.0	-22.0	-14.0
62.0	-10.0	-4.0
6.0	-22.0	64.0
-60.0	-12.0	-4.0

// Mullen KT, 2008: PMID 18973604-1
// Subjects=20
24.7	-30.8	-6.2
-24.5	-25.0	-10.6
-21.2	-32.8	-1.1
20.4	-34.8	-3.6
24.7	-30.4	-1.8
-24.5	-31.1	-5.6
24.7	-30.9	-8.4
-22.3	-33.2	-5.5
-22.3	-36.2	-3.0
-22.4	-29.1	-8.1
22.5	-32.9	-6.0
-22.3	-26.6	-3.8
26.8	-28.5	-4.2
32.2	-30.7	-6.3
-22.3	-30.0	-5.8
24.7	-28.5	-4.2
24.7	-30.7	-5.1
-18.1	-28.9	-5.9

// Haase L, 2009: PMID 19007893-1
// Subjects=20
-18.2	-17.0	-16.9
11.9	-22.7	2.2
34.3	-24.5	-9.1
-33.1	-27.3	-11.4
16.1	-19.3	-9.3
-20.1	-31.3	4.4
-9.6	-22.7	-8.7
30.9	-4.5	-25.2
43.7	8.1	-15.3
35.1	4.9	-28.3
29.7	29.0	-18.0
12.8	18.9	4.2
-3.9	-59.1	15.4
7.8	-59.0	15.3
42.8	-1.3	1.1
30.8	0.6	-27.9
27.9	-45.9	-9.5
32.0	-8.4	-20.5
-7.4	-45.6	-15.8
31.2	-43.9	1.5
-22.3	-35.0	-2.0
46.8	20.0	-26.4
9.7	-16.7	-1.7
28.0	-42.7	4.8
31.2	-39.9	-1.1
-5.3	4.4	-3.3
2.1	-3.3	-7.2
-19.3	-17.2	-19.1
-7.5	-3.4	-7.0
-16.2	13.5	-21.7
-20.4	-14.0	-19.4
-19.3	-11.9	-19.6
-43.9	1.9	-18.2
31.1	-38.8	-1.2
15.1	-27.9	3.7
-1.1	-50.9	-31.0
-17.2	-11.7	-17.4
-2.8	-68.5	17.3
-33.2	-17.1	-16.8
18.0	16.9	-22.4
16.1	-46.6	-18.2
-21.4	-10.3	-13.0
41.5	38.1	-12.2
30.9	20.6	-3.9
39.6	4.4	6.3
35.2	14.8	-10.2
37.3	18.9	-11.7
31.1	-36.0	-5.9
33.2	-30.7	-6.3
27.9	-8.8	1.9
27.6	35.1	-21.8
-5.3	-9.5	-4.3
24.6	2.3	-5.7
25.5	30.1	-18.0
5.3	-0.4	-10.8
27.8	-10.0	-13.6
-28.9	17.2	-0.7
42.7	6.3	-10.7
40.5	12.3	-15.6
47.1	12.7	3.2
40.5	18.6	-16.1
24.8	-33.4	14.1
-35.3	1.5	-10.5
-36.3	-2.3	-4.6
-16.1	-11.7	-17.4
33.1	-7.0	-16.1
11.8	-12.3	0.2
-7.3	-22.9	2.4
12.8	3.3	-5.6
9.6	-3.4	-9.5
14.9	19.4	-3.6
8.6	-14.2	-10.8
-5.2	-11.9	5.9
9.8	-70.7	-12.7
31.1	-6.3	7.3
-35.2	20.1	10.3
6.8	-75.0	14.4
-7.5	13.2	0.5
-12.6	-70.6	-9.2
-1.8	-30.5	27.5
-54.3	-11.7	13.2
-55.4	-12.4	17.7
-35.2	13.8	10.8
-28.9	0.9	-4.9
-23.5	-0.4	-8.2
37.2	26.5	-23.4
-12.6	35.3	38.8
-19.2	-19.8	-12.2
0.1	-44.6	-4.8
-1.1	46.5	4.3
19.7	-61.0	29.8
9.7	30.4	15.6
-25.7	-26.8	-19.4
-6.5	-47.3	-37.9
32.2	-57.7	-10.8
6.8	-92.2	12.5
-38.5	-0.2	-4.7
13.0	10.3	16.1
9.6	-12.9	-7.6
-6.3	-15.6	-0.5
-34.3	6.4	-15.4
41.6	12.2	-16.7
-35.2	-5.8	5.7
-31.9	-12.6	13.0
9.7	-19.3	-8.1
5.4	-13.5	-1.9
3.6	-78.8	8.1
8.7	-11.9	4.6
44.8	3.2	-9.3
3.2	-8.9	-11.2
67.6	-0.4	24.2
-17.0	0.4	1.7
61.2	-14.2	25.4
38.3	8.8	-18.6
42.6	2.5	-18.2
64.2	4.3	3.8
0.1	-15.3	2.8
-35.1	-8.7	9.3
19.5	-44.8	5.0
-3.3	50.7	4.0
3.2	-11.1	-11.0
44.8	3.2	-9.3
37.5	-31.5	-3.0
34.4	-38.8	-1.2
25.6	-23.3	-20.2
30.9	-7.4	-21.6
29.9	-11.6	-20.2
19.5	-50.4	2.2
-38.5	5.9	-8.6
9.6	-12.9	-7.6
3.2	19.8	3.2
40.6	-28.1	-14.4
-47.8	-10.9	23.0
58.1	-62.1	26.1
19.5	-16.8	22.8
-12.5	-20.2	23.4
-8.7	39.3	-5.0
-22.4	-22.1	-14.2
-18.2	-8.4	-16.5
-28.9	-16.8	-13.5
3.2	-46.7	-31.4
61.4	-61.0	26.0
-9.7	12.1	-12.8
-31.2	14.4	-22.8
-3.2	46.5	17.7
0.1	42.3	18.0
29.1	-34.7	10.8
32.2	-40.8	1.2
41.7	-23.0	-17.1
-44.8	39.6	15.4
13.0	-34.0	7.6
-20.4	11.2	-10.3
-52.2	-11.4	16.4
64.4	-6.8	24.8
32.2	-42.3	-4.2
3.2	16.4	0.1
0.1	-41.7	-8.4
32.3	-43.4	8.1
-3.2	9.5	-5.9
19.2	-33.4	-26.0
19.5	-23.4	20.0
61.1	-3.9	21.2
-16.1	-10.9	-20.8
-20.4	-8.8	-20.9
67.5	-4.4	14.5
19.2	-36.0	-19.1
67.5	-3.9	21.1
64.3	-8.4	18.2
65.4	-4.2	16.7
3.2	36.0	5.1
-51.1	-11.2	19.8
44.9	-29.3	-16.6
12.9	-38.7	-12.1
31.2	-39.2	7.8
35.1	-7.7	-25.0

// Steinstraeter O, 2009: PMID 19011844-1
// Subjects=20
-21.0	69.0	21.0
-1.0	5.0	4.0
-1.0	5.0	1.0
-1.0	-1.0	1.0
3.0	-1.0	1.0
3.0	-1.0	1.0
-5.0	11.0	5.0
-23.0	60.0	9.0
2.0	-8.0	5.0
-24.0	-90.0	-24.0
-24.0	-90.0	9.0
-24.0	60.0	9.0
-21.0	-36.0	57.0
-23.0	60.0	-6.0
-23.0	-21.0	-6.0
-42.0	-21.0	-6.0
2.0	-8.0	-2.0
-37.0	-36.0	57.0
-21.0	-93.0	21.0
-37.0	-22.0	-4.0
-3.0	2.0	12.0
-18.0	-97.0	-16.0
-18.0	-97.0	13.0
-18.0	70.0	13.0
-23.0	70.0	13.0
-42.0	-21.0	39.0
-23.0	70.0	6.0
-23.0	-21.0	6.0
-37.0	-22.0	57.0
-39.0	-21.0	6.0
-39.0	-38.0	45.0
-18.0	-38.0	45.0
-21.0	-93.0	-9.0
2.0	-1.0	12.0
3.0	-1.0	1.0
-21.0	69.0	21.0
-21.0	69.0	-4.0
-21.0	-22.0	-4.0
-39.0	-21.0	45.0
-42.0	-47.0	39.0
4.0	-1.0	-5.0
-25.0	53.0	10.0
1.6	2.3	3.2
1.6	2.3	3.0
1.6	3.7	3.0
1.8	3.7	3.0
1.8	3.7	3.8
1.8	3.2	3.8
2.7	3.2	3.8
3.5	5.4	5.0
3.5	5.4	5.2
4.0	4.0	9.0
3.5	3.6	5.2
2.2	3.6	3.5
2.2	4.0	3.5
2.7	4.0	3.5
2.7	4.0	6.6
2.7	5.2	6.6
1.0	-1.0	1.0
2.5	2.3	3.2
-21.0	53.0	10.0
2.5	3.0	3.2
3.0	-11.0	0.0
-25.0	53.0	-6.0
-25.0	-32.0	-6.0
-39.0	-32.0	-6.0
-39.0	-32.0	45.0
-39.0	-39.0	45.0
-27.0	-39.0	45.0
-6.0	1.0	7.0
-6.0	1.0	5.0
-6.0	3.0	5.0
-1.0	3.0	5.0
-1.0	3.0	-5.0
-1.0	-1.0	-5.0
5.7	5.2	6.6
4.0	-1.0	9.0
-6.0	8.0	6.0
3.0	8.0	6.0
3.0	-11.0	6.0
2.5	3.0	2.7
1.0	-1.0	8.0
-24.0	61.0	17.0
-1.0	1.0	2.0
-3.0	-1.0	8.0
2.0	-1.0	8.0
-17.0	-94.0	-5.0
2.0	-1.0	-10.0
-21.0	62.0	22.0
-8.0	0.0	5.0
7.0	0.0	5.0
2.0	-1.0	-10.0
-20.0	66.0	9.0
-21.0	66.0	9.0
-21.0	66.0	3.0
-21.0	-16.0	3.0
-39.0	-16.0	3.0
-39.0	-16.0	46.0
-39.0	-38.0	46.0
-19.0	-38.0	46.0
-21.0	-84.0	-6.0
-3.0	4.0	8.0
-21.0	-84.0	17.0
-3.0	4.0	7.0
-35.0	-24.0	57.0
3.0	-11.0	8.0
-21.0	-93.0	-9.0
-20.0	-92.0	9.0
-16.0	-39.0	52.0
-42.0	-39.0	52.0
-17.0	-94.0	15.0
-24.0	66.0	0.0
-24.0	66.0	15.0
-21.0	-93.0	22.0
-17.0	66.0	15.0
-42.0	-24.0	52.0
-24.0	-24.0	0.0
-35.0	-39.0	57.0
-21.0	62.0	22.0
-21.0	62.0	6.0
-21.0	-24.0	6.0
-35.0	-24.0	6.0
-24.0	-39.0	57.0
-21.0	61.0	17.0
-24.0	61.0	1.0
-24.0	-24.0	1.0
-39.0	-15.0	6.0
-39.0	-15.0	52.0
-39.0	-31.0	52.0
-20.0	-31.0	52.0
-21.0	-81.0	0.0
-21.0	-81.0	24.0
-21.0	69.0	24.0
-21.0	69.0	24.0
-21.0	69.0	7.0
-21.0	-16.0	7.0
-38.0	-16.0	7.0
-38.0	-16.0	60.0
-38.0	-27.0	60.0
-21.0	-27.0	60.0
2.0	-7.0	-10.0
2.0	-7.0	2.0
2.0	1.0	2.0
-24.0	-15.0	6.0
-24.0	70.0	6.0
-24.0	70.0	23.0
-20.0	70.0	23.0
-37.0	-24.0	1.0
-37.0	-24.0	51.0
-37.0	-27.0	51.0
-24.0	-27.0	51.0
-4.0	1.0	-4.0
-4.0	1.0	7.0
-4.0	-4.0	7.0
3.0	-4.0	7.0
1.0	4.0	8.0
3.0	-4.0	6.0
7.0	0.0	6.0
7.0	0.0	5.0
2.0	-1.0	-10.0
-1.0	4.0	8.0
2.0	2.0	12.0
-20.0	-92.0	-9.0
-20.0	-86.0	-4.0
-20.0	-86.0	23.0
3.0	0.0	6.0
-42.0	-24.0	0.0
3.0	-7.0	1.0
-2.0	-7.0	1.0
-37.0	-40.0	43.0
-37.0	-26.0	43.0
-37.0	-26.0	-2.0
-21.0	-26.0	-2.0
-21.0	54.0	-2.0
-21.0	54.0	15.0
-18.0	-40.0	43.0
-19.0	54.0	15.0
-19.0	-95.0	-13.0
-27.0	-41.0	45.0
-38.0	-41.0	45.0
-38.0	-24.0	45.0
-38.0	-24.0	0.0
-24.0	-24.0	0.0
-19.0	-95.0	15.0
-3.0	-4.0	2.0
-3.0	-4.0	-12.0
-3.0	2.0	-12.0
-41.0	-27.0	52.0
-41.0	-15.0	52.0
-41.0	-15.0	3.0
-26.0	-15.0	3.0
-2.0	3.0	-9.0
-26.0	68.0	10.0
-24.0	68.0	10.0
-24.0	-81.0	10.0
-24.0	-81.0	-6.0
5.0	-6.0	-12.0
1.0	-6.0	-12.0
3.0	-6.0	-2.0
3.0	-2.0	-2.0
1.0	-2.0	-2.0
1.0	-2.0	-2.0
-24.0	60.0	0.0
-24.0	60.0	13.0
-27.0	60.0	13.0
-27.0	-90.0	-15.0
-2.0	-9.0	-2.0
-41.0	-24.0	48.0
-41.0	-24.0	4.0
-23.0	-24.0	4.0
-23.0	72.0	4.0
-23.0	72.0	12.0
-27.0	72.0	12.0
-27.0	-97.0	12.0
-27.0	-97.0	0.0
-6.0	3.0	12.0
2.0	3.0	12.0
2.0	0.0	12.0
2.0	0.0	-2.0
0.0	2.0	-5.0
8.0	2.0	-5.0
-41.0	-39.0	48.0
-27.0	-27.0	52.0
-21.0	-96.0	-9.0
-21.0	63.0	17.0
9.0	1.0	-2.0
1.0	1.0	-2.0
-6.0	3.0	-9.0
-24.0	-23.0	4.0
-2.0	3.0	-3.0
-21.0	-39.0	48.0
0.0	6.0	-5.0
0.0	6.0	-6.0
-27.0	-36.0	60.0
-39.0	-36.0	60.0
-39.0	-24.0	60.0
-39.0	-24.0	2.0
-25.0	-24.0	2.0
-25.0	63.0	2.0
-25.0	63.0	17.0
-21.0	-96.0	17.0
-1.0	2.0	-12.0
-22.0	-88.0	-16.0
-22.0	69.0	12.0
-23.0	76.0	6.0
-23.0	76.0	24.0
-6.0	4.0	-9.0
-2.0	-3.0	5.0
-18.0	-89.0	24.0
-18.0	-89.0	-5.0
7.0	-2.0	-2.0
2.0	-2.0	-2.0
2.0	0.0	-2.0
1.0	-3.0	5.0
-22.0	-95.0	6.0
-2.0	-3.0	2.0
-2.0	-5.0	2.0
-1.0	0.0	1.0
-6.0	4.0	-1.0
-23.0	-15.0	6.0
-24.0	-36.0	45.0
-39.0	-15.0	6.0
-39.0	-29.0	57.0
3.0	-11.0	1.0
-24.0	-29.0	57.0
1.0	5.0	-3.0
-17.0	-31.0	55.0
-37.0	-31.0	55.0
-37.0	-15.0	55.0
-37.0	-15.0	7.0
1.0	5.0	5.0
-24.0	-15.0	7.0
-24.0	78.0	7.0
-24.0	78.0	12.0
-21.0	78.0	12.0
-21.0	-93.0	12.0
-21.0	-93.0	-3.0
-18.0	76.0	24.0
-39.0	-15.0	57.0
8.0	2.0	-2.0
-39.0	-36.0	45.0
-39.0	-26.0	-4.0
2.0	0.0	1.0
-26.0	68.0	3.0
-1.0	2.0	1.0
-22.0	-88.0	12.0
3.0	-6.0	2.0
8.0	-6.0	2.0
8.0	-5.0	2.0
8.0	-5.0	2.0
-22.0	-33.0	40.0
-40.0	-33.0	40.0
-40.0	-18.0	40.0
-40.0	-18.0	-6.0
-27.0	-18.0	-6.0
-27.0	69.0	-6.0
-27.0	69.0	12.0
2.0	-5.0	2.0
-39.0	-26.0	45.0
2.0	-5.0	5.0
-3.0	5.0	5.0
-26.0	-26.0	-4.0
-26.0	59.0	-4.0
-26.0	59.0	11.0
-21.0	59.0	11.0
-21.0	-90.0	11.0
-21.0	-90.0	-18.0
-21.0	-41.0	40.0
-41.0	-41.0	40.0
-41.0	-21.0	40.0
-41.0	-21.0	-6.0
-24.0	-21.0	-6.0
-24.0	62.0	-6.0
-24.0	62.0	6.0
-22.0	62.0	6.0
-22.0	-95.0	-15.0
2.0	5.0	5.0
8.0	-9.0	-2.0
-27.0	-90.0	13.0
-18.0	-36.0	46.0
-27.0	-27.0	60.0
-36.0	-27.0	60.0
-36.0	-16.0	60.0
-36.0	-16.0	4.0
-22.0	72.0	4.0
-18.0	-88.0	-7.0
-22.0	72.0	20.0
-24.0	72.0	20.0
-24.0	-87.0	20.0
-24.0	-87.0	0.0
-18.0	-31.0	51.0
-40.0	-31.0	51.0
-40.0	-15.0	51.0
-40.0	-15.0	9.0
-21.0	-15.0	9.0
-6.0	10.0	5.0
1.0	-3.0	-9.0
-6.0	10.0	5.0
2.0	-3.0	5.0
-20.0	69.0	20.0
-20.0	-97.0	20.0
-20.0	-97.0	-8.0
5.0	-6.0	-10.0
3.0	-6.0	-10.0
3.0	-5.0	-10.0
3.0	-5.0	-5.0
1.0	-3.0	-12.0
-21.0	-47.0	39.0
-1.0	-3.0	-9.0
-22.0	-16.0	4.0
6.0	-8.0	5.0
6.0	-8.0	-2.0
-1.0	1.0	-9.0
2.0	-3.0	-2.0
-6.0	-3.0	5.0
-25.0	69.0	20.0
-21.0	69.0	15.0
6.0	10.0	5.0
-24.0	-87.0	-3.0
-17.0	-40.0	52.0
-42.0	-40.0	52.0
-42.0	-16.0	52.0
-42.0	-16.0	6.0
-24.0	-16.0	6.0
-24.0	69.0	6.0
-24.0	69.0	15.0
-18.0	69.0	15.0
-18.0	-88.0	15.0
-9.0	4.0	9.0
2.0	11.0	5.0
2.2	3.6	5.2
-2.0	-11.0	0.0
-2.0	-7.0	0.0
-24.0	-87.0	20.0
-18.0	69.0	15.0
-24.0	66.0	20.0
-22.0	66.0	4.0
-10.0	10.0	5.0
-18.0	-97.0	-8.0
-18.0	-97.0	15.0
2.0	-8.0	-2.0
-3.0	-8.0	-2.0
-3.0	-5.0	-2.0
-3.0	-5.0	8.0
-1.0	-5.0	8.0
-1.0	8.0	8.0
-1.0	8.0	3.0
-27.0	-30.0	57.0
-36.0	-30.0	57.0
-36.0	-24.0	57.0
-36.0	-24.0	4.0
-22.0	-24.0	4.0
-22.0	66.0	20.0
-25.0	69.0	9.0
-21.0	69.0	9.0
-42.0	-18.0	9.0
-2.0	-7.0	0.0
-2.0	-9.0	0.0
-2.0	-9.0	-2.0
-2.0	0.0	-2.0
-2.0	-9.0	5.0
-2.0	-6.0	-3.0
-2.0	-7.0	0.0
-14.0	-37.0	45.0
-4.0	7.0	5.0
-21.0	-30.0	51.0
-33.0	-30.0	51.0
-33.0	-22.0	51.0
-33.0	-22.0	0.0
-21.0	-22.0	0.0
-4.0	7.0	-2.0
-18.0	-90.0	-12.0
-18.0	-90.0	14.0
-18.0	64.0	14.0
-36.0	-21.0	46.0
-36.0	-21.0	-2.0
-15.0	-21.0	-2.0
-15.0	66.0	-2.0
-15.0	66.0	9.0
-18.0	66.0	9.0
-18.0	-84.0	9.0
-18.0	-84.0	-18.0
-16.0	-29.0	46.0
-34.0	-29.0	46.0
-34.0	-12.0	46.0
-34.0	-12.0	0.0
-23.0	-12.0	0.0
-23.0	64.0	0.0
-23.0	64.0	14.0
-21.0	66.0	0.0
-36.0	-36.0	46.0
-21.0	66.0	6.0
-21.0	66.0	6.0
6.0	1.0	5.0
6.0	1.0	-9.0
-19.0	-39.0	53.0
-39.0	-39.0	53.0
-39.0	-23.0	53.0
-39.0	-23.0	4.0
1.0	-5.0	-5.0
-24.0	72.0	4.0
-24.0	72.0	18.0
-24.0	-90.0	18.0
-24.0	-90.0	-3.0
-24.0	-33.0	63.0
-42.0	-33.0	63.0
-42.0	-18.0	63.0
-24.0	72.0	18.0
1.0	3.0	-5.0
1.0	3.0	-2.0
-19.0	63.0	3.0
-21.0	-87.0	6.0
-21.0	-87.0	-12.0
-36.0	-37.0	45.0
6.0	-9.0	5.0
-36.0	-16.0	45.0
-36.0	-16.0	3.0
-19.0	-16.0	3.0
-4.0	3.0	-2.0
-25.0	-18.0	9.0
-15.0	63.0	15.0
-15.0	-91.0	15.0
-15.0	-91.0	-11.0
-7.0	7.0	6.0
3.0	7.0	6.0
3.0	-6.0	6.0
3.0	-6.0	-3.0
-19.0	63.0	15.0

// Schultheiss OC, 2008: PMID 19015083-1
// Subjects=20
-50.0	8.0	-8.0
14.0	16.0	6.0
40.0	14.0	-4.0
-50.0	8.0	-8.0
-46.0	-10.0	4.0
40.0	12.0	-4.0
40.0	14.0	-4.0
-38.0	-14.0	-6.0
-40.0	-10.0	-8.0
-36.0	46.0	-16.0
-38.0	-16.0	-4.0
-4.0	-66.0	8.0
4.0	-2.0	28.0
-12.0	56.0	-10.0
-4.0	-2.0	26.0
8.0	8.0	16.0
-18.0	24.0	10.0
-36.0	-28.0	20.0
28.0	-82.0	20.0
32.0	12.0	-12.0
4.0	32.0	40.0
34.0	26.0	10.0
-14.0	50.0	10.0
10.0	20.0	12.0
10.0	-72.0	48.0
40.0	14.0	-4.0
-50.0	20.0	32.0
-26.0	-36.0	-10.0
18.0	-64.0	44.0
-50.0	18.0	32.0
56.0	0.0	16.0
4.0	30.0	40.0
40.0	14.0	-4.0
22.0	-34.0	22.0
-10.0	-40.0	6.0
20.0	-38.0	12.0
-26.0	-30.0	-8.0
-26.0	-32.0	-10.0
-16.0	-34.0	-8.0
4.0	6.0	40.0
36.0	-30.0	-12.0
-22.0	-94.0	4.0
14.0	-52.0	0.0
-42.0	-56.0	8.0

// Kennedy DP, 2008: PMID 19015108-1
// Subjects=20
8.4	42.4	-8.8
-4.8	-99.4	31.1
4.7	-30.4	41.9
-4.9	13.7	61.8
-1.0	57.5	22.3
-5.3	57.1	18.0
3.6	-48.2	31.2
-4.8	-60.6	36.8
-43.7	22.4	12.4
-43.4	8.2	49.3
-1.5	-99.4	31.0
-5.1	46.5	45.6
50.5	-30.7	20.2
-43.5	7.8	44.8
-51.8	-64.8	42.1
-60.5	-61.6	28.6
-44.0	1.7	-34.9
63.5	-64.8	31.9
-52.2	-33.7	3.8
-39.5	21.7	3.5
55.7	-5.9	9.2
12.2	-24.6	46.9
-21.0	26.3	47.5
-0.5	-91.2	25.9
58.9	-6.7	12.5
8.0	-43.4	38.5
-52.3	-21.7	-6.1
12.2	-21.8	42.2
-17.0	-38.8	-10.7
-55.1	-61.6	28.5
-55.2	-60.9	24.0
-38.4	-11.8	-2.6
-42.7	-8.0	-8.5
-21.1	29.4	46.1
3.7	-73.7	32.2
-39.6	30.5	-6.2
3.5	-13.0	32.7
0.0	57.1	17.9
-1.0	24.0	16.2
-4.0	-48.9	9.0
13.1	-50.2	4.5
13.1	-50.2	4.5
29.5	-40.1	64.8
60.1	-30.6	20.1
-1.2	33.9	-6.9
-25.6	-26.2	-11.6
25.9	-22.7	15.4
26.0	29.7	45.6
25.9	-22.7	15.4
-18.1	-34.9	-14.3
-25.6	-26.2	-11.6
-39.0	-73.8	34.9
-30.5	-74.5	24.8
-39.0	-78.5	28.6
-39.0	-78.5	28.6
42.0	27.0	51.2
26.0	29.7	45.6
-30.5	-74.5	24.8
20.7	22.7	51.8
51.8	-68.4	27.8
46.5	-75.9	40.8
46.5	-75.9	40.8
0.0	-21.8	-12.3
0.0	-20.8	-12.4
0.0	-20.8	-12.4
-21.1	29.4	46.1
20.7	22.7	51.8
24.8	-45.7	7.3
24.7	-11.8	5.6
0.0	-21.8	-12.3
16.3	-23.5	20.0
16.3	-23.5	20.0
24.9	-70.3	6.0
16.4	-79.2	14.7
16.4	-79.2	14.7
28.9	-29.8	-7.5
28.9	-29.8	-7.5
-3.9	-79.7	10.5
-3.9	-79.7	10.5
-5.0	-76.1	2.4
-25.4	-79.7	-1.6
0.4	-38.8	29.3
13.1	-83.4	2.8
24.7	-11.8	5.6
13.1	-83.4	2.8
9.0	-56.7	30.7
4.8	-59.5	36.6
20.6	-23.7	16.6
4.8	-59.5	36.6
-17.9	-46.2	4.5
0.4	-38.8	29.3
-25.4	-79.7	-1.6

// Zeithamova D, 2008: PMID 19052210-1
// Subjects=20
-36.0	-86.0	-4.0
42.0	-66.0	-12.0
10.0	-72.0	6.0
36.0	-54.0	46.0
40.0	-54.0	-20.0
-38.0	-64.0	-20.0
30.0	-4.0	46.0
52.0	10.0	24.0
20.0	-30.0	-4.0
-20.0	-30.0	-8.0
16.0	16.0	-2.0
-48.0	6.0	28.0
-36.0	54.0	-16.0
-44.0	-26.0	48.0
58.0	-38.0	46.0
-20.0	10.0	-4.0
-20.0	-6.0	-30.0
-4.0	8.0	46.0
-20.0	-70.0	36.0
38.0	-82.0	-2.0
22.0	-64.0	48.0
20.0	10.0	-8.0
28.0	-10.0	-22.0
-10.0	6.0	18.0
10.0	10.0	-2.0
-6.0	-52.0	10.0
2.0	62.0	-14.0
30.0	-22.0	-16.0
-32.0	-22.0	-14.0
-32.0	-10.0	-2.0
-20.0	-94.0	0.0
62.0	-14.0	-16.0
-58.0	-36.0	4.0

// Hattori N, 2009: PMID 19109459-1
// Subjects=20
-30.0	46.0	22.0
-54.0	-8.0	50.0
-48.0	-4.0	56.0
-46.0	2.0	38.0
-48.0	30.0	22.0
-40.0	8.0	28.0
-26.0	-4.0	54.0
-52.0	10.0	44.0
-64.0	-50.0	-4.0
-54.0	6.0	24.0
-50.0	42.0	0.0
-34.0	22.0	4.0
-28.0	-64.0	48.0
-42.0	-36.0	42.0
-50.0	-48.0	8.0
-56.0	-56.0	-16.0
38.0	16.0	10.0
-36.0	-24.0	-28.0
26.0	36.0	-20.0
-32.0	24.0	-4.0
-38.0	-82.0	-14.0
50.0	6.0	46.0
-24.0	-90.0	-14.0
-12.0	-86.0	4.0
-12.0	-74.0	2.0
-40.0	-44.0	-26.0
-44.0	-70.0	-16.0
-22.0	-34.0	-8.0
50.0	-6.0	58.0
42.0	6.0	48.0
48.0	10.0	34.0
40.0	32.0	28.0
38.0	22.0	0.0
60.0	26.0	18.0
44.0	14.0	18.0
-28.0	-80.0	28.0
50.0	0.0	40.0
58.0	-46.0	-10.0
40.0	46.0	16.0
16.0	2.0	0.0
66.0	-44.0	10.0
-4.0	-34.0	24.0
28.0	-26.0	-8.0
30.0	-46.0	-10.0
34.0	-90.0	14.0
32.0	-84.0	-16.0
14.0	-82.0	6.0
54.0	-46.0	8.0
30.0	-40.0	-26.0
42.0	-66.0	-16.0
0.0	6.0	60.0
8.0	10.0	52.0
-4.0	-2.0	66.0
-6.0	26.0	36.0
12.0	16.0	38.0
44.0	-52.0	-22.0
34.0	-68.0	42.0
26.0	-74.0	-2.0
-18.0	-2.0	0.0
48.0	50.0	0.0
-14.0	-14.0	4.0
-22.0	-46.0	-10.0
-36.0	-54.0	-32.0
38.0	-46.0	-34.0
-62.0	-32.0	40.0
-46.0	-44.0	60.0
54.0	-36.0	48.0
28.0	-38.0	-18.0
-54.0	-52.0	-24.0
-28.0	-48.0	-10.0
-34.0	-88.0	14.0
-62.0	-36.0	42.0
-46.0	10.0	42.0
10.0	10.0	56.0
22.0	-42.0	-18.0
-58.0	2.0	26.0
-10.0	0.0	68.0
12.0	-12.0	2.0
30.0	-38.0	-20.0

// Duncan K, 2009: PMID 19129391-1
// Subjects=20
-30.0	33.0	48.0
-30.0	-30.0	-11.0
29.0	-35.0	-8.0
38.0	-10.0	-35.0
-42.0	-3.0	6.0
60.0	-18.0	45.0
-27.0	-54.0	-39.0
-43.0	18.0	51.0
-45.0	21.0	30.0
39.0	-54.0	-9.0
36.0	15.0	48.0
0.0	-39.0	3.0
39.0	-21.0	0.0
9.0	-15.0	45.0
0.0	6.0	54.0
51.0	-63.0	-9.0
-39.0	-15.0	51.0
-27.0	42.0	39.0
-33.0	42.0	24.0
-57.0	3.0	-15.0
12.0	-51.0	-42.0

// Mano Y, 2009: PMID 19135072-1
// Subjects=20
-44.0	10.0	36.0
-4.0	20.0	54.0
-42.0	24.0	20.0
-54.0	28.0	2.0
-50.0	20.0	24.0
-40.0	24.0	-14.0
-46.0	40.0	0.0
-44.0	48.0	-12.0
-6.0	54.0	40.0
-66.0	-34.0	-8.0
-22.0	-22.0	-14.0
-6.0	52.0	-20.0
22.0	-22.0	-14.0
-28.0	12.0	-30.0
10.0	36.0	-24.0
-56.0	-58.0	16.0
-52.0	-12.0	-22.0
-30.0	-78.0	40.0
-38.0	8.0	58.0
-36.0	28.0	-22.0
-4.0	-62.0	38.0
-50.0	20.0	42.0
50.0	28.0	22.0
54.0	26.0	28.0
-28.0	-94.0	-10.0
28.0	-94.0	-6.0
-2.0	-58.0	8.0
12.0	6.0	2.0
-18.0	-38.0	-48.0
12.0	-84.0	-36.0
48.0	12.0	52.0
54.0	14.0	-26.0
52.0	-64.0	44.0
44.0	40.0	-16.0
-4.0	-14.0	6.0
68.0	-30.0	-14.0
10.0	-58.0	36.0
0.0	-60.0	32.0
0.0	-52.0	36.0
46.0	-72.0	28.0
54.0	-4.0	-22.0
44.0	-76.0	40.0
56.0	-62.0	28.0
46.0	-72.0	28.0
56.0	-64.0	26.0
2.0	-68.0	26.0

// Graham S, 2009: PMID 19162202-1
// Subjects=20
-36.5	54.1	-4.8
23.0	-18.4	57.4
41.7	39.1	14.5
0.2	31.0	37.9
-50.1	18.9	23.9
-34.3	22.2	-4.4
18.4	-82.7	-2.9
11.9	-6.4	7.5
-35.7	-49.1	50.6
43.3	-44.4	49.3
-17.9	-92.5	-2.8
62.1	-31.6	-6.6
-58.7	-30.5	-8.6
-40.4	-65.6	-10.4
-32.0	-27.0	-8.1
33.0	24.6	-6.5
24.5	-14.7	-18.7
-32.1	20.0	-5.4
29.8	0.6	-27.9
-48.6	-28.0	50.1
60.9	-0.2	-13.7
-50.0	18.2	28.4
41.6	54.3	5.4
-41.6	16.7	7.3
32.0	20.6	-2.8
40.1	-46.5	50.7
-36.8	-48.0	51.7
47.5	-66.1	29.9
-46.6	-65.8	28.7
-25.7	-16.9	-15.7
60.8	1.4	-20.5
28.8	-16.8	-18.6
31.1	-37.9	-3.5
28.9	-31.7	-18.5
-30.9	-35.8	-11.9
-21.4	-16.0	-18.1
15.0	17.7	2.1
-61.0	-3.6	-18.7
-44.7	20.3	27.1
-29.5	9.4	50.1
9.7	34.0	20.8
61.9	-2.5	-15.7
45.0	39.4	18.9
14.0	8.8	10.6
34.0	56.8	-3.6
-33.2	21.2	-3.2
38.4	20.6	-4.0
40.1	-49.6	50.9
-38.9	-50.1	51.9
-33.3	56.5	-1.7
-6.0	-14.5	41.8
-21.2	46.0	40.3
-41.9	28.3	-20.5
27.7	-15.7	-18.7
-42.6	-11.1	6.3
46.1	-8.5	3.9
-28.8	-28.3	-11.4
-30.6	10.8	54.5
52.5	-25.9	-1.4
-59.9	-5.3	-14.1
31.1	-37.9	-3.5
-43.0	16.5	-36.2
24.2	-55.2	62.7
-26.2	-80.3	32.0
-45.5	-63.6	29.7
42.1	-69.8	24.7
29.1	36.7	40.5
-53.1	-4.1	42.6
-21.2	42.5	37.2
-57.4	-1.0	27.9
62.2	-0.0	16.4
49.3	-8.3	6.1
41.4	20.2	-36.4
8.0	-45.3	40.9
45.3	-77.0	13.0
-44.5	-81.0	11.0
-48.7	-69.3	24.6
56.0	-63.5	21.8
28.8	-5.2	-20.7
62.0	-0.9	-9.2
37.8	14.8	45.6
-20.7	-68.9	55.5

// Lang S, 2009: PMID 19200075-1
// Subjects=20
36.0	54.0	15.0
-57.0	-30.0	48.0
-36.0	-21.0	-9.0
-30.0	-3.0	-12.0
3.0	33.0	51.0
-39.0	21.0	0.0
54.0	18.0	0.0
-33.0	-36.0	-6.0
-18.0	48.0	15.0
-30.0	-3.0	-9.0
66.0	-36.0	39.0
-39.0	-75.0	42.0
-36.0	39.0	-12.0
12.0	36.0	24.0
-33.0	48.0	-6.0
15.0	36.0	6.0
12.0	36.0	21.0
-6.0	54.0	15.0
-27.0	-6.0	-12.0
-36.0	24.0	-3.0
27.0	27.0	-6.0
-24.0	-30.0	-21.0
-18.0	39.0	45.0
9.0	51.0	-9.0
21.0	-3.0	3.0
9.0	-51.0	21.0
54.0	18.0	6.0
-33.0	-15.0	-9.0
3.0	31.0	63.0
-24.0	-3.0	63.0
30.0	33.0	-15.0
42.0	-42.0	-12.0
54.0	3.0	-15.0
33.0	-27.0	-9.0
-27.0	-33.0	-9.0
-30.0	33.0	-18.0
24.0	-33.0	-6.0
0.0	-69.0	27.0
39.0	-6.0	-6.0
-24.0	12.0	-18.0
51.0	-72.0	18.0
24.0	48.0	24.0
-24.0	-18.0	-12.0
18.0	0.0	-15.0
-27.0	-24.0	-12.0
0.0	27.0	18.0
0.0	45.0	-9.0
-18.0	39.0	24.0
-33.0	-81.0	39.0
45.0	-48.0	-15.0

// Smoski MJ, 2009: PMID 19261334-1
// Subjects=20
-16.0	34.0	-12.0
22.0	48.0	-20.0
26.0	30.0	-16.0
-34.0	36.0	20.0
22.0	-6.0	-28.0
8.0	-86.0	26.0
48.0	-10.0	8.0
22.0	-74.0	36.0
24.0	24.0	52.0
56.0	-72.0	-8.0
6.0	-28.0	80.0
52.0	-72.0	14.0
-50.0	-28.0	34.0
-16.0	-50.0	54.0
-40.0	-64.0	6.0
14.0	-70.0	56.0
-14.0	-72.0	58.0
-8.0	-90.0	30.0
-38.0	-12.0	-22.0
44.0	-36.0	32.0
64.0	-18.0	8.0
6.0	-50.0	76.0
-4.0	-62.0	4.0
8.0	-90.0	14.0
-60.0	-8.0	0.0
-34.0	-26.0	-14.0
-8.0	6.0	6.0
-14.0	44.0	48.0
-18.0	26.0	60.0
-48.0	26.0	38.0
-46.0	-56.0	-10.0
-52.0	-54.0	28.0
44.0	-22.0	-32.0
48.0	-56.0	-6.0
52.0	-2.0	52.0
0.0	48.0	2.0
-44.0	-24.0	-14.0
-32.0	12.0	52.0
-70.0	-14.0	-22.0
-52.0	-28.0	24.0
-18.0	-16.0	22.0
-16.0	36.0	14.0
10.0	-44.0	12.0
-10.0	-30.0	-38.0
-28.0	24.0	26.0
34.0	12.0	30.0
50.0	-42.0	44.0
-34.0	34.0	12.0
-62.0	-52.0	38.0
8.0	-50.0	58.0
52.0	-20.0	6.0
-30.0	-72.0	6.0
-32.0	-70.0	-2.0
42.0	-22.0	48.0
24.0	-10.0	72.0
-40.0	-4.0	54.0
16.0	-66.0	42.0
-2.0	12.0	2.0
-58.0	-28.0	-22.0
-70.0	-22.0	-20.0
-18.0	-66.0	-8.0
18.0	-22.0	14.0
-12.0	-10.0	14.0
-54.0	14.0	-34.0
18.0	-30.0	-4.0
44.0	22.0	42.0
6.0	-88.0	24.0
-22.0	-30.0	0.0
-2.0	-88.0	42.0
-30.0	10.0	-24.0
8.0	-56.0	18.0
30.0	-76.0	2.0
58.0	14.0	22.0
-10.0	-76.0	-4.0
48.0	-58.0	20.0
24.0	-70.0	32.0
-22.0	-54.0	22.0
60.0	14.0	22.0
52.0	34.0	22.0
-32.0	-66.0	46.0
-24.0	22.0	-24.0
24.0	2.0	-18.0
-16.0	2.0	20.0
-42.0	-16.0	12.0
-6.0	-34.0	18.0
-30.0	12.0	16.0
-16.0	38.0	-20.0
-28.0	-18.0	-18.0
-32.0	12.0	-8.0
-10.0	-74.0	2.0
-30.0	-72.0	34.0
-34.0	-72.0	20.0
-34.0	-80.0	22.0
-54.0	8.0	-32.0
56.0	-20.0	-6.0
-6.0	6.0	-12.0
18.0	-18.0	16.0
20.0	-56.0	8.0
-2.0	-42.0	66.0
36.0	-36.0	14.0
-24.0	-48.0	48.0
26.0	-2.0	-4.0

// Svoboda E, 2009: PMID 19279244-1
// Subjects=20
-6.3	54.1	33.8
-6.3	54.1	33.8
-6.3	54.1	33.8
-44.8	19.5	17.1
-42.4	7.9	45.9
3.6	-52.0	23.7
21.6	22.1	30.6
-14.6	-43.2	28.7
-6.1	-54.7	17.3
-6.1	-54.7	17.3
-14.6	-43.2	28.7
-7.3	51.9	32.9
-14.6	-43.2	28.7
10.0	-49.9	22.3
-12.5	-56.0	14.2
-6.1	-54.7	17.3
9.7	47.2	26.4
40.8	-24.4	5.3
3.6	-52.0	23.7
7.9	-47.7	23.3
-36.2	-35.1	-1.8
-32.0	-17.7	-11.1
-56.8	5.5	-25.1
-42.5	-33.3	8.1
-45.8	-33.4	7.1
7.9	-47.7	23.3
3.6	-52.0	23.7
-45.8	-33.4	7.1
-38.2	-33.0	11.4
39.7	-27.4	7.8
33.3	-27.2	11.2
34.4	-26.3	8.9
40.8	-24.4	5.3
-45.8	-33.4	7.1
40.8	-24.4	5.3
-38.2	-33.0	11.4
-17.1	61.4	20.0
5.2	62.3	1.8
27.7	-29.1	-26.5
19.3	-36.6	-12.4
59.8	-3.0	-7.9
60.9	-3.0	-7.9
60.9	-3.0	-7.9
58.8	-4.2	-10.0
58.8	-4.2	-10.0
60.9	-3.0	-7.9
-29.9	-30.8	-15.6
-34.9	-63.2	19.5
-1.0	-7.2	-2.3
-56.6	-24.2	-10.3
-9.5	13.1	13.9
11.9	17.7	15.5
-7.6	-48.5	-40.1
58.8	-4.2	-10.0
-24.8	-33.2	-46.7
-5.1	-74.2	-1.1
-24.8	-33.2	-46.7
-24.8	-33.2	-46.7
14.3	13.2	53.8
-17.1	43.0	15.9
7.9	-47.7	23.3
7.6	50.6	29.5
-50.1	19.9	22.7
-6.0	20.7	56.7
-3.8	13.4	58.4
-10.8	-70.0	-42.7
34.4	-26.3	8.9
-16.0	39.1	19.6
5.1	43.9	-15.6
-6.0	-52.6	30.5
-1.7	-50.2	33.6
-29.9	-17.5	-8.9
-23.5	-36.0	-15.3
47.1	-25.6	-10.3
-42.9	17.7	-20.7
-31.0	-33.8	-26.5
34.4	-26.3	8.9
-57.7	-26.4	-11.2
-57.6	-12.6	2.1
-34.9	-63.2	19.5
19.3	-34.5	-12.6
-61.0	4.9	-19.4
-41.3	-24.0	31.9
-4.1	-11.6	10.3
-11.8	-11.2	-11.9
6.5	16.3	12.3
9.7	14.3	13.6
-13.5	-55.9	16.4
-13.5	-55.9	16.4
0.0	-27.2	-12.9
61.2	-47.3	10.3
-31.1	-54.1	-41.6
-38.4	-77.3	-23.9
12.6	-36.2	-48.0
20.2	-68.1	-48.8
34.4	28.3	26.6
39.8	-41.4	5.6
-10.6	12.8	9.5
-31.2	-56.1	-53.7
-30.9	-30.5	-12.3
34.4	28.3	26.6
34.4	28.3	26.6
14.2	-52.9	11.4
19.5	-49.7	11.0
19.5	-49.7	11.0
19.5	-49.7	11.0
19.3	-34.5	-12.6
-13.5	-55.9	16.4
-28.8	-26.3	-12.7
-30.9	-30.5	-12.3
-29.9	-27.6	-15.9
-31.0	-31.8	-14.4
-31.0	-31.8	-14.4
-31.0	-31.8	-14.4
19.3	-35.5	-12.5
34.4	28.3	26.6
-30.9	-30.5	-12.3
14.0	0.8	3.5
19.3	-34.5	-12.6
44.0	-17.9	7.0
44.0	-17.9	7.0
44.0	-17.9	7.0
41.9	-19.9	8.3
41.9	-19.9	8.3
41.9	-19.9	8.3
-43.6	-27.8	11.0
-38.2	-31.9	12.4
67.4	-6.4	2.4
-38.2	-31.9	12.4
-57.6	-17.0	0.2
-58.7	-14.7	2.3
-58.7	-14.7	2.3
-57.6	-12.6	2.1
-57.6	-12.6	2.1
67.4	-6.4	2.4
44.0	-16.9	5.8
-38.2	-31.9	12.4
47.0	2.8	-1.5
67.4	-6.4	2.4
47.0	2.8	-1.5
63.0	-2.9	-7.9
65.2	-3.0	-9.0
65.2	-3.0	-9.0
65.2	-3.0	-9.0
-31.4	-25.0	73.1
47.0	2.8	-1.5
47.0	2.8	-1.5
63.0	-2.9	-7.9
63.0	-2.9	-7.9
47.0	2.8	-1.5
66.5	-5.3	16.8
52.6	-74.0	-4.0
52.6	-74.0	-4.0
52.6	-74.0	-4.0
25.6	-28.9	-24.2
-47.7	-55.8	20.1
47.0	2.8	-1.5
-58.7	-14.7	2.3
-38.2	-33.0	11.4

// De Brito SA, 2009: PMID 19293245-1
// Subjects=20
10.0	-1.0	-29.0
40.0	9.0	60.0
43.0	35.0	42.0
-32.0	-39.0	-2.0
66.0	-16.0	32.0
21.0	19.0	-34.0
67.0	-40.0	10.0
17.0	-3.0	-29.0
-21.0	-38.0	-22.0
48.0	-9.0	23.0
17.0	15.0	46.0
-22.0	1.0	-39.0
-16.0	1.0	-41.0
-37.0	-63.0	57.0
-7.0	2.0	40.0
-3.0	42.0	12.0
3.0	20.0	-19.0
58.0	-24.0	-1.0
-2.0	-69.0	-26.0
4.0	-93.0	24.0
1.0	-76.0	-1.0
-19.0	-66.0	45.0
10.0	29.0	22.0
49.0	-8.0	23.0
-40.0	-38.0	46.0
-29.0	-53.0	59.0
-8.0	-59.0	8.0
27.0	-63.0	43.0
27.0	15.0	-34.0
-16.0	-34.0	-9.0
-28.0	-38.0	-4.0
-38.0	-64.0	59.0
44.0	-8.0	12.0
-47.0	-10.0	-37.0
3.0	-84.0	25.0
17.0	16.0	45.0
-1.0	-25.0	39.0

// Assaf M, 2009: PMID 19307050-1
// Subjects=20
3.0	26.0	46.0
-6.0	26.0	46.0
33.0	34.0	-14.0
-48.0	32.0	-2.0
39.0	-59.0	36.0
-59.0	-35.0	-1.0
-30.0	-50.0	49.0
-42.0	-44.0	44.0
-33.0	17.0	-6.0
59.0	-41.0	-11.0
12.0	-80.0	-24.0
52.0	52.0	-5.0
48.0	-10.0	36.0
-30.0	-9.0	-12.0
-3.0	43.0	-20.0
-15.0	4.0	14.0
-3.0	-62.0	45.0
-6.0	-14.0	12.0
-42.0	-47.0	49.0
53.0	-42.0	38.0
-39.0	55.0	0.0
45.0	19.0	35.0
6.0	29.0	46.0
36.0	-65.0	42.0
-51.0	-10.0	36.0
-15.0	-83.0	-21.0
48.0	5.0	36.0
-3.0	49.0	-10.0
-48.0	5.0	38.0
45.0	14.0	-3.0
-39.0	12.0	-1.0
-36.0	-16.0	39.0
44.0	45.0	47.0
-3.0	-22.0	31.0
3.0	22.0	35.0
-3.0	25.0	35.0
6.0	41.0	6.0
3.0	-25.0	34.0
33.0	48.0	24.0
-30.0	45.0	30.0
3.0	2.0	4.0
-45.0	-33.0	43.0
-9.0	-14.0	9.0
9.0	-8.0	9.0
-42.0	-18.0	48.0
36.0	21.0	-3.0
-15.0	8.0	-8.0
21.0	8.0	-8.0
-48.0	16.0	30.0
-3.0	-56.0	36.0
0.0	-42.0	35.0
-48.0	-56.0	36.0
53.0	-56.0	36.0
65.0	-41.0	-6.0
50.0	20.0	2.0
-42.0	-45.0	-18.0
12.0	-20.0	9.0
-12.0	-20.0	1.0
21.0	40.0	39.0
3.0	49.0	-10.0
-27.0	-30.0	-11.0
-12.0	-23.0	7.0
-56.0	-25.0	15.0
53.0	-20.0	15.0
42.0	-3.0	3.0
-3.0	5.0	41.0
3.0	2.0	41.0
-59.0	-22.0	23.0
59.0	-25.0	26.0
42.0	-26.0	12.0
12.0	-17.0	4.0
-12.0	-68.0	48.0
-60.0	-58.0	3.0
-42.0	42.0	15.0
-54.0	-33.0	49.0
9.0	-67.0	53.0
39.0	-38.0	49.0
12.0	-62.0	-12.0
-12.0	-62.0	-17.0
3.0	-74.0	40.0
-9.0	-77.0	40.0
59.0	-61.0	3.0
-30.0	34.0	-19.0
-48.0	42.0	20.0
36.0	45.0	30.0
-24.0	34.0	43.0
42.0	-13.0	37.0
-12.0	20.0	-6.0
-50.0	-67.0	9.0
56.0	-62.0	-10.0
-33.0	-30.0	-21.0
36.0	-24.0	-21.0
39.0	2.0	-15.0
15.0	23.0	-6.0
27.0	9.0	60.0
3.0	14.0	38.0
-39.0	-88.0	-6.0
33.0	-93.0	7.0
-27.0	9.0	60.0
56.0	-9.0	47.0
-56.0	-9.0	45.0
-9.0	-18.0	-4.0
12.0	11.0	-13.0
-6.0	8.0	-11.0
12.0	34.0	-17.0
9.0	-15.0	-4.0
0.0	11.0	49.0
-3.0	8.0	49.0
48.0	-56.0	-12.0
59.0	11.0	35.0
-53.0	5.0	41.0
-9.0	43.0	-20.0

// Copland DA, 2009: PMID 19321651-1
// Subjects=20
-24.0	24.0	57.0
-63.0	-3.0	9.0
-57.0	-48.0	6.0
-18.0	15.0	63.0
-36.0	15.0	-12.0
-30.0	-27.0	-12.0
21.0	-6.0	-24.0
-54.0	-45.0	15.0
-36.0	9.0	27.0
42.0	12.0	-9.0
-3.0	33.0	21.0
9.0	36.0	21.0
60.0	-27.0	21.0
57.0	18.0	15.0
54.0	-9.0	-15.0
-9.0	-9.0	12.0
-33.0	15.0	51.0
9.0	-18.0	-3.0
-18.0	-69.0	27.0
-63.0	-45.0	18.0
-24.0	-36.0	-9.0
9.0	-24.0	39.0
-9.0	-27.0	36.0
-27.0	12.0	48.0
60.0	-27.0	-9.0

// Bai L, 2009: PMID 19350547-1
// Subjects=20
45.0	-39.0	45.0
-27.0	-61.0	1.0
45.0	-39.0	45.0
45.0	-39.0	45.0
-63.0	-27.0	30.0
6.0	-54.0	-27.0
-27.0	-70.0	-9.0
-3.0	-54.0	-27.0
-3.0	-48.0	-21.0
-3.0	-54.0	-27.0
-3.0	-54.0	-27.0
-3.0	-48.0	-27.0
45.0	-39.0	33.0
-3.0	-48.0	-21.0
-3.0	-54.0	-30.0
-3.0	-48.0	-21.0
-4.0	-54.0	-21.0
-4.0	-54.0	-18.0
-3.0	-54.0	-27.0
-18.0	-84.0	7.0
24.0	-70.0	45.0
59.0	-26.0	33.0
-4.0	-54.0	-18.0
-27.0	-84.0	7.0
-27.0	-70.0	7.0
-27.0	-70.0	-9.0
-27.0	-70.0	-9.0
-18.0	-84.0	6.0
-27.0	-70.0	-9.0
24.0	-70.0	39.0
45.0	-26.0	33.0
24.0	-39.0	45.0
-24.0	-72.0	28.0
-24.0	-72.0	36.0
-24.0	-72.0	36.0
-24.0	-72.0	36.0
-63.0	-72.0	36.0
-63.0	-27.0	36.0
-63.0	-27.0	30.0
-63.0	-27.0	30.0
-36.0	17.0	-6.0
-4.0	-54.0	-18.0
18.0	-81.0	6.0
6.0	-57.0	-21.0
-24.0	-30.0	28.0
-36.0	22.0	0.0
30.0	-47.0	53.0
-53.0	-29.0	-1.0
-30.0	-39.0	-16.0
-30.0	-39.0	-16.0
-30.0	-39.0	-16.0
-30.0	-39.0	-16.0
-30.0	-44.0	-16.0
30.0	-47.0	53.0
-30.0	-44.0	-13.0
-30.0	-44.0	-13.0
62.0	-24.0	-6.0
33.0	-39.0	-18.0
33.0	-39.0	-18.0
33.0	-39.0	-18.0
36.0	-39.0	-18.0
36.0	-39.0	-18.0
-30.0	-44.0	-13.0
-36.0	22.0	-6.0
6.0	-57.0	-21.0
-18.0	-84.0	7.0
18.0	-84.0	15.0
6.0	-54.0	-21.0
-4.0	-48.0	-21.0
-27.0	-61.0	1.0
-3.0	-57.0	-30.0
18.0	-84.0	15.0
-27.0	-61.0	1.0
6.0	-71.0	31.0
18.0	-71.0	31.0
18.0	-78.0	31.0
18.0	-78.0	6.0
18.0	-78.0	6.0
18.0	-78.0	6.0
-3.0	-57.0	-30.0
18.0	-78.0	6.0
18.0	-81.0	12.0
18.0	-81.0	12.0
18.0	-81.0	12.0
18.0	-81.0	12.0
18.0	-84.0	12.0
18.0	-84.0	15.0
-18.0	-84.0	7.0
-30.0	-12.0	-17.0
24.0	-70.0	39.0
4.0	-57.0	-30.0
9.0	-57.0	-30.0
9.0	-63.0	-30.0
9.0	-63.0	-6.0
9.0	-63.0	-6.0
9.0	-63.0	-6.0
-15.0	-60.0	-18.0
-18.0	-60.0	-18.0
4.0	-57.0	-30.0
-18.0	-63.0	-18.0
-18.0	-63.0	-21.0
15.0	-57.0	-15.0
-33.0	-63.0	-21.0
-33.0	-63.0	-21.0
-33.0	-63.0	-18.0
15.0	-75.0	-15.0
-27.0	-13.0	-17.0
15.0	-75.0	-18.0
-18.0	-63.0	-21.0
4.0	-57.0	-30.0
4.0	-57.0	-27.0
-33.0	-63.0	-18.0
36.0	-39.0	-16.0
-36.0	-66.0	-18.0
15.0	-66.0	-12.0
-36.0	-66.0	-21.0
-36.0	-66.0	-21.0
-36.0	-66.0	-21.0
18.0	-66.0	-12.0
15.0	-78.0	-12.0
21.0	-57.0	-18.0
15.0	-78.0	-18.0
15.0	-78.0	-18.0
21.0	-78.0	-18.0
-36.0	-63.0	-18.0
21.0	-57.0	-15.0
21.0	-57.0	-15.0
21.0	-57.0	-15.0
15.0	-78.0	-18.0
-33.0	-63.0	-18.0
-18.0	-63.0	-21.0
33.0	-27.0	-19.0
33.0	-15.0	-19.0
33.0	-15.0	-17.0
33.0	-15.0	-17.0
-24.0	-12.0	-17.0
-24.0	-36.0	-13.0
-24.0	-36.0	-13.0
-24.0	-36.0	-13.0
27.0	-27.0	-19.0
27.0	-27.0	-19.0
27.0	-27.0	-19.0
27.0	-27.0	-19.0
-24.0	-36.0	-17.0
6.0	-54.0	-27.0
-27.0	-61.0	-9.0
6.0	-54.0	-27.0
24.0	-70.0	39.0
24.0	-70.0	39.0
24.0	-75.0	39.0
24.0	-75.0	39.0
24.0	-75.0	39.0
24.0	-75.0	39.0
-3.0	-67.0	6.0
27.0	-27.0	-19.0
-18.0	-67.0	6.0
-30.0	-12.0	-17.0
-30.0	-12.0	-17.0
33.0	-15.0	-17.0
-30.0	17.0	-6.0
-30.0	17.0	-6.0
27.0	-27.0	-19.0
-30.0	17.0	-6.0
-30.0	17.0	-6.0
-30.0	17.0	-6.0
-30.0	17.0	-6.0
-30.0	17.0	-6.0
-30.0	17.0	-6.0
-30.0	17.0	-6.0
4.0	-54.0	-27.0
-30.0	17.0	-6.0
-30.0	17.0	-6.0
27.0	-27.0	-19.0
27.0	-27.0	-19.0
15.0	-75.0	-18.0
15.0	-75.0	-18.0
-30.0	-13.0	-17.0
-30.0	-12.0	-17.0
30.0	-47.0	53.0
56.0	4.0	27.0
63.0	-21.0	0.0
4.0	48.0	-11.0
4.0	48.0	-11.0
4.0	48.0	-11.0
4.0	48.0	-14.0
4.0	41.0	-14.0
-5.0	48.0	-12.0
-3.0	14.0	55.0
-5.0	48.0	-12.0
-5.0	48.0	-12.0
-4.0	43.0	-8.0
3.0	-20.0	49.0
4.0	48.0	-19.0
3.0	-20.0	49.0
4.0	-18.0	56.0
-43.0	-21.0	2.0
42.0	-36.0	43.0
-42.0	-21.0	2.0
12.0	-72.0	26.0
-28.0	-5.0	-15.0
-28.0	0.0	-15.0
-26.0	0.0	-15.0
-26.0	0.0	-15.0
-26.0	0.0	-15.0
-39.0	-27.0	46.0
3.0	-20.0	49.0
4.0	48.0	-19.0
5.0	41.0	-14.0
4.0	48.0	-19.0
-55.0	-22.0	-14.0
-55.0	-22.0	-14.0
-55.0	-22.0	-14.0
-56.0	12.0	13.0
-29.0	29.0	-9.0
-57.0	-29.0	23.0
52.0	-27.0	18.0
56.0	-26.0	21.0
56.0	-26.0	21.0
56.0	-26.0	19.0
56.0	-27.0	19.0
52.0	-27.0	19.0
52.0	-27.0	19.0
52.0	-27.0	19.0
52.0	-28.0	18.0
-3.0	14.0	55.0
56.0	-28.0	18.0
56.0	-28.0	18.0
56.0	-28.0	32.0
56.0	-28.0	32.0
53.0	-28.0	32.0
-57.0	-29.0	23.0
-57.0	-29.0	23.0
56.0	-26.0	21.0
-3.0	14.0	55.0
12.0	-72.0	26.0
-55.0	-22.0	-14.0
12.0	-72.0	26.0
12.0	-72.0	43.0
6.0	-90.0	5.0
3.0	-87.0	2.0
3.0	-87.0	2.0
3.0	-84.0	2.0
-42.0	-73.0	-4.0
-42.0	-73.0	-4.0
-42.0	-73.0	-4.0
-6.0	-93.0	2.0
6.0	-90.0	5.0
-18.0	-98.0	16.0
6.0	-90.0	5.0
-15.0	-38.0	2.0
15.0	-95.0	19.0
-3.0	-72.0	15.0
-3.0	-72.0	15.0
-9.0	-93.0	5.0
-57.0	-30.0	28.0
3.0	-87.0	2.0
-42.0	-74.0	-14.0
42.0	12.0	-18.0
63.0	-21.0	0.0
63.0	-12.0	0.0
62.0	-12.0	0.0
62.0	-12.0	0.0
-3.0	-72.0	15.0
63.0	-21.0	0.0
-27.0	-53.0	50.0
-22.0	0.0	-18.0
12.0	-36.0	43.0
42.0	-36.0	43.0
42.0	-36.0	43.0
-21.0	-50.0	44.0
-21.0	-50.0	44.0
-21.0	-50.0	44.0
-28.0	-5.0	-18.0
-28.0	-5.0	-18.0
63.0	-21.0	0.0
28.0	-6.0	-21.0
-15.0	-38.0	-20.0
-15.0	-26.0	-20.0
-28.0	-26.0	-20.0
28.0	-3.0	-22.0
28.0	-3.0	-22.0
28.0	-3.0	-22.0
28.0	-3.0	-21.0
27.0	-6.0	-21.0
-22.0	-5.0	-18.0
27.0	-6.0	-21.0
27.0	-6.0	-21.0
18.0	-6.0	-12.0
-22.0	0.0	-15.0
-22.0	0.0	-15.0
-22.0	0.0	-15.0
-28.0	-5.0	-18.0
54.0	-54.0	-10.0
54.0	-54.0	-10.0
54.0	-54.0	-10.0
2.0	-33.0	-41.0
-4.0	-29.0	-9.0
-15.0	-33.0	71.0
2.0	-36.0	-40.0
2.0	-36.0	-40.0
2.0	-36.0	-40.0
2.0	-36.0	-41.0
2.0	-33.0	-41.0
-4.0	-29.0	-9.0
12.0	-18.0	-9.0
12.0	-21.0	-9.0
-62.0	-30.0	32.0
12.0	-21.0	-9.0
42.0	-14.0	3.0
45.0	-14.0	3.0
45.0	-14.0	3.0
45.0	-14.0	3.0
45.0	-14.0	3.0
45.0	-18.0	3.0
42.0	-18.0	3.0
42.0	-18.0	3.0
42.0	-18.0	3.0
42.0	-18.0	-5.0
42.0	-14.0	-5.0
42.0	-17.0	3.0
-62.0	-20.0	14.0
-62.0	-20.0	14.0
-62.0	-20.0	14.0
3.0	-28.0	-8.0
-2.0	-33.0	-41.0
-2.0	-33.0	-41.0
-2.0	-33.0	-40.0
-2.0	-36.0	-40.0
-2.0	-36.0	-40.0
-2.0	-36.0	-40.0
-2.0	-36.0	-40.0
-4.0	-29.0	-12.0
3.0	-28.0	-8.0
3.0	-28.0	-8.0
-4.0	-29.0	-12.0
-4.0	-29.0	-12.0
-4.0	-29.0	-9.0
-4.0	-29.0	-9.0
2.0	-33.0	-41.0
-4.0	-29.0	-9.0
-2.0	-33.0	-41.0
-50.0	-30.0	32.0
2.0	-33.0	-41.0
-62.0	-20.0	32.0
-62.0	-25.0	29.0
-62.0	-25.0	29.0
-62.0	-25.0	14.0
-62.0	-20.0	14.0
42.0	-14.0	-5.0
-43.0	-15.0	-2.0
-43.0	-15.0	-2.0
-43.0	-15.0	-2.0
56.0	13.0	21.0
56.0	13.0	21.0
56.0	13.0	21.0
56.0	13.0	21.0
-56.0	-55.0	-14.0
56.0	13.0	19.0
-36.0	29.0	-4.0
-36.0	29.0	-4.0
-36.0	29.0	-4.0
-36.0	29.0	13.0
-36.0	12.0	13.0
-56.0	12.0	13.0
-56.0	-55.0	-14.0
-56.0	-55.0	-14.0
-56.0	12.0	13.0
44.0	-55.0	-10.0
-42.0	-21.0	2.0
-57.0	-30.0	30.0
-57.0	-24.0	30.0
-56.0	-24.0	30.0
44.0	-55.0	-15.0
44.0	-55.0	-15.0
44.0	-55.0	-15.0
44.0	-54.0	-10.0
-55.0	-55.0	-14.0
56.0	13.0	21.0
62.0	-12.0	-18.0
56.0	13.0	21.0
-54.0	-57.0	-12.0
-43.0	-15.0	2.0
42.0	-17.0	3.0
42.0	-17.0	3.0
42.0	-17.0	3.0
12.0	-18.0	-4.0
12.0	-21.0	-9.0
12.0	-21.0	-9.0
12.0	-18.0	-9.0
12.0	-18.0	-9.0
12.0	-18.0	-9.0
-57.0	-25.0	29.0
12.0	-18.0	-4.0
3.0	-18.0	-4.0
-9.0	-29.0	7.0
-15.0	-21.0	-6.0
-15.0	-21.0	-6.0
-15.0	-21.0	-6.0
-15.0	-21.0	-4.0
-15.0	-18.0	-4.0
-3.0	-18.0	-4.0
6.0	-14.0	9.0
-62.0	-25.0	29.0
56.0	-28.0	18.0
-57.0	-29.0	29.0
56.0	13.0	21.0
56.0	13.0	21.0
62.0	12.0	-18.0
62.0	-12.0	0.0
-42.0	-74.0	-14.0
36.0	-8.0	14.0
36.0	-8.0	14.0
33.0	21.0	13.0
-36.0	22.0	0.0
45.0	-29.0	53.0
45.0	-26.0	51.0
-62.0	-8.0	14.0
-59.0	-28.0	17.0
-62.0	-8.0	14.0
-62.0	-8.0	14.0
-62.0	-8.0	21.0
-62.0	-28.0	21.0
-59.0	-28.0	21.0
-59.0	-28.0	21.0
-59.0	-28.0	21.0
-59.0	-5.0	17.0
45.0	-26.0	51.0
-59.0	-5.0	17.0
-59.0	-5.0	17.0
-59.0	-5.0	17.0
-59.0	-5.0	21.0
-59.0	-28.0	21.0
-53.0	-28.0	21.0
45.0	-26.0	51.0
56.0	47.0	0.0
36.0	-8.0	14.0
56.0	4.0	27.0
-50.0	-31.0	21.0
45.0	-26.0	53.0
-30.0	20.0	-9.0
-30.0	20.0	-9.0
-30.0	20.0	-9.0
-30.0	20.0	-9.0
-30.0	20.0	-9.0
13.0	28.0	32.0
-45.0	10.0	27.0
4.0	45.0	-14.0
4.0	45.0	-14.0
4.0	45.0	-14.0
4.0	45.0	32.0
4.0	28.0	32.0
13.0	28.0	32.0
45.0	18.0	7.0
59.0	-28.0	21.0
56.0	4.0	0.0
-30.0	-28.0	18.0
45.0	-29.0	53.0
45.0	-29.0	53.0
45.0	-29.0	53.0
39.0	-30.0	66.0
42.0	-11.0	17.0
42.0	-11.0	17.0
42.0	-11.0	17.0
-30.0	-28.0	18.0
-30.0	-28.0	18.0
42.0	12.0	-18.0
-36.0	22.0	0.0
27.0	-39.0	-18.0
12.0	-74.0	-24.0
21.0	-50.0	-13.0
21.0	-41.0	-13.0
21.0	-41.0	-13.0
21.0	-41.0	-13.0
21.0	-41.0	-13.0
-27.0	-39.0	-16.0
36.0	-39.0	-16.0
56.0	4.0	27.0
30.0	-47.0	49.0
30.0	-47.0	52.0
30.0	-47.0	52.0
30.0	-47.0	52.0
30.0	-47.0	49.0
30.0	-47.0	49.0
30.0	-47.0	49.0
30.0	-47.0	49.0
-21.0	-75.0	23.0
30.0	-47.0	52.0
-21.0	-75.0	23.0
-21.0	-75.0	23.0
-50.0	-28.0	24.0
50.0	-2.0	19.0
50.0	-2.0	19.0
50.0	-2.0	19.0
21.0	-50.0	-18.0
-24.0	-39.0	-18.0
21.0	-41.0	-18.0
-12.0	-59.0	-15.0
-18.0	-45.0	-23.0
-18.0	-45.0	-23.0
-18.0	-45.0	-23.0
-18.0	-45.0	-18.0
-18.0	-39.0	-18.0
-24.0	-39.0	-18.0
-24.0	-39.0	-18.0
27.0	-39.0	-18.0
-24.0	-39.0	-18.0
-24.0	-39.0	-18.0
-24.0	-39.0	-18.0
-24.0	-39.0	-18.0
-24.0	-39.0	-18.0
-24.0	-39.0	-16.0
-24.0	-39.0	-16.0
27.0	-39.0	-18.0
21.0	-39.0	-18.0
36.0	-39.0	-16.0
-12.0	-59.0	-15.0
-9.0	-56.0	-12.0
-9.0	-56.0	-12.0
-9.0	-56.0	-12.0
-9.0	-56.0	-15.0
-9.0	-59.0	-15.0
-12.0	-59.0	-15.0
21.0	-50.0	-18.0
-30.0	20.0	-9.0
-30.0	20.0	-9.0
-30.0	20.0	-9.0
-3.0	-6.0	-8.0
44.0	13.0	0.0
-43.0	-2.0	0.0
-43.0	-2.0	0.0
-43.0	-2.0	0.0
-42.0	-2.0	-5.0
44.0	13.0	4.0
44.0	13.0	4.0
44.0	13.0	4.0
44.0	19.0	0.0
34.0	21.0	2.0
34.0	21.0	3.0
39.0	19.0	0.0
39.0	19.0	0.0
39.0	19.0	2.0
39.0	21.0	2.0
34.0	21.0	2.0
34.0	21.0	2.0
-3.0	-3.0	-8.0
-3.0	-6.0	-8.0
-30.0	-38.0	2.0
-30.0	-13.0	-17.0
39.0	47.0	0.0
27.0	-27.0	-19.0
39.0	19.0	0.0
36.0	20.0	3.0
-3.0	-3.0	-7.0
-3.0	-3.0	-7.0
42.0	12.0	-18.0
42.0	12.0	-16.0
42.0	8.0	-16.0
48.0	8.0	-16.0
-45.0	-43.0	21.0
30.0	-87.0	2.0
-42.0	-74.0	-14.0
-15.0	-38.0	2.0
-15.0	-38.0	2.0
-42.0	-21.0	2.0
3.0	-4.0	-9.0
-36.0	21.0	3.0
-36.0	21.0	3.0
-36.0	21.0	3.0
-39.0	20.0	2.0
3.0	-4.0	-8.0
3.0	-4.0	-8.0
3.0	-4.0	-8.0
3.0	-4.0	-9.0
34.0	20.0	3.0
3.0	-4.0	-9.0
3.0	-4.0	-9.0
3.0	-4.0	-9.0
4.0	-6.0	-7.0
-3.0	-3.0	-7.0
27.0	-27.0	-16.0
27.0	-27.0	-16.0
27.0	-27.0	-19.0
26.0	-27.0	-16.0
6.0	45.0	3.0
26.0	-27.0	-16.0
21.0	-50.0	-18.0
-57.0	-30.0	28.0
-3.0	14.0	44.0
4.0	44.0	-9.0
4.0	44.0	-9.0
4.0	44.0	-9.0
4.0	44.0	-14.0
4.0	41.0	-14.0
4.0	41.0	-14.0
6.0	45.0	3.0
-3.0	14.0	44.0
13.0	28.0	-9.0
-48.0	21.0	-7.0
48.0	-21.0	45.0
48.0	-21.0	45.0
48.0	-21.0	45.0
48.0	-21.0	7.0
48.0	18.0	7.0
45.0	18.0	7.0
13.0	44.0	-9.0
13.0	28.0	32.0
45.0	18.0	7.0
-3.0	14.0	44.0
6.0	45.0	3.0
-57.0	-30.0	28.0
6.0	44.0	2.0
26.0	-27.0	-16.0
-30.0	-13.0	-17.0
-6.0	27.0	23.0
-30.0	-13.0	-17.0
-30.0	-13.0	-18.0
-30.0	-12.0	-18.0
-30.0	-12.0	-18.0
-30.0	-12.0	-18.0
6.0	44.0	3.0
-30.0	-12.0	2.0
27.0	-27.0	-19.0
4.0	32.0	22.0
-30.0	-12.0	-18.0
6.0	42.0	2.0
6.0	44.0	2.0
6.0	44.0	2.0
6.0	45.0	3.0
-3.0	-6.0	-8.0
6.0	42.0	1.0
6.0	42.0	1.0
6.0	44.0	2.0
6.0	42.0	1.0
-3.0	-19.0	36.0
4.0	-45.0	26.0
-3.0	-3.0	-9.0
-3.0	-6.0	-8.0
30.0	-47.0	52.0

// Qin S, 2009: PMID 19403118-1
// Subjects=20
-30.0	2.0	58.0
32.0	24.0	0.0
36.0	48.0	18.0
-34.0	52.0	14.0
-44.0	-42.0	50.0
40.0	-44.0	46.0
18.0	-66.0	60.0
-14.0	-68.0	58.0
18.0	-4.0	0.0
28.0	4.0	58.0
-30.0	-58.0	-34.0
30.0	-58.0	-32.0
-28.0	24.0	4.0
30.0	46.0	20.0
-16.0	-4.0	0.0
-36.0	48.0	8.0
6.0	-52.0	16.0
-6.0	-54.0	16.0
0.0	58.0	2.0
26.0	-18.0	-18.0
10.0	52.0	-6.0
26.0	-42.0	-10.0
-28.0	-40.0	-10.0
-44.0	-6.0	-4.0
-4.0	-40.0	28.0
12.0	46.0	-12.0
-26.0	-26.0	-14.0
42.0	-16.0	0.0

// Crescentini C, 2010: PMID 19413479-1
// Subjects=20
36.0	-62.0	-32.0
-40.0	-50.0	-24.0
10.0	-80.0	8.0
-28.0	-92.0	18.0
34.0	-94.0	2.0
-20.0	-92.0	-12.0
-12.0	-68.0	-4.0
-10.0	-80.0	8.0
32.0	-82.0	-16.0
-6.0	-6.0	6.0
-56.0	12.0	-8.0
-42.0	-84.0	-4.0
-42.0	6.0	30.0
-46.0	0.0	56.0
-20.0	10.0	-2.0
-34.0	20.0	4.0
-22.0	-12.0	-10.0
-10.0	-14.0	8.0
18.0	-96.0	-6.0
-44.0	4.0	40.0
-40.0	8.0	30.0
12.0	-16.0	2.0
-16.0	-14.0	-14.0
-6.0	16.0	54.0
-10.0	24.0	40.0
10.0	20.0	44.0
48.0	-10.0	34.0
24.0	10.0	0.0
20.0	-8.0	-4.0
-26.0	-60.0	54.0
8.0	-20.0	-14.0
-20.0	-64.0	50.0
-6.0	18.0	52.0
-8.0	24.0	40.0
-20.0	30.0	58.0
10.0	-82.0	-30.0
-12.0	-70.0	-10.0
38.0	-64.0	-32.0
-38.0	-66.0	-28.0
16.0	-98.0	2.0
-52.0	-52.0	-14.0
30.0	-84.0	-6.0
30.0	-2.0	12.0
-6.0	-26.0	-18.0
-44.0	-20.0	4.0
-14.0	-4.0	6.0
10.0	2.0	0.0
-16.0	-14.0	26.0
18.0	-2.0	26.0
38.0	-36.0	-6.0
30.0	-40.0	16.0
-28.0	-70.0	44.0
-22.0	14.0	-8.0
32.0	24.0	-6.0
-16.0	8.0	-2.0
-46.0	-8.0	-6.0
-44.0	-20.0	32.0
-38.0	24.0	-6.0
-58.0	-10.0	32.0
-56.0	-12.0	-12.0
-22.0	-36.0	-6.0
52.0	-28.0	4.0
-42.0	-42.0	38.0
-18.0	10.0	-4.0
-52.0	10.0	-2.0
12.0	-38.0	-40.0
56.0	-32.0	14.0
56.0	-16.0	-4.0
24.0	6.0	12.0
50.0	-4.0	20.0
-32.0	-14.0	-10.0
-6.0	20.0	22.0
22.0	-62.0	18.0
-4.0	-66.0	32.0
-22.0	-64.0	18.0
38.0	-14.0	0.0
-14.0	-74.0	-12.0
-10.0	-60.0	-22.0
-46.0	-20.0	-8.0
-54.0	-10.0	-20.0
6.0	-24.0	-16.0
22.0	-60.0	18.0
6.0	-62.0	32.0
-52.0	34.0	6.0
-42.0	-10.0	42.0
-42.0	4.0	32.0

// Berkman ET, 2009: PMID 19426813-1
// Subjects=20
44.0	-60.0	-10.0
46.0	48.0	18.0
-8.0	6.0	68.0
20.0	-6.0	-24.0
-6.0	48.0	-22.0
40.0	20.0	4.0
-56.0	10.0	40.0
4.0	32.0	18.0
54.0	-4.0	-4.0
12.0	-24.0	66.0
-48.0	18.0	10.0
-28.0	62.0	26.0
40.0	52.0	28.0
-28.0	-10.0	-24.0
-30.0	-24.0	-10.0
32.0	-28.0	-10.0
44.0	16.0	-6.0
-6.0	12.0	48.0
22.0	-2.0	-24.0
-54.0	30.0	18.0
-2.0	4.0	66.0
24.0	2.0	8.0
-22.0	4.0	2.0
-20.0	-4.0	-24.0
40.0	-84.0	-12.0
-24.0	-80.0	-12.0
40.0	6.0	62.0
-50.0	12.0	-10.0
-56.0	-8.0	-16.0
-44.0	-54.0	-22.0
38.0	-56.0	-30.0
40.0	24.0	6.0
28.0	-26.0	-10.0
-18.0	-4.0	-28.0
-22.0	4.0	-4.0
-6.0	12.0	44.0
-10.0	6.0	64.0
56.0	-30.0	32.0
-22.0	-16.0	-16.0
48.0	20.0	-22.0
38.0	24.0	-12.0
-6.0	12.0	44.0
-26.0	48.0	22.0
48.0	42.0	26.0
54.0	-42.0	8.0
28.0	8.0	-2.0
10.0	14.0	40.0
56.0	10.0	-12.0
2.0	24.0	-4.0
36.0	46.0	-10.0
40.0	16.0	-18.0
44.0	52.0	22.0
-38.0	54.0	24.0
42.0	18.0	0.0
10.0	-24.0	-16.0
-10.0	-24.0	-18.0
-8.0	6.0	64.0
52.0	4.0	40.0
24.0	-76.0	-10.0
-22.0	-82.0	-18.0
-54.0	8.0	-12.0
52.0	30.0	24.0
18.0	36.0	-12.0
2.0	12.0	44.0
2.0	-94.0	-2.0
12.0	-24.0	68.0
-44.0	6.0	32.0
28.0	-4.0	-24.0
-52.0	-8.0	4.0
-10.0	2.0	-4.0
-10.0	68.0	14.0
-22.0	-32.0	74.0
24.0	-54.0	72.0
-36.0	24.0	-6.0
-14.0	-6.0	-30.0
-8.0	-52.0	74.0
22.0	-10.0	-22.0
42.0	18.0	-6.0
-36.0	18.0	-6.0
-12.0	18.0	50.0
40.0	50.0	-6.0
-22.0	0.0	-24.0
-26.0	-6.0	-22.0
14.0	-90.0	-14.0
-30.0	-20.0	-26.0
-8.0	16.0	46.0
-18.0	-2.0	16.0
-10.0	-10.0	8.0
-16.0	-88.0	-12.0
40.0	20.0	6.0
-50.0	38.0	26.0
48.0	26.0	22.0
48.0	2.0	40.0
-56.0	8.0	42.0
-36.0	24.0	2.0
-20.0	-86.0	-10.0
-28.0	-8.0	-22.0
28.0	-6.0	-22.0
16.0	-22.0	70.0
-36.0	24.0	-2.0
-48.0	42.0	2.0
24.0	-78.0	-10.0

// Sehm B, 2010: PMID 19435709-1
// Subjects=20
-18.0	-42.0	3.0
-28.0	-34.0	3.0
-36.0	-28.0	3.0
-34.0	-32.0	3.0
-28.0	-42.0	3.0

// Fernandez-Seara MA, 2009: PMID 19481611-1
// Subjects=20
38.0	42.0	40.0
-42.0	38.0	32.0
6.0	10.0	50.0
-6.0	12.0	50.0
-36.0	-16.0	58.0
46.0	-2.0	46.0
-34.0	-24.0	56.0
-32.0	-56.0	32.0
-46.0	36.0	26.0
-6.0	-10.0	52.0
44.0	12.0	30.0
-10.0	-64.0	58.0
18.0	20.0	-20.0
-10.0	18.0	38.0
14.0	14.0	40.0
-28.0	20.0	12.0
32.0	30.0	8.0
8.0	-82.0	44.0
30.0	-54.0	48.0
12.0	-54.0	50.0
-20.0	-70.0	42.0
24.0	-68.0	44.0
-22.0	14.0	-22.0
-60.0	-20.0	40.0
12.0	2.0	12.0
36.0	-52.0	41.0
14.0	-92.0	-14.0
-46.0	-74.0	6.0
14.0	-78.0	-2.0
-28.0	-96.0	-6.0
54.0	-62.0	-6.0
-6.0	-74.0	-4.0
-10.0	-18.0	12.0
-50.0	-58.0	-2.0
52.0	-42.0	2.0
-44.0	-52.0	6.0
-44.0	-40.0	34.0
50.0	30.0	30.0
46.0	-74.0	6.0
10.0	-12.0	12.0
-30.0	10.0	4.0
30.0	18.0	2.0
-18.0	12.0	16.0
-42.0	-44.0	56.0
-2.0	-12.0	52.0
-48.0	-2.0	46.0
-42.0	38.0	34.0
-46.0	30.0	26.0
-14.0	-74.0	48.0
-32.0	-48.0	42.0
-32.0	-54.0	62.0
-46.0	-28.0	48.0
-6.0	-38.0	16.0
-36.0	-4.0	10.0
14.0	2.0	12.0
-54.0	-58.0	-8.0
-32.0	-34.0	-8.0
-30.0	-96.0	0.0
-46.0	-76.0	8.0
-28.0	-6.0	4.0
52.0	10.0	44.0
2.0	12.0	52.0
50.0	34.0	30.0
42.0	14.0	30.0
16.0	-10.0	24.0
-12.0	-44.0	8.0
66.0	-46.0	-12.0
8.0	-80.0	46.0
32.0	-92.0	2.0
14.0	-44.0	2.0
16.0	-92.0	-14.0
50.0	-56.0	-4.0
42.0	-54.0	10.0
40.0	-48.0	32.0
34.0	-68.0	58.0
40.0	-62.0	12.0
12.0	30.0	34.0
-34.0	8.0	44.0
46.0	48.0	-6.0
-30.0	-2.0	52.0
18.0	-18.0	64.0
30.0	4.0	46.0
-26.0	30.0	28.0
26.0	48.0	2.0
30.0	18.0	-12.0
-38.0	-38.0	46.0
-42.0	-46.0	40.0
-40.0	6.0	-18.0
42.0	14.0	-32.0
24.0	-18.0	68.0
-40.0	-22.0	-14.0
-30.0	-12.0	-10.0
-28.0	-58.0	32.0
18.0	-10.0	24.0
6.0	-90.0	28.0
-46.0	-2.0	-18.0
6.0	-40.0	14.0
-4.0	-42.0	20.0
-32.0	-14.0	-12.0
-50.0	-52.0	12.0
-26.0	36.0	30.0
18.0	-2.0	4.0
20.0	-86.0	44.0
34.0	-10.0	0.0

// Trautmann SA, 2009: PMID 19501062-1
// Subjects=20
55.0	-68.0	-5.0
55.0	-66.0	3.0
-42.0	-43.0	-15.0
-51.0	-69.0	13.0
-36.0	-55.0	-21.0
-50.0	-53.0	21.0
-53.0	-41.0	35.0
50.0	-79.0	9.0
-40.0	-64.0	9.0
67.0	-43.0	28.0
-46.0	24.0	17.0
46.0	-35.0	5.0
18.0	1.0	-20.0
28.0	7.0	-24.0
22.0	-5.0	-30.0
-10.0	44.0	25.0
-55.0	18.0	6.0
-57.0	17.0	-6.0
-46.0	27.0	2.0
-59.0	22.0	12.0
67.0	-44.0	13.0
6.0	15.0	62.0
0.0	5.0	61.0
-2.0	5.0	53.0
-2.0	17.0	60.0
-26.0	-97.0	10.0
59.0	12.0	36.0
55.0	4.0	40.0
63.0	9.0	16.0
-24.0	4.0	-34.0
-20.0	-6.0	-13.0
-20.0	4.0	0.0
20.0	-12.0	-13.0
0.0	-54.0	12.0
4.0	-12.0	-11.0
-53.0	30.0	21.0
-26.0	-80.0	-16.0
-42.0	-78.0	-15.0
-42.0	-57.0	-16.0
-18.0	-92.0	27.0
16.0	-90.0	-4.0
14.0	-78.0	-11.0
18.0	-82.0	-6.0
14.0	-95.0	10.0
12.0	-94.0	23.0
10.0	-84.0	30.0
-32.0	-74.0	37.0
-34.0	-73.0	-18.0
46.0	-67.0	-17.0
24.0	-83.0	-29.0
-6.0	7.0	-7.0
51.0	-62.0	12.0
-4.0	52.0	-4.0
-2.0	48.0	-14.0
-2.0	5.0	51.0
-40.0	-5.0	61.0
-38.0	-12.0	63.0
4.0	21.0	63.0
26.0	-56.0	-38.0
12.0	-94.0	29.0
-28.0	18.0	8.0
-51.0	-53.0	21.0
20.0	-64.0	-34.0
20.0	-89.0	15.0
18.0	-43.0	4.0
12.0	-96.0	21.0
22.0	-96.0	23.0
26.0	-92.0	27.0
51.0	-70.0	7.0
28.0	-82.0	1.0
4.0	-52.0	12.0
16.0	-50.0	8.0
-44.0	-74.0	31.0
-18.0	-28.0	-10.0
-44.0	-43.0	-15.0
-28.0	-29.0	-7.0
-53.0	-67.0	25.0
53.0	-68.0	7.0
42.0	-62.0	10.0
55.0	-8.0	-13.0
-32.0	-74.0	37.0
-24.0	23.0	36.0
-4.0	45.0	12.0
-10.0	34.0	-20.0
-57.0	-35.0	2.0
-6.0	19.0	-14.0
-38.0	16.0	-23.0
-55.0	18.0	8.0
-12.0	32.0	-17.0
-59.0	24.0	12.0
-20.0	32.0	-18.0
59.0	12.0	36.0
-12.0	-1.0	-13.0
20.0	-12.0	-15.0
-22.0	9.0	-21.0
-4.0	-3.0	-12.0
-55.0	1.0	-27.0
61.0	-60.0	9.0
-46.0	-44.0	-16.0

// Stein M, 2009: PMID 19501603-1
// Subjects=20
23.5	19.9	1.8
-27.3	-51.0	39.6
20.6	-89.0	-2.4
-36.1	-0.9	27.6
30.1	-86.6	-12.8
-7.0	1.6	57.2
44.0	-58.6	-10.8
-53.1	-16.6	32.5
34.3	-31.6	-4.0
29.8	38.2	-9.8
-32.9	-23.8	19.5
23.8	-13.2	28.0
30.1	5.1	16.3
-50.3	31.9	-1.7
-14.7	-40.6	7.3
-37.1	-83.3	-5.6
-50.1	-68.0	-13.4
-21.2	-83.7	-12.4
-21.1	-89.8	-8.6
-34.3	-30.5	-25.6
-27.8	-23.0	-10.7
-31.0	-7.7	-5.3
-18.0	1.9	20.5
-18.2	-3.3	-5.8
33.1	32.6	0.6
-40.1	-21.1	56.1
-21.1	-86.1	-2.2
-46.6	-19.0	42.7
26.6	25.2	-12.1
36.5	-60.4	-5.0
-50.1	30.2	18.5
20.3	20.1	5.2
-52.1	12.3	34.5
17.3	-4.9	11.8
-30.6	7.0	47.0
26.9	-86.6	-12.7
-40.4	8.1	20.3
16.3	-92.8	-9.9
-47.2	24.3	-17.8
46.1	-51.3	-12.6
-34.3	34.6	-8.8
29.9	16.7	2.0
-38.5	45.1	3.7
-53.0	0.3	44.5
-37.5	24.3	-4.6
-37.3	19.1	10.4
-43.8	12.6	-3.5
-34.1	-2.2	11.0
-46.9	0.7	7.6
-37.1	3.0	37.4
-33.9	12.4	34.3
-24.7	5.4	-16.5
-1.8	19.6	42.3
-1.7	4.3	50.2
-53.5	38.7	4.5
-14.9	-26.3	-14.0
-40.6	-45.8	-16.5
-28.9	-0.8	-12.6
-31.1	9.0	-10.0
-50.2	-46.1	-18.6
-40.4	-80.6	-12.5
-14.6	-95.6	-1.5
-30.7	-92.5	-1.5
-40.1	-37.4	50.8
-29.4	-54.3	38.7
-51.1	-35.8	4.0
-14.9	3.8	3.6
-24.3	-9.8	21.6
-18.2	9.3	-6.9
30.2	-92.9	-12.2
-8.4	-18.4	5.4
-56.5	-1.8	17.9
20.6	-92.7	-8.8
-46.9	4.1	10.6
-8.5	-9.1	1.3
-37.3	14.5	19.7
33.4	-76.5	-7.0
-46.9	27.1	18.7
20.3	-33.0	-20.5
-21.3	-6.0	1.1
38.8	-35.8	23.0
-45.9	32.7	8.2
42.8	-59.3	-18.5
-53.1	2.8	35.3
-21.1	-93.2	-11.6
-38.3	-64.3	-7.2
-37.9	-14.4	58.9
23.6	1.4	10.0
-43.5	-0.4	34.4
26.7	13.0	-4.4
-43.6	-4.6	21.4
20.5	0.5	13.5
-1.7	1.6	57.2
23.6	-6.0	-2.7
36.8	-44.1	40.5
-8.2	-19.8	28.9
-11.3	-8.7	48.1
-36.8	-26.9	63.3
-37.5	-27.2	-23.7
1.3	2.3	23.6
-50.2	-49.2	-17.2
-34.1	-2.9	1.0
-43.7	-66.2	-18.1
-21.4	0.1	-2.7
-21.2	-8.7	8.1
-37.0	-31.8	40.3
-37.4	-26.2	-10.4
-21.1	-89.3	-1.9
-43.5	-86.0	1.4
-21.2	-90.3	-15.2
-44.7	-77.5	-12.7
-23.9	-62.7	52.8

// Woodard JL, 2009: PMID 19515831-1
// Subjects=20
0.0	-54.0	35.0
0.0	-54.0	35.0
7.0	23.0	30.0
7.0	23.0	30.0
7.0	23.0	30.0
12.0	-26.0	47.0
-26.0	-6.0	60.0
-37.0	-1.0	54.0
42.0	-47.0	30.0
12.0	-26.0	47.0
-26.0	-6.0	60.0
1.0	-54.0	35.0
19.0	22.0	39.0
19.0	22.0	39.0
19.0	22.0	39.0
-22.0	13.0	51.0
19.0	22.0	39.0
19.0	22.0	39.0
19.0	22.0	39.0
19.0	22.0	39.0
-42.0	-63.0	25.0
-42.0	-63.0	25.0
51.0	-47.0	30.0
1.0	-57.0	35.0
1.0	-57.0	26.0
51.0	-47.0	30.0
1.0	-57.0	26.0
42.0	-73.0	30.0
-22.0	13.0	51.0
21.0	22.0	39.0
-41.0	-64.0	29.0
21.0	22.0	39.0
-41.0	-64.0	29.0
-4.0	-54.0	6.0
-46.0	-46.0	40.0
53.0	-42.0	47.0
53.0	-42.0	47.0
-46.0	-46.0	40.0
21.0	22.0	39.0
61.0	-55.0	6.0
-37.0	-1.0	54.0
56.0	-55.0	6.0
-4.0	-54.0	6.0
56.0	-57.0	6.0
61.0	-55.0	6.0
42.0	-73.0	35.0
-10.0	9.0	11.0
42.0	-73.0	35.0
27.0	-32.0	-2.0
27.0	-32.0	-2.0
-10.0	9.0	11.0
-23.0	-25.0	-11.0
-57.0	-47.0	-6.0
-57.0	-47.0	-6.0
56.0	-57.0	18.0
56.0	-57.0	18.0
-23.0	-25.0	-11.0

// Hui KK, 2009: PMID 19559684-1
// Subjects=20
-6.0	56.0	26.0
3.0	-63.0	31.0
2.0	-53.0	36.0
-2.0	-47.0	39.0
-3.0	-65.0	31.0
10.0	-61.0	49.0
5.0	-60.0	50.0
-2.0	-62.0	46.0
-16.0	59.0	0.0
7.0	53.0	17.0
-53.0	-53.0	38.0
7.0	49.0	32.0
-5.0	20.0	-12.0
2.0	55.0	-7.0
-4.0	17.0	-10.0
11.0	62.0	1.0
-6.0	35.0	14.0
-4.0	34.0	14.0
5.0	34.0	9.0
5.0	34.0	-2.0
-5.0	17.0	-12.0
-6.0	25.0	-10.0
12.0	23.0	-12.0
5.0	22.0	-14.0
-13.0	33.0	-18.0
-11.0	29.0	-16.0
-7.0	58.0	-2.0
17.0	28.0	-13.0
47.0	-66.0	29.0
-56.0	-12.0	13.0
15.0	23.0	-13.0
-16.0	1.0	-17.0
25.0	-11.0	-16.0
-16.0	-10.0	-10.0
-22.0	-8.0	-19.0
20.0	2.0	-16.0
-19.0	-3.0	-22.0
-34.0	19.0	-31.0
42.0	13.0	-25.0
40.0	13.0	-31.0
-29.0	-23.0	-16.0
-31.0	8.0	-34.0
-59.0	-20.0	17.0
6.0	14.0	-12.0
28.0	-25.0	-20.0
-24.0	-30.0	-32.0
27.0	-28.0	-18.0
61.0	-19.0	19.0
-47.0	-70.0	29.0
-48.0	-69.0	30.0
46.0	-67.0	32.0
-4.0	-1.0	-9.0
-4.0	1.0	-6.0
3.0	-1.0	-10.0
-2.0	-71.0	-27.0
-60.0	-12.0	18.0
23.0	-10.0	-19.0
-59.0	-21.0	16.0
5.0	17.0	-15.0
62.0	-30.0	27.0
22.0	-8.0	-12.0
-9.0	31.0	32.0
-4.0	-31.0	23.0
3.0	-29.0	27.0
29.0	19.0	1.0
5.0	-7.0	5.0
-2.0	-53.0	38.0
-2.0	-53.0	33.0
3.0	-55.0	35.0
3.0	-53.0	33.0
-3.0	43.0	2.0
-2.0	46.0	2.0
-2.0	11.0	-9.0
-7.0	-7.0	5.0
-28.0	19.0	-32.0
-25.0	5.0	-12.0
-3.0	20.0	-12.0
-21.0	-6.0	-20.0
64.0	20.0	-30.0
-32.0	18.0	-32.0
35.0	19.0	-33.0
5.0	52.0	-21.0
-3.0	40.0	-18.0
4.0	14.0	-10.0
4.0	18.0	-12.0
17.0	5.0	-15.0
3.0	46.0	2.0
-18.0	-11.0	-15.0
5.0	37.0	8.0
20.0	-16.0	-12.0
-62.0	-13.0	17.0
-23.0	-11.0	-22.0
19.0	-7.0	-25.0
25.0	-22.0	-21.0
-1.0	-2.0	-8.0
-1.0	-4.0	-7.0
2.0	-2.0	-8.0
2.0	-6.0	-6.0
-1.0	-79.0	-30.0
-1.0	-71.0	-21.0
-1.0	-65.0	-37.0
-3.0	14.0	32.0
-61.0	-12.0	20.0
-1.0	-63.0	-27.0
18.0	-11.0	-14.0
-28.0	23.0	-2.0
2.0	18.0	31.0
3.0	11.0	34.0
59.0	-12.0	20.0
1.0	31.0	34.0
4.0	27.0	37.0
-3.0	19.0	27.0
55.0	-25.0	26.0
54.0	-21.0	25.0
-64.0	-25.0	20.0
-59.0	-21.0	22.0
55.0	-6.0	11.0
-2.0	22.0	41.0

// Fischer H, 2010: PMID 19560133-1
// Subjects=20
28.0	-10.0	-20.0
-16.0	-7.0	-12.0
26.0	-6.0	-20.0
26.0	44.0	30.0
-28.0	-26.0	-10.0
30.0	-3.0	-15.0
-36.0	-28.0	18.0
30.0	-26.0	-9.0

// Nakata H, 2009: PMID 19576957-1
// Subjects=20
20.0	33.0	39.0
60.0	-8.0	-15.0
6.0	56.0	-1.0
30.0	28.0	50.0
20.0	37.0	39.0
-28.0	-45.0	-1.0
16.0	28.0	52.0
22.0	37.0	46.0
24.0	35.0	48.0
-20.0	30.0	52.0
56.0	-1.0	-17.0
-10.0	46.0	-4.0
-6.0	-54.0	17.0
8.0	-55.0	17.0
-22.0	37.0	46.0
22.0	37.0	46.0
14.0	43.0	44.0
30.0	31.0	46.0
-30.0	-26.0	-16.0
18.0	43.0	-4.0

// Schmidt GL, 2009: PMID 19586700-1
// Subjects=20
30.1	0.2	22.3
-35.3	-10.7	-17.3
39.6	-2.1	4.6
-60.0	22.2	-15.3
-29.7	-63.9	-2.8
15.5	-49.2	44.5
-43.4	-37.0	29.6
-24.2	-66.6	16.3
-67.1	-6.7	24.0
-12.3	-79.5	27.3
17.6	-86.7	27.5
-31.7	-83.0	11.1
-27.5	-76.1	3.7
-17.9	-75.2	1.3
-35.2	21.1	9.1
8.0	-64.6	39.2
3.2	4.7	-0.0
28.0	-53.6	1.2
-14.9	-33.6	-12.2
-11.5	-8.0	30.2
4.3	5.8	1.0
-24.2	-92.9	6.2
-29.5	-103.1	12.7
-23.9	-51.9	55.2
-29.8	-37.3	-2.8
-15.0	21.6	-0.1
4.3	5.8	1.0
-9.7	43.7	-4.3
19.1	37.3	-6.3
-28.9	0.5	-10.5
-33.5	-72.3	53.7
3.2	4.7	-0.0
15.8	11.7	-34.2
2.2	23.9	14.0
-4.2	34.3	12.1
-67.1	-5.4	27.3

// Witthaus H, 2009: PMID 19616415-1
// Subjects=20
14.0	26.0	25.0
-11.0	8.0	32.0
15.0	14.0	32.0
-7.0	-38.0	23.0
34.0	42.0	-20.0
-28.0	-39.0	-1.0
49.0	-17.0	6.0
10.0	-47.0	31.0
12.0	-39.0	46.0
0.0	-40.0	32.0
-20.0	49.0	-13.0
63.0	15.0	14.0
48.0	-19.0	-7.0
30.0	-32.0	3.0
-8.0	29.0	14.0
-14.0	-38.0	44.0
-10.0	1.0	-21.0
-1.0	-40.0	40.0
-23.0	-34.0	-11.0
51.0	3.0	-2.0
-30.0	-62.0	1.0
-1.0	37.0	21.0
13.0	25.0	24.0
0.0	-9.0	28.0
0.0	-40.0	32.0
49.0	-18.0	-8.0
-25.0	62.0	-5.0
-21.0	-1.0	-22.0
55.0	5.0	1.0
-21.0	31.0	-7.0
41.0	-22.0	-7.0
-21.0	-34.0	-3.0
-30.0	-9.0	-21.0
5.0	-34.0	30.0
42.0	-16.0	-10.0
50.0	10.0	15.0

// Hao Y, 2009: PMID 19643580-1
// Subjects=20
-24.0	28.0	16.0
-26.0	-24.0	-14.0
-14.0	4.0	44.0

// Helmich RC, 2010: PMID 19710357-1
// Subjects=20
-36.0	2.0	26.0
-24.0	-24.0	60.0
26.0	-24.0	56.0
-30.0	-20.0	52.0
32.0	-20.0	50.0
28.0	-24.0	48.0
-44.0	48.0	14.0
-28.0	20.0	42.0
38.0	58.0	12.0
0.0	50.0	-18.0
-8.0	-50.0	-18.0
10.0	-48.0	-20.0
36.0	-76.0	22.0
36.0	6.0	28.0
-52.0	-46.0	46.0
10.0	-28.0	38.0
-14.0	44.0	28.0
42.0	-46.0	46.0
-30.0	38.0	30.0
-8.0	-20.0	-12.0
8.0	-20.0	-12.0
10.0	22.0	32.0
8.0	-14.0	0.0
-34.0	-30.0	27.0
-4.0	-12.0	0.0
32.0	42.0	24.0
-48.0	-4.0	-22.0
48.0	8.0	6.0
12.0	-22.0	-14.0
-12.0	16.0	60.0
-8.0	28.0	58.0
10.0	8.0	50.0
36.0	20.0	50.0
-2.0	-18.0	60.0
-48.0	-52.0	42.0
12.0	-46.0	62.0
-58.0	-16.0	26.0
-62.0	-26.0	-18.0
64.0	-26.0	-24.0
30.0	-64.0	-36.0
-28.0	-82.0	-32.0
0.0	52.0	-8.0
-26.0	-32.0	-12.0
-30.0	-26.0	-6.0
46.0	-58.0	28.0
-58.0	-12.0	-28.0
60.0	-6.0	-30.0
6.0	-54.0	-44.0
-52.0	-40.0	14.0
-6.0	-56.0	-46.0
62.0	-4.0	4.0
34.0	-40.0	60.0
-42.0	-66.0	34.0
-46.0	-50.0	-18.0
-56.0	-6.0	30.0
50.0	-2.0	30.0
-54.0	-6.0	34.0
52.0	-6.0	56.0
12.0	-12.0	46.0
44.0	-64.0	48.0
58.0	-18.0	26.0
-62.0	-6.0	-4.0
-4.0	-12.0	46.0
56.0	-12.0	38.0
34.0	18.0	0.0
-34.0	-58.0	-20.0
56.0	-24.0	30.0
-48.0	-30.0	28.0
36.0	16.0	0.0
-58.0	-44.0	14.0

// Premkumar P, 2009: PMID 19734016-1
// Subjects=20
39.0	-52.0	-59.0
-50.0	-8.0	37.0
58.0	-34.0	24.0
14.0	-71.0	9.0
61.0	-34.0	8.0
16.0	-71.0	9.0
45.0	-41.0	-36.0
60.0	-33.0	13.0
28.0	-28.0	-5.0
-27.0	-36.0	-5.0
-25.0	-30.0	-5.0

// Slotnick SD, 2010: PMID 19786107-1
// Subjects=20
24.4	-6.7	-26.1
32.1	-21.5	-11.6
21.5	-28.5	-4.2
-21.3	-31.0	-5.7
-23.6	-7.0	-25.5
29.9	-22.9	-14.8
-27.8	-22.0	-11.9
-14.8	-36.7	3.6
-15.9	-32.0	-4.5
25.8	-32.6	-2.7
-13.7	-34.8	0.1

// Ziv M, 2010: PMID 19790170-1
// Subjects=20
57.0	6.3	43.8
-37.0	-4.1	41.3
55.0	-14.9	59.0
6.8	8.7	52.0
4.6	6.4	35.5
-3.9	10.3	45.3
-3.9	8.4	48.8
25.7	8.3	3.9
-23.5	13.1	0.7
15.1	-8.4	8.7
-10.6	-9.9	4.7
-67.2	-10.2	6.5
36.4	51.2	20.2
41.7	16.1	6.4
-59.5	-25.4	28.9
-37.3	20.3	12.5
58.2	-33.5	38.2
-27.7	-30.3	-9.0
27.8	-16.5	-15.3
9.0	-8.3	51.2
-30.1	2.0	-31.8
0.9	-27.8	-35.2
36.3	-65.6	-31.3
3.5	18.5	41.2
-0.8	20.6	41.1
42.3	-22.0	64.2
11.1	-53.4	32.6
-8.3	18.9	33.5
-44.5	-71.7	21.4
-4.9	-40.7	32.9
28.6	3.3	-33.7
-24.7	-7.7	-19.9
2.4	-79.8	-5.2
25.7	-18.7	-1.7
7.6	-5.3	8.6
-37.7	-1.8	-39.2
29.8	-8.5	-21.5

// Rabin JS, 2010: PMID 19803685-1
// Subjects=20
15.1	-32.9	-5.9
22.4	-20.9	-16.0
26.7	-22.2	-19.2
32.1	-28.0	-12.1
-24.7	-14.5	-26.0
-31.1	-10.2	-24.0
26.7	-26.1	-14.5
32.0	-29.9	-23.1
-23.5	-37.4	-18.5
61.9	-5.3	-24.4
3.1	15.7	-8.8
-5.5	57.3	-7.7
7.5	57.1	16.7
-45.0	31.4	-8.4
-55.4	14.7	24.3
-0.7	-57.1	13.0
-1.8	-57.1	13.0
-58.8	-8.8	-18.3
3.1	55.7	-1.0
47.8	14.0	-34.8
-1.2	50.0	-6.0
-32.1	-30.6	-26.8
3.1	70.7	13.4
-40.3	-83.8	1.2
48.3	-76.7	-10.5
-26.7	-20.2	-16.6
24.6	-22.8	-13.6
0.1	50.2	24.1
0.3	-55.9	15.1
4.4	-13.0	4.8
-40.1	-86.5	21.5
40.0	-71.5	29.4
47.3	26.4	42.2
-51.4	37.1	-3.2
-51.9	-5.9	47.2
-38.0	-50.4	34.1
21.3	-26.7	-22.1
33.1	-17.6	-15.2
-2.3	50.0	-6.0
-3.4	53.0	-7.4
-17.9	39.2	48.6
-40.7	16.1	-13.9
-1.7	-55.1	25.1
1.5	-63.4	28.0
43.0	-84.2	-10.9
-26.7	-39.6	-19.4
-50.0	-74.9	-6.1
5.4	65.4	27.2
-22.5	-20.1	-15.5
40.6	-45.7	-21.9
-24.6	-19.1	-16.7
-0.2	48.7	-8.2
34.0	35.6	-16.4
-17.9	39.3	49.7
-17.0	37.5	26.4
-47.2	34.5	-9.8
-17.8	-58.2	14.4
-3.9	-56.3	24.1
24.8	-63.6	-4.6
-64.2	-4.6	-17.4
-8.8	58.1	-10.0
-52.5	13.6	-18.0
35.2	-14.8	-21.1
47.2	7.7	21.5
-30.0	-23.7	-19.6
24.6	-20.8	-14.9
-26.6	-45.2	-8.9
-24.6	-0.9	-14.9
23.7	54.3	34.6
67.2	-7.6	-27.6
-0.5	-74.7	33.4
21.4	-25.0	-14.5
-34.7	-19.5	61.5
27.8	-21.9	-15.9
-7.2	-65.2	5.9
-26.8	-26.5	-29.4
-5.5	47.7	-6.9
-5.5	55.8	1.3
-17.2	58.5	9.1
41.9	-85.5	-14.1
50.2	45.4	12.7
0.3	-56.9	15.2
-54.5	19.4	2.7
-39.1	-85.3	23.6
23.5	-18.8	-17.3
-62.7	-59.2	19.5
60.2	-44.4	20.2
-61.5	-51.5	35.5
-23.7	-14.9	-30.4
24.5	-22.4	-21.4
-44.8	36.4	14.6
-52.2	10.1	20.2
-48.2	32.7	-5.1
24.1	-66.1	45.8
-53.3	-54.4	-15.6
-59.8	7.5	0.5

// Marvel CL, 2010: PMID 19811779-1
// Subjects=20
12.0	-56.0	-36.0
47.0	43.0	6.0
-7.0	43.0	32.0
13.0	35.0	47.0
47.0	26.0	-12.0
-29.0	16.0	-7.0
17.0	2.0	39.0
-41.0	0.0	-32.0
-53.0	-4.0	-8.0
-9.0	-22.0	36.0
53.0	-15.0	2.0
-53.0	-60.0	23.0
34.0	-23.0	8.0
-27.0	-24.0	-15.0
-42.0	-29.0	53.0
-48.0	-31.0	19.0
43.0	-32.0	20.0
20.0	-17.0	-13.0
-40.0	-7.0	23.0
-20.0	-33.0	40.0
60.0	-6.0	-10.0
45.0	-10.0	46.0
-7.0	-37.0	2.0
-46.0	-70.0	-52.0
40.0	-64.0	-36.0
45.0	-58.0	-17.0
4.0	-72.0	48.0
-5.0	-21.0	9.0
-2.0	-5.0	61.0
-51.0	8.0	2.0
-9.0	-88.0	1.0
-10.0	-74.0	-20.0
-24.0	27.0	57.0
6.0	68.0	16.0
-9.0	62.0	30.0
5.0	57.0	3.0
16.0	34.0	-21.0
-21.0	20.0	-27.0
-18.0	5.0	8.0
58.0	-34.0	40.0
56.0	-8.0	10.0
-7.0	13.0	5.0
-42.0	-16.0	40.0
-24.0	-42.0	52.0
-21.0	-20.0	-21.0
12.0	-56.0	-14.0
19.0	4.0	3.0
-58.0	-54.0	-16.0
-28.0	-32.0	64.0
-57.0	-59.0	-4.0
-11.0	-61.0	18.0
-50.0	-70.0	26.0
32.0	-79.0	8.0
-27.0	-84.0	16.0
8.0	34.0	56.0
-40.0	21.0	40.0
31.0	19.0	-1.0
-5.0	0.0	24.0
4.0	18.0	53.0
-52.0	-26.0	39.0
-36.0	-9.0	19.0
-31.0	-15.0	62.0
-53.0	7.0	17.0
-50.0	10.0	37.0
62.0	11.0	24.0
16.0	-55.0	66.0
14.0	-70.0	-46.0
-29.0	20.0	-3.0
6.0	11.0	45.0
-46.0	-12.0	35.0
31.0	24.0	7.0
-29.0	22.0	11.0
-40.0	19.0	23.0
-5.0	5.0	53.0
14.0	-58.0	-42.0
17.0	38.0	41.0
0.0	-41.0	38.0
42.0	29.0	11.0
12.0	-57.0	-40.0
20.0	-15.0	-17.0
-6.0	-64.0	-40.0
-62.0	-41.0	1.0
43.0	-50.0	29.0
-52.0	-53.0	33.0
43.0	-63.0	31.0
-42.0	9.0	35.0
31.0	22.0	7.0
-29.0	22.0	11.0
23.0	6.0	0.0

// Liu J, 2010: PMID 19914337-1
// Subjects=20
-30.0	-35.0	-6.0
65.0	-19.0	29.0
-59.0	-19.0	26.0
-12.0	46.0	-5.0
24.0	43.0	-10.0
-24.0	43.0	-7.0
30.0	59.0	5.0
-53.0	27.0	10.0
59.0	-1.0	-15.0
-15.0	49.0	-5.0
45.0	26.0	-9.0
36.0	-44.0	-5.0
9.0	51.0	28.0
-9.0	-64.0	11.0
-59.0	-39.0	27.0
-53.0	-59.0	-5.0
65.0	-34.0	18.0
-53.0	-40.0	21.0
27.0	-62.0	50.0
56.0	-23.0	15.0
12.0	-52.0	8.0
-62.0	-8.0	22.0
65.0	-5.0	20.0
-62.0	-22.0	18.0
62.0	-22.0	29.0
-15.0	-18.0	40.0
15.0	30.0	26.0
-53.0	-58.0	-2.0
-30.0	20.0	-4.0
-33.0	9.0	0.0
9.0	25.0	32.0
-9.0	-59.0	3.0
-56.0	-39.0	30.0
-9.0	-58.0	6.0
-6.0	-18.0	-2.0
9.0	-12.0	-4.0
-12.0	-15.0	-4.0
9.0	-15.0	-7.0
-6.0	-12.0	-9.0
36.0	20.0	3.0
-43.0	-15.0	-2.0
-39.0	20.0	2.0
65.0	-17.0	12.0
-56.0	-14.0	12.0
45.0	-67.0	1.0
42.0	-14.0	-5.0
18.0	-81.0	10.0
-18.0	-47.0	60.0
27.0	-67.0	1.0
-9.0	-27.0	7.0
27.0	-75.0	20.0
-18.0	-50.0	55.0
6.0	-14.0	9.0
-56.0	-61.0	-4.0
-3.0	-12.0	-7.0
3.0	-12.0	-7.0
-18.0	3.0	0.0
0.0	-39.0	-28.0
30.0	-41.0	-11.0
-30.0	-33.0	-16.0
6.0	17.0	-1.0
-6.0	-17.0	-1.0
18.0	3.0	0.0

// Hayes SM, 2010: PMID 19925208-1
// Subjects=20
-34.0	-26.0	-11.0
-34.0	38.0	34.0
4.0	-8.0	8.0
-8.0	0.0	57.0
8.0	-38.0	46.0
30.0	56.0	11.0
45.0	-30.0	-19.0
-38.0	15.0	46.0
8.0	49.0	27.0
-56.0	-41.0	-7.0
-11.0	-38.0	11.0
-30.0	-19.0	-11.0
37.0	-26.0	-11.0
34.0	-38.0	38.0
53.0	-8.0	-19.0
-8.0	-23.0	34.0
-19.0	-64.0	0.0
26.0	-26.0	-11.0
-19.0	-4.0	-15.0
23.0	-4.0	-27.0
41.0	-15.0	-27.0
-49.0	-64.0	-11.0
41.0	-15.0	-27.0
26.0	23.0	-15.0
-41.0	19.0	-8.0
-23.0	45.0	-8.0
0.0	-49.0	27.0
-49.0	-64.0	-11.0

// Smith JF, 2010: PMID 19948227-1
// Subjects=20
-60.0	-40.0	-15.0
-30.0	-40.0	-12.0
-30.0	-32.0	-12.0
28.0	-40.0	-8.0
48.0	40.0	-12.0
-32.0	-30.0	-15.0
-65.0	-42.0	-2.0
-45.0	12.0	28.0
52.0	28.0	-8.0
52.0	-58.0	-15.0
40.0	38.0	12.0

// Weng SJ, 2010: PMID 20004180-1
// Subjects=20
-22.0	58.0	-6.0
4.0	-46.0	20.0
-2.0	-46.0	18.0
12.0	-54.0	6.0
-18.0	-42.0	-4.0
-12.0	-64.0	10.0
-44.0	-60.0	34.0
54.0	-20.0	-22.0
-14.0	-60.0	-20.0
8.0	-54.0	6.0
-22.0	58.0	-4.0
36.0	34.0	38.0
8.0	20.0	68.0
-24.0	-26.0	-10.0
-54.0	-72.0	30.0
16.0	-38.0	-6.0
54.0	-62.0	36.0
4.0	58.0	8.0
46.0	-8.0	-24.0
-10.0	-16.0	74.0
8.0	-54.0	16.0
4.0	58.0	8.0
-18.0	-48.0	-2.0
52.0	-18.0	-22.0
-22.0	56.0	2.0
18.0	28.0	50.0
-10.0	-36.0	-2.0
16.0	-38.0	-8.0
-22.0	60.0	2.0
6.0	-52.0	20.0
16.0	24.0	42.0
-48.0	8.0	-40.0
-38.0	4.0	-16.0
42.0	-52.0	16.0
40.0	-44.0	-18.0
42.0	-22.0	8.0
-20.0	56.0	2.0
52.0	-60.0	34.0
-18.0	46.0	10.0
-2.0	-54.0	20.0
-8.0	50.0	48.0
16.0	-6.0	-20.0
64.0	-16.0	-6.0
16.0	34.0	40.0
10.0	34.0	18.0
-16.0	0.0	-16.0
-34.0	-42.0	-10.0
-20.0	-34.0	-4.0
30.0	-28.0	-24.0
16.0	-4.0	-16.0
-50.0	12.0	-14.0
18.0	-12.0	-22.0
14.0	48.0	38.0
-12.0	-42.0	-4.0
8.0	-42.0	2.0
-20.0	38.0	18.0
-24.0	42.0	50.0
-46.0	56.0	8.0
-18.0	54.0	-12.0
-16.0	22.0	40.0
-2.0	-10.0	74.0
-50.0	-26.0	-18.0
-56.0	4.0	0.0
14.0	26.0	48.0
-10.0	-2.0	68.0
38.0	16.0	-22.0
42.0	-44.0	-14.0
62.0	8.0	-6.0
34.0	2.0	-14.0
-24.0	42.0	18.0
12.0	22.0	50.0
30.0	46.0	32.0
8.0	10.0	70.0
14.0	48.0	36.0
-16.0	18.0	56.0
30.0	-36.0	-6.0
30.0	10.0	56.0
52.0	-74.0	8.0
42.0	-44.0	-16.0
-64.0	-50.0	-16.0
-6.0	10.0	62.0
-52.0	-26.0	-20.0
50.0	-58.0	8.0
-48.0	-60.0	-18.0

// Cohn M, 2009: PMID 20007783-1
// Subjects=20
24.0	-8.0	-24.0
-32.0	-24.0	-16.0
-20.0	-12.0	-16.0
-32.0	-12.0	-12.0

// Nahum L, 2011: PMID 20060966-1
// Subjects=20
-45.0	12.0	5.0
-31.0	19.0	4.0
31.0	19.0	1.0
5.0	-71.0	-20.0
-38.0	-2.0	30.0
-5.0	-67.0	39.0
30.0	-61.0	31.0
-35.0	-55.0	34.0
-2.0	11.0	47.0
-12.0	4.0	4.0
36.0	30.0	26.0
25.0	49.0	2.0
30.0	-62.0	44.0
-32.0	-53.0	-28.0
39.0	6.0	36.0
-29.0	-31.0	-6.0
30.0	-86.0	-2.0
12.0	49.0	22.0
-12.0	41.0	28.0
56.0	-11.0	19.0
-31.0	-17.0	9.0
-43.0	12.0	-1.0
47.0	-69.0	-5.0
45.0	-9.0	17.0
32.0	-86.0	-3.0
-42.0	-73.0	-14.0
-29.0	-62.0	-15.0
25.0	-71.0	-20.0
29.0	-31.0	-5.0
-42.0	-73.0	-14.0
-29.0	-93.0	-5.0

// Jamadar S, 2010: PMID 20123028-1
// Subjects=20
12.0	-45.0	20.0
-16.0	-92.0	19.0
20.0	-92.0	19.0
-36.0	-8.0	-10.0
-48.0	3.0	-17.0
-28.0	-12.0	-13.0
-32.0	-64.0	40.0
24.0	41.0	38.0
-4.0	29.0	39.0
-28.0	-47.0	-11.0
-48.0	8.0	14.0
40.0	5.0	26.0
-48.0	4.0	11.0
-36.0	-45.0	39.0
-44.0	25.0	28.0
44.0	21.0	25.0
16.0	-50.0	14.0
-4.0	-59.0	62.0
-24.0	45.0	38.0
40.0	-82.0	-6.0
-44.0	-70.0	-7.0
-36.0	-52.0	-21.0
32.0	-52.0	-21.0
36.0	-71.0	-17.0
-32.0	-48.0	-35.0
-28.0	-51.0	65.0
36.0	-48.0	43.0
-32.0	-47.0	-14.0
12.0	-59.0	66.0
36.0	-43.0	65.0
-51.0	-70.0	0.0
-24.0	-67.0	-10.0
-32.0	-59.0	-14.0
48.0	-56.0	36.0
-40.0	-44.0	57.0
36.0	-51.0	62.0
12.0	-25.0	53.0
28.0	-63.0	51.0
44.0	-49.0	21.0
-51.0	31.0	-8.0
51.0	27.0	-1.0
-40.0	-14.0	30.0
-36.0	-18.0	19.0
44.0	-38.0	20.0
-48.0	-49.0	25.0
28.0	29.0	39.0
-28.0	37.0	39.0
-8.0	-41.0	43.0
-12.0	-44.0	40.0
12.0	-44.0	40.0
-16.0	-36.0	50.0
8.0	-32.0	53.0
44.0	-45.0	24.0
-20.0	-32.0	61.0
40.0	-55.0	-11.0
4.0	-49.0	36.0
-64.0	-23.0	-2.0
32.0	-20.0	-12.0
-32.0	-89.0	-2.0
-51.0	-8.0	-13.0
60.0	-4.0	-16.0
-55.0	-9.0	-20.0
-55.0	-9.0	-20.0
-12.0	-47.0	2.0
28.0	-36.0	-12.0
-20.0	-47.0	-1.0
-32.0	-28.0	-9.0
12.0	-50.0	14.0
-32.0	-93.0	1.0
32.0	-89.0	1.0
-4.0	55.0	19.0
32.0	-88.0	-12.0
-32.0	-51.0	-8.0
-12.0	-50.0	14.0
-28.0	-35.0	-8.0
16.0	-80.0	37.0
32.0	-47.0	-8.0
32.0	-64.0	40.0
28.0	-47.0	-11.0
4.0	-1.0	52.0
-28.0	-5.0	56.0
36.0	-5.0	56.0
-40.0	-9.0	52.0
-12.0	-15.0	12.0
36.0	-9.0	59.0
-32.0	-51.0	61.0
-4.0	-1.0	52.0
24.0	-55.0	58.0
40.0	-40.0	50.0
-24.0	-56.0	43.0
-36.0	-44.0	61.0
44.0	-24.0	6.0
-40.0	-3.0	11.0
-16.0	-9.0	59.0
28.0	-31.0	-5.0
-36.0	-44.0	57.0
12.0	-62.0	3.0
-24.0	0.0	4.0
2.0	-15.0	8.0
-40.0	-3.0	11.0
32.0	-5.0	63.0
12.0	-85.0	1.0
-32.0	-63.0	-24.0
28.0	-59.0	-21.0
40.0	-56.0	-24.0
-36.0	-63.0	-24.0
8.0	-61.0	14.0
44.0	-56.0	-24.0
32.0	-48.0	-31.0
-20.0	-63.0	-27.0
16.0	-60.0	-27.0
4.0	-67.0	-27.0
-20.0	-71.0	48.0
24.0	33.0	39.0
-48.0	-63.0	-7.0
-28.0	-52.0	-31.0
28.0	-13.0	41.0
-44.0	-57.0	28.0
-55.0	5.0	29.0
-4.0	-1.0	55.0
20.0	-75.0	52.0
-28.0	-32.0	57.0
0.0	-40.0	68.0
-20.0	-79.0	-16.0
32.0	-44.0	-28.0
-4.0	-14.0	34.0
55.0	-1.0	-23.0
-8.0	48.0	31.0
-20.0	25.0	36.0
28.0	17.0	29.0
20.0	-76.0	26.0
12.0	-49.0	28.0
36.0	-51.0	-8.0
-16.0	-32.0	50.0
-4.0	-61.0	14.0
-32.0	-28.0	-9.0
16.0	63.0	15.0
-28.0	-51.0	62.0
-51.0	-9.0	-16.0
-12.0	-28.0	57.0
12.0	-76.0	37.0
36.0	-8.0	63.0
-28.0	-63.0	55.0
28.0	-55.0	62.0
-32.0	-93.0	1.0
40.0	-37.0	42.0
-8.0	-19.0	1.0
16.0	-8.0	4.0
-56.0	8.0	14.0
32.0	-59.0	-21.0
-48.0	-52.0	-24.0
44.0	-48.0	-25.0
-32.0	-63.0	-20.0
-24.0	7.0	55.0
-39.0	-44.0	61.0
-16.0	3.0	59.0

// Guitart-Masip M, 2010: PMID 20130181-1
// Subjects=20
16.0	10.0	-2.0
-6.0	10.0	0.0
-22.0	-18.0	-20.0
26.0	4.0	-2.0
22.0	-14.0	-26.0
-16.0	8.0	0.0
-24.0	-26.0	-10.0
24.0	-20.0	-18.0
-24.0	10.0	-6.0
-8.0	-14.0	-8.0
-10.0	14.0	2.0
-10.0	6.0	6.0
-22.0	4.0	0.0
8.0	10.0	0.0
28.0	-6.0	0.0
10.0	16.0	-2.0

// Botzung A, 2010: PMID 20147540-1
// Subjects=20
-30.0	-71.0	11.0
-45.0	-53.0	38.0
-8.0	-23.0	-4.0
-19.0	64.0	19.0
-23.0	-8.0	0.0
-26.0	23.0	-19.0
-8.0	-75.0	56.0
19.0	8.0	-8.0
53.0	8.0	38.0
-23.0	-30.0	-15.0
45.0	-30.0	15.0
34.0	-8.0	-41.0
19.0	-4.0	-15.0
-23.0	-26.0	-11.0
23.0	0.0	-11.0
26.0	-23.0	64.0
-19.0	4.0	49.0
-41.0	30.0	38.0
-45.0	4.0	-41.0
-23.0	-79.0	-30.0
-23.0	-4.0	-26.0
-8.0	49.0	0.0
-60.0	-56.0	-11.0
-11.0	-53.0	34.0
-45.0	30.0	38.0
-30.0	-68.0	34.0
30.0	-30.0	56.0
23.0	0.0	-19.0
-60.0	-49.0	41.0
26.0	-4.0	68.0
53.0	11.0	-4.0
26.0	-19.0	0.0
45.0	-49.0	60.0
0.0	-4.0	38.0
-19.0	-23.0	-19.0
-26.0	-4.0	19.0
-53.0	11.0	0.0
-34.0	-34.0	-8.0
-34.0	41.0	19.0
-53.0	30.0	-8.0
-38.0	45.0	30.0
64.0	-23.0	15.0

// Volle E, 2010: PMID 20156841-1
// Subjects=20
30.0	-22.0	-16.0
58.0	2.0	8.0
0.0	14.0	-14.0
30.0	30.0	40.0
44.0	-4.0	-12.0
56.0	-2.0	0.0
58.0	-36.0	40.0
-18.0	26.0	-8.0
24.0	-12.0	-18.0
24.0	-12.0	-18.0
22.0	-86.0	-8.0
22.0	-86.0	-8.0
56.0	-2.0	0.0
64.0	0.0	14.0
0.0	-50.0	24.0
64.0	0.0	14.0
40.0	4.0	-20.0
30.0	-22.0	-16.0
40.0	4.0	-20.0
-58.0	0.0	2.0
-32.0	-34.0	-8.0
20.0	-76.0	2.0
24.0	-72.0	56.0
24.0	-72.0	56.0
-58.0	-32.0	-18.0
22.0	-10.0	20.0
58.0	-36.0	40.0
6.0	-90.0	28.0
0.0	14.0	-14.0
-32.0	-34.0	-8.0
0.0	44.0	-16.0
32.0	-4.0	2.0
32.0	-4.0	2.0
-18.0	26.0	-8.0
22.0	-10.0	20.0
6.0	-90.0	28.0
30.0	30.0	40.0
28.0	2.0	-16.0
28.0	2.0	-16.0
0.0	44.0	-16.0
20.0	-76.0	2.0
46.0	-16.0	62.0
-10.0	-22.0	68.0
18.0	62.0	22.0
34.0	-22.0	2.0
-58.0	0.0	2.0
16.0	-52.0	32.0
16.0	-52.0	32.0
-58.0	-30.0	14.0
-58.0	-30.0	14.0
50.0	-52.0	32.0
18.0	62.0	22.0
50.0	-52.0	32.0
34.0	-22.0	2.0
-6.0	-48.0	68.0
-6.0	-48.0	68.0
8.0	-40.0	28.0
8.0	-40.0	28.0
-4.0	-26.0	36.0
-4.0	-26.0	36.0
46.0	-52.0	42.0
46.0	-16.0	62.0
18.0	-8.0	18.0
2.0	-60.0	60.0
58.0	2.0	8.0
0.0	-50.0	24.0
44.0	-4.0	-12.0
18.0	-8.0	18.0
-22.0	-28.0	14.0
-22.0	-28.0	14.0
32.0	-66.0	2.0
32.0	-66.0	2.0
8.0	-90.0	28.0
8.0	-90.0	28.0
-54.0	-30.0	16.0
-54.0	-30.0	16.0
70.0	-24.0	2.0
70.0	-24.0	2.0
-8.0	-38.0	12.0
-8.0	-38.0	12.0
2.0	-60.0	60.0
46.0	-52.0	42.0
-10.0	-22.0	68.0
-60.0	-48.0	-4.0
-34.0	-54.0	0.0
26.0	-56.0	46.0
4.0	-16.0	12.0
-46.0	-62.0	-12.0
-46.0	-62.0	-12.0
-58.0	-60.0	-14.0
-58.0	-60.0	-14.0
26.0	-56.0	46.0
48.0	20.0	4.0
52.0	18.0	-8.0
52.0	18.0	-8.0
4.0	-28.0	-4.0
4.0	-28.0	-4.0
4.0	-16.0	12.0
10.0	12.0	2.0
48.0	20.0	4.0
32.0	28.0	-4.0
32.0	28.0	-4.0
44.0	6.0	34.0
-60.0	-48.0	-4.0
42.0	-36.0	42.0
42.0	-36.0	42.0
0.0	18.0	50.0
0.0	18.0	50.0
6.0	24.0	44.0
6.0	24.0	44.0
32.0	6.0	64.0
32.0	6.0	64.0
34.0	44.0	-12.0
50.0	36.0	26.0
50.0	36.0	26.0
-52.0	12.0	40.0
-52.0	12.0	40.0
44.0	6.0	34.0
-14.0	2.0	-4.0
-14.0	2.0	-4.0
10.0	12.0	2.0
40.0	-70.0	-16.0
-44.0	50.0	-4.0
40.0	-70.0	-16.0
26.0	-46.0	32.0
40.0	-52.0	48.0
-48.0	46.0	0.0
56.0	-38.0	-12.0
0.0	-16.0	10.0
0.0	-16.0	10.0
18.0	-8.0	18.0
18.0	-8.0	18.0
10.0	-92.0	26.0
10.0	-92.0	26.0
56.0	-38.0	-12.0
-34.0	-54.0	0.0
40.0	-52.0	48.0
-34.0	54.0	-6.0
-34.0	54.0	-6.0
-58.0	-32.0	-18.0
44.0	42.0	30.0
34.0	44.0	-12.0
-44.0	50.0	-4.0
-48.0	46.0	0.0
44.0	42.0	30.0
32.0	46.0	-12.0
32.0	46.0	-12.0
32.0	26.0	-4.0
62.0	16.0	16.0
52.0	32.0	28.0
52.0	32.0	28.0
62.0	16.0	16.0
-48.0	14.0	48.0
26.0	-46.0	32.0
-48.0	14.0	48.0
32.0	26.0	-4.0

// Croy I, 2010: PMID 20179758-1
// Subjects=20
-16.0	-12.0	-15.0
50.0	29.0	-5.0
-20.0	27.0	-13.0
-18.0	-5.0	-15.0
-30.0	18.0	3.0
-22.0	25.0	-15.0
-38.0	1.0	-10.0
34.0	27.0	-5.0
-24.0	33.0	-8.0
-42.0	15.0	-6.0
-48.0	21.0	-6.0
-42.0	17.0	-3.0
-38.0	34.0	-13.0
-61.0	-31.0	-2.0
24.0	28.0	-13.0
-12.0	-72.0	4.0
-12.0	-75.0	11.0
46.0	-41.0	43.0
-53.0	-35.0	-8.0
-51.0	-39.0	33.0
-51.0	-18.0	36.0
-42.0	0.0	30.0
44.0	5.0	31.0
-42.0	13.0	-6.0
-30.0	19.0	1.0
36.0	22.0	19.0
34.0	27.0	-6.0
-34.0	-7.0	13.0
-20.0	-5.0	-13.0
-4.0	-42.0	9.0
-24.0	-40.0	-15.0
-53.0	-35.0	-8.0
-61.0	-31.0	-2.0
-14.0	-84.0	30.0
-63.0	-39.0	4.0
32.0	45.0	1.0
50.0	29.0	26.0
44.0	5.0	31.0
-30.0	-28.0	-10.0
-10.0	-48.0	-9.0
-55.0	-18.0	23.0
-12.0	10.0	-4.0
-6.0	-29.0	47.0
46.0	-39.0	41.0
-26.0	-19.0	-1.0
-14.0	-77.0	11.0
-8.0	19.0	-8.0
24.0	12.0	7.0
-12.0	46.0	-9.0
-38.0	-63.0	-14.0
50.0	-43.0	33.0
-8.0	-46.0	12.0
-18.0	7.0	33.0
14.0	-24.0	31.0
30.0	-41.0	41.0
-30.0	-28.0	-10.0
-22.0	-24.0	29.0
-12.0	46.0	-7.0
-10.0	13.0	-4.0
-16.0	-50.0	19.0
-12.0	46.0	-7.0
-51.0	-39.0	33.0

// Tadic SD, 2010: PMID 20302947-1
// Subjects=20
34.0	24.0	4.0
44.0	18.0	6.0
-38.0	-52.0	-34.0
-28.0	-32.0	-14.0
50.0	12.0	22.0
38.0	-82.0	10.0
-48.0	-6.0	22.0
10.0	-60.0	-38.0
-16.0	-34.0	-28.0
-2.0	-28.0	-18.0
-24.0	-38.0	-2.0
36.0	22.0	34.0
28.0	-78.0	10.0
-20.0	-12.0	44.0
18.0	-20.0	6.0
-24.0	-44.0	-26.0
0.0	-22.0	42.0
-50.0	-2.0	6.0
30.0	20.0	42.0
40.0	20.0	8.0
12.0	14.0	44.0
12.0	26.0	-4.0
-2.0	-94.0	10.0
8.0	-18.0	-4.0
4.0	-62.0	32.0
-20.0	-58.0	2.0
-42.0	-58.0	36.0
-38.0	-8.0	6.0
28.0	-20.0	-14.0
-54.0	4.0	28.0
4.0	24.0	-4.0

// Tsukiura T, 2011: PMID 20350057-1
// Subjects=20
-22.0	59.0	14.0
-19.0	49.0	36.0
-41.0	41.0	15.0
-48.0	25.0	-8.0
-56.0	-13.0	32.0
59.0	-36.0	16.0
52.0	-23.0	53.0
-56.0	-57.0	27.0
-52.0	-17.0	18.0
0.0	-50.0	16.0
7.0	-77.0	-6.0
52.0	-54.0	20.0
26.0	-8.0	-22.0
-30.0	-81.0	-21.0
-19.0	-10.0	11.0
26.0	35.0	40.0
26.0	-32.0	15.0
19.0	-90.0	18.0
11.0	-45.0	-23.0
-48.0	-50.0	27.0
-11.0	-37.0	-20.0
22.0	-8.0	-22.0
-22.0	-33.0	-8.0
48.0	-52.0	48.0
-19.0	-48.0	-13.0
30.0	24.0	33.0
-33.0	1.0	10.0
-30.0	-52.0	-29.0
-37.0	6.0	-22.0
-41.0	26.0	16.0
-15.0	-52.0	-10.0
0.0	-50.0	16.0
22.0	-18.0	11.0
-11.0	-49.0	34.0

// Mei L, 2010: PMID 20353828-1
// Subjects=20
-20.0	-8.0	-16.0
22.0	-18.0	-18.0
26.0	-2.0	-18.0
-48.0	-64.0	-14.0
-44.0	-54.0	-14.0
-34.0	-22.0	-16.0
-28.0	-94.0	-16.0
38.0	-78.0	-10.0
-36.0	-88.0	-10.0
-26.0	-68.0	32.0
-42.0	-72.0	-12.0
-32.0	-96.0	2.0
40.0	-60.0	-16.0
-24.0	-70.0	44.0
26.0	-92.0	-8.0
-42.0	-60.0	-10.0
-40.0	-60.0	-20.0
-32.0	-64.0	-16.0
-30.0	-72.0	-18.0
36.0	-84.0	16.0
-24.0	-98.0	-4.0
44.0	-72.0	-16.0
40.0	-56.0	-14.0
50.0	-72.0	10.0
36.0	-72.0	-2.0
26.0	-92.0	-2.0
34.0	-80.0	22.0
32.0	-78.0	-14.0
-34.0	-88.0	20.0
26.0	-74.0	42.0
-48.0	-74.0	-14.0

// Poppenk J, 2010: PMID 20357121-1
// Subjects=20
-45.0	6.0	42.0
33.0	39.0	-9.0
0.0	-39.0	-36.0
-30.0	-99.0	15.0
-21.0	-87.0	-18.0
-63.0	-60.0	-15.0
24.0	-54.0	-15.0
33.0	-84.0	30.0
-24.0	-60.0	69.0
27.0	-42.0	78.0
-39.0	36.0	33.0
57.0	-21.0	54.0
36.0	-15.0	-36.0
48.0	-72.0	-24.0
15.0	18.0	36.0
33.0	-27.0	-6.0
-24.0	-33.0	-3.0
-39.0	21.0	-27.0
-48.0	-60.0	-27.0
-45.0	-90.0	15.0
-39.0	-87.0	33.0
-57.0	-75.0	21.0
-36.0	-63.0	21.0

// Heitzeg MM, 2010: PMID 20416863-1
// Subjects=20
46.0	24.0	46.0
-38.0	-14.0	60.0
-38.0	-22.0	54.0
34.0	54.0	28.0
40.0	60.0	-6.0
40.0	60.0	-6.0
40.0	54.0	14.0
40.0	54.0	14.0
46.0	24.0	46.0
58.0	10.0	24.0
32.0	-2.0	60.0
46.0	18.0	-8.0
38.0	14.0	6.0
38.0	14.0	6.0
-38.0	-14.0	60.0
58.0	10.0	24.0
54.0	22.0	38.0
54.0	22.0	38.0
-38.0	-16.0	64.0
-40.0	-22.0	54.0
42.0	16.0	-10.0
52.0	-48.0	52.0
-44.0	-48.0	56.0
8.0	-6.0	36.0
62.0	-38.0	-12.0
62.0	-38.0	-12.0
64.0	-28.0	-12.0
-2.0	-8.0	42.0
8.0	-6.0	36.0
-2.0	2.0	44.0
-2.0	2.0	44.0
60.0	-34.0	-6.0
60.0	-34.0	-6.0
-44.0	-48.0	56.0
50.0	-48.0	2.0
50.0	-48.0	2.0
48.0	-42.0	56.0
52.0	-48.0	52.0
48.0	-52.0	40.0
48.0	-52.0	40.0
-40.0	-66.0	52.0
50.0	8.0	42.0
50.0	8.0	42.0
-8.0	-52.0	10.0
32.0	-2.0	60.0
2.0	-22.0	-14.0
54.0	-28.0	52.0
-8.0	60.0	-10.0
0.0	62.0	-16.0
0.0	62.0	-16.0
28.0	-30.0	-24.0
-36.0	34.0	-16.0
-36.0	34.0	-16.0
-8.0	-52.0	18.0
-12.0	24.0	-6.0
-8.0	-52.0	10.0
-20.0	36.0	-10.0
16.0	-48.0	18.0
8.0	-50.0	10.0
8.0	-50.0	10.0
-8.0	-40.0	8.0
-8.0	-40.0	8.0
36.0	-52.0	-18.0
28.0	-30.0	-24.0
-8.0	-54.0	8.0
-38.0	-22.0	54.0
-8.0	-54.0	8.0
-12.0	24.0	-4.0
42.0	16.0	-10.0
-12.0	-20.0	20.0
-16.0	-24.0	2.0
16.0	-28.0	18.0
16.0	-28.0	2.0
-30.0	-26.0	-8.0
-32.0	-32.0	-8.0
-32.0	-32.0	-8.0
16.0	-28.0	2.0
-16.0	-10.0	-14.0
-16.0	-10.0	-14.0
22.0	-58.0	-20.0
-16.0	-24.0	2.0
4.0	-64.0	-16.0
4.0	-64.0	-16.0
24.0	-60.0	-20.0
24.0	-60.0	-20.0
-8.0	62.0	-12.0
14.0	50.0	-2.0
-8.0	58.0	40.0
-10.0	38.0	50.0
54.0	-28.0	52.0
-2.0	6.0	-4.0

// Straube B, 2011: PMID 20433241-1
// Subjects=20
56.0	-28.0	46.0
35.0	-39.0	49.0
-39.0	-42.0	60.0
-49.0	28.0	7.0
-28.0	-28.0	-14.0
-35.0	-42.0	60.0
14.0	-98.0	7.0
-4.0	-25.0	56.0
11.0	-7.0	56.0
-28.0	-28.0	-14.0
-53.0	11.0	7.0
32.0	-35.0	42.0
-53.0	-56.0	-4.0
25.0	-4.0	-25.0
25.0	-81.0	-28.0
-32.0	-18.0	-25.0
7.0	25.0	60.0
-49.0	-60.0	42.0
21.0	4.0	-11.0
-46.0	-39.0	28.0
-35.0	11.0	46.0
-21.0	0.0	11.0
-56.0	-42.0	0.0
7.0	-25.0	35.0
-28.0	7.0	-4.0
-35.0	42.0	-11.0
56.0	-46.0	11.0
-39.0	46.0	14.0
18.0	46.0	35.0

// Reisch T, 2010: PMID 20434779-1
// Subjects=20
42.7	52.2	5.6
33.3	-50.4	0.9
-43.8	39.8	17.6
8.0	-83.1	34.0
-20.9	1.5	57.4
-20.9	1.5	57.4
-24.6	-23.4	-17.4
-60.0	-4.9	-21.9
1.1	-42.3	-16.1
4.5	29.2	41.4

// Cole DM, 2010: PMID 20441798-1
// Subjects=20
56.0	-6.0	36.0
-42.0	-10.0	-6.0
36.0	16.0	-26.0
2.0	-92.0	6.0
-24.0	-32.0	-30.0
-18.0	44.0	30.0
-28.0	12.0	-20.0
12.0	-56.0	-14.0
58.0	-2.0	26.0
-60.0	-12.0	30.0
62.0	-10.0	12.0
50.0	-56.0	-6.0
-36.0	-52.0	-22.0
-24.0	-76.0	-22.0
-6.0	-74.0	46.0
10.0	-86.0	34.0
38.0	-6.0	6.0
-4.0	-26.0	2.0
-44.0	14.0	-18.0
-28.0	-40.0	-16.0
24.0	-62.0	44.0
58.0	-6.0	36.0
66.0	-26.0	26.0
10.0	-52.0	6.0
-28.0	-38.0	-6.0
36.0	-26.0	-24.0
-12.0	-74.0	10.0
44.0	-48.0	50.0
-2.0	-8.0	32.0
-28.0	-48.0	-52.0
6.0	-26.0	66.0
-6.0	-88.0	0.0
-6.0	-66.0	-42.0
-36.0	-80.0	-28.0
-18.0	-72.0	-20.0
-2.0	-42.0	-22.0
-16.0	34.0	-22.0
6.0	-68.0	-6.0
-26.0	-26.0	56.0

// Rouw R, 2010: PMID 20445046-1
// Subjects=20
23.0	25.0	50.0
0.0	39.0	21.0
17.0	-30.0	-1.0
6.0	-69.0	-19.0
-11.0	-58.0	61.0
5.0	-67.0	53.0
-53.0	-3.0	38.0
-3.0	-75.0	30.0
-25.0	-29.0	-24.0
28.0	-11.0	-19.0
12.0	-30.0	-4.0
-47.0	-61.0	33.0
40.0	-57.0	46.0
-30.0	-72.0	28.0
-40.0	5.0	27.0
23.0	-23.0	-23.0
9.0	-76.0	-28.0
-28.0	-21.0	-15.0
-27.0	43.0	29.0
40.0	-19.0	13.0
-19.0	-61.0	8.0
-50.0	-64.0	30.0
40.0	-19.0	14.0

// Anderson IM, 2011: PMID 20599362-1
// Subjects=20
21.0	-21.0	-15.0
-21.0	-84.0	-10.0
-11.0	49.0	0.0
-32.0	-39.0	-25.0
46.0	32.0	-10.0
-7.0	28.0	25.0
32.0	-18.0	-20.0
-28.0	-21.0	-15.0
42.0	-46.0	-20.0
25.0	-81.0	-5.0
-21.0	0.0	-20.0
42.0	42.0	-15.0
42.0	-11.0	5.0
35.0	0.0	10.0
28.0	-81.0	-10.0
-25.0	-81.0	-10.0
32.0	0.0	-15.0
32.0	0.0	-15.0
-18.0	-32.0	-10.0
-21.0	-7.0	-15.0
-25.0	-77.0	-15.0

// Suzuki M, 2011: PMID 20617887-1
// Subjects=20
24.0	-39.0	-14.0
36.0	-83.0	18.0
-24.0	-21.0	-17.0
-32.0	-42.0	-11.0
33.0	-35.0	-17.0
9.0	-75.0	41.0
23.0	-20.0	-17.0
33.0	-65.0	39.0
-5.0	-54.0	18.0
-6.0	-72.0	47.0
-11.0	-77.0	9.0
45.0	-74.0	23.0
-30.0	-65.0	41.0

// Ren Y, 2010: PMID 20619317-1
// Subjects=20
65.0	-20.0	36.0
-16.0	-97.0	36.0
65.0	-20.0	36.0
-18.0	-87.0	17.0
-18.0	-87.0	17.0
-18.0	-87.0	17.0
-18.0	-87.0	6.0
-18.0	-17.0	6.0
38.0	-17.0	6.0
38.0	-17.0	6.0
38.0	-17.0	17.0
-8.0	-6.0	-3.0
-16.0	-23.0	5.0
-32.0	-33.0	2.0
-32.0	-33.0	13.0
24.0	-36.0	13.0
24.0	-36.0	13.0
24.0	-36.0	13.0
24.0	-36.0	13.0
-32.0	-33.0	2.0
24.0	-36.0	16.0
22.0	-34.0	16.0
22.0	-34.0	16.0
-16.0	-23.0	5.0
67.0	-20.0	36.0
16.0	-88.0	36.0
67.0	-19.0	36.0
24.0	-34.0	16.0
67.0	-19.0	18.0
-16.0	-23.0	5.0
-16.0	-97.0	9.0
-18.0	-87.0	17.0
-18.0	-87.0	17.0
-44.0	-40.0	-18.0
-44.0	-40.0	-18.0
-44.0	-40.0	-18.0
-44.0	-40.0	-26.0
-44.0	-87.0	-26.0
-42.0	-87.0	-26.0
38.0	-87.0	17.0
-42.0	-87.0	-26.0
-42.0	-87.0	-14.0
-42.0	-47.0	-14.0
-36.0	-47.0	-14.0
-36.0	-47.0	-14.0
-16.0	-97.0	9.0
-42.0	-87.0	-26.0
-42.0	-87.0	-26.0
38.0	-17.0	6.0
38.0	-17.0	6.0
-16.0	-97.0	9.0
51.0	-19.0	18.0
67.0	-19.0	18.0
67.0	-19.0	18.0
67.0	-19.0	18.0
-16.0	-23.0	8.0
-32.0	-36.0	13.0
28.0	-16.0	-6.0
32.0	-71.0	-27.0
-6.0	-71.0	-27.0
-6.0	-71.0	-27.0
-6.0	-71.0	-27.0
-6.0	-71.0	-27.0
-6.0	-71.0	-26.0
-6.0	-77.0	-26.0
32.0	-77.0	-26.0
-16.0	-21.0	8.0
-44.0	-44.0	-20.0
-44.0	-44.0	-20.0
-44.0	-44.0	-20.0
-44.0	-44.0	-15.0
-44.0	-34.0	-15.0
10.0	-34.0	-15.0
32.0	-77.0	-26.0
-28.0	-41.0	4.0
-28.0	-35.0	4.0
-24.0	-11.0	13.0
-24.0	-11.0	13.0
-24.0	-11.0	13.0
-24.0	-11.0	13.0
-24.0	-11.0	13.0
-24.0	-11.0	-6.0
-24.0	-16.0	-6.0
-24.0	-11.0	13.0
-16.0	-21.0	8.0
16.0	-20.0	-4.0
16.0	-20.0	-4.0
32.0	-77.0	-27.0
32.0	-77.0	-26.0
10.0	-34.0	-15.0
10.0	-34.0	-15.0
-12.0	-37.0	-6.0
-12.0	-53.0	-6.0
-26.0	-53.0	-6.0
-26.0	-53.0	-6.0
-18.0	-8.0	-11.0
-18.0	-8.0	-11.0
-18.0	-8.0	-11.0
-18.0	-8.0	-11.0
10.0	-63.0	-24.0
-28.0	-41.0	4.0
10.0	-63.0	-24.0
32.0	-77.0	-26.0
10.0	-53.0	-12.0
12.0	-53.0	-12.0
16.0	-20.0	-4.0
12.0	-53.0	-12.0
6.0	-48.0	-19.0
6.0	-48.0	-19.0
6.0	-48.0	-22.0
10.0	-34.0	-12.0
6.0	-56.0	-22.0
6.0	-56.0	-22.0
6.0	-56.0	-22.0
6.0	-56.0	-22.0
6.0	-56.0	-19.0
6.0	-61.0	-19.0
8.0	-61.0	-19.0
8.0	-61.0	-19.0
6.0	-56.0	-22.0
10.0	-34.0	-15.0
6.0	-48.0	-19.0
16.0	-20.0	-8.0
16.0	-12.0	-8.0
8.0	-12.0	-8.0
-28.0	-14.0	-11.0
-28.0	-14.0	-11.0
-28.0	-14.0	-3.0
-28.0	-35.0	-3.0
-28.0	-35.0	-3.0
-28.0	-35.0	-3.0
-28.0	-35.0	-3.0
8.0	-12.0	-7.0
-28.0	-35.0	-3.0
32.0	-38.0	18.0
32.0	-27.0	18.0
40.0	-6.0	2.0
4.0	-22.0	-4.0
12.0	-22.0	-7.0
-28.0	-14.0	-11.0
-6.0	-22.0	-4.0
-6.0	-22.0	-4.0
-6.0	-22.0	-4.0
-6.0	-22.0	-4.0
4.0	-22.0	-4.0
32.0	-27.0	11.0
12.0	-22.0	-7.0
4.0	-22.0	-4.0
4.0	-22.0	-4.0
4.0	-22.0	-4.0
8.0	-22.0	-4.0
8.0	-22.0	-4.0
32.0	-27.0	11.0
32.0	-27.0	11.0
4.0	-22.0	-4.0
-6.0	-22.0	-4.0
-12.0	-37.0	-2.0
40.0	-6.0	2.0
42.0	-38.0	2.0
8.0	-12.0	-8.0
28.0	-16.0	-6.0
-24.0	-11.0	13.0
-24.0	-11.0	13.0
-18.0	-17.0	3.0
-28.0	-41.0	4.0
-16.0	-21.0	5.0
-16.0	-23.0	5.0
-16.0	-23.0	5.0
-16.0	-23.0	5.0
-18.0	-19.0	1.0
-18.0	-19.0	1.0
-18.0	-19.0	1.0
-18.0	-19.0	8.0
42.0	-6.0	2.0
-18.0	-21.0	8.0
-22.0	-21.0	8.0
-22.0	-21.0	8.0
-22.0	-21.0	8.0
-22.0	-21.0	3.0
-22.0	-17.0	3.0
-18.0	-17.0	3.0
8.0	-12.0	-8.0
8.0	-12.0	-8.0
-24.0	-11.0	13.0
8.0	-22.0	-7.0
42.0	-38.0	18.0
42.0	-38.0	18.0
42.0	-38.0	18.0
42.0	-38.0	18.0
-22.0	-21.0	8.0
-12.0	-37.0	-2.0
32.0	-77.0	-26.0
-12.0	-37.0	-2.0
4.0	11.0	22.0
4.0	11.0	22.0
4.0	11.0	22.0
4.0	11.0	22.0
4.0	11.0	38.0
4.0	-16.0	38.0
4.0	11.0	22.0
6.0	-28.0	25.0
6.0	-28.0	25.0
-6.0	-28.0	25.0
40.0	-55.0	25.0
40.0	-55.0	25.0
40.0	-55.0	25.0
40.0	-55.0	-4.0
4.0	11.0	22.0
40.0	-29.0	-4.0
-65.0	-29.0	-4.0
-65.0	-29.0	-4.0
-65.0	-29.0	-4.0
-65.0	-29.0	-4.0
-65.0	-29.0	-4.0
-65.0	-29.0	-4.0
-65.0	-29.0	-4.0
-6.0	-34.0	22.0
-6.0	-34.0	22.0
-6.0	-34.0	22.0
-6.0	-34.0	25.0
-20.0	-16.0	38.0
51.0	-15.0	54.0
-20.0	-16.0	38.0
-65.0	-29.0	-4.0
32.0	-50.0	54.0
4.0	11.0	22.0
4.0	11.0	22.0
-32.0	-33.0	2.0
51.0	-15.0	18.0
-8.0	-6.0	-3.0
16.0	-88.0	36.0
16.0	-88.0	36.0
16.0	-88.0	36.0
16.0	-88.0	-7.0
16.0	-55.0	-7.0
-24.0	-55.0	-7.0
-8.0	-6.0	-3.0
-8.0	-6.0	-3.0
-8.0	-6.0	-3.0
-12.0	-37.0	-2.0
-8.0	-6.0	-3.0
6.0	-28.0	25.0
-8.0	-6.0	-3.0
-8.0	-6.0	-3.0
-8.0	-6.0	-3.0
-8.0	-6.0	-3.0
-8.0	-6.0	-3.0
-16.0	-88.0	36.0
51.0	-15.0	54.0
57.0	18.0	3.0
51.0	-15.0	54.0
6.0	-28.0	25.0
6.0	-28.0	-15.0
6.0	-42.0	-15.0
-46.0	-42.0	-15.0
-46.0	-42.0	-15.0
4.0	11.0	22.0
-8.0	-6.0	-3.0
57.0	18.0	3.0
-8.0	-6.0	-3.0
57.0	18.0	3.0
57.0	18.0	3.0
32.0	-50.0	54.0
-16.0	-21.0	8.0
-24.0	-55.0	-7.0
-16.0	-21.0	8.0
-18.0	-8.0	-11.0
-18.0	-8.0	-12.0
-18.0	-4.0	-12.0
22.0	-4.0	-12.0
22.0	-4.0	-12.0
2.0	-56.0	-27.0
2.0	-56.0	-27.0
-18.0	-8.0	-11.0
2.0	-56.0	-27.0
59.0	18.0	3.0
2.0	-56.0	-27.0
2.0	-56.0	-27.0
2.0	-56.0	-27.0
2.0	-56.0	-27.0
2.0	-63.0	-24.0
2.0	-56.0	-27.0
-18.0	-8.0	-11.0
-18.0	-8.0	-11.0
-18.0	-8.0	-11.0
-22.0	-33.0	-2.0
-22.0	-33.0	-2.0
-22.0	-33.0	-2.0
-22.0	-33.0	-2.0
-22.0	-37.0	-2.0
57.0	18.0	3.0
2.0	-56.0	-27.0
59.0	22.0	3.0
2.0	-56.0	-24.0
59.0	22.0	19.0
59.0	22.0	19.0
-51.0	-4.0	35.0
-51.0	-4.0	35.0
-51.0	-4.0	53.0
57.0	18.0	3.0
-51.0	-25.0	53.0
20.0	-25.0	53.0
20.0	-25.0	53.0
20.0	-25.0	41.0
20.0	-17.0	41.0
61.0	-17.0	41.0
61.0	-17.0	41.0
20.0	-25.0	53.0
57.0	18.0	3.0
20.0	-25.0	53.0
57.0	18.0	3.0
59.0	22.0	19.0
-16.0	-21.0	8.0
-40.0	-29.0	38.0
-40.0	-29.0	38.0
65.0	-29.0	38.0
65.0	-42.0	38.0
65.0	-42.0	22.0
65.0	-42.0	22.0
-51.0	-4.0	35.0
65.0	-42.0	22.0
65.0	-42.0	22.0
32.0	-42.0	22.0
32.0	-50.0	22.0
32.0	-50.0	54.0

// Andreano JM, 2010: PMID 20637290-1
// Subjects=20
46.0	-38.0	-18.0
-16.0	-50.0	-46.0
-28.0	-4.0	-14.0
16.0	-4.0	-14.0
-24.0	-10.0	-18.0
-34.0	-52.0	-18.0
22.0	-2.0	-18.0
-38.0	20.0	-16.0
-28.0	-16.0	-20.0
22.0	-2.0	-22.0
40.0	-48.0	-22.0
8.0	-78.0	-42.0
-24.0	-10.0	-22.0
-42.0	-46.0	-22.0
18.0	-72.0	-40.0
-18.0	-10.0	-16.0
18.0	16.0	4.0
32.0	-30.0	-10.0
-12.0	-8.0	-18.0
18.0	-12.0	-14.0
-32.0	-22.0	-10.0
-28.0	-34.0	-8.0
28.0	-8.0	-22.0
32.0	-48.0	-20.0
22.0	-2.0	-18.0
30.0	-10.0	-22.0
-28.0	-6.0	-22.0
-20.0	-8.0	-16.0
-28.0	-16.0	-20.0
-34.0	-24.0	-16.0

// Habel U, 2010: PMID 20663646-1
// Subjects=20
12.0	-90.0	28.0
0.0	30.0	48.0
12.0	34.0	18.0
-30.0	-38.0	-4.0
32.0	-78.0	-4.0
58.0	-52.0	6.0
50.0	-64.0	-8.0
-46.0	44.0	10.0
44.0	-16.0	-2.0
-34.0	-94.0	2.0
-36.0	14.0	-6.0
-8.0	56.0	16.0
14.0	-10.0	16.0
-6.0	-44.0	14.0
10.0	34.0	20.0
-12.0	32.0	18.0
40.0	-52.0	-14.0
-8.0	50.0	16.0
-30.0	-90.0	26.0
-4.0	-94.0	24.0
12.0	-6.0	16.0
46.0	-18.0	-2.0
42.0	-52.0	-14.0
66.0	-54.0	10.0
14.0	-98.0	0.0
50.0	0.0	38.0
-6.0	-94.0	26.0
46.0	8.0	18.0
48.0	0.0	36.0
12.0	-90.0	26.0
24.0	0.0	6.0
12.0	36.0	22.0
0.0	30.0	10.0
24.0	2.0	4.0
44.0	6.0	18.0
-4.0	-94.0	26.0
28.0	-66.0	38.0
48.0	8.0	18.0
-28.0	-92.0	28.0
16.0	42.0	8.0
66.0	-52.0	4.0
26.0	-64.0	38.0
28.0	-4.0	4.0
-30.0	-90.0	26.0
-6.0	-94.0	26.0
4.0	-96.0	-6.0
-6.0	28.0	-14.0
42.0	-50.0	-16.0
34.0	-64.0	-14.0
46.0	-16.0	0.0
26.0	-66.0	38.0
48.0	0.0	36.0
-6.0	-94.0	28.0
-44.0	40.0	8.0
54.0	4.0	34.0
-50.0	-20.0	40.0
68.0	-40.0	8.0
-24.0	-2.0	4.0
42.0	-48.0	-16.0
0.0	36.0	-14.0
-12.0	30.0	20.0
2.0	34.0	40.0
14.0	40.0	14.0
12.0	-86.0	-12.0
46.0	8.0	18.0
-4.0	26.0	48.0
46.0	-66.0	-12.0
4.0	36.0	22.0
2.0	32.0	34.0
64.0	-54.0	2.0
-6.0	-94.0	26.0
-28.0	-90.0	28.0
54.0	2.0	36.0
26.0	-66.0	38.0
-36.0	-38.0	40.0
-24.0	-44.0	-2.0

// Xu J, 2010: PMID 20685394-1
// Subjects=20
30.0	-94.0	-12.0
34.0	-84.0	30.0
49.0	21.0	34.0
-32.0	-86.0	24.0
-35.0	-76.0	-22.0
28.0	38.0	31.0
8.0	-13.0	7.0
7.0	-19.0	9.0
-36.0	-74.0	-21.0
-3.0	-67.0	54.0
-32.0	-62.0	39.0
-31.0	-83.0	22.0
-9.0	-52.0	-1.0
12.0	-77.0	43.0
0.0	12.0	47.0
-30.0	24.0	-7.0
32.0	24.0	-6.0
-30.0	-94.0	-11.0
-24.0	-45.0	-15.0
26.0	-49.0	-10.0
-31.0	24.0	-2.0
8.0	-49.0	-1.0
26.0	-22.0	-11.0
7.0	-17.0	9.0
-7.0	-17.0	9.0
23.0	-35.0	-3.0
-19.0	-34.0	-7.0
28.0	38.0	31.0
26.0	-12.0	-27.0
26.0	-22.0	-12.0
29.0	-35.0	-14.0
-23.0	-29.0	-8.0
29.0	-35.0	-14.0
-24.0	-45.0	-15.0
-21.0	-41.0	-13.0
-21.0	-41.0	-13.0
-21.0	-41.0	-13.0
-21.0	-31.0	-7.0
30.0	-39.0	0.0
35.0	-18.0	-21.0
-31.0	-38.0	-5.0
-27.0	-32.0	-21.0
25.0	-20.0	-18.0
23.0	-25.0	-11.0
24.0	-32.0	-8.0
31.0	-17.0	-14.0
17.0	-34.0	-15.0
-22.0	-23.0	-15.0
-32.0	-86.0	23.0
-21.0	-43.0	-14.0
-21.0	-45.0	-14.0
21.0	-35.0	-18.0
26.0	-20.0	-16.0
23.0	-38.0	4.0
-24.0	-23.0	-25.0
-24.0	-40.0	-14.0
-15.0	-32.0	-10.0
26.0	-24.0	-25.0
19.0	-3.0	-27.0
-30.0	-7.0	-32.0
-17.0	-17.0	-27.0
25.0	-49.0	-10.0
26.0	-13.0	-29.0
-22.0	-24.0	-16.0
27.0	-10.0	-28.0
-24.0	-34.0	-19.0
33.0	-80.0	17.0
29.0	55.0	-5.0
25.0	8.0	54.0
47.0	13.0	30.0
0.0	13.0	46.0
33.0	22.0	-6.0
-30.0	23.0	-2.0
14.0	-59.0	15.0
-20.0	-17.0	-18.0
-20.0	-16.0	-15.0
12.0	-77.0	43.0
20.0	-2.0	-23.0
2.0	-11.0	41.0
-21.0	-94.0	-10.0
1.0	-38.0	29.0
-12.0	-38.0	38.0
62.0	-52.0	3.0
52.0	-61.0	0.0
-6.0	-50.0	52.0
-36.0	-50.0	-26.0
2.0	-83.0	22.0
-7.0	-76.0	14.0
-17.0	-64.0	-4.0
0.0	-17.0	46.0
25.0	-20.0	-18.0
-4.0	-17.0	2.0
26.0	7.0	53.0
34.0	-41.0	-2.0
-37.0	-36.0	57.0
25.0	-97.0	-12.0
30.0	57.0	-5.0
48.0	12.0	29.0
5.0	32.0	31.0
32.0	22.0	-3.0
41.0	-79.0	18.0
-20.0	-30.0	-10.0
-11.0	10.0	0.0
-58.0	-44.0	34.0
-51.0	-63.0	7.0
58.0	-42.0	19.0
25.0	-19.0	-25.0
28.0	-29.0	-23.0
-15.0	-32.0	-10.0
5.0	48.0	25.0
20.0	-31.0	-6.0
-20.0	-34.0	-5.0
-27.0	-17.0	-20.0
-24.0	-25.0	-11.0
27.0	-17.0	-28.0
26.0	57.0	-8.0
28.0	-36.0	-14.0
28.0	55.0	21.0
-29.0	-35.0	-15.0
-28.0	-41.0	1.0
3.0	-54.0	63.0
34.0	27.0	43.0
31.0	-40.0	1.0
54.0	-41.0	39.0
48.0	46.0	-14.0
-55.0	-52.0	36.0
59.0	-57.0	-5.0
-19.0	57.0	26.0
13.0	51.0	30.0
-3.0	-67.0	54.0
-39.0	18.0	40.0

// Schilbach L, 2011: PMID 20705602-1
// Subjects=20
33.0	45.0	26.0
30.0	-2.0	56.0
6.0	8.0	30.0
2.0	-24.0	42.0
-32.0	30.0	-3.0
44.0	-47.0	41.0
29.0	-5.0	9.0
6.0	-57.0	-18.0
27.0	-12.0	71.0
17.0	-44.0	38.0
9.0	-27.0	-18.0
29.0	-83.0	26.0
-39.0	-35.0	39.0
-8.0	-28.0	-18.0
-47.0	-68.0	0.0
24.0	-27.0	-5.0
-38.0	-42.0	39.0
-60.0	-44.0	-17.0
-24.0	-29.0	-8.0
-9.0	-77.0	29.0
-5.0	57.0	26.0
-11.0	-30.0	54.0
-3.0	53.0	-21.0
14.0	62.0	21.0
-44.0	-18.0	20.0
-17.0	2.0	8.0
-51.0	14.0	8.0
-8.0	30.0	21.0
-6.0	-14.0	8.0
17.0	-98.0	-9.0
53.0	11.0	-17.0
5.0	-29.0	66.0

// Mueller K, 2011: PMID 20728550-1
// Subjects=20
16.0	-26.0	-14.0
18.0	-4.0	-18.0
-28.0	-24.0	-12.0
-18.0	-26.0	-14.0
-16.0	-24.0	-16.0
-24.0	-12.0	-18.0
26.0	-16.0	-16.0

// Perry D, 2011: PMID 20817106-1
// Subjects=20
-28.8	-29.1	-8.0
-22.4	-85.1	-30.1
5.2	58.2	3.3
0.5	-25.8	46.0
9.0	-57.5	34.1
-37.9	-59.2	44.8
-24.3	39.9	45.3
27.9	-83.0	-22.0
2.5	-9.1	42.4
42.8	-12.8	-9.1
-37.4	-13.0	-4.8
46.6	-67.0	46.7
-40.7	55.7	2.9
64.4	-40.2	19.8
-60.6	-36.4	24.2

// Strandberg M, 2011: PMID 20862617-1
// Subjects=20
-9.0	48.0	39.0
57.0	48.0	39.0
57.0	3.0	39.0
57.0	3.0	12.0
57.0	3.0	12.0
57.0	3.0	12.0
39.0	3.0	12.0
39.0	-72.0	12.0
39.0	-72.0	27.0
39.0	-72.0	27.0
-27.0	33.0	-6.0
0.0	33.0	-6.0
-27.0	-18.0	-6.0
-27.0	-18.0	-6.0
-27.0	-18.0	-6.0
-27.0	-18.0	-6.0
-6.0	-18.0	-6.0
-6.0	-60.0	-6.0
-6.0	-60.0	66.0
-33.0	57.0	-9.0
-6.0	-60.0	66.0
-6.0	-60.0	66.0
12.0	27.0	-36.0
12.0	-60.0	12.0
-6.0	51.0	36.0
-51.0	-78.0	12.0
-9.0	-78.0	12.0
-9.0	-57.0	12.0
-9.0	-57.0	54.0
-9.0	-57.0	54.0
-51.0	-78.0	12.0
-9.0	-57.0	54.0
27.0	-90.0	-36.0
12.0	-90.0	-36.0
12.0	27.0	45.0
12.0	27.0	45.0
12.0	27.0	45.0
27.0	27.0	45.0
27.0	15.0	45.0
27.0	15.0	57.0
27.0	15.0	57.0
27.0	15.0	57.0
-66.0	-21.0	-18.0
12.0	-21.0	-18.0
-51.0	-78.0	36.0
-51.0	51.0	36.0
12.0	-60.0	12.0
-54.0	-6.0	-33.0
-21.0	-60.0	12.0
-21.0	6.0	57.0
-21.0	6.0	57.0
-27.0	-21.0	-18.0
21.0	-21.0	-18.0
21.0	-48.0	-18.0
21.0	-48.0	6.0
21.0	-48.0	6.0
36.0	-30.0	-9.0
21.0	-48.0	6.0
-27.0	-48.0	6.0
-27.0	51.0	6.0
-27.0	51.0	6.0
-27.0	51.0	6.0
-27.0	51.0	6.0
30.0	-6.0	-33.0
30.0	-81.0	-33.0
30.0	-81.0	-9.0
30.0	-81.0	-9.0
30.0	-81.0	-9.0
-21.0	6.0	12.0
-51.0	-78.0	12.0
-21.0	6.0	57.0
36.0	-81.0	-9.0
36.0	-30.0	-24.0
36.0	-30.0	-24.0
36.0	-30.0	-24.0
54.0	-9.0	-18.0
-36.0	-9.0	-18.0
-36.0	-90.0	-18.0
-36.0	-90.0	-15.0
-36.0	-90.0	-15.0
-36.0	-90.0	-15.0
-33.0	-90.0	-15.0
-33.0	-30.0	-15.0
-33.0	-30.0	-24.0
12.0	-60.0	-18.0
-33.0	-30.0	-24.0
45.0	18.0	-39.0
21.0	18.0	-39.0
21.0	-63.0	-39.0
21.0	-63.0	33.0
21.0	-63.0	33.0
21.0	-63.0	33.0
-33.0	-63.0	33.0
-33.0	57.0	33.0
-33.0	57.0	-9.0
12.0	-60.0	12.0
-33.0	-30.0	-24.0
-33.0	57.0	-9.0
57.0	-18.0	27.0
-45.0	-60.0	33.0
-24.0	-48.0	30.0
-39.0	-90.0	18.0
36.0	-3.0	42.0
36.0	-3.0	42.0
36.0	-3.0	42.0
-9.0	-3.0	42.0
-9.0	-51.0	42.0
-9.0	-51.0	-51.0
36.0	-3.0	33.0
-9.0	-51.0	-51.0
-9.0	-51.0	-51.0
-39.0	9.0	51.0
33.0	-9.0	51.0
33.0	-9.0	-24.0
33.0	-9.0	-24.0
33.0	-9.0	-24.0
30.0	-9.0	-24.0
30.0	-45.0	-24.0
30.0	-45.0	-42.0
30.0	-45.0	-42.0
30.0	-45.0	-42.0
33.0	9.0	51.0
-3.0	-48.0	30.0
-24.0	-36.0	-30.0
-24.0	-36.0	-30.0
39.0	-72.0	27.0
-24.0	-36.0	-30.0
-30.0	-36.0	-30.0
-30.0	-36.0	-30.0
-30.0	-36.0	-18.0
-30.0	-36.0	-18.0
-30.0	-36.0	-18.0
-6.0	57.0	33.0
6.0	57.0	33.0
6.0	-33.0	33.0
6.0	-33.0	-51.0
6.0	-33.0	-51.0
6.0	-33.0	-51.0
-45.0	-33.0	-51.0
-45.0	-63.0	-51.0
-45.0	-63.0	15.0
-45.0	-63.0	15.0
-45.0	-63.0	15.0
3.0	-51.0	-51.0
-39.0	-51.0	-51.0
-39.0	-90.0	-51.0
-39.0	-90.0	18.0
-39.0	-90.0	18.0
-24.0	-36.0	30.0
30.0	33.0	18.0
30.0	33.0	39.0
30.0	33.0	39.0
-3.0	56.0	33.0
30.0	56.0	33.0
30.0	12.0	33.0
30.0	12.0	-24.0
30.0	12.0	-24.0
30.0	12.0	-24.0
24.0	12.0	-24.0
30.0	-90.0	18.0
24.0	33.0	-24.0
24.0	33.0	-21.0
24.0	33.0	-21.0
6.0	33.0	6.0
-33.0	33.0	6.0
-33.0	-18.0	6.0
-33.0	-18.0	27.0
-33.0	-18.0	27.0
-33.0	-18.0	27.0
57.0	-42.0	27.0
-15.0	-60.0	9.0
30.0	33.0	39.0
57.0	-42.0	-18.0
57.0	-42.0	-18.0
39.0	33.0	-18.0
24.0	33.0	-21.0
-51.0	33.0	-18.0
-51.0	-12.0	-18.0
-51.0	-12.0	24.0
-51.0	-12.0	24.0
-51.0	-12.0	24.0
-42.0	-12.0	24.0
-42.0	36.0	24.0
-42.0	36.0	33.0
-42.0	36.0	33.0
57.0	-42.0	-18.0
-42.0	36.0	33.0
-15.0	27.0	-3.0
-15.0	-60.0	-3.0
-15.0	-60.0	9.0
-15.0	-60.0	9.0
21.0	-60.0	9.0
21.0	-9.0	9.0
21.0	-9.0	6.0
21.0	-9.0	6.0
21.0	-9.0	6.0
36.0	-60.0	33.0
57.0	27.0	-3.0

// Modinos G, 2010: PMID 20888847-1
// Subjects=20
48.0	10.0	12.0
54.0	28.0	26.0
30.0	44.0	16.0
52.0	-32.0	40.0
-24.0	-48.0	-12.0
16.0	-92.0	10.0
24.0	-48.0	-12.0
6.0	-52.0	-46.0
-60.0	-30.0	28.0
22.0	6.0	54.0
30.0	22.0	6.0
-26.0	-22.0	-14.0
6.0	42.0	48.0
-36.0	10.0	26.0
30.0	-64.0	-30.0
-8.0	-78.0	-32.0
-56.0	-60.0	14.0
0.0	36.0	2.0
-4.0	26.0	46.0
-28.0	-58.0	38.0
-56.0	20.0	30.0
-42.0	8.0	36.0
46.0	14.0	44.0
-48.0	6.0	30.0
40.0	36.0	14.0
44.0	0.0	32.0

// Wimber M, 2010: PMID 20926653-1
// Subjects=20
57.0	-33.0	-15.0
60.0	-45.0	0.0
63.0	-45.0	-9.0
-57.0	24.0	24.0
-42.0	18.0	21.0
-63.0	-51.0	-3.0
39.0	39.0	-3.0
48.0	33.0	9.0
-57.0	-42.0	-6.0
-51.0	-42.0	-12.0
-42.0	-30.0	-15.0
45.0	30.0	6.0
-42.0	-54.0	51.0
12.0	-24.0	57.0
33.0	-63.0	45.0
30.0	-69.0	51.0
-12.0	-60.0	21.0
45.0	-51.0	-15.0
-27.0	-42.0	48.0
-36.0	-20.0	-15.0
9.0	-54.0	33.0
45.0	0.0	30.0
-15.0	-81.0	42.0
48.0	-42.0	48.0
33.0	-48.0	48.0
39.0	-45.0	39.0
39.0	-66.0	27.0
54.0	42.0	12.0
12.0	-57.0	24.0
-60.0	-18.0	-15.0
57.0	-48.0	36.0
-3.0	-24.0	57.0
-60.0	-12.0	-27.0
69.0	-33.0	-6.0
63.0	-12.0	-21.0
60.0	-18.0	-15.0
-30.0	-21.0	-15.0
-33.0	-36.0	-9.0
-54.0	-69.0	30.0
-54.0	-63.0	27.0
-42.0	-78.0	36.0
-54.0	3.0	-21.0
-42.0	12.0	45.0
21.0	-54.0	18.0
33.0	30.0	57.0
51.0	-60.0	24.0
24.0	21.0	48.0
45.0	-66.0	27.0
54.0	-6.0	6.0
45.0	-15.0	3.0
27.0	-18.0	-18.0
36.0	15.0	36.0
48.0	18.0	42.0
-21.0	54.0	9.0
63.0	-21.0	9.0
48.0	-27.0	12.0
39.0	-18.0	45.0
3.0	30.0	0.0
-45.0	-18.0	3.0
9.0	42.0	-6.0

// Luijten M, 2011: PMID 20932921-1
// Subjects=20
24.0	-30.0	-6.0
-27.0	-12.0	54.0
-30.0	-15.0	66.0
9.0	-54.0	-9.0
27.0	-93.0	6.0
-51.0	3.0	33.0
30.0	-84.0	24.0
48.0	-24.0	54.0
15.0	36.0	3.0
-21.0	-36.0	-3.0
-24.0	-42.0	6.0
-42.0	-75.0	-6.0
45.0	3.0	30.0
-12.0	-48.0	-3.0
45.0	-39.0	51.0
-3.0	0.0	57.0
18.0	-36.0	0.0
-63.0	-27.0	27.0
27.0	-12.0	63.0
-18.0	-54.0	-9.0
36.0	-18.0	63.0
-60.0	-12.0	-3.0
9.0	21.0	48.0
-45.0	-81.0	3.0
45.0	-81.0	6.0
27.0	-75.0	39.0
27.0	-9.0	57.0
51.0	3.0	24.0
51.0	-75.0	6.0
-48.0	-75.0	-9.0
42.0	-39.0	51.0
-30.0	-87.0	15.0
54.0	-21.0	9.0
-9.0	-87.0	2.0
-18.0	-72.0	51.0
-6.0	-63.0	-12.0
45.0	-66.0	-3.0
15.0	30.0	33.0
27.0	-75.0	39.0

// Veer IM, 2010: PMID 20941370-1
// Subjects=20
-16.0	-68.0	-22.0
38.0	-6.0	6.0
-36.0	4.0	-18.0
-40.0	-6.0	-2.0
24.0	-4.0	-16.0
58.0	-32.0	6.0
18.0	-68.0	-22.0
56.0	-10.0	-8.0
-46.0	-30.0	6.0
12.0	-22.0	0.0
-24.0	-6.0	-14.0
-44.0	0.0	-14.0
-46.0	-38.0	40.0
0.0	2.0	38.0
44.0	-72.0	14.0
-40.0	-80.0	18.0
54.0	-60.0	-8.0
-48.0	-62.0	-12.0
-28.0	32.0	36.0
-12.0	-6.0	12.0
56.0	24.0	16.0
0.0	-26.0	50.0
-28.0	6.0	48.0
-56.0	-28.0	24.0
48.0	-16.0	44.0
-44.0	-20.0	44.0
12.0	-38.0	42.0
0.0	48.0	-14.0
4.0	32.0	38.0
-24.0	56.0	-4.0
-58.0	-30.0	-10.0
-28.0	-24.0	-16.0
48.0	8.0	26.0
50.0	40.0	8.0
-46.0	36.0	12.0
-10.0	-38.0	40.0
32.0	56.0	-2.0
2.0	2.0	32.0
-8.0	32.0	36.0
-38.0	-76.0	22.0
-36.0	16.0	38.0
58.0	-20.0	-10.0
-10.0	-68.0	-2.0
2.0	-78.0	36.0
40.0	-38.0	40.0
8.0	8.0	4.0
-6.0	8.0	4.0
40.0	8.0	28.0
58.0	-40.0	24.0
-14.0	-76.0	22.0
50.0	-72.0	16.0
16.0	-50.0	-2.0
18.0	-76.0	22.0
16.0	-68.0	-2.0

// Vandewalle G, 2010: PMID 20974959-1
// Subjects=20
-52.0	-20.0	0.0
70.0	-30.0	0.0
16.0	-8.0	-26.0
58.0	-2.0	-8.0
68.0	-20.0	2.0
56.0	4.0	-14.0
-64.0	-22.0	4.0
-54.0	-28.0	6.0
44.0	32.0	2.0
-56.0	-12.0	-18.0
-56.0	-24.0	-4.0
68.0	-28.0	4.0
68.0	-14.0	-6.0
28.0	-24.0	-14.0
-26.0	-24.0	-14.0
-20.0	-16.0	-28.0
2.0	-6.0	-20.0
-2.0	-6.0	-16.0
68.0	-34.0	0.0

// Bollinger J, 2010: PMID 20980597-1
// Subjects=20
14.5	-45.0	58.6
10.0	-36.4	32.3
37.0	-6.4	74.1
62.4	-39.5	28.6
34.5	-87.5	1.8
19.0	-39.8	83.8
47.1	27.1	11.0
55.5	34.3	-7.6
-42.9	49.8	-4.4
38.5	46.5	13.9
-32.2	60.4	-5.4
53.3	7.4	-24.3
51.8	-37.9	49.8
27.1	6.1	44.2
-33.3	59.5	-3.1
7.5	1.3	-3.1
35.9	-4.3	73.9
17.9	-40.9	83.9
42.4	-40.4	73.6
50.7	-26.1	51.1
41.2	-36.7	53.2
25.1	1.0	60.2
49.2	29.3	10.8
38.5	48.6	13.7
44.0	46.8	31.6
-35.1	40.7	28.6
-23.5	14.9	-3.9
53.7	12.1	36.7
-30.9	35.1	24.6
20.2	15.5	-13.4
-4.8	8.6	65.5
29.0	-37.2	-8.0
16.7	-49.3	57.9
17.6	13.4	70.4
-32.4	1.5	-51.8
36.0	-5.5	-52.0
-16.7	-22.0	41.5
21.8	-13.2	42.5
6.7	-48.9	8.9
-28.6	-52.9	1.8
-21.3	-25.8	-7.2
-39.8	-13.6	-40.4
25.7	-31.3	-14.0
-29.2	9.7	-42.5
-48.5	11.2	-49.1
8.8	-45.7	8.6
-60.9	-12.7	-12.3
-27.7	-6.9	3.5
32.9	-3.2	-35.4
-46.6	-49.7	30.7
-17.8	-103.3	-4.1
57.9	1.0	16.4
-31.9	9.9	15.5
-24.5	-35.5	-7.5
59.2	-56.7	26.8
24.6	-4.1	-6.2
-10.2	-41.4	38.6
-59.7	-30.0	-3.1
-49.0	-67.4	-5.7
2.1	70.6	12.3
62.2	-33.8	5.9
1.5	-8.0	42.3
11.2	-38.6	44.8
-55.4	-47.6	3.9

// Prat CS, 2011: PMID 21051084-1
// Subjects=20
-6.0	56.0	40.0
-48.0	-32.0	-6.0
-48.0	30.0	-10.0
48.0	22.0	26.0
-48.0	18.0	18.0
-40.0	2.0	52.0
-56.0	-22.0	12.0
-52.0	-54.0	18.0
-50.0	10.0	-26.0
52.0	30.0	-14.0
56.0	-8.0	-24.0
-48.0	-34.0	-8.0
-2.0	-60.0	46.0
-4.0	12.0	56.0
-58.0	-2.0	-26.0
-50.0	36.0	-14.0
-38.0	4.0	60.0
50.0	-30.0	-6.0
58.0	6.0	-24.0
62.0	24.0	16.0
-8.0	14.0	62.0
-26.0	-34.0	-2.0
-42.0	-42.0	-26.0
48.0	-50.0	6.0
-12.0	62.0	32.0
-24.0	-58.0	36.0
52.0	-30.0	-4.0
12.0	-56.0	-4.0
18.0	8.0	6.0
34.0	-60.0	48.0
-40.0	-26.0	56.0
-34.0	-26.0	68.0
-24.0	-6.0	72.0
58.0	6.0	-22.0
48.0	30.0	-16.0
38.0	24.0	26.0
30.0	-58.0	-26.0
4.0	-44.0	-22.0
62.0	22.0	8.0
30.0	-64.0	42.0
30.0	-34.0	0.0
-60.0	-34.0	-4.0
-50.0	20.0	24.0
-10.0	42.0	56.0
32.0	-34.0	2.0
62.0	24.0	14.0
-42.0	-50.0	-18.0
-8.0	14.0	60.0
-22.0	-10.0	-14.0
-26.0	-32.0	-4.0
-8.0	14.0	14.0
-24.0	-34.0	-4.0
-60.0	-2.0	-24.0
-6.0	10.0	16.0
-52.0	-48.0	12.0
-2.0	-92.0	2.0
-22.0	-90.0	-16.0
36.0	-78.0	-22.0
-58.0	2.0	2.0
50.0	-30.0	-6.0
-20.0	46.0	16.0
-66.0	-26.0	-4.0
-48.0	-32.0	24.0
-52.0	-74.0	30.0
58.0	-10.0	0.0
-14.0	22.0	-2.0
-16.0	36.0	54.0
-10.0	-6.0	38.0
44.0	-82.0	12.0
30.0	-48.0	6.0
-60.0	-34.0	-4.0
16.0	-94.0	26.0
-20.0	-50.0	6.0
12.0	-84.0	36.0
20.0	-48.0	-12.0
28.0	-68.0	-6.0
-18.0	-84.0	18.0
-36.0	-80.0	16.0
-22.0	-48.0	-10.0
56.0	8.0	-24.0
-54.0	4.0	-18.0
-66.0	-36.0	30.0
18.0	-76.0	6.0
-54.0	22.0	22.0
-2.0	-28.0	36.0
2.0	46.0	-6.0
56.0	-34.0	50.0
32.0	-74.0	54.0
62.0	-48.0	-12.0
-36.0	-70.0	52.0
-64.0	-48.0	-14.0
-28.0	-30.0	26.0
38.0	34.0	-12.0
-52.0	-48.0	20.0
-38.0	-76.0	-22.0
-52.0	-72.0	-4.0
-28.0	-84.0	-4.0
38.0	-74.0	-24.0
38.0	-74.0	-26.0
38.0	-76.0	-24.0
-38.0	-70.0	4.0
-50.0	-50.0	20.0
40.0	-74.0	-24.0
-42.0	-74.0	-20.0
42.0	20.0	20.0
66.0	-38.0	14.0
38.0	34.0	-10.0
32.0	36.0	28.0
42.0	18.0	16.0
32.0	-48.0	48.0

// Draganski B, 2010: PMID 21071387-1
// Subjects=20
45.0	38.0	-12.0
0.0	33.0	-26.0
-39.0	-3.0	7.0
7.0	44.0	1.0
-27.0	-10.0	3.0
27.0	-3.0	9.0
5.0	45.0	0.0
5.0	45.0	0.0
-23.0	-33.0	0.0
58.0	-13.0	16.0
-60.0	-46.0	25.0
46.0	35.0	-15.0
24.0	-36.0	0.0
21.0	26.0	42.0
-48.0	-12.0	27.0
16.0	18.0	-12.0
10.0	-37.0	70.0
-14.0	11.0	-14.0
-21.0	-30.0	70.0
3.0	21.0	-3.0
27.0	-45.0	54.0
-17.0	-37.0	64.0
9.0	29.0	-24.0
-53.0	35.0	-6.0
-14.0	0.0	15.0
-33.0	-30.0	-11.0
18.0	-4.0	15.0
-57.0	-4.0	37.0
-27.0	-63.0	22.0
27.0	-55.0	22.0
-23.0	9.0	27.0
30.0	8.0	18.0
21.0	14.0	31.0
35.0	-45.0	61.0
18.0	-15.0	62.0
-12.0	35.0	-21.0
-44.0	35.0	-11.0
-35.0	-7.0	18.0
-3.0	33.0	-20.0
-29.0	-48.0	64.0
-30.0	-11.0	-18.0
-20.0	0.0	33.0
23.0	-30.0	-15.0
19.0	24.0	43.0
51.0	27.0	-6.0
-41.0	21.0	-9.0
-48.0	-13.0	33.0
-59.0	-49.0	28.0
24.0	-36.0	0.0
-29.0	-37.0	-3.0
24.0	-7.0	-11.0
55.0	-12.0	19.0

// Klumpers F, 2010: PMID 21075229-1
// Subjects=20
24.0	-66.0	60.0
-35.0	21.0	-7.0
4.0	-24.0	28.0
0.0	18.0	28.0
49.0	-42.0	32.0
46.0	38.0	32.0
7.0	-14.0	10.0
0.0	-56.0	-24.0
-38.0	-60.0	-32.0
-46.0	49.0	21.0
46.0	4.0	42.0
49.0	21.0	-7.0
-56.0	-49.0	26.0
-63.0	-18.0	49.0
-21.0	-21.0	-18.0
-35.0	-88.0	35.0
-32.0	-35.0	77.0
-28.0	21.0	56.0
42.0	-88.0	28.0
18.0	-14.0	24.0
66.0	-18.0	38.0
0.0	-56.0	38.0
0.0	60.0	-14.0
0.0	35.0	-14.0
35.0	66.0	4.0

// Maki PM, 2011: PMID 21078303-1
// Subjects=20
-26.0	-24.0	-6.0
-30.0	-27.0	-4.0
-26.0	-22.0	-7.0
-14.0	-28.0	-7.0
20.0	-30.0	-14.0
-22.0	-35.0	-10.0
-16.0	-31.0	-3.0
20.0	-33.0	-7.0
24.0	-26.0	-5.0
26.0	-30.0	-10.0
16.0	-27.0	-5.0
-18.0	-27.0	-4.0
-24.0	-24.0	-11.0
16.0	-26.0	-7.0
-16.0	-26.0	-5.0
-26.0	-28.0	-9.0

// Schmid C, 2011: PMID 21112404-1
// Subjects=20
33.0	-24.0	-18.0
42.0	-72.0	-12.0
-39.0	-81.0	-12.0
30.0	-54.0	57.0
27.0	-42.0	-12.0
-33.0	-45.0	-21.0
21.0	-3.0	-27.0
-27.0	-6.0	-24.0
66.0	-30.0	3.0
-24.0	-54.0	54.0
-33.0	-54.0	-15.0
42.0	21.0	21.0
-39.0	15.0	21.0
-48.0	-69.0	-18.0
24.0	-81.0	27.0
-36.0	-87.0	18.0
30.0	-45.0	-18.0
-60.0	-27.0	6.0
21.0	-6.0	-18.0
-21.0	-9.0	-18.0
51.0	-69.0	0.0
-30.0	-57.0	-15.0
-45.0	9.0	21.0
-48.0	33.0	18.0
51.0	39.0	21.0
39.0	-75.0	-12.0
-51.0	18.0	24.0
-24.0	-21.0	-18.0
-21.0	-72.0	54.0
30.0	-60.0	63.0
54.0	-39.0	-3.0
-39.0	-81.0	-12.0
9.0	-99.0	-3.0
-63.0	-42.0	0.0
-42.0	-9.0	0.0
45.0	-12.0	-3.0
-51.0	-15.0	18.0
45.0	3.0	3.0
54.0	-42.0	-6.0
63.0	15.0	21.0
30.0	-57.0	-15.0
36.0	-24.0	-15.0

// Duarte A, 2011: PMID 21145314-1
// Subjects=20
45.0	6.0	-18.0
-42.0	-12.0	-9.0
-54.0	-30.0	9.0
-6.0	-42.0	21.0
-42.0	30.0	-3.0
-9.0	-69.0	42.0
-33.0	-51.0	45.0
36.0	-48.0	42.0
-6.0	57.0	-6.0
33.0	24.0	30.0
-63.0	-18.0	-15.0
-33.0	33.0	33.0
-6.0	-51.0	27.0
-15.0	-21.0	18.0
27.0	51.0	21.0
-27.0	-24.0	12.0
42.0	0.0	12.0
-46.0	-54.0	30.0
12.0	-45.0	15.0
-18.0	-36.0	6.0
-24.0	6.0	-3.0
54.0	-33.0	42.0
51.0	-18.0	27.0
30.0	18.0	6.0
-57.0	27.0	9.0
15.0	-66.0	39.0
-45.0	-33.0	24.0
12.0	-3.0	54.0
-60.0	-51.0	-3.0
18.0	-33.0	9.0
-30.0	-30.0	-9.0
33.0	-24.0	-9.0
15.0	-33.0	9.0
30.0	-36.0	3.0
12.0	-48.0	-15.0
-12.0	57.0	15.0
27.0	-30.0	57.0
-42.0	-18.0	45.0
-12.0	-81.0	27.0
-24.0	30.0	45.0
-15.0	-36.0	6.0
-18.0	-60.0	-51.0
-24.0	-15.0	-15.0
39.0	39.0	30.0
30.0	-9.0	-18.0
-27.0	-33.0	-12.0
6.0	15.0	51.0
48.0	15.0	0.0
-60.0	-18.0	36.0
-51.0	21.0	36.0
-3.0	9.0	33.0
18.0	-24.0	45.0
63.0	-12.0	42.0
-18.0	-6.0	-12.0
9.0	-30.0	45.0
54.0	-9.0	-18.0
-33.0	-6.0	-30.0

// Manelis A, 2011: PMID 21157878-1
// Subjects=20
-33.0	-56.0	55.0
-53.0	-8.0	-32.0
-21.0	25.0	59.0
-37.0	61.0	11.0
14.0	-84.0	-16.0
46.0	-48.0	-20.0
28.0	-10.0	-26.0
14.0	-24.0	7.0
38.0	-2.0	55.0
38.0	1.0	51.0
-5.0	9.0	51.0
-35.0	-64.0	61.0
50.0	-40.0	-16.0
-9.0	-88.0	-12.0
-25.0	5.0	1.0
22.0	-40.0	59.0
14.0	3.0	-22.0
14.0	-82.0	41.0
14.0	-76.0	31.0
14.0	-78.0	39.0
18.0	-66.0	19.0
-15.0	-40.0	-10.0
-9.0	-78.0	19.0
-17.0	-44.0	-6.0
4.0	13.0	55.0
32.0	21.0	5.0
34.0	23.0	7.0
-5.0	-12.0	37.0
-9.0	-98.0	-6.0
30.0	-86.0	-6.0
42.0	-44.0	-26.0
-51.0	1.0	-20.0
-5.0	-88.0	-2.0
6.0	15.0	-12.0
10.0	55.0	-6.0
12.0	55.0	3.0
10.0	57.0	1.0
-5.0	-92.0	-4.0
-45.0	-62.0	-12.0
-21.0	-80.0	-14.0
-9.0	-78.0	-10.0
-9.0	-68.0	59.0
58.0	-14.0	9.0
-27.0	-62.0	55.0
-29.0	-58.0	55.0
10.0	-14.0	49.0
4.0	-20.0	15.0
44.0	-14.0	-2.0
40.0	-18.0	21.0
40.0	-20.0	21.0
-29.0	-6.0	51.0
46.0	-20.0	7.0
10.0	-24.0	49.0
64.0	-28.0	43.0
66.0	-32.0	15.0
28.0	-40.0	73.0
8.0	-52.0	23.0
10.0	-54.0	21.0
4.0	-72.0	31.0
-19.0	35.0	45.0
-51.0	5.0	-20.0
6.0	-20.0	13.0
-3.0	11.0	49.0
-39.0	-12.0	65.0
32.0	-10.0	-6.0
-43.0	-52.0	23.0
38.0	23.0	-4.0
38.0	23.0	-6.0
4.0	13.0	55.0
34.0	-38.0	-24.0
32.0	-84.0	-16.0
-5.0	11.0	47.0
-17.0	-38.0	75.0
-7.0	9.0	49.0
-31.0	-4.0	51.0
-17.0	-8.0	13.0
-39.0	-14.0	53.0
-7.0	9.0	43.0
-29.0	-58.0	59.0
-7.0	-90.0	1.0
6.0	31.0	-8.0
10.0	53.0	-4.0
-43.0	-60.0	-10.0
10.0	57.0	-2.0
-5.0	-94.0	-4.0
8.0	55.0	-6.0
-9.0	-82.0	-14.0
-13.0	-82.0	-14.0
-9.0	-68.0	59.0
-27.0	-62.0	57.0
-43.0	-60.0	-12.0
48.0	13.0	-36.0
-1.0	-18.0	13.0
-53.0	-4.0	-22.0
-29.0	-38.0	-6.0
-41.0	-22.0	55.0
46.0	-42.0	-32.0
-69.0	-48.0	-4.0
56.0	-4.0	-16.0
-37.0	-18.0	13.0
54.0	-8.0	-16.0
28.0	-10.0	-2.0
44.0	-10.0	-2.0
24.0	-10.0	-10.0
44.0	-12.0	1.0
42.0	-18.0	21.0
44.0	-20.0	23.0
8.0	-24.0	47.0
62.0	-28.0	43.0
28.0	-32.0	57.0
-19.0	35.0	45.0
-33.0	-6.0	-20.0
54.0	-4.0	-16.0
-5.0	-12.0	37.0
-9.0	-32.0	13.0
50.0	-6.0	-6.0
-69.0	-48.0	-4.0
-33.0	-10.0	-20.0
-3.0	47.0	25.0
-47.0	-62.0	29.0
-59.0	-16.0	-14.0
-55.0	-44.0	9.0
-55.0	-40.0	9.0
-7.0	-36.0	49.0
-57.0	-32.0	17.0
-9.0	-32.0	51.0
-33.0	-18.0	-2.0
-45.0	-52.0	21.0

// Seo D, 2011: PMID 21162046-1
// Subjects=20
-27.9	20.1	-18.8
-14.4	-6.3	65.8
0.3	36.2	49.8
-0.7	34.1	50.0
-42.4	12.2	46.7
57.0	0.5	37.6
-41.9	26.2	-20.3
3.1	59.1	1.0
3.1	58.9	-1.2
-55.6	23.6	2.4
58.7	28.8	-9.4
56.6	29.3	-3.8
-46.1	26.2	-20.2
55.4	30.2	-19.5
0.1	56.5	23.5
0.1	55.7	26.9
-56.5	-30.1	-4.2
-5.4	16.6	-11.0
-33.3	18.9	-19.8
61.0	-28.3	-5.7
2.1	43.0	0.1
-0.6	-47.8	36.8
-4.4	48.5	3.1
-0.7	-43.0	30.8
-58.7	-27.2	-7.8
1.8	45.3	-25.7
7.5	-79.7	-32.0
0.6	-57.5	48.7
-2.6	-59.0	44.4
-1.6	-67.3	32.8
9.6	-77.7	-34.5
-10.7	19.6	1.1
52.2	29.0	-20.5
0.8	50.6	-25.1
-18.7	-1.8	68.8
-52.4	24.9	4.5
3.2	51.8	17.2
24.5	-22.3	-20.3
10.1	12.8	62.8
5.3	44.7	7.7
7.5	43.8	10.0
-38.5	-6.2	-13.1
-43.8	-6.0	-10.9
43.7	7.7	-19.7
-37.6	-0.4	-34.8
47.0	7.4	-9.7
28.7	-2.2	-23.2
29.8	-3.0	-19.8
-28.9	-20.5	-19.9
-29.9	-23.4	-16.3
30.9	-16.9	-20.8
26.7	-15.8	-19.8
62.1	-34.5	-3.0
-23.6	-3.6	-22.5
-24.7	7.5	-16.7
-23.6	-1.3	-20.4
-3.4	50.9	-7.2
11.8	-55.6	-23.0
-0.0	53.7	14.8
-46.1	-0.7	-23.6
56.8	-44.3	-5.5
54.6	-39.0	-5.9
23.5	-30.6	-17.4
14.6	-63.8	62.5
-14.7	-57.1	0.9
10.3	-60.0	57.7
-13.7	-56.2	-1.4
-9.5	56.5	38.1
-58.8	-45.5	-24.1
38.5	36.3	5.8
-6.5	37.1	-7.1
-25.7	4.5	-14.2
19.3	-56.4	-20.7
-2.2	17.8	-8.9

// Luo S, 2011: PMID 21177048-1
// Subjects=20
-14.0	14.0	-6.0
-18.0	14.0	-6.0
-10.0	14.0	0.0
-38.0	14.0	-4.0
-10.0	-2.0	8.0
12.0	18.0	-4.0
-20.0	6.0	60.0
-56.0	-22.0	22.0
-48.0	4.0	20.0
18.0	6.0	-4.0
-30.0	44.0	18.0
10.0	6.0	6.0
-16.0	4.0	-6.0
8.0	-18.0	6.0
-40.0	-84.0	22.0
56.0	16.0	-2.0
64.0	-32.0	32.0
2.0	-76.0	22.0
34.0	18.0	6.0
4.0	14.0	58.0
2.0	2.0	54.0
10.0	20.0	2.0
0.0	-56.0	24.0
2.0	16.0	40.0
-6.0	10.0	2.0
-26.0	-34.0	-4.0
18.0	4.0	-2.0
0.0	-94.0	10.0
40.0	48.0	24.0
30.0	-70.0	28.0

// Chapin H, 2010: PMID 21179549-1
// Subjects=20
-30.0	-49.0	48.0
38.0	-37.0	48.0
46.0	27.0	0.0
18.0	-41.0	-4.0
14.0	-1.0	-16.0
-2.0	67.0	4.0
42.0	-57.0	-12.0
6.0	-89.0	4.0
-14.0	43.0	48.0
14.0	11.0	-8.0
-22.0	-21.0	-16.0
-14.0	39.0	4.0
-2.0	11.0	-8.0
-58.0	-45.0	28.0
2.0	-13.0	68.0
-46.0	-17.0	48.0
2.0	51.0	40.0
18.0	-81.0	-4.0
6.0	35.0	-4.0
58.0	-29.0	36.0
58.0	-9.0	16.0
-42.0	-13.0	4.0
-50.0	7.0	8.0
-22.0	59.0	16.0
62.0	-21.0	0.0
38.0	-5.0	16.0
-30.0	-29.0	16.0
22.0	15.0	4.0
-14.0	-89.0	24.0
-46.0	-41.0	28.0
-46.0	7.0	44.0
2.0	11.0	32.0
-42.0	23.0	0.0
62.0	-49.0	8.0
2.0	3.0	64.0
10.0	59.0	32.0
54.0	19.0	28.0
-42.0	-25.0	16.0
30.0	-85.0	16.0

// Faraco CC, 2011: PMID 21182968-1
// Subjects=20
28.0	-28.0	-8.0
-26.0	-26.0	-10.0
-24.0	-34.0	-2.0
36.0	-26.0	-10.0
26.0	-34.0	0.0
-26.0	-56.0	46.0
30.0	-30.0	-4.0
18.0	-14.0	8.0
-24.0	-32.0	-2.0
26.0	-34.0	0.0
-14.0	2.0	16.0
28.0	-30.0	-6.0
36.0	-26.0	-12.0
0.0	14.0	46.0
-26.0	-30.0	-8.0
-24.0	-34.0	-2.0
36.0	-26.0	-12.0
-50.0	-6.0	42.0
-24.0	-4.0	52.0
8.0	12.0	46.0
-54.0	12.0	22.0
10.0	-66.0	38.0
44.0	-48.0	24.0
38.0	-48.0	42.0
-8.0	-72.0	38.0
18.0	-40.0	2.0
-10.0	-20.0	16.0
-24.0	-28.0	-4.0
-44.0	-40.0	34.0
34.0	38.0	38.0
-38.0	34.0	26.0
-22.0	-32.0	-6.0
-2.0	54.0	6.0
-4.0	-28.0	26.0
24.0	-28.0	30.0
-16.0	-4.0	0.0
30.0	-72.0	28.0
28.0	-84.0	2.0
54.0	6.0	12.0
-28.0	-88.0	4.0
-52.0	-46.0	-8.0
38.0	-82.0	-8.0
12.0	-92.0	-6.0
34.0	-34.0	66.0
38.0	18.0	6.0
-22.0	-44.0	60.0
20.0	-18.0	62.0
14.0	-82.0	42.0
-54.0	-38.0	22.0
-40.0	-60.0	18.0
34.0	-58.0	62.0
-16.0	-6.0	74.0
0.0	54.0	6.0
2.0	60.0	12.0
-2.0	50.0	4.0
2.0	58.0	10.0
32.0	-38.0	70.0
26.0	-64.0	-28.0
60.0	14.0	18.0

// Gerlach KD, 2011: PMID 21256228-1
// Subjects=20
63.0	-23.0	30.0
-57.0	-23.0	36.0
-9.0	-31.0	41.0
-33.0	31.0	48.0
-9.0	-56.0	63.0
48.0	-11.0	-21.0
48.0	-65.0	24.0
9.0	-50.0	39.0
-36.0	-83.0	39.0
-39.0	-32.0	54.0
-45.0	-24.0	9.0
66.0	-9.0	-9.0
33.0	25.0	45.0
48.0	-59.0	-9.0
-45.0	-8.0	60.0
-33.0	19.0	0.0
-6.0	16.0	51.0
-51.0	19.0	33.0
-9.0	-99.0	3.0
18.0	-89.0	-3.0
-6.0	-86.0	-6.0
33.0	25.0	0.0
-6.0	42.0	42.0
-48.0	-51.0	-21.0
54.0	24.0	15.0
-9.0	-18.0	9.0
-39.0	-81.0	6.0
21.0	-72.0	12.0
24.0	-2.0	-21.0
7.0	49.0	28.0
30.0	24.0	42.0
-12.0	39.0	45.0
15.0	-48.0	39.0
12.0	63.0	30.0
21.0	3.0	-21.0
-45.0	15.0	-33.0
-45.0	3.0	60.0
27.0	-24.0	-27.0
-48.0	-54.0	-21.0
-42.0	-15.0	9.0
-48.0	-45.0	30.0
-51.0	21.0	18.0
12.0	-48.0	6.0
-48.0	-51.0	9.0
-63.0	-3.0	30.0
-6.0	54.0	15.0
-42.0	6.0	54.0
51.0	-6.0	-33.0
-18.0	-30.0	3.0
-42.0	-63.0	42.0
-30.0	-99.0	-12.0
9.0	-9.0	6.0
-33.0	-18.0	-30.0
51.0	-66.0	27.0
57.0	-39.0	57.0
-51.0	21.0	18.0
36.0	30.0	15.0
-54.0	36.0	-9.0
30.0	-18.0	60.0
-18.0	-60.0	6.0
9.0	-81.0	-27.0
-3.0	51.0	-9.0
-12.0	-42.0	33.0
-30.0	-75.0	-33.0
63.0	-27.0	12.0
-6.0	54.0	12.0
15.0	-45.0	42.0
27.0	-60.0	72.0
-36.0	21.0	24.0
-6.0	-30.0	-36.0
39.0	36.0	-15.0
-48.0	-54.0	-21.0
-6.0	48.0	-9.0
30.0	24.0	42.0
48.0	-30.0	-24.0
36.0	30.0	15.0
36.0	-66.0	45.0
36.0	6.0	-18.0
12.0	60.0	30.0
-39.0	3.0	-12.0
-17.0	-46.0	39.0
-9.0	-9.0	9.0
33.0	-32.0	-12.0
-33.0	-24.0	-12.0
48.0	-72.0	27.0
15.0	-54.0	39.0
6.0	-39.0	-45.0
-3.0	-72.0	60.0
-33.0	-69.0	54.0
48.0	-45.0	36.0
-36.0	9.0	-36.0
21.0	-63.0	69.0
30.0	24.0	42.0
6.0	-81.0	-27.0
30.0	-57.0	72.0
33.0	-27.0	54.0
-48.0	-72.0	-18.0
-36.0	-69.0	42.0
42.0	-3.0	24.0
12.0	63.0	27.0
-6.0	48.0	-12.0
33.0	-72.0	-36.0
-27.0	-78.0	-33.0
39.0	-66.0	45.0
48.0	36.0	-15.0
-45.0	-33.0	-18.0
36.0	3.0	-15.0
33.0	27.0	18.0
-36.0	-12.0	-27.0
-39.0	-69.0	42.0
60.0	-36.0	54.0
-51.0	9.0	-36.0
6.0	-45.0	36.0
-18.0	-48.0	36.0
-54.0	-9.0	-36.0
-24.0	-81.0	12.0
39.0	-3.0	0.0
-30.0	-78.0	-33.0
6.0	3.0	48.0
36.0	30.0	18.0
48.0	-45.0	36.0
12.0	63.0	30.0
39.0	-69.0	39.0
33.0	-30.0	54.0
30.0	-72.0	-27.0
-18.0	15.0	42.0
30.0	21.0	42.0
-48.0	-72.0	-15.0

// Wu X, 2011: PMID 21259382-1
// Subjects=20
24.0	-22.0	-9.0
3.0	-51.0	17.0
65.0	-35.0	-5.0
3.0	45.0	12.0
53.0	-57.0	29.0
62.0	-7.0	-16.0
-59.0	-12.0	-13.0
50.0	-59.0	36.0
-30.0	-33.0	-5.0
9.0	-51.0	21.0
-48.0	-57.0	31.0
-33.0	-19.0	-16.0
-50.0	-51.0	28.0
3.0	44.0	13.0
-53.0	-21.0	-9.0
-59.0	-21.0	-16.0
-9.0	42.0	24.0
24.0	-18.0	-13.0
-48.0	-56.0	40.0
-3.0	-43.0	10.0

// Kensinger EA, 2011: PMID 21262244-1
// Subjects=20
48.0	-15.0	43.0
-35.0	-17.0	49.0
10.0	36.0	-17.0
48.0	8.0	49.0
50.0	25.0	0.0
10.0	40.0	-12.0
14.0	49.0	42.0
55.0	25.0	10.0
6.0	-57.0	14.0
44.0	-35.0	-8.0
-32.0	-28.0	58.0
-8.0	62.0	-3.0
34.0	-3.0	-12.0
28.0	-17.0	1.0
-45.0	-70.0	37.0
24.0	-62.0	-5.0
-57.0	-11.0	-26.0
55.0	-43.0	-8.0
34.0	-40.0	-10.0
40.0	-57.0	29.0
-57.0	-61.0	27.0
4.0	-16.0	32.0
-36.0	27.0	-6.0
38.0	-22.0	60.0
-14.0	58.0	25.0
-20.0	48.0	-2.0
-51.0	-58.0	47.0
-30.0	57.0	21.0
28.0	0.0	4.0
-8.0	-50.0	23.0
-22.0	27.0	-11.0
26.0	-8.0	43.0
30.0	31.0	45.0
-6.0	46.0	22.0
-4.0	68.0	7.0
44.0	-40.0	15.0
2.0	25.0	-8.0
10.0	7.0	14.0
55.0	-10.0	6.0
52.0	-20.0	1.0
34.0	15.0	34.0
4.0	-18.0	60.0
-35.0	-37.0	-10.0
-24.0	26.0	45.0
20.0	69.0	11.0
-40.0	18.0	8.0
12.0	-43.0	67.0
-64.0	-10.0	-5.0
-30.0	-71.0	12.0
46.0	-13.0	49.0
18.0	-86.0	-2.0
-22.0	-93.0	-2.0
32.0	-83.0	10.0
30.0	-80.0	-8.0
-44.0	-83.0	12.0
38.0	44.0	-15.0
-28.0	-54.0	47.0
-34.0	-53.0	27.0
-24.0	-55.0	-11.0
18.0	-37.0	42.0
-46.0	-65.0	-9.0
-14.0	-8.0	43.0
36.0	29.0	-6.0
16.0	38.0	-12.0
50.0	16.0	40.0
14.0	52.0	-16.0
26.0	-35.0	-3.0
24.0	-7.0	19.0
6.0	33.0	-7.0
20.0	-22.0	21.0
-40.0	-50.0	12.0
-8.0	10.0	38.0
-14.0	-12.0	32.0
26.0	-23.0	36.0
-36.0	-75.0	6.0
28.0	-6.0	0.0
-36.0	11.0	18.0
-10.0	27.0	6.0
-51.0	-53.0	-12.0
-42.0	-76.0	26.0
-22.0	-75.0	20.0
18.0	-84.0	-13.0
-14.0	-73.0	11.0
8.0	-40.0	50.0
16.0	-69.0	20.0
34.0	-45.0	49.0
50.0	-63.0	-12.0
-32.0	22.0	14.0
44.0	22.0	43.0
42.0	12.0	-28.0
-44.0	-64.0	0.0
24.0	-92.0	16.0
38.0	-82.0	-1.0
-22.0	-45.0	2.0
-36.0	62.0	6.0
6.0	-80.0	-3.0
-36.0	-59.0	31.0
30.0	-49.0	-14.0
-18.0	-44.0	-21.0
-26.0	8.0	9.0
4.0	-62.0	9.0
-6.0	-38.0	22.0
32.0	35.0	-3.0
-14.0	32.0	24.0
30.0	34.0	26.0
-67.0	-30.0	14.0
-44.0	7.0	-10.0
-18.0	-17.0	49.0
22.0	-41.0	-10.0
40.0	-49.0	-3.0
-38.0	0.0	-32.0
-14.0	-39.0	2.0
-22.0	-73.0	26.0
44.0	8.0	1.0
50.0	-66.0	7.0
-42.0	8.0	14.0
-28.0	41.0	-5.0
-26.0	8.0	9.0

// Henseler I, 2011: PMID 21352923-1
// Subjects=20
69.0	-27.0	18.0
24.0	-9.0	-18.0
60.0	-63.0	27.0
-63.0	-12.0	-18.0
-6.0	-54.0	30.0
-36.0	-54.0	48.0
54.0	36.0	-6.0
-3.0	60.0	0.0
3.0	60.0	15.0
-24.0	-12.0	-21.0
3.0	60.0	15.0
0.0	45.0	-18.0
33.0	-6.0	3.0
36.0	21.0	-9.0
-9.0	45.0	27.0
45.0	42.0	-3.0
66.0	-36.0	39.0
-63.0	-21.0	-18.0
57.0	-63.0	36.0
-57.0	-63.0	36.0
24.0	51.0	-9.0
-27.0	51.0	-3.0
21.0	15.0	63.0
42.0	39.0	24.0
-3.0	60.0	0.0
-30.0	18.0	-12.0
6.0	30.0	48.0
9.0	57.0	27.0
-51.0	-75.0	30.0
39.0	-9.0	-3.0
54.0	36.0	3.0
54.0	-57.0	51.0
54.0	-72.0	27.0
-24.0	-21.0	-18.0
24.0	-15.0	-21.0
-33.0	-87.0	33.0
39.0	-87.0	24.0
-48.0	-75.0	30.0
-57.0	0.0	-21.0
57.0	-66.0	3.0
63.0	-6.0	-21.0
69.0	-24.0	15.0
30.0	3.0	-21.0
45.0	-18.0	18.0
-6.0	-51.0	30.0
-27.0	-36.0	-15.0
48.0	15.0	33.0
-27.0	0.0	-27.0
30.0	48.0	9.0
-33.0	48.0	18.0
33.0	-3.0	54.0
45.0	33.0	27.0
-42.0	27.0	30.0
-39.0	9.0	27.0
36.0	24.0	-6.0
-30.0	18.0	3.0
9.0	18.0	42.0
0.0	12.0	54.0
0.0	39.0	-18.0
36.0	-54.0	42.0
-33.0	3.0	66.0
12.0	9.0	6.0
-27.0	9.0	-6.0
-33.0	6.0	42.0
-27.0	21.0	51.0
-12.0	39.0	51.0
6.0	48.0	27.0
-6.0	57.0	27.0
63.0	-12.0	-21.0
-45.0	-72.0	42.0
21.0	-72.0	-9.0
-6.0	-84.0	-9.0
12.0	6.0	21.0
-12.0	9.0	21.0
36.0	57.0	-3.0
15.0	3.0	-9.0
15.0	-6.0	-15.0
6.0	-6.0	0.0
-48.0	18.0	30.0
0.0	-60.0	27.0
-33.0	-78.0	48.0
0.0	-87.0	42.0
3.0	-75.0	42.0
6.0	-6.0	6.0
-51.0	9.0	30.0
45.0	15.0	42.0
-18.0	-9.0	-18.0
27.0	18.0	63.0
21.0	36.0	54.0
-30.0	15.0	27.0
51.0	-63.0	39.0
15.0	-3.0	3.0
-36.0	54.0	0.0
-51.0	18.0	3.0
30.0	42.0	-18.0
-3.0	36.0	36.0
39.0	27.0	3.0
-27.0	-54.0	33.0
27.0	-60.0	69.0
-24.0	-51.0	72.0
57.0	-45.0	-6.0
-60.0	-48.0	18.0
-21.0	-72.0	30.0
-15.0	33.0	54.0
9.0	54.0	-12.0
-9.0	30.0	-15.0
45.0	-48.0	57.0
63.0	-3.0	-24.0
0.0	-57.0	33.0
-54.0	18.0	33.0
-45.0	18.0	30.0
3.0	6.0	30.0
-45.0	15.0	27.0
33.0	-12.0	69.0
3.0	-3.0	60.0
-9.0	18.0	-6.0
18.0	18.0	12.0
-45.0	-75.0	45.0
54.0	-66.0	42.0
-45.0	15.0	27.0

// Tamir DI, 2011: PMID 21391760-1
// Subjects=20
-48.0	26.0	2.0
60.0	-4.0	-24.0
14.0	-40.0	-46.0
4.0	-70.0	42.0
0.0	-16.0	26.0
-24.0	-60.0	12.0
-4.0	0.0	-6.0
34.0	-10.0	22.0
-26.0	30.0	44.0
6.0	54.0	-16.0
18.0	-52.0	14.0
28.0	-38.0	26.0
4.0	56.0	6.0
-4.0	32.0	-4.0
-4.0	26.0	14.0
-32.0	4.0	-12.0
-60.0	-18.0	-22.0
38.0	-4.0	-26.0
50.0	24.0	14.0
26.0	-54.0	58.0
-50.0	-26.0	-16.0
40.0	-24.0	-8.0
-24.0	28.0	34.0
-28.0	42.0	26.0
10.0	20.0	10.0
-50.0	12.0	22.0
54.0	-36.0	6.0
18.0	34.0	20.0
26.0	-64.0	10.0
28.0	16.0	-18.0
16.0	-30.0	-26.0
-48.0	-72.0	26.0
-6.0	42.0	54.0
6.0	-62.0	32.0
58.0	-64.0	26.0
-10.0	28.0	-2.0
26.0	42.0	-12.0
-26.0	14.0	-24.0
-8.0	-62.0	20.0
-18.0	-14.0	60.0
-26.0	-66.0	-34.0
18.0	12.0	50.0
-12.0	-64.0	18.0
20.0	-52.0	18.0
32.0	44.0	18.0
-14.0	-24.0	48.0
22.0	-28.0	52.0
-42.0	-66.0	0.0
54.0	-14.0	56.0
-48.0	-34.0	0.0
36.0	-74.0	2.0
30.0	-32.0	10.0
36.0	8.0	40.0
38.0	28.0	44.0
-14.0	16.0	56.0
10.0	-14.0	10.0
-52.0	-6.0	-18.0
-22.0	-32.0	-6.0
34.0	-62.0	-16.0

// Lancaster TM, 2011: PMID 21397462-1
// Subjects=20
4.1	-29.7	-46.2
44.1	20.3	32.8
-30.9	-30.3	-9.0
44.1	20.3	32.8
-30.9	-30.3	-9.0
4.7	-22.9	42.4

// Celone KA, 2011: PMID 21419229-1
// Subjects=20
16.0	0.0	16.0
-6.0	30.0	30.0
-10.0	32.0	24.0
30.0	8.0	56.0
0.0	-40.0	58.0
-44.0	14.0	30.0
34.0	38.0	32.0
32.0	50.0	4.0
-30.0	-32.0	-12.0
10.0	42.0	22.0
-14.0	2.0	14.0
-18.0	-32.0	-10.0
-18.0	-32.0	-10.0
20.0	-26.0	-12.0
-22.0	26.0	44.0
-10.0	-50.0	8.0
-2.0	38.0	8.0
-32.0	34.0	14.0
22.0	-42.0	0.0
18.0	-76.0	48.0
-22.0	-52.0	4.0
32.0	50.0	4.0
44.0	32.0	6.0
-12.0	34.0	28.0
14.0	-48.0	56.0
0.0	50.0	2.0
-28.0	30.0	40.0
6.0	40.0	22.0
0.0	-50.0	56.0
16.0	50.0	14.0
-26.0	40.0	30.0
6.0	-54.0	48.0
-6.0	-58.0	14.0
44.0	32.0	26.0
20.0	-64.0	42.0
-44.0	14.0	28.0
-8.0	-54.0	12.0
-4.0	54.0	-2.0
44.0	26.0	30.0

// Belleville S, 2011: PMID 21427462-1
// Subjects=20
-20.0	34.0	-8.0
-22.0	-20.0	54.0
60.0	-8.0	10.0
56.0	6.0	22.0
-4.0	50.0	22.0
-46.0	16.0	2.0
58.0	-38.0	42.0
-22.0	22.0	42.0
-32.0	-72.0	42.0
30.0	-58.0	44.0
12.0	6.0	56.0
56.0	-22.0	48.0
0.0	-40.0	-10.0
-40.0	-16.0	8.0
16.0	-20.0	-12.0
14.0	-8.0	26.0
-56.0	-50.0	30.0
36.0	-72.0	-36.0
12.0	16.0	40.0
-8.0	36.0	14.0
12.0	42.0	-4.0
-4.0	20.0	16.0
54.0	14.0	12.0
-50.0	-40.0	20.0
-44.0	18.0	32.0
26.0	-30.0	58.0
10.0	18.0	40.0
-5.0	22.0	44.0
-30.0	20.0	2.0
36.0	46.0	6.0
12.0	0.0	8.0
36.0	24.0	2.0
-24.0	-44.0	56.0
-40.0	48.0	-2.0
-12.0	0.0	12.0
-44.0	-14.0	6.0
6.0	18.0	18.0
-22.0	8.0	16.0
-6.0	-62.0	50.0
14.0	38.0	22.0
-32.0	22.0	14.0
-6.0	22.0	32.0
10.0	30.0	22.0
10.0	6.0	30.0
36.0	20.0	-12.0
24.0	-12.0	-4.0
60.0	-40.0	42.0
-30.0	-22.0	0.0
-32.0	-34.0	-8.0
36.0	-64.0	36.0
12.0	16.0	40.0
20.0	54.0	18.0
14.0	4.0	46.0
-44.0	48.0	0.0
20.0	-68.0	52.0
30.0	-4.0	20.0
14.0	-48.0	42.0
-24.0	-24.0	20.0
24.0	-32.0	24.0
8.0	10.0	14.0
-12.0	14.0	14.0
60.0	-54.0	28.0
44.0	4.0	12.0
-10.0	48.0	22.0
14.0	44.0	24.0
36.0	12.0	40.0
42.0	30.0	8.0
36.0	22.0	-6.0
8.0	-54.0	62.0
58.0	-40.0	42.0
-38.0	-8.0	64.0
10.0	-24.0	8.0
-46.0	16.0	-8.0
-50.0	24.0	4.0
62.0	4.0	8.0
-6.0	-36.0	36.0
64.0	-16.0	18.0
28.0	-2.0	4.0
-4.0	-70.0	48.0
-12.0	-22.0	0.0
-40.0	-18.0	-12.0
40.0	-6.0	-10.0
24.0	-52.0	-18.0
-46.0	-36.0	62.0
-60.0	-52.0	38.0
-4.0	-46.0	0.0
-46.0	8.0	-6.0
40.0	2.0	-4.0
60.0	2.0	4.0
-24.0	-54.0	70.0
22.0	-24.0	76.0

// Henckens MJ, 2011: PMID 21436038-1
// Subjects=20
30.0	-32.0	-16.0
-30.0	0.0	60.0
30.0	2.0	58.0
-4.0	16.0	46.0
-36.0	-46.0	44.0
44.0	-46.0	52.0
-2.0	44.0	-16.0
56.0	-54.0	-12.0
-10.0	-58.0	-52.0
14.0	-72.0	12.0
-10.0	-98.0	0.0
30.0	-92.0	-6.0
-26.0	-42.0	-10.0
-4.0	60.0	18.0
-26.0	-94.0	-8.0
38.0	-54.0	52.0
-30.0	-32.0	-12.0
28.0	-20.0	-16.0
-64.0	-44.0	-4.0
64.0	-2.0	-20.0
-6.0	-52.0	16.0
-50.0	-66.0	32.0
-4.0	-46.0	30.0
28.0	-82.0	-34.0
-28.0	-82.0	-34.0
56.0	-26.0	24.0
-56.0	-4.0	-26.0
-32.0	34.0	-14.0
4.0	-54.0	-44.0
-4.0	56.0	-4.0

// Au WL, 2012: PMID 21438075-1
// Subjects=20
-12.0	32.0	50.0
-28.0	16.0	-18.0
-18.0	-10.0	56.0
18.0	14.0	44.0
26.0	-46.0	0.0
42.0	-56.0	34.0
26.0	-46.0	0.0
-50.0	-54.0	32.0
-48.0	18.0	-26.0
38.0	-2.0	2.0
38.0	-2.0	2.0
38.0	-2.0	2.0
-28.0	16.0	-18.0
-28.0	16.0	-18.0
16.0	-16.0	54.0
16.0	-16.0	54.0
26.0	-46.0	0.0
40.0	-46.0	44.0
-18.0	-10.0	56.0
-18.0	-56.0	38.0
16.0	6.0	14.0
16.0	6.0	14.0
56.0	-46.0	24.0
16.0	6.0	14.0
-46.0	-58.0	-14.0
-52.0	-52.0	22.0
-52.0	-52.0	22.0
40.0	-46.0	44.0
-52.0	-52.0	22.0
-10.0	-46.0	50.0
56.0	-46.0	24.0
4.0	-60.0	22.0
4.0	-60.0	22.0
4.0	-60.0	22.0
-10.0	-46.0	50.0
-10.0	-46.0	50.0
56.0	-46.0	24.0
16.0	-16.0	54.0
36.0	30.0	-10.0
36.0	30.0	-10.0
-26.0	-52.0	8.0
52.0	20.0	20.0
-14.0	-28.0	-16.0
-42.0	-4.0	40.0
-42.0	-4.0	40.0
12.0	44.0	12.0
10.0	-28.0	46.0
46.0	-58.0	-4.0
40.0	-32.0	46.0
-26.0	26.0	-4.0
-26.0	26.0	-4.0
-26.0	26.0	-4.0
10.0	14.0	40.0
10.0	14.0	40.0
10.0	14.0	40.0
-8.0	14.0	44.0
-32.0	-38.0	52.0
24.0	-10.0	58.0
30.0	56.0	8.0
32.0	26.0	34.0
18.0	14.0	44.0
18.0	14.0	44.0
40.0	-46.0	44.0
52.0	12.0	32.0
42.0	-56.0	34.0
42.0	-56.0	34.0
-42.0	-4.0	40.0
6.0	50.0	28.0
6.0	50.0	28.0
6.0	50.0	28.0
52.0	12.0	32.0
52.0	12.0	32.0
-50.0	14.0	8.0
-50.0	14.0	8.0
-50.0	14.0	8.0
32.0	26.0	34.0
32.0	26.0	34.0
36.0	30.0	-10.0
12.0	-8.0	-4.0
12.0	44.0	12.0
20.0	-26.0	-16.0
30.0	12.0	-16.0
-28.0	36.0	2.0
-28.0	36.0	2.0
-28.0	36.0	2.0
-8.0	-46.0	50.0
-8.0	-46.0	50.0
10.0	-30.0	48.0
6.0	-60.0	22.0
20.0	-26.0	-16.0
6.0	-22.0	2.0
6.0	-22.0	2.0
-24.0	-30.0	16.0
-24.0	-30.0	16.0
-24.0	-30.0	16.0
18.0	8.0	14.0
18.0	8.0	14.0
18.0	8.0	14.0
18.0	-84.0	36.0
18.0	-84.0	36.0
18.0	-84.0	36.0
-38.0	-70.0	24.0
38.0	-30.0	24.0
38.0	-30.0	24.0
38.0	-30.0	24.0
40.0	-32.0	44.0
-8.0	14.0	44.0
-8.0	-40.0	-52.0
-16.0	-32.0	46.0
-16.0	-32.0	46.0
-16.0	-32.0	46.0
-8.0	-40.0	-52.0
12.0	44.0	12.0
-14.0	-28.0	-16.0
-18.0	-10.0	56.0
-14.0	-28.0	-16.0
-38.0	-70.0	24.0
-8.0	-46.0	50.0
40.0	-48.0	44.0
-50.0	-42.0	28.0
-50.0	-42.0	28.0
-50.0	-42.0	28.0
42.0	-56.0	34.0
42.0	-56.0	34.0
42.0	-56.0	34.0
40.0	-26.0	36.0
40.0	-26.0	36.0
40.0	-26.0	36.0
40.0	-48.0	44.0
-38.0	-70.0	24.0
-8.0	14.0	44.0
-44.0	-58.0	-14.0
-2.0	-22.0	24.0
26.0	28.0	44.0
-42.0	-4.0	38.0
-16.0	-34.0	46.0
-16.0	54.0	14.0
-16.0	54.0	14.0
-16.0	54.0	14.0
-8.0	14.0	44.0
-8.0	14.0	44.0
-8.0	14.0	44.0
44.0	-16.0	18.0
44.0	-16.0	18.0
-42.0	-4.0	38.0
-42.0	-4.0	38.0
52.0	12.0	32.0
52.0	12.0	32.0
52.0	12.0	32.0
-46.0	16.0	6.0
-46.0	16.0	6.0
-46.0	16.0	6.0
46.0	-50.0	-10.0
-14.0	-22.0	-2.0
-16.0	-34.0	46.0
44.0	-16.0	18.0
-48.0	-70.0	2.0
20.0	-26.0	-16.0
6.0	-60.0	22.0
8.0	-44.0	36.0
40.0	-48.0	44.0
-16.0	-34.0	46.0
6.0	-22.0	2.0
6.0	-60.0	22.0
-22.0	-40.0	-2.0
-18.0	-66.0	2.0
-18.0	0.0	-22.0
-36.0	-22.0	-20.0
6.0	18.0	-6.0
62.0	-42.0	-6.0
-58.0	-12.0	-10.0
-56.0	-22.0	-8.0
48.0	-6.0	-8.0
34.0	-20.0	-20.0
-54.0	14.0	-14.0
26.0	-48.0	0.0
-14.0	0.0	36.0
10.0	-4.0	56.0
-46.0	4.0	8.0
-8.0	32.0	48.0

// Voss MW, 2012: PMID 21440644-1
// Subjects=20
-20.0	-20.0	16.0
62.0	-52.0	-20.0
22.0	-8.0	-26.0
-22.0	4.0	-26.0
-38.0	0.0	-6.0
22.0	-62.0	2.0
30.0	28.0	12.0
-22.0	-24.0	2.0
-58.0	-20.0	-20.0
14.0	-8.0	-24.0
74.0	-40.0	-8.0
-18.0	-24.0	-18.0
-44.0	-16.0	-22.0
-30.0	-10.0	-22.0
-6.0	6.0	30.0
16.0	-12.0	20.0
22.0	-6.0	-26.0
-20.0	-20.0	18.0
6.0	8.0	32.0
-56.0	-16.0	10.0
-20.0	18.0	8.0
-54.0	40.0	6.0
50.0	6.0	26.0
-48.0	-2.0	30.0
32.0	-4.0	-6.0
-14.0	-48.0	4.0
-24.0	-60.0	12.0
42.0	-14.0	-24.0
56.0	-10.0	-8.0
58.0	6.0	-26.0
56.0	-10.0	-8.0
-40.0	-38.0	-2.0
38.0	6.0	-10.0
-4.0	16.0	-16.0
30.0	-26.0	-14.0
-22.0	-12.0	-16.0
44.0	-24.0	-8.0
-30.0	-22.0	-18.0

// Boehler CN, 2011: PMID 21451034-1
// Subjects=20
-14.0	-22.0	14.0
12.0	28.0	34.0
8.0	-10.0	0.0
-8.0	-12.0	-4.0
-12.0	10.0	-2.0
-26.0	30.0	4.0
36.0	20.0	-2.0
-42.0	18.0	6.0
2.0	20.0	48.0
-38.0	-10.0	52.0
-6.0	-18.0	-16.0
-38.0	-4.0	28.0
-4.0	12.0	28.0
48.0	4.0	28.0
32.0	-2.0	56.0
50.0	30.0	24.0
38.0	44.0	22.0
50.0	16.0	-10.0
-26.0	0.0	50.0
16.0	-6.0	12.0
8.0	-20.0	-14.0
2.0	62.0	-8.0
46.0	-80.0	0.0
44.0	-40.0	48.0
28.0	-56.0	58.0
-30.0	-78.0	0.0
-46.0	-60.0	-4.0
-28.0	26.0	50.0
28.0	22.0	50.0
-10.0	48.0	44.0
-32.0	-52.0	56.0
52.0	-50.0	-6.0
-8.0	26.0	-16.0
-16.0	-46.0	34.0
-2.0	-62.0	34.0
46.0	-58.0	38.0
-60.0	-14.0	-20.0
-30.0	-22.0	-20.0
66.0	-36.0	-4.0
52.0	-66.0	-14.0
-14.0	66.0	8.0
-52.0	-30.0	44.0
-52.0	-68.0	40.0

// Lagopoulos J, 2011: PMID 21493046-1
// Subjects=20
-39.8	17.0	-29.6
-24.4	-71.0	-13.4
32.2	-69.5	-12.0
-23.7	37.2	-18.1
35.1	29.2	-15.8
-10.6	-14.4	1.7
-13.5	-60.6	24.6
11.8	57.2	17.8
19.7	-68.4	30.4
-1.0	40.5	22.7
-52.4	-10.0	-20.5
-52.0	-13.3	33.3
-29.9	18.0	10.4
-17.1	57.0	18.1
-8.4	-14.0	7.2
-45.6	-17.7	31.4
-20.9	-66.9	26.3
35.3	21.8	11.5
-40.5	18.0	10.5
-12.6	-22.3	10.2
-16.1	11.6	-4.9
19.4	-57.5	-7.3
23.5	-58.3	-31.8
-23.5	-35.0	-15.4
13.9	-35.0	-19.1
-21.4	53.7	16.2
-5.2	-13.0	6.0
-9.4	-25.5	9.3
39.6	21.8	11.5
22.5	-31.2	-11.7
-38.3	2.4	15.1
20.7	-67.0	21.4
-24.6	-24.7	-19.6
-13.7	-26.8	7.3
-27.8	-34.0	-15.4
27.8	-30.5	-16.3
-21.6	36.8	-22.5
-28.6	-86.1	-1.0
32.3	-81.6	-4.3
-6.4	51.8	18.4
-34.1	20.0	9.1
-10.3	-62.7	23.6
-11.3	-73.7	20.1
-1.0	36.6	14.1
-50.3	-13.1	-19.1
-34.4	8.3	-32.3
-17.1	-23.2	-15.3
-5.3	40.8	13.8
-39.5	18.6	4.9
12.8	17.4	-2.3
-5.4	14.1	-1.8
-28.8	-26.0	-9.4
28.9	-34.6	-14.9
-29.9	-29.3	-10.2
-3.2	49.8	19.7
20.5	-25.4	7.9
-7.4	-16.4	3.0
11.7	15.2	-2.1
-7.5	10.8	-2.7
7.5	45.6	18.8
-9.4	-23.3	10.3

// Walther S, 2011: PMID 21511443-1
// Subjects=20
-49.0	-36.0	-13.0
2.0	52.0	15.0
4.0	-16.0	11.0
3.0	-56.0	25.0
3.0	-56.0	25.0
-23.0	-36.0	-6.0
-23.0	-36.0	-6.0
-49.0	-36.0	-13.0
4.0	-16.0	11.0
-1.0	47.0	25.0
50.0	21.0	13.0
34.0	10.0	-33.0
47.0	-72.0	7.0
34.0	-12.0	60.0
22.0	-91.0	15.0
10.0	-9.0	65.0
-7.0	10.0	44.0
18.0	-50.0	36.0
2.0	52.0	15.0
50.0	4.0	-19.0
-10.0	38.0	49.0
-20.0	34.0	44.0
48.0	-3.0	33.0
-12.0	28.0	59.0
-60.0	-40.0	3.0
-25.0	-34.0	-1.1
-29.0	-1.0	50.0
-54.0	-15.0	-22.0
-39.0	15.0	-25.0
-53.0	-49.0	30.0
-52.0	-41.0	46.0
-57.0	-36.0	25.0
-23.0	-32.0	8.0
-37.0	28.0	-10.0
-1.0	-39.0	14.0
-21.0	42.0	41.0
-30.0	46.0	26.0
-11.0	-31.0	44.0
47.0	11.0	24.0
7.0	5.0	30.0
36.0	28.0	36.0
8.0	39.0	32.0
-27.0	32.0	46.0
-39.0	14.0	29.0
-15.0	13.0	60.0

// Hampstead BM, 2011: PMID 21530556-1
// Subjects=20
50.3	31.6	13.9
-44.0	40.8	-10.3
-36.9	-34.8	43.9
21.2	30.3	-14.7
19.0	48.7	-10.6
-33.3	32.1	-14.2
30.5	-38.0	51.2
-37.5	23.9	-10.1
-39.5	39.3	10.9
-43.4	1.4	44.3
41.7	38.8	11.2
-43.6	25.0	33.4
45.2	18.9	41.8
40.0	2.7	53.2
25.1	0.7	56.9
-3.8	-1.9	53.0
4.8	-0.5	56.1
-25.3	18.9	48.2
-20.9	2.7	59.5
41.9	7.2	28.3
-42.6	21.2	24.8
-33.1	10.0	3.3
-7.3	-17.0	9.7
-37.4	-0.5	-8.1
-43.4	-6.5	51.6
-13.8	-0.6	1.7
23.6	8.3	3.9
-20.3	8.1	4.4
15.0	-0.4	1.4
21.5	-14.4	-0.9
-18.0	-39.5	-5.0
-17.0	-12.4	0.5
11.9	2.7	14.5
-13.7	2.5	14.8
-24.4	-37.1	-1.8
33.2	20.3	6.1
-9.5	-6.7	5.5
31.0	-25.8	-11.2
7.7	-16.9	9.5
-9.4	-28.0	5.1
16.2	-27.9	3.7
-31.1	-2.4	-20.2
-31.1	-6.0	-25.5
-18.2	-14.9	-17.1
19.1	-7.5	-21.5
-29.9	-26.1	-10.5
9.7	-3.3	6.1
46.4	-3.7	52.6
42.9	23.8	23.6
23.1	-62.0	57.7
-33.3	4.5	-26.4
24.8	-65.8	-5.5
29.0	-50.1	-9.1
40.8	-56.5	-9.8
29.0	-60.0	-12.8
33.2	-42.2	-17.6
-6.1	-55.9	15.2
9.0	-61.5	24.4
-6.2	-49.2	5.7
8.9	-49.6	13.4
8.1	-62.5	52.4
-6.8	-65.6	55.0
-6.0	-64.0	21.4
30.6	-51.3	57.9
28.3	-68.0	34.8
-29.3	-51.0	53.0
-31.5	-64.8	40.8
32.7	-50.7	52.2
-26.1	-63.6	55.1
-32.5	-50.7	57.4
9.0	-61.5	24.4
22.6	-34.6	-0.3
-27.6	-66.1	-4.9
60.9	-5.1	-7.7
37.8	-85.8	10.5
-53.3	-56.1	-9.9
27.3	-84.1	32.8
22.6	-40.3	-5.4
47.2	-57.6	-10.9
41.8	-40.7	-12.3
-8.0	-87.5	33.5
-2.7	-89.6	20.2
12.2	-78.0	16.8
-9.3	-76.5	10.3
12.1	-76.4	10.0
-11.2	-90.2	27.0
-30.5	-84.7	30.2
-38.0	-86.0	14.7
-18.8	-98.6	15.6
-52.1	-64.7	2.0
15.4	-101.2	5.4
-42.6	-66.5	-8.0
-44.6	-77.8	-2.6
40.9	-83.7	-4.2
46.1	-64.1	-12.6
-23.4	-72.3	-16.7
25.8	-71.8	-14.0
-29.8	-48.6	-11.9
2.1	-25.4	-17.6
30.4	-77.0	28.8

// Lazard DS, 2011: PMID 21557954-1
// Subjects=20
-28.0	-56.0	-32.0
-50.0	10.0	21.0
-40.0	-64.0	38.0
-34.0	56.0	18.0
-22.0	32.0	48.0
-44.0	-66.0	38.0
-46.0	24.0	-16.0
70.0	-40.0	10.0
-22.0	-70.0	-30.0
60.0	14.0	0.0
46.0	44.0	14.0
44.0	-72.0	-28.0
24.0	22.0	66.0
-20.0	62.0	28.0
-40.0	56.0	16.0
60.0	14.0	2.0
38.0	62.0	-2.0
62.0	8.0	0.0
-58.0	22.0	4.0
-52.0	20.0	-6.0
-48.0	20.0	-12.0
-54.0	-40.0	54.0
16.0	-82.0	-24.0
-14.0	60.0	28.0
-62.0	-40.0	22.0
68.0	-36.0	10.0
54.0	-56.0	40.0
-46.0	-70.0	28.0
-42.0	4.0	6.0
32.0	-62.0	-36.0
42.0	-72.0	-28.0
-64.0	-44.0	-10.0
-24.0	-70.0	-30.0
62.0	-32.0	-14.0
-54.0	-66.0	-16.0
70.0	-34.0	10.0
-34.0	-58.0	-38.0
-44.0	8.0	2.0
-54.0	4.0	-6.0
-50.0	22.0	30.0
-48.0	-2.0	22.0
46.0	-12.0	12.0
52.0	-62.0	48.0
-34.0	-22.0	-16.0
-18.0	-10.0	-24.0
38.0	-18.0	-24.0
-4.0	-74.0	4.0
-46.0	-28.0	50.0
-48.0	22.0	30.0
14.0	-24.0	8.0
30.0	0.0	-20.0
48.0	22.0	36.0

// Stelzel C, 2011: PMID 21568635-1
// Subjects=20
-50.0	12.0	22.0
-52.0	6.0	38.0
20.0	2.0	20.0
-32.0	-68.0	48.0
-52.0	0.0	38.0
12.0	-58.0	62.0
-44.0	-26.0	40.0
36.0	-32.0	40.0
12.0	-26.0	16.0
-44.0	-76.0	28.0
-22.0	-4.0	50.0
-26.0	-4.0	54.0
16.0	-22.0	8.0
-12.0	-68.0	54.0
-22.0	-8.0	-26.0
-14.0	-68.0	56.0
2.0	-54.0	-10.0
-26.0	-30.0	-28.0
-26.0	-4.0	54.0
-32.0	38.0	-2.0
-28.0	22.0	40.0
-52.0	4.0	38.0
-30.0	-26.0	-10.0
38.0	-70.0	-2.0
-64.0	-18.0	34.0
-48.0	-36.0	44.0
30.0	-50.0	-32.0
-30.0	-4.0	-20.0
-34.0	-78.0	0.0

// Arima T, 2011: PMID 21590261-1
// Subjects=20
-18.0	-24.0	0.0
57.0	5.0	26.0
-6.0	-7.0	59.0
8.0	-1.0	57.0
-57.0	1.0	28.0
-57.0	-3.0	9.0
61.0	-1.0	9.0
-44.0	-12.0	39.0
-53.0	-12.0	32.0
-51.0	-11.0	23.0
65.0	-14.0	27.0
-51.0	8.0	0.0
51.0	6.0	5.0
-42.0	-2.0	6.0
-48.0	0.0	42.0
-12.0	9.0	31.0
-46.0	6.0	2.0
-8.0	-36.0	48.0
34.0	4.0	11.0
-26.0	-10.0	-6.0
28.0	-12.0	-8.0
20.0	-9.0	13.0
-22.0	-6.0	-1.0
-18.0	-5.0	8.0
36.0	-2.0	4.0
38.0	4.0	0.0
12.0	-19.0	-1.0
20.0	-11.0	21.0
-14.0	-18.0	-11.0
-10.0	-65.0	-12.0
12.0	-65.0	-12.0
-8.0	-57.0	-7.0
42.0	19.0	-14.0
36.0	8.0	11.0
2.0	-24.0	42.0
54.0	-16.0	18.0
38.0	-26.0	53.0
-42.0	-29.0	47.0
32.0	-38.0	55.0
-12.0	-39.0	44.0
46.0	8.0	10.0
44.0	-68.0	9.0
-16.0	-41.0	44.0
4.0	-31.0	44.0
10.0	-44.0	46.0
-4.0	-6.0	66.0
-16.0	32.0	36.0
20.0	42.0	20.0
0.0	-4.0	64.0
34.0	46.0	22.0
10.0	-18.0	36.0
42.0	42.0	4.0
-30.0	-31.0	44.0
63.0	-24.0	31.0
-44.0	8.0	8.0
-53.0	-12.0	32.0
-48.0	-18.0	-10.0
64.0	-32.0	14.0
-54.0	-44.0	-4.0
-6.0	-5.0	48.0
6.0	10.0	36.0
-4.0	16.0	40.0
-42.0	-30.0	-10.0
-38.0	0.0	6.0
36.0	6.0	6.0
-42.0	10.0	14.0
46.0	-2.0	4.0
-44.0	-22.0	20.0
50.0	-28.0	20.0
-28.0	-36.0	64.0
-54.0	-14.0	14.0
52.0	6.0	0.0
-12.0	-19.0	-1.0
61.0	-3.0	26.0
44.0	-57.0	30.0
46.0	-28.0	16.0
-30.0	-18.0	6.0
-22.0	6.0	14.0
-8.0	-22.0	-8.0
10.0	-22.0	-20.0
8.0	-56.0	-20.0
20.0	-40.0	-20.0
6.0	-56.0	-8.0
46.0	-15.0	47.0
26.0	-40.0	10.0
46.0	-17.0	54.0
-26.0	-6.0	-11.0
32.0	6.0	33.0
32.0	15.0	34.0
-26.0	-6.0	-13.0
6.0	-63.0	18.0
16.0	-57.0	65.0
26.0	-85.0	19.0
22.0	-16.0	25.0
-34.0	0.0	-2.0
-28.0	-22.0	-14.0
-6.0	48.0	27.0
-8.0	-59.0	34.0
59.0	-54.0	6.0
28.0	58.0	-6.0
-4.0	-35.0	37.0
-14.0	-31.0	3.0
-24.0	-28.0	-10.0
28.0	-1.0	53.0
-4.0	-15.0	56.0
-61.0	-18.0	29.0
38.0	-26.0	27.0
4.0	52.0	27.0
-42.0	-43.0	39.0
48.0	-30.0	29.0
65.0	-22.0	23.0
63.0	-6.0	-1.0
24.0	-30.0	8.0
53.0	-20.0	25.0
2.0	-4.0	-21.0
38.0	-2.0	42.0
40.0	-3.0	52.0
-50.0	9.0	18.0
51.0	9.0	29.0
51.0	-18.0	27.0
51.0	-18.0	38.0
-6.0	56.0	-8.0
-18.0	40.0	22.0
-10.0	-54.0	16.0
-14.0	32.0	28.0
14.0	44.0	20.0
0.0	58.0	-6.0
-2.0	-42.0	50.0
-8.0	-63.0	51.0
8.0	-58.0	36.0
10.0	32.0	28.0
-48.0	-29.0	36.0
28.0	-8.0	-1.0
-51.0	-20.0	19.0
40.0	-18.0	58.0
24.0	-2.0	44.0
51.0	9.0	18.0
30.0	-43.0	43.0
51.0	-21.0	40.0
-32.0	-32.0	50.0
-51.0	11.0	25.0
-53.0	-32.0	29.0
50.0	10.0	7.0
42.0	42.0	-5.0
-44.0	-21.0	16.0
-4.0	23.0	41.0
38.0	0.0	4.0
51.0	-30.0	51.0
20.0	7.0	59.0

// Pavuluri MN, 2011: PMID 21592741-1
// Subjects=20
29.1	-11.0	15.5
0.3	16.6	43.6
-0.1	58.4	6.6
51.4	47.1	20.4
45.2	23.7	49.2
-41.5	25.1	33.3
16.8	-74.3	64.4
-41.3	-26.5	27.6
45.0	47.8	30.4
3.1	25.7	-4.0
-19.4	31.4	-10.9
-48.0	1.0	12.0
45.4	-73.3	33.9
-28.7	-8.1	15.9
26.2	-86.3	31.9
19.6	-45.1	28.5
29.0	8.1	13.9
3.1	6.9	-12.5
22.2	7.4	-36.2
-47.5	-53.3	53.4
3.1	23.3	-7.2
48.4	10.5	43.6
-38.1	-29.4	31.2
-0.1	58.4	6.6
2.5	37.5	53.0
58.2	-47.1	41.6
3.1	9.0	-12.7
25.8	-4.4	18.3
-9.8	59.5	-5.6
38.4	-20.3	-24.0
-50.7	-30.8	54.9
3.2	6.1	-9.1
-3.0	-7.7	18.9
57.8	-8.6	1.6
32.0	-19.9	-17.3
25.4	56.5	-20.2
25.6	-0.9	-18.8
64.5	-51.5	25.2
16.1	56.4	20.0
-41.8	22.0	-6.5
-0.3	62.9	-17.1
-22.4	-23.1	-13.0
-3.5	56.1	-23.2
12.6	30.5	-24.6
-44.9	19.0	-2.9
38.5	-26.2	-16.8
-38.7	-6.2	-41.0
38.2	40.5	-22.4
31.9	8.7	-19.7
-29.0	67.2	-0.5
38.9	-41.3	34.6
-15.8	5.2	21.3
-51.3	-4.0	-11.0
57.5	18.4	-20.8
19.7	-18.5	43.0
-22.4	-23.1	-13.0
38.6	44.8	34.1
-3.2	59.4	20.0

// Dulas MR, 2011: PMID 21620979-1
// Subjects=20
-10.0	22.0	62.0
-40.0	14.0	54.0
-50.0	22.0	38.0
-56.0	28.0	12.0
-46.0	28.0	20.0
42.0	14.0	32.0
50.0	42.0	14.0
-46.0	36.0	-2.0
-36.0	24.0	-8.0
28.0	36.0	-14.0
-44.0	46.0	2.0
-50.0	16.0	22.0
-52.0	-36.0	-10.0
4.0	28.0	48.0
-42.0	-50.0	-22.0
58.0	0.0	22.0
-12.0	-50.0	-4.0
-22.0	-72.0	10.0
12.0	-90.0	-8.0
-60.0	-50.0	-10.0
-54.0	-56.0	-14.0
54.0	-46.0	-12.0
-36.0	-66.0	-32.0
20.0	28.0	4.0
-6.0	34.0	42.0
-30.0	-72.0	50.0
-24.0	-74.0	-32.0
12.0	-74.0	-28.0
-10.0	66.0	16.0
-10.0	60.0	30.0
-34.0	18.0	46.0
-32.0	-26.0	-18.0
8.0	-52.0	-36.0
26.0	-34.0	2.0
-52.0	30.0	-6.0
-2.0	-54.0	-38.0
-4.0	62.0	4.0
-32.0	-22.0	-18.0
-8.0	58.0	-10.0
62.0	0.0	34.0
2.0	-58.0	-28.0
42.0	18.0	-20.0
-20.0	-26.0	-22.0
-46.0	14.0	-18.0
-36.0	20.0	-26.0
-64.0	-20.0	-12.0
-50.0	-8.0	20.0
38.0	-8.0	10.0
60.0	-8.0	18.0
-4.0	-78.0	-28.0
-26.0	-34.0	0.0
34.0	22.0	-20.0

// Lewis PA, 2011: PMID 21621549-1
// Subjects=20
-18.0	-60.0	40.0
-18.0	-60.0	40.0
-12.0	-34.0	26.0
24.0	-16.0	-20.0
-26.0	-24.0	-12.0
2.0	-32.0	-50.0
-26.0	-24.0	-12.0
-8.0	-34.0	30.0
2.0	-40.0	38.0
-28.0	-6.0	-32.0
30.0	-4.0	-28.0
-8.0	58.0	26.0
-30.0	-6.0	-24.0
6.0	44.0	-14.0

// Veer IM, 2011: PMID 21664280-1
// Subjects=20
30.0	-14.0	-4.0
36.0	36.0	-12.0
48.0	-24.0	-4.0
-2.0	26.0	50.0
-30.0	34.0	-16.0
28.0	-22.0	-16.0
-26.0	-20.0	-16.0
-30.0	-16.0	0.0
-54.0	-14.0	-8.0
-20.0	0.0	2.0
42.0	-2.0	-8.0
-40.0	-6.0	-8.0
6.0	-4.0	-12.0
-6.0	16.0	-14.0
46.0	10.0	-16.0
54.0	-34.0	4.0
-52.0	10.0	-16.0
24.0	-4.0	0.0
8.0	10.0	-14.0
30.0	34.0	-18.0
4.0	36.0	10.0
-46.0	-16.0	36.0
-56.0	-14.0	-10.0
-24.0	-30.0	-10.0
14.0	-86.0	4.0
-6.0	-92.0	4.0
-2.0	-34.0	-16.0
8.0	-8.0	40.0
-8.0	-8.0	44.0
56.0	-12.0	-14.0
62.0	-16.0	38.0
60.0	4.0	32.0
-52.0	6.0	28.0
4.0	-36.0	26.0
-4.0	-36.0	26.0
6.0	-66.0	30.0
-8.0	-70.0	32.0
-52.0	-34.0	2.0
-34.0	58.0	6.0
26.0	58.0	10.0
-38.0	32.0	-16.0
-6.0	-2.0	-26.0
0.0	-48.0	32.0
32.0	-16.0	0.0
-30.0	-20.0	2.0
24.0	-4.0	2.0
-20.0	-4.0	0.0
40.0	-10.0	-8.0
4.0	-2.0	-14.0
-6.0	-2.0	-14.0
-42.0	-4.0	-2.0
-6.0	14.0	-16.0
48.0	8.0	-24.0
-42.0	10.0	-24.0
60.0	-12.0	-2.0
52.0	-22.0	-4.0
-62.0	-12.0	-8.0
-52.0	-22.0	0.0
58.0	-12.0	-16.0
-8.0	-88.0	0.0
10.0	12.0	-18.0
24.0	-94.0	0.0
-50.0	2.0	-22.0
-4.0	-34.0	-14.0
2.0	-58.0	12.0
2.0	60.0	6.0
8.0	-6.0	42.0
-6.0	0.0	42.0
-16.0	-40.0	56.0
40.0	-12.0	42.0
-34.0	-16.0	44.0
4.0	52.0	-14.0
-4.0	-58.0	8.0
30.0	60.0	4.0
-28.0	60.0	18.0
0.0	22.0	50.0
2.0	-46.0	32.0
0.0	-62.0	26.0
0.0	54.0	-16.0
32.0	-14.0	-20.0
0.0	46.0	26.0

// Qin S, 2011: PMID 21677175-1
// Subjects=20
28.0	-60.0	-8.0
4.0	-92.0	-6.0
-2.0	-34.0	-32.0
-26.0	-48.0	-6.0
-32.0	-90.0	18.0
36.0	-40.0	-18.0
30.0	32.0	-10.0
-24.0	-20.0	-18.0
26.0	-24.0	-16.0
24.0	-30.0	-6.0
-28.0	24.0	2.0
38.0	-8.0	-28.0
-28.0	-28.0	-12.0
44.0	-78.0	-8.0
-36.0	-10.0	-28.0
-30.0	-44.0	-18.0
-2.0	-28.0	-12.0
40.0	-68.0	-10.0
-30.0	-26.0	-10.0
-48.0	-60.0	22.0
26.0	-24.0	-14.0
-40.0	34.0	-6.0
-8.0	46.0	-8.0
50.0	-68.0	-12.0
-28.0	-76.0	34.0
-16.0	-34.0	0.0
-52.0	24.0	10.0
-30.0	-36.0	-14.0
36.0	-36.0	-14.0
-22.0	-14.0	-14.0
-44.0	36.0	-12.0
-38.0	-34.0	-8.0
48.0	-56.0	-14.0
-46.0	22.0	-2.0

// Krebs RM, 2012: PMID 21680848-1
// Subjects=20
-4.0	-2.0	10.0
-14.0	14.0	-10.0
30.0	-54.0	48.0
8.0	16.0	2.0
-6.0	14.0	0.0
4.0	-20.0	14.0
-8.0	16.0	-4.0
44.0	20.0	0.0
20.0	10.0	-6.0
8.0	-16.0	-6.0
0.0	-26.0	32.0
22.0	-90.0	-2.0
-24.0	-94.0	-6.0
4.0	-24.0	-4.0
8.0	-26.0	-14.0
4.0	-14.0	-12.0
12.0	40.0	18.0
6.0	24.0	24.0
2.0	-20.0	36.0
26.0	16.0	-8.0
10.0	2.0	10.0
24.0	-14.0	-18.0
52.0	6.0	46.0
-16.0	34.0	46.0
-18.0	-8.0	-18.0
-12.0	-60.0	16.0
-10.0	-56.0	26.0
20.0	-10.0	-22.0
-22.0	-12.0	-20.0
-24.0	26.0	0.0
-2.0	58.0	26.0
-16.0	40.0	44.0
34.0	24.0	8.0
38.0	20.0	2.0
6.0	30.0	40.0
10.0	2.0	10.0
10.0	16.0	2.0
-32.0	26.0	-2.0
-26.0	28.0	0.0
10.0	20.0	48.0
0.0	14.0	56.0
2.0	24.0	58.0
50.0	6.0	38.0
38.0	-52.0	46.0
-44.0	-66.0	28.0
6.0	-18.0	16.0
16.0	-92.0	-8.0
-24.0	-60.0	50.0
-24.0	20.0	58.0
-42.0	28.0	46.0
-12.0	14.0	0.0
-2.0	-16.0	-14.0
2.0	-20.0	-16.0
-30.0	-22.0	-14.0
-46.0	-66.0	28.0
-38.0	-76.0	38.0
-6.0	44.0	52.0
-16.0	36.0	50.0
-2.0	-32.0	0.0
4.0	-54.0	22.0
34.0	-76.0	44.0
40.0	-58.0	32.0
24.0	-16.0	-16.0
22.0	-6.0	-20.0
6.0	52.0	-8.0
4.0	52.0	-12.0
-24.0	-22.0	-14.0
-14.0	-56.0	22.0
42.0	-68.0	32.0
40.0	20.0	0.0
-12.0	14.0	0.0
-10.0	-60.0	16.0
10.0	20.0	40.0
28.0	22.0	4.0
-24.0	26.0	0.0
14.0	22.0	-6.0
10.0	2.0	10.0
10.0	16.0	2.0
-48.0	8.0	36.0
34.0	-52.0	46.0
-4.0	-14.0	-12.0
-44.0	-66.0	28.0
-56.0	-74.0	26.0
6.0	-18.0	16.0
14.0	-26.0	12.0
-14.0	30.0	48.0
24.0	-14.0	-18.0
-10.0	-56.0	26.0
-12.0	-60.0	16.0
-4.0	-22.0	8.0
4.0	-20.0	12.0
4.0	-12.0	-12.0
-6.0	-14.0	16.0
10.0	4.0	12.0
-14.0	40.0	46.0

// Miettinen PS, 2011: PMID 21692882-1
// Subjects=20
4.0	-58.0	36.0
-33.0	-11.0	-17.0
-36.0	-26.0	-10.0
37.0	-23.0	-12.0
7.0	-64.0	34.0
-16.0	-67.0	30.0
-32.0	-33.0	-7.0
17.0	-63.0	29.0
-2.0	-42.0	45.0
-20.0	-45.0	12.0
26.0	-8.0	-15.0
-22.0	-36.0	-15.0
-24.0	-26.0	-24.0
17.0	-34.0	10.0
32.0	-16.0	-12.0
-15.0	-63.0	32.0
-2.0	-62.0	36.0
12.0	-36.0	6.0
-6.0	-68.0	33.0
8.0	18.0	36.0
-6.0	-48.0	12.0
4.0	-54.0	27.0
20.0	-46.0	0.0
-24.0	-46.0	0.0
-8.0	-66.0	42.0
-10.0	-66.0	30.0
-4.0	-54.0	39.0
20.0	-48.0	6.0
-15.0	-48.0	5.0
20.0	-48.0	6.0
-10.0	-54.0	36.0
-16.0	-48.0	6.0
20.0	-46.0	0.0
-16.0	-50.0	9.0

// Li Y, 2011: PMID 21750692-1
// Subjects=20
59.0	-24.0	7.0
-12.0	-85.0	-14.0
-24.0	-82.0	-9.0
-6.0	-94.0	3.0
4.0	-82.0	17.0
-40.0	-33.0	9.0
-53.0	-18.0	-8.0
54.0	-21.0	-8.0
-45.0	-39.0	-11.0
46.0	-65.0	-13.0
-43.0	-18.0	12.0
44.0	-7.0	5.0
-58.0	-53.0	-7.0
-1.0	-13.0	58.0
15.0	-77.0	-6.0
49.0	-15.0	44.0
7.0	-13.0	50.0
-24.0	-74.0	-24.0
-43.0	-62.0	-18.0
-37.0	-21.0	47.0
-6.0	-1.0	45.0
9.0	-4.0	45.0
-26.0	-30.0	-11.0
19.0	-30.0	-8.0
25.0	-68.0	-21.0
33.0	-45.0	6.0
33.0	-62.0	-26.0
38.0	-68.0	-24.0
-27.0	-77.0	-27.0
7.0	-79.0	-24.0
-40.0	-33.0	-6.0
28.0	-59.0	-23.0
-24.0	-56.0	-23.0
-16.0	-71.0	-29.0

// Herbert C, 2011: PMID 21756925-1
// Subjects=20
-39.0	-6.0	6.0
27.0	0.0	-27.0
-3.0	21.0	18.0
33.0	-6.0	9.0
-18.0	-3.0	-15.0
-36.0	-3.0	-30.0
-30.0	0.0	-21.0
36.0	-27.0	18.0
27.0	0.0	-12.0
-12.0	45.0	-6.0
-18.0	-6.0	-18.0
0.0	42.0	9.0
-36.0	-15.0	0.0
33.0	-21.0	6.0
-15.0	42.0	-6.0
0.0	42.0	9.0
-9.0	48.0	6.0
-15.0	48.0	-6.0
0.0	30.0	-15.0
-12.0	45.0	-6.0
-6.0	54.0	6.0
-30.0	0.0	-18.0
-36.0	-15.0	-3.0
33.0	-21.0	6.0
-9.0	42.0	6.0
-12.0	45.0	6.0
-3.0	48.0	-9.0
-15.0	48.0	-6.0
-9.0	54.0	3.0
-12.0	51.0	-6.0
-12.0	48.0	-6.0
-27.0	-3.0	-15.0
-39.0	-15.0	-3.0
33.0	-21.0	6.0
-12.0	45.0	6.0
-12.0	48.0	-6.0
-30.0	-3.0	-18.0
36.0	27.0	-3.0
-39.0	-18.0	-12.0
-15.0	45.0	-6.0
48.0	-42.0	24.0
-48.0	42.0	3.0
-15.0	-75.0	45.0
-6.0	-54.0	27.0
-42.0	12.0	-36.0
-42.0	-63.0	33.0
-9.0	0.0	9.0
-21.0	-27.0	0.0
-63.0	-48.0	9.0
-36.0	-72.0	3.0
-12.0	-48.0	12.0
-9.0	48.0	3.0
9.0	-99.0	18.0
15.0	-93.0	-9.0
51.0	-48.0	-12.0
-45.0	-42.0	6.0
-39.0	36.0	6.0
42.0	-36.0	-15.0
-21.0	-42.0	0.0
24.0	-99.0	6.0
-9.0	-51.0	45.0
-42.0	-45.0	-12.0
-45.0	-39.0	36.0
-57.0	-33.0	33.0
9.0	-3.0	-12.0
0.0	-57.0	12.0
-6.0	-24.0	39.0
-15.0	-93.0	0.0
36.0	-84.0	-15.0
-12.0	-30.0	3.0
-42.0	42.0	6.0
-27.0	-51.0	9.0
-9.0	-84.0	48.0
-24.0	-81.0	15.0
3.0	-52.0	24.0
30.0	-48.0	9.0
-15.0	-48.0	21.0
-48.0	-21.0	18.0
-45.0	-51.0	0.0
-42.0	45.0	3.0
-51.0	-12.0	-15.0
-48.0	-18.0	-27.0
-9.0	-18.0	-6.0
26.0	10.0	-19.0

// Holland AC, 2011: PMID 21803063-1
// Subjects=20
-40.0	-24.0	64.0
26.0	-80.0	26.0
-4.0	-67.0	27.0
-53.0	-61.0	25.0
53.0	3.0	-24.0
59.0	-55.0	18.0
22.0	-52.0	4.0
-8.0	60.0	-5.0
42.0	25.0	-6.0
-53.0	-70.0	29.0
-61.0	-5.0	-15.0
36.0	37.0	2.0
-42.0	14.0	40.0
42.0	25.0	-6.0
-61.0	-14.0	-14.0
-42.0	16.0	40.0
-2.0	65.0	23.0
4.0	60.0	-10.0
26.0	-9.0	-18.0
24.0	-7.0	-18.0
42.0	-26.0	-5.0
42.0	-26.0	-5.0
-38.0	-56.0	8.0
-38.0	-56.0	8.0
-50.0	-39.0	2.0
36.0	37.0	2.0
4.0	60.0	-10.0
-22.0	-28.0	53.0
30.0	-1.0	13.0
-51.0	-40.0	9.0
14.0	-67.0	18.0
10.0	-65.0	20.0
34.0	-45.0	37.0
36.0	-53.0	32.0
-50.0	-37.0	2.0
53.0	-73.0	17.0
-40.0	-7.0	-22.0
-40.0	-7.0	-22.0
51.0	-77.0	17.0
-53.0	-70.0	29.0
44.0	-51.0	34.0
-57.0	-51.0	-3.0
42.0	-26.0	23.0
20.0	19.0	32.0
20.0	19.0	32.0
6.0	37.0	-4.0
6.0	37.0	-4.0
20.0	-23.0	42.0
20.0	-23.0	42.0
-4.0	-57.0	18.0
-38.0	-13.0	49.0
-55.0	-10.0	26.0
-55.0	-10.0	26.0
-50.0	-37.0	2.0
-22.0	-28.0	53.0
-38.0	-13.0	49.0
-61.0	-14.0	-14.0
-20.0	2.0	-2.0
-57.0	-51.0	-3.0
-6.0	-47.0	26.0
2.0	-14.0	39.0
-46.0	-66.0	35.0
65.0	-6.0	2.0
65.0	-6.0	2.0
14.0	-29.0	7.0
14.0	-29.0	7.0
-6.0	35.0	44.0
34.0	-11.0	56.0
40.0	36.0	29.0
40.0	36.0	29.0
-16.0	-9.0	48.0
-6.0	35.0	44.0
24.0	15.0	34.0
44.0	15.0	20.0
32.0	-43.0	35.0
24.0	15.0	34.0
46.0	-50.0	56.0
46.0	-50.0	56.0
32.0	-43.0	35.0
44.0	15.0	21.0
-20.0	-12.0	61.0
-20.0	-12.0	61.0
52.0	27.0	34.0
51.0	27.0	34.0
40.0	18.0	-28.0
-18.0	-9.0	50.0
34.0	-11.0	55.0
32.0	-8.0	-5.0
-28.0	-26.0	-12.0
-16.0	-5.0	50.0
-20.0	2.0	-2.0
46.0	2.0	-7.0
46.0	-7.0	-25.0
-14.0	8.0	40.0
16.0	-51.0	25.0
24.0	15.0	34.0
24.0	15.0	34.0
40.0	17.0	19.0
42.0	25.0	-6.0
18.0	45.0	46.0
30.0	1.0	13.0
-16.0	-5.0	50.0
32.0	-8.0	-5.0
-53.0	-43.0	4.0
-54.0	-43.0	4.0
-40.0	-1.0	-20.0
-40.0	-1.0	-20.0
-12.0	39.0	11.0
-12.0	39.0	11.0
14.0	32.0	21.0
34.0	-43.0	37.0
34.0	-43.0	37.0
44.0	-51.0	34.0
34.0	-55.0	32.0
-61.0	-50.0	4.0
65.0	-4.0	0.0
-63.0	-8.0	-11.0

// Menon M, 2011: PMID 21831358-1
// Subjects=20
4.0	-70.0	36.0
10.0	10.0	4.0
-10.0	12.0	2.0
12.0	12.0	8.0
-10.0	10.0	10.0
4.0	32.0	40.0
6.0	14.0	38.0
-8.0	20.0	34.0
-6.0	-66.0	36.0
-6.0	56.0	18.0
-8.0	-22.0	-10.0
-26.0	-28.0	-10.0
-12.0	-6.0	-16.0
-20.0	12.0	-6.0
-32.0	12.0	4.0
-4.0	22.0	42.0
8.0	22.0	44.0
38.0	-68.0	44.0
-28.0	20.0	-4.0
-20.0	14.0	-2.0

// Uncapher MR, 2011: PMID 21880922-1
// Subjects=20
-42.0	0.0	27.0
51.0	-12.0	39.0
39.0	-6.0	51.0
48.0	0.0	48.0
-45.0	-6.0	45.0
-6.0	6.0	54.0
63.0	-36.0	36.0
-48.0	-51.0	39.0
63.0	-42.0	24.0
60.0	-51.0	15.0
-57.0	-57.0	24.0
-12.0	-57.0	51.0
9.0	-63.0	42.0
6.0	-18.0	57.0
54.0	-39.0	30.0
-27.0	-60.0	57.0
-39.0	24.0	15.0
-33.0	0.0	-9.0
51.0	-48.0	39.0
-24.0	-33.0	-6.0
33.0	-39.0	-6.0
48.0	-54.0	-6.0
-48.0	-57.0	-6.0
33.0	-72.0	33.0
15.0	60.0	15.0
15.0	42.0	42.0
-18.0	45.0	27.0
-6.0	-69.0	36.0
39.0	-45.0	-15.0
45.0	12.0	45.0
36.0	-39.0	42.0
24.0	-48.0	63.0
12.0	-63.0	51.0
27.0	-6.0	-12.0
27.0	-6.0	-6.0
45.0	-45.0	51.0
-48.0	-12.0	42.0
-51.0	-63.0	-6.0
-12.0	-81.0	24.0
42.0	-45.0	45.0
12.0	-60.0	51.0
-12.0	-66.0	51.0
0.0	3.0	-9.0
57.0	-39.0	6.0
-36.0	-51.0	-9.0
6.0	0.0	-6.0
-45.0	-78.0	-3.0
0.0	-96.0	9.0
3.0	-36.0	-27.0
42.0	-57.0	27.0
0.0	51.0	39.0
-51.0	24.0	15.0
24.0	-33.0	-21.0
0.0	-63.0	12.0
6.0	-78.0	39.0
30.0	-39.0	63.0
21.0	-51.0	9.0
-24.0	-36.0	-21.0
-15.0	-51.0	12.0
45.0	-63.0	-9.0
-24.0	9.0	12.0
60.0	-3.0	42.0
-9.0	-39.0	21.0
6.0	-63.0	36.0
6.0	9.0	27.0
-3.0	-3.0	-9.0
27.0	-39.0	-24.0
-30.0	-42.0	-21.0
-27.0	-48.0	-6.0
36.0	-51.0	-9.0
-39.0	-60.0	-6.0
-39.0	-75.0	-3.0
-39.0	33.0	9.0

// Banks SJ, 2012: PMID 21914483-1
// Subjects=20
30.0	-34.0	-2.0
34.0	-50.0	-10.0
32.0	-20.0	-10.0
-34.0	-22.0	-18.0
32.0	-26.0	-8.0
30.0	-32.0	0.0
30.0	-8.0	-28.0
-32.0	-10.0	-14.0
38.0	-26.0	-10.0
-26.0	-36.0	6.0
-20.0	-32.0	0.0
-32.0	-30.0	-6.0
-28.0	-36.0	4.0
-34.0	-42.0	-12.0
-22.0	-24.0	-18.0
28.0	-4.0	-28.0
-36.0	-46.0	-8.0
-36.0	-24.0	-12.0
-32.0	-34.0	-2.0
-32.0	-10.0	-14.0
20.0	-30.0	-12.0
32.0	-26.0	-8.0
34.0	-30.0	-4.0
30.0	-44.0	-6.0
-36.0	-46.0	-10.0
-36.0	-44.0	-6.0
-36.0	-44.0	-8.0
20.0	-22.0	-18.0
-22.0	-10.0	-12.0
-36.0	-32.0	-8.0
22.0	-28.0	-10.0
36.0	-10.0	-24.0
32.0	-38.0	-6.0
-16.0	-36.0	-6.0
-36.0	-46.0	-6.0
20.0	-32.0	-4.0
-28.0	-36.0	4.0
32.0	-6.0	-30.0
26.0	-4.0	-16.0
20.0	-18.0	-16.0
30.0	-16.0	-12.0
-32.0	-12.0	-22.0
28.0	-34.0	0.0
32.0	-46.0	-10.0
32.0	-16.0	-16.0
32.0	-20.0	-10.0
-32.0	-52.0	-10.0
-24.0	-22.0	-10.0
30.0	-34.0	2.0
-30.0	-30.0	-6.0
-16.0	-38.0	-4.0
34.0	-50.0	-10.0
30.0	-22.0	-10.0
38.0	-10.0	-26.0
38.0	-4.0	-18.0
-22.0	-34.0	-12.0
20.0	-30.0	-12.0
20.0	-50.0	-10.0
-36.0	-28.0	-16.0
-30.0	-4.0	-14.0
-20.0	-28.0	-16.0
24.0	-48.0	2.0
-24.0	-36.0	-12.0
-34.0	-24.0	-10.0
-26.0	-40.0	-8.0
-24.0	-32.0	-14.0
34.0	-24.0	-8.0
-26.0	-10.0	-22.0
26.0	-2.0	-16.0
-24.0	-36.0	-4.0
-26.0	-52.0	-6.0

// Okada G, 2011: PMID 21935483-1
// Subjects=20
-24.0	-80.0	12.0
-32.0	-62.0	38.0
-8.0	12.0	50.0
0.0	-60.0	-44.0
-10.0	-82.0	-14.0
-38.0	4.0	38.0
-30.0	0.0	-22.0
-34.0	18.0	-6.0
-30.0	-22.0	-16.0
28.0	-38.0	0.0
-42.0	-18.0	-10.0
-26.0	-92.0	4.0
44.0	-54.0	-28.0
-46.0	16.0	-16.0
40.0	-16.0	-22.0
-26.0	-40.0	4.0
20.0	-96.0	-10.0
-24.0	-30.0	-6.0
10.0	-74.0	-34.0
-6.0	-50.0	-40.0
42.0	-52.0	-30.0
-32.0	-22.0	-18.0
-34.0	-88.0	-10.0
42.0	-54.0	-30.0
-30.0	-34.0	-14.0
34.0	24.0	6.0
-28.0	-72.0	38.0
-6.0	14.0	50.0
-34.0	18.0	-4.0
8.0	-74.0	-50.0
22.0	-92.0	-12.0
36.0	-36.0	-6.0
-38.0	4.0	34.0
24.0	-26.0	-8.0
2.0	-62.0	-42.0
-32.0	-22.0	-18.0
-30.0	-22.0	-16.0
-24.0	-82.0	12.0
-46.0	16.0	2.0
-26.0	-40.0	4.0
-24.0	-30.0	-4.0
28.0	-38.0	0.0
-30.0	0.0	-22.0
-24.0	-30.0	-6.0
36.0	-36.0	-6.0
40.0	-16.0	-22.0
42.0	-52.0	-30.0
36.0	-72.0	-28.0
-40.0	-66.0	16.0
-12.0	-8.0	18.0
32.0	-80.0	-20.0
24.0	-26.0	-8.0
-56.0	-62.0	38.0
40.0	-38.0	-20.0
-20.0	44.0	44.0
-16.0	14.0	60.0
38.0	-18.0	-20.0
-32.0	-26.0	-16.0
32.0	26.0	2.0
-24.0	-30.0	-4.0
-10.0	-92.0	-12.0
-4.0	-20.0	-6.0
-30.0	22.0	-4.0
-58.0	4.0	30.0
-20.0	-30.0	-4.0
-24.0	-8.0	-16.0

// Addis DR, 2011: PMID 21945808-1
// Subjects=20
6.0	7.0	8.0
-24.0	-40.0	-12.0
-24.0	-20.0	-16.0
3.0	4.0	5.0
6.0	7.0	8.0
32.0	16.0	-16.0
48.0	28.0	-8.0
-24.0	32.0	48.0
4.0	5.0	6.0
-8.0	-20.0	12.0
3.0	4.0	5.0
-24.0	-36.0	-20.0
4.0	5.0	6.0
48.0	-64.0	-44.0
7.0	8.0	9.0
4.0	5.0	6.0
24.0	-4.0	56.0
4.0	5.0	6.0
4.0	5.0	6.0
4.0	5.0	6.0
6.0	7.0	8.0
-28.0	-92.0	20.0
5.0	6.0	7.0
4.0	5.0	9.0
-12.0	8.0	-4.0
3.0	4.0	5.0
-20.0	-24.0	20.0
36.0	-52.0	-24.0
-44.0	-60.0	-28.0
5.0	6.0	7.0
3.0	4.0	5.0
-68.0	-36.0	-8.0
-32.0	-40.0	-12.0
5.0	6.0	7.0
24.0	-28.0	-12.0
-28.0	-24.0	-12.0
5.0	6.0	7.0
6.0	7.0	8.0
28.0	-20.0	-24.0
44.0	56.0	0.0
28.0	20.0	4.0
36.0	-4.0	-36.0
32.0	-8.0	-24.0
24.0	-52.0	-8.0
4.0	5.0	6.0
0.0	-36.0	56.0
-60.0	-20.0	8.0
52.0	-36.0	16.0
-40.0	0.0	-32.0
5.0	6.0	7.0
-8.0	4.0	-8.0
56.0	-20.0	0.0
-64.0	-24.0	28.0
-60.0	0.0	8.0
52.0	-28.0	24.0
8.0	36.0	48.0
6.0	7.0	8.0
0.0	-60.0	8.0
20.0	-92.0	-12.0
16.0	-72.0	-4.0
-24.0	-84.0	-20.0
7.0	8.0	9.0
5.0	6.0	7.0
-60.0	12.0	12.0
-4.0	-32.0	4.0
7.0	8.0	9.0
56.0	-60.0	-32.0
-48.0	-4.0	0.0
-44.0	44.0	24.0
-44.0	4.0	24.0
-24.0	0.0	56.0
8.0	-68.0	60.0
-60.0	-16.0	0.0
-32.0	16.0	-32.0
-44.0	-52.0	4.0
-28.0	-48.0	-52.0
28.0	40.0	44.0
56.0	12.0	-24.0
44.0	4.0	-8.0
-48.0	-68.0	4.0
-64.0	-12.0	-28.0
-44.0	-44.0	-20.0
-48.0	40.0	28.0
-32.0	-56.0	48.0
-48.0	-4.0	-36.0
-44.0	-8.0	-16.0
44.0	0.0	-4.0
-12.0	-40.0	-12.0
68.0	-12.0	-20.0
4.0	-64.0	16.0
4.0	4.0	60.0
48.0	48.0	-8.0
-40.0	24.0	52.0
32.0	-88.0	24.0
56.0	-60.0	40.0
-28.0	-24.0	-28.0
-4.0	64.0	28.0
-16.0	-4.0	-32.0
-28.0	-28.0	-8.0
-48.0	-80.0	16.0
-4.0	-40.0	-28.0
20.0	-32.0	-52.0
-20.0	-96.0	12.0
-28.0	-24.0	72.0
8.0	56.0	40.0
6.0	7.0	8.0
60.0	-12.0	44.0
16.0	-80.0	-52.0
48.0	-68.0	4.0

// He BJ, 2011: PMID 21957241-1
// Subjects=20
49.0	-50.0	28.0
49.0	-50.0	28.0
49.0	-50.0	28.0
-24.0	-69.0	30.0
-24.0	-69.0	30.0
-24.0	-69.0	30.0
49.0	-50.0	28.0
-24.0	-69.0	30.0
-3.0	45.0	36.0
-24.0	-69.0	30.0
49.0	-50.0	28.0
43.0	22.0	34.0
-43.0	-70.0	-3.0
43.0	22.0	34.0
43.0	22.0	34.0
-25.0	-63.0	47.0
-25.0	-63.0	47.0
-25.0	-63.0	47.0
-25.0	-63.0	47.0
-25.0	-63.0	47.0
-43.0	-70.0	-3.0
-43.0	-70.0	-3.0
-43.0	-70.0	-3.0
43.0	22.0	34.0
-43.0	-70.0	-3.0
-15.0	33.0	48.0
-26.0	-9.0	48.0
-3.0	45.0	36.0
-15.0	33.0	48.0
-26.0	-9.0	48.0
-26.0	-9.0	48.0
-51.0	-54.0	30.0
-51.0	-54.0	30.0
-51.0	-54.0	30.0
-51.0	-54.0	30.0
-51.0	-54.0	30.0
-26.0	-9.0	48.0
-15.0	33.0	48.0
43.0	22.0	34.0
-6.0	51.0	-9.0
-15.0	33.0	48.0
-6.0	-45.0	33.0
-6.0	-45.0	33.0
-6.0	-45.0	33.0
-6.0	-45.0	33.0
-6.0	-45.0	33.0
-6.0	51.0	-9.0
-6.0	51.0	-9.0
-6.0	51.0	-9.0
-26.0	-9.0	48.0
-6.0	51.0	-9.0
-15.0	33.0	48.0
-42.0	13.0	14.0
-1.0	10.0	46.0
-21.0	-25.0	-14.0
-3.0	45.0	36.0
-57.0	-27.0	21.0
-57.0	-27.0	21.0
-57.0	-27.0	21.0
-57.0	-27.0	21.0
-57.0	-27.0	21.0
-39.0	-27.0	48.0
-39.0	-27.0	48.0
-39.0	-27.0	48.0
-39.0	-27.0	48.0
-39.0	-27.0	48.0
-42.0	13.0	14.0
-15.0	-21.0	6.0
21.0	-54.0	-21.0
-42.0	13.0	14.0
21.0	-54.0	-21.0
-15.0	-21.0	6.0
21.0	-54.0	-21.0
-15.0	-21.0	6.0
-15.0	-21.0	6.0
-15.0	-21.0	6.0
-42.0	13.0	14.0
-3.0	45.0	36.0
-42.0	13.0	14.0
21.0	-54.0	-21.0
21.0	-54.0	-21.0
-21.0	-25.0	-14.0
-21.0	-25.0	-14.0
-21.0	-25.0	-14.0
36.0	21.0	-6.0
36.0	21.0	-6.0
36.0	21.0	-6.0
36.0	21.0	-6.0
36.0	21.0	-6.0
-1.0	10.0	46.0
-1.0	10.0	46.0
-1.0	10.0	46.0
-1.0	10.0	46.0
-21.0	-25.0	-14.0
-15.0	-75.0	-9.0
-3.0	45.0	36.0
-15.0	-75.0	-9.0
-15.0	-75.0	-9.0
-15.0	-75.0	-9.0
-6.0	-75.0	9.0
-6.0	-75.0	9.0
-6.0	-75.0	9.0
-6.0	-75.0	9.0
-6.0	-75.0	9.0
-15.0	-75.0	-9.0

// Buchweitz A, 2012: PMID 21978845-1
// Subjects=20
50.0	-8.0	36.0
-54.0	28.0	22.0
-8.0	-58.0	-2.0
20.0	-48.0	12.0
-30.0	-70.0	40.0
-42.0	10.0	-8.0
-26.0	18.0	56.0
-4.0	22.0	44.0
48.0	-18.0	42.0
-10.0	-70.0	8.0
18.0	24.0	-4.0
-50.0	6.0	40.0
38.0	14.0	12.0
-48.0	28.0	20.0
-18.0	-38.0	2.0
-4.0	22.0	46.0
-24.0	18.0	56.0
-42.0	-54.0	-16.0
-48.0	20.0	-2.0
-50.0	24.0	8.0
30.0	52.0	28.0
14.0	22.0	42.0
-4.0	22.0	46.0
-24.0	14.0	-14.0
-50.0	4.0	38.0
-30.0	-74.0	46.0
-54.0	26.0	24.0
16.0	22.0	-4.0
-38.0	-80.0	-18.0
-14.0	-40.0	0.0
-34.0	-70.0	42.0
-30.0	-36.0	42.0
-34.0	-70.0	42.0
42.0	-64.0	42.0
-6.0	-56.0	-4.0
-42.0	-54.0	-16.0
-18.0	-38.0	0.0
-48.0	-38.0	58.0
-46.0	-38.0	44.0
-24.0	-46.0	40.0
-26.0	16.0	56.0
-22.0	14.0	-14.0
42.0	34.0	28.0
-2.0	20.0	48.0
32.0	50.0	32.0
-46.0	16.0	-10.0
-54.0	26.0	24.0

// Roffman JL, 2011: PMID 21980405-1
// Subjects=20
-28.0	-73.0	-3.0
-9.0	26.0	33.0
-22.0	53.0	14.0
-40.0	24.0	6.0
7.0	30.0	20.0
-31.0	27.0	-8.0
-29.0	-75.0	-4.0
-21.0	-33.0	-8.0
-22.0	-33.0	-13.0
-24.0	-72.0	0.0
-24.0	56.0	17.0
-10.0	24.0	33.0
35.0	9.0	-9.0
-19.0	-72.0	42.0
-50.0	-50.0	22.0
40.0	-73.0	38.0

// Milton F, 2011: PMID 21995700-1
// Subjects=20
61.0	-1.0	9.0
61.0	1.0	17.0
-8.0	-54.0	8.0
-2.0	-50.0	19.0
24.0	1.0	-10.0
-57.0	-27.0	9.0
-55.0	-11.0	17.0
-2.0	-50.0	19.0
-16.0	39.0	40.0
-51.0	-7.0	8.0
28.0	-7.0	6.0
22.0	-28.0	57.0
-26.0	-2.0	4.0
24.0	-17.0	-19.0
-10.0	59.0	21.0
28.0	21.0	38.0
-22.0	-24.0	-14.0
-50.0	29.0	6.0
57.0	-4.0	6.0
-57.0	-7.0	22.0
-26.0	-20.0	-16.0
0.0	-23.0	53.0
-18.0	-13.0	-18.0
12.0	53.0	14.0
44.0	-5.0	22.0
24.0	33.0	46.0
36.0	7.0	25.0
-30.0	25.0	-5.0
-2.0	-26.0	-5.0
-14.0	-7.0	45.0
12.0	-63.0	-12.0
-40.0	-18.0	-1.0
-55.0	-9.0	6.0
-14.0	-52.0	12.0
-30.0	-11.0	23.0
51.0	-28.0	20.0
42.0	1.0	17.0
36.0	3.0	27.0
-4.0	-25.0	-4.0
10.0	-16.0	1.0
34.0	21.0	-11.0
-42.0	8.0	-4.0
-36.0	-10.0	-8.0
-24.0	46.0	29.0
-24.0	-16.0	30.0
-10.0	57.0	23.0
-12.0	53.0	16.0
6.0	16.0	14.0
36.0	14.0	1.0
36.0	14.0	-1.0
-30.0	25.0	43.0
-8.0	52.0	-8.0
-16.0	5.0	26.0
14.0	-46.0	6.0

// Schafer RJ, 2012: PMID 22000597-1
// Subjects=20
-32.0	-14.0	-10.0
-27.0	-30.0	-11.0
-26.0	-41.0	-5.0
-26.0	0.0	-4.0
-52.0	-34.0	3.0
-52.0	-47.0	13.0
-40.0	-7.0	2.0
-32.0	18.0	1.0
34.0	20.0	2.0
-46.0	15.0	20.0
-45.0	15.0	14.0
-51.0	-48.0	18.0
40.0	20.0	14.0
-55.0	-45.0	8.0
-43.0	13.0	26.0
-56.0	-31.0	31.0
-45.0	1.0	32.0
20.0	-51.0	36.0
-3.0	-52.0	4.0
-33.0	-56.0	41.0
-32.0	-43.0	36.0
0.0	-24.0	37.0
-37.0	-18.0	20.0
-3.0	11.0	45.0
-5.0	13.0	39.0
-37.0	-2.0	45.0
-43.0	-2.0	38.0
-52.0	-25.0	25.0

// Dennis NA, 2012: PMID 22001165-1
// Subjects=20
15.0	-3.0	-16.0
52.0	-3.0	51.0
52.0	42.0	1.0
4.0	33.0	-21.0
0.0	10.0	23.0
-26.0	30.0	-5.0
-19.0	0.0	-29.0
-33.0	-28.0	-9.0
-52.0	0.0	-20.0
22.0	0.0	-35.0
-37.0	-11.0	-28.0
52.0	-3.0	51.0
-7.0	-33.0	46.0
37.0	-86.0	7.0
-11.0	-76.0	-9.0
41.0	-46.0	-8.0
-26.0	-28.0	-9.0
-4.0	59.0	-7.0
30.0	-42.0	71.0
11.0	-39.0	-5.0
-30.0	7.0	-36.0
-45.0	-3.0	-23.0
48.0	-7.0	-22.0
19.0	0.0	-23.0
0.0	45.0	-3.0
-15.0	-3.0	-26.0
-22.0	-49.0	2.0
52.0	-3.0	51.0
26.0	-43.0	50.0
45.0	-63.0	30.0
-22.0	-58.0	-17.0
-45.0	-71.0	13.0
45.0	-53.0	-1.0
15.0	0.0	-20.0
19.0	-84.0	-25.0
30.0	-46.0	67.0
4.0	25.0	-17.0
-33.0	-70.0	34.0
23.0	-1.0	-13.0
-15.0	-4.0	-13.0
-23.0	-85.0	-12.0
0.0	-63.0	-3.0
-45.0	-46.0	-36.0
45.0	-72.0	28.0
-23.0	-23.0	-12.0
19.0	-1.0	-22.0
-23.0	-27.0	-15.0
64.0	-41.0	-14.0
64.0	-43.0	16.0
-22.0	0.0	-32.0
-30.0	6.0	-23.0
-11.0	7.0	59.0
11.0	43.0	-18.0
37.0	-50.0	-1.0
-8.0	63.0	-3.0
34.0	-23.0	50.0
-64.0	-13.0	32.0
15.0	-4.0	63.0
8.0	-35.0	40.0
56.0	-46.0	41.0
23.0	24.0	34.0
-41.0	-9.0	46.0
30.0	-23.0	50.0
11.0	-49.0	58.0
-19.0	-67.0	56.0
-26.0	-57.0	-42.0
30.0	-18.0	-16.0
26.0	-89.0	4.0
-4.0	-58.0	-29.0
34.0	-12.0	53.0

// Holzschneider K, 2012: PMID 22027496-1
// Subjects=20
-15.0	3.0	18.0
42.0	36.0	-14.0
15.0	-51.0	56.0
24.0	-9.0	-14.0
18.0	-81.0	25.0
24.0	-42.0	-4.0
24.0	42.0	28.0
18.0	-42.0	0.0
18.0	-36.0	0.0
-18.0	-24.0	-25.0
-33.0	0.0	-25.0
-9.0	21.0	25.0
-45.0	33.0	-11.0
-51.0	3.0	-7.0
6.0	-57.0	4.0
15.0	6.0	46.0
39.0	6.0	4.0
30.0	6.0	-11.0
-27.0	12.0	-7.0
-24.0	3.0	0.0
-33.0	18.0	46.0
27.0	-45.0	11.0
-42.0	-18.0	-4.0
-51.0	-3.0	0.0
-24.0	-18.0	-21.0
60.0	-51.0	14.0
30.0	-78.0	25.0
3.0	-45.0	-7.0
12.0	36.0	32.0
12.0	-81.0	35.0
-45.0	33.0	-7.0
-15.0	-45.0	25.0
39.0	-42.0	11.0
30.0	-21.0	4.0
-18.0	-48.0	46.0
-3.0	-45.0	-14.0
15.0	39.0	28.0
3.0	54.0	28.0
21.0	-84.0	7.0
-27.0	60.0	14.0
9.0	39.0	42.0
-42.0	12.0	-28.0
-33.0	-24.0	-14.0
-33.0	21.0	4.0
63.0	0.0	32.0
12.0	45.0	21.0
15.0	3.0	42.0
-15.0	3.0	39.0
-39.0	24.0	-7.0
-54.0	24.0	18.0
-15.0	-3.0	49.0

// Wiggins JL, 2012: PMID 22032950-1
// Subjects=20
8.0	-18.0	70.0
2.0	52.0	-16.0
10.0	54.0	24.0
-6.0	48.0	-14.0
-4.0	72.0	10.0
10.0	70.0	14.0
-46.0	-62.0	38.0
-4.0	52.0	28.0
-40.0	62.0	0.0
-2.0	50.0	28.0
-2.0	56.0	-20.0
-4.0	-52.0	24.0
-44.0	-50.0	24.0
4.0	56.0	-20.0
10.0	-18.0	70.0
-2.0	-52.0	20.0
2.0	-54.0	20.0
42.0	-68.0	34.0
10.0	-50.0	24.0
-2.0	-50.0	36.0
4.0	-50.0	34.0
54.0	-62.0	38.0
10.0	70.0	14.0
-40.0	-72.0	42.0
-2.0	60.0	22.0
10.0	-54.0	44.0
-44.0	-66.0	40.0
10.0	66.0	16.0
34.0	-28.0	-18.0
-58.0	-60.0	28.0
-68.0	-26.0	-10.0
-14.0	-60.0	18.0
60.0	-12.0	-18.0
46.0	-60.0	28.0
10.0	66.0	16.0
-2.0	60.0	22.0
-22.0	-28.0	-12.0
-10.0	68.0	0.0
2.0	50.0	-4.0
-18.0	62.0	18.0
12.0	66.0	16.0
-2.0	-54.0	20.0
44.0	-50.0	24.0
4.0	-54.0	20.0
-8.0	-54.0	24.0
6.0	-48.0	24.0
-2.0	-52.0	40.0
-38.0	-76.0	38.0
-16.0	-58.0	10.0
46.0	-76.0	36.0
-14.0	-60.0	20.0
-48.0	-50.0	24.0
2.0	48.0	26.0
-16.0	-58.0	10.0
4.0	-60.0	10.0
-22.0	-36.0	-8.0
-22.0	-42.0	2.0
24.0	-12.0	-26.0
-46.0	-56.0	24.0
-54.0	-4.0	-20.0
42.0	-52.0	24.0
52.0	-4.0	-18.0
-10.0	-46.0	2.0
-68.0	-34.0	-8.0
-20.0	46.0	32.0
-4.0	-50.0	20.0
-18.0	68.0	-2.0
14.0	68.0	-6.0
12.0	48.0	30.0
-18.0	70.0	0.0
2.0	-28.0	68.0
12.0	56.0	0.0
14.0	56.0	8.0
-2.0	56.0	6.0
14.0	56.0	8.0
28.0	-26.0	-14.0
56.0	-56.0	38.0
44.0	-50.0	24.0
6.0	-50.0	20.0
4.0	-54.0	6.0
-12.0	-58.0	14.0
8.0	-46.0	24.0
-14.0	-48.0	40.0
-40.0	-68.0	36.0
18.0	-48.0	34.0
10.0	-44.0	2.0
20.0	-66.0	24.0
-42.0	-48.0	28.0
60.0	-54.0	42.0
48.0	-50.0	24.0
-42.0	-66.0	38.0
-20.0	-26.0	-14.0
8.0	-42.0	2.0
24.0	-12.0	-24.0
-14.0	-60.0	16.0
-58.0	-10.0	-14.0
-58.0	-26.0	-16.0
-42.0	14.0	-18.0
64.0	-58.0	28.0
66.0	-22.0	-14.0
68.0	-46.0	26.0
34.0	8.0	-26.0

// Schott BH, 2013: PMID 22042493-1
// Subjects=20
-59.0	-45.0	-7.0
-24.0	-7.0	-14.0
-33.0	16.0	-10.0
-48.0	19.0	-8.0
-6.0	5.0	59.0
-3.0	39.0	32.0
-42.0	24.0	33.0
-9.0	16.0	53.0
-18.0	22.0	50.0
-50.0	-5.0	29.0
-42.0	18.0	39.0
56.0	26.0	8.0
3.0	41.0	24.0
45.0	10.0	42.0
39.0	2.0	51.0
-15.0	-13.0	-14.0
-33.0	-34.0	-13.0
-21.0	-30.0	-8.0
-62.0	-27.0	-5.0
-15.0	50.0	29.0
27.0	-25.0	-13.0
6.0	-45.0	50.0
42.0	16.0	42.0
33.0	-13.0	-6.0
-6.0	-50.0	12.0
3.0	-57.0	45.0
12.0	-62.0	10.0
50.0	-50.0	14.0
62.0	-7.0	-4.0
-53.0	-55.0	18.0
30.0	-1.0	-7.0
-24.0	11.0	-2.0
18.0	-30.0	8.0
-15.0	-27.0	8.0
-18.0	-18.0	13.0
-3.0	-18.0	7.0
-50.0	-42.0	-5.0
6.0	-24.0	10.0
-21.0	-83.0	-18.0
27.0	-57.0	-22.0
24.0	-78.0	-18.0
6.0	-80.0	-13.0
56.0	11.0	-2.0
48.0	4.0	45.0
53.0	-50.0	20.0
-21.0	-16.0	-13.0
9.0	-53.0	4.0
0.0	-31.0	-18.0
3.0	-22.0	-13.0
6.0	-25.0	-5.0
-30.0	-57.0	-19.0
-3.0	-51.0	-2.0
-18.0	-66.0	-16.0
-3.0	-75.0	-16.0
6.0	-45.0	-2.0
3.0	12.0	33.0
6.0	-74.0	-13.0
6.0	-45.0	58.0
12.0	-41.0	64.0
6.0	-65.0	51.0
-27.0	-75.0	-28.0
-6.0	-51.0	-12.0
-30.0	-28.0	-15.0
-33.0	-72.0	-23.0
3.0	-51.0	-9.0
-9.0	-10.0	62.0
15.0	-77.0	-15.0
3.0	-21.0	60.0
-30.0	-27.0	-3.0
33.0	13.0	53.0
50.0	15.0	20.0
48.0	-6.0	23.0
36.0	19.0	41.0
6.0	-93.0	61.0
39.0	-60.0	43.0
39.0	5.0	53.0
48.0	-54.0	40.0
30.0	-5.0	-22.0
6.0	-44.0	17.0
48.0	-43.0	39.0
-12.0	-78.0	-18.0
48.0	-58.0	20.0
6.0	-28.0	-10.0
-12.0	-30.0	-3.0
-6.0	-77.0	-13.0
0.0	-78.0	30.0
6.0	-65.0	51.0
0.0	-72.0	35.0
6.0	-21.0	-1.0

// Scherling C, 2011: PMID 22053153-1
// Subjects=20
-32.0	6.0	18.0
24.0	-86.0	16.0
-56.0	18.0	0.0
4.0	-20.0	-2.0
-4.0	-10.0	-4.0
-4.0	-20.0	0.0
6.0	-20.0	-6.0
-32.0	6.0	18.0
-40.0	10.0	14.0
-24.0	-18.0	0.0
-58.0	12.0	26.0
-6.0	32.0	64.0
-28.0	6.0	-18.0
-58.0	8.0	10.0
-54.0	6.0	16.0
2.0	-42.0	76.0
68.0	-30.0	18.0
-40.0	2.0	-12.0
-38.0	-2.0	-12.0
-58.0	8.0	10.0
-58.0	12.0	26.0
-58.0	14.0	6.0
-58.0	10.0	18.0
-46.0	4.0	-14.0
-36.0	2.0	-22.0
4.0	-20.0	-2.0
-58.0	6.0	20.0
-36.0	6.0	16.0
-32.0	8.0	-16.0
-66.0	-22.0	10.0
-26.0	-6.0	-2.0
-28.0	-10.0	-4.0
-32.0	-6.0	-6.0
-22.0	-22.0	-2.0
-4.0	-32.0	-10.0
4.0	-8.0	-20.0
-26.0	-12.0	-2.0
-54.0	18.0	4.0
-8.0	36.0	62.0
-58.0	6.0	10.0
-42.0	4.0	-10.0
-38.0	0.0	-10.0
-34.0	8.0	-10.0
-32.0	8.0	-18.0
-30.0	-8.0	-16.0
-30.0	-14.0	-20.0
-28.0	-6.0	-22.0
-28.0	6.0	-18.0
-14.0	-26.0	-18.0
-28.0	-4.0	-16.0
-32.0	-10.0	-24.0
-18.0	-44.0	-2.0
-36.0	2.0	-22.0
38.0	6.0	-18.0
68.0	-26.0	18.0
40.0	-70.0	50.0
-34.0	-10.0	-8.0
-26.0	-6.0	-2.0
-26.0	-24.0	-14.0
-26.0	-28.0	-8.0
-46.0	-28.0	-12.0
-14.0	-60.0	34.0
-32.0	-6.0	-6.0
-30.0	-2.0	-6.0
-20.0	-18.0	0.0
-8.0	0.0	2.0
-22.0	-24.0	-2.0
2.0	-14.0	2.0
24.0	-90.0	-10.0
10.0	-72.0	60.0
-4.0	-32.0	-10.0
6.0	-8.0	-20.0
30.0	34.0	-2.0
-16.0	38.0	24.0
-20.0	22.0	40.0
4.0	-46.0	74.0
52.0	2.0	24.0
48.0	-42.0	30.0
40.0	-44.0	26.0
44.0	18.0	-42.0
-50.0	-22.0	-18.0
-36.0	6.0	16.0
-26.0	28.0	2.0
-40.0	10.0	14.0
-16.0	0.0	34.0
-16.0	2.0	40.0
-20.0	-18.0	40.0
-16.0	-14.0	36.0
-18.0	34.0	22.0
-14.0	0.0	-6.0
-20.0	-10.0	6.0
-40.0	-68.0	32.0
26.0	22.0	2.0
-16.0	-54.0	36.0
-20.0	-58.0	34.0
-14.0	-50.0	42.0
-12.0	-46.0	44.0
20.0	-54.0	34.0
-10.0	-68.0	26.0
18.0	-88.0	16.0
-40.0	-52.0	-44.0
40.0	34.0	-4.0
-16.0	38.0	24.0
0.0	50.0	50.0
-16.0	-14.0	36.0
-20.0	-88.0	-14.0
-22.0	-12.0	-4.0
-18.0	34.0	22.0
-18.0	34.0	28.0
-26.0	28.0	2.0
-26.0	24.0	14.0
46.0	-4.0	14.0
42.0	-4.0	16.0
34.0	-2.0	16.0
42.0	-34.0	-10.0
-42.0	-70.0	28.0
-48.0	-74.0	28.0
-46.0	-78.0	26.0
-36.0	-58.0	28.0
18.0	2.0	36.0
-20.0	-18.0	40.0
42.0	20.0	-42.0
18.0	2.0	-6.0
38.0	-48.0	26.0
26.0	-36.0	-4.0
-14.0	-60.0	34.0
-20.0	-58.0	34.0
-10.0	-68.0	26.0
-8.0	-72.0	24.0
-4.0	-66.0	26.0
20.0	-54.0	34.0
-12.0	-76.0	22.0
-12.0	-4.0	74.0
-6.0	20.0	46.0
-2.0	-8.0	76.0
-58.0	-2.0	-12.0
-56.0	13.0	10.0
-60.0	-4.0	22.0
-8.0	24.0	24.0
12.0	-58.0	4.0
-26.0	24.0	-4.0
-26.0	20.0	6.0
-32.0	-20.0	-14.0
-20.0	-16.0	-16.0
-36.0	-30.0	-12.0
32.0	-14.0	-14.0
34.0	-6.0	-20.0
34.0	-24.0	-12.0
-34.0	-50.0	-6.0
16.0	-26.0	-10.0
16.0	-26.0	-14.0
22.0	-40.0	-4.0
48.0	-42.0	28.0
32.0	-38.0	-6.0
0.0	-30.0	-18.0
-46.0	-52.0	-4.0
-40.0	-68.0	32.0
-40.0	-36.0	-14.0
46.0	-38.0	-18.0
48.0	-52.0	-10.0
48.0	-44.0	-12.0
-32.0	-54.0	-6.0
-38.0	-28.0	-18.0
-44.0	-38.0	-18.0
34.0	-70.0	-18.0
34.0	-72.0	-14.0
30.0	-72.0	-16.0
-54.0	-38.0	26.0
20.0	-30.0	-4.0
-12.0	-22.0	6.0
-6.0	-8.0	2.0
14.0	-16.0	2.0
18.0	-24.0	-2.0
2.0	-14.0	12.0
-36.0	-74.0	-12.0
52.0	-62.0	-10.0
-12.0	-54.0	-4.0
-28.0	-56.0	-6.0
-20.0	-56.0	-4.0
12.0	-62.0	2.0
20.0	-44.0	-2.0
12.0	-54.0	-4.0
8.0	-86.0	-12.0
-2.0	-14.0	14.0
-14.0	-24.0	-2.0
-42.0	-36.0	52.0
-10.0	-24.0	-16.0
16.0	-26.0	-5.0
20.0	-30.0	-44.0
16.0	-18.0	-2.0
-34.0	-40.0	-32.0
-34.0	-56.0	-26.0
36.0	-38.0	-34.0
28.0	-36.0	-36.0
-32.0	-58.0	-24.0
-24.0	-62.0	-22.0
38.0	-62.0	-26.0
32.0	-68.0	-20.0
12.0	36.0	10.0
18.0	38.0	16.0
2.0	12.0	-8.0
14.0	34.0	10.0
20.0	28.0	-20.0
-52.0	-20.0	54.0
-34.0	-40.0	68.0
-32.0	-38.0	64.0
-35.0	-36.0	62.0
-38.0	-32.0	56.0
-34.0	-38.0	58.0
-32.0	-40.0	52.0
48.0	-32.0	50.0
26.0	-48.0	56.0
38.0	-36.0	48.0
-24.0	28.0	-20.0
22.0	-36.0	-6.0
-14.0	-4.0	54.0
6.0	20.0	-2.0
14.0	-26.0	-12.0
-10.0	12.0	-12.0
14.0	20.0	-8.0
10.0	-24.0	-16.0
6.0	14.0	-4.0
-46.0	-82.0	20.0
44.0	24.0	-24.0
-42.0	-40.0	50.0
-40.0	-46.0	54.0
-44.0	-54.0	60.0
46.0	-36.0	52.0
36.0	-44.0	46.0
42.0	-38.0	50.0
32.0	-46.0	50.0
56.0	-30.0	52.0
-20.0	-94.0	4.0
-38.0	-46.0	44.0
-24.0	-56.0	62.0
-40.0	-92.0	12.0
-14.0	4.0	22.0
-8.0	48.0	-8.0
-12.0	50.0	-20.0
-40.0	20.0	-4.0
-24.0	-68.0	34.0
6.0	-70.0	60.0
-24.0	-68.0	36.0
-44.0	-86.0	14.0
-28.0	-96.0	10.0
-44.0	-84.0	10.0
-32.0	-98.0	14.0
-30.0	-74.0	22.0

// Bellebaum C, 2012: PMID 22074898-1
// Subjects=20
-26.0	8.0	-4.0
8.0	22.0	0.0
-8.0	22.0	0.0
0.0	42.0	-22.0
-28.0	-28.0	-14.0
8.0	36.0	42.0
28.0	-28.0	-14.0
26.0	6.0	-8.0

// Adank P, 2012: PMID 22085863-1
// Subjects=20
32.0	28.0	10.0
-32.0	24.0	8.0
-14.0	56.0	40.0
-24.0	-40.0	-2.0
-12.0	10.0	-2.0
12.0	20.0	36.0
30.0	40.0	24.0
-40.0	-22.0	12.0
-60.0	-12.0	-6.0
6.0	-14.0	28.0
34.0	-22.0	10.0
34.0	42.0	-14.0
-54.0	-44.0	-6.0
14.0	-50.0	-20.0
-8.0	50.0	40.0
66.0	-42.0	-8.0
-54.0	-44.0	-6.0
8.0	22.0	18.0
14.0	46.0	16.0
16.0	50.0	50.0
-12.0	10.0	-2.0
-40.0	-20.0	54.0
32.0	28.0	8.0
30.0	42.0	28.0
-34.0	18.0	0.0
10.0	22.0	40.0
-8.0	34.0	24.0
-40.0	-20.0	8.0
46.0	-14.0	4.0
12.0	-72.0	6.0
32.0	36.0	10.0
-40.0	-20.0	54.0
-42.0	-24.0	16.0
-36.0	22.0	-24.0
-10.0	52.0	42.0
-34.0	-68.0	36.0
62.0	-42.0	-8.0
-44.0	16.0	46.0
-62.0	-50.0	-6.0
-52.0	-56.0	46.0
-36.0	22.0	-26.0

// Goh JO, 2013: PMID 22114080-1
// Subjects=20
-36.0	-72.0	3.0
-33.0	-48.0	51.0
30.0	-42.0	45.0
-36.0	-93.0	9.0
36.0	-90.0	18.0
-24.0	-36.0	-18.0
-27.0	-24.0	-12.0
45.0	-72.0	-9.0
-45.0	-66.0	36.0
-6.0	51.0	-12.0
63.0	-15.0	-15.0
36.0	51.0	18.0

// Narita K, 2012: PMID 22140014-1
// Subjects=20
-25.0	-38.0	-4.0

// Ye Z, 2012: PMID 22146750-1
// Subjects=20
10.0	11.0	-5.0
12.0	18.0	-1.0
-15.0	11.0	-5.0
6.0	11.0	-1.0
-33.0	7.0	41.0
13.0	39.0	45.0
-12.0	14.0	-5.0
-36.0	7.0	52.0
41.0	-42.0	59.0
-36.0	-28.0	59.0
48.0	35.0	24.0
-26.0	-46.0	59.0
-50.0	-70.0	-8.0
52.0	-60.0	-7.0
-43.0	-7.0	-5.0
-26.0	-35.0	-1.0
10.0	18.0	-1.0
31.0	-11.0	69.0

// Trost W, 2012: PMID 22178712-1
// Subjects=20
9.0	-24.0	60.0
0.0	33.0	3.0
12.0	-45.0	6.0
-12.0	-45.0	12.0
12.0	9.0	-3.0
-12.0	9.0	-6.0
27.0	-3.0	-9.0
15.0	-6.0	72.0
39.0	-21.0	-15.0
3.0	45.0	3.0
27.0	-18.0	-15.0
51.0	-3.0	-15.0
60.0	-9.0	-12.0
-36.0	6.0	12.0
39.0	24.0	12.0
-27.0	-99.0	-3.0
27.0	-24.0	72.0
3.0	30.0	12.0
-27.0	-30.0	-9.0
51.0	-27.0	9.0
-27.0	-33.0	-9.0
18.0	-39.0	72.0
12.0	30.0	0.0
-24.0	-54.0	-30.0
18.0	-48.0	42.0
-57.0	-39.0	15.0
30.0	-24.0	-18.0
3.0	3.0	60.0
63.0	3.0	30.0
51.0	-27.0	9.0
-54.0	-39.0	15.0
-12.0	9.0	-3.0
42.0	6.0	-15.0
-3.0	30.0	-3.0
-9.0	48.0	-3.0
3.0	39.0	-18.0
12.0	9.0	-6.0
33.0	-21.0	-18.0
-21.0	-45.0	-21.0
24.0	-12.0	-18.0
33.0	-27.0	57.0
-51.0	-3.0	-9.0
33.0	-21.0	-18.0
12.0	33.0	-6.0
-63.0	-36.0	18.0
54.0	-3.0	-6.0
18.0	21.0	-6.0
-9.0	18.0	0.0
-12.0	12.0	-3.0
15.0	-21.0	42.0
-12.0	33.0	0.0
27.0	-18.0	-18.0
-51.0	-6.0	48.0
-33.0	-96.0	-6.0
-15.0	-45.0	-15.0
-15.0	-63.0	-27.0
-48.0	-42.0	51.0
57.0	-6.0	45.0
45.0	-45.0	51.0
45.0	42.0	-12.0
-6.0	-9.0	69.0
-12.0	9.0	-6.0
39.0	12.0	-18.0
0.0	-21.0	-12.0
-30.0	-21.0	-15.0
0.0	27.0	-3.0
24.0	-15.0	-18.0
33.0	-18.0	-15.0
54.0	3.0	-12.0
-51.0	-6.0	-6.0
18.0	-9.0	72.0
54.0	-42.0	-9.0
39.0	45.0	-12.0
21.0	-54.0	-24.0
12.0	9.0	-3.0
0.0	-21.0	-18.0
-3.0	-18.0	-12.0
27.0	-27.0	-15.0
54.0	3.0	-9.0
24.0	-12.0	66.0
-3.0	0.0	72.0
-9.0	48.0	-3.0
12.0	9.0	-3.0

// Dichter GS, 2012: PMID 22187105-1
// Subjects=20
-46.0	16.0	-4.0
-4.0	6.0	-4.0
0.0	-2.0	24.0
-30.0	38.0	-2.0
30.0	58.0	16.0
-26.0	38.0	-14.0
38.0	2.0	40.0
-62.0	-44.0	40.0
54.0	-30.0	16.0
10.0	12.0	-14.0
-4.0	22.0	-8.0
64.0	-28.0	40.0
46.0	-22.0	-14.0
40.0	-68.0	24.0
24.0	4.0	-20.0
26.0	-64.0	34.0
-48.0	-36.0	-6.0
18.0	-80.0	42.0
50.0	-76.0	30.0
8.0	-62.0	4.0
-10.0	-76.0	4.0
26.0	-62.0	4.0
44.0	10.0	-6.0
14.0	-10.0	72.0
-24.0	2.0	52.0
-48.0	14.0	6.0
54.0	12.0	4.0
46.0	6.0	-28.0
-8.0	-20.0	54.0
58.0	-42.0	32.0
24.0	-12.0	-30.0
46.0	-8.0	12.0
20.0	50.0	-16.0
40.0	22.0	2.0
-36.0	-66.0	8.0
24.0	10.0	-6.0
-56.0	-54.0	-14.0
22.0	-4.0	-32.0
-26.0	-4.0	-30.0
4.0	-36.0	4.0
42.0	-58.0	16.0
-14.0	-40.0	4.0
-20.0	54.0	28.0
36.0	-58.0	-6.0
-34.0	-2.0	18.0
-36.0	-32.0	28.0
24.0	-52.0	24.0
-40.0	46.0	18.0
32.0	-66.0	8.0
18.0	-82.0	42.0
-34.0	-38.0	10.0
56.0	2.0	44.0
0.0	18.0	60.0
-20.0	2.0	-4.0
38.0	14.0	-6.0
-30.0	12.0	-12.0
-42.0	14.0	-4.0
-8.0	-76.0	4.0
10.0	-56.0	-2.0
-26.0	4.0	60.0
44.0	6.0	52.0
-28.0	-62.0	14.0
-10.0	-34.0	-16.0
-46.0	-58.0	8.0
52.0	6.0	-20.0
32.0	-2.0	4.0
-18.0	-62.0	16.0
-28.0	-4.0	8.0

// Kenny ER, 2012: PMID 22189566-1
// Subjects=20
21.0	-21.0	-14.0
-8.0	-29.0	-20.0
12.0	-48.0	-43.0
25.0	-23.0	-14.0
-23.0	-19.0	-14.0
-25.0	-32.0	-10.0
10.0	-29.0	-9.0
25.0	-31.0	-20.0
-30.0	7.0	-28.0
35.0	-1.0	-28.0
23.0	-23.0	-14.0
-27.0	-17.0	-14.0
-23.0	-21.0	-14.0
-19.0	-13.0	-14.0
40.0	1.0	-27.0
14.0	-29.0	-9.0
-16.0	-39.0	-16.0
20.0	-12.0	-29.0
32.0	-17.0	-13.0
7.0	5.0	-11.0
-19.0	-25.0	-9.0
-34.0	12.0	-22.0
-27.0	-31.0	-21.0
8.0	-45.0	6.0
-25.0	-34.0	-16.0
-34.0	-8.0	-24.0
-43.0	5.0	-28.0
-39.0	3.0	-29.0
-23.0	-10.0	-8.0
-27.0	-10.0	-8.0
-10.0	-54.0	4.0
49.0	-32.0	24.0
-18.0	-32.0	-15.0
0.0	-52.0	16.0
6.0	-40.0	-5.0
-5.0	-60.0	4.0
8.0	58.0	10.0
1.0	-27.0	7.0
4.0	-41.0	0.0
0.0	-48.0	32.0
-11.0	-63.0	31.0
5.0	-60.0	-34.0
8.0	38.0	35.0
0.0	-52.0	16.0
21.0	-19.0	-13.0
29.0	-56.0	-22.0
-3.0	1.0	-1.0
-35.0	-27.0	28.0
-10.0	-30.0	7.0
-37.0	-28.0	28.0
-20.0	-38.0	33.0
15.0	18.0	50.0
-42.0	-19.0	23.0
-44.0	-19.0	23.0
34.0	44.0	-2.0
23.0	23.0	34.0
-42.0	-32.0	44.0
35.0	-74.0	30.0
-3.0	-46.0	11.0
-10.0	-53.0	-33.0
6.0	-62.0	-18.0
-10.0	-73.0	-19.0
1.0	-59.0	-28.0
4.0	-42.0	11.0
3.0	-19.0	8.0
0.0	-46.0	38.0
11.0	-50.0	-44.0
1.0	-50.0	16.0
-8.0	2.0	4.0
1.0	-65.0	-23.0
4.0	-46.0	11.0
-23.0	-45.0	-38.0
-27.0	-67.0	-35.0
-25.0	-62.0	-34.0
-3.0	-46.0	16.0
-7.0	-48.0	10.0
6.0	-49.0	27.0
-3.0	-75.0	19.0
13.0	-60.0	26.0
-2.0	-63.0	31.0
-10.0	1.0	-1.0
32.0	-44.0	11.0
12.0	-72.0	-29.0
2.0	-48.0	16.0
-18.0	-66.0	-29.0
-14.0	-68.0	-29.0
-23.0	-65.0	-40.0
-1.0	-59.0	-23.0
32.0	-55.0	10.0
25.0	-43.0	-37.0
16.0	2.0	-1.0
1.0	-57.0	-28.0
-3.0	-53.0	-33.0

// Pejic T, 2013: PMID 22198970-1
// Subjects=20
-15.0	-9.0	-21.0
-12.0	-6.0	-18.0
33.0	-9.0	-27.0
12.0	15.0	33.0
-15.0	-9.0	-18.0
33.0	-3.0	-24.0
-12.0	-9.0	-18.0
-33.0	-21.0	-15.0
-15.0	-9.0	-18.0
33.0	-3.0	-24.0
-15.0	-12.0	-18.0
15.0	-15.0	-21.0
-9.0	60.0	-3.0
-12.0	-6.0	-21.0

// Linnman C, 2012: PMID 22207247-1
// Subjects=20
12.0	72.0	-6.0
-32.0	-10.0	50.0
-2.0	2.0	-4.0
10.0	4.0	56.0
38.0	-20.0	-6.0
34.0	-26.0	0.0
0.0	68.0	2.0
-30.0	-2.0	-28.0
-10.0	34.0	18.0
36.0	48.0	20.0
36.0	60.0	10.0
20.0	0.0	-12.0
32.0	-2.0	-12.0
-12.0	-2.0	-16.0
-6.0	72.0	10.0
36.0	66.0	2.0
-54.0	-40.0	-6.0
6.0	-4.0	-2.0
6.0	28.0	18.0
2.0	20.0	-8.0
38.0	-28.0	22.0
-34.0	-2.0	8.0
-32.0	-20.0	6.0
-28.0	18.0	-4.0
32.0	14.0	6.0
26.0	18.0	-18.0
32.0	-16.0	-16.0
32.0	18.0	-10.0
32.0	-20.0	22.0
-22.0	2.0	-24.0
-8.0	-14.0	-12.0
34.0	24.0	32.0
60.0	18.0	28.0
-44.0	-40.0	-14.0
-4.0	28.0	16.0
8.0	-18.0	-4.0
-34.0	-30.0	-10.0
38.0	10.0	30.0
26.0	-84.0	-2.0
2.0	-54.0	-50.0
-36.0	14.0	44.0
0.0	-30.0	-18.0
-52.0	18.0	38.0
-2.0	-14.0	-16.0
34.0	-12.0	16.0
32.0	22.0	-4.0
-38.0	-38.0	-22.0
-36.0	-10.0	22.0
0.0	-14.0	-12.0
-2.0	-36.0	-40.0
-36.0	-56.0	-44.0
-30.0	-70.0	-40.0
12.0	30.0	18.0
-6.0	-44.0	-52.0
-36.0	-48.0	-24.0
32.0	28.0	4.0
6.0	-54.0	50.0
-26.0	-52.0	-2.0
-44.0	18.0	30.0
22.0	-72.0	44.0
-22.0	-82.0	32.0
-22.0	-58.0	50.0
-20.0	-50.0	54.0
-24.0	-70.0	28.0
-42.0	-74.0	-12.0
-48.0	-64.0	-12.0
26.0	-74.0	36.0
-20.0	-52.0	40.0
-34.0	-78.0	20.0
16.0	-60.0	60.0
10.0	-18.0	-6.0
-10.0	-18.0	-8.0
2.0	20.0	-10.0
40.0	6.0	12.0
14.0	-50.0	58.0
-30.0	30.0	8.0

// Pustina D, 2012: PMID 22230115-1
// Subjects=20
-24.0	-8.0	-18.0
-38.0	-32.0	-24.0
-26.0	0.0	-26.0
30.0	-22.0	-14.0
12.0	-38.0	8.0
26.0	-26.0	-26.0
34.0	-8.0	-34.0
28.0	6.0	-32.0
36.0	-48.0	-8.0
-38.0	-26.0	-14.0
40.0	-36.0	-18.0
-28.0	-44.0	-12.0
24.0	-6.0	-22.0
36.0	-26.0	-18.0
40.0	-14.0	-24.0
18.0	-6.0	-12.0
26.0	-58.0	-8.0
18.0	0.0	-14.0
10.0	-38.0	0.0
-24.0	2.0	-24.0
14.0	-30.0	-8.0
-10.0	-40.0	4.0
16.0	-28.0	-8.0
-24.0	-4.0	-20.0
20.0	2.0	-24.0
-14.0	-2.0	-14.0
24.0	-2.0	-38.0
16.0	-6.0	-14.0
12.0	-48.0	0.0
34.0	-10.0	-34.0
34.0	-20.0	-10.0
-8.0	-40.0	2.0
-16.0	-20.0	-20.0
20.0	-10.0	-20.0
-26.0	-14.0	-16.0
-28.0	-20.0	-20.0
38.0	-16.0	-12.0
-36.0	-32.0	-14.0
8.0	-34.0	-4.0
-32.0	-6.0	-30.0
30.0	-24.0	-16.0
26.0	-10.0	-30.0
-18.0	-8.0	-30.0
36.0	-34.0	-28.0
-22.0	-8.0	-14.0
38.0	-8.0	-24.0
-22.0	-30.0	-10.0
-18.0	-10.0	-26.0
26.0	-40.0	-4.0
18.0	-26.0	-12.0
-36.0	-34.0	-16.0
24.0	-44.0	-10.0
8.0	-42.0	2.0
-10.0	-34.0	-8.0
30.0	-56.0	-10.0
32.0	-30.0	-4.0
22.0	-24.0	-14.0
18.0	-8.0	-32.0
-24.0	-52.0	-8.0
-34.0	-42.0	-12.0
32.0	-2.0	-14.0
-20.0	-8.0	-12.0
-30.0	-16.0	-16.0
8.0	-40.0	2.0
-32.0	-28.0	-8.0
18.0	-32.0	-6.0
40.0	-14.0	-16.0
38.0	-14.0	-24.0
24.0	-22.0	-22.0
28.0	-8.0	-10.0
-18.0	-8.0	-16.0
-30.0	-26.0	-12.0
18.0	-50.0	-10.0
-14.0	-40.0	10.0
-24.0	-36.0	8.0
-8.0	-40.0	2.0

// Cordes D, 2012: PMID 22326984-1
// Subjects=20
-22.0	-54.0	-24.0
-28.0	-22.0	-14.0
40.0	-66.0	-30.0
-28.0	2.0	-12.0
-52.0	-60.0	28.0
-2.0	-64.0	22.0
-20.0	0.0	24.0
-18.0	-42.0	-26.0
-4.0	54.0	0.0
-8.0	56.0	-6.0
4.0	34.0	38.0
-8.0	-52.0	34.0
0.0	-70.0	32.0
-34.0	20.0	12.0
-22.0	32.0	44.0
-30.0	20.0	-2.0
-20.0	32.0	44.0
-6.0	66.0	8.0
-6.0	24.0	42.0
-12.0	-40.0	40.0
-32.0	2.0	10.0
-60.0	-42.0	14.0
-2.0	-64.0	22.0
-6.0	20.0	46.0
-6.0	-28.0	52.0
-24.0	-40.0	-8.0
16.0	-46.0	56.0
-38.0	-24.0	38.0
38.0	-18.0	42.0
-6.0	-58.0	32.0
-32.0	-2.0	6.0
-54.0	0.0	10.0
-6.0	-16.0	50.0
-56.0	-4.0	-28.0
-58.0	-40.0	30.0
-24.0	-42.0	-8.0
-46.0	-44.0	10.0
62.0	4.0	-8.0
-22.0	-42.0	-12.0
22.0	-22.0	10.0
40.0	-56.0	48.0
-44.0	-60.0	28.0
20.0	-84.0	26.0
-10.0	14.0	4.0
-28.0	2.0	-16.0
0.0	44.0	2.0
-4.0	-52.0	34.0
-14.0	60.0	20.0
-8.0	-60.0	26.0
-46.0	22.0	34.0
-36.0	18.0	-18.0
-46.0	20.0	30.0
54.0	34.0	6.0
-32.0	4.0	60.0
-24.0	30.0	44.0
-26.0	38.0	-12.0
-12.0	-52.0	34.0
-22.0	-42.0	-12.0
-38.0	-18.0	2.0
-32.0	18.0	4.0
-24.0	-16.0	-16.0
-38.0	-22.0	6.0
-26.0	-2.0	62.0
-12.0	60.0	20.0
-6.0	22.0	44.0
-22.0	4.0	-2.0
2.0	58.0	-8.0
14.0	-80.0	0.0
-40.0	-20.0	2.0
-52.0	-72.0	-4.0
-28.0	-64.0	40.0
24.0	-66.0	48.0
-12.0	-92.0	34.0
0.0	-30.0	54.0
-26.0	-40.0	-8.0
-40.0	-54.0	50.0
-20.0	-66.0	50.0
-24.0	-40.0	62.0
-6.0	-16.0	50.0
-14.0	-70.0	58.0
-38.0	2.0	62.0
-30.0	2.0	10.0
8.0	50.0	-14.0
-40.0	-34.0	16.0
10.0	22.0	52.0
-62.0	-34.0	30.0
-48.0	6.0	-34.0
-54.0	2.0	-24.0
-50.0	10.0	-30.0
-36.0	16.0	-20.0
-8.0	-54.0	32.0

// Shafer AT, 2012: PMID 22332805-1
// Subjects=20
-5.0	19.0	56.0
-38.0	-56.0	-13.0
21.0	26.0	-7.0
40.0	-76.0	-6.0
-49.0	73.0	0.0
2.0	3.0	30.0
-1.0	14.0	31.0
-9.0	43.0	44.0
-27.0	26.0	-12.0
-45.0	24.0	9.0
51.0	18.0	28.0
-49.0	31.0	21.0
-38.0	-37.0	-18.0
10.0	-23.0	-9.0
54.0	-59.0	14.0
17.0	-94.0	21.0
21.0	-90.0	10.0
-23.0	5.0	-21.0
-9.0	1.0	11.0
14.0	-4.0	-14.0
-12.0	-95.0	-5.0
-30.0	-22.0	-16.0
21.0	14.0	-8.0
-24.0	-91.0	-1.0
-19.0	-3.0	-18.0
-23.0	4.0	-17.0
-5.0	-53.0	24.0

// Alexander GE, 2012: PMID 22405043-1
// Subjects=20
23.8	22.1	54.2
-35.6	36.0	20.3
31.7	34.4	27.8
-37.6	23.5	43.0
-27.7	44.1	-12.3
23.8	55.0	12.0
45.5	29.2	39.1
-35.6	25.8	50.3
4.0	52.3	-2.6
-13.9	39.9	20.1
9.9	19.5	39.6
9.9	28.8	31.7
-9.9	37.7	16.5
47.5	-9.4	44.7
49.5	-18.3	-15.9
9.9	23.7	46.7
15.8	-61.0	62.0
29.7	38.4	-8.7
-37.6	-5.4	-30.0
-39.6	-52.4	-37.8
-45.5	-53.9	10.1
-39.6	2.5	-27.0
51.5	-35.3	31.3
31.7	-86.5	19.1
-37.6	-74.7	22.2
41.6	-53.3	-17.5
39.6	-48.5	-37.9
-39.6	-43.9	53.8
-15.8	-32.8	5.3
27.7	-31.3	-5.2
-31.7	-33.3	-5.1
51.5	-2.4	-10.0
17.8	-49.3	-14.4
-23.8	-51.4	-17.6
13.9	-68.2	-3.3
21.8	-31.0	1.6
-39.6	-51.4	-17.6

// Kohls G, 2013: PMID 22419119-1
// Subjects=20
-28.0	-48.0	-14.0
-18.0	4.0	22.0
18.0	0.0	18.0
2.0	-62.0	-20.0
-8.0	34.0	18.0
10.0	34.0	18.0
-34.0	50.0	18.0
24.0	-50.0	-18.0
42.0	38.0	30.0
-24.0	8.0	-2.0
40.0	18.0	-6.0
-4.0	-82.0	-6.0
-26.0	-66.0	-14.0
52.0	-62.0	-8.0
-50.0	-36.0	48.0
-24.0	-52.0	54.0
-50.0	-64.0	0.0
2.0	50.0	-14.0
-34.0	56.0	-8.0
36.0	-50.0	56.0
-56.0	-10.0	-14.0
-4.0	-14.0	12.0
6.0	-14.0	14.0
-20.0	-8.0	-18.0
-28.0	-6.0	-18.0
46.0	-50.0	-22.0
60.0	-56.0	-10.0
-4.0	42.0	-18.0
54.0	-10.0	-10.0
-40.0	18.0	-30.0
36.0	18.0	-30.0
-10.0	6.0	8.0
-34.0	-64.0	-34.0
-8.0	38.0	0.0
52.0	-38.0	46.0
2.0	44.0	-2.0
26.0	-6.0	48.0
-2.0	-76.0	-2.0
2.0	-54.0	24.0
2.0	-64.0	-34.0
2.0	-82.0	0.0
10.0	10.0	0.0
36.0	-82.0	12.0
48.0	-42.0	52.0
-50.0	-42.0	52.0
-52.0	-44.0	-12.0
-16.0	-4.0	-14.0
56.0	-54.0	-10.0
20.0	-8.0	-18.0
42.0	-46.0	-22.0
-4.0	48.0	-14.0
6.0	50.0	-16.0
-36.0	12.0	-26.0
30.0	52.0	-12.0
-16.0	-4.0	-14.0
-18.0	-8.0	-18.0
0.0	42.0	-4.0
-28.0	-84.0	20.0
42.0	18.0	-8.0
28.0	-50.0	-18.0
0.0	38.0	20.0
-4.0	-24.0	-12.0
-2.0	40.0	-4.0
-28.0	-22.0	-12.0
18.0	-10.0	-12.0
6.0	-68.0	0.0
8.0	-18.0	-14.0
-6.0	8.0	-4.0
-2.0	-36.0	32.0
-24.0	-12.0	-4.0
-36.0	-44.0	54.0
-54.0	8.0	36.0
-28.0	0.0	-8.0
-46.0	-50.0	-8.0
-14.0	-24.0	10.0
12.0	-14.0	10.0
12.0	12.0	-4.0

// Ter Minassian A, 2013: PMID 22438291-1
// Subjects=20
21.0	-93.0	3.0
-36.0	-75.0	-9.0
9.0	-84.0	39.0
3.0	-60.0	33.0
-30.0	-39.0	-18.0
-42.0	-60.0	21.0
24.0	-96.0	12.0
-30.0	-24.0	-18.0
3.0	-93.0	21.0
6.0	24.0	-6.0
-42.0	-72.0	42.0
33.0	-81.0	33.0
54.0	-66.0	27.0
-27.0	-78.0	48.0
-24.0	27.0	54.0
27.0	-33.0	0.0
39.0	-72.0	-9.0
15.0	-84.0	-9.0
-24.0	-36.0	-3.0
-9.0	-48.0	3.0
-12.0	-51.0	6.0
-12.0	24.0	-9.0
-3.0	-75.0	51.0
-15.0	-90.0	33.0
0.0	-42.0	36.0
3.0	45.0	-15.0
33.0	-36.0	-15.0
9.0	54.0	3.0
-6.0	-66.0	24.0
15.0	-81.0	45.0
-51.0	-3.0	-30.0
21.0	-87.0	-9.0
-30.0	-87.0	-3.0
-12.0	45.0	-15.0
33.0	-81.0	3.0
-27.0	-87.0	6.0
24.0	-93.0	0.0
54.0	-12.0	-27.0
-12.0	60.0	18.0
45.0	-72.0	-6.0
60.0	-9.0	-24.0
33.0	-15.0	-21.0
18.0	42.0	45.0
-33.0	-66.0	-12.0
-21.0	-75.0	48.0
36.0	-78.0	-9.0
-21.0	39.0	45.0
30.0	-72.0	-15.0
18.0	-66.0	60.0
30.0	-75.0	42.0
24.0	-32.0	0.0
39.0	-63.0	24.0
45.0	-57.0	21.0
12.0	-75.0	51.0
3.0	-84.0	9.0
-12.0	-72.0	57.0
-48.0	-60.0	30.0
-21.0	30.0	39.0
-12.0	24.0	-9.0
33.0	-84.0	15.0
36.0	-78.0	0.0
9.0	-45.0	3.0
-33.0	-75.0	-12.0
30.0	-27.0	-18.0
-30.0	-45.0	-18.0
-15.0	-36.0	0.0
-39.0	18.0	45.0
-18.0	27.0	42.0
12.0	42.0	42.0
27.0	24.0	51.0
-9.0	-45.0	3.0
51.0	-15.0	-24.0
-12.0	45.0	-18.0
-9.0	48.0	-12.0
30.0	-9.0	-24.0
-33.0	-66.0	57.0
-9.0	-87.0	-18.0
-9.0	-81.0	6.0
15.0	-42.0	12.0
6.0	-96.0	15.0
-24.0	-93.0	-3.0
12.0	-66.0	48.0
-27.0	-87.0	15.0
24.0	-96.0	0.0
3.0	-42.0	36.0
3.0	-81.0	36.0
-15.0	-87.0	-9.0
24.0	-72.0	33.0
-24.0	12.0	54.0
-15.0	0.0	24.0
-9.0	-81.0	42.0
-48.0	-12.0	-24.0
-9.0	-45.0	33.0
-18.0	-69.0	-3.0
6.0	-45.0	-3.0
-12.0	-24.0	-18.0
-21.0	-24.0	-18.0
-18.0	-12.0	-9.0
-18.0	-39.0	-12.0
15.0	-3.0	21.0
-12.0	-42.0	63.0
18.0	30.0	6.0
-21.0	-66.0	33.0
-24.0	-51.0	-9.0
45.0	42.0	15.0
-21.0	-30.0	-6.0
-9.0	42.0	9.0
-60.0	-33.0	39.0
-60.0	-33.0	42.0
27.0	33.0	-15.0
15.0	-45.0	60.0
12.0	-18.0	-21.0
39.0	-81.0	-27.0
36.0	30.0	9.0
30.0	27.0	9.0
6.0	-42.0	-39.0
-45.0	-75.0	18.0
-15.0	51.0	9.0
0.0	-6.0	9.0
15.0	45.0	0.0

// Qin S, 2012: PMID 22442069-1
// Subjects=20
-16.0	-12.0	10.0
6.0	10.0	40.0
0.0	-10.0	58.0
24.0	4.0	0.0
54.0	16.0	0.0
48.0	2.0	2.0
22.0	-18.0	14.0
-10.0	52.0	40.0
-46.0	26.0	6.0
6.0	-10.0	54.0
-14.0	-12.0	42.0
-22.0	10.0	10.0
22.0	-72.0	-16.0
-36.0	-70.0	-18.0
34.0	-18.0	4.0
10.0	-92.0	6.0
-34.0	0.0	12.0
12.0	-98.0	-8.0
-44.0	44.0	-2.0
-4.0	-34.0	-40.0
-48.0	-60.0	22.0
24.0	-24.0	-14.0
-46.0	-68.0	40.0
46.0	-66.0	18.0
-6.0	-52.0	16.0
-2.0	-38.0	40.0
-8.0	-48.0	-42.0
8.0	-22.0	-20.0
-4.0	-28.0	-8.0
-8.0	-28.0	-6.0
-38.0	-10.0	-2.0
2.0	-16.0	38.0
-4.0	-22.0	42.0
-12.0	-28.0	-6.0
28.0	-22.0	-8.0
-30.0	-26.0	-10.0
-2.0	-22.0	-22.0
-6.0	54.0	12.0
26.0	-24.0	-8.0

// Stippekohl B, 2012: PMID 22476609-1
// Subjects=20
34.0	-44.0	48.0
-12.0	12.0	-8.0
-26.0	-40.0	-4.0
22.0	-4.0	-24.0
-22.0	-48.0	64.0
-4.0	40.0	-18.0
-14.0	14.0	-8.0
28.0	2.0	-18.0
24.0	0.0	-22.0
-18.0	-54.0	68.0
2.0	44.0	-12.0
-4.0	36.0	-18.0
22.0	-4.0	-24.0
-22.0	-50.0	64.0
-18.0	-54.0	68.0
-6.0	14.0	-12.0
38.0	-42.0	60.0
-8.0	14.0	-8.0
-40.0	-8.0	4.0
24.0	0.0	-20.0
16.0	16.0	-20.0
38.0	16.0	2.0
40.0	4.0	-12.0
14.0	16.0	-18.0
-2.0	30.0	-10.0
26.0	-8.0	-16.0
26.0	0.0	-18.0
0.0	38.0	-14.0
2.0	40.0	-18.0
-22.0	-2.0	-22.0
-8.0	10.0	-10.0
28.0	-8.0	-14.0
-24.0	-48.0	64.0
4.0	36.0	-18.0
-6.0	12.0	-14.0
-10.0	10.0	-12.0
32.0	2.0	-20.0
22.0	-48.0	70.0
-12.0	12.0	-10.0
-6.0	36.0	-18.0
12.0	14.0	-16.0
-6.0	14.0	-12.0
-40.0	-42.0	58.0
48.0	22.0	36.0
32.0	-48.0	56.0
38.0	-16.0	-2.0
-18.0	-54.0	68.0
-24.0	0.0	-16.0
2.0	-14.0	32.0
2.0	34.0	-24.0
-40.0	16.0	-4.0

// Folstein JR, 2013: PMID 22490547-1
// Subjects=20
10.3	-38.9	0.1
45.0	-22.0	-5.0
50.6	-65.9	18.7
23.1	-31.6	65.2
24.5	7.9	-16.2
-18.6	-35.0	67.1
-29.8	-59.7	-17.7
32.3	40.8	37.9
39.8	-29.0	15.7
68.6	-17.9	18.9
39.6	-10.4	-6.2
5.7	-16.2	74.2
-20.3	-23.2	-14.2
-12.7	-70.7	-23.6
-13.9	-6.2	-15.7
32.9	24.5	-22.1
28.9	-66.4	-26.7
-9.6	-78.0	-36.4
-5.2	-77.1	-24.3
5.6	-95.9	-7.2
0.3	-95.9	-7.2
-38.2	-86.8	-9.7
-22.4	-61.0	-21.0
10.6	5.1	-9.1
-25.5	-77.7	-17.3

// Fraedrich EM, 2012: PMID 22524276-1
// Subjects=20
-54.0	-6.0	44.0
10.0	-98.0	-2.0
26.0	-92.0	2.0
44.0	-28.0	58.0
52.0	-18.0	48.0
42.0	-16.0	58.0
36.0	36.0	18.0
38.0	18.0	18.0
44.0	14.0	26.0
42.0	32.0	-2.0
30.0	32.0	-6.0
0.0	-92.0	-10.0
40.0	44.0	22.0
-58.0	-10.0	38.0
-50.0	-16.0	52.0
24.0	-30.0	-6.0
16.0	-38.0	14.0
-58.0	-12.0	-2.0
-24.0	-32.0	-6.0
-28.0	-22.0	66.0
58.0	-22.0	-2.0
-30.0	-24.0	8.0
32.0	-24.0	4.0
0.0	6.0	60.0
38.0	56.0	16.0
66.0	-42.0	16.0
-26.0	-48.0	-10.0
-40.0	-80.0	18.0
60.0	-30.0	26.0
22.0	-2.0	48.0
26.0	-44.0	-16.0
-24.0	-24.0	52.0
14.0	-46.0	46.0
-6.0	-30.0	56.0

// Chen HJ, 2012: PMID 22541365-1
// Subjects=20
-33.0	-63.0	-21.0
30.0	-93.0	-9.0
21.0	-93.0	6.0
42.0	-75.0	-15.0
-51.0	-45.0	0.0
-9.0	6.0	36.0
-27.0	-33.0	-9.0
9.0	-15.0	48.0
-15.0	6.0	-15.0
24.0	-96.0	12.0
-18.0	3.0	0.0
-12.0	-78.0	-15.0
-15.0	-93.0	0.0
-3.0	-84.0	39.0
6.0	-78.0	48.0
-12.0	45.0	36.0
18.0	54.0	39.0
6.0	-33.0	45.0
-15.0	-75.0	12.0
24.0	-45.0	66.0
-24.0	42.0	15.0
36.0	42.0	-12.0
33.0	-27.0	-9.0
30.0	-27.0	-12.0
27.0	24.0	39.0
27.0	-72.0	39.0
-33.0	-75.0	-9.0

// Bauer E, 2012: PMID 22563478-1
// Subjects=20
24.0	-22.0	-17.0
24.0	11.0	-8.0
24.0	-40.0	7.0
39.0	32.0	16.0
30.0	-19.0	1.0
30.0	-13.0	-5.0
39.0	38.0	1.0
-54.0	11.0	22.0
-18.0	-40.0	4.0
-27.0	-13.0	-11.0
-54.0	17.0	19.0
-9.0	23.0	-5.0
-3.0	44.0	16.0
21.0	26.0	7.0
-6.0	32.0	-2.0
-12.0	2.0	-5.0
48.0	17.0	31.0
-30.0	-4.0	-5.0
-27.0	-10.0	-5.0

// Gullick MM, 2012: PMID 22575794-1
// Subjects=20
39.0	-91.0	-5.0
9.0	50.0	-17.0
-24.0	-1.0	4.0
3.0	-46.0	43.0
-24.0	35.0	43.0
27.0	26.0	55.0
57.0	-7.0	-23.0
51.0	35.0	1.0
27.0	-19.0	-26.0
-36.0	-94.0	1.0
-42.0	29.0	4.0
-3.0	-49.0	16.0
-51.0	-13.0	-23.0
-30.0	-40.0	64.0
-15.0	-1.0	-2.0
24.0	-46.0	76.0
30.0	-70.0	34.0
-21.0	-10.0	-32.0
45.0	2.0	22.0
3.0	-91.0	-17.0
24.0	8.0	4.0
-3.0	-49.0	-14.0
-6.0	-40.0	-35.0
-18.0	-7.0	22.0
-21.0	2.0	-26.0
-21.0	2.0	-26.0
-48.0	-34.0	-20.0
-18.0	-13.0	-41.0
33.0	17.0	31.0
33.0	-40.0	-2.0
-63.0	-61.0	25.0
-36.0	14.0	-50.0
-39.0	-13.0	-44.0
72.0	-46.0	4.0
9.0	71.0	16.0
42.0	5.0	64.0
30.0	-43.0	4.0
-54.0	-22.0	-2.0
-12.0	-4.0	-8.0
18.0	59.0	43.0
0.0	14.0	49.0
-60.0	17.0	34.0
60.0	-46.0	19.0
39.0	2.0	-35.0
45.0	-19.0	-23.0
15.0	-13.0	-26.0
42.0	23.0	58.0
18.0	-16.0	22.0
30.0	20.0	1.0
-30.0	-64.0	67.0
-18.0	23.0	31.0
18.0	14.0	67.0
-48.0	-49.0	55.0
39.0	-55.0	-38.0
-30.0	-49.0	-2.0
-21.0	20.0	70.0
48.0	-34.0	31.0
-60.0	-58.0	-23.0
63.0	29.0	16.0
6.0	-85.0	52.0
9.0	-82.0	-20.0
48.0	2.0	34.0
-36.0	-40.0	25.0
18.0	-13.0	58.0
45.0	47.0	28.0
-30.0	-31.0	-11.0
63.0	11.0	22.0
45.0	-13.0	-32.0
42.0	53.0	-20.0
-6.0	-13.0	61.0
-27.0	-67.0	-5.0
60.0	-43.0	-26.0
-30.0	-52.0	28.0
24.0	8.0	-35.0
-57.0	-10.0	-23.0
9.0	68.0	-5.0
-54.0	-16.0	58.0
-24.0	26.0	-14.0
-21.0	-22.0	-26.0
-30.0	-94.0	37.0
-36.0	14.0	-50.0
-48.0	-79.0	25.0
-63.0	-64.0	22.0
6.0	50.0	34.0
72.0	-46.0	4.0
-45.0	-94.0	1.0
-36.0	-61.0	-8.0
9.0	-64.0	-20.0
45.0	8.0	61.0
-33.0	-52.0	-2.0
-39.0	29.0	52.0
18.0	-64.0	34.0
-42.0	-94.0	16.0
-27.0	47.0	46.0
45.0	29.0	-14.0
-15.0	-25.0	-11.0
27.0	-58.0	76.0
-24.0	-25.0	34.0
27.0	-76.0	61.0
45.0	-13.0	67.0
-60.0	17.0	34.0
-36.0	26.0	-38.0
48.0	8.0	-41.0
-39.0	-13.0	-44.0
12.0	-34.0	7.0
27.0	5.0	73.0
21.0	-4.0	25.0
48.0	5.0	-23.0
18.0	-49.0	-35.0
48.0	44.0	-23.0
-24.0	17.0	67.0
-27.0	-61.0	25.0
-30.0	-34.0	-11.0
-48.0	-7.0	31.0
-21.0	-1.0	-32.0
12.0	17.0	19.0
39.0	-76.0	34.0
6.0	38.0	46.0
-6.0	11.0	4.0
33.0	-52.0	10.0
-12.0	-37.0	10.0
-24.0	11.0	7.0
-66.0	-52.0	16.0
24.0	-37.0	61.0
-27.0	-97.0	4.0
63.0	-67.0	7.0
-21.0	5.0	67.0
-51.0	5.0	31.0
-60.0	-31.0	16.0
-54.0	35.0	25.0
36.0	20.0	37.0
-66.0	-4.0	31.0
54.0	35.0	28.0
6.0	11.0	10.0
45.0	44.0	-17.0
21.0	14.0	70.0
18.0	26.0	-23.0
-15.0	2.0	31.0
48.0	-67.0	46.0
-12.0	-10.0	-8.0
-42.0	11.0	-23.0
-48.0	2.0	-47.0
51.0	-22.0	-26.0
57.0	-7.0	1.0
24.0	-46.0	31.0
-60.0	-1.0	-14.0
57.0	32.0	19.0
45.0	20.0	4.0
-42.0	-1.0	25.0
15.0	23.0	-20.0
-3.0	8.0	-2.0
-33.0	-22.0	-35.0
-33.0	2.0	46.0
-33.0	-28.0	76.0
9.0	-37.0	-5.0
-24.0	29.0	-2.0
21.0	59.0	-5.0
-48.0	5.0	-2.0
-45.0	56.0	-2.0
3.0	-40.0	79.0
-24.0	-25.0	-5.0
33.0	17.0	31.0
-9.0	65.0	-20.0
33.0	20.0	64.0
-48.0	-40.0	4.0

// Rabin JS, 2012: PMID 22584225-1
// Subjects=20
31.2	29.8	33.2
9.4	60.4	-9.2
5.7	18.0	47.9
-37.0	4.7	45.0
-32.9	25.5	38.8
26.9	38.6	37.0
31.0	-25.4	-20.1
-24.1	-11.8	50.7
-28.9	-21.2	-15.3
-15.9	-45.8	-4.5
-24.5	-46.5	-13.3
22.6	-41.3	-5.3
10.1	-59.8	32.1
-28.8	-38.1	-13.9
-2.7	-50.8	40.4
-7.0	-50.8	40.4
43.6	-66.5	-57.0
26.7	-74.0	-42.8
44.1	-5.0	22.6
47.7	19.5	-46.4
-50.2	-21.0	-10.7
69.6	-32.6	-6.6
69.4	5.1	-14.2
-6.9	-80.4	42.9
-2.8	-43.0	30.8
9.5	-53.3	-48.8
9.4	-53.6	-53.2
13.7	61.1	-0.4
-7.6	35.0	-6.9
-32.8	25.9	43.2
31.2	38.6	36.9
-11.3	-55.7	32.0
-36.9	-64.0	37.4
-41.1	-67.9	42.2
-41.5	11.8	26.6
-63.1	-17.2	-15.3
9.4	-54.0	-57.6
56.6	23.3	2.2
-50.1	14.9	13.1
-50.2	18.8	8.3
-28.5	-78.7	11.8
35.4	-32.5	-1.8
-63.1	-9.0	-20.4
40.0	-86.1	20.5
-37.0	-87.2	12.6
-11.5	25.3	34.1
56.5	48.7	0.1
48.4	-70.5	1.3
-20.3	31.3	2.5
60.7	-0.5	-31.5
52.7	-74.0	10.5
-41.7	-3.7	-7.7
26.6	-74.7	-51.6
14.4	-51.0	35.7
18.6	-56.2	22.7
22.3	69.7	-1.2
9.7	50.5	27.3
9.8	42.7	36.8
-41.2	5.4	53.9
-7.1	9.8	53.2
52.4	28.6	15.2
39.7	24.9	24.6
-58.7	19.1	12.8
39.3	15.9	-37.1
57.1	-63.8	31.8
44.1	13.0	34.5
-37.2	-10.7	10.6
-54.2	16.6	35.3
-32.9	-14.2	19.8
-63.1	17.4	-9.3
48.1	24.0	11.2
-37.1	8.3	35.8
40.0	-59.3	36.1
44.2	-61.0	13.9
61.2	-57.0	8.9
-59.0	2.6	-34.8
18.2	-11.8	-7.8
-11.7	-28.9	-6.0
-2.8	-12.0	46.0
-50.5	11.2	-35.6
-24.2	-73.7	20.2
13.7	56.6	-4.5
31.3	25.9	38.0
26.9	38.6	37.0
-28.5	17.4	43.9
1.4	26.4	47.2
27.2	-90.0	25.5
-37.0	-92.1	4.1
-33.4	11.6	-31.4
-11.5	39.0	46.3
48.4	4.2	30.7
31.6	-36.2	61.1
43.8	-16.9	-21.0
-37.5	-18.0	-28.9
31.0	-25.4	-20.1
-24.6	-29.6	-14.7
10.1	-59.8	32.1
39.8	-75.1	-2.7
-7.0	-50.8	40.4
-58.6	-32.7	3.8
-50.0	-45.7	0.3
-50.1	-55.2	-12.2
52.5	-19.3	1.4
52.0	15.0	-50.5
61.0	-32.3	-2.1
-50.2	-21.0	-10.7
61.4	-64.1	27.4
-37.6	11.6	-31.4
61.4	-64.1	27.4
-49.8	-69.3	24.6
-33.1	-46.9	-17.6
44.1	-5.0	22.6
44.0	-71.5	-12.0
9.8	-19.2	6.4
9.4	-58.6	-61.7
-49.8	-73.6	25.0
18.3	-67.8	-16.4
-33.0	-81.8	-28.1
-3.3	53.3	9.3
48.5	-59.9	27.2
26.8	37.2	19.3
-11.3	-55.7	32.0
-2.8	-56.4	23.0
-16.1	-43.6	-31.4
56.5	-8.7	-26.3
-11.9	61.0	-0.1
-58.8	-13.2	-20.1
-58.8	-21.4	-15.0
-41.1	-72.1	42.6
35.1	12.7	-23.4
5.1	-53.7	-53.2
13.9	-90.7	-36.8
-41.3	-61.5	14.9
1.2	-90.1	-27.8
-54.5	18.4	3.9
39.5	-77.8	-38.1
-58.5	-71.4	-1.9
44.3	-37.8	38.7
-11.4	-96.2	4.1
-11.3	-95.8	8.6
-54.1	4.6	45.2
-50.2	18.8	8.3

// Balsters JH, 2013: PMID 22617850-1
// Subjects=20
-46.0	28.0	14.0
52.0	-70.0	22.0
10.0	-84.0	-38.0
-26.0	-26.0	-12.0
-8.0	20.0	42.0
-16.0	-92.0	-6.0
-46.0	-60.0	-18.0
-4.0	-32.0	26.0
20.0	-98.0	10.0
30.0	-60.0	-34.0
-52.0	0.0	36.0
-38.0	-56.0	40.0
-14.0	-88.0	-12.0
-46.0	22.0	20.0
-2.0	-32.0	32.0
-46.0	26.0	14.0
-24.0	-26.0	-10.0
54.0	-66.0	16.0
26.0	-78.0	-50.0
10.0	2.0	0.0
-12.0	2.0	12.0
-18.0	-82.0	-16.0
8.0	-68.0	42.0
30.0	-60.0	32.0
-6.0	4.0	42.0
16.0	-76.0	-27.0
-36.0	-50.0	42.0
32.0	-64.0	-31.0
-46.0	-68.0	-31.0
12.0	-78.0	-23.0
28.0	-84.0	-55.0
44.0	-42.0	-33.0
8.0	-80.0	-25.0
44.0	-66.0	-33.0
34.0	-66.0	-29.0
-38.0	-4.0	12.0
-42.0	-6.0	34.0
24.0	38.0	-14.0
28.0	-78.0	-53.0
42.0	-10.0	40.0
-58.0	-24.0	40.0
-24.0	40.0	-10.0
36.0	28.0	-6.0
-44.0	-6.0	34.0
-20.0	-70.0	-2.0
34.0	-74.0	-25.0
58.0	-26.0	42.0
-38.0	-4.0	12.0
56.0	8.0	12.0
-32.0	-82.0	-25.0
-56.0	-30.0	38.0

// Gonen T, 2012: PMID 22623666-1
// Subjects=20
44.0	9.0	-21.0
-28.0	-34.0	-12.0
13.0	-6.0	30.0
6.0	-63.0	30.0
0.0	25.0	9.0
-16.0	-19.0	9.0
47.0	3.0	-42.0
25.0	-3.0	-27.0
41.0	-19.0	24.0
0.0	-13.0	-21.0
-47.0	-16.0	-6.0
-28.0	-53.0	-12.0
-6.0	-6.0	-9.0
-16.0	16.0	-3.0
-6.0	-41.0	-18.0
6.0	-19.0	-27.0
-34.0	-3.0	-3.0
41.0	-3.0	9.0
9.0	-78.0	0.0
-31.0	-16.0	-3.0
13.0	-31.0	-21.0
63.0	-22.0	30.0
59.0	9.0	18.0
-9.0	47.0	-3.0
3.0	26.0	-4.0
-50.0	6.0	-15.0
-53.0	-53.0	48.0
6.0	-6.0	-12.0
28.0	-66.0	-30.0
-13.0	22.0	6.0
9.0	-59.0	54.0
-63.0	-13.0	36.0
13.0	-97.0	-3.0
-47.0	19.0	24.0
-16.0	-91.0	-15.0
-22.0	-34.0	-6.0
22.0	56.0	15.0
9.0	16.0	-3.0
13.0	19.0	45.0
-19.0	-56.0	39.0
74.0	-13.0	51.0
41.0	22.0	27.0
-22.0	0.0	21.0
-34.0	22.0	36.0
19.0	38.0	-9.0
41.0	-81.0	0.0
38.0	-63.0	-15.0
19.0	38.0	-9.0
16.0	19.0	6.0
28.0	-63.0	57.0
6.0	-34.0	24.0
38.0	-28.0	-15.0
19.0	64.0	3.0
-3.0	13.0	27.0
-9.0	-72.0	-51.0
-3.0	-34.0	24.0
-13.0	16.0	48.0
13.0	16.0	12.0
31.0	16.0	57.0
19.0	-66.0	24.0

// Reetz K, 2012: PMID 22659444-1
// Subjects=20
-14.0	-24.0	11.0
2.0	0.0	56.0
-8.0	-60.0	-46.0
2.0	-60.0	-18.0
-38.0	-32.0	48.0
2.0	-8.0	58.0
-54.0	2.0	26.0
-40.0	-52.0	-30.0
40.0	-32.0	46.0
30.0	12.0	8.0
-52.0	-26.0	14.0
36.0	-48.0	48.0
-10.0	-70.0	-38.0
4.0	0.0	56.0
-12.0	-20.0	6.0
44.0	-50.0	-18.0
-42.0	26.0	0.0
-36.0	-54.0	40.0
-38.0	8.0	12.0
-12.0	-20.0	6.0
32.0	-28.0	52.0
40.0	-12.0	6.0
14.0	-60.0	-22.0
44.0	-52.0	-20.0
-36.0	-54.0	-26.0
6.0	-60.0	-26.0
-38.0	-24.0	48.0
40.0	-32.0	42.0
-6.0	-16.0	46.0
28.0	-14.0	50.0
-10.0	-72.0	-44.0
-36.0	24.0	-2.0
33.0	-52.0	-2.0
14.0	-14.0	6.0
0.0	-60.0	-16.0
-30.0	-32.0	58.0
-22.0	50.0	24.0
3.0	-28.0	56.0
-28.0	-39.0	-3.0
14.0	-60.0	-22.0
12.0	34.0	10.0
-36.0	-46.0	46.0
12.0	-18.0	6.0
4.0	-22.0	-8.0
33.0	-52.0	-2.0
3.0	-28.0	56.0
3.0	-60.0	64.0
-15.0	33.0	48.0
3.0	-60.0	64.0
3.0	-56.0	3.0
0.0	-69.0	-38.0
-16.0	28.0	48.0
32.0	-28.0	52.0
-30.0	-32.0	58.0
-22.0	48.0	24.0
69.0	-6.0	-22.0
-28.0	-39.0	-3.0
-12.0	34.0	10.0
40.0	-12.0	6.0
26.0	42.0	39.0
-6.0	-75.0	-40.0
46.0	-75.0	26.0
-6.0	-58.0	-48.0
-8.0	-58.0	-48.0
69.0	-6.0	-22.0
-10.0	-67.0	-39.0
-3.0	-58.0	-12.0
46.0	-75.0	26.0
26.0	42.0	39.0
57.0	-45.0	-52.0
-16.0	28.0	51.0
1.0	-56.0	-21.0
-46.0	-30.0	44.0
45.0	-30.0	39.0
0.0	-14.0	50.0
4.0	-22.0	-9.0
14.0	-62.0	-33.0
2.0	-50.0	10.0
39.0	-57.0	-27.0
-38.0	-56.0	-34.0
-10.0	-75.0	-42.0
16.0	-52.0	-28.0
44.0	-32.0	40.0
-28.0	-66.0	-50.0
32.0	-24.0	48.0
8.0	-48.0	-18.0
-36.0	-24.0	53.0
0.0	-16.0	50.0

// Leavitt VM, 2014: PMID 22706694-1
// Subjects=20
-56.0	-18.0	16.0
-34.0	-6.0	-10.0
32.0	8.0	-14.0
30.0	-22.0	-10.0
-30.0	-24.0	-10.0
42.0	-10.0	-20.0
-8.0	50.0	38.0
-48.0	28.0	22.0
-40.0	4.0	-10.0
4.0	-86.0	-26.0
-62.0	-12.0	26.0
10.0	-6.0	-8.0
38.0	-70.0	-42.0
52.0	-2.0	4.0
40.0	2.0	14.0

// Chaminade T, 2012: PMID 22715326-1
// Subjects=20
-24.0	-4.0	61.0
-45.0	-13.0	16.0
9.0	-88.0	34.0
-6.0	47.0	-2.0
-30.0	-28.0	-11.0
-27.0	-64.0	55.0
24.0	-61.0	52.0
9.0	44.0	49.0
-42.0	-70.0	-8.0
48.0	-64.0	-8.0
-30.0	-82.0	-17.0
-27.0	-19.0	73.0
33.0	-7.0	61.0
-39.0	-40.0	67.0
42.0	14.0	19.0
-36.0	-43.0	58.0
-54.0	8.0	22.0
-18.0	-67.0	52.0
27.0	-58.0	55.0
-6.0	-19.0	52.0
-57.0	-25.0	40.0
54.0	-19.0	31.0
57.0	8.0	25.0
-24.0	-1.0	1.0
51.0	-58.0	-8.0
-30.0	-91.0	-5.0
33.0	-94.0	-5.0
-48.0	-73.0	-5.0
24.0	-49.0	-26.0
-15.0	-70.0	-50.0
21.0	-58.0	-47.0
39.0	-43.0	55.0
-45.0	29.0	28.0
60.0	-43.0	7.0
-30.0	-7.0	64.0
36.0	41.0	28.0
30.0	-4.0	64.0
-27.0	-67.0	-50.0
15.0	-67.0	55.0
-9.0	2.0	49.0
-36.0	-43.0	40.0
30.0	-49.0	40.0
-33.0	20.0	4.0
33.0	20.0	1.0
42.0	8.0	25.0
12.0	-13.0	4.0
-27.0	-73.0	28.0
33.0	-70.0	25.0
-48.0	-64.0	-8.0
48.0	-64.0	-8.0
33.0	-73.0	-20.0
-42.0	2.0	31.0
-9.0	-4.0	1.0
18.0	-73.0	-47.0
-27.0	-67.0	-23.0
54.0	-67.0	40.0
-45.0	-70.0	31.0
-12.0	50.0	34.0
9.0	53.0	34.0
-3.0	-58.0	28.0
-6.0	-94.0	22.0
-45.0	26.0	-17.0
-36.0	-16.0	16.0
48.0	-10.0	10.0
-57.0	-1.0	-23.0
-3.0	44.0	-14.0
0.0	17.0	-17.0
-9.0	-70.0	55.0
60.0	-7.0	-11.0
-21.0	-13.0	-17.0
24.0	-7.0	-26.0
27.0	-85.0	-38.0
-9.0	53.0	1.0

// Amiez C, 2012: PMID 22732558-1
// Subjects=20
42.9	39.9	25.5
41.8	40.1	27.8
48.0	57.3	1.7
16.0	11.8	-5.2
24.3	46.6	-23.9
24.3	48.9	-21.8
31.8	64.4	-15.4
22.1	63.8	-21.9
33.0	24.3	-10.9
3.8	-22.0	68.0
3.4	39.5	37.2
-31.0	-65.0	-31.7
-21.7	48.5	-23.5
71.7	-28.4	-8.1
46.5	-38.9	52.2
44.4	-43.4	48.1
13.5	-61.8	61.2
12.4	-72.1	52.0
-45.8	38.0	35.7
-43.6	39.9	33.2
-21.7	48.6	-22.4
-39.0	-42.3	43.4
66.3	-24.5	-11.7
33.0	22.1	-11.9
-31.2	60.2	-8.8
-31.1	26.4	-5.9
-16.0	7.6	-2.3
-10.7	9.6	-4.7
-36.8	-41.6	51.1
-30.1	62.3	-8.9
4.6	-25.9	31.5
2.5	-25.9	30.4
45.8	55.2	1.9
-7.6	-70.9	-54.9
10.7	39.1	17.1
9.7	39.0	16.0
4.5	38.5	38.4
-34.3	24.4	-3.5
16.1	10.2	1.6
67.4	2.1	1.7
-31.1	26.4	-5.9
43.7	53.0	2.1
-24.6	-23.4	-16.3
3.4	38.4	37.3
9.7	39.1	17.1
-43.9	-70.4	-44.5
16.1	10.4	3.8
-13.9	11.8	-2.7
24.3	48.9	-21.8
45.1	-18.2	17.0
-35.3	-72.5	-45.5
-5.0	-55.8	16.3
-41.2	-58.0	32.5
-63.2	-0.8	-24.5
-39.8	33.6	-20.9
-2.4	39.9	-26.3
-9.7	70.9	18.0
-31.0	-62.9	-31.9
35.0	64.5	-14.3
33.0	22.2	-10.8
43.9	39.9	25.5
-6.6	-66.7	-55.3
-43.2	-45.2	60.4
-7.6	-66.4	-51.9
-39.6	-72.6	-46.6
7.2	41.2	-23.2
69.6	-8.9	10.4
59.0	-28.3	8.8
44.0	-25.6	4.3
9.0	-12.7	50.4
4.7	-56.5	20.7
66.3	-22.6	-14.1
-31.2	58.2	-6.4
-22.7	48.6	-21.3
-45.8	38.0	35.7
10.3	-70.8	55.3
46.5	-41.1	50.1
1.4	-25.9	31.5
-31.0	-64.0	-31.8

// Kenna H, 2013: PMID 22770543-1
// Subjects=20
69.0	-34.0	-12.0
-7.0	-50.0	38.0
-45.0	-65.0	36.0
46.0	-66.0	36.0
69.0	-24.0	-12.0
69.0	-24.0	-11.0
63.0	-14.0	-16.0
-62.0	-23.0	-17.0
18.0	53.0	3.0
-18.0	-33.0	-6.0
50.0	-64.0	31.0
-56.0	0.0	-24.0
-45.0	-65.0	36.0
8.0	44.0	-7.0
-7.0	-50.0	38.0
0.0	44.0	-6.0
-24.0	-13.0	-14.0
6.0	46.0	-9.0
28.0	-18.0	-14.0
-66.0	-38.0	-11.0
-2.0	44.0	-7.0
11.0	68.0	-5.0
18.0	53.0	3.0
63.0	-14.0	-16.0
27.0	-11.0	-13.0
-29.0	-17.0	-13.0
34.0	-16.0	-13.0
14.0	12.0	1.0
-56.0	0.0	-24.0
-5.0	1.0	-6.0
-58.0	-13.0	-17.0
-9.0	7.0	2.0
-60.0	-45.0	3.0
-66.0	-17.0	-3.0
-16.0	-22.0	13.0
58.0	-18.0	-12.0
-45.0	-58.0	-10.0
-17.0	-39.0	3.0
-62.0	-19.0	-17.0
14.0	59.0	-8.0
16.0	52.0	-1.0
1.0	70.0	-8.0
4.0	61.0	-6.0
-19.0	-32.0	-1.0
11.0	55.0	-6.0

// Zhang H, 2013: PMID 22786703-1
// Subjects=20
-33.0	-54.0	45.0
-33.0	-77.0	-8.0
-38.0	3.0	30.0
37.0	-77.0	2.0
-30.0	-80.0	20.0
-36.0	-87.0	5.0
-38.0	-70.0	-15.0
44.0	-37.0	28.0
37.0	-44.0	-18.0
42.0	-64.0	-12.0
30.0	-64.0	32.0
-40.0	3.0	30.0
-28.0	-44.0	-8.0
40.0	8.0	30.0
54.0	36.0	15.0
42.0	28.0	18.0
-33.0	-54.0	45.0
-28.0	-64.0	40.0
-6.0	-74.0	50.0
32.0	-60.0	48.0
-40.0	-10.0	42.0
14.0	8.0	22.0
14.0	-57.0	22.0
32.0	-64.0	32.0
-43.0	3.0	35.0
37.0	-57.0	52.0
7.0	-62.0	45.0
40.0	-70.0	35.0
22.0	-57.0	22.0
-8.0	16.0	52.0
40.0	-70.0	25.0
-36.0	-77.0	32.0
37.0	-40.0	5.0
-38.0	10.0	28.0
30.0	-60.0	48.0
10.0	40.0	42.0
-30.0	20.0	40.0
-50.0	-27.0	-10.0
-36.0	-40.0	20.0
-58.0	-57.0	10.0
20.0	-14.0	52.0
-40.0	-54.0	8.0
-43.0	-24.0	2.0
14.0	50.0	40.0
32.0	-32.0	52.0
2.0	48.0	42.0
-6.0	26.0	42.0
14.0	33.0	48.0
37.0	-20.0	58.0
2.0	50.0	35.0
27.0	-20.0	45.0
22.0	30.0	45.0
22.0	26.0	52.0
-36.0	-44.0	20.0
40.0	20.0	50.0
-23.0	-37.0	-5.0
-23.0	-42.0	5.0
12.0	48.0	38.0
-20.0	33.0	40.0
-36.0	28.0	40.0
37.0	28.0	48.0
-23.0	-34.0	-5.0
-20.0	10.0	38.0
-40.0	13.0	40.0
-38.0	-24.0	28.0
-23.0	-42.0	-2.0
14.0	-27.0	52.0
-28.0	20.0	38.0
-6.0	26.0	42.0

// Gotts SJ, 2012: PMID 22791801-1
// Subjects=20
4.0	28.4	-24.3
-23.6	-5.6	-21.2
-32.1	-20.1	-15.4
23.2	-0.7	-44.4
-23.8	3.1	-46.4
-48.8	-60.5	14.9
57.6	14.7	-12.7
-44.8	20.6	17.0
-42.8	33.9	-4.2
-42.8	16.6	-7.2
57.6	-5.2	-22.1
-61.9	-39.0	-9.0
10.6	67.1	8.0
-1.6	3.5	67.0
-47.0	-48.2	-19.6
53.7	-75.9	-0.6
-23.5	46.4	19.1
-7.9	-83.6	43.2
17.8	-60.7	61.0
-36.5	-65.6	-51.7
-1.7	-96.2	17.4
-46.4	-26.9	63.4
24.2	-21.4	73.3
7.0	-2.8	67.5
60.1	-45.5	5.8
26.2	-75.6	33.2
-55.6	9.8	-10.9

// Braskie MN, 2013: PMID 22806961-1
// Subjects=20
-12.0	-50.0	-12.0
26.0	-4.0	8.0
-54.0	-10.0	44.0
-10.0	22.0	48.0
-6.0	6.0	56.0
-6.0	14.0	48.0
-50.0	24.0	22.0
-44.0	28.0	2.0
-44.0	-32.0	10.0
-42.0	32.0	-6.0
-50.0	-20.0	50.0
-36.0	-60.0	52.0
-34.0	-66.0	40.0
40.0	-34.0	52.0
-62.0	-8.0	0.0
56.0	-4.0	40.0
-64.0	-16.0	-4.0
42.0	-36.0	52.0
-8.0	-78.0	40.0
-58.0	-24.0	6.0
-58.0	12.0	26.0
-8.0	26.0	28.0
-52.0	30.0	8.0
48.0	-18.0	64.0
42.0	-38.0	64.0
-16.0	-78.0	40.0
-4.0	-76.0	34.0
32.0	18.0	0.0
-64.0	-32.0	6.0
60.0	-22.0	10.0
66.0	-28.0	8.0
-52.0	-32.0	-2.0
6.0	6.0	56.0
-4.0	-76.0	22.0
-4.0	10.0	48.0
-12.0	-4.0	14.0
-44.0	76.0	4.0
16.0	-22.0	16.0
40.0	-54.0	18.0
-22.0	-24.0	-16.0
-8.0	-56.0	50.0
60.0	-30.0	22.0
10.0	-28.0	-12.0
24.0	-26.0	0.0
50.0	20.0	0.0
28.0	-44.0	-16.0
54.0	18.0	-8.0
-26.0	-70.0	-6.0
-48.0	-78.0	0.0
16.0	-72.0	-4.0
18.0	-50.0	-4.0
44.0	20.0	-6.0
22.0	-52.0	-6.0
66.0	-38.0	20.0
46.0	-60.0	50.0
-44.0	-28.0	20.0
50.0	16.0	0.0
-16.0	-26.0	-4.0
-12.0	-54.0	-6.0
48.0	34.0	14.0
36.0	44.0	14.0
2.0	-8.0	46.0
10.0	0.0	66.0
52.0	-48.0	2.0
52.0	32.0	30.0
-64.0	-8.0	-4.0
32.0	-62.0	-28.0
58.0	-22.0	8.0
62.0	-32.0	6.0
-38.0	-28.0	12.0
2.0	-14.0	38.0
54.0	-18.0	6.0

// Schwabe L, 2012: PMID 22875937-1
// Subjects=20
-32.0	24.0	-6.0
16.0	-34.0	-8.0
22.0	-36.0	0.0
-14.0	8.0	-6.0
16.0	14.0	-4.0
30.0	24.0	-8.0
8.0	10.0	2.0
-22.0	-32.0	-6.0
-14.0	-34.0	-10.0
-30.0	-16.0	2.0
-8.0	10.0	-2.0
-4.0	28.0	36.0
16.0	12.0	18.0
22.0	14.0	-10.0
22.0	-34.0	4.0
30.0	22.0	-4.0
-30.0	22.0	-4.0
-20.0	-38.0	2.0
-10.0	14.0	0.0
6.0	20.0	44.0
-14.0	8.0	-6.0
-30.0	22.0	-2.0
-14.0	8.0	-6.0
8.0	14.0	0.0
-16.0	-32.0	-10.0
-32.0	26.0	-4.0
34.0	24.0	-6.0
-2.0	26.0	34.0
8.0	18.0	46.0
34.0	18.0	-2.0
-10.0	14.0	0.0
22.0	-34.0	2.0
-5.0	25.0	38.0
8.0	10.0	2.0
30.0	24.0	-8.0
-30.0	26.0	-6.0
16.0	14.0	-4.0
8.0	-66.0	44.0
34.0	-60.0	50.0
14.0	10.0	-6.0
-46.0	22.0	24.0
4.0	22.0	44.0
-20.0	-34.0	-6.0
52.0	22.0	32.0

// Fairhurst MT, 2013: PMID 22892422-1
// Subjects=20
-12.0	-58.0	18.0
6.0	-58.0	20.0
-14.0	-94.0	24.0
2.0	28.0	46.0
46.0	6.0	44.0
2.0	44.0	38.0
-2.0	28.0	44.0
-26.0	-24.0	-18.0
48.0	14.0	8.0
6.0	28.0	-10.0
-6.0	-58.0	34.0
0.0	-4.0	46.0
10.0	54.0	-6.0
-40.0	-24.0	52.0
40.0	-24.0	52.0
34.0	-26.0	-16.0
-14.0	-92.0	26.0
-34.0	-34.0	-12.0
-2.0	-56.0	62.0
36.0	22.0	-4.0
-2.0	-54.0	22.0
-62.0	-48.0	36.0
-30.0	26.0	-4.0
10.0	-12.0	6.0
8.0	-12.0	6.0
50.0	14.0	2.0
38.0	22.0	-2.0
54.0	-42.0	28.0
4.0	16.0	52.0
-30.0	26.0	-6.0
36.0	-28.0	56.0
56.0	38.0	8.0
56.0	20.0	-4.0
-36.0	26.0	-6.0
4.0	16.0	56.0
2.0	-6.0	46.0
-4.0	42.0	-16.0
48.0	-76.0	6.0
-28.0	-30.0	-16.0
34.0	-26.0	-18.0
-38.0	-30.0	54.0
-62.0	-48.0	36.0
54.0	-44.0	28.0
4.0	20.0	52.0

// Fan J, 2012: PMID 22895703-1
// Subjects=20
54.0	-40.0	40.0
-2.0	26.0	22.0
-32.0	24.0	12.0
-10.0	24.0	22.0
-38.0	-48.0	-32.0
-6.0	6.0	46.0
6.0	6.0	44.0
40.0	42.0	24.0
20.0	-58.0	-20.0
-2.0	-58.0	-18.0
8.0	2.0	68.0
0.0	12.0	34.0
-28.0	-58.0	-50.0
6.0	-80.0	8.0
-32.0	40.0	22.0
34.0	20.0	22.0
30.0	20.0	6.0
20.0	20.0	4.0
-12.0	-52.0	50.0
4.0	-64.0	50.0
56.0	-50.0	4.0
-28.0	-64.0	-26.0
38.0	-68.0	26.0
12.0	-36.0	-50.0
-20.0	2.0	24.0
-16.0	-74.0	10.0
-40.0	50.0	28.0
0.0	50.0	-2.0
-62.0	-34.0	0.0
34.0	-28.0	68.0
8.0	-56.0	28.0
-2.0	-58.0	20.0
-6.0	-54.0	14.0
2.0	28.0	-18.0
-2.0	52.0	-12.0
-4.0	34.0	-8.0
46.0	-68.0	6.0
46.0	-68.0	-6.0
-60.0	-46.0	20.0
4.0	-26.0	64.0
-50.0	-54.0	22.0
34.0	-40.0	54.0
48.0	-54.0	24.0
4.0	-46.0	26.0
-4.0	-62.0	34.0
8.0	-58.0	28.0
10.0	46.0	40.0
-4.0	44.0	44.0
22.0	26.0	52.0
-2.0	34.0	56.0
0.0	54.0	32.0
4.0	30.0	-8.0
-20.0	26.0	48.0
-36.0	-58.0	38.0
-16.0	22.0	56.0
50.0	-60.0	38.0
-10.0	-46.0	32.0
8.0	52.0	14.0
-56.0	0.0	38.0
10.0	4.0	14.0
46.0	22.0	50.0
-30.0	-24.0	-12.0
48.0	-60.0	32.0
34.0	-76.0	52.0
-48.0	-64.0	28.0
-36.0	-64.0	30.0
64.0	-4.0	-16.0
56.0	10.0	-28.0
66.0	-12.0	-28.0
-58.0	-26.0	-8.0
-2.0	68.0	-8.0
-22.0	-6.0	68.0
-50.0	20.0	-24.0
-46.0	14.0	-36.0
-64.0	-48.0	-20.0
24.0	-84.0	-36.0
40.0	-54.0	-40.0
8.0	-46.0	-44.0
-38.0	-70.0	-36.0
46.0	2.0	16.0
-8.0	4.0	46.0
-52.0	8.0	-4.0
-6.0	-4.0	56.0
-56.0	10.0	10.0
40.0	-18.0	56.0
-28.0	28.0	-22.0
-12.0	8.0	14.0
-28.0	-40.0	-34.0
24.0	-58.0	6.0
44.0	-36.0	54.0
40.0	-40.0	62.0
38.0	12.0	0.0
-44.0	-2.0	-4.0
-6.0	-88.0	22.0
-40.0	2.0	16.0
-48.0	-54.0	-2.0
-40.0	-10.0	42.0
26.0	-72.0	22.0
24.0	-4.0	66.0
30.0	-56.0	-54.0
-24.0	-62.0	-54.0
-20.0	-76.0	26.0
40.0	-6.0	58.0
-20.0	-90.0	14.0
-18.0	-64.0	-4.0
32.0	12.0	8.0
16.0	-60.0	2.0
-58.0	-28.0	50.0
60.0	-30.0	30.0
26.0	-84.0	18.0
-22.0	-56.0	50.0
34.0	-78.0	-12.0
20.0	38.0	-16.0
24.0	-78.0	-4.0
-34.0	28.0	0.0
50.0	2.0	26.0
12.0	-26.0	12.0
-6.0	-28.0	72.0
12.0	-46.0	36.0
-34.0	8.0	50.0
48.0	-70.0	6.0
30.0	6.0	-40.0
-14.0	-50.0	-54.0
-36.0	-8.0	-42.0
14.0	5.0	47.0
18.0	2.0	-20.0
14.0	-36.0	56.0
-20.0	8.0	-26.0
-28.0	12.0	-28.0
26.0	-64.0	-22.0
6.0	-74.0	-36.0
-36.0	-80.0	-4.0
-58.0	-32.0	38.0
-22.0	38.0	-14.0
-28.0	-4.0	-34.0
-12.0	20.0	-18.0
42.0	-10.0	-36.0
34.0	-90.0	-10.0
-22.0	10.0	-36.0
50.0	44.0	-12.0
14.0	-80.0	48.0
-58.0	-22.0	2.0
-42.0	-66.0	10.0
-50.0	-54.0	-4.0
-24.0	-66.0	0.0
-34.0	-32.0	-6.0
52.0	-46.0	-28.0
-14.0	-44.0	-10.0
-18.0	-32.0	0.0
-52.0	18.0	4.0
-40.0	-60.0	2.0
-46.0	34.0	36.0
30.0	12.0	-6.0
30.0	12.0	-18.0
-34.0	-36.0	32.0
-16.0	-6.0	-30.0
-14.0	-14.0	-12.0
42.0	-24.0	-2.0
-54.0	16.0	18.0
16.0	-40.0	-12.0
-52.0	-38.0	-20.0
50.0	24.0	20.0
-12.0	-20.0	80.0
6.0	-52.0	42.0
-34.0	56.0	-8.0
36.0	-40.0	-20.0
64.0	0.0	30.0
14.0	-8.0	76.0
-12.0	58.0	38.0
-42.0	-72.0	-50.0
-10.0	-44.0	44.0
-50.0	6.0	20.0
2.0	-40.0	20.0
12.0	-56.0	-20.0
-22.0	-84.0	-32.0
-22.0	32.0	-14.0
-52.0	-8.0	-2.0
-12.0	-40.0	60.0
32.0	30.0	-2.0
26.0	-48.0	56.0
-8.0	-2.0	52.0
-18.0	-64.0	58.0
-16.0	-16.0	-30.0
8.0	56.0	46.0
6.0	38.0	60.0
8.0	-28.0	28.0
38.0	24.0	-14.0
4.0	38.0	18.0
2.0	40.0	26.0
-42.0	-64.0	46.0
0.0	-34.0	40.0
-8.0	-62.0	-2.0
24.0	-64.0	56.0
42.0	-62.0	36.0
-4.0	-58.0	36.0
50.0	-56.0	20.0
-18.0	40.0	38.0
16.0	2.0	12.0
-16.0	42.0	30.0
-52.0	-36.0	-4.0
22.0	24.0	48.0
8.0	50.0	-2.0
4.0	38.0	0.0
66.0	-10.0	-14.0
-6.0	-40.0	40.0
66.0	-28.0	14.0
-52.0	-58.0	22.0
-10.0	-28.0	-30.0
22.0	-68.0	-12.0
-24.0	-36.0	58.0
6.0	-78.0	26.0
18.0	-50.0	2.0
16.0	-66.0	18.0
-6.0	-90.0	28.0
-26.0	-80.0	30.0
-2.0	-86.0	10.0
-10.0	-20.0	6.0
2.0	10.0	58.0
-6.0	0.0	38.0
6.0	10.0	42.0
4.0	-30.0	56.0
-20.0	-60.0	54.0
-26.0	-56.0	-18.0
-48.0	2.0	34.0
20.0	-58.0	54.0
32.0	-42.0	64.0
60.0	-18.0	26.0
62.0	-12.0	4.0
48.0	6.0	24.0
40.0	46.0	28.0
-18.0	-30.0	72.0
-58.0	-26.0	50.0
-24.0	4.0	-12.0
-36.0	-8.0	-6.0
-52.0	16.0	-10.0
-4.0	-74.0	-36.0
-50.0	-66.0	-8.0
18.0	-62.0	50.0

// Holland AC, 2013: PMID 22905826-1
// Subjects=20
32.0	20.0	16.0
26.0	-73.0	7.0
-28.0	-45.0	28.0
18.0	52.0	32.0
6.0	61.0	14.0
-24.0	50.0	-11.0
34.0	60.0	-10.0
-30.0	33.0	-8.0
-26.0	27.0	-6.0
-32.0	23.0	-15.0
-12.0	46.0	31.0
-24.0	-33.0	40.0
4.0	6.0	-5.0
22.0	7.0	27.0
8.0	35.0	-7.0
22.0	-7.0	22.0
-28.0	9.0	16.0
-24.0	22.0	15.0
-16.0	-41.0	-3.0
-28.0	-22.0	-11.0
-30.0	-36.0	-12.0
-20.0	-54.0	14.0
38.0	-74.0	-8.0
16.0	-59.0	-7.0
42.0	34.0	-12.0
32.0	11.0	-11.0
51.0	27.0	4.0
-24.0	25.0	25.0
-2.0	16.0	47.0
55.0	-6.0	-13.0
-8.0	42.0	18.0
26.0	-33.0	-8.0
-50.0	-67.0	27.0
-48.0	-25.0	0.0
18.0	-45.0	1.0
22.0	-39.0	-3.0
-22.0	-37.0	-7.0
4.0	52.0	29.0
32.0	-16.0	-14.0
-46.0	10.0	7.0
65.0	-41.0	0.0
-8.0	61.0	19.0
-46.0	0.0	39.0
6.0	53.0	10.0
-6.0	52.0	-13.0
50.0	26.0	15.0
42.0	-51.0	-8.0
61.0	-48.0	10.0
28.0	-61.0	53.0
28.0	-52.0	49.0
14.0	-65.0	20.0
10.0	-71.0	22.0
36.0	-80.0	-6.0
-26.0	-73.0	20.0
-30.0	-4.0	-12.0
-32.0	-70.0	31.0
32.0	-68.0	29.0
-6.0	-71.0	13.0
-12.0	-83.0	13.0
-6.0	46.0	34.0
-20.0	-20.0	27.0
10.0	-73.0	17.0
46.0	-35.0	4.0
-28.0	1.0	-17.0
-53.0	22.0	14.0
30.0	1.0	-17.0
30.0	1.0	-17.0
-2.0	-29.0	38.0
-4.0	-4.0	28.0
8.0	-35.0	29.0
-6.0	0.0	-2.0
-18.0	-6.0	-6.0
-4.0	-60.0	-36.0
-26.0	-68.0	-39.0
-28.0	-56.0	-22.0
4.0	-54.0	-26.0
0.0	-10.0	-10.0
-28.0	-6.0	26.0
-10.0	-36.0	17.0
6.0	-72.0	-10.0
-6.0	-3.0	15.0
-38.0	11.0	22.0
16.0	1.0	20.0
65.0	-25.0	5.0
20.0	50.0	25.0
57.0	-24.0	34.0
14.0	-3.0	13.0
-32.0	58.0	-6.0
-32.0	-68.0	-30.0
16.0	-7.0	19.0
20.0	14.0	16.0
-18.0	-11.0	23.0
-22.0	18.0	16.0
2.0	3.0	27.0
24.0	15.0	27.0
-34.0	30.0	-12.0
-20.0	-47.0	36.0
-38.0	21.0	-13.0
-18.0	-6.0	-13.0
-42.0	27.0	-3.0
28.0	13.0	-17.0
36.0	31.0	-2.0
-4.0	10.0	47.0
-10.0	48.0	-12.0
-44.0	6.0	44.0
-6.0	20.0	52.0
26.0	-12.0	-15.0
28.0	-33.0	0.0
-16.0	-10.0	-15.0
-53.0	-31.0	2.0
-53.0	-20.0	-2.0
53.0	1.0	-17.0
32.0	-67.0	20.0
-50.0	-10.0	-10.0
-50.0	-2.0	-10.0
-2.0	-15.0	4.0
2.0	-18.0	25.0
2.0	-54.0	-28.0
-50.0	-46.0	13.0
-4.0	-37.0	35.0
-2.0	-67.0	13.0
-28.0	-6.0	-13.0
-14.0	-54.0	8.0
38.0	-72.0	-6.0
-32.0	-91.0	6.0
2.0	-65.0	27.0
-10.0	-45.0	35.0
-46.0	-37.0	-12.0
-8.0	-79.0	17.0

// Marklund P, 2012: PMID 22906785-1
// Subjects=20
-52.0	28.0	16.0
-44.0	-58.0	-28.0
34.0	-36.0	-2.0
46.0	-8.0	-18.0
40.0	-56.0	-16.0
-20.0	-12.0	20.0
-26.0	-30.0	28.0
14.0	-84.0	-10.0
-52.0	24.0	10.0
16.0	48.0	18.0
-36.0	-4.0	2.0
40.0	22.0	-4.0
-46.0	-78.0	-8.0
52.0	8.0	16.0
-32.0	-24.0	-15.0
-20.0	20.0	14.0
-26.0	-22.0	-6.0
18.0	0.0	16.0

// Harand C, 2012: PMID 22937055-1
// Subjects=20
-50.0	-62.0	26.0
-46.0	-62.0	42.0
-60.0	-34.0	-10.0
-44.0	6.0	46.0
-10.0	-50.0	34.0
-40.0	20.0	-30.0
-48.0	40.0	-4.0
-10.0	-50.0	34.0
32.0	-68.0	-26.0
2.0	48.0	-12.0
6.0	14.0	26.0
-4.0	42.0	-10.0
-6.0	-54.0	28.0
-12.0	12.0	12.0
-22.0	-10.0	-20.0
-6.0	-10.0	6.0
-52.0	20.0	32.0
4.0	14.0	62.0
12.0	8.0	14.0
-8.0	2.0	12.0
-56.0	-38.0	-6.0
-4.0	-56.0	30.0
-38.0	-60.0	48.0
-2.0	-50.0	18.0
18.0	18.0	64.0
-34.0	-74.0	38.0
-44.0	14.0	-32.0
-6.0	-10.0	6.0
30.0	-62.0	-28.0
-4.0	42.0	-10.0
4.0	-50.0	16.0
-26.0	-24.0	-14.0
-20.0	14.0	64.0
-44.0	36.0	26.0
-48.0	40.0	-4.0
-6.0	20.0	62.0
6.0	28.0	20.0
-60.0	-34.0	-10.0
-44.0	12.0	-30.0
-30.0	54.0	12.0
-4.0	-56.0	30.0
2.0	62.0	10.0
-30.0	14.0	0.0
14.0	10.0	12.0
-8.0	0.0	10.0
-48.0	-14.0	48.0
-2.0	50.0	-12.0
10.0	20.0	62.0
-54.0	-2.0	-32.0
-2.0	-10.0	34.0
-6.0	20.0	64.0
46.0	16.0	-34.0
-22.0	-12.0	-22.0
-2.0	42.0	-10.0
-22.0	0.0	-28.0
0.0	-38.0	24.0
-52.0	20.0	32.0
-44.0	6.0	44.0
-4.0	30.0	40.0
-4.0	22.0	58.0
-16.0	16.0	62.0
2.0	30.0	40.0
18.0	18.0	64.0
44.0	-68.0	-18.0
12.0	12.0	10.0
6.0	38.0	16.0
0.0	-24.0	36.0
34.0	-68.0	48.0
-8.0	10.0	0.0
-8.0	-64.0	32.0
-44.0	-60.0	36.0
-2.0	-18.0	30.0
0.0	-20.0	38.0
-58.0	-40.0	-4.0
-4.0	48.0	-12.0
-46.0	-54.0	50.0
-22.0	-10.0	-20.0
2.0	48.0	-14.0
50.0	-14.0	46.0
8.0	38.0	18.0
24.0	-8.0	-18.0
42.0	-58.0	-12.0
-52.0	20.0	32.0
-6.0	20.0	62.0
-38.0	-60.0	48.0
12.0	8.0	14.0
2.0	30.0	40.0
-8.0	2.0	12.0
-8.0	-10.0	8.0
-10.0	-50.0	34.0
-56.0	-38.0	-6.0
4.0	14.0	62.0
-26.0	-24.0	-14.0
-6.0	-54.0	28.0
-36.0	20.0	-28.0
2.0	52.0	-6.0
48.0	-34.0	-2.0
-2.0	-58.0	22.0
-44.0	-58.0	22.0
-2.0	52.0	-8.0
-8.0	54.0	20.0
18.0	18.0	64.0
-54.0	-66.0	22.0

// Apps MA, 2012: PMID 22940117-1
// Subjects=20
-18.0	-42.0	60.0
-32.0	-34.0	-6.0
18.0	0.0	60.0
-54.0	18.0	34.0
24.0	30.0	-16.0
50.0	16.0	28.0
-12.0	-4.0	62.0
30.0	-62.0	36.0
-4.0	38.0	54.0
-28.0	26.0	-16.0
-2.0	-14.0	32.0
-44.0	-46.0	-14.0
60.0	-26.0	10.0
-54.0	-38.0	14.0
16.0	-46.0	16.0
54.0	-48.0	-16.0
-4.0	-36.0	30.0
-34.0	-10.0	-20.0
22.0	32.0	56.0

// Stocco A, 2012: PMID 22956331-1
// Subjects=20
10.0	70.0	14.0
30.0	10.0	-16.0
48.0	-70.0	-10.0
-24.0	-22.0	-12.0
-36.0	-52.0	-22.0
20.0	36.0	-2.0
-32.0	-90.0	-16.0
-26.0	-68.0	14.0
16.0	50.0	2.0
2.0	-52.0	12.0
32.0	-60.0	22.0
4.0	62.0	-4.0
14.0	-32.0	-4.0
-44.0	48.0	-8.0
-44.0	-52.0	52.0
-58.0	-54.0	-4.0
12.0	14.0	0.0
-30.0	22.0	56.0
24.0	6.0	34.0
-46.0	46.0	-6.0
-42.0	30.0	42.0
38.0	-76.0	40.0
-32.0	-78.0	36.0
20.0	-66.0	50.0
-44.0	-16.0	36.0
22.0	-20.0	34.0
38.0	-6.0	28.0

// Klingner CM, 2013: PMID 22960258-1
// Subjects=20
39.0	2.0	-8.0
48.0	-58.0	43.0
-54.0	-46.0	52.0
42.0	50.0	19.0
39.0	-4.0	1.0
-30.0	5.0	1.0
-24.0	-49.0	-38.0
-39.0	8.0	-17.0
33.0	-55.0	-38.0
-39.0	-7.0	7.0
0.0	-31.0	34.0
45.0	2.0	-20.0
-3.0	-37.0	37.0
12.0	-82.0	-11.0
-45.0	-61.0	28.0
0.0	-55.0	28.0
-3.0	-31.0	55.0
-30.0	-34.0	61.0
39.0	-40.0	61.0
9.0	8.0	64.0
54.0	-55.0	25.0
-24.0	-28.0	-11.0
30.0	-25.0	-17.0
-3.0	53.0	-11.0
6.0	29.0	40.0

// Pomares FB, 2013: PMID 23006804-1
// Subjects=20
-38.0	-2.0	14.0
-38.0	-2.0	14.0
-38.0	-2.0	14.0
-38.0	-12.0	14.0
-38.0	-12.0	4.0
-38.0	-12.0	4.0
-38.0	-12.0	4.0
-36.0	-4.0	-8.0
-38.0	-4.0	-8.0
-38.0	-14.0	-8.0
-38.0	-14.0	16.0
-38.0	14.0	-2.0
-38.0	-14.0	16.0
-38.0	-2.0	14.0
-8.0	16.0	34.0
-8.0	16.0	34.0
-8.0	16.0	34.0
-54.0	6.0	12.0
-38.0	-2.0	14.0
-36.0	14.0	-2.0
-36.0	14.0	-2.0
-36.0	14.0	-4.0
-36.0	14.0	-4.0
-36.0	14.0	-4.0
-54.0	4.0	-6.0
-38.0	-14.0	16.0
-38.0	-2.0	16.0
-36.0	14.0	-4.0
-38.0	-4.0	16.0
-54.0	4.0	-6.0
-54.0	4.0	-6.0
-54.0	4.0	-6.0
-54.0	2.0	-2.0
0.0	-60.0	-14.0
0.0	-60.0	-14.0
0.0	-60.0	-14.0
0.0	-60.0	-14.0
0.0	-64.0	-14.0
6.0	-64.0	-14.0
6.0	-64.0	-14.0
0.0	-60.0	-14.0
-54.0	6.0	12.0
58.0	-14.0	18.0
-54.0	6.0	12.0
2.0	22.0	32.0
2.0	22.0	32.0
2.0	22.0	34.0
2.0	22.0	34.0
2.0	22.0	34.0
2.0	22.0	34.0
4.0	20.0	34.0
4.0	20.0	22.0
4.0	20.0	22.0
4.0	20.0	22.0
4.0	20.0	22.0
-38.0	-4.0	16.0
6.0	22.0	32.0
4.0	22.0	34.0
-34.0	32.0	22.0
-28.0	20.0	-4.0
-38.0	-18.0	16.0
-36.0	42.0	20.0
-36.0	46.0	20.0
-36.0	46.0	10.0
-36.0	46.0	10.0
-36.0	46.0	10.0
-36.0	46.0	10.0
-34.0	32.0	22.0
-34.0	32.0	22.0
-34.0	32.0	22.0
-54.0	2.0	-2.0
-54.0	6.0	10.0
-54.0	6.0	10.0
-56.0	6.0	10.0
38.0	40.0	4.0
38.0	40.0	4.0
38.0	40.0	4.0
-34.0	48.0	10.0
38.0	40.0	4.0
40.0	38.0	12.0
40.0	38.0	12.0
40.0	38.0	12.0
40.0	38.0	4.0
40.0	42.0	4.0
38.0	42.0	4.0
40.0	38.0	12.0
40.0	-10.0	2.0
-30.0	44.0	18.0
-32.0	20.0	-4.0
-30.0	44.0	18.0
-30.0	44.0	18.0
-28.0	16.0	-4.0
-28.0	16.0	0.0
-28.0	16.0	0.0
-28.0	16.0	0.0
-28.0	16.0	0.0
34.0	14.0	2.0
38.0	14.0	2.0
-8.0	16.0	34.0
-2.0	28.0	28.0
-2.0	28.0	28.0
-2.0	28.0	28.0
-2.0	28.0	28.0
-2.0	28.0	34.0
-38.0	-14.0	16.0
-2.0	20.0	34.0
38.0	0.0	-8.0
38.0	18.0	-4.0
38.0	18.0	-4.0
38.0	18.0	-4.0
38.0	18.0	-4.0
38.0	18.0	2.0
-6.0	20.0	34.0
-38.0	-14.0	16.0
-38.0	-12.0	4.0
-38.0	-18.0	14.0
-30.0	48.0	10.0
-30.0	44.0	10.0
-30.0	44.0	18.0
-54.0	2.0	-2.0
-4.0	-12.0	0.0
6.0	-64.0	-14.0
-46.0	-50.0	4.0
26.0	-52.0	-24.0
34.0	-54.0	-28.0
16.0	-54.0	-20.0
-18.0	-38.0	0.0
-10.0	-76.0	-42.0
-30.0	-76.0	-42.0
-30.0	-56.0	-42.0
-30.0	-56.0	-30.0
-30.0	-56.0	-30.0
-30.0	-56.0	-30.0
-30.0	-56.0	-30.0
58.0	-14.0	18.0
-22.0	-60.0	-34.0
-22.0	-60.0	-34.0
-22.0	-60.0	-34.0
-10.0	-74.0	-42.0
-10.0	-74.0	-42.0
-10.0	-74.0	-42.0
-10.0	-74.0	-42.0
-8.0	-74.0	-24.0
16.0	-54.0	-20.0
16.0	-54.0	-20.0
16.0	-54.0	-20.0
34.0	-54.0	-28.0
34.0	-54.0	-28.0
-22.0	-60.0	-34.0
58.0	-14.0	18.0
58.0	-14.0	18.0
-40.0	-50.0	6.0
-30.0	42.0	20.0
-58.0	-18.0	18.0
-58.0	-18.0	18.0
-58.0	-18.0	18.0
-58.0	-18.0	18.0
-58.0	-18.0	18.0
-58.0	-20.0	18.0
26.0	-52.0	-24.0
24.0	-70.0	-18.0
24.0	-70.0	-18.0
24.0	-70.0	-18.0
24.0	-70.0	-18.0
56.0	-16.0	18.0
-58.0	-20.0	18.0
58.0	-16.0	18.0
-46.0	-50.0	6.0
-34.0	-4.0	-16.0
58.0	-42.0	10.0
58.0	-42.0	10.0
58.0	-42.0	10.0
58.0	-42.0	10.0
-46.0	-50.0	4.0
-46.0	-50.0	4.0
58.0	-14.0	18.0
-46.0	-50.0	4.0
26.0	-52.0	-24.0
-46.0	-50.0	6.0
34.0	-54.0	-28.0
6.0	-64.0	-14.0
26.0	-52.0	-24.0
-14.0	-66.0	-28.0
10.0	54.0	26.0
10.0	54.0	26.0
-12.0	48.0	36.0
-12.0	48.0	36.0
-12.0	48.0	36.0
-12.0	48.0	36.0
6.0	-26.0	-8.0
10.0	54.0	26.0
-18.0	-38.0	0.0
44.0	-24.0	-6.0
-54.0	2.0	-2.0
-4.0	-24.0	-14.0
44.0	-24.0	-6.0
-2.0	-58.0	-16.0
-2.0	-58.0	-16.0
-2.0	-58.0	-16.0
0.0	-52.0	-30.0
0.0	-52.0	-30.0
0.0	-52.0	-30.0
0.0	-52.0	-30.0
4.0	-52.0	-30.0
4.0	-56.0	-30.0
4.0	-56.0	-10.0
4.0	-56.0	-10.0
4.0	-56.0	-10.0
4.0	-56.0	-10.0
-2.0	-58.0	-16.0
10.0	54.0	26.0
-40.0	0.0	28.0
-34.0	-4.0	-16.0
-14.0	-66.0	-28.0
-8.0	-74.0	-24.0
-8.0	-74.0	-24.0
-8.0	-74.0	-24.0
-34.0	30.0	24.0
-18.0	-38.0	0.0
-4.0	-12.0	0.0
-18.0	-38.0	0.0
44.0	-24.0	-6.0
44.0	-24.0	-6.0
12.0	-6.0	0.0
-4.0	-6.0	0.0
-4.0	-12.0	0.0
-4.0	-12.0	0.0
-4.0	-12.0	0.0
6.0	-12.0	0.0
6.0	-26.0	0.0
6.0	-26.0	-8.0
6.0	-26.0	-8.0
6.0	-26.0	-8.0
6.0	-26.0	-8.0
6.0	-26.0	-8.0
6.0	-26.0	-8.0
6.0	-26.0	-8.0
-54.0	6.0	12.0
-34.0	-4.0	-16.0
-34.0	-4.0	-16.0
-14.0	-66.0	-28.0
-14.0	-66.0	-28.0
-38.0	-18.0	14.0
-38.0	-18.0	14.0
40.0	-10.0	2.0
40.0	0.0	8.0
42.0	-12.0	12.0
42.0	-12.0	12.0
42.0	-12.0	12.0
40.0	0.0	8.0
40.0	0.0	8.0
38.0	-6.0	-6.0
38.0	0.0	8.0
38.0	-6.0	8.0
38.0	-6.0	-6.0
38.0	-6.0	-6.0
38.0	-6.0	-6.0
40.0	-10.0	2.0
42.0	-12.0	16.0
40.0	0.0	8.0
-34.0	6.0	10.0
42.0	-12.0	12.0
-38.0	-18.0	14.0
-34.0	6.0	10.0
-34.0	6.0	10.0
40.0	-10.0	2.0
38.0	-4.0	-10.0
-34.0	6.0	10.0
40.0	-14.0	-10.0
40.0	-14.0	16.0
40.0	-14.0	16.0
40.0	-14.0	16.0
40.0	-14.0	16.0
42.0	-14.0	16.0
40.0	-4.0	-10.0

// van der Meulen M, 2014: PMID 23015531-1
// Subjects=20
33.0	18.0	36.0
39.0	51.0	3.0
-60.0	-21.0	15.0
42.0	24.0	-3.0
60.0	12.0	24.0
0.0	-6.0	69.0
-33.0	-45.0	-51.0
-60.0	9.0	27.0
9.0	-51.0	-3.0
57.0	-48.0	45.0
-45.0	-30.0	63.0
3.0	24.0	42.0
51.0	-42.0	51.0
12.0	9.0	-3.0
42.0	36.0	-15.0
12.0	-27.0	78.0
21.0	-39.0	48.0
54.0	-12.0	-6.0
33.0	-90.0	-9.0
-21.0	-99.0	-15.0
42.0	33.0	24.0
6.0	-57.0	-9.0
-39.0	18.0	-9.0
-36.0	-3.0	9.0
-33.0	-57.0	-36.0
-21.0	-42.0	-39.0
48.0	-27.0	42.0
-30.0	-30.0	69.0
12.0	-75.0	36.0
-42.0	-27.0	6.0
-9.0	-15.0	36.0
27.0	3.0	9.0
30.0	-18.0	-12.0
-45.0	-27.0	3.0
-39.0	-9.0	3.0
-45.0	-30.0	63.0
15.0	-30.0	78.0
-57.0	-15.0	6.0
51.0	-21.0	6.0
21.0	-18.0	75.0
30.0	-21.0	72.0
-24.0	57.0	3.0
9.0	-66.0	-18.0
-3.0	-75.0	-12.0
-54.0	-21.0	45.0
-42.0	-54.0	-45.0
3.0	-12.0	3.0
-27.0	-75.0	-15.0
-24.0	-36.0	-3.0
-51.0	-30.0	51.0
6.0	0.0	45.0
-24.0	-72.0	-24.0
12.0	-15.0	54.0
54.0	-18.0	-3.0
39.0	-45.0	-27.0
45.0	-3.0	-39.0
45.0	-24.0	48.0
45.0	-45.0	-42.0
-21.0	-36.0	-3.0

// Zald DH, 2014: PMID 23042731-1
// Subjects=20
14.0	32.0	-18.0
10.0	6.0	-10.0
22.0	-4.0	-18.0
-22.0	-8.0	-18.0
-2.0	62.0	2.0
34.0	16.0	2.0
26.0	10.0	-4.0
-12.0	12.0	-6.0
-16.0	10.0	-10.0
10.0	6.0	2.0
-8.0	56.0	20.0
0.0	48.0	-18.0
28.0	50.0	-16.0
-8.0	6.0	-6.0
-6.0	-56.0	20.0
42.0	42.0	26.0
4.0	-50.0	18.0
-32.0	24.0	-4.0
-2.0	24.0	42.0
-56.0	0.0	-6.0
-52.0	2.0	-26.0
-42.0	26.0	18.0
-52.0	22.0	10.0
-64.0	-36.0	8.0
-48.0	20.0	20.0
-60.0	-38.0	-2.0
0.0	-36.0	38.0
-56.0	-14.0	2.0
4.0	-52.0	26.0
36.0	34.0	-14.0
-46.0	26.0	-8.0
40.0	26.0	-12.0
-10.0	-12.0	10.0
-48.0	-68.0	30.0
-34.0	22.0	-2.0
-2.0	12.0	52.0
-6.0	56.0	24.0
-24.0	-22.0	-16.0
44.0	46.0	-8.0
-40.0	6.0	44.0
50.0	28.0	20.0
-26.0	4.0	-2.0
-52.0	14.0	6.0
-18.0	-6.0	-16.0
-8.0	-14.0	6.0
46.0	8.0	30.0
-18.0	12.0	-4.0
22.0	-4.0	-16.0
6.0	-18.0	4.0
44.0	40.0	20.0
12.0	10.0	-2.0
2.0	-18.0	2.0
-48.0	8.0	32.0
34.0	48.0	-14.0
-12.0	2.0	12.0
34.0	-62.0	46.0
-28.0	2.0	56.0
56.0	14.0	8.0
10.0	-6.0	4.0
-38.0	2.0	8.0
0.0	20.0	44.0
0.0	42.0	30.0
-56.0	-40.0	0.0
-42.0	-68.0	-12.0
-46.0	-54.0	-18.0
-60.0	-16.0	4.0
-54.0	-18.0	-6.0
-30.0	-62.0	-24.0
-30.0	-56.0	48.0
-48.0	-62.0	38.0
36.0	-54.0	48.0
0.0	-12.0	-12.0
-2.0	54.0	-4.0
-60.0	-38.0	0.0
48.0	-72.0	0.0
-38.0	26.0	-20.0
34.0	-92.0	-10.0
-28.0	-94.0	-6.0
44.0	-52.0	-20.0
42.0	-60.0	-14.0
22.0	-28.0	-4.0
-18.0	-2.0	-12.0
-24.0	30.0	-18.0
-56.0	-6.0	-14.0
-38.0	0.0	8.0
32.0	-14.0	-18.0
-38.0	28.0	-2.0
-2.0	54.0	-4.0
-4.0	-14.0	6.0
-58.0	-14.0	2.0
-6.0	56.0	24.0
-46.0	24.0	16.0
-42.0	-74.0	-12.0
-10.0	-54.0	16.0
-36.0	50.0	10.0
-44.0	-66.0	36.0
42.0	40.0	24.0
-4.0	48.0	38.0
0.0	-2.0	58.0
24.0	8.0	-6.0
36.0	32.0	-16.0
24.0	42.0	-16.0
36.0	58.0	0.0
0.0	36.0	-18.0
-4.0	-58.0	32.0
3.0	6.0	-6.0
8.0	5.0	-10.0
10.0	4.0	-6.0
5.0	-51.0	20.0
-2.0	24.0	44.0
0.0	65.0	3.0
-36.0	54.0	8.0
26.0	0.0	-12.0
-2.0	-34.0	38.0
0.0	-30.0	38.0
4.0	-26.0	40.0
-44.0	28.0	-5.0
-34.0	12.0	8.0
-53.0	12.0	4.0
37.0	-52.0	52.0
-30.0	20.0	-28.0
-46.0	8.0	6.0
-30.0	24.0	-26.0
-40.0	22.0	34.0
-28.0	4.0	56.0
44.0	30.0	-8.0
48.0	26.0	28.0
45.0	15.0	16.0
55.0	12.0	12.0
-48.0	-72.0	32.0
52.0	10.0	44.0
0.0	16.0	46.0
44.0	2.0	20.0
9.0	19.0	47.0
1.0	32.0	49.0
-40.0	-52.0	44.0
-42.0	-48.0	50.0
-32.0	-46.0	44.0
-36.0	-68.0	-22.0
44.0	-24.0	16.0
-32.0	-66.0	-22.0
-28.0	-66.0	42.0
-43.0	-52.0	-26.0
-52.0	-54.0	-14.0
-53.0	-59.0	-9.0
-44.0	-54.0	-16.0
-48.0	-54.0	-14.0
42.0	-76.0	-10.0
-42.0	-66.0	-14.0
-42.0	-48.0	-24.0
-8.0	52.0	-14.0
36.0	-56.0	52.0
-26.0	48.0	-14.0
37.0	55.0	-6.0
-36.0	36.0	-18.0
-34.0	34.0	-14.0
-8.0	40.0	40.0
-2.0	20.0	-20.0
24.0	16.0	-8.0
36.0	5.0	1.0
34.0	4.0	6.0
34.0	0.0	8.0
38.0	4.0	-8.0
-4.0	-26.0	6.0
6.0	-16.0	6.0
2.0	-72.0	-23.0
24.0	46.0	-16.0
34.0	50.0	-14.0
22.0	-2.0	-16.0
3.0	-68.0	-14.0
34.0	50.0	-12.0
-32.0	-58.0	44.0
-34.0	22.0	-18.0
34.0	23.0	-19.0
-54.0	28.0	4.0
-54.0	26.0	0.0
44.0	2.0	26.0
-12.0	-4.0	-16.0
-18.0	40.0	-16.0
-28.0	22.0	-20.0
12.0	12.0	-4.0
2.0	50.0	-18.0
38.0	18.0	-6.0
32.0	22.0	-12.0
44.0	34.0	-14.0
-34.0	47.0	-13.0
40.0	54.0	-10.0
39.0	48.0	7.0
-26.0	-94.0	-12.0
-6.0	14.0	4.0
0.0	30.0	32.0
22.0	-2.0	-18.0
32.0	-92.0	-10.0
0.0	24.0	42.0
-2.0	42.0	12.0
0.0	-16.0	-14.0
2.0	-18.0	12.0
-30.0	-58.0	48.0
16.0	18.0	0.0
-16.0	40.0	-16.0
12.0	10.0	-10.0
4.0	54.0	-4.0
-28.0	24.0	-8.0
0.0	34.0	-20.0
-14.0	10.0	-6.0
4.0	-16.0	-12.0
-40.0	34.0	-16.0
6.0	18.0	6.0
-16.0	8.0	-12.0
6.0	-50.0	18.0
-6.0	-54.0	16.0
-26.0	-94.0	-14.0
-34.0	54.0	-14.0
30.0	28.0	-14.0
-46.0	26.0	-10.0
-44.0	8.0	38.0
-32.0	18.0	6.0
-46.0	20.0	20.0
-2.0	12.0	54.0
8.0	28.0	32.0
0.0	30.0	38.0
40.0	22.0	-14.0
28.0	44.0	-16.0
34.0	56.0	-2.0
-34.0	54.0	-12.0
-32.0	-56.0	50.0
-28.0	26.0	-10.0
-10.0	4.0	10.0
24.0	-2.0	-18.0
-8.0	-14.0	10.0
46.0	38.0	24.0
-22.0	-22.0	-16.0
-36.0	48.0	10.0
50.0	8.0	36.0
48.0	10.0	26.0
44.0	18.0	22.0
-46.0	26.0	-10.0
0.0	-48.0	14.0
10.0	8.0	8.0
12.0	-4.0	6.0
20.0	-30.0	0.0
0.0	44.0	30.0
2.0	46.0	-18.0
-6.0	52.0	-14.0
-6.0	38.0	-20.0
32.0	-16.0	-14.0
26.0	-6.0	-8.0
-10.0	60.0	22.0
-24.0	-12.0	-14.0
-52.0	30.0	-2.0
-4.0	8.0	58.0
56.0	32.0	8.0
-2.0	-54.0	36.0
60.0	-8.0	-22.0
-48.0	-70.0	28.0
-46.0	26.0	-12.0
-32.0	16.0	-24.0
36.0	36.0	-14.0
50.0	36.0	-6.0
52.0	30.0	20.0
42.0	-54.0	-20.0
-16.0	-6.0	-14.0
-22.0	-6.0	-16.0
-16.0	26.0	-14.0
-4.0	-56.0	6.0
12.0	-92.0	12.0
-20.0	-12.0	-24.0
10.0	26.0	-14.0
16.0	-2.0	-4.0
-50.0	18.0	24.0
-42.0	40.0	-14.0
-50.0	26.0	12.0
36.0	30.0	-12.0
-42.0	-52.0	50.0
-54.0	-38.0	-2.0
-56.0	-30.0	-10.0
0.0	20.0	44.0
8.0	28.0	34.0
-44.0	-52.0	-18.0
14.0	-84.0	-30.0
12.0	-80.0	-18.0
-6.0	56.0	24.0
-6.0	20.0	-14.0
40.0	16.0	-20.0
-34.0	12.0	50.0
0.0	-52.0	28.0
-8.0	-56.0	20.0
6.0	-46.0	18.0
-48.0	-66.0	30.0
-40.0	-76.0	34.0
-6.0	30.0	-18.0
-22.0	-12.0	-20.0
2.0	-34.0	38.0
2.0	-22.0	40.0
-16.0	38.0	46.0
-40.0	-68.0	42.0
-4.0	42.0	-24.0
-46.0	-48.0	-20.0
-62.0	-52.0	-8.0
-52.0	-30.0	2.0
-40.0	-58.0	30.0

// Filippi M, 2013: PMID 23052545-1
// Subjects=20
-6.0	2.0	30.0
-6.0	2.0	30.0
-6.0	2.0	30.0
-2.0	-10.0	40.0
60.0	-10.0	-14.0
18.0	20.0	0.0
-4.0	38.0	2.0
18.0	20.0	0.0
-4.0	-20.0	0.0
-22.0	-6.0	-10.0
16.0	38.0	24.0
-4.0	38.0	2.0
12.0	46.0	6.0
10.0	-4.0	34.0
14.0	6.0	-10.0
14.0	42.0	2.0
14.0	42.0	2.0
14.0	42.0	2.0
-12.0	18.0	-2.0
-12.0	18.0	-2.0
-12.0	18.0	-2.0
14.0	12.0	-12.0
14.0	12.0	-12.0
12.0	8.0	-8.0
-4.0	-20.0	0.0
-22.0	-6.0	-10.0
60.0	-10.0	-14.0
-18.0	6.0	-14.0
-58.0	-18.0	-2.0
-56.0	4.0	14.0
-56.0	4.0	14.0
-56.0	4.0	14.0
38.0	26.0	14.0
38.0	26.0	14.0
38.0	26.0	14.0
56.0	-4.0	-26.0
54.0	-34.0	40.0
54.0	-34.0	40.0
54.0	-34.0	40.0
-20.0	-14.0	70.0
-20.0	-38.0	0.0
26.0	16.0	6.0
-24.0	12.0	-10.0
-42.0	-68.0	-4.0
-32.0	-74.0	-36.0
-58.0	-18.0	-2.0
-58.0	-18.0	-2.0
-50.0	14.0	32.0
-2.0	-80.0	18.0
44.0	-66.0	-20.0
44.0	-66.0	-20.0
12.0	-86.0	42.0
12.0	-86.0	42.0
12.0	-86.0	42.0
32.0	26.0	40.0
-52.0	-56.0	14.0
32.0	26.0	40.0
-26.0	-80.0	-46.0
-2.0	-80.0	18.0
32.0	-66.0	34.0
32.0	-66.0	34.0
32.0	-66.0	34.0
-28.0	-24.0	-26.0
4.0	-78.0	14.0
4.0	-78.0	14.0
4.0	-78.0	14.0
-2.0	-80.0	18.0
56.0	-4.0	-26.0
46.0	14.0	10.0
40.0	36.0	0.0
40.0	36.0	0.0
50.0	-50.0	14.0
6.0	42.0	10.0
50.0	-50.0	14.0
-32.0	-94.0	-4.0
-32.0	-94.0	-4.0
-32.0	-94.0	-4.0
36.0	-92.0	6.0
36.0	-92.0	6.0
-56.0	-52.0	12.0
36.0	-92.0	6.0
-38.0	20.0	28.0
4.0	-78.0	14.0
4.0	-78.0	14.0
-46.0	-70.0	16.0
-46.0	-70.0	16.0
6.0	42.0	10.0
6.0	42.0	10.0
64.0	-4.0	-48.0
-38.0	20.0	28.0
44.0	-66.0	-20.0
-56.0	-52.0	12.0
-58.0	-18.0	-2.0
34.0	6.0	34.0
34.0	6.0	34.0
34.0	6.0	34.0
16.0	-12.0	-14.0
16.0	-12.0	-14.0
16.0	-12.0	-14.0
-20.0	-4.0	-10.0
-20.0	-4.0	-10.0
-56.0	-52.0	12.0
-20.0	-4.0	-10.0
-50.0	14.0	32.0
-38.0	20.0	28.0
50.0	-50.0	14.0
4.0	-78.0	14.0
-2.0	-80.0	18.0
-2.0	-80.0	18.0
-2.0	-80.0	18.0
-58.0	-18.0	-2.0
-50.0	14.0	32.0
-48.0	-70.0	16.0
34.0	-64.0	-24.0
48.0	-52.0	-26.0
48.0	-70.0	-4.0
-36.0	-90.0	-8.0
36.0	-76.0	-4.0
36.0	-76.0	-4.0
38.0	-46.0	60.0
-20.0	38.0	22.0
-20.0	38.0	22.0
34.0	-30.0	-12.0
-36.0	-90.0	2.0
-52.0	-78.0	2.0
-46.0	-84.0	-2.0
-44.0	-72.0	2.0
-48.0	-72.0	6.0
-48.0	-72.0	6.0
-48.0	-74.0	-6.0
-44.0	-82.0	-4.0
-40.0	-80.0	-2.0
48.0	-54.0	-12.0
30.0	-74.0	50.0
32.0	-52.0	52.0
32.0	-52.0	52.0
-22.0	-6.0	-10.0
42.0	-66.0	6.0
46.0	-66.0	-6.0
46.0	-50.0	-24.0
52.0	-72.0	-4.0
52.0	-72.0	-4.0
52.0	-72.0	-4.0
48.0	-62.0	2.0
-36.0	-76.0	-8.0
46.0	-60.0	2.0
34.0	-56.0	60.0
32.0	-52.0	52.0
42.0	-66.0	6.0
-32.0	-56.0	52.0
-32.0	-56.0	52.0
-32.0	-56.0	52.0
32.0	-40.0	50.0
-20.0	38.0	22.0
58.0	-70.0	6.0
-36.0	-76.0	-8.0
30.0	-88.0	-12.0
30.0	-88.0	-12.0
24.0	-32.0	70.0
24.0	-32.0	70.0
-28.0	-10.0	52.0
-28.0	-10.0	52.0
-36.0	-68.0	-12.0
-40.0	-48.0	-24.0
-34.0	54.0	-18.0
-34.0	54.0	-18.0
24.0	-32.0	70.0
20.0	-28.0	-6.0
20.0	-28.0	-6.0
-24.0	-88.0	-30.0
-48.0	-52.0	28.0
-42.0	-62.0	-24.0
-40.0	-56.0	-22.0
-40.0	-56.0	-22.0
-20.0	-38.0	-22.0
-20.0	-38.0	-22.0
20.0	-28.0	-6.0
36.0	-46.0	-26.0
32.0	26.0	40.0
-22.0	-32.0	62.0
46.0	-76.0	-4.0
46.0	-76.0	-4.0
34.0	-56.0	60.0
-22.0	-32.0	62.0
38.0	-46.0	60.0
-36.0	-24.0	40.0
-36.0	-68.0	-12.0
-36.0	-68.0	-12.0
-22.0	-32.0	62.0
38.0	-44.0	-24.0
40.0	-56.0	-16.0
40.0	-56.0	-16.0
30.0	-48.0	-14.0
30.0	-48.0	-14.0
-32.0	-30.0	52.0
-36.0	-24.0	40.0
38.0	-46.0	60.0
-36.0	-24.0	40.0
40.0	-56.0	-16.0
-52.0	-56.0	14.0
60.0	-10.0	-14.0
-54.0	-52.0	12.0
-40.0	24.0	10.0
-54.0	26.0	16.0
46.0	20.0	4.0
-48.0	12.0	16.0
-48.0	12.0	16.0
-48.0	12.0	16.0
-56.0	10.0	14.0
-56.0	10.0	14.0
-56.0	10.0	14.0
40.0	14.0	12.0
-40.0	24.0	10.0
40.0	14.0	12.0
-44.0	-24.0	4.0
-44.0	-24.0	4.0
-54.0	2.0	2.0
-60.0	-42.0	14.0
-60.0	-42.0	14.0
40.0	14.0	12.0
18.0	0.0	-10.0
-38.0	22.0	22.0
-32.0	12.0	-10.0
-30.0	14.0	2.0
-26.0	10.0	8.0
-26.0	10.0	8.0
-26.0	10.0	8.0
52.0	12.0	0.0
36.0	30.0	6.0
36.0	30.0	6.0
-54.0	-40.0	30.0
-60.0	-42.0	14.0
-54.0	-40.0	30.0
-16.0	-10.0	4.0
-10.0	-12.0	0.0
-10.0	-14.0	16.0
-20.0	6.0	-8.0
-20.0	6.0	-8.0
-20.0	6.0	-8.0
8.0	-8.0	16.0
8.0	-8.0	16.0
-54.0	-40.0	30.0
60.0	-10.0	10.0
60.0	-10.0	10.0
-40.0	24.0	10.0
26.0	14.0	60.0
60.0	-10.0	10.0
50.0	-70.0	0.0
-20.0	36.0	36.0
-4.0	-20.0	0.0
18.0	20.0	0.0
30.0	12.0	0.0
30.0	12.0	0.0
26.0	14.0	60.0
-52.0	-2.0	-14.0
-52.0	-52.0	14.0
-58.0	-6.0	-10.0
-58.0	-6.0	-10.0
-58.0	-6.0	-10.0
56.0	-14.0	-8.0
56.0	-14.0	-8.0
56.0	-14.0	-8.0
-52.0	-56.0	14.0
-52.0	-2.0	-14.0
30.0	6.0	-4.0
32.0	-2.0	-26.0
-28.0	44.0	38.0
-36.0	38.0	2.0
64.0	-36.0	18.0
14.0	-40.0	44.0
-32.0	-52.0	14.0
-16.0	-50.0	22.0
-10.0	-44.0	46.0
-10.0	-44.0	46.0
-10.0	-44.0	46.0
-28.0	44.0	38.0
18.0	-44.0	4.0
20.0	-48.0	14.0
14.0	-40.0	44.0
14.0	-40.0	44.0
-36.0	38.0	2.0
18.0	0.0	-10.0
-16.0	42.0	18.0
-16.0	42.0	18.0
-28.0	44.0	38.0
22.0	-44.0	12.0
30.0	6.0	-4.0
36.0	30.0	6.0
26.0	-2.0	-2.0
-14.0	52.0	18.0
28.0	28.0	54.0
-48.0	22.0	16.0
-52.0	12.0	16.0
-4.0	-44.0	44.0
-52.0	12.0	16.0
-38.0	24.0	16.0
-38.0	24.0	16.0
-14.0	52.0	18.0
60.0	22.0	2.0
30.0	6.0	-4.0
58.0	18.0	8.0
60.0	8.0	24.0
60.0	8.0	24.0
64.0	-4.0	-20.0
52.0	-32.0	2.0
-54.0	-30.0	-10.0
-54.0	-30.0	-10.0
58.0	18.0	8.0
-28.0	16.0	-8.0
-14.0	52.0	18.0
60.0	-12.0	-12.0
-54.0	-52.0	12.0
-54.0	-52.0	12.0
48.0	-60.0	18.0
48.0	-60.0	18.0
48.0	-60.0	18.0
16.0	-12.0	-14.0
16.0	-12.0	-14.0
16.0	-12.0	-14.0
60.0	-12.0	-12.0
-20.0	-4.0	-10.0
-20.0	-4.0	-10.0
-46.0	-70.0	16.0
-28.0	-10.0	52.0
26.0	14.0	60.0
-20.0	-14.0	70.0
-38.0	22.0	22.0
70.0	-38.0	-6.0
60.0	-12.0	-12.0
-20.0	-4.0	-10.0
-28.0	16.0	-8.0
58.0	18.0	8.0
-34.0	6.0	4.0
46.0	-70.0	-2.0
8.0	-96.0	14.0
8.0	-82.0	26.0
12.0	-88.0	26.0
20.0	-82.0	0.0
-12.0	-96.0	4.0
-12.0	-80.0	-42.0
-34.0	6.0	4.0
-12.0	-80.0	-42.0
-12.0	-80.0	-42.0
-44.0	-68.0	-50.0
28.0	-64.0	-48.0
28.0	-64.0	-48.0
28.0	-64.0	-48.0
32.0	-2.0	-26.0
32.0	-2.0	-26.0
-20.0	-14.0	70.0
44.0	-74.0	-4.0
-44.0	-72.0	0.0
-30.0	14.0	2.0
-6.0	-80.0	-38.0
-44.0	-72.0	0.0
-48.0	-78.0	12.0
38.0	-64.0	-24.0
30.0	-76.0	54.0
-62.0	-24.0	12.0
-66.0	-20.0	4.0
-66.0	-20.0	4.0
-34.0	6.0	4.0
58.0	-2.0	-12.0
-66.0	-20.0	4.0
52.0	-18.0	2.0
52.0	-18.0	2.0
-66.0	-22.0	2.0
-52.0	-48.0	16.0
-54.0	-30.0	-10.0
60.0	8.0	24.0
0.0	-60.0	44.0
18.0	0.0	-10.0
52.0	-18.0	2.0

// Victor TA, 2012: PMID 23056309-1
// Subjects=20
-16.0	52.0	-13.0
-28.0	-24.0	-12.0
-26.0	-3.0	-15.0
38.0	-5.0	-22.0
-51.0	9.0	-11.0
-53.0	4.0	2.0
22.0	46.0	-16.0
-28.0	-14.0	-14.0
-32.0	16.0	5.0
10.0	-13.0	4.0
-44.0	-44.0	50.0
-49.0	-38.0	46.0
51.0	15.0	-2.0
-44.0	-81.0	15.0
-8.0	43.0	3.0
34.0	60.0	4.0
65.0	-24.0	31.0

// Philippi N, 2012: PMID 23071546-1
// Subjects=20
44.0	0.0	-4.0
-6.0	10.0	-20.0
-14.0	12.0	-24.0
-6.0	12.0	-24.0
6.0	10.0	-20.0
22.0	12.0	-20.0
-2.0	0.0	-6.0
-12.0	-22.0	28.0
2.0	2.0	-10.0
46.0	-6.0	-6.0
-28.0	-38.0	-12.0
-30.0	-38.0	-10.0
-18.0	-42.0	-6.0
36.0	-32.0	-8.0
34.0	-38.0	-6.0
56.0	-72.0	-10.0
-30.0	-36.0	-8.0
-8.0	-72.0	54.0
6.0	12.0	-24.0

// Bickart KC, 2012: PMID 23077058-1
// Subjects=20
26.0	10.0	-22.0
-50.0	-4.0	-20.0
38.0	-10.0	-40.0
-40.0	4.0	-44.0
24.0	-10.0	-24.0
24.0	-30.0	-10.0
-24.0	-30.0	-12.0
2.0	40.0	-8.0

// Vandenberghe R, 2013: PMID 23084460-1
// Subjects=20
-54.0	-57.0	-18.0
-48.0	-69.0	30.0
-63.0	-39.0	-6.0
-60.0	-54.0	9.0
-51.0	21.0	24.0
-54.0	27.0	-3.0
-57.0	-12.0	-9.0
-39.0	39.0	-18.0
-60.0	-45.0	27.0
27.0	-96.0	-3.0
-36.0	-42.0	-24.0
-24.0	-66.0	39.0
-30.0	-33.0	-6.0
33.0	-39.0	-24.0
-24.0	24.0	54.0
42.0	-78.0	-9.0
30.0	-69.0	-54.0
30.0	-93.0	18.0
-39.0	6.0	33.0
-39.0	-87.0	0.0
-15.0	-93.0	-9.0
-3.0	15.0	54.0
-30.0	-66.0	60.0
-9.0	54.0	45.0
-3.0	-63.0	45.0
45.0	21.0	27.0
-15.0	-54.0	-18.0
-3.0	-33.0	3.0
-9.0	30.0	33.0
-3.0	-57.0	15.0
-9.0	36.0	60.0
-21.0	-33.0	-51.0
12.0	3.0	12.0
-54.0	12.0	-21.0
36.0	-69.0	-30.0
-12.0	-3.0	9.0
-63.0	-39.0	-6.0
-36.0	-42.0	-24.0
-15.0	-93.0	-9.0
-60.0	-45.0	27.0
-48.0	-69.0	30.0
-63.0	-39.0	-6.0
-57.0	-12.0	-9.0
-54.0	27.0	-3.0
-33.0	6.0	60.0
-39.0	-87.0	0.0
6.0	-54.0	-42.0

// Cooper JC, 2012: PMID 23136406-1
// Subjects=20
6.0	20.0	42.0
-9.0	11.0	-4.0
6.0	-61.0	0.0
-6.0	-70.0	39.0
-48.0	-43.0	49.0
3.0	20.0	42.0
0.0	-61.0	3.0
-24.0	-22.0	-15.0
3.0	47.0	-4.0
-30.0	-4.0	57.0
-24.0	-64.0	35.0
-33.0	-61.0	-32.0
36.0	29.0	-7.0
-30.0	29.0	0.0
30.0	-4.0	53.0
3.0	17.0	46.0
51.0	14.0	28.0
-9.0	-67.0	35.0
18.0	-25.0	-11.0
42.0	50.0	17.0
-51.0	17.0	35.0
-3.0	-49.0	28.0
-27.0	-40.0	-36.0
3.0	-64.0	25.0
6.0	-67.0	-18.0
3.0	20.0	39.0
3.0	56.0	17.0
-6.0	17.0	46.0
3.0	-76.0	-39.0
-9.0	-64.0	53.0
3.0	20.0	42.0
-6.0	-76.0	-18.0
6.0	53.0	10.0
42.0	-37.0	46.0
12.0	-67.0	46.0
-33.0	50.0	10.0

// Faivre N, 2012: PMID 23137946-1
// Subjects=20
-26.0	-44.0	-12.0
30.0	0.0	-20.0
-32.0	-6.0	-16.0
20.0	-10.0	-18.0
-24.0	-28.0	-8.0
14.0	32.0	0.0
-12.0	32.0	-10.0
20.0	26.0	22.0
20.0	-10.0	24.0
-6.0	-18.0	24.0
28.0	-44.0	-4.0
42.0	0.0	-38.0
46.0	-62.0	10.0
-8.0	-2.0	32.0
-52.0	4.0	-40.0
-28.0	-30.0	-8.0
2.0	-54.0	50.0
42.0	-2.0	38.0
34.0	22.0	42.0
-12.0	60.0	30.0
-2.0	-56.0	38.0
14.0	-4.0	-8.0
-16.0	-2.0	-8.0

// Pan L, 2013: PMID 23158778-1
// Subjects=20
36.0	-54.0	3.0
-42.0	-42.0	-9.0
3.0	-21.0	18.0
-33.0	-66.0	30.0
-27.0	-21.0	-12.0
0.0	9.0	18.0
21.0	54.0	3.0

// Barber AD, 2013: PMID 23174403-1
// Subjects=20
8.0	50.0	28.0
24.0	32.0	52.0
2.0	52.0	42.0
4.0	56.0	38.0
-24.0	60.0	12.0
-56.0	-2.0	-26.0
-16.0	42.0	50.0
-24.0	60.0	12.0
60.0	-14.0	-24.0
-24.0	60.0	12.0
-50.0	10.0	-26.0
52.0	-10.0	-20.0
-24.0	60.0	12.0
-24.0	60.0	12.0
-44.0	6.0	-34.0
44.0	-16.0	-30.0
-24.0	60.0	12.0
-24.0	60.0	12.0
-24.0	60.0	12.0
-24.0	60.0	12.0
18.0	-8.0	-24.0
-24.0	60.0	12.0
-26.0	-18.0	-22.0
-24.0	60.0	12.0
-28.0	-24.0	-16.0
-24.0	60.0	12.0
10.0	-52.0	6.0
22.0	-24.0	-22.0
-24.0	60.0	12.0
-6.0	-46.0	34.0
-24.0	60.0	12.0
-16.0	-14.0	-20.0
-24.0	60.0	12.0
-4.0	-62.0	24.0

// Doering S, 2012: PMID 23189175-1
// Subjects=20
15.0	48.0	42.0
3.0	-9.0	48.0
-3.0	27.0	-6.0
-6.0	57.0	39.0
6.0	-36.0	42.0
-6.0	-54.0	18.0
-18.0	-3.0	-18.0
21.0	-3.0	-18.0
-24.0	-21.0	-18.0
24.0	-15.0	-18.0
9.0	-51.0	18.0
-9.0	-39.0	42.0

// Okonkwo OC, 2014: PMID 23236200-1
// Subjects=20
36.0	50.0	24.0
-20.0	4.0	-28.0
-36.0	24.0	32.0
-34.0	50.0	20.0
-34.0	2.0	56.0
62.0	-18.0	22.0
-30.0	-42.0	48.0
12.0	56.0	0.0
0.0	58.0	12.0
-16.0	4.0	60.0
-36.0	22.0	32.0
-36.0	-46.0	38.0
16.0	20.0	60.0
42.0	-42.0	36.0
0.0	44.0	38.0
28.0	42.0	32.0
12.0	-6.0	76.0
48.0	-62.0	24.0
-20.0	40.0	34.0
22.0	-16.0	64.0
-18.0	2.0	-28.0
32.0	54.0	32.0
-28.0	-12.0	-12.0
28.0	28.0	30.0
24.0	-10.0	-12.0
-10.0	-4.0	80.0
54.0	-34.0	24.0
-48.0	28.0	42.0
-12.0	26.0	42.0
-34.0	-22.0	-16.0
52.0	-48.0	30.0
-2.0	-64.0	30.0
-10.0	36.0	62.0
14.0	40.0	36.0
-4.0	-44.0	22.0
30.0	-62.0	72.0
0.0	-76.0	56.0
-64.0	-46.0	28.0
34.0	34.0	22.0
-26.0	40.0	32.0
12.0	-6.0	76.0
12.0	50.0	18.0
-56.0	-42.0	30.0

// Lopez Zunini RA, 2013: PMID 23242968-1
// Subjects=20
2.0	-26.0	34.0
20.0	62.0	16.0
2.0	48.0	32.0
26.0	-52.0	-24.0
42.0	-64.0	44.0
-10.0	-82.0	-28.0
32.0	24.0	-8.0
-6.0	-2.0	48.0
6.0	-70.0	38.0
58.0	-30.0	-12.0
2.0	10.0	24.0
34.0	20.0	2.0
-38.0	-18.0	64.0
-32.0	18.0	-18.0
-34.0	20.0	-20.0
-60.0	-22.0	-2.0
28.0	22.0	-12.0
30.0	18.0	-12.0
-40.0	12.0	-12.0
2.0	62.0	6.0
-30.0	20.0	-10.0
64.0	-36.0	-6.0
34.0	20.0	2.0
-34.0	20.0	-20.0
-30.0	18.0	-20.0
-34.0	20.0	-20.0
-34.0	20.0	-20.0
-40.0	12.0	-12.0
-40.0	12.0	-12.0
-40.0	12.0	-12.0
34.0	20.0	2.0
-36.0	18.0	-20.0
-40.0	12.0	-12.0
34.0	20.0	2.0
4.0	10.0	26.0
-36.0	18.0	-20.0
34.0	20.0	2.0
-40.0	8.0	-14.0
-34.0	20.0	-20.0
36.0	14.0	2.0
-40.0	8.0	-14.0
-36.0	18.0	-20.0
34.0	20.0	2.0
-40.0	12.0	-12.0
-36.0	18.0	-20.0
4.0	10.0	24.0
6.0	66.0	6.0
2.0	4.0	28.0
22.0	16.0	-20.0
-34.0	18.0	-22.0
54.0	-30.0	2.0
8.0	62.0	6.0
-32.0	16.0	-18.0
-32.0	18.0	-20.0
54.0	-30.0	4.0
6.0	66.0	6.0
-30.0	20.0	-20.0
24.0	16.0	-20.0
-36.0	18.0	-22.0
54.0	-30.0	4.0
6.0	66.0	6.0
-32.0	16.0	-18.0
-34.0	18.0	-22.0
22.0	16.0	-20.0
-32.0	18.0	-20.0
54.0	-30.0	4.0
8.0	64.0	6.0
34.0	20.0	2.0
-32.0	18.0	-20.0
-14.0	-94.0	2.0
22.0	16.0	-20.0
-2.0	10.0	24.0
-32.0	18.0	-20.0
8.0	64.0	6.0
-32.0	16.0	-18.0
-34.0	18.0	-22.0
54.0	-30.0	4.0
6.0	64.0	8.0
54.0	-30.0	4.0
-32.0	18.0	-20.0
54.0	-30.0	4.0
-32.0	16.0	-18.0
-30.0	20.0	-20.0
24.0	18.0	-20.0
-32.0	-30.0	-8.0
-34.0	18.0	-22.0
10.0	36.0	46.0
10.0	36.0	46.0
-38.0	22.0	-4.0
-32.0	-28.0	-8.0
36.0	26.0	0.0
-14.0	-94.0	2.0
-28.0	-28.0	-12.0
-32.0	24.0	32.0

// Genon S, 2013: PMID 23313012-1
// Subjects=20
-36.0	-54.0	54.0
36.0	-54.0	52.0
-36.0	-66.0	22.0
-10.0	-50.0	40.0
58.0	-50.0	34.0
-34.0	32.0	12.0
-32.0	-24.0	-10.0

// Qi R, 2013: PMID 23326484-1
// Subjects=20
-21.0	18.0	-6.0
-12.0	45.0	9.0
12.0	-87.0	-15.0
-51.0	-24.0	21.0
-39.0	45.0	18.0
24.0	-3.0	-30.0
-24.0	-60.0	33.0
3.0	48.0	21.0
39.0	15.0	48.0
36.0	-15.0	-15.0
51.0	-24.0	21.0
-3.0	-96.0	6.0
6.0	-57.0	51.0
-30.0	45.0	-6.0
-9.0	0.0	33.0
-12.0	54.0	21.0
-54.0	-18.0	15.0
-54.0	-27.0	15.0
-3.0	33.0	15.0
-27.0	-36.0	-3.0
-9.0	51.0	33.0
57.0	-57.0	-21.0
-18.0	18.0	-3.0
-9.0	-72.0	42.0
-30.0	-45.0	-27.0
-48.0	-45.0	-12.0
30.0	45.0	-6.0
30.0	-45.0	-30.0
-6.0	9.0	54.0
-3.0	-9.0	36.0
42.0	-48.0	-21.0
42.0	-27.0	9.0
-57.0	-27.0	36.0
-45.0	45.0	9.0
9.0	0.0	45.0
3.0	-87.0	12.0
-54.0	-60.0	12.0
36.0	45.0	-9.0
57.0	-12.0	-24.0
30.0	-48.0	-24.0
0.0	-51.0	54.0
-36.0	-45.0	-33.0

// Van Dam NT, 2013: PMID 23326568-1
// Subjects=20
-2.0	-48.0	18.0
-36.0	-70.0	22.0
-16.0	-76.0	50.0
-26.0	-72.0	50.0
-52.0	-18.0	18.0
-28.0	-78.0	42.0
-48.0	-68.0	34.0
-48.0	-36.0	20.0
-14.0	-38.0	72.0
-8.0	-64.0	28.0
-38.0	-80.0	28.0
6.0	-66.0	18.0
-18.0	-40.0	42.0
-42.0	0.0	12.0
-24.0	26.0	42.0
36.0	-58.0	-30.0
-4.0	-18.0	72.0
8.0	-20.0	62.0
-8.0	-74.0	38.0
14.0	-68.0	34.0
-34.0	-30.0	52.0
28.0	-52.0	56.0
44.0	-2.0	36.0
18.0	-68.0	42.0
32.0	-38.0	56.0
-58.0	-8.0	6.0
14.0	-42.0	-16.0
54.0	10.0	32.0
-6.0	-26.0	66.0
14.0	-68.0	56.0
-4.0	-68.0	4.0
-48.0	-26.0	28.0
8.0	-38.0	42.0
-8.0	-58.0	4.0
40.0	-14.0	20.0
44.0	-36.0	42.0
-30.0	-22.0	62.0
-12.0	-84.0	32.0
44.0	-44.0	36.0
0.0	-44.0	46.0
26.0	-76.0	42.0
-28.0	-48.0	40.0
10.0	-72.0	54.0
20.0	-82.0	42.0
-4.0	-80.0	44.0
26.0	-74.0	26.0
42.0	-16.0	16.0
-28.0	-82.0	38.0
-8.0	36.0	44.0
-12.0	-6.0	12.0
6.0	-10.0	6.0
2.0	50.0	12.0
-36.0	2.0	6.0
-30.0	8.0	-2.0
0.0	16.0	48.0
-30.0	-64.0	46.0
34.0	-80.0	38.0
26.0	-50.0	-30.0
-26.0	54.0	22.0
-26.0	-50.0	50.0
22.0	56.0	16.0
24.0	56.0	24.0
16.0	26.0	50.0
24.0	12.0	52.0
28.0	2.0	56.0
32.0	18.0	0.0
24.0	44.0	24.0
32.0	20.0	10.0
-52.0	-14.0	32.0
-42.0	-12.0	38.0
-20.0	-64.0	26.0
50.0	-58.0	-4.0
-4.0	-66.0	12.0
46.0	-66.0	16.0
26.0	-64.0	24.0
-14.0	-58.0	36.0
44.0	8.0	26.0
-22.0	-72.0	46.0
2.0	22.0	32.0
12.0	-60.0	60.0
4.0	-66.0	14.0
40.0	-72.0	22.0
-24.0	-82.0	36.0
-30.0	-44.0	40.0
26.0	-74.0	42.0
-38.0	-44.0	54.0
-30.0	-48.0	70.0
-60.0	-10.0	8.0
8.0	-8.0	12.0
-60.0	-18.0	10.0
42.0	-46.0	-22.0
44.0	-44.0	-12.0
-22.0	-34.0	-8.0
2.0	-36.0	-4.0
-8.0	-42.0	-12.0
8.0	-74.0	52.0
0.0	50.0	4.0
-8.0	50.0	-6.0
-4.0	40.0	52.0
26.0	58.0	24.0
-24.0	42.0	34.0
6.0	16.0	44.0
-30.0	40.0	26.0
-26.0	-58.0	-14.0
-32.0	-62.0	-20.0
28.0	40.0	26.0
-46.0	22.0	0.0
-26.0	-56.0	68.0
-12.0	-12.0	16.0
-26.0	38.0	34.0
32.0	-80.0	28.0
-2.0	34.0	30.0
14.0	58.0	24.0
-22.0	30.0	44.0
-34.0	0.0	-12.0

// Gear R, 2013: PMID 23341872-1
// Subjects=20
-50.0	18.0	-16.0
-44.0	-12.0	18.0
54.0	-26.0	20.0
30.0	-52.0	10.0
30.0	-58.0	10.0
46.0	-76.0	24.0
42.0	-82.0	24.0
50.0	2.0	-36.0
-42.0	2.0	10.0
54.0	-38.0	14.0
50.0	-40.0	12.0
-50.0	-50.0	-16.0
-46.0	-54.0	-18.0
-38.0	8.0	8.0
38.0	4.0	12.0
44.0	0.0	14.0
-36.0	2.0	12.0
-32.0	-2.0	12.0
34.0	-4.0	16.0
-52.0	-6.0	-34.0
-42.0	-2.0	-20.0
-20.0	-40.0	-44.0
-2.0	-14.0	2.0
-2.0	-48.0	-44.0
32.0	-30.0	-10.0
-32.0	-32.0	-12.0
30.0	-34.0	-8.0
-14.0	-36.0	2.0
-34.0	-36.0	-8.0
-22.0	-38.0	0.0
-28.0	-38.0	-4.0
-6.0	-18.0	-34.0
-36.0	-12.0	18.0
-10.0	-30.0	10.0
0.0	-24.0	-32.0
-20.0	-32.0	-36.0
-16.0	-38.0	-30.0
36.0	-42.0	-48.0
16.0	-42.0	-28.0
20.0	-46.0	-40.0
40.0	-48.0	-42.0
-6.0	-22.0	-38.0
10.0	-30.0	8.0
0.0	-22.0	-40.0
4.0	-58.0	-46.0
24.0	-64.0	-34.0
-22.0	-52.0	-32.0
36.0	-52.0	-46.0
-30.0	-52.0	-42.0
-36.0	18.0	-8.0
-30.0	-52.0	-54.0
36.0	-54.0	-34.0
-16.0	-56.0	-48.0
-14.0	-60.0	-58.0
-24.0	-62.0	-50.0
-18.0	-18.0	24.0
-44.0	-74.0	-30.0
-14.0	-44.0	-26.0
-6.0	-56.0	-12.0
14.0	62.0	-2.0
10.0	-40.0	-12.0
34.0	16.0	-24.0
14.0	-40.0	78.0
20.0	-40.0	76.0
0.0	-48.0	44.0
38.0	12.0	-24.0
-14.0	-32.0	-24.0
-38.0	10.0	-26.0
-26.0	-48.0	-8.0
-46.0	-48.0	-18.0
16.0	64.0	0.0
42.0	8.0	-6.0
36.0	4.0	-6.0
38.0	0.0	-6.0
30.0	-8.0	2.0
-2.0	-44.0	-58.0
14.0	-50.0	-20.0
6.0	-54.0	-18.0
0.0	-62.0	-20.0
-18.0	-60.0	-52.0
-18.0	-44.0	-60.0
-14.0	-40.0	-44.0
14.0	52.0	0.0
-28.0	24.0	-22.0
-8.0	-96.0	6.0
12.0	62.0	0.0
12.0	60.0	4.0
44.0	32.0	-8.0
24.0	-42.0	72.0
18.0	-76.0	40.0
36.0	16.0	-38.0
24.0	-52.0	-30.0
-42.0	12.0	-26.0
-38.0	10.0	-12.0
-34.0	8.0	-26.0
-20.0	-38.0	-48.0
2.0	-12.0	42.0
-44.0	-44.0	44.0
-30.0	2.0	-20.0
28.0	-10.0	4.0
18.0	-26.0	4.0
-26.0	-78.0	-40.0
4.0	-80.0	-36.0
18.0	-82.0	-46.0
-10.0	32.0	38.0
-6.0	32.0	34.0
-18.0	10.0	54.0
-8.0	28.0	36.0
58.0	-20.0	38.0
42.0	0.0	16.0
42.0	-4.0	16.0
-18.0	-6.0	24.0
14.0	18.0	16.0
2.0	-28.0	-38.0
-6.0	-28.0	-36.0
6.0	-26.0	-34.0
38.0	-78.0	-42.0
-30.0	4.0	50.0
-18.0	-16.0	24.0
42.0	52.0	8.0
42.0	4.0	26.0
48.0	6.0	26.0
50.0	8.0	16.0
48.0	40.0	4.0
-46.0	16.0	-10.0
30.0	24.0	38.0
50.0	24.0	-4.0
30.0	32.0	32.0
54.0	8.0	8.0
46.0	18.0	-14.0
-46.0	8.0	4.0
44.0	-38.0	48.0
44.0	6.0	32.0
54.0	6.0	32.0
-34.0	4.0	40.0
60.0	-24.0	32.0
54.0	-30.0	40.0
28.0	-36.0	40.0
-56.0	-36.0	38.0
30.0	36.0	38.0
42.0	-42.0	40.0
46.0	-44.0	56.0
-10.0	24.0	38.0
-28.0	40.0	28.0
52.0	-60.0	-28.0
-16.0	-66.0	-42.0
-30.0	-64.0	58.0
-26.0	-66.0	30.0
36.0	-70.0	30.0
-30.0	-74.0	26.0
32.0	-76.0	22.0
34.0	-78.0	34.0
22.0	-80.0	8.0
-32.0	-82.0	32.0
32.0	-2.0	-36.0
28.0	-32.0	-24.0
12.0	24.0	36.0
40.0	20.0	-4.0
-38.0	16.0	4.0
44.0	14.0	2.0
48.0	14.0	-6.0
30.0	16.0	6.0
-22.0	-26.0	-28.0
20.0	-34.0	-22.0
20.0	-38.0	-22.0
42.0	-48.0	46.0
-46.0	-46.0	52.0
20.0	-62.0	64.0
-18.0	-42.0	-24.0
-44.0	2.0	-8.0
-18.0	-50.0	-26.0
-28.0	-42.0	-30.0
22.0	-46.0	-20.0
-32.0	-42.0	-30.0
-42.0	-44.0	-30.0
-26.0	-50.0	-28.0
24.0	-60.0	-26.0
-6.0	-62.0	-10.0
-12.0	-64.0	-18.0
26.0	16.0	-20.0
32.0	-36.0	-32.0
38.0	-64.0	-26.0
34.0	-72.0	-24.0
30.0	-52.0	44.0
24.0	-74.0	-18.0
-42.0	-50.0	-32.0
54.0	-54.0	-34.0
-52.0	-56.0	-32.0
-34.0	-68.0	-26.0
-38.0	-58.0	-44.0
26.0	-66.0	-24.0
-16.0	-78.0	-44.0
16.0	-70.0	-20.0

// Zurcher NR, 2013: PMID 23342130-1
// Subjects=20
32.0	18.0	-6.0
32.0	18.0	-6.0
32.0	18.0	-2.0
-38.0	-2.0	36.0
-50.0	2.0	36.0
-32.0	-46.0	42.0
36.0	18.0	-6.0
-50.0	32.0	20.0
36.0	18.0	-6.0
-40.0	26.0	20.0
36.0	26.0	-6.0
30.0	26.0	-6.0
-48.0	24.0	-2.0
-48.0	24.0	-2.0
-48.0	24.0	22.0
-48.0	26.0	22.0
-40.0	26.0	22.0
-40.0	26.0	22.0
32.0	18.0	-2.0
24.0	-76.0	40.0
36.0	18.0	-6.0
26.0	-76.0	40.0
24.0	-44.0	46.0
26.0	-76.0	38.0
-44.0	-62.0	-28.0
38.0	18.0	-2.0
-44.0	-42.0	-28.0
-56.0	-42.0	-28.0
-56.0	-42.0	-28.0
-56.0	-42.0	-20.0
-56.0	-54.0	-20.0
-32.0	16.0	2.0
30.0	-44.0	46.0
24.0	-76.0	46.0
26.0	-76.0	40.0
-28.0	-46.0	38.0
-28.0	-84.0	38.0
-22.0	-84.0	38.0
-22.0	-84.0	38.0
-22.0	-84.0	42.0
-22.0	-44.0	42.0
-32.0	-44.0	42.0
-32.0	-44.0	42.0
24.0	-76.0	40.0
-32.0	-46.0	42.0
26.0	-76.0	38.0
-32.0	-44.0	42.0
38.0	20.0	-2.0
52.0	24.0	8.0
-32.0	16.0	2.0
56.0	14.0	20.0
56.0	8.0	20.0
54.0	24.0	20.0
-50.0	2.0	38.0
48.0	8.0	20.0
-34.0	22.0	20.0
36.0	24.0	4.0
-34.0	10.0	26.0
-50.0	20.0	10.0
54.0	24.0	4.0
52.0	28.0	4.0
-34.0	10.0	26.0
52.0	28.0	4.0
54.0	36.0	8.0
54.0	28.0	4.0
-50.0	20.0	34.0
-50.0	20.0	34.0
-50.0	12.0	10.0
-46.0	12.0	10.0
-46.0	12.0	26.0
-46.0	10.0	26.0
56.0	14.0	4.0
56.0	14.0	4.0
36.0	14.0	4.0
36.0	24.0	8.0
-50.0	2.0	38.0
-32.0	16.0	0.0
-32.0	18.0	0.0
-38.0	18.0	0.0
-38.0	18.0	0.0
-38.0	18.0	0.0
38.0	20.0	0.0
-40.0	18.0	0.0
-40.0	18.0	0.0
-40.0	18.0	-4.0
-38.0	18.0	0.0
-40.0	24.0	-4.0
-32.0	-52.0	-30.0
-40.0	32.0	20.0
38.0	20.0	0.0
54.0	24.0	20.0
-34.0	10.0	20.0
-52.0	22.0	20.0
52.0	16.0	2.0
52.0	16.0	2.0
52.0	16.0	8.0
36.0	24.0	8.0
-26.0	24.0	-4.0
-46.0	12.0	10.0
30.0	-44.0	46.0
26.0	-70.0	46.0
-28.0	32.0	-20.0
-28.0	32.0	-18.0
-28.0	28.0	-18.0
-32.0	28.0	-18.0
-2.0	30.0	-18.0
-2.0	30.0	-18.0
0.0	8.0	-10.0
0.0	8.0	-10.0
0.0	8.0	-22.0
0.0	30.0	-22.0
-8.0	30.0	-22.0
2.0	-46.0	34.0
-28.0	32.0	-20.0
2.0	-30.0	34.0
-2.0	-52.0	24.0
10.0	-56.0	26.0
10.0	-56.0	26.0
10.0	-56.0	16.0
10.0	-52.0	16.0
-6.0	-52.0	16.0
-2.0	-52.0	24.0
-6.0	-32.0	40.0
2.0	-30.0	36.0
-6.0	-32.0	40.0
-6.0	-32.0	34.0
-6.0	-46.0	34.0
2.0	-30.0	36.0
-2.0	-46.0	34.0
-28.0	30.0	-18.0
4.0	-46.0	34.0
-44.0	-90.0	-10.0
-40.0	-90.0	-10.0
-40.0	-90.0	-10.0
-40.0	-90.0	-14.0
30.0	-44.0	-20.0
30.0	-44.0	-20.0
-30.0	-62.0	-20.0
-32.0	-58.0	-18.0
-30.0	-62.0	-20.0
-30.0	-62.0	-14.0
-30.0	-54.0	-14.0
-32.0	-54.0	-14.0
-28.0	30.0	-18.0
-32.0	-54.0	-14.0
-30.0	-58.0	-18.0
30.0	-60.0	-20.0
-30.0	-58.0	-18.0
-30.0	-58.0	-14.0
-30.0	-62.0	-14.0
-28.0	-62.0	-14.0
30.0	-60.0	-10.0
30.0	-60.0	-10.0
-32.0	-30.0	-18.0
-2.0	-52.0	18.0
-32.0	-38.0	-12.0
0.0	-58.0	22.0
-32.0	-54.0	-18.0
-44.0	-80.0	-10.0
4.0	-26.0	40.0
2.0	30.0	-18.0
-6.0	36.0	-16.0
2.0	46.0	-16.0
2.0	46.0	-16.0
4.0	36.0	-16.0
4.0	36.0	-16.0
0.0	-58.0	22.0
6.0	-52.0	18.0
-32.0	-38.0	-12.0
56.0	-30.0	-22.0
36.0	-14.0	6.0
36.0	-12.0	6.0
40.0	-12.0	6.0
-4.0	36.0	-16.0
-40.0	-74.0	36.0
-62.0	-60.0	26.0
-62.0	-60.0	26.0
-62.0	-60.0	20.0
-62.0	-52.0	20.0
-52.0	-52.0	20.0
48.0	-62.0	28.0
48.0	-62.0	28.0
60.0	-62.0	24.0
60.0	-62.0	24.0
60.0	-62.0	16.0
36.0	-14.0	12.0
36.0	-14.0	12.0
-40.0	-74.0	36.0
4.0	-26.0	40.0
4.0	36.0	-16.0
-4.0	36.0	-16.0
2.0	30.0	-18.0
6.0	12.0	-10.0
-6.0	-32.0	-2.0
-24.0	-12.0	-20.0
-30.0	-14.0	-18.0
22.0	-10.0	-24.0
22.0	-10.0	-24.0
-2.0	44.0	-2.0
4.0	44.0	-2.0
-10.0	-30.0	6.0
2.0	36.0	-16.0
12.0	-30.0	6.0
-4.0	36.0	-16.0
28.0	-6.0	-16.0
-30.0	-2.0	-20.0
-30.0	-2.0	-20.0
-24.0	-4.0	-24.0
-24.0	-12.0	-20.0
4.0	36.0	-16.0
6.0	12.0	-10.0
-4.0	36.0	-16.0
6.0	12.0	-8.0
6.0	22.0	-8.0
2.0	22.0	-8.0
-4.0	38.0	-24.0
-4.0	38.0	-24.0
28.0	-6.0	-16.0
-44.0	-80.0	-6.0
30.0	-44.0	-20.0
-44.0	-80.0	-6.0
50.0	-82.0	-4.0
42.0	-82.0	-4.0
42.0	-82.0	-4.0
42.0	-82.0	-16.0
42.0	-82.0	-16.0
38.0	-92.0	12.0
-64.0	-16.0	16.0
38.0	-92.0	-4.0
46.0	-26.0	64.0
-20.0	-46.0	66.0
-20.0	-44.0	66.0
-20.0	-44.0	66.0
50.0	-70.0	-14.0
22.0	-42.0	62.0
46.0	-26.0	64.0
46.0	-26.0	76.0
-64.0	-16.0	16.0
46.0	-34.0	76.0
16.0	-34.0	76.0
-24.0	-16.0	-28.0
-24.0	-16.0	-28.0
-32.0	-30.0	-18.0
-34.0	-82.0	-14.0
-20.0	-46.0	70.0
12.0	-26.0	44.0
36.0	-92.0	-4.0
22.0	-42.0	62.0
22.0	-82.0	-42.0
36.0	-82.0	-16.0
34.0	-88.0	-14.0
-44.0	-62.0	-22.0
38.0	-92.0	12.0
-16.0	-92.0	8.0
-16.0	-94.0	8.0
-36.0	-94.0	8.0
-36.0	-94.0	8.0
-36.0	-94.0	8.0
-36.0	-90.0	8.0
-34.0	-90.0	8.0
-34.0	-90.0	8.0
34.0	-92.0	12.0
-34.0	-90.0	26.0
50.0	-70.0	-14.0
-34.0	-92.0	26.0
34.0	-92.0	-6.0
34.0	-92.0	12.0
-16.0	-92.0	0.0
-32.0	-92.0	26.0
50.0	-70.0	-4.0
-16.0	-92.0	0.0
34.0	-70.0	-14.0
-34.0	-84.0	-12.0
38.0	-92.0	-4.0
-36.0	-84.0	-12.0
34.0	-88.0	0.0
34.0	-88.0	0.0
34.0	-92.0	-6.0
36.0	-92.0	-4.0
36.0	-92.0	22.0
36.0	-92.0	22.0
-40.0	-90.0	-2.0
-40.0	-90.0	16.0
54.0	-60.0	-12.0
-32.0	-30.0	-12.0
56.0	-54.0	-16.0
58.0	-54.0	-16.0
58.0	-54.0	-12.0
58.0	-60.0	-12.0
54.0	-60.0	-12.0
54.0	-60.0	-14.0
-40.0	-90.0	16.0
54.0	-60.0	-14.0
-40.0	-80.0	-2.0
54.0	-60.0	-14.0
-46.0	-82.0	-6.0
-46.0	-82.0	16.0
-46.0	-90.0	16.0
40.0	-82.0	12.0
40.0	-92.0	12.0
34.0	-54.0	-18.0
30.0	-44.0	-16.0
30.0	-52.0	-16.0
30.0	-52.0	-16.0
30.0	-52.0	-16.0
30.0	-52.0	-18.0
30.0	-54.0	-18.0
-46.0	-82.0	-6.0
40.0	-82.0	4.0
40.0	-82.0	4.0
40.0	-82.0	4.0
34.0	-92.0	22.0
26.0	-82.0	-46.0
26.0	-82.0	-46.0
22.0	-82.0	-42.0
12.0	-26.0	44.0
-14.0	-2.0	18.0
-14.0	-2.0	18.0
18.0	4.0	22.0
18.0	4.0	22.0
-4.0	-24.0	58.0
-4.0	-24.0	58.0
-34.0	-82.0	-12.0
58.0	-54.0	-16.0
-34.0	-82.0	-14.0
-40.0	-82.0	-14.0
-38.0	-80.0	-2.0
-38.0	-80.0	-2.0
-38.0	-80.0	-8.0
-38.0	-86.0	-8.0
-38.0	-86.0	-8.0
38.0	-86.0	12.0
38.0	-86.0	12.0
38.0	-86.0	18.0
38.0	-86.0	18.0
40.0	-86.0	18.0
40.0	-86.0	18.0
40.0	-86.0	4.0
38.0	-20.0	4.0
28.0	-12.0	-32.0
38.0	-92.0	12.0
18.0	-8.0	-28.0
40.0	32.0	30.0
0.0	-48.0	-22.0
2.0	-46.0	-6.0
18.0	-24.0	14.0
8.0	6.0	68.0
-20.0	14.0	68.0
38.0	2.0	60.0
28.0	-68.0	-58.0
-22.0	-68.0	-58.0
-22.0	-68.0	-58.0
36.0	-60.0	-44.0
-4.0	-76.0	-34.0
20.0	-66.0	-52.0
-4.0	-76.0	-34.0
-6.0	-74.0	-34.0
-6.0	-74.0	-34.0
36.0	-60.0	-44.0
-30.0	-74.0	-28.0
-8.0	-70.0	-28.0
-30.0	-74.0	-28.0
-42.0	-66.0	-34.0
-42.0	-66.0	-34.0
-42.0	-66.0	-36.0
-42.0	-64.0	-36.0
-28.0	-64.0	-36.0
-4.0	-76.0	-34.0
-4.0	-74.0	-34.0
-8.0	-70.0	-28.0
-2.0	-68.0	-42.0
-28.0	-68.0	-56.0
50.0	-56.0	-36.0
50.0	-46.0	-36.0
50.0	-46.0	-40.0
50.0	-46.0	-40.0
10.0	18.0	38.0
16.0	2.0	-4.0
-32.0	22.0	-4.0
36.0	18.0	0.0
54.0	16.0	-6.0
-14.0	-28.0	14.0
-18.0	20.0	4.0
8.0	10.0	12.0
26.0	-68.0	-52.0
-4.0	-60.0	-40.0
18.0	-50.0	-52.0
18.0	-50.0	-52.0
28.0	-70.0	-60.0
28.0	-70.0	-60.0
28.0	-70.0	-58.0
-4.0	22.0	42.0
46.0	-4.0	60.0
-44.0	-10.0	64.0
-20.0	-64.0	-25.0
-48.0	-54.0	-20.0
-24.0	-40.0	-46.0
2.0	-56.0	-32.0
-4.0	-60.0	-40.0
-6.0	-74.0	-46.0
-10.0	-76.0	-44.0
-6.0	-74.0	-46.0
34.0	-2.0	64.0
34.0	4.0	64.0
54.0	8.0	8.0
54.0	8.0	8.0
52.0	8.0	8.0
-44.0	-4.0	40.0
-38.0	-2.0	36.0
-38.0	-2.0	32.0
-38.0	-2.0	32.0
-44.0	-2.0	32.0
-44.0	-2.0	32.0
-44.0	-2.0	40.0
34.0	-2.0	54.0
-42.0	-4.0	40.0
44.0	0.0	38.0
44.0	0.0	38.0
44.0	0.0	36.0
44.0	6.0	36.0
52.0	6.0	36.0
52.0	6.0	36.0
26.0	4.0	64.0
-28.0	-46.0	42.0
-28.0	-46.0	42.0
-44.0	-62.0	-22.0
18.0	-8.0	-28.0
-48.0	-54.0	-20.0
52.0	6.0	8.0
34.0	-2.0	54.0
34.0	-2.0	54.0
34.0	6.0	54.0
-6.0	-74.0	-46.0
-6.0	-72.0	-46.0
-10.0	-72.0	-46.0
-10.0	-72.0	-46.0
-10.0	-72.0	-44.0
-6.0	-76.0	-44.0
-34.0	-70.0	-28.0
-6.0	-76.0	-44.0
36.0	-62.0	-52.0
36.0	-62.0	-52.0
-34.0	-64.0	-24.0
-34.0	-64.0	-24.0
-34.0	-64.0	-28.0
4.0	20.0	48.0
30.0	-70.0	46.0
8.0	0.0	70.0
4.0	18.0	48.0
-50.0	-2.0	36.0
54.0	8.0	28.0
54.0	2.0	28.0
50.0	2.0	28.0
28.0	4.0	62.0
28.0	4.0	62.0
28.0	4.0	60.0
28.0	6.0	60.0
34.0	6.0	60.0
34.0	6.0	60.0
-10.0	34.0	36.0
-10.0	22.0	36.0
30.0	-44.0	46.0
-10.0	22.0	30.0
-64.0	-14.0	-24.0
-56.0	-2.0	-12.0
-60.0	-36.0	0.0
52.0	-2.0	-16.0
52.0	-2.0	-16.0
-66.0	-32.0	2.0
-66.0	-32.0	2.0
-66.0	-32.0	0.0
-66.0	-36.0	0.0
68.0	-28.0	2.0
68.0	-28.0	2.0
-64.0	-8.0	-26.0
-64.0	-14.0	-34.0
-64.0	-8.0	-26.0
62.0	0.0	-24.0
-62.0	-16.0	-18.0
56.0	-30.0	-16.0
-20.0	-46.0	70.0
56.0	-30.0	-22.0
-40.0	0.0	48.0
-14.0	-20.0	8.0
8.0	-16.0	12.0
8.0	-16.0	12.0
8.0	-16.0	2.0
8.0	-24.0	2.0
18.0	-24.0	2.0
62.0	0.0	-24.0
-2.0	-58.0	18.0
-2.0	-58.0	36.0
-2.0	-58.0	36.0
30.0	-16.0	-28.0
-10.0	22.0	30.0
30.0	-16.0	-32.0
30.0	-12.0	-32.0
-38.0	-6.0	-12.0
38.0	-20.0	4.0
-38.0	-6.0	-12.0
-40.0	-18.0	0.0
-40.0	-18.0	0.0
-40.0	-18.0	-2.0
-40.0	-10.0	-2.0
-40.0	-10.0	-2.0
60.0	-58.0	16.0
54.0	-58.0	16.0
-56.0	-2.0	-12.0
62.0	4.0	-20.0
-64.0	-4.0	-34.0
-58.0	-4.0	-34.0
64.0	-10.0	-28.0
64.0	-10.0	-28.0
62.0	4.0	-26.0
62.0	4.0	-26.0
62.0	-14.0	-20.0
-64.0	-14.0	-24.0
50.0	-14.0	-20.0
0.0	-58.0	22.0
0.0	-58.0	22.0
18.0	-24.0	2.0
18.0	-24.0	6.0
-62.0	-16.0	-18.0
10.0	-14.0	6.0
-2.0	14.0	46.0
-2.0	14.0	46.0
12.0	26.0	26.0
12.0	26.0	26.0
12.0	26.0	44.0
12.0	26.0	44.0
10.0	26.0	44.0
10.0	26.0	44.0
10.0	26.0	54.0
10.0	20.0	54.0
4.0	20.0	54.0
4.0	20.0	54.0
-8.0	16.0	52.0
-8.0	34.0	52.0
-8.0	34.0	36.0
18.0	-14.0	6.0
-46.0	34.0	30.0
-46.0	34.0	30.0
-46.0	34.0	20.0
30.0	-16.0	-28.0
-46.0	32.0	20.0
-50.0	32.0	20.0
48.0	28.0	30.0
48.0	28.0	32.0
-8.0	34.0	36.0
48.0	30.0	32.0
48.0	30.0	32.0
-2.0	16.0	46.0
-2.0	16.0	52.0
48.0	28.0	30.0
-40.0	34.0	30.0
10.0	-14.0	6.0
-2.0	16.0	52.0
-48.0	30.0	22.0
-48.0	30.0	48.0
-48.0	0.0	48.0
-14.0	-20.0	8.0
-12.0	-20.0	8.0
-12.0	-16.0	8.0
-14.0	10.0	-4.0
40.0	-56.0	-36.0
40.0	-56.0	-36.0
40.0	-56.0	-26.0
40.0	-64.0	-26.0
-48.0	30.0	22.0
-14.0	10.0	-4.0
4.0	18.0	48.0
40.0	-64.0	-26.0
-40.0	0.0	48.0
-40.0	0.0	30.0
18.0	0.0	-4.0
18.0	0.0	-4.0
-12.0	-16.0	2.0
18.0	-12.0	-2.0
-14.0	-4.0	-6.0
-12.0	-16.0	2.0
-14.0	-4.0	-6.0
18.0	-12.0	-2.0

// Kronke KM, 2013: PMID 23357203-1
// Subjects=20
-57.0	-31.0	-23.0
18.0	-25.0	-29.0
60.0	-19.0	-23.0
-33.0	-34.0	1.0
-51.0	-31.0	-23.0
-27.0	-40.0	-2.0
-54.0	-34.0	-23.0
-39.0	47.0	-14.0
51.0	-19.0	-29.0
-60.0	-55.0	25.0
-33.0	-49.0	-5.0
-12.0	23.0	52.0
-15.0	-34.0	-29.0
-54.0	-31.0	-23.0
-15.0	-34.0	-29.0
-33.0	17.0	-17.0
-57.0	-43.0	-8.0
-33.0	-1.0	-8.0
51.0	-22.0	-23.0
45.0	20.0	-14.0
60.0	-52.0	31.0
-54.0	-67.0	28.0

// van Lutterveld R, 2013: PMID 23375942-1
// Subjects=20
69.0	-33.0	24.0
62.0	16.0	21.0
-38.0	42.0	24.0
52.0	7.0	18.0
-68.0	-36.0	9.0
45.0	-28.0	16.0
-6.0	-69.0	-3.0
-48.0	2.0	8.0
39.0	36.0	26.0
-17.0	-94.0	-3.0
10.0	-15.0	4.0
-56.0	-20.0	15.0
18.0	-56.0	-28.0
-49.0	12.0	-11.0
-30.0	-3.0	-13.0
-56.0	-6.0	-7.0
-36.0	-38.0	65.0
53.0	-24.0	-3.0
2.0	-30.0	26.0
-36.0	-14.0	65.0
54.0	-41.0	46.0
-28.0	44.0	12.0
-14.0	-18.0	6.0
-47.0	1.0	8.0
35.0	19.0	-4.0
-51.0	-32.0	36.0
-50.0	6.0	33.0
40.0	-4.0	4.0
44.0	16.0	10.0
-60.0	-56.0	20.0
-60.0	-20.0	40.0
28.0	27.0	-5.0
-24.0	-33.0	-6.0
20.0	-64.0	-30.0
-60.0	-29.0	19.0
0.0	12.0	42.0
64.0	-16.0	36.0
24.0	3.0	-12.0
60.0	-27.0	13.0
20.0	-54.0	-21.0
-44.0	0.0	6.0
53.0	11.0	-4.0
-47.0	-17.0	46.0
-30.0	-29.0	6.0
6.0	6.0	61.0
60.0	-24.0	44.0
48.0	24.0	0.0
-16.0	-24.0	-4.0
-55.0	-19.0	16.0
56.0	-16.0	20.0
-48.0	-40.0	24.0
60.0	8.0	12.0

// Pergola G, 2013: PMID 23435209-1
// Subjects=20
-46.5	16.5	-1.5
-45.0	21.0	6.0
-13.5	6.0	4.5
-19.5	-3.0	12.0
-15.0	19.5	-1.5
-33.0	-25.5	-3.0
-18.0	-25.5	7.5
-42.0	27.0	19.5
-22.5	13.5	-6.0
-21.0	6.0	-1.5
-55.5	12.0	6.0
-6.0	-19.5	7.5
-45.0	3.0	25.5
-6.0	22.5	42.0
-28.5	-24.0	-10.5
-34.5	1.5	33.0
43.5	36.0	3.0
48.0	30.0	16.5
-45.0	-61.5	21.0
-52.5	-60.0	-12.0
-63.0	-30.0	27.0
-10.5	-58.5	9.0
-3.0	-61.5	10.5
-9.0	-70.5	10.5
-15.0	-36.0	-6.0
-25.5	-31.5	-12.0
-30.0	28.5	42.0
-28.5	25.5	0.0
-45.0	-15.0	18.0
-9.0	18.0	-3.0
52.5	10.5	-4.5
-27.0	-37.5	4.5
-12.0	-79.5	3.0
-42.0	-24.0	10.5
-33.0	-28.5	15.0
-37.5	-37.5	12.0
-12.0	-52.5	0.0
-48.0	-19.5	-12.0
55.5	-61.5	-1.5
51.0	-55.5	-6.0
-21.0	-67.5	-9.0
0.0	4.5	34.5
-24.0	-55.5	0.0
-45.0	9.0	-4.5
42.0	-45.0	-19.5
-45.0	-12.0	9.0
19.5	3.0	-13.5
42.0	-73.5	4.5
-51.0	-55.5	7.5
6.0	-64.5	3.0
4.5	-76.5	1.5
-49.5	-39.0	16.5
-1.5	-13.5	7.5
-3.0	-6.0	3.0
-3.0	-21.0	12.0
-25.5	10.5	-10.5
-18.0	9.0	-6.0
9.0	-55.5	4.5
-25.5	28.5	39.0
-52.5	-69.0	-4.5
-7.5	-22.5	3.0
-4.5	66.0	3.0
-45.0	12.0	13.5
-24.0	22.5	-13.5
-3.0	48.0	33.0
12.0	43.5	15.0
-27.0	16.5	-16.5
-21.0	0.0	-15.0
-3.0	-51.0	16.5
-1.5	-63.0	16.5
-4.5	-37.5	24.0
-24.0	-31.5	-15.0
-10.5	-24.0	7.5
0.0	9.0	34.5
-15.0	-37.5	-7.5
4.5	-9.0	31.5
-18.0	-28.5	12.0
-10.5	-24.0	7.5
-24.0	-30.0	7.5
22.5	-28.5	-16.5
-24.0	-30.0	7.5
-18.0	-28.5	12.0
-9.0	58.5	28.5
-18.0	-25.5	7.5
4.5	-57.0	19.5
-40.5	-60.0	22.5
-48.0	-69.0	18.0
-55.5	-63.0	21.0
-3.0	-4.5	31.5
-6.0	-19.5	7.5
-24.0	-30.0	7.5
-3.0	-24.0	6.0
-13.5	-27.0	0.0
-22.5	-34.5	3.0
-13.5	-19.5	6.0
15.0	-19.5	10.5
15.0	-19.5	10.5
15.0	-19.5	10.5
15.0	-16.5	7.5
10.5	-21.0	4.5
-13.5	-27.0	0.0
7.5	-24.0	1.5
13.5	-19.5	1.5
13.5	-19.5	1.5
13.5	-19.5	1.5
10.5	-21.0	4.5
-10.5	-4.5	9.0
-16.5	55.5	31.5
-12.0	-9.0	12.0
-13.5	-9.0	12.0
7.5	-16.5	7.5
3.0	-10.5	6.0
3.0	-10.5	6.0
-10.5	-13.5	10.5
4.5	-4.5	1.5
-3.0	-21.0	12.0
-3.0	-6.0	3.0
-1.5	-13.5	7.5
-9.0	-4.5	6.0
4.5	-4.5	1.5

// Kalm K, 2013: PMID 23448522-1
// Subjects=20
44.0	-40.0	4.0
28.0	4.0	-6.0
40.0	-44.0	-12.0
52.0	-44.0	-14.0
-42.0	-40.0	-14.0
-56.0	8.0	2.0
-28.0	-22.0	-12.0
40.0	-16.0	64.0
-16.0	36.0	24.0
12.0	4.0	16.0
52.0	-40.0	40.0
32.0	24.0	0.0
-30.0	28.0	8.0
-60.0	-8.0	-4.0
56.0	-20.0	-2.0

// Brown TI, 2013: PMID 23448868-1
// Subjects=20
10.0	-42.0	6.0
-6.0	14.0	44.0
-30.0	24.0	0.0
34.0	8.0	52.0
-28.0	10.0	58.0
-30.0	62.0	18.0
46.0	30.0	26.0
36.0	54.0	18.0
-46.0	-26.0	54.0
32.0	-42.0	-8.0
-16.0	-96.0	16.0
-12.0	-54.0	12.0
-40.0	22.0	30.0
-36.0	-52.0	58.0
6.0	22.0	44.0
-32.0	-82.0	28.0
38.0	-78.0	30.0
-4.0	16.0	46.0
-2.0	-68.0	42.0
8.0	-66.0	52.0
-14.0	-60.0	16.0
14.0	-52.0	14.0
16.0	-78.0	8.0
12.0	-72.0	-6.0
-44.0	-54.0	-10.0
-6.0	-82.0	-40.0
34.0	-70.0	-50.0
-12.0	2.0	14.0
32.0	-56.0	54.0
30.0	24.0	0.0
32.0	20.0	8.0
-40.0	52.0	8.0
14.0	2.0	18.0
-32.0	22.0	10.0
-6.0	-60.0	40.0
38.0	-68.0	40.0
42.0	-44.0	48.0
-40.0	-50.0	46.0
-26.0	-14.0	50.0
6.0	28.0	40.0
38.0	12.0	52.0
-28.0	12.0	62.0
-10.0	4.0	50.0
48.0	30.0	32.0
-14.0	-92.0	-4.0
-44.0	24.0	32.0
12.0	-64.0	34.0
14.0	2.0	16.0
16.0	-88.0	2.0
-6.0	-8.0	6.0
10.0	-16.0	14.0
-30.0	-68.0	30.0
10.0	-48.0	-52.0
-28.0	2.0	52.0
-32.0	-42.0	46.0
-18.0	-34.0	-4.0
-12.0	2.0	14.0
-40.0	24.0	34.0
48.0	32.0	24.0
32.0	54.0	14.0
46.0	10.0	32.0
38.0	62.0	8.0
10.0	8.0	-8.0
-38.0	48.0	-2.0
18.0	-56.0	26.0
6.0	-10.0	-10.0
34.0	-46.0	36.0
-2.0	-70.0	42.0
14.0	-56.0	32.0
14.0	-82.0	10.0
-36.0	-60.0	-38.0
-18.0	-36.0	0.0
28.0	-38.0	0.0
62.0	-56.0	22.0
-22.0	-30.0	-14.0
28.0	-26.0	-16.0
-30.0	-34.0	-14.0
16.0	-34.0	-12.0
-62.0	-40.0	-10.0
16.0	2.0	10.0
-10.0	10.0	12.0
-10.0	-44.0	2.0
28.0	20.0	-10.0
-38.0	-2.0	58.0
-6.0	-62.0	22.0
-8.0	-24.0	30.0
10.0	-42.0	4.0
-34.0	-76.0	32.0
36.0	-68.0	44.0
-32.0	20.0	6.0
-2.0	-4.0	60.0
34.0	60.0	18.0
12.0	50.0	-12.0
-36.0	20.0	50.0
-16.0	-96.0	-14.0
16.0	-78.0	-26.0
10.0	-62.0	30.0
-34.0	-54.0	40.0
-26.0	-72.0	46.0
-34.0	-46.0	-36.0
-48.0	22.0	30.0
44.0	32.0	30.0
-42.0	48.0	6.0
14.0	-94.0	-2.0
40.0	-44.0	50.0
28.0	12.0	50.0
-10.0	12.0	46.0
-24.0	26.0	0.0
32.0	24.0	-6.0
10.0	-66.0	44.0
-22.0	-38.0	0.0
14.0	-38.0	2.0
-22.0	-28.0	-14.0
-26.0	-64.0	42.0
-24.0	-30.0	-24.0
-8.0	-46.0	42.0
66.0	-14.0	-18.0
54.0	0.0	-8.0
-52.0	-62.0	34.0
-20.0	-74.0	18.0
-14.0	-14.0	54.0
6.0	14.0	26.0
-18.0	32.0	48.0
34.0	34.0	-16.0
-10.0	-44.0	2.0
14.0	14.0	-4.0
-6.0	8.0	4.0
-20.0	54.0	18.0
-30.0	-14.0	-16.0

// Ansado J, 2013: PMID 23453977-1
// Subjects=20
-12.0	52.0	38.0
4.0	50.0	40.0
12.0	56.0	34.0
12.0	56.0	34.0
-8.0	52.0	6.0
4.0	50.0	40.0
4.0	50.0	40.0
-20.0	48.0	30.0
-12.0	52.0	38.0
-20.0	48.0	30.0
-20.0	48.0	30.0
28.0	48.0	36.0
12.0	56.0	34.0
-12.0	52.0	38.0
-8.0	28.0	22.0
28.0	48.0	36.0
4.0	32.0	18.0
4.0	32.0	18.0
4.0	26.0	18.0
4.0	26.0	36.0
4.0	26.0	36.0
4.0	26.0	36.0
20.0	44.0	20.0
4.0	26.0	36.0
-62.0	-2.0	20.0
60.0	2.0	20.0
38.0	-12.0	20.0
4.0	26.0	36.0
-62.0	-26.0	8.0
4.0	52.0	8.0
4.0	26.0	36.0
68.0	-16.0	8.0
18.0	44.0	18.0
62.0	-6.0	4.0
24.0	4.0	-8.0
50.0	-36.0	-16.0
68.0	-44.0	0.0
68.0	-44.0	0.0
-12.0	16.0	6.0
16.0	18.0	4.0
50.0	-36.0	-16.0
68.0	-44.0	0.0
16.0	18.0	4.0
16.0	18.0	8.0
16.0	18.0	8.0
16.0	18.0	8.0
-26.0	8.0	-2.0
-8.0	28.0	22.0
16.0	18.0	4.0
50.0	-36.0	-16.0
24.0	4.0	-8.0
26.0	44.0	52.0
24.0	16.0	0.0
24.0	16.0	0.0
28.0	50.0	36.0
28.0	50.0	36.0
28.0	50.0	36.0
26.0	44.0	52.0
24.0	16.0	0.0
26.0	44.0	52.0
-20.0	40.0	42.0
-20.0	40.0	42.0
20.0	44.0	18.0
-50.0	-6.0	4.0
20.0	44.0	18.0
-20.0	40.0	42.0
24.0	16.0	-8.0
28.0	48.0	36.0
-8.0	28.0	22.0
34.0	-84.0	26.0
8.0	30.0	24.0
-8.0	26.0	32.0
-8.0	26.0	32.0
-8.0	26.0	20.0
-8.0	26.0	20.0
-8.0	26.0	20.0
4.0	30.0	24.0
60.0	-6.0	8.0
8.0	30.0	24.0
8.0	30.0	30.0
8.0	30.0	30.0
6.0	28.0	56.0
6.0	28.0	56.0
6.0	28.0	56.0
-46.0	-4.0	38.0
-16.0	-76.0	48.0
44.0	-6.0	44.0
-28.0	-38.0	-2.0
-16.0	-76.0	48.0
20.0	44.0	20.0
-20.0	-48.0	-6.0
-20.0	-48.0	-6.0
-18.0	-50.0	-4.0
-14.0	-52.0	0.0
-14.0	-52.0	0.0
-20.0	-48.0	-6.0
-14.0	-52.0	0.0
14.0	-44.0	0.0
14.0	-44.0	0.0
14.0	-44.0	0.0
-22.0	-64.0	52.0
-16.0	-64.0	52.0
-16.0	-76.0	52.0
14.0	-48.0	-2.0
8.0	30.0	30.0
-16.0	-86.0	46.0
2.0	18.0	50.0
18.0	-74.0	40.0
18.0	-74.0	40.0
-40.0	-86.0	24.0
36.0	-84.0	24.0
28.0	26.0	2.0
32.0	-88.0	30.0
18.0	-74.0	40.0
20.0	-98.0	26.0
20.0	-98.0	26.0
18.0	12.0	22.0
-16.0	8.0	20.0
32.0	-88.0	30.0
20.0	44.0	20.0
-16.0	-76.0	48.0
20.0	-98.0	26.0
18.0	-74.0	40.0
32.0	-88.0	30.0
10.0	26.0	32.0
18.0	-60.0	40.0
-24.0	6.0	-6.0
-16.0	-80.0	44.0
-16.0	-80.0	44.0
12.0	-84.0	40.0
-16.0	-86.0	46.0
18.0	-84.0	40.0
-16.0	-80.0	44.0
18.0	-74.0	48.0
18.0	-74.0	48.0
18.0	-74.0	48.0
-28.0	-96.0	22.0
-6.0	26.0	32.0
18.0	-74.0	40.0
22.0	-60.0	40.0
-16.0	-80.0	46.0

// Szpunar KK, 2014: PMID 23482621-1
// Subjects=20
-4.0	56.0	15.0
0.0	38.0	-14.0
-10.0	28.0	-4.0
-8.0	46.0	-3.0
-12.0	44.0	41.0
-6.0	-58.0	22.0
-21.0	33.0	42.0
-4.0	44.0	-9.0
-6.0	55.0	19.0
-15.0	38.0	50.0
-28.0	-35.0	-6.0
-10.0	40.0	9.0
-2.0	52.0	0.0
-25.0	-27.0	-3.0
-4.0	42.0	10.0
-42.0	21.0	22.0
-37.0	8.0	30.0
-62.0	-18.0	-8.0
-58.0	-14.0	-10.0
-58.0	-14.0	-10.0
39.0	-74.0	37.0
-13.0	-54.0	17.0
-25.0	-27.0	-3.0
-40.0	-76.0	30.0
-1.0	-47.0	7.0
-40.0	-71.0	28.0
-5.0	-54.0	24.0
9.0	44.0	-9.0
1.0	50.0	-9.0
4.0	-51.0	-27.0
-1.0	-29.0	-16.0
-16.0	7.0	1.0
-3.0	-9.0	8.0
1.0	-19.0	-6.0
-6.0	9.0	0.0
15.0	-10.0	-1.0
-3.0	-23.0	-8.0
0.0	-31.0	-14.0
0.0	-31.0	-16.0
-1.0	-21.0	-8.0
-3.0	-9.0	8.0
25.0	-31.0	-11.0
15.0	-10.0	-1.0
-17.0	-14.0	-10.0
-11.0	8.0	18.0
-18.0	1.0	0.0
-11.0	8.0	18.0
-18.0	1.0	0.0
4.0	-53.0	-32.0
6.0	-56.0	-36.0
17.0	-71.0	-19.0
17.0	-73.0	-21.0
9.0	-81.0	-24.0
39.0	-71.0	-27.0
43.0	-70.0	-27.0
43.0	-69.0	-25.0
-17.0	-14.0	-10.0
6.0	-57.0	-27.0
-42.0	-66.0	26.0

// Wen X, 2013: PMID 23501216-1
// Subjects=20
-30.0	-33.0	-5.0
3.0	-51.0	17.0
-48.0	-57.0	31.0
3.0	45.0	12.0
53.0	-57.0	29.0
62.0	7.0	-16.0
-9.0	42.0	24.0
-48.0	-56.0	40.0
24.0	-22.0	-9.0
9.0	-51.0	21.0
50.0	-59.0	36.0
65.0	-35.0	-5.0
-59.0	-21.0	-16.0
-59.0	-12.0	-13.0

// Xiao Q, 2013: PMID 23526961-1
// Subjects=20
-21.0	-75.0	51.0
60.0	-24.0	6.0
-39.0	-3.0	60.0
45.0	3.0	48.0
-21.0	54.0	27.0
21.0	51.0	24.0
24.0	-63.0	54.0
30.0	-36.0	-3.0
-12.0	-66.0	60.0
15.0	30.0	24.0
27.0	3.0	-27.0
-30.0	-36.0	-3.0
-9.0	12.0	6.0
6.0	-57.0	48.0
3.0	51.0	-9.0

// Risius UM, 2013: PMID 23580061-1
// Subjects=20
58.0	-36.0	-8.0
36.0	-12.0	22.0
44.0	18.0	0.0
12.0	-96.0	10.0
-2.0	-80.0	28.0
-2.0	-64.0	24.0
-2.0	-56.0	30.0
-8.0	-50.0	36.0
-32.0	-48.0	-2.0
-28.0	-42.0	-6.0
-34.0	-50.0	-10.0
34.0	-48.0	-4.0
-42.0	-50.0	8.0
10.0	-40.0	2.0
-36.0	-32.0	22.0
-20.0	-36.0	0.0
14.0	-16.0	36.0
52.0	-52.0	10.0
-44.0	22.0	-18.0
56.0	-62.0	2.0
-54.0	12.0	-8.0
-60.0	-30.0	22.0
-52.0	-34.0	10.0
38.0	-32.0	12.0
60.0	-50.0	0.0
56.0	-44.0	20.0
-32.0	-24.0	-26.0
62.0	-50.0	20.0
-52.0	-42.0	10.0
-52.0	-62.0	4.0
-44.0	-52.0	4.0
-14.0	-48.0	40.0
58.0	-60.0	-6.0
-6.0	-44.0	8.0
-52.0	14.0	20.0
2.0	36.0	38.0
36.0	-84.0	30.0
-24.0	-86.0	10.0
-32.0	-88.0	14.0
-14.0	-84.0	22.0
30.0	-86.0	-16.0
-22.0	-26.0	-20.0
-58.0	12.0	16.0
38.0	-72.0	16.0
-22.0	12.0	0.0
-30.0	2.0	-2.0
22.0	14.0	-2.0
-52.0	12.0	6.0
-34.0	24.0	-12.0
24.0	-20.0	-16.0
-30.0	-6.0	-26.0
30.0	-72.0	22.0
62.0	-54.0	12.0
-56.0	-52.0	34.0
-24.0	54.0	6.0
-38.0	24.0	40.0
-48.0	-44.0	34.0
-52.0	-30.0	24.0
-40.0	-32.0	10.0
-46.0	32.0	16.0
-14.0	-56.0	-10.0
14.0	-60.0	-8.0
54.0	-4.0	40.0
-42.0	-2.0	30.0
-46.0	-12.0	38.0
58.0	-22.0	42.0
36.0	-18.0	4.0
-16.0	-68.0	-6.0
-44.0	40.0	0.0
52.0	-68.0	26.0
54.0	-68.0	14.0
46.0	-4.0	-14.0
6.0	-16.0	34.0
-14.0	-66.0	4.0
-14.0	-72.0	8.0
-54.0	-48.0	50.0
-46.0	-58.0	46.0
-42.0	-56.0	48.0
32.0	-42.0	52.0
44.0	20.0	-24.0
58.0	-48.0	40.0
52.0	-10.0	18.0
46.0	-12.0	20.0
-60.0	-6.0	12.0
-36.0	26.0	4.0
50.0	-66.0	40.0
-46.0	-58.0	34.0
50.0	-18.0	12.0
16.0	-42.0	50.0
-12.0	-80.0	12.0
50.0	0.0	-26.0
-52.0	-46.0	12.0
6.0	-38.0	10.0
12.0	-40.0	48.0
-22.0	48.0	26.0
-36.0	12.0	14.0
-10.0	-44.0	46.0
-48.0	10.0	-22.0
-44.0	-14.0	6.0
28.0	-16.0	-22.0
-14.0	-8.0	18.0
-54.0	-10.0	24.0
6.0	-52.0	20.0
12.0	-58.0	24.0
-6.0	-54.0	8.0
-28.0	-18.0	-16.0
-12.0	-50.0	36.0
28.0	-16.0	4.0
0.0	40.0	10.0
36.0	-80.0	-4.0
40.0	-76.0	2.0
-34.0	44.0	16.0
-2.0	56.0	22.0
-48.0	-70.0	18.0
-40.0	-54.0	12.0
-34.0	-86.0	-8.0
50.0	-72.0	2.0
-42.0	-68.0	20.0
-52.0	-46.0	8.0
42.0	-34.0	12.0
-32.0	44.0	16.0
34.0	-50.0	-4.0
-6.0	-36.0	30.0
50.0	-50.0	4.0
-2.0	38.0	12.0
40.0	-32.0	18.0
-52.0	-28.0	12.0
62.0	-22.0	12.0
52.0	4.0	-2.0
48.0	-38.0	4.0
-24.0	-40.0	0.0
58.0	-38.0	32.0
56.0	-36.0	34.0
-60.0	-30.0	14.0
-62.0	-24.0	16.0
12.0	-42.0	46.0
2.0	50.0	22.0
0.0	46.0	32.0
-8.0	60.0	8.0
-14.0	60.0	8.0
10.0	-30.0	32.0
-32.0	-28.0	6.0
54.0	-16.0	40.0
0.0	-32.0	36.0
56.0	-48.0	30.0

// Zhang T, 2013: PMID 23631985-1
// Subjects=20
-31.7	-9.1	52.0
-45.5	27.9	13.3
7.9	6.6	54.9
-5.9	6.5	53.1
-5.9	51.5	19.5
33.7	10.0	43.7
-17.8	27.3	41.0
41.6	-7.5	44.6
21.8	19.9	48.8
-35.6	32.7	31.5
41.6	32.5	-10.0
-4.0	-47.1	28.1
-33.7	30.4	-13.3
7.9	33.3	44.4
45.5	-29.1	40.1
45.5	-74.1	-6.4
49.5	35.2	5.6
5.9	28.1	-19.9
55.4	-7.2	11.4
-43.6	-24.5	14.1
4.0	7.7	36.5
-2.0	-0.0	38.7
33.7	-20.0	-10.8
-5.9	44.8	1.4
29.7	-22.2	-17.4
5.9	41.5	14.5
-11.9	-63.4	14.2
-33.7	-21.9	-10.7
19.8	-55.8	10.2
-5.9	-22.1	63.7
-49.5	-66.5	-8.4
-11.9	-60.8	27.0
21.8	-60.4	-3.7
37.6	-42.4	46.3
59.4	-33.2	-3.4
-57.4	-35.0	0.1
33.7	-50.4	41.2
-47.5	-31.7	25.5
7.9	-50.3	43.0
-19.8	-64.5	30.9
-33.7	-40.6	42.6
-47.5	-17.4	41.4
51.5	-15.6	37.6
-7.9	-62.2	38.1
-45.5	-71.8	1.9
53.5	-39.6	-14.8
-51.5	-39.7	-16.5
33.7	19.0	-9.4
-51.5	-30.4	14.4
33.7	-43.4	-13.0
57.4	-19.3	2.8
-29.7	-28.2	-20.5
49.5	18.7	-14.4
-25.7	-2.8	-16.7
-31.7	21.3	-1.1
-35.6	32.7	33.4
-47.5	27.9	13.3
-19.8	46.2	30.9
35.6	40.4	31.1
-25.7	-16.2	-14.3
-23.8	-27.8	-12.1
-7.9	-62.0	3.1
-4.0	32.1	-18.4
-2.0	-38.7	42.5
-31.7	-8.4	64.9
-5.9	-56.0	45.2
55.4	-5.3	9.5
-25.7	-53.3	59.8
23.8	-55.4	58.0
-2.0	-38.9	38.8
-37.6	-28.7	47.5
35.6	-32.5	49.5
-37.6	-48.1	48.5
39.6	-44.2	48.3
39.6	-57.8	49.0
-57.4	-16.1	-11.0
-51.5	-22.4	-20.7
-45.5	-6.2	-8.1
-35.6	-24.2	-19.0
-13.9	30.1	-20.0
-33.7	-76.5	24.1
-39.6	5.6	-5.3
-2.0	14.8	-14.2
-23.8	-2.7	-15.0
-19.8	-7.0	-23.2
29.7	-18.1	-12.6
-25.7	-18.1	-12.6
53.5	1.8	36.8
-37.6	0.4	46.0
25.7	-12.6	-19.6
13.9	10.9	-15.7
-41.6	-18.6	15.7
59.4	13.9	6.7
5.9	28.1	-19.9
-4.0	26.2	-19.8
27.7	-0.8	-15.1
43.6	22.7	-11.2
53.5	-30.1	-18.7
-49.5	7.2	-12.1
-25.7	-0.2	-5.0
59.4	-29.4	-5.2
37.6	-84.9	11.6
19.8	-83.7	-4.2
-9.9	-70.2	33.0
-23.8	-82.0	29.9
-2.0	-81.0	11.4
9.9	-72.2	33.1
-33.7	-81.8	-4.3
57.4	-10.2	30.0
63.4	-23.8	28.8
-21.8	-65.4	51.2
4.0	-58.2	39.8
51.5	-58.7	30.6
-43.6	-67.9	40.2
-29.7	-69.7	44.0
-5.9	-57.9	45.3
39.6	-81.8	-4.3
49.5	-13.2	8.0
-57.4	-27.5	-5.3
29.7	3.6	-5.2
-39.6	1.8	-3.5
43.6	1.9	-1.8
-37.6	8.8	-18.9
-29.7	-16.8	-24.4
-43.6	-17.1	8.2
35.6	-26.3	-20.6
45.5	10.9	-15.7
-49.5	-24.3	-20.6
5.9	-51.7	54.2
59.4	-19.2	4.6
-49.5	-13.6	0.7

// Ross RS, 2013: PMID 23640112-1
// Subjects=20
10.0	8.0	0.0
44.0	40.0	-10.0
-14.0	44.0	48.0
-16.0	56.0	20.0
-8.0	52.0	14.0
-16.0	-98.0	-4.0
14.0	-90.0	2.0
-16.0	20.0	0.0
-22.0	10.0	-8.0
-8.0	6.0	0.0
-52.0	-50.0	-8.0
32.0	42.0	-4.0
-34.0	-42.0	-14.0
42.0	-42.0	-18.0
-30.0	32.0	-18.0
-54.0	34.0	-2.0
-2.0	-70.0	-22.0
-6.0	-60.0	26.0
10.0	-72.0	-24.0
30.0	-74.0	6.0
16.0	-72.0	6.0
26.0	-60.0	34.0
-2.0	28.0	46.0
10.0	18.0	40.0
-46.0	18.0	20.0
-50.0	22.0	28.0
2.0	32.0	54.0
-4.0	22.0	60.0
-36.0	0.0	42.0
-36.0	20.0	-10.0
10.0	-24.0	12.0
-6.0	-30.0	0.0
46.0	-60.0	-6.0
24.0	-90.0	-4.0
22.0	-40.0	-2.0
28.0	-72.0	-46.0
14.0	-50.0	-18.0
-26.0	-60.0	34.0
-32.0	-36.0	-8.0
46.0	34.0	0.0
14.0	-18.0	48.0
-12.0	-36.0	62.0
34.0	-40.0	-10.0
46.0	22.0	-12.0
50.0	26.0	26.0
-40.0	2.0	58.0
44.0	0.0	58.0
-14.0	-60.0	22.0
22.0	18.0	20.0
8.0	-30.0	60.0
36.0	-40.0	62.0
-28.0	-72.0	6.0
-46.0	-40.0	14.0
-36.0	-20.0	-18.0
-34.0	-34.0	-4.0
-6.0	-90.0	32.0
6.0	-8.0	34.0
12.0	-54.0	24.0
30.0	34.0	-14.0
-20.0	46.0	2.0
42.0	-52.0	18.0
-4.0	-24.0	-10.0
-16.0	-34.0	64.0
-14.0	20.0	16.0
38.0	-30.0	-10.0
32.0	-12.0	18.0
-10.0	-50.0	4.0
-60.0	-2.0	16.0
-44.0	-14.0	4.0
-58.0	-8.0	24.0
-52.0	-24.0	6.0
64.0	-2.0	18.0
40.0	-18.0	18.0
50.0	-20.0	6.0
58.0	-2.0	14.0
-32.0	-32.0	-6.0
36.0	-38.0	-2.0
-58.0	-58.0	22.0
-6.0	-58.0	-20.0
4.0	-66.0	24.0

// Lissek S, 2013: PMID 23684875-1
// Subjects=20
32.0	60.0	22.0
-40.0	30.0	0.0
-40.0	30.0	0.0
52.0	28.0	-6.0
52.0	28.0	-6.0
52.0	28.0	-6.0
-40.0	30.0	0.0
32.0	60.0	22.0
22.0	50.0	-4.0
22.0	50.0	-4.0
22.0	50.0	-4.0
-26.0	32.0	2.0
20.0	52.0	18.0
20.0	52.0	18.0
20.0	52.0	18.0
-16.0	42.0	18.0
26.0	52.0	38.0
32.0	60.0	22.0
-26.0	32.0	2.0
-22.0	52.0	16.0
10.0	-40.0	12.0
14.0	36.0	-2.0
14.0	36.0	-2.0
14.0	52.0	-8.0
14.0	52.0	-8.0
14.0	52.0	-8.0
-6.0	58.0	14.0
18.0	34.0	38.0
-6.0	58.0	14.0
0.0	60.0	8.0
0.0	60.0	8.0
0.0	60.0	8.0
14.0	36.0	-2.0
-14.0	50.0	4.0
-14.0	50.0	4.0
-16.0	42.0	18.0
-16.0	42.0	18.0
-6.0	58.0	14.0
-22.0	52.0	16.0
-22.0	52.0	16.0
-26.0	32.0	2.0
-14.0	50.0	4.0
2.0	42.0	2.0
24.0	2.0	-12.0
-40.0	28.0	30.0
-40.0	28.0	30.0
32.0	26.0	32.0
32.0	26.0	32.0
46.0	18.0	6.0
46.0	18.0	6.0
32.0	26.0	32.0
-32.0	-38.0	14.0
-40.0	28.0	30.0
46.0	18.0	6.0
28.0	-36.0	22.0
-32.0	-4.0	32.0
28.0	-36.0	22.0
-42.0	-20.0	10.0
-42.0	-20.0	10.0
-42.0	-20.0	10.0
40.0	6.0	4.0
18.0	34.0	38.0
28.0	-36.0	22.0
-32.0	-4.0	32.0
-32.0	-4.0	32.0
40.0	6.0	4.0
24.0	2.0	-12.0
24.0	2.0	-12.0
-10.0	44.0	-8.0
-10.0	44.0	-8.0
-10.0	44.0	-8.0
2.0	42.0	2.0
2.0	42.0	2.0
-5.0	38.0	4.0
-5.0	38.0	4.0
-5.0	38.0	4.0
-12.0	18.0	40.0
-12.0	18.0	40.0
26.0	52.0	38.0
20.0	2.0	40.0
20.0	2.0	40.0
20.0	2.0	40.0
30.0	-46.0	4.0
40.0	6.0	4.0
-12.0	18.0	40.0
26.0	52.0	38.0
18.0	34.0	38.0
-32.0	-32.0	-12.0
52.0	28.0	34.0
-22.0	-30.0	-15.0
40.0	-4.0	-12.0
-36.0	-44.0	12.0
-36.0	-44.0	12.0
-36.0	-44.0	12.0
28.0	18.0	8.0
28.0	18.0	8.0
28.0	18.0	8.0
28.0	0.0	24.0
28.0	0.0	24.0
52.0	28.0	34.0
-34.0	-8.0	2.0
-34.0	-8.0	2.0
-34.0	-8.0	2.0
6.0	60.0	-16.0
6.0	60.0	-16.0
-50.0	32.0	6.0
-50.0	32.0	6.0
44.0	38.0	36.0
-50.0	32.0	6.0
52.0	28.0	34.0
28.0	0.0	24.0
-46.0	26.0	24.0
-10.0	-40.0	12.0
44.0	44.0	30.0
44.0	44.0	30.0
20.0	36.0	52.0
34.0	24.0	54.0
20.0	36.0	52.0
34.0	24.0	54.0
34.0	24.0	54.0
20.0	36.0	52.0
44.0	44.0	30.0
-52.0	20.0	32.0
-46.0	26.0	24.0
-46.0	26.0	24.0
-52.0	20.0	32.0
-52.0	20.0	32.0
-38.0	0.0	34.0
-38.0	0.0	34.0
44.0	38.0	36.0
-38.0	0.0	34.0
44.0	38.0	36.0
-18.0	-28.0	48.0
6.0	60.0	-16.0
14.0	-40.0	10.0
28.0	-32.0	22.0
28.0	-32.0	22.0
28.0	-32.0	22.0
26.0	-26.0	8.0
-18.0	-24.0	-12.0
-34.0	-4.0	-28.0
-18.0	-28.0	48.0
-18.0	-28.0	48.0
-18.0	-18.0	44.0
-18.0	-18.0	44.0
-18.0	-18.0	44.0
12.0	36.0	24.0
12.0	36.0	24.0
12.0	36.0	24.0
4.0	-44.0	12.0
4.0	-44.0	12.0
-10.0	4.0	-6.0
-32.0	-35.0	20.0
10.0	-40.0	12.0
38.0	12.0	0.0
-38.0	-18.0	18.0
4.0	-44.0	12.0
22.0	-28.0	12.0
32.0	-26.0	6.0
34.0	-8.0	-4.0
34.0	-8.0	-4.0
-20.0	-32.0	10.0
34.0	-8.0	-4.0
28.0	18.0	8.0
14.0	-40.0	10.0
28.0	18.0	8.0
28.0	-12.0	4.0
28.0	18.0	8.0
24.0	10.0	0.0
24.0	10.0	0.0
24.0	10.0	0.0
-10.0	4.0	-6.0
-10.0	4.0	-6.0
10.0	-40.0	12.0
28.0	-12.0	4.0
14.0	-40.0	10.0
28.0	-12.0	4.0
-34.0	-34.0	12.0

// Bonelli SB, 2013: PMID 23715092-1
// Subjects=20
-30.0	-30.0	-14.0
32.0	2.0	-32.0
-26.0	-30.0	-14.0
-30.0	-20.0	-16.0
-34.0	-20.0	-22.0
-34.0	-24.0	-12.0
-34.0	-12.0	-18.0
-30.0	-28.0	-12.0
34.0	-14.0	-22.0
-32.0	-22.0	-12.0
-32.0	-32.0	-12.0

// Mayer KM, 2013: PMID 23720620-1
// Subjects=20
12.0	-78.0	9.0
33.0	-15.0	-24.0
30.0	-45.0	-12.0
-15.0	-9.0	-18.0
-30.0	-57.0	-12.0
-6.0	-69.0	6.0
15.0	-75.0	3.0
-27.0	-93.0	-6.0
33.0	-96.0	3.0
-36.0	-54.0	-21.0
39.0	-72.0	-9.0
18.0	-90.0	0.0
-33.0	-75.0	-18.0
48.0	-63.0	-9.0
36.0	-84.0	30.0
27.0	-99.0	-6.0
39.0	6.0	36.0
-48.0	-75.0	27.0
33.0	-78.0	-15.0
63.0	-24.0	33.0
27.0	0.0	57.0
54.0	21.0	3.0
45.0	33.0	-6.0
57.0	9.0	18.0
66.0	-45.0	15.0
39.0	-33.0	39.0
33.0	-72.0	-27.0
-36.0	60.0	-30.0
24.0	-72.0	-6.0
-18.0	-81.0	-9.0
-3.0	-96.0	-6.0
-42.0	-69.0	-6.0
15.0	-90.0	27.0
-33.0	-30.0	-12.0
6.0	-12.0	45.0
-24.0	51.0	21.0
-3.0	-96.0	-6.0
-3.0	-72.0	33.0
27.0	-72.0	27.0
33.0	-96.0	3.0
48.0	-63.0	-9.0
-42.0	-42.0	39.0
-54.0	-69.0	-3.0
24.0	-72.0	-6.0
-33.0	-30.0	-12.0
-33.0	-96.0	-9.0
-45.0	-57.0	-9.0
51.0	-63.0	-15.0
30.0	-51.0	48.0
-30.0	-3.0	51.0
-42.0	-69.0	-6.0
-6.0	21.0	42.0
6.0	-36.0	39.0
3.0	63.0	9.0
-30.0	-75.0	24.0
-3.0	27.0	39.0
-45.0	-66.0	-9.0
48.0	-66.0	-15.0
27.0	-72.0	27.0
12.0	18.0	48.0
57.0	-48.0	33.0
-51.0	15.0	0.0
30.0	30.0	-21.0
24.0	-66.0	21.0
0.0	48.0	12.0
-51.0	-66.0	33.0
-54.0	-69.0	-3.0
-45.0	-66.0	-9.0
-6.0	9.0	45.0
48.0	-66.0	-15.0

// Johnson JD, 2013: PMID 23734122-1
// Subjects=20
2.0	-21.0	11.0
-5.0	-21.0	39.0
-30.0	-35.0	-19.0
-53.0	-2.0	-23.0
-37.0	11.0	46.0
-25.0	-26.0	-12.0
19.0	-40.0	18.0
-7.0	61.0	4.0
19.0	-12.0	26.0
33.0	-51.0	5.0
-5.0	-53.0	11.0
18.0	-16.0	-14.0
-60.0	-46.0	-9.0
-32.0	21.0	-19.0
-4.0	0.0	49.0
23.0	2.0	53.0
54.0	5.0	35.0
-58.0	2.0	39.0
-46.0	-28.0	42.0
51.0	-30.0	46.0
-26.0	-5.0	47.0
37.0	12.0	46.0
-42.0	30.0	33.0
-12.0	-77.0	54.0
-37.0	-61.0	46.0
-46.0	11.0	46.0
2.0	35.0	30.0
-51.0	-53.0	16.0
-35.0	33.0	-12.0
30.0	-63.0	32.0
-46.0	25.0	28.0
-2.0	-56.0	33.0
4.0	-60.0	53.0
46.0	19.0	0.0
-44.0	26.0	39.0
-37.0	-53.0	44.0
51.0	-58.0	46.0
-35.0	-19.0	60.0
-12.0	-72.0	51.0
-40.0	19.0	9.0
37.0	-51.0	39.0
53.0	-4.0	5.0
-12.0	-72.0	51.0
53.0	-35.0	51.0
-37.0	-53.0	44.0
-9.0	51.0	-7.0
-46.0	25.0	28.0
28.0	-39.0	-12.0
21.0	-54.0	14.0
-44.0	26.0	39.0
-60.0	-26.0	14.0
-2.0	-56.0	33.0
-18.0	-56.0	16.0
32.0	-35.0	-18.0
-7.0	-54.0	19.0
35.0	-75.0	35.0
32.0	-35.0	-18.0
-7.0	61.0	2.0
-30.0	-74.0	28.0
-19.0	-56.0	16.0
-32.0	-40.0	-16.0
-18.0	-56.0	18.0

// Wadehra S, 2013: PMID 23759649-1
// Subjects=20
-10.0	-94.0	0.0
-26.0	-80.0	44.0
46.0	-56.0	-18.0
-28.0	-24.0	-14.0
-54.0	18.0	28.0
-50.0	-52.0	-8.0
58.0	-60.0	36.0
-12.0	-54.0	42.0
52.0	8.0	-38.0
-24.0	-12.0	-20.0
-8.0	10.0	14.0
-18.0	20.0	-8.0
0.0	-78.0	8.0
8.0	8.0	10.0
20.0	18.0	-10.0
56.0	-54.0	-10.0
-18.0	-72.0	58.0
56.0	34.0	12.0
54.0	4.0	34.0
22.0	-52.0	48.0
-14.0	-88.0	4.0
30.0	-56.0	58.0
-28.0	-26.0	-14.0
-18.0	-50.0	56.0
28.0	-32.0	-8.0
54.0	26.0	38.0
-12.0	8.0	20.0
18.0	16.0	18.0
-54.0	-48.0	-14.0
-50.0	30.0	24.0
-56.0	-50.0	-16.0

// Cha J, 2013: PMID 23773060-1
// Subjects=20
-20.0	-36.0	-4.0
44.0	14.0	50.0
-4.0	-62.0	38.0
-10.0	-46.0	30.0
34.0	-34.0	-14.0
42.0	10.0	42.0
-52.0	-4.0	-16.0
-52.0	-4.0	-16.0
-26.0	-38.0	-6.0
-10.0	-46.0	30.0
-16.0	-42.0	14.0
42.0	10.0	42.0
-38.0	-12.0	-32.0
-26.0	-38.0	-6.0
0.0	-8.0	58.0
10.0	0.0	60.0
52.0	-58.0	-48.0
54.0	34.0	-2.0
-48.0	-78.0	46.0
0.0	-72.0	-22.0
34.0	-34.0	-14.0
42.0	38.0	30.0
-6.0	-48.0	28.0

// Bernard JA, 2013: PMID 23792980-1
// Subjects=20
-6.0	-52.0	22.0
-44.0	-72.0	42.0
46.0	-54.0	30.0
-54.0	-58.0	34.0
-8.0	-56.0	34.0
4.0	-40.0	40.0
-8.0	-48.0	36.0
-6.0	-28.0	0.0
-48.0	-34.0	20.0
-50.0	-48.0	-7.0
22.0	-59.0	-64.0
46.0	-18.0	8.0
-50.0	2.0	24.0
-52.0	-48.0	-2.0
12.0	18.0	14.0
6.0	-52.0	22.0
1.0	-46.0	-9.0
4.0	0.0	58.0
-6.0	-64.0	-10.0
50.0	-36.0	26.0
-44.0	-16.0	30.0
42.0	-28.0	-18.0
24.0	-68.0	18.0
-12.0	38.0	6.0
60.0	4.0	-6.0
-16.0	10.0	32.0
-4.0	-2.0	60.0
4.0	-20.0	78.0
-40.0	6.0	26.0
8.0	-88.0	24.0
-20.0	0.0	22.0
-18.0	-10.0	16.0
-20.0	2.0	22.0
34.0	-34.0	24.0
4.0	-52.0	30.0
-14.0	-82.0	-4.0
-36.0	-10.0	22.0
60.0	-32.0	34.0
58.0	-24.0	26.0
-58.0	-36.0	40.0
-48.0	6.0	8.0
-36.0	-12.0	14.0
46.0	-58.0	2.0
-48.0	-36.0	0.0
46.0	-18.0	8.0
58.0	-24.0	26.0
-58.0	-36.0	40.0
-46.0	6.0	8.0
0.0	-54.0	16.0
18.0	-61.0	-57.0
2.0	-60.0	40.0
60.0	-32.0	34.0
6.0	-62.0	-8.0
-56.0	-32.0	10.0
28.0	-20.0	54.0
-62.0	10.0	24.0
-62.0	8.0	26.0
60.0	-16.0	46.0
-26.0	-85.0	-44.0
44.0	-41.0	-45.0
8.0	-74.0	-50.0
58.0	-16.0	28.0
-13.0	-78.0	-24.0
1.0	-46.0	-61.0
-16.0	-43.0	-29.0
-66.0	-20.0	28.0
46.0	-58.0	2.0
52.0	-66.0	30.0
-36.0	-12.0	14.0
49.0	-70.0	-48.0
8.0	-48.0	42.0
32.0	-12.0	-6.0
0.0	-52.0	46.0
34.0	-50.0	-6.0
-22.0	-28.0	-10.0
-26.0	16.0	-28.0
-36.0	12.0	36.0
4.0	0.0	38.0
-62.0	-64.0	4.0
-2.0	-10.0	10.0
10.0	-58.0	60.0
46.0	-72.0	16.0
-6.0	14.0	2.0
28.0	10.0	56.0
32.0	-4.0	56.0
44.0	2.0	40.0
-42.0	0.0	50.0
-36.0	-76.0	28.0
26.0	-24.0	8.0
20.0	-82.0	10.0
20.0	-14.0	10.0
-32.0	-14.0	40.0
20.0	-60.0	12.0
4.0	-2.0	36.0
-32.0	-36.0	68.0
-54.0	-2.0	24.0
12.0	-50.0	48.0
-12.0	-36.0	40.0
18.0	-82.0	8.0
0.0	24.0	34.0
-24.0	12.0	-28.0
-33.0	-69.0	-59.0
23.0	-57.0	-64.0
38.0	-2.0	-28.0
30.0	-4.0	4.0
-26.0	-36.0	4.0
-46.0	4.0	34.0
-2.0	-44.0	6.0
-4.0	22.0	30.0
-32.0	-14.0	-2.0
56.0	40.0	10.0
-42.0	12.0	-8.0
-2.0	-56.0	14.0
32.0	58.0	24.0
46.0	58.0	16.0
-18.0	-34.0	-10.0
6.0	-88.0	-8.0
-44.0	-46.0	30.0
5.0	-50.0	-63.0
22.0	-59.0	-64.0
34.0	18.0	6.0
34.0	-74.0	-20.0
28.0	-58.0	-18.0
-30.0	-56.0	-22.0
22.0	-59.0	-64.0
-56.0	-10.0	10.0
-48.0	-38.0	44.0
30.0	-6.0	-22.0
26.0	-6.0	-4.0
-26.0	64.0	8.0
-2.0	-94.0	-12.0
-2.0	-10.0	10.0
48.0	-62.0	34.0
-46.0	-68.0	-28.0
-66.0	-22.0	-14.0
-2.0	-10.0	10.0
-4.0	-20.0	44.0
50.0	12.0	-12.0
66.0	-50.0	-6.0
54.0	36.0	26.0
-40.0	12.0	36.0
-44.0	42.0	10.0
34.0	40.0	20.0
48.0	-61.0	-23.0
-14.0	-90.0	-25.0
-10.0	-75.0	-42.0
-3.0	-32.0	-15.0
4.0	12.0	0.0
16.0	24.0	0.0
-22.0	-22.0	-10.0
8.0	-74.0	-2.0
18.0	-18.0	38.0
-2.0	-54.0	56.0
-34.0	62.0	-4.0
8.0	-58.0	60.0
8.0	6.0	32.0
66.0	-8.0	32.0
34.0	34.0	50.0
38.0	34.0	46.0
56.0	38.0	10.0
-2.0	-94.0	-12.0
-26.0	-22.0	-8.0
-22.0	66.0	-4.0
-54.0	-24.0	22.0
28.0	-87.0	-25.0
20.0	26.0	52.0
-20.0	34.0	44.0
6.0	12.0	2.0
-6.0	16.0	-2.0
64.0	-50.0	-6.0
-64.0	-50.0	-12.0
-30.0	62.0	8.0
28.0	2.0	6.0
-24.0	58.0	8.0
2.0	58.0	-24.0
-24.0	66.0	-4.0
-6.0	20.0	-2.0
-22.0	-20.0	-19.0
20.0	-2.0	2.0
6.0	4.0	30.0
-42.0	0.0	52.0
-26.0	14.0	-26.0
42.0	-92.0	-12.0
-10.0	-6.0	18.0
44.0	58.0	14.0
-36.0	68.0	-6.0
38.0	32.0	48.0
-6.0	-50.0	76.0
54.0	44.0	-10.0
-26.0	-50.0	-6.0
26.0	-6.0	4.0
60.0	-64.0	22.0
42.0	-74.0	10.0
6.0	6.0	28.0
-2.0	34.0	24.0
-24.0	-66.0	-4.0
-2.0	-60.0	10.0
6.0	62.0	18.0
40.0	-4.0	-26.0
-2.0	-94.0	-12.0
-32.0	-14.0	-2.0
-14.0	32.0	46.0
20.0	-14.0	22.0
14.0	22.0	0.0
-6.0	-14.0	-2.0
30.0	-6.0	4.0
-30.0	-12.0	0.0
32.0	-6.0	-2.0
14.0	22.0	0.0
4.0	12.0	2.0
56.0	0.0	-26.0
-6.0	-14.0	-2.0
-18.0	-28.0	-12.0
-28.0	-30.0	-8.0
-2.0	-40.0	2.0
-16.0	-72.0	-42.0
-22.0	-30.0	-6.0
24.0	-28.0	-6.0
1.0	-28.0	-2.0
-22.0	-26.0	-6.0
0.0	24.0	34.0
2.0	-32.0	-21.0
11.0	-24.0	-13.0
1.0	-48.0	-35.0
-28.0	-46.0	-23.0
3.0	-60.0	0.0
-20.0	-47.0	-19.0
-16.0	-26.0	-11.0
-14.0	-72.0	-42.0
-12.0	-40.0	-10.0
-29.0	-84.0	-25.0
54.0	-55.0	-29.0
-45.0	-58.0	-28.0
0.0	-69.0	-41.0
-7.0	-60.0	-45.0
-16.0	-36.0	-46.0
-4.0	-39.0	-27.0
1.0	-33.0	-32.0
40.0	-76.0	-23.0
0.0	-55.0	-35.0
-9.0	-54.0	-34.0
-8.0	-56.0	-29.0
-43.0	-55.0	-27.0
13.0	-51.0	-38.0
-32.0	-85.0	-26.0
13.0	-54.0	-36.0
0.0	-64.0	-42.0
54.0	-57.0	-29.0
-25.0	-42.0	-57.0
21.0	-61.0	-39.0
4.0	-63.0	-2.0
22.0	-86.0	-23.0
-55.0	-53.0	-38.0
39.0	-60.0	-40.0
4.0	-62.0	-8.0
-22.0	-62.0	40.0
45.0	-62.0	-27.0
-15.0	-39.0	-41.0
39.0	-60.0	-40.0
-53.0	-59.0	-32.0
34.0	-73.0	-23.0
53.0	-59.0	-32.0
-41.0	-48.0	-30.0
48.0	-65.0	-26.0
17.0	-65.0	-43.0
12.0	-49.0	-13.0
-25.0	-54.0	-17.0
29.0	-49.0	-26.0
38.0	-60.0	-21.0
-1.0	-68.0	-31.0
16.0	-64.0	-37.0
-18.0	-52.0	-39.0
28.0	-54.0	-20.0
16.0	-54.0	-51.0
6.0	-25.0	-2.0
-11.0	-46.0	-42.0
4.0	-37.0	-47.0
19.0	-60.0	-27.0
-38.0	-38.0	-36.0
31.0	-42.0	-35.0
-32.0	-58.0	-21.0
-12.0	-68.0	-14.0
-20.0	-58.0	-14.0
1.0	-75.0	-31.0
-13.0	-47.0	-42.0
51.0	-66.0	-45.0
-7.0	-73.0	-32.0
6.0	48.0	12.0
-41.0	-46.0	-41.0
17.0	-57.0	-49.0
2.0	-34.0	-24.0
6.0	-75.0	-20.0
38.0	-64.0	-4.0
8.0	-84.0	22.0
28.0	-94.0	14.0
0.0	-36.0	-32.0
5.0	-33.0	-19.0
15.0	-32.0	-37.0
2.0	-70.0	-17.0
5.0	-51.0	0.0
-26.0	-53.0	-43.0
-12.0	-51.0	-35.0
8.0	-31.0	-11.0
-1.0	-33.0	-54.0
13.0	-29.0	-44.0
-16.0	-28.0	-32.0
28.0	-66.0	-18.0
-30.0	-71.0	-24.0
21.0	-88.0	-24.0
5.0	-54.0	-52.0
-15.0	-45.0	-12.0
11.0	-31.0	-40.0
-30.0	-60.0	-22.0
-31.0	-81.0	-26.0
-23.0	-49.0	-19.0
-28.0	-82.0	-26.0
21.0	-88.0	-24.0
46.0	-62.0	-44.0
42.0	-80.0	-40.0
-14.0	-41.0	-45.0
22.0	-37.0	-45.0
-44.0	-54.0	-26.0
40.0	-60.0	-41.0
15.0	-85.0	-40.0
0.0	-36.0	-31.0
-16.0	-23.0	-15.0
35.0	-71.0	-38.0
47.0	-60.0	-26.0
-12.0	-47.0	-12.0
-21.0	-42.0	-16.0
-17.0	-37.0	-44.0
12.0	-79.0	-46.0
3.0	-55.0	-1.0
-17.0	-27.0	-11.0
28.0	-85.0	-26.0
-34.0	-51.0	-52.0
35.0	-56.0	-57.0
-35.0	-46.0	-59.0
-28.0	-53.0	-58.0
-14.0	-52.0	-62.0
-24.0	-44.0	-46.0
49.0	-64.0	-46.0
22.0	-45.0	-49.0
14.0	-60.0	-51.0
27.0	-87.0	-26.0
-12.0	-28.0	-40.0
1.0	-74.0	-31.0
-1.0	-33.0	-1.0
-21.0	-65.0	-32.0
-3.0	-67.0	-31.0
20.0	-60.0	-36.0
-5.0	-62.0	-19.0
-24.0	-49.0	-19.0
-17.0	-40.0	-45.0
7.0	-35.0	1.0
-4.0	-29.0	4.0
30.0	-40.0	-40.0
30.0	-57.0	-33.0
-5.0	-74.0	-12.0
-26.0	-51.0	-23.0
20.0	-69.0	-61.0
5.0	-52.0	1.0
32.0	-56.0	-56.0
-30.0	-47.0	-54.0
12.0	-59.0	-49.0
-28.0	-58.0	-24.0
-1.0	-45.0	-7.0
50.0	-62.0	-46.0
1.0	-24.0	-10.0
-44.0	-55.0	-25.0
-28.0	-54.0	-58.0
31.0	-39.0	-27.0
28.0	-87.0	-26.0
43.0	-4.0	-53.0
31.0	-74.0	-54.0
-45.0	-68.0	-28.0
12.0	-77.0	-48.0
0.0	-35.0	-31.0
23.0	-37.0	-23.0
-27.0	-38.0	-22.0
-22.0	-48.0	-18.0
7.0	-54.0	-38.0
-15.0	-42.0	-44.0
-41.0	-46.0	-42.0
-27.0	-77.0	-49.0
-22.0	-76.0	-38.0
-9.0	-84.0	-42.0
-7.0	-84.0	-24.0
41.0	-66.0	-26.0
-32.0	-84.0	-34.0
-27.0	-81.0	-26.0
9.0	-73.0	-31.0
-20.0	-91.0	-29.0
28.0	-32.0	-27.0
-56.0	-70.0	26.0
-43.0	-56.0	-28.0
-22.0	-45.0	-19.0
8.0	-53.0	-39.0
11.0	-39.0	-44.0
0.0	-35.0	-30.0
-17.0	-31.0	-31.0
-11.0	-25.0	-37.0
-12.0	-47.0	-41.0
42.0	-70.0	-35.0
-45.0	-67.0	-28.0
24.0	-84.0	-24.0
14.0	-55.0	-12.0
23.0	-38.0	-41.0
-26.0	-41.0	-56.0
46.0	-71.0	-40.0
4.0	-57.0	-3.0
-2.0	-57.0	-42.0
13.0	-50.0	-41.0
15.0	-51.0	-14.0
6.0	-36.0	-29.0
-10.0	-23.0	-42.0
-17.0	-31.0	-32.0
13.0	-32.0	-37.0
0.0	-34.0	-30.0
-31.0	-71.0	-20.0
-12.0	-67.0	-17.0
49.0	-62.0	-30.0
24.0	-60.0	-20.0
4.0	-63.0	-32.0
-25.0	-53.0	-42.0
-14.0	-70.0	-41.0
29.0	-85.0	-26.0
-45.0	-68.0	-28.0
-42.0	-54.0	-27.0
43.0	-54.0	-53.0
-27.0	-41.0	-56.0
32.0	-60.0	-34.0
23.0	-38.0	-42.0
-1.0	-38.0	-39.0
-3.0	-33.0	-15.0
10.0	-32.0	1.0
3.0	-28.0	3.0
12.0	-32.0	-39.0
22.0	-58.0	-27.0
29.0	-55.0	-26.0
37.0	-62.0	-20.0
-17.0	-41.0	-46.0
-22.0	-62.0	-18.0
-18.0	-55.0	-15.0
-11.0	-66.0	-21.0
16.0	-60.0	-16.0
49.0	-63.0	-27.0
-24.0	-52.0	-40.0
-19.0	-58.0	-38.0
8.0	-66.0	-3.0
-48.0	-45.0	-25.0
-14.0	-54.0	-23.0
23.0	-57.0	-18.0
-19.0	-80.0	-31.0
14.0	-8.0	13.0
-22.0	2.0	22.0
12.0	-18.0	6.0
4.0	-82.0	6.0
-4.0	80.0	40.0
52.0	-46.0	36.0
32.0	46.0	18.0
0.0	-74.0	46.0
-28.0	42.0	20.0
42.0	-60.0	38.0
-54.0	-58.0	30.0
-10.0	42.0	10.0
-6.0	-63.0	-14.0
40.0	-16.0	42.0
-14.0	4.0	-14.0
0.0	18.0	-2.0
-8.0	36.0	22.0
-50.0	16.0	-6.0
56.0	-50.0	34.0
-17.0	-40.0	-17.0
44.0	56.0	-18.0
-36.0	50.0	28.0
-12.0	10.0	12.0
-8.0	40.0	12.0
14.0	-10.0	14.0
-2.0	-78.0	38.0
-14.0	24.0	26.0
18.0	-35.0	-22.0
4.0	44.0	-14.0
4.0	-38.0	40.0
4.0	-20.0	42.0
36.0	-72.0	22.0
-8.0	32.0	24.0
-43.0	-43.0	-28.0
-14.0	-47.0	-41.0
-10.0	-44.0	-8.0
4.0	54.0	4.0
-30.0	56.0	20.0
-44.0	-30.0	4.0
-36.0	50.0	28.0
-60.0	-34.0	22.0
0.0	20.0	2.0
-10.0	40.0	10.0
54.0	-24.0	42.0
38.0	52.0	22.0
40.0	0.0	56.0
-20.0	-51.0	-16.0
-28.0	-10.0	-10.0
19.0	-37.0	-20.0
-16.0	-86.0	24.0
18.0	-58.0	4.0
18.0	-30.0	-6.0
-24.0	-28.0	-8.0
32.0	-48.0	-8.0
8.0	20.0	50.0
-40.0	-20.0	20.0
33.0	-64.0	-22.0
48.0	6.0	2.0
-52.0	-28.0	38.0
-26.0	22.0	50.0
50.0	-30.0	24.0
-8.0	42.0	14.0
-12.0	8.0	6.0
38.0	0.0	60.0
34.0	-16.0	-18.0
-14.0	6.0	-14.0
40.0	46.0	26.0
-30.0	56.0	29.0
20.0	6.0	-12.0
20.0	-24.0	18.0
-56.0	12.0	-2.0
14.0	12.0	14.0
-12.0	-4.0	12.0
0.0	-58.0	48.0
12.0	26.0	-4.0
0.0	-74.0	32.0
-38.0	48.0	28.0
-6.0	14.0	34.0
-36.0	-18.0	40.0
28.0	24.0	2.0
-2.0	-54.0	-36.0
-35.0	-42.0	-37.0
23.0	-45.0	-51.0
19.0	-41.0	-46.0
12.0	-28.0	-12.0
-3.0	-41.0	-1.0
-30.0	-36.0	-46.0
46.0	-72.0	-28.0
-5.0	-56.0	-15.0
2.0	-63.0	-41.0
7.0	-70.0	-16.0
-23.0	-36.0	-44.0
21.0	-38.0	-47.0
9.0	-79.0	-35.0
35.0	-67.0	-54.0
26.0	-38.0	-43.0
2.0	-40.0	-1.0
0.0	-48.0	-35.0
-24.0	-31.0	-34.0
-17.0	-83.0	-46.0
29.0	-70.0	-14.0
8.0	-61.0	-6.0
54.0	-28.0	22.0
-50.0	-71.0	-30.0
-32.0	-59.0	-61.0
27.0	-35.0	-36.0
27.0	-38.0	-41.0
0.0	-69.0	-21.0
-16.0	-76.0	-35.0
-2.0	-52.0	-37.0
3.0	-53.0	-21.0
0.0	-65.0	-35.0
7.0	-28.0	5.0
-6.0	-33.0	6.0
4.0	-74.0	-18.0
13.0	-76.0	-29.0
12.0	-27.0	-7.0
-52.0	-20.0	6.0
11.0	-31.0	5.0
20.0	-73.0	-15.0
-26.0	-68.0	-22.0
29.0	-62.0	-58.0
18.0	-49.0	-52.0
34.0	-49.0	-56.0
-2.0	-57.0	-36.0
25.0	-61.0	-15.0
7.0	-69.0	-12.0
30.0	-70.0	-20.0
20.0	0.0	-12.0
-52.0	16.0	-8.0
-17.0	-36.0	-48.0
-10.0	-2.0	10.0
58.0	0.0	8.0
38.0	46.0	30.0
-4.0	-28.0	-2.0
-2.0	-70.0	-23.0
-3.0	-54.0	-15.0
-8.0	-8.0	8.0
19.0	-47.0	-51.0
-14.0	-79.0	-49.0
-48.0	-54.0	-45.0
-29.0	-60.0	-60.0
21.0	-57.0	-20.0
-40.0	-76.0	-27.0
34.0	-78.0	-31.0
10.0	-55.0	-11.0
48.0	-73.0	-30.0
10.0	-43.0	-15.0
5.0	-53.0	-45.0
28.0	-54.0	-55.0
32.0	-71.0	-44.0
13.0	-87.0	-29.0
-17.0	-51.0	-24.0
5.0	-55.0	-16.0
-21.0	-80.0	-51.0
0.0	-70.0	-37.0

// Abraham A, 2014: PMID 23807175-1
// Subjects=20
-55.5	3.2	-0.4
28.2	-95.7	7.0
-40.5	-46.4	-9.7
48.1	8.5	3.6
-29.4	-39.0	43.0
-52.0	-67.1	12.2
-32.9	-15.7	14.4
-42.3	-26.7	38.8
-55.4	-47.8	0.6
49.1	52.1	3.3
8.3	39.3	-20.8
-39.0	-64.7	42.0
34.1	-15.8	-19.9
-26.6	-39.4	-3.8
-51.9	-48.7	30.7
-7.2	-47.8	10.1
-10.2	-38.9	42.8
-23.7	29.6	-19.7
-38.9	-69.2	52.4
-46.1	43.2	-7.2
31.2	-81.4	-14.3
34.0	36.3	-20.9
-42.6	6.9	19.3
-10.2	-54.2	37.4
-52.2	-32.7	2.6
-55.3	-57.9	8.1
-20.0	-84.1	-3.5
2.5	30.1	53.6
11.9	12.8	21.5
2.1	-69.8	-41.7
-29.8	11.0	15.4
-39.8	23.4	-29.0
-23.0	-21.8	58.2
9.2	-95.4	40.6
-13.6	-23.6	20.4
-4.1	-25.0	1.4
34.4	-60.2	-2.8
-13.9	2.9	-7.5
2.4	1.4	25.9
-26.7	-43.4	-26.9
44.1	-11.6	19.8
-55.2	-58.7	24.9
56.5	-14.0	-27.0

// Tuladhar AM, 2013: PMID 23824302-1
// Subjects=20
22.0	32.0	48.0
-4.0	-60.0	16.0
-50.0	-70.0	24.0
4.0	60.0	4.0
52.0	-58.0	18.0
-26.0	26.0	46.0
-28.0	-30.0	-14.0
64.0	-4.0	-18.0
26.0	-28.0	-14.0
-64.0	-12.0	-16.0

// Hong JY, 2013: PMID 23864686-1
// Subjects=20
-40.0	-8.0	0.0
40.0	-8.0	0.0
-22.0	-10.0	-12.0
-28.0	20.0	-18.0
28.0	22.0	-16.0
34.0	-24.0	-14.0
-38.0	-10.0	6.0
-16.0	-14.0	78.0
-6.0	-40.0	62.0
10.0	-42.0	68.0
10.0	-44.0	70.0
10.0	-44.0	70.0
-18.0	-14.0	78.0
-28.0	20.0	-18.0
-40.0	-4.0	0.0
-26.0	-4.0	-24.0
-34.0	14.0	-14.0
-14.0	-14.0	72.0
-34.0	-30.0	70.0
-48.0	4.0	54.0
66.0	-20.0	40.0
28.0	-16.0	-14.0
-26.0	-18.0	-16.0
-20.0	-10.0	-12.0
-14.0	-12.0	76.0
28.0	-16.0	-20.0
-32.0	20.0	-16.0
-30.0	-2.0	-18.0
50.0	14.0	38.0
36.0	6.0	-12.0
38.0	-4.0	-14.0
-26.0	-26.0	-10.0
-34.0	-16.0	40.0
-18.0	-20.0	68.0
24.0	-10.0	-12.0
-36.0	-6.0	-12.0
30.0	22.0	-16.0
-26.0	-18.0	-16.0

// Meyer P, 2013: PMID 23888131-1
// Subjects=20
-3.0	-83.0	25.0
43.0	-45.0	6.0
-45.0	-8.0	-7.0
-31.0	5.0	-30.0
-54.0	-7.0	-17.0
-24.0	-34.0	-5.0
36.0	-26.0	-14.0
32.0	-4.0	-29.0
-23.0	-17.0	-17.0
-29.0	-18.0	-17.0
-26.0	-23.0	-21.0
-38.0	17.0	25.0
-23.0	-22.0	-19.0
29.0	-4.0	-29.0
-27.0	-61.0	19.0
33.0	-55.0	22.0
42.0	-21.0	-19.0
29.0	-23.0	-19.0
-43.0	19.0	16.0

// Karakas S, 2013: PMID 23892066-1
// Subjects=20
-12.0	-92.0	-2.0
14.0	-86.0	-3.0
-16.0	-87.0	-3.0
47.0	-30.0	10.0
-46.0	-31.0	11.0
60.0	-27.0	12.0
-42.0	20.0	31.0
46.0	-24.0	49.0
-46.0	-24.0	48.0
38.0	-20.0	52.0
-38.0	-20.0	51.0
29.0	-7.0	51.0
-25.0	-7.0	51.0
-60.0	-29.0	15.0
-50.0	-40.0	37.0
27.0	-30.0	-14.0
11.0	-91.0	-1.0
42.0	-62.0	26.0
-58.0	-33.0	3.0
56.0	-24.0	1.0
-50.0	20.0	11.0
-43.0	-61.0	27.0
-51.0	11.0	12.0
50.0	12.0	11.0
-23.0	-6.0	-13.0
23.0	-5.0	-14.0
-30.0	-24.0	-10.0
23.0	-5.0	-14.0
46.0	21.0	9.0
-26.0	-31.0	-14.0
47.0	34.0	19.0
49.0	-40.0	36.0
30.0	-30.0	-5.0
8.0	18.0	35.0
-52.0	7.0	13.0
11.0	5.0	37.0
-7.0	7.0	39.0
8.0	18.0	37.0
-6.0	16.0	38.0
48.0	19.0	11.0
-6.0	1.0	39.0
38.0	26.0	32.0
-41.0	20.0	31.0
47.0	30.0	19.0
-46.0	33.0	17.0
50.0	10.0	12.0
42.0	24.0	32.0
7.0	1.0	39.0
-41.0	20.0	30.0
-7.0	16.0	34.0
-14.0	-55.0	-23.0
-45.0	34.0	19.0
16.0	-56.0	-23.0
-47.0	22.0	9.0
46.0	32.0	19.0
-21.0	-62.0	48.0
19.0	-61.0	47.0
-23.0	-40.0	58.0
41.0	24.0	30.0
-46.0	-37.0	41.0
46.0	-37.0	41.0
-43.0	-63.0	25.0
40.0	-59.0	24.0
-29.0	-29.0	-5.0
-46.0	33.0	17.0
24.0	-41.0	58.0

// He Q, 2013: PMID 23904618-1
// Subjects=20
-30.0	-36.0	42.0
14.0	40.0	54.0
26.0	-94.0	12.0
56.0	-38.0	18.0
28.0	-30.0	-6.0
36.0	-60.0	-44.0
-28.0	-86.0	-40.0
50.0	-24.0	2.0
-8.0	-52.0	24.0
-48.0	-58.0	-50.0
-36.0	-64.0	2.0
-12.0	-70.0	34.0
56.0	-62.0	-24.0
-62.0	-30.0	12.0
-4.0	38.0	48.0
-66.0	-16.0	-30.0
44.0	12.0	-4.0
-8.0	40.0	28.0
-6.0	-52.0	24.0
-24.0	-30.0	4.0
36.0	4.0	40.0
-12.0	38.0	30.0
-4.0	56.0	-12.0
-30.0	-38.0	42.0
24.0	-36.0	4.0
-12.0	-40.0	4.0
-28.0	-32.0	-6.0
-60.0	-8.0	0.0
-56.0	-50.0	20.0
44.0	12.0	-6.0
56.0	-38.0	16.0
36.0	6.0	38.0
-10.0	-66.0	34.0
16.0	16.0	68.0
4.0	36.0	48.0

// Persson J, 2013: PMID 23938766-1
// Subjects=20
32.0	-40.0	-4.0
-16.0	-36.0	10.0
20.0	-32.0	10.0
26.0	-42.0	0.0
-22.0	-24.0	-8.0
-20.0	-36.0	8.0
32.0	-36.0	2.0
22.0	-28.0	-6.0
-24.0	-28.0	-6.0
16.0	-36.0	10.0
24.0	-10.0	-14.0
-16.0	-38.0	2.0
-28.0	-36.0	2.0
-16.0	-40.0	8.0
-16.0	-16.0	-20.0
-30.0	-34.0	0.0
40.0	-14.0	-20.0
34.0	-34.0	-10.0
26.0	-34.0	8.0

// Takashima A, 2014: PMID 23962957-1
// Subjects=20
-22.0	56.0	4.0
-20.0	34.0	-20.0
-30.0	2.0	52.0
-22.0	28.0	-22.0
58.0	-56.0	-10.0
-30.0	-66.0	44.0
-34.0	-50.0	38.0
-10.0	-66.0	24.0
-4.0	22.0	42.0
-44.0	28.0	20.0
-4.0	18.0	44.0
-60.0	-52.0	-12.0
16.0	8.0	-2.0
34.0	-60.0	-36.0
10.0	8.0	8.0
-48.0	-58.0	-12.0
-12.0	-18.0	4.0
-60.0	-42.0	-14.0
10.0	-78.0	0.0
24.0	-92.0	20.0
44.0	28.0	20.0
56.0	18.0	32.0
28.0	-64.0	48.0
38.0	-52.0	42.0
28.0	-58.0	50.0
-44.0	8.0	30.0
10.0	-78.0	-30.0
-50.0	-2.0	4.0
38.0	-18.0	-22.0
28.0	2.0	52.0
-24.0	52.0	22.0
-24.0	46.0	32.0
48.0	-26.0	24.0
48.0	-32.0	32.0
50.0	2.0	0.0
-50.0	-28.0	14.0
-56.0	-38.0	20.0
-38.0	-36.0	20.0
-26.0	-26.0	-10.0
-30.0	-38.0	-10.0
36.0	-24.0	-20.0
-32.0	-72.0	34.0
-26.0	-36.0	-8.0
38.0	-20.0	-18.0
30.0	-26.0	-20.0
-12.0	18.0	12.0
-20.0	12.0	-2.0
22.0	14.0	-4.0
18.0	22.0	4.0
48.0	-26.0	24.0
50.0	-28.0	56.0
56.0	-22.0	46.0
-38.0	-14.0	-4.0
50.0	-2.0	0.0
32.0	-8.0	-30.0
38.0	-14.0	-4.0
50.0	-50.0	6.0
-34.0	34.0	26.0
66.0	-50.0	-6.0
36.0	32.0	32.0
-60.0	-44.0	26.0
-58.0	-60.0	0.0
-26.0	42.0	32.0
-48.0	-62.0	8.0
-44.0	-56.0	10.0
-54.0	-60.0	2.0
-30.0	-6.0	54.0
-8.0	38.0	-8.0
-56.0	-20.0	32.0
-46.0	-60.0	10.0
-38.0	-70.0	16.0
-54.0	-40.0	-4.0
50.0	-24.0	12.0
48.0	-30.0	54.0
-52.0	-8.0	0.0
16.0	-6.0	62.0
-4.0	24.0	20.0
-46.0	0.0	8.0
-58.0	-22.0	-2.0
18.0	44.0	-14.0
62.0	-32.0	-12.0
62.0	-32.0	2.0
-38.0	46.0	16.0
62.0	-20.0	30.0
52.0	-32.0	-8.0
-52.0	-24.0	42.0
-8.0	-66.0	36.0
-48.0	-4.0	2.0
-54.0	-32.0	24.0
-42.0	-64.0	-16.0
-52.0	-60.0	-6.0
-32.0	-24.0	-20.0
-34.0	-26.0	-16.0
-42.0	-40.0	22.0
-58.0	-30.0	-12.0
-58.0	-40.0	20.0
-48.0	-56.0	34.0
-38.0	-10.0	-6.0
-58.0	-54.0	28.0
-34.0	-24.0	10.0
52.0	-2.0	0.0
-44.0	-62.0	-12.0
42.0	-20.0	-4.0
-18.0	46.0	26.0
-20.0	54.0	22.0
38.0	18.0	46.0
38.0	56.0	-2.0
24.0	54.0	22.0
12.0	50.0	22.0
14.0	52.0	26.0
64.0	-18.0	-16.0
58.0	-20.0	-20.0
56.0	-52.0	0.0
6.0	-16.0	52.0
8.0	-2.0	42.0
46.0	-12.0	50.0
44.0	28.0	30.0
56.0	-56.0	-8.0

// Onuki Y, 2013: PMID 23968839-1
// Subjects=20
2.0	-82.0	31.0
8.0	-78.0	13.0
-22.0	-32.0	-9.0
-18.0	-64.0	-17.0
-2.0	2.0	55.0
18.0	-60.0	-19.0
-26.0	-62.0	-23.0
24.0	-68.0	-23.0
-46.0	-38.0	57.0
46.0	-30.0	61.0
2.0	-78.0	31.0
30.0	-6.0	57.0
2.0	-54.0	-7.0
22.0	-62.0	-49.0
24.0	-84.0	-7.0
8.0	-86.0	-5.0
20.0	-12.0	-1.0
-16.0	-26.0	21.0
40.0	-66.0	3.0
0.0	-66.0	55.0
-2.0	-76.0	-1.0
0.0	-72.0	-27.0
6.0	6.0	51.0
-32.0	-54.0	-29.0
-52.0	-30.0	43.0
-28.0	-68.0	55.0
40.0	0.0	59.0
-24.0	-72.0	25.0
-42.0	-40.0	45.0
-26.0	-60.0	61.0
30.0	-66.0	55.0
38.0	-58.0	-25.0
14.0	-92.0	-1.0
30.0	-58.0	67.0
46.0	-56.0	-31.0
28.0	-54.0	45.0
-16.0	-62.0	-49.0
42.0	-56.0	3.0
-8.0	-90.0	3.0
-34.0	-84.0	5.0
-26.0	-54.0	69.0
-44.0	-2.0	51.0
-30.0	-8.0	65.0
-30.0	-56.0	-27.0
36.0	-62.0	-27.0
-34.0	-80.0	-13.0
-40.0	-56.0	-5.0

// Li Y, 2013: PMID 23978654-1
// Subjects=20
-28.0	-24.0	-11.0
24.0	-16.0	-10.0
22.0	-78.0	33.0
40.0	-5.0	-1.0
18.0	10.0	-10.0
-37.0	19.0	12.0
-1.0	-43.0	17.0
48.0	-60.0	41.0
-22.0	-85.0	-12.0
30.0	50.0	-14.0
-31.0	36.0	-14.0
-42.0	-6.0	-17.0
46.0	-20.0	4.0
-12.0	30.0	22.0
31.0	-68.0	43.0
57.0	-28.0	-5.0
-14.0	-90.0	-15.0
16.0	-30.0	-11.0
-4.0	-27.0	43.0
2.0	64.0	14.0
-57.0	-67.0	6.0
-36.0	3.0	-20.0
38.0	5.0	-18.0
28.0	-37.0	-17.0
-20.0	-2.0	-11.0
-26.0	-10.0	-7.0
27.0	2.0	-19.0
60.0	-21.0	-10.0
40.0	-14.0	7.0
-25.0	-10.0	-7.0
-6.0	42.0	12.0
37.0	-45.0	50.0
6.0	-56.0	62.0
-10.0	-59.0	64.0
12.0	-85.0	14.0
-28.0	-13.0	-5.0

// Kraus C, 2014: PMID 23988273-1
// Subjects=20
28.0	-59.0	-19.0
33.0	-20.0	11.0
-10.0	48.0	51.0
-52.0	-39.0	26.0
38.0	-32.0	42.0
21.0	45.0	54.0
-33.0	-14.0	5.0
34.0	12.0	-33.0
-21.0	-69.0	33.0
-62.0	1.0	38.0
-44.0	-20.0	38.0
-39.0	34.0	12.0
-45.0	-54.0	20.0
33.0	-6.0	48.0
-26.0	-33.0	-3.0
-27.0	-12.0	51.0
50.0	-74.0	-37.0
-16.0	-87.0	-37.0
8.0	-45.0	38.0
37.0	-8.0	68.0
18.0	-60.0	-28.0
-10.0	33.0	6.0
-4.0	-35.0	17.0
50.0	-83.0	22.0
60.0	31.0	12.0
-21.0	-27.0	-39.0
-36.0	-41.0	6.0
15.0	-8.0	45.0
-10.0	-60.0	36.0
-9.0	-62.0	-25.0
34.0	-38.0	12.0
48.0	-2.0	27.0
48.0	-33.0	-7.0
2.0	40.0	-39.0
-12.0	-3.0	45.0
12.0	-78.0	18.0
36.0	-32.0	-49.0
-8.0	-78.0	18.0
-27.0	-99.0	-21.0

// Perry D, 2013: PMID 23994213-1
// Subjects=20
13.2	-37.0	24.5
-24.6	-20.0	-14.4
-2.3	58.0	2.2
52.4	-25.4	-8.1
27.2	-80.6	23.6
30.0	-81.2	-26.6
1.5	-12.3	41.6
-59.6	-50.4	8.7
14.4	-64.0	32.4
-5.0	-59.6	8.8
-5.6	68.9	-8.7
-57.8	1.0	-14.6
-44.6	-76.0	6.2
28.8	41.3	3.3
-21.3	33.3	14.6
-9.7	69.7	15.8
23.0	-50.1	46.7
-11.8	49.5	3.1
-46.7	-27.8	24.5
-25.1	-83.3	34.4
-46.2	37.8	-22.3
-40.0	-83.4	34.6

// Dew IT, 2013: PMID 24005298-1
// Subjects=20
52.0	-15.0	56.0
-12.0	-30.0	3.0
-31.0	27.0	7.0
-38.0	27.0	11.0
-23.0	27.0	-12.0
37.0	-30.0	-20.0
18.0	-71.0	3.0
-20.0	-60.0	30.0
-46.0	-26.0	-20.0
-1.0	-26.0	34.0
3.0	-33.0	41.0
18.0	12.0	-23.0
29.0	31.0	-12.0
-23.0	-26.0	-12.0
7.0	-18.0	26.0
18.0	-63.0	34.0
-12.0	-67.0	53.0
-1.0	42.0	11.0
26.0	16.0	-20.0
-5.0	38.0	18.0
-35.0	-63.0	45.0
33.0	-22.0	72.0
42.0	-37.0	-16.0
-53.0	-48.0	-4.0
-1.0	27.0	30.0
-8.0	23.0	37.0
-38.0	12.0	-27.0
11.0	34.0	22.0
-12.0	-45.0	7.0
-23.0	-63.0	-12.0
-23.0	-18.0	-20.0
37.0	-15.0	-27.0
33.0	-26.0	-23.0
22.0	-71.0	15.0
57.0	19.0	11.0
18.0	-18.0	-20.0

// Humphreys GF, 2014: PMID 24012545-1
// Subjects=20
12.0	6.0	62.0
4.0	20.0	30.0
-50.0	14.0	24.0
-54.0	26.0	-2.0
-46.0	-2.0	32.0
-52.0	-44.0	2.0
-56.0	-16.0	-10.0
-50.0	14.0	-22.0
-36.0	-60.0	44.0
-58.0	20.0	10.0
-54.0	34.0	-12.0
-54.0	-4.0	48.0
-46.0	6.0	52.0
-30.0	-24.0	-10.0
-44.0	-62.0	16.0
-12.0	16.0	60.0
-8.0	20.0	38.0
36.0	-58.0	-40.0
-2.0	-12.0	10.0
-10.0	26.0	32.0
14.0	36.0	20.0
-16.0	12.0	12.0
-42.0	-8.0	-42.0
-50.0	12.0	-30.0
-56.0	-30.0	-10.0
-10.0	56.0	38.0
-8.0	2.0	68.0
-20.0	-38.0	-6.0
30.0	4.0	56.0
-30.0	34.0	36.0
-46.0	6.0	2.0
-60.0	4.0	36.0
-22.0	10.0	10.0
-60.0	-36.0	0.0
-60.0	-62.0	12.0
24.0	12.0	60.0
-22.0	-2.0	66.0
-44.0	-60.0	10.0
-52.0	-24.0	0.0
-8.0	14.0	-2.0
6.0	14.0	4.0
-22.0	4.0	-10.0
18.0	-34.0	-8.0
-4.0	-8.0	4.0
-42.0	-36.0	68.0
-4.0	-66.0	50.0
-32.0	12.0	-10.0
-62.0	-24.0	26.0
-10.0	-80.0	42.0
-32.0	38.0	26.0
-14.0	0.0	60.0
6.0	36.0	16.0
18.0	14.0	64.0
-62.0	4.0	12.0

// Strelnikov K, 2013: PMID 24012681-1
// Subjects=20
6.0	-64.0	28.0
26.0	-24.0	-14.0
50.0	-58.0	28.0
60.0	-12.0	-2.0
18.0	56.0	-6.0
26.0	56.0	18.0
32.0	36.0	20.0
14.0	10.0	-8.0
8.0	-86.0	40.0
22.0	-54.0	0.0
12.0	-28.0	64.0
40.0	-24.0	52.0
10.0	-24.0	-32.0
20.0	20.0	44.0
8.0	-36.0	56.0
12.0	-70.0	4.0
42.0	-52.0	-14.0
54.0	-58.0	-4.0
40.0	-12.0	38.0
10.0	42.0	34.0
10.0	-50.0	-32.0
20.0	-12.0	50.0
44.0	-8.0	-36.0
-12.0	-58.0	36.0
58.0	-32.0	24.0
36.0	4.0	46.0
46.0	0.0	4.0
34.0	-90.0	-6.0
52.0	28.0	16.0
46.0	28.0	14.0
4.0	-90.0	28.0
4.0	-98.0	18.0
-42.0	-50.0	60.0
16.0	-92.0	6.0
8.0	-12.0	50.0
18.0	-68.0	-30.0
16.0	-34.0	-12.0
-6.0	-76.0	42.0
-48.0	-46.0	-20.0
52.0	-28.0	2.0
-10.0	-10.0	68.0
8.0	-22.0	62.0
-10.0	-28.0	48.0
34.0	-76.0	-14.0
-30.0	27.0	24.0
-16.0	-56.0	6.0
-30.0	-6.0	-22.0
-10.0	-48.0	0.0
-12.0	38.0	12.0
-52.0	0.0	-18.0
-24.0	-96.0	8.0
-8.0	-30.0	74.0
-8.0	-24.0	56.0
-22.0	4.0	-28.0
-4.0	-70.0	-18.0
-48.0	-26.0	14.0
-46.0	34.0	-2.0
20.0	-6.0	-4.0
-12.0	-88.0	34.0
-30.0	-8.0	52.0
-32.0	-44.0	-48.0
-10.0	-48.0	-44.0
-30.0	-42.0	58.0
-36.0	-72.0	-20.0
12.0	-15.0	3.0
-10.0	18.0	40.0
27.0	-36.0	9.0
-6.0	-6.0	3.0
39.0	-9.0	-9.0
51.0	-39.0	42.0
15.0	-18.0	33.0
-51.0	-6.0	-9.0
-24.0	6.0	30.0
-42.0	0.0	24.0
-27.0	-51.0	0.0
-15.0	36.0	30.0
42.0	30.0	18.0
-15.0	-78.0	-12.0
-42.0	-21.0	21.0
-30.0	-21.0	21.0
-42.0	0.0	9.0
-27.0	-27.0	-12.0
-36.0	24.0	0.0
-18.0	-54.0	-21.0
-14.0	-34.0	70.0
48.0	-48.0	33.0

// Peters J, 2013: PMID 24023940-1
// Subjects=20
-64.0	-28.0	0.0
-52.0	-12.0	10.0
-12.0	40.0	12.0
-46.0	6.0	-2.0
-40.0	-52.0	22.0
52.0	-12.0	-10.0
-20.0	-4.0	-12.0
-8.0	0.0	-10.0
64.0	-32.0	4.0
-24.0	-26.0	-8.0
58.0	-24.0	-4.0
22.0	0.0	-12.0
-16.0	-30.0	-6.0
-18.0	-4.0	-12.0
40.0	-48.0	20.0
-64.0	-30.0	0.0
56.0	-26.0	-2.0
-30.0	-34.0	-6.0
-30.0	-24.0	-16.0
-14.0	-40.0	-6.0
-22.0	-26.0	-8.0
28.0	-32.0	-12.0
-30.0	12.0	-12.0
2.0	-42.0	30.0
-28.0	10.0	-12.0
20.0	4.0	-12.0
-30.0	10.0	8.0
4.0	-54.0	32.0
4.0	-36.0	28.0
44.0	-48.0	22.0
-24.0	-32.0	-20.0
-18.0	-4.0	-12.0
-12.0	50.0	12.0
-12.0	40.0	10.0
-68.0	-30.0	0.0
-18.0	12.0	-6.0
4.0	-38.0	26.0
-50.0	-58.0	22.0
16.0	12.0	-6.0
40.0	-48.0	20.0
60.0	-24.0	-4.0
-14.0	10.0	-6.0
-34.0	6.0	8.0
-36.0	2.0	8.0
58.0	-50.0	12.0
-14.0	44.0	6.0
-32.0	12.0	8.0
-34.0	-12.0	14.0
-28.0	-88.0	22.0
-68.0	-30.0	2.0
-20.0	-2.0	-12.0
-42.0	-54.0	22.0
56.0	-36.0	4.0
58.0	-24.0	-4.0
-52.0	-2.0	4.0
-48.0	6.0	-2.0
-48.0	14.0	-6.0
48.0	34.0	-2.0
22.0	-20.0	24.0

// Charboneau EJ, 2013: PMID 24035535-1
// Subjects=20
-28.0	12.0	-30.0
-10.0	58.0	34.0
2.0	62.0	0.0
-32.0	-90.0	16.0
28.0	-94.0	4.0
30.0	-90.0	16.0
-40.0	12.0	-34.0
4.0	-48.0	6.0
-28.0	-32.0	-8.0
16.0	-2.0	-18.0
-8.0	-94.0	-2.0
-4.0	-50.0	8.0
-4.0	62.0	2.0
42.0	-74.0	-8.0
18.0	-32.0	-4.0
-48.0	-16.0	6.0
-30.0	30.0	-20.0
56.0	-46.0	46.0
-46.0	-46.0	-24.0
54.0	-64.0	12.0
6.0	58.0	-6.0
-20.0	-6.0	-20.0
-44.0	-82.0	4.0
-42.0	-74.0	-8.0
-40.0	-42.0	-22.0
40.0	-50.0	-22.0
-46.0	-36.0	12.0
64.0	-22.0	10.0
42.0	-68.0	-18.0

// Dennis NA, 2014: PMID 24094578-1
// Subjects=20
-30.0	-80.0	38.0
37.0	-50.0	-8.0
-37.0	-11.0	-28.0
37.0	-81.0	34.0
52.0	-50.0	-8.0
-59.0	-14.0	-22.0
-52.0	-14.0	52.0
-7.0	53.0	4.0
-7.0	-86.0	-9.0
0.0	33.0	-21.0
-7.0	-37.0	25.0
-15.0	-68.0	3.0
-19.0	-23.0	14.0
-26.0	-16.0	7.0
7.0	-68.0	-10.0
15.0	1.0	55.0
-11.0	7.0	37.0
-19.0	43.0	39.0
30.0	9.0	2.0
0.0	42.0	1.0
15.0	32.0	36.0
-15.0	-47.0	-17.0
-30.0	-70.0	34.0
52.0	17.0	23.0
-4.0	60.0	10.0
45.0	7.0	-29.0
-30.0	7.0	-36.0
26.0	-25.0	-21.0
22.0	-32.0	-9.0
-26.0	-35.0	-8.0
22.0	-49.0	12.0
15.0	-53.0	71.0
59.0	-56.0	23.0
37.0	-12.0	21.0
37.0	-24.0	66.0
-45.0	-73.0	34.0
41.0	-30.0	22.0
-45.0	10.0	23.0
41.0	-52.0	23.0
19.0	-80.0	45.0
26.0	56.0	3.0
-59.0	-31.0	8.0
63.0	-24.0	4.0
67.0	2.0	20.0
30.0	52.0	-6.0
45.0	-9.0	17.0

// Cao Z, 2014: PMID 24099847-1
// Subjects=20
4.0	-14.0	9.0
29.0	-84.0	-4.0
-41.0	-74.0	-16.0
41.0	-69.0	-1.0
-44.0	-51.0	-19.0
-39.0	14.0	16.0
14.0	-46.0	61.0
-21.0	-16.0	-14.0
-6.0	-44.0	44.0
-6.0	-11.0	41.0
41.0	46.0	-9.0
-39.0	46.0	-4.0
46.0	29.0	-1.0
41.0	-51.0	36.0
-44.0	-36.0	41.0
29.0	-69.0	49.0
-49.0	-56.0	-6.0
-39.0	26.0	-9.0
54.0	-21.0	29.0
44.0	-1.0	44.0
-44.0	29.0	19.0
-9.0	-31.0	39.0
-41.0	-6.0	39.0
31.0	21.0	-39.0
26.0	-41.0	-6.0
24.0	-49.0	46.0
34.0	-36.0	49.0
-24.0	-6.0	-9.0
21.0	-1.0	-9.0
-4.0	36.0	-14.0
29.0	-1.0	-24.0
11.0	-16.0	-1.0
36.0	49.0	-6.0
41.0	41.0	19.0
24.0	21.0	49.0
41.0	-56.0	34.0
-36.0	-61.0	39.0
54.0	-21.0	-16.0
44.0	21.0	21.0
-26.0	-51.0	-14.0
9.0	51.0	26.0
-4.0	49.0	41.0
-56.0	-26.0	24.0
21.0	-54.0	1.0
21.0	-6.0	-6.0
-19.0	-9.0	-6.0
41.0	-16.0	-21.0
-14.0	-74.0	-34.0
6.0	-86.0	-1.0
-39.0	-1.0	-29.0
44.0	-61.0	6.0
21.0	-91.0	-6.0
-24.0	4.0	-16.0
-41.0	16.0	29.0
56.0	1.0	-16.0
39.0	21.0	24.0
-26.0	56.0	4.0
56.0	4.0	34.0
-6.0	6.0	51.0
-14.0	44.0	36.0
-6.0	54.0	14.0
-14.0	39.0	4.0
4.0	-79.0	26.0
-51.0	4.0	-19.0
-39.0	-59.0	19.0
-26.0	-1.0	-13.0
-31.0	-6.0	-11.0
-14.0	-4.0	-11.0
-49.0	14.0	-19.0
-44.0	-39.0	-21.0
-26.0	-21.0	-19.0
-19.0	1.0	-16.0
36.0	-36.0	-4.0
-11.0	-16.0	-29.0
-16.0	-39.0	6.0
39.0	-44.0	-14.0
-24.0	-41.0	1.0
11.0	-56.0	39.0
-11.0	-64.0	39.0
-16.0	51.0	16.0
44.0	-69.0	-4.0
-51.0	14.0	21.0
56.0	-4.0	6.0
-16.0	49.0	19.0
31.0	29.0	-11.0
-1.0	34.0	39.0
-21.0	11.0	54.0
-34.0	-6.0	49.0
-26.0	21.0	14.0
26.0	-76.0	-16.0
-16.0	-76.0	-21.0
1.0	-69.0	11.0
-29.0	29.0	-9.0
-21.0	-86.0	-14.0
-34.0	-76.0	21.0
44.0	-61.0	-14.0
21.0	-36.0	-9.0
26.0	-54.0	34.0
-46.0	-26.0	-1.0
19.0	61.0	1.0
36.0	4.0	-26.0
-19.0	-54.0	64.0
41.0	14.0	39.0
54.0	21.0	21.0
-14.0	-36.0	49.0
-21.0	-6.0	-4.0
-24.0	-66.0	-31.0
-11.0	-11.0	6.0
-4.0	-24.0	-19.0
-34.0	41.0	-9.0

// Sripada RK, 2013: PMID 24146643-1
// Subjects=20
-51.0	-6.0	-36.0
45.0	-12.0	-27.0
-51.0	6.0	-9.0
-48.0	6.0	-9.0
42.0	-60.0	-6.0
-63.0	-63.0	6.0
-21.0	-30.0	-3.0
15.0	21.0	3.0
24.0	3.0	-24.0
-27.0	-30.0	12.0
-63.0	-51.0	21.0
-39.0	-18.0	-3.0
-6.0	30.0	57.0
3.0	45.0	-6.0
24.0	3.0	-24.0
-24.0	-21.0	-12.0
60.0	-54.0	-6.0
-72.0	-30.0	-12.0
12.0	-75.0	48.0
33.0	-27.0	-9.0
36.0	-12.0	-30.0
-45.0	21.0	-12.0
-9.0	-87.0	-33.0
15.0	-36.0	0.0
18.0	-33.0	-2.0
-36.0	-18.0	6.0
54.0	18.0	-15.0
42.0	6.0	-6.0
36.0	-30.0	-12.0
36.0	-30.0	-12.0
-3.0	9.0	72.0
27.0	3.0	-27.0
-24.0	-30.0	-3.0
-24.0	-42.0	-15.0
-30.0	0.0	-27.0
27.0	-24.0	75.0
36.0	-9.0	-30.0
-69.0	-27.0	-12.0
-27.0	-15.0	-12.0
33.0	-15.0	6.0
45.0	0.0	-6.0
21.0	-36.0	6.0
-39.0	15.0	-12.0
-6.0	21.0	-15.0
27.0	3.0	-27.0
33.0	-3.0	-27.0
36.0	-9.0	-27.0
9.0	-3.0	69.0

// Favre P, 2013: PMID 24156926-1
// Subjects=20
-18.0	65.0	1.0
42.0	-70.0	-23.0
-21.0	-55.0	-14.0
-12.0	-91.0	-14.0
-27.0	-46.0	-20.0
21.0	-40.0	-8.0
30.0	23.0	-14.0
24.0	-34.0	-11.0
48.0	35.0	13.0
12.0	-70.0	40.0
-24.0	-28.0	-11.0
51.0	35.0	19.0
-48.0	-46.0	7.0
9.0	-88.0	7.0
-33.0	-46.0	-23.0
-27.0	-79.0	10.0
21.0	-31.0	-11.0
-66.0	-46.0	-8.0
-33.0	-91.0	1.0
-63.0	-46.0	-8.0

// Zhang H, 2013: PMID 24224044-1
// Subjects=20
20.0	-42.0	-38.0
-52.0	-38.0	-4.0
-20.0	-40.0	-38.0
60.0	-2.0	20.0
56.0	14.0	24.0
30.0	-22.0	-10.0
32.0	-20.0	-12.0
-32.0	-26.0	-10.0
-24.0	4.0	-26.0
-42.0	0.0	2.0
-38.0	24.0	-20.0
-26.0	-10.0	-24.0
-42.0	6.0	8.0
34.0	-20.0	-20.0
36.0	8.0	-28.0
38.0	-16.0	-26.0
-34.0	6.0	-26.0
-28.0	-62.0	-38.0
-50.0	18.0	-12.0

// Oh H, 2013: PMID 24259567-1
// Subjects=20
26.0	-14.0	0.0
-28.0	-74.0	34.0
28.0	-66.0	48.0
26.0	-62.0	56.0
46.0	-76.0	20.0
46.0	4.0	30.0
48.0	36.0	8.0
-4.0	32.0	46.0
-24.0	-66.0	42.0
-32.0	20.0	22.0
-40.0	2.0	32.0
12.0	4.0	52.0
12.0	16.0	44.0
-6.0	-50.0	58.0
-38.0	14.0	22.0
-48.0	-56.0	-16.0
-26.0	-68.0	44.0
2.0	-94.0	16.0
-26.0	-26.0	-12.0
46.0	-30.0	-10.0
56.0	-24.0	-14.0
54.0	-30.0	12.0
-40.0	-30.0	-4.0
-50.0	-24.0	-14.0
-46.0	-24.0	-6.0
-8.0	-60.0	40.0
4.0	-30.0	46.0
26.0	62.0	24.0
28.0	50.0	34.0
-18.0	60.0	30.0
-12.0	66.0	22.0
-48.0	-54.0	-18.0
-66.0	-38.0	16.0
-48.0	-62.0	-10.0
-8.0	-28.0	62.0
-24.0	60.0	14.0
-12.0	18.0	32.0
-66.0	-26.0	16.0
42.0	-80.0	20.0
50.0	-58.0	-12.0
-36.0	34.0	-10.0
-4.0	-74.0	32.0
-34.0	26.0	14.0
-18.0	28.0	20.0
50.0	30.0	16.0
56.0	36.0	16.0
-58.0	-66.0	6.0
-32.0	46.0	32.0
10.0	36.0	30.0
4.0	-24.0	32.0
0.0	-20.0	44.0
10.0	-32.0	56.0
56.0	-46.0	28.0
4.0	-90.0	16.0
42.0	-82.0	-6.0
26.0	-56.0	60.0
-58.0	-4.0	36.0
38.0	-48.0	66.0
-12.0	-6.0	32.0
-26.0	8.0	4.0
-20.0	18.0	4.0
-24.0	-2.0	16.0
-54.0	-8.0	44.0
-66.0	-30.0	8.0
-58.0	-16.0	32.0
4.0	32.0	2.0
24.0	16.0	-4.0
14.0	54.0	2.0
-26.0	-64.0	6.0
-38.0	-54.0	6.0
4.0	-32.0	-6.0
-10.0	-6.0	4.0
-62.0	-44.0	20.0
-64.0	-42.0	38.0
56.0	14.0	34.0
-14.0	18.0	4.0
-38.0	10.0	22.0
52.0	-44.0	-14.0
20.0	-8.0	-18.0
54.0	-54.0	-10.0
-56.0	10.0	38.0
-36.0	18.0	28.0
-26.0	-76.0	36.0
-60.0	-14.0	26.0
48.0	4.0	28.0
54.0	8.0	-6.0
44.0	14.0	16.0
-24.0	-66.0	42.0
-30.0	-84.0	26.0
46.0	34.0	4.0
30.0	12.0	36.0
-26.0	8.0	4.0
-26.0	-12.0	46.0
-52.0	-10.0	42.0
38.0	8.0	32.0
-24.0	-42.0	60.0
-34.0	-22.0	54.0
-8.0	32.0	2.0
-4.0	-92.0	28.0
-4.0	-46.0	66.0
-2.0	-98.0	8.0
-24.0	0.0	18.0
-58.0	-4.0	36.0
-8.0	22.0	30.0
48.0	-36.0	14.0
30.0	-74.0	18.0
44.0	-30.0	-6.0
12.0	-92.0	32.0
-60.0	-14.0	30.0
34.0	-74.0	22.0
42.0	-2.0	34.0
-18.0	14.0	38.0
8.0	42.0	0.0
-42.0	-24.0	20.0
-18.0	-12.0	16.0
52.0	2.0	6.0
48.0	-20.0	8.0
56.0	4.0	-4.0
-24.0	-78.0	-10.0
-28.0	-94.0	12.0
-32.0	-84.0	30.0
-4.0	-2.0	12.0
-26.0	-6.0	-2.0
-6.0	2.0	2.0
38.0	-78.0	18.0
32.0	-86.0	6.0
32.0	46.0	-4.0
40.0	14.0	0.0
-28.0	-4.0	2.0
-8.0	0.0	16.0
-42.0	2.0	30.0
38.0	48.0	10.0
0.0	12.0	32.0
-62.0	-14.0	42.0
-4.0	54.0	36.0
2.0	36.0	32.0
-8.0	46.0	34.0
32.0	-2.0	52.0
42.0	12.0	22.0
10.0	28.0	30.0
4.0	2.0	50.0
26.0	-80.0	38.0
-28.0	-36.0	46.0
-28.0	-84.0	30.0
56.0	8.0	-18.0
46.0	50.0	4.0
-50.0	-22.0	44.0
26.0	-76.0	52.0
14.0	-72.0	38.0
40.0	-76.0	26.0

// Bruffaerts R, 2013: PMID 24259581-1
// Subjects=20
15.0	-28.0	-11.0
-45.0	-55.0	-20.0
9.0	-49.0	1.0
-3.0	-46.0	25.0
-15.0	-37.0	1.0
-30.0	-37.0	-5.0
-36.0	-10.0	-35.0
-9.0	-58.0	10.0
-36.0	-22.0	-23.0
27.0	-16.0	-17.0
-30.0	-1.0	-23.0
-36.0	-43.0	-23.0
0.0	17.0	64.0
-45.0	29.0	-14.0
-39.0	32.0	10.0
-30.0	35.0	-17.0
36.0	-37.0	-20.0
6.0	2.0	-5.0
-9.0	17.0	49.0
39.0	32.0	-17.0
-9.0	50.0	46.0
-12.0	32.0	49.0
-48.0	-73.0	28.0

// Tuomiranta LM, 2014: PMID 24262200-1
// Subjects=20
-8.0	44.0	46.0
48.0	-54.0	20.0
-50.0	0.0	40.0
48.0	-75.0	2.0
-46.0	4.0	44.0
66.0	-46.0	-8.0
-46.0	-78.0	4.0
-34.0	-90.0	-4.0
42.0	20.0	32.0
22.0	-98.0	-6.0
20.0	-92.0	-6.0
70.0	-40.0	-6.0
-34.0	-32.0	-10.0
-24.0	-86.0	14.0
-50.0	14.0	46.0
54.0	2.0	44.0
-26.0	-54.0	46.0
-42.0	-66.0	-14.0
-26.0	-84.0	16.0
-22.0	42.0	-8.0
-34.0	-44.0	-22.0
38.0	8.0	62.0
36.0	-78.0	-16.0
56.0	-54.0	24.0
-14.0	30.0	54.0
24.0	46.0	-20.0
-36.0	-52.0	50.0
-40.0	48.0	-16.0
-30.0	-20.0	-14.0
26.0	-34.0	2.0
-52.0	-40.0	2.0
-12.0	-68.0	6.0
68.0	-40.0	0.0
-18.0	-28.0	-6.0
46.0	48.0	6.0
-46.0	-4.0	0.0
22.0	-18.0	-14.0
-34.0	-36.0	-26.0
40.0	20.0	-6.0
30.0	-4.0	-42.0
-32.0	-32.0	10.0
-52.0	-64.0	-2.0
54.0	-48.0	0.0
42.0	-22.0	14.0

// Ford JH, 2014: PMID 24283491-1
// Subjects=20
58.0	-30.0	32.0
-12.0	-14.0	60.0
30.0	24.0	-2.0
30.0	24.0	-2.0
-30.0	-58.0	46.0
-34.0	-42.0	-22.0
36.0	-46.0	-20.0
-40.0	10.0	26.0
18.0	52.0	-8.0
34.0	54.0	0.0
22.0	32.0	48.0
-34.0	-48.0	0.0
56.0	-22.0	-26.0
38.0	-20.0	54.0
28.0	-36.0	58.0
-56.0	-24.0	-22.0
58.0	-6.0	0.0
36.0	-12.0	6.0
40.0	-12.0	18.0
6.0	-20.0	46.0
16.0	-14.0	62.0
-30.0	22.0	-2.0
-30.0	22.0	-2.0
52.0	-6.0	-32.0
-54.0	-8.0	2.0
60.0	-24.0	10.0
14.0	-34.0	26.0
22.0	4.0	26.0
26.0	-48.0	-46.0
-32.0	-36.0	10.0
-22.0	-6.0	30.0
-14.0	-48.0	64.0
22.0	-44.0	22.0
12.0	-36.0	68.0
-12.0	-18.0	58.0
-42.0	-58.0	26.0
-40.0	4.0	-6.0
-44.0	10.0	-20.0
-12.0	-32.0	-26.0
-4.0	16.0	22.0
-6.0	-2.0	-18.0
-32.0	-36.0	10.0
28.0	-48.0	-44.0
-48.0	-42.0	-18.0
58.0	-24.0	20.0
-44.0	10.0	-16.0
-6.0	-2.0	-18.0
32.0	2.0	24.0
-26.0	-18.0	-18.0
4.0	14.0	20.0
-38.0	-24.0	0.0
-30.0	-58.0	46.0
2.0	30.0	-10.0
-26.0	-14.0	-14.0
-40.0	10.0	26.0
-20.0	-38.0	-44.0
22.0	-38.0	-42.0
-52.0	-8.0	-12.0
-44.0	8.0	-22.0
18.0	54.0	-6.0
4.0	30.0	-8.0
-6.0	40.0	-6.0
2.0	50.0	-16.0
-56.0	-24.0	-22.0
-20.0	-10.0	32.0
52.0	-6.0	-32.0
2.0	-20.0	46.0
-34.0	-48.0	-2.0
58.0	-30.0	34.0
60.0	-24.0	10.0
-20.0	42.0	38.0
58.0	-8.0	0.0
32.0	-22.0	52.0
40.0	-12.0	18.0
-8.0	60.0	10.0
-4.0	22.0	-6.0
36.0	-12.0	6.0
36.0	-46.0	-20.0
32.0	6.0	12.0
-4.0	58.0	6.0
42.0	4.0	-6.0
-38.0	-10.0	22.0
24.0	2.0	14.0
-24.0	2.0	10.0
10.0	-44.0	-24.0
20.0	30.0	50.0
-6.0	-26.0	70.0
16.0	-2.0	-24.0
-20.0	-40.0	4.0
10.0	-44.0	-24.0
-6.0	-44.0	-24.0
-24.0	2.0	12.0
-26.0	-12.0	-16.0
28.0	44.0	-2.0
-40.0	-8.0	24.0
24.0	2.0	14.0
22.0	-76.0	-32.0
-38.0	-20.0	-2.0
-46.0	-16.0	-26.0
10.0	-42.0	-22.0
-18.0	30.0	32.0
28.0	46.0	-4.0
38.0	0.0	-24.0
-10.0	0.0	-14.0
-34.0	-42.0	-22.0
24.0	14.0	6.0

// Wang Z, 2015: PMID 24292325-1
// Subjects=20
-39.0	33.0	15.0
6.0	-54.0	60.0
-30.0	-45.0	-54.0
57.0	12.0	9.0
66.0	-27.0	18.0
0.0	18.0	24.0
33.0	-3.0	54.0
39.0	18.0	-3.0
24.0	0.0	69.0
39.0	51.0	3.0
30.0	-42.0	51.0
63.0	-24.0	6.0
39.0	-30.0	-15.0
21.0	3.0	-9.0
-30.0	6.0	-24.0
-54.0	-75.0	0.0
45.0	42.0	9.0
45.0	9.0	-3.0
36.0	42.0	0.0
-15.0	-45.0	57.0
60.0	-24.0	9.0
15.0	-57.0	15.0
-12.0	-6.0	72.0
45.0	45.0	6.0
-30.0	-72.0	27.0
-42.0	-57.0	3.0
27.0	3.0	51.0
63.0	-18.0	42.0
63.0	-24.0	45.0
-57.0	-6.0	12.0
-33.0	-51.0	39.0
33.0	-57.0	33.0
9.0	-36.0	66.0
36.0	21.0	-3.0
-54.0	-57.0	27.0
0.0	-42.0	30.0
3.0	-42.0	36.0
54.0	-57.0	-30.0
-48.0	-72.0	39.0
-6.0	-66.0	36.0
-57.0	-42.0	48.0
-27.0	-21.0	-18.0
-27.0	-18.0	-6.0
-18.0	-69.0	-45.0
-24.0	33.0	42.0
-33.0	21.0	12.0
18.0	30.0	54.0
30.0	3.0	57.0
-6.0	-21.0	30.0
60.0	-30.0	18.0
54.0	6.0	15.0
60.0	-30.0	21.0
33.0	0.0	57.0
51.0	15.0	21.0
39.0	36.0	27.0
45.0	6.0	51.0
30.0	-3.0	48.0
-45.0	-63.0	-3.0
60.0	-30.0	21.0
63.0	-27.0	9.0
69.0	-9.0	15.0
-45.0	-66.0	-3.0
30.0	-36.0	48.0
63.0	6.0	9.0
-51.0	-48.0	51.0
-39.0	-42.0	-42.0
9.0	0.0	69.0
-57.0	-42.0	48.0
-6.0	-63.0	15.0
60.0	-21.0	9.0
-48.0	-57.0	48.0
-45.0	-63.0	-3.0
39.0	36.0	27.0
51.0	15.0	21.0
-30.0	-42.0	-45.0
33.0	0.0	57.0
48.0	-39.0	57.0
24.0	0.0	-9.0
-45.0	-63.0	-3.0
51.0	12.0	18.0
27.0	0.0	51.0
33.0	-33.0	-15.0
30.0	0.0	45.0
-33.0	-42.0	-45.0
6.0	-63.0	18.0
12.0	-54.0	15.0
-21.0	-87.0	-39.0
-54.0	-42.0	42.0
-21.0	-90.0	-30.0
54.0	9.0	39.0
57.0	-27.0	30.0
57.0	18.0	9.0
0.0	-33.0	42.0

// Matura S, 2014: PMID 24296331-1
// Subjects=20
-49.0	-56.0	36.0
11.0	34.0	55.0
-13.0	43.0	45.0
-23.0	10.0	17.0
-55.0	-53.0	-12.0
-7.0	1.0	15.0
5.0	46.0	21.0
-52.0	28.0	28.0
-19.0	-74.0	48.0
-34.0	-30.0	-3.0
-34.0	-32.0	-6.0
-22.0	-42.0	-3.0
-19.0	-47.0	6.0
-19.0	10.0	39.0
44.0	1.0	-21.0
-7.0	-65.0	57.0
20.0	-38.0	-3.0
44.0	-1.0	-21.0
-28.0	-38.0	-3.0
14.0	-35.0	7.0
60.0	-20.0	36.0
8.0	-89.0	-12.0
17.0	-53.0	63.0
-13.0	-32.0	15.0
-16.0	-86.0	-15.0
-37.0	-48.0	57.0
-46.0	-68.0	-15.0
63.0	-23.0	24.0

// Huang R, 2015: PMID 24297657-1
// Subjects=20
-46.0	18.0	3.0
-43.9	29.0	-0.3
-22.2	-80.3	36.9
43.7	-47.3	53.1
60.2	-41.1	15.1
35.5	-35.2	5.4
-5.5	-29.1	46.6
-31.0	-28.0	-10.0
-46.0	-67.0	39.0
-43.0	-75.0	-2.0
54.0	-58.0	38.0
-10.0	-70.0	36.0
-7.0	18.0	62.0
-22.2	-80.3	36.9
31.0	-59.0	31.0
60.2	-41.1	15.1
-45.0	-59.0	48.0
-12.7	-14.4	53.7

// Fogel SM, 2013: PMID 24302373-1
// Subjects=20
-46.0	-72.0	34.0
40.0	-30.0	60.0
-14.0	-52.0	-18.0
-36.0	42.0	26.0
-24.0	-36.0	8.0
56.0	-38.0	-18.0
50.0	-50.0	4.0
22.0	-34.0	10.0
-10.0	18.0	2.0
-54.0	-40.0	-18.0
-20.0	16.0	14.0
26.0	-88.0	-34.0
-8.0	36.0	56.0
-26.0	-92.0	0.0
28.0	-68.0	6.0
-2.0	-60.0	-20.0
-46.0	-16.0	-4.0
8.0	28.0	-6.0
-36.0	28.0	48.0
-30.0	-58.0	-4.0
-32.0	-26.0	-8.0
32.0	-44.0	-6.0
38.0	-64.0	-18.0
-6.0	-38.0	14.0
-24.0	2.0	-24.0
-36.0	-66.0	24.0
20.0	-94.0	24.0
30.0	-24.0	-8.0
-46.0	-50.0	-4.0
12.0	-80.0	32.0
6.0	46.0	-14.0
-50.0	-4.0	-18.0
-24.0	30.0	-10.0
30.0	-40.0	6.0
26.0	-88.0	0.0
-22.0	-52.0	-30.0
-34.0	-86.0	20.0
20.0	-96.0	26.0
22.0	-84.0	22.0
-32.0	-90.0	18.0
-20.0	-90.0	40.0
-54.0	-66.0	32.0
6.0	30.0	-6.0
-32.0	-28.0	-8.0
-10.0	42.0	30.0
24.0	18.0	-8.0
-22.0	-48.0	72.0
-4.0	-8.0	-2.0
28.0	18.0	-12.0
-56.0	-10.0	-30.0
-50.0	-14.0	-30.0
-54.0	-4.0	0.0
-44.0	-74.0	36.0
-44.0	-72.0	34.0
-36.0	12.0	-24.0
28.0	-64.0	12.0
6.0	-8.0	-2.0
42.0	-42.0	-14.0
-48.0	8.0	-40.0
-20.0	-30.0	74.0
-28.0	-66.0	-52.0
42.0	-74.0	-26.0
24.0	-68.0	-16.0
14.0	-80.0	-18.0
-42.0	-70.0	-48.0
30.0	-58.0	6.0
34.0	-76.0	-20.0
-22.0	-44.0	54.0
26.0	-50.0	-48.0
38.0	-48.0	-50.0
-10.0	40.0	30.0
-46.0	-10.0	-26.0
56.0	-10.0	50.0

// Sherrill KR, 2013: PMID 24305826-1
// Subjects=20
-20.0	-40.0	-12.0
-30.0	-82.0	36.0
16.0	4.0	18.0
-14.0	2.0	18.0
50.0	16.0	22.0
-52.0	8.0	38.0
-4.0	30.0	34.0
-10.0	-44.0	2.0
4.0	-90.0	20.0
-42.0	-44.0	44.0
34.0	-60.0	44.0
-36.0	-60.0	58.0
22.0	-68.0	58.0
-18.0	-96.0	22.0
34.0	-72.0	42.0
-2.0	4.0	34.0
6.0	12.0	26.0
46.0	-58.0	-18.0
52.0	-40.0	46.0
4.0	18.0	42.0
4.0	-72.0	20.0
-8.0	-80.0	42.0
-32.0	16.0	-2.0
-38.0	34.0	32.0
12.0	4.0	12.0
-24.0	-30.0	-8.0
-12.0	-2.0	16.0
-42.0	-54.0	46.0
44.0	-58.0	48.0
-4.0	24.0	40.0
-42.0	-36.0	52.0
8.0	24.0	46.0
-42.0	10.0	6.0
44.0	16.0	-4.0
-4.0	-80.0	26.0
-2.0	-30.0	-34.0
1.0	-30.0	-34.0
-20.0	-28.0	-34.0
24.0	-30.0	-30.0
-12.0	-40.0	46.0
34.0	-34.0	-18.0
40.0	20.0	-8.0
-40.0	-76.0	22.0
28.0	-44.0	-6.0
-6.0	-62.0	62.0
8.0	-60.0	56.0
-28.0	-86.0	34.0
18.0	-82.0	44.0
48.0	-44.0	54.0
16.0	2.0	22.0
-38.0	-44.0	-30.0
10.0	-62.0	4.0
10.0	-42.0	0.0
-18.0	-58.0	-2.0
-2.0	-88.0	26.0
4.0	-88.0	20.0
-16.0	-2.0	24.0
30.0	2.0	68.0
32.0	44.0	36.0
20.0	-72.0	58.0
-32.0	40.0	36.0
22.0	-44.0	-12.0
34.0	-74.0	16.0
-10.0	-46.0	2.0
-22.0	-30.0	-12.0
22.0	-38.0	4.0
-10.0	-82.0	-32.0
16.0	-78.0	30.0
-12.0	-68.0	2.0
10.0	-62.0	8.0
48.0	-68.0	16.0
-4.0	-16.0	56.0
8.0	-26.0	54.0
-56.0	4.0	44.0
6.0	-46.0	8.0
-12.0	-70.0	50.0
18.0	-48.0	-22.0
-46.0	-46.0	46.0
52.0	34.0	16.0
40.0	-64.0	-18.0
-34.0	-40.0	-24.0
34.0	-40.0	-24.0
30.0	-70.0	24.0
-40.0	-36.0	52.0
-30.0	-38.0	-4.0
-14.0	-44.0	-6.0
-22.0	-44.0	-12.0
4.0	-62.0	60.0
-4.0	-72.0	52.0
20.0	-90.0	26.0
-24.0	-90.0	28.0
28.0	-38.0	-12.0
24.0	-64.0	-14.0
22.0	-76.0	46.0
12.0	-80.0	42.0
-22.0	-40.0	-12.0
14.0	-46.0	-10.0
-4.0	-78.0	20.0
-8.0	-68.0	-6.0
10.0	-76.0	20.0
12.0	-52.0	-8.0
-18.0	-44.0	-4.0
44.0	-78.0	10.0
-14.0	-36.0	56.0
-12.0	-52.0	6.0
16.0	-52.0	8.0
-8.0	-84.0	42.0
-38.0	-78.0	12.0
-18.0	-70.0	60.0
-18.0	-56.0	-12.0
10.0	-66.0	-6.0
-22.0	-64.0	-10.0
-48.0	-78.0	8.0
24.0	-40.0	4.0
-18.0	-40.0	4.0
64.0	-2.0	-18.0
-56.0	6.0	-24.0
-46.0	-60.0	24.0
-16.0	-46.0	44.0
4.0	-54.0	26.0
-12.0	-56.0	34.0
-26.0	-12.0	-22.0
42.0	34.0	36.0
-14.0	-50.0	8.0
62.0	-50.0	-8.0
-6.0	-70.0	16.0
10.0	-14.0	40.0
12.0	-60.0	-6.0
-10.0	-60.0	-6.0
14.0	-72.0	16.0
14.0	-46.0	6.0
10.0	-44.0	0.0
-10.0	-44.0	0.0
44.0	-80.0	8.0

// Papoiu AD, 2013: PMID 24324781-1
// Subjects=20
-14.0	-22.0	-8.0
2.0	-28.0	-6.0
-22.0	-42.0	2.0
-2.0	-16.0	-8.0
2.0	-16.0	-14.0
-2.0	-24.0	-14.0
2.0	-24.0	-20.0
-2.0	-26.0	-8.0
4.0	-22.0	-8.0
-4.0	-24.0	-8.0
4.0	-34.0	-8.0
-2.0	-30.0	-8.0
-4.0	-38.0	-8.0
-2.0	-32.0	-8.0
-4.0	-30.0	-8.0
4.0	-26.0	-8.0
0.0	-28.0	-6.0
14.0	-16.0	0.0
6.0	-12.0	-14.0
-2.0	-30.0	-6.0
14.0	-6.0	10.0
-16.0	-20.0	2.0
-18.0	-22.0	0.0
12.0	-12.0	0.0
12.0	-20.0	8.0
-8.0	-12.0	8.0
-8.0	-16.0	8.0
-16.0	-24.0	8.0
-12.0	-18.0	6.0
-14.0	-24.0	-8.0
-20.0	-26.0	8.0
-14.0	-26.0	8.0
-20.0	-24.0	8.0
14.0	-18.0	0.0
-14.0	-22.0	0.0
12.0	-20.0	0.0
-6.0	-12.0	8.0
-4.0	-68.0	14.0
2.0	18.0	-8.0
-4.0	30.0	-8.0
4.0	-48.0	18.0
4.0	-56.0	18.0
4.0	-46.0	18.0
10.0	-68.0	18.0
22.0	0.0	10.0
36.0	-6.0	18.0
30.0	-6.0	10.0
-4.0	32.0	8.0
20.0	-62.0	22.0
16.0	-64.0	22.0
8.0	-70.0	22.0
6.0	-80.0	42.0
-26.0	-64.0	2.0
-22.0	-40.0	2.0
14.0	-66.0	22.0
12.0	-88.0	22.0
-14.0	-74.0	2.0
-24.0	-42.0	-6.0
-4.0	-10.0	-14.0
-34.0	58.0	-8.0
-48.0	20.0	-8.0
-8.0	-8.0	14.0
-14.0	-24.0	14.0
-4.0	-8.0	12.0
22.0	64.0	-8.0
4.0	-14.0	12.0
-8.0	-10.0	6.0
8.0	-88.0	22.0
10.0	-18.0	12.0
-4.0	-10.0	12.0
14.0	-78.0	14.0
4.0	-80.0	12.0
26.0	-2.0	12.0
14.0	-2.0	12.0
6.0	-14.0	12.0

// Kimmerly DS, 2013: PMID 24358198-1
// Subjects=20
36.0	21.0	36.0
9.0	9.0	51.0
-6.0	6.0	51.0
33.0	33.0	39.0
39.0	-3.0	51.0
6.0	15.0	54.0
-39.0	24.0	36.0
9.0	12.0	27.0
9.0	24.0	27.0
51.0	-15.0	12.0
42.0	9.0	0.0
-36.0	12.0	3.0
-6.0	18.0	57.0
-3.0	33.0	27.0
-24.0	-51.0	-18.0
54.0	-36.0	33.0
3.0	36.0	3.0
39.0	-69.0	-21.0
-24.0	-72.0	-21.0
12.0	-66.0	-33.0
-12.0	-69.0	-36.0
-27.0	-9.0	69.0
27.0	-9.0	72.0
-9.0	12.0	69.0
33.0	-33.0	-12.0
15.0	-54.0	-30.0
-3.0	39.0	3.0
-57.0	-33.0	18.0
-39.0	-24.0	-3.0
-3.0	-51.0	-27.0
-30.0	-30.0	-9.0
27.0	21.0	63.0
-30.0	21.0	60.0
3.0	-48.0	-21.0

// Fischmann T, 2013: PMID 24381554-1
// Subjects=20
-50.0	-8.0	52.0
-46.0	-74.0	26.0
14.0	4.0	74.0
48.0	26.0	-8.0
-12.0	42.0	-4.0
-54.0	-44.0	-4.0
0.0	-62.0	34.0
-28.0	16.0	64.0
50.0	-34.0	-8.0
54.0	-12.0	60.0
-6.0	48.0	38.0
-12.0	-14.0	6.0
-14.0	-16.0	4.0
-10.0	48.0	20.0
-16.0	-2.0	72.0
34.0	22.0	-14.0
-24.0	-26.0	-10.0
-8.0	-42.0	38.0
-4.0	-56.0	22.0
28.0	-22.0	-16.0
-48.0	18.0	4.0
-50.0	34.0	-12.0
-38.0	32.0	-4.0
28.0	-22.0	-16.0
-46.0	24.0	-10.0
-46.0	2.0	40.0
58.0	-32.0	-10.0
26.0	-26.0	-4.0
-44.0	10.0	10.0
-36.0	-2.0	46.0
-4.0	-38.0	36.0
-20.0	18.0	44.0
-50.0	0.0	48.0
-12.0	46.0	30.0
-26.0	-66.0	54.0
20.0	10.0	6.0

// Green AE, 2014: PMID 24388797-1
// Subjects=20
-23.0	-43.0	10.0
-10.0	27.0	-10.0
-5.0	-53.0	12.0
-10.0	27.0	-10.0
4.0	-49.0	9.0
-24.0	-34.0	-8.0
60.0	-8.0	8.0
-23.0	-14.0	-22.0

// Luksys G, 2014: PMID 24392092-1
// Subjects=20
-17.0	-11.0	-16.0
30.0	-2.0	-36.0
19.0	-11.0	-16.0
-30.0	-8.0	-32.0
19.0	-28.0	-16.0
-22.0	-6.0	-16.0
-28.0	-36.0	-8.0
-28.0	-30.0	-20.0
-17.0	-17.0	-24.0
25.0	-41.0	-8.0
-17.0	-19.0	-24.0
-11.0	-39.0	4.0
-17.0	-41.0	-12.0
19.0	-6.0	-16.0

// Morelli SA, 2014: PMID 24396002-1
// Subjects=20
0.0	18.0	-3.0
-42.0	-3.0	9.0
39.0	6.0	15.0
9.0	-36.0	45.0
-51.0	-27.0	27.0
-9.0	-6.0	48.0
24.0	-66.0	-18.0
-24.0	-33.0	0.0
33.0	-36.0	-18.0
15.0	-12.0	60.0
-48.0	33.0	9.0
0.0	18.0	-3.0
-33.0	-21.0	-12.0
-30.0	21.0	18.0
-12.0	-24.0	51.0
-18.0	-60.0	48.0
3.0	54.0	33.0
33.0	-33.0	-18.0
-15.0	-48.0	66.0
-36.0	-27.0	63.0
-27.0	15.0	-15.0
6.0	54.0	33.0
-36.0	36.0	15.0
-48.0	36.0	21.0
-48.0	-30.0	24.0
12.0	-30.0	54.0
66.0	-3.0	-6.0
-18.0	18.0	9.0
-12.0	-87.0	42.0
36.0	-75.0	-18.0
-36.0	9.0	-6.0
63.0	-39.0	24.0

// Cui F, 2014: PMID 24416222-1
// Subjects=20
-32.0	-60.0	-16.0
48.0	4.0	6.0
58.0	-12.0	38.0
32.0	-58.0	-14.0
56.0	-70.0	2.0
-28.0	-64.0	-22.0
-36.0	-60.0	-30.0
-44.0	-70.0	8.0
-32.0	-72.0	-20.0
66.0	-12.0	38.0
-38.0	-72.0	-10.0
62.0	-14.0	28.0
46.0	-26.0	52.0
54.0	-26.0	46.0
54.0	-20.0	36.0
60.0	-10.0	48.0
68.0	-16.0	30.0
62.0	14.0	26.0
-52.0	6.0	-4.0
-50.0	-70.0	-2.0
-48.0	10.0	4.0
12.0	-42.0	-2.0
-56.0	10.0	14.0
10.0	10.0	34.0
30.0	-84.0	-8.0
-24.0	-62.0	-6.0
2.0	-56.0	-10.0
-32.0	-56.0	-30.0
6.0	-68.0	-18.0
-28.0	-60.0	-30.0
12.0	-54.0	-22.0
-36.0	54.0	30.0
-24.0	-4.0	62.0
-58.0	-22.0	40.0
-24.0	-8.0	2.0
-26.0	56.0	-14.0
-16.0	-68.0	54.0
-58.0	12.0	-4.0
40.0	50.0	28.0
-58.0	8.0	34.0
-4.0	-22.0	50.0
14.0	-68.0	56.0
34.0	-54.0	62.0
38.0	-34.0	44.0
-30.0	-46.0	40.0
54.0	-30.0	56.0
-8.0	-24.0	48.0
-16.0	-68.0	50.0
-14.0	-70.0	58.0
26.0	-54.0	56.0
12.0	4.0	44.0
48.0	52.0	4.0
-14.0	-68.0	58.0
-32.0	-46.0	56.0
-18.0	-66.0	58.0
16.0	-40.0	-4.0
-4.0	-70.0	-6.0
-8.0	-62.0	-2.0
-14.0	-52.0	64.0
-52.0	-4.0	44.0
6.0	-24.0	-2.0
30.0	22.0	10.0
24.0	10.0	-4.0
-22.0	8.0	10.0
-22.0	8.0	-4.0
-24.0	-2.0	-10.0
-8.0	-22.0	4.0
66.0	-20.0	14.0
64.0	-36.0	12.0
-54.0	-40.0	20.0
10.0	20.0	30.0
-52.0	-32.0	24.0
-48.0	-32.0	20.0
-16.0	-58.0	66.0
34.0	-62.0	-50.0
44.0	58.0	8.0
22.0	-50.0	-22.0
-34.0	-26.0	-10.0
-26.0	56.0	-14.0
24.0	-60.0	-50.0
-58.0	-16.0	42.0
52.0	-68.0	-6.0
54.0	-68.0	0.0
62.0	10.0	-2.0
6.0	-64.0	-18.0

// Eilam-Stock T, 2014: PMID 24424916-1
// Subjects=20
-12.0	-4.0	0.0
12.0	14.0	18.0
14.0	-8.0	12.0
22.0	6.0	62.0
-14.0	12.0	10.0
24.0	-18.0	-2.0
-16.0	18.0	4.0
26.0	48.0	-12.0
14.0	18.0	0.0
-16.0	10.0	46.0
6.0	26.0	38.0
-34.0	26.0	8.0
32.0	18.0	4.0
42.0	4.0	32.0
6.0	-22.0	62.0
48.0	22.0	26.0
30.0	-40.0	40.0
16.0	20.0	36.0
36.0	46.0	32.0
2.0	22.0	50.0
-48.0	-28.0	18.0
-22.0	-58.0	58.0
52.0	-22.0	-2.0
56.0	-40.0	52.0
48.0	-36.0	42.0
-26.0	-40.0	-36.0
-22.0	-42.0	42.0
-24.0	32.0	18.0
-16.0	-76.0	8.0
38.0	50.0	24.0
-4.0	-94.0	10.0
8.0	-92.0	16.0
8.0	-86.0	10.0
44.0	0.0	42.0
-16.0	-74.0	0.0
-24.0	-16.0	62.0
-2.0	-20.0	72.0
58.0	22.0	4.0
32.0	26.0	6.0
-12.0	-82.0	12.0
-6.0	-46.0	24.0
10.0	-50.0	-10.0
58.0	-32.0	-10.0
12.0	-54.0	38.0
4.0	-58.0	30.0
-58.0	-42.0	24.0
64.0	-22.0	32.0
14.0	-58.0	-6.0
16.0	-82.0	20.0
16.0	-80.0	-4.0
-14.0	-82.0	2.0
-8.0	-58.0	42.0
-48.0	-50.0	48.0
-30.0	-64.0	58.0
-22.0	-62.0	-10.0
-32.0	-52.0	42.0
28.0	-68.0	-10.0
-14.0	-44.0	2.0
28.0	-48.0	-6.0
-4.0	24.0	44.0
8.0	-44.0	28.0
24.0	-58.0	-26.0
-4.0	-18.0	42.0
2.0	-50.0	-16.0
12.0	-38.0	-4.0
-36.0	-2.0	56.0
-64.0	-18.0	32.0
-52.0	-14.0	14.0
-52.0	-46.0	-2.0
-62.0	-26.0	2.0
-40.0	40.0	-8.0
38.0	-58.0	48.0
-4.0	6.0	38.0
-6.0	-66.0	18.0
4.0	-54.0	22.0
2.0	28.0	30.0
8.0	60.0	6.0
2.0	12.0	60.0
6.0	62.0	30.0
12.0	28.0	60.0
-14.0	46.0	-4.0
2.0	48.0	44.0
-2.0	-74.0	-10.0
-4.0	-22.0	58.0
26.0	18.0	-6.0
44.0	-6.0	50.0
-58.0	-40.0	34.0
56.0	-32.0	30.0
0.0	-22.0	2.0
56.0	-32.0	32.0
8.0	-14.0	14.0
-10.0	-4.0	16.0
34.0	-74.0	6.0
-30.0	2.0	-30.0
-20.0	6.0	-8.0
-48.0	-28.0	18.0
10.0	30.0	-8.0
-58.0	-42.0	26.0
4.0	60.0	10.0
4.0	14.0	58.0
10.0	-10.0	12.0
-2.0	-22.0	0.0
-4.0	-18.0	42.0
-14.0	46.0	-4.0
10.0	30.0	-8.0
4.0	46.0	42.0
-22.0	-70.0	-40.0
0.0	6.0	32.0
6.0	38.0	10.0
-20.0	6.0	-8.0
28.0	60.0	20.0
28.0	-8.0	6.0
4.0	26.0	30.0
28.0	18.0	-10.0
-8.0	-38.0	46.0
52.0	24.0	8.0
-10.0	-4.0	16.0
42.0	28.0	42.0
16.0	-32.0	42.0
26.0	32.0	50.0
-10.0	8.0	72.0
36.0	4.0	38.0
-8.0	-64.0	-4.0
-20.0	-68.0	-38.0
22.0	8.0	2.0
-24.0	46.0	26.0
14.0	0.0	68.0
42.0	-78.0	0.0
-12.0	8.0	16.0
-38.0	24.0	4.0
-8.0	-84.0	-6.0
-10.0	-20.0	-44.0
16.0	-82.0	20.0
14.0	-70.0	-2.0
-30.0	-64.0	58.0
-46.0	-54.0	48.0
24.0	-56.0	-24.0
-44.0	-76.0	14.0
-4.0	-46.0	-46.0
-4.0	-68.0	20.0
26.0	-44.0	-8.0
18.0	-64.0	14.0
-12.0	-72.0	-20.0
-8.0	-42.0	-4.0
-64.0	-18.0	32.0
-34.0	2.0	56.0
24.0	-2.0	4.0
-2.0	-54.0	36.0
-24.0	-62.0	-14.0
-24.0	-64.0	-24.0
-42.0	42.0	0.0
-10.0	-46.0	36.0
10.0	32.0	58.0
-24.0	44.0	22.0
16.0	52.0	20.0
20.0	10.0	30.0
-14.0	16.0	60.0
8.0	28.0	-4.0
-6.0	28.0	58.0
14.0	28.0	30.0
42.0	-64.0	44.0
-38.0	2.0	58.0
64.0	-40.0	-4.0
-6.0	2.0	12.0
6.0	2.0	14.0
-6.0	38.0	-18.0
-6.0	30.0	-4.0
16.0	16.0	-6.0
14.0	-20.0	-32.0
-18.0	-20.0	-30.0
0.0	44.0	28.0
-8.0	-62.0	36.0
-30.0	-39.0	-39.0
66.0	-22.0	4.0
-58.0	-22.0	-20.0
22.0	2.0	74.0
-52.0	4.0	-34.0
14.0	-58.0	74.0
-50.0	34.0	-2.0
-18.0	-92.0	14.0
32.0	-10.0	-20.0
2.0	-50.0	-2.0
26.0	-70.0	38.0
24.0	-70.0	24.0
42.0	-70.0	-14.0
14.0	-40.0	-18.0
40.0	-30.0	0.0
28.0	-80.0	10.0
32.0	-76.0	0.0
52.0	-58.0	-10.0
50.0	-4.0	46.0
-64.0	-34.0	-10.0
32.0	-78.0	-46.0
-24.0	-80.0	14.0
-42.0	-22.0	48.0
-30.0	-20.0	-8.0
-40.0	-80.0	2.0
-2.0	-30.0	-14.0
-28.0	-66.0	-14.0
-22.0	-64.0	30.0
22.0	0.0	-18.0
-8.0	-72.0	-36.0
40.0	-78.0	0.0
28.0	-86.0	-8.0
-40.0	-8.0	18.0
-44.0	0.0	4.0
48.0	20.0	8.0
42.0	0.0	14.0
44.0	8.0	2.0
-28.0	18.0	-34.0
44.0	-10.0	34.0
28.0	0.0	-28.0
16.0	-82.0	30.0
-64.0	-6.0	6.0
10.0	-24.0	-26.0
-6.0	-4.0	60.0
14.0	-70.0	-24.0
-12.0	-40.0	40.0
-34.0	-36.0	66.0
-14.0	-6.0	72.0
-42.0	-36.0	56.0
4.0	-28.0	40.0
2.0	-46.0	46.0
-62.0	-42.0	30.0
46.0	2.0	0.0
-8.0	54.0	20.0
-42.0	-20.0	56.0
2.0	46.0	24.0
0.0	58.0	22.0
8.0	6.0	58.0
-54.0	0.0	44.0
62.0	-8.0	38.0
-36.0	-22.0	66.0
-4.0	8.0	6.0
6.0	-48.0	36.0
42.0	-38.0	60.0
-20.0	-38.0	54.0
-10.0	20.0	-16.0
36.0	-68.0	-30.0
-46.0	-70.0	32.0
-28.0	-88.0	-30.0
34.0	-48.0	58.0
16.0	-40.0	58.0
20.0	-62.0	60.0
60.0	-52.0	4.0
52.0	-62.0	2.0
16.0	-58.0	-58.0
26.0	-14.0	66.0
-50.0	32.0	-14.0
-34.0	24.0	-16.0
8.0	-8.0	58.0
42.0	-10.0	-12.0
26.0	-10.0	8.0
46.0	-28.0	6.0
-6.0	-42.0	6.0
12.0	-48.0	-26.0
30.0	-8.0	60.0
16.0	-76.0	-10.0
32.0	8.0	-40.0
30.0	-10.0	-32.0
22.0	-52.0	-10.0
-28.0	-22.0	-30.0
-50.0	-14.0	-4.0
14.0	-56.0	-4.0
-12.0	-70.0	0.0
-16.0	-32.0	-2.0
-36.0	-32.0	-10.0
6.0	-66.0	26.0
-34.0	62.0	-12.0
-22.0	-80.0	46.0
-24.0	-64.0	4.0
-2.0	-78.0	42.0
-12.0	8.0	38.0
2.0	6.0	42.0
22.0	-92.0	24.0
-16.0	-96.0	20.0
30.0	-86.0	18.0
-40.0	-26.0	6.0
-56.0	-28.0	6.0
32.0	-2.0	-28.0
34.0	-38.0	-20.0
36.0	52.0	-6.0
-8.0	-28.0	68.0
14.0	20.0	0.0
42.0	6.0	-15.0
45.0	-12.0	0.0
42.0	-63.0	-9.0
48.0	-75.0	0.0
-9.0	42.0	9.0
-30.0	-21.0	-12.0
54.0	-62.0	-10.0
6.0	51.0	36.0
12.0	36.0	9.0
-3.0	45.0	24.0
45.0	-54.0	36.0
-3.0	-36.0	39.0
-9.0	-57.0	36.0
9.0	-54.0	30.0
50.0	-68.0	-28.0
6.0	30.0	-6.0
-45.0	-27.0	-21.0
-27.0	3.0	-18.0
-6.0	12.0	-3.0
-12.0	-48.0	3.0
-36.0	-63.0	-54.0
30.0	-78.0	-48.0
-39.0	15.0	-30.0
39.0	-57.0	-33.0
6.0	42.0	18.0
-3.0	30.0	60.0
6.0	33.0	42.0
0.0	-12.0	30.0
-6.0	33.0	6.0
48.0	21.0	3.0
33.0	21.0	-9.0
42.0	-15.0	-6.0
-9.0	-84.0	-24.0
33.0	15.0	54.0
42.0	24.0	42.0
-44.0	0.0	2.0
-3.0	36.0	-18.0
6.0	24.0	-6.0
9.0	33.0	39.0
3.0	-42.0	27.0
-12.0	-57.0	36.0
-51.0	-51.0	39.0
-57.0	-60.0	27.0
36.0	-51.0	42.0
6.0	-54.0	-21.0
-30.0	-21.0	-12.0
-21.0	-3.0	-15.0
39.0	-69.0	-54.0
-21.0	9.0	-15.0
-3.0	-27.0	36.0
3.0	-90.0	12.0
-9.0	-66.0	9.0
3.0	-81.0	36.0
-12.0	-72.0	-18.0
-18.0	-90.0	-6.0
42.0	-60.0	-15.0
15.0	-54.0	0.0
33.0	-93.0	-12.0
-52.0	-56.0	24.0
-3.0	-63.0	9.0
-60.0	-34.0	4.0
2.0	-72.0	30.0

// Croy I, 2014: PMID 24445134-1
// Subjects=20
-34.0	-28.0	-8.0
24.0	-14.0	-16.0
-36.0	-26.0	22.0
-24.0	34.0	-12.0
-34.0	30.0	-10.0
6.0	-24.0	4.0
-32.0	-40.0	0.0
-48.0	48.0	-6.0
42.0	20.0	-14.0
18.0	22.0	-14.0
-28.0	40.0	-8.0
-26.0	-24.0	-12.0
20.0	20.0	-14.0
24.0	-8.0	-12.0
-30.0	20.0	-2.0
38.0	-16.0	16.0
-40.0	12.0	-10.0
20.0	-12.0	-2.0
18.0	22.0	-14.0
-28.0	40.0	-8.0
-4.0	-26.0	2.0
-6.0	-22.0	2.0
-32.0	2.0	8.0
-24.0	-4.0	-16.0
-34.0	-12.0	14.0
-40.0	12.0	-10.0
-28.0	46.0	-4.0
-6.0	-28.0	0.0
-28.0	42.0	-10.0
36.0	50.0	-6.0
10.0	56.0	-8.0
-4.0	-26.0	2.0
-26.0	-16.0	-12.0
40.0	-14.0	16.0

// Spoormaker VI, 2014: PMID 24452776-1
// Subjects=20
-40.0	40.0	-10.0
-6.0	42.0	-12.0
-8.0	-28.0	-4.0
-32.0	16.0	8.0
36.0	28.0	0.0
-26.0	-22.0	-18.0

// Stegmayer K, 2014: PMID 24455473-1
// Subjects=20
12.0	-18.0	12.0
-32.0	54.0	0.0
-50.0	36.0	2.0
-20.0	56.0	20.0
-36.0	46.0	18.0
-24.0	34.0	-20.0
26.0	36.0	-16.0
44.0	48.0	-2.0
-8.0	-14.0	10.0
40.0	44.0	12.0
-6.0	36.0	-26.0
-32.0	-28.0	-8.0
-32.0	22.0	6.0
40.0	44.0	-16.0
12.0	12.0	-4.0
14.0	14.0	6.0
36.0	24.0	-2.0
4.0	48.0	-20.0
10.0	-16.0	14.0
10.0	60.0	0.0
-26.0	14.0	-38.0
12.0	62.0	-2.0
-24.0	34.0	-20.0
4.0	46.0	-16.0
-4.0	40.0	-22.0

// Hertz U, 2014: PMID 24518756-1
// Subjects=20
-45.7	-83.0	-1.0
-53.0	-29.9	39.2
-34.4	67.9	-4.9
-23.4	-34.0	-3.2
19.4	-33.5	-0.4
58.1	-3.2	44.6
21.0	-75.1	53.3
-55.4	-26.9	10.0
48.3	-60.7	-9.6
-40.4	-85.6	-7.6
15.2	-91.7	-8.8
-47.6	-59.7	38.3
-0.6	7.8	54.4
47.2	13.4	26.6
43.2	0.5	52.3
27.2	-89.7	15.4
64.5	-20.7	38.2
55.6	-16.5	-3.3
-58.3	-35.3	38.6
-49.0	7.1	21.6
27.3	-66.2	44.7
-45.8	-11.2	5.2
-50.2	41.4	12.0
55.8	-23.0	8.4
47.1	-8.4	5.0
44.0	6.2	16.1
-47.8	6.8	31.6
-62.9	-30.9	0.4
34.5	-81.7	-5.4
-23.1	-88.4	9.2
6.3	50.6	1.7
-1.7	12.9	51.7
56.8	-28.5	6.6
-49.0	13.8	26.6
-55.3	-33.2	10.5
16.6	-20.6	57.7
16.1	0.7	2.4
-39.0	-1.7	59.0
12.0	-80.7	-4.1
50.3	30.1	21.8
18.8	-67.6	54.9
-1.0	-14.5	-0.6
3.6	-64.2	16.9
-60.9	-12.0	-3.5
-59.7	-33.9	1.7
53.9	-66.0	31.0
36.4	-34.3	-11.6
52.4	-17.7	-5.4
-11.3	-39.1	40.6
-29.4	-7.3	54.9
-1.7	6.6	52.3
32.5	-3.7	53.9
-20.9	-28.0	47.6
5.3	39.1	4.9

// Schaefer HS, 2014: PMID 24561099-1
// Subjects=20
41.7	-45.4	-18.5
-30.5	-10.8	50.7
-5.1	13.3	29.4
47.0	17.0	4.0
-5.6	18.3	31.8
37.3	17.8	3.7
1.9	6.4	51.4
53.6	4.1	42.0
44.9	18.0	5.6
-31.2	19.3	0.8
20.5	-3.9	-14.9
3.5	-20.8	-1.6
-43.1	-59.6	-18.9
1.8	-80.0	16.8
-16.5	-83.8	40.2
-19.4	27.6	-18.4
-6.5	12.4	-9.5
-39.5	14.4	5.2
-26.6	33.3	28.0
-17.0	-6.5	-14.6
-8.5	11.1	1.8
-21.3	-23.5	-5.2
-21.9	-77.8	36.2
-16.7	7.7	54.6
-16.1	11.6	-6.0
-14.9	0.4	0.5
-10.5	-18.3	6.5
-10.7	-6.6	-6.7
-10.6	-18.2	-5.8
0.0	-21.8	-12.3
-18.2	-5.1	-14.6
-24.5	-31.4	-10.1
-51.2	-14.7	2.2
-12.6	-50.7	0.3
-16.5	-26.8	63.0
-32.5	-45.9	51.5
-54.1	-42.1	32.4
-6.8	-46.2	59.0
-43.4	-49.7	29.6
-36.2	-61.5	-13.0
-7.2	-58.5	9.8
-8.0	-79.7	38.4
-32.1	14.0	-0.4
-2.9	14.6	46.0
-22.5	-1.8	-12.6
31.5	-18.3	58.4
8.0	-4.6	58.7
9.9	-1.8	25.0
-21.9	-88.2	25.9
41.7	11.3	-1.0
13.9	15.2	-3.3
23.5	11.7	-7.5
18.2	1.5	-1.1
14.0	-17.0	7.2
13.9	-7.6	-8.1
27.7	-1.8	-17.6
29.9	-19.3	-10.6
24.5	-15.7	-17.5
51.4	-23.7	-0.4
57.8	-49.8	-8.4
19.9	-31.9	61.9
34.8	-47.3	54.1
54.9	-31.9	31.4
15.1	-50.7	-2.2
5.3	16.0	-5.5
34.3	-46.4	-17.3
-53.4	-3.6	-5.4
12.9	-18.1	-7.2
21.9	-1.1	60.5
19.8	-72.0	38.5
17.4	-61.2	13.1
35.7	-71.4	18.2
3.6	13.8	48.3
-45.6	4.2	39.6
35.4	34.9	29.4
-26.8	21.7	-11.2
-39.6	12.1	-10.2
27.8	3.4	-4.7
-23.5	-0.9	-1.5
1.4	-7.4	36.7
-30.9	-18.8	2.3
8.0	-71.2	36.4
9.2	-71.4	47.5
-17.9	-63.6	-0.8
-10.5	-37.0	-0.8
1.5	-74.8	17.8
-55.3	-48.7	16.3
-60.6	-33.5	20.6
12.4	-53.9	53.8
14.0	-34.0	-5.8

// Yeh CJ, 2015: PMID 24571121-1
// Subjects=20
20.0	46.0	49.0
-4.0	50.0	-11.0
-1.0	55.0	-17.0
-5.0	-49.0	40.0
-43.0	-60.0	30.0
45.0	-60.0	29.0
54.0	-6.0	-16.0
-57.0	-17.0	-16.0
-22.0	-32.0	-8.0
17.0	-26.0	-8.0
12.0	52.0	31.0
5.0	-52.0	9.0
-7.0	44.0	48.0

// Economides M, 2014: PMID 24573291-1
// Subjects=20
16.0	-82.0	32.0
28.0	-64.0	48.0
40.0	12.0	30.0
-28.0	-56.0	46.0
8.0	-76.0	6.0
56.0	-8.0	44.0
-28.0	-28.0	-12.0
-6.0	44.0	-10.0
-40.0	-6.0	-2.0
-10.0	-54.0	-12.0
-8.0	-84.0	-8.0
14.0	-20.0	46.0
4.0	52.0	14.0
-4.0	14.0	-8.0
-52.0	-58.0	20.0
6.0	24.0	48.0
-50.0	-24.0	24.0
-44.0	-16.0	58.0
34.0	52.0	-6.0
-8.0	56.0	2.0
30.0	22.0	-10.0
-34.0	18.0	-4.0
36.0	-50.0	50.0
-12.0	-6.0	18.0
24.0	-56.0	52.0
32.0	18.0	28.0
12.0	-10.0	18.0
-38.0	-72.0	10.0
20.0	-74.0	4.0
-42.0	-2.0	52.0
-18.0	17.0	-6.0
24.0	-18.0	-16.0
-26.0	6.0	64.0
34.0	26.0	-10.0
10.0	20.0	-8.0
-6.0	28.0	22.0
-32.0	46.0	18.0
32.0	8.0	26.0
-54.0	-26.0	22.0
44.0	-34.0	24.0
-42.0	-74.0	32.0
-58.0	-18.0	10.0
-28.0	-32.0	-14.0
14.0	-44.0	2.0

// Wan MW, 2014: PMID 24594508-1
// Subjects=20
-9.0	-96.0	8.0
2.0	26.0	39.0
-41.0	-50.0	-18.0
0.0	-55.0	-24.0
2.0	-63.0	-20.0
9.0	-77.0	-20.0
34.0	-77.0	-26.0
25.0	-84.0	-26.0
7.0	30.0	54.0
48.0	-54.0	-17.0
0.0	56.0	19.0
39.0	-46.0	-18.0
61.0	-32.0	24.0
59.0	-29.0	42.0
41.0	32.0	13.0
48.0	11.0	36.0
41.0	9.0	51.0
7.0	18.0	54.0
-44.0	10.0	-31.0
54.0	-60.0	7.0
0.0	55.0	27.0
0.0	-52.0	32.0
-39.0	10.0	18.0
-16.0	30.0	13.0
2.0	-12.0	23.0
-16.0	-66.0	-14.0
28.0	28.0	-18.0
-39.0	20.0	-14.0
11.0	-93.0	16.0
-39.0	18.0	3.0
-41.0	11.0	-4.0
-12.0	-51.0	50.0
-23.0	8.0	-21.0
25.0	-61.0	-17.0
-41.0	-56.0	-21.0
-44.0	-66.0	-20.0
-16.0	-44.0	-18.0
0.0	-54.0	-17.0
11.0	-71.0	48.0
34.0	16.0	-28.0
25.0	10.0	-24.0
-39.0	-2.0	48.0
18.0	-7.0	-13.0
25.0	8.0	-24.0
21.0	44.0	16.0
48.0	-2.0	0.0
-16.0	-52.0	58.0
-35.0	15.0	-18.0
59.0	-25.0	42.0
54.0	-5.0	33.0
-41.0	-12.0	41.0
-21.0	2.0	-20.0
66.0	-24.0	-2.0
59.0	-25.0	-9.0
46.0	-67.0	-34.0
11.0	35.0	-12.0
-28.0	-78.0	1.0
66.0	-33.0	-2.0
-32.0	-30.0	-12.0
-35.0	-63.0	25.0
-41.0	25.0	21.0
-32.0	-41.0	-25.0
-50.0	23.0	14.0
-23.0	-37.0	-22.0
32.0	-70.0	40.0
18.0	-70.0	44.0
18.0	-65.0	47.0
-12.0	24.0	-11.0
-5.0	39.0	-12.0
39.0	-40.0	50.0
46.0	-9.0	41.0
7.0	-65.0	36.0
-23.0	15.0	-18.0
63.0	-19.0	34.0
-16.0	-81.0	-9.0
-16.0	5.0	7.0
41.0	3.0	29.0
41.0	30.0	21.0
44.0	9.0	36.0
-30.0	7.0	51.0
-16.0	-13.0	4.0
59.0	4.0	-14.0
0.0	-67.0	33.0
-12.0	-91.0	8.0
18.0	-90.0	23.0
28.0	-87.0	15.0
9.0	-82.0	-23.0
-2.0	56.0	12.0
50.0	-22.0	45.0
21.0	27.0	6.0
34.0	-28.0	20.0
0.0	-65.0	44.0

// Lech RK, 2014: PMID 24675159-1
// Subjects=20
25.0	-39.0	-14.0
35.0	-14.0	-14.0
-29.0	-9.0	-21.0
-29.0	-37.0	-3.0
39.0	-31.0	-10.0
32.0	-33.0	-15.0
43.0	-44.0	-19.0
-48.0	-54.0	-15.0
31.0	-45.0	-6.0
-22.0	-43.0	-7.0

// Hall SA, 2014: PMID 24702453-1
// Subjects=20
-26.0	-34.0	-4.0
-26.0	-30.0	-19.0
11.0	-41.0	4.0
8.0	-53.0	15.0
-8.0	-34.0	30.0
-4.0	-60.0	34.0
-49.0	-71.0	30.0
-30.0	-71.0	49.0
-15.0	-34.0	0.0
-53.0	-15.0	4.0
-11.0	-64.0	34.0
-11.0	-56.0	15.0
-38.0	-79.0	34.0
-45.0	-26.0	19.0
-38.0	11.0	38.0
11.0	-68.0	-19.0
8.0	-53.0	15.0
49.0	-23.0	11.0
60.0	-8.0	4.0
53.0	-4.0	-23.0
4.0	-64.0	34.0
4.0	-64.0	34.0
-8.0	-71.0	15.0
-15.0	-38.0	0.0
11.0	-60.0	23.0
-8.0	-41.0	4.0
8.0	-53.0	11.0
-8.0	-45.0	30.0
-56.0	-11.0	-4.0
-30.0	-71.0	49.0
-53.0	-15.0	4.0
4.0	-79.0	46.0
-8.0	-34.0	34.0
-26.0	-68.0	46.0
11.0	-98.0	23.0
-8.0	-83.0	11.0
15.0	-83.0	19.0
11.0	-98.0	11.0
8.0	-94.0	4.0
8.0	-53.0	11.0
-8.0	-41.0	4.0
-4.0	26.0	-8.0
4.0	23.0	-8.0
4.0	30.0	-4.0
45.0	-23.0	-15.0
56.0	-11.0	0.0
-49.0	-68.0	23.0

// Cikara M, 2014: PMID 24726338-1
// Subjects=20
0.0	-58.0	30.0
6.0	18.0	46.0
-4.0	34.0	-4.0
4.0	40.0	-4.0
-2.0	36.0	4.0
6.0	-52.0	22.0
-42.0	-64.0	26.0
60.0	-4.0	-18.0
14.0	10.0	4.0
60.0	0.0	-24.0
-54.0	-6.0	-18.0
16.0	-52.0	-20.0
-36.0	16.0	-2.0
4.0	-54.0	26.0
-42.0	-54.0	20.0
52.0	12.0	40.0
-30.0	16.0	6.0
36.0	-46.0	40.0
-46.0	-38.0	44.0
-26.0	-64.0	42.0
-28.0	-66.0	40.0
-56.0	-54.0	-14.0
-42.0	-76.0	-10.0
-48.0	6.0	28.0
-42.0	-80.0	-18.0
34.0	-60.0	42.0
32.0	-64.0	38.0
42.0	46.0	-2.0
42.0	44.0	14.0
40.0	42.0	16.0
34.0	28.0	2.0
4.0	-62.0	-12.0
54.0	12.0	24.0
-52.0	-66.0	28.0
4.0	32.0	42.0
32.0	32.0	-16.0
-36.0	-60.0	52.0
-36.0	52.0	-14.0
-26.0	46.0	-18.0
-44.0	42.0	4.0
42.0	-16.0	18.0
-62.0	-46.0	-10.0
48.0	-12.0	-12.0
4.0	48.0	-12.0
-40.0	52.0	10.0
-32.0	48.0	20.0
-44.0	48.0	-4.0
-42.0	-56.0	52.0
-38.0	-58.0	50.0
-14.0	-58.0	12.0
42.0	-12.0	20.0
-8.0	48.0	10.0
-30.0	-28.0	-14.0
-56.0	-24.0	-18.0
-48.0	12.0	42.0
-42.0	10.0	36.0
-36.0	6.0	34.0
18.0	-38.0	8.0
10.0	-30.0	18.0
-4.0	8.0	50.0
10.0	-28.0	-8.0
50.0	-6.0	18.0
22.0	-4.0	-12.0
36.0	-4.0	-34.0
-2.0	-4.0	-20.0
-28.0	-44.0	16.0
-32.0	-42.0	0.0
50.0	0.0	26.0
-56.0	-34.0	-8.0

// Gonzalez V, 2015: PMID 24728838-1
// Subjects=20
-34.0	-24.0	-16.0
-50.0	-42.0	16.0
-36.0	-60.0	-10.0
-8.0	-24.0	2.0
-22.0	-12.0	-6.0
-20.0	-2.0	6.0
-48.0	12.0	0.0
-52.0	4.0	18.0
-56.0	-56.0	10.0
-38.0	-80.0	-14.0
-48.0	4.0	40.0
-52.0	20.0	14.0
44.0	-12.0	-6.0
-42.0	-52.0	24.0
-48.0	-48.0	20.0
6.0	-34.0	32.0
-38.0	-64.0	24.0
-8.0	-90.0	-8.0
-20.0	-4.0	6.0
-52.0	20.0	14.0
-24.0	4.0	64.0
-8.0	-20.0	2.0
-38.0	-22.0	56.0
-10.0	-48.0	16.0
-30.0	-22.0	58.0
-22.0	4.0	66.0
-28.0	-24.0	56.0
6.0	-36.0	30.0
-10.0	-48.0	16.0
44.0	-54.0	-10.0
-38.0	-80.0	-14.0
-4.0	-92.0	-10.0
28.0	-40.0	56.0
-40.0	-84.0	32.0
-32.0	-8.0	40.0
-28.0	-20.0	58.0
-44.0	-2.0	16.0
-44.0	-10.0	22.0
-40.0	-12.0	4.0
-40.0	-12.0	4.0
-44.0	4.0	8.0
24.0	-70.0	-46.0
22.0	-50.0	-30.0
30.0	-44.0	64.0
18.0	-42.0	72.0
-10.0	-90.0	0.0
-42.0	-52.0	24.0

// Wang X, 2014: PMID 24788317-1
// Subjects=20
-21.0	-21.0	-18.0
6.0	45.0	9.0
48.0	18.0	-6.0
21.0	-69.0	3.0
-21.0	-48.0	-3.0
15.0	-45.0	69.0
3.0	39.0	-6.0
48.0	9.0	-3.0
-9.0	-48.0	3.0
9.0	-66.0	24.0
36.0	-69.0	39.0
0.0	9.0	51.0

// Sim EJ, 2014: PMID 24794918-1
// Subjects=20
38.0	-48.0	-2.0
-56.0	-26.0	12.0
-42.0	-12.0	4.0
-2.0	14.0	70.0
44.0	-8.0	-10.0
-30.0	-44.0	70.0
52.0	-58.0	46.0
16.0	-30.0	-30.0
4.0	-90.0	34.0
0.0	-88.0	26.0
24.0	-58.0	-50.0
28.0	-84.0	-10.0
14.0	-68.0	-50.0
-56.0	14.0	-4.0
54.0	-32.0	44.0
-52.0	-32.0	56.0
36.0	-82.0	-6.0
-28.0	-12.0	70.0
14.0	-96.0	-6.0
18.0	-20.0	-20.0
-22.0	-22.0	-14.0
8.0	-26.0	-8.0
22.0	-26.0	-4.0
-28.0	-88.0	-10.0
-46.0	-74.0	2.0
46.0	0.0	46.0
-28.0	-88.0	14.0
30.0	-54.0	56.0
-28.0	-2.0	10.0
54.0	-68.0	0.0
44.0	-82.0	-2.0
54.0	-64.0	-12.0
-52.0	16.0	2.0
-52.0	36.0	14.0
-46.0	36.0	-14.0
-28.0	-30.0	-8.0
34.0	-34.0	48.0

// McDonough IM, 2014: PMID 24828546-1
// Subjects=20
30.0	32.0	-26.0
-8.0	44.0	56.0
-4.0	52.0	50.0
14.0	46.0	54.0
30.0	18.0	-32.0
0.0	14.0	-10.0
36.0	-78.0	14.0
2.0	-52.0	6.0
-28.0	-62.0	-14.0
30.0	-66.0	-12.0
46.0	-74.0	-4.0
30.0	-84.0	32.0
50.0	4.0	38.0
30.0	-48.0	-14.0
-12.0	-24.0	22.0
-6.0	68.0	18.0
-36.0	18.0	-40.0
8.0	-70.0	-18.0
-54.0	-40.0	6.0
68.0	-36.0	14.0
-28.0	-96.0	-10.0
-10.0	-96.0	8.0
4.0	10.0	-8.0
-12.0	-46.0	38.0
-54.0	-62.0	-4.0
18.0	-78.0	4.0
-12.0	-24.0	28.0
32.0	-78.0	-38.0
50.0	38.0	6.0
28.0	38.0	-8.0
-28.0	38.0	-12.0
-40.0	28.0	-22.0
-64.0	-28.0	2.0
-44.0	6.0	-36.0
6.0	-84.0	-8.0
48.0	-2.0	36.0
6.0	2.0	62.0
18.0	-2.0	16.0
24.0	-62.0	30.0
28.0	-68.0	18.0
2.0	12.0	26.0
26.0	-20.0	-22.0
24.0	-36.0	-18.0
32.0	-64.0	22.0
-16.0	-80.0	52.0
-6.0	-2.0	60.0
-40.0	52.0	24.0
-26.0	50.0	20.0
-36.0	32.0	50.0
-28.0	-32.0	-14.0
28.0	0.0	56.0
32.0	-40.0	-16.0
-8.0	-8.0	66.0
2.0	12.0	26.0
-30.0	-26.0	-14.0
-48.0	6.0	28.0
-32.0	-32.0	-16.0
-32.0	-38.0	-16.0
-8.0	-44.0	48.0
8.0	-44.0	46.0
-14.0	-62.0	48.0
-46.0	-46.0	44.0
22.0	-58.0	46.0
32.0	-66.0	36.0
16.0	4.0	16.0
4.0	6.0	28.0
26.0	0.0	52.0
32.0	-26.0	-24.0
28.0	-18.0	-22.0
32.0	-38.0	-18.0
28.0	-64.0	44.0

// Dannlowski U, 2014: PMID 24862560-1
// Subjects=20
-14.0	-93.0	6.0
34.0	14.0	-9.0
18.0	-4.0	-12.0
-28.0	-24.0	-9.0
14.0	12.0	15.0
-38.0	15.0	-6.0

// Satterthwaite TD, 2014: PMID 24912164-1
// Subjects=20
-50.0	32.0	0.0
52.0	28.0	4.0
-44.0	-82.0	12.0
-54.0	-48.0	-2.0
-44.0	34.0	22.0
64.0	-26.0	-16.0
-36.0	-74.0	46.0
-2.0	42.0	-8.0
-30.0	-28.0	-14.0
18.0	-52.0	6.0
4.0	-42.0	28.0
48.0	32.0	20.0
-8.0	-18.0	16.0
10.0	-22.0	16.0
34.0	-90.0	6.0

// Tagliazucchi E, 2014: PMID 24989126-1
// Subjects=20
26.0	-22.0	-16.0
-2.0	22.0	28.0
4.0	34.0	18.0
-26.0	-18.0	-15.0
-26.0	1.0	38.0
37.0	-2.0	-38.0
7.0	27.0	17.0
-7.0	43.0	-2.0
-34.0	-69.0	44.0
6.0	-22.0	60.0
-39.0	-42.0	42.0
-39.0	45.0	-3.0
47.0	44.0	-3.0
5.0	56.0	-9.0
4.0	-59.0	33.0
53.0	-61.0	33.0
-48.0	-55.0	34.0
11.0	-60.0	40.0
38.0	-67.0	44.0
-40.0	-34.0	60.0
32.0	-14.0	-13.0
50.0	-30.0	60.0
-34.0	-66.0	36.0
52.0	7.0	28.0
38.0	41.0	28.0
-27.0	43.0	28.0
10.0	55.0	-6.0
5.0	-52.0	25.0
47.0	-66.0	29.0
-41.0	-66.0	24.0
-41.0	47.0	-5.0
-41.0	41.0	24.0
-34.0	-22.0	-16.0
5.0	-57.0	25.0
4.0	54.0	6.0
-37.0	-32.0	62.0
41.0	-39.0	62.0
-26.0	-9.0	60.0
28.0	17.0	54.0
-20.0	15.0	54.0
-22.0	59.0	12.0
-41.0	14.0	33.0
50.0	-58.0	36.0
35.0	40.0	24.0

// Luo Y, 2014: PMID 25044711-1
// Subjects=20
22.0	-80.0	-20.0
10.0	-78.0	-26.0
30.0	-62.0	-32.0
-34.0	54.0	14.0
-32.0	-2.0	52.0
-44.0	26.0	32.0
42.0	-48.0	46.0
-38.0	48.0	4.0
-10.0	-74.0	52.0
-4.0	16.0	52.0
-8.0	-62.0	16.0
50.0	-28.0	22.0
-30.0	-26.0	-14.0
-42.0	-6.0	0.0
-56.0	-36.0	18.0
-52.0	0.0	-28.0
-6.0	-26.0	48.0
58.0	-2.0	8.0
-8.0	46.0	-6.0
-8.0	60.0	12.0
52.0	6.0	-28.0
-36.0	-54.0	46.0
-10.0	58.0	30.0
-6.0	-52.0	32.0
-34.0	-62.0	-32.0
-54.0	-70.0	30.0
-42.0	-46.0	-26.0
-24.0	-8.0	-20.0
32.0	2.0	-18.0
26.0	-8.0	-20.0
-28.0	-46.0	64.0
22.0	-48.0	66.0
20.0	-40.0	72.0
34.0	-32.0	-10.0
-20.0	-32.0	78.0
-34.0	-82.0	-10.0
-34.0	14.0	-6.0
30.0	-78.0	-14.0
54.0	-60.0	2.0
-54.0	-54.0	8.0
32.0	-12.0	-20.0
32.0	-96.0	18.0
32.0	-68.0	14.0
46.0	-80.0	26.0
-46.0	-78.0	4.0
36.0	18.0	-8.0
8.0	36.0	22.0
8.0	30.0	38.0
-28.0	-6.0	-22.0
-16.0	-4.0	-26.0

// McCormick C, 2014: PMID 25068108-1
// Subjects=20
0.0	26.0	-18.0
50.0	14.0	-40.0
-22.0	-20.0	-26.0
22.0	-20.0	-26.0
-28.0	-40.0	-12.0
28.0	-40.0	-12.0
-14.0	-52.0	8.0
14.0	-52.0	8.0
-44.0	-74.0	32.0
44.0	-74.0	32.0
0.0	52.0	26.0
-8.0	-56.0	26.0
-54.0	-54.0	28.0
-60.0	-24.0	-18.0
-6.0	52.0	-2.0
60.0	-24.0	-18.0
28.0	-12.0	-20.0
-28.0	-12.0	-20.0
6.0	52.0	-2.0
-28.0	-38.0	-3.0
8.0	-56.0	26.0
54.0	-54.0	28.0
28.0	-38.0	-3.0
-50.0	14.0	-40.0

// Kreitewolf J, 2014: PMID 25087482-1
// Subjects=20
-9.0	-10.0	-2.0
-33.0	8.0	52.0
-9.0	-82.0	-29.0
42.0	8.0	49.0
45.0	38.0	16.0
-54.0	-43.0	46.0
-33.0	-52.0	40.0
-42.0	47.0	-2.0
9.0	20.0	46.0
9.0	38.0	40.0
48.0	-40.0	49.0
48.0	-34.0	1.0
12.0	-79.0	-29.0
-21.0	17.0	61.0
-15.0	-64.0	55.0
-27.0	20.0	4.0
-6.0	23.0	43.0
-45.0	32.0	31.0
24.0	2.0	64.0
-57.0	-43.0	46.0
21.0	53.0	-14.0
33.0	47.0	19.0
-57.0	17.0	4.0
-9.0	-10.0	10.0
12.0	2.0	10.0
-24.0	14.0	4.0
18.0	-76.0	-41.0
-54.0	-43.0	43.0
-39.0	-49.0	49.0
39.0	35.0	37.0
-54.0	14.0	13.0
12.0	-10.0	7.0
-12.0	-67.0	55.0
57.0	-34.0	43.0
51.0	14.0	7.0
-51.0	-52.0	7.0
-21.0	44.0	25.0
6.0	-52.0	49.0
-54.0	26.0	25.0
36.0	2.0	-11.0
12.0	-79.0	-29.0
-63.0	-4.0	4.0
51.0	14.0	7.0
-27.0	-67.0	-32.0
30.0	23.0	1.0
-54.0	17.0	4.0
27.0	53.0	-8.0
15.0	11.0	64.0
-42.0	-49.0	-23.0
-51.0	-67.0	1.0
-21.0	-37.0	1.0
-60.0	-22.0	19.0
-30.0	-91.0	-11.0
-33.0	8.0	-14.0
-60.0	-19.0	-11.0
-36.0	-19.0	1.0
-57.0	-4.0	43.0
-3.0	17.0	49.0
-27.0	35.0	-11.0
-39.0	-73.0	4.0
33.0	5.0	52.0
-21.0	-31.0	70.0
-30.0	56.0	10.0
-21.0	-10.0	-17.0
24.0	-76.0	40.0
33.0	-82.0	13.0
39.0	-1.0	16.0
27.0	32.0	-14.0
-42.0	-7.0	-2.0
-9.0	50.0	22.0
24.0	-10.0	-17.0
0.0	62.0	-5.0
-24.0	-97.0	16.0
-57.0	-4.0	-17.0
-51.0	-10.0	-11.0
-12.0	-43.0	28.0
9.0	-7.0	43.0
48.0	-1.0	-32.0
-3.0	-28.0	61.0
27.0	-7.0	-29.0

// Bertolino N, 2014: PMID 25121595-1
// Subjects=20
58.0	-28.0	16.0
30.0	-50.0	-8.0
-26.0	-50.0	-10.0
40.0	-46.0	-22.0
-42.0	-46.0	-22.0
-42.0	-60.0	-22.0
-42.0	-60.0	-20.0
42.0	-68.0	-10.0
42.0	-68.0	-20.0
28.0	-46.0	-10.0
32.0	-48.0	-10.0
-28.0	-54.0	-10.0
-28.0	-54.0	-8.0
40.0	-54.0	-16.0
-28.0	-46.0	-10.0
42.0	-60.0	-20.0
-28.0	-26.0	-12.0
-28.0	-36.0	-12.0
44.0	-52.0	-22.0
-26.0	-50.0	-8.0
-28.0	-48.0	-10.0
-28.0	-36.0	-4.0
46.0	-48.0	-18.0
-42.0	-48.0	-18.0
-42.0	-48.0	-18.0
-42.0	-48.0	-20.0
32.0	-48.0	-10.0
24.0	-42.0	-10.0
-28.0	-50.0	-10.0
38.0	-44.0	-20.0
50.0	-68.0	-2.0
-26.0	-42.0	-10.0
-26.0	-46.0	-10.0
-26.0	-46.0	-12.0
36.0	-26.0	-12.0
-26.0	-50.0	-8.0
-38.0	-78.0	-10.0
-28.0	-50.0	-8.0
-26.0	-52.0	-8.0
30.0	-52.0	-8.0
-44.0	-50.0	-24.0
38.0	-50.0	-24.0
38.0	-72.0	-24.0
38.0	-72.0	-20.0
-38.0	-72.0	-20.0
-26.0	-44.0	-8.0
-38.0	-78.0	-20.0
26.0	-50.0	-10.0
26.0	-50.0	-14.0
-24.0	-50.0	-14.0
-24.0	-52.0	-14.0
-24.0	-52.0	-14.0
40.0	-60.0	-18.0
40.0	-70.0	-10.0
26.0	-78.0	-10.0
-26.0	-44.0	-10.0
-28.0	-56.0	-10.0
-28.0	-56.0	-10.0
-26.0	-44.0	-6.0
-28.0	-48.0	-10.0
-26.0	-52.0	-10.0
-38.0	-56.0	-18.0
44.0	-56.0	-18.0
44.0	-80.0	-18.0
28.0	-60.0	-6.0
-26.0	-60.0	-6.0
44.0	-80.0	-18.0
40.0	-40.0	-16.0
-26.0	-44.0	-8.0
-36.0	-40.0	-16.0
-36.0	-48.0	-16.0
-36.0	-48.0	-14.0
28.0	-40.0	-8.0
-26.0	-40.0	-8.0
-26.0	-52.0	-6.0

// Jacobs RH, 2014: PMID 25162661-1
// Subjects=20
4.0	45.0	39.0
-11.0	-63.0	30.0
27.0	24.0	20.0
26.0	32.0	42.0
-41.0	35.0	12.0
-6.0	-63.0	49.0
8.0	32.0	49.0
17.0	-9.0	3.0
10.0	63.0	19.0
36.0	24.0	41.0
-36.0	16.0	45.0
43.0	-36.0	30.0
12.0	45.0	14.0
31.0	-36.0	49.0
-24.0	43.0	13.0
-31.0	-83.0	-33.0
43.0	14.0	-3.0
-54.0	-54.0	-1.0
-57.0	-15.0	-19.0
19.0	12.0	21.0
-43.0	-65.0	35.0
-24.0	-30.0	16.0
-1.0	-15.0	6.0
29.0	-71.0	-39.0
15.0	-69.0	-39.0
48.0	-19.0	39.0
-18.0	-9.0	-27.0
19.0	24.0	19.0
-22.0	-38.0	0.0

// Kirk U, 2014: PMID 25193949-1
// Subjects=20
-4.0	-64.0	60.0
-16.0	-80.0	44.0
18.0	12.0	-5.0
-4.0	6.0	5.0
20.0	12.0	-4.0
-16.0	12.0	-3.0
36.0	24.0	-4.0
5.0	-60.0	6.0
8.0	-2.0	6.0
16.0	12.0	-4.0
40.0	60.0	8.0
4.0	4.0	56.0
-5.0	-78.0	-5.0
33.0	-72.0	-24.0
-32.0	-58.0	-28.0
6.0	7.0	5.0
-8.0	5.0	3.0
11.0	-75.0	43.0
36.0	28.0	0.0
-5.0	-8.0	8.0
4.0	-80.0	-4.0
4.0	0.0	64.0
8.0	-4.0	14.0
40.0	56.0	10.0
-16.0	8.0	-8.0
0.0	2.0	63.0
8.0	-88.0	-4.0
-16.0	-83.0	-15.0
24.0	-76.0	-20.0
-16.0	-76.0	-24.0
12.0	8.0	7.0
-6.0	4.0	1.0
-8.0	-8.0	14.0
16.0	12.0	-8.0
11.0	-10.0	13.0
-12.0	-8.0	12.0
-32.0	24.0	0.0
-3.0	4.0	61.0
-56.0	4.0	36.0
-52.0	-24.0	16.0
36.0	-56.0	-24.0
-28.0	-56.0	-24.0
12.0	8.0	8.0
56.0	4.0	40.0
4.0	-56.0	8.0
4.0	8.0	4.0
6.0	0.0	56.0
16.0	-72.0	52.0
-2.0	0.0	58.0
4.0	-72.0	52.0
-24.0	-64.0	52.0
2.0	-44.0	4.0
-24.0	-60.0	-20.0
8.0	4.0	4.0
-8.0	4.0	0.0
8.0	-80.0	-12.0
4.0	-46.0	7.0
16.0	-52.0	-20.0
-23.0	-72.0	50.0
-40.0	-4.0	60.0
40.0	-24.0	20.0
32.0	0.0	60.0
-40.0	-20.0	16.0
64.0	-12.0	24.0
-12.0	40.0	52.0
-40.0	-56.0	24.0
7.0	0.0	11.0
-7.0	8.0	5.0
4.0	-76.0	44.0
16.0	8.0	-8.0
-17.0	-80.0	-16.0
40.0	20.0	0.0
-16.0	12.0	-4.0
44.0	-4.0	56.0
-4.0	-48.0	16.0
-28.0	-4.0	68.0
44.0	-12.0	8.0
-36.0	-12.0	12.0
-28.0	-32.0	-11.0
0.0	48.0	-12.0
24.0	-16.0	-16.0
24.0	-92.0	0.0
16.0	8.0	-4.0
4.0	-52.0	12.0
-16.0	4.0	-8.0
-4.0	-80.0	40.0
48.0	-64.0	-8.0
28.0	-4.0	8.0
-40.0	36.0	-8.0
-20.0	36.0	48.0
-48.0	-68.0	36.0
20.0	4.0	-8.0
-24.0	-76.0	44.0
-4.0	-44.0	8.0

// Paret C, 2014: PMID 25204866-1
// Subjects=20
24.0	-4.0	-17.0
-21.0	-76.0	-41.0
-21.0	-4.0	-14.0
-33.0	-25.0	-11.0
-6.0	-28.0	-5.0
-42.0	-79.0	-11.0
-33.0	-85.0	-14.0
39.0	-43.0	-20.0
33.0	-25.0	-8.0
15.0	-70.0	-35.0
-6.0	-28.0	-5.0
33.0	-58.0	-11.0
3.0	-13.0	7.0
-9.0	-25.0	-2.0
21.0	-64.0	61.0
9.0	-28.0	-5.0
-27.0	-49.0	-11.0
-42.0	-76.0	1.0
-39.0	-52.0	-17.0
27.0	-46.0	-8.0
9.0	-31.0	-2.0
6.0	-28.0	-5.0
-51.0	-64.0	7.0
6.0	14.0	52.0
27.0	-37.0	-11.0
33.0	26.0	-2.0
6.0	17.0	43.0
48.0	-67.0	1.0
30.0	-4.0	52.0
48.0	2.0	31.0
-27.0	-55.0	52.0
63.0	-4.0	-20.0
51.0	-7.0	-14.0
-66.0	-31.0	31.0
27.0	-58.0	58.0
-42.0	-46.0	-23.0
-36.0	-4.0	-14.0
48.0	-58.0	13.0
39.0	-43.0	-20.0
60.0	-58.0	13.0
45.0	-79.0	4.0
-36.0	-46.0	-20.0
36.0	-43.0	-17.0
51.0	-67.0	16.0
-39.0	-88.0	-5.0
36.0	14.0	-20.0
-3.0	-13.0	1.0
42.0	-88.0	-11.0
30.0	-52.0	52.0
27.0	-1.0	-20.0
30.0	17.0	-20.0
6.0	-13.0	4.0
51.0	-10.0	-17.0
45.0	-82.0	4.0
30.0	14.0	-20.0
30.0	-19.0	-14.0
-6.0	-16.0	1.0
-30.0	-19.0	-14.0
-30.0	11.0	-17.0
-27.0	-55.0	52.0
0.0	-55.0	-38.0
33.0	-49.0	52.0
27.0	-61.0	61.0
-9.0	-28.0	-2.0
9.0	17.0	43.0
-36.0	29.0	1.0
-30.0	23.0	7.0
42.0	2.0	58.0
-54.0	-7.0	-14.0
-3.0	-49.0	52.0
48.0	5.0	34.0
-45.0	-76.0	-8.0
39.0	-43.0	-20.0
-3.0	53.0	-14.0
-30.0	-1.0	-17.0
54.0	-73.0	3.0
-39.0	-73.0	-8.0
36.0	29.0	-2.0
27.0	-52.0	52.0
24.0	-7.0	-11.0
9.0	-52.0	55.0
-15.0	-34.0	1.0
6.0	-31.0	-8.0
-33.0	-40.0	-17.0
-12.0	-76.0	-38.0
24.0	-34.0	-14.0
-9.0	-28.0	-5.0
33.0	-25.0	-11.0
-33.0	-25.0	-11.0
-3.0	53.0	-17.0
21.0	-61.0	58.0
-33.0	-34.0	-17.0
-24.0	-4.0	-14.0
-24.0	-52.0	58.0
-30.0	2.0	-17.0
27.0	-37.0	-14.0
39.0	-43.0	-20.0
48.0	-67.0	10.0
-48.0	-64.0	16.0
45.0	-73.0	-2.0
57.0	29.0	22.0
54.0	32.0	7.0
-21.0	-58.0	52.0
33.0	-73.0	28.0

// Kitada R, 2014: PMID 25281887-1
// Subjects=20
-26.0	-60.0	-8.0
18.0	-84.0	-6.0
-30.0	-48.0	-20.0
48.0	-30.0	48.0
32.0	-50.0	-16.0
28.0	-28.0	-26.0
-18.0	-32.0	-4.0
-32.0	-6.0	-36.0
-26.0	-74.0	-10.0
-48.0	-48.0	-16.0
48.0	-36.0	62.0
16.0	-92.0	0.0
-26.0	-84.0	20.0
28.0	-82.0	18.0
-22.0	-28.0	-10.0
-26.0	-62.0	36.0
-28.0	-86.0	20.0
-8.0	-64.0	38.0
26.0	-70.0	-8.0
42.0	-32.0	50.0
-50.0	34.0	12.0
40.0	-44.0	44.0
-32.0	-68.0	44.0
28.0	4.0	52.0
-42.0	12.0	32.0
-46.0	-40.0	52.0
-34.0	-40.0	42.0
-30.0	-50.0	52.0
-56.0	-30.0	36.0
-62.0	-32.0	34.0
54.0	10.0	22.0
-42.0	-40.0	50.0
-52.0	2.0	20.0
-22.0	-64.0	-30.0
20.0	0.0	64.0
-30.0	-6.0	52.0
-26.0	6.0	54.0
-20.0	4.0	50.0
-32.0	-46.0	-36.0
-20.0	-74.0	-50.0
58.0	12.0	14.0
-8.0	-74.0	38.0

// Wong CW, 2014: PMID 25286145-1
// Subjects=20
-26.0	-10.0	-2.0
-8.0	-6.0	-10.0
6.0	-8.0	-4.0
22.0	12.0	-2.0
-18.0	2.0	-4.0
24.0	14.0	-4.0
-8.0	-12.0	4.0
6.0	-8.0	2.0
16.0	-2.0	-12.0
22.0	6.0	-18.0
-30.0	-24.0	-16.0
-26.0	-2.0	-14.0
-12.0	12.0	14.0
18.0	-6.0	-16.0
-54.0	0.0	-22.0
-50.0	-8.0	0.0
-8.0	-24.0	54.0
34.0	-14.0	-8.0
4.0	4.0	2.0
44.0	-4.0	-12.0
-28.0	-8.0	-12.0

// Spreng RN, 2014: PMID 25319706-1
// Subjects=20
16.0	-16.0	50.0
-36.0	-46.0	-26.0
-44.0	2.0	36.0
-22.0	-82.0	-14.0
42.0	-48.0	-26.0
14.0	-86.0	-18.0
30.0	24.0	2.0
-2.0	6.0	58.0
48.0	34.0	32.0
42.0	2.0	58.0
38.0	-48.0	40.0
-30.0	24.0	4.0
-66.0	-38.0	-18.0
-50.0	24.0	32.0
-4.0	66.0	-10.0
12.0	52.0	-4.0
68.0	-38.0	-12.0
26.0	-18.0	-16.0
8.0	-76.0	50.0
44.0	-14.0	2.0
-30.0	-58.0	42.0
-14.0	-26.0	20.0
-60.0	-36.0	30.0
50.0	-8.0	-16.0
-28.0	-42.0	-16.0
-36.0	26.0	0.0
42.0	-2.0	-32.0
26.0	-44.0	-14.0
-34.0	-88.0	22.0
42.0	-80.0	24.0
26.0	-76.0	-44.0
-34.0	2.0	-36.0
-6.0	-58.0	14.0
12.0	-32.0	42.0
-6.0	52.0	-14.0
28.0	-30.0	-20.0
-62.0	-4.0	-26.0
-34.0	-32.0	-20.0
-20.0	-40.0	-20.0
34.0	-44.0	-24.0
-58.0	0.0	36.0
-14.0	-60.0	12.0
-18.0	-40.0	-12.0
-30.0	-22.0	-20.0
14.0	6.0	-8.0
-42.0	-18.0	-4.0
-12.0	-78.0	0.0
-44.0	18.0	22.0
-30.0	-12.0	-18.0
-8.0	58.0	30.0
-48.0	-44.0	42.0
12.0	-72.0	42.0
58.0	-22.0	-20.0
12.0	26.0	-16.0
44.0	50.0	2.0
30.0	10.0	60.0
4.0	-38.0	44.0
-36.0	58.0	-16.0
-30.0	-66.0	-38.0
-36.0	10.0	58.0
28.0	-10.0	-18.0
-52.0	-30.0	-22.0
-30.0	-34.0	-24.0
-4.0	-56.0	14.0
-46.0	20.0	-36.0
14.0	-8.0	10.0
-22.0	12.0	18.0
38.0	28.0	-2.0
-6.0	50.0	-18.0
-36.0	-86.0	-36.0
66.0	-6.0	-24.0
-62.0	10.0	12.0
-52.0	-50.0	0.0
-38.0	-70.0	18.0
54.0	-68.0	-8.0
54.0	-24.0	-34.0
-8.0	52.0	40.0
46.0	10.0	2.0
-8.0	-86.0	24.0
-30.0	20.0	-46.0
18.0	46.0	-24.0
58.0	-38.0	52.0
10.0	-60.0	-20.0
10.0	-4.0	62.0
6.0	20.0	34.0
-28.0	4.0	56.0
4.0	-8.0	44.0
12.0	-70.0	44.0
50.0	-44.0	16.0
-42.0	6.0	8.0
-18.0	-44.0	56.0
52.0	-48.0	44.0
8.0	-12.0	16.0
-50.0	-20.0	-34.0
28.0	48.0	24.0

// Nicholas CR, 2014: PMID 25332108-1
// Subjects=20
-10.0	20.0	54.0
-18.0	26.0	52.0
-42.0	8.0	46.0
-56.0	-20.0	-16.0
-64.0	-38.0	-12.0
-46.0	32.0	4.0
-6.0	-40.0	38.0
-8.0	-62.0	26.0
10.0	-90.0	20.0
-38.0	-80.0	44.0
-8.0	-18.0	40.0
-44.0	-74.0	44.0
8.0	12.0	-8.0
-6.0	56.0	2.0
-20.0	58.0	14.0
2.0	54.0	-4.0
-8.0	-44.0	48.0
-28.0	-36.0	-12.0
-10.0	-30.0	44.0
-22.0	-40.0	0.0
-12.0	10.0	8.0
-10.0	12.0	-10.0
12.0	14.0	6.0

// Viard A, 2014: PMID 25333997-1
// Subjects=20
-46.0	-80.0	8.0
14.0	-76.0	18.0
-10.0	-84.0	12.0
-10.0	-72.0	22.0
-42.0	-4.0	-2.0
-44.0	16.0	40.0
-36.0	-14.0	46.0
-30.0	16.0	34.0
-40.0	-54.0	14.0
-52.0	-58.0	18.0
-36.0	14.0	20.0
-34.0	16.0	28.0
10.0	-86.0	28.0
-16.0	26.0	2.0
32.0	-4.0	-20.0
-48.0	20.0	8.0
44.0	-58.0	8.0
-10.0	12.0	-8.0
44.0	8.0	-22.0
46.0	4.0	-20.0
-24.0	-90.0	14.0
-4.0	10.0	62.0
-14.0	-88.0	-6.0
-10.0	-84.0	12.0
26.0	22.0	-18.0
48.0	-38.0	58.0
-20.0	-84.0	36.0
50.0	-34.0	38.0
16.0	-14.0	-2.0
-12.0	-14.0	-2.0
-28.0	-76.0	28.0
-38.0	8.0	20.0
18.0	8.0	34.0
16.0	-12.0	42.0
-10.0	-80.0	10.0
58.0	-36.0	30.0
38.0	8.0	-20.0
-30.0	-10.0	-24.0
-30.0	-10.0	-22.0
40.0	-62.0	40.0
34.0	18.0	32.0
52.0	-36.0	38.0
-24.0	14.0	42.0
54.0	-24.0	32.0
-26.0	-54.0	62.0
10.0	4.0	56.0
6.0	-14.0	66.0
60.0	-36.0	28.0
-34.0	6.0	54.0
8.0	-8.0	-8.0
26.0	4.0	60.0
-20.0	4.0	62.0
-16.0	10.0	58.0
34.0	40.0	18.0
26.0	42.0	22.0
32.0	30.0	40.0
26.0	-82.0	26.0
12.0	-10.0	70.0
36.0	-4.0	4.0
-16.0	-76.0	36.0
-32.0	44.0	12.0
8.0	-22.0	56.0
52.0	-70.0	16.0
4.0	-10.0	60.0
14.0	18.0	58.0
-50.0	-24.0	38.0
30.0	-66.0	50.0
0.0	-30.0	50.0
36.0	-42.0	-24.0
62.0	-40.0	-12.0
-20.0	-80.0	28.0
56.0	-36.0	10.0
-24.0	-36.0	4.0
12.0	-54.0	66.0
-8.0	-76.0	18.0
30.0	-48.0	-6.0
-30.0	-72.0	20.0
34.0	-76.0	26.0
-36.0	10.0	34.0
-34.0	18.0	34.0
-30.0	-44.0	0.0
34.0	-18.0	18.0
-36.0	-74.0	24.0
-4.0	6.0	-8.0
2.0	-14.0	4.0
12.0	-34.0	4.0
6.0	-58.0	-16.0
-58.0	-10.0	0.0
-56.0	-18.0	0.0
-30.0	-66.0	52.0
-18.0	-82.0	54.0
14.0	22.0	10.0
44.0	-70.0	14.0
10.0	62.0	26.0
4.0	66.0	4.0
-4.0	64.0	28.0
-6.0	62.0	20.0
46.0	-68.0	8.0
-16.0	58.0	16.0
-20.0	60.0	24.0
-34.0	-6.0	44.0
-20.0	48.0	16.0
-18.0	36.0	52.0
2.0	-20.0	56.0
-30.0	16.0	36.0
-36.0	58.0	14.0
-30.0	44.0	10.0
-46.0	30.0	30.0
-20.0	48.0	26.0
32.0	16.0	54.0
42.0	14.0	42.0
32.0	10.0	48.0
-46.0	28.0	16.0
-26.0	-40.0	-2.0
-24.0	-38.0	6.0
26.0	-78.0	-6.0
54.0	-54.0	8.0
44.0	-56.0	10.0
18.0	-74.0	58.0
58.0	-34.0	10.0
-56.0	18.0	30.0
-12.0	50.0	-6.0
-8.0	62.0	0.0
36.0	-38.0	-12.0
12.0	-88.0	30.0
-10.0	-78.0	20.0
-24.0	-58.0	32.0
-38.0	-78.0	36.0
34.0	-86.0	-4.0
38.0	-76.0	-4.0
46.0	-72.0	36.0
-34.0	-54.0	36.0
-6.0	44.0	6.0
-52.0	-24.0	38.0
56.0	-52.0	46.0
56.0	-44.0	44.0
52.0	-22.0	22.0
12.0	-50.0	44.0
8.0	-56.0	56.0
-12.0	-56.0	40.0
-4.0	-42.0	46.0
-32.0	-78.0	42.0
12.0	-32.0	4.0
8.0	10.0	-10.0
18.0	-20.0	14.0
12.0	-62.0	-16.0
18.0	-64.0	-22.0
34.0	-42.0	-26.0
-16.0	-84.0	34.0
-46.0	-60.0	-12.0
-44.0	-42.0	52.0
-22.0	-82.0	36.0
26.0	-92.0	6.0
52.0	-36.0	38.0
-52.0	-34.0	46.0
54.0	-22.0	32.0
-24.0	-54.0	60.0
24.0	-44.0	4.0
30.0	-4.0	-20.0
46.0	4.0	-18.0
60.0	-52.0	8.0
-6.0	-90.0	-6.0
60.0	-36.0	30.0

// Naegel S, 2014: PMID 25379455-1
// Subjects=20
47.0	-31.0	-3.0
-11.0	23.0	-8.0
11.0	24.0	9.0
12.0	44.0	-21.0
-2.0	33.0	60.0
53.0	-45.0	25.0
-18.0	-7.0	57.0
-53.0	-19.0	49.0
20.0	56.0	36.0
-24.0	26.0	-2.0
-12.0	33.0	40.0
-23.0	-38.0	-3.0
-36.0	-46.0	-12.0
35.0	-4.0	-15.0
36.0	-36.0	-11.0
12.0	6.0	33.0
11.0	-66.0	3.0
-23.0	-6.0	-48.0
17.0	41.0	12.0
6.0	-67.0	-18.0
50.0	-27.0	15.0
32.0	29.0	-5.0
-11.0	62.0	-23.0
48.0	-6.0	51.0
27.0	-40.0	-53.0
-44.0	-52.0	4.0
-18.0	-58.0	34.0

// Zeidman P, 2014: PMID 25405941-1
// Subjects=20
30.0	-36.0	-15.0
-3.0	-78.0	3.0
-21.0	-45.0	-9.0
-12.0	-54.0	6.0
24.0	-36.0	-15.0
27.0	-18.0	-21.0
-3.0	-63.0	54.0
-24.0	-21.0	-18.0
-3.0	-42.0	48.0
-33.0	-81.0	30.0
18.0	-42.0	-48.0
-54.0	-12.0	-18.0
6.0	-54.0	66.0
45.0	-63.0	21.0
21.0	0.0	54.0
-3.0	-54.0	63.0
-27.0	18.0	54.0
-12.0	-45.0	-48.0
-6.0	15.0	51.0
3.0	-51.0	-39.0
54.0	-6.0	-15.0
30.0	-39.0	-9.0
-48.0	-12.0	-15.0
15.0	-48.0	9.0
6.0	-42.0	6.0
3.0	12.0	51.0
30.0	-36.0	-12.0
-39.0	33.0	-18.0
6.0	-42.0	3.0
-30.0	-36.0	24.0
-6.0	15.0	51.0
6.0	-66.0	48.0
-6.0	-51.0	-39.0
-12.0	-54.0	15.0
15.0	-84.0	0.0
0.0	57.0	-12.0
18.0	-57.0	21.0
-15.0	-39.0	-45.0
-18.0	-54.0	6.0
-27.0	-42.0	-15.0
0.0	-54.0	-33.0
-18.0	-57.0	12.0
21.0	-57.0	18.0
-42.0	51.0	0.0
21.0	9.0	63.0
-51.0	-45.0	54.0
21.0	42.0	36.0
-42.0	21.0	3.0
-36.0	27.0	30.0
-39.0	42.0	12.0
-42.0	-51.0	42.0
-42.0	18.0	45.0
-54.0	-66.0	30.0
-63.0	-33.0	-3.0
21.0	-30.0	-21.0
-3.0	-54.0	33.0
6.0	-48.0	18.0
-6.0	-87.0	30.0
-30.0	60.0	3.0
-51.0	-63.0	36.0
12.0	-93.0	9.0
-51.0	-45.0	54.0
-36.0	27.0	30.0
54.0	-36.0	3.0
-48.0	-54.0	51.0
45.0	15.0	51.0
3.0	54.0	9.0
-27.0	-42.0	-15.0
51.0	-66.0	39.0
-24.0	27.0	51.0
0.0	30.0	42.0
51.0	-60.0	33.0
-54.0	-33.0	-3.0
48.0	-54.0	51.0

// Wiemer J, 2014: PMID 25411452-1
// Subjects=20
-34.0	30.0	36.0
-12.0	48.0	30.0
-44.0	12.0	2.0
-2.0	10.0	28.0
18.0	56.0	32.0
-18.0	-4.0	-12.0
-10.0	32.0	50.0
32.0	44.0	30.0
-28.0	-4.0	-20.0
-28.0	-2.0	22.0
-2.0	-12.0	20.0
-32.0	-32.0	-10.0
34.0	-4.0	44.0
-32.0	-28.0	54.0
-22.0	-36.0	54.0
-10.0	48.0	44.0
0.0	-62.0	-2.0
2.0	-8.0	56.0
-40.0	34.0	34.0
-38.0	-60.0	50.0
-34.0	-78.0	6.0
-42.0	12.0	2.0
-20.0	44.0	42.0
-36.0	32.0	36.0
-6.0	-36.0	-22.0
56.0	-44.0	12.0
8.0	-62.0	4.0
-26.0	28.0	46.0
44.0	-10.0	-4.0
-52.0	-38.0	-14.0
36.0	-26.0	64.0
10.0	-64.0	-42.0
-16.0	-82.0	36.0
50.0	-30.0	52.0
-12.0	-32.0	60.0
8.0	-26.0	60.0
8.0	-50.0	-36.0
28.0	-28.0	-28.0
-14.0	-80.0	26.0
-18.0	-32.0	42.0
-22.0	-70.0	46.0
-12.0	-30.0	60.0
10.0	-18.0	56.0
56.0	22.0	30.0
-10.0	-56.0	-8.0
-20.0	-8.0	2.0
-52.0	-48.0	34.0
12.0	-54.0	-16.0
46.0	-64.0	-24.0
16.0	-26.0	68.0
0.0	-18.0	68.0
-28.0	-20.0	68.0
-20.0	-20.0	-26.0
40.0	-66.0	-20.0

// Jacobs HI, 2015: PMID 25433457-1
// Subjects=20
-19.0	-59.0	-24.0
-4.0	-32.0	-12.0
29.0	20.0	-21.0
23.0	-32.0	4.0
4.0	22.0	3.0
23.0	-2.0	-17.0
-1.0	-33.0	-15.0
-28.0	-8.0	-18.0
17.0	-71.0	-6.0
5.0	-32.0	-15.0
-34.0	1.0	-27.0
-21.0	-32.0	6.0
-6.0	10.0	-6.0
5.0	10.0	-6.0
-22.0	-14.0	0.0
17.0	-8.0	-16.0
23.0	-53.0	-33.0
8.0	-59.0	-21.0
19.0	-5.0	-18.0
5.0	-32.0	-15.0
38.0	-41.0	-15.0
-10.0	6.0	-9.0
18.0	-68.0	-9.0
26.0	-29.0	0.0
-13.0	-30.0	-9.0
-31.0	-35.0	-6.0
-10.0	-59.0	-21.0
-43.0	-53.0	-30.0
-28.0	-17.0	-14.0
-45.0	-35.0	-3.0
-32.0	-38.0	-24.0
32.0	-38.0	-12.0
41.0	-41.0	-18.0
14.0	-62.0	-24.0
-31.0	-59.0	-30.0
-28.0	1.0	-17.0
-49.0	-44.0	-2.0
23.0	-32.0	-8.0
29.0	-44.0	-27.0
-19.0	-32.0	-9.0
-10.0	-23.0	1.0

// Das SR, 2015: PMID 25444600-1
// Subjects=20
-53.0	-29.0	-2.0
52.0	-26.0	14.0
-29.0	-8.0	-16.0
23.0	-9.0	-20.0
-30.0	-14.0	-19.0
30.0	-15.0	-14.0
21.0	-11.0	-23.0
-2.0	24.0	-15.0
30.0	-11.0	-19.0
31.0	7.0	-25.0
-21.0	-10.0	-20.0
23.0	-34.0	-7.0
-21.0	-5.0	-21.0
19.0	-36.0	-2.0
-41.0	1.0	-14.0
21.0	-13.0	-19.0
21.0	-11.0	-26.0
-26.0	5.0	-41.0
-17.0	18.0	-18.0
-23.0	-10.0	-16.0
-41.0	-12.0	-31.0
-27.0	-6.0	-14.0
31.0	-33.0	-6.0
24.0	-43.0	-20.0
27.0	-13.0	-23.0
-53.0	-10.0	-19.0
33.0	-19.0	-22.0
-36.0	-11.0	-27.0
-24.0	-31.0	-7.0
21.0	-33.0	-7.0
-26.0	-35.0	-4.0
17.0	-33.0	-5.0
31.0	-36.0	-3.0
1.0	35.0	-22.0
-22.0	-35.0	-4.0
-31.0	-32.0	-8.0
19.0	-35.0	-11.0
-19.0	-37.0	-9.0
22.0	-38.0	-18.0
-28.0	-35.0	-14.0
-18.0	-27.0	-14.0
19.0	-32.0	-14.0
-20.0	-32.0	-14.0
-7.0	-52.0	13.0
16.0	-39.0	-15.0

// Zhuo C, 2014: PMID 25477799-1
// Subjects=20
-57.0	-12.0	33.0
48.0	-24.0	42.0
12.0	9.0	-9.0
-9.0	-3.0	15.0
-27.0	-36.0	-3.0
27.0	-30.0	-6.0
27.0	-90.0	-3.0
-12.0	3.0	-6.0
-12.0	3.0	-6.0
15.0	3.0	-3.0
-27.0	-36.0	-3.0
27.0	-90.0	-3.0
-54.0	-12.0	36.0
48.0	-24.0	45.0
42.0	-66.0	-6.0

// Braunlich K, 2015: PMID 25482265-1
// Subjects=20
0.0	34.0	38.0
0.0	62.0	6.0
10.0	-64.0	8.0
-8.0	42.0	-8.0
-26.0	-94.0	-4.0
42.0	-88.0	-2.0
-6.0	-68.0	46.0
-38.0	-84.0	-14.0
-38.0	58.0	2.0
32.0	23.0	-4.0
46.0	38.0	28.0
-40.0	-78.0	-30.0
-10.0	-6.0	12.0
18.0	4.0	22.0
0.0	24.0	48.0
0.0	-8.0	10.0
6.0	-94.0	-10.0
44.0	-72.0	-30.0
-8.0	-88.0	-26.0
-4.0	-82.0	-22.0
0.0	-34.0	24.0
42.0	-46.0	-16.0
-18.0	-14.0	24.0
-12.0	66.0	22.0
12.0	-88.0	-26.0
-42.0	-46.0	-16.0
6.0	52.0	16.0
-20.0	-86.0	-10.0
-24.0	-22.0	-18.0
-42.0	22.0	-20.0
26.0	-20.0	-18.0
-64.0	-18.0	-8.0
-54.0	-14.0	-14.0
-62.0	-50.0	4.0
52.0	-56.0	18.0
50.0	-10.0	-16.0
-50.0	-68.0	24.0
8.0	-52.0	8.0
12.0	-64.0	40.0
-4.0	-56.0	18.0
-58.0	-2.0	-18.0
-4.0	-28.0	28.0
42.0	-74.0	-10.0
4.0	28.0	42.0
-10.0	-78.0	-24.0
-4.0	-70.0	46.0
-6.0	-18.0	10.0
-42.0	-66.0	-12.0
44.0	-62.0	-6.0
42.0	-82.0	-2.0
-12.0	-92.0	-2.0
-2.0	52.0	-12.0
50.0	-66.0	8.0
16.0	-76.0	24.0
-38.0	-84.0	-14.0
-26.0	-94.0	-4.0
38.0	-64.0	48.0
18.0	-88.0	18.0
42.0	-74.0	-10.0
-6.0	-18.0	44.0
56.0	-18.0	10.0
40.0	-73.0	-29.0
-44.0	-46.0	-14.0
-42.0	28.0	-16.0
-50.0	-50.0	6.0
44.0	-62.0	-6.0
34.0	-60.0	48.0
42.0	-46.0	-16.0
-44.0	30.0	32.0
-38.0	-40.0	58.0
-42.0	-12.0	52.0
56.0	-18.0	46.0
48.0	-20.0	18.0
46.0	-26.0	58.0
64.0	-40.0	22.0
64.0	-24.0	24.0
38.0	-26.0	62.0
42.0	-82.0	-2.0
-14.0	-88.0	24.0
22.0	-10.0	-14.0
-4.0	52.0	-16.0
-6.0	-32.0	28.0
-8.0	-74.0	-38.0
0.0	-44.0	20.0
8.0	30.0	30.0
2.0	28.0	46.0
-38.0	-82.0	-12.0
-2.0	-34.0	-6.0
-48.0	6.0	44.0
18.0	-78.0	24.0
-4.0	-68.0	46.0
-2.0	-90.0	-4.0
2.0	-76.0	8.0
12.0	-64.0	40.0
-4.0	-64.0	44.0
-4.0	-28.0	28.0
12.0	6.0	14.0
-6.0	-18.0	10.0
-12.0	-80.0	-22.0
4.0	28.0	42.0
30.0	22.0	-4.0
-42.0	-66.0	-12.0
-46.0	-8.0	-30.0
-24.0	-2.0	-22.0
-36.0	-2.0	-20.0
-22.0	-12.0	-18.0
2.0	-4.0	52.0
-58.0	-2.0	-18.0
-2.0	6.0	40.0
8.0	-68.0	-2.0
19.0	-13.0	16.0
-16.0	-14.0	15.0
-1.0	2.0	50.0
-8.0	-74.0	-26.0
-36.0	18.0	-2.0
42.0	-56.0	-20.0
-28.0	-62.0	48.0
-38.0	-56.0	-20.0
-4.0	10.0	50.0
-10.0	-16.0	8.0
-2.0	-30.0	26.0
32.0	-90.0	0.0
-30.0	-48.0	42.0
-10.0	-72.0	44.0
32.0	24.0	-4.0
10.0	-14.0	8.0
-46.0	4.0	34.0
12.0	-64.0	42.0
48.0	32.0	18.0
44.0	6.0	34.0
48.0	12.0	30.0
4.0	16.0	46.0
-46.0	12.0	26.0
-4.0	-38.0	24.0
-6.0	-76.0	-24.0
40.0	-78.0	-12.0
-28.0	-70.0	26.0
32.0	-60.0	46.0
-20.0	-60.0	-14.0
-58.0	-20.0	18.0
20.0	-60.0	-12.0
-44.0	-4.0	10.0
-56.0	8.0	20.0
-8.0	-94.0	14.0
44.0	2.0	6.0
58.0	10.0	8.0
14.0	-90.0	20.0
20.0	-4.0	68.0
-12.0	-26.0	40.0
-52.0	-74.0	8.0
12.0	-18.0	6.0
4.0	-72.0	46.0
-4.0	-66.0	58.0
-38.0	-58.0	38.0
-50.0	-2.0	0.0
-56.0	-22.0	40.0
-62.0	-36.0	24.0
-30.0	24.0	-2.0
-48.0	0.0	50.0
-40.0	-72.0	-14.0
-38.0	-82.0	-12.0
-32.0	-90.0	-6.0
30.0	-52.0	46.0
-6.0	-72.0	-2.0
-56.0	-56.0	10.0
12.0	-28.0	44.0
8.0	-70.0	44.0
-2.0	-90.0	-4.0
2.0	-76.0	8.0
16.0	-76.0	10.0
-14.0	-62.0	2.0
-12.0	-74.0	-10.0
-42.0	-66.0	-12.0
-46.0	-74.0	-8.0
-26.0	-94.0	-4.0
40.0	-56.0	42.0
-6.0	-70.0	-2.0
10.0	-70.0	-6.0
-50.0	22.0	34.0
6.0	-86.0	18.0
22.0	-96.0	-4.0
2.0	-42.0	22.0
42.0	-88.0	-2.0
-26.0	-94.0	-4.0
12.0	-86.0	16.0
-14.0	-88.0	24.0
42.0	-82.0	-2.0
-14.0	-96.0	-12.0
-38.0	-84.0	-14.0
-24.0	-82.0	-16.0
36.0	-62.0	-28.0
-12.0	-90.0	26.0
2.0	26.0	46.0
-8.0	-84.0	-34.0
0.0	28.0	42.0
-6.0	-72.0	44.0
34.0	62.0	10.0
2.0	54.0	2.0
36.0	-68.0	-20.0
-4.0	-82.0	42.0
6.0	-80.0	42.0
-28.0	-68.0	-18.0
-50.0	18.0	34.0
-36.0	-88.0	-12.0
42.0	-52.0	-16.0
0.0	-84.0	26.0
-4.0	-38.0	24.0
16.0	-94.0	-2.0
-40.0	-88.0	-2.0
0.0	-80.0	8.0
-12.0	-62.0	4.0
32.0	-92.0	-2.0
34.0	-60.0	48.0
-26.0	-94.0	-4.0
-8.0	-80.0	-30.0
-6.0	-72.0	44.0
8.0	-70.0	44.0
-34.0	-56.0	46.0
34.0	-60.0	46.0
-38.0	-80.0	-14.0
-38.0	-82.0	-12.0
42.0	-50.0	-28.0
12.0	-64.0	40.0
-12.0	-62.0	4.0
-40.0	-58.0	-24.0
-44.0	-58.0	48.0
-46.0	-36.0	22.0
-32.0	-72.0	42.0
-12.0	-90.0	24.0
52.0	-32.0	16.0
-38.0	-18.0	-8.0
-54.0	-2.0	-10.0
10.0	-70.0	-6.0
0.0	-24.0	60.0
68.0	-30.0	30.0
-6.0	-70.0	-2.0
-32.0	0.0	12.0
-62.0	-24.0	16.0
60.0	-58.0	20.0
-32.0	-38.0	-14.0
42.0	-88.0	-2.0
42.0	-74.0	-10.0
42.0	-52.0	-16.0
32.0	-92.0	-2.0
-26.0	-94.0	-4.0
-30.0	6.0	60.0
-2.0	14.0	46.0
0.0	28.0	42.0
-36.0	-88.0	-12.0
-34.0	-56.0	46.0
-28.0	-68.0	-18.0
-4.0	-82.0	42.0
2.0	28.0	46.0
0.0	28.0	42.0
-2.0	14.0	46.0
-2.0	6.0	58.0
8.0	-70.0	44.0
-6.0	-72.0	44.0
-2.0	-36.0	24.0
0.0	-80.0	8.0
-40.0	-88.0	-2.0
6.0	-80.0	42.0
-38.0	-80.0	-14.0
16.0	-94.0	-2.0
0.0	-84.0	26.0
10.0	-64.0	8.0
-4.0	-68.0	46.0
-6.0	-8.0	8.0
-8.0	-88.0	-6.0
4.0	-88.0	-4.0
-12.0	-80.0	-22.0
-4.0	-28.0	28.0
-4.0	-34.0	28.0
-4.0	-64.0	44.0
36.0	-68.0	-20.0
-4.0	-32.0	28.0
-34.0	-56.0	46.0

// Cao J, 2015: PMID 25496980-1
// Subjects=20
44.0	-73.0	-40.0
26.0	-30.0	-10.0
22.0	-48.0	-50.0
44.0	-73.0	-40.0
-21.0	-70.0	-20.0
-23.0	-32.0	-20.0
-21.0	-32.0	-10.0
-36.0	25.0	-10.0
-22.0	-16.0	-20.0
33.0	-63.0	50.0
24.0	62.0	-10.0
55.0	-46.0	40.0
-1.0	-62.0	40.0
-25.0	46.0	30.0
36.0	47.0	30.0

// Horowitz-Kraus T, 2015: PMID 25515348-1
// Subjects=20
35.0	96.0	52.0
99.0	53.0	62.0
34.0	-70.0	36.0
2.0	-62.0	40.0
6.0	52.0	42.0
44.0	-54.0	30.0
52.0	-52.0	2.0
20.0	-50.0	-4.0
2.0	32.0	38.0
48.0	28.0	14.0
44.0	-64.0	6.0
38.0	4.0	32.0
34.0	-50.0	-10.0
46.0	-50.0	-8.0
44.0	16.0	24.0
32.0	-66.0	-6.0
-24.0	-68.0	44.0
-38.0	2.0	34.0
0.0	28.0	50.0
-38.0	14.0	42.0
50.0	52.0	76.0
22.0	-32.0	-10.0
-40.0	-56.0	32.0
30.0	-48.0	46.0
35.0	-78.0	19.0
-30.0	-52.0	46.0
56.0	-37.0	42.0
64.0	-19.0	-17.0
-32.0	18.0	0.0
-38.0	-52.0	-6.0
-40.0	22.0	4.0
39.0	26.0	-20.0
53.0	-23.0	-31.0
54.0	42.0	8.0
-59.0	-25.0	5.0
26.0	62.0	-4.0
62.0	-23.0	3.0
-38.0	-52.0	14.0
-23.0	62.0	-3.0
-31.0	-79.0	20.0
-18.0	-90.0	9.0
64.0	-8.0	13.0
-47.0	-28.0	12.0
-51.0	-23.0	-29.0
-22.0	-34.0	-8.0
-42.0	16.0	22.0
-15.0	-58.0	55.0
-49.0	-57.0	-7.0
32.0	7.0	50.0
51.0	-27.0	10.0

// Farrow TF, 2015: PMID 25527112-1
// Subjects=20
-46.0	-41.0	-1.0
-50.0	-31.0	-5.0
-40.0	8.0	38.0
-46.0	23.0	-10.0
-48.0	18.0	10.0
-6.0	29.0	45.0
-51.0	18.0	1.0
22.0	-67.0	-24.0
-4.0	14.0	47.0
-46.0	-47.0	36.0
-24.0	-30.0	-12.0
-24.0	-34.0	-18.0
-48.0	31.0	-3.0
-6.0	18.0	43.0
-50.0	16.0	10.0
24.0	-67.0	-25.0
-50.0	19.0	1.0
-2.0	20.0	43.0
-6.0	29.0	43.0
-2.0	29.0	35.0
-50.0	19.0	1.0
-48.0	21.0	-8.0
-48.0	31.0	-3.0
-40.0	10.0	40.0
-40.0	17.0	38.0
46.0	21.0	-8.0
-38.0	-57.0	34.0
-48.0	-49.0	37.0
0.0	29.0	37.0
-8.0	33.0	43.0
-38.0	-44.0	4.0
-8.0	-50.0	12.0
-32.0	-38.0	-15.0
8.0	-77.0	-21.0
-34.0	-75.0	24.0
0.0	31.0	32.0
10.0	-76.0	26.0
10.0	31.0	39.0
-14.0	-17.0	47.0
-24.0	-11.0	43.0
30.0	-24.0	-14.0
-55.0	-27.0	-4.0
22.0	-22.0	-11.0
-10.0	-50.0	4.0
30.0	-32.0	-12.0
4.0	-56.0	14.0
2.0	18.0	43.0
0.0	33.0	43.0
-36.0	11.0	-11.0
-46.0	37.0	6.0
-40.0	40.0	-7.0
-40.0	17.0	38.0
-36.0	11.0	27.0
-51.0	9.0	27.0
-42.0	25.0	-8.0
-50.0	19.0	1.0
46.0	15.0	36.0
46.0	15.0	25.0
46.0	21.0	-8.0
53.0	18.0	3.0
50.0	13.0	-7.0
40.0	45.0	1.0
38.0	36.0	11.0
32.0	-60.0	-27.0
-14.0	-52.0	-34.0
-26.0	-22.0	-6.0
20.0	-70.0	3.0
-2.0	-72.0	-10.0
-48.0	-72.0	2.0
-36.0	-47.0	-16.0
-34.0	-55.0	-17.0
-42.0	-55.0	-16.0
55.0	-47.0	-9.0
-6.0	-40.0	20.0
44.0	-40.0	46.0
38.0	-44.0	50.0
-34.0	-80.0	-3.0
-24.0	-84.0	-3.0
-38.0	-76.0	-10.0
36.0	-80.0	-4.0
26.0	-58.0	-4.0
-8.0	-15.0	4.0
-26.0	-62.0	-32.0
-36.0	-65.0	-20.0
-32.0	-66.0	-29.0
6.0	-16.0	-9.0
28.0	-79.0	9.0
-36.0	-13.0	14.0
4.0	-2.0	0.0
-14.0	-2.0	0.0
-2.0	-22.0	21.0
-16.0	-22.0	-12.0
30.0	-79.0	17.0
38.0	43.0	13.0
-57.0	-45.0	1.0
0.0	-66.0	-3.0
-53.0	-61.0	18.0
28.0	-86.0	-2.0
-10.0	53.0	10.0
24.0	-71.0	-22.0
20.0	-58.0	-29.0
12.0	-75.0	-20.0
36.0	-61.0	-15.0
10.0	-54.0	-33.0
0.0	11.0	23.0
0.0	24.0	14.0
-38.0	-57.0	34.0
-12.0	53.0	3.0
-24.0	51.0	10.0
16.0	55.0	6.0
30.0	40.0	15.0
-40.0	-11.0	19.0
-40.0	-10.0	37.0
-42.0	-12.0	26.0
-18.0	-60.0	-34.0
-6.0	-61.0	-15.0
-4.0	-61.0	-9.0
-18.0	-49.0	-18.0
-10.0	-38.0	-22.0
-32.0	-53.0	30.0
-2.0	-45.0	-15.0
-2.0	-11.0	-20.0
-2.0	-32.0	-22.0
-4.0	-22.0	-21.0
18.0	-39.0	39.0
16.0	-26.0	-21.0
-42.0	-60.0	0.0
-51.0	-62.0	9.0
-12.0	-24.0	-21.0
40.0	-7.0	24.0

// Hartwright CE, 2015: PMID 25527113-1
// Subjects=20
0.0	62.0	10.0
56.0	6.0	-34.0
-54.0	0.0	-36.0
54.0	-8.0	-20.0
-14.0	52.0	32.0
-54.0	-56.0	22.0
54.0	-8.0	-20.0
-54.0	-56.0	22.0
-64.0	-22.0	-10.0
66.0	-26.0	-10.0
-38.0	16.0	-42.0
62.0	-56.0	16.0
60.0	-58.0	12.0
56.0	6.0	-34.0
-28.0	-80.0	-40.0
28.0	26.0	34.0
0.0	-56.0	34.0
-44.0	-64.0	32.0
54.0	-2.0	-36.0
0.0	56.0	32.0
-54.0	0.0	-36.0
-54.0	12.0	-34.0
-52.0	-6.0	-40.0
-64.0	-22.0	-10.0
-18.0	-4.0	-18.0
-8.0	-54.0	26.0
62.0	-56.0	16.0
-6.0	-64.0	20.0
-14.0	52.0	32.0
0.0	62.0	10.0
10.0	62.0	8.0
28.0	26.0	34.0
-54.0	-78.0	-4.0
22.0	40.0	52.0
50.0	-68.0	26.0
-4.0	-54.0	2.0
32.0	32.0	12.0
-20.0	-90.0	-44.0
-36.0	-2.0	60.0
-44.0	40.0	4.0
-36.0	30.0	-10.0
-36.0	34.0	14.0
-32.0	22.0	2.0
-52.0	34.0	24.0
28.0	-84.0	-24.0
26.0	-80.0	-38.0
-52.0	-52.0	-16.0
-36.0	-68.0	-20.0
14.0	-86.0	32.0
8.0	-84.0	12.0
10.0	-74.0	0.0
2.0	-90.0	16.0
36.0	-80.0	-18.0
-20.0	-20.0	58.0
54.0	26.0	-10.0
-24.0	-68.0	4.0
18.0	32.0	50.0
-28.0	-38.0	40.0
-36.0	30.0	26.0
-42.0	-38.0	58.0
-48.0	-18.0	60.0
0.0	-44.0	64.0
-6.0	-40.0	64.0
-34.0	-28.0	50.0
-4.0	-36.0	60.0
-38.0	-38.0	52.0
-32.0	30.0	12.0
-40.0	24.0	28.0
-44.0	34.0	20.0
-40.0	26.0	24.0
-42.0	36.0	14.0
4.0	28.0	18.0
36.0	-18.0	4.0
-22.0	34.0	36.0
-26.0	28.0	10.0
-32.0	-38.0	44.0
-40.0	26.0	48.0
28.0	-6.0	-26.0
58.0	24.0	6.0
48.0	4.0	6.0
12.0	-40.0	-6.0
36.0	-22.0	-18.0
34.0	24.0	10.0
38.0	-20.0	-8.0
42.0	34.0	14.0
10.0	-52.0	-8.0
-20.0	-20.0	-28.0
-6.0	-50.0	-8.0
-24.0	-32.0	-18.0
-24.0	10.0	-28.0
-8.0	-12.0	-24.0
-40.0	4.0	-34.0
-24.0	-22.0	-16.0
-36.0	-6.0	-32.0
12.0	-50.0	8.0
-16.0	-38.0	-2.0
-18.0	-4.0	-18.0
-4.0	20.0	24.0
-26.0	-38.0	-12.0
-54.0	36.0	10.0
-44.0	-48.0	10.0
-38.0	0.0	-32.0
-30.0	-8.0	-28.0
-32.0	30.0	14.0
-26.0	0.0	-26.0
-44.0	38.0	10.0
-40.0	26.0	24.0
-24.0	28.0	10.0
-16.0	34.0	20.0
-8.0	-46.0	-8.0
-42.0	10.0	28.0
8.0	-48.0	-2.0
2.0	-52.0	4.0
14.0	-50.0	2.0
8.0	-48.0	8.0
-8.0	-42.0	-8.0
-18.0	-52.0	6.0
-26.0	18.0	50.0
-58.0	-26.0	20.0
34.0	46.0	22.0
62.0	-30.0	30.0
-2.0	30.0	30.0
-24.0	-40.0	-18.0
-36.0	-4.0	-32.0
-16.0	-38.0	-2.0
-22.0	-18.0	-24.0
-24.0	-46.0	-8.0
-28.0	-40.0	-12.0
-34.0	0.0	58.0
-44.0	38.0	10.0
-8.0	-12.0	-24.0
-34.0	-40.0	-14.0
8.0	-16.0	44.0
40.0	-20.0	44.0
-26.0	-38.0	70.0
-28.0	6.0	60.0
-8.0	14.0	54.0
-40.0	4.0	-34.0
-38.0	-8.0	60.0
-16.0	-4.0	-20.0
-32.0	-38.0	44.0
52.0	-28.0	22.0
42.0	-22.0	66.0
62.0	-20.0	14.0
56.0	-20.0	22.0
50.0	-32.0	62.0
26.0	-36.0	52.0
54.0	-24.0	26.0
-66.0	-34.0	8.0
-64.0	-18.0	18.0
-54.0	-16.0	12.0
-44.0	40.0	4.0
48.0	40.0	10.0
-36.0	30.0	-10.0
30.0	-18.0	-22.0
-58.0	-24.0	14.0
-22.0	-50.0	60.0
-34.0	-34.0	16.0
-16.0	-54.0	60.0

// Klumpers UM, 2015: PMID 25608023-1
// Subjects=20
21.0	-42.0	39.0
-18.0	57.0	15.0
-30.0	42.0	21.0
-12.0	9.0	45.0
-42.0	0.0	15.0
15.0	57.0	12.0
21.0	54.0	9.0
-24.0	-36.0	-6.0
-33.0	-24.0	-24.0
14.0	0.0	20.0
-8.0	22.0	4.0
-33.0	-24.0	-24.0
-39.0	-3.0	12.0
-27.0	-9.0	18.0
21.0	-42.0	42.0

// Hakun JG, 2014: PMID 25614233-1
// Subjects=20
-44.0	22.0	28.0
44.0	-72.0	12.0
-32.0	-64.0	-12.0
-14.0	-44.0	-12.0
34.0	-78.0	30.0
2.0	-82.0	-8.0
36.0	-46.0	-18.0
42.0	-60.0	-8.0
-24.0	-26.0	-14.0
34.0	-38.0	-16.0
-32.0	-84.0	8.0
50.0	14.0	-34.0
-16.0	-44.0	-12.0
52.0	-62.0	-14.0
52.0	38.0	4.0
-12.0	54.0	42.0
-8.0	44.0	-8.0
-54.0	-60.0	-18.0
-12.0	-54.0	44.0
-4.0	28.0	-10.0
-54.0	-24.0	50.0
-54.0	-60.0	24.0
0.0	-40.0	72.0
-68.0	-16.0	-8.0
44.0	4.0	24.0
52.0	-20.0	34.0

// Kalenzaga S, 2014: PMID 25628546-1
// Subjects=20
12.0	-90.0	18.0
-45.0	-69.0	33.0
12.0	-93.0	9.0
-15.0	-27.0	-15.0
-6.0	-51.0	24.0
0.0	45.0	27.0
-21.0	27.0	36.0
-12.0	-42.0	33.0
-12.0	-93.0	3.0
-27.0	-21.0	-18.0
9.0	-90.0	6.0
42.0	-57.0	36.0
48.0	6.0	12.0
33.0	30.0	9.0
33.0	9.0	6.0
57.0	-36.0	33.0
63.0	-30.0	24.0
12.0	-87.0	24.0
-6.0	54.0	0.0
-24.0	-93.0	3.0
51.0	-66.0	36.0

// Wang TH, 2015: PMID 25631058-1
// Subjects=20
-15.0	-55.0	34.0
-42.0	5.0	49.0
-45.0	-75.0	28.0
-27.0	-22.0	-20.0
-30.0	20.0	43.0
27.0	-73.0	-44.0
15.0	-19.0	67.0
21.0	-7.0	-23.0
-33.0	41.0	-14.0
-54.0	2.0	-35.0
-51.0	-10.0	37.0
66.0	-4.0	16.0
57.0	-52.0	-5.0
0.0	-46.0	28.0
-45.0	-70.0	40.0
-6.0	65.0	13.0
51.0	-7.0	34.0
-48.0	32.0	-20.0
-63.0	-46.0	-14.0
-9.0	29.0	55.0
-15.0	-28.0	70.0
66.0	-25.0	-11.0
-54.0	-61.0	-11.0
-48.0	-1.0	25.0
45.0	38.0	7.0
51.0	-76.0	34.0
-24.0	-67.0	37.0
24.0	53.0	10.0
54.0	-49.0	-20.0
48.0	8.0	19.0
-66.0	-31.0	31.0
-57.0	29.0	-8.0
51.0	35.0	34.0
9.0	29.0	31.0
30.0	-64.0	37.0
21.0	-58.0	49.0
18.0	-19.0	-11.0
33.0	26.0	-5.0
-36.0	-4.0	10.0

// Nierhaus T, 2015: PMID 25741269-1
// Subjects=20
44.0	-47.0	-2.0
-48.0	-53.0	-2.0
-39.0	20.0	36.0
-48.0	-21.0	1.0
-31.0	20.0	-2.0
11.0	-5.0	62.0
-17.0	-62.0	-41.0
-42.0	-67.0	-25.0
36.0	-33.0	-10.0
-50.0	-19.0	22.0
58.0	-19.0	25.0
44.0	-59.0	38.0
14.0	-64.0	-44.0
39.0	-21.0	-15.0
-39.0	3.0	1.0
14.0	-47.0	57.0
-14.0	-21.0	68.0
14.0	-47.0	-12.0
52.0	-59.0	6.0
28.0	-36.0	60.0
41.0	-62.0	17.0
-39.0	-21.0	-23.0
6.0	36.0	25.0
19.0	-16.0	60.0
-20.0	22.0	54.0
-48.0	-64.0	9.0
-34.0	-59.0	-4.0
-14.0	45.0	36.0
-17.0	-50.0	-18.0
41.0	-41.0	-12.0
-14.0	17.0	52.0
-56.0	-56.0	9.0
-42.0	-44.0	-12.0
-31.0	17.0	54.0
11.0	-21.0	41.0
19.0	-36.0	60.0
50.0	-53.0	4.0
-17.0	-56.0	-18.0
-45.0	-53.0	6.0
-42.0	-27.0	54.0
19.0	-53.0	-18.0
-14.0	-62.0	-44.0
-31.0	-73.0	38.0
11.0	-64.0	-44.0
6.0	6.0	44.0
50.0	-16.0	14.0
-50.0	-19.0	20.0
14.0	-24.0	41.0
47.0	31.0	17.0
41.0	-59.0	41.0
28.0	-33.0	57.0
30.0	-30.0	-7.0
6.0	6.0	44.0
-3.0	3.0	41.0
58.0	-19.0	22.0
-50.0	-19.0	20.0
44.0	-24.0	54.0
17.0	22.0	46.0
-22.0	-44.0	-23.0
-6.0	-59.0	30.0
25.0	48.0	-10.0
28.0	28.0	-2.0
-42.0	-27.0	54.0
33.0	-73.0	33.0
39.0	25.0	38.0
-14.0	-44.0	33.0
-22.0	-59.0	-15.0
36.0	0.0	1.0
6.0	53.0	6.0
11.0	31.0	-15.0
25.0	-21.0	60.0
61.0	-21.0	1.0
6.0	-30.0	68.0
25.0	22.0	41.0
-53.0	3.0	-18.0
-6.0	48.0	41.0
-22.0	-76.0	38.0
28.0	-62.0	52.0
-39.0	-59.0	12.0
11.0	-50.0	25.0
-34.0	-3.0	12.0
47.0	-64.0	33.0
8.0	-53.0	44.0
-25.0	-53.0	49.0
-39.0	-67.0	36.0
6.0	50.0	9.0
-36.0	-73.0	33.0
58.0	-21.0	25.0
-53.0	-16.0	20.0
47.0	8.0	14.0
8.0	6.0	12.0
-22.0	-67.0	1.0
-25.0	8.0	-7.0
-53.0	-62.0	6.0
50.0	-53.0	25.0
-31.0	-59.0	-41.0
41.0	42.0	4.0
30.0	-36.0	-7.0
39.0	-70.0	1.0
-36.0	-16.0	49.0
6.0	6.0	30.0
-8.0	-3.0	38.0
-28.0	-47.0	-7.0
-6.0	25.0	-15.0
-8.0	56.0	25.0
11.0	-56.0	46.0
55.0	-24.0	22.0
30.0	-76.0	22.0
-20.0	-73.0	25.0
36.0	-5.0	-2.0
-36.0	-3.0	17.0
-3.0	-62.0	52.0
-14.0	31.0	49.0
-17.0	-67.0	-36.0
11.0	-67.0	-41.0
17.0	-19.0	68.0
-25.0	28.0	49.0
39.0	0.0	46.0
-11.0	-36.0	9.0
3.0	-53.0	-38.0
-34.0	0.0	-2.0
47.0	-53.0	-4.0
-50.0	-19.0	22.0
33.0	20.0	-2.0
58.0	-21.0	38.0
-28.0	-79.0	36.0
-14.0	-67.0	-38.0
-8.0	50.0	33.0
41.0	-56.0	25.0
36.0	-67.0	1.0
-25.0	-30.0	-7.0
28.0	-11.0	-15.0
-3.0	0.0	38.0
6.0	11.0	28.0
-25.0	28.0	49.0
25.0	17.0	46.0
25.0	-67.0	20.0
6.0	-33.0	60.0
6.0	-16.0	30.0
6.0	25.0	22.0
-6.0	56.0	6.0
52.0	-8.0	-12.0
6.0	14.0	44.0
30.0	-73.0	28.0
-6.0	-16.0	30.0
44.0	-11.0	49.0
14.0	-24.0	68.0
30.0	-64.0	28.0
22.0	-24.0	49.0
61.0	-30.0	25.0
17.0	-30.0	-18.0
11.0	62.0	22.0
-50.0	8.0	33.0
-3.0	-59.0	46.0
61.0	-27.0	-10.0
-48.0	-11.0	30.0
-3.0	-93.0	12.0
11.0	-64.0	-38.0
-56.0	-30.0	38.0
-39.0	3.0	-28.0
-42.0	-56.0	1.0
8.0	-56.0	44.0
-48.0	-13.0	1.0
-22.0	50.0	25.0
-42.0	-64.0	-28.0
17.0	-67.0	-15.0
-6.0	50.0	20.0
-31.0	20.0	38.0
8.0	-53.0	14.0
3.0	3.0	30.0
25.0	-36.0	-12.0
36.0	-70.0	9.0
-6.0	-47.0	-10.0
-11.0	39.0	14.0
-17.0	-44.0	68.0
55.0	-19.0	25.0
0.0	-38.0	-10.0
11.0	-59.0	-10.0
-11.0	39.0	22.0
-34.0	-8.0	4.0
36.0	-33.0	-10.0
58.0	-47.0	9.0
28.0	-67.0	33.0
-31.0	-33.0	-15.0
-6.0	-30.0	54.0
-25.0	17.0	-12.0
-39.0	-47.0	-15.0
-3.0	-30.0	36.0
-17.0	-33.0	62.0
-36.0	-59.0	-12.0
-17.0	-3.0	68.0
-31.0	39.0	14.0
33.0	-38.0	-25.0
-39.0	-24.0	-15.0
-50.0	-19.0	22.0
-31.0	0.0	-33.0
-8.0	-27.0	44.0
-11.0	-64.0	-44.0
11.0	-21.0	41.0
-36.0	14.0	-25.0
22.0	-38.0	57.0
14.0	-79.0	20.0
-34.0	-73.0	38.0
-45.0	-53.0	9.0
30.0	-73.0	33.0
41.0	-38.0	-12.0
-31.0	-47.0	-4.0
28.0	-47.0	-18.0
8.0	-16.0	65.0
22.0	-56.0	28.0
6.0	34.0	22.0
-22.0	-24.0	65.0
-28.0	-59.0	-7.0
14.0	-41.0	65.0
-25.0	22.0	9.0
-36.0	-53.0	9.0
-36.0	-27.0	57.0
3.0	-33.0	36.0
39.0	-53.0	28.0
-22.0	11.0	4.0
30.0	34.0	30.0
14.0	-44.0	-15.0
3.0	-24.0	65.0
-31.0	-62.0	-7.0
28.0	-76.0	-20.0
-53.0	-56.0	20.0
30.0	-30.0	-7.0
19.0	0.0	-12.0
14.0	11.0	17.0
47.0	-64.0	-7.0
6.0	-16.0	9.0
44.0	8.0	-10.0
-34.0	-70.0	1.0
17.0	48.0	38.0
8.0	3.0	65.0
0.0	14.0	1.0
61.0	-19.0	20.0
-25.0	-53.0	-46.0
-17.0	-70.0	46.0
-22.0	-56.0	49.0
36.0	0.0	-7.0
-8.0	-56.0	20.0
-20.0	53.0	20.0
33.0	-38.0	-2.0
6.0	-33.0	62.0
-56.0	-21.0	-4.0
-28.0	-19.0	-15.0
44.0	-64.0	-31.0
19.0	-16.0	68.0
-11.0	-67.0	-41.0
33.0	-21.0	46.0
-25.0	-38.0	-2.0
-48.0	-19.0	20.0
61.0	-11.0	-12.0
14.0	-88.0	-10.0
6.0	25.0	22.0
58.0	-5.0	-12.0
-22.0	-36.0	65.0
44.0	-19.0	22.0
-59.0	-24.0	1.0
25.0	11.0	6.0
14.0	6.0	-12.0
33.0	-16.0	52.0
-11.0	-53.0	30.0
-31.0	36.0	14.0
36.0	17.0	44.0
14.0	-59.0	-41.0
17.0	-41.0	33.0
-39.0	-62.0	33.0
-17.0	-62.0	-38.0
52.0	-59.0	1.0
-6.0	-33.0	57.0
25.0	-53.0	54.0
-8.0	-41.0	12.0
-39.0	-56.0	36.0
-6.0	-50.0	-44.0
44.0	-56.0	4.0
-28.0	-47.0	-23.0
19.0	-62.0	-12.0
-50.0	-67.0	9.0
-28.0	-44.0	-41.0

// Fernandino L, 2015: PMID 25750259-1
// Subjects=20
61.3	-51.2	28.5
39.0	-77.0	27.6
-55.2	-27.4	30.1
-15.6	-31.6	41.1
-21.8	-46.0	62.5
-41.3	-32.6	31.5
-51.2	1.0	12.0
54.9	-31.5	37.0
-44.6	-63.4	4.0
13.3	-44.1	41.9
25.2	-47.6	50.9
-3.3	52.8	3.8
9.5	51.9	3.7
-28.8	-42.1	-10.2
-29.9	-26.2	-11.6
-28.4	-81.1	22.0
45.0	-51.2	-11.4
-50.8	-8.9	49.7
-12.5	-56.1	13.1
-54.1	-65.4	21.0
29.0	-34.7	-2.6
-35.1	-54.6	-6.9
-15.8	-73.6	-5.5
40.8	-1.4	14.5
32.2	-18.6	-0.6
-22.1	16.7	47.2
21.5	43.4	31.1
-9.2	-67.8	27.4
45.4	-60.1	39.5
-37.9	-63.5	44.1
-54.2	-60.1	7.2
-34.7	-60.0	47.1
-38.2	11.3	34.5
-2.9	26.1	42.8
-6.1	-16.5	29.7
-5.8	-69.9	40.9
-41.8	41.8	1.8
35.2	42.5	4.2
-32.1	19.1	-3.1

// Telzer EH, 2015: PMID 25759470-1
// Subjects=20
-9.0	-73.0	46.0
18.0	-76.0	40.0
6.0	-28.0	-14.0
45.0	-19.0	49.0
9.0	8.0	43.0
39.0	5.0	10.0
33.0	29.0	-2.0
33.0	-13.0	67.0
3.0	14.0	43.0
-36.0	14.0	7.0
24.0	11.0	55.0
-26.0	5.0	-24.0
-15.0	-2.0	54.0
-42.0	-22.0	61.0
6.0	-22.0	-5.0
9.0	-73.0	43.0
45.0	-19.0	49.0
12.0	-1.0	46.0
3.0	5.0	-11.0
-9.0	44.0	-5.0
-39.0	23.0	-8.0
51.0	-7.0	34.0
9.0	41.0	-8.0
-42.0	-19.0	34.0
0.0	-61.0	19.0
-42.0	35.0	-8.0
9.0	47.0	10.0
-6.0	-58.0	-26.0
54.0	-42.0	34.0
-12.0	-73.0	46.0
9.0	-20.0	48.0
-12.0	5.0	-2.0
12.0	5.0	10.0
0.0	50.0	10.0
45.0	41.0	22.0
-20.0	62.0	0.0
30.0	29.0	-14.0
-18.0	17.0	-5.0
30.0	29.0	-14.0
16.0	-3.0	16.0
27.0	-22.0	52.0
-33.0	20.0	40.0
48.0	-40.0	43.0
44.0	20.0	-8.0
51.0	2.0	16.0
-3.0	-28.0	34.0
0.0	-25.0	52.0
51.0	-22.0	-14.0
27.0	11.0	55.0
3.0	59.0	1.0
30.0	20.0	-11.0
3.0	-7.0	49.0
-12.0	-40.0	4.0
51.0	-28.0	16.0
27.0	-4.0	-14.0
54.0	14.0	-8.0
-51.0	26.0	23.0
-51.0	-4.0	-23.0
-22.0	0.0	-14.0
-27.0	5.0	-24.0
3.0	41.0	13.0
6.0	22.0	6.0
-6.0	-40.0	1.0

// Huang F, 2015: PMID 25797834-1
// Subjects=20
-44.0	26.0	28.0
-10.0	10.0	12.0
12.0	8.0	10.0
-8.0	-16.0	-10.0
12.0	-18.0	-10.0
-36.0	-50.0	50.0
-8.0	56.0	4.0
-60.0	-30.0	42.0
64.0	-24.0	42.0
-4.0	14.0	56.0
6.0	18.0	56.0
-24.0	-4.0	64.0
28.0	-8.0	58.0
-20.0	-68.0	56.0
54.0	10.0	30.0
-40.0	-12.0	2.0
34.0	26.0	6.0
-52.0	6.0	32.0
46.0	6.0	36.0
-12.0	56.0	36.0
-8.0	62.0	16.0
-10.0	-52.0	38.0
6.0	-50.0	32.0
-50.0	-70.0	44.0
32.0	-54.0	56.0
52.0	-30.0	28.0
56.0	-54.0	28.0
-4.0	-96.0	22.0
10.0	-92.0	30.0
-62.0	-18.0	-12.0
-60.0	-18.0	-24.0
58.0	-28.0	4.0
62.0	-14.0	-10.0
54.0	-66.0	36.0
-30.0	28.0	4.0
-50.0	8.0	44.0
10.0	-52.0	32.0
-56.0	-54.0	42.0
60.0	-44.0	42.0
46.0	-54.0	34.0
44.0	-62.0	38.0
-64.0	-16.0	-20.0
60.0	-18.0	-20.0
-66.0	-26.0	-10.0
-50.0	-28.0	50.0
-6.0	12.0	58.0
6.0	20.0	58.0
32.0	28.0	4.0
4.0	0.0	30.0
-28.0	-32.0	-10.0
-24.0	-4.0	-16.0
-20.0	36.0	54.0
32.0	-16.0	-18.0
-36.0	-26.0	60.0
-10.0	-46.0	42.0
-6.0	58.0	4.0
-6.0	44.0	10.0
28.0	-70.0	42.0
-50.0	6.0	32.0
-46.0	28.0	24.0
-42.0	36.0	6.0
48.0	38.0	14.0
52.0	10.0	32.0
-8.0	-58.0	30.0
28.0	-4.0	-18.0
-8.0	-56.0	32.0
6.0	-52.0	32.0
-50.0	-68.0	44.0
-60.0	-60.0	36.0
52.0	-64.0	38.0
56.0	-54.0	28.0
-6.0	42.0	48.0
-4.0	48.0	12.0

// Ma X, 2015: PMID 25859661-1
// Subjects=20
19.0	39.0	40.0
-20.0	-21.0	-24.0
7.0	30.0	31.0
19.0	39.0	40.0
-27.0	-23.0	-15.0
27.0	-23.0	-17.0
20.0	21.0	38.0
20.0	21.0	38.0
8.0	9.0	10.0
7.0	30.0	31.0
45.0	-63.0	30.0
8.0	9.0	10.0
25.0	-16.0	-24.0
39.0	-66.0	30.0
20.0	21.0	38.0
6.0	48.0	-21.0
20.0	21.0	38.0
20.0	21.0	38.0
57.0	-48.0	27.0
-9.0	-42.0	-3.0
5.0	6.0	7.0
8.0	9.0	10.0
-51.0	-60.0	39.0

// Clos M, 2015: PMID 25868676-1
// Subjects=20
24.0	-4.0	4.0
14.0	10.0	-6.0
-20.0	2.0	4.0
-24.0	-10.0	6.0
-14.0	-2.0	18.0
10.0	10.0	-2.0
-10.0	12.0	0.0
-28.0	24.0	-6.0
-6.0	8.0	-4.0
-16.0	6.0	-12.0
-12.0	8.0	-12.0
-12.0	8.0	-12.0
-10.0	12.0	0.0
10.0	10.0	-2.0
-16.0	6.0	-12.0
-24.0	-10.0	6.0
-8.0	10.0	-4.0
10.0	12.0	-4.0
-26.0	-36.0	-6.0
26.0	-36.0	-6.0
-8.0	4.0	8.0
-16.0	6.0	-12.0
10.0	12.0	-4.0
18.0	8.0	-8.0
8.0	8.0	-2.0
10.0	10.0	-6.0
-12.0	10.0	-12.0
-28.0	-16.0	-18.0
-8.0	4.0	8.0
-16.0	6.0	-12.0
-10.0	10.0	-12.0
-28.0	2.0	-2.0
-14.0	8.0	-6.0
14.0	8.0	-8.0
-10.0	10.0	-6.0
12.0	8.0	-8.0
-30.0	-10.0	-18.0
12.0	8.0	-8.0
-30.0	-76.0	44.0
-30.0	-10.0	-26.0
10.0	8.0	-2.0
-10.0	4.0	0.0
14.0	4.0	-12.0
-8.0	-18.0	-2.0
-4.0	-26.0	-10.0
-12.0	-64.0	26.0
22.0	-52.0	18.0
-38.0	-58.0	42.0
-46.0	16.0	34.0
-22.0	-36.0	-6.0
-46.0	44.0	0.0
-28.0	0.0	6.0
-2.0	-30.0	32.0
14.0	4.0	-12.0
-10.0	4.0	0.0
-4.0	-26.0	-10.0
-8.0	-18.0	-2.0
6.0	-20.0	0.0
-14.0	10.0	-6.0
-46.0	-18.0	-26.0
-16.0	-56.0	16.0
4.0	-66.0	30.0
6.0	-52.0	10.0
-12.0	-64.0	26.0
-8.0	-28.0	-14.0
-28.0	14.0	-18.0
4.0	-18.0	0.0
-16.0	4.0	-12.0
38.0	26.0	6.0
44.0	38.0	-8.0
-10.0	12.0	-12.0
-8.0	4.0	8.0
12.0	4.0	8.0
-46.0	16.0	4.0
-10.0	-16.0	10.0
4.0	-8.0	4.0
-62.0	-20.0	-20.0
-52.0	-4.0	48.0
-32.0	-52.0	40.0
14.0	38.0	14.0
-10.0	46.0	-2.0
-14.0	56.0	2.0
18.0	8.0	-8.0
10.0	10.0	-4.0
0.0	-4.0	38.0
-46.0	-48.0	10.0
-10.0	-32.0	48.0
2.0	-24.0	40.0
-56.0	-38.0	42.0
-4.0	-28.0	-16.0
-62.0	-30.0	-10.0
6.0	4.0	42.0
-60.0	-24.0	-24.0
-14.0	-8.0	66.0
-28.0	-20.0	62.0
12.0	8.0	-8.0
26.0	10.0	-8.0
32.0	18.0	-8.0
-46.0	-48.0	12.0
-6.0	-18.0	0.0
-40.0	4.0	46.0
-14.0	-8.0	66.0
-28.0	-20.0	62.0
10.0	8.0	-2.0
10.0	56.0	10.0

// Philippi CL, 2015: PMID 25878280-1
// Subjects=20
-19.0	-98.0	3.0
-35.0	14.0	6.0
1.0	40.0	19.0
-1.0	-53.0	25.0
-45.0	-70.0	24.0
53.0	-68.0	25.0
-31.0	-63.0	42.0
30.0	-65.0	39.0
-43.0	21.0	38.0
43.0	21.0	38.0
36.0	16.0	5.0
40.0	-23.0	7.0
19.0	-98.0	3.0
2.0	6.0	42.0
-40.0	-23.0	7.0
17.0	-78.0	48.0
32.0	18.0	51.0
-25.0	12.0	54.0
-7.0	-36.0	30.0
-4.0	30.0	24.0
8.0	-9.0	72.0
5.0	-27.0	30.0
-1.0	-75.0	33.0
-7.0	36.0	51.0
-1.0	8.0	50.0
-16.0	12.0	63.0
38.0	3.0	-3.0
-13.0	-78.0	51.0
-28.0	12.0	60.0
-52.0	-33.0	21.0
-55.0	9.0	3.0
56.0	6.0	15.0
59.0	-24.0	27.0
5.0	-3.0	69.0
53.0	-39.0	45.0
38.0	21.0	-6.0
5.0	0.0	66.0
44.0	36.0	24.0
-37.0	-54.0	48.0
-13.0	-78.0	51.0
-7.0	0.0	33.0
8.0	-57.0	57.0
65.0	-18.0	21.0
47.0	12.0	6.0
5.0	-3.0	66.0
-55.0	9.0	0.0
17.0	-66.0	39.0
-1.0	12.0	39.0
26.0	54.0	27.0
2.0	-36.0	36.0
5.0	24.0	-6.0
17.0	-66.0	63.0
35.0	3.0	-9.0
2.0	18.0	42.0
26.0	-87.0	15.0
-46.0	9.0	48.0
-25.0	-54.0	-33.0
38.0	3.0	-3.0
38.0	-57.0	45.0
-21.0	45.0	79.0
8.0	69.0	9.0
-43.0	-45.0	-15.0
-22.0	-54.0	-3.0
20.0	-81.0	42.0
41.0	-6.0	12.0
-4.0	-87.0	-9.0
-19.0	-78.0	-12.0
-25.0	-30.0	-12.0
-25.0	-72.0	-21.0
-43.0	-54.0	-24.0
2.0	-81.0	18.0
11.0	18.0	-3.0
2.0	-93.0	3.0
44.0	-6.0	63.0
-4.0	-96.0	9.0
5.0	-93.0	12.0
20.0	-84.0	33.0
-49.0	-12.0	42.0
50.0	9.0	24.0
20.0	-87.0	33.0
-40.0	-69.0	-21.0
5.0	-27.0	30.0
-1.0	-81.0	12.0
17.0	-66.0	39.0
5.0	0.0	66.0
-7.0	-36.0	30.0
-4.0	30.0	24.0
-16.0	12.0	63.0
-1.0	-75.0	33.0
-25.0	12.0	54.0
-28.0	12.0	60.0
26.0	54.0	27.0
-13.0	-78.0	51.0
-37.0	-54.0	48.0
44.0	36.0	24.0
53.0	-39.0	45.0
-7.0	36.0	51.0
32.0	18.0	51.0
38.0	21.0	-6.0
-55.0	9.0	0.0
5.0	-3.0	66.0
65.0	-18.0	21.0
-7.0	0.0	33.0
47.0	12.0	6.0
-55.0	9.0	3.0
56.0	6.0	15.0
5.0	-3.0	69.0
-52.0	-33.0	21.0
35.0	3.0	-9.0

// Palombo DJ, 2015: PMID 25892594-1
// Subjects=20
-56.7	26.4	-3.4
-22.4	-22.9	-10.8
-3.3	73.0	16.6
-1.3	62.8	-4.9
-63.1	-4.3	-14.1
-3.1	0.2	11.6
33.3	-80.9	-22.2
22.5	-22.7	-11.3
-2.9	-48.8	11.2
42.3	-77.6	46.6
7.3	-55.3	-46.4
63.0	-3.9	-20.1

// Liberzon I, 2015: PMID 25939653-1
// Subjects=20
-30.0	26.0	2.0
34.0	24.0	6.0
-40.0	-61.0	-12.0
31.0	-68.0	-10.0
-10.0	-16.0	10.0
-56.0	-56.0	-8.0
-32.0	52.0	18.0
-34.0	-86.0	28.0
-28.0	-40.0	-12.0
32.0	-38.0	-12.0
-4.0	16.0	50.0
44.0	-78.0	30.0
20.0	-54.0	18.0
-26.0	14.0	56.0
6.0	10.0	30.0
-18.0	0.0	-18.0
8.0	-36.0	42.0
-56.0	12.0	36.0
60.0	-48.0	-8.0
-28.0	-42.0	-10.0
-44.0	-58.0	28.0
-8.0	34.0	58.0
-54.0	-38.0	0.0
14.0	30.0	60.0
-38.0	18.0	52.0
32.0	-38.0	-12.0
-24.0	-32.0	-8.0
-56.0	12.0	36.0
-56.0	12.0	36.0
-56.0	12.0	36.0
36.0	-88.0	8.0
-36.0	-4.0	-2.0
-50.0	28.0	8.0
16.0	58.0	32.0
-56.0	12.0	36.0

// Ernst A, 2016: PMID 25972116-1
// Subjects=20
18.0	52.0	28.0
0.0	24.0	24.0
-40.0	6.0	-6.0
-42.0	-28.0	66.0
10.0	-4.0	58.0
-36.0	-60.0	-24.0
-34.0	4.0	18.0
52.0	-22.0	20.0
-54.0	-50.0	2.0
60.0	-54.0	8.0
50.0	-36.0	8.0
-50.0	-68.0	12.0
62.0	-26.0	-8.0
-36.0	-14.0	-4.0
44.0	-64.0	8.0
2.0	56.0	-12.0
34.0	-6.0	-28.0
-28.0	38.0	-4.0
26.0	40.0	-10.0
-2.0	48.0	-8.0
-30.0	-38.0	-10.0
64.0	-14.0	14.0
-4.0	-46.0	-38.0
-4.0	52.0	-4.0
-60.0	-16.0	-22.0
-28.0	-8.0	-14.0
32.0	-46.0	4.0
-4.0	26.0	60.0
48.0	32.0	18.0
20.0	52.0	20.0
-4.0	12.0	36.0
-60.0	-26.0	46.0
-62.0	-14.0	20.0
-64.0	-24.0	26.0
52.0	-30.0	54.0
50.0	44.0	10.0
46.0	-60.0	50.0
-4.0	42.0	-14.0
-16.0	44.0	52.0
36.0	10.0	26.0
-10.0	-60.0	22.0
24.0	-28.0	44.0
20.0	-16.0	38.0
28.0	-58.0	20.0
-2.0	-18.0	12.0
-18.0	-52.0	72.0
8.0	-12.0	8.0
50.0	8.0	44.0
-58.0	12.0	6.0
44.0	-22.0	24.0
-44.0	14.0	26.0
-54.0	30.0	18.0
16.0	-72.0	48.0
48.0	-44.0	56.0
-14.0	-74.0	46.0
-36.0	-44.0	66.0
24.0	-2.0	66.0
56.0	18.0	-6.0
26.0	36.0	38.0
-36.0	-12.0	34.0
32.0	56.0	4.0
2.0	44.0	42.0
60.0	16.0	10.0
52.0	14.0	22.0
-18.0	52.0	34.0
-26.0	54.0	20.0
36.0	26.0	54.0
-48.0	46.0	0.0
36.0	-2.0	68.0
-38.0	-24.0	2.0
26.0	12.0	2.0
38.0	-20.0	62.0
22.0	28.0	40.0
56.0	-6.0	-16.0
58.0	-6.0	6.0
-24.0	-70.0	-12.0
-34.0	-70.0	-12.0
62.0	-36.0	42.0
-54.0	-28.0	20.0
-30.0	48.0	30.0
60.0	-2.0	28.0
52.0	12.0	6.0
42.0	8.0	-4.0
-24.0	-86.0	20.0
44.0	44.0	4.0
56.0	18.0	36.0
38.0	48.0	14.0
-34.0	-4.0	-24.0
38.0	-28.0	8.0
-52.0	-26.0	58.0
-30.0	-26.0	-2.0
30.0	2.0	-14.0
40.0	-8.0	-16.0
-28.0	-32.0	-8.0
0.0	54.0	-10.0
-2.0	-88.0	22.0
22.0	-88.0	22.0
60.0	-54.0	8.0
42.0	-16.0	-6.0
-56.0	-48.0	2.0
48.0	-44.0	56.0
2.0	-66.0	-20.0
26.0	-68.0	54.0
-16.0	-72.0	44.0
-34.0	4.0	18.0
-62.0	-30.0	42.0
-64.0	-24.0	26.0
-64.0	-16.0	22.0
-16.0	-52.0	72.0
52.0	-22.0	24.0
42.0	28.0	18.0
-44.0	-2.0	24.0
56.0	-46.0	22.0
50.0	-24.0	34.0

// Soloff PH, 2015: PMID 25982488-1
// Subjects=20
-16.0	-26.0	-10.0
-27.0	-7.0	-14.0
21.0	-72.0	29.0
15.0	-18.0	22.0
-35.0	33.0	-10.0
17.0	-34.0	4.0
-7.0	-52.0	41.0
-32.0	-14.0	-12.0
-23.0	-39.0	4.0
-6.0	41.0	10.0
-15.0	-42.0	45.0
0.0	37.0	19.0
-31.0	40.0	-3.0
-50.0	17.0	27.0
-26.0	-36.0	-1.0
11.0	37.0	28.0
3.0	42.0	6.0
40.0	20.0	-3.0
-51.0	-42.0	46.0
19.0	-18.0	22.0
34.0	32.0	-4.0
29.0	46.0	-13.0
-14.0	20.0	15.0
-44.0	39.0	12.0
9.0	36.0	17.0
-38.0	17.0	-1.0
-32.0	-28.0	-3.0
-29.0	-2.0	4.0
-33.0	-48.0	38.0

// Hoppstadter M, 2015: PMID 25988228-1
// Subjects=20
26.0	-10.0	59.0
-1.0	-45.0	32.0
-46.0	-67.0	32.0
-16.0	29.0	53.0
47.0	-27.0	51.0
65.0	-4.0	-15.0
20.0	32.0	42.0
-4.0	54.0	2.0
-4.0	-82.0	21.0
41.0	-19.0	-15.0
-22.0	-13.0	56.0
-22.0	-25.0	-14.0
-7.0	23.0	-15.0
27.0	-34.0	-6.0
63.0	-51.0	36.0
17.0	-46.0	32.0
5.0	14.0	54.0
-46.0	23.0	-15.0
-25.0	-49.0	57.0
-28.0	-40.0	41.0
-18.0	-70.0	60.0
-42.0	-34.0	51.0
-6.0	17.0	54.0
45.0	26.0	-8.0
48.0	42.0	17.0
18.0	15.0	60.0
15.0	-40.0	-12.0
-55.0	-16.0	27.0
57.0	-54.0	50.0

// Bonhage CE, 2015: PMID 26003489-1
// Subjects=20
-18.0	-76.0	-35.0
-27.0	-73.0	-23.0
-18.0	14.0	13.0
24.0	-22.0	16.0
-21.0	-25.0	-14.0
-33.0	-22.0	-11.0
-27.0	2.0	-20.0
0.0	-10.0	7.0
-27.0	-16.0	-2.0
33.0	-28.0	-5.0
27.0	-4.0	-11.0
24.0	17.0	-2.0
-30.0	20.0	-5.0
-42.0	-58.0	22.0
-48.0	-46.0	-8.0
-33.0	-10.0	19.0
-63.0	-13.0	7.0
15.0	-79.0	-32.0
-54.0	-49.0	25.0
30.0	-10.0	52.0
15.0	38.0	13.0
-33.0	-58.0	37.0
-24.0	-49.0	37.0
54.0	-4.0	-14.0
15.0	-1.0	22.0
-60.0	-40.0	7.0
-51.0	-7.0	-14.0
51.0	-7.0	28.0
-39.0	2.0	49.0
-6.0	14.0	58.0
42.0	11.0	37.0
30.0	17.0	-2.0
-27.0	-16.0	52.0
33.0	44.0	10.0
48.0	35.0	16.0
-42.0	44.0	-2.0
33.0	50.0	-11.0
0.0	26.0	40.0
24.0	-25.0	-11.0
-42.0	20.0	-8.0
12.0	-28.0	7.0
0.0	-20.0	5.0
-3.0	-22.0	58.0
6.0	-43.0	43.0
9.0	-28.0	40.0
-12.0	-16.0	34.0
-18.0	11.0	4.0
33.0	32.0	-8.0
-12.0	-31.0	4.0
39.0	-67.0	16.0
45.0	-55.0	7.0
-48.0	-58.0	1.0
-39.0	-79.0	16.0
51.0	-46.0	28.0
-51.0	-52.0	31.0
12.0	-40.0	-8.0
18.0	-58.0	-5.0
-24.0	-28.0	13.0
-30.0	-55.0	-8.0
30.0	-34.0	-11.0
-3.0	-40.0	-20.0
-21.0	-1.0	-14.0
33.0	-46.0	-11.0
39.0	-4.0	-26.0
18.0	11.0	-2.0
21.0	-13.0	-2.0
42.0	-10.0	-5.0
51.0	-13.0	-29.0
42.0	-2.0	-32.0
66.0	-19.0	-20.0
57.0	8.0	1.0
-27.0	-31.0	-2.0
-39.0	-16.0	-8.0
-54.0	-13.0	-29.0
-45.0	-7.0	-5.0
39.0	-4.0	43.0
39.0	20.0	-2.0
24.0	50.0	19.0
-18.0	50.0	16.0
-15.0	-31.0	37.0
18.0	-34.0	1.0
-45.0	20.0	19.0

// Icenhour A, 2015: PMID 26058893-1
// Subjects=20
-18.0	6.0	-4.0
-18.0	10.0	-6.0
34.0	30.0	-2.0
30.0	16.0	6.0
18.0	54.0	-8.0
12.0	26.0	-20.0
34.0	22.0	10.0
12.0	10.0	2.0
14.0	8.0	0.0
22.0	14.0	0.0
32.0	26.0	2.0
10.0	66.0	12.0
-34.0	20.0	0.0
18.0	-22.0	6.0
-28.0	-22.0	-18.0
24.0	-10.0	-20.0
24.0	0.0	-34.0
22.0	-42.0	-10.0
-12.0	0.0	-16.0
-18.0	22.0	-16.0
64.0	10.0	18.0
-28.0	-14.0	-28.0
-36.0	10.0	58.0
6.0	60.0	-12.0

// Mas-Herrero E, 2015: PMID 26070260-1
// Subjects=20
10.0	16.0	4.0
-16.0	6.0	-14.0
-4.0	42.0	0.0
-6.0	50.0	-4.0
-30.0	62.0	8.0
-28.0	-6.0	-6.0
18.0	-10.0	-14.0
32.0	-82.0	8.0
-18.0	26.0	64.0
58.0	-16.0	-2.0
8.0	-80.0	-44.0
-52.0	-42.0	-6.0
-32.0	-22.0	-18.0
12.0	6.0	-10.0
22.0	10.0	-10.0
-14.0	16.0	4.0
-14.0	-2.0	-16.0
-20.0	-2.0	-14.0
-6.0	-46.0	36.0
54.0	-32.0	52.0
-52.0	-42.0	40.0
-16.0	12.0	-4.0
34.0	-68.0	-32.0
-10.0	16.0	-2.0
20.0	0.0	16.0
-18.0	2.0	-12.0
18.0	4.0	-14.0
14.0	-6.0	-16.0
22.0	10.0	-4.0
14.0	16.0	8.0
-52.0	16.0	2.0
-28.0	-72.0	50.0
18.0	-92.0	4.0
-50.0	-4.0	42.0

// Alavash M, 2015: PMID 26095953-1
// Subjects=20
8.0	28.0	56.0
36.0	-30.0	63.0
28.0	-56.0	-13.0
27.0	-45.0	-8.0
1.0	-36.0	32.0
-33.0	-76.0	27.0
38.0	-70.0	26.0
-35.0	-14.0	46.0
22.0	58.0	-2.0
36.0	-30.0	63.0
-21.0	-24.0	-15.0
38.0	-70.0	26.0
60.0	-46.0	12.0
50.0	6.0	12.0
-56.0	-25.0	41.0
1.0	43.0	22.0

// Chen WT, 2015: PMID 26096356-1
// Subjects=20
-1.0	-62.0	-38.0
12.0	-60.0	-50.0
-33.0	-48.0	-30.0
44.0	-29.0	44.0
-8.0	43.0	4.0
-41.0	-9.0	14.0
-39.0	42.0	7.0
-33.0	36.0	-20.0
-33.0	-86.0	26.0
8.0	8.0	-2.0
8.0	-21.0	74.0
2.0	-55.0	-38.0
6.0	-71.0	-36.0
33.0	-24.0	-12.0
-3.0	-55.0	-38.0
-33.0	-87.0	12.0
9.0	-76.0	-23.0
35.0	54.0	-6.0
10.0	-52.0	-38.0
-4.0	-21.0	50.0
42.0	-26.0	43.0
35.0	38.0	28.0
-42.0	27.0	30.0
-6.0	44.0	4.0
3.0	-21.0	54.0
-26.0	-26.0	-15.0
-29.0	-1.0	45.0
34.0	56.0	-8.0
-9.0	11.0	-5.0
31.0	-34.0	50.0
-39.0	-63.0	34.0
-44.0	-6.0	9.0
-51.0	-72.0	-2.0
11.0	-73.0	-1.0
5.0	-56.0	22.0

// Wood KH, 2015: PMID 26149610-1
// Subjects=20
4.7	18.8	38.8
3.7	-31.9	31.8
35.4	6.5	58.9
-27.1	51.7	27.3
9.0	42.8	0.0
42.6	-22.6	18.2
-34.4	5.1	54.6
3.0	42.0	-21.8
-31.9	-21.8	-13.4
-41.6	-12.4	15.2
34.3	-27.7	-12.0
-42.6	-16.0	-5.7
-2.2	40.0	1.6

// Crowley TJ, 2015: PMID 26176860-1
// Subjects=20
0.0	52.0	12.0
10.0	48.0	4.0
12.0	20.0	46.0
26.0	36.0	30.0
-54.0	-42.0	36.0
26.0	18.0	40.0
12.0	18.0	52.0
24.0	56.0	14.0
-12.0	40.0	24.0
24.0	60.0	2.0
10.0	18.0	54.0
-12.0	28.0	28.0
34.0	20.0	-16.0
18.0	-2.0	4.0
-12.0	12.0	56.0
20.0	52.0	0.0
-14.0	32.0	-4.0
44.0	12.0	-14.0
28.0	10.0	12.0
40.0	8.0	-2.0
8.0	10.0	2.0
-38.0	34.0	-4.0
-44.0	12.0	-16.0
20.0	6.0	2.0
34.0	54.0	6.0
-4.0	14.0	44.0
-6.0	-44.0	52.0
46.0	-26.0	-8.0
-36.0	28.0	-8.0
10.0	-12.0	-4.0
6.0	10.0	-8.0
50.0	-44.0	26.0
6.0	8.0	2.0
-20.0	6.0	-4.0
14.0	-44.0	-36.0
24.0	28.0	32.0
4.0	-2.0	-8.0
14.0	-42.0	-40.0
-18.0	-6.0	-6.0
-12.0	-62.0	-38.0
52.0	-48.0	32.0
16.0	-32.0	58.0
-16.0	-64.0	-38.0
-40.0	-14.0	-4.0
-6.0	-20.0	2.0
-32.0	-24.0	6.0
-30.0	-26.0	-10.0
-6.0	-28.0	-4.0
26.0	-32.0	62.0
-50.0	-38.0	-2.0
12.0	-32.0	58.0
-10.0	-24.0	32.0
-2.0	-24.0	46.0
12.0	10.0	-14.0
48.0	-26.0	-2.0
-26.0	-54.0	-10.0
-52.0	-42.0	40.0
-34.0	12.0	-16.0
-6.0	-48.0	48.0
18.0	-40.0	36.0
16.0	-48.0	34.0
-14.0	-4.0	6.0
-16.0	-74.0	28.0
-18.0	-78.0	22.0
46.0	-50.0	42.0
10.0	-68.0	30.0
22.0	46.0	24.0
-38.0	14.0	-16.0
32.0	-64.0	0.0
-34.0	38.0	-4.0
-34.0	32.0	-1.0
-14.0	30.0	38.0
-46.0	16.0	-20.0
58.0	-50.0	26.0
-12.0	22.0	36.0
54.0	-42.0	6.0
-14.0	20.0	50.0
52.0	-36.0	4.0
-14.0	32.0	28.0
50.0	-22.0	-12.0
34.0	32.0	0.0
6.0	-82.0	26.0
10.0	12.0	50.0
-30.0	-58.0	-6.0
10.0	-52.0	-22.0
8.0	-60.0	-40.0
20.0	56.0	8.0
12.0	16.0	54.0
20.0	50.0	18.0
2.0	-48.0	-24.0
16.0	22.0	36.0
-16.0	46.0	52.0
24.0	14.0	58.0
10.0	-54.0	-28.0
-38.0	12.0	-10.0
-28.0	16.0	-16.0
-28.0	18.0	0.0
14.0	-58.0	-32.0
8.0	-62.0	-22.0
-4.0	-50.0	22.0
-10.0	-54.0	32.0
-6.0	-50.0	28.0
26.0	-84.0	8.0
-12.0	-46.0	-6.0
6.0	-66.0	-38.0
24.0	-66.0	-38.0
-16.0	-46.0	0.0
8.0	-64.0	-34.0
-14.0	-48.0	-4.0

// Takahashi HK, 2015: PMID 26197267-1
// Subjects=20
-26.0	-70.0	60.0
-42.0	-60.0	-10.0
-56.0	-6.0	-14.0
-46.0	-68.0	24.0
-50.0	-64.0	-2.0
-48.0	-60.0	-4.0
-50.0	-68.0	-4.0
-24.0	-80.0	46.0
-50.0	-70.0	-10.0
-8.0	20.0	-6.0
0.0	26.0	-18.0
-32.0	-28.0	-20.0
-6.0	-28.0	-26.0
-24.0	28.0	50.0
-16.0	38.0	44.0
10.0	22.0	-6.0
20.0	-66.0	64.0
-2.0	50.0	-12.0
8.0	60.0	16.0
-26.0	-6.0	-18.0
6.0	-52.0	22.0
48.0	-64.0	-10.0
12.0	-56.0	24.0
-4.0	-52.0	20.0
-22.0	-22.0	68.0
50.0	-76.0	18.0
28.0	-78.0	46.0
52.0	-56.0	-4.0
52.0	-62.0	-6.0
46.0	-50.0	-16.0
-4.0	-56.0	36.0
-8.0	-54.0	26.0
4.0	-52.0	24.0
46.0	-38.0	24.0
40.0	-20.0	66.0
-22.0	-32.0	66.0
40.0	-26.0	68.0
-10.0	-18.0	60.0
14.0	-18.0	54.0
-20.0	36.0	42.0
16.0	44.0	24.0
-12.0	-56.0	32.0
58.0	-66.0	20.0
-38.0	-16.0	-22.0
18.0	20.0	-4.0
32.0	-16.0	-18.0
0.0	24.0	-20.0
-2.0	-66.0	16.0
2.0	-68.0	24.0
-12.0	20.0	6.0
4.0	20.0	4.0
-34.0	8.0	6.0
12.0	-44.0	4.0
-4.0	-58.0	18.0
-34.0	-10.0	-20.0
34.0	8.0	8.0
-4.0	-52.0	-4.0
54.0	-2.0	-20.0
-6.0	50.0	-10.0
12.0	34.0	-10.0
-30.0	-34.0	-10.0
28.0	-20.0	-22.0
-56.0	-6.0	-18.0
48.0	-38.0	16.0
-60.0	-2.0	0.0
4.0	-60.0	24.0
-20.0	20.0	0.0
-30.0	-12.0	-16.0
-34.0	-8.0	-20.0
38.0	-2.0	-22.0
40.0	-26.0	-16.0
-50.0	-20.0	-22.0
8.0	-42.0	34.0
-10.0	-56.0	22.0
12.0	-50.0	10.0
0.0	-68.0	20.0
16.0	-40.0	2.0
-8.0	-46.0	30.0
20.0	-10.0	-12.0
22.0	-14.0	-12.0
-4.0	44.0	22.0
-10.0	44.0	4.0
12.0	46.0	4.0
10.0	36.0	-16.0
-34.0	-30.0	-14.0
-30.0	-10.0	-16.0
0.0	-72.0	-10.0

// Adnan A, 2016: PMID 26206251-1
// Subjects=20
18.0	-12.0	-16.0
28.0	-6.0	-14.0
22.0	-14.0	-24.0
4.0	58.0	-10.0
26.0	-14.0	-16.0
-8.0	54.0	-6.0
-24.0	-22.0	-18.0
-26.0	-16.0	-24.0
30.0	-16.0	-24.0
14.0	44.0	-22.0
2.0	58.0	-12.0
-28.0	-20.0	-14.0
0.0	50.0	-10.0
16.0	-28.0	0.0
-2.0	-56.0	14.0
-16.0	-58.0	4.0
22.0	-22.0	-18.0
-22.0	-30.0	-12.0
-4.0	40.0	-6.0
20.0	-4.0	-16.0
22.0	-34.0	-20.0
-20.0	-26.0	-20.0
26.0	-18.0	-14.0
-26.0	-18.0	-18.0
-8.0	-44.0	36.0
-14.0	-34.0	2.0
18.0	-54.0	14.0
18.0	-12.0	-16.0
42.0	12.0	-32.0
20.0	34.0	-18.0
-32.0	-4.0	-20.0
-22.0	-6.0	-22.0
-4.0	-26.0	28.0
56.0	36.0	10.0
-18.0	-34.0	-4.0
52.0	-40.0	42.0
46.0	-54.0	38.0
36.0	38.0	36.0
34.0	6.0	56.0
18.0	-28.0	-16.0
-8.0	-46.0	8.0
38.0	-50.0	42.0
-4.0	-78.0	36.0
-4.0	28.0	44.0
-30.0	62.0	-6.0
-20.0	-28.0	-16.0
46.0	-42.0	52.0
42.0	-68.0	40.0
36.0	44.0	34.0

// Perez DL, 2015: PMID 26208746-1
// Subjects=20
-18.0	-84.0	-9.0
12.0	-93.0	6.0
9.0	-90.0	-6.0
-36.0	-75.0	-18.0
-33.0	-72.0	-12.0
-33.0	39.0	-18.0
-51.0	-3.0	18.0
42.0	39.0	-12.0
-21.0	57.0	12.0
-54.0	6.0	-30.0
63.0	-60.0	0.0
39.0	9.0	-24.0
42.0	-30.0	45.0
45.0	-27.0	42.0
33.0	-9.0	-9.0
54.0	3.0	21.0
-6.0	0.0	33.0
9.0	0.0	33.0
39.0	-3.0	9.0
57.0	12.0	24.0
33.0	-69.0	45.0
36.0	-54.0	42.0
6.0	-48.0	39.0
69.0	-9.0	3.0
33.0	-54.0	-15.0
-24.0	-63.0	36.0
-42.0	24.0	12.0
-6.0	-84.0	0.0
18.0	-78.0	6.0
6.0	-84.0	-9.0
-30.0	-75.0	-18.0
-36.0	-54.0	-21.0
39.0	-72.0	-12.0
45.0	21.0	-6.0
-54.0	3.0	-30.0
-45.0	30.0	0.0
-33.0	24.0	-9.0
-36.0	36.0	-18.0
33.0	54.0	27.0
24.0	48.0	24.0
6.0	45.0	33.0
48.0	12.0	33.0
-57.0	-27.0	45.0
33.0	21.0	-27.0
54.0	-21.0	15.0
39.0	6.0	18.0
-63.0	-12.0	-9.0
57.0	-15.0	-9.0
36.0	-9.0	-12.0
-24.0	-87.0	-12.0
-24.0	-84.0	-9.0
39.0	-81.0	-9.0
48.0	-69.0	0.0
36.0	-81.0	30.0
39.0	-3.0	12.0
57.0	-12.0	36.0
18.0	-93.0	15.0
-48.0	-3.0	21.0
-36.0	-72.0	45.0
-27.0	-60.0	36.0
3.0	-45.0	39.0
12.0	0.0	36.0
-9.0	39.0	0.0
3.0	-36.0	-42.0
-15.0	-69.0	-39.0
-9.0	-84.0	3.0
12.0	-78.0	-12.0
18.0	-78.0	6.0
30.0	-75.0	-12.0
27.0	-87.0	3.0
45.0	27.0	6.0
39.0	30.0	-24.0
48.0	21.0	-9.0
45.0	27.0	6.0
54.0	15.0	36.0
-39.0	21.0	3.0
-18.0	-69.0	39.0
-12.0	-63.0	45.0
33.0	-72.0	45.0
45.0	-33.0	45.0
-51.0	-39.0	33.0
-36.0	-54.0	-21.0
-30.0	-72.0	-18.0
-24.0	-84.0	-9.0
-39.0	-78.0	-12.0
-42.0	-78.0	-15.0
-33.0	-81.0	3.0
-3.0	60.0	21.0
24.0	-87.0	-12.0
39.0	-81.0	-9.0
0.0	-66.0	27.0
-12.0	51.0	39.0
12.0	-96.0	12.0
3.0	-93.0	9.0
18.0	-78.0	-3.0
-39.0	-78.0	33.0
39.0	45.0	-12.0
21.0	12.0	-12.0
-33.0	42.0	-15.0
51.0	-69.0	-3.0
-42.0	9.0	42.0
60.0	-57.0	-12.0
15.0	51.0	-12.0
-15.0	42.0	-12.0
-33.0	42.0	-3.0
-36.0	45.0	0.0
-9.0	-93.0	-12.0
9.0	12.0	27.0
-24.0	-3.0	-18.0
-30.0	-18.0	-12.0
-33.0	3.0	-12.0
-51.0	6.0	-12.0
-45.0	-27.0	3.0
-42.0	18.0	21.0
-42.0	-51.0	12.0
60.0	-3.0	-33.0
-6.0	-18.0	-18.0
48.0	-18.0	-6.0
-30.0	-9.0	18.0
12.0	-81.0	-30.0
18.0	-78.0	-30.0
15.0	-69.0	-27.0
-3.0	-69.0	24.0
-6.0	3.0	33.0
39.0	-18.0	-27.0
66.0	-54.0	-9.0
30.0	57.0	18.0
57.0	-39.0	27.0
54.0	-48.0	21.0
-69.0	-24.0	6.0
48.0	18.0	0.0
21.0	-87.0	15.0
-63.0	3.0	12.0
-18.0	66.0	-3.0
6.0	-57.0	15.0
30.0	-51.0	-27.0
9.0	-36.0	33.0
-30.0	-54.0	-39.0
-9.0	-87.0	3.0
15.0	-87.0	-9.0
-27.0	-84.0	3.0
30.0	-84.0	6.0
6.0	-3.0	33.0
-24.0	-15.0	-27.0
-21.0	-87.0	-12.0
39.0	24.0	6.0
48.0	21.0	-6.0
18.0	-90.0	3.0
60.0	-60.0	-6.0
-39.0	-72.0	-3.0
-15.0	-87.0	27.0
-45.0	9.0	15.0
-42.0	0.0	18.0
66.0	-18.0	18.0
66.0	15.0	21.0
60.0	36.0	9.0
-48.0	-57.0	-12.0
57.0	24.0	-6.0
-24.0	39.0	24.0
-45.0	-51.0	9.0
60.0	-51.0	0.0
-57.0	-30.0	21.0
-54.0	9.0	-9.0
51.0	15.0	-15.0
45.0	-15.0	9.0
60.0	-27.0	24.0
-60.0	-27.0	3.0
-33.0	24.0	-3.0
-39.0	6.0	0.0
33.0	27.0	3.0
-12.0	30.0	18.0
-15.0	-69.0	-21.0
33.0	45.0	21.0
-27.0	-15.0	-27.0
39.0	-18.0	-27.0
21.0	-15.0	-24.0
9.0	18.0	27.0
-27.0	54.0	-15.0
18.0	54.0	-15.0
9.0	-57.0	9.0
21.0	-57.0	0.0
-39.0	24.0	9.0
-12.0	-57.0	9.0
3.0	18.0	-6.0
-9.0	-48.0	9.0
-3.0	-66.0	24.0
6.0	-60.0	21.0
-24.0	-36.0	-21.0
45.0	-51.0	21.0
42.0	-57.0	27.0
60.0	-48.0	24.0
-6.0	-15.0	15.0
-39.0	-63.0	-21.0
30.0	-54.0	-24.0
15.0	-48.0	-9.0
-12.0	-60.0	-39.0
6.0	-69.0	-39.0
6.0	-27.0	-15.0
36.0	-39.0	-21.0
9.0	-27.0	6.0
12.0	-60.0	12.0
12.0	36.0	9.0
12.0	45.0	6.0
12.0	9.0	3.0
9.0	-27.0	6.0
24.0	-96.0	0.0
-45.0	-72.0	27.0
36.0	21.0	-33.0
33.0	39.0	-18.0
-45.0	24.0	-24.0
6.0	66.0	24.0
60.0	-9.0	0.0
-60.0	-3.0	12.0
-9.0	-87.0	3.0
39.0	24.0	27.0
-6.0	-36.0	27.0
42.0	-69.0	-21.0
3.0	-63.0	24.0
-12.0	63.0	-3.0
27.0	-72.0	24.0
48.0	-48.0	24.0
18.0	-87.0	12.0
39.0	21.0	-3.0
-27.0	-87.0	6.0
36.0	-84.0	6.0
-45.0	-72.0	-12.0
-21.0	-87.0	-12.0
15.0	-87.0	-9.0
-12.0	-90.0	24.0
57.0	-21.0	-3.0
57.0	-51.0	0.0
-51.0	-57.0	-9.0
-48.0	-57.0	-12.0
51.0	-60.0	-9.0
-39.0	-78.0	-12.0
33.0	-36.0	-21.0
-45.0	-51.0	-3.0
60.0	18.0	21.0
45.0	30.0	3.0
-15.0	30.0	-18.0
-45.0	-78.0	27.0
36.0	54.0	21.0
21.0	51.0	24.0
18.0	54.0	27.0
-33.0	24.0	9.0
-42.0	12.0	27.0
-48.0	9.0	9.0
-42.0	21.0	-6.0
-48.0	-3.0	9.0
-54.0	12.0	-6.0
-57.0	-30.0	18.0
63.0	-27.0	24.0
-27.0	45.0	21.0
42.0	-51.0	-33.0
9.0	18.0	27.0
18.0	-51.0	-24.0
-6.0	-54.0	12.0
-18.0	-66.0	-18.0
12.0	-54.0	12.0
6.0	66.0	3.0
-15.0	-60.0	24.0
-27.0	-33.0	-21.0
-33.0	-42.0	-24.0
-27.0	-18.0	12.0
-30.0	-24.0	-15.0
24.0	-27.0	-12.0
-3.0	63.0	27.0
15.0	-18.0	-12.0
-9.0	48.0	-9.0
12.0	48.0	-12.0
-9.0	24.0	-3.0
-12.0	30.0	-6.0
6.0	30.0	-9.0
-6.0	-18.0	-18.0
-12.0	-57.0	9.0
-12.0	-21.0	18.0
6.0	-3.0	0.0
-57.0	-60.0	-9.0
6.0	-51.0	9.0
12.0	-81.0	-30.0
33.0	-81.0	-30.0
9.0	-72.0	-6.0
-36.0	-42.0	-27.0
-42.0	-57.0	27.0
42.0	36.0	-12.0
-48.0	27.0	18.0
69.0	-9.0	3.0
-33.0	-78.0	-30.0
-48.0	-63.0	12.0
-63.0	-48.0	12.0
-57.0	-3.0	-15.0
60.0	-3.0	-33.0
36.0	-81.0	-12.0
-30.0	39.0	-6.0

// Sasse LK, 2015: PMID 26219923-1
// Subjects=20
-6.0	44.0	-10.0
-64.0	-6.0	-12.0
-10.0	-44.0	4.0
-4.0	-52.0	36.0
-50.0	-72.0	28.0
16.0	-6.0	-12.0
-8.0	-12.0	8.0
-10.0	-22.0	-8.0
-52.0	-52.0	-2.0
-16.0	-38.0	2.0
-36.0	40.0	32.0
-6.0	58.0	-6.0
-6.0	62.0	22.0
10.0	-16.0	38.0
8.0	12.0	-8.0
-34.0	24.0	-18.0
-6.0	8.0	-8.0
8.0	-72.0	20.0
52.0	-62.0	-6.0
50.0	-24.0	-6.0
10.0	6.0	70.0
-24.0	-76.0	-18.0
-48.0	-62.0	-14.0
-20.0	-20.0	-18.0
46.0	-56.0	2.0
-18.0	-6.0	62.0
-12.0	48.0	6.0

// Guterstam A, 2015: PMID 26236222-1
// Subjects=20
-21.0	-17.5	-14.0
31.5	-23.5	-10.4
-24.0	-43.0	0.4
-27.0	-13.0	-24.8
-34.5	-20.5	-12.2
-22.5	-19.0	-17.6
22.5	-40.0	-1.4
34.5	-35.5	-6.8
-34.5	-11.5	-19.4
-21.0	-16.0	-17.6
-30.0	-16.0	-14.0
22.5	-14.5	-15.8
-18.0	-19.0	-17.6
-18.0	-19.0	-17.6
22.5	-17.5	-14.0
-31.5	-22.0	-10.4
-22.5	-34.0	-1.4
30.0	-37.0	-3.2
-16.5	-37.0	-1.4
24.0	-38.5	2.2
25.5	-17.5	-17.6
36.0	-14.5	-19.4
-21.0	-35.5	-1.4
31.5	-34.0	-1.4
37.5	-19.0	-15.8
-24.0	-16.0	-17.6
16.5	-37.0	4.0
25.5	-25.0	-10.4
-18.0	-37.0	-1.4
-33.0	-22.0	-12.2
22.5	-19.0	-19.4

// Favre P, 2015: PMID 26244883-1
// Subjects=20
-15.0	29.0	55.0
36.0	8.0	-5.0
54.0	-19.0	-5.0
-63.0	-22.0	-1.0
51.0	-67.0	-9.0
54.0	23.0	33.0
15.0	-25.0	14.0
-9.0	-22.0	14.0
-63.0	-16.0	-5.0
6.0	65.0	33.0
-45.0	-34.0	40.0
-36.0	-70.0	10.0
-57.0	-37.0	36.0
-21.0	25.0	70.0
9.0	32.0	29.0
24.0	50.0	25.0
-21.0	50.0	29.0
-27.0	-34.0	3.0
-30.0	-37.0	-5.0
57.0	-43.0	6.0
-9.0	-52.0	10.0
-12.0	32.0	59.0
45.0	-37.0	33.0
-21.0	65.0	21.0
3.0	23.0	-13.0
-6.0	-55.0	10.0
0.0	20.0	-13.0
18.0	29.0	59.0

// Carey SE, 2015: PMID 26249266-1
// Subjects=20
-61.0	-18.0	25.0
28.0	-75.0	30.0
-31.0	-22.0	-13.0
7.0	13.0	52.0
24.0	32.0	15.0
-46.0	3.0	35.0
25.0	-64.0	50.0
39.0	-40.0	45.0
-31.0	-22.0	-13.0
-4.0	4.0	54.0
7.0	13.0	52.0
18.0	-25.0	10.0
18.0	16.0	4.0
-29.0	-62.0	45.0
-23.0	12.0	6.0
6.0	-23.0	3.0
-9.0	-20.0	11.0
-43.0	-65.0	-10.0
24.0	32.0	15.0
-39.0	-42.0	45.0
39.0	-40.0	45.0
7.0	13.0	52.0
-55.0	-30.0	43.0
-31.0	-22.0	-13.0
-22.0	-86.0	37.0
-4.0	4.0	54.0
-23.0	12.0	6.0
-9.0	-20.0	11.0
-55.0	-30.0	43.0
18.0	-25.0	10.0
55.0	4.0	4.0

// Krendl AC, 2016: PMID 26302670-1
// Subjects=20
60.0	-6.0	36.0
45.0	48.0	27.0
-36.0	12.0	6.0
-33.0	-15.0	69.0
-45.0	-27.0	57.0
-33.0	-30.0	72.0
18.0	-48.0	-33.0
21.0	-78.0	-6.0
-21.0	-45.0	24.0
30.0	-24.0	48.0
3.0	-93.0	21.0
21.0	-45.0	9.0
-60.0	0.0	30.0
-12.0	-15.0	66.0
-39.0	-9.0	6.0
33.0	51.0	45.0
-12.0	-15.0	66.0
-6.0	3.0	-15.0
-24.0	-87.0	18.0
45.0	60.0	9.0
33.0	51.0	45.0
-18.0	-12.0	33.0
-18.0	51.0	-24.0
-60.0	0.0	30.0
-66.0	0.0	15.0
60.0	-6.0	36.0
-39.0	-9.0	6.0
-6.0	3.0	-15.0
-66.0	0.0	15.0
-48.0	18.0	-3.0
30.0	-24.0	63.0
3.0	9.0	6.0
-18.0	-12.0	33.0
36.0	-21.0	-27.0
-42.0	-36.0	36.0
-30.0	60.0	12.0
-18.0	57.0	42.0
-33.0	-9.0	18.0
-9.0	51.0	-9.0
9.0	45.0	39.0
-3.0	39.0	-24.0
33.0	33.0	-15.0
45.0	-6.0	-15.0
12.0	54.0	6.0
12.0	12.0	66.0
15.0	6.0	33.0
-12.0	6.0	45.0
48.0	3.0	27.0
-57.0	3.0	-18.0
-27.0	30.0	51.0
-30.0	27.0	-6.0
36.0	-21.0	-27.0
-18.0	30.0	48.0
-45.0	-54.0	6.0
-36.0	-12.0	66.0
63.0	-18.0	51.0
18.0	-27.0	51.0
-9.0	66.0	15.0
-24.0	-39.0	-3.0
36.0	-48.0	36.0
-18.0	-9.0	-27.0
33.0	-12.0	21.0
6.0	-54.0	57.0
-39.0	-78.0	33.0
-12.0	-81.0	30.0
15.0	-81.0	33.0
-30.0	42.0	18.0
21.0	36.0	39.0
0.0	-54.0	-45.0
3.0	9.0	6.0
45.0	48.0	21.0
33.0	-36.0	39.0
54.0	6.0	15.0
27.0	3.0	45.0
-36.0	3.0	48.0
-51.0	0.0	15.0
57.0	-3.0	-9.0
39.0	-6.0	36.0
-42.0	-36.0	36.0
-57.0	-9.0	-21.0
21.0	-18.0	15.0
-12.0	-24.0	45.0
45.0	-18.0	57.0
-39.0	-27.0	57.0
45.0	-27.0	6.0
42.0	-30.0	39.0
-39.0	-9.0	0.0
-33.0	-42.0	-9.0
0.0	-24.0	-9.0
30.0	-81.0	15.0
42.0	15.0	6.0
42.0	-60.0	18.0
36.0	-72.0	54.0
-27.0	-75.0	-36.0
48.0	-75.0	12.0
30.0	-81.0	-30.0
30.0	-48.0	-6.0
33.0	51.0	45.0
-30.0	-87.0	36.0
-15.0	-99.0	18.0
60.0	-6.0	36.0
-45.0	-54.0	-3.0
-15.0	-57.0	21.0
-60.0	0.0	30.0
-15.0	-84.0	-9.0
60.0	15.0	15.0
-12.0	9.0	-6.0
42.0	-39.0	66.0
-27.0	-45.0	-12.0
30.0	-54.0	-6.0
24.0	-60.0	24.0
-36.0	-84.0	30.0
30.0	-24.0	63.0
-12.0	-90.0	0.0
-36.0	30.0	57.0
18.0	-96.0	6.0
-30.0	-45.0	42.0
-15.0	-36.0	-12.0
24.0	-36.0	-12.0
-36.0	-87.0	27.0
18.0	-93.0	9.0
-21.0	-81.0	48.0
51.0	-21.0	60.0
-42.0	3.0	54.0
-39.0	-81.0	-33.0
-18.0	-99.0	0.0
33.0	-42.0	-12.0
-27.0	-45.0	-12.0
-30.0	-6.0	12.0
-39.0	51.0	15.0
30.0	51.0	42.0
-3.0	30.0	21.0
-54.0	-9.0	-24.0
-3.0	-21.0	33.0
48.0	57.0	9.0
42.0	-63.0	-3.0
-3.0	15.0	0.0
-60.0	3.0	15.0
-18.0	-51.0	33.0
-18.0	12.0	-39.0
36.0	-36.0	39.0
-3.0	-54.0	66.0

// Ota K, 2015: PMID 26318777-1
// Subjects=20
-24.0	-34.0	-6.0
-27.0	-44.0	-3.0
-6.0	-63.0	27.0
-56.0	-31.0	-23.0
-46.0	-57.0	30.0
-57.0	-40.0	-11.0
8.0	-63.0	33.0

// Tipper CM, 2015: PMID 26347635-1
// Subjects=20
-20.0	-4.0	30.0
-27.0	-66.0	65.0
-18.0	-4.0	72.0
18.0	-4.0	72.0
-32.0	-12.0	69.0
40.0	-7.0	65.0
-45.0	-6.0	48.0
-54.0	3.0	26.0
45.0	-2.0	48.0
-46.0	4.0	18.0
42.0	12.0	18.0
-36.0	-44.0	54.0
44.0	-56.0	-8.0
40.0	-44.0	54.0
41.0	-44.0	47.0
-40.0	-42.0	45.0
-32.0	-56.0	46.0
-56.0	-26.0	46.0
56.0	-26.0	46.0
58.0	-30.0	32.0
-22.0	-34.0	62.0
-50.0	-62.0	12.0
57.0	12.0	14.0
-51.0	-60.0	-4.0
-6.0	-16.0	48.0
14.0	16.0	64.0
36.0	0.0	45.0
3.0	6.0	54.0
-3.0	6.0	54.0
0.0	-6.0	57.0
-51.0	9.0	27.0
-27.0	-6.0	72.0
30.0	-6.0	69.0
-54.0	0.0	45.0
-36.0	0.0	45.0
64.0	-16.0	35.0
-50.0	-56.0	-36.0
50.0	-56.0	-36.0
-33.0	-45.0	54.0
-33.0	-45.0	68.0
25.0	-67.0	63.0
-26.0	10.0	-6.0
-36.0	-51.0	36.0
-39.0	-66.0	36.0
45.0	-48.0	18.0
-6.0	56.0	20.0
8.0	56.0	16.0
-8.0	14.0	64.0
9.0	12.0	42.0
8.0	-16.0	50.0
-58.0	-34.0	30.0
20.0	-34.0	64.0
52.0	10.0	4.0
60.0	-44.0	34.0
-56.0	-56.0	26.0
54.0	-52.0	30.0
-48.0	-64.0	32.0
12.0	-52.0	70.0
48.0	-64.0	32.0
-12.0	-64.0	2.0
12.0	-64.0	2.0
-14.0	-76.0	6.0
14.0	-76.0	6.0
-50.0	-52.0	4.0
56.0	-50.0	4.0
-56.0	-20.0	6.0
60.0	-18.0	6.0
-50.0	-20.0	-6.0
58.0	-20.0	2.0
-32.0	-22.0	10.0
36.0	-18.0	18.0
-42.0	-18.0	18.0
44.0	-12.0	13.0
-46.0	14.0	8.0
-58.0	-44.0	32.0
-24.0	-8.0	-14.0
34.0	8.0	-14.0
33.0	-42.0	48.0
-28.0	-16.0	-18.0
28.0	-8.0	-14.0
30.0	-22.0	12.0
-52.0	-16.0	-12.0
56.0	-14.0	-12.0
-50.0	-2.0	-26.0
50.0	-2.0	-26.0
-48.0	0.0	-10.0
44.0	14.0	-20.0
-40.0	6.0	-10.0
-14.0	-56.0	70.0
-26.0	-6.0	-22.0
-30.0	-28.0	-12.0
-34.0	16.0	-18.0
-26.0	-6.0	-18.0
30.0	-6.0	-22.0
-38.0	18.0	-18.0
-50.0	0.0	-26.0
-52.0	-32.0	2.0
-40.0	14.0	-26.0
-50.0	-44.0	12.0
20.0	14.0	-10.0
-18.0	14.0	-8.0
30.0	20.0	-18.0
-52.0	-6.0	-12.0

// Robinson JL, 2015: PMID 26350954-1
// Subjects=20
47.0	5.0	-5.0
-29.0	-27.0	-10.0
35.0	-28.0	58.0
47.0	-17.0	38.0
0.0	-10.0	65.0
-6.0	-24.0	60.0
22.0	21.0	57.0
49.0	-6.0	28.0
58.0	-11.0	-1.0
-26.0	19.0	47.0
34.0	-20.0	50.0
55.0	-6.0	-17.0
-3.0	-10.0	32.0
-41.0	-67.0	35.0
-23.0	-11.0	-13.0
5.0	31.0	-7.0
-3.0	47.0	2.0
-11.0	-48.0	12.0
21.0	-13.0	-15.0
36.0	15.0	-17.0
-36.0	22.0	-10.0
-41.0	31.0	-6.0
30.0	-72.0	14.0
-60.0	-30.0	-14.0
46.0	9.0	-12.0
-44.0	-62.0	-15.0
-34.0	27.0	-5.0
-36.0	-18.0	22.0
-2.0	-15.0	41.0
-45.0	8.0	-14.0
-23.0	8.0	-13.0
32.0	29.0	51.0
52.0	-10.0	26.0
43.0	-17.0	39.0
-57.0	-9.0	26.0
-9.0	-9.0	41.0
3.0	9.0	-9.0
5.0	35.0	-5.0
54.0	-16.0	14.0
53.0	-25.0	10.0
-51.0	-36.0	11.0
47.0	-68.0	26.0
45.0	-40.0	5.0
58.0	-12.0	-5.0
55.0	-14.0	-12.0
-46.0	-48.0	21.0
-7.0	-3.0	2.0
43.0	-17.0	3.0
56.0	-19.0	27.0
-27.0	-21.0	-13.0
-57.0	-20.0	19.0
32.0	-31.0	54.0
-46.0	-18.0	52.0
50.0	-21.0	50.0
32.0	-81.0	21.0
-35.0	-78.0	20.0
10.0	-71.0	3.0
15.0	-79.0	21.0
25.0	-80.0	12.0
41.0	-65.0	10.0
29.0	-1.0	-8.0
53.0	-9.0	-1.0
-34.0	-75.0	-11.0
-58.0	-2.0	-13.0
19.0	-41.0	55.0
48.0	-15.0	40.0
51.0	-55.0	-16.0
-16.0	58.0	13.0
40.0	-67.0	-5.0
38.0	-43.0	-17.0
-44.0	-72.0	35.0
3.0	53.0	22.0
-36.0	-22.0	21.0
-22.0	36.0	45.0
2.0	27.0	57.0
14.0	-55.0	-24.0
-55.0	-21.0	7.0
56.0	-11.0	-1.0
-40.0	-59.0	32.0
-31.0	-29.0	-10.0
-11.0	-55.0	30.0
53.0	-16.0	-9.0
-14.0	-51.0	5.0
-56.0	-3.0	-4.0
27.0	-29.0	-7.0
-54.0	-4.0	-13.0
-51.0	-45.0	6.0
-53.0	7.0	-3.0
-23.0	5.0	-5.0
45.0	-57.0	-11.0
-38.0	-49.0	-15.0
39.0	-38.0	12.0
32.0	-24.0	40.0
0.0	-18.0	53.0
-48.0	-45.0	6.0
-22.0	17.0	49.0
-5.0	25.0	1.0
5.0	4.0	-2.0
-44.0	-27.0	14.0
36.0	-28.0	24.0
-44.0	-65.0	33.0
-50.0	-18.0	40.0
-29.0	-31.0	50.0
27.0	-66.0	-11.0
40.0	-66.0	-9.0
-34.0	-77.0	-13.0
2.0	-75.0	3.0
24.0	-87.0	25.0
-7.0	-89.0	16.0
29.0	-21.0	-12.0
1.0	40.0	4.0
38.0	29.0	-7.0
-62.0	-21.0	7.0
-38.0	46.0	15.0
1.0	40.0	4.0
-21.0	-59.0	-9.0
2.0	-75.0	3.0
10.0	-86.0	14.0
22.0	-86.0	23.0
-27.0	-81.0	-8.0
29.0	-21.0	-12.0
-27.0	-2.0	-9.0
-21.0	-17.0	-12.0
-9.0	-40.0	6.0
35.0	-29.0	53.0
-2.0	-13.0	43.0
-13.0	35.0	49.0
6.0	-50.0	21.0
3.0	39.0	-6.0
-23.0	-11.0	-17.0
-44.0	-76.0	-2.0
2.0	-85.0	30.0
37.0	-80.0	14.0
19.0	31.0	56.0
-20.0	-63.0	14.0
4.0	-57.0	10.0
-5.0	50.0	36.0
19.0	22.0	48.0
21.0	-15.0	-15.0
-40.0	33.0	-4.0
1.0	35.0	-1.0
13.0	-61.0	15.0
-29.0	-29.0	-10.0
-42.0	-67.0	33.0
41.0	-67.0	31.0
8.0	-83.0	-12.0
62.0	-14.0	-3.0
-46.0	-24.0	44.0
-54.0	8.0	-12.0
-12.0	45.0	43.0
6.0	41.0	50.0
20.0	-7.0	-18.0
-25.0	-13.0	-17.0
19.0	-40.0	-8.0
41.0	-15.0	41.0
-4.0	-22.0	58.0
-33.0	6.0	57.0
-24.0	36.0	45.0
19.0	-59.0	13.0
-26.0	-91.0	13.0
27.0	-15.0	-17.0
-40.0	44.0	2.0
-11.0	-47.0	9.0
27.0	-13.0	-15.0
13.0	-87.0	5.0
50.0	-21.0	48.0
-19.0	-19.0	-12.0
-42.0	-9.0	-14.0
64.0	-32.0	4.0
-48.0	-31.0	15.0
-17.0	-35.0	57.0
-55.0	-20.0	37.0
-4.0	-24.0	56.0
-16.0	33.0	50.0
-30.0	33.0	-9.0
-6.0	33.0	0.0
-55.0	-12.0	35.0
58.0	-7.0	35.0
-35.0	-66.0	32.0
12.0	45.0	43.0
25.0	-35.0	-2.0
40.0	31.0	-7.0
5.0	15.0	-12.0
0.0	25.0	57.0
-2.0	-29.0	50.0
-5.0	-67.0	-6.0
45.0	5.0	-7.0
-40.0	28.0	-8.0
55.0	-9.0	-1.0
55.0	2.0	-16.0
-21.0	-13.0	-12.0
-7.0	-57.0	28.0
36.0	-47.0	-12.0
0.0	-5.0	33.0

// Lissek S, 2015: PMID 26388752-1
// Subjects=20
22.0	42.0	40.0
22.0	42.0	40.0
22.0	42.0	40.0
20.0	56.0	30.0
20.0	56.0	30.0
22.0	50.0	20.0
22.0	50.0	20.0
22.0	50.0	20.0
46.0	40.0	28.0
46.0	40.0	28.0
46.0	40.0	28.0
42.0	22.0	48.0
20.0	56.0	30.0
42.0	22.0	48.0
46.0	50.0	10.0
-30.0	18.0	46.0
-42.0	14.0	50.0
-42.0	14.0	50.0
-42.0	14.0	50.0
46.0	50.0	10.0
44.0	24.0	-12.0
38.0	56.0	0.0
42.0	22.0	48.0
42.0	18.0	-6.0
38.0	56.0	0.0
-38.0	54.0	14.0
-38.0	54.0	14.0
-38.0	54.0	14.0
50.0	14.0	0.0
-30.0	18.0	46.0
38.0	56.0	0.0
44.0	24.0	-12.0
-56.0	10.0	-6.0
54.0	20.0	-8.0
-30.0	18.0	46.0
-46.0	16.0	-8.0
-46.0	16.0	-8.0
18.0	-30.0	-4.0
18.0	-30.0	-4.0
18.0	-30.0	-4.0
20.0	-28.0	-6.0
20.0	-28.0	-6.0
20.0	-28.0	-6.0
-18.0	-30.0	-6.0
-28.0	-22.0	-12.0
-28.0	-22.0	-12.0
-28.0	-22.0	-12.0
-22.0	-32.0	-6.0
44.0	24.0	-12.0
-22.0	-32.0	-6.0
-22.0	-32.0	-6.0
54.0	20.0	-8.0
54.0	20.0	-8.0
50.0	12.0	-6.0
54.0	14.0	44.0
-56.0	10.0	-6.0
-56.0	10.0	-6.0
-56.0	12.0	-6.0
-56.0	12.0	-6.0
-56.0	12.0	-6.0
54.0	18.0	-10.0
54.0	18.0	-10.0
54.0	18.0	-10.0
30.0	20.0	-14.0
-46.0	16.0	-8.0
46.0	50.0	10.0
36.0	-52.0	-14.0
50.0	12.0	-6.0
28.0	20.0	-14.0
-46.0	8.0	-8.0
-34.0	-40.0	-22.0
-32.0	-18.0	4.0
-32.0	-18.0	4.0
32.0	-52.0	-14.0
32.0	-36.0	-24.0
32.0	-36.0	-24.0
32.0	-36.0	-24.0
-38.0	-36.0	-24.0
-38.0	-36.0	-24.0
-38.0	-36.0	-24.0
36.0	-50.0	-16.0
36.0	-50.0	-16.0
-34.0	-40.0	-22.0
-32.0	-18.0	4.0
-34.0	-40.0	-22.0
-28.0	-46.0	-18.0
-28.0	-46.0	-18.0
-28.0	-46.0	-18.0
-22.0	-48.0	-16.0
-22.0	-48.0	-16.0
-22.0	-48.0	-16.0
36.0	-52.0	-14.0
36.0	-52.0	-14.0
54.0	14.0	44.0
36.0	-52.0	-14.0
36.0	-52.0	-14.0
-30.0	-48.0	-16.0
36.0	-50.0	-16.0
36.0	-52.0	-14.0
-22.0	-48.0	-16.0
38.0	44.0	34.0
6.0	40.0	6.0
28.0	20.0	-14.0
12.0	-42.0	-4.0
12.0	-42.0	-4.0
-24.0	-48.0	-8.0
-16.0	-50.0	-8.0
-16.0	-50.0	-8.0
-16.0	-50.0	-8.0
-8.0	-35.0	-4.0
-8.0	-35.0	-4.0
-8.0	-35.0	-4.0
-22.0	-48.0	-16.0
42.0	18.0	-6.0
-22.0	-48.0	-16.0
20.0	-35.0	-14.0
-16.0	-24.0	2.0
-16.0	-24.0	2.0
-16.0	-24.0	2.0
6.0	40.0	6.0
46.0	34.0	26.0
48.0	12.0	40.0
38.0	44.0	34.0
38.0	44.0	34.0
-52.0	14.0	42.0
42.0	18.0	-6.0
12.0	-42.0	-4.0
-38.0	26.0	32.0
-38.0	26.0	32.0
-56.0	8.0	36.0
-56.0	8.0	36.0
-56.0	8.0	36.0
6.0	40.0	6.0
-38.0	26.0	32.0
50.0	12.0	-6.0
28.0	20.0	-14.0
10.0	18.0	30.0
52.0	10.0	38.0
52.0	10.0	38.0
-50.0	10.0	44.0
-50.0	10.0	44.0
-50.0	10.0	44.0
38.0	52.0	20.0
30.0	52.0	10.0
30.0	52.0	10.0
30.0	52.0	10.0
-32.0	44.0	10.0
-32.0	44.0	24.0
-32.0	44.0	24.0
-32.0	44.0	24.0
56.0	14.0	-2.0
32.0	24.0	-6.0
32.0	24.0	-6.0
32.0	24.0	-6.0
52.0	20.0	0.0
52.0	20.0	0.0
52.0	20.0	0.0
-44.0	14.0	-6.0
-26.0	-50.0	-12.0
24.0	-28.0	-6.0
34.0	18.0	-2.0
24.0	-28.0	-6.0
-22.0	-22.0	-10.0
-22.0	-22.0	-10.0
-22.0	-22.0	-10.0
50.0	14.0	-12.0
-54.0	14.0	-8.0
36.0	22.0	-2.0
34.0	18.0	-2.0
24.0	-28.0	-6.0
22.0	-26.0	-8.0
32.0	-34.0	-26.0
-38.0	-2.0	10.0
54.0	14.0	44.0
-32.0	18.0	6.0
-32.0	18.0	6.0
-32.0	18.0	6.0
32.0	22.0	-8.0
-40.0	12.0	-2.0
42.0	20.0	-6.0
-40.0	12.0	-2.0
-46.0	2.0	2.0
42.0	20.0	-6.0
42.0	20.0	-6.0
32.0	22.0	-8.0
-38.0	-2.0	10.0
-40.0	12.0	-2.0
-38.0	-2.0	10.0
-38.0	-40.0	-22.0
-26.0	-50.0	-12.0
-24.0	-48.0	-16.0
-38.0	-40.0	-22.0
-38.0	-40.0	-22.0
32.0	22.0	-8.0
28.0	-50.0	-14.0
34.0	18.0	-2.0
28.0	-50.0	-14.0
28.0	-52.0	-14.0
28.0	-52.0	-14.0
28.0	-52.0	-14.0
32.0	-52.0	-14.0
32.0	-52.0	-14.0
32.0	-52.0	-14.0
28.0	-50.0	-14.0
-26.0	-50.0	-12.0
20.0	-50.0	-6.0
16.0	-44.0	-2.0
20.0	-44.0	-8.0
20.0	-44.0	-8.0
20.0	-44.0	-8.0
18.0	-46.0	-12.0
18.0	-46.0	-12.0
18.0	-46.0	-12.0
16.0	-48.0	-8.0
16.0	-48.0	-8.0
16.0	-48.0	-8.0
-20.0	-48.0	-6.0
-18.0	-44.0	-10.0
-18.0	-44.0	-10.0
-20.0	-50.0	-10.0
-20.0	-50.0	-10.0
-20.0	-50.0	-10.0
22.0	-40.0	-8.0
22.0	-40.0	-8.0
-18.0	-44.0	-10.0
18.0	-42.0	-4.0
18.0	-42.0	-4.0
18.0	-42.0	-4.0
8.0	22.0	34.0
10.0	18.0	30.0
-4.0	2.0	50.0
10.0	18.0	30.0
2.0	6.0	44.0
2.0	6.0	44.0
2.0	6.0	44.0
-6.0	2.0	42.0
-6.0	2.0	42.0
-6.0	2.0	42.0
-4.0	2.0	50.0
28.0	-52.0	-10.0
-4.0	2.0	50.0
18.0	-32.0	-4.0
22.0	56.0	32.0
-40.0	14.0	54.0
50.0	32.0	30.0
-28.0	22.0	-22.0
-45.0	15.0	-8.0
52.0	20.0	-10.0
62.0	12.0	14.0
-26.0	56.0	28.0
-42.0	52.0	4.0
38.0	58.0	2.0
46.0	38.0	24.0
44.0	48.0	18.0
34.0	54.0	-4.0
20.0	-50.0	-6.0
20.0	-26.0	-10.0
-20.0	-30.0	-6.0
52.0	10.0	38.0
22.0	-40.0	-8.0
-36.0	-36.0	-24.0
-24.0	-48.0	-14.0
36.0	-50.0	-16.0
32.0	-52.0	-14.0
-18.0	-48.0	-10.0
42.0	2.0	42.0
-16.0	-48.0	-10.0
52.0	22.0	34.0
-26.0	20.0	-14.0
-50.0	10.0	-12.0
-56.0	12.0	-2.0
54.0	15.0	-12.0
52.0	16.0	-10.0
26.0	20.0	-16.0

// Bergmann HC, 2015: PMID 26388758-1
// Subjects=20
-3.0	54.0	-3.0
-6.0	63.0	9.0
-3.0	-54.0	33.0
-9.0	-36.0	30.0
-9.0	-27.0	42.0
42.0	-24.0	66.0
-60.0	-57.0	-3.0
-51.0	-15.0	-18.0
-6.0	42.0	-9.0
-51.0	-75.0	3.0
-57.0	-51.0	-9.0
48.0	-18.0	60.0
-60.0	-21.0	-18.0
-30.0	45.0	33.0
-21.0	-3.0	-27.0
15.0	-51.0	36.0
0.0	48.0	-18.0
-27.0	-24.0	-15.0
-9.0	-45.0	30.0
3.0	-48.0	39.0
-60.0	-21.0	-15.0
-45.0	-21.0	-9.0
-36.0	27.0	33.0
-21.0	39.0	36.0
-60.0	-42.0	-6.0
-6.0	39.0	-6.0
-3.0	54.0	-3.0
12.0	60.0	0.0
-9.0	60.0	15.0
-30.0	45.0	30.0
-15.0	60.0	24.0
-57.0	-42.0	51.0

// Hampstead BM, 2016: PMID 26458520-1
// Subjects=20
-44.6	5.4	27.2
-10.2	-27.4	40.7
-49.1	31.0	15.1
-40.6	42.6	11.8
-24.1	1.2	54.1
-5.3	60.4	18.8
-33.1	19.5	1.4
-3.9	13.6	47.2
-42.6	22.1	22.4
-10.5	25.0	29.6
-10.6	-17.6	2.0
-20.3	6.0	-8.8
-11.6	-11.9	7.1
-49.4	11.7	-29.0
-64.1	-18.9	-9.6
-26.8	-10.7	-17.4
-29.9	-22.9	-9.6
-21.2	-41.7	-5.9
-39.4	-58.6	-16.5
-17.0	7.5	10.0
-1.3	44.0	-14.4
-8.3	-53.0	11.6
10.8	-17.1	6.2
-36.9	-42.2	44.5
33.1	21.1	2.7
45.1	7.2	28.3
29.8	32.7	-11.6
-33.3	31.3	-10.8
7.8	14.7	45.9
7.7	25.1	29.4
33.1	45.3	12.9
18.3	4.6	11.0
27.2	0.5	53.6
20.3	6.2	-9.3
43.9	24.5	19.0
23.5	-9.2	-16.9
29.9	-22.9	-14.8
24.6	-35.5	-12.5
39.6	-57.1	-17.6
8.8	-52.9	11.4
-16.4	-65.8	54.1
36.8	-43.9	42.7
21.0	-65.6	52.5
10.8	-11.9	4.6
10.0	-26.5	36.0

// Zeidman P, 2015: PMID 26478961-1
// Subjects=20
-49.0	-49.0	-19.0
-46.0	-65.0	-5.0
53.0	-5.0	-22.0
2.0	48.0	-12.0
-58.0	-13.0	-15.0
-21.0	-23.0	-18.0
-25.0	-29.0	-25.0
-21.0	-38.0	-14.0
-10.0	-46.0	1.0
23.0	-21.0	-18.0
-21.0	-20.0	-20.0
41.0	-84.0	0.0
55.0	-57.0	-18.0
12.0	-60.0	-9.0
-28.0	-43.0	-7.0
22.0	-15.0	-25.0
22.0	-37.0	-14.0
34.0	-37.0	-13.0
33.0	-37.0	-11.0
12.0	-49.0	5.0
-21.0	-40.0	-13.0
23.0	-21.0	-18.0
33.0	-37.0	-13.0
-14.0	-51.0	5.0
-50.0	-4.0	-20.0
-49.0	-5.0	-18.0
0.0	50.0	-10.0
-21.0	-40.0	-13.0
-14.0	-51.0	5.0
-50.0	-5.0	-18.0
17.0	-46.0	1.0
-28.0	-38.0	-13.0
9.0	-48.0	3.0
-60.0	-2.0	-20.0
-14.0	-51.0	5.0
5.0	47.0	-12.0
30.0	-38.0	-11.0
9.0	-48.0	3.0
-19.0	-38.0	-16.0
-61.0	2.0	-22.0
-10.0	-49.0	1.0
23.0	-19.0	-15.0
-28.0	-27.0	-11.0
-19.0	-20.0	-20.0
20.0	-26.0	-16.0
34.0	-35.0	-13.0
34.0	-18.0	-15.0
61.0	-19.0	-9.0
-65.0	-4.0	-18.0
57.0	-4.0	-37.0
44.0	4.0	-37.0
42.0	-1.0	-44.0
53.0	7.0	-25.0
9.0	-46.0	5.0
19.0	-15.0	-13.0
34.0	-26.0	-11.0
24.0	-5.0	-15.0
0.0	-68.0	-21.0

// Wu CY, 2016: PMID 26497266-1
// Subjects=20
-39.0	-1.0	46.0
-18.0	-94.0	6.0
9.0	14.0	-2.0
-24.0	26.0	46.0
-36.0	20.0	2.0
-57.0	14.0	18.0
-27.0	56.0	2.0
-9.0	44.0	22.0
39.0	-13.0	-6.0
-12.0	17.0	-2.0
-51.0	-1.0	-10.0
-57.0	-16.0	-2.0
-12.0	-1.0	46.0
21.0	-88.0	30.0
30.0	-70.0	22.0
-30.0	23.0	-2.0
-39.0	38.0	6.0
-42.0	20.0	-10.0
-21.0	-22.0	-18.0
39.0	-19.0	54.0
51.0	-1.0	-14.0

// Weisholtz DS, 2015: PMID 26575986-1
// Subjects=20
-30.0	63.0	12.0
-12.0	-6.0	-27.0
-9.0	72.0	30.0
42.0	-78.0	-21.0
63.0	-3.0	-27.0
-21.0	-24.0	-15.0
-3.0	-30.0	-6.0
-18.0	0.0	-18.0
15.0	-69.0	30.0
-54.0	33.0	-9.0
-66.0	6.0	15.0
33.0	39.0	36.0
-6.0	-69.0	18.0
18.0	-69.0	33.0
42.0	12.0	6.0
66.0	15.0	12.0
-69.0	-27.0	0.0
-48.0	-69.0	-18.0
63.0	21.0	27.0
-48.0	-3.0	39.0
-39.0	48.0	-15.0
-9.0	-21.0	9.0
-33.0	-81.0	-21.0
-42.0	-54.0	-42.0
-48.0	-42.0	9.0
-45.0	-30.0	27.0
24.0	-21.0	3.0
-21.0	-9.0	-36.0
-6.0	-90.0	-21.0
3.0	-51.0	-42.0
39.0	12.0	-9.0
51.0	18.0	36.0
48.0	-21.0	-3.0
42.0	-78.0	-12.0
-54.0	-72.0	9.0
-30.0	-78.0	27.0
-63.0	3.0	0.0
27.0	69.0	0.0
-42.0	36.0	27.0
-36.0	-54.0	12.0
-12.0	-78.0	-12.0
-12.0	51.0	42.0
24.0	3.0	-18.0
-21.0	0.0	-15.0
-57.0	-66.0	39.0
-60.0	-3.0	-33.0
-42.0	-18.0	-18.0
-30.0	-42.0	-45.0
18.0	3.0	-15.0
9.0	57.0	42.0
12.0	-81.0	3.0
-57.0	21.0	42.0
-18.0	-15.0	-15.0
-18.0	-3.0	-18.0
-21.0	-21.0	-15.0
-24.0	3.0	-18.0
-18.0	-9.0	-18.0
-24.0	9.0	-15.0
-27.0	6.0	-18.0
30.0	-75.0	33.0
66.0	-6.0	-30.0
30.0	12.0	-12.0
-3.0	-12.0	27.0
-63.0	-15.0	15.0
30.0	51.0	-12.0
-63.0	3.0	0.0
33.0	9.0	-15.0
-9.0	-90.0	0.0
-33.0	-90.0	-36.0
-6.0	-84.0	42.0
-9.0	-84.0	39.0
-36.0	-51.0	-18.0
63.0	-3.0	-30.0
-60.0	33.0	18.0
21.0	60.0	-12.0
24.0	15.0	-12.0
57.0	-21.0	12.0
-30.0	60.0	15.0
-30.0	63.0	12.0
69.0	-30.0	0.0
60.0	-51.0	18.0
-60.0	-18.0	15.0
-21.0	-27.0	-18.0
30.0	54.0	-9.0

// Demblon J, 2016: PMID 26658926-1
// Subjects=20
-18.0	-18.0	18.0
-34.0	-24.0	-16.0
-62.0	-50.0	34.0
42.0	-46.0	30.0
34.0	0.0	-40.0
-44.0	-24.0	36.0
-54.0	-12.0	36.0
46.0	12.0	44.0
-56.0	10.0	28.0
40.0	52.0	12.0
-34.0	22.0	28.0
8.0	-70.0	14.0
-18.0	10.0	12.0
14.0	4.0	66.0
10.0	36.0	24.0
-40.0	2.0	-16.0
-12.0	-26.0	76.0
-28.0	-66.0	28.0
-20.0	38.0	-12.0
0.0	30.0	-6.0
-16.0	-42.0	-42.0
-22.0	54.0	16.0
-6.0	54.0	16.0
20.0	-18.0	-2.0
-32.0	10.0	-22.0
-50.0	-60.0	-8.0
-48.0	-48.0	2.0
-44.0	-46.0	24.0
48.0	-10.0	16.0
-22.0	-70.0	-4.0
2.0	44.0	16.0
48.0	12.0	30.0
36.0	54.0	-2.0
12.0	-72.0	-48.0
18.0	-2.0	50.0
14.0	14.0	52.0
-42.0	36.0	-10.0
-6.0	-66.0	-28.0
40.0	-66.0	-42.0
-22.0	-38.0	-10.0
-16.0	-76.0	-8.0
8.0	-78.0	20.0
-24.0	-36.0	-20.0
6.0	-46.0	2.0
-24.0	-10.0	10.0
18.0	28.0	2.0
38.0	-36.0	50.0
62.0	-36.0	40.0
52.0	24.0	-4.0
18.0	-18.0	12.0
-28.0	58.0	-6.0
2.0	30.0	-14.0
14.0	54.0	10.0
-6.0	44.0	0.0
-4.0	30.0	56.0
10.0	-62.0	60.0
-6.0	12.0	12.0
4.0	26.0	16.0
38.0	26.0	6.0
-50.0	28.0	8.0
-36.0	14.0	46.0
-16.0	18.0	68.0
-2.0	-2.0	34.0
56.0	24.0	16.0
-12.0	0.0	-4.0
-26.0	-22.0	62.0
8.0	-50.0	38.0
66.0	-12.0	18.0
2.0	-94.0	8.0
-48.0	-20.0	-12.0
-60.0	-60.0	8.0
46.0	-30.0	-4.0
-64.0	-52.0	22.0
62.0	-8.0	-2.0
-48.0	-4.0	-2.0
38.0	-24.0	22.0
46.0	-66.0	28.0
-54.0	2.0	-18.0
-8.0	-22.0	18.0
-28.0	-28.0	-22.0
-18.0	-44.0	-4.0
-8.0	-56.0	14.0
12.0	12.0	0.0
-6.0	-86.0	20.0
28.0	54.0	12.0
0.0	32.0	56.0
-26.0	-28.0	-8.0
-50.0	-56.0	-36.0
0.0	-44.0	-10.0
-24.0	28.0	-8.0
-14.0	60.0	2.0
12.0	28.0	34.0
-26.0	50.0	-2.0
-58.0	16.0	26.0
-48.0	20.0	-2.0
60.0	26.0	12.0
18.0	-58.0	22.0
-22.0	24.0	48.0
-42.0	12.0	48.0
46.0	12.0	30.0
-4.0	-98.0	-6.0
48.0	4.0	12.0
-20.0	-38.0	58.0
44.0	6.0	16.0
-48.0	-2.0	18.0
-32.0	-16.0	62.0
20.0	-20.0	58.0
-6.0	-38.0	68.0
-10.0	12.0	40.0
12.0	-2.0	40.0
-38.0	-28.0	46.0
0.0	16.0	26.0
-64.0	-46.0	-4.0
48.0	-22.0	-10.0
-40.0	-50.0	44.0
-50.0	-32.0	46.0
46.0	-50.0	-10.0
-56.0	-20.0	-24.0
54.0	-58.0	28.0
-44.0	-66.0	-8.0
-10.0	-46.0	0.0
-26.0	2.0	-16.0
8.0	-78.0	-38.0
26.0	-82.0	-30.0
-34.0	-96.0	-4.0
-22.0	-82.0	22.0
28.0	-94.0	-12.0
36.0	-40.0	-32.0
-26.0	-70.0	-24.0
-26.0	-72.0	-12.0
8.0	-68.0	-10.0
-6.0	-86.0	22.0
-8.0	-58.0	28.0
42.0	-74.0	-14.0
-8.0	-74.0	36.0

// Brehmer Y, 2016: PMID 26673112-1
// Subjects=20
64.0	-36.0	-20.0
-44.0	44.0	-6.0
-60.0	-42.0	-6.0
-6.0	-88.0	18.0
-2.0	18.0	44.0
-18.0	-86.0	18.0
-44.0	16.0	8.0
-44.0	16.0	26.0
-26.0	-34.0	-8.0
-18.0	-80.0	42.0

// Bonhage C, 2016: PMID 26673113-1
// Subjects=20
-6.0	59.0	16.0
-24.0	-28.0	-11.0
0.0	35.0	25.0
-3.0	26.0	34.0
33.0	26.0	-11.0
-33.0	20.0	-2.0
-24.0	56.0	1.0
9.0	44.0	16.0
-51.0	2.0	-32.0
39.0	29.0	-14.0
33.0	23.0	-5.0
21.0	23.0	43.0
9.0	20.0	37.0
9.0	8.0	25.0
6.0	56.0	10.0
54.0	-55.0	28.0
-45.0	11.0	-29.0
-27.0	53.0	13.0
0.0	-34.0	67.0
-36.0	-25.0	-11.0
3.0	-49.0	10.0
12.0	-58.0	22.0
51.0	-64.0	22.0
-36.0	8.0	-29.0
-51.0	5.0	-26.0
-45.0	-1.0	-32.0
-33.0	-13.0	13.0
-24.0	-25.0	-11.0
-42.0	-22.0	22.0
27.0	-34.0	-20.0
-12.0	-34.0	-8.0
24.0	-19.0	-20.0
51.0	-67.0	22.0
24.0	-34.0	-20.0
9.0	-49.0	7.0
-36.0	-55.0	-8.0
-30.0	-19.0	-26.0
18.0	-52.0	10.0

// Bonner MF, 2016: PMID 26679216-1
// Subjects=20
-31.0	12.0	32.0
-32.0	-40.0	-24.0
-30.0	-36.0	-12.0
-4.0	42.0	52.0
-34.0	28.0	-12.0
0.0	16.0	56.0
-50.0	20.0	-12.0
-38.0	-90.0	-2.0
10.0	-80.0	-26.0
48.0	-1.0	-22.0
-17.0	41.0	11.0
54.0	-44.0	-13.0
-57.0	-57.0	-6.0
-15.0	15.0	35.0
-28.0	-32.0	-7.0
-29.0	-5.0	-34.0
-4.0	-20.0	10.0
30.0	26.0	-10.0

// Han DH, 2016: PMID 26802508-1
// Subjects=20
-9.0	-16.0	8.0
-21.0	-28.0	-1.0
33.0	53.0	14.0
45.0	47.0	-10.0
36.0	56.0	-4.0
-45.0	8.0	35.0
36.0	23.0	-1.0
42.0	26.0	29.0
-36.0	2.0	41.0
36.0	-76.0	-13.0
39.0	2.0	50.0
-6.0	14.0	50.0
12.0	-10.0	5.0
51.0	-37.0	5.0
54.0	-31.0	-4.0
45.0	-52.0	47.0
-27.0	23.0	-4.0
-15.0	2.0	5.0
-39.0	2.0	41.0
-45.0	11.0	38.0
-30.0	-52.0	38.0
-42.0	-58.0	-13.0
18.0	2.0	14.0
24.0	-28.0	-1.0
-33.0	-61.0	50.0
-39.0	-67.0	-16.0
-3.0	-28.0	26.0
-30.0	-61.0	47.0
-21.0	-37.0	-4.0
45.0	32.0	29.0
39.0	2.0	50.0
21.0	-67.0	62.0
18.0	-73.0	56.0
30.0	-58.0	44.0
-27.0	-61.0	44.0
0.0	-28.0	26.0
-12.0	-97.0	-1.0
-6.0	-85.0	-10.0
12.0	5.0	11.0
-15.0	-1.0	8.0
24.0	-25.0	-1.0
6.0	-85.0	-4.0
-9.0	14.0	56.0
-6.0	23.0	35.0
-21.0	-28.0	-1.0
39.0	-37.0	-16.0
36.0	23.0	-1.0
-42.0	2.0	29.0
-9.0	-10.0	5.0
0.0	-64.0	41.0
36.0	-58.0	-10.0
-45.0	11.0	-10.0
-24.0	-49.0	-1.0
33.0	-55.0	-4.0
-18.0	-43.0	2.0
-6.0	23.0	35.0
-15.0	-70.0	41.0
0.0	-10.0	-10.0
-39.0	-37.0	-4.0

// Lissek S, 2016: PMID 26807840-1
// Subjects=20
52.0	22.0	-2.0
-20.0	-40.0	6.0
58.0	20.0	14.0
52.0	40.0	14.0
-44.0	38.0	18.0
-48.0	12.0	22.0
46.0	20.0	4.0
-38.0	-18.0	-2.0
-36.0	24.0	-22.0
-24.0	18.0	-16.0
4.0	14.0	40.0
4.0	24.0	26.0
38.0	26.0	0.0
38.0	26.0	-6.0
22.0	-24.0	-12.0
-24.0	20.0	-16.0
-52.0	22.0	-10.0
22.0	-24.0	-12.0
-44.0	4.0	4.0
22.0	-30.0	4.0
-24.0	-24.0	-8.0
14.0	-32.0	-4.0
-14.0	-48.0	-4.0
22.0	-34.0	-8.0
-28.0	-44.0	-18.0
26.0	2.0	-18.0
-16.0	-30.0	-6.0
-22.0	-32.0	8.0
-22.0	-30.0	8.0
20.0	-32.0	-4.0
14.0	-38.0	10.0
-18.0	-28.0	-10.0
-18.0	-40.0	8.0
26.0	-32.0	-4.0
32.0	-20.0	-10.0
20.0	-30.0	-4.0
-28.0	52.0	24.0
24.0	-18.0	-12.0
-18.0	-32.0	-4.0
26.0	-30.0	-4.0
26.0	-30.0	-4.0
40.0	-32.0	-12.0
-16.0	-30.0	-8.0
40.0	-32.0	-12.0
-26.0	-32.0	-2.0
-18.0	-32.0	-4.0
-18.0	-32.0	-4.0
-32.0	-40.0	-2.0
-32.0	-40.0	-2.0
-32.0	-40.0	-2.0
34.0	-18.0	-12.0
-18.0	-24.0	-10.0
-22.0	-28.0	-6.0
-22.0	-28.0	-6.0
-16.0	-30.0	-8.0
40.0	-32.0	-12.0
26.0	-30.0	-4.0
24.0	-18.0	-12.0
36.0	-28.0	-6.0
-30.0	-14.0	-12.0
-30.0	-14.0	-12.0
-30.0	-14.0	-12.0
-16.0	-30.0	-8.0
-32.0	-40.0	-2.0
24.0	-18.0	-12.0
-32.0	-40.0	-2.0
-32.0	-40.0	-2.0
34.0	-4.0	-24.0
-28.0	-32.0	-8.0
-28.0	-32.0	-8.0
-28.0	-32.0	-8.0
-22.0	-28.0	-6.0

// Buse J, 2016: PMID 26900566-1
// Subjects=20
54.0	-16.0	10.0
-2.0	-60.0	48.0
4.0	-64.0	54.0
-46.0	-34.0	10.0
64.0	-24.0	10.0
4.0	-48.0	44.0
52.0	-10.0	4.0
-46.0	0.0	46.0
12.0	-74.0	2.0
50.0	22.0	26.0
-44.0	10.0	30.0
32.0	24.0	4.0
12.0	10.0	50.0
-12.0	6.0	52.0
-48.0	-2.0	-2.0
-12.0	-88.0	2.0
-54.0	-64.0	18.0
58.0	2.0	-6.0
42.0	-80.0	10.0
26.0	28.0	46.0
-22.0	20.0	52.0
-20.0	-30.0	2.0
48.0	-46.0	-20.0
50.0	14.0	-4.0
-32.0	2.0	52.0
-36.0	-50.0	-16.0
28.0	-4.0	50.0
50.0	22.0	26.0
-22.0	-34.0	-4.0
6.0	-52.0	34.0
-26.0	-36.0	-4.0
-44.0	12.0	30.0
-40.0	2.0	32.0
12.0	-74.0	2.0

// Ng HB, 2016: PMID 26930173-1
// Subjects=20
-49.0	2.0	28.0
-41.0	6.0	30.0
-11.0	-91.0	0.0
21.0	-92.0	-4.0
-19.0	-4.0	14.0
17.0	0.0	18.0
-23.0	-64.0	46.0
-33.0	24.0	2.0
9.0	24.0	32.0
25.0	-28.0	-6.0
31.0	22.0	4.0
-51.0	0.0	46.0
-27.0	-36.0	-4.0
33.0	-58.0	46.0
-33.0	-52.0	-22.0
-25.0	-88.0	10.0
37.0	-46.0	-22.0
-7.0	16.0	44.0
-3.0	12.0	50.0
-1.0	16.0	46.0
9.0	20.0	38.0
37.0	22.0	-6.0
-33.0	18.0	-4.0
53.0	16.0	38.0
49.0	10.0	28.0
53.0	38.0	24.0
-27.0	-36.0	2.0
37.0	2.0	64.0
33.0	-2.0	50.0
11.0	-78.0	50.0
-35.0	-4.0	62.0
-31.0	-6.0	54.0
21.0	-63.0	-26.0
25.0	-70.0	-51.0
-35.0	-59.0	-23.0
28.0	-70.0	-19.0
0.0	-56.0	-33.0
-25.0	-73.0	-51.0
25.0	-73.0	-51.0
-45.0	6.0	32.0
23.0	-30.0	-2.0
11.0	-73.0	-23.0

// Pidgeon LM, 2016: PMID 27018483-1
// Subjects=20
51.0	-49.0	28.0
-55.0	4.0	17.0
48.0	8.0	25.0
-31.0	-86.0	9.0
-40.0	-53.0	-10.0
-52.0	6.0	34.0
36.0	-16.0	-24.0
40.0	-32.0	15.0
-33.0	-49.0	-23.0
18.0	2.0	31.0
48.0	8.0	25.0
39.0	-61.0	-8.0
-48.0	29.0	10.0
-38.0	-52.0	-24.0
-37.0	2.0	31.0
30.0	-34.0	-2.0
-48.0	32.0	10.0
-48.0	-55.0	34.0
48.0	8.0	25.0
12.0	-67.0	31.0
-30.0	-13.0	-23.0
-27.0	-25.0	-11.0
-39.0	8.0	25.0
-24.0	59.0	4.0
-30.0	-10.0	-26.0
39.0	-61.0	-8.0
-42.0	-79.0	16.0
-48.0	-55.0	34.0
51.0	-49.0	28.0
-6.0	-37.0	10.0
12.0	-67.0	31.0
51.0	-52.0	25.0
48.0	8.0	25.0
-42.0	-79.0	16.0
-42.0	-79.0	16.0
39.0	-61.0	-8.0
48.0	8.0	25.0
36.0	-73.0	8.0
51.0	-49.0	28.0
51.0	-49.0	28.0
51.0	-52.0	25.0
51.0	-52.0	25.0
-48.0	-55.0	34.0
-48.0	-55.0	34.0
12.0	-67.0	31.0
-36.0	35.0	-5.0
-6.0	-37.0	10.0
-6.0	-37.0	10.0
-37.0	2.0	31.0
-37.0	2.0	31.0
46.0	-59.0	-11.0
-24.0	-85.0	0.0
12.0	-67.0	31.0
-42.0	-79.0	16.0
21.0	-57.0	42.0
37.0	-83.0	9.0
-31.0	-86.0	9.0
-31.0	-86.0	9.0
30.0	-52.0	28.0
-24.0	-88.0	3.0
-45.0	12.0	20.0
46.0	-59.0	-11.0
-39.0	-32.0	27.0
-45.0	11.0	22.0
45.0	8.0	25.0
-27.0	-88.0	-2.0
0.0	-88.0	-2.0
-9.0	-40.0	36.0
37.0	-83.0	9.0

// Cohn M, 2016: PMID 27133526-1
// Subjects=20
-20.0	-32.0	-2.0
-26.0	-10.0	-18.0
30.0	-32.0	-12.0
26.0	-12.0	-22.0
-24.0	-10.0	-12.0
18.0	-10.0	-22.0
26.0	-36.0	-4.0
-30.0	-38.0	-4.0
-34.0	-12.0	-24.0
-36.0	-28.0	-6.0
-26.0	-42.0	2.0
-32.0	-12.0	-24.0
-32.0	-12.0	-24.0
-18.0	-30.0	-4.0
28.0	-32.0	-10.0
32.0	-18.0	-22.0
34.0	-18.0	-16.0

// Kinner VL, 2016: PMID 27170428-1
// Subjects=20
-18.0	0.0	-6.0
-12.0	6.0	-8.0
-20.0	14.0	2.0
16.0	18.0	-2.0
-8.0	8.0	50.0
32.0	30.0	0.0
-32.0	28.0	-4.0
8.0	12.0	42.0
2.0	6.0	58.0
-2.0	-2.0	42.0
2.0	46.0	-14.0
-2.0	-48.0	70.0
32.0	26.0	10.0
-22.0	14.0	2.0
18.0	4.0	4.0
-20.0	0.0	4.0
16.0	18.0	-2.0
-14.0	14.0	2.0
-28.0	-14.0	-30.0
12.0	18.0	-4.0
26.0	0.0	-12.0
-20.0	-2.0	-14.0
24.0	8.0	6.0
-8.0	10.0	44.0
8.0	12.0	42.0
2.0	6.0	58.0
-16.0	16.0	2.0
-14.0	14.0	-6.0
34.0	30.0	2.0
-30.0	30.0	-2.0
14.0	18.0	-6.0
-18.0	-10.0	-30.0
24.0	-30.0	-8.0
-16.0	-6.0	-4.0
28.0	-6.0	-22.0
2.0	2.0	52.0
-42.0	-14.0	48.0
-22.0	2.0	68.0
-20.0	-2.0	-14.0
22.0	0.0	-14.0
2.0	4.0	46.0
-14.0	16.0	-6.0
-16.0	16.0	-4.0
26.0	10.0	2.0
-22.0	-8.0	4.0
10.0	6.0	8.0
8.0	44.0	-16.0
-32.0	-36.0	-8.0
22.0	-4.0	-28.0
-20.0	-12.0	-32.0
30.0	-32.0	-8.0
30.0	-18.0	-32.0
40.0	26.0	-2.0
-36.0	30.0	6.0
22.0	18.0	-4.0
-18.0	18.0	-6.0
20.0	4.0	2.0
-28.0	-14.0	-22.0

// Tune S, 2016: PMID 27177762-1
// Subjects=20
19.2	60.3	16.3
-28.9	25.3	-5.9
70.6	-21.6	-2.0
30.2	20.9	41.8
51.8	-56.6	42.5
36.2	5.3	-22.8
63.5	-26.1	36.4
-2.9	-12.9	33.9
-22.3	-38.0	0.5
-49.1	-46.1	-19.7
-52.3	-14.8	0.0
-63.8	-30.8	28.2
-55.7	0.4	-22.4
68.6	-48.3	-3.0
34.1	30.5	-12.6
3.3	-5.4	6.4
55.4	36.3	-8.9
20.2	-4.1	-19.6
-5.8	-82.9	37.5
-61.5	-31.8	42.8
68.4	-33.5	-17.7
-6.5	43.8	-3.2
-50.7	-42.9	50.3
30.2	20.9	41.8
51.4	31.5	26.2
13.2	-54.7	14.9
-0.9	-7.3	9.9

// Wagner G, 2016: PMID 27182810-1
// Subjects=20
10.0	4.0	16.0
-10.0	2.0	16.0
-60.0	-34.0	12.0
-4.0	62.0	20.0
30.0	32.0	-16.0
46.0	30.0	-12.0
-4.0	36.0	-18.0
-2.0	56.0	40.0
4.0	-46.0	28.0
4.0	4.0	-10.0
-2.0	46.0	12.0
-4.0	54.0	-8.0
0.0	-20.0	-28.0
-46.0	22.0	-2.0
-2.0	58.0	-4.0
-2.0	-54.0	52.0
-8.0	-62.0	-36.0
20.0	-86.0	-36.0
-32.0	4.0	6.0
-44.0	28.0	-4.0
-20.0	-16.0	-16.0
-6.0	52.0	12.0
-22.0	-26.0	-18.0
2.0	10.0	-10.0
-10.0	-36.0	2.0
-10.0	-36.0	2.0
40.0	16.0	-30.0
-38.0	4.0	-20.0
-24.0	-22.0	-14.0
20.0	-14.0	-16.0
14.0	-52.0	-34.0
28.0	-20.0	-16.0
-2.0	-62.0	20.0
32.0	4.0	-8.0
-4.0	36.0	-16.0
16.0	-52.0	-50.0
-10.0	-58.0	10.0
-24.0	-34.0	-16.0
-10.0	-70.0	-22.0
-12.0	-50.0	-46.0
-6.0	-18.0	-12.0
-18.0	4.0	-10.0
16.0	-84.0	8.0
-28.0	-82.0	36.0
-10.0	-36.0	2.0
-6.0	-30.0	-32.0
-38.0	16.0	26.0
2.0	-32.0	-24.0
24.0	-30.0	-14.0
-40.0	-18.0	18.0
-40.0	16.0	-24.0
-8.0	-48.0	12.0
24.0	30.0	42.0
-24.0	-4.0	0.0
2.0	-24.0	-8.0
2.0	-58.0	-42.0
-2.0	10.0	-12.0
-6.0	54.0	-10.0
-50.0	-10.0	-12.0
-60.0	-22.0	-12.0
54.0	-8.0	-14.0
48.0	-66.0	20.0
-42.0	-76.0	26.0
2.0	-50.0	56.0
30.0	6.0	-28.0
-34.0	-78.0	28.0
10.0	-56.0	12.0

// Huntgeburth SC, 2016: PMID 27206426-1
// Subjects=20
30.0	-20.0	-18.0
27.0	-28.0	-15.0
-30.0	-20.0	-18.0
31.0	-17.0	-20.0
-26.0	-48.0	-9.0
33.0	-6.0	-30.0
-30.0	-35.0	-9.0
24.0	-32.0	-11.0
-26.0	-30.0	-14.0
20.0	-39.0	-5.0
-25.0	-39.0	-11.0
25.0	-35.0	-8.0
18.0	-39.0	-6.0
-26.0	-41.0	-6.0
-28.0	-39.0	-6.0
-12.0	-42.0	-2.0
21.0	-35.0	-11.0
-24.0	-41.0	-4.0
26.0	-39.0	-12.0
-25.0	-30.0	-12.0
-31.0	-17.0	-19.0
15.0	-67.0	-5.0
-28.0	-46.0	-5.0
-27.0	-54.0	-5.0
29.0	-43.0	-11.0
-22.0	-37.0	-9.0
-22.0	-40.0	-8.0
21.0	-35.0	-8.0
-28.0	-47.0	-10.0
-22.0	-42.0	-4.0
24.0	-40.0	-4.0
20.0	-36.0	-8.0
-25.0	-48.0	-9.0
32.0	-44.0	-5.0
-25.0	-71.0	-15.0
25.0	-70.0	-12.0
27.0	-36.0	-9.0
27.0	-47.0	-9.0
-12.0	-70.0	-5.0
28.0	-46.0	-10.0
31.0	-52.0	-5.0

// Gillis MM, 2016: PMID 27233825-1
// Subjects=20
27.1	-86.8	11.8
-51.9	-22.3	40.8
-33.6	-29.1	61.2
6.7	-0.4	30.5
5.8	5.4	50.1
-8.2	4.4	38.0
-38.0	-32.7	43.7
-10.0	-72.2	53.4
-42.2	-18.0	54.8
36.8	-0.6	52.4
-29.8	-58.4	-14.4
27.9	-50.5	-13.5
23.7	-86.4	-10.5
-24.4	-85.8	-12.2
20.6	-88.5	-9.2
-22.2	-90.1	-11.9
17.2	-41.7	-9.7
-48.9	-64.1	-3.7
28.2	-76.4	22.1
-34.2	-43.8	-17.8
30.0	-43.4	-18.6
-24.1	-76.9	20.5
-8.1	-4.3	49.9
56.9	-60.0	-1.9
-34.8	-3.8	59.1
49.4	-73.1	-5.2
-43.5	-85.2	-2.0
-43.6	-83.7	-9.9
-29.0	65.5	4.2
44.0	18.8	27.3
42.8	31.0	19.6
-39.4	22.5	28.0
49.4	4.3	31.8
-30.6	-89.4	11.6
-43.5	2.8	34.1
50.3	42.5	16.3
-45.7	21.6	30.3
-46.7	7.5	40.4
-35.3	50.3	15.5
1.4	18.0	47.9
-2.9	17.9	46.9
-14.5	3.0	61.6
31.5	-2.3	58.2
-27.3	-3.8	57.9
44.0	27.1	24.4
55.7	-58.3	-7.6
-5.3	-27.7	-5.0
27.8	-41.2	-17.7
9.8	28.1	26.9
-6.2	28.4	32.7
11.8	11.3	2.7
-15.1	-9.1	-25.4
31.0	3.5	-3.6
-20.3	6.5	-2.1
10.8	-17.0	7.3
8.7	-14.9	7.1
-8.4	-15.0	8.4
-28.9	20.5	0.1
-10.5	-17.3	5.3
-14.8	-23.7	5.9
8.6	-31.9	-6.0
-30.3	-37.2	67.4
30.0	-29.2	-14.2
-23.5	-19.9	-13.3
-29.9	-25.3	-13.9
21.3	-22.5	-23.6
18.3	-27.8	4.7
-21.5	-24.1	-26.3
-7.5	14.5	3.7
34.2	22.9	-1.9
13.8	-8.6	-21.3
20.2	-10.9	-24.6
-25.6	-41.6	-18.1
37.3	-7.8	-27.3
26.8	-37.8	-14.6
-33.3	-6.6	-32.1
-25.6	-38.3	-16.2
-37.3	-66.9	-13.6
49.2	-57.2	-19.9
-51.2	-55.5	-16.7
-18.3	-10.3	-26.4
34.3	-66.4	-14.5
15.1	-43.6	-6.2
5.7	-34.9	24.4
-5.0	-36.0	24.7
8.8	-50.0	7.8
-6.1	-48.9	9.0
-59.6	-12.4	18.8
-58.3	-20.6	49.6
16.7	-69.5	57.3
-52.0	5.2	38.5
-13.8	-45.0	-7.9
-11.2	-34.2	49.1
-27.3	-3.8	57.9
31.5	-2.3	58.2
-35.8	-55.9	45.6
-42.3	-37.4	37.5
-35.8	-55.9	45.6
-25.1	-69.0	41.0
-45.5	-41.8	35.7
32.7	-75.8	43.2
-38.9	-68.6	46.7
8.1	-69.0	50.7
-6.9	-72.6	46.7
18.3	-69.9	-16.3
24.1	-70.8	40.6
16.5	-97.3	15.1
-52.2	-63.0	-3.8
30.3	-85.5	15.0
-27.4	-85.8	15.7
25.9	-91.8	-11.2
-14.7	-93.1	-10.6
5.6	-81.7	-2.9
-40.3	0.7	34.3
34.4	-85.3	-10.7
-17.7	-96.4	15.4
58.9	-57.2	-7.8
34.1	23.8	-3.1
-37.2	-86.0	-13.2
-11.6	-70.9	-12.5
22.2	47.4	-13.9
-40.3	2.7	33.0
47.3	4.2	30.7
-10.4	-95.2	-10.5
-25.6	-58.0	-23.4
21.4	-57.9	-26.2
32.0	62.8	5.9
1.0	-20.8	-26.9
40.7	42.2	27.6
-8.2	-91.3	-1.9
14.4	2.8	56.9
1.4	18.9	46.7
-1.8	17.9	48.0
18.4	-91.8	-10.0
31.5	-3.4	58.3
-27.3	-3.8	57.9
35.7	-0.5	53.6
-52.0	6.2	38.4
36.9	-47.1	43.0
42.9	29.3	25.3
-45.7	21.7	31.4
-17.1	6.5	-2.2
38.8	0.2	34.5
-33.7	-2.7	59.0
-15.9	8.5	9.9
22.4	6.8	-2.7
16.7	-69.5	57.3
-14.2	-67.4	59.7
-55.0	-46.5	45.1
36.8	-44.1	40.5
30.5	-61.8	45.4
26.2	-70.8	39.5
-42.3	-38.4	38.7
-30.4	-65.7	41.9
10.2	-68.1	48.4
-10.1	-69.5	46.5
47.3	4.2	30.7
-40.3	3.8	34.0
46.1	28.4	27.6
-45.8	24.7	29.0
2.5	17.9	46.8
-1.8	18.1	50.2
15.1	7.9	12.9
-14.5	3.0	61.6
-11.1	-69.5	46.5
52.9	-40.6	43.3
16.7	-69.5	57.3
-52.0	6.2	38.4
34.1	24.6	-6.5
-33.2	19.1	-3.1
11.9	4.5	9.9
-14.8	9.8	13.1
-33.2	19.2	-2.0
-19.2	6.5	-2.2
13.9	-1.7	-0.7
36.8	-0.5	53.5
-18.1	1.2	-1.7
-11.0	-67.4	59.7
20.3	11.0	-3.0
39.0	-43.8	43.8
33.7	-60.7	46.4
27.3	-69.8	39.4
-42.3	-37.4	37.5
-34.7	-54.8	45.5
-29.4	-65.9	39.7
10.2	-68.1	48.4
30.5	-61.8	45.4

// Yang H, 2016: PMID 27280965-1
// Subjects=20
39.0	15.0	3.0
-27.0	-33.0	-9.0
6.0	-51.0	27.0
48.0	-63.0	36.0
60.0	-30.0	30.0
27.0	54.0	24.0
-39.0	24.0	-3.0
-18.0	-75.0	-30.0
-3.0	36.0	45.0
3.0	60.0	9.0
-48.0	45.0	12.0
15.0	-75.0	-30.0
45.0	36.0	-12.0
-9.0	-51.0	-51.0
15.0	57.0	21.0
-51.0	-72.0	-9.0
-57.0	-15.0	6.0
60.0	-9.0	-3.0
66.0	-6.0	27.0
-45.0	-9.0	30.0
-42.0	-36.0	39.0
-66.0	-36.0	-12.0
-15.0	-36.0	78.0
3.0	0.0	45.0

// Sailer U, 2016: PMID 27338514-1
// Subjects=20
60.0	-28.0	1.0
52.0	-50.0	43.0
36.0	38.0	27.0
-38.0	50.0	5.0
24.0	-4.0	43.0
40.0	-4.0	53.0
-36.0	38.0	29.0
-30.0	22.0	33.0
58.0	-52.0	23.0
-44.0	0.0	47.0
-54.0	6.0	29.0
-4.0	-30.0	73.0
44.0	-48.0	33.0
-2.0	2.0	33.0
-50.0	-58.0	39.0
-36.0	16.0	5.0
34.0	-68.0	37.0
4.0	-48.0	59.0
-52.0	8.0	21.0
34.0	52.0	-1.0
-52.0	12.0	39.0
-14.0	-42.0	49.0
34.0	-62.0	29.0
8.0	-42.0	31.0
4.0	-42.0	23.0
-36.0	-8.0	39.0
-18.0	24.0	-7.0
-12.0	2.0	23.0
-50.0	0.0	-25.0
16.0	-42.0	73.0
-54.0	-42.0	11.0
32.0	-42.0	67.0
-56.0	-30.0	25.0
-46.0	-16.0	21.0
-44.0	-18.0	19.0
-54.0	-28.0	19.0
-58.0	6.0	25.0
-60.0	4.0	23.0
-6.0	-22.0	67.0
-60.0	10.0	19.0
56.0	6.0	25.0
26.0	36.0	-7.0
26.0	28.0	-11.0
52.0	-2.0	13.0
40.0	40.0	-1.0
42.0	36.0	-1.0
34.0	12.0	-9.0
-50.0	-14.0	21.0
-44.0	-6.0	13.0
-32.0	4.0	57.0
-48.0	-40.0	-15.0
-34.0	6.0	55.0
-30.0	-14.0	51.0
-46.0	-28.0	25.0
-26.0	-14.0	53.0
56.0	-22.0	15.0
60.0	-34.0	43.0
-36.0	38.0	15.0
-26.0	6.0	37.0
42.0	-20.0	47.0
-32.0	-72.0	-7.0
-32.0	-74.0	-1.0
-16.0	-2.0	47.0
-18.0	36.0	47.0
-14.0	34.0	49.0
-22.0	4.0	37.0
-30.0	10.0	39.0
-56.0	-2.0	-15.0
-60.0	-12.0	-11.0
-60.0	-14.0	-5.0
58.0	-8.0	9.0
18.0	-32.0	73.0
12.0	-36.0	75.0
32.0	-40.0	53.0
44.0	-20.0	51.0
46.0	-40.0	-15.0
-12.0	-22.0	27.0
-38.0	10.0	-7.0
20.0	-44.0	69.0
-58.0	-16.0	15.0
-60.0	-32.0	21.0
-56.0	-26.0	15.0
20.0	-44.0	71.0
60.0	-44.0	-1.0
54.0	-60.0	3.0
34.0	-42.0	61.0
-36.0	-10.0	59.0
44.0	16.0	5.0
-24.0	-16.0	65.0
23.0	-1.0	-24.0
25.0	-17.0	-32.0
-27.0	-21.0	-20.0
22.0	-36.0	23.0
-41.0	9.0	-16.0
52.0	2.0	37.0
40.0	-18.0	19.0
-16.0	-34.0	23.0
-23.0	-3.0	-8.0
-33.0	31.0	-8.0
-34.0	-10.0	55.0
5.0	37.0	2.0
60.0	4.0	27.0
-25.0	-17.0	-20.0
-28.0	-32.0	53.0
10.0	-54.0	19.0
-28.0	-70.0	37.0
-48.0	-22.0	13.0
2.0	38.0	33.0
-28.0	54.0	17.0
-36.0	52.0	-13.0
42.0	38.0	-3.0
40.0	42.0	17.0
46.0	-18.0	-5.0
-44.0	-42.0	55.0
-52.0	-34.0	49.0
-54.0	-22.0	43.0
6.0	-32.0	29.0
41.0	-17.0	-30.0
-48.0	-82.0	17.0
31.0	33.0	-8.0
30.0	-76.0	33.0
-46.0	-2.0	47.0
57.0	-11.0	-34.0
-54.0	-56.0	15.0
-56.0	-26.0	-1.0
12.0	-48.0	71.0
-56.0	-44.0	13.0
-64.0	-28.0	5.0
-42.0	-38.0	-15.0
-50.0	-46.0	-7.0
28.0	-42.0	67.0
44.0	-18.0	43.0
56.0	8.0	29.0
44.0	-10.0	21.0
-48.0	-22.0	13.0
-60.0	-46.0	15.0
-10.0	2.0	29.0
-10.0	34.0	23.0
40.0	-20.0	17.0
10.0	4.0	27.0
-20.0	-44.0	67.0
46.0	6.0	-25.0
32.0	14.0	-5.0
-56.0	-60.0	7.0
38.0	34.0	-7.0
2.0	-48.0	59.0
48.0	-24.0	11.0
-44.0	-28.0	9.0
18.0	-68.0	33.0
20.0	-80.0	33.0

// Raposo A, 2016: PMID 27373768-1
// Subjects=20
-4.0	-54.0	16.0
-50.0	28.0	-10.0
-8.0	52.0	36.0
-8.0	-84.0	-6.0
14.0	-96.0	16.0
50.0	16.0	-28.0
-40.0	-52.0	50.0
40.0	48.0	18.0
24.0	4.0	54.0
36.0	-74.0	-24.0
-46.0	-68.0	26.0
-20.0	26.0	-2.0
-24.0	-56.0	12.0
-44.0	28.0	-14.0
-8.0	60.0	28.0
-6.0	-96.0	-6.0
-6.0	-46.0	48.0
-42.0	-68.0	-4.0
-50.0	14.0	-24.0
-28.0	50.0	20.0
22.0	18.0	-8.0
46.0	6.0	22.0
-36.0	30.0	28.0
-28.0	6.0	48.0
50.0	-48.0	20.0
4.0	-36.0	44.0
-12.0	46.0	-4.0
32.0	34.0	-12.0
-60.0	-40.0	36.0
-8.0	-94.0	-6.0
-4.0	60.0	24.0
-52.0	12.0	-26.0
-26.0	-28.0	-14.0
28.0	-22.0	-14.0
-24.0	-58.0	12.0
20.0	-44.0	2.0
2.0	-14.0	36.0
20.0	-96.0	8.0
-46.0	24.0	0.0
12.0	-88.0	-2.0
-20.0	-92.0	10.0
-8.0	-92.0	-6.0
-52.0	-38.0	-8.0
-44.0	-66.0	26.0
44.0	-40.0	48.0
12.0	-94.0	6.0
-6.0	52.0	20.0
14.0	48.0	42.0
-48.0	20.0	-2.0
-10.0	-92.0	-4.0
10.0	52.0	-20.0
-6.0	56.0	42.0

// Moon CM, 2016: PMID 27442922-1
// Subjects=20
39.0	42.0	32.0
-54.0	2.0	39.0
-32.0	-34.0	-6.0
17.0	-91.0	32.0
-15.0	-75.0	52.0

// Jung WH, 2016: PMID 27456537-1
// Subjects=20
26.0	16.0	48.0
44.0	26.0	42.0
50.0	-44.0	46.0
-30.0	20.0	-2.0
32.0	20.0	-4.0
-2.0	20.0	50.0
-28.0	14.0	58.0
-40.0	24.0	34.0
25.0	2.0	-7.0
-32.0	58.0	2.0
32.0	58.0	8.0
18.0	-23.0	-14.0
33.0	10.0	-28.0
34.0	-26.0	-14.0
-41.0	-9.0	-29.0
-27.0	-26.0	-12.0
-27.0	6.0	-32.0
-54.0	-48.0	48.0

// Pfeifer G, 2016: PMID 27458751-1
// Subjects=20
18.0	-76.0	4.0
-42.0	-73.0	-23.0
-45.0	23.0	16.0
39.0	-79.0	-17.0
-15.0	-85.0	-23.0
36.0	-82.0	-11.0
-15.0	-70.0	1.0
0.0	-82.0	19.0
-24.0	-61.0	4.0
36.0	-13.0	-14.0
-12.0	-85.0	13.0
33.0	14.0	19.0
54.0	17.0	22.0
-33.0	44.0	16.0
24.0	-46.0	-2.0
-18.0	-37.0	1.0
-9.0	-16.0	7.0
-24.0	-79.0	4.0
-42.0	26.0	16.0
-57.0	-58.0	-11.0
12.0	47.0	16.0
-27.0	-7.0	-14.0
39.0	35.0	-8.0

// Rabin JS, 2016: PMID 27477629-1
// Subjects=20
-20.3	-23.1	-13.1
1.5	-58.6	20.9
41.5	32.6	-14.0
-56.7	17.9	-2.7
-20.3	-23.3	-15.3
-39.0	3.8	60.7
-54.3	18.6	32.9
-11.8	66.6	17.2
58.8	25.5	2.0
24.6	-20.9	-16.0
63.0	-7.8	-15.3
-63.1	-10.5	-11.4
-1.2	56.5	-4.3
-11.6	2.8	18.1
57.0	-71.8	10.2
48.4	-83.5	-2.1
9.5	-50.7	-42.3
41.8	-61.5	-19.5
14.0	-90.5	-34.6
-1.2	56.3	-6.5
-0.5	9.1	71.0
27.1	33.6	55.3
-47.6	-71.3	27.0
-67.2	-41.7	-2.0
43.7	30.5	-13.8
-56.7	17.9	-2.7
22.4	-18.8	-16.1
1.5	-58.4	23.1
-22.4	-20.8	-11.0
-20.3	-25.2	-12.9
22.4	-20.9	-16.0
-49.8	-71.3	27.0
52.8	-68.5	25.6
-11.6	2.8	18.1
24.8	-91.2	-16.8
50.5	-81.4	-2.3
41.8	-61.5	-19.5
7.4	-52.8	-42.1
-1.2	56.3	-6.5
-52.5	43.3	-4.9
-37.5	59.6	11.4
-0.5	8.9	68.8
11.9	61.8	35.2
-56.7	17.9	-2.7
43.7	30.5	-13.8
1.5	-58.6	20.9
16.3	-53.0	9.1
-20.3	-25.2	-12.9
-20.3	-23.1	-13.1
24.9	35.0	46.2
-0.5	6.8	69.0
9.5	-50.7	-42.3
-46.1	32.4	-8.5
-63.1	-10.5	-11.4
-4.9	32.0	64.7
52.7	-78.9	1.9
-11.6	2.8	18.1
18.4	-89.1	-16.9
58.8	25.5	2.0
41.8	-61.5	-19.5
-11.7	-88.7	-36.6
-3.4	64.9	-5.0
-20.1	49.6	45.5
-37.0	24.4	52.3
60.9	-7.8	-15.3
58.9	31.1	19.4
22.8	44.0	52.2
-11.7	-82.4	-37.2
-28.7	-80.9	-17.0
43.9	-52.8	-18.0
5.2	-53.2	-46.5
-20.3	-23.6	-19.7
12.5	-74.3	64.5
-2.9	-48.4	15.6
-37.6	16.7	-20.6
-26.6	-37.6	-7.3
-49.8	-71.4	24.8
-13.5	-102.9	0.3
-39.2	24.4	52.3
22.8	44.0	52.2
56.6	20.9	-2.0
-60.9	12.1	4.5
-2.9	-48.4	15.6
-20.3	-23.6	-19.7
22.4	-16.7	-16.3
-28.9	-34.4	-20.9
18.3	-30.8	-6.2
18.5	-100.6	-0.3
43.9	-50.9	-20.4
-43.2	-65.1	51.0
5.2	-53.2	-46.5
-9.5	10.2	17.5
-4.9	32.0	64.7
20.6	44.0	52.2
-41.2	3.8	60.8
44.2	16.8	56.5
-48.2	32.4	-8.5
56.6	20.9	-2.0
-60.9	12.1	4.5
-2.9	-48.4	15.6
-20.3	-23.6	-19.7
22.4	-16.7	-16.3
41.6	64.5	12.4
-52.3	-25.0	-8.1
-28.9	-34.4	-20.9
-3.4	65.1	-2.8
43.9	-50.9	-20.4
-30.8	-78.8	-17.2
7.3	-51.0	-46.7
-3.3	76.7	9.6
-16.3	70.2	-18.7
-7.2	-44.0	17.6
-15.5	-68.1	37.5
-26.5	-47.8	-2.0
24.7	-41.2	-3.1
69.7	-39.9	9.6
50.8	-58.2	49.3
-28.3	-94.2	30.9
23.1	-91.3	36.8
-7.5	-4.0	-14.8
-13.9	-82.4	-37.1
-1.2	76.4	5.2
-4.9	32.3	69.1
-5.7	72.0	-23.4
39.5	66.9	16.6
-7.2	-42.1	15.2
69.6	-41.4	-10.3
50.8	-58.2	49.3
46.4	-85.8	22.7
-61.0	-61.3	-36.1
-4.9	32.3	69.1
0.9	76.6	7.3
50.9	-58.0	51.5
-51.9	-71.6	22.6
50.7	-68.2	30.1
29.2	24.5	47.1
-24.3	24.0	45.5
1.0	52.6	0.4
-39.0	-78.8	38.7
37.4	-26.8	-11.2
-24.5	-42.0	-9.2
-7.2	-48.8	11.3
-7.2	-55.0	14.0
-24.3	24.0	45.5
48.6	-70.2	32.5
-7.2	-44.0	17.6
-28.8	-35.5	-7.5
0.9	52.3	-4.0
-45.7	-82.3	-5.6
-11.6	4.4	11.3
41.8	-59.3	-19.6
-3.4	52.1	-6.2
-7.1	-57.1	14.2
-28.8	-35.5	-7.5
-49.7	-73.2	29.4
46.4	-64.7	20.9
-5.2	-58.8	-8.0
18.4	36.9	43.9
37.2	-37.8	-43.7
-26.5	34.2	40.2
-63.1	-10.5	-11.4
-54.3	15.8	24.2
-22.6	-9.7	-32.0
-24.5	-94.4	-27.1
-7.6	-70.5	-49.4
7.3	-55.8	-53.0
52.3	-65.2	-41.6
-5.6	59.7	-17.9
-34.9	15.1	41.9
-17.9	36.4	39.9
27.0	45.4	43.1
29.2	22.4	47.3
-58.9	-7.1	-22.9
-5.0	-56.5	20.8
-35.5	11.6	-31.4
-37.4	-43.4	-26.8
-18.1	-90.5	-32.0
11.8	-88.7	-39.1
9.4	-51.5	-53.4
52.3	-67.3	-41.4
48.1	-61.9	-26.2
-7.7	55.6	-15.3
-24.3	34.2	40.2
-37.1	17.2	41.8
-26.9	10.4	-20.2
-60.7	-63.3	-7.0
18.8	-98.0	32.9
-24.6	-25.9	-21.7
-46.1	29.8	-15.0
22.4	-21.4	-22.6
48.5	-73.1	21.6
28.9	-40.0	-16.7
-9.4	-45.3	2.1
-37.4	-45.4	-24.4
-17.9	-97.8	-15.7
39.5	-53.5	-26.8
9.4	-49.4	-53.6
11.8	-86.6	-39.3
-7.6	-6.4	-19.1
32.9	-31.5	-44.2
-60.9	-8.2	-9.4
16.0	15.9	-7.8
-44.6	-86.2	-0.8
-41.8	-38.3	-42.8
-16.1	74.7	12.2
-58.6	-57.0	-7.5
-48.2	-40.1	-38.1
42.3	-40.5	59.1
9.6	26.9	-2.0
16.1	-30.6	-3.9
-24.0	-41.2	55.4
41.9	14.6	27.7
1.2	48.1	25.3
39.3	-35.9	-46.1
-58.8	-12.4	-9.0

// Cottam WJ, 2016: PMID 27504262-1
// Subjects=20
-4.0	6.0	32.0
28.0	-26.0	-10.0
-42.0	0.0	12.0
-24.0	4.0	8.0
-28.0	-24.0	-12.0
38.0	-40.0	-12.0
-40.0	-2.0	2.0
-22.0	-6.0	-12.0
2.0	2.0	34.0
4.0	26.0	-6.0
-2.0	26.0	-6.0
-10.0	-32.0	6.0
18.0	-10.0	-14.0
-4.0	-34.0	-4.0
-2.0	8.0	38.0
-4.0	6.0	44.0
-24.0	-6.0	-14.0
-22.0	-16.0	-16.0
44.0	-2.0	10.0
-42.0	-2.0	12.0
-30.0	-6.0	-4.0
32.0	-6.0	-2.0
26.0	-6.0	-14.0
0.0	-20.0	-22.0
-2.0	-20.0	46.0
28.0	14.0	-14.0
-40.0	-4.0	4.0

// Huntgeburth SC, 2017: PMID 27562779-1
// Subjects=20
-30.0	-40.0	-6.0
-14.0	-42.0	-10.0
-24.0	-40.0	-12.0
29.0	-40.0	-8.0
37.0	-40.0	-10.0
32.0	-37.0	-8.0
-34.0	-44.0	-8.0
-34.0	-38.0	-8.0
26.0	-32.0	-14.0
-16.0	-46.0	-8.0
-26.0	-44.0	-4.0
-22.0	-42.0	-8.0
-22.0	-42.0	-10.0
-18.0	-40.0	-8.0
-36.0	-36.0	-12.0
-30.0	-30.0	-14.0
-30.0	-36.0	-16.0
24.0	-40.0	-10.0
22.0	-38.0	-16.0
28.0	-42.0	-14.0
18.0	-39.0	-10.0
-20.0	-38.0	-10.0
-22.0	-40.0	-12.0
-18.0	-38.0	-10.0
18.0	-40.0	-12.0
-34.0	-40.0	-6.0
-22.0	-36.0	-20.0
-24.0	-40.0	-2.0
-16.0	-56.0	-8.0
24.0	-44.0	-6.0
-38.0	-38.0	-24.0
-34.0	-28.0	-26.0
-17.0	-38.0	2.0
-32.0	-34.0	-8.0
-18.0	-28.0	-14.0
-23.0	-40.0	-20.0
-40.0	-44.0	-18.0
-29.0	-50.0	-20.0
-50.0	-28.0	-28.0
-8.0	-48.0	1.0
-15.0	-52.0	-3.0
-22.0	-56.0	-2.0
28.0	-36.0	-10.0
18.0	-22.0	-24.0
16.0	-52.0	-10.0
28.0	-24.0	-12.0
26.0	-36.0	-14.0
15.0	-32.0	-10.0
28.0	-36.0	-16.0
26.0	-50.0	-7.0
24.0	-2.0	-40.0
28.0	-46.0	-18.0
28.0	-48.0	-4.0
26.0	-32.0	-24.0
35.0	-34.0	-20.0
28.0	-52.0	-12.0
34.0	-50.0	-22.0
19.0	0.0	-28.0
42.0	-34.0	-20.0

// Takashima A, 2016: PMID 27592810-1
// Subjects=20
-16.0	-46.0	60.0
-22.0	-44.0	58.0
-24.0	-20.0	62.0
-36.0	-44.0	64.0
-32.0	-44.0	56.0
-6.0	-18.0	56.0
4.0	-24.0	68.0
-8.0	-16.0	44.0
-8.0	-4.0	64.0
-52.0	-12.0	16.0
-54.0	-2.0	10.0
-32.0	-22.0	-14.0
0.0	-20.0	64.0

// Yuan P, 2016: PMID 27601982-1
// Subjects=20
-4.0	-32.0	38.0
-12.0	-54.0	12.0
22.0	-26.0	54.0
22.0	-32.0	-6.0
6.0	-68.0	52.0
24.0	-56.0	24.0
-22.0	22.0	-4.0
16.0	-44.0	46.0
-25.0	-51.0	-39.0
-33.0	-26.0	-10.0
37.0	-25.0	-6.0
-10.0	-34.0	32.0
14.0	-68.0	52.0
-16.0	-46.0	46.0
-32.0	-64.0	54.0
-30.0	-76.0	42.0
-12.0	-18.0	18.0
14.0	6.0	54.0
-24.0	4.0	62.0
-44.0	2.0	16.0
36.0	36.0	34.0
-16.0	14.0	40.0
-44.0	-42.0	50.0
16.0	6.0	54.0
-8.0	-16.0	58.0
-32.0	-36.0	32.0
46.0	-59.0	-16.0
-38.0	-59.0	-16.0
48.0	-70.0	12.0
-48.0	-68.0	12.0
-34.0	-74.0	22.0
-3.0	-90.0	-17.0
40.0	-72.0	32.0
-20.0	-88.0	4.0
-12.0	-32.0	32.0
-26.0	-35.0	0.0
2.0	16.0	30.0
16.0	-56.0	46.0
20.0	-36.0	-1.0
-4.0	-30.0	-3.0
20.0	-14.0	20.0
31.0	-44.0	-21.0
-1.0	-63.0	-22.0
3.0	-78.0	-27.0
22.0	0.0	52.0
12.0	4.0	50.0
-42.0	-84.0	-8.0
42.0	-66.0	-16.0
-46.0	-59.0	-20.0
-30.0	-78.0	22.0
-4.0	8.0	42.0
30.0	-76.0	28.0
6.0	-64.0	52.0
-33.0	-74.0	-19.0
40.0	12.0	38.0
10.0	-54.0	38.0
-58.0	-14.0	-2.0
19.0	-93.0	-8.0
0.0	-41.0	-58.0
4.0	-50.0	-60.0
-7.0	-34.0	-43.0
20.0	-44.0	44.0
-36.0	-34.0	62.0
-32.0	-62.0	52.0
-48.0	-20.0	52.0
24.0	-26.0	54.0
-50.0	-40.0	50.0
49.0	-44.0	0.0
26.0	-6.0	42.0
50.0	-30.0	10.0
14.0	-56.0	46.0
-42.0	4.0	32.0
-44.0	16.0	24.0
-32.0	-60.0	52.0
12.0	4.0	54.0
-40.0	-8.0	46.0
19.0	-45.0	-27.0
22.0	-72.0	26.0
38.0	-26.0	14.0
-4.0	-10.0	44.0
4.0	24.0	20.0
51.0	-47.0	5.0
6.0	14.0	32.0
-22.0	-96.0	16.0
2.0	28.0	50.0
-6.0	-84.0	12.0
60.0	-58.0	8.0
12.0	14.0	58.0
-36.0	-8.0	22.0
-44.0	-18.0	26.0
34.0	-20.0	36.0
36.0	-36.0	42.0
20.0	-46.0	36.0
-34.0	-52.0	26.0
-6.0	16.0	26.0
44.0	10.0	16.0
18.0	10.0	36.0
16.0	36.0	32.0
-10.0	-12.0	38.0
44.0	-60.0	-29.0
-30.0	16.0	10.0
50.0	-63.0	0.0
-51.0	-70.0	3.0
28.0	-51.0	-1.0
-11.0	-54.0	-42.0
-18.0	-14.0	46.0
30.0	-63.0	6.0
16.0	-38.0	40.0
41.0	-45.0	0.0

// Gordon EM, 2017: PMID 27640749-1
// Subjects=20
-50.0	-53.0	46.0
47.0	43.0	-12.0
-44.0	40.0	-16.0
-4.0	-44.0	32.0
-7.0	26.0	61.0
65.0	-41.0	2.0
-59.0	-47.0	-6.0
4.0	37.0	14.0
-52.0	-7.0	46.0
57.0	-48.0	31.0
6.0	-43.0	33.0
26.0	-87.0	21.0
38.0	15.0	0.0
-39.0	50.0	6.0
39.0	50.0	8.0
-59.0	-47.0	-6.0
63.0	-36.0	-10.0
-48.0	-53.0	49.0
53.0	-42.0	44.0
7.0	10.0	58.0
-7.0	8.0	52.0
-36.0	11.0	0.0
-35.0	-44.0	57.0
-2.0	-8.0	34.0
3.0	-11.0	33.0
34.0	-42.0	55.0
-18.0	-91.0	21.0
-33.0	-2.0	49.0
38.0	-18.0	0.0
34.0	0.0	51.0
49.0	37.0	8.0
-7.0	24.0	35.0
37.0	24.0	-13.0
-29.0	23.0	-11.0
8.0	19.0	64.0
-52.0	-5.0	49.0
-7.0	26.0	61.0
-50.0	33.0	7.0
12.0	5.0	68.0
51.0	-45.0	14.0
-43.0	-53.0	16.0
-47.0	0.0	43.0
7.0	31.0	34.0
-5.0	-26.0	43.0
-10.0	3.0	69.0
49.0	9.0	14.0
6.0	-26.0	43.0
-36.0	-21.0	2.0
25.0	49.0	34.0
58.0	-39.0	41.0
-29.0	50.0	22.0
-58.0	-45.0	40.0
52.0	-3.0	50.0
-46.0	-2.0	50.0
20.0	-41.0	69.0
-19.0	-41.0	69.0
33.0	-23.0	17.0
-45.0	-80.0	4.0
-33.0	-25.0	19.0
44.0	-68.0	0.0
52.0	-6.0	46.0
-33.0	-25.0	19.0
34.0	10.0	-28.0
-34.0	7.0	-26.0
37.0	37.0	13.0
-27.0	-38.0	-5.0
3.0	-40.0	31.0
-9.0	-69.0	29.0
12.0	-65.0	30.0
-2.0	-40.0	29.0
-6.0	-47.0	46.0
29.0	-46.0	-6.0
8.0	-53.0	8.0
27.0	-36.0	-6.0
-16.0	-39.0	-11.0
44.0	-10.0	49.0
-31.0	-85.0	30.0
-3.0	-31.0	35.0
-7.0	-72.0	52.0
9.0	-72.0	53.0
-43.0	-10.0	55.0
6.0	-37.0	44.0
-26.0	-58.0	54.0
27.0	-56.0	55.0
55.0	29.0	13.0
-53.0	27.0	16.0
-38.0	34.0	15.0
-4.0	-3.0	59.0
33.0	-23.0	17.0
12.0	-43.0	48.0
7.0	-47.0	45.0
-13.0	-33.0	39.0
-36.0	-7.0	14.0
-7.0	7.0	52.0
8.0	6.0	53.0
10.0	51.0	42.0
47.0	5.0	48.0
-8.0	-50.0	45.0
8.0	-55.0	44.0
29.0	49.0	18.0
-54.0	-61.0	7.0
20.0	-74.0	39.0
54.0	11.0	-7.0
35.0	-40.0	48.0
49.0	-75.0	4.0
54.0	-57.0	7.0
-43.0	-71.0	8.0
-23.0	-31.0	58.0
40.0	-4.0	16.0
-6.0	-46.0	50.0
46.0	-48.0	46.0
-38.0	-55.0	42.0
-58.0	-17.0	6.0
4.0	35.0	19.0
-3.0	33.0	19.0
8.0	-5.0	42.0
-54.0	-41.0	19.0
66.0	-12.0	1.0
-27.0	29.0	39.0
23.0	-30.0	60.0
-51.0	-60.0	14.0

// Turner MP, 2016: PMID 27672557-1
// Subjects=20
-30.9	-31.3	-7.8
-59.8	-12.4	-9.0
-2.0	-47.2	-10.1
-24.5	-73.7	-19.9

// Webb CE, 2016: PMID 27697593-1
// Subjects=20
-39.0	51.0	-7.0
42.0	12.0	33.0
9.0	11.0	3.0
-9.0	11.0	0.0
-59.0	-36.0	-7.0
59.0	-36.0	-7.0
-33.0	-51.0	45.0
-45.0	35.0	21.0
-48.0	-76.0	8.0
-50.0	-36.0	3.0
-30.0	-51.0	45.0
-27.0	-13.0	-9.0
-48.0	29.0	22.0
50.0	-71.0	4.0
-6.0	30.0	27.0
36.0	-60.0	48.0
-45.0	46.0	4.0
-56.0	-16.0	-19.0
-33.0	-11.0	-16.0
-42.0	45.0	-4.0
-33.0	-57.0	42.0
-42.0	-49.0	37.0
39.0	-72.0	35.0
-59.0	-33.0	-5.0
-45.0	51.0	-2.0
-50.0	-33.0	0.0
24.0	-2.0	-17.0
59.0	-28.0	-8.0
-33.0	-28.0	-10.0
-15.0	-61.0	-29.0
45.0	-29.0	16.0
-48.0	-32.0	19.0
59.0	-19.0	-8.0
-59.0	-39.0	-7.0
48.0	4.0	-27.0
59.0	-48.0	1.0
56.0	-19.0	-13.0
-27.0	-79.0	5.0

// Nordin K, 2017: PMID 27713000-1
// Subjects=20
-26.0	-25.0	-12.0
-21.0	-18.0	-15.0
-15.0	-37.0	0.0
-22.0	-16.0	-17.0
18.0	-12.0	-18.0
-26.0	25.0	-12.0
21.0	-13.0	-20.0
-27.0	-24.0	-15.0
22.0	-16.0	23.0
-16.0	-39.0	0.0
-24.0	-12.0	-21.0
-26.0	-33.0	-8.0
24.0	-15.0	-23.0
-33.0	-25.0	-14.0

// Rocca MA, 2017: PMID 27730478-1
// Subjects=20
38.0	8.0	-4.0
14.0	-62.0	3.0
-27.0	-57.0	45.0
50.0	-9.0	2.0
42.0	-81.0	26.0
27.0	4.0	-45.0
-18.0	32.0	-22.0
-60.0	-12.0	-30.0
-21.0	63.0	15.0
33.0	-76.0	30.0
-24.0	-32.0	-10.0
21.0	-34.0	-8.0
-2.0	-69.0	45.0
32.0	32.0	44.0
-6.0	-45.0	22.0
-36.0	-9.0	-40.0
56.0	-46.0	-21.0

// Torrisi S, 2017: PMID 27780778-1
// Subjects=20
-3.7	-30.8	-7.7
-3.7	3.1	-3.8
-25.8	1.8	-11.5
-15.4	3.1	15.8
-15.4	-0.9	18.3
-31.0	8.2	-3.8
-29.7	-6.1	-9.0
-27.1	-25.6	-14.2
-10.2	-7.3	9.2
-5.0	-23.0	2.8
-38.8	-19.1	19.7
-3.7	-8.7	37.8
-2.4	-52.8	-1.2
-5.0	-46.3	23.5
-42.7	-24.2	2.8
-45.2	-21.7	11.8
-6.2	-3.4	39.1
-38.8	-2.2	-7.7
-44.0	31.6	17.0
-3.7	38.1	27.4
-19.2	-55.4	2.8
-1.1	52.4	10.5
-2.4	18.6	28.8
9.3	-45.1	10.5
19.7	-61.9	23.5
28.8	-32.1	-9.0
22.3	-28.2	-6.3
14.5	17.3	-5.1
10.6	8.2	11.8
-18.0	-67.2	4.0
23.6	1.8	-11.5
6.8	-55.4	-7.7
-8.9	-80.1	5.3
-2.4	-13.8	32.7
2.8	-2.2	10.5
1.5	31.6	41.8
-10.2	-76.2	11.8
9.3	39.4	19.7
0.2	43.3	15.8
5.4	29.1	28.8
17.1	-52.8	18.3
10.6	-65.8	26.2
18.4	-43.8	-5.1
2.8	-30.8	28.8
2.8	-19.1	35.2
1.5	17.3	40.4
10.6	35.6	23.5

// Huang P, 2016: PMID 27814379-1
// Subjects=20
54.0	-10.0	4.0
-46.0	-24.0	6.0
4.0	38.0	-14.0
8.0	32.0	-10.0
-6.0	58.0	34.0
-14.0	58.0	14.0
38.0	-12.0	-20.0
-62.0	-8.0	-22.0
-4.0	42.0	-14.0
-6.0	10.0	-2.0
-28.0	34.0	48.0
36.0	-10.0	-20.0
-34.0	-18.0	-14.0
-14.0	-44.0	30.0
16.0	-42.0	28.0
6.0	40.0	-10.0
-6.0	-66.0	24.0
-2.0	56.0	10.0
-10.0	42.0	-8.0
2.0	6.0	0.0
52.0	-22.0	12.0
-44.0	8.0	-28.0
12.0	36.0	0.0
-4.0	-42.0	46.0
-46.0	-70.0	34.0
52.0	-22.0	12.0
40.0	-22.0	4.0
62.0	-12.0	2.0
-60.0	-2.0	-18.0
-46.0	-24.0	6.0
-58.0	-8.0	-2.0
26.0	6.0	2.0
-16.0	48.0	14.0
16.0	-40.0	36.0
-38.0	-54.0	12.0
-46.0	-34.0	10.0
-38.0	-42.0	-8.0
-28.0	-22.0	-14.0
30.0	-32.0	-6.0
-6.0	36.0	20.0
-30.0	-84.0	30.0
22.0	-2.0	0.0
44.0	26.0	8.0
-10.0	-42.0	-26.0
-32.0	-80.0	32.0
50.0	-44.0	18.0

// Coppen EM, 2016: PMID 27830113-1
// Subjects=20
-46.0	-72.0	4.0
10.0	-22.0	58.0
-14.0	-22.0	60.0
-18.0	-36.0	70.0
24.0	-4.0	8.0
14.0	-8.0	18.0
-46.0	-36.0	16.0
28.0	-16.0	8.0
-28.0	6.0	10.0
-6.0	12.0	2.0
14.0	8.0	6.0
16.0	10.0	8.0
-28.0	-76.0	-46.0
16.0	44.0	4.0
-30.0	-28.0	50.0
-22.0	-24.0	-14.0
42.0	-28.0	0.0
2.0	-58.0	-22.0
-10.0	-62.0	48.0
32.0	24.0	-4.0
28.0	-24.0	-4.0
22.0	-56.0	-60.0
-10.0	10.0	-4.0
16.0	-32.0	80.0
10.0	-4.0	44.0
-20.0	14.0	8.0
22.0	44.0	18.0
-32.0	-16.0	-6.0
-10.0	-40.0	44.0
40.0	-38.0	52.0
4.0	-26.0	38.0
-40.0	-66.0	-36.0
36.0	-62.0	-38.0
16.0	32.0	62.0
-30.0	22.0	14.0
54.0	-10.0	-22.0
-14.0	-28.0	-4.0
-10.0	-34.0	80.0
-38.0	26.0	8.0
-54.0	-66.0	24.0
-14.0	-50.0	0.0
44.0	-26.0	0.0
2.0	-78.0	-18.0
26.0	-48.0	-42.0
4.0	-90.0	-34.0
-10.0	-52.0	56.0
52.0	0.0	30.0
32.0	28.0	-26.0
-46.0	-34.0	50.0
-26.0	-54.0	-42.0
10.0	52.0	-6.0
68.0	-36.0	38.0
12.0	-64.0	8.0
-48.0	-20.0	-10.0
44.0	38.0	32.0
-14.0	42.0	16.0
-14.0	48.0	-16.0
70.0	-4.0	12.0

// Hu J, 2016: PMID 27857686-1
// Subjects=20
-15.0	-16.0	10.0
-48.0	-43.0	55.0
-48.0	-37.0	49.0
24.0	59.0	25.0
36.0	59.0	1.0
39.0	47.0	25.0
12.0	-13.0	7.0
-42.0	-25.0	52.0
6.0	41.0	-14.0
45.0	-49.0	55.0
57.0	-43.0	49.0
36.0	-46.0	37.0
-33.0	-70.0	-26.0
-27.0	-70.0	-32.0
-12.0	-79.0	-26.0
6.0	20.0	49.0
-39.0	11.0	55.0
3.0	32.0	58.0
-21.0	29.0	43.0
-3.0	50.0	-5.0
-9.0	-58.0	19.0
-9.0	-52.0	10.0
-27.0	-34.0	-14.0
9.0	-58.0	22.0
-21.0	-22.0	-17.0
-42.0	-76.0	34.0
-24.0	-85.0	34.0
21.0	32.0	40.0
30.0	32.0	52.0
51.0	-70.0	4.0
33.0	-85.0	7.0
12.0	8.0	55.0
30.0	-31.0	-17.0
6.0	32.0	58.0
6.0	26.0	58.0
45.0	41.0	28.0
30.0	62.0	10.0
57.0	-40.0	49.0
-18.0	-16.0	1.0
-18.0	-22.0	4.0
-9.0	-16.0	1.0
27.0	-22.0	-17.0

// Goerlich KS, 2017: PMID 27866269-1
// Subjects=20
-40.0	-12.0	60.0
8.0	2.0	62.0
-10.0	10.0	42.0
-30.0	-22.0	58.0
-6.0	0.0	62.0
8.0	10.0	44.0
-8.0	-80.0	-4.0
16.0	6.0	-12.0
-18.0	-12.0	64.0
54.0	-2.0	48.0
34.0	26.0	2.0
-32.0	26.0	4.0
-48.0	4.0	0.0
-30.0	-50.0	58.0
-10.0	20.0	30.0
6.0	0.0	66.0
44.0	14.0	28.0
-8.0	-16.0	-18.0
10.0	-90.0	18.0
-18.0	0.0	-12.0
16.0	-64.0	56.0
-4.0	8.0	50.0
10.0	14.0	44.0
-10.0	4.0	-4.0
-4.0	16.0	32.0
46.0	2.0	48.0
42.0	16.0	26.0
50.0	-36.0	6.0
-24.0	-94.0	-8.0
-28.0	-64.0	-2.0
32.0	-44.0	-12.0
50.0	-24.0	-6.0
10.0	-80.0	-2.0
-4.0	-14.0	0.0
22.0	-94.0	-6.0
-14.0	54.0	42.0
12.0	-94.0	24.0
52.0	-38.0	8.0
54.0	6.0	-22.0
18.0	-6.0	-20.0
-18.0	-96.0	-10.0
-52.0	-64.0	16.0
42.0	-50.0	-22.0
-30.0	14.0	-18.0
-32.0	-26.0	-14.0
-26.0	8.0	-20.0
4.0	60.0	28.0
2.0	58.0	10.0
-20.0	-8.0	-16.0
-38.0	-76.0	-14.0
52.0	30.0	16.0
-30.0	-52.0	-6.0
32.0	-24.0	-14.0
34.0	-46.0	-6.0
-24.0	-54.0	60.0
56.0	4.0	48.0
8.0	18.0	70.0
-26.0	-66.0	-6.0
-28.0	-50.0	-8.0
-12.0	-62.0	60.0
-2.0	14.0	62.0
2.0	56.0	-8.0
8.0	-78.0	0.0
-12.0	-88.0	4.0
50.0	-74.0	4.0
34.0	-42.0	-8.0
54.0	-2.0	-2.0
-58.0	-22.0	30.0
-58.0	-14.0	4.0

// Lieberman JS, 2017: PMID 27897678-1
// Subjects=20
44.0	30.0	24.0
24.0	-28.0	-4.0
-6.0	-76.0	8.0
-26.0	-46.0	-16.0
56.0	-54.0	-12.0
32.0	22.0	-2.0
-28.0	24.0	4.0
24.0	-28.0	-4.0
-32.0	0.0	60.0
-22.0	-30.0	-2.0
26.0	-50.0	-14.0
-48.0	28.0	32.0
-42.0	50.0	-4.0
4.0	20.0	40.0
-22.0	-28.0	0.0
32.0	0.0	52.0
-20.0	-66.0	26.0
-48.0	-40.0	50.0
-28.0	-30.0	-14.0
44.0	2.0	30.0
-46.0	28.0	32.0
30.0	30.0	-2.0
-20.0	2.0	56.0
28.0	6.0	60.0
28.0	-16.0	0.0
-26.0	-46.0	-14.0
-30.0	20.0	4.0
44.0	-38.0	46.0
-8.0	-42.0	22.0
-6.0	58.0	14.0
32.0	-62.0	44.0
2.0	60.0	0.0
-16.0	10.0	54.0
-48.0	28.0	32.0
54.0	12.0	28.0
34.0	-4.0	52.0
32.0	-32.0	-8.0
42.0	6.0	28.0
2.0	22.0	46.0
-44.0	28.0	32.0
24.0	-28.0	-4.0
-6.0	-76.0	8.0
6.0	20.0	40.0
-32.0	22.0	4.0
-22.0	-30.0	-2.0
32.0	22.0	-2.0
-8.0	-42.0	22.0
24.0	2.0	62.0
48.0	40.0	24.0
-40.0	44.0	-2.0
42.0	6.0	28.0
-22.0	-28.0	0.0
24.0	-28.0	-4.0
-32.0	-48.0	-14.0
-24.0	-44.0	-16.0
28.0	10.0	48.0
-28.0	-70.0	38.0
34.0	22.0	-2.0
-52.0	-34.0	2.0
-48.0	-38.0	50.0
-30.0	20.0	4.0
-20.0	2.0	58.0
-46.0	28.0	32.0
40.0	2.0	60.0
30.0	30.0	-2.0
28.0	0.0	12.0
-30.0	0.0	50.0
52.0	8.0	18.0
26.0	-50.0	-14.0
44.0	2.0	30.0
32.0	-64.0	48.0
-20.0	12.0	60.0
-6.0	56.0	14.0
-30.0	-28.0	-14.0
34.0	-38.0	38.0
28.0	-24.0	-14.0

// Roberts RP, 2017: PMID 27908591-1
// Subjects=20
-64.0	-26.0	18.0
58.0	-34.0	-26.0
-32.0	-24.0	-12.0
28.0	-24.0	-18.0
-28.0	-24.0	-20.0
12.0	-62.0	20.0
-38.0	-54.0	-22.0
-34.0	4.0	14.0
-40.0	-60.0	12.0
28.0	-50.0	52.0
-18.0	-46.0	-22.0
40.0	14.0	-4.0
56.0	-2.0	-22.0
-44.0	-46.0	6.0
-12.0	42.0	-2.0
-30.0	-62.0	-10.0
-20.0	28.0	-20.0
20.0	-10.0	72.0
52.0	36.0	2.0
48.0	-74.0	-24.0
-46.0	-76.0	-26.0
28.0	-98.0	-14.0
-14.0	-96.0	-2.0
6.0	30.0	-12.0
2.0	-54.0	26.0
56.0	12.0	-24.0
-10.0	-34.0	12.0
12.0	-18.0	14.0
30.0	-4.0	64.0
-66.0	-56.0	-4.0
58.0	4.0	14.0
-8.0	-20.0	46.0
42.0	-44.0	22.0
34.0	16.0	10.0
-4.0	6.0	54.0
-46.0	-4.0	-36.0
54.0	14.0	40.0
36.0	26.0	20.0
-18.0	-62.0	50.0
52.0	2.0	-32.0
38.0	0.0	6.0
12.0	0.0	76.0
40.0	26.0	-34.0
42.0	-10.0	6.0
-6.0	-18.0	0.0
-42.0	-12.0	54.0
44.0	-68.0	-6.0
-10.0	-46.0	-50.0
52.0	-8.0	-20.0
-20.0	2.0	-34.0
10.0	-42.0	-42.0
-40.0	6.0	24.0
52.0	-18.0	44.0
-48.0	-24.0	-8.0
-62.0	-10.0	-10.0
-44.0	-34.0	36.0
-28.0	-84.0	30.0
52.0	4.0	-18.0
20.0	-6.0	-26.0
0.0	36.0	-26.0
-16.0	26.0	2.0
48.0	-82.0	18.0
-16.0	10.0	10.0
-36.0	-2.0	34.0
-2.0	-4.0	34.0
2.0	44.0	46.0
-28.0	44.0	-10.0
-50.0	30.0	26.0
-20.0	62.0	10.0
12.0	48.0	-8.0
-8.0	-68.0	-34.0
12.0	-68.0	-40.0
-16.0	-62.0	-44.0
32.0	6.0	-28.0
14.0	-46.0	-16.0
50.0	-62.0	28.0
-56.0	8.0	-30.0
48.0	-14.0	-42.0
56.0	8.0	28.0
-46.0	16.0	-26.0
22.0	18.0	42.0
24.0	60.0	16.0
16.0	16.0	20.0
28.0	-58.0	48.0
30.0	0.0	-26.0
-38.0	4.0	14.0
-6.0	-40.0	4.0
24.0	-84.0	48.0
-12.0	10.0	42.0
-6.0	-62.0	-26.0
-20.0	-2.0	50.0
-30.0	-58.0	60.0
-30.0	-60.0	6.0
16.0	2.0	-24.0
-38.0	-94.0	0.0
26.0	-56.0	-24.0
30.0	-60.0	2.0
56.0	-26.0	-30.0
24.0	0.0	48.0
54.0	-12.0	38.0
36.0	-82.0	0.0
56.0	-16.0	54.0
-40.0	4.0	-8.0
46.0	44.0	12.0
-46.0	38.0	8.0
-32.0	-4.0	-24.0
-30.0	-28.0	-16.0
14.0	-36.0	-20.0
-18.0	-32.0	-16.0
16.0	12.0	18.0
-50.0	14.0	44.0

// Benoit RG, 2016: PMID 27965391-1
// Subjects=20
-39.0	-67.0	-5.0
-57.0	-13.0	-17.0
39.0	38.0	40.0
-33.0	-85.0	13.0
6.0	41.0	-17.0
51.0	-34.0	46.0
-12.0	-58.0	19.0
-39.0	-82.0	31.0
-42.0	-64.0	19.0
-33.0	-28.0	-14.0
33.0	-28.0	-14.0
27.0	-19.0	-14.0
18.0	-52.0	19.0

// Duval ER, 2017: PMID 28011437-1
// Subjects=20
-39.0	-4.0	10.0
-24.0	32.0	43.0
-36.0	-25.0	52.0
-3.0	8.0	49.0
6.0	-76.0	1.0
24.0	32.0	37.0
9.0	50.0	-8.0
-33.0	-28.0	-14.0
3.0	-37.0	43.0

// Soloff PH, 2017: PMID 28039797-1
// Subjects=20
8.0	58.0	1.0
32.0	60.0	13.0
3.0	38.0	15.0
-34.0	14.0	-20.0
14.0	4.0	21.0
-42.0	9.0	31.0
-14.0	54.0	0.0
-22.0	9.0	6.0
-32.0	-21.0	-14.0
39.0	17.0	36.0
57.0	-42.0	30.0
-21.0	-1.0	-15.0
-38.0	21.0	-18.0
-9.0	-6.0	15.0
39.0	-72.0	30.0
45.0	33.0	13.0
-36.0	-21.0	-12.0
24.0	57.0	-12.0
-9.0	8.0	27.0
-24.0	-40.0	49.0

// Cheke LG, 2017: PMID 28093279-1
// Subjects=20
24.0	-33.0	-18.0
-18.0	-34.0	-5.0
22.0	-34.0	7.0
-43.0	-66.0	38.0
43.0	-66.0	38.0
-27.0	51.0	-3.0
30.0	57.0	3.0
-27.0	24.0	29.0
30.0	24.0	26.0
3.0	-69.0	24.0
51.0	35.0	22.0
51.0	36.0	27.0
-27.0	-40.0	4.0
-36.0	-70.0	40.0
42.0	-61.0	40.0
0.0	-70.0	38.0
-12.0	-67.0	30.0
-21.0	-40.0	-2.0
-42.0	-61.0	44.0
42.0	-61.0	44.0
-15.0	-66.0	30.0
21.0	-37.0	2.0
42.0	-61.0	40.0
39.0	-58.0	38.0
-27.0	53.0	-4.0
0.0	-15.0	74.0
-39.0	-64.0	36.0
-24.0	-40.0	0.0
-42.0	-67.0	34.0
42.0	-58.0	40.0
-33.0	50.0	-6.0
-18.0	-64.0	30.0
18.0	-37.0	-10.0
-21.0	-37.0	-10.0
-18.0	-34.0	6.0
21.0	-40.0	2.0
6.0	-61.0	30.0
-42.0	-67.0	34.0
48.0	-64.0	36.0
9.0	-61.0	20.0
9.0	-61.0	30.0
15.0	-43.0	-6.0
-39.0	-64.0	40.0
45.0	-64.0	36.0
9.0	-61.0	30.0
-39.0	-67.0	38.0
45.0	-61.0	38.0
-18.0	-67.0	28.0

// Hu X, 2016: PMID 28105009-1
// Subjects=20
8.0	57.0	-12.0
-17.0	24.0	42.0
-45.0	-70.0	33.0
-42.0	-72.0	34.0
-6.0	-61.0	33.0
-3.0	66.0	4.0
8.0	-48.0	19.0
-6.0	-46.0	36.0
-6.0	-60.0	45.0
-2.0	-48.0	24.0
-3.0	60.0	-2.0
-33.0	-28.0	-20.0
-11.0	17.0	40.0
23.0	-19.0	-20.0
-9.0	9.0	52.0
9.0	20.0	31.0
3.0	2.0	62.0
-23.0	-28.0	-17.0
-20.0	-27.0	-11.0
-54.0	-18.0	-17.0
24.0	-30.0	-18.0
-53.0	14.0	-12.0
-27.0	23.0	3.0
-20.0	24.0	45.0
6.0	-54.0	12.0
-30.0	-33.0	-12.0
20.0	-34.0	-11.0
-54.0	21.0	-8.0
-57.0	-9.0	-11.0
-60.0	-43.0	27.0
-51.0	-67.0	25.0
-47.0	15.0	-27.0
-38.0	32.0	-14.0
-45.0	20.0	28.0
-32.0	8.0	33.0
-8.0	-51.0	16.0
63.0	-1.0	-12.0
57.0	14.0	-9.0
24.0	-14.0	-23.0
56.0	-12.0	-21.0
-29.0	-34.0	-18.0
-9.0	-64.0	24.0
-29.0	-34.0	-12.0
36.0	35.0	-12.0
49.0	-10.0	10.0
59.0	-6.0	-9.0
53.0	-12.0	-14.0
54.0	-16.0	-23.0
-6.0	50.0	-14.0
26.0	-55.0	70.0
-12.0	63.0	12.0
-39.0	-37.0	-15.0
-20.0	14.0	3.0
33.0	-72.0	12.0
-2.0	0.0	35.0
-24.0	47.0	24.0
2.0	26.0	46.0
6.0	32.0	33.0
-14.0	5.0	7.0
-14.0	24.0	3.0
-29.0	51.0	22.0
-26.0	59.0	25.0
-9.0	-45.0	66.0
9.0	-45.0	63.0
2.0	-12.0	35.0
20.0	-78.0	44.0
-20.0	23.0	52.0
-39.0	12.0	-2.0
-20.0	50.0	16.0
6.0	-27.0	22.0
-2.0	39.0	51.0
-9.0	36.0	43.0
17.0	45.0	-2.0
1.0	-28.0	28.0
-5.0	-34.0	24.0
-45.0	11.0	-17.0
15.0	11.0	1.0
15.0	33.0	25.0
-11.0	53.0	7.0
-53.0	3.0	-6.0
-48.0	-57.0	28.0
30.0	-33.0	-6.0
-5.0	27.0	40.0
-35.0	15.0	39.0
33.0	-11.0	-14.0
-59.0	-55.0	39.0
5.0	-63.0	45.0
-53.0	-60.0	46.0
-24.0	-17.0	-15.0
-30.0	-12.0	-20.0
-15.0	-75.0	21.0
-14.0	-77.0	23.0
17.0	-74.0	20.0
30.0	-12.0	-12.0
-26.0	-14.0	-23.0
-23.0	-15.0	-21.0
-33.0	8.0	36.0
24.0	-83.0	30.0
-15.0	-84.0	33.0
5.0	-75.0	41.0
-32.0	-21.0	-15.0
41.0	-15.0	-20.0
17.0	-68.0	21.0
15.0	-50.0	6.0
18.0	-65.0	17.0
18.0	-53.0	24.0
41.0	-17.0	-20.0
-33.0	-23.0	-14.0

// Deak A, 2017: PMID 28105532-1
// Subjects=20
40.0	-46.0	-14.0
-10.0	-86.0	36.0
8.0	-80.0	28.0
-28.0	-24.0	-12.0
6.0	-86.0	24.0
-12.0	-92.0	36.0
-58.0	-4.0	-24.0
-20.0	-38.0	-18.0
46.0	-42.0	18.0
38.0	-56.0	16.0
28.0	-10.0	-16.0
-4.0	-48.0	-14.0
-8.0	-68.0	14.0

// Wirz L, 2017: PMID 28115477-1
// Subjects=20
48.0	47.0	-16.0
-3.0	-28.0	29.0
-36.0	-61.0	-28.0
27.0	38.0	-22.0
-30.0	5.0	56.0
0.0	23.0	47.0
-33.0	-58.0	44.0
33.0	20.0	-4.0
3.0	-88.0	-7.0
33.0	-88.0	-1.0
33.0	53.0	2.0
18.0	11.0	-1.0
-30.0	20.0	-4.0
9.0	11.0	2.0
-9.0	11.0	-1.0
-21.0	-28.0	-10.0
-15.0	8.0	-4.0
-6.0	-1.0	29.0
-21.0	-37.0	2.0
18.0	-34.0	2.0
-18.0	-37.0	5.0
21.0	-34.0	2.0

// Tacikowski P, 2017: PMID 28119346-1
// Subjects=20
-8.0	-54.0	7.0
-9.0	-9.0	51.0
4.0	56.0	-11.0
32.0	6.0	-26.0
-30.0	2.0	-26.0
-21.0	-21.0	-15.0
-38.0	-45.0	-23.0
-45.0	-52.0	51.0
-34.0	-61.0	57.0
-38.0	5.0	37.0
-45.0	-7.0	-29.0
9.0	-16.0	27.0
-32.0	-52.0	-17.0
-8.0	12.0	48.0
9.0	9.0	51.0

// Allen M, 2017: PMID 28179164-1
// Subjects=20
37.0	41.0	22.0
-31.0	-25.0	-14.0
10.0	-58.0	8.0
9.0	-64.0	24.0
-51.0	-48.0	2.0
14.0	-38.0	-5.0
1.0	-69.0	11.0
-26.0	-36.0	-13.0
37.0	42.0	22.0

// Liuzzi AG, 2017: PMID 28213115-1
// Subjects=20
-39.0	26.0	13.0
-3.0	-55.0	7.0
-9.0	-46.0	-2.0
-30.0	35.0	-14.0
33.0	35.0	-14.0
-12.0	-58.0	-11.0
-45.0	35.0	13.0
0.0	59.0	-8.0
-51.0	-55.0	-14.0
-48.0	-43.0	-17.0
-24.0	-22.0	-17.0
-36.0	-13.0	-23.0
-33.0	-34.0	-20.0
30.0	41.0	-8.0

// Cohen AD, 2017: PMID 28253268-1
// Subjects=20
40.0	-18.0	56.0
6.0	56.0	14.0
-34.0	-24.0	60.0
0.0	-54.0	26.0
40.0	-8.0	8.0
-28.0	-28.0	-12.0
24.0	-28.0	-12.0
-40.0	-8.0	8.0

// Golisch A, 2017: PMID 28326025-1
// Subjects=20
50.0	20.0	44.0
48.0	16.0	48.0
48.0	16.0	48.0
4.0	18.0	48.0
44.0	46.0	24.0
44.0	46.0	24.0
44.0	46.0	24.0
58.0	24.0	26.0
4.0	36.0	54.0
48.0	16.0	48.0
4.0	36.0	54.0
-48.0	20.0	40.0
-50.0	10.0	46.0
-50.0	10.0	46.0
-50.0	10.0	46.0
-46.0	10.0	44.0
54.0	20.0	38.0
54.0	20.0	38.0
54.0	20.0	38.0
44.0	34.0	36.0
58.0	24.0	26.0
-48.0	20.0	40.0
-48.0	20.0	40.0
4.0	36.0	54.0
58.0	24.0	26.0
44.0	48.0	16.0
-36.0	44.0	30.0
46.0	42.0	22.0
60.0	22.0	20.0
60.0	22.0	20.0
60.0	22.0	20.0
46.0	44.0	20.0
46.0	44.0	20.0
46.0	44.0	20.0
46.0	44.0	20.0
46.0	42.0	20.0
46.0	42.0	22.0
46.0	42.0	22.0
46.0	42.0	22.0
-40.0	50.0	16.0
-54.0	24.0	26.0
-54.0	14.0	36.0
44.0	48.0	16.0
44.0	48.0	16.0
34.0	48.0	16.0
34.0	58.0	16.0
34.0	58.0	22.0
34.0	58.0	22.0
34.0	58.0	22.0
-36.0	44.0	30.0
60.0	24.0	26.0
-36.0	44.0	30.0
-48.0	16.0	-10.0
-54.0	12.0	-6.0
52.0	18.0	-12.0
52.0	20.0	-10.0
56.0	20.0	-10.0
56.0	26.0	-10.0
56.0	26.0	-2.0
56.0	26.0	-2.0
56.0	26.0	-2.0
56.0	20.0	-4.0
-50.0	18.0	-6.0
-50.0	18.0	-6.0
-50.0	18.0	-6.0
-46.0	18.0	-6.0
-46.0	18.0	-6.0
-46.0	18.0	-6.0
-46.0	18.0	-6.0
-46.0	18.0	-6.0
-46.0	18.0	-8.0
50.0	20.0	-14.0
50.0	20.0	-14.0
50.0	20.0	-14.0
52.0	20.0	-14.0
52.0	18.0	-14.0
52.0	18.0	-12.0
52.0	18.0	-12.0
-48.0	14.0	-8.0
-48.0	14.0	-8.0
-54.0	12.0	-6.0
-44.0	18.0	-8.0
-48.0	14.0	-8.0
-50.0	14.0	-8.0
-50.0	18.0	-8.0
-50.0	18.0	-10.0
-50.0	18.0	-10.0
-50.0	18.0	-10.0
-48.0	18.0	-10.0
-54.0	12.0	-6.0
-48.0	16.0	-8.0
-48.0	16.0	-8.0
52.0	20.0	-10.0
-44.0	16.0	-8.0
52.0	20.0	-10.0
54.0	14.0	-6.0
54.0	14.0	-6.0
54.0	14.0	-6.0
54.0	14.0	-4.0
-54.0	12.0	-6.0
-54.0	12.0	-6.0
-54.0	12.0	-6.0
-54.0	12.0	-6.0
-54.0	12.0	-6.0
-54.0	12.0	-6.0
-44.0	18.0	-20.0
-48.0	16.0	-8.0
-18.0	-32.0	-8.0
12.0	-32.0	-4.0
18.0	-30.0	0.0
18.0	-30.0	0.0
-6.0	20.0	-2.0
2.0	32.0	30.0
2.0	32.0	30.0
2.0	32.0	30.0
2.0	18.0	40.0
4.0	26.0	36.0
48.0	16.0	-6.0
-44.0	14.0	-10.0
-18.0	-32.0	-8.0
-44.0	14.0	-10.0
28.0	0.0	-12.0
28.0	0.0	-12.0
28.0	0.0	-12.0
26.0	0.0	-16.0
-24.0	-2.0	-14.0
-24.0	-2.0	-14.0
-24.0	-2.0	-14.0
22.0	-30.0	0.0
22.0	-30.0	0.0
22.0	-30.0	0.0
18.0	-30.0	0.0
-44.0	14.0	-10.0
18.0	-30.0	0.0
-24.0	-32.0	4.0
12.0	-46.0	-6.0
20.0	-30.0	-4.0
-24.0	-32.0	4.0
-24.0	-32.0	4.0
-24.0	-32.0	4.0
18.0	-32.0	-6.0
18.0	-32.0	-6.0
18.0	-32.0	-6.0
20.0	-32.0	-6.0
20.0	-32.0	-6.0
20.0	-32.0	-2.0
20.0	-32.0	-2.0
20.0	-32.0	-2.0
-36.0	-18.0	-14.0
22.0	-30.0	4.0
-36.0	-18.0	-14.0
-36.0	-18.0	-14.0
-16.0	-32.0	-6.0
-16.0	-32.0	-6.0
-16.0	-32.0	-6.0
-16.0	-30.0	-8.0
-16.0	-30.0	-8.0
-16.0	-30.0	-8.0
12.0	-46.0	-6.0
12.0	-46.0	-6.0
18.0	-30.0	0.0
28.0	-30.0	-12.0
-22.0	2.0	-8.0
12.0	-32.0	-4.0
12.0	-32.0	-4.0
-26.0	-32.0	-8.0
-26.0	0.0	-8.0
-26.0	0.0	-14.0
-26.0	0.0	-14.0
-26.0	0.0	-14.0
12.0	-36.0	-2.0
12.0	-36.0	-2.0
12.0	-36.0	-2.0
20.0	-36.0	-2.0
20.0	-32.0	-2.0
20.0	-32.0	-8.0
-18.0	-32.0	-8.0
-18.0	-32.0	-8.0
52.0	18.0	-12.0
-6.0	20.0	-2.0
-22.0	2.0	-14.0
14.0	-36.0	-6.0
14.0	-36.0	-6.0
14.0	-36.0	-6.0
12.0	-36.0	-6.0
12.0	-32.0	-6.0
10.0	-32.0	-4.0
10.0	-38.0	-4.0
4.0	18.0	48.0
-14.0	-50.0	-2.0
-18.0	-32.0	-8.0
-8.0	-36.0	-2.0
10.0	-38.0	-2.0
10.0	-38.0	-2.0
10.0	-38.0	-2.0
16.0	-38.0	-2.0
16.0	-32.0	-2.0
16.0	-32.0	-6.0
-14.0	-32.0	-6.0
-14.0	-32.0	-6.0
-14.0	-32.0	-6.0
-6.0	20.0	-2.0
-8.0	-32.0	-6.0
-8.0	-36.0	-2.0
-18.0	-32.0	-8.0
-8.0	-36.0	-2.0
-10.0	-36.0	-2.0
-10.0	-34.0	-2.0
-10.0	-34.0	-6.0
-10.0	-34.0	-6.0
-10.0	-34.0	-6.0
16.0	-36.0	-6.0
16.0	-36.0	-6.0
16.0	-36.0	-6.0
-8.0	-36.0	-6.0
4.0	18.0	48.0
-22.0	-32.0	-8.0
-4.0	16.0	48.0
36.0	22.0	-6.0
36.0	24.0	0.0
-2.0	18.0	48.0
-2.0	18.0	48.0
-2.0	18.0	48.0
48.0	6.0	38.0
48.0	6.0	38.0
48.0	6.0	38.0
52.0	6.0	38.0
52.0	8.0	38.0
52.0	8.0	38.0
-56.0	10.0	36.0
-56.0	10.0	36.0
-56.0	10.0	36.0
-56.0	10.0	36.0
-34.0	44.0	28.0
-34.0	44.0	28.0
-34.0	44.0	28.0
52.0	20.0	-8.0
52.0	20.0	-8.0
52.0	20.0	-8.0
36.0	20.0	-8.0
36.0	22.0	-8.0
36.0	22.0	-6.0
50.0	22.0	-6.0
50.0	18.0	-6.0
-50.0	4.0	-2.0
-48.0	14.0	-10.0
50.0	18.0	-6.0
50.0	18.0	-6.0
50.0	18.0	-6.0
40.0	18.0	-6.0
40.0	22.0	-6.0
40.0	22.0	0.0
-28.0	22.0	-8.0
-28.0	22.0	-8.0
-28.0	22.0	-8.0
-48.0	14.0	-10.0
36.0	22.0	-6.0
-48.0	14.0	-10.0
-50.0	4.0	-2.0
-48.0	0.0	2.0
-48.0	0.0	2.0
-48.0	0.0	2.0
-52.0	0.0	2.0
-52.0	4.0	2.0
-52.0	4.0	2.0
-52.0	4.0	2.0
-52.0	4.0	2.0
-50.0	4.0	2.0
-50.0	4.0	2.0
54.0	6.0	0.0
-50.0	4.0	-2.0
-4.0	16.0	48.0
-48.0	4.0	-2.0
-52.0	-18.0	10.0
-2.0	14.0	46.0
-48.0	-20.0	12.0
-50.0	-20.0	10.0
-50.0	-20.0	10.0
-50.0	-20.0	10.0
-50.0	-20.0	10.0
-50.0	-18.0	10.0
-50.0	-18.0	10.0
-50.0	-18.0	10.0
-52.0	-18.0	10.0
-2.0	14.0	46.0
-50.0	-18.0	10.0
-52.0	-18.0	12.0
8.0	22.0	38.0
8.0	22.0	38.0
-2.0	14.0	46.0
8.0	22.0	38.0
4.0	16.0	42.0
-2.0	4.0	52.0
-2.0	4.0	52.0
-2.0	4.0	52.0
56.0	18.0	28.0
-52.0	-18.0	12.0
-52.0	-18.0	12.0
40.0	2.0	4.0
36.0	24.0	-6.0
-48.0	0.0	-2.0
36.0	24.0	-6.0
6.0	12.0	36.0
8.0	12.0	36.0
8.0	22.0	36.0
8.0	22.0	28.0
8.0	22.0	28.0
8.0	22.0	28.0
6.0	22.0	28.0
6.0	2.0	28.0
6.0	2.0	50.0
36.0	24.0	-6.0
6.0	12.0	36.0
36.0	24.0	-6.0
6.0	12.0	36.0
36.0	24.0	-6.0
36.0	24.0	-6.0
36.0	24.0	-6.0
36.0	24.0	-6.0
36.0	24.0	-6.0
36.0	24.0	-6.0
36.0	24.0	-6.0
36.0	24.0	-6.0
36.0	24.0	-6.0
36.0	24.0	-6.0
36.0	24.0	-6.0
-44.0	0.0	2.0
60.0	22.0	26.0
26.0	-52.0	-12.0
36.0	18.0	8.0
-42.0	2.0	2.0
-30.0	2.0	2.0
-30.0	22.0	2.0
-30.0	22.0	6.0
-30.0	22.0	6.0
-30.0	22.0	6.0
-32.0	22.0	6.0
-32.0	18.0	6.0
-32.0	18.0	8.0
-32.0	18.0	8.0
-32.0	18.0	8.0
-46.0	18.0	8.0
-46.0	2.0	8.0
-46.0	2.0	0.0
-32.0	16.0	8.0
-32.0	16.0	8.0
-32.0	16.0	8.0
-46.0	0.0	8.0
-46.0	0.0	2.0
-46.0	0.0	2.0
-46.0	0.0	2.0
-30.0	22.0	6.0
36.0	18.0	8.0
36.0	18.0	8.0
36.0	18.0	8.0
-42.0	4.0	0.0
36.0	20.0	8.0
-42.0	2.0	2.0
36.0	20.0	4.0
36.0	20.0	4.0
36.0	20.0	4.0
36.0	20.0	4.0
36.0	22.0	4.0
36.0	22.0	2.0
36.0	22.0	2.0
36.0	22.0	2.0
36.0	22.0	2.0
-44.0	0.0	2.0
36.0	22.0	2.0
-44.0	0.0	2.0
-36.0	20.0	4.0
-36.0	20.0	4.0
-36.0	20.0	4.0
-34.0	20.0	4.0
-34.0	16.0	4.0
-34.0	16.0	0.0
-34.0	16.0	0.0
-34.0	16.0	0.0
-42.0	16.0	0.0
-42.0	4.0	0.0
42.0	6.0	4.0
22.0	-30.0	-2.0
-46.0	16.0	8.0
56.0	18.0	28.0
26.0	-52.0	-12.0
22.0	-30.0	-2.0
22.0	-30.0	-2.0
22.0	-30.0	-2.0
-42.0	2.0	2.0
20.0	-30.0	-2.0
20.0	-28.0	-2.0
20.0	-28.0	-2.0
-16.0	-26.0	0.0
20.0	-32.0	-2.0
20.0	-32.0	-2.0
26.0	-52.0	-12.0
20.0	-32.0	-2.0
24.0	-28.0	-6.0
24.0	-28.0	-6.0
22.0	-28.0	-6.0
22.0	-30.0	-6.0
-24.0	-26.0	-8.0
-24.0	-26.0	-8.0
-24.0	-26.0	-8.0
20.0	-34.0	-4.0
36.0	22.0	2.0
20.0	-34.0	-4.0
20.0	-34.0	-4.0
24.0	-28.0	-6.0
28.0	-52.0	-12.0
22.0	-30.0	-2.0
-4.0	16.0	48.0
28.0	-52.0	-14.0
28.0	-52.0	-14.0
32.0	-38.0	-24.0
38.0	50.0	20.0
28.0	-52.0	-12.0
38.0	54.0	4.0
52.0	26.0	36.0
52.0	26.0	36.0
52.0	32.0	24.0
56.0	18.0	28.0
-38.0	-20.0	-12.0
52.0	26.0	36.0
6.0	30.0	38.0
-38.0	-20.0	-12.0
22.0	-30.0	-2.0
-38.0	-20.0	-12.0
52.0	16.0	-14.0
-32.0	16.0	-24.0
28.0	-52.0	-14.0
-32.0	16.0	-24.0
34.0	54.0	4.0
34.0	54.0	4.0
34.0	54.0	4.0
-32.0	16.0	-24.0

// Ford JH, 2017: PMID 28442537-1
// Subjects=20
60.0	0.0	38.0
22.0	30.0	48.0
-10.0	-10.0	62.0
28.0	-14.0	58.0
-36.0	38.0	14.0
-34.0	24.0	40.0
-66.0	-38.0	-6.0
-10.0	-52.0	64.0
-40.0	-60.0	30.0
60.0	4.0	14.0
60.0	-30.0	-34.0
-58.0	-36.0	36.0
-58.0	-44.0	46.0
-34.0	32.0	-10.0
-14.0	54.0	16.0
-24.0	-70.0	60.0
-6.0	-56.0	28.0
62.0	-32.0	46.0
-58.0	-34.0	18.0
-50.0	4.0	54.0
0.0	14.0	52.0
-36.0	0.0	28.0
56.0	28.0	26.0
60.0	-24.0	22.0
4.0	38.0	36.0
0.0	46.0	-12.0
-24.0	-58.0	42.0
30.0	-62.0	44.0
22.0	-70.0	-6.0
0.0	-30.0	22.0
20.0	-64.0	30.0
38.0	-42.0	-20.0
-30.0	24.0	0.0
34.0	-84.0	-10.0
-34.0	-74.0	40.0
56.0	-20.0	28.0
-36.0	-32.0	72.0
-20.0	-46.0	58.0
12.0	-60.0	74.0
-32.0	-52.0	-18.0
22.0	-48.0	2.0
-36.0	-64.0	14.0
-32.0	-88.0	-6.0
2.0	-94.0	8.0
-14.0	-58.0	12.0
-12.0	-32.0	48.0
4.0	-46.0	42.0
2.0	48.0	-6.0
-50.0	6.0	52.0
-28.0	6.0	66.0
16.0	4.0	66.0
-24.0	-16.0	66.0
-24.0	14.0	68.0
-58.0	14.0	26.0
14.0	-86.0	-2.0
-52.0	4.0	56.0
46.0	-16.0	-2.0
-36.0	0.0	28.0
-22.0	36.0	-12.0
0.0	14.0	52.0
-58.0	-4.0	-10.0
-24.0	42.0	44.0
-6.0	58.0	38.0
56.0	28.0	26.0
-36.0	38.0	14.0
6.0	38.0	36.0
28.0	-12.0	56.0
-54.0	22.0	-10.0
-42.0	-12.0	-16.0
-32.0	-52.0	-18.0
-30.0	24.0	0.0
-18.0	-60.0	10.0
6.0	-30.0	24.0
30.0	-80.0	20.0
-32.0	-82.0	26.0
-8.0	-60.0	0.0
32.0	30.0	2.0
42.0	-70.0	-8.0
30.0	-64.0	42.0
-24.0	-58.0	42.0
2.0	52.0	-18.0
40.0	-56.0	16.0
-66.0	-38.0	-6.0
-40.0	-60.0	30.0
-56.0	-46.0	46.0
2.0	52.0	-8.0
52.0	-40.0	4.0
2.0	20.0	-8.0
14.0	42.0	42.0
20.0	44.0	34.0
20.0	44.0	34.0
20.0	44.0	34.0
14.0	44.0	34.0
14.0	42.0	34.0
-6.0	-56.0	28.0
14.0	42.0	42.0
14.0	42.0	42.0
14.0	42.0	42.0
-2.0	-20.0	46.0
6.0	20.0	-8.0
6.0	20.0	-8.0
6.0	20.0	-8.0
14.0	42.0	42.0
-8.0	-10.0	60.0
-14.0	58.0	12.0
-42.0	-12.0	-16.0
2.0	52.0	-18.0
2.0	52.0	-18.0
2.0	52.0	-18.0
2.0	14.0	-18.0
2.0	14.0	-10.0
2.0	14.0	-10.0
2.0	14.0	-10.0
-14.0	58.0	12.0
-14.0	58.0	12.0
-14.0	58.0	12.0
-2.0	44.0	-12.0
-14.0	58.0	12.0
16.0	58.0	12.0
16.0	54.0	12.0
16.0	54.0	20.0
2.0	52.0	-18.0
2.0	52.0	-18.0
18.0	48.0	-2.0
18.0	48.0	-2.0
18.0	48.0	-2.0
-42.0	-12.0	-16.0
-42.0	-12.0	-16.0
-62.0	-28.0	32.0
-42.0	-12.0	-16.0
16.0	54.0	20.0
-42.0	-12.0	-16.0
-42.0	-10.0	-16.0
-42.0	-10.0	-16.0
-42.0	-10.0	-16.0
-42.0	-10.0	-16.0
46.0	-16.0	-2.0
46.0	-16.0	-2.0
16.0	54.0	20.0
46.0	-16.0	-2.0
-10.0	-2.0	30.0
46.0	-16.0	-2.0
24.0	-90.0	-4.0
24.0	-90.0	-4.0
24.0	-90.0	-8.0
24.0	-92.0	-8.0
22.0	-92.0	-8.0
-16.0	-88.0	-12.0
22.0	-92.0	-8.0
22.0	-92.0	-8.0
22.0	-92.0	-8.0
40.0	4.0	-18.0
40.0	4.0	-18.0
-34.0	24.0	40.0
40.0	4.0	-2.0
22.0	-92.0	-8.0
20.0	-2.0	-24.0
-16.0	-88.0	-12.0
-16.0	-88.0	-12.0
-16.0	-88.0	-12.0
26.0	4.0	-24.0
26.0	4.0	-24.0
-28.0	-80.0	2.0
24.0	4.0	-24.0
24.0	-8.0	-24.0
24.0	-90.0	-4.0
24.0	-8.0	-14.0
24.0	-8.0	-14.0
24.0	-8.0	-14.0
24.0	-8.0	-14.0
20.0	-8.0	-14.0
20.0	-2.0	-14.0
20.0	-2.0	-24.0
-16.0	-88.0	-12.0
20.0	-2.0	-24.0
26.0	4.0	-24.0
16.0	42.0	2.0
6.0	22.0	-6.0
-10.0	24.0	-4.0
16.0	42.0	2.0
6.0	22.0	-6.0
6.0	22.0	-6.0
6.0	22.0	-6.0
-10.0	24.0	-4.0
6.0	22.0	-6.0
-32.0	-24.0	-12.0
16.0	42.0	2.0
-32.0	-24.0	-12.0
-32.0	-24.0	-12.0
-32.0	-24.0	-12.0
-32.0	-24.0	-12.0
16.0	42.0	2.0
24.0	-8.0	-14.0
-42.0	0.0	-36.0
-28.0	-80.0	2.0
50.0	-2.0	-2.0
-10.0	24.0	-4.0
-16.0	-12.0	-24.0
-16.0	-12.0	-24.0
-16.0	-12.0	-24.0
50.0	-2.0	-2.0
-10.0	24.0	-4.0
50.0	-2.0	-2.0
-10.0	24.0	-4.0
-8.0	-44.0	-18.0
-8.0	-44.0	-18.0
16.0	42.0	2.0
-42.0	0.0	-36.0
-42.0	0.0	-36.0
-8.0	-44.0	-18.0
-28.0	-80.0	2.0
40.0	4.0	-18.0
-24.0	-56.0	0.0
-2.0	-20.0	14.0
-2.0	-20.0	14.0
-2.0	-20.0	4.0
-4.0	-6.0	4.0
-4.0	-6.0	4.0
-2.0	-20.0	14.0
-4.0	-6.0	4.0
22.0	-22.0	-26.0
22.0	-22.0	-26.0
36.0	-70.0	4.0
36.0	-70.0	4.0
36.0	-70.0	4.0
-24.0	-56.0	0.0
22.0	-22.0	-26.0
-24.0	-56.0	0.0
-2.0	-20.0	14.0
16.0	-2.0	24.0
-10.0	-2.0	30.0
16.0	-2.0	24.0
14.0	-40.0	22.0
14.0	-40.0	22.0
14.0	-40.0	22.0
-10.0	-2.0	30.0
-2.0	-20.0	14.0
10.0	18.0	20.0
10.0	18.0	20.0
10.0	18.0	20.0
-46.0	-52.0	-28.0
-2.0	-6.0	4.0
-46.0	-52.0	-28.0
-14.0	-52.0	-28.0
16.0	-2.0	24.0
-14.0	-48.0	-28.0
-46.0	-52.0	-28.0
-14.0	-48.0	-42.0
6.0	-70.0	-12.0
4.0	-70.0	-12.0
4.0	-70.0	-12.0
-18.0	-32.0	-36.0
-18.0	-32.0	-36.0
-18.0	-32.0	-36.0
6.0	-68.0	-12.0
-20.0	-34.0	-36.0
-20.0	-34.0	-36.0
-20.0	-34.0	-42.0
-20.0	-48.0	-42.0
-14.0	-48.0	-42.0
-14.0	-48.0	-42.0
-14.0	-48.0	-42.0
-20.0	-34.0	-36.0
6.0	-68.0	-10.0
4.0	-70.0	-12.0
40.0	-16.0	-2.0
18.0	-50.0	-40.0
6.0	-68.0	-10.0
6.0	-68.0	-10.0
6.0	-68.0	-10.0
6.0	-68.0	-10.0
20.0	-50.0	-40.0
20.0	-50.0	-40.0
20.0	-50.0	-40.0
-14.0	-48.0	-42.0
18.0	-42.0	-42.0
18.0	-42.0	-42.0
18.0	-42.0	-42.0
18.0	-42.0	-42.0
18.0	-42.0	-42.0
18.0	-42.0	-40.0

// Memel M, 2017: PMID 28456521-1
// Subjects=20
-34.0	6.0	38.0
0.0	52.0	30.0
32.0	50.0	10.0
6.0	44.0	36.0
34.0	22.0	40.0
-36.0	6.0	32.0
28.0	-10.0	-34.0
24.0	-8.0	-32.0
-30.0	-36.0	-8.0
-20.0	-32.0	-2.0
26.0	0.0	-36.0
18.0	-42.0	-4.0
26.0	0.0	-36.0
28.0	-14.0	-24.0
30.0	-16.0	-22.0
-22.0	-12.0	-20.0
44.0	22.0	14.0
-38.0	30.0	34.0
-26.0	34.0	32.0
-32.0	-44.0	-10.0
-44.0	30.0	14.0
-22.0	-16.0	-20.0
48.0	32.0	14.0
-48.0	36.0	4.0
-38.0	34.0	-14.0
-34.0	6.0	28.0
34.0	-40.0	-12.0
-28.0	-38.0	-14.0
-48.0	28.0	10.0
-34.0	-10.0	-34.0
26.0	-14.0	-22.0
-20.0	-10.0	-24.0
32.0	32.0	-16.0
-38.0	30.0	-18.0
36.0	-14.0	-30.0
-38.0	38.0	20.0
-30.0	38.0	-8.0
22.0	-30.0	-4.0
38.0	24.0	38.0
34.0	-40.0	-12.0
40.0	-12.0	-16.0
-28.0	-44.0	-6.0
-42.0	14.0	30.0
-30.0	-12.0	-32.0
16.0	-32.0	-4.0
-28.0	34.0	30.0
-26.0	34.0	-14.0
-28.0	-44.0	-6.0
44.0	12.0	30.0
-42.0	14.0	30.0
28.0	-10.0	-34.0
30.0	-44.0	-6.0
30.0	-44.0	-6.0
16.0	-32.0	-4.0
50.0	16.0	-4.0
50.0	16.0	-4.0
20.0	-12.0	-22.0
-20.0	-40.0	8.0
30.0	34.0	-12.0
20.0	46.0	36.0
-20.0	-40.0	8.0
28.0	-10.0	-34.0
26.0	30.0	-10.0
36.0	-12.0	-34.0
30.0	-10.0	-18.0
30.0	-44.0	-6.0
24.0	-8.0	-32.0
-30.0	-12.0	-32.0
30.0	-10.0	-18.0
-42.0	14.0	30.0

// Madan CR, 2017: PMID 28483720-1
// Subjects=20
-17.0	-9.0	-13.0
-18.0	-18.0	-18.0
24.0	-47.0	-20.0
-19.0	-7.0	-15.0
23.0	-2.0	-20.0
38.0	-7.0	-4.0
40.0	0.0	-4.0
39.0	-13.0	6.0
38.0	8.0	-10.0
-24.0	-16.0	-15.0
-27.0	-36.0	-7.0
-42.0	-4.0	-1.0
-39.0	-18.0	-28.0
-45.0	-11.0	-1.0
22.0	-2.0	-21.0
27.0	-73.0	35.0
45.0	-17.0	-1.0
-22.0	-6.0	-27.0
2.0	-64.0	44.0
-33.0	-84.0	36.0
-24.0	-46.0	-9.0
41.0	-66.0	42.0
-16.0	-61.0	19.0
23.0	-41.0	-2.0
-27.0	-6.0	-28.0
44.0	-60.0	-9.0
-45.0	-49.0	-15.0
8.0	-73.0	35.0
50.0	-51.0	31.0
-17.0	-31.0	-17.0

// Vijayakumar N, 2017: PMID 28549797-1
// Subjects=20
-39.1	21.2	-15.3
-55.5	-11.6	-13.1
-7.4	-92.9	28.4
27.9	-22.8	-16.3
11.3	62.0	-13.2
-33.5	-29.9	-28.8
-25.8	-22.0	-17.7
-7.4	63.1	-19.0
-42.3	11.7	0.6
31.1	21.3	-7.0
47.8	25.6	27.7

// Song AH, 2017: PMID 28626012-1
// Subjects=20
28.0	-2.0	10.0
-22.0	-6.0	0.0
20.0	-6.0	0.0
42.0	8.0	-10.0
-6.0	-10.0	4.0
0.0	-58.0	-26.0
-4.0	-36.0	-46.0
4.0	-36.0	-36.0
-4.0	-14.0	-14.0
4.0	-36.0	-24.0
2.0	-42.0	36.0
2.0	-48.0	50.0
-28.0	0.0	-8.0
12.0	4.0	12.0
-18.0	12.0	14.0
-16.0	-22.0	14.0
10.0	4.0	14.0
-24.0	-8.0	0.0
-30.0	-2.0	48.0
-8.0	42.0	12.0
-12.0	8.0	16.0
4.0	-6.0	6.0
-44.0	18.0	32.0
-38.0	32.0	26.0
0.0	4.0	56.0
2.0	22.0	34.0
-6.0	70.0	4.0
-12.0	-10.0	4.0
-6.0	32.0	42.0
-34.0	4.0	66.0
4.0	-12.0	-10.0
2.0	60.0	0.0
34.0	28.0	46.0
50.0	-24.0	-20.0
-24.0	-6.0	2.0
-24.0	-6.0	4.0
44.0	6.0	-10.0
50.0	16.0	-12.0
52.0	-12.0	-14.0
38.0	-24.0	-14.0
-10.0	-32.0	-26.0
0.0	-26.0	-26.0
-18.0	-14.0	8.0
-4.0	-42.0	-18.0
-32.0	40.0	12.0
-42.0	-52.0	38.0
-8.0	-28.0	26.0
28.0	-2.0	12.0
-16.0	14.0	16.0
8.0	-30.0	32.0
18.0	70.0	10.0
-10.0	-70.0	34.0
-44.0	-56.0	46.0
4.0	-2.0	6.0
34.0	-74.0	48.0
0.0	34.0	32.0
12.0	34.0	18.0
4.0	-8.0	4.0
4.0	-2.0	6.0
16.0	4.0	0.0
28.0	-14.0	12.0
18.0	-4.0	20.0
-24.0	-2.0	-2.0
-48.0	-38.0	20.0
0.0	-34.0	28.0
-38.0	4.0	-12.0
-16.0	-12.0	-26.0
-14.0	64.0	10.0
-28.0	6.0	-8.0
-60.0	-16.0	-24.0
-10.0	12.0	2.0
-26.0	-24.0	-12.0
-8.0	-84.0	-28.0
60.0	-14.0	-18.0
-4.0	-28.0	-18.0
-16.0	-8.0	-2.0
-36.0	16.0	-10.0
2.0	-28.0	-42.0
26.0	-22.0	-14.0
36.0	18.0	-10.0
20.0	-2.0	-6.0
20.0	14.0	-6.0
12.0	18.0	0.0
16.0	-98.0	-14.0
-8.0	10.0	2.0
42.0	-60.0	-44.0
46.0	-32.0	26.0
-34.0	-50.0	8.0
6.0	-2.0	2.0
-2.0	-6.0	8.0
0.0	-24.0	-22.0
-6.0	-36.0	-22.0
38.0	-70.0	-34.0
-2.0	-22.0	-20.0
-38.0	-66.0	-50.0
-22.0	-4.0	-4.0
-60.0	-26.0	16.0
28.0	-22.0	-12.0
8.0	10.0	2.0
6.0	-16.0	-14.0
-6.0	2.0	32.0
-28.0	-18.0	-12.0
48.0	-32.0	20.0
26.0	-16.0	-4.0
46.0	16.0	52.0
-40.0	-66.0	32.0
-50.0	-62.0	0.0
64.0	-44.0	0.0
58.0	-46.0	32.0
2.0	38.0	2.0
4.0	50.0	-6.0
6.0	32.0	32.0
6.0	-36.0	-26.0
-40.0	22.0	44.0
0.0	40.0	38.0
38.0	44.0	30.0
-34.0	14.0	12.0
42.0	10.0	-12.0
-48.0	48.0	12.0
6.0	-26.0	8.0
52.0	-40.0	36.0
56.0	-26.0	12.0
0.0	-38.0	44.0
-2.0	-10.0	68.0
-34.0	28.0	38.0
6.0	-38.0	-26.0
-6.0	-36.0	-24.0
0.0	-30.0	62.0
4.0	-18.0	-12.0
-4.0	-32.0	-38.0
-2.0	-16.0	6.0
18.0	-28.0	-14.0
-8.0	2.0	10.0
-18.0	-20.0	-18.0
28.0	-30.0	-12.0

// Yang P, 2017: PMID 28629974-1
// Subjects=20
57.0	-48.0	27.0
-44.0	-34.0	55.0
34.0	-36.0	59.0
-47.0	-54.0	8.0
47.0	-51.0	16.0
52.0	-29.0	20.0
56.0	-51.0	-10.0
39.0	18.0	3.0
-12.0	-58.0	-6.0
13.0	-58.0	-4.0
-22.0	-66.0	45.0
15.0	-31.0	-6.0
-21.0	-30.0	-7.0
21.0	-51.0	-11.0
-52.0	-33.0	17.0
-30.0	-55.0	-17.0

// St Jacques PL, 2018: PMID 28633886-1
// Subjects=20
-2.0	48.0	48.0
-52.0	16.0	30.0
-42.0	16.0	24.0
-38.0	6.0	46.0
-24.0	28.0	46.0
-10.0	46.0	46.0
-6.0	38.0	46.0
-4.0	42.0	32.0
32.0	-78.0	-40.0
-40.0	-64.0	34.0
-16.0	30.0	52.0
22.0	-86.0	-38.0
-28.0	22.0	50.0
-58.0	-36.0	-4.0
-42.0	-60.0	28.0
-38.0	-66.0	36.0
46.0	28.0	-8.0
46.0	28.0	-8.0
-6.0	22.0	56.0
-10.0	44.0	44.0
-42.0	10.0	46.0
10.0	-2.0	-6.0
-40.0	-14.0	-24.0
-48.0	-62.0	24.0
0.0	10.0	-8.0
20.0	-80.0	-30.0
-42.0	14.0	26.0
48.0	-58.0	46.0
46.0	-62.0	28.0
-48.0	-34.0	-2.0
-10.0	46.0	46.0
-16.0	30.0	52.0
0.0	48.0	48.0
-6.0	38.0	46.0
2.0	-12.0	0.0
20.0	34.0	42.0
-6.0	-56.0	28.0
20.0	-50.0	26.0
-10.0	-42.0	32.0
-40.0	-56.0	24.0
-16.0	46.0	40.0
-22.0	30.0	44.0
-42.0	16.0	24.0
-42.0	-58.0	26.0
-4.0	54.0	-8.0
-6.0	62.0	-2.0
0.0	38.0	-20.0
-52.0	16.0	30.0
-52.0	38.0	-8.0
14.0	-78.0	-28.0
24.0	-80.0	-30.0
18.0	-84.0	-36.0
-40.0	-64.0	34.0
-38.0	6.0	46.0
-52.0	38.0	-8.0
-58.0	-44.0	-6.0
-52.0	38.0	-8.0
-60.0	-34.0	-10.0
-28.0	-26.0	-16.0
-6.0	-42.0	34.0
-4.0	-56.0	24.0
60.0	-4.0	-20.0
-60.0	-52.0	2.0
-4.0	-68.0	38.0
-60.0	-36.0	-2.0
-12.0	-6.0	4.0
20.0	34.0	42.0
-60.0	-8.0	-18.0
56.0	30.0	0.0
54.0	26.0	16.0
48.0	30.0	-6.0
26.0	18.0	-16.0
36.0	32.0	-14.0
-42.0	10.0	46.0
-32.0	24.0	-20.0
-52.0	38.0	-8.0
-50.0	30.0	0.0
-10.0	42.0	42.0
58.0	24.0	8.0
24.0	-34.0	-16.0
-44.0	-74.0	32.0
14.0	-46.0	4.0
-8.0	30.0	48.0
32.0	22.0	0.0
56.0	22.0	20.0
42.0	30.0	40.0
38.0	12.0	46.0
2.0	-86.0	-2.0
-56.0	18.0	12.0
-6.0	20.0	54.0
-2.0	48.0	-16.0
62.0	-38.0	-6.0
-40.0	8.0	48.0
54.0	-28.0	32.0
-60.0	-28.0	24.0
-64.0	-30.0	38.0
-16.0	44.0	-6.0
-10.0	28.0	-10.0
48.0	-60.0	24.0
-42.0	26.0	42.0
34.0	-60.0	-30.0
-12.0	-84.0	-12.0
66.0	-24.0	22.0
-42.0	-62.0	46.0

// Heesink L, 2017: PMID 28654776-1
// Subjects=20
-8.0	10.0	2.0
58.0	-42.0	28.0
12.0	12.0	2.0
-32.0	24.0	-2.0
6.0	40.0	38.0
40.0	24.0	-2.0
32.0	22.0	12.0
0.0	-18.0	30.0
2.0	-22.0	-6.0
-26.0	-24.0	-16.0
2.0	12.0	46.0
30.0	50.0	20.0
14.0	10.0	66.0
28.0	-16.0	-18.0
6.0	-22.0	64.0
0.0	-24.0	20.0
-18.0	34.0	48.0
50.0	-62.0	24.0
18.0	-28.0	12.0
-54.0	-6.0	26.0
-38.0	36.0	-16.0
-48.0	30.0	0.0
34.0	24.0	6.0
-36.0	-12.0	12.0
-14.0	-50.0	-20.0
-8.0	64.0	18.0
42.0	-76.0	14.0
-42.0	-74.0	8.0
46.0	-26.0	48.0
2.0	-76.0	4.0
4.0	8.0	50.0
-38.0	-18.0	50.0
2.0	-46.0	-26.0
24.0	-58.0	-8.0
-58.0	-6.0	-8.0
-56.0	6.0	28.0
-30.0	20.0	4.0
22.0	-40.0	14.0
-42.0	0.0	12.0
22.0	-50.0	-26.0
-18.0	-42.0	12.0
12.0	16.0	0.0
-10.0	18.0	-2.0
24.0	-24.0	-2.0
-56.0	-42.0	30.0
10.0	-18.0	8.0
44.0	-16.0	58.0
2.0	-76.0	8.0
48.0	-70.0	36.0
-20.0	-26.0	-4.0
22.0	-26.0	-2.0
-42.0	-20.0	50.0
12.0	6.0	54.0
2.0	-26.0	-10.0
-36.0	16.0	4.0
-30.0	-88.0	-10.0
56.0	30.0	0.0
32.0	-90.0	-6.0
-8.0	56.0	32.0
2.0	-70.0	4.0
-48.0	30.0	0.0
54.0	30.0	0.0
-44.0	18.0	44.0
-48.0	-56.0	22.0
-2.0	0.0	44.0
-40.0	-2.0	12.0
-46.0	-68.0	26.0
54.0	-64.0	28.0
2.0	-26.0	-10.0
-32.0	-4.0	52.0
30.0	-90.0	-6.0
-32.0	38.0	32.0
-56.0	6.0	28.0
-40.0	2.0	12.0
-24.0	20.0	4.0
12.0	16.0	2.0
-8.0	-18.0	6.0
2.0	-22.0	24.0
4.0	-48.0	-26.0
-30.0	36.0	30.0
20.0	-50.0	-26.0
34.0	24.0	6.0
-20.0	-60.0	54.0
32.0	-90.0	-6.0
-46.0	-22.0	50.0
22.0	-40.0	14.0
-4.0	4.0	52.0
-18.0	-42.0	12.0
2.0	-44.0	-26.0
2.0	-22.0	24.0
24.0	-26.0	-4.0
2.0	-72.0	6.0
-48.0	36.0	10.0
-30.0	-88.0	-10.0
18.0	26.0	30.0
-14.0	18.0	22.0
-28.0	-22.0	-12.0
64.0	-16.0	36.0
30.0	-18.0	-16.0
-52.0	-22.0	42.0
-26.0	-2.0	-20.0
48.0	-28.0	50.0
16.0	32.0	-4.0
-50.0	-68.0	0.0
2.0	-18.0	28.0
-34.0	-2.0	14.0
2.0	-20.0	64.0
-38.0	-34.0	54.0
-32.0	22.0	-2.0
34.0	24.0	-6.0
4.0	-8.0	-8.0
4.0	-22.0	64.0
40.0	26.0	0.0
-32.0	24.0	0.0
6.0	42.0	36.0
-36.0	-12.0	62.0
2.0	-24.0	-6.0
-36.0	-8.0	10.0
10.0	-24.0	20.0
30.0	-18.0	-18.0
48.0	-62.0	10.0
6.0	-22.0	66.0
-54.0	-2.0	-10.0
-12.0	-12.0	0.0
38.0	-22.0	26.0
-40.0	-68.0	18.0
50.0	40.0	8.0
-24.0	-52.0	60.0
-22.0	24.0	50.0
-52.0	-16.0	34.0
-38.0	-32.0	48.0
-22.0	-2.0	24.0
24.0	-52.0	58.0
18.0	34.0	-4.0
-38.0	36.0	-16.0
-8.0	66.0	22.0
20.0	6.0	24.0
4.0	34.0	48.0
26.0	-74.0	34.0
-8.0	-96.0	8.0
0.0	14.0	40.0
4.0	-84.0	6.0
-30.0	-84.0	-8.0
-36.0	-92.0	-12.0
-14.0	-92.0	24.0
-8.0	-10.0	32.0
18.0	-70.0	18.0
-20.0	-66.0	16.0
18.0	-70.0	18.0
12.0	-76.0	24.0
-10.0	-8.0	40.0
-30.0	-28.0	24.0
-8.0	-96.0	8.0
-22.0	-44.0	-18.0
-16.0	-34.0	42.0
-10.0	-38.0	48.0
14.0	4.0	28.0
16.0	-4.0	32.0
-22.0	-32.0	-22.0
12.0	-38.0	26.0
-6.0	-46.0	-24.0
28.0	-54.0	-18.0
-14.0	0.0	34.0
8.0	-80.0	10.0
-20.0	-66.0	16.0
8.0	-80.0	10.0
-6.0	-82.0	14.0
-4.0	-92.0	14.0
-12.0	-8.0	34.0
-6.0	-82.0	14.0
-30.0	-84.0	-8.0
-14.0	18.0	34.0
-36.0	-12.0	34.0
18.0	26.0	32.0
-28.0	-72.0	-10.0
-14.0	0.0	36.0
-12.0	6.0	38.0
-32.0	-28.0	24.0
-36.0	-66.0	10.0
24.0	-52.0	38.0
-30.0	-28.0	-12.0
30.0	-50.0	-18.0
-34.0	-92.0	-12.0
-38.0	-24.0	-10.0
-6.0	-66.0	-6.0
-6.0	-26.0	20.0

// Kumfor F, 2017: PMID 28662418-1
// Subjects=20
-14.0	20.0	-8.0
-46.0	-8.0	26.0
28.0	6.0	-20.0
24.0	64.0	-6.0
-40.0	-16.0	-42.0
50.0	-8.0	-20.0
26.0	-20.0	-10.0
52.0	-50.0	4.0
-40.0	-16.0	32.0
16.0	58.0	-12.0
52.0	10.0	-8.0
-14.0	56.0	-14.0
-40.0	-32.0	20.0
-50.0	-50.0	-6.0
-38.0	-4.0	-50.0
-16.0	-86.0	-48.0
-42.0	10.0	-38.0
26.0	2.0	-20.0
-16.0	-70.0	18.0
34.0	20.0	-30.0
-22.0	-86.0	-48.0
54.0	16.0	-26.0
18.0	-54.0	10.0
42.0	14.0	14.0
-28.0	-26.0	50.0
22.0	64.0	-8.0
-40.0	-14.0	-44.0
48.0	-52.0	0.0
22.0	-68.0	-34.0
60.0	-34.0	-28.0
10.0	30.0	-26.0
-20.0	-35.0	-6.0
24.0	-10.0	-16.0
-36.0	-2.0	6.0
-20.0	-34.0	-6.0
-30.0	-34.0	60.0
-48.0	-28.0	6.0
-14.0	18.0	-6.0
28.0	4.0	-24.0
-36.0	-2.0	-42.0
-48.0	10.0	-22.0
-38.0	-4.0	-44.0
-44.0	-28.0	16.0
34.0	-38.0	48.0
-46.0	-56.0	14.0
-38.0	-16.0	34.0

// Bomyea J, 2017: PMID 28753471-1
// Subjects=20
-10.4	-54.1	11.7
52.4	27.2	10.9
-8.3	-53.1	10.5
-42.5	6.2	23.8
0.3	-54.0	11.6
-0.9	-65.4	-12.0
16.0	25.3	3.7
-2.8	-55.5	20.7
-15.7	-86.2	-3.4
56.9	-56.9	10.1
-16.2	62.3	3.2
-29.7	-25.4	12.9
-24.6	-21.2	-15.4
-43.7	9.0	19.1
-16.8	26.9	41.8
17.4	-56.8	16.1
6.7	-73.6	5.4
54.5	27.1	9.8
25.8	-19.9	9.6
16.4	-55.7	16.0
-42.5	6.3	24.9
28.2	-1.2	45.9
-7.3	-21.2	10.1
-30.9	-18.8	2.3
8.5	49.4	12.9
-46.7	-46.5	17.1
-29.3	-55.4	51.1
-50.1	20.9	21.5
-50.0	13.3	33.3
51.4	25.4	15.5
50.3	28.3	11.9
36.9	-51.3	43.3
25.7	10.6	5.9

// Wilkins LK, 2017: PMID 28780430-1
// Subjects=20
-28.0	-36.0	-6.0
4.0	2.0	1.0
32.0	-14.0	-16.0
32.0	-40.0	-2.0
32.0	-14.0	-16.0
-34.0	-18.0	-12.0
42.0	-12.0	62.0
22.0	-16.0	-32.0
56.0	-8.0	-24.0
38.0	2.0	-38.0
-20.0	-26.0	68.0
26.0	-36.0	-34.0
-58.0	12.0	38.0
62.0	8.0	34.0
34.0	-14.0	-26.0
-62.0	-10.0	38.0
14.0	46.0	4.0
26.0	-42.0	0.0
-16.0	26.0	-2.0
48.0	-34.0	14.0
-60.0	-28.0	50.0
-52.0	32.0	-10.0
52.0	18.0	2.0
-42.0	38.0	-6.0
-14.0	38.0	-4.0
54.0	-78.0	-6.0
38.0	16.0	-14.0
-14.0	8.0	-8.0
-26.0	22.0	-4.0
-26.0	-12.0	-32.0
54.0	-4.0	-24.0
-56.0	-38.0	-16.0
74.0	-18.0	-4.0
-12.0	-6.0	-8.0

// Crottaz-Herbette S, 2017: PMID 28782545-1
// Subjects=20
-46.0	-2.0	-10.0
-46.0	14.0	42.0
-2.0	34.0	28.0
-36.0	28.0	-2.0
-36.0	26.0	-6.0
-30.0	-56.0	56.0
4.0	-24.0	50.0
-26.0	-8.0	48.0
-40.0	12.0	40.0
-18.0	-38.0	4.0
-12.0	52.0	42.0
32.0	42.0	-14.0
-46.0	-78.0	28.0
-56.0	-26.0	0.0
-14.0	-44.0	-16.0
50.0	20.0	8.0
-42.0	-62.0	38.0
66.0	-16.0	10.0
-42.0	42.0	2.0
-38.0	18.0	50.0
40.0	-52.0	42.0
-62.0	-46.0	24.0
-14.0	44.0	50.0
24.0	40.0	48.0

// Kluczniok D, 2017: PMID 28806742-1
// Subjects=20
-8.0	30.0	-8.0
0.0	52.0	-2.0
28.0	-14.0	-22.0
-54.0	-56.0	8.0
-58.0	-10.0	-22.0
58.0	-10.0	-22.0
-20.0	24.0	42.0
6.0	-84.0	22.0
38.0	-34.0	68.0
-12.0	-90.0	24.0
48.0	-66.0	24.0
-28.0	-4.0	-24.0
26.0	-2.0	-28.0
-62.0	-30.0	26.0
2.0	46.0	-8.0
-2.0	-54.0	28.0
-26.0	-10.0	-24.0
52.0	-30.0	26.0
-24.0	-30.0	-18.0
6.0	-84.0	26.0
36.0	4.0	8.0
-50.0	-4.0	4.0
50.0	-30.0	16.0
-50.0	-34.0	22.0
-16.0	-52.0	-8.0
-44.0	-2.0	-6.0
-38.0	-6.0	-8.0
-30.0	-30.0	-12.0
-30.0	-30.0	-12.0
20.0	-44.0	-4.0
-52.0	-34.0	20.0
6.0	-84.0	22.0
-50.0	-4.0	4.0
46.0	-32.0	20.0
22.0	-4.0	-28.0
38.0	-14.0	14.0
50.0	0.0	6.0

// Li Y, 2017: PMID 28848407-1
// Subjects=20
6.0	4.0	68.0
-32.0	50.0	20.0
-30.0	50.0	20.0
-30.0	48.0	20.0
-30.0	48.0	24.0
-30.0	48.0	24.0
-30.0	48.0	24.0
-30.0	48.0	24.0
-30.0	48.0	24.0
-30.0	48.0	24.0
-22.0	40.0	-16.0
-16.0	34.0	52.0
-16.0	34.0	52.0
-32.0	50.0	20.0
-16.0	34.0	52.0
-16.0	34.0	52.0
26.0	48.0	-8.0
26.0	48.0	-8.0
26.0	48.0	-8.0
6.0	48.0	-8.0
6.0	4.0	-8.0
6.0	4.0	68.0
-16.0	48.0	24.0
-32.0	50.0	20.0
-22.0	40.0	-16.0
6.0	4.0	68.0
-16.0	34.0	24.0
24.0	58.0	68.0
24.0	58.0	34.0
24.0	58.0	34.0
24.0	58.0	34.0
24.0	58.0	34.0
30.0	42.0	26.0
-4.0	-34.0	68.0
30.0	42.0	26.0
42.0	42.0	26.0
42.0	40.0	26.0
42.0	40.0	38.0
42.0	40.0	38.0
42.0	40.0	38.0
42.0	40.0	38.0
42.0	40.0	38.0
42.0	40.0	38.0
42.0	40.0	38.0
-22.0	40.0	38.0
-22.0	40.0	38.0
-22.0	40.0	-16.0
6.0	4.0	68.0
6.0	4.0	68.0
6.0	4.0	68.0
-22.0	40.0	-16.0
-37.0	24.0	-4.0
48.0	42.0	20.0
48.0	42.0	20.0
48.0	42.0	20.0
-52.0	-2.0	52.0
-52.0	-2.0	52.0
-52.0	-2.0	52.0
-37.0	-2.0	52.0
-37.0	24.0	52.0
-37.0	24.0	-4.0
-37.0	24.0	-4.0
-37.0	24.0	-4.0
24.0	4.0	68.0
38.0	36.0	26.0
-37.0	24.0	-4.0
38.0	16.0	2.0
42.0	16.0	2.0
42.0	16.0	2.0
42.0	16.0	2.0
-37.0	24.0	-4.0
-44.0	16.0	18.0
-44.0	16.0	18.0
-44.0	16.0	18.0
-44.0	16.0	18.0
-44.0	16.0	-4.0
-44.0	24.0	-4.0
-37.0	24.0	-4.0
30.0	42.0	26.0
38.0	36.0	2.0
38.0	36.0	26.0
38.0	36.0	26.0
38.0	36.0	26.0
38.0	36.0	26.0
38.0	36.0	26.0
32.0	36.0	26.0
32.0	40.0	26.0
32.0	40.0	-18.0
32.0	40.0	-18.0
32.0	40.0	-18.0
32.0	40.0	-18.0
-46.0	2.0	40.0
-34.0	2.0	40.0
-46.0	2.0	40.0
48.0	42.0	20.0
-34.0	-18.0	40.0
-34.0	-18.0	72.0
-34.0	-18.0	72.0
-34.0	-18.0	72.0
-34.0	-18.0	72.0
-34.0	-18.0	72.0
-34.0	-18.0	72.0
-34.0	-18.0	72.0
-4.0	-18.0	72.0
38.0	36.0	26.0
-46.0	2.0	40.0
6.0	4.0	68.0
16.0	-88.0	-10.0
-30.0	48.0	24.0
58.0	2.0	46.0
58.0	2.0	46.0
58.0	2.0	46.0
42.0	2.0	46.0
42.0	8.0	46.0
42.0	8.0	30.0
42.0	8.0	30.0
42.0	8.0	30.0
42.0	8.0	30.0
42.0	8.0	30.0
-4.0	10.0	52.0
42.0	8.0	30.0
52.0	8.0	30.0
52.0	4.0	30.0
52.0	4.0	52.0
52.0	4.0	52.0
52.0	4.0	52.0
52.0	4.0	52.0
-2.0	12.0	50.0
-2.0	12.0	50.0
-2.0	12.0	50.0
-4.0	-34.0	68.0
-4.0	10.0	50.0
-46.0	14.0	4.0
-4.0	10.0	52.0
-4.0	12.0	50.0
-4.0	10.0	52.0
-4.0	10.0	52.0
-40.0	4.0	26.0
-4.0	10.0	52.0
-4.0	10.0	52.0
0.0	10.0	52.0
0.0	6.0	52.0
0.0	6.0	24.0
0.0	6.0	24.0
0.0	6.0	24.0
0.0	6.0	24.0
-40.0	4.0	26.0
42.0	8.0	30.0
-24.0	20.0	20.0
-24.0	20.0	26.0
-4.0	10.0	52.0
-24.0	20.0	20.0
-24.0	20.0	20.0
-24.0	20.0	20.0
-24.0	20.0	20.0
-24.0	20.0	20.0
-4.0	-34.0	72.0
-46.0	20.0	20.0
-46.0	14.0	20.0
-40.0	4.0	26.0
-24.0	4.0	26.0
-46.0	14.0	4.0
-24.0	20.0	20.0
-46.0	14.0	4.0
-10.0	-98.0	-6.0
-10.0	-98.0	-6.0
-10.0	-98.0	-6.0
-10.0	-98.0	-6.0
-10.0	-98.0	-6.0
-10.0	-98.0	-6.0
-44.0	-98.0	-6.0
-44.0	-64.0	-6.0
-44.0	-64.0	20.0
-44.0	-64.0	20.0
-46.0	14.0	4.0
-10.0	-98.0	-6.0
-44.0	-64.0	20.0
16.0	-88.0	-10.0
16.0	-88.0	-10.0
16.0	-88.0	-10.0
16.0	-88.0	-10.0
2.0	-88.0	-10.0
2.0	-90.0	-10.0
2.0	-90.0	-4.0
2.0	-90.0	-4.0
-44.0	-64.0	20.0
-4.0	-34.0	68.0
-58.0	-44.0	12.0
16.0	-88.0	-10.0
2.0	-90.0	-4.0
16.0	-88.0	-10.0
-58.0	-44.0	12.0
2.0	-90.0	-4.0
-58.0	-44.0	12.0
40.0	20.0	-20.0
40.0	20.0	-20.0
40.0	20.0	-20.0
40.0	20.0	-20.0
-50.0	-50.0	12.0
-50.0	-50.0	12.0
-50.0	-50.0	12.0
46.0	24.0	-10.0
46.0	24.0	-10.0
46.0	24.0	-10.0
-50.0	-50.0	12.0
-48.0	-70.0	-1.0
-58.0	-44.0	12.0
46.0	24.0	-10.0
-22.0	-4.0	-24.0
-22.0	32.0	-10.0
-38.0	30.0	0.0
-24.0	-34.0	-4.0
-52.0	6.0	10.0
-48.0	-70.0	-1.0
-48.0	-70.0	-1.0
-48.0	-70.0	-1.0
-4.0	-34.0	68.0

// Inman CS, 2018: PMID 28951163-1
// Subjects=20
26.0	1.0	-18.0
-41.0	18.0	39.0
-38.0	30.0	-16.0
0.0	45.0	-10.0
42.0	17.0	39.0
-24.0	-1.0	-17.0
-26.0	-13.0	-17.0
-26.0	-33.0	-3.0
39.0	31.0	-15.0
29.0	-13.0	-17.0
27.0	-58.0	59.0
39.0	-84.0	-8.0
-38.0	-84.0	-9.0
49.0	-57.0	38.0
26.0	-33.0	-3.0
-49.0	-57.0	38.0
-26.0	-58.0	59.0
0.0	-57.0	19.0

// Gawrysiak MJ, 2017: PMID 28957777-1
// Subjects=20
-28.0	-22.0	-14.0
38.0	-10.0	4.0
-18.0	-6.0	-16.0
-26.0	4.0	6.0
-22.0	-8.0	-4.0
-6.0	-20.0	-20.0
18.0	16.0	-4.0
-10.0	18.0	-2.0
-20.0	16.0	12.0
-8.0	-22.0	6.0
32.0	-4.0	-30.0
-20.0	-10.0	-4.0
20.0	20.0	4.0
22.0	6.0	-8.0
22.0	-6.0	-16.0
-18.0	-6.0	-16.0
-26.0	4.0	2.0
16.0	12.0	6.0

// Wang X, 2017: PMID 29163097-1
// Subjects=20
-26.0	-44.0	-10.0
20.0	2.0	24.0
56.0	-28.0	22.0
-54.0	-28.0	18.0
14.0	-82.0	6.0
32.0	-40.0	-10.0
-42.0	-36.0	4.0
20.0	-66.0	16.0
-26.0	-50.0	0.0
-22.0	-62.0	8.0
42.0	-60.0	18.0
22.0	-64.0	10.0
32.0	-52.0	6.0
-52.0	-46.0	2.0
22.0	-62.0	-2.0
-50.0	-46.0	24.0
54.0	-26.0	-8.0
-28.0	34.0	-4.0
12.0	-34.0	18.0
-12.0	-44.0	18.0
22.0	-20.0	2.0
-28.0	-34.0	-10.0
-2.0	-20.0	-4.0
-40.0	-66.0	20.0
-48.0	-54.0	16.0
46.0	22.0	10.0
42.0	-46.0	-8.0
14.0	40.0	14.0
0.0	-36.0	-20.0
36.0	-44.0	-14.0
50.0	-38.0	-6.0
-28.0	-8.0	-2.0
-50.0	-6.0	12.0
30.0	-8.0	2.0
46.0	22.0	-28.0
-40.0	20.0	20.0
14.0	54.0	2.0
-26.0	-46.0	8.0
4.0	-24.0	-16.0
-22.0	36.0	14.0
42.0	22.0	26.0
42.0	28.0	22.0
0.0	-30.0	-12.0
4.0	-12.0	-20.0
26.0	32.0	-14.0
44.0	-24.0	44.0
28.0	-70.0	10.0
32.0	54.0	-12.0
14.0	-58.0	16.0
0.0	-18.0	-6.0
6.0	56.0	-4.0
28.0	8.0	4.0
6.0	-24.0	-14.0
4.0	-24.0	-16.0
42.0	34.0	8.0
-6.0	4.0	24.0
40.0	40.0	-2.0
22.0	52.0	2.0
2.0	-2.0	42.0
-26.0	-4.0	-20.0
0.0	-62.0	14.0
32.0	-12.0	-18.0
-20.0	44.0	18.0
-4.0	-8.0	-12.0
-42.0	18.0	28.0
-26.0	-4.0	8.0
18.0	40.0	-18.0

// Dennis NA, 2018: PMID 29190526-1
// Subjects=20
-9.0	-43.0	31.0
18.0	-7.0	-11.0
-50.0	31.0	8.0
24.0	10.0	-10.0
18.0	-4.0	-9.0
30.0	-85.0	5.0
-6.0	-2.0	34.0
-24.0	27.0	44.0
53.0	-17.0	29.0
-50.0	-11.0	37.0
36.0	-80.0	2.0
12.0	28.0	-8.0
-30.0	-19.0	-11.0
0.0	17.0	61.0
-18.0	0.0	20.0
21.0	-16.0	-13.0
-6.0	57.0	-5.0
21.0	20.0	8.0
-12.0	22.0	3.0
-30.0	-22.0	-13.0
-48.0	-24.0	5.0
56.0	-9.0	10.0
53.0	-39.0	50.0
-6.0	-36.0	58.0
-15.0	-10.0	-11.0
-53.0	5.0	-2.0
-59.0	-16.0	-19.0

// Lissek S, 2018: PMID 29242106-1
// Subjects=20
-20.0	-28.0	-12.0
-26.0	-28.0	-10.0
-34.0	-36.0	-10.0
30.0	-12.0	-24.0
-32.0	-18.0	-28.0
38.0	-14.0	-28.0
36.0	-16.0	-24.0
-26.0	-28.0	-8.0
-32.0	-18.0	-20.0
20.0	-28.0	-8.0
-26.0	-32.0	-12.0
-20.0	-28.0	-12.0
38.0	-14.0	-28.0
-32.0	-28.0	-12.0

// Brihmat N, 2017: PMID 29243119-1
// Subjects=20
-4.0	-64.0	40.0
26.0	-33.0	-8.0
-23.0	-40.0	-14.0
-60.0	-6.0	-16.0
-64.0	-14.0	-11.0
0.0	-52.0	36.0
49.0	-14.0	34.0
-11.0	-53.0	0.0
11.0	-60.0	35.0
-34.0	-86.0	-8.0
-19.0	38.0	43.0
19.0	42.0	39.0
-4.0	-48.0	36.0
64.0	-14.0	-16.0
49.0	-68.0	-1.0
-64.0	-14.0	-11.0
0.0	-48.0	36.0
0.0	-60.0	45.0
60.0	-37.0	32.0
57.0	-42.0	52.0
0.0	8.0	41.0
-30.0	-13.0	-21.0
-56.0	0.0	40.0
53.0	12.0	-9.0
49.0	1.0	35.0
-49.0	-79.0	-2.0
-26.0	-21.0	-17.0
0.0	-45.0	46.0

// Yousuf M, 2017: PMID 29243121-1
// Subjects=20
-38.0	-80.0	33.0
-22.0	-20.0	-15.0
13.0	5.0	-15.0
-13.0	3.0	-15.0
-23.0	-66.0	43.0
29.0	7.0	5.0
47.0	3.0	23.0
-31.0	7.0	5.0
-8.0	13.0	40.0
40.0	15.0	8.0
28.0	-35.0	-8.0
-53.0	-10.0	-8.0
-18.0	-13.0	-3.0
28.0	-78.0	-15.0
13.0	20.0	3.0
-53.0	-70.0	33.0
23.0	13.0	-3.0
-58.0	-5.0	-5.0
-8.0	48.0	3.0
-23.0	-40.0	-15.0
5.0	43.0	3.0
-25.0	-3.0	-20.0
-5.0	53.0	15.0
25.0	-3.0	-20.0
0.0	58.0	-5.0
-38.0	-50.0	48.0
-3.0	33.0	38.0
8.0	-70.0	45.0
8.0	10.0	38.0
48.0	-48.0	50.0
-8.0	15.0	3.0
13.0	10.0	63.0
-30.0	53.0	8.0
33.0	58.0	5.0
-8.0	-70.0	50.0
-8.0	15.0	50.0
-25.0	3.0	5.0
15.0	3.0	-13.0
-10.0	-65.0	48.0
40.0	18.0	-1.0
-8.0	8.0	46.0
28.0	-35.0	45.0
-28.0	-25.0	-10.0
5.0	-18.0	-15.0
12.0	-28.0	45.0
8.0	8.0	50.0
-5.0	-23.0	45.0
60.0	-10.0	25.0
65.0	-18.0	5.0
-33.0	-85.0	10.0
48.0	23.0	-10.0
45.0	-30.0	38.0

// Arsenault JT, 2018: PMID 29263238-1
// Subjects=20
1.0	-27.0	18.0
-6.0	-38.0	8.0
6.0	-39.0	8.0
-17.0	12.0	13.0
22.0	-28.0	9.0
-12.0	10.0	12.0
14.0	9.0	12.0
5.0	-34.0	12.0
-1.0	-28.0	17.0
10.0	8.0	18.0
-6.0	-32.0	14.0
5.0	-38.0	4.0
5.0	-37.0	7.0
6.0	-37.0	13.0
0.0	-36.0	12.0
-12.0	17.0	11.0
-15.0	-29.0	14.0
13.0	-29.0	15.0
-4.0	13.0	13.0
3.0	14.0	16.0
-10.0	7.0	18.0
-21.0	-29.0	9.0
-3.0	-41.0	4.0
12.0	-26.0	16.0
15.0	11.0	11.0
-23.0	-31.0	-8.0
16.0	-39.0	-6.0
-15.0	-39.0	-7.0
20.0	11.0	6.0
-6.0	-48.0	6.0
2.0	5.0	21.0
-16.0	-9.0	13.0
25.0	-32.0	-8.0
9.0	-50.0	5.0
-10.0	-26.0	16.0
-22.0	-23.0	-3.0
22.0	-24.0	-2.0
-22.0	-4.0	-12.0
21.0	-4.0	-12.0
16.0	-7.0	-9.0
-5.0	-6.0	8.0
5.0	-2.0	8.0
-18.0	9.0	8.0
18.0	9.0	9.0
-21.0	9.0	4.0
-14.0	-6.0	-10.0

// Clewett DV, 2018: PMID 29301874-1
// Subjects=20
62.0	-44.0	20.0
-38.0	18.0	8.0
-62.0	26.0	12.0
-44.0	-6.0	8.0
-56.0	-50.0	18.0
-62.0	-28.0	34.0
-56.0	-52.0	8.0
-60.0	-50.0	10.0
-50.0	-48.0	12.0
-12.0	-30.0	-30.0
-58.0	-44.0	26.0
62.0	-36.0	42.0
-38.0	8.0	8.0
-14.0	-40.0	-10.0
-8.0	-34.0	-30.0
8.0	-54.0	-28.0
4.0	-62.0	-30.0
-14.0	-58.0	-28.0
32.0	-56.0	-12.0
24.0	-58.0	-14.0
14.0	-40.0	-10.0
-38.0	8.0	-6.0
-14.0	-42.0	-6.0
62.0	-32.0	46.0
62.0	-28.0	46.0
-22.0	-34.0	-8.0
60.0	-32.0	40.0
66.0	-28.0	34.0
-40.0	16.0	2.0
8.0	-58.0	8.0
10.0	-92.0	-20.0
36.0	-70.0	8.0
4.0	-70.0	-34.0
10.0	-58.0	16.0
-6.0	-66.0	8.0
32.0	50.0	24.0
10.0	-94.0	16.0
30.0	46.0	14.0
56.0	14.0	32.0
34.0	46.0	16.0
38.0	-60.0	-24.0
10.0	-98.0	18.0
36.0	-58.0	-28.0
-12.0	-90.0	-20.0
38.0	-64.0	-24.0
16.0	-82.0	20.0
-2.0	-90.0	-24.0
40.0	-88.0	22.0
26.0	46.0	20.0
54.0	8.0	42.0
-34.0	-66.0	-24.0
34.0	-62.0	-12.0
-40.0	-68.0	-16.0
-32.0	-76.0	-24.0
-38.0	-76.0	-24.0
-42.0	-70.0	-24.0
-4.0	-90.0	-20.0
-12.0	-84.0	-22.0
-12.0	-86.0	-26.0
-34.0	-82.0	-26.0

// Quevedo K, 2018: PMID 29304386-1
// Subjects=20
-48.0	-68.0	-2.0
0.0	-94.0	4.0
-36.0	-74.0	44.0
60.0	-16.0	34.0
36.0	0.0	6.0
-64.0	-40.0	-4.0
24.0	-2.0	-18.0
-28.0	-28.0	-12.0
22.0	-64.0	58.0
0.0	-50.0	36.0

// Denson TF, 2018: PMID 29313253-1
// Subjects=20
21.0	41.0	25.0
-42.0	35.0	16.0
-21.0	47.0	16.0
-3.0	41.0	28.0
-3.0	20.0	34.0
33.0	44.0	19.0
24.0	50.0	19.0
-30.0	-28.0	-11.0
12.0	37.0	8.0
-15.0	3.0	-5.0
-15.0	11.0	10.0
3.0	23.0	31.0

// Yang X, 2018: PMID 29339077-1
// Subjects=20
-48.0	3.0	36.0
-6.0	6.0	63.0
-57.0	0.0	24.0
42.0	-45.0	42.0
-12.0	-51.0	21.0
-45.0	-42.0	42.0
15.0	-99.0	12.0
36.0	-15.0	18.0
30.0	-33.0	-12.0
-30.0	-30.0	-12.0
-9.0	39.0	6.0
-30.0	0.0	63.0
36.0	-72.0	-12.0
6.0	-9.0	39.0
54.0	3.0	-27.0
-33.0	-18.0	18.0
45.0	-30.0	21.0
45.0	-18.0	45.0
-45.0	-72.0	30.0
36.0	36.0	15.0
36.0	-60.0	54.0
24.0	6.0	60.0
12.0	3.0	-3.0
0.0	30.0	33.0
-15.0	-96.0	0.0
-30.0	-57.0	39.0
-24.0	9.0	12.0
-54.0	9.0	-6.0
3.0	-27.0	27.0

// Landi N, 2018: PMID 29366948-1
// Subjects=20
-26.6	-33.2	-5.4
-16.8	32.1	40.3
57.8	-13.0	-0.3
-42.2	-52.1	40.9
-13.4	-62.2	31.4
-42.5	-31.9	12.5
-4.3	32.8	6.6

// Kotkowski E, 2018: PMID 29387529-1
// Subjects=20
-26.0	-14.0	-14.0
-26.0	-34.0	-4.0
24.0	-12.0	-14.0
4.0	-18.0	12.0
28.0	-32.0	-4.0
36.0	6.0	4.0
-6.0	-16.0	14.0
-6.0	6.0	-2.0
-34.0	-8.0	0.0
-34.0	16.0	2.0
10.0	12.0	8.0

// Huang F, 2018: PMID 29408576-1
// Subjects=20
4.0	-42.0	40.0
-44.0	28.0	20.0
-40.0	10.0	30.0
46.0	28.0	18.0
56.0	-66.0	22.0
4.0	64.0	6.0
8.0	52.0	4.0
54.0	-64.0	40.0
-8.0	10.0	-4.0
28.0	0.0	-16.0
-26.0	-6.0	-14.0
30.0	-24.0	-12.0
-42.0	-78.0	34.0
-26.0	-28.0	-12.0
-46.0	-68.0	24.0

// Bao C, 2018: PMID 29464530-1
// Subjects=20
36.0	18.0	-9.0
-48.0	-3.0	39.0
-15.0	-69.0	39.0
-36.0	-24.0	-6.0
24.0	-30.0	-6.0
18.0	18.0	54.0
-6.0	21.0	24.0
-3.0	54.0	6.0
39.0	42.0	-18.0
-42.0	3.0	-36.0
30.0	-3.0	-39.0
-33.0	-24.0	-15.0
9.0	-21.0	36.0
48.0	-9.0	18.0
30.0	-3.0	-30.0

// Sung YW, 2018: PMID 29593488-1
// Subjects=20
44.0	-41.0	-21.0
48.0	15.0	40.0
-29.0	39.0	-16.0
-57.0	-37.0	-7.0
-49.0	-40.0	35.0
16.0	-7.0	69.0
44.0	-16.0	56.0
-36.0	-74.0	-18.0
-52.0	-37.0	-8.0
50.0	-17.0	49.0
-38.0	58.0	-15.0
-29.0	38.0	20.0
44.0	-50.0	11.0
-32.0	35.0	23.0
-27.0	-92.0	18.0
-26.0	19.0	-22.0
-32.0	-59.0	37.0
50.0	-46.0	36.0
31.0	18.0	48.0
-37.0	-32.0	69.0
-15.0	-75.0	58.0
-11.0	-83.0	11.0
9.0	-78.0	13.0
-25.0	10.0	56.0
-20.0	-35.0	-3.0
10.0	70.0	-5.0
48.0	-1.0	44.0
-20.0	18.0	52.0
30.0	-20.0	68.0
-8.0	-61.0	21.0
41.0	6.0	-38.0
-21.0	-44.0	69.0
-51.0	-32.0	39.0
39.0	-40.0	-16.0
13.0	65.0	0.0
19.0	-31.0	0.0
9.0	-77.0	19.0
69.0	-38.0	6.0
-3.0	-70.0	59.0
-37.0	-73.0	22.0
-15.0	-66.0	47.0
-21.0	-5.0	53.0
-24.0	11.0	-27.0
17.0	64.0	0.0
-32.0	31.0	71.0
-47.0	-31.0	47.0
-39.0	-30.0	58.0
-21.0	-20.0	70.0
33.0	-16.0	-8.0
46.0	-37.0	52.0
-15.0	6.0	56.0
-7.0	-19.0	60.0
10.0	37.0	1.0
31.0	37.0	48.0
44.0	-41.0	-15.0
-60.0	-50.0	-8.0
-12.0	-69.0	42.0
42.0	-71.0	35.0
-54.0	-54.0	37.0
33.0	-15.0	-35.0
-29.0	-77.0	47.0
54.0	3.0	-29.0
33.0	-42.0	-19.0
-49.0	-33.0	44.0
66.0	-29.0	2.0
58.0	-47.0	31.0
-21.0	-36.0	-29.0
-35.0	-76.0	44.0
-22.0	16.0	-25.0
-54.0	12.0	3.0
28.0	-67.0	25.0
-44.0	29.0	20.0
-36.0	-73.0	-14.0
-44.0	-60.0	-43.0
-6.0	-46.0	20.0
61.0	-55.0	-21.0
-8.0	-63.0	45.0
7.0	65.0	-7.0
52.0	-59.0	-37.0
30.0	-45.0	-37.0
26.0	-73.0	25.0
-27.0	-73.0	24.0
-40.0	-56.0	54.0
44.0	54.0	-12.0
38.0	39.0	22.0
-2.0	15.0	-19.0
28.0	22.0	-26.0
-54.0	-42.0	32.0
62.0	-30.0	35.0
29.0	49.0	20.0
35.0	-38.0	47.0
49.0	3.0	26.0
3.0	-17.0	14.0
48.0	-70.0	-34.0
-44.0	-75.0	-31.0
-32.0	-14.0	-10.0
-34.0	-39.0	41.0
-40.0	2.0	-36.0
-27.0	-9.0	-5.0
-51.0	-51.0	-1.0
3.0	56.0	-11.0
44.0	38.0	5.0
-19.0	12.0	-42.0
31.0	-41.0	-10.0
-50.0	41.0	7.0
43.0	6.0	-35.0
52.0	6.0	-42.0
-4.0	-42.0	18.0
-9.0	-4.0	56.0
-12.0	-64.0	-29.0
-19.0	69.0	5.0
50.0	16.0	22.0
0.0	47.0	34.0
-59.0	-21.0	26.0
51.0	-62.0	-43.0
45.0	29.0	-1.0
13.0	-59.0	44.0
11.0	48.0	-17.0
5.0	40.0	-21.0
-13.0	56.0	-5.0
-24.0	-24.0	-25.0
-7.0	-44.0	-16.0
-13.0	-43.0	9.0
-16.0	-57.0	53.0
45.0	26.0	28.0
35.0	25.0	-30.0
-8.0	51.0	-21.0
14.0	49.0	-19.0
-22.0	-26.0	-11.0
-7.0	-44.0	17.0
60.0	12.0	30.0
22.0	35.0	54.0
-31.0	-4.0	64.0
-6.0	-38.0	23.0
43.0	-54.0	-32.0
-57.0	-46.0	-3.0
29.0	-97.0	-9.0
-50.0	25.0	24.0
-2.0	-14.0	16.0
49.0	-20.0	62.0
-53.0	-50.0	25.0
62.0	-17.0	36.0
47.0	-40.0	24.0
-16.0	-87.0	-29.0
-2.0	-17.0	32.0
3.0	-23.0	42.0
55.0	23.0	26.0
-59.0	0.0	28.0
-46.0	-5.0	28.0
56.0	-34.0	-16.0
38.0	32.0	17.0
-48.0	-15.0	-9.0
10.0	-9.0	9.0
-34.0	-3.0	-35.0
-26.0	-41.0	-36.0
-33.0	-44.0	57.0
-8.0	-43.0	9.0
-53.0	-8.0	-7.0
27.0	-76.0	39.0
36.0	-71.0	52.0
55.0	-21.0	52.0
-52.0	-16.0	-5.0
44.0	-16.0	56.0
39.0	-40.0	-16.0
-39.0	-30.0	58.0
33.0	-16.0	-8.0
28.0	22.0	-26.0
-44.0	-75.0	-31.0
30.0	-39.0	3.0
43.0	6.0	-35.0
3.0	56.0	-11.0
-6.0	-38.0	23.0
60.0	12.0	30.0
55.0	-21.0	52.0
47.0	-40.0	24.0
3.0	-23.0	42.0
-59.0	0.0	28.0
-46.0	-5.0	28.0
56.0	-34.0	-16.0
-52.0	-16.0	-5.0
49.0	3.0	26.0

// Wu JJ, 2018: PMID 29654733-1
// Subjects=20
65.0	-20.0	-37.0
-22.0	-22.0	-21.0
-13.0	20.0	-65.0
-21.0	-11.0	-67.0
-3.0	-7.0	-19.0
-28.0	9.0	-77.0
14.0	32.0	-85.0
-42.0	36.0	-11.0
30.0	38.0	-13.0
-61.0	-40.0	-11.0
22.0	-11.0	-17.0
-3.0	7.0	-73.0
3.0	22.0	-69.0
53.0	-20.0	19.0
-26.0	9.0	-21.0
-9.0	-20.0	-63.0
-17.0	-36.0	-9.0
-9.0	28.0	-19.0
-50.0	-1.0	5.0
-50.0	-34.0	-53.0
-26.0	-30.0	-5.0
40.0	-18.0	-69.0
7.0	32.0	-13.0
22.0	-16.0	-77.0
24.0	17.0	7.0
53.0	30.0	-23.0
-69.0	-7.0	-41.0
-67.0	-28.0	-21.0
-40.0	-51.0	-11.0
-59.0	-16.0	3.0
5.0	40.0	-5.0
46.0	-22.0	-63.0
-11.0	-44.0	-31.0
28.0	-7.0	-15.0
5.0	36.0	-79.0
51.0	11.0	-39.0
5.0	28.0	11.0
-32.0	-53.0	-29.0
-65.0	-24.0	-37.0
49.0	-9.0	-19.0
-54.0	20.0	-33.0
-44.0	-32.0	-25.0
-52.0	1.0	9.0
-28.0	-11.0	-81.0
-7.0	22.0	-17.0
-46.0	7.0	15.0
7.0	1.0	-31.0
26.0	-13.0	-65.0
53.0	-20.0	21.0
-59.0	-24.0	11.0
57.0	-20.0	-1.0
-52.0	-32.0	-55.0
28.0	15.0	11.0
38.0	-40.0	-41.0
53.0	-7.0	5.0
-26.0	-30.0	-7.0
-44.0	32.0	-59.0
-59.0	-15.0	-53.0
-24.0	-16.0	-67.0
-17.0	-24.0	-35.0
-48.0	-7.0	5.0
-19.0	-28.0	-69.0
22.0	-32.0	-71.0
49.0	-28.0	-57.0
53.0	-22.0	-19.0
28.0	-20.0	-15.0
49.0	-24.0	-61.0
-3.0	-46.0	-9.0
-40.0	-51.0	-11.0
-17.0	-36.0	-9.0
-59.0	20.0	-35.0
32.0	-49.0	-15.0
63.0	-49.0	-9.0
-36.0	24.0	-61.0
-19.0	32.0	-47.0
-40.0	5.0	-85.0
-30.0	-11.0	-59.0
-11.0	28.0	7.0
-46.0	-28.0	-63.0
-15.0	-24.0	-57.0
-3.0	15.0	-63.0
18.0	-38.0	-13.0
57.0	28.0	-41.0
-38.0	-36.0	-21.0
-11.0	-40.0	-15.0
-54.0	-32.0	-41.0
9.0	3.0	-15.0
26.0	-18.0	-65.0
59.0	-34.0	-13.0
30.0	-18.0	-79.0
9.0	-34.0	-7.0
47.0	5.0	15.0
-57.0	-11.0	-1.0
-9.0	5.0	1.0
-24.0	11.0	-13.0
-44.0	-13.0	-71.0
30.0	-38.0	-53.0
-9.0	42.0	-3.0
57.0	7.0	-69.0
1.0	32.0	-45.0
-57.0	-17.0	-65.0
14.0	32.0	29.0
-9.0	3.0	-93.0
65.0	-45.0	-15.0
51.0	-10.0	27.0
-13.0	-38.0	-45.0
-26.0	-26.0	-77.0
44.0	19.0	-51.0
40.0	3.0	-33.0
30.0	-3.0	1.0
44.0	-20.0	-63.0
22.0	-5.0	-81.0
34.0	-26.0	-77.0
3.0	38.0	3.0
-61.0	-26.0	-49.0
-15.0	-34.0	-41.0
-21.0	-7.0	-59.0
18.0	17.0	-9.0
-1.0	13.0	-7.0
-7.0	-30.0	-69.0
-56.0	1.0	-35.0
-15.0	-5.0	-85.0
-73.0	-15.0	-3.0
67.0	-32.0	9.0
-46.0	-7.0	23.0
-50.0	-30.0	-57.0
12.0	15.0	-3.0
26.0	19.0	29.0
-28.0	-51.0	-29.0
-38.0	-18.0	-43.0
-52.0	-20.0	1.0

// Sumanapala DK, 2018: PMID 29779737-1
// Subjects=20
3.0	-25.0	25.0
-24.0	-31.0	-14.0
9.0	17.0	7.0
-3.0	20.0	7.0
-21.0	-16.0	46.0
-15.0	-16.0	58.0
-21.0	-4.0	67.0
-39.0	-7.0	49.0
-15.0	-64.0	61.0
-24.0	-55.0	64.0
-36.0	-55.0	46.0
-6.0	-1.0	-14.0
3.0	-37.0	-8.0
-6.0	-34.0	-11.0
-18.0	-40.0	-8.0
18.0	-58.0	61.0
-18.0	-22.0	37.0
-15.0	44.0	37.0
-21.0	-31.0	-5.0
-18.0	-37.0	-11.0
-36.0	-43.0	49.0
-48.0	-49.0	52.0
-42.0	-40.0	55.0
-36.0	-49.0	58.0
-9.0	-25.0	4.0
-21.0	-37.0	7.0
-42.0	-49.0	46.0
-51.0	-28.0	13.0
63.0	-31.0	13.0
66.0	-37.0	19.0
66.0	-28.0	4.0
-39.0	-76.0	-5.0
-36.0	-85.0	-2.0
48.0	-40.0	10.0
-42.0	-52.0	55.0
45.0	-49.0	10.0
-27.0	-37.0	-11.0
-9.0	-22.0	73.0
-18.0	-22.0	-14.0
-6.0	-13.0	58.0
0.0	-19.0	64.0
-3.0	-13.0	58.0
-18.0	-64.0	49.0
-42.0	-61.0	-20.0
-39.0	-52.0	-8.0
3.0	-16.0	64.0
12.0	-97.0	4.0
-36.0	-61.0	-14.0
-45.0	-55.0	-17.0
30.0	-79.0	-11.0
-39.0	-61.0	1.0
39.0	-61.0	-20.0
-33.0	-61.0	-14.0
-18.0	-28.0	10.0
-39.0	-52.0	-20.0
-36.0	-61.0	-14.0
-30.0	-76.0	-2.0
-36.0	-67.0	-20.0
-54.0	-40.0	22.0
-21.0	-85.0	22.0
24.0	-97.0	1.0
-42.0	-55.0	43.0
-33.0	-55.0	46.0
12.0	-85.0	-14.0
21.0	-85.0	14.0
21.0	-76.0	-14.0
-18.0	-85.0	13.0
-24.0	-55.0	46.0
12.0	-91.0	10.0
-48.0	-67.0	1.0
-24.0	-85.0	-5.0
-30.0	-79.0	4.0
18.0	-94.0	-8.0
-36.0	-85.0	-2.0
-18.0	-82.0	7.0
-24.0	-73.0	-11.0

