stage,record_id,pmid,doi,first_author,year,journal,title,fulltext_source,decision,code,category,population,n_healthy,seed,analysis_type,wholebrain_hc,main_effect_map,coord_table,coord_table_label,other_coord_tables,coords_extracted_n,reason,notes,access_note,data_source,space,sample_overlap_flag
pending (round 1),PMID24399179,24399179.0,10.1007/s00429-013-0698-0,Amft M,2015,Brain Struct Funct,Definition and characterization of an extended social-affective default network.,ncbi_pmc_xml,exclude,E7,,healthy adults (NKI rs n=153) + BrainMap MACM,153,"L/R amygdala/hippocampus eSAD regions (COG MNI -24,-10,-20 and 24,-8,-22), derived from amygdala seed overlap","MACM + seed-to-voxel rsFC (consensus conjunction), clustering",partial,yes,no,,,0.0,"Seeds are amygdala/anterior-hippocampus junction regions of an extended social-affective default network (originating from an amygdala seed), interpreted mainly as amygdala; not a hippocampal seed. Whole-brain MACM/rsFC maps shown only as figures (Fig 5, supplement).","Borderline E7: Amy/Hippo ROI centroids lie at amygdala-hippocampal transition; maps figure-only (L Amy/Hippo Fig 5, others in supplement), no coordinate tables. MNI; cluster FWE p<0.05. If reviewers accept amygdalohippocampal seeds, could be reconsidered as mixed meta+rsFC.",,,,
pending (round 1),PMID21494597,21494597.0,10.1371/journal.pone.0017463,Huijbers W,2011,PLoS One,The hippocampus is coupled with the default network during memory retrieval but not during memory encoding.,unpaywall_pdf,exclude,E7,,healthy young adults (rest n=22; task n=21),22,none (ICA DMN component including hippocampal formation),group ICA (GIFT) + ROI activation ANOVAs,no,no,no,,Table 2: DMN ICA component peaks (incl. L/R hippocampal formation),0.0,"Hippocampus never used as FC seed: resting-state ICA identified a DMN component that includes the hippocampal formation; task part compares ROI activation (subsequent memory). 'Coupling' refers to co-activation, no seed-based FC.",MNI. ICA DMN map includes HF but is not a hippocampal-seed or hippocampus-specific network map.,,,,
pending (round 1),PMID32038473,32038473.0,10.3389/fneur.2020.00018,Schnellbächer GJ,2020,Front Neurol,Functional Characterization of Atrophy Patterns Related to Cognitive Impairment.,unpaywall_pdf,exclude,E7,mixed,healthy older adults (1000BRAINS) + BrainMap healthy experiments,637,"MCI-atrophy meta-analytic clusters: left MTL (kE 2407 voxels, peak -22,-8,-22; hippocampus CA + laterobasal amygdala), right MTL (kE 1984, peak 24,-8,-20; amygdala LB, DG, parahippocampal gyrus), precuneus",MACM + seed-to-voxel rsFC + conjunction,partial,yes,no,,"Table 1: conjunction MACM & rsFC per seed; Table 2: seed contrasts (conjunction); Table 3: age correlations; rsFC-only peaks in Table S-3 (supplement, not captured)",0.0,"Seeds are large VBM-derived MCI atrophy clusters spanning hippocampus, laterobasal amygdala and parahippocampal gyrus (not essentially hippocampus); whole-brain rsFC (n=637 healthy older) and MACM maps of these mixed MTL clusters.","BORDERLINE E7 vs include: mixed hippocampus-amygdala MTL seed, cluster size (~2400 voxels) far exceeds hippocampus. MNI. rsFC FWE p<0.05 voxel-level; main-effect rsFC table only in supplement (Table S-3). If reviewers accept mixed MTL seeds, would be include (rsFC coords in supp).",,,,
pending (round 1),PMID38527809,38527809.0,10.1523/JNEUROSCI.2220-23.2024,Koslov SR,2024,J Neurosci,Dissociable Contributions of the Medial Parietal Cortex to Recognition Memory.,pmc_html,exclude,E9,mixed,healthy young adults (NSD),8,"individual anterior vs posterior hippocampus ROIs (manual, uncal apex); MPC clusters as seeds for rest",beta-series and rsFC anterior-posterior hippocampal bias within MPC only,no,no,no,,,0.0,"Hippocampal FC assessed only with medial parietal cortex clusters (anterior-minus-posterior bias maps within MPC, task beta-series and rest); no whole-brain or broad cortical hippocampal-seed FC map.","7T NSD, 8 subjects, individual-level surface maps restricted to MPC.",,,,
pending (round 1),PMID14568492,14568492.0,10.1016/S1053-8119(03)00386-0,Rombouts SA,2003,Neuroimage,"Identifying confounds to increase specificity during a ""no task condition"". Evidence for hippocampal connectivity using fMRI.",PDF supplied by user (institutional access),exclude,E9,,healthy adults (single-subject analyses),5,manually drawn right hippocampus ROIs (per slice; 3 or 5 ROIs per subject),single-subject multiple-regression partial-correlation maps (3-slice and 24-slice acquisitions),,,no,,,0.0,"Methods paper on physiological-noise confounds: single-subject hippocampal partial-correlation maps in 5 adults (3-slice short-TR; 24-slice long-TR in 3); only left-right hippocampal connectivity reported, no group or cortical/whole-brain map.",Exp 1-2: 3 slices perpendicular to hippocampal long axis; Exp 3: 24 slices (whole-brain coverage) in 3 subjects but results described only for hippocampus-hippocampus correlations (Figs 8-10). No stereotactic space. Could alternatively be coded E8 (methods focus).,paywalled (Elsevier); no OA copy found,,,
pending (round 1),PMID17032778,17032778.0,10.1073/pnas.0601674103,Canli T,2006,Proc Natl Acad Sci U S A,Neural correlates of epigenesis.,pmc_html,include,I,task,healthy adults (5-HTTLPR genotype x life stress),48,"task-defined hippocampal GxE activation clusters (e.g. L -32,-18,-14; R 32,-32,-6 MNI) and amygdala clusters (Table 1)",PPI whole-brain with GxE (genotype x life stress) multiple regression,partial,no,no,,Suppl Table 3 (not captured): regions with GxE effect on amygdala/hippocampal PPI connectivity,0.0,"48 healthy adults, face-emotion fMRI; PPI from hippocampal (and amygdala) GxE clusters entered into whole-brain regression testing 5-HTTLPR x life stress; significant GxE connectivity effects (p<0.005 unc, k>=20) listed only in supplement.","Genetic polymorphism design in healthy adults (not E5). Weak: whole-brain threshold p<0.005 uncorrected; PPI psychological term not clearly specified; results only in suppl Table 3 (not in text). MNI. Seeds from GxE activation clusters, amygdala/hippocampus not clearly separated in reporting.",,,,
pending (round 1),PMID18632288,18632288.0,10.1016/j.neuroimage.2008.05.035,Wu CW,2008,Neuroimage,Frequency specificity of functional connectivity in brain networks.,ncbi_pmc_xml,include,I,rsfc,healthy adults,20,"R hippocampus sphere (6 mm diameter) at Talairach 30,-24,-9",seed-to-voxel rsFC across 12 frequency bands,yes,yes,no,,"Table 1: ROI centres derived from group 0-0.1 Hz maps/AFNI atlas for hippocampal network (HPC-r, HPC-l, MPC, PHG) - not a peak table",0.0,Resting-state fMRI in 20 healthy adults; right hippocampal sphere seed correlated voxelwise in each frequency band; group whole-brain connectivity maps (Fig 2) and ROI-based spectral analyses.,"TAL space (AFNI); voxel p<1e-4, cluster 243 mm3 (p<0.05 corrected). Hippocampal network ROIs in Table 1 are partly atlas-based centroids, not peaks, so not extracted. Ages 36+/-9.",,,,
pending (round 1),PMID19052227,19052227.0,10.1523/JNEUROSCI.2944-08.2008,Kong J,2008,J Neurosci,A functional magnetic resonance imaging study on the neural mechanisms of hyperalgesic nocebo effect.,unpaywall_html,include,I,rsfc,healthy young adults,12,"left hippocampus task-defined cluster from nocebo contrast (peak MNI -34,-18,-14; 21 voxels)",seed-to-voxel rsFC,yes,yes,yes,Table 3,Table 3 also lists left frontal operculum seed peaks (not extracted),11.0,Resting scan acquired before any nocebo manipulation in 12 healthy adults; left hippocampal cluster used as seed for whole-brain voxelwise correlation; one-sample group map (Fig 3) and peak table (Table 3).,"Pre-intervention baseline rest, so not E10. MNI; p<0.001 uncorrected, k=20; global signal regression. Table labels 'brain regions correlated with seed' (assumed positive). Two rows have hemisphere label/x-sign mismatch, copied as printed. 11 hippocampal-seed rows extracted.",,,,
pending (round 1),PMID19280693,19280693.0,10.1016/j.neuroimage.2008.12.066,Wu CW,2009,Neuroimage,Mapping functional connectivity based on synchronized CMRO2 fluctuations during the resting state.,ncbi_pmc_xml,include,I,rsfc,healthy young adults,12,"right hippocampus, 6mm-diameter sphere at TAL 30,-24,-9","seed-to-voxel rsFC (BOLD, CBF, CMRO2 from PASL; rest and visual task)",partial,yes,no,,,0.0,"Voxelwise group seed-FC maps of a right hippocampal seed at rest (and during visual stimulation) in 12 healthy adults for BOLD, perfusion and CMRO2 signals (Fig. 2); no peak table.","BORDERLINE: BOLD signal derived from low-pass-filtered PASL (FAIR) data; limited 10-slice (60 mm) AC-PC slab, not whole-brain coverage; methods-oriented paper. If ASL-derived BOLD or partial coverage is deemed insufficient -> E2/E9. Talairach space; AFNI, p<.005 + 567 mm3 cluster (alpha .05). Table 1 gives only ROI-ROI correlation coefficients.",,,,
pending (round 1),PMID19631277,19631277.0,10.1016/j.neuroimage.2009.07.028,Martuzzi R,2010,Neuroimage,Functional connectivity and alterations in baseline brain state in humans.,ncbi_pmc_xml,include,I,rsfc,healthy young adults,14,"left and right hippocampus (anatomical, BioImage Suite Brodmann-area atlas label)",seed-to-voxel rsFC (pre-anesthesia vs 0.5 MAC sevoflurane),yes,yes,no,,"Table 3: left hippocampus seed pre-anesthesia > anesthesia peaks (PCC, IPL; MNI and TAL)",0.0,"Drug (sevoflurane) manipulation, but the pre-anesthesia (baseline) whole-brain left-hippocampal seed FC map is shown (Fig 5; contralateral hippocampus, PCC/precuneus, IPL) in 14 healthy adults; baseline map qualifies under E10 rule.","Main-effect maps only as figures (Fig 5, Suppl Fig 5 for right seed); one-sample t p<0.001, 20-voxel extent; contrasts restricted to positively connected voxels at p<0.01. Table 3 gives MNI and Talairach coordinates for condition differences only.",,,,
pending (round 1),PMID20152133,20152133.0,10.1016/j.neuron.2010.01.001,Tambini A,2010,Neuron,Enhanced brain correlations during rest are related to memory for recent experiences.,ncbi_pmc_xml,exclude,E9,rsfc,healthy young adults,16,task-defined left posterior hippocampal ROI (subsequent associative memory effect),"ROI-to-ROI rest correlations (hippocampus with FFA, LO, PPA)",no,no,no,,,0.0,"Hippocampal ROI correlations during pre/post-task rest computed only with a few localizer-defined cortical ROIs (FFA, LO, PPA) and PFC; no whole-brain or broad cortical hippocampal FC map.",Table 1 lists ROI-pair t-tests only; no coordinates.,,,,
pending (round 1),PMID21442817,21442817.0,,Zhong ZP,2011,Zhongguo Zhen Jiu,[Study on response of resting-state functional magnetic resonance imaging induced by abdominal acupuncture with invigorating the kidney and nourishing marrow method].,none,unresolved_no_fulltext,,,,,,,,,,,,0.0,,,no DOI/OA copy found,,,
pending (round 1),PMID21753010,21753010.0,10.1523/JNEUROSCI.5660-10.2011,Andrade KC,2011,J Neurosci,Sleep spindles and hippocampal functional connectivity in human NREM sleep.,pmc_html,include,I,rsfc,healthy young adults,15,"bilateral hippocampal formation subregions CA, DG, subiculum (Juelich probabilistic maps), combined and separately",seed-to-voxel rsFC (wake vs NREM sleep stages) + spindle PPI,yes,yes,yes,Table 1,"Table 2: sleep-stage comparisons of HF FC (W vs S1/S2/SWS, S2 vs SWS); suppl Table 1 subregion contrasts; spindle x SUB PPI (Fig 3B, suppl)",8.0,Simultaneous EEG-fMRI rest in 25 healthy adults; hippocampal formation subregion seeds correlated voxelwise; within-group wakefulness HF FC map with peak table (Table 1) plus sleep-stage whole-brain comparisons.,"Wake map from 27 epochs of 15 subjects (all subregions combined), pFWE<1e-6, k>150, MNI, 1.5T. Participants mildly sleep-restricted (woke ~3h early) to fall asleep; sleep is state of interest but wake map reported. Sub-peaks not listed.",,,,
pending (round 1),PMID22196329,22196329.0,10.1016/j.neuron.2011.10.014,Poppenk J,2011,Neuron,A hippocampal marker of recollection memory ability among healthy young adults: contributions of posterior and anterior segments.,publisher_html_browser,include,I,rsfc,healthy young adults,13,"L/R anterior and posterior hippocampus (manual segmentation, uncal apex boundary)",seed-to-voxel rsFC entered into PLS; whole-brain pHPC vs aHPC contrast (bootstrap ratio maps),yes,no,no,,pHPC>aHPC regions described in text/Figure 3; peak table (if any) in supplement only,0.0,"Healthy young adults; resting-state seed-to-voxel FC of L/R aHPC and pHPC analysed with PLS at whole-brain level (pHPC vs aHPC connectivity contrast, n=13); main study is volumetry-memory.",Read via Neuron open-archive HTML in browser; rsFC subsample n=13; no within-seed positive-FC table in main text.,,,,
pending (round 1),PMID23098800,23098800.0,10.1016/j.neuroscience.2012.10.032,Schwarz AJ,2013,Neuroscience,The low-frequency blood oxygenation level-dependent functional connectivity signature of the hippocampal-prefrontal network in the rat brain.,PDF supplied by user (institutional access),include,I,rsfc,"healthy adults (human validation arm of a rat study; NYU test-retest data, ages 22-49)",25,"bilateral 3x3x3 mm hippocampal seeds: posterior/fornix-proximal (MNI +/-24..26,-38,-2) and mid-anterior (MNI 28,-22,-14 and -28,52[sic],-14)",seed-to-voxel rsFC; whole-brain paired t-test posterior vs mid-anterior hippocampal seed maps,,,no,,,0.0,"Primarily a rat rsfMRI study, but it includes a human arm: whole-brain seed maps of two bilateral hippocampal seeds in 25 healthy adults compared by paired t-test (distal>proximal in mPFC; Fig. 8). Only the seed contrast is reported.","BORDERLINE: the human data are secondary; only a between-seed contrast is shown (figure only, no table); no within-group map. p<0.01 + cluster p<0.05. MNI. Printed seed coordinate ""(-28, 52, -14)"" is presumably a typo for -22. Only first session used.",paywalled (Elsevier); no OA copy found,,,"1000 Functional Connectomes/INDI: NYU test-retest dataset (Shehzad 2009), downloaded from NITRC"
pending (round 1),PMID23279846,23279846.0,10.1016/j.psyneuen.2012.11.021,Kiem SA,2013,Psychoneuroendocrinology,Resting state functional MRI connectivity predicts hypothalamus-pituitary-axis status in healthy males.,PDF supplied by user (institutional access),include,I,rsfc,"healthy young men (21-31 y), Munich",20,"L and R total hippocampus (Juelich cytoarchitectonic MPM, SPM Anatomy toolbox); also amygdala, ACC subdivisions, mPFC, PCC seeds",seed-to-voxel rsFC (two 6-min pre-intervention EEG-verified wake rest runs averaged); multiple regression of seed maps on dex/CRH cortisol/ACTH AUC within the normative seed network,,,no,,,0.0,"20 healthy men; hippocampal seed-to-voxel rsFC; normative left-hippocampus network shown (Fig 3, one-sample pFWE<1e-4, figure only); hormone-correlation clusters tabled (Table 1), e.g. L HC network-R hippocampus/lingual.","MNI. Table 1 lists only dex/CRH correlation clusters (L hippocampus seed: 18,-28,-10 cortisol; 14,-42,-6 ACTH), not within-group peaks. Correlation analysis restricted to the normative network mask (data-driven, whole-brain derived). Same MPI Munich group as Andrade 2011 (PMID21753010) but a separate dex/CRH sample. Supplementary material not available.",paywalled (Elsevier); no OA copy found,,,none (same lab as Andrade 2011; different sample)
pending (round 1),PMID23558105,23558105.0,10.1016/j.neuroimage.2013.03.050,Urner M,2013,Neuroimage,Early visual learning induces long-lasting connectivity changes during rest in the human brain.,europepmc_xml,exclude,E10,rsfc,healthy young adults,11,"task-defined left hippocampus/subiculum peak (-15,-37,-5), participant-specific peaks","seed-to-voxel rsFC across 4 rest runs (run x day interaction, termed PPI) + DCM",partial,no,no,,,0.0,Hippocampal-seed resting FC tested only for learning-induced change (rest run x day interaction after visual perceptual learning); no baseline/pre-learning whole-brain hippocampal FC map reported; only striatal loci (uncorrected) followed by DCM.,"MNI; interaction reported at p<0.001 uncorrected (striatal peaks -21,8,2 and 21,14,4). Tables 1-2 are task activations only. Could be viewed as type (c) within-subject condition change if orchestrator is lenient.",,,,
pending (round 1),PMID25554429,25554429.0,10.1016/j.neuroimage.2014.12.050,Khalili-Mahani N,2015,Neuroimage,Ketamine interactions with biomarkers of stress: a randomized placebo-controlled repeated measures resting-state fMRI and PCASL pilot study in healthy men.,PDF supplied by user (institutional access),include,I,rsfc,healthy young men (placebo-controlled ketamine crossover),12,"L/R hippocampal head, body and tail (Harvard-Oxford hippocampus >50%, split along y; FSL FEAT multiple regression of the three segments per side)","seed-to-voxel rsFC (whole brain), baseline map averaged over pre-drug scans + ketamine vs placebo mixed model over 5 RS-fMRI time points",,,no,,,0.0,"Drug study but reports baseline (averaged pre-drug) whole-brain rsFC maps of hippocampal head/body/tail in 12 healthy men (Fig 6B, TFCE p<0.05) described region by region; drug effects in Table 2. E10 does not apply because the baseline map is reported.","MNI152 (FSL). Baseline map figure-only (Fig 6B) with textual description; no coordinate table for baseline. Seeds entered jointly in one GLM (unique-variance maps). No motion regressors, WM/CSF only, no GSR. Data from larger ketamine analgesia project (Niesters et al. 2012).",paywalled (Elsevier); no OA copy found,,,
pending (round 1),PMID26057590,26057590.0,10.1016/j.neuroimage.2015.06.012,Lisofsky N,2015,Neuroimage,Hippocampal volume and functional connectivity changes during the female menstrual cycle.,PDF supplied by user (institutional access),include,I,rsfc,"healthy naturally cycling young women, 4 cycle phases",21,bilateral hippocampus (AAL),seed-to-voxel rsFC (DPARSF); whole-brain within-subject comparison across menstrual-cycle phases,,,no,,,0.0,21 healthy women scanned at 4 cycle phases; whole-brain rsFC of the bilateral AAL hippocampus compared LFP vs EFP: higher FC with bilateral superior parietal lobule. This is a natural-state condition contrast in healthy adults (criterion c).,"Same design logic as the included PMID31894405 (menstrual cycle). MNI; p<0.001, AlphaSim. No main-effect map. Global signal regressed.",OA copy listed (Unpaywall) but publisher/repository blocked automated access (bot protection/403),,,
pending (round 1),PMID25994960,25994960.0,10.1093/cercor/bhv102,Fjell AM,2016,Cereb Cortex,Brain Events Underlying Episodic Memory Changes in Aging: A Longitudinal Investigation of Structural and Functional Connectivity.,pmc_html,include,I,rsfc,"young+old healthy (longitudinal, 23-52 & 63-86 y)",120,L/R whole hippocampus (FreeSurfer individual segmentation; ipsilateral hemisphere maps),seed-to-vertex (cortical surface) rsFC; age-group change; FC-memory correlation maps,yes,yes,no,,,0.0,"Resting-state FC from FreeSurfer hippocampus to every ipsilateral cortical vertex in 120 healthy adults; Fig 1 shows mean hippocampal cortical FC map; also age-group FC change and FC-memory change maps (surface, corrected).","Cortical surface-only maps (FreeSurfer), z-thresholded |z|>1 without formal testing for main effect map; no coordinate tables; 1.5T, ~5 min rest, 2 time points; also DTI.",,,,
pending (round 1),PMID26156558,26156558.0,10.1038/npp.2015.203,Witte AV,2016,Neuropsychopharmacology,Impact of KIBRA Polymorphism on Memory Function and the Hippocampus in Older Adults.,pmc_html,include,I,rsfc,healthy older adults (50-80 y),140,L and R hippocampus (FreeSurfer masks),"seed-to-voxel rsFC (FSL FLAME), KIBRA genotype group comparison",yes,yes,no,,"group difference peak (0,-82,10) in text only",0.0,140 healthy older adults; L/R hippocampal seeds correlated with all gray-matter voxels; mean hippocampal network shown per genotype (Fig 3) plus whole-brain genotype difference. No coordinate table.,Healthy genotype comparison (not risk group). Main-effect map figure only (MNI). Text refetched from PMC HTML (first fetch was a landing page).,,,,
pending (round 1),PMID27168407,27168407.0,10.1002/hbm.23258,Moher Alsady T,2016,Hum Brain Mapp,MICA-A toolbox for masked independent component analysis of fMRI data.,pmc_html,exclude,E8,rsfc,HCP young adults,50,bilateral hippocampus mask (Harvard-Oxford/MNI atlas) decomposed by masked ICA into 12 subregional components,masked ICA parcellation + dual regression (supplement only),partial,no,no,,,0.0,Toolbox (mICA) methods demonstration; hippocampus result in main text is only a within-hippocampus ICA parcellation and reproducibility; hippocampal whole-brain dual-regression connectivity is only referred to an undescribed Supporting Information figure.,"Borderline: Supp Fig 3 reportedly contains global connectivity of hippocampal ICs (n=50 HCP, rest), not described in text and not captured; could be reconsidered as rsfc/ICA include if supplementary maps are deemed sufficient. No coordinates.",,,,
pending (round 1),PMID27601666,27601666.0,10.1073/pnas.1612278113,Madore KP,2016,Proc Natl Acad Sci U S A,Episodic specificity induction impacts activity in a core brain network during construction of imagined future experiences.,pmc_html,exclude,E10,,healthy young adults,32,"L anterior hippocampus 6mm sphere at task peak (-34,-16,-12) MNI",seed-to-voxel rsFC (post-induction rest scans),partial,no,no,,Table S7: specificity > control induction rsFC peaks (L ant hippocampal seed & R IPL seed),0.0,Study of an episodic specificity induction (cognitive state manipulation); hippocampal-seed whole-brain rsFC reported only as specificity>control induction contrast; no control-session/baseline within-group seed map reported.,"Borderline: could be viewed as condition contrast in healthy adults (criterion c). MNI; p<0.001 unc, k>=38 (3dClustSim p<0.05 corr); GSR. Primary focus task activation.",,,,
pending (round 1),PMID28160686,28160686.0,10.1016/j.bandc.2017.01.004,de Caso I,2017,Brain Cogn,"Knowing me, knowing you: Resting-state functional connectivity of ventromedial prefrontal cortex dissociates memory related to self from a familiar other.",repo_docx,include,I,rsfc,healthy young adults,38,"left hippocampal formation (HF+) 3mm sphere at MNI -22,-20,-26 (Andrews-Hanna 2010)",seed-to-voxel rsFC (FSL FEAT) + whole-brain brain-behaviour regression,yes,yes,no,,Table 1: clusters whose seed FC predicted memory (incl. HF+ -> left vATL for self memory) - table content not captured in text,0.0,Resting-state seed-to-voxel FC from left hippocampal formation sphere in 38 healthy young adults; group FC map shown (Fig 2D) and whole-brain regression with self-reference memory scores (HF+-lvATL cluster).,"Accepted manuscript (in press, Brain and Cognition). MNI152; Z>2.3 cluster, p<.005 FWE. Main-effect map only as figure (no coordinate table). Unthresholded maps on NeuroVault collection 1373. HF+ seed is hippocampal-formation/Andrews-Hanna MTL subsystem.",,,,
pending (round 1),PMID28363111,28363111.0,10.1016/j.neurobiolaging.2017.01.026,Nikolova S,2017,Neurobiol Aging,3T hippocampal glutamate-glutamine complex reflects verbal memory decline in aging.,ncbi_pmc_xml,include,I,rsfc,young+old healthy,22,L and R anterior hippocampus (MRS voxel locations),"seed-to-voxel rsFC, whole-brain regression on hippocampal Glx (MRS)",yes,no,no,,"Table 2: whole-brain peaks where L/R anterior hippocampal rsFC correlates with Glx (+/- direction, TAL)",0.0,"Anterior hippocampal seed-to-whole-brain rsFC in 22 healthy young and older adults (collapsed), regressed on hippocampal Glx; whole-brain individual-difference map (type d, neurochemical covariate) reported in Table 2; no main-effect map.","Harris/Stark-lab UCI 2017 (Front Aging Neurosci). 13 young + 9 older with rs-fMRI (39 in MRS). AFNI, 3dClustSim p<0.005 k=10, corrected p<.05. Talairach coords. Covariate is Glx not behaviour - borderline type d.",,,,
pending (round 1),PMID28728026,28728026.0,10.1016/j.neuron.2017.06.038,Braga RM,2017,Neuron,Parallel Interdigitated Distributed Networks within the Individual Estimated by Intrinsic Functional Connectivity.,europepmc_xml,exclude,E7,rsfc,healthy adults (4 densely sampled individuals),4,none hippocampal (subject-specific cortical seeds in lateral PFC etc.),individual-level seed-to-vertex rsFC (cortical seeds),no,no,no,,,0.0,"Braga & Buckner: cortical seeds (lateral PFC) define DN-A/DN-B within individuals; parahippocampal/hippocampal-formation coupling appears only as a result region of cortical-seed maps, no hippocampal seed.",Hippocampal formation/PHC correlation examined in Fig S2 as target of cortical seeds only.,,,,
pending (round 1),PMID29158201,29158201.0,10.1016/j.neuroimage.2017.11.032,Liu ZX,2018,Neuroimage,The effect of prior knowledge on post-encoding brain connectivity and its relation to subsequent memory.,PDF supplied by user (institutional access),exclude,E9,rsfc,"healthy young adults (18-24 y), Toronto",20,L/R HPC (AAL mask x encoding-task activation),"ROI-to-ROI rsFC among 10 a priori ROIs (vmPFC, aTPL, HPC, PPA, FFA) in pre/post-encoding rest; supplementary AAL-90 famous vs nonfamous contrast",,,no,,,0.0,"Post-encoding rest FC computed only among 10 predefined ROIs (famous vs nonfamous condition contrasts, memory regressions); supplementary 90-ROI analysis is a condition contrast only; no hippocampal whole-brain map.",Also a state manipulation (post-encoding famous vs nonfamous rest) without a within-group hippocampal map (E10 would also apply).,paywalled (Elsevier); no OA copy found,,,none
pending (round 1),PMID30009166,30009166.0,10.1155/2018/2716134,Fajnerová I,2018,Biomed Res Int,Could Prolonged Usage of GPS Navigation Implemented in Augmented Reality Smart Glasses Affect Hippocampal Functional Connectivity?,europepmc_xml,include,I,rsfc,healthy young adults (AR-glasses intervention + control groups; baseline pooled),33,"L and R hippocampus (Harvard-Oxford atlas ROI, CONN)","seed-to-parcel rsFC (ROI-to-ROI, 106 HO cortical/subcortical + 26 AAL cerebellar ROIs)",yes,yes,no,,"Table 1: baseline top-10 parcels (T values) for L/R HC seeds (no coordinates); Table 2: group x session intervention effects (parcels, uncorrected)",0.0,"Baseline (pre-intervention) rsFC of L/R hippocampal atlas seeds with all 131 atlas parcels in 33 healthy adults (one-sample t, FDR) reported; intervention (3-month GPS/AR glasses) effects secondary; E10 not applicable as baseline map reported.","Parcel-level only, no peak coordinates (Table 1 shows 10 strongest; full list in Supplementary Table 1 not in text). CONN 15.h, MNI, global signal regressed. Intervention effects p<0.05 uncorrected exploratory.",,,,
pending (round 1),PMID30447076,30447076.0,10.1002/hipo.23054,Hermiller MS,2019,Hippocampus,Frequency-specific noninvasive modulation of memory retrieval and its relationship with hippocampal network connectivity.,ncbi_pmc_xml,exclude,E10,rsfc,healthy young adults (TMS within-subject) + independent sample of 47 healthy young adults for network mask,24,"subject-specific hippocampal VOI (top-25% intra-hippocampal connectedness, bilateral TT mask); group seed of 135 overlapping voxels",seed-to-voxel rsFC within HCN mask; stimulation contrasts (theta-burst vs sham etc.) with d' covariate,partial,no,no,,"Table 2: hippocampal FC increases related to d' change, theta-burst minus sham / minus beta-freq (within HCN)",0.0,Primary outcome is parietal TMS (theta-burst/beta/sham) effects on hippocampal rsFC restricted to an HCN mask; no sham-session or baseline within-group hippocampal whole-brain FC map/table reported for the TMS sample.,"HCN mask (Fig 2a) derived from hippocampal-seed whole-brain rsFC in an independent sample of 47 healthy young adults at p<1e-13, shown only as figure/mask, no coordinates. AFNI; 30 recruited, 24 analysed.",,,,
pending (round 1),PMID30529694,30529694.0,10.1016/j.neuroscience.2018.11.049,Zhao R,2019,Neuroscience,Disrupted Resting-State Functional Connectivity in Hippocampal Subregions After Sleep Deprivation.,PDF supplied by user (institutional access),include,I,rsfc,"healthy young adults (17-23 y, mean 20.1), rested-wakefulness vs 24-h sleep deprivation",40,"17 hippocampal subregions from masked ICA (mICA) within Harvard-Oxford hippocampus (10 left, 7 right ICs)",mICA + dual regression hippocampal-subregion-to-whole-brain rsFC; one-sample maps per IC in RW and SD sessions; RW vs SD paired comparison (TFCE),,,yes,Table 1 (rested wakefulness; positive and negative rows per IC),,0.0,"Whole-brain rsFC maps of 17 mICA hippocampal subregions in 40 healthy young adults at rested wakefulness (baseline) with peak table (Table 1); sleep deprivation effects additional. Baseline map reported, so E10 not applied.","MNI (FSL MNI152). Voxelwise permutation p<0.05 Bonferroni/17; GSR, WM, CSF, motion regressed in dual-regression stage. Table 1 lists one peak per AAL region; many positive peaks lie in hippocampus/MTL near the component itself. 88 positive rows extracted (main); 1 garbled negative row logged in QC. Sample includes a few 17-year-olds (majority adult).",paywalled (Elsevier); no OA copy found,,,
pending (round 1),PMID30578926,30578926.0,10.1016/j.neuroimage.2018.12.038,Steel A,2019,Neuroimage,Finding the baby in the bath water - evidence for task-specific changes in resting state functional connectivity evoked by training.,PDF supplied by user (institutional access),exclude,E10,,healthy young adults (training study),19,"bilateral hippocampus (Eickhoff-Zilles maximum probability map, AFNI)","seed-to-voxel rsFC; 3dLME Visit x Time-of-Day (AM/PM, pre/post training); whole-brain behaviour correlation of training-related rsFC change",,,no,,,0.0,"Primary outcome is training-induced (visuospatial/motor) and time-of-day change in hippocampal rsFC across 4 visits. No baseline within-group hippocampal whole-brain map is reported; only AM-PM change, interaction and change-behaviour maps (figures).","BORDERLINE E10: the main effect of time-of-day (AM vs PM across visits, including no-training visits) is a whole-brain hippocampal rsFC state contrast in healthy adults (Fig. 3) and could count under criterion (c). Figures only; MNI; p<0.005, k=70.",OA copy listed (Unpaywall) but publisher/repository blocked automated access (bot protection/403),,,
pending (round 1),PMID30694459,30694459.0,10.1007/s11682-018-0028-5,Murias K,2019,Brain Imaging Behav,Development of spatial orientation skills: an fMRI study.,PDF supplied by user (institutional access),exclude,E11,rsfc,children 10-12 y (n=15) vs healthy young adults 19-34 y (n=18),18,"task-defined R hippocampus/parahippocampal gyrus cluster (children>adults decision contrast; peak MNI 32,-42,0)","seed-to-ROI rsFC (CONN default atlas), adults vs children group comparison only",,,no,,,0.0,"Developmental comparison: hippocampal/PHG seed (from a children>adults task cluster) rsFC to CONN atlas ROIs reported only as adults>children differences (L insula, pSMG, caudate); no adult within-group map.",E11 = developmental group-difference-only design (closest analogue E6/E5 logic); seed spans hippocampus and parahippocampal gyrus.,paywalled (Springer); no OA copy found,,,none
pending (round 1),PMID30783198,30783198.0,10.1038/s41598-019-38630-7,Antonenko D,2019,Sci Rep,tDCS-induced episodic memory enhancement and its association with functional network coupling in older adults.,europepmc_xml,include,I,rsfc,healthy older adults (51-80 y),34,"left hippocampus (seed mask; atlas not specified, CONN 17f)","seed-to-voxel rsFC, whole-brain regression with baseline memory performance",yes,no,no,,"No table; text/Fig 3: brain-behaviour cluster L angular gyrus (-40,-52,18), T=4.45, k=232",0.0,Baseline (pre-tDCS) resting-state left hippocampal seed-to-voxel FC in 34 healthy older adults correlated whole-brain with memory performance (type d); positive cluster in left angular gyrus. tDCS effect analysed separately.,"MNI; height p<.005 uncorrected, cluster FDR p<.05; age covariate. Seed atlas not stated (CONN default likely Harvard-Oxford). No within-group main-effect map reported. Table 1 is behavioural regression.",,,,
pending (round 1),PMID31261241,31261241.0,10.1097/WNR.0000000000001286,Liu D,2019,Neuroreport,The brain mechanism of mind popping based on resting-state functional connectivity.,PDF supplied by user (institutional access),include,I,rsfc,healthy college students (Southwest University),397,"left hippocampus sphere r=8 mm at MNI -23,-19,-16 (from Ryan et al.); also parahippocampal sphere (-12,-35,0)","seed-to-voxel rsFC (grey-matter mask) regressed on Mind-Popping Questionnaire frequency (brain-behaviour, criterion d)",,,no,,,0.0,"Whole-brain rsFC brain-behaviour regression of a left hippocampal seed on mind-popping frequency in 397 healthy students (criterion d); hippocampal seed result was null, only the PHG seed (SMA) was significant.","MNI; AlphaSim p<0.005 voxel, cluster>120. Null result for hippocampal seed (no map/coordinates). DPARSF, 12 mm FWHM smoothing. SWU (Chongqing) brain-behaviour cohort, likely overlaps other SWU/Qiu-lab rsFC papers (e.g. SLIM).",paywalled (Wolters Kluwer); no OA copy found,,,"possible overlap with other Southwest University (Qiu lab) cohorts, e.g. SLIM"
pending (round 1),PMID31873134,31873134.0,10.1038/s41598-019-56111-9,Chen J,2019,Sci Rep,An Effect of Chronic Stress on Prospective Memory via Alteration of Resting-State Hippocampal Subregion Functional Connectivity.,europepmc_xml,include,I,rsfc,"healthy young adults (college freshmen, moderate stress; baseline vs exam week)",21,"hippocampal subfields CA1, CA2/3/DG, subicular complex (SPM Anatomy toolbox)",seed-to-voxel rsFC (DPARSF); paired baseline vs exam-stress comparison,yes,yes,no,,,0.0,"Voxelwise rsFC of CA1, CA23DG and SUBC seeds in 21 healthy students; within-group positive-FC maps at baseline (pre-exam) shown in Fig 1 (FDR p<0.0001), plus exam-stress vs baseline changes (Fig 2). Baseline map reported, so E10 not applicable.","Main-effect and change results only as figures; no coordinate tables (Tables 1-3 are demographics/PM/correlations). Only positive FC examined. MNI; AlphaSim p<0.05 for paired tests. Hemisphere of seeds not specified (likely bilateral). Naturalistic exam stress, non-clinical sample (SLSI moderate).",,,,
pending (round 1),PMID31634545,31634545.0,10.1016/j.neuroimage.2019.116290,Seitzman BA,2020,Neuroimage,A set of functionally-defined brain regions with improved representation of the subcortex and cerebellum.,ncbi_pmc_xml,exclude,E7,rsfc,"healthy young adults (+HCP, MSC validation)",120,anterior & posterior hippocampus 8mm spheres among 61 new subcortical/cerebellar ROIs,ROI-set definition; ROI-to-ROI correlation matrices + InfoMap community detection; seedmaps for validation,partial,no,no,,,0.0,Node-definition methods paper; hippocampal ROIs are among 300+ ROIs; only network community assignment reported (anterior hippocampus+entorhinal form MTL network); no hippocampal seed FC map/results described.,"Borderline E7/E8: Figure 4 'exemplar seedmaps' caption not captured in text, unclear whether hippocampus shown; ROI coordinates only in online resource. Primary dataset 120 WashU young adults (18-32); HCP excluded for subcortical SNR.",,,,
pending (round 1),PMID31642530,31642530.0,10.1111/psyp.13495,Zhang R,2020,Psychophysiology,The neural substrates responsible for how trait anxiety affects delay discounting: Right hippocampal and cerebellar connectivity with bistable right inferior parietal lobule.,PDF supplied by user (institutional access),include,I,rsfc,healthy young adults (Southwest University students),100,"right hippocampus 6-mm sphere at VBM peak (MNI 34,-28,-10); plus right cerebellum seed",seed-to-voxel rsFC (REST); whole-brain correlation of hippocampal FC with trait anxiety,,,no,,,0.0,"Hippocampal (VBM-derived right HPC sphere) seed-to-whole-brain rsFC in 100 healthy students, correlated voxel-wise with trait anxiety (criterion d): RHPC-right IPL FC inversely related to anxiety and delay discounting.","Brain-behaviour correlation only; no main-effect map. MNI; z>2.33, GRF cluster p<0.025. Mean age 20.45 (SD 1.87), a few may be 18-19.",paywalled (Wiley); no OA copy found,,,"Possible overlap with other Southwest University (Chongqing) cohorts (e.g., SALD/SWU brain-behaviour samples); not stated in paper"
pending (round 1),PMID31894405,31894405.0,10.1007/s00429-019-02019-z,Hidalgo-Lopez E,2020,Brain Struct Funct,Human menstrual cycle variation in subcortical functional brain connectivity: a multimodal analysis approach.,europepmc_xml,include,I,rsfc,"healthy young women (naturally cycling, 3 cycle phases)",60,left and right hippocampus (WFU PickAtlas masks),seed-to-voxel rsFC (CONN) plus ICA/ECM/ALFF,yes,yes,unknown_not_captured,,,0.0,"60 healthy women scanned at rest in menses, pre-ovulatory and luteal phases; L/R hippocampal seed-to-voxel maps with one-sample group positive FC (Fig 1a,b, supplement) and whole-brain cycle-phase comparisons (no hippocampal changes).","Type (a)+(c). Main text gives no coordinate table for hippocampal main effect; peak details likely in Supplementary file 1 (PDF, not captured). Threshold p<0.001 unc, k=30, cluster pFWE<0.05; MNI (SPM12/CONN).",,,,
pending (round 1),PMID31928145,31928145.0,10.1080/17470919.2020.1714718,Luo S,2020,Soc Neurosci,Resting-state brain network properties mediate the association between the oxytocin receptor gene and interdependence.,PDF supplied by user (institutional access),exclude,E9,rsfc,"healthy young adults, OXTR rs53576 genotyped (Chinese students)",235,"R hippocampus (AAL node, identified from graph-metric genotype effects)","graph theory (AAL-90 + hypothalamus) nodal metrics; R hippocampus FC to 14 OXTR-rich nodes, genotype group differences, mediation",,,no,,,0.0,"Hippocampal FC tested only with 14 a priori oxytocin-receptor-rich nodes (mPFC, dACC, amygdala, basal ganglia, thalamus) as OXTR genotype differences; no whole-brain/cortical hippocampal map.",Hippocampus selected post hoc from graph-theory degree results.,paywalled (Taylor & Francis); no OA copy found,,,none
pending (round 1),PMID32082138,32082138.0,10.3389/fnagi.2020.00008,Peters R,2020,Front Aging Neurosci,Functional Connectivity of the Anterior and Posterior Hippocampus: Differential Effects of Glucose in Younger and Older Adults.,europepmc_xml,exclude,E10,rsfc,young+old healthy,30,"L/R anterior & posterior hippocampus (5mm spheres, MNI +/-28,-12,-20; -28,-24,-12; 32,-24,-12)","seed-to-voxel rsFC, treatment x age mixed model (CONN)",partial,no,no,,"Table 2: treatment x age-group interaction peak (left pHPC to mPFC, MNI 8,26,30)",0.0,Placebo-controlled glucose crossover study; whole-brain analysis only tested treatment x age interaction (left pHPC-mPFC). No placebo-session within-group seed map; whole-brain age main effect tested but null and not shown.,"Borderline: whole-brain age main effect was tested (no significant clusters) in healthy young vs older; young>older placebo difference only as post hoc on extracted mPFC cluster. 16 young (2 excluded) + 16 older. MNI, cluster FWE p<.05.",,,,
pending (round 1),PMID32472075,32472075.0,10.1038/s41598-020-65086-x,Chai Y,2020,Sci Rep,Two nights of recovery sleep restores hippocampal connectivity but not episodic memory after total sleep deprivation.,europepmc_xml,exclude,E10,rsfc,healthy adults 21-50 (TSD + control groups),54,bilateral whole hippocampus (AAL),"seed-to-voxel rsFC, paired t-test BS vs TSD",partial,no,no,,Table 1: BS>TSD and TSD>BS hippocampal FC peaks (FWE),0.0,"Primary outcome is effect of total sleep deprivation on hippocampal rsFC (whole-brain BS vs TSD contrast, Table 1); no baseline within-group hippocampal seed map reported; recovery effects only in ROIs.",Yang/Basner lab (UPenn) 2020 Sci Rep. MNI. 39 TSD + 15 controls. Baseline-day correlation with d-prime only for ROI (vmPFC). Only whole-brain result is a state-manipulation contrast.,,,,
pending (round 1),PMID32628786,32628786.0,10.1111/psyp.13629,Huo H,2020,Psychophysiology,The effect of trait anxiety on risk-taking: Functional coupling between right hippocampus and left insula.,PDF supplied by user (institutional access),include,I,rsfc,healthy college students (Southwest University),110,"right hippocampus (283-voxel VBM-derived mask; replicated with 6-mm sphere at MNI 34,-28,-10 from Zhang et al. 2019)","seed-to-voxel rsFC (whole brain) correlated with trait anxiety (criterion d), then mediation on risk-taking",,,no,,,0.0,Whole-brain rsFC of a right hippocampal seed correlated with trait anxiety in 110 healthy students (GRF corrected): positive coupling with left insula (criterion d). No within-group map reported.,"MNI; REST toolbox; GRF voxel p<0.05, cluster p<0.001 (as printed). Same lab (Feng, SWU) as Zhang R 2020 (PMID31642530) and Zhang R 2022 (PMID34952988, included); samples may overlap.",paywalled (Wiley); no OA copy found,,,"possible overlap with Zhang R 2020/2022 Southwest University cohorts (PMID31642530, PMID34952988)"
pending (round 1),PMID32828928,32828928.0,10.1016/j.neuroimage.2020.117283,Zhang Y,2020,Neuroimage,Neural mechanisms of AVPR1A RS3-RS1 haplotypes that impact verbal learning and memory.,PDF supplied by user (institutional access),include,I,rsfc,"healthy young Chinese Han adults (18-30), multisite genotyped cohort",1001,bilateral whole hippocampus and 12 FreeSurfer subfields per hemisphere (study-specific masks),seed-to-voxel rsFC (DPABI); one-sample maps used as masks; whole-brain genotype (AVPR1A RS3-RS1) x sex ANOVA,,,no,,,0.0,Genetic-polymorphism design in 1001 healthy young adults: whole-brain rsFC of whole hippocampus and subfield seeds compared across AVPR1A haplotype groups (criterion c); left CA2/3-thalamic FC differed by genotype.,"Healthy genotype comparison, so not E5. One-sample positive-FC maps (FWE p<0.05) were computed as masks but not shown in main text (maybe in supplement). FDR p<0.05. MNI.",OA copy listed (Unpaywall) but publisher/repository blocked automated access (bot protection/403),,,Tianjin multisite healthy-adult genotyped cohort (likely CHIMGEN-related); not one of the listed public datasets
pending (round 1),PMID32931940,32931940.0,10.1016/j.neuroimage.2020.117370,Gauthier B,2020,Neuroimage,First-person body view modulates the neural substrates of episodic memory and autonoetic consciousness: A functional connectivity study.,repo_pdf,exclude,E10,rsfc,healthy young adults (BODY vs NOBODY VR-encoding groups),30,right hippocampus (Brainnetome rostral+caudal fused) and right parahippocampus,ROI-to-ROI (10 ROIs) + seed-to-voxel rsFC pre/post encoding,partial,no,no,,Table 1: ANC*lag*body-view interaction peaks for rPHC seed only (not hippocampus),0.0,"Pre/post VR-encoding rest; outcome is body-view x lag manipulation effect. rHC seed-to-voxel analyses (group, lag, interaction, ANC correlation) all non-significant; significant whole-brain results only for parahippocampal seed; no within-group hippocampal seed map.","Borderline: rHC whole-brain group/lag comparisons were run but null (could be viewed as criterion (c) with null result). MNI; CONN, permutation cluster-mass FDR. Supplementary Tables S1,S3-S5 (parametric) not in text.",,,,
pending (round 1),PMID33141033,33141033.0,10.1016/j.neuroscience.2020.10.018,Xu J,2020,Neuroscience,The Effect of Early Life Stress on Memory is Mediated by Anterior Hippocampal Network.,PDF supplied by user (institutional access),exclude,E9,rsfc,healthy young adults (low vs high childhood trauma CTQ),100,L/R anterior and posterior hippocampus (functional segmentation of Harvard-Oxford hippocampus by FC to 8 ROIs),"partial-correlation FC between a/p hippocampus and 8 a priori memory-network ROIs (EC, TP, OFC, PPHG, PCC, THA, DLPFC, LG); CTQ group comparison, mediation",,,no,,,0.0,Hippocampal rsFC computed only with 8 predefined cortical/thalamic memory ROIs (anterior vs posterior networks) and compared between low/high early-life-stress groups; no voxelwise map.,Healthy normative-ELS sample; E5 not applied.,paywalled (Elsevier); no OA copy found,,,none
pending (round 1),PMID33159547,33159547.0,10.1007/s00429-020-02170-y,Cao L,2021,Brain Struct Funct,Structural and functional brain signatures of endurance runners.,PDF supplied by user (institutional access),include,I,rsfc,healthy young men: endurance runners vs sedentary controls,42,"left hippocampal VBM cluster (peak MNI -33,-31.5,-10.5) and right anterolateral hippocampal shape-inflation region (both group-difference derived)","seed-to-voxel rsFC (whole brain), runners vs controls (criterion c)",,,no,,,0.0,Whole-brain rsFC of left/right hippocampal seeds compared between 22 healthy endurance runners and 20 healthy controls (criterion c): higher FC with SMA/MCC and cerebellum in runners; runner-group maps in Fig S1.,"MNI; DPARSFA; voxel p<0.005, GRF cluster p<0.05. Within-group map (runners only) in supplementary Fig S1, not in main PDF; no coordinate table. Seeds derived from group differences in structure.",paywalled (Springer); no OA copy found,,,
pending (round 1),PMID33316394,33316394.0,10.1016/j.neuroimage.2020.117628,Xu N,2021,Neuroimage,Spatiotemporal functional interactivity among large-scale brain networks.,PDF supplied by user (institutional access),exclude,E7,,HCP young adults,200,none (333 Gordon cortical parcels; Yeo 7-network labels),directed FC (prediction correlation) among 333 cortical ROIs,,,no,,,0.0,"Directed-connectivity study among 333 Gordon cortical parcels grouped into Yeo networks. The ""hippocampal"" inward hubs are Limbic-network cortical parcels; there is no hippocampal seed or ROI.",Hippocampus appears only as an interpretive label for limbic parcels.,OA copy listed (Unpaywall) but publisher/repository blocked automated access (bot protection/403),,,"HCP (500 Subjects release, 200 unrelated)"
pending (round 1),PMID34376585,34376585.0,10.1523/JNEUROSCI.0316-21.2021,Cowan ET,2021,J Neurosci,VTA and Anterior Hippocampus Target Dissociable Neocortical Networks for Post-Novelty Enhancements.,pmc_html,exclude,E9,rsfc,healthy adults (controls from psychosis-risk study),37,"R anterior hippocampus (Harvard-Oxford 50%, anterior third)","ROI-to-ROI rsFC pre vs post novelty (VTA, PhC, PMAT network ROIs)",no,no,no,,Table 1: PMAT ROI coordinates (not FC results),0.0,"Pre/post-novelty rest FC computed only between anterior hippocampus and VTA, a single PhC sphere, and ~a dozen PMAT 5mm-sphere ROIs (averaged); no voxelwise or broad cortical hippocampal FC map.",MNI; Harvard-Oxford ROI split into thirds; task-state manipulation (novelty) also relevant.,,,,
pending (round 1),PMID34773842,34773842.0,10.1016/j.cortex.2021.09.013,Yang Y,2021,Cortex,Neural basis responsible for episodic future thinking effects on procrastination: The interaction between the cognitive control pathway and emotional processing pathway.,PDF supplied by user (institutional access),include,I,rsfc,"healthy young adults (undergraduates, Southwest University; mean age ~19.8)",92,"R hippocampus VBM cluster (peak MNI 31.5,-27,-7.5; GM volume ~ anticipated negative engagement)","seed-to-voxel rsFC (REST), whole-brain correlation with EFT anticipated negative engagement (GRF corrected); SEM",,,no,,,0.0,"Whole-brain rsFC of a right hippocampal seed in 92 healthy students correlated with episodic-future-thinking scores (type d); hippocampus-L insula (-34,-11,-13) cluster; no main-effect map.",MNI. Table 4 lists brain-behaviour clusters only. Seed derived from VBM result.,paywalled (Elsevier); no OA copy found,,,possible overlap with other Southwest University (Chongqing) in-house student samples (not SALD)
pending (round 1),PMID34740076,34740076.0,10.1016/j.neurobiolaging.2021.09.018,Hermiller MS,2022,Neurobiol Aging,Evidence from theta-burst stimulation that age-related de-differentiation of the hippocampal network is functional for episodic memory.,ncbi_pmc_xml,include,I,rsfc,young+old healthy,30,"subject-specific left hippocampal body voxel near MNI -29,-25,-13 (4 mm target)","seed-to-voxel rsFC (baseline, pre-TMS) + TMS connectedness",yes,yes,yes_not_captured,Table S1 (supplementary),Table S2 (suppl): parietal stimulation-site seed maps; connectedness TBS vs beta clusters,0.0,"Baseline (no-stimulation) resting-state seed-to-voxel maps of an individualized left hippocampal body seed reported separately for 15 young and 15 older healthy adults (Fig 2, Table S1) before theta-burst TMS sessions.","TMS study, but baseline whole-brain hippocampal seed maps reported -> include per E10 rule. Threshold P<0.0001 voxelwise, FDR q=0.001, 57+ voxels. AFNI, Talairach TTN27 template (seed coords given in MNI). Cluster table only in supplementary (not in text).",,,,
pending (round 1),PMID34952988,34952988.0,10.1002/hbm.25754,Zhang R,2022,Hum Brain Mapp,The anxiety-specific hippocampus-prefrontal cortex pathways links to procrastination through self-control.,europepmc_xml,include,I,rsfc,healthy young adults (Chinese college students),312,L/R rostral & caudal hippocampus (Brainnetome atlas subregions),seed-to-voxel dynamic rsFC variability (sliding window SD) correlated with trait anxiety,yes,no,no,,"Table 1: L rHPC dynamic FC variability x trait anxiety peaks (L SFG, R MFG, R MTG, R PCG, L SMG)",0.0,Whole-brain seed-to-voxel dynamic FC variability from four hippocampal subregion seeds regressed on trait anxiety in 312 healthy young adults; left rostral HPC variability with PFC/temporal/parietal clusters correlated with anxiety.,"Criterion (d) brain-behaviour correlation map; measure is temporal variability (SD) of sliding-window FC, not static FC strength. MNI; GRF voxel p<.005, cluster p<.05. No main-effect FC map. Other 3 seeds null (supplement).",,,,
pending (round 1),PMID35131435,35131435.0,10.1016/j.neuroimage.2022.118971,Chumin EJ,2022,Neuroimage,Cortico-subcortical interactions in overlapping communities of edge functional connectivity.,europepmc_xml,exclude,E7,rsfc,HCP young adults,92,none (hippocampal parcels from Tian Scale II as nodes among 32 subcortical + Schaefer cortical nodes),"edge time series / edge community clustering, entropy, triad motifs",no,no,no,,,0.0,"Edge-centric community detection on whole-network ETS (HCP rsfMRI); hippocampus is one of several subcortical node sets, reported only as edge-community profiles/entropies/triad counts, not hippocampal-seed FC maps or FC strengths with cortex.","Borderline: Fig 2C/5A show hippocampus/amygdala edge-community coupling with RSNs (communities 3 and 5), but no seed-based FC. Surface fsLR_32k; no coordinates.",,,,
pending (round 1),PMID35488512,35488512.0,10.1002/hbm.25893,Bastian L,2022,Hum Brain Mapp,Spindle-slow oscillation coupling correlates with memory performance and connectivity changes in a hippocampal network after sleep.,europepmc_xml,exclude,E7,,healthy young adult males,63,none (template 'hippocampal network' ICA component via dual regression),ICA dual regression + SVD of network node loadings,no,no,no,,,0.0,No hippocampal seed: resting-state networks (incl. a template 'hippocampal network' IC) obtained by dual regression in native space; node loadings restricted to 74 template nodes analysed by SVD for sleep/session effects. No hippocampal-seed whole-brain FC map.,"Sleep vs wake nap design with spatial memory task; native space, no coordinates.",,,,
pending (round 1),PMID35896854,35896854.0,10.3758/s13415-022-01027-7,Zhang W,2022,Cogn Affect Behav Neurosci,Functional connectivity with medial temporal regions differs across cultures during post-encoding rest.,ncbi_pmc_xml,include,I,rsfc,healthy young adults (46 American + 59 East Asian),105,left hippocampus (Harvard-Oxford subcortical atlas); also L anterior/posterior PHG,"seed-to-voxel rsFC (CONN), post-encoding rest; whole-brain cultural group comparison",yes,yes,no,,Table 1: culture group differences (none for hippocampus; PHG seeds only),0.0,Whole-brain seed-to-voxel rsFC of left hippocampus compared between healthy American and East Asian adults (null for hippocampus); per-culture within-group hippocampal FC maps presented in Supplemental Materials.,"Design (c) healthy-group comparison, null hippocampal result. MNI; peak p<0.001, cluster FDR p<0.05; GSR. Within-group maps only in supplement (not in text) - coordinates, if any, not captured. Rest follows incidental encoding.",,,,
pending (round 1),PMID36692233,36692233.0,10.1080/17470919.2023.2166580,Sugimoto H,2022,Soc Neurosci,Association between social comparison orientation and hippocampal properties in older adults: A multimodal MRI study.,PDF supplied by user (institutional access),include,I,rsfc,healthy community-dwelling older adults (>=65 y),90,left and right hippocampus (AAL masks),seed-to-voxel rsFC (CONN) regressed on social-comparison-orientation scores (criterion d),,,no,,,0.0,Whole-brain rsFC of AAL left/right hippocampus seeds regressed on social comparison orientation in 90 healthy older adults (cluster FWE): left HC-temporoparietal/mPFC/MTG FC scaled with opinion comparison (criterion d).,"MNI; voxel p<0.001, cluster FWE p<0.05. Baseline data of an intervention trial (UMIN000036599; 69 of 97 recruits). No within-group map.",OA copy listed (Unpaywall) but publisher/repository blocked automated access (bot protection/403),,,
pending (round 1),PMID36587288,36587288.0,10.1093/cercor/bhac489,Deleglise A,2023,Cereb Cortex,Human motor sequence learning drives transient changes in network topology and hippocampal connectivity early during memory consolidation.,institutional subscription (lab machine),exclude,E10,,healthy young adults (19-31 y),21,L/R anterior and posterior hippocampus (Melbourne subcortical atlas) as nodes,"rsFC connectome (100 Schaefer cortical + 32 subcortical parcels): graph metrics, edge-level session contrasts, random-forest classification of hippocampal profiles",,,no,,,0.0,"Primary outcome is motor-sequence-learning-induced change in rsFC (baseline vs 30 min vs 24 h); hippocampal-to-131-node connectivity reported only as session differences/classifier features, no baseline hippocampal FC map.",Hippocampus-to-cortex parcel FC was computed (would satisfy I4) but no within-session/baseline hippocampal connectivity profile is reported. Same cohort as Jacobacci et al. 2020.,OA copy listed (Unpaywall) but publisher/repository blocked automated access (bot protection/403),,,
pending (round 1),PMID36813907,36813907.0,10.1007/s00429-023-02622-1,Wu X,2023,Brain Struct Funct,Social navigation modulates the anterior and posterior hippocampal circuits in the resting brain.,PDF supplied by user (institutional access),exclude,E10,,healthy young adults (students),26,"bilateral anterior and posterior hippocampus (AAL, split at MNI y=-20/-21); also precuneus",seed-to-voxel static and dynamic rsFC; paired t-test post- vs pre-task rest,,,no,,,0.0,Rest scans before and after a social-navigation task. Outcome is the task-induced change in anterior/posterior hippocampal whole-brain sFC/dFC; no pre-task within-group hippocampal map is reported.,"BORDERLINE E10 (state manipulation without a baseline map, per convention); it could count as a condition contrast in healthy adults (criterion c). MNI; p<0.001 voxel, GRF cluster p<0.05.",paywalled (Springer); no OA copy found,,,
pending (round 1),PMID37051692,37051692.0,10.1002/hbm.26285,Li Z,2023,Hum Brain Mapp,"Every individual makes a difference: A trinity derived from linking individual brain morphometry, connectivity and mentalising ability.",europepmc_xml,include,I,rsfc,healthy young adults,24,left and right whole hippocampus (AAL),seed-to-parcel rsFC (AAL116) + inter-subject RSA,yes,yes,no,,,0.0,24 healthy young adults; rsFC between each AAL hippocampus and all other AAL116 regions; group-average hippocampal FC profiles shown (Fig. 2); FC profiles used in IS-RSA with morphometry and mentalising scores.,"Weak include: parcel-level (AAL116) group-average profile shown only as figure, no statistics/threshold for main effect; primary aim is IS-RSA with mentalising (IMQ). MNI space, DPARSF preprocessing.",,,,
pending (round 1),PMID37086555,37086555.0,10.1016/j.bandc.2023.105976,Yan Y,2023,Brain Cogn,Amygdala-based functional connectivity mediates the relationship between thought control ability and trait anxiety.,PDF supplied by user (institutional access),include,I,rsfc,healthy undergraduates (Southwest University; mean age 19.3),495,L and R hippocampus (Harvard-Oxford); also L/R amygdala,"seed-to-voxel rsFC (CONN), whole-brain regression on thought control ability (age, sex, FD covariates); mediation with trait anxiety",,,no,,,0.0,"Whole-brain seed-to-voxel rsFC of L/R hippocampus regressed on thought control ability in 495 healthy students (type d); L hippocampus-L IFG (-50,32,6) negative association; no group map.",MNI. Coordinates reported in text only; R hippocampus null.,paywalled (Elsevier); no OA copy found,,,"possible overlap with other Southwest University (Qiu lab) student cohorts (e.g., SLIM/behaviour-brain samples; not SALD)"
pending (round 1),PMID37239229,37239229.0,10.3390/brainsci13050757,Peng L,2023,Brain Sci,Hippocampus Parcellation via Discriminative Embedded Clustering of fMRI Functional Connectivity.,europepmc_xml,include,I,rsfc,HCP young adults + healthy taxi drivers vs non-drivers,60,L/R hippocampus (WFU PickAtlas mask) parcellated into anterior/middle/posterior subregions via DEC clustering of FC to 114 cortical ROIs,connectivity-based parcellation + seed-to-voxel rsFC + group comparison,yes,yes,no,,Table 2: taxi drivers < non-drivers hippocampal-subregion FC peaks (MNI),0.0,"Hippocampus parcellated from FC with 114 cortical ROIs in 20 HCP adults; whole-brain one-sample seed maps of each subregion shown (Fig 4, FDR p<0.05); healthy taxi drivers vs non-drivers whole-brain comparison (Table 2).","n=20 HCP (age 22-36) for parcellation/maps + 20 taxi drivers + 20 controls for comparison. Main-effect maps figure only (no coordinate table). MNI space. Table 2 is group difference (all drivers<controls), not extracted.",,,,
pending (round 1),PMID37757503,37757503.0,10.1016/j.bandl.2023.105323,Liu X,2023,Brain Lang,AoA-L2 and Usage-L2 modulate the functional neuroplasticity of the subcortex.,PDF supplied by user (institutional access),include,I,rsfc,"healthy bilingual adults (18-52 y), OpenNeuro ds001796",64,L/R anterior and posterior hippocampus (Melbourne Subcortex Atlas scale II),"ROI-to-ROI rsFC of 32 subcortical ROIs x 86 AAL3 cortical parcels (+ intra-subcortical, graph metrics) regressed on AoA-L2 / L2 usage (criterion d)",,,no,,,0.0,"Anterior/posterior hippocampal connectivity with all 86 AAL cortical parcels related to bilingual experience in 64 healthy adults (seed-to-many-parcels, criterion d); a few hippocampal-cortical edges significant (e.g. pHIP-IFG, pHIP-PCC).",MNI; per-edge permutation p<0.05 without correction across edges (weak evidence). Public dataset ds001796 (DeLuca et al. 2019 Bilingualism and the Brain). No map/coordinates.,paywalled (Elsevier); no OA copy found,,,OpenNeuro ds001796 (DeLuca 2019) - check other reports on this dataset
pending (round 1),PMID37923122,37923122.0,10.1016/j.neuropsychologia.2023.108723,Freedberg MV,2023,Neuropsychologia,The balance of hippocampal and caudate network functional connectivity is associated with episodic memory performance and its decline across adulthood.,PDF supplied by user (institutional access),include,I,rsfc,"healthy adult lifespan, 18-85 (Enhanced NKI-Rockland)",347,"left anterior hippocampus (FreeSurfer, anterior to y=-21), contrasted with head of right caudate",seed-to-voxel rsFC; 3dLME seed (hippocampus vs caudate) x age; voxel-wise correlation of HPC-minus-caudate FC with RAVLT,,,no,,,0.0,"Whole-brain left anterior hippocampal rsFC in 347 healthy adults (18-85), analysed against caudate FC (seed main effect, seed x age interaction) and against episodic memory. Hippocampal whole-brain FC is reported only relative to the caudate seed.","BORDERLINE include: no within-group hippocampal map, only hippocampus>caudate contrast (Fig. 2) and dominance-behaviour results. MNI; p<0.001, FDR q<0.05. No WM/CSF regression.",paywalled (Elsevier); no OA copy found,,,"NKI (Enhanced NKI-Rockland Sample, baseline visit)"
pending (round 1),PMID38479810,38479810.0,10.1523/ENEURO.0418-23.2023,Snytte J,2024,eNeuro,Structure-Function Interactions in the Hippocampus and Prefrontal Cortex Are Associated with Episodic Memory in Healthy Aging.,europepmc_xml,include,I,rsfc,young+old healthy,189,"L/R anterior & posterior hippocampus (ASHS subject-specific ROIs), plus MFG ROIs",seed-to-parcel rsFC (Schaefer-400 parcels in Yeo-17 limbic/FPN/DN/TempPar networks) + behavioural PLS,partial,no,no,,,0.0,"111 young and 78 older healthy adults, multi-echo rsfMRI; antHC/postHC ROI connectivity to ~157 cortical parcels across 9 association networks entered into B-PLS relating FC to memory and structure (brain-behaviour, type d).","Borderline: cortical targets restricted to limbic, frontoparietal, default and temporoparietal networks (no visual/somatomotor/DAN); no within-group seed map; results are PLS latent patterns and network-level contributions (Figs 3-4). Sample from Spreng et al. 2022 dataset (possible overlap with other reports).",,,,
pending (round 1),PMID38902928,38902928.0,10.1177/02698811241260972,Rosada C,2024,J Psychopharmacol,Effects of stress-related neuromodulators on amygdala and hippocampus resting state functional connectivity.,europepmc_xml,exclude,E10,,"healthy young men (pharmacological RCT, 4 groups)",165,"bilateral hippocampus (Harvard-Oxford, 50% threshold); exploratory L/R","seed-to-voxel rsFC, between-group drug vs placebo comparisons (TFCE)",partial,no,no,,"Table 3: yohimbine+hydrocortisone > placebo clusters (hippocampus and amygdala seeds; coordinates appear to be voxel indices, not mm)",0.0,Placebo-controlled yohimbine/hydrocortisone study; hippocampal seed rsFC reported only as drug vs placebo group differences; no within-group (placebo) hippocampal whole-brain FC map or table reported.,"FSL randomise TFCE. Table 3 'MNI coordinates' look like voxel indices (e.g., 54,40,20). Placebo group n not extracted (~41). Male-only sample.",,,,
pending (round 1),PMID39196261,39196261.0,10.7554/eLife.87634,Valk SL,2024,Elife,Differential increase of hippocampal subfield volume after socio-affective mental training relates to reductions in diurnal cortisol.,europepmc_xml,include,I,rsfc,"healthy adults (20-55 y), ReSource training study",258,"L/R hippocampal subfields (SUB, CA1-3, CA4/DG; individual patch-based segmentation)",seed-to-parcel rsFC (Schaefer 400 cortical parcels),yes,yes,no,,,0.0,"Baseline (T0, pre-training) rsFC of each hippocampal subfield to all 400 Schaefer cortical parcels mapped (top 10% connections; Fig 2, Suppl file 1): strongest to mPFC, precuneus/PCC, anterior temporal, angular gyrus; then training-related changes.","Mental training intervention study but baseline healthy map reported (E10 not applicable). Baseline map only top-10% parcels, figure-based; parcel-level, no coordinates. n=258 with structural+functional at T0 (Table 1). eLife.",,,,
pending (round 1),PMID39436664,39436664.0,10.1073/pnas.2403015121,Xie H,2024,Proc Natl Acad Sci U S A,Longitudinal hippocampal axis in large-scale cortical systems underlying development and episodic memory.,europepmc_xml,exclude,E6,rsfc,"typically developing children/adolescents 8-21 (HCP-D, NKI)",NR,L/R hippocampus (CIFTI label) primary longitudinal connectopic gradient,connectopic gradients + dual-regression whole-brain projection maps,no,no,no,,,0.0,"Hippocampal gradient projection maps derived from HCP-D (598) and NKI (196) samples aged 8-21 years; developmental focus, no separate adult group analysed; majority under 18.",Method fits I3/I4 (whole-brain gradient projection maps) but population is paediatric/adolescent-dominated; n_healthy adults not separable (NR).,,,,
pending (round 1),PMID39488200,39488200.0,10.1016/j.cub.2024.10.020,Reznik D,2024,Curr Biol,Evidence for convergence of distributed cortical processing in band-like functional zones in human entorhinal cortex.,publisher_html_browser,include,I,rsfc,"healthy adults (precision/dense-sampling, 7T)",4,individual FreeSurfer hippocampus (and entorhinal cortex) masks; voxelwise,"within-individual network assignment (winner-takes-all) of hippocampal/entorhinal voxels to MS-HBM cortical networks (DN-A, DN-B, PMN/SAL, FPN-A/B); gradients",yes,yes,no,,,0.0,7T resting (fixation) data in 4 healthy individuals; hippocampal long-axis voxels assigned to distributed cortical networks (Fig 3: DN-A/DN-B along long axis). Primary focus entorhinal bands; figures only.,Read via Current Biology OA HTML in browser. Very small N (precision imaging); no coordinates.,,,,
pending (round 1),PMID39545928,39545928.0,10.7554/eLife.84359,Tompary A,2024,Elife,Integration of overlapping sequences emerges with consolidation through medial prefrontal cortex neural ensembles and hippocampal-cortical connectivity.,europepmc_xml,exclude,E9,rsfc,healthy young adults,23,bilateral anterior & posterior hippocampus thirds (FSL FIRST),ROI-to-ROI rsFC (pre/post learning),no,no,no,,"Table 2: task activation (predictable vs unpredictable) clusters, not FC",0.0,Rest connectivity computed only as pairwise ROI correlations between anterior/posterior hippocampus and functionally defined LOC and mPFC; no whole-brain or cortical hippocampal-seed FC map reported.,"Experiment 2 fMRI N=28 recruited, 23 in rest analyses (t(22)). Healthy young adults, learning/consolidation design.",,,,
pending (round 1),PMID40253694,40253694.0,10.1093/cercor/bhaf080,Ouyang Z,2025,Cereb Cortex,Enhanced reciprocal connections of the prefrontoparietal-thalamo-hippocampal circuit in older adults.,institutional subscription (lab machine),exclude,E9,,"healthy older (60-88 y, n=143) and young adults (18-44 y, n=124); Cam-CAN",267,4 hippocampal ROIs (Brainnetome) as nodes in a 32-ROI model,"regression DCM (effective connectivity) among 12 DMN/FPN prefrontal-parietal nodes, 16 thalamic ROIs and 4 hippocampal ROIs; age-group comparison",,,no,,,0.0,"Effective connectivity restricted to a 32-ROI circuit (12 DMN/FPN cortical nodes, thalamic nuclei, hippocampal subregions); no whole-brain or broad cortical hippocampal FC map.","Borderline E9 (network-node targets, as for PMID28242796). SAMPLE OVERLAP: Cam-CAN. rs-fMRI, MNI.",paywalled (OUP); no OA copy found,,,
pending (round 1),PMID40962558,40962558.0,10.1523/JNEUROSCI.1855-24.2025,Nazzi A,2025,J Neurosci,Switching Patterns of Cortical-Subcortical Interaction in the Human Brain.,unpaywall_html,exclude,E7,rsfc,HCP young adults,1078,Tian subcortical parcels incl. hippocampus (grouped with amygdala as 'limbic' cluster SC2),"dynamic sliding-window FC, PCA + k-means dynamic functional states (parcel-level)",partial,no,no,,,0.0,"Data-driven dynamic FC of whole-brain parcellation; hippocampus enters only as a subcortical parcel clustered with amygdala; results are state-wise coupling of subcortical clusters with cortical networks, not a hippocampal-seed FC map.",Borderline: Fig 4 shows hippocampus/amygdala cluster coupling with DMN (DFS1) vs primary networks (DFS2); no static hippocampal seed map; Gordon + Schaefer100 cortical parcels; GSR.,,,,
pending (round 1),PMID41034610,41034610.0,10.1038/s41592-025-02783-3,DeKraker J,2025,Nat Methods,HippoMaps: multiscale cartography of human hippocampal organization.,europepmc_xml,include,I,rsfc,healthy young adults (MICs 3T; PNI 7T replication),88,"hippocampal surface vertices (HippUnfold, 419 vertices; subfields/long axis)",vertex-to-parcel rsFC (Schaefer400 neocortex) + connectivity gradients (diffusion map embedding),yes,yes,no,,,0.0,"HippoMaps resource: rsFC between all hippocampal surface vertices and 400 Schaefer neocortical parcels in 88 healthy 3T participants (Fig. 4c), plus FC gradients with neocortical counterparts; replicated in 10 at 7T.","Multimodal atlas paper (histology, sMRI, iEEG also). Neocortical FC shown as surface figures only; no coordinate tables. TLE comparison is separate (Extended Data Fig. 7). Surface-based, no MNI peaks.",,,,
pending (round 1),PMID41044064,41044064.0,10.1038/s41467-025-63633-6,Wang J,2025,Nat Commun,The intrinsic time tracker: temporal context is embedded in entorhinal and hippocampal functional connectivity patterns.,europepmc_xml,include,I,rsfc,"healthy young adults (dense-sampling, 2 individuals)",2,"whole hippocampus, anterior and posterior hippocampus (ASHS-segmented, native space; split at uncus); also single-voxel hippocampal seeds; EC/PRC/M1 comparison seeds",seed-to-voxel rsFC; temporal drift of whole-brain FC pattern similarity; seed-to-Yeo17-network,yes,yes,no,,,0.0,Two healthy adults scanned daily for 30 days; whole-brain rsFC of HPC/aHPC/pHPC seeds computed per session; main results are temporal-drift scores (whole brain and per Yeo-17 network); averaged seed FC maps in Supp Figs 6-7/NeuroVault.,"BORDERLINE: N=2 precision/dense-sampling study; main outcome is drift of FC patterns across sessions, not FC topography; averaged hippocampal seed maps only in supplement (Supp Figs 6,7; NeuroVault VEHAFBWA). Native space analysis. Orchestrator may prefer E11.",,,,
pending (round 1),PMID41266803,41266803.0,10.1038/s42003-025-08972-2,Apasamy K,2025,Commun Biol,Mapping hippocampal-cerebellar functional connectivity across the human adult lifespan.,europepmc_xml,exclude,E9,rsfc,"lifespan (CamCAN 18-87, healthy)",479,"L/R whole hippocampus (Harvard-Oxford 50% + Julich subiculum 75%), anterior/posterior split at y=-21","seed-to-voxel rsFC (CONN), results reported only within cerebellum",no,no,no,,Table 1: cerebellar peaks for L>R and ant>post hippocampal seed contrasts; Table 2: cerebellar age-related FC reductions,0.0,"Seed-to-voxel rsFC computed whole-brain, but all maps, tables and inferences restricted to cerebellum (SUIT); no cerebral cortical/whole-brain hippocampal FC results reported.","MNI, FWE p<0.05. Main-effect seed maps shown only for cerebellum (Fig 1-2). Strong candidate if orchestrator counts cerebellum-only as eligible; otherwise E9 (restricted volume).",,,,
pending (round 1),PMID42036014,42036014.0,10.1016/j.neuropsychologia.2026.109469,Kinger S,2026,Neuropsychologia,Resting-state functional connectivity correlates of emotional memory control under cognitive load in subclinical anxiety.,PDF supplied by user (institutional access),include,I,rsfc,healthy young adults 18-35 with varying subclinical anxiety (New Delhi),47,"R hippocampus (Harvard-Oxford anatomical, a priori seed); plus ACC, pSMG, precuneus, amygdala, frontal seeds","seed-to-voxel rsFC (CONN); whole-brain regression on dual-task memory-control BIS, BIS x anxiety moderation, suppression vs recall",,,no,,,0.0,Whole-brain seed-to-voxel rsFC of right hippocampus in 47 healthy adults related to emotional memory-control efficiency (type d); hippocampus-frontal pole and hippocampus-thalamus clusters; no main-effect map.,MNI. Table 3 lists brain-behaviour clusters only. Subclinical anxiety treated dimensionally (not clinical; E5 not applied).,paywalled (Elsevier); no OA copy found,,,none
pending (round 1),PMID16421332,16421332.0,10.1093/cercor/bhj112,Daselaar SM,2006,Cereb Cortex,Effects of healthy aging on hippocampal and rhinal memory functions: an event-related fMRI study.,pmc_html,include,I,task,young+old healthy,24,"L hippocampus cluster from recollection-related (oldness) activation (TAL -23,-26,-9)","beta-series (single-trial correlation) seed-to-voxel, young vs old",partial,no,no,,,0.0,"Single-trial (beta-series-like) correlation of task-defined hippocampal ROI with all brain voxels during recognition; young>old differences (masked by young main effect) reported in L parietotemporal and retrosplenial cortex (Fig 4, text peaks).","Daselaar et al. 2006 Cereb Cortex. 12 young + 12 older (performance-matched). Group comparison p<0.05 uncorrected, inclusively masked by main effect p<0.001; only 2 peaks in text (-41,-58,27; -4,-51,20), no main-effect map shown. Coordinates stated as Talairach in Table 3 (SPM2 MNI normalization). Primary focus is activation; FC is secondary/limited - borderline include (group-difference type c).",,,,
pending (round 1),PMID17999985,17999985.0,10.1093/cercor/bhm195,Rissman J,2008,Cereb Cortex,"Dynamic adjustments in prefrontal, hippocampal, and inferior temporal interactions with increasing visual working memory load.",unpaywall_html,exclude,E9,task,healthy young adults,9,"right FFA seed (localizer); hippocampal ROIs (7 voxels, anterior 2/3) defined from FFA connectivity",beta-series ROI-to-ROI,no,no,no,,,0.0,Beta-series correlation with right FFA seed; hippocampus only as individually defined ROI in ROI-to-ROI analyses with FFA and IFG (load effects). No hippocampal-seed whole-brain map reported.,"Rissman et al. 2008 Cereb Cortex; ROI overlap coords only (L hipp -22,-20,-14 MNI).",,,,
pending (round 1),PMID18605869,18605869.0,10.1037/0278-7393.34.4.791,Dennis NA,2008,J Exp Psychol Learn Mem Cogn,Effects of aging on the neural correlates of successful item and source memory encoding.,ncbi_pmc_xml,include,I,task,young+old healthy,28,"left hippocampal voxel with greatest age difference in Source Dm (peak TAL -30,-37,-5)",trial-by-trial (beta-series-like) task FC during successful source encoding; whole-brain young vs old,yes,no,no,,"Table 6: age-related differences in hippocampal connectivity (Young>Older, Older>Young) during remembered source trials",0.0,"Dennis et al. 2008: 14 young, 14 older healthy adults; task-defined left hippocampal seed, trial-wise correlation with whole brain on remembered source-encoding trials; whole-brain age-group differences reported (Table 6, PASA pattern).","Within-group one-sample maps computed only as inclusive masks, not reported. Coordinates converted to Talairach (SPM2 MNI normalisation). Lenient threshold p<.05, k=20. Seed is task-defined (activation-derived) hippocampal voxel.",,,,
pending (round 1),PMID19162202,19162202.0,10.1016/j.neuroimage.2008.12.040,Graham S,2009,Neuroimage,"Role of medial cortical, hippocampal and striatal interactions during cognitive set-shifting.",PDF supplied by user (institutional access),include,I,task,healthy young adults,18,"bilateral hippocampal ROIs from task activation (Talairach +/-25,-13,-17)",whole-brain difference Granger causality mapping (dGCM) during rule identification vs rule execution in a WCST-like set-shifting task,,,no,,,0.0,"Whole-brain directed FC (Granger causality maps, FDR) from bilateral hippocampal reference ROIs during cognitive set-shifting in 18 healthy adults: hippocampi influenced amygdala/mOFC and were influenced by PCC/cingulate. Weak include (directed/effective FC).","Talairach (BrainVoyager). dGCM masked by instantaneous GCM, FDR q<0.05. Granger-based directed connectivity rather than correlation/PPI; flag as unusual method like PMID39436048.",paywalled (Elsevier); no OA copy found,,,
pending (round 1),PMID19755103,19755103.0,10.1016/j.neuron.2009.08.025,Hannula DE,2009,Neuron,The eyes have it: hippocampal activity predicts expression of memory in eye movements.,ncbi_pmc_xml,exclude,E7,,healthy young adults,14,left DLPFC and left VLPFC seeds (from accuracy contrast); no hippocampal seed,"beta-series (correct vs incorrect), MTL-restricted",no,no,no,,,0.0,Beta-series FC seeded in prefrontal ROIs; hippocampus appears only as MTL result region with greater DLPFC/VLPFC connectivity on correct vs incorrect trials. Hippocampus otherwise activation-only.,Also MTL-restricted search (would be E9). MNI/TAL not relevant.,,,,
pending (round 1),PMID19338022,19338022.0,10.1002/hipo.20601,Viard A,2010,Hippocampus,Patterns of hippocampal-neocortical interactions in the retrieval of episodic autobiographical memories across the entire life-span of aged adults.,pmc_html,exclude,E9,,healthy older adults (females),12,bilateral AAL hippocampus VOIs (among 20 AAL VOIs),inter-regional correlation of mean activation values (VOI-to-VOI) and stepwise regression,no,no,no,,,0.0,Correlated mean 'memory minus control' activation values between 20 a priori AAL VOIs (10 bilateral regions) in 12 older women; no voxelwise or broad cortical hippocampal FC map.,"Autobiographical memory block design, SPM5. Tables 1-4 are correlation/regression coefficients among VOIs, no coordinates. Also not time-series FC (activation correlations across subjects).",,,,
pending (round 1),PMID19948227,19948227.0,10.1016/j.neuroimage.2009.11.053,Smith JF,2010,Neuroimage,Imaging systems level consolidation of novel associate memories: a longitudinal neuroimaging study.,ncbi_pmc_xml,exclude,E9,,healthy young adults,12,hippocampal complex ROIs (7.5mm cubes at univariate peaks),"ROI-to-ROI residual correlation (11 ROIs), recent vs remote recall",no,no,no,,Table 2: ROI-to-ROI connectivity change matrix (not whole-brain),0.0,"Functional connectivity restricted to 11 ROIs (7.5mm cubes at univariate peaks in MTL, lateral temporal, inferior frontal); change in inter-regional correlations recent vs remote; no whole-brain hippocampal-seed map.","Longitudinal paired-associate consolidation task, n=12 healthy young; MNI.",,,,
pending (round 1),PMID20357121,20357121.0,10.1523/JNEUROSCI.5466-09.2010,Poppenk J,2010,J Neurosci,Past experience modulates the neural mechanisms of episodic memory formation.,pmc_html,include,I,task,healthy young adults,13,"right anterior hippocampus and posterior hippocampus peak voxels from novelty x subsequent-memory interaction (posterior peaks L -24,-33,-3; R 33,-27,-6)","task-state seed-voxel correlation (within-subject, PLS contrast anterior vs posterior)",yes,no,yes_not_captured,supplemental Table 4,Supplemental Table 4: anterior vs posterior hippocampal FC contrast peaks (not in text); Table 2: activation interaction (not FC),0.0,"Whole-brain task-state (encoding) FC of anterior vs posterior hippocampal seeds contrasted voxelwise in 13 healthy young adults (Fig 5, supp Table 4); plus ROI tests of FC predicting subsequent memory.","MNI; PLS bootstrap BSR 2.0, >=12 voxels for FC map. Only anterior-vs-posterior difference map reported, no single-seed positive main effect map. Supplementary table not captured; coord_table relates to seed contrast rather than main effect.",,,,
pending (round 1),PMID20444445,20444445.0,10.1016/j.cortex.2010.03.003,Joassin F,2011,Cortex,Cross-modal interactions between human faces and voices involved in person recognition.,repo_pdf,include,I,task,healthy young adults,14,"R hippocampus 5mm sphere at group activation peak of VF-(V+F) contrast (text shows 16,32,6; minus signs lost in PDF extraction; MNI)",PPI whole-brain (bimodal face-voice > unimodal),yes,no,no,,"Table 5b: R hippocampus PPI peaks for VF>(V+F) (also 5a angular, 5c FFA, 5d STS seeds)",0.0,"Task fMRI person recognition (faces, voices, face-voice pairs) in 14 healthy adults; whole-brain PPI with task-defined right hippocampal seed for bimodal integration contrast (Table 5b).","SPM2, MNI; PPI group threshold p<.001 uncorrected (weak). Cortex 2011;47:367-376 (PMID 20444445). Signs of coordinates lost in PDF text.",,,,
pending (round 1),PMID21377494,21377494.0,10.1016/j.bbr.2011.02.045,Linnman C,2011,Behav Brain Res,Unconditioned responses and functional fear networks in human classical conditioning.,ncbi_pmc_xml,include,I,task,healthy adults,24,"L/R hippocampus, 6mm spheres near TAL -23,-20,-17 / 17,-22,-13 (task-deactivation defined, subject-specific)","PPI whole-brain (non-delivered shock vs safe, fear conditioning)",yes,no,no,,Table 3: PPI peaks (fear vs no-fear) for L/R hippocampus (negative PPI) and red nucleus seeds,0.0,"Whole-brain PPI with left and right hippocampal seeds (non-delivered shock vs safe) in 24 healthy adults; positive PPI with vmPFC/pgACC (uncorrected), negative PPI with thalamus, cerebellum, insula (FWE).","Criterion (b). Talairach coordinates. Second level p<0.001 unc, k>20; negative PPI clusters FWE. Participants overlap controls of Milad et al. 2009 but data not previously reported.",,,,
pending (round 1),PMID22000080,22000080.0,10.1016/j.brainres.2011.09.038,Ross RS,2011,Brain Res,The hippocampus is functionally connected to the striatum and orbitofrontal cortex during context dependent decision making.,ncbi_pmc_xml,include,I,task,healthy young adults,15,"L/R hippocampus (5mm spheres at MNI +/-30,-24,-15, from Schendan 2003)","beta-series correlation whole-brain (condition contrasts OL>NOL, NOL>RAN, RAN>OL)",yes,no,no,,Table 1: OL>NOL presentation (L/R HC seeds); Table 2: L HC OL>NOL critical choice; Table 3: NOL>RAN sequence-related connectivity (MNI),0.0,"Whole-brain beta-series FC with L/R hippocampal sphere seeds during sequence-disambiguation task in 15 healthy adults; reports task-contrast connectivity peaks (criterion b). One-sample main-effect maps used only as masks, not reported.","Re-analysis of Ross et al. 2009 dataset (which was univariate only, so not duplicate FC). SPM8, p<0.01 voxel, cluster 96 voxels (Monte Carlo); contrasts masked by one-sample maps (p<0.001). MNI.",,,,
pending (round 1),PMID22266411,22266411.0,10.1016/j.neuroimage.2012.01.046,Brown TI,2012,Neuroimage,Cooperative interactions between hippocampal and striatal systems support flexible navigation.,ncbi_pmc_xml,include,I,task,healthy young adults,14,"L/R hippocampal head (±24,-13,-20), body (±30,-24,-15), tail (±18,-36,2): 5mm spheres masked by AAL hippocampus",beta-series whole-brain (condition contrast),yes,no,no,,"Table 3: beta-series OL>NOL first hall peaks (hippocampal+caudate seeds); Table 4: OL>NOL critical hall peaks; Tables 1,2,5: ROI correlations (no coords)",0.0,Beta-series correlation from six hippocampal head/body/tail seeds (plus caudate) with whole-brain voxelwise paired t-tests overlapping>non-overlapping maze navigation in 14 healthy young adults (type b).,"MNI; voxel p<0.01, AlphaSim cluster 140 voxels (p<0.01). No within-group main-effect map; ROI-to-ROI sign correlations only for caudate/OFC. 22 recruited, 8 excluded.",,,,
pending (round 1),PMID22796982,22796982.0,10.1016/j.neuroimage.2012.07.007,Binder J,2012,Neuroimage,Emotion suppression reduces hippocampal activity during successful memory encoding.,PDF supplied by user (institutional access),exclude,E10,,healthy young women (emotion suppression vs watch groups),59,"right hippocampus cluster from suppression-vs-watch activation contrast (MNI 36,-11,-20)",PPI (SPM8) remembered vs forgotten; whole-brain between-group comparison,,,no,,,0.0,Emotion-suppression manipulation (suppress vs watch groups). The whole-brain hippocampal PPI (subsequent memory) is reported only as the between-group difference; no within-group (watch/control) PPI map.,"BORDERLINE E10: between-group manipulation in healthy adults; could count under criterion (c). Results p<0.001 uncorrected, k=5 (not whole-brain corrected). MNI.",paywalled (Elsevier); no OA copy found,,,
pending (round 1),PMID23073642,23073642.0,10.1101/lm.025973.112,Manelis A,2012,Learn Mem,Procedural learning and associative memory mechanisms contribute to contextual cueing: Evidence from fMRI and eye-tracking.,pmc_html,exclude,E9,task,healthy young adults,13,task-defined right hippocampal cluster (activation correlated with fixation reduction),PPI restricted to procedural-learning mask (N1 vs N4 regions),no,no,no,,,0.0,PPI with right hippocampal seed was evaluated only within a mask of procedural-learning regions from the N1>N4 contrast (small-volume); single L SPL peak reported; no whole-brain hippocampal FC.,MNI; AlphaSim within mask; PPI peak L SPL [-24 -56 64] E1>E4 repeated; Table 1 is activation only. n=13 (11 with eye tracking).,,,,
pending (round 1),PMID22786703,22786703.0,10.1002/hbm.21494,Zhang H,2013,Hum Brain Mapp,Human neural systems underlying rigid and flexible forms of allocentric spatial representation.,pmc_html,exclude,E7,,healthy young adults,15,"parahippocampal, precuneus, retrosplenial, superior parietal seeds (no hippocampal seed)",beta-series whole-brain,no,no,no,,Tables III/IV: beta-series condition contrasts for non-hippocampal seeds (posterior hippocampus appears as result region),0.0,"Beta-series FC used only extrahippocampal seeds (parahippocampal, precuneus, retrosplenial, SPL); hippocampus appears only as a result region in store-reference>landmark contrast.",Authors explicitly did not use hippocampus as seed because activation was transient.,,,,
pending (round 1),PMID22807169,22807169.0,10.1002/hipo.22053,Manelis A,2013,Hippocampus,Repetition related changes in activation and functional connectivity in hippocampus predict subsequent memory.,ncbi_pmc_xml,include,I,task,healthy young adults (20-35 y),13,"task-defined right anterior HPC (24,-4,-28) and left posterior HPC (-32,-30,-10) clusters from presentation x memory interaction (Harvard-Oxford HPC ROIs split at y=-20)",PPI whole-brain,yes,no,no,,"No PPI table; PPI peaks in text only (L posterior HPC: R IFG 58,20,18; L precentral -38,-14,54); Table 2 = MTL activation (seed source)",0.0,Healthy adults (n=13) encoding repeated exemplars; whole-brain PPI with task-defined right anterior and left posterior hippocampal seeds testing presentation x subsequent-memory interaction; significant L posterior HPC coupling changes with right IFG and left precentral gyrus.,"MNI (FSL MNI152); AlphaSim p<.001, k>=38. Right anterior HPC PPI null. 14 recruited, 1 excluded.",,,,
pending (round 1),PMID23392685,23392685.0,10.1523/JNEUROSCI.2994-12.2013,Forkmann K,2013,J Neurosci,Pain-specific modulation of hippocampal activity and functional connectivity during visual encoding.,pmc_html,include,I,task,healthy young adults,23,"task-defined R anterior hippocampus (10mm-diameter sphere at MNI 24,-8,-30)",PPI whole-brain (pain+pic vs tone+pic),partial,no,no,,"PPI peaks reported in text only (fusiform 36,-62,-16; lingual -34,-80,-11; calcarine 6,-96,-2)",0.0,"Healthy adults (n=23) visual encoding with concurrent pain/tone; PPI from right anterior hippocampus seed tested across the brain, showing reduced hippocampal-extrastriate FC during pain vs tone.","MNI, SPM8. Significance via FWE with ROI (SVC) correction on fusiform/LOC/PHG/hippocampus spheres; figure shown at p<0.001 unc. Pain is a within-task condition, not an intervention. No coordinate tables for PPI.",,,,
pending (round 1),PMID24060006,24060006.0,10.1017/S1355617713001069,Paz-Alonso PM,2013,J Int Neuropsychol Soc,Age differences in hippocampus-cortex connectivity during true and false memory retrieval.,institutional subscription (lab machine),exclude,E9,,children 8-9 y (n=14) + young adults (n=17),17,anatomical L anterior and L posterior hippocampus ROIs,beta-series ROI-to-ROI correlation (8 ROIs),,,no,,,0.0,"Beta-series connectivity computed only between 8 predefined ROIs (2 hippocampal, 6 cortical: IFG pars tri/orb, dlPFC, L/R MTG, PPC); no whole-brain or broad cortical hippocampal FC map.","Also mixed paediatric/adult sample (adults separate group, n=17). MNI305.",paywalled (Cambridge UP); no OA copy found,,,
pending (round 1),PMID24468408,24468408.0,10.1016/j.neuroimage.2014.01.035,Vink M,2014,Neuroimage,Functional differences in emotion processing during adolescence and early adulthood.,PDF supplied by user (institutional access),exclude,E9,task,"healthy adolescents and young adults (10-24 y, mean 16.7)",50,L/R hippocampus 6-mm spheres at emotion-task activation peaks,PPI (emotional vs neutral pictures) regressed on age; tested only for coupling with vlPFC and mOFC ROIs,,,no,,,0.0,Hippocampal PPI analysed only as age effects on coupling with a priori vlPFC and mOFC ROIs; no whole-brain hippocampal FC map; sample mostly adolescent.,Largely paediatric/adolescent sample (E6 also plausible).,paywalled (Elsevier); no OA copy found,,,none
pending (round 1),PMID24608131,24608131.0,10.1371/journal.pone.0090488,Morel N,2014,PLoS One,Brain activity and functional coupling changes associated with self-reference effect during both encoding and retrieval.,europepmc_xml,include,I,task,healthy young adults,30,"L and R hippocampus 6-mm spheres at task-activation peaks (MNI -22,-18,-22; 28,-16,-12)","PPI (SPM5), whole-brain masked by PPI subsequent-memory map",yes,no,no,,"Table 3: PPI Self Remembered>Semantic Remembered encoding peaks (L hippocampus seed -> PCC -8,-58,22)",0.0,PPI with left/right hippocampal seeds during self-referential encoding and retrieval in 30 healthy adults; Fig 4 shows whole-brain hippocampal PPI Self Remembered>Forgotten maps (p<.05 unc); SRE contrast (inclusively masked) yields L hippocampus-PCC coupling.,"MNI; p<.005 unc k>50, nothing FWE-survived; SRE PPI contrasts restricted to inclusive functional masks derived from whole-brain PPI subsequent-memory maps (Fig 4); retrieval PPI null.",,,,
pending (round 1),PMID25223466,25223466.0,10.1016/j.neuropsychologia.2014.09.011,Barnett AJ,2014,Neuropsychologia,The human hippocampus is sensitive to the durations of events and intervals within a sequence.,PDF supplied by user (institutional access),include,I,task,healthy young adults,20,"left hippocampal peak voxel of duration-match effect (MNI -20,-20,-18), Experiment 2","seed PLS (non-rotated contrast: duration match vs mismatch), whole brain, across-subject brain-seed correlations",,,no,,,0.0,Whole-brain seed-PLS functional connectivity of a left hippocampal seed differing between duration-match and mismatch trials in 20 healthy young adults (criterion b); Table 1 peaks.,"MNI; bootstrap ratio p<0.005, >=15 voxels. Experiment 1 (N=22) activation only. Seed PLS is across-subject correlation.",paywalled (Elsevier); no OA copy found,,,
pending (round 1),PMID25301385,25301385.0,10.1016/j.neuropsychologia.2014.09.046,Bein O,2014,Neuropsychologia,Prior knowledge influences on hippocampus and medial prefrontal cortex interactions in subsequent memory.,PDF supplied by user (institutional access),include,I,task,healthy young adults,20,"left and right hippocampus (AAL), separately",whole-brain PPI (standard; gPPI in supplement) subsequent memory x schema consistency,,,no,,,0.0,"Whole-brain PPI with L/R AAL hippocampal seeds during encoding of schema-consistent vs inconsistent word pairs (remembered vs forgotten). Right HC-mPFC, STS and IFG coupling was specific to non-schema subsequent memory.","Task-modulated FC (criterion b). MNI; p<0.001, k=49 (Monte Carlo).",paywalled (Elsevier); no OA copy found,,,
pending (round 1),PMID25512574,25512574.0,10.1101/lm.036327.114,Greene CM,2014,Learn Mem,Fractionating the neural substrates of incidental recognition memory.,europepmc_xml,exclude,E7,task,healthy young adults,19,left IFG sphere (3 mm) — not hippocampus,PPI whole-brain from IFG seed,no,no,no,,,0.0,"Incidental recognition fMRI; hippocampus examined only as activation ROI; PPI seed was left IFG, with hippocampus appearing only as a result region (IFG-MTL coupling Familiar>Novel).",Tables 1-3 not captured in text (activation and IFG-PPI tables).,,,,
pending (round 1),PMID23968839,23968839.0,10.1093/cercor/bht221,Onuki Y,2015,Cereb Cortex,Hippocampal-cerebellar interaction during spatio-temporal prediction.,institutional subscription (lab machine),include,I,task,healthy young adults (18-26 y),16,"task-defined left hippocampus: 5-mm sphere at activation peak (MNI -22,-32,-9), masked to hippocampus",PPI whole-brain (spatio-temporal prediction: corresponding finger vs flash marker),,,no,,,0.0,"Whole-brain PPI from a left hippocampal seed during spatio-temporal prediction (SISL task) in 16 healthy adults: coupling with cerebellar lobules VI/VIIa/VIIIb, parietal, occipital and frontal cortex (criterion b).","MNI (SPM8); p<0.0005 uncorrected, cluster FWE p<0.05. Seed is task-defined activation peak. No rsFC.",OA copy listed (Unpaywall) but publisher/repository blocked automated access (bot protection/403),,,
pending (round 1),PMID24408956,24408956.0,10.1093/cercor/bht349,Cairney SA,2015,Cereb Cortex,Complementary roles of slow-wave sleep and rapid eye movement sleep in emotional memory consolidation.,institutional subscription (lab machine),include,I,task,healthy young adults (19-28 y),16,"right hippocampus 6-mm sphere at SWS-related activation peak (MNI 27,-10,-17)",PPI whole-brain (remote vs recent recollection by valence) with sleep-stage covariates,,,no,,,0.0,"Whole-brain PPI of a right hippocampal seed (remote>recent recollection) in 16 healthy adults, with natural SWS/REM duration as covariates: REM predicted increased hippocampus-SFG coupling for negative images (criteria b/d).","MNI (SPM8); p<0.001 + k=16 (Monte-Carlo, corrected p<0.05). Natural overnight sleep, no deprivation/manipulation. Group-level PPI effects without covariate not reported (only covariate results in Table 3).",OA copy listed (Unpaywall) but publisher/repository blocked automated access (bot protection/403),,,
pending (round 1),PMID25826338,25826338.0,10.1371/journal.pone.0122459,Züst MA,2015,PLoS One,Hippocampus is place of interaction between unconscious and conscious memories.,europepmc_xml,exclude,E7,task,healthy young adult males,33,none (task ICA components; hippocampus appears within a component),group ICA (GIFT) components regressed on task blocks + GLM activation-behaviour regression,no,no,no,,,0.0,"Task ICA identified a component including hippocampus, temporal cortex, thalamus and amygdala linked to subliminal encoding; other analyses are activation-behaviour correlations. Hippocampus never used as a seed/ROI for FC.",Table 1 lists ICA component regions (not hippocampal-seed FC); MNI SPM8.,,,,
pending (round 1),PMID25996135,25996135.0,10.1016/j.neuron.2015.04.023,Gluth S,2015,Neuron,Effective Connectivity between Hippocampus and Ventromedial Prefrontal Cortex Controls Preferential Choices from Memory.,publisher_html_browser,exclude,E9,task,healthy young adults,30,hippocampus (task-defined ROI),"DCM with 3 ROIs (visual cortex, HC, vmPFC)",no,no,no,,,0.0,"Effective connectivity examined only via DCM among three ROIs (visual cortex, hippocampus, vmPFC); no whole-brain hippocampal-seed FC reported in main text.",Read via Neuron open-archive HTML in browser; connectivity details in supplement.,,,,
pending (round 1),PMID26240179,26240179.0,10.1093/cercor/bhv155,Chen J,2016,Cereb Cortex,Accessing Real-Life Episodic Information from Minutes versus Hours Earlier Modulates Hippocampal and High-Order Cortical Dynamics.,pmc_html,include,I,task,healthy young adults,51,"bilateral anatomical hippocampus (Harvard-Oxford probabilistic atlas), mean timecourse",inter-subject functional correlation (ISFC) seed-to-voxel during naturalistic movie viewing,yes,yes,no,,,0.0,"Hippocampal-seed whole-brain ISFC maps computed within each healthy group (RM1, RM2, DM, NM; N=51, ages 18-33) during movie Part 2; DM group map shows PCC/retrosplenial/mPFC coupling (Fig 5a); group comparisons in healthy adults.","Task-state FC variant: ISFC (stimulus-locked, across-subject) rather than standard within-subject FC; only minutes 1-2 window; only DM group survived FWE (phase-randomization bootstrap); RM/NM no significant voxels. No coordinate tables; figure only. Group sizes RM 24 (split 12/12), DM 14, NM 13.",,,,
pending (round 1),PMID26332666,26332666.0,10.1002/hipo.22523,Schapiro AC,2016,Hippocampus,Statistical learning of temporal community structure in the hippocampus.,ncbi_pmc_xml,exclude,E9,task,healthy young adults,20,bilateral/L/R anatomical hippocampus ROI,ROI-to-ROI background connectivity (boundary vs within-community),no,no,no,,,0.0,Hippocampal background connectivity computed only with two functionally defined ROIs (mPFC and left IFG); no whole-brain or broad cortical hippocampal FC analysis.,Re-analysis of Schapiro et al. 2013 data; main content is hippocampal RSA/searchlight and activation.,,,,
pending (round 1),PMID26888616,26888616.0,10.1017/S1355617715001216,Ly M,2016,J Int Neuropsychol Soc,Fornix Microstructure and Memory Performance Is Associated with Altered Neural Connectivity during Episodic Recognition.,ncbi_pmc_xml,include,I,task,"healthy cognitively normal middle-aged/older adults (WRAP, 44-75 y)",282,"task-defined L/R hippocampus 6 mm spheres (MNI -30,-18,-22; 34,-34,10) among six recognition-network seeds","gPPI (old>new recognition) with whole-brain group test and FA/d' regression, masked by recognition activation map",partial,no,no,,"Table 4: gPPI regressions (fornix FA: R hippocampus seed -> R caudate 8,16,6; other seeds)",0.0,"282 cognitively normal adults; gPPI with hippocampal seeds during recognition; group one-sample PPI found no significant hippocampal coupling; fornix FA correlated with R hippocampus-caudate PPI. Analyses masked by whole-brain recognition activation map (types b, d).","MNI; p<.001 uncorrected, k>25, inclusive mask of FDR recognition activation map (not fully whole-brain -> partial). WRAP registry enriched for AD family history/APOE4 (not analysed; possible E5 concern). Right hippocampal seed coordinate 34,-34,10 as printed (likely typo). Primary focus white matter-FC relation.",,,,
pending (round 1),PMID27013686,27013686.0,10.1523/JNEUROSCI.3629-15.2016,Herweg NA,2016,J Neurosci,"Theta-Alpha Oscillations Bind the Hippocampus, Prefrontal Cortex, and Striatum during Recollection: Evidence from Simultaneous EEG-fMRI.",unpaywall_html,include,I,task,healthy young adults (21-31 y),19,"task-defined right hippocampus cluster (REC>FAM, masked to hippocampus)",PPI whole-brain (REC>FAM) + EEG theta-alpha covariate,yes,no,no,,Table 5: PPI R hippocampus x REC>FAM (PCC/retrosplenial peak); Table 6: correlation of PPI with theta-alpha power (SVC PFC/caudate),0.0,"Simultaneous EEG-fMRI recognition task; whole-brain PPI with right hippocampal seed for recollection>familiarity in 19 healthy adults found PCC/retrosplenial cluster (FWE, Table 5); brain-behaviour (theta power) correlation with SVC.","Criterion (b) (and (d) with SVC only). MNI, SPM12, CDT p<.001, cluster FWE. No within-group seed map.",,,,
pending (round 1),PMID27053767,27053767.0,10.1093/scan/nsw047,Hermann A,2016,Soc Cogn Affect Neurosci,Renewal of conditioned fear in a novel context is associated with hippocampal activation and connectivity.,pmc_html,exclude,E9,task,healthy young adults (male),46,"L and R hippocampal activation foci (5 mm spheres at activation peaks, context B vs C contrast)","PPI (CS+E vs CS-, context C vs B)",no,no,no,,"Table 2B/C: hippocampal PPI HighREN>LowREN renewal peaks (SVC ROIs: dACC, insula, vmPFC, amygdala, hippocampus)",0.0,"Hippocampal-seed PPI during fear renewal; exploratory whole-brain PPI (FWE) yielded no significant results in the group, and all reported effects are small-volume-corrected fear-circuit ROIs in median-split subgroups. No whole-brain hippocampal FC results.","Hermann et al. 2016 SCAN. BORDERLINE: whole-brain PPI was run but null; if null whole-brain analyses are wanted, could be reconsidered as include (type b, null). MNI space. 46 healthy men 18-35.",,,,
pending (round 1),PMID27054401,27054401.0,10.1162/jocn_a_00961,Bowman CR,2016,J Cogn Neurosci,The Neural Basis of Recollection Rejection: Increases in Hippocampal-Prefrontal Connectivity in the Absence of a Shared Recall-to-Reject and Target Recollection Network.,none,unresolved_no_fulltext,,,,,,,,,,,,0.0,,,paywalled (MIT Press); no OA copy found,,,
pending (round 1),PMID27284194,27284194.0,10.1126/science.aaf0784,Brown TI,2016,Science,Prospective representation of navigational goals in the human hippocampus.,institutional subscription (lab machine),exclude,E7,,healthy adults (N not stated in main text),NR,"NA (hippocampal/subiculum multivoxel ""future"" classifier evidence)",trial-wise correlation of hippocampal classifier evidence with univariate activity; MVPA searchlight,,,no,,,0.0,"""Functional connectivity"" is the trial-by-trial correlation between hippocampal decoding (classifier) evidence and FPC univariate activity; no BOLD time-series FC of a hippocampal seed; main analyses are MVPA decoding.","Borderline E7 (informational-activity coupling rather than seed FC). Methods and cluster tables are in the Science supplementary materials, which are not part of this PDF; if the supplement shows a whole-brain map of hippocampal-evidence-activity coupling, could be reconsidered as task (criterion b).",paywalled (AAAS); no OA copy found,,,
pending (round 1),PMID27488631,27488631.0,10.1523/JNEUROSCI.0045-16.2016,Brod G,2016,J Neurosci,Knowledge Acquisition during Exam Preparation Improves Memory and Modulates Memory Formation.,unpaywall_html,exclude,E10,task,"healthy young adults (medical students; exam candidates, plus 16 controls behavioural)",31,"L and R anterior hippocampus (Harvard-Oxford anatomical mask, anterior 35%)","PPI whole-brain (SME remembered>forgotten), T2 vs T1",partial,no,no,,"Table 2: PPI SME increases T2>T1 per condition for R and L anterior HC seeds (MNI); interaction peak L MTG -60,-48,8 in text",0.0,Whole-brain anterior-hippocampus PPI reported only as change from pre- to post-exam-preparation (100-day studying = training manipulation); no baseline (T1) hippocampal PPI map or within-session main effect reported.,"Borderline: could qualify under criterion (b) as whole-brain PPI contrast in healthy adults (T2>T1 SME connectivity). FSL FLAME, z>2.3 (interaction at z>1.96, 3DClustSim), MNI. HTML text; Table 2 captured.",,,,
pending (round 1),PMID27496142,27496142.0,10.1016/j.nlm.2016.07.026,Foster CM,2016,Neurobiol Learn Mem,The effect of age on relational encoding as revealed by hippocampal functional connectivity.,ncbi_pmc_xml,include,I,task,young+old healthy,22,"L anterior hippocampus 6mm sphere (Talairach -30,-15,-15, from Morcom et al. 2003)",beta-series correlation whole-brain (relational encoding); conjunction YA/OA + age ANOVA,yes,yes,yes,Table 2 (Conjunction of OA and YA section; task-state beta-series),"Table 2: OA>YA, YA>OA, OA>YA masked with DMN",0.0,"11 young and 11 older healthy adults; whole-brain beta-series FC from left anterior hippocampal seed during relational encoding; conjunction map of positive FC across groups and age-group differences reported (Table 2, Fig 1-2).","Task-based (beta-series), so coordinates not extracted. Table footnote says MNI (seed given in Talairach). Thresholds p<.005 + 3dClustSim cluster extent. Resting-state analysis used PCC seed only (DMN mask), not hippocampal.",,,,
pending (round 1),PMID27592810,27592810.0,10.1016/j.neuroimage.2016.08.069,Takashima A,2016,Neuroimage,Retrieved emotional context influences hippocampal involvement during recognition of neutral memories.,PDF supplied by user (institutional access),exclude,E7,task,healthy young men (18-28 y),24,NA (PPI seed = bilateral parahippocampal/PPA localizer ROI),PPI from parahippocampal seed (remote vs recent; retrieved arousing vs neutral context),,,no,,,0.0,"Connectivity seed is the parahippocampal (scene-selective) ROI; hippocampus appears only as a PPI target cluster, not as a seed.",,OA copy listed (Unpaywall) but publisher/repository blocked automated access (bot protection/403),,,none
pending (round 1),PMID28081125,28081125.0,10.1371/journal.pbio.1002588,Kaplan R,2017,PLoS Biol,The Neural Representation of Prospective Choice during Spatial Planning and Decisions.,europepmc_xml,include,I,task,healthy young adults,29,"R posterior hippocampus, 8mm sphere at MNI 24,-37,-8 (task-defined RT cluster)",PPI whole-brain (deep vs shallow planning),yes,no,no,,,0.0,"Whole-brain PPI from task-defined right posterior hippocampus seed (deep vs shallow maze planning) in 29 healthy adults; only rd-mPFC coupling (ROI-significant, subthreshold whole-brain), no other clusters.","Criterion (b). MNI, SPM8, p<0.005 unc + cluster FWE. Whole-brain PPI essentially null; rd-mPFC peak 12,47,28 Z=3.95 not FWE-surviving. No PPI table (text only).",,,,
pending (round 1),PMID28242796,28242796.0,10.1523/JNEUROSCI.2509-16.2017,Westphal AJ,2017,J Neurosci,Episodic Memory Retrieval Benefits from a Less Modular Brain Network Organization.,pmc_html,exclude,E9,task,healthy young adults,20,"left and right hippocampus (Harvard-Oxford, 50% prob)",task-state background FC; hippocampus-to-network mean connectivity,no,no,no,,,0.0,"Hippocampal connectivity only summarized as mean pairwise correlation with a priori FPCN and DMN nodes (plus CON/DAN control), ANOVA across tasks; no whole-brain or parcel-level hippocampal FC map. Main analyses are 264-node graph modularity.","Borderline E9: hippocampus-network averages for 2-4 networks only (Fig 4 bar plot). Background connectivity during memory/reasoning/perception tasks, MNI space, N=20.",,,,
pending (round 1),PMID28548263,28548263.0,10.1002/hbm.23662,Yamawaki R,2017,Hum Brain Mapp,Remembering my friends: Medial prefrontal and hippocampal contributions to the self-reference effect on face memories in a social context.,pmc_html,include,I,task,healthy young adults,19,"L/R hippocampus 6mm spheres around subsequent-memory peaks (L -25,-6,-20; R 21,-9,-16), constrained to AAL MTL",gPPI whole-brain (Self-Hit PPI exclusively masked by Other-Hit),yes,no,no,,"Table 3: gPPI peaks, R hippocampus FC during successful encoding of self-related faces (Self-Hit excl. Other-Hit); L seed no regions",0.0,Whole-brain gPPI (FWE p<0.05) from task-defined left and right hippocampal seeds during face encoding in 19 healthy young adults; right seed coupled with mPFC and precuneus for Self-Hit trials.,"MNI, SPM8; right-seed analysis n=18, left n=19; no significant left-seed results; task-modulated FC, not main-effect FC.",,,,
pending (round 1),PMID29965869,29965869.0,10.1097/WNR.0000000000001084,Ford JH,2018,Neuroreport,Older adults use a prefrontal regulatory mechanism to reduce negative memory vividness of a highly emotional real-world event.,ncbi_pmc_xml,include,I,task,lifespan healthy adults (18-87),58,"L hippocampus 6mm VOI at MNI -24,-28,-6 (from prior study)","gPPI whole-brain, age x valence (continuous age) during autobiographical retrieval",partial,no,no,,"Supplementary Table 2 (whole-brain analyses; not captured, may include gPPI age x valence peaks)",0.0,"58 healthy adults aged 18-87; whole-brain gPPI from left hippocampal sphere with age as continuous covariate; main reported result masked to prior dmPFC cluster (age x valence), whole-brain results referred to Supplementary Table 2.","BORDERLINE (E9 alternative): main-text hippocampal FC result is restricted to an inclusive dmPFC mask from prior study; whole-brain gPPI results only in supplement (not available). SPM8, p<.005 + 19-voxel extent. Brief report (Boston Marathon bombing memories).",,,,
pending (round 1),PMID30407034,30407034.0,10.1037/pag0000310,Ankudowich E,2019,Psychol Aging,Age-related differences in prefrontal-hippocampal connectivity are associated with reduced spatial context memory.,none,unresolved_no_fulltext,,,,,,,,,,,,0.0,,,paywalled (APA); no OA copy found,,,
pending (round 1),PMID30523574,30523574.0,10.3758/s13415-018-00666-z,Baeuchl C,2019,Cogn Affect Behav Neurosci,Contingency awareness as a prerequisite for differential contextual fear conditioning.,unpaywall_pdf,include,I,task,"healthy adults (19-49 y), contingency-aware vs unaware",96,"task-defined right hippocampus, 6mm-diameter sphere at MNI 30,-18,-21",PPI whole-brain (between-group aware>unaware),yes,no,no,,"Table 3: PPI R hippocampus seed, Contingency Aware > Unaware (CTX+unpaired > CTX-) peaks",0.0,"Whole-brain PPI with right hippocampal seed (contextual fear conditioning, CTX+ > CTX-) in 96 healthy adults, compared between aware and unaware groups; significant clusters in pMFC/ACC/MCC reported in Table 3.","Criteria (b)/(c): task-modulated whole-brain FC group difference between healthy groups; no within-group seed map. MNI, SPM8, cluster FWE p<.05 with CDT p<.005.",,,,
pending (round 1),PMID31536543,31536543.0,10.1371/journal.pone.0222064,Burman DD,2019,PLoS One,Hippocampal connectivity with sensorimotor cortex during volitional finger movements: Laterality and relationship to motor learning.,europepmc_xml,exclude,E9,task,healthy adults (24-59 y),13,L/R hippocampus (AAL) divided into 3x3 structural seeds plus single-voxel functional seeds,PPI (motor > visual) restricted to SMC ROI/hand representation,no,no,no,,Table 4: hippocampal PPI connectivity clusters within sensorimotor cortex,0.0,Hippocampal PPI group analysis was restricted to the sensorimotor hand-representation ROI (FWE within ROI); no whole-brain or broad cortical hippocampal FC results reported.,Same 13-subject sample as Burman 2021 (PMID34874961). Mostly negative connectivity with left SMC during sequence learning.,,,,
pending (round 1),PMID31917325,31917325.0,10.1016/j.neuroimage.2019.116498,Tompson SH,2020,Neuroimage,Functional brain network architecture supporting the learning of social networks in humans.,ncbi_pmc_xml,include,I,task,"healthy adults (18-65, mean 25)",26,left and right hippocampus (Harvard-Oxford atlas ROIs),whole-brain gPPI (WB-PPI) seed-to-parcel (400 Schaefer + 10 subcortical),partial,no,no,,"Suppl Tables S4/S5: hippocampus-to-parcel PPI connections (social vs non-social), parcel labels, not captured",0.0,"26 healthy adults; task-dependent (transition vs non-transition) gPPI connectivity computed between L/R hippocampus and all 400 Schaefer cortical parcels; hippocampal connections for social vs non-social tasks reported (Fig 4A, Tables S4-S5).","32 recruited, 6 excluded (N=26 derived). Main focus is node-strength hub analysis; hippocampus-specific parcel-level PPI results in supplementary tables. FDR p<0.05 over edges; permutation null. No coordinate tables in main text.",,,,
pending (round 1),PMID31959699,31959699.0,10.1523/JNEUROSCI.1946-19.2020,Cowan E,2020,J Neurosci,Sleep Spindles Promote the Restructuring of Memory Representations in Ventromedial Prefrontal Cortex through Enhanced Hippocampal-Cortical Functional Connectivity.,pmc_html,exclude,E9,task,healthy young adults,19,L/R anatomical anterior & posterior hippocampus,PPI (ROI beta extraction),no,no,no,,,0.0,"PPI with anterior/posterior hippocampal seeds, but connectivity betas only extracted from a priori ROIs (vmPFC, PMC) and correlated with spindle density; no whole-brain hippocampal FC map or results.","22 recruited, 3 excluded -> 19 analysed. Sleep/PSG study; ROI-only PPI.",,,,
pending (round 1),PMID32441308,32441308.0,10.1093/scan/nsaa065,Alvarez GM,2020,Soc Cogn Affect Neurosci,Systemic inflammation is associated with differential neural reactivity and connectivity to affective images.,europepmc_xml,exclude,E9,task,"healthy midlife/older adults (MIDUS, age 35-76)",66,bilateral hippocampus (Harvard-Oxford) among 7 corticolimbic ROIs,gPPI ROI-to-ROI (CONN) regressed on inflammation,no,no,no,,,0.0,"Task gPPI limited to ROI-to-ROI connectivity among seven corticolimbic ROIs (amygdala, insula, hippocampus, thalamus, striatum, pallidum, mPFC) related to inflammation; hippocampus-mPFC finding only, no whole-brain hippocampal FC.","Table 2 is activation-inflammation local maxima, not FC.",,,,
pending (round 1),PMID32461583,32461583.0,10.1038/s41467-020-16492-2,Goldfarb EV,2020,Nat Commun,Hippocampal seed connectome-based modeling predicts the feeling of stress.,europepmc_xml,exclude,E10,task,healthy adults (mean age ~30),60,"anatomical whole hippocampus, aHPC, pHPC (FSL FIRST, thirds of long axis)",seed-to-voxel background (task-state) FC; stressor vs neutral LME; connectome-based predictive modelling,partial,no,no,,Supplementary Table 2: overlapping clusters of stressor vs neutral hippocampal FC change (not in text),0.0,Acute stress induction study: whole-brain hippocampal background FC reported only as stressor-vs-neutral change (each relative to preceding baseline) and used for predictive modelling; no neutral/baseline hippocampal seed map reported.,"BORDERLINE: could qualify under criterion (c) (whole-brain condition difference in healthy people, stressor vs neutral images; Fig. 1e-f). Excluded per E10 (stress manipulation, no control-condition seed map). MNI, 3dClustSim p<.001 alpha .05.",,,,
pending (round 1),PMID32744850,32744850.0,10.1037/pag0000437,Katsumi Y,2020,Psychol Aging,Immediate and long-term effects of emotional suppression in aging: A functional magnetic resonance imaging investigation.,none,unresolved_no_fulltext,,,,,,,,,,,,0.0,,,paywalled (APA); no OA copy found,,,
pending (round 1),PMID32882376,32882376.0,10.1016/j.neuroimage.2020.117319,van de Ven V,2020,Neuroimage,Hippocampus plays a role in speech feedback processing.,repo_pdf,exclude,E9,,healthy adults (pooled re-analysis of two studies),23,"bilateral hippocampus (Juelich probabilistic atlas, 60% threshold)",ROI-to-ROI PPI (hippocampus-auditory cortex) + exploratory whole-brain physio-physiological interaction (hippocampus x SMA),partial,no,no,,,0.0,"Hippocampal PPI was only tested against auditory cortex ROI; the only voxelwise analysis is a hippocampus x SMA physio-PI (symmetric interaction term, not hippocampal-seed FC), yielding dACC and cerebellum clusters.","BORDERLINE: could be considered partial include if physio-PI (hippocampus x SMA) whole-brain map is accepted as hippocampal task-modulated FC. Talairach space, BrainVoyager, p<0.005 + cluster threshold. Peaks in text only. Overt picture naming with noise masking.",,,,
pending (round 1),PMID33258955,33258955.0,10.1093/cercor/bhaa357,Wu X,2021,Cereb Cortex,"From ""Aha!"" to ""Haha!"" Using Humor to Cope with Negative Stimuli.",institutional subscription (lab machine),include,I,task,"healthy young adults (college students, 24.1 +/- 2.3 y)",27,"L and R whole hippocampus (AAL), separately (plus L amygdala seed)",gPPI whole-brain (humorous vs ordinary reappraisal of negative pictures); PPI-emotion correlations,,,no,,,0.0,"Whole-brain gPPI of anatomical L/R hippocampus seeds during humorous and ordinary reappraisal in 27 healthy adults; L hippocampus coupling with thalamus, SMG, IPL, frontal cortex for humorous>ordinary (criterion b).","MNI (SPM). Condition-wise PPI one-sample t FWE p<0.01; humorous-ordinary contrast p<0.005 uncorrected k>20. Emotion-regulation strategy is a task condition, not an intervention.",OA copy listed (Unpaywall) but publisher/repository blocked automated access (bot protection/403),,,
pending (round 1),PMID33990933,33990933.0,10.3758/s13415-021-00909-6,Madaboosi S,2021,Cogn Affect Behav Neurosci,Neurocircuitry of Contingency Awareness in Pavlovian Fear Conditioning.,unpaywall_pdf,exclude,E9,task,healthy young adults (aware vs unaware),31,"left hippocampus 4mm sphere at [-24,-33,-3] (task-defined peak)","standard PPI (CS+>CS-), results masked to a priori ROIs",no,no,no,,,0.0,"Left-hippocampal PPI during fear conditioning; whole-brain PPI maps were masked to a priori ROIs (amygdala, insula, dACC, hippocampus, dmPFC, dlPFC, vlPFC, vmPFC, OFC) with Bonferroni ROI correction; no whole-brain hippocampal FC results.",Aware (n=17) vs unaware (n=14) healthy participants; ROI-restricted PPI; group maps in Figs 6-8 only within masks.,,,,
pending (round 1),PMID34038011,34038011.0,10.1002/hipo.23365,Brown TI,2021,Hippocampus,Evidence for a gradient within the medial temporal lobes for flexible retrieval under hierarchical task rules.,ncbi_pmc_xml,include,I,task,healthy young adults,18,"L/R hippocampal body and tail (manually segmented, ITK-SNAP, Pruessner landmarks)","beta-series correlation, whole-brain condition contrasts",yes,no,no,,"Table 5: beta-series FC contrasts (superordinate>subordinate, superordinate>stay, subordinate>stay) peaks for hippocampal body/tail seeds (MNI)",0.0,Beta-series correlation from manually traced hippocampal body and tail seeds to all voxels in 18 healthy young adults; whole-brain (cluster-extent FWE k=53) contrasts between contextual rule-change conditions reported in Table 5.,"Type (b) task-modulated FC. MNI space. Only contrasts reported, no main-effect FC map. Hippocampal head excluded due to susceptibility.",,,,
pending (round 1),PMID34874961,34874961.0,10.1371/journal.pone.0260245,Burman DD,2021,PLoS One,Topography of hippocampal connectivity with sensorimotor cortex revealed by optimizing smoothing kernel and voxel size.,europepmc_xml,exclude,E9,task,healthy adults (24-59 y),13,"L/R hippocampus (AAL) divided into 3x3 A-P x M-L structural seeds, 6mm multivoxel and single-voxel functional seeds",PPI (motor > visual) restricted to SMC hand-representation ROI,no,no,no,,Table 5 and Table 7: hippocampal PPI connectivity peaks within SMC hand ROI (smoothing/voxel-size comparisons),0.0,"Methods study of smoothing/voxel size; hippocampal PPI group analyses were confined to the sensorimotor hand-representation ROI (small-volume FWE), no whole-brain or broad cortical hippocampal FC map.",Same sample/task as Burman 2019 (PMID31536543). N=13 right-handed adults. Mostly inverse (negative) PPI connectivity.,,,,
pending (round 1),PMID34581398,34581398.0,10.1093/cercor/bhab331,Ness HT,2022,Cereb Cortex,Reduced Hippocampal-Striatal Interactions during Formation of Durable Episodic Memories in Aging.,europepmc_xml,include,I,task,young+old healthy,60,task-defined left anterior hippocampus (durable>transient activation voxels within MNI152 aseg hippocampus mask),"gPPI whole-cortex surface + striatal ROIs (young vs old, durable>transient)",partial,no,no,,,0.0,"gPPI from left anterior hippocampal seed to whole FreeSurfer cortical surface and caudate/putamen during associative encoding (durable vs transient), comparing 30 young vs 30 old; cortical age differences null after FWE; young>old hippocampal-striatal FC.","Only age-group interaction tested (no within-group PPI map); cortical surface clusters did not survive correction; striatal ROI results only. Table 2 = activation peaks, not FC. Borderline: consider whether null whole-cortex group-difference PPI counts.",,,,
pending (round 1),PMID35073239,35073239.0,10.1080/17588928.2021.2021164,Tallman CW,2022,Cogn Neurosci,Human brain activity and functional connectivity as memories age from one hour to one month.,ncbi_pmc_xml,include,I,task,healthy adults,21,"bilateral hippocampus (anatomical ROI from manual tracings, study template)",gPPI whole-brain voxelwise (memory age power-function LME),yes,no,no,,"Table 2: hippocampal-seed gPPI connectivity decreasing with memory age (standard, AM, exploratory p<0.01)",0.0,Whole-brain gPPI with bilateral anatomical hippocampal seed during scene recognition; connectivity change as function of memory age (1h to 1 month) in 21 healthy adults.,"MNI (Table 2); voxel p<0.001 (exploratory p<0.01), cluster p<0.05 (ETAC). Also vmPFC seed. Sample previously reported by Urgolites 2015 (different analysis).",,,,
pending (round 1),PMID35110581,35110581.0,10.1038/s41598-022-05601-4,Zhang L,2022,Sci Rep,A specific brain network for a social map in the human brain.,europepmc_xml,include,I,task,healthy young adults (university students),29,L and R posterior hippocampus (AAL hippocampus split along long axis),PPI whole-brain (option vs baseline),yes,no,no,,Table 3: PPI peaks for L pHIP and R pHIP seeds (plus precuneus seeds); Table S4 (suppl.): PPI with covariates,0.0,"29 healthy young adults playing a social navigation game; whole-brain PPI from left and right posterior hippocampus (AAL-derived) seeds for decision vs baseline, GRF-corrected; L pHIP showed negative coupling with cuneus/lingual/Rolandic operculum.","MNI, FSL, GRF p<0.001 voxel/p<0.05 cluster. R pHIP result only one-tailed. Also precuneus seeds (not relevant). Chinese sample.",,,,
pending (round 1),PMID35149637,35149637.0,10.1097/PSY.0000000000001058,Ren X,2022,Psychosom Med,The Hippocampal-Ventral Medial Prefrontal Cortex Neurocircuitry Involvement in the Association of Daily Life Stress With Acute Perceived Stress and Cortisol Responses.,unpaywall_pdf,include,I,task,"healthy young adults (university students, mean age 19.1)",44,"task-defined left hippocampus/parahippocampal cluster, 3 mm sphere at MNI -24,-6,-15","task-dependent seed-to-voxel FC (CONN, gPPI-type) stress vs control + whole-brain covariate regression with daily stress",yes,no,no,,"Table 4: whole-brain correlation of daily stress (DSI SUM) with stress>control hippocampal FC (vmPFC/sgACC 12,32,-16); Tables 2-3 activation only",0.0,"Healthy students (n=44) during MIST; left hippocampal seed task-modulated FC stress vs control tested whole-brain (null; vmPFC only after SVC) and whole-brain correlation of hippocampal FC change with daily stress (types b, d).","MNI; stress>control whole-brain FDR null, vmPFC SVC p=.059; covariate analysis cluster-FDR p<.05 (p<.001 uncorr). Mean age 19.07 (SD 1.11) - essentially all adults but some may be 18-; seed labelled parahippocampal extending to hippocampus. Borderline E10 (acute stress task) but analysis is within-session task contrast. No main-effect map.",,,,
pending (round 1),PMID36528854,36528854.0,10.1111/jsr.13797,Wang L,2023,J Sleep Res,Dynamic hippocampal functional connectivity responses to varying working memory loads following total sleep deprivation.,PDF supplied by user (institutional access),exclude,E10,,"healthy young men, rested wakefulness vs 36-h total sleep deprivation",14,left hippocampus (AAL),gPPI whole brain (n-back load) - only TSD vs RW differences reported,,,no,,,0.0,"Sleep-deprivation study: left-hippocampal gPPI results reported only as TSD minus RW differences (Table 3, uncorrected p<0.005); no rested-wakefulness (baseline) load-dependent hippocampal FC map, so E10 applies.","MNI; uncorrected p<0.005. Could be reconsidered as a within-subject condition contrast in healthy adults (criterion c), like other borderline E10s.",paywalled (Wiley); no OA copy found,,,
pending (round 1),PMID36585773,36585773.0,10.1093/cercor/bhac494,Ludowicy P,2023,Cereb Cortex,Functional underpinnings of feedback-enhanced test-potentiated encoding.,institutional subscription (lab machine),exclude,E9,,healthy young adults (24.2 +/- 4.4 y),27,anatomical L anterior and L posterior hippocampus ROIs,"beta-series ROI-to-ROI correlation (aHC/pHC with MFG, IFG, MTG, SPL, SMG, VS)",,,no,,,0.0,"Hippocampal connectivity assessed only pairwise with 6 predefined ROIs (MFG, IFG, MTG, SPL, SMG, ventral striatum) via beta-series; no whole-brain/cortical map.",MNI. Testing-effect paradigm (restudy vs test with/without feedback).,OA copy listed (Unpaywall) but publisher/repository blocked automated access (bot protection/403),,,
pending (round 1),PMID37581985,37581985.0,10.1016/j.celrep.2023.112989,Kim JS,2023,Cell Rep,Hippocampal orchestration of associative and sequential memory networks for episodic retrieval.,publisher_html_browser,include,I,task,healthy young adults,24,"L and R hippocampus (FreeSurfer, individual), separately","gPPI whole-brain (CONN), TD0 vs TDseq retrieval contrasts",yes,no,no,,Table 1 = GLM activation only; gPPI peaks reported in text only,0.0,"Healthy young adults (N=24); gPPI with left/right hippocampal seeds across whole brain comparing simultaneous vs sequential retrieval; FDR-corrected clusters (SFG, SMA, postcentral).",Full text read via publisher HTML (Cell Reports OA) in browser; MNI; not saved as file.,,,,
pending (round 1),PMID37607818,37607818.0,10.1523/JNEUROSCI.0029-23.2023,Poskanzer C,2023,J Neurosci,Switching between External and Internal Attention in Hippocampal Networks.,pmc_html,include,I,task,healthy young adults,29,"bilateral whole hippocampus (Harvard-Oxford, thr 0.5)","task background connectivity (residual/beta-series-like) whole-brain, FSL randomise",yes,no,no,,,0.0,"Whole-brain hippocampal-seed background connectivity contrast (explicitly instructed vs memory-guided attention) in 29 healthy adults; no FWE clusters, uncorrected map shown (Fig 6). Main analyses ROI-to-ROI (basal forebrain, DAN).",Criterion (b)/(c): condition-difference whole-brain map only; null at FWE p<0.05; Fig 6 uncorrected p<0.01. MNI 1mm. No within-condition main-effect map or tables. Sample from Gunseli & Aly 2020.,,,,
pending (round 1),PMID37944517,37944517.0,10.1016/j.neuron.2023.10.010,Barnett AJ,2024,Neuron,Hippocampal-cortical interactions during event boundaries support retention of complex narrative events.,publisher_html_browser,exclude,E9,task,healthy young adults,24,"anterior/posterior hippocampus (FreeSurfer, uncal apex split)","windowed task-state FC between hippocampus and a priori DMN subnetwork ROIs (PMN, MTN, ATN, MPN) related to subsequent recall",no,no,no,,,0.0,Naturalistic movie encoding; hippocampal FC computed only with predefined DMN subnetwork ROIs and related to memory with mixed models; no voxelwise/whole-cortex hippocampal FC map. Borderline (network-level cortical ROIs).,Read via Neuron OA HTML in browser. Could be reconsidered as seed-to-cortical-networks if network-level ROI FC is accepted.,,,,
pending (round 1),PMID38839620,38839620.0,10.1007/s00429-024-02811-6,Rolls ET,2024,Brain Struct Funct,"Selective activations and functional connectivities to the sight of faces, scenes, body parts and tools in visual and non-visual cortical regions leading to the human hippocampus.",europepmc_xml,exclude,E7,task,HCP young adults,956,none specific (180x180 HCP-MMP cortical parcel matrix; hippocampus H only one node),task-state parcel-to-parcel FC (condition vs mean contrasts),no,no,no,,,0.0,"HCP working-memory task: activations and whole-cortex 180x180 FC matrices for faces/scenes/body/tools vs mean; focus on visual/parahippocampal regions; no hippocampal-seed FC results reported (hippocampus only discussed for activation, Tables S3/S5).",Hippocampal region H exists in HCP-MMP matrices shown in Figs 4-7 but is not analysed/reported as a seed; could arguably be mined from matrices but no hippocampal FC reported.,,,,
pending (round 1),PMID39169063,39169063.0,10.1038/s41467-024-51582-5,Huang Q,2024,Nat Commun,Replay-triggered brain-wide activation in humans.,europepmc_xml,include,I,task,healthy young adults,33,"bilateral hippocampus (Harvard-Oxford anatomical, any probability)",PPI whole-brain (hippocampal BOLD x EEG-decoded replay/reactivation probability),yes,no,no,,,0.0,"Simultaneous EEG-fMRI in 33 healthy young adults; whole-brain PPI with anatomical hippocampus seed showed replay-related FC increases with mPFC, PCC, visual cortex (Fig. 4e, cluster FWE); rest PPI with EC.","Nature Communications (peer-reviewed). Results shown in figures only; no coordinate table in main text (possible supplementary). Rest-period PPI reported as EC ROI analysis, whole-brain map thresholded p<0.01 unc for visualization. No within-group positive FC map.",,,,
pending (round 1),PMID39436048,39436048.0,10.1002/hbm.70056,Rolls ET,2024,Hum Brain Mapp,"Selective Brain Activations and Connectivities Related to the Storage and Recall of Human Object-Location, Reward-Location, and Word-Pair Episodic Memories.",europepmc_xml,include,I,task,healthy young adults,23,"HCP-MMP 'Hippocampus' parcel (plus presubiculum/EC/PeEC/PHA regions), left hemisphere",task-state effective connectivity (and FC) hippocampal parcel to all 180 HCP-MMP cortical parcels,partial,yes,no,,,0.0,23 healthy students performed episodic memory tasks; task-state effective connectivity between the HCP-MMP hippocampus parcel and all 180 left-hemisphere cortical parcels shown as matrix (Fig 5-6) during reward-location storage.,"Borderline: directed effective connectivity (delayed-FC method), not standard FC; matrix figures only (left hemisphere, reward-location storage task), descriptive, no statistics/threshold on hippocampal rows; no coordinates (surface parcels, MNI/HCP grayordinates). FC matrices computed but not reported as hippocampal results.",,,,
pending (round 1),PMID40036194,40036194.0,10.1093/cercor/bhae464,Buchsbaum BR,2024,Cereb Cortex,The interactive effects of divided attention and semantic elaboration on associative recognition memory: an fMRI study.,pmc_html,include,I,task,healthy young adults,28,"anterior hippocampus (probabilistic manual-segmentation template, bisected at median y; L/R ROIs, reported as bilateral)","beta-series connectivity seed-to-parcel (Schaefer 400 cortical parcels), LME",yes,no,no,,,0.0,"Beta-series connectivity of anterior hippocampus seed with all 400 Schaefer cortical parcels during word-pair encoding, modulated by attention (FA vs DA) and elaboration; FDR-corrected parcel maps (Fig 8).","Experiment 2 fMRI, n=28 (18-26 y). Parcel-based, no coordinate tables; results shown as surface figure. MNI atlas. Condition contrast only (criterion b).",,,,
pending (round 1),PMID40242399,40242399.0,10.1162/imag_a_00404,Yang Z,2024,Imaging Neurosci (Camb),Pattern separation involves regions beyond the hippocampus in non-demented elderly individuals: A 7T object lure task fMRI study.,europepmc_xml,exclude,E9,task,"non-demented older adults (40 CN + 15 MCI, pooled)",40,"hippocampal subfield ROIs (anterior/posterior CA1, CA3/DG etc., L/R)",task-state ROI-to-ROI Pearson correlation (hippocampal ROIs vs 11 activation clusters),no,no,no,,,0.0,7T object lure task; FC computed only between hippocampal subfield ROIs and 11 activation clusters (LureCR vs LureFA) via Pearson correlation; no voxelwise/whole-cortex hippocampal FC map; sample pools CN with 15 MCI.,"Also E5 concern: CN and MCI pooled, no separate CN FC results. Results in Supp. Fig. 6 only.",,,,
pending (round 1),PMID40347158,40347158.0,10.1093/cercor/bhaf106,Rolls ET,2025,Cereb Cortex,"Visual cortical networks for ""What"" and ""Where"" to the human hippocampus revealed with dynamical graphs.",institutional subscription (lab machine),exclude,E7,,HCP young adults (956 task 3T; 171 rest 7T),956,NA (V1 used as signal source; hippocampus is the end node),deterministic dynamical-graph signal flow on Hopf effective-connectivity matrices (HCP-MMP 360 regions),,,no,,,0.0,Signal flow is propagated from V1 through ~20 preselected visual/MTL regions to the hippocampus as end node; hippocampus is not a seed with a whole-brain/cortical FC map.,"Re-analysis of effective-connectivity matrices already published (Rolls et al. 2022a, 2024b/e); alternative codes E9 (preselected visual-stream nodes) or E13 (re-use of published HCP EC matrices). SAMPLE OVERLAP: HCP.",paywalled (OUP); no OA copy found,,,
pending (round 1),PMID40354395,40354395.0,10.1162/jocn_a_02347,Ren Y,2025,J Cogn Neurosci,Music Modulates Medial Temporal Lobe Connectivity with Frontostriatal Loops and Enhances Visual Sequential Learning.,none,unresolved_no_fulltext,,,,,,,,,,,,0.0,,,paywalled (MIT Press); no OA copy found,,,
pending (round 1),PMID40392111,40392111.0,10.1162/JOCN.a.48,Shiomi Y,2025,J Cogn Neurosci,Dissociable Neural Mechanisms in the Default Mode Network Underlying Age-related Differences in Survival-related Memory Enhancement.,repo_pdf,exclude,E9,task,young+old healthy,72,left hippocampal 6-mm sphere at subsequent-memory activation peak (masked by Harvard-Oxford hippocampus),gPPI; group-level brain-behaviour (SME) correlation restricted to DMN subsystem ROIs (FWE within each DMN ROI),no,no,no,,Table 4: gPPI-SME correlation peaks within DMN ROIs,0.0,"36 young + 36 older healthy adults; gPPI from left hippocampal seed, but FC tested only within a priori DMN subsystem masks (CORE, MTL, dmPFC) as correlation with memory enhancement; no whole-brain map.",Read from Kyoto University repository PDF (CC BY). Borderline E9 (DMN-restricted).,,,,
pending (round 1),PMID40550920,40550920.0,10.1038/s42003-025-08377-1,Park J,2025,Commun Biol,Hippocampal systems for event encoding and sequencing during ongoing narrative comprehension.,europepmc_xml,include,I,task,healthy young adults,65,"bilateral whole hippocampus (Brainnetome, mean of L/R anterior & posterior subregions)","seed-to-parcel task-state (movie) FC, connectome-based predictive modelling (Schaefer 200 parcels; 100-1000 robustness)",partial,no,no,,,0.0,"Hippocampus seed FC with all 200 Schaefer cortical parcels during naturalistic movie viewing, used to predict narrative memory scores; behaviour-predictive edges (hippocampus-vmPFC, hippocampus-PMC) reported. Brain-behaviour (type d) cortex-wide analysis, no main-effect map.","2025 Commun Biol-type article (Sungkyunkwan). 71 recruited, 65 analysed, mean age 22.8. MNI (fMRIprep). Results shown as figures of selected edges only; no coordinate tables.",,,,
pending (round 1),PMID42128664,42128664.0,10.1523/JNEUROSCI.1204-25.2026,Mohammadi Y,2026,J Neurosci,Brain Representations of Natural Sound Statistics.,repo_pdf,exclude,E9,,healthy young adults,30,L/R hippocampus (Julich-Brain atlas) among 12 ROIs per hemisphere,"gPPI ROI-to-ROI (CONN), auditory subregions x MTL ROIs",no,no,no,,"Table 1: ROI-to-ROI PPI results (auditory-HC), not coordinates",0.0,"gPPI restricted to 24 atlas ROIs (8 auditory subregions + entorhinal, hippocampus, parahippocampal, amygdala per hemisphere), within-hemisphere ROI-to-ROI only; no whole-brain hippocampal-seed FC.","Experiment 1 n=30 (18-40y). Accepted-manuscript PDF (J Neurosci 2026), peer-reviewed.",,,,
pending (round 1),PMID42421580,42421580.0,10.1098/rstb.2025.0240,Shi A,2026,Philos Trans R Soc Lond B Biol Sci,Neural mechanisms of error-driven learning in retrieval practice: confidence gates memory and metamemory networks.,repo_docx,exclude,E9,task,healthy young adults,25,"bilateral hippocampus ROI (among hippocampus, PHG, IFG, ITG, lingual ROIs)",trial-level ROI-to-ROI FC (CONN) in mediation models,no,no,no,,,0.0,"Trial-wise ROI-to-ROI FC among a handful of memory ROIs (hippocampus, PHG, IFG, ITG, lingual) entered into mediation models; no whole-brain or broad cortical hippocampal FC map.",Retrieval-practice color-wheel task; Tables S3-S4 supplementary.,,,,
pending (round 1),PMID42488345,42488345.0,10.3389/fnagi.2026.1788092,Chen JCC,2026,Front Aging Neurosci,Hippocampal formation-cortical high-fidelity memory networks in healthy older adults during the mnemonic discrimination task.,europepmc_xml,exclude,E7,task,healthy older adults,22,"task-defined left entorhinal cortex cluster (MNI -13.4, 1.9, -34.2)",beta-series whole-brain (LureCR vs LureFA),no,no,no,,Table 3: beta-series LureCR-LureFA peaks from left ERC seed (not hippocampal),0.0,Only seed for beta-series FC is a task-defined left entorhinal cortex cluster (labelled 'hippocampal formation'); no hippocampus-proper seed. ERC-only seeds are E7 per protocol.,"22 cognitively intact older adults; custom ANTs template, MNI coordinates reported. Would otherwise be task beta-series whole-brain.",,,,
re-forwarded (round 2),PMID33327969,33327969.0,10.1017/S0033291720004754,Čermaková P,2022,Psychol Med,Socioeconomic deprivation in early life and symptoms of depression and anxiety in young adulthood: mediating role of hippocampal connectivity.,europepmc_xml,include,I,rsfc,"young adults, population birth cohort (ELSPAC-CZ/VULDE, age 23-24; not clinically selected)",122,"L and R whole hippocampus (Harvard-Oxford), separately",seed-to-voxel rsFC (CONN) regressed on early-life socioeconomic deprivation; post-hoc hippocampus-to-all-HO-ROI analysis,yes,no,no,,Suppl Tables S6/S7: clusters where hippocampal FC is associated with ELSD (not captured); Table 2: R hippocampus-ROI connectivity t-values for 5 ROIs (no coordinates),0.0,"Whole-brain seed-to-voxel rsFC of L/R hippocampus in 122 community young adults, regressed on early-life deprivation (criterion d); R hippocampus FC with a large cortical cluster (peak 24,-16,-18) decreased with ELSD.","BORDERLINE population: general-population birth cohort with a continuous early-life exposure (not patients vs controls; no health screening described) - E5 alternative if exposure designs are excluded. Fig 1 shows an ""average global FC map"" of the R hippocampus within the ELSD cluster only; no within-group peak table. MNI; CONN 18b; p<.001 voxel, cluster FDR<.05. Rest 7 min eyes closed.",,,,
re-forwarded (round 2),PMID36066181,36066181.0,10.1002/hbm.26070,Han SD,2022,Hum Brain Mapp,Cognitive decline and hippocampal functional connectivity within older Black adults.,europepmc_xml,include,I,rsfc,nondemented community older Black adults (MARS/MAP cohorts),132,bilateral hippocampus averaged (Harvard-Oxford L+R),seed-to-voxel rsFC (CONN) regressed on baseline cognition and cognitive decline slopes,yes,no,no,,"Table 2: clusters where hippocampal FC correlates with baseline cognition / cognitive slopes (brain-behaviour, not extracted)",0.0,"Voxelwise whole-brain rsFC of averaged hippocampus in 132 nondemented older adults, regressed on global/domain cognition and decline slopes (criterion d); e.g., L frontal pole/MFG clusters. No one-sample map reported.","Healthy ageing (dementia excluded; MCI status not reported). MNI; CONN 19a; voxel p<.001, cluster FDR<.05, two-tailed. Mean age 76, 81% female.",,,,
re-forwarded (round 2),PMID37817668,37817668.0,10.1002/alz.13503,Schweitzer N,2024,Alzheimers Dement,Sex-dependent alterations in hippocampal connectivity are linked to cerebrovascular and amyloid pathologies in normal aging.,ncbi_pmc_xml,exclude,E9,task,cognitively normal older adults,54,L and R hippocampus (AAL),"gPPI (novel vs familiar face-name encoding), sex x time ANOVA, longitudinal",partial,no,no,,"Table 2: sex x time interaction peaks for hippocampal gPPI (ACC, MFG, contralateral hippocampus) within MTL+frontal mask",0.0,"gPPI maps from AAL hippocampal seeds were tested only within an a priori medial temporal and frontal lobe mask (AlphaSim), sex x 2-year time interaction; no whole-brain hippocampal FC results.","BORDERLINE E9 vs include (like PMID40392111): mask covers whole frontal lobe + MTL, so it is broader than a few ROIs; if lobar masks are accepted it becomes a task include (type c, sex x time). MNI; CDT p<.005. Amyloid PET and WMH used as covariates of change.",,,,
re-forwarded (round 2),PMID40103362,40103362.0,10.1093/cercor/bhaf063,Zhou L,2025,Cereb Cortex,The hippocampus-IPL connectivity links to ADHD traits through sensory processing sensitivity.,institutional subscription (lab machine),include,I,rsfc,"healthy undergraduate students (Southwest University, China; 20.2 +/- 1.6 y)",260,L and R rostral hippocampus (Brainnetome rHipp),"seed-to-voxel rsFC (REST) correlated with sensory processing sensitivity (whole brain, GRF corrected); mediation",,,no,,,0.0,Whole-brain seed-to-voxel rsFC of bilateral rostral hippocampus in 260 healthy young adults regressed on sensory processing sensitivity (criterion d): positive association with rHPC-right IPL FC.,"MNI (DARTEL); GRF voxel p<0.005, cluster p<0.05. No within-group map or peak table. SAMPLE OVERLAP: Southwest University (Chongqing) student cohort; not SALD (lifespan) by description, but may overlap other SWU brain-behaviour cohorts.",paywalled (OUP); no OA copy found (Unpaywall/S2/Europe PMC closed),,,
re-forwarded (round 2),PMID40467423,40467423.0,10.1016/j.bja.2025.04.032,Lindsay D,2025,Br J Anaesth,The amnesic effects of propofol on functional connectivity in the hippocampus determined by functional magnetic resonance imaging in volunteers.,europepmc_xml,include,I,rsfc,"healthy adults (19-53 y), propofol sedation study",25,"bilateral whole hippocampus (Harvard-Oxford L+R averaged); CoBrALab subfields (CA1, CA2/3, CA4/DG, subiculum, strata) for drug contrasts",seed-to-voxel rsFC (CONN22a): pre-sedation baseline one-sample map + sedation/recovery paired contrasts,yes,yes,yes,Table 1 (a) Whole hippocampus baseline FC,"Table 1(b,c): sedation>baseline and recovery>sedation clusters; Table 2: subfield sedation contrasts and ERSI-weighted contrasts",6.0,"Drug study, but the pre-sedation (baseline) whole-hippocampus seed-to-voxel rsFC map is reported for 25 healthy volunteers (Fig 3a) with a cluster peak table (Table 1a: positive and negative clusters).","E10 does not apply because baseline map reported. MNI; voxel p<.001, cluster p-FDR<.05, two-sided. Table 1a lists cluster peaks only (6 positive, 8 negative); only positive rows extracted. Cluster 1 (47069 voxels) peak 22,-8,-22 lies near the seed but labelled ""Precuneus"" (main location); cluster 2 has x=-4 labelled ""Right precentral gyrus"" - copied as printed. N assumed 25 (no exclusions reported). Rest scans followed an auditory semantic task block.",,,,
re-forwarded (round 2),PPRPPR1305294,,10.64898/2026.08.19.745842,Skalaban LJ,2026,bioRxiv,The hippocampus and cortical memory networks have an inflection point in middle childhood,unpaywall_pdf,exclude,E9,,children 3-12 y + adults (Pixar movie dataset),28 adults (+122 children),bilateral whole hippocampus; anterior/posterior hippocampus (post hoc),inter-subject functional correlation + ROI-to-ROI FC with PM/AT network ROIs during movie viewing,no,no,no,,,0.0,Hippocampal FC computed only with a priori posterior-medial and anterior-temporal (PMAT) network ROIs across age groups; no whole-brain or broad cortical hippocampal FC map.,"Also E12 (bioRxiv 2026 preprint, no peer-reviewed version found) and mainly developmental (adults n=28 are a separate comparison group). PMAT ROI restriction handled as E9 like PMID34376585.",,,,
re-forwarded (round 2),PMID18799601,18799601.0,10.1152/jn.90355.2008,Vincent JL,2008,J Neurophysiol,Evidence for a frontoparietal control system revealed by intrinsic functional connectivity.,pmc_html,include,I,rsfc,healthy young adults (3 datasets),"105 (HF maps: dataset 1 n=10, dataset 2 n=50; dataset 3 n=45 ROI tests)","L and R posterior hippocampal formation spheres (~2 cm3; lHF MNI -21,-25,-14; rHF 24,-19,-21)","seed-to-voxel rsFC (fixation), convergence/conjunction maps; ROI-to-ROI validation",yes,yes,no,,"Table 2: ROI list incl. 4 ""HF correlated"" ROIs (vmPFC 0,51,-7; pCC 1,-55,17; lpIPL -47,-71,29; rpIPL 50,-64,27) placed around selected peaks of the dataset-2 HF map (MNI); Table 3: ROI correlation matrix",0.0,"HF seed used as comparison system: whole-brain HF rsFC maps shown for dataset 1 (Fig 2C, n=10), dataset 2 (Figs 3,5, n=50) and a 3-dataset convergence map (Fig 6), in healthy young adults.","Maps figure-only; Table 2 gives only 4 selected HF-correlated ROI centres (not an exhaustive peak table), so not extracted - could be added if selected-peak tables are accepted. SAMPLE OVERLAP: dataset 1 is the Vincent 2006 sample (PMID16899645) and datasets 2-3 share acquisition with Kahn 2008 (PMID18385483); HF seed taken from those papers - treat as same-sample experiments / possible E13. Uncorrected p<.01 maps; FDR for convergence map. MNI.",,,,
re-forwarded (round 2),PMID20850549,20850549.0,10.1016/j.neuroimage.2010.09.024,Deshpande G,2011,Neuroimage,Instantaneous and causal connectivity in resting state brain networks derived from functional MRI data.,ncbi_pmc_xml,exclude,E6,,healthy adolescents (15.1 +/- 1.1 y),26,"L/R hippocampal formation ROIs (from Vincent 2008 coordinates, Talairach -20,-24,-11 / 21,-18,-16)",ROI-based instantaneous FC + correlation-purged Granger causality among 30 network ROIs,no,no,no,,Table 1: literature ROI coordinates (not results),0.0,"Sample is adolescents aged ~15 years (paediatric/adolescent-only); analysis is multivariate Granger/zero-lag FC among 30 literature-defined network ROIs, not hippocampal whole-brain FC.","Would also be E9 (ROI-to-ROI among 30 ROIs, 6 in the hippocampal-cortical memory network). Talairach.",,,,
re-forwarded (round 2),PMID25394655,25394655.0,10.1002/hipo.22389,Doxey CR,2015,Hippocampus,Structural and functional correlates of behavioral pattern separation in the hippocampus and medial temporal lobe.,PDF supplied by user (institutional access),exclude,E9,,healthy older (n=37) and young (n=20) adults,57,left/right hippocampus (manual volumetric ROI),ROI-to-ROI rsFC (hippocampus with 6 FreeSurfer cortical ROIs) as regression predictors,,,no,,,0.0,"Resting FC computed only between the hippocampus and six a priori cortical ROIs (PCC, retrosplenial, IFG opercular, supramarginal, superior parietal, parieto-occipital) and used to predict pattern separation. No whole-brain or broad cortical map.","Two scanners (UCAIR, BYU).",paywalled (Wiley); no OA copy found (Unpaywall/S2/Europe PMC closed),,,
re-forwarded (round 2),PMID25639205,25639205.0,10.1002/hipo.22416,Wang JX,2015,Hippocampus,Long-lasting enhancements of memory and hippocampal-cortical functional connectivity following multiple-day targeted noninvasive stimulation.,ncbi_pmc_xml,exclude,E10,rsfc,healthy young adults (rTMS study),16,"subject-specific L hippocampal body target (nearest MNI -24,-18,-18)","seed-to-voxel rsFC, stimulation vs sham group x time",partial,no,no,,"Table 2: stimulation-effect clusters (mask from Wang 2014; long-lasting change targeted and whole-brain), centroids MNI-305",0.0,Primary outcome is long-lasting effect of multiple-day parietal rTMS on hippocampal-seed rsFC (W1-stimulation vs W1-sham); no baseline within-group hippocampal whole-brain map reported.,"New analysis of the Wang et al. 2014 Science sample (n=16). AFNI, voxel p<.05 + cluster (3dAlphaSim). Short report.",,,,
re-forwarded (round 2),PMID26918588,26918588.0,10.1162/jocn_a_00938,Baran B,2016,J Cogn Neurosci,Age-related Changes in the Sleep-dependent Reorganization of Declarative Memories.,ncbi_pmc_xml,include,I,task,healthy young (18-25) and older (60-75) adults,26,L and R hippocampus (CONN anatomical),"task-state seed-to-voxel FC during cued recall (CONN), young vs older after nap and after wake",yes,no,no,,"Peaks in text only: older>young L hippocampus FC with L PFC (-44,40,-8) and R PFC (34,62,-2) after nap",0.0,Whole-brain FC of L/R hippocampal seeds during recall scans compared between healthy young and older adults (criterion c): older > young L hippocampus-lateral PFC FC after a nap; no age difference after wake.,"13 young + 13 older. Nap vs wake is a within-subject consolidation manipulation, but the age-group comparisons are reported for each condition. MNI; voxel p<.001, cluster FDR<.05. No main-effect map.",,,,
re-forwarded (round 2),PMID30725233,30725233.0,10.1007/s00429-019-01838-4,Just MA,2019,Brain Struct Funct,"Converging measures of neural change at the microstructural, informational, and cortical network levels in the hippocampus during the learning of the structure of organic compounds.",figshare_author_preprint_pdf,exclude,E9,,healthy young adults,10,"100 L hippocampal voxels with largest DTI mean-diffusivity decrease (within AAL hippocampus), per subject","ROI-to-ROI task FC and intrinsic (low-pass) FC with 6 parietal AAL ROIs, pre vs post learning",no,no,no,,,0.0,FC was computed only between individually defined L hippocampal voxels and 6 parietal ROIs that showed MVPA decoding; no whole-brain or broad cortical hippocampal FC map.,Text from author accepted manuscript on CMU KiltHub/figshare (published Brain Struct Funct 2019). t-tests on 4 of 6 parietal ROIs.,,,,
re-forwarded (round 2),PMID31366391,31366391.0,10.1186/s12868-019-0518-4,Meusel LC,2019,BMC Neurosci,Cardiovascular risk and encoding-related hippocampal connectivity in older adults.,europepmc_xml,exclude,E5,task,cognitively intact older adults with hypertension (+/- type 2 diabetes),"0 (24 analysed, all with cardiovascular conditions)",manually traced L and R hippocampus,"gPPI (encoding), whole-brain one-sample task effect + Framingham risk x learning ANCOVA",yes,no,no,,"Tables 2-3: main effect of encoding-related (PPI) connectivity for L and R hippocampal seeds (Talairach, RAI order); FRS x learning cluster in text/Fig 2",0.0,"All participants were recruited for cardiovascular conditions (all hypertensive, half with type 2 diabetes): an at-risk clinical sample with no healthy control group.","hc_potential=0. If medically-treated hypertensive but cognitively intact older adults were considered healthy ageing, this would be a task include with PPI main-effect tables (not extracted; RAI-order Talairach, x/y signs flipped vs LPI). 30 recruited, 24 analysed. AFNI, FDR q<=.0001 main effect; 3dClustSim for interaction.",,,,
re-forwarded (round 2),PMID33326326,33326326.0,10.1162/jocn_a_01660,Miendlarzewska EA,2021,J Cogn Neurosci,Prior Reward Conditioning Dampens Hippocampal and Striatal Responses during an Associative Memory Task.,repo_pdf_unige,include,I,task,healthy young adults,20,"L and R hippocampus anatomical ROIs (also SN/VTA, ventral striatum seeds)",gPPI seed-to-voxel (CONN) during 24-h delayed recall: high- vs low-reward-conditioned pictures; ROI-to-ROI gPPI at encoding,yes,no,no,,"Peaks in text only: L hippocampus HR<LR FC with vmPFC (8,32,-12) and R NAcc (8,10,-16); R hippocampus HR<LR FC with R OFC (36,62,-4) and ITG (54,-46,-20)",0.0,"Whole-brain seed-to-voxel gPPI from L and R hippocampal seeds during delayed recall in 20 healthy adults, contrasting previously high vs low reward-conditioned items (criterion b).","Reward conditioning is a within-subject task manipulation, not an intervention. MNI; CONN FDR seed-level/cluster correction. Encoding-phase FC was ROI-to-ROI only. Text from Univ. Geneva repository PDF.",,,,
re-forwarded (round 2),PPRPPR280850,,10.21203/rs.3.rs-155155/v1,Assouline A,2021,Research Square,Weaving a story: narrative formation over prolonged time scales relies on cortical cohesiveness of distributed brain networks,unpaywall_pdf,exclude,E12,task,healthy young adults (two movie-order groups),38,L and R hippocampus (CONN atlas),"seed-to-voxel FC during movie scenes and blank intervals, coherent vs incoherent group comparison",yes,no,no,,Table 3: coherent vs incoherent group differences in hippocampal seed FC (movie and blank periods),0.0,"Research Square preprint. It reports whole-brain hippocampal seed FC group differences (type c), but the peer-reviewed version (Eur J Neurosci 2023, PMID36617430) no longer mentions hippocampus in its abstract and could not be read.","Not strictly preprint-only: peer-reviewed version exists (doi 10.1111/ejn.15909, CC-BY) but is not among the review records, and its Wiley OA PDF sits behind a Cloudflare bot check. If that paper keeps the hippocampal seed-to-voxel analysis, add PMID36617430 as a task include (type c) instead. 19 per group; MNI; height p<.005, cluster FDR<.05.",preprint PDF read; published EJN 2023 version blocked by bot check,,,
re-forwarded (round 2),PMID36669853,36669853.0,10.1101/lm.053638.122,van den Berg NH,2023,Learn Mem,Sleep strengthens resting-state functional communication between brain areas involved in the consolidation of problem-solving skills.,europepmc_xml,exclude,E10,rsfc,healthy young adults (sleep/nap/wake groups),60,R hippocampus 6-mm sphere at task-activation peak (companion study),"ROI-to-ROI (6 ROIs) and seed-to-voxel rsFC, group (sleep/nap/wake) x session (pre/post consolidation interval) ANOVA",partial,no,no,,"Table 1: seed-to-whole-brain group x session effects (hippocampus-SMA, hippocampus-OFC) - table not captured in XML",0.0,Whole-brain hippocampal-seed rsFC results are only group x session effects of the sleep/nap/wake consolidation manipulation; no baseline within-group hippocampal whole-brain map.,"BORDERLINE E10 vs include (c) (manipulated state contrast in healthy adults), consistent with PMID32472075. Rest1->rest2 (training) effects ROI-to-ROI only, in supplement. MNI; voxel p<.001, cluster FDR<.05.",,,,
re-forwarded (round 2),PMID39455948,39455948.0,10.1186/s12868-024-00905-9,Caillaud M,2024,BMC Neurosci,Structural and functional sex differences in medial temporal lobe subregions at midlife.,europepmc_xml,exclude,E7,rsfc,"cognitively unimpaired midlife adults 40-60 y (metabolic-syndrome cohort, population-like prevalence)",201,"bilateral posterior hippocampus + bilateral parahippocampal cortex ROIs (NeuroVault collection 3731), modelled jointly","CONN ROI-to-ROI (seeds to all atlas ROIs), within-group F-tests and sex/age group comparisons; fALFF",partial,no,no,,"Suppl Tables 2-5: within-group ROI-to-ROI F-tests (atlas ROI labels, no coordinates) for joint pHPC+PHC seeds",0.0,"FC with all atlas ROIs was tested, but the within-group results are joint F-tests over the posterior hippocampus and parahippocampal seeds together, so no hippocampus-specific FC is reported; group comparisons were null.","BORDERLINE E7 vs include: hippocampus is a seed and targets are brain-wide, but pHPC is only reported pooled with PHC (supplement read: Europe PMC supplementaryFiles). Seed-specific maps could be requested from authors. MNI; voxel p<.001, cluster FDR<.05.",,,,
re-forwarded (round 2),PMID40742119,40742119.0,10.1002/hbm.70301,Li C,2025,Hum Brain Mapp,Salient Memory: Effects of Distributed Learning on Cortical Regions During Memory Retrieval.,europepmc_xml,include,I,task,healthy young adults (Chinese students),56,"L and R hippocampus 5-mm spheres at activation peaks (MNI -36,-28,-13; 40,-15,-27); anatomical L/R posterior hippocampus (FreeSurfer) as control seeds","gPPI whole-brain (AFNI), group (spaced/massed learning) x retention interval ANOVA during associative recognition",yes,no,no,,Table 3: L hippocampus gPPI group effect and group x interval interaction peaks (Talairach+MNI); posterior-hippocampus seed peaks in text,0.0,Whole-brain gPPI from hippocampal seeds during recognition of hits in 56 healthy young adults; learning schedule x retention interval effects on hippocampus-vmPFC/IFG/ATL coupling (criteria b/c).,"Between-group learning schedule is a task manipulation (not an intervention). Voxel p<.005 + 3dClustSim cluster FWE. Task-defined seeds (activation-derived). 68 enrolled, 56 in fMRI analysis. No main-effect PPI map.",,,,
re-forwarded (round 2),PMID40835124,40835124.0,10.1016/j.biopsycho.2025.109110,Luo X,2025,Biol Psychol,Limbic functional connectivity during stress induction and post-stress rest regulates cortisol stress reactivity and recovery differently.,PDF supplied by user (institutional access),exclude,E10,mixed,"healthy young adults (18-26 y, Southwest University)",74,L and R hippocampus (AAL); also BLA and CMA (Brainnetome),gPPI stress>control (ScanSTRESS) regressed on cortisol reactivity; post-stress rest seed-to-voxel rsFC regressed on cortisol recovery,,,no,,,0.0,Stress-induction study: hippocampal gPPI (stress vs control; null) and post-stress rest FC related to cortisol recovery (R HC-L IFG); pre-stress rest acquired but no baseline hippocampal map reported.,Borderline: post-stress rest analysis is an individual-difference whole-brain regression (could count as type d if post-manipulation rest is accepted). MNI.,paywalled (Elsevier); no OA copy found (Unpaywall/S2/Europe PMC closed),,,possible overlap with other Southwest University in-house samples (not SALD)
re-forwarded (round 2),PPRPPR986055,,10.21203/rs.3.rs-4569104/v1,Shim WM,2025,Research Square,Solving the Narrative Puzzle: Hippocampal Systems for Event Encoding and Sequencing during Ongoing Comprehension,none,exclude,E13,task,healthy young adults,,bilateral hippocampus (see published version),"seed-to-parcel movie-state FC, connectome-based prediction",,,,,,0.0,"Research Square preprint of Park, Song & Shim 2025 Commun Biol (PMID40550920), which was already assessed and included in full-text round 1; same authors, data and analyses.","Preprint-to-publication link from Europe PMC (PPR986055 ""Preprint of"" MED 40550920). Preprint text not read (Research Square page renders by JavaScript only); decision rests on the published version.",Research Square landing page JS-only; published version assessed in round 1,,,
re-forwarded (round 2),PMID23128076,23128076.0,10.1016/j.neuroimage.2012.10.071,Zarei M,2013,Neuroimage,Functional segmentation of the hippocampus in the healthy human brain and in Alzheimer's disease.,unpaywall_pdf,exclude,E9,rsfc,healthy older adults + mild AD patients,22,hippocampal voxels (Harvard-Oxford hippocampus mask),"voxelwise partial correlation of hippocampal voxels with 3 target eigen-time series (PFC, PCC, thalamus); hard segmentation",no,no,no,,Table 2: AD vs HC differences in hippocampal voxel connectivity to targets,0.0,"Connectivity mapped only within the hippocampus with respect to 3 large targets (PFC, PCC, thalamus); no whole-brain or broad cortical hippocampal-seed map. HC within-group segmentation maps are reported, so E5 does not apply.","Text from author manuscript (Unpaywall PDF). Pilot data with more cortical targets not reported. HC n=22 (60-81 y), AD n=16.",,,,
abstract-level include verification,PMID25776219,25776219.0,10.1016/j.neuroimage.2015.02.069,Chase HW,2015,Neuroimage,Evidence for an anterior-posterior differentiation in the human hippocampal formation revealed by meta-analytic parcellation of fMRI coordinate maps: focus on the subiculum.,existing_rsfc_coords_xml,confirm_include,I,mixed,healthy adults (BrainMap normal mapping) + NKI adult lifespan (mean age 41),"BrainMap ~7,200 exps (MACM); 153 (rsFC)","5 connectivity-based subiculum subregions (bilateral anterior, L/R intermediate, L/R posterior) from Juelich MPM subiculum; follow-up CA/DG parcellation",MACM-based CBP + MACM + seed-to-voxel rsFC,yes,yes,yes,Table 1 (MACM main effects per subregion); rsFC unmasked main effects in Supplemental Table 1,Table 1 also lists MACM contrasts/conjunctions and MACM-masked rsFC; Supplemental Table 2: rsFC pairwise subregion contrasts (not captured),,"MACM-based parcellation of hippocampal subiculum (BrainMap), whole-brain MACM co-activation per subregion (Table 1), and whole-brain seed-to-voxel rsFC in 153 healthy NKI adults with main effects and contrasts (FWE cluster p<0.05).",Seed is subiculum (hippocampal subfield) - qualifies. Table 1 peaks are MACM co-activation main effects; rsFC positive main-effect peaks are in Supplemental Table 1 (not in text). MACM threshold cluster FWE p<0.05; rsFC cluster FWE p<0.05 (CDT p<0.001).,,BrainMap; NKI-Rockland via 1000 Functional Connectomes,MNI,1000 FCP / NKI-Rockland; BrainMap database (MACM) shared
abstract-level include verification,PMID26350954,26350954.0,10.1002/hbm.22987,Robinson JL,2015,Hum Brain Mapp,Neurofunctional topography of the human hippocampus.,ncbi_bioc_xml,confirm_include,I,mixed,healthy young adults (rsFC) + BrainMap healthy normal-mapping experiments,23 (7T rsFC); BrainMap CBP with 90-180 (L) / 100-160 (R) experiments per voxel,"L/R hippocampus (Harvard-Oxford 75%) parcellated by coactivation-based parcellation: L1-L3 (left), R1-R5 and R 2-cluster solution (right)",MACM-based CBP + post-hoc MACM (ALE) + seed-to-voxel rsFC (CONN) of each CBP cluster; DTI,yes,yes,yes,"Table 2 (left L1-L3), Table 3 (right 5-cluster), Table 4 (right 2-cluster)",,,"MACM coactivation-based parcellation of hippocampus (BrainMap, healthy normal mapping) then seed-to-voxel rsFC of each hippocampal cluster in 23 healthy young adults at 7T (FWE cluster p<0.05); peak tables for rsFC.","rsFC tables list x,y,z with Talairach Daemon labels; data normalized to MNI (space not explicitly stated for table coords - MNI assumed, possibly TAL; verify). Tables list only regions, no sign stated (appear positive). Post-hoc MACM maps shown only in text/figures? no MACM coordinate table. Table 1 = functional decoding. rsFC thresholded FWE cluster p<0.05 two-tailed.",,"own sample (Auburn University 7T, USA) + BrainMap",MNI,BrainMap database (MACM) shared
abstract-level include verification,PMID31491472,31491472.0,10.1016/j.neubiorev.2019.09.003,Boccia M,2019,Neurosci Biobehav Rev,Looking into recent and remote past: Meta-analytic evidence for cortical re-organization of episodic autobiographical memories.,PDF supplied by user (institutional access),confirm_include,I,meta,"coordinate-based meta-analysis (BrainMap, healthy normal-mapping experiments)",NR,left HC/PHG cluster from ALE of recent episodic autobiographical memory (Table 3a),ALE + MACM (BrainMap; filtered to episodic-memory experiments: 49 experiments/14 papers),,,no,,,,"MACM of a left hippocampus/parahippocampal ALE cluster using BrainMap episodic-memory experiments: whole-brain co-activation with contralateral MTL, MCC/SMA, left IFG and SPL (Table 4).","MNI; cluster-level p<0.05, cluster-forming p<0.001. Seed spans HC and PHG; MACM restricted to memory-domain experiments (task-specific co-activation).","paywalled (Elsevier); no OA copy found (Unpaywall, EPMC, OpenAlex, Semantic Scholar, preprint search)",,,BrainMap-based (overlaps other BrainMap MACM studies)
abstract-level include verification,PMID25422457,25422457.0,10.1073/pnas.1410233111,Salami A,2014,Proc Natl Acad Sci U S A,Elevated hippocampal resting-state connectivity underlies deficient neurocognitive function in aging.,pmc_html_browser,confirm_include,I,mixed,"healthy adults 25-80 y (lifespan, older-weighted)",339,rest: ICA-derived bilateral hippocampal (HC) RSN component; task: left hippocampus sphere/peak at MNI -28 -14 -16 (task-defined),group ICA (GIFT) + internetwork FC; task-state seed-to-voxel FC during face-name encoding (group comparisons high vs low couplers),yes,yes,no,,,,"Resting-state part is ICA (hippocampal component, internetwork correlations with DMN only), but a whole-brain task-state FC analysis of a left hippocampal seed during encoding is reported for healthy older adults (Fig 4 within-group maps; low>high couplers peaks in text).","Read in browser (PMC HTML, PMC4267388). Borderline: rsFC component is hippocampus-restricted (not a seed-to-whole-brain map); inclusion rests on task-state HC seed FC (n=212 older adults >=55 y, Fig 4; Fig S7 in SI). No coordinate tables in main text; peaks for group difference given in figure legend. Betula sample also used in other Salami/Nyberg papers (possible overlap).",,"Betula prospective cohort (Umea, Sweden); own sample",MNI,"Umea cohorts (Betula: Salami 2014 main, Nordin 2025 replication; COBRA; DyNAMiC)"
abstract-level include verification,PMID27132046,27132046.0,10.1016/j.neuroimage.2016.04.022,Robinson JL,2016,Neuroimage,Functional connectivity of the left and right hippocampi: Evidence for functional lateralization along the long-axis using meta-analytic approaches and ultra-high field functional neuroimaging.,PDF supplied by user (institutional access),confirm_include,I,mixed,"BrainMap experiments (healthy, activation) + healthy young adults at 7T",31,"left/right hippocampus (Harvard-Oxford 75%), each split into anterior/posterior at y=-20","MACM (BrainMap/GingerALE) + 7T seed-to-voxel rsFC (CONN), one-sample and paired contrasts; DTI",,,yes_not_captured,Tables S2-S3 (supplement),,,MACM of L/R anterior/posterior hippocampus plus 7T rsFC in 31 healthy young adults with whole-brain seed maps (one-sample) and anterior-posterior / left-right contrasts. Within-group rsFC peaks are only in supplementary Tables S2-S3.,"MNI. rsFC one-sample maps FDR p<0.05; contrast tables are differences only, so not extracted. Supplement needed for main-effect peaks. Short 5-min scan with partial coverage (37 slices).","paywalled (Elsevier); no OA copy found (Unpaywall, EPMC, OpenAlex, Semantic Scholar, preprint search)",,,
abstract-level include verification,PMID30721944,30721944.0,10.1093/cercor/bhy336,Plachti A,2019,Cereb Cortex,Multimodal Parcellations and Extensive Behavioral Profiling Tackling the Hippocampus Gradient.,pmc_html_browser,confirm_include,I,mixed,HCP healthy young adults (22-37 y) + BrainMap,323,"bilateral hippocampal VOI (Anatomy toolbox CA1-3/DG/subiculum + Harvard-Oxford); voxelwise, parcellated into 3/5/7 clusters","connectivity-based parcellation from voxelwise whole-brain rsFC and MACM (plus structural covariance), consensus map; BrainMap/NeuroSynth functional decoding",partial,no,no,,Table 1: centroids of the 7 consensus hippocampal clusters (not connectivity peaks),,Hippocampal voxels parcellated by their rsFC with every grey-matter voxel (HCP n=323) and by MACM co-activation (BrainMap); I4 connectivity-based parcellation; cortical connectivity profiles of clusters not mapped in main text.,"Read in browser (PMC HTML, PMC6917521); supersedes batch_03 provisional decision made from an abstract-only ORBi page. HCP unrelated sample overlaps other HCP studies. Same Juelich group as Chase 2015 / Robinson 2016 MACM work (BrainMap overlap).",https://orbi.uliege.be/handle/2268/232614,HCP (323 unrelated) + BrainMap (MACM),MNI,HCP (WU-Minn) participants shared across studies; BrainMap database (MACM) shared
abstract-level include verification,PMID31397613,31397613.0,10.1162/jocn_a_01457,Frank LE,2019,J Cogn Neurosci,Differential Functional Connectivity along the Long Axis of the Hippocampus Aligns with Differential Role in Memory Specificity and Generalization.,existing_rsfc_coords_xml,confirm_include,I,mixed,healthy young adults,26,"bilateral anterior & posterior hippocampus (FreeSurfer hippocampus split at middle slice, native space)","seed-to-voxel FC (background connectivity low-pass filtered, averaged over rest, passive viewing, categorization) + ROI-to-ROI",yes,yes,yes,"Table 2 (anterior), Table 3 (posterior)","Table 4: conjunction overlap ant/post (region+cluster size, no coords)",,"26 healthy young adults; whole-brain GLM FC maps of bilateral anterior and posterior hippocampal seeds averaged across rest/viewing/task phases, one-sample t-tests, peak tables per lobe.","Z>3.1, cluster p<.05. Maps averaged across rest+task background FC (low-pass filtered 16s), not pure rest. Peaks reported after lobe masking. Table 2 contains an implausible R amygdala coordinate (36,59,28) likely typo.",,own sample (University of Oregon); same sample as Bowman & Zeithamova 2018 task-activation paper,MNI,
abstract-level include verification,PMID31589003,31589003.0,10.1002/hipo.23164,Grady CL,2020,Hippocampus,Meta-analytic and functional connectivity evidence from functional magnetic resonance imaging for an anterior to posterior gradient of function along the hippocampal axis.,PDF supplied by user (institutional access),confirm_include,I,mixed,healthy adults 18-49 (Cam-CAN subset) + Neurosynth database,270,"L/R anterior (MNI +/-26-28,-16,-18) and posterior (+/-26-28,-30,-8) hippocampal mean literature coordinates; extreme-coordinate variants for Neurosynth","Neurosynth coactivation maps + term decoding; seed-to-voxel rsFC (CONN), anterior vs posterior contrast (FWE); literature review of activations",,,no,,,,"Neurosynth coactivation and Cam-CAN resting-state whole-brain FC of anterior vs posterior hippocampal seeds (n=270 healthy adults); only a vs p contrast maps shown (Fig 7), no peak tables.","Tables 1-2 are literature activation-coordinate summaries, Tables 3-4 Neurosynth term correlations. MNI.","paywalled (Wiley); no OA copy found (Unpaywall, EPMC, OpenAlex, Semantic Scholar, preprint search)",,,Cam-CAN
abstract-level include verification,PMID36190442,36190442.0,10.1093/cercor/bhac384,Folvik L,2023,Cereb Cortex,Sustained upregulation of widespread hippocampal-neocortical coupling following memory encoding.,existing_rsfc_coords_xml,confirm_include,I,mixed,young+old healthy,89,bilateral whole hippocampus (FreeSurfer aseg); supplementary anterior/posterior split at uncal apex,"seed-to-parcel rsFC (Schaefer 400 + Yeo7 networks), post-minus-pre encoding change; gPPI hippocampus-to-400 parcels during encoding/retrieval",yes,no,no,,,,"Healthy young and older adults; bilateral hippocampal seed rsFC with all 400 Schaefer cortical parcels, post- vs pre-encoding change (305/400 parcels increased); gPPI hippocampal-cortical maps; parcel-level, no coordinates.","Criterion (c)/(b): condition-difference (post-pre encoding rest) and gPPI parcel maps, not within-group main-effect map; Fig 6A shows mean hippocampal rsFC per Yeo network pre/post (network-level only). No age effects. Parcel-based results, no peak coordinate tables. Part of ERC project 725025; preprocessing as in Ness et al. 2021 (possible sample overlap).",,"own sample (LCBC, Oslo, Norway; 47 young, 42 older; 158 sessions)",NR,"LCBC Oslo cohorts (also round-1 Fjell 2016 PMID25994960, Ness 2022 PMID34581398)"
abstract-level include verification,PMID37544416,37544416.0,10.1016/j.neuroimage.2023.120309,Raud L,2023,Neuroimage,Hippocampal-cortical functional connectivity during memory encoding and retrieval.,bioRxiv preprint PDF (stand-in for published paper),confirm_include,I,mixed,lifespan (6-81 y; majority adults; Study 2 rest/retrieval adults only),751,"L/R anterior & posterior hippocampus (FreeSurfer segmentation split at MNI y=-21 uncal apex, back-projected to native space), averaged across hemispheres","seed-to-parcel rsFC (Schaefer 400 cortical parcels) + cPPI task FC (encoding/retrieval vs implicit baseline); mixed linear models aHC vs pHC, encoding vs retrieval; network-level (Yeo 7) contrasts",yes,yes,no,,"Table 2: network-level statistics (t/d) only, no coordinates; lists of significant parcels with central coordinates for all models only as html reports on OSF (osf.io/834hz)",,"Healthy lifespan samples; FreeSurfer anterior/posterior hippocampus seeds; FC with all 400 Schaefer cortical parcels at rest and during encoding/retrieval (cPPI); raw positive FC maps (Suppl Fig 1), aHC vs pHC and retrieval>encoding cortical maps.","TEXT IS THE bioRxiv PREPRINT (10.1101/2022.09.02.506311, posted 18 Nov 2022) used as stand-in for published NeuroImage 2023 paper; E12 not applied; decisions/table/figure labels come from the preprint and may differ from the published version. Age: Study 1 6-81 y (mean 39); Study 2 146 children (10-16 y, encoding only), 49 young adults, 42 older adults (rest/retrieval adults only, n=91). Young-adult (18-40) control analyses: Study1 rest n=268/task n=266; Study2 n=48. Parcel-level, surface-based (no voxel peaks); within-group positive raw FC map only in Supplementary Figure 1 (text description); main figures show aHC-pHC contrast and task-phase contrasts (FDR p<.05, Cohen's d). Rapidtide dynamic GSR. No memory-FC associations after motion control. Possible sample overlap with other LCBC papers (Capogna 2022, Ness 2022, Sneve 2015).",https://www.biorxiv.org/content/biorxiv/early/2022/11/18/2022.09.02.506311.full.pdf,"own sample (Center for Lifespan Changes in Brain and Cognition, Oslo; LCBC in-house database; Study 1 n=514 Skyra, Study 2 n=237 Prisma; Study 2 children from Norwegian Mother Child Cohort subsample; preprocessing as in Ness et al. 2022; encoding cPPI approach as in Capogna et al. 2022)",NR,"LCBC Oslo cohorts (also round-1 Fjell 2016 PMID25994960, Ness 2022 PMID34581398)"
abstract-level include verification,PMID41735754,41735754.0,10.3758/s13415-025-01397-8,Matteucci Armandi Avogli Trotti N,2026,Cogn Affect Behav Neurosci,How the brain judges harm: functional networks among intentional and accidental moral evaluation.,PDF supplied by user (institutional access),confirm_include,I,mixed,"ALE/MACM (BrainMap) + resting-state healthy young adults (1000 FCP Cambridge, 18-30 y)",195,"left hippocampus/amygdala ALE cluster (peak MNI -20,-6,-22; AAL hippocampus, Harvard-Oxford amygdala); also right amygdala seed","MACM (BrainMap, 68 experiments) + seed-to-voxel rsFC (CONN) + ROI-to-ROI with 32 HCP-ICA network nodes",,,yes_not_captured,Supplementary Table 3 (SBC peaks; not in main PDF),,,"Left hippocampal ALE cluster used as seed for MACM and whole-brain rsFC in 195 healthy young adults (Cambridge 1000 FCP); positive and negative seed maps (Fig 5), peaks only in supplement.","MNI; cluster p-FDR<0.05. Borderline seed: peak at amygdala-hippocampal transition (AAL = hippocampus, Harvard-Oxford = amygdala); authors treat it as hippocampus. Compare Amft 2015 (PMID24399179, E7). Coordinates would need the supplement.","paywalled (Springer (Psychonomic)); no OA copy found (Unpaywall, EPMC, OpenAlex, Semantic Scholar, preprint search)",,,1000 Functional Connectomes Cambridge_Buckner sample; BrainMap
abstract-level include verification,PMID11003270,11003270.0,,Stein T,2000,AJNR Am J Neuroradiol,Functional connectivity in the thalamus and hippocampus studied with functional MR imaging.,pmc_html_browser,confirm_include,I,rsfc,healthy young adults (20-36 y),6,L/R hippocampus: single seed voxel or 4-voxel cluster placed on anatomical landmarks (native space),"seed-voxel correlation rsFC (r>=0.5), voxel counts per region",partial,yes,no,,,,"Resting seed-voxel correlation from hippocampal seeds against every voxel of an 18-slice coronal acquisition in 6 healthy volunteers; correlated voxels described in hippocampus, thalamus, cingulate, insula, frontal/temporal/parietal lobes (Fig 2).","Read in browser (PMC HTML, PMC7974059). Weak include: N=6, limited coronal coverage (18 x 7mm + 2mm gap), native space, no statistics beyond r>=0.5, Table = voxel counts in hippocampus/thalamus only; no coordinates.",,"own sample (1.5T, USA)",NR,
abstract-level include verification,PMID16899645,16899645.0,10.1152/jn.00048.2006,Vincent JL,2006,J Neurophysiol,Coherent spontaneous activity identifies a hippocampal-parietal memory network.,institutional subscription (lab machine),confirm_include,I,rsfc,"healthy young adults (18-35 y), 4 independent resting (fixation) data sets",47,"L and R hippocampal formation spheres (~2 cm3) centred on anterior hippocampus (TAL -21,-25,-14 and 23,-23,-14); likely includes DG, subiculum, posterior entorhinal/parahippocampal gyrus","seed-to-voxel rsFC (whole brain), per-data-set group maps + convergence map; ROI tests in data sets 2-3; task data reanalysed with ROI activation only",,,yes,Table 2 (HF correlated regions; parietal peaks only),,,"Whole-brain rsFC maps of L/R hippocampal-formation seeds in 4 healthy young-adult data sets (N=12/13/12/10; Fig 2 positive maps, Fig 4 convergence); HF-correlated parietal peaks from data set 1 in Table 2.","TAL (Talairach & Tournoux 1988 via WashU atlas template). Maps figure-only (positive correlations only; global signal regressed; p<0.05 uncorrected per data set, convergence >=2/4). Table 2 = 5 parietal local maxima from peak search of data-set-1 (N=12) hemisphere-collapsed HF map (selected ROI centres, not exhaustive) -> extracted as sensitivity_only. SAMPLE OVERLAP: this IS the Vincent 2006 sample; data set 1 = Konishi 2000 control data and reused as data set 1 in Vincent 2008 (PMID18799601); data set 4 = Fox 2005 sample. Task part (Wheeler & Buckner 2004; Shannon & Buckner 2004) uses ROI activation only.","paywalled (APS (J Neurophysiol)); no OA copy found (Unpaywall, EPMC, OpenAlex, Semantic Scholar, preprint search)",,,
abstract-level include verification,PMID18385483,18385483.0,10.1152/jn.00077.2008,Kahn I,2008,J Neurophysiol,Distinct cortical anatomy linked to subregions of the medial temporal lobe revealed by intrinsic functional connectivity.,unpaywall_html,confirm_include,I,rsfc,healthy young adults,100,"left hemisphere only: 8 hippocampal long-axis 3mm spheres (incl. bHipp -24 -18 -18, hHipp -24 -10 -22 MNI) plus 8 PHc/PRc/ERc seeds","seed-to-voxel rsFC (fixation runs), random effects t-maps, discovery/replication",yes,yes,yes,"Table 1 (seed coordinates plus only 2 peak Hipp-correlated regions: IPL from bHipp map, aITS from hHipp map)",,,"100 healthy young adults; resting (fixation) seed-to-whole-brain correlation maps from hippocampal body/head seeds (and PHc/PRc seeds); bHipp map shown in Fig 5 (p<0.001 uncorrected, replicated across datasets).",HTML text; Table 1 WAS captured. Coordinate info for hippocampal maps minimal (2 peaks used to define cortical seeds); hHipp map 'not shown'. Maps on surface/overlap figures. Threshold p<0.001 uncorrected with replication. Global signal regression. Left seeds only. TR=5s.,https://www.ncbi.nlm.nih.gov/pmc/articles/2493488,"own sample (MGH, Boston; two datasets n=55 discovery + n=45 replication)",MNI,Kahn 2008 Dataset 2 re-analysed by Bergmann 2016
abstract-level include verification,PMID20188183,20188183.0,10.1016/j.neuroimage.2010.02.046,Wang L,2010,Neuroimage,Intrinsic connectivity between the hippocampus and posteromedial cortex predicts memory performance in cognitively intact older individuals.,existing_rsfc_coords_xml,confirm_include,I,rsfc,healthy older adults,16,"R hippocampus 3-mm sphere at task-activation peak (MNI 21,-6,-18; face-name encoding HC-hits>fixation); also R PPC seed",seed-to-voxel rsFC; whole-brain regression of hippocampal FC on memory performance (brain-behaviour map),yes,no,no,,No tables; text reports peaks of whole-brain regression (R hippocampus FC x All-hits): L PPC -4 -48 34 at p<.001; angular/mPFC clusters at p<.005,,17 cognitively normal older adults (16 in rsFC); resting-state whole-brain FC of R hippocampal seed regressed on associative memory performance (criterion d); primary ROI-to-ROI hippocampus-PPC analysis also.,"One-sample t-test seed maps computed but not reported/shown; only brain-behaviour correlation map (Fig 3A) reported, uncorrected p<.001/p<.005 k=10. Small sample. Wang et al. 2010 (Sperling lab).",,own sample (MGH/BWH Boston longitudinal cognitive aging study),MNI,
abstract-level include verification,PMID21172325,21172325.0,10.1016/j.brainres.2010.12.024,Spreng RN,2012,Brain Res,I remember you: a role for memory in social cognition and the functional neuroanatomy of their interaction.,existing_rsfc_coords_xml,confirm_include,I,rsfc,healthy young adults,70,left hippocampus 8mm sphere at MNI -24 -20 -18 (from AM>ToM contrasts); plus rTPJ comparison seed,"seed-to-voxel rsFC (one-sample t, conjunction with rTPJ map)",yes,yes,no,,Table (Regions of conjunction): approximate MNI coords of overlap across meta-analysis/task/rsFC lHC-rTPJ conjunction - not a hippocampal main-effect table,,"Whole-brain rsFC of a left hippocampal 8mm seed in 70 healthy young adults (random-effects t-test, p<.001 unc); hippocampal map shown in Figure 1/Supp Figure (green) with overlap to rTPJ network.",Hippocampal-only map shown in figures only; only table is conjunction overlap (approximate coords). Threshold p<.001 uncorrected (FWE shown in supplement figure). Harvard sample may overlap with other Buckner-lab/GSP-precursor datasets (not stated).,,"own sample (Harvard, USA)",MNI,
abstract-level include verification,PMID23404748,23404748.0,10.1002/hbm.22234,Ward AM,2014,Hum Brain Mapp,The parahippocampal gyrus links the default-mode cortical network with the medial temporal lobe memory system.,s2/epmc_html,confirm_include,I,rsfc,healthy young adults,31,"bilateral task-derived hippocampus (AAL hippocampus x HCH>R face-name encoding activation, p<0.001) = all-hip; left anterior & posterior hippocampus (10mm spheres at MNI -19,-7,-16 and -18,-34,-4 conjoined with all-hip); plus PHG, PCC, RSC seeds",seed-to-voxel rsFC (whole-brain correlation maps) + paired comparisons vs PHG seed,yes,yes,yes,Table 3,Table 1: MTL peaks of PCC/RSC/ICA-DMN rsFC and task activation (not hippocampal-seed FC),,"Whole-brain resting-state correlation maps from all-hip, ant-hip and post-hip seeds in 31 healthy young adults (FDR q<0.01); Table 3 lists cluster peaks per hippocampal seed; Fig 3 maps.",HTML text but Tables 1-3 captured. Table 3 gives only one peak per large cluster (few rows). Hippocampal seeds functionally defined from encoding task in same subjects. Paired t-test maps hip vs para-hip shown in Fig 4 only (no table). Global signal regression used.,https://www.ncbi.nlm.nih.gov/pmc/articles/PMC3773261,"own sample (MGH/Brigham and Women's, Boston, USA); stated not previously published",MNI,
abstract-level include verification,PMID25360889,25360889.0,10.1080/17588928.2014.975680,Blum S,2014,Cogn Neurosci,Functional connectivity of the posterior hippocampus is more dominant as we age.,existing_rsfc_coords_xml,confirm_include,I,rsfc,young+old healthy,45,"L/R anterior (MNI ±28,-10,-22) and posterior (±25,-37,0) hippocampus, 3x3x3-voxel cubes; plus 8 long-axis points for follow-up",seed-to-voxel rsFC; age group x seed ANOVA,yes,yes,yes_not_captured,Figure 2 tables,Figure 3: age group x seed interaction regions (likely figure-only),,24 young (mean 25.3) and 21 older (mean 65.4) healthy adults; resting-state seed-to-voxel FC from anterior/posterior hippocampal seeds; within-group maps per age group (Fig 2 with tables at p<1e-5) and age x seed interaction.,"Within-group maps visual at p<0.001 k=10; Figure 2 'tables' of peaks at p<0.00001 embedded in figure, not captured in text. Abstract says young 17-30. Gray-matter-masked analysis. Interaction map Fig 3.",,"own sample (Columbia University Medical Center, NY; random market mailing)",MNI,
abstract-level include verification,PMID25293364,25293364.0,10.1002/hbm.22644,Hartzell JF,2015,Hum Brain Mapp,Differential lateralization of hippocampal connectivity reflects features of recent context and ongoing demands: an examination of immediate post-task activity.,pmc_html,confirm_include,I,rsfc,healthy young adults,13,left and right hippocampus (individual FreeSurfer masks); data-driven anterior/posterior HF split per hemisphere,seed-to-vertex (cortical surface) rsFC; post-task rest whole-brain 2x2x2 ANOVA (prior task x current rest x laterality),yes,yes,no,,"Table 1: whole-brain ANOVA effects (ongoing rest, HF laterality, laterality x prior task, 3-way) cluster centers of mass, Talairach",,"16 healthy adults recruited, 13 analysed; independent resting scan L/R hippocampal seed whole-cortex (surface) FC map (Fig 2A) and whole-brain condition-effect ANOVAs of hippocampal FC during post-task rest.","Main-effect maps only as figures (Fig 2A IRS, Fig 5 first/last minute, Suppl Fig S1/S2); no peak table for positive FC. Surface-based (SUMA) analysis, cortex only. Main-effect threshold p<.001, cluster-FWE. Very small n.",,"own sample (CIMeC, University of Trento, Italy, 4T); auditory task data previously reported in Tobia et al. 2012",TAL,
abstract-level include verification,PMID26206251,26206251.0,10.1007/s00429-015-1084-x,Adnan A,2016,Brain Struct Funct,Distinct hippocampal functional networks revealed by tractography-based parcellation.,PDF supplied by user (institutional access),confirm_include,I,rsfc,healthy adults (mean age 34),15,left/right anterior and posterior hippocampus from DWI tractography-based k-means parcellation (K=2) of the Harvard-Oxford hippocampus,"seed-to-voxel rsFC (CONN), one-sample maps within an explicit a priori mask; ant vs post contrast; brain-behaviour regression",,,yes,Table 1,,,"Hippocampus parcellated into anterior/posterior segments by DWI tractography; rsFC of each segment in 15 healthy adults with within-group peak table (Table 1), ant-vs-post contrast, and correlations with relational memory.","Second-level maps were restricted to an explicit mask of a priori regions (Harvard-Oxford: cingulate, OFC, frontal pole, insula, angular/SMG, LOC, precuneus, lateral/anterior temporal, PHG, fusiform, amygdala, thalamus, accumbens, hippocampi). Broad cortical coverage but not whole-brain, so Table 1 main-effect rows were extracted as sensitivity_only. MNI; z>1.96, cluster p<0.05. Printed left postHC COG ""(27, 25, -12)"" appears to be a typo.","paywalled (Springer); no OA copy found (Unpaywall, EPMC, OpenAlex, Semantic Scholar, preprint search)",,,
abstract-level include verification,PMID26336951,26336951.0,10.1007/s00429-015-1098-4,Qin S,2016,Brain Struct Funct,Large-scale intrinsic functional network organization along the long axis of the human medial temporal lobe.,existing_rsfc_coords_xml,confirm_include,I,rsfc,healthy young adults,36,"L/R anterior, middle, posterior hippocampus nodes at MNI (±24,-14,-20), (±26,-26,-12), (±26,-34,-4) (plus 4 PHG nodes per hemisphere)","seed-to-voxel rsFC (GLM, global signal regression), ANOVA/pairwise node contrasts; graph metrics on 49-node network",yes,yes,supplement,Table S1,Table S2 (supplement): HIP vs PHG contrasts; Table S3 (supplement): aHIP/mHIP/pHIP ANOVA and pairwise contrasts; Table 2 in text: ROI-level T/F statistics (no coordinates),,"36 healthy young adults; seed-based whole-brain rsFC of anterior/middle/posterior hippocampal nodes (and PHG nodes), one-sample t maps FWE p<0.001 (Fig S1/Table S1) and whole-brain long-axis contrasts.","Within-group maps and peak tables only in supplementary material (Figure S1, Table S1; right hemisphere Fig S2/S3). Seed ROI size not stated. Group maps FWE p<0.001; contrasts p<0.001 height, cluster p<0.01 Monte Carlo.",,"own sample (Stanford University, USA; spiral in-out 3T GE)",MNI,
abstract-level include verification,PMID26538342,26538342.0,10.1002/hbm.23042,Blessing EM,2016,Hum Brain Mapp,A data-driven approach to mapping cortical and subcortical intrinsic functional connectivity along the longitudinal hippocampal axis.,pmc_html,confirm_include,I,rsfc,healthy young adults,100,"hippocampal ICA components (10-dim masked group ICA within Harvard-Oxford bilateral hippocampus mask): Anterior, Anteromedial, Anterolateral, Mid, Posterior, L and R","masked hippocampal ICA + multivariate dual regression to whole brain (voxelwise; FSL randomise FWE p<.05), plus univariate (seed-like) dual regression in supplement; hypothalamic FC",yes,yes,yes,Table 2,"Table 1: hippocampal ICA component peaks (seed definitions, not FC); Table 3: hippocampal component-hypothalamus FC peaks (hypothalamic mask only)",,"100 healthy adults, resting-state; hippocampus-restricted ICA components used as seeds in dual regression to whole brain; Table 2 lists whole-brain iFC peaks (conjunction discovery/confirmation) for left components; Figs 2/4 maps.","Table 2 = conjunction (min z of discovery and confirmation samples) for left-sided components only; includes both positive and negative t (negative intrahippocampal clusters), FWE p<.05 voxelwise, clusters >=50 voxels. Multivariate dual regression: Mid/Posterior/Anterolateral components show no extrahippocampal FC (univariate results only in Suppl Fig S11; TFCE in S12). Right components said qualitatively similar but not tabulated. Physiological noise correction (PNM). Ages 19-52, mean 24.3.",,"own sample (University Hospital Jena, Germany; discovery n=50 + confirmation n=50)",MNI,
abstract-level include verification,PMID26805590,26805590.0,10.1016/j.nlm.2016.01.005,Wang SF,2016,Neurobiol Learn Mem,Functional connectivity based parcellation of the human medial temporal lobe.,existing_rsfc_coords_xml,confirm_include,I,rsfc,healthy young adults,19,"manually traced bilateral hippocampus coronal slices (21 slices) grouped into single HC cluster, plus anterior (head) and posterior (body/tail) HC; also PHG slices/clusters",seed-to-voxel rsFC; FC-based hierarchical-clustering parcellation of MTL,yes,yes,no,,,,"19 healthy young adults; whole-brain rsFC maps of the whole HC cluster (Fig 3D) and anterior vs posterior HC (Fig 6A) via one-sample t-tests (p<.001, cluster-corrected p<.05); HC could not be parcellated.",No tables in text; results described by BA labels and figures only. Rest data concatenated from pre- and post-learning scans (post-task). Sample overlaps Ritchey et al. 2014. Small N.,,own sample; reused dataset of Ritchey et al. 2014 (pre- and post-learning rest scans),MNI,
abstract-level include verification,PMID27034025,27034025.0,10.1016/j.neuroimage.2016.03.047,Damoiseaux JS,2016,Neuroimage,Differential effect of age on posterior and anterior hippocampal functional connectivity.,existing_rsfc_coords_xml,exclude,E9,rsfc,lifespan healthy adults (18-83),167,"bilateral anterior (MNI ±18,-14,-18) and posterior (±23/25,-26,-15) hippocampus 4-mm spheres",ROI-to-ROI rsFC (hippocampus to 4 DMN ROIs + parahippocampal ROIs),no,no,no,,,,"Hippocampal FC assessed only as ROI-to-ROI correlations with a small set of default-mode ROIs (PCC/RSC, mPFC, bilateral lateral parietal, parahippocampal); no whole-brain or broad cortical map.","Age, sex and COMT effects on anterior vs posterior hippocampal-DMN ROI connectivity. Healthy lifespan sample, otherwise relevant.",,"own sample (Wayne State University, Detroit; Raz longitudinal aging study)",MNI,
abstract-level include verification,PMID27182810,27182810.0,10.1016/j.cortex.2016.03.022,Wagner G,2016,Cortex,Resting state functional connectivity of the hippocampus along the anterior-posterior axis and its association with glutamatergic metabolism.,PDF supplied by user (institutional access),confirm_include,I,rsfc,"healthy young men (21-34 y), Jena",25,"L/R anterior (+/-28,-12,-20) and posterior (-28/32,-24,-12) hippocampus 5-mm spheres (MNI), a/p mutually orthogonalised","seed-to-voxel rsFC (AFNI partial correlation), one-sample maps; regression on MRS Glx; ALFF",,,yes,"Table 1 (aHPC), Table 2 (pHPC)",,,"Resting-state whole-brain FC of L/R anterior and posterior hippocampal seeds in 25 healthy men; positive one-sample peak tables (Tables 1-2, FWE); Glx-FC regression.",MNI. Seed maps are partial correlations (aHPC controlling pHPC and vice versa). Two R-labelled PHG rows with duplicated coordinates excluded (QC).,"paywalled (Elsevier); no OA copy found (Unpaywall, EPMC, OpenAlex, Semantic Scholar, preprint search)",,,none
abstract-level include verification,PMID27797832,27797832.0,10.1093/cercor/bhw327,Bergmann E,2016,Cereb Cortex,The Organization of Mouse and Human Cortico-Hippocampal Networks Estimated by Intrinsic Functional Connectivity.,existing_rsfc_coords_xml,confirm_include,I,rsfc,"healthy young adults (plus mice, not relevant)",44,FreeSurfer hippocampus (MNI) as target ROI; 106 left-hemisphere cortical Power-2011 seeds (3mm spheres) as seeds,"cortical seed-to-voxel rsFC summarized as hippocampal coverage (fraction significant hippocampal voxels) per cortical seed/network (seed-to-parcel, reverse direction)",partial,no,no,,,,"Human rsFC of hippocampus with 106 cortical Power seeds across sensory, default/memory, attention/control systems (Fig 6), showing default bias; hippocampus is target ROI, no hippocampal-seed voxelwise map; whole-brain seed maps only for parahippocampal seeds.","BORDERLINE I3/E7: hippocampus not used as seed per se but as ROI whose FC with many cortical parcels/networks is quantified (cortex-wide profile, figure only). Also replicated with Yeo networks (Supp Fig 8). Threshold p<0.001 unc. Sample overlaps Kahn et al. 2008 (J Neurophysiol). Mouse data excluded from consideration.",,"Kahn et al. 2008 Dataset 2 (reanalysis; Harvard/MGH, 3T TimTrio)",MNI,Kahn 2008 Dataset 2 re-analysed by Bergmann 2016
abstract-level include verification,PMID27704218,27704218.0,10.1007/s00429-016-1318-6,Boccia M,2017,Brain Struct Funct,Direct and indirect parieto-medial temporal pathways for spatial navigation in humans: evidence from resting-state functional connectivity.,PDF supplied by user (institutional access),confirm_include,I,rsfc,healthy young adults,108,"L/R anterior and posterior hippocampus (anatomical, split at z=-9), modelled jointly with PPA and RSC seeds per hemisphere","seed-to-voxel rsFC (multiple regression: unique variance per seed), contrasts vs RSC, conjunctions",,,no,,,,"Whole-brain rsFC maps of left/right anterior and posterior hippocampus in 108 healthy young adults (Fig 2c-d, FDR cluster-corrected); figure-only, maps reflect unique variance after controlling PPA/RSC.","MNI152; GSR included; two scanners (Allegra n=77, Achieva n=31). No coordinate tables. Santa Lucia/Chieti resting cohort (Sulpizio/Tosoni group) may overlap other reports from this lab (e.g. Sulpizio 2016 posterior hippocampus-RSC).","paywalled (Springer); no OA copy found (Unpaywall, EPMC, OpenAlex, Semantic Scholar, preprint search)",,,possible overlap with other Santa Lucia (Sulpizio/Galati) resting-state reports
abstract-level include verification,PMID27989779,27989779.0,10.1016/j.neuroimage.2016.12.031,Karapanagiotidis T,2017,Neuroimage,Tracking thoughts: Exploring the neural architecture of mental time travel during mind-wandering.,unpaywall_pdf,confirm_include,I,rsfc,healthy young adults (18-31),78,right hippocampus (AAL mask),seed-to-voxel rsFC (FSL FEAT/FLAME) + whole-brain regression on experience-sampling (MTT) scores,yes,yes,no,,"none for hippocampal FC; text gives centre of gravity of MTT-related mPFC cluster (-4,48,11); Table 2 = FA clusters (DTI)",,Group-level whole-brain rsFC map of right AAL hippocampus (Fig 4i) plus whole-brain brain-behaviour regression (MTT scores -> hippocampus-mPFC FC) in 78 healthy young adults; z>3.1 cluster FWE p<0.05.,Hippocampal seed chosen from DTI tractography step. Main effect map only as figure (unthresholded maps on NeuroVault collection 1448). No peak table. Sample overlaps Smallwood et al. 2016 (possible duplicate sample with other York studies). Right hippocampus only.,https://eprints.whiterose.ac.uk/id/eprint/111403/1/DTI_Manuscript.pdf,"own sample (York Neuroimaging Centre, UK; Samples A n=47 + B n=31); same behavioural/fMRI data as Smallwood et al. 2016; NKI-Rockland Enhanced (n=141) used only for mPFC-seed replication",MNI,York (Smallwood lab) student cohorts may overlap
abstract-level include verification,PMID28246034,28246034.0,10.1016/j.neuroimage.2017.02.071,Sormaz M,2017,Neuroimage,Knowing what from where: Hippocampal connectivity with temporoparietal cortex at rest is linked to individual differences in semantic and topographic memory.,unpaywall_pdf,confirm_include,I,rsfc,healthy young adults,136,"L/R anterior and posterior hippocampus (probabilistic manual-segmentation masks, 60% threshold, symmetrised)","seed-to-voxel rsFC; whole-brain differential seed maps (ant vs post, L vs R); whole-brain brain-behaviour regression",yes,no,no,,Table 1: clusters where differential hippocampal FC (LA>RA etc.) relates to memory-task contrasts,,"136 healthy young adults (mean 20.4); resting-state FC from four hippocampal masks; whole-brain differential connectivity maps (Figs 2-3, FWE p<.05) and whole-brain regression of differential FC maps on semantic/episodic/topographic memory.","Only differential (anterior vs posterior; left vs right) maps shown, no simple positive within-group seed map; unthresholded maps on NeuroVault (LDPQHHTT). No GSR. Cluster Z>2.6, p<.0125 FWE for behaviour. Sormaz et al. 2017 (Neuropsychologia?), York cohort likely overlapping other York rsFC papers.",https://eprints.whiterose.ac.uk/id/eprint/113291/1/1_s2.0_S1053811917301829_main.pdf,"own sample (University of York student cohort, York Neuroimaging Centre; part of larger York cohort used in other papers)",MNI,York (Smallwood lab) student cohorts may overlap
abstract-level include verification,PMID27443852,27443852.0,10.1007/s00221-016-4729-y,Medea B,2018,Exp Brain Res,How do we decide what to do? Resting-state connectivity patterns and components of self-generated thought linked to the development of more concrete personal goals.,existing_rsfc_coords_xml,confirm_include,I,rsfc,healthy young adults,42,"left hippocampus anatomical mask (Kulaga-Yoskovitz 2015, MNI); right hippocampus in footnote",seed-to-voxel rsFC; group map + brain-behaviour regression (concreteness change),yes,yes,yes,Table 6,"Text only: behaviour-correlation clusters (vmPFC 8,35,-14; pre-SMA 5,3,64; R hipp footnote 6,35,-4)",,"42 healthy young adults; left hippocampal seed whole-brain rsFC group map (FLAME, Z>2.3 FWE) with positive/negative clusters, plus whole-brain regression of hippocampal FC on goal concreteness change.","Table 6 gives centre-of-gravity coordinates (not peaks) for only 2 positive clusters (huge limbic cluster 28,464 voxels + prefrontal); positive map coarse. Unthresholded maps by group in Fig 4. Right hippocampus results only briefly in footnote.",,"own sample (York Neuroimaging Centre, University of York, UK; 9-min rest); York cohort likely overlaps other Smallwood-lab papers (not stated)",MNI,York (Smallwood lab) student cohorts may overlap
abstract-level include verification,PMID29028135,29028135.0,10.1002/hipo.22807,Persson J,2018,Hippocampus,Predicting episodic and spatial memory performance from hippocampal resting-state functional connectivity: Evidence for an anterior-posterior division of function.,PDF supplied by user (institutional access),confirm_include,I,rsfc,healthy young adults (18-35),73,"anterior and posterior hippocampus (AAL, split at uncal apex; L/R combined for maps, separate for RVR)","seed-to-voxel rsFC; one-sample maps (overlap), paired ant vs post contrast; relevance vector regression and voxel-wise regressions with memory",,,no,,,,"Whole-brain rsFC of anterior and posterior hippocampus in 73 healthy young adults: one-sample maps (Fig. 1 overlap), ant-vs-post contrast table, and multivariate prediction of episodic/spatial memory.",Main-effect maps are shown only as overlap figures; Table 1 is the ant/post difference and was not extracted. MNI; FWE p<0.05. pypdf text of Table 1 drops minus signs; not needed.,"paywalled (Wiley); no OA copy found (Unpaywall, EPMC, OpenAlex, Semantic Scholar, preprint search)",,,
abstract-level include verification,PMID29341303,29341303.0,10.1002/hipo.22827,Stillman CM,2018,Hippocampus,Cardiorespiratory fitness is associated with enhanced hippocampal functional connectivity in healthy young adults.,existing_rsfc_coords_xml,confirm_include,I,rsfc,healthy young adults,50,L/R anterior and posterior hippocampus (individual FSL FIRST segmentation split at centre of gravity); caudate control seeds,seed-to-voxel rsFC; whole-brain regression of seed FC on VO2max (CRF),yes,yes,no,,Table 1: peaks where hippocampal-seed rsFC covaries with cardiorespiratory fitness (positive and negative),,"50 healthy young adults (20-38); voxelwise rsFC of individually segmented anterior/posterior hippocampal seeds regressed on VO2max, cluster-corrected whole-brain; Table 1 lists CRF-related FC peaks.","Criterion (d) brain-behaviour correlation map. Average (main-effect) seed connectivity maps shown only in supplementary conjunction figure (Z>3.1), no main-effect coordinate table. FSL cluster correction Z>2.3?/p<.05 (GRF).",,"own sample (University of Pittsburgh, USA)",MNI,
abstract-level include verification,PMID29359833,29359833.0,10.1111/ejn.13828,Lee TW,2018,Eur J Neurosci,Functional connectivity maps based on hippocampal and thalamic dynamics may account for the default-mode network.,PDF supplied by user (institutional access),confirm_include,I,rsfc,"healthy adults, NKI-Rockland (mean age 27.4)",36,"bilateral hippocampus (FreeSurfer), voxels partitioned into Louvain modules; module-mean time courses","hippocampus-based multiple-correlation whole-brain map (one-sample), compared with PCC-seeded DMN (conjunction, paired t)",,,yes,Table 2,,,"Whole-brain resting-state correlation map of hippocampal BOLD dynamics in 36 healthy NKI-RS adults with one-sample peak table (Table 2, Talairach), compared with PCC-seeded DMN.","Talairach, printed in AFNI RAI convention (x,y sign-flipped for extraction). Non-standard module-based multiple-correlation seed -> coordinates flagged sensitivity_only. Negative peaks (bilateral MFG) not extracted.","paywalled (Wiley); no OA copy found (Unpaywall, EPMC, OpenAlex, Semantic Scholar, preprint search)",,,NKI-RS (1000 FCP/INDI)
abstract-level include verification,PMID29628321,29628321.0,10.1016/j.jagp.2018.03.003,Smagula SF,2018,Am J Geriatr Psychiatry,Association of Hippocampal Substructure Resting-State Functional Connectivity with Memory Performance in Older Adults.,existing_rsfc_coords_xml,confirm_include,I,rsfc,healthy older adults,15,"L/R hippocampal subfields from FreeSurfer 6.0 multispectral (MPRAGE+SWI) segmentation: DG/CA4, CA2/3, CA1, pre-subiculum/subiculum, molecular layer; plus entorhinal cortex and parahippocampus","seed-to-voxel rsFC (PCA principal time series; SnPM one-sample t, cluster FWE p<.05, CDT p<.001) + FC-memory (CVLT) correlations of extracted clusters",yes,yes,supplement,Supplemental Table 1,Supplemental Tables 2-3: connectivity-memory correlations (not in text),,"15 cognitively healthy older adults at 7T; hippocampal subfield seeds; voxelwise whole-brain one-sample positive FC maps (Figs 2-3), significant clusters listed in Supplemental Table 1; memory correlations of extracted FC.","Baseline (pre-intervention) data of a physical-activity trial, so E10 not applicable. Very small n=15 (14 F). Supplemental Table 1 described as 'connectivity strength of each ROI to other regions' - unclear whether it contains peak coordinates; not in text. Positive-only one-sample test. 8mm smoothing; heavy motion (connectivity aspects correlated with motion discarded). Mean age 69.5.",,"own sample (University of Pittsburgh, 7T; baseline assessments of a physical-activity intervention parent study in sedentary older adults)",MNI,
abstract-level include verification,PMID30249658,30249658.0,10.1073/pnas.1803667115,Vos de Wael R,2018,Proc Natl Acad Sci U S A,Anatomical and microstructural determinants of hippocampal subfield functional connectome embedding.,existing_rsfc_coords_xml,confirm_include,I,mixed,HCP young adults,351,"L/R hippocampal subfield surfaces (subiculum, CA1-3, CA4-DG; patch-based T1w segmentation), subfield-mean and vertexwise",seed-to-parcel (Glasser 360 cortical parcels/vertices) rsFC; connectivity gradients (diffusion embedding); Neurosynth coactivation gradients,yes,yes,no,,,,"HCP healthy young adults; subfield-to-cortex rsFC maps (Fig 1B, corrected, t>20) with network profiles, plus hippocampal FC gradients (G1 long axis, G2 microstructure); Neurosynth coactivation gradients as validation.","Surface-based results, no coordinate tables. Right hemisphere in SI. Meta-analytic component is supplementary validation (mixed). Possible sample overlap with other MICA HCP hippocampus gradient papers (e.g., Paquola/Vos de Wael).",,"HCP S900 (unrelated; discovery n=217, validation n=134); also Neurosynth coactivation (11,406 studies)",NR,HCP (WU-Minn) participants shared across studies
abstract-level include verification,PMID30768997,30768997.0,10.1016/j.bbr.2019.02.019,Xu J,2019,Behav Brain Res,Integration and segregation of functional segmented anterior and posterior hippocampal networks in memory performance.,PDF supplied by user (institutional access),exclude,E9,,healthy young adults (19-29 y),100,functionally segmented anterior/posterior hippocampus (partial-correlation hard segmentation to 8 a priori targets),"ROI-to-ROI partial correlations with 8 a priori cortical/subcortical ROIs per hemisphere (EC, TP, OFC, PPHG, PCC, THA, DLPFC, LG), memory correlations",,,no,,,,Hippocampal FC tested only with 8 a priori ROIs per hemisphere (anterior/posterior network nodes); no whole-brain or broad cortical map.,MNI. Segmentation itself also based on these 8 targets. Memory correlations uncorrected.,"paywalled (Elsevier); no OA copy found (Unpaywall, EPMC, OpenAlex, Semantic Scholar, preprint search)",,,
abstract-level include verification,PMID30910629,30910629.0,10.1016/j.brainres.2019.03.023,Zhong Q,2019,Brain Res,Functional parcellation of the hippocampus from resting-state dynamic functional connectivity.,PDF supplied by user (institutional access),confirm_include,I,rsfc,HCP young adults (50 lowest-motion),50,left/right hippocampal voxels (AAL) clustered into subregions,"voxel-to-ROI static and dynamic FC with 160 Dosenbach ROIs (cortex, subcortex, cerebellum); spectral-clustering parcellation",,,no,,,,"Connectivity-based parcellation of the hippocampus from static/dynamic FC of each hippocampal voxel with 160 Dosenbach ROIs covering cortex, subcortex and cerebellum in 50 HCP adults; subregion-network profiles reported.","Seed-to-parcel, not voxelwise; no coordinate table of peaks. GSR applied.","paywalled (Elsevier); no OA copy found (Unpaywall, EPMC, OpenAlex, Semantic Scholar, preprint search)",,,HCP (Q3 release)
abstract-level include verification,PMID31115118,31115118.0,10.1002/hbm.24628,Ge R,2019,Hum Brain Mapp,Parcellation of the human hippocampus based on gray matter volume covariance: Replicable results on healthy young adults.,pmc_html_browser,confirm_include,I,rsfc,healthy young adults,396,"7 hippocampal subregions from GMV-covariance parcellation (L1-L3, R1-R4) intersected with ICA-derived subregions",seed-to-voxel rsFC (one-sample t per dataset) + GMV covariance parcellation,yes,yes,no,,,,Parcellation is structural (GMV covariance) but each hippocampal subregion was used as seed for whole-brain resting-state FC; within-group positive FC maps per subregion shown (Fig 5) and described in both FCP datasets.,"Read in browser (PMC HTML, PMC6865476); only Table 1 (scan parameters) in paper; FC maps figure-only; FDR p<.004, k=50. FCP Beijing/Cambridge samples may overlap other FCP-based studies.",,1000 Functional Connectomes Project (Beijing n=198 + Cambridge n=198),MNI,1000 FCP Cambridge_Buckner (n=198) used by both
abstract-level include verification,PMID31181420,31181420.0,10.1016/j.cortex.2019.04.015,Przeździk I,2019,Cortex,The functional organisation of the hippocampus along its long axis is gradual and predicts recollection.,repo_pdf,confirm_include,I,rsfc,HCP young adults,475,L and R whole hippocampus (Harvard-Oxford) for connectopic mapping; 5 k-means seeds along long axis per hemisphere (Fig A.1) for seed-based cortical maps,connectopic mapping (hippocampal-neocortical connectivity gradients) + seed-to-cortex rsFC along long axis,yes,yes,no,,,,HCP resting-state: connectopic mapping of L/R hippocampus using voxelwise FC fingerprints with all grey matter; Fig 2 shows cortical seed-based FC maps for 5 long-axis seeds; gradient TSM parameters predict recollection.,Fig 2 maps show % of individuals with Z>1.96 (not a classic group t-map); no peak coordinate tables. Behaviour analyses N=448/460. Przezdzik et al. 2019 Cortex.,https://repository.ubn.ru.nl/bitstream/2066/208584/1/208584.pdf,HCP S500 (participants with all 4 rs-fMRI runs),MNI,HCP (WU-Minn) participants shared across studies
abstract-level include verification,PMID31404897,31404897.0,10.1016/j.psyneuen.2019.04.013,Hakamata Y,2019,Psychoneuroendocrinology,Cortisol-related hippocampal-extrastriate functional connectivity explains the adverse effect of cortisol on visuospatial retrieval.,PDF supplied by user (institutional access),exclude,E9,rsfc,"healthy young adults (mean 21.6 y), Japan",90,L/R rostral and caudal hippocampus (Brainnetome atlas),"seed-to-voxel rsFC regressed on daily cortisol, inference by small-volume correction within 14 a priori PFC and visual ROIs; mediation",,,no,,,,Cortisol-related hippocampal FC inferred only within 14 a priori PFC/visual-cortex ROIs (SVC); no whole-brain-corrected or main-effect hippocampal map; exploratory whole-brain analysis is ROI-to-ROI behaviour FC.,"Borderline E9: maps computed voxelwise but inference ROI-restricted (rHC-PFC -12,58,28; rHC-iLOC 42,-64,10; cHC-aMTG 54,2,-28). MNI.","paywalled (Elsevier); no OA copy found (Unpaywall, EPMC, OpenAlex, Semantic Scholar, preprint search)",,,none
abstract-level include verification,PMID31783114,31783114.0,10.1016/j.neuroimage.2019.116404,Ruiz-Rizzo AL,2020,Neuroimage,Human subsystems of medial temporal lobes extend locally to amygdala nuclei and globally to an allostatic-interoceptive system.,repo_pdf,confirm_include,I,rsfc,healthy young adults (main) + healthy adults 18-65 (replications),101 (main); replications 61 and 29,"masked ICA (20 dims) within bilateral amygdala-MTL mask; 12 neural components, 8 with peaks in anterior (5) or central (3) hippocampus",masked ICA + whole-brain dual regression (TFCE FWE p<0.05),yes,yes,no,,Table 1: local-iFC peak coords (within A-MTL) with list of regions of global-iFC patterns (no global peak coords); Table 2: spatial cross-correlation with Allen 2011 networks,,"Masked ICA of amygdala-MTL in 101 healthy young adults; hippocampus-peaked subsystem components each have whole-brain dual-regression global-iFC maps (Fig 1/2, FWE TFCE), mapped to salience/subcortical/DMN networks; replicated in two samples.","Borderline: components are hippocampus-peaked but extend to amygdala/EC (not pure hippocampal seeds). Global maps shown in figures only; region lists in Table 1, no peak coordinate table. Text is author manuscript (PDF); published as peer-reviewed PMID record.",https://epub.ub.uni-muenchen.de/70067/1/Human_subsystems_of_medial_%20temporal_lobes.pdf,"own sample (Klinikum rechts der Isar, TUM Munich); replication 1 own group other study; replication 2 public database (details in supplement; previously published)",MNI,
abstract-level include verification,PMID32989295,32989295.0,10.1038/s41593-020-00711-6,Tian Y,2020,Nat Neurosci,Topographic organization of the human subcortex unveiled with functional connectivity gradients.,s2/epmc_pdf,confirm_include,I,rsfc,HCP young adults,1080,"subcortex mask incl. bilateral hippocampus (Harvard-Oxford 50%, symmetrized); data-driven hippocampal parcels (anterior head medial/lateral, posterior body/tail; finer at 7T) from Melbourne Subcortex Atlas",connectivity gradients (connectopic mapping of whole-brain FC fingerprints per subcortical voxel) + gradient-based parcellation; cortical network-to-subcortical region FC,partial,no,no,,,,Subcortex-wide gradients/parcellation from whole-brain FC fingerprints in HCP healthy adults; hippocampus parcellated along long axis; hippocampal gradients projected to cortical vertices (Supp Fig S10) and 12 cortical networks linked to Scale IV regions (Supp Fig S20).,"Borderline: hippocampus is one of several subcortical structures; hippocampus-specific cortical FC results only in supplementary figures (S10, S20). No hippocampal seed map or coordinate table (paper has 0 tables). Text is author manuscript version (published Nat Neurosci 2020, not preprint-only). Behaviour-FC analyses (n=958) are subcortex-subcortex.",https://www.biorxiv.org/content/biorxiv/early/2020/05/20/2020.01.13.903542.full.pdf,HCP S1200 (3T rest n=1080; 7T rest n=183; 3T task n=725),MNI,HCP (WU-Minn) participants shared across studies; HCP 7T cohort shared (also La Laguna group: Ezama 2021 & Seoane 2022)
abstract-level include verification,PMID33009447,33009447.0,10.1038/s41598-020-73328-1,Cheng H,2020,Sci Rep,Functional parcellation of the hippocampus by semi-supervised clustering of resting state fMRI data.,existing_rsfc_coords_xml,confirm_include,I,rsfc,healthy adults (18-46; retest 21-49),20,"L/R hippocampal head, body, tail parcels from semi-supervised spectral clustering of rsFC",seed-to-parcel rsFC (hippocampal parcels to ~54 ipsilateral Harvard-Oxford cortical/subcortical regions); age regression,yes,yes,no,,,,"Semi-supervised rsFC parcellation of hippocampus into head/body/tail in 20 healthy adults (FCP NewYork_b); FC of each parcel with all ipsilateral Harvard-Oxford regions (one-sample t, FDR) shown in Fig 2; age effects on parcel FC.","Results are atlas-region bar plots (z of one-sample t per HO region, FDR p<.05), no voxelwise map or coordinates. Mainly a methods paper but with original hippocampal-parcel cortical FC results. Ipsilateral regions only. Age-FC correlations Figs 3-4 (region-level).",,"1000 Functional Connectomes (NewYork_b, n=20) + NYU Test-Retest (n=24, reproducibility/age replication)",NR,1000 FCP / NKI-Rockland
abstract-level include verification,PMID33146610,33146610.0,10.7554/eLife.60673,Paquola C,2020,Elife,Convergence of cortical types and functional motifs in the human mesiotemporal lobe.,existing_rsfc_coords_xml,confirm_include,I,rsfc,healthy young adults,40,"right mesiotemporal 'cortical confluence' (parahippocampal isocortex to hippocampal allocortex: subiculum/CA/DG) restricted to hippocampal AP range, voxels/bins along iso-to-allocortical and anterior-posterior axes",voxel-to-parcel rsFC (MTL voxels x 1000 Schaefer isocortical parcels) correlated with axis position; connectivity gradients; spectral DCM within MTL,partial,no,no,,,,"40 healthy adults (MICs) + 40 HCP; rsFC between right MTL confluence voxels and 1000 cortical parcels mapped as parcel-wise correlation with iso-to-allocortical and anterior-posterior axes (Fig 3D/E), related to cortical gradients.","BORDERLINE (I3): seed is combined parahippocampal+hippocampal confluence, not hippocampus-only; results are axis-association r-maps (relative connectivity toward allocortical/hippocampal vs isocortical end, and anterior vs posterior), no absolute hippocampal seed map. Right MTL only. Orchestrator may prefer E7. No coordinate tables.",,"MICA-MICs (Montreal, 40 healthy adults) + replication HCP S900 (40 unrelated); histology from BigBrain",MNI,HCP (WU-Minn) participants shared across studies; MICA-MICs (also round-1 HippoMaps PMID41034610)
abstract-level include verification,PMID32029885,32029885.0,10.1038/s41380-020-0666-z,Leaver AM,2021,Mol Psychiatry,Hippocampal subregions and networks linked with antidepressant response to electroconvulsive therapy.,existing_rsfc_coords_xml,confirm_include,I,rsfc,patients+HC (depression ECT; HC adults mean age 39),36,"hippocampal clusters of ECT-related CBF change used as seeds: R mid hippocampus, L posterior hippocampus, bilateral anterior hippocampus (centres of gravity in Table 2)",seed-to-voxel rsFC in healthy controls to define hippocampal networks; graph metrics in patients,yes,yes,no,,Table 2: centres of gravity of CBF/GMV change clusters (seed locations; not FC peaks),,"Seed-based whole-brain FC of anterior, mid and posterior hippocampal seeds computed in 36 non-depressed controls; resulting HC networks (DMN-like, thalamo-striatal, posterior parietal) shown in Fig 4A. Patients analysed separately.",Borderline: HC within-group hippocampal-seed maps shown only as figure (Fig 4A); thresholds/method in Supplemental Methods (not in text); no coordinate table of FC peaks. Seeds derived from patient CBF clusters. Controls scanned twice ~4 weeks apart; analysable n may be 32-33 after QC. hc_potential: yes.,,"own sample (UCLA ECT cohort, USA; overlaps prior publications from same cohort per authors)",MNI,
abstract-level include verification,PMID33432544,33432544.0,10.3758/s13415-020-00856-8,Costumero V,2021,Cogn Affect Behav Neurosci,The manifestation of individual differences in sensitivity to punishment during resting state is modulated by eye state.,unpaywall_pdf,confirm_include,I,rsfc,healthy young adults,144,L and R hippocampus (AAL) separately; also L/R amygdala (AAL) and PAG (AAN atlas),"seed-to-voxel rsFC: whole-brain GLM interaction (eye state EC vs EO x sensitivity-to-punishment slope, F-test, cluster FDR p<.05, CDT p<.001) + seed-to-seed",yes,no,no,,"Table 2: seed-to-voxel interaction peak (L hippocampus-precuneus, EC vs EO x SP) plus seed-to-seed stats; Suppl Table 2 matched-subsample replication",,144 healthy adults (18-40); AAL hippocampus seeds; whole-brain voxelwise brain-behaviour interaction (eye state x punishment sensitivity) of hippocampal rsFC; one precuneus cluster; no within-group seed map.,"Qualifies via criterion (d)/(c): whole-brain brain-behaviour correlation difference between healthy groups (eyes-open vs eyes-closed, between-subject). No main-effect FC map or table. Only one hippocampal-seed cluster reported. Sample pooled from multiple projects of the group (possible overlap with other Jaume I papers).",https://link.springer.com/content/pdf/10.3758/s13415-020-00856-8.pdf,"own sample (Jaume I University, Castellon, Spain; 1.5T Avanto; pooled from various projects of the group; EC n=88, EO n=56)",MNI,
abstract-level include verification,PMID33640412,33640412.0,10.1016/j.pneurobio.2021.102027,Zhou G,2021,Prog Neurobiol,Human hippocampal connectivity is stronger in olfaction than other sensory systems.,existing_rsfc_coords_xml,exclude,E9,rsfc,healthy young adults (fMRI) + epilepsy patients (iEEG),25,"L/R hippocampus and anterior/posterior hippocampus (Harvard-Oxford, y=-20 split)",ROI-to-ROI rsFC (hippocampus vs a few primary sensory/olfactory ROIs); iEEG phase synchrony,no,no,no,,,,"Hippocampal rsFC computed only with a handful of target ROIs (V1/V2, A1/A2, S1, piriform, AON, olfactory tubercle, parahippocampus); no whole-brain or broad cortical hippocampal FC map.",Only table is epilepsy patient demographics. 'Whole-brain' refers to acquisition only.,,own sample (Northwestern); rsfMRI dataset previously described in Zhou et al. 2019,MNI,
abstract-level include verification,PMID33676372,33676372.0,10.1093/cercor/bhab023,Nordin K,2021,Cereb Cortex,Distinct and Common Large-Scale Networks of the Hippocampal Long Axis in Older Age: Links to Episodic Memory and Dopamine D2 Receptor Availability.,existing_rsfc_coords_xml,confirm_include,I,rsfc,healthy older adults (64-68 y),170,"bilateral anterior (y=-6), middle (y=-18/-21), posterior (y=-33/-36) hippocampus ROIs from hippocampus-restricted ICA","seed-to-voxel rsFC maps entered into task-PLS (axis dissociation) and behavioural PLS (memory, D2DR)",yes,yes,no,,Table 1: PLS LV1 anterior- vs posterior-hippocampal networks (BSR peaks); Table 2: LV2 shared aHC+pHC vs mHC networks; Table 3: behavioural PLS memory/D2DR-related hippocampal network,,170 healthy older adults; whole-brain rsFC maps of anterior/middle/posterior hippocampal seeds analysed with PLS; tables of axis-dependent networks and memory/D2DR-related connectivity (criteria a-d).,"Within-seed correlation maps only visualised in Supplementary Materials (not captured); Tables 1-2 are PLS contrast-like LVs (differential aHC vs pHC connectivity), BSR>=3.3, k>=10 - arguably usable as axis-specific networks but not pure main-effect tables. PET D2DR also acquired. Possible sample overlap with other COBRA hippocampal FC papers (Salami 2016).",,"COBRA study (Umea, Sweden); same cohort as Nevalainen 2015, Nyberg 2016, Salami 2016/2019",MNI,"Umea cohorts (Betula: Salami 2014 main, Nordin 2025 replication; COBRA; DyNAMiC)"
abstract-level include verification,PMID33786931,33786931.0,10.1111/ejn.15213,Ezama L,2021,Eur J Neurosci,Functional connectivity of the hippocampus and its subfields in resting-state networks.,existing_rsfc_coords_xml,confirm_include,I,rsfc,HCP young adults,172,spatially-restricted ICA within bilateral FreeSurfer hippocampus mask: IC0 (anterior hippocampus) and IC1 (middle-posterior hippocampus); subfield contributions (FS v21 subfields),hippocampus-restricted ICA + whole-brain dual regression; region-wise (Desikan-Killiany 42 areas) LME,yes,yes,no,,"Table 1: spatial correlation of FC maps with Yeo-7 networks; Tables 2-3: Desikan-Killiany regions with reliable co-activity for IC0/IC1 (z-ratios, no coordinates); Table 4: subfield rankings",,"7T HCP rsfMRI in 172 healthy adults: hippocampus-restricted ICA components used as seeds for whole-brain dual regression; group FC maps (Fig 2, Z>4) and region-wise cortical/subcortical FC tables (Tables 2-3) for anterior and posterior hippocampal components.",No peak-coordinate tables; region-level tables only. All 10 ICs' FC maps in Supp Fig S3. HCP 7T sample overlaps other HCP-based studies.,,"HCP 7T (184 7T participants, 172 after QC)",MNI,HCP 7T cohort shared (also La Laguna group: Ezama 2021 & Seoane 2022)
abstract-level include verification,PMID34035413,34035413.0,10.1038/s41598-021-90364-7,Chang WT,2021,Sci Rep,Brainwide functional networks associated with anatomically- and functionally-defined hippocampal subfields using ultrahigh-resolution fMRI.,existing_rsfc_coords_xml,confirm_include,I,rsfc,healthy young adults,16,"24 FreeSurfer 6.0 anatomical hippocampal subfields (head/body of presubiculum, subiculum, CA1, CA3, CA4/DG; parasubiculum; tail; per hemisphere) and 20 data-driven functional subfields (ICA + k-means)",seed-to-vertex rsFC on cortical surface (fsaverage5) + Yeo 7-network coverage,yes,yes,no,,Table 1: % overlap of merged iFC maps with Yeo networks (no coordinates),,"Cortex-wide (surface) rsFC maps for each anatomical and functional hippocampal subfield in 16 healthy adults at 7T (Fig 3, cluster-corrected p<0.05), with Yeo network coverage analyses.","Cortical surface only (fsaverage5), no subcortical/volumetric maps and no peak coordinates. Sign of FC maps not explicit (z maps; presumably positive/significant). Small sample.",,"own sample (UNC Chapel Hill, 7T bPRISM 0.94mm)",NR,
abstract-level include verification,PMID34077415,34077415.0,10.1371/journal.pbio.3001275,Barnett AJ,2021,PLoS Biol,Intrinsic connectivity reveals functionally distinct cortico-hippocampal networks in the human brain.,existing_rsfc_coords_xml,confirm_include,I,rsfc,healthy young adults,40,"L/R anterior and posterior hippocampus (FreeSurfer, manually split at uncal apex), native space","seed-to-parcel rsFC (hippocampal ROIs to all HCP-MMP1.0 cortical parcels, averaged by Louvain networks); ROI-level anterior vs posterior contrast",yes,no,no,,S1 Table: network-level hippocampal FC t-tests (supplement); Fig 5B parcel-level ant vs post contrast (surface figure),,"45 recruited healthy young adults (40 after motion exclusion); FC of anterior/posterior hippocampus with every Glasser cortical parcel, summarized per network (DMN, MTN significant) and parcel-wise ant>post contrast (FWE).","Barnett et al. 2021 PLoS Biol. Native-space parcel analysis, no voxelwise map or coordinates; within-group results at network level (Fig 5A bars, S1 Table); df t(37)/t(38) suggest 38-39 subjects in hippocampal analyses. GSR (9p). RSA on separate task dataset (Mizrak et al.) not FC.",,"own sample (UC Davis, 25 min rest); secondary OpenNeuro ds000243 (n=69) used only for network-partition replication",NR,
abstract-level include verification,PMID34319631,34319631.0,10.1002/hipo.23377,Panitz DY,2021,Hippocampus,Age-related functional connectivity along the hippocampal longitudinal axis.,PDF supplied by user (institutional access),confirm_include,I,rsfc,"lifespan community sample (NKI-RS, 9-83 y, mean 42)",128,"L/R anterior, middle, posterior thirds of FreeSurfer hippocampus (eroded)","seed-to-voxel rsFC (GLM, six seeds jointly) group main-effect maps + long-axis contrasts + whole-brain ANCOVA with age",,,no,,,,Whole-brain rsFC maps of anterior/middle/posterior hippocampus across the NKI lifespan sample (N=128; Fig 2) plus age effects (Table 1); main-effect maps figure-only.,"MNI; main maps Bonferroni p<1e-6, k>=10. Sample includes some children/adolescents (9-17 y) but majority adults; NKI-RS heterogeneous sample. Unique-variance seeds (6 regressors in one GLM).","paywalled (Wiley); no OA copy found (Unpaywall, EPMC, OpenAlex, Semantic Scholar, preprint search)",,,NKI-Rockland Sample (release 1)
abstract-level include verification,PMID34404728,34404728.0,10.1073/pnas.2101743118,Zheng A,2021,Proc Natl Acad Sci U S A,Parallel hippocampal-parietal circuits for self- and goal-oriented processing.,existing_rsfc_coords_xml,confirm_include,I,rsfc,healthy young adults (precision/dense sampling),10,individual manually traced L/R hippocampus; voxelwise winner-take-all; hippocampal DMN (anterior ~80%) and PMN (tail) parcels; anatomical head/body vs tail,winner-take-all hippocampal parcellation by cortical networks (Infomap 15 networks); parcel seed-to-cortical-vertex rsFC maps,yes,yes,no,,,,"10 healthy MSC adults (~5 h rest each); hippocampal voxels assigned to 15 individual cortical networks; hippocampal DMN/PMN parcel and head/body/tail seed-to-cortex FC maps (Fig 3, Fig 5), individual and group average.",Individual-specific surface (cortex-only) maps; no coordinates. Task data only for deactivations. Very small n but ~300 min per subject.,,"Midnight Scan Club (MSC, OpenNeuro ds000224) + MSC06-Rep (ds002766)",NR,
abstract-level include verification,PMID34529323,34529323.0,10.1002/hbm.25662,Zhang J,2021,Hum Brain Mapp,Group-guided individual functional parcellation of the hippocampus and application to normal aging.,existing_rsfc_coords_xml,confirm_include,I,rsfc,lifespan (19-75 y),262,bilateral hippocampus (Harvard-Oxford 25%); data-driven 3-way head/body/tail parcels (group and individual),"FC-based parcellation (whole-brain FC profiles, affinity propagation); seed-to-voxel rsFC of bilateral hippocampus; subregion-to-8-target FC vs age",yes,yes,supplement,Table S1,,,"262 healthy adults (SALD); hippocampal parcellation from voxelwise whole-brain FC; one-sample t whole-brain FC map of bilateral hippocampus (FDR p<.001, k>=100) defining 8 targets (Fig S4/Table S1); subregion-target FC related to age.","Borderline: main-effect whole-brain map/table only in supplement (Fig S4, Table S1) and for whole bilateral hippocampus; subregion FC only with 8 target ROIs (age correlations, Fig S6). Global signal regressed. SALD sample also used by other studies (possible overlap).",,SALD (Southwest University Adult Lifespan Dataset),MNI,
abstract-level include verification,PMID34537860,34537860.0,10.1007/s00221-021-06222-5,Zhang J,2021,Exp Brain Res,The neural foundation of associative memory: a dynamic functional connectivity study for right-handed young adults.,PDF supplied by user (institutional access),confirm_include,I,rsfc,healthy young adults (final sample <30 y),217,"4-mm spheres along the long axis: L/R anterior, middle, posterior hippocampus (plus PRC, ERC, aPHC, pPHC)",seed-to-voxel dynamic FC variability (sliding-window SD); whole-brain regression on associative memory score,,,no,,,,"Whole-brain dynamic FC variability of anterior/middle/posterior hippocampal seeds in 217 healthy young adults, regressed on WMS associative memory (criterion d).",WEAK include: the outcome is dFC variability rather than FC strength; no main-effect map. MNI; AlphaSim p<0.05 (voxel p<0.005). Recruitment 18-60 but analysed sample all under 30 (mean 24.5).,"paywalled (Springer); no OA copy found (Unpaywall, EPMC, OpenAlex, Semantic Scholar, preprint search)",,,
abstract-level include verification,PMID35041057,35041057.0,10.1007/s00429-021-02442-1,Seoane S,2022,Brain Struct Funct,Medial temporal lobe contributions to resting-state networks.,existing_rsfc_coords_xml,confirm_include,I,rsfc,HCP young adults,172,"MTL-restricted ICA components (srICA, dim 7, FreeSurfer-based participant MTL mask incl. hippocampus, PHG, entorhinal); IC1 = hippocampus-dominant (head>body>tail, no PHG/Ent contribution); IC2 = PHG + hippocampal head/body; IC0/IC3 PHG/entorhinal",spatially restricted ICA + dual regression whole-brain FC maps; mixed-effects models of FC per Desikan-Killiany cortical/subcortical region,yes,yes,no,,"Tables 2-5: region-level (Desikan) z-ratio tables per IC FC map (IC1 hippocampal = Table 3; IC2 DMN = Table 4), no coordinates; Table 6: MTL subregion contributions",,HCP 7T young adults; MTL-restricted ICA yields a hippocampus-dominant component (IC1: head/body/tail) whose dual-regression whole-brain FC map (Fig 2) and cortical region table (Table 3) are reported; borderline MTL-seed study.,"BORDERLINE I3: seeds are data-driven MTL ICs, not anatomical hippocampal seeds; IC1 is essentially hippocampal per Table 6 (only hHi/bHi/tHi contribute) -> included per 'MTL seed essentially hippocampus' rule; IC2 (DMN) mixes PHG and hippocampus. FC reported at Desikan region level (post hoc vs mean of other regions, Bonferroni), no peak coordinates; group maps only in Fig 2. Validation in runs 3-4 (r>0.95). Same lab (Janssen, La Laguna) as Ezama et al. 2021 - possible overlapping HCP 7T sample/method.",,"HCP S1200 7T resting-state (184 7T participants minus 12 QC exclusions; runs 1-2 test, runs 3-4 validation in same subjects)",MNI,HCP 7T cohort shared (also La Laguna group: Ezama 2021 & Seoane 2022)
abstract-level include verification,PMID35492025,35492025.0,10.1192/j.eurpsy.2022.21,Haas SS,2022,Eur Psychiatry,Lower functional hippocampal connectivity in healthy adults is jointly associated with higher levels of leptin and insulin resistance.,existing_rsfc_coords_xml,exclude,E9,rsfc,"healthy adults (middle-aged, overweight/obese majority)",104,L/R DG ('posterior') and CA1/subiculum ('anterior') from SPM Anatomy Toolbox; whole hippocampus for cohesiveness,"ROI-to-network rsFC (4 CAREN networks: CEN, SAL, VIS, SMN) + within-hippocampus cohesiveness; k-means clustering with metabolic measures",no,no,no,,,,"Hippocampal subfield FC computed only as mean correlations with four network templates (CEN, SAL, VIS, SMN) and within-hippocampus cohesiveness; no voxelwise/whole-brain or broad cortical hippocampal FC map; results are correlations/cluster differences.","Borderline I4: 4 network-level targets (DMN not included) - judged too restricted and no map. Table 1 = Spearman correlations of FC with metabolic measures; Table 2 = cluster demographics. Healthy adults ~39 y, 14% prediabetic range.",,own sample (Stanford; insulin suppression test cohort),MNI,
abstract-level include verification,PMID36183945,36183945.0,10.1016/j.neuroimage.2022.119656,Bayrak Ş,2022,Neuroimage,Heritability of hippocampal functional and microstructural organisation.,existing_rsfc_coords_xml,confirm_include,I,rsfc,HCP young adults (incl. twins/siblings),709,"hippocampal subfield surfaces (SurfPatch): subiculum, CA1-3, CA4-DG (mean and vertex-wise time series)",seed-to-parcel rsFC (subfield to 360 Glasser parcels) + connectivity gradients (diffusion embedding) + heritability,yes,yes,no,,,,"HCP S900 (n=709): subfield-to-isocortex FC maps across 360 Glasser parcels (Fig 1B, group t-maps thresholded t>20) and hippocampal-cortical FC gradients (Fig 2); heritability of FC.","Parcel/surface-based results only; no peak coordinates. Bayrak et al. 2022 (NeuroImage). Primary focus heritability, but group-level subfield-cortex FC maps and gradient-network profiles reported. Includes related individuals (twins/siblings). Sample overlaps other HCP hippocampal gradient papers (Vos de Wael 2018).",,HCP S900 (overlaps HCP samples used in Vos de Wael 2018),NR,HCP (WU-Minn) participants shared across studies
abstract-level include verification,PMID36191210,36191210.0,10.1073/pnas.2203039119,Setton R,2022,Proc Natl Acad Sci U S A,Hippocampus and temporal pole functional connectivity is associated with age and individual differences in autobiographical memory.,existing_rsfc_coords_xml,exclude,E9,rsfc,young+old healthy,263,"L/R anterior and posterior hippocampus (ASHS segmentation, native space); plus temporal pole parcels","seed-to-parcel rsFC with 119 individualized Schaefer-400 parcels of extended DN (Yeo-17 default, limbic, temporoparietal); PLS age-group and behaviour-PLS",partial,yes,no,,,,"AHIPP/PHIPP rsFC with 119 extended-default-network parcels in 158 young and 105 older healthy adults: within-group maps (Fig 2), age-group PLS differences and AM-behaviour PLS; analysis restricted to DN/limbic/temporoparietal parcels, not whole cortex.","[ORCHESTRATOR: reader decision confirm_include I -> exclude E9] Orchestrator override for consistency with round-1 convention (E9 when hippocampal FC is tested only against a priori network parcels, e.g. PMID37944517, PMID40392111): FC limited to 119 extended-default-network parcels, no whole-brain/cortex-wide map. BORDERLINE - reinstate as include if network-restricted parcel sets are accepted. || Reader notes: BORDERLINE I4/E9: FC restricted to extended default network parcels (119 parcels, 6 Yeo-17 subnetworks), not whole-brain; many parcels though. Surface/matrix figures only; no coordinate tables. Individualized parcellation (GPIP) in native space. Sample overlaps Setton et al. multi-echo aging dataset.",,"own sample (Cornell, Ithaca USA + York, Toronto Canada; multi-echo rsfMRI; OpenNeuro ds003592); same participants as authors' structural AM paper (ref 35) and larger RSFC sample (ref 28, Setton et al.)",NR,
abstract-level include verification,PMID36695891,36695891.0,10.1007/s00429-023-02612-3,Teghil A,2023,Brain Struct Funct,Intrinsic hippocampal connectivity is associated with individual differences in retrospective duration processing.,existing_rsfc_coords_xml,confirm_include,I,rsfc,healthy young adults,28,"L/R whole hippocampus (Harvard-Oxford, CONN); exploratory bilateral subfields CA1, subiculum, CA4/DG, CA2/CA3 (Cobra atlas)",seed-to-voxel rsFC (CONN) whole-brain regression on duration-discrimination accuracy,yes,no,no,,"no tables; brain-behaviour correlation peaks reported in text only (L/R HC, R CA1, CA4/DG -> pre/postcentral gyrus)",,"Whole-brain seed-to-voxel rsFC of L/R hippocampus and subfields regressed on retrospective duration accuracy in 28 healthy adults (p<0.001 voxel, cluster FWE); only brain-behaviour correlation results reported.",Type (d) brain-behaviour correlation only; no within-group main effect map. Short report (Brain Struct Funct style). Positive one-tailed only.,,"own sample (IRCCS Fondazione Santa Lucia, Rome, Italy)",MNI,
abstract-level include verification,PMID36789843,36789843.0,10.1097/WNR.0000000000001881,Alahmadi AAS,2023,Neuroreport,Functional connectivity of sub-cortical brain regions: disparities and similarities.,pmc_html,confirm_include,I,rsfc,healthy young adults,198,"L/R hippocampus (Harvard-Oxford), among six subcortical seeds","ROI-to-ROI rsFC (CONN) from subcortical seeds to CONN ICA network nodes (DMN, SMN, visual, salience, DAN, FPN, language, cerebellar)",partial,yes,no,,,,"198 healthy adults (18-30) from FCP Cambridge-Buckner; hippocampus seed FC to ~32 CONN network ROIs spanning 8 canonical networks (FDR); hippocampus linked to DMN and sensorimotor, not cerebellum; results as matrices/rings.","BORDERLINE I4 vs E9: network-node ROI-to-ROI (CONN default networks, ~32 nodes) rather than voxelwise/dense parcellation; broad network coverage so included, orchestrator may reconsider. HTML text complete (Methods/Results present); no tables in paper, results only in Figs 1-4 (matrices). 8mm smoothing. Cambridge_Buckner sample overlaps many FCP studies.",,1000 Functional Connectomes (Cambridge_Buckner),NR,1000 FCP Cambridge_Buckner (n=198) used by both
abstract-level include verification,PMID37025422,37025422.0,10.1155/2023/7948140,Tan J,2023,Neural Plast,Alterations in Human Hippocampus Subregions across the Lifespan: Reflections on White Matter Structure and Functional Connectivity.,existing_rsfc_coords_xml,confirm_include,I,rsfc,lifespan (7-85 y; 11 of 106 aged <=15),106,"L/R anterior hippocampus (4mm spheres MNI +/-18,-14,-18) and L/R posterior hippocampus (4mm spheres 25,-26,-15 / -23,-26,-15)",seed-to-voxel rsFC within ipsilateral hemisphere; one-sample then paired aHipp vs pHipp t-tests; ROI-level age GLM,partial,no,no,,"Table 1 (left) & Table 2 (right): aHipp vs pHipp paired-t difference peaks (positive T = aHipp>pHipp, negative = pHipp>aHipp)",,"106 healthy NKI participants (mostly adults); voxelwise ipsilateral-hemisphere FC of 4mm anterior/posterior hippocampal seeds, paired aHipp vs pHipp whole-hemisphere comparisons (FWE); age effects only ROI-level.","Only anterior-vs-posterior difference maps/tables reported; one-sample positive main-effect maps not shown. FC restricted to ipsilateral hemisphere (not whole brain). Includes 11 children/adolescents (<=15 y); majority adult. Global signal regressed. Low-quality reporting (tiny clusters, odd T values).",,"NKI-Rockland Sample (NKI-RS1, fcon_1000); methods shared with authors' previous articles [28,36] (possible sample overlap)",MNI,1000 FCP / NKI-Rockland
abstract-level include verification,PMID37046050,37046050.0,10.1038/s42003-023-04796-0,Katsumi Y,2023,Commun Biol,"Correspondence of functional connectivity gradients across human isocortex, cerebellum, and hippocampus.",existing_rsfc_coords_xml,confirm_include,I,rsfc,HCP young adults (+ GSP young adults validation),1003 (HCP) + 1102 (GSP),"bilateral hippocampal voxels (Harvard-Oxford subcortical, 50%), hippocampal gradient bins (20 bins per gradient)",connectivity gradients (diffusion map embedding of hippocampus-to-isocortex FC); gradient-weighted cortical FC maps; gradient-bin seed-to-cortical-bin FC,yes,no,no,,,,Hippocampal-isocortical FC gradients derived from every hippocampal voxel's FC with all cortical vertices in healthy HCP (n=1003) and GSP (n=1102) adults; gradient-weighted cortical FC maps compared with isocortical gradients.,Criterion: hippocampus-to-cortex gradients (I4). No conventional within-group positive-FC seed map or coordinate tables; results surface maps/correlations only. HCP group-average dconn (S1200 release). Hippocampal gradients replicate Vos de Wael et al.-type analyses (possible dataset overlap with other HCP gradient papers).,,"HCP S1200 (group-average dense connectome, n=1003); GSP (n=1102) validation",NR,HCP (WU-Minn) participants shared across studies
abstract-level include verification,PMID37562962,37562962.0,10.1523/JNEUROSCI.1020-23.2023,Groot JM,2023,J Neurosci,Echoes from Intrinsic Connectivity Networks in the Subcortex.,repo_pdf,confirm_include,I,rsfc,healthy young adults,40,"hippocampus mask from Yeo 17-network parcellation (Default C), bilateral, decomposed into 10 subregions by spatially restricted canICA (4 HPC subregions echoed networks); part of 14 subcortical ROIs",spatially restricted ICA + multivariate dual regression voxelwise whole-brain FC (randomise TFCE FWE p<.05); spatial correlation of subregion FC maps with 16 data-driven cortical reference networks (network 'echoes'),yes,no,no,,,,"40 healthy adults at 7T; hippocampal ROI decomposed into ICA subregions whose voxelwise whole-brain dual-regression FC maps were computed and assigned to cortical networks (Default A, Limbic A, Visual, Dorsal Attention); subcortex-wide study with hippocampus-specific results.",Borderline on reporting: hippocampal results given only as spatial correlations of thresholded FC maps with reference networks (Figs 3-4); no hippocampal FC map figure in main text (Extended Data Fig 3-1 shows a subset of structures' maps; unthresholded group maps on OSF osf.io/wt3uc); no coordinate tables. HPC mask derived from Yeo Default C cortical parcellation (may include parahippocampal voxels). Multivariate dual regression controls for other subregions.,https://pure.uva.nl/ws/files/211872047/6609.full.pdf,"own sample (Norway, Siemens Terra 7T; first session of a larger multisession 7T study; UvA/UiT/NTNU)",MNI,
abstract-level include verification,PMID37646336,37646336.0,10.1017/S1355617723000498,Won J,2024,J Int Neuropsychol Soc,Hippocampal functional connectivity mediates the association between cardiorespiratory fitness and cognitive function in healthy young adults.,unpaywall_pdf,confirm_include,I,rsfc,HCP young adults,913,"bilateral anterior and posterior hippocampus (FreeSurfer masks split at centre of gravity), plus bilateral whole hippocampus; caudate control seed",seed-to-voxel rsFC (gray-matter voxelwise) brain-behaviour regression with 2-Minute Walk Test (3dMVM),yes,no,no,,"no table; 2 peaks in text for 2MWT-positive aHipp FC (R PCC, L MTG)",,"913 HCP healthy young adults; whole-brain voxelwise analysis of anterior/posterior/whole hippocampal-seed rsFC association with cardiorespiratory fitness (2MWT), criterion (d); no within-group seed map reported.","Only brain-behaviour correlation results (p<0.001 voxel, FWER cluster k>=130). Posterior/whole hippocampus: null. HCP data may overlap other HCP-based included studies (different analyses).",https://www.cambridge.org/core/services/aop-cambridge-core/content/view/B54137F7FC1FF27A3F2396113C0FB351/S1355617723000498a.pdf/div-class-title-hippocampal-functional-connectivity-mediates-the-association-between-cardiorespiratory-fitness-and-cognitive-function-in-healthy-young-adults-div.pdf,HCP S1200 (WU-Minn Young Adults),MNI,HCP (WU-Minn) participants shared across studies
abstract-level include verification,PMID38968875,38968875.0,10.1016/j.neurobiolaging.2024.06.006,Fenerci C,2024,Neurobiol Aging,Lifespan differences in hippocampal subregion connectivity patterns during movie watching.,PDF supplied by user (institutional access),confirm_include,I,task,"lifespan healthy adults 18-88 (Cam-CAN, movie watching)",520,L/R anterior and posterior hippocampus (ASHS subject-specific),naturalistic movie-watching FC of hippocampal subregions with 400 Schaefer parcels; behavioural PLS with age; memory correlations,,,no,,,,Cam-CAN movie-watching FC of anterior/posterior hippocampus with all 400 cortical parcels in 520 healthy adults; age-related PLS patterns and memory associations; no mean connectivity map.,Naturalistic viewing categorised as task (consistent with PMID26240179/40550920). Parcel BSRs in Supp Table 2.,"paywalled (Elsevier); no OA copy found (Unpaywall, EPMC, OpenAlex, Semantic Scholar, preprint search)",,,Cam-CAN
abstract-level include verification,PMID39013855,39013855.0,10.1038/s41467-024-49823-8,Eichert N,2024,Nat Commun,Hippocampal connectivity patterns echo macroscale cortical evolution in the primate brain.,existing_rsfc_coords_xml,confirm_include,I,rsfc,"HCP young adults (plus macaques, cross-species)",10,vertex-wise unfolded hippocampal surface (HippUnfold); 4 hippocampal sectors (anterior/posterior x medial/lateral); long-axis and distal-proximal axis regressors,"hippocampus-to-cortex (~1000 parcels) connectivity gradients (diffusion embedding), dual regression of hippocampal axes, sector seed-to-cortex maps",yes,yes,no,,,,"Human arm: HCP rs-fMRI (n=10) hippocampal-cortical FC gradients, dual-regression cortical maps of long/short hippocampal axes (Fig 3A), cortical FC of hippocampus and 4 sectors (Fig S3A-B).","Primarily a human-macaque comparative study (Eichert/Paquola et al. 2024 Nat Commun); only 10 human subjects; surface-based maps, no coordinates; within-group maps of sector seeds are in Supplementary Fig S3 (not captured). Human part satisfies I1.",,"HCP S1200 (10 randomly selected subjects, 1 rs run each); macaque data separate",NR,HCP (WU-Minn) participants shared across studies
abstract-level include verification,PMID39808662,39808662.0,10.1073/pnas.2422083122,Angeli PA,2025,Proc Natl Acad Sci U S A,Specialization of the human hippocampal long axis revisited.,existing_rsfc_coords_xml,confirm_include,I,mixed,healthy young adults (precision within-individual),20 (Discovery 11 + Replication 9),within-individual Anterior-DN and Posterior-SAL hippocampal regions (FreeSurfer hippocampus voxels assigned to DN-A vs SAL/PMN); voxelwise hippocampal network assignment to 15 MS-HBM networks,hippocampal seed-to-cortical-surface (vertexwise) rsFC within individuals + network-level quantification (15 networks); winner-take-all voxel network assignment; task activation,yes,yes,no,,,,"Within-individual rsFC of anterior and posterior hippocampal regions with every cortical surface vertex (SI Figs S3-S6) and quantified across 15 individual cortical networks (Fig 1B: DN-A vs SAL/PMN, CG-OP, DN-B) in 20 healthy young adults; plus task analyses.","Hippocampal regions defined by FC to two networks (circular for those two networks, but full-surface maps and all-network quantification reported). Individual-level surface maps in SI, no group coordinate tables; surface space. Samples previously published (Du et al.; DiNicola et al. 2020/2023) - flag overlap.",,"own sample reanalysed (Harvard CBS; Discovery = Du et al. 2024 data, Replication = DiNicola et al. data); overlaps prior Buckner-lab publications",NR,
abstract-level include verification,PMID40072438,40072438.0,10.1001/jamanetworkopen.2025.0171,Jensen DEA,2025,JAMA Netw Open,Association of Diet and Waist-to-Hip Ratio With Brain Connectivity and Memory in Aging.,existing_rsfc_coords_xml,confirm_include,I,rsfc,"healthy older adults (community cohort, mean age 70 at MRI)",664,"L/R hippocampus seed mask (ref 21; smoothed 4mm sphere kernel), separate left and right","seed-to-voxel rsFC (FSL, randomise TFCE FWE) regressed on midlife diet (AHEI-2010) and WHR trajectories",yes,yes,no,,eTable 9 (supplement): cluster report for diet-hippocampal FC associations (L hippocampus-occipital/cerebellum),,Whole-brain seed-based rsFC of L/R hippocampus in Whitehall II older adults regressed on midlife diet/WHR (TFCE FWE p<.05); mean hippocampal FC map only in supplementary eFigure 5.,"Type (d) brain-behaviour/exposure association. Population = general community cohort (not clinical), predominantly male (~80%). Mean FC main-effect map only in supplement eFigure 5 (no table). Whitehall II imaging sample is used in many other papers - check duplicates.",,"Whitehall II Imaging Substudy (Oxford, UK); 664 for WHR analyses, 512 for diet analyses",MNI,
abstract-level include verification,PMID40110999,40110999.0,10.7554/eLife.97658,Nordin K,2025,Elife,Two long-axis dimensions of hippocampal-cortical integration support memory function across the adult lifespan.,existing_rsfc_coords_xml,confirm_include,I,rsfc,lifespan (20-79 healthy adults),164,"L/R whole hippocampus (FreeSurfer, group template) - voxelwise connectopic gradients G1-G3",connectivity gradients (connectopic mapping of hippocampal voxel-to-cortex rsFC; cortical projections); age and memory effects via TSM,yes,no,no,,,,"164 healthy adults 20-78 (DyNAMiC) with Betula replication; hippocampus-to-neocortex rsFC connectopic mapping yielding three gradients projected onto cortex (Fig 1C) and related to cortical gradients, age, memory, D1 receptors.","Gradient/cortical projection approach (I4: hippocampus-to-cortex gradients); no seed-map coordinates. Includes GSR (36P). PET D1DR component. Appendix table 1 is regression of gradient topography on memory (not coordinates). Possible overlap with other DyNAMiC hippocampal gradient papers (e.g., Pedersen et al.).",,"DyNAMiC (Umea, Sweden; Nordin et al. 2022); replication Betula project (n=224, 29-85)",MNI,"Umea cohorts (Betula: Salami 2014 main, Nordin 2025 replication; COBRA; DyNAMiC)"
abstract-level include verification,PMID40202284,40202284.0,10.1002/hbm.70167,Lee HJ,2025,Hum Brain Mapp,Identification of Cortical Targets for Modulating Function Supported by the Human Hippocampal Network.,existing_rsfc_coords_xml,confirm_include,I,rsfc,HCP young adults,1133,"hippocampus (individual FreeSurfer segmentation, 'Seed' approach); plus 'Seedmap' surrogate (weighted cortical average from group map)",seed-to-voxel rsFC; group-level one-sample (Bonferroni); individual centroids; penetration maps,yes,yes,yes,"Table 1 (grp FC centroids, mPFC & PPC only)",Table 1 also: individual-FC average centroids and Neurosynth atlas targets; Table 2: distances only,,"1,133 HCP healthy young adults; whole-brain seed-based rsFC of FreeSurfer hippocampus, group map (Fig 1) showing mPFC, PPC, precuneus, temporal poles; centroids of group FC in mPFC/PPC tabulated.","Short TMS-targeting report. Coordinates are cluster centroids restricted to mPFC and bilateral PPC (not whole-brain peak table); use 'Seed' rows (Seedmap is a cortical surrogate, not true hippocampal seed). Unclear whether hippocampal seed is bilateral combined. Bonferroni-corrected group map; figure only for other regions.",,"HCP (S1200 release, 1,133 young adults)",MNI,HCP (WU-Minn) participants shared across studies
abstract-level include verification,PMID40626514,40626514.0,10.1002/hipo.70023,Fritch HA,2025,Hippocampus,Resting-State Functional Connectivity With the Anterior and Posterior Hippocampus: An Analysis of fMRI Data From the Human Connectome Project.,PDF supplied by user (institutional access),confirm_include,I,rsfc,HCP young adults (22-35 y),864,anatomical anterior (y>=-21) and posterior hippocampus (manual delineation on group template),"seed-to-voxel rsFC (implemented via gPPI scripts on resting data), anterior>posterior and posterior>anterior difference maps; network overlap (Network Correspondence Toolbox)",,,no,,,,"Whole-brain rsFC of anterior vs posterior hippocampus in 864 HCP adults; only differential (aHC>pHC, pHC>aHC) maps reported (Table 1), no single-seed positive map.","MNI; voxel p<0.001, cluster extent 11 voxels (Monte Carlo). No within-seed main-effect map, so nothing extracted to rsfc coords; Table 1 is a candidate for a contrast-based sensitivity analysis.","paywalled (Wiley); no OA copy found (Unpaywall, EPMC, OpenAlex, Semantic Scholar, preprint search)",,,HCP
abstract-level include verification,PMID40728514,40728514.0,10.1097/j.pain.0000000000003636,Harrison R,2025,Pain,"Stable individual differences in habituation and sensitization to prolonged painful stimulation are underpinned by activity in the hippocampus, amygdala, and sensorimotor cortices.",existing_rsfc_coords_xml,confirm_include,I,rsfc,healthy young adults (18-45),85,right anterior hippocampus sub-cluster of pain-habituation task activation cluster (masked with anatomical hippocampus); also amygdala and sensorimotor seeds,seed-to-voxel rsFC (termed resting-state PPI) regressed on pain habituation/sensitization slope,yes,no,no,,"Supplementary D: peaks of rsFC-habituation correlation clusters (hippocampus seed -> vmPFC) (supplement, not in text)",,"85 healthy adults; functionally defined right anterior hippocampal seed used for whole-brain resting-state FC, group-level regression on habituation slope (GRF z>2.3, p<.05): habituation linked to higher hippocampus-vmPFC FC.",Criterion (d) brain-behaviour correlation map; no within-group main-effect map. Seed derived from task activation cluster (hippocampus portion). Borderline small hippocampal seed from activation. Published in Pain 2025 (peer-reviewed). Only baseline sessions analysed; later intervention not reported.,,"own sample (University of Reading, UK)",MNI,
abstract-level include verification,PMID41606112,41606112.0,10.1038/s42003-026-09554-6,Sun L,2026,Commun Biol,Representational differentiation and integration within the hippocampal circuit during naturalistic stimuli.,existing_rsfc_coords_xml,confirm_include,I,task,HCP young adults,157,"hippocampal subfields DG, CA3 (CA3/2), CA1 (FreeSurfer 7.1.1 hippocampal subfield segmentation from T1+T2, individual masks)","inter-subject functional correlation (ISFC) seed-to-parcel (Schaefer 400) during movie viewing, phase-randomization permutation, FDR q<.05; ISFC-geodesic distance correlations; behaviour prediction/mediation",yes,yes,supplement,Table S7,Table S8: correlations of CA1-parcel ISFC with CA3-CA1 geodesic distance changes (supplement),,"157 HCP 7T healthy young adults; DG/CA3/CA1 subfield seeds; whole-cortex (400 Schaefer parcels) inter-subject FC during movie watching, significant positive ISFC map (Fig 5A, Table S7) and brain-representation correlations.","BORDERLINE method: ISFC (between-subject stimulus-locked coupling), not within-subject FC; included as task-state (naturalistic) FC of hippocampal seeds with whole cortex. Parcel-level results; Table S7 (supplement, not in text) likely lists significant Schaefer parcels rather than peak coordinates. Main analysis is RSA/graph representation; FC is secondary. Same HCP 7T cohort as other HCP 7T studies (e.g., La Laguna group) - check overlap.",,HCP 7T release (movie-watching naturalistic fMRI; 184 minus QC codes A/B/C); analysed at Universidad de La Laguna,MNI,HCP 7T cohort shared (also La Laguna group: Ezama 2021 & Seoane 2022)
abstract-level include verification,PMID42234210,42234210.0,10.1007/s00429-026-03134-4,Liu XS,2026,Brain Struct Funct,Characterizing functional connectivity gradients for the hippocampus-amygdala complex in healthy and psychiatric cohorts.,existing_rsfc_coords_xml,exclude,E7,rsfc,healthy adults (HBS) + psychiatric patients/HC (MIND-Set),410,"L/R combined hippocampus-amygdala complex (Harvard-Oxford 20%), voxelwise",connectopic gradient mapping (ConGrads) of ROI-to-grey-matter FC; gradient-neurotransmitter map similarity,partial,no,no,,,,"BORDERLINE. Gradients computed for a joint hippocampus-amygdala ROI; only within-ROI gradient topography shown and related to PET neurotransmitter maps; no hippocampus-specific whole-brain/cortical FC profiles, maps or cortical projections reported.",[ORCHESTRATOR: reader decision exclude E11 -> exclude E7] Orchestrator recode E11->E7 for consistency with round-1 (PMID24399179 amygdala/hippocampus junction seed = E7): ROI is a combined hippocampus-amygdala complex; no hippocampus-specific whole-brain/cortical FC reported. BORDERLINE - gradients run along hippocampal long axis. || Reader notes: Could be reconsidered as I under 'hippocampal connectivity gradients' rule (first two gradients follow hippocampal long axis; healthy HBS n=410 analysed separately). Excluded because seed is hippocampus+amygdala combined and no cortical FC pattern is reported. Tables in supplement only.,,"Healthy Brain Study (Nijmegen, first release, N=410); MIND-Set cohort (Radboud; 286 patients + 81 HC, analysed jointly)",MNI,
abstract-level include verification,PMID42338776,42338776.0,10.3389/fcogn.2026.1767179,Bowman CR,2026,Front Cognit,Adult lifespan effects on functional specialization along the hippocampal long axis.,existing_rsfc_coords_xml,confirm_include,I,rsfc,lifespan healthy adults (18-88),337,"L/R hippocampal head, body, tail (FreeSurfer segmentHA_T2, native space)",seed-to-parcel rsFC (6 hippocampal seeds x 84 Desikan-Killiany cortical+subcortical targets); age effects via LME; connectivity-profile similarity; LASSO memory prediction,yes,yes,no,,,,"Cam-CAN rs-fMRI (n=337, 18-88): FC of hippocampal head/body/tail with 84 whole-brain Desikan-Killiany ROIs; descriptive FC heatmaps by age decade (Fig 4) and age effects on each connection (Fig 6); criterion a/c.","Parcel-level results only (heatmaps), no voxelwise maps or coordinates; brain-behaviour subset n=162. Target ROI list in Supplementary Table 1. Frontiers-style 2025/26 paper; Cam-CAN sample may overlap other included Cam-CAN papers.",,Cam-CAN,NR,
abstract-level include verification,PMID14568509,14568509.0,10.1016/S1053-8119(03)00391-4,Sperling R,2003,Neuroimage,Putting names to faces: successful encoding of associative memories activates the anterior hippocampal formation.,pmc_html_browser,confirm_include,I,task,healthy young adults (20-33 y),16,"L and R anterior hippocampal formation, 4-mm spheres at task-defined peaks (HC-correct vs incorrect)","random-effects (across-subject) voxelwise correlation of contrast estimates (""functional connectivity""), whole brain",yes,no,no,,"Table 3: regions correlated with L/R hippocampal formation seed for HC-correct vs incorrect (across-subject correlation, MNI)",,"Hippocampal seeds from successful associative-encoding contrast were correlated voxel-by-voxel with the whole brain across 16 healthy young subjects; significant fusiform, prefrontal, hippocampal correlations (Table 3, cluster-corrected).","Read in browser (PMC HTML, PMC3230827). Borderline method: between-subject correlation of contrast estimates (not within-subject time-series FC); attempted-encoding FC null. SPM99, MNI.",,own sample (MGH Boston),MNI,
abstract-level include verification,PMID16281291,16281291.0,10.1002/hipo.20141,Ranganath C,2005,Hippocampus,Functional connectivity with the hippocampus during successful memory formation.,PDF supplied by user (institutional access),confirm_include,I,task,healthy young adults (students),15,left hippocampal cluster from subsequent-memory early-delay activation contrast,"beta-series correlation, whole-brain, remembered vs forgotten (cue, early delay, late delay)",,,no,,,,"Whole-brain beta-series connectivity of a left hippocampal seed during a visual working-memory task, contrasting subsequently remembered vs forgotten trials in 15 healthy adults.","Task FC (criterion b). MNI; p<0.005, k=6.","paywalled (Wiley); no OA copy found (Unpaywall, EPMC, OpenAlex, Semantic Scholar, preprint search)",,,
abstract-level include verification,PMID19675242,19675242.0,10.1523/JNEUROSCI.0799-09.2009,Takashima A,2009,J Neurosci,Shift from hippocampal to neocortical centered retrieval network with consolidation.,unpaywall_pdf,confirm_include,I,task,healthy young adults,25,bilateral posterior hippocampus (tail) functional clusters from recent>remote hits activation contrast (first eigenvariate),"PPI whole-brain (SPM5), remote vs recent high-confidence hits",yes,no,no,,"Supplemental Table S2: posterior hippocampus PPI recent>remote peaks (supplement, not in text); Tables S3/S4: FFA-seed PPI (not hippocampal seed)",,"Whole-brain PPI from functionally defined posterior hippocampal seed in 25 healthy young adults: connectivity with early visual cortex/FFA and PPC stronger for recent than remote (24h, post-sleep) face-location retrieval; cluster-corrected p<0.05.","Only task-modulated PPI contrast (type b); reverse contrast null. Seed defined from activation contrast. Hippocampal PPI peak coordinates only in supplemental Table S2. Threshold p<0.001 voxel, cluster p<0.05 corrected.",https://pure.uva.nl/ws/files/7215558/73215_Talamini_2.pdf,"own sample (Donders Institute, Nijmegen, NL; 1.5T)",MNI,
abstract-level include verification,PMID19744566,19744566.0,10.1016/j.neuroimage.2009.08.066,Burianova H,2010,Neuroimage,"A common functional brain network for autobiographical, episodic, and semantic memory retrieval.",PDF supplied by user (institutional access),exclude,E7,task,healthy young adults (21-37 y),12,"L hippocampus voxel (TAL -28,-20,-16) jointly with L lingual gyrus and R caudate seeds",multi-seed PLS (task-related FC during autobiographical/episodic/semantic retrieval),,,no,,,,"Reported whole-brain pattern is a single LV common to three jointly modelled seeds (hippocampus, lingual gyrus, caudate); no hippocampus-specific connectivity map.",Borderline E7: Table 2 (TAL) lists regions correlated with all three seeds; could be reconsidered if multi-seed PLS patterns are accepted.,"paywalled (Elsevier); no OA copy found (Unpaywall, EPMC, OpenAlex, Semantic Scholar, preprint search)",,,none
abstract-level include verification,PMID20637787,20637787.0,10.1016/j.neuropsychologia.2010.07.010,McCormick C,2010,Neuropsychologia,Hippocampal-neocortical networks differ during encoding and retrieval of relational memory: functional and effective connectivity analyses.,PDF supplied by user (institutional access),confirm_include,I,task,healthy young adults,14,"left hippocampus voxel activated for both encoding and retrieval of recollected faces (MNI -18,-32,-6)","seed PLS (across-subject, encoding and retrieval) + SEM effective connectivity",,,yes,"Table 2 (seed-PLS positive pattern common to encoding and retrieval; task-state, not extracted)",,,"Seed-PLS whole-brain functional connectivity of a left hippocampal seed during relational encoding and retrieval in healthy adults (Table 2: positive pattern with bilateral HC, IFG, RSC, precuneus, temporal pole) plus SEM.","MNI; bootstrap ratio >7, >=10 voxels, lags 2-3 only. N=12 encoding / 14 retrieval. Task-based, so coordinates not extracted.","paywalled (Elsevier); no OA copy found (Unpaywall, EPMC, OpenAlex, Semantic Scholar, preprint search)",,,
abstract-level include verification,PMID21810986,21810986.0,10.1073/pnas.1105816108,Martin VC,2011,Proc Natl Acad Sci U S A,A role for the hippocampus in encoding simulations of future events.,pmc_html_browser,confirm_include,I,task,healthy young adults (18-35 y),25,R anterior (MNI 20 -12 -16) and R posterior (34 -26 -8) hippocampal clusters from subsequent-memory encoding contrast,"seed PLS (spatiotemporal, across-subject seed-voxel correlations per condition), whole brain",yes,yes,no,,"Table 2: seed-PLS LV regions functionally connected with hippocampal seeds (remembered vs forgotten modulation), MNI",,"Two right hippocampal seeds used in whole-brain seed PLS during future-event simulation encoding in 25 healthy young adults; distributed network (Table 2, Fig 2) modulated by subsequent memory.","Read in browser (PMC HTML, PMC3158230). Seed PLS = across-subject correlations; task-state FC, not rsFC; Table 2 is an LV pattern (task FC), not a resting within-group table.",,"own sample (Harvard, USA)",MNI,
abstract-level include verification,PMID21404363,21404363.0,10.1002/hipo.20927,Söderlund H,2012,Hippocampus,As time goes by: hippocampal connectivity changes with remoteness of autobiographical memory retrieval.,PDF supplied by user (institutional access),confirm_include,I,task,healthy adults (control group of an ECT study; first scan only),12,"left anterior hippocampal voxel from task PLS (TAL -28,-12,-16)","spatiotemporal seed PLS, whole-brain, autobiographical memory retrieval by memory age",,,no,,,,Whole-brain seed-PLS functional connectivity of a left anterior hippocampal voxel during autobiographical retrieval in 12 healthy adults. LV1 gives the common connectivity pattern; LV2 differs by memory age.,Task FC. Talairach space. Healthy controls from a depression/ECT study; patients are not in this report.,"paywalled (Wiley); no OA copy found (Unpaywall, EPMC, OpenAlex, Semantic Scholar, preprint search)",,,
abstract-level include verification,PMID22524276,22524276.0,10.1162/jocn_a_00226,Fraedrich EM,2012,J Cogn Neurosci,Hippocampal involvement in processing of indistinct visual motion stimuli.,none,unresolved_no_fulltext,,,,,,,,,,,,,,Title/abstract include; full text needed.,"paywalled (MIT Press); no OA copy found (Unpaywall, EPMC, OpenAlex, Semantic Scholar, preprint search)",,,
abstract-level include verification,PMID22042493,22042493.0,10.1002/hbm.21435,Schott BH,2013,Hum Brain Mapp,The relationship between level of processing and hippocampal-cortical functional connectivity during episodic memory formation in humans.,pmc_html_browser,confirm_include,I,task,healthy young adults (18-38 y),64,L and R anterior hippocampus: individual 6-mm spheres at subject-specific maxima within Anatomy-toolbox hippocampal ROI (-30<y<-7),"PPI whole-brain (subsequent memory: recalled vs forgotten, deep and shallow encoding)",yes,no,no,,"Tables II-III: L hippocampus PPI peaks (deep, shallow); Tables IV-V: R hippocampus PPI peaks (deep, shallow); Talairach",,"Whole-brain PPI of left and right anterior hippocampal seeds for successful encoding in 64 healthy young adults; FWE-corrected hippocampal-cortical connectivity with PFC, DMN, attention networks (Fig 4, Tables II-V).","Read in browser (PMC HTML, PMC6870091). Coordinates in Talairach. Sample partly overlaps Schott 2006.",,"own sample (Magdeburg, Germany); partly overlaps Schott et al. 2006 imaging-genetics cohort",TAL,
abstract-level include verification,PMID23512939,23512939.0,10.1101/lm.029728.112,Murty VP,2013,Learn Mem,Hippocampal networks habituate as novelty accumulates.,pmc_html,confirm_include,I,task,healthy young adults,24,"right hippocampus 4mm sphere at MNI 24,-32,-4 (peak of novelty-habituation contrast within Harvard-Oxford hippocampus)","PPI (parametric novelty-habituation x hippocampal time series), voxelwise over acquired partial-brain volume",partial,no,no,,Table 2: PPI habituation of (negative) coupling with right hippocampus - yes_not_captured in HTML text; Table 1 = activation habituation (not FC),,"PPI with right hippocampal seed in 24 healthy adults showing habituating negative coupling with caudate, mPFC, lateral PFC, ventral visual stream; voxelwise cluster-corrected over imaged volume (partial brain coverage).","Borderline for whole-brain: partial-brain EPI (17 slices, TR 1s) covering MTL, striatum, medial frontal, VLPFC, DLPFC, ventral visual; excluded frontopolar, OFC, motor, parietal, primary visual cortex. Consider E9 if strict whole-brain required. Table 2 PPI peaks not captured in HTML text. No main-effect FC map.",,"own sample (Duke University, USA)",MNI,
abstract-level include verification,PMID23607935,23607935.0,10.1016/j.neuropsychologia.2013.04.004,Wing EA,2013,Neuropsychologia,Neural correlates of retrieval-based memory enhancement: an fMRI study of the testing effect.,existing_rsfc_coords_xml,confirm_include,I,task,healthy young adults,22,bilateral anterior hippocampus functional ROI (voxels from memory x condition interaction within anatomical hippocampus mask),beta-series whole-brain task FC (2x2 ANOVA condition x subsequent memory),yes,no,no,,Table 3: hippocampal beta-series connectivity interaction (Test>Restudy SME) peaks,,"22 healthy college-aged adults; beta-series correlation of hippocampal ROI with every voxel per trial type; whole-brain condition x memory interaction on hippocampal coupling (p<.001 k=5), peaks in Table 3.","Wing et al. 2013 testing effect. Seed defined functionally from activation interaction (circularity not an issue for FC but seed is task-derived). Uncorrected p<.001 k=5, inclusively masked with Test SME p<.01. No main-effect connectivity map.",,"own sample (Duke University, USA)",MNI,
abstract-level include verification,PMID23845428,23845428.0,10.1016/j.neuroimage.2013.06.082,Sheldon S,2013,Neuroimage,Same as it ever was: vividness modulates the similarities and differences between the neural networks that support retrieving remote and recent autobiographical memories.,PDF supplied by user (institutional access),confirm_include,I,task,healthy adults (28-41 y),10,"L anterior hippocampus voxel MNI -20,-2,-17 (8-mm sphere; task-defined, condition-unbiased)","spatiotemporal seed PLS during autobiographical retrieval (recent vs remote, vivid vs non-vivid)",,,yes,Table 3,,,"Whole-brain seed PLS of an anterior hippocampal seed in 10 healthy adults during autobiographical retrieval; condition-dependent connectivity LVs with peak table (Table 3, MNI).",LVs differentiate conditions (not a pure main effect). Very small N.,"paywalled (Elsevier); no OA copy found (Unpaywall, EPMC, OpenAlex, Semantic Scholar, preprint search)",,,none
abstract-level include verification,PMID23936055,23936055.0,10.1371/journal.pone.0069596,van Mulukom V,2013,PLoS One,Re-imagining the future: repetition decreases hippocampal involvement in future simulation.,existing_rsfc_coords_xml,confirm_include,I,task,healthy young adults,20,"right anterior hippocampus peak voxel (MNI 32,-16,-18) from Future>Control activation contrast",seed PLS (task-based whole-brain seed-voxel correlation across participants per condition; a priori contrast First > Second/Third simulation),yes,no,no,,"Table 4: regions connected with R hippocampal seed during First but not Second/Third simulation (seed-PLS LV, BSR>5, TR5)",,"20 healthy young adults; task fMRI future simulation; whole-brain seed PLS of right anterior hippocampal voxel showing condition-dependent connectivity (First vs repeated simulations), peaks tabulated.","Borderline method: seed PLS correlates seed activity with voxels across subjects (brain-behaviour-style covariance) rather than within-subject time series; single-voxel seed; results are a condition contrast LV, not a main-effect map. 1.5T, coronal-oblique partial coverage (25 slices). Threshold BSR 5 (~p<.0001), >=20 voxels.",,"own sample (University of Auckland, New Zealand; 1.5T)",MNI,
abstract-level include verification,PMID24275829,24275829.0,10.1093/cercor/bht324,McCormick C,2015,Cereb Cortex,Functional and effective hippocampal-neocortical connectivity during construction and elaboration of autobiographical memory retrieval.,unpaywall_html,confirm_include,I,task,healthy adults (22-61 y),18,"left anterior hippocampus seed voxel (MNI -20,-10,-22), from ST-PLS activation peak",seed PLS whole-brain task FC (construction lag 2 vs elaboration lag 6 during autobiographical memory retrieval); SEM effective connectivity among 11 regions,yes,no,no,,Supplementary Table 3 (supplement): regions correlated with L anterior hippocampal seed in construction vs elaboration LV (task-dependent FC contrast); Suppl Tables 1-2: activation peaks,,"18 healthy adults; seed PLS computing whole-brain voxelwise correlation with a left anterior hippocampal seed during AM construction vs elaboration (BSR>2, k>=5); SEM on selected nodes.","Criterion (b): whole-brain task-state FC contrast (nonrotated seed PLS, lag 2 vs lag 6), shown in Fig 2; coordinate table only in supplement (Suppl Table 3) and reflects the condition-contrast LV rather than a pure main effect. Lenient threshold (BSR>2 ~p<0.04). HTML-derived text; no in-text tables. Patient comparison published separately (possible sample overlap).",https://www.ncbi.nlm.nih.gov/pmc/articles/4397572,"own sample (University Health Network, Toronto, Canada; controls age-matched to an MTL-patient group analysed elsewhere)",MNI,
abstract-level include verification,PMID25154600,25154600.0,10.1002/hipo.22352,Robin J,2015,Hippocampus,Functional connectivity of hippocampal and prefrontal networks during episodic and spatial memory based on real-world environments.,PDF supplied by user (institutional access),confirm_include,I,task,healthy young adults,14,"left hippocampus (MNI -24,-22,-16; 105-voxel cube) together with mPFC seed",two-seed PLS (across-subject) during episodic vs easy/difficult spatial memory,,,yes,"Table 3 (FC with hippocampal seed across all task conditions, LV2; task-state, not extracted)",,,Two-seed PLS of left hippocampal and mPFC seeds in 14 healthy adults during episodic and spatial memory: hippocampal whole-brain networks across and within task conditions (Tables 2-3).,"MNI. Reanalysis of Hirshhorn et al. 2012 data. Task-based, coordinates not extracted.","paywalled (Wiley); no OA copy found (Unpaywall, EPMC, OpenAlex, Semantic Scholar, preprint search)",,,same sample as Hirshhorn et al. 2012
abstract-level include verification,PMID25405941,25405941.0,10.1093/cercor/bhu266,Zeidman P,2015,Cereb Cortex,"Constructing, Perceiving, and Maintaining Scenes: Hippocampal Activity and Connectivity.",existing_rsfc_coords_xml,confirm_include,I,task,healthy young adults,25,"L and R anterior medial hippocampus functional ROIs (conjunction of construct scenes>objects AND perceive scenes>objects, FWE, within manually segmented hippocampal masks); posterior hippocampus seeds in Suppl Text 5",gPPI whole-brain (scene construction/perception vs object baselines; construct>perceive scenes),yes,no,no,,Table 2: gPPI construct scenes>objects and perceive scenes>objects peaks (L/R hippocampal seeds); Table 3: gPPI construct>perceive scenes peaks; Table 1 and Suppl Tables 1-2 are activation only,,"25 healthy young adults; anterior medial hippocampal seeds; whole-brain gPPI contrasts for scene construction and perception (Tables 2-3, Fig 5); no within-group seed FC main-effect map.","Qualifies via criterion (b) task-modulated whole-brain FC. gPPI thresholded at p<.001 uncorrected, k>=5 (exploratory). Posterior hippocampus PPI only in Supplementary Text 5. Seeds functionally defined (activation conjunction). Zeidman, Mullally, Maguire 2015 Cereb Cortex.",,"own sample (UCL Wellcome Trust Centre for Neuroimaging, London; 3T Allegra)",MNI,
abstract-level include verification,PMID25578799,25578799.0,10.1038/npp.2015.13,Bähner F,2015,Neuropsychopharmacology,Hippocampal-dorsolateral prefrontal coupling as a species-conserved cognitive mechanism: a human translational imaging study.,pmc_html_browser,confirm_include,I,task,healthy adults (mean age 30.7 y),97,"bilateral hippocampus, Harvard-Oxford probabilistic mask thresholded at 80%","beta-series correlation, whole brain (on vs off platform x task phase, virtual radial-arm maze); rsFC brain-behaviour (null)",yes,no,no,,"Supplementary Tables S2-S3: whole-brain HC beta-series FC on>off platform (training, test) - supplement only",,"Bilateral hippocampal seed beta-series FC with the whole brain during spatial WM in 97 healthy adults; FWE-corrected on>off-platform coupling with frontoparietal control network (Fig 2c, Suppl Tables S2-S3).","Read in browser (PMC HTML, PMC4915249). Human part of a translational (rodent) study; whole-brain peaks in supplement only. Resting-state hippocampal-seed FC used only for brain-behaviour correlation (null), no rs map reported in main text.",,"own sample (Mannheim + Heidelberg, Germany)",MNI,
abstract-level include verification,PMID25792231,25792231.0,10.1016/j.nlm.2015.03.001,Baeuchl C,2015,Neurobiol Learn Mem,Contextual fear conditioning in humans using feature-identical contexts.,PDF supplied by user (institutional access),confirm_include,I,task,healthy young adults,15,"right anterior hippocampus (2-mm sphere at activation peak) and right more-posterior hippocampus (5-mm sphere), Anatomy-toolbox constrained","whole-brain PPI (SPM8) with CS+unpaired, one-sample group tests",,,no,,,,"Whole-brain PPI of right anterior and posterior hippocampal seeds during contextual fear conditioning in 15 healthy adults: aHPC coupled with amygdala and somatosensory cortex, posterior HPC with aHPC and SPL.","Task FC. MNI; p<0.001 uncorrected, k=30.",OA copy listed (Unpaywall/EPMC) but Elsevier blocked automated/browser access (bot protection/403); no alternative OA copy found,,,
abstract-level include verification,PMID25834046,25834046.0,10.1523/JNEUROSCI.4434-14.2015,Sneve MH,2015,J Neurosci,Mechanisms underlying encoding of short-lived versus durable episodic memories.,pmc_html_browser,confirm_include,I,task,healthy young adults (19.5-38.6 y),74,"L and R hippocampus, FreeSurfer subcortical segmentation (individual)","gPPI, cortical surface-wide (vertexwise) connectivity; source vs item/miss encoding; short- vs long-delay group comparison",yes,no,no,,,,gPPI of FreeSurfer hippocampal seeds with the entire cortical surface during incidental encoding in 74 healthy young adults; corrected source-memory connectivity increases (L hipp-rostral MFG; R hipp-occipitoparietal in long-delay group) (Fig 5).,"Read in browser (PMC HTML, PMC6705406). Cortex-wide surface analysis (not subcortex); results figure-only, one peak in text. LCBC sample may overlap other LCBC papers (e.g., Raud 2023, Folvik 2023 use different LCBC cohorts).",,"own sample (LCBC Oslo, Norway)",MNI,"LCBC Oslo cohorts (also round-1 Fjell 2016 PMID25994960, Ness 2022 PMID34581398)"
abstract-level include verification,PMID27343687,27343687.0,10.1016/j.neuropsychologia.2016.06.028,Sheldon S,2016,Neuropsychologia,Dissociating patterns of anterior and posterior hippocampal activity and connectivity during distinct forms of category fluency.,unpaywall_pdf,confirm_include,I,task,healthy young adults,15,L/R anterior (hippocampal head) and posterior (tail) hippocampus: 8mm spheres at conjunction activation peaks within manually segmented head/tail masks,"task-state seed-to-voxel FC (CONN, condition-specific correlation maps after removing main task effects); paired condition contrasts",yes,no,no,,Table 3: anterior hippocampus FC Autobiographical>Spatial and Spatial>Autobiographical peaks; Table 4: same for posterior hippocampus (Table 2 = activation),,"15 healthy young adults; whole-brain task-state FC of L/R anterior and posterior hippocampal seeds compared between autobiographical and spatial category fluency conditions (p<.005, k>128), criterion (b); no within-condition main-effect map.","PDF text drops minus signs in coordinates (check tables in original). 16 recruited, 1 removed. Sample reused from Sheldon & Moscovitch 2012 (activation paper).",https://kops.uni-konstanz.de/server/api/core/bitstreams/1f6b0dd1-ceb6-4b6a-bb5f-e5adb61063b9/content,"own sample (Rotman Research Institute/Baycrest, Toronto); same data as Sheldon & Moscovitch 2012",MNI,
abstract-level include verification,PMID27770465,27770465.0,10.1002/hipo.22673,Douglas D,2017,Hippocampus,Perception of Impossible Scenes Reveals Differential Hippocampal and Parahippocampal Place Area Contributions to Spatial Coherency.,PDF supplied by user (institutional access),confirm_include,I,task,healthy young adults (20-30 y),16,"R hippocampus peak voxel (univariate impossible>possible scenes); also L HC, ERC, PPA, RSC seeds","contrast-based seed PLS (correct impossible vs possible scenes), whole-brain",,,yes_not_captured,Supplementary Material Table 2,,,Whole-brain seed-PLS connectivity of a right hippocampal seed differing between impossible and possible scene judgments in 16 healthy adults; peaks in text and Supp Table 2.,MNI. Contrast-only connectivity; L HC seed n.s.,OA repository copy listed by Unpaywall (utoronto.scholaris.ca) returned HTTP 500 on repeated tries; Wiley version paywalled,,,none
abstract-level include verification,PMID28112460,28112460.0,10.1002/hbm.23518,Geib BR,2017,Hum Brain Mapp,From hippocampus to whole-brain: The role of integrative processing in episodic memory retrieval.,pmc_html,confirm_include,I,task,healthy young adults,17,L (and R) hippocampus AAL node,beta-series FC (AAL 90-node network); L hippocampus-to-all-nodes Remembered>Forgotten contrast (retrieval assembly) + graph metrics,partial,no,no,,"Table 2: AAL nodes with increased L hippocampus beta-series connectivity Remembered>Forgotten (region labels, no coordinates)",,"17 healthy young adults; beta-series retrieval networks over 90 AAL nodes; L hippocampus connectivity with all other nodes compared Remembered vs Forgotten (Table 2, retrieval assembly), plus hippocampal global efficiency/degree (criterion b, parcel-level).","Borderline: primary focus graph theory; hippocampal seed-to-whole-brain (AAL parcels) contrast at p<.01 one-tailed uncorrected, labels only; no within-group positive map; average adjacency matrices shown in Fig 1. Geib et al. 2017 HBM. Graph-metric part alone would be E7.",,"own sample (Duke University, USA)",MNI,
abstract-level include verification,PMID28970145,28970145.0,10.1016/j.neuroimage.2017.09.058,Kepinska O,2018,Neuroimage,Connectivity of the hippocampus and Broca's area during acquisition of a novel grammar.,repo_pdf,confirm_include,I,task,healthy young adults (19-43 y),40,"left and right hippocampus (Harvard-Oxford, 50% thresholded, anatomical); plus L/R BA44/45","PPI whole-brain (FSL FEAT; learning phases of artificial grammar learning task), group mean, performance covariate, linear change over time",yes,no,no,,"Table 1 (c,d): L/R hippocampus PPI connectivity positively modulated by transfer-test performance (occipital fusiform, precuneus/cuneus, temporal-occipital fusiform peaks); hippocampal group-mean PPI and time-varying effects null",,"Whole-brain PPI from anatomical L/R hippocampal seeds during artificial grammar learning in 40 healthy adults; no group-mean hippocampal PPI effect, but whole-brain performance-related hippocampal connectivity maps (type d) with peaks in Table 1 (cluster Z>2.3, p<.05 Bonferroni).",Hippocampal results only as brain-behaviour (performance-modulated) PPI; group mean and time-varying hippocampal PPI non-significant. Fixed-effects across phases at subject level. Sample overlaps Kepinska et al. 2017a/b.,https://scholarlypublications.universiteitleiden.nl/access/item%3A3004189/view,"own sample (LUMC Leiden, NL); same dataset as Kepinska et al. 2017a (ICA) and 2017b",MNI,
abstract-level include verification,PMID29341344,29341344.0,10.1002/hipo.22829,Sheldon S,2018,Hippocampus,The medial temporal lobe functional connectivity patterns associated with forming different mental representations.,PDF supplied by user (institutional access),confirm_include,I,task,healthy young adults,26,anatomical L/R anterior and posterior hippocampus segments (plus task-defined PHC seed),"gPPI seed-to-voxel (CONN): autobiographical, spatial and conceptual retrieval conditions",,,no,,,,"Whole-brain gPPI of anterior and posterior hippocampal seeds across three mental-representation retrieval tasks in 26 healthy adults (Table 2, cluster FDR).","MNI; voxel p<0.001, cluster FDR<0.05. Reanalysis of a previously published dataset (Sheldon et al.).","paywalled (Wiley); no OA copy found (Unpaywall, EPMC, OpenAlex, Semantic Scholar, preprint search)",,,reanalysis of earlier Sheldon dataset
abstract-level include verification,PMID30599192,30599192.0,10.1016/j.neuroimage.2018.12.047,Romero K,2019,Neuroimage,Coherence and congruency mediate medial temporal and medial prefrontal activity during event construction.,PDF supplied by user (institutional access),confirm_include,I,task,healthy young adults,16,"left anterior hippocampus (MNI -20,-14,-16; 50-voxel cube) jointly with dmPFC seed (-6,58,24)",two-seed PLS (whole-brain) across imagination conditions,,,no,,,,Whole-brain seed PLS with left anterior hippocampal and dmPFC seeds during event construction in 16 healthy adults. The HPC seed correlated with a DMN-like network in most conditions.,"Task FC. The network pattern is shared by the HPC and dmPFC seeds (one LV), so it is not hippocampus-specific. MNI; BSR +/-3.5.","paywalled (Elsevier); no OA copy found (Unpaywall, EPMC, OpenAlex, Semantic Scholar, preprint search)",,,
abstract-level include verification,PMID30900990,30900990.0,10.7554/eLife.45591,Cooper RA,2019,Elife,Cortico-hippocampal network connections support the multidimensional quality of episodic memory.,existing_rsfc_coords_xml,confirm_include,I,task,healthy young adults,28,"bilateral anterior (head) and posterior (body+tail) hippocampus (Ritchey et al. 2015 MTL atlas, 50%)",gPPI (memory-quality modulated) ROI-to-ROI among 12 PMAT ROIs + seed-to-voxel whole-brain gPPI; task background connectivity (ROI-to-ROI),yes,no,no,,"no tables; whole-brain gPPI (hippocampus x memory quality) peaks listed in text (DLPFC, parietal, precuneus, PCC, RSC etc.), Fig 4D",,"Primarily ROI-to-ROI (12 PMAT ROIs) gPPI, but also whole-brain seed-to-voxel gPPI from aHipp/pHipp modulated by multidimensional memory quality in 28 healthy adults (p<0.001, cluster FDR p<0.05; Fig 4D).",Whole-brain hippocampal analysis is a control analysis; seeds aHipp and pHipp combined ('main effect of pHipp and aHipp seeds'). Coordinates only in text (Results). Type (b) task-modulated FC; no within-group main-effect FC map.,,"own sample (Boston College / Harvard Center for Brain Science, USA)",MNI,
abstract-level include verification,PMID32248233,32248233.0,10.1093/scan/nsaa045,Wagner IC,2020,Soc Cogn Affect Neurosci,Pattern similarity and connectivity of hippocampal-neocortical regions support empathy for pain.,existing_rsfc_coords_xml,confirm_include,I,task,healthy young adults,102,left hippocampus (AAL anatomical),PPI whole-brain (self pain>no pain; other pain>no pain) + brain-behaviour correlation,yes,no,no,,Table 3: left-hippocampus PPI peaks for self pain>self no pain and other pain>other no pain,,"102 healthy adults (19-38); PPI with AAL left hippocampus seed during pain empathy task, whole-brain cluster-FWE results for self and other pain contrasts (Table 3); FC-trait empathy correlation.","Half the sample received placebo analgesia (Rütgen 2015); authors collapsed groups after finding no group differences - E10 not applied since PPI is not an intervention outcome, but flag. Sample overlaps Rütgen et al. 2015 (activation only). Cluster-defining p<.001, FWE p<.05.",,own sample (Medical University of Vienna; same sample as Rütgen et al. 2015 placebo analgesia study),MNI,
abstract-level include verification,PMID32289455,32289455.0,10.1016/j.neuroimage.2020.116843,Faul L,2020,Neuroimage,Differential contribution of anterior and posterior midline regions during mental simulation of counterfactual and perspective shifts in autobiographical memories.,PDF supplied by user (institutional access),confirm_include,I,task,healthy young adults (mean 23.7 y),29,"bilateral anterior and posterior hippocampus (AAL, split at MNI y=-24)","whole-brain PPI (counterfactual / perspective-shift simulation vs remember), FSL FLAME",,,yes,Table 4,,,Whole-brain PPI of anterior and posterior hippocampal seeds across autobiographical simulation conditions in 29 healthy adults; condition-contrast clusters in Table 4.,MNI. Contrast-only PPI.,OA copy listed (Unpaywall/EPMC) but Elsevier blocked automated/browser access (bot protection/403); no alternative OA copy found,,,none
abstract-level include verification,PMID32599462,32599462.0,10.1016/j.cortex.2020.05.007,Iriye H,2020,Cortex,How visual perspective influences the spatiotemporal dynamics of autobiographical memory retrieval.,PDF supplied by user (institutional access),confirm_include,I,task,healthy young adults,20,"left anterior hippocampus (MNI -26,-6,-22) from task PLS",mean-centred seed PLS (across-subject) over autobiographical retrieval time course (own-eyes vs observer perspectives),,,no,,,,Seed PLS of a left anterior hippocampal seed across autobiographical retrieval in 20 healthy adults: perspective-dependent whole-brain hippocampal connectivity (LV2/LV3; LV1/LV4 condition-general).,MNI; bootstrap-based. Peak tables only in supplement/Mendeley data. Seed near amygdala-hippocampal border but labelled anterior hippocampus.,"paywalled (Elsevier); no OA copy found (Unpaywall, EPMC, OpenAlex, Semantic Scholar, preprint search)",,,
abstract-level include verification,PMID32314198,32314198.0,10.1007/s11682-020-00279-6,Beason-Held LL,2021,Brain Imaging Behav,Hippocampal activation and connectivity in the aging brain.,existing_rsfc_coords_xml,confirm_include,I,task,"healthy older adults (cognitively normal, 60-99 y)",210,"L/R hippocampal head, body, tail (12-mm segments of individual MUSE hippocampal segmentation)",PPI whole-brain (Novel > Repeated face-place encoding; Novel hits > Repeated),yes,no,no,,Table 4: PPI All Encoding (Novel>Repeated) peaks per head/body/tail seed; Table 5: PPI Correct Encoding (hits>Repeated) peaks,,"210 cognitively normal older adults; face-place associative encoding fMRI; whole-brain PPI for L/R hippocampal head, body and tail seeds, peaks tabulated; age effects on PPI tested (none).","Threshold p<0.005 uncorrected, >50 voxels (lenient). Standard PPI (not gPPI). No resting/main-effect FC map. Excluded participants with cognitive impairment/health conditions.",,Baltimore Longitudinal Study of Aging (BLSA) neuroimaging substudy,MNI,
abstract-level include verification,PMID33207019,33207019.0,10.1002/hipo.23283,Fritch HA,2021,Hippocampus,Functional connectivity with the anterior and posterior hippocampus during spatial memory.,PDF supplied by user (institutional access),confirm_include,I,task,healthy young adults,16,anatomical anterior (y>=-21) and posterior hippocampus ROIs,"whole-brain gPPI: encoding>baseline, hits>misses, encoding vs retrieval, visual-field contrasts",,,no,,,,Whole-brain gPPI of anterior (encoding) and posterior (retrieval) hippocampus in a spatial memory task in 16 healthy adults; connected regions assigned to attention vs default networks.,Task FC. MNI; task>baseline p<1e-6 with cluster correction.,"paywalled (Wiley); no OA copy found (Unpaywall, EPMC, OpenAlex, Semantic Scholar, preprint search)",,,
abstract-level include verification,PMID33634547,33634547.0,10.1002/hipo.23319,Spets DS,2021,Hippocampus,Sex differences in hippocampal connectivity during spatial long-term memory.,PDF supplied by user (institutional access),confirm_include,I,task,"healthy young adults (18 F + 18 M, pooled from 3 prior experiments)",36,"L hippocampus 3-mm sphere at MNI -24,-34,-6 (spatial memory hits>misses)","whole-brain gPPI (hits vs misses), all participants and male vs female",,,yes,Table 1,,,Whole-brain gPPI of a task-defined left hippocampal seed during spatial memory retrieval in 36 healthy adults; hits>misses connectivity and sex differences in Table 1 (MNI).,Participants drawn from three earlier Slotnick-lab experiments (possible overlap with those reports).,"paywalled (Wiley); no OA copy found (Unpaywall, EPMC, OpenAlex, Semantic Scholar, preprint search)",,,"re-analysis of Slotnick-lab experiments (Jeye 2018, Slotnick 2019 samples)"
abstract-level include verification,PMID35275987,35275987.0,10.1093/cercor/bhac047,Bergouignan L,2022,Cereb Cortex,Simulating the situated-self drives hippocampo-cortical engagement during inner narration of events.,institutional subscription (lab machine),exclude,E9,,healthy early Basque-Spanish bilingual adults (29.6 +/- 6.4 y),27,"anatomical left hippocampal body (MNI centre -27,-28,-9)",beta-series ROI-to-ROI correlation (2 pairs),,,no,,,,Beta-series connectivity only for two ROI pairs (L hippocampal body-L anterior temporal cortex; L hippocampal body-vmPFC); no whole-brain or broad cortical hippocampal FC.,Abstract-level include not confirmed. MNI305. Whole-brain analyses are activation contrasts only.,OA repository copy listed (addi.ehu.es) returns 404; OUP page behind Cloudflare check (not bypassed),,,
abstract-level include verification,PMID35276366,35276366.0,10.1016/j.neuroimage.2022.119078,Deshpande G,2022,Neuroimage,Functional parcellation of the hippocampus based on its layer-specific connectivity with default mode and dorsal attention networks.,PDF supplied by user (institutional access),exclude,E9,,"healthy young adults, 7T",31,hippocampal voxels (clustered/parcellated),"layer-specific FC between hippocampal voxels and layers II/V of predefined DAN (FEF, ITC, IFG, SPL) and DMN (ACC, mPFC, IPL, PCC, precuneus) ROIs during encoding/retrieval; clustering",,,no,,,,"Hippocampal FC computed only with layer-specific vertices of nine a priori DAN/DMN regions (network-restricted ROI set), used to parcellate the hippocampus; no whole-brain or broad cortical map (E9 convention).",MNI; 7T sub-millimetre task fMRI. Network-restricted like PMID37944517/40392111.,OA copy listed (Unpaywall/EPMC) but Elsevier blocked automated/browser access (bot protection/403); no alternative OA copy found,,,
abstract-level include verification,PMID36156067,36156067.0,10.1093/cercor/bhac336,Yan Y,2023,Cereb Cortex,Reduced hippocampal-cortical connectivity during memory suppression predicts the ability to forget unwanted memories.,existing_rsfc_coords_xml,confirm_include,I,task,"healthy young adults (university students, mean age 19.5)",134,"left and right whole hippocampus (Harvard-Oxford atlas, CONN)","gPPI seed-to-parcel (131 Harvard-Oxford parcels; Brainnetome replication) No-Think vs Think, connectome-based predictive modelling of suppression-induced forgetting",yes,no,no,,"Tables 2-3: prediction weights of consistent negative gPPI features (region labels, no coordinates); Suppl Tables S3-S6 feature lists",,134 healthy young adults; gPPI of L/R hippocampal seeds with all 131 cortical/subcortical/cerebellar parcels (No-Think vs Think) used in CPM predicting forgetting; right hippocampus-visual cortex FC decreases predicted SIF.,"Criteria (b)+(d): whole-brain parcel-level task-modulated FC contrast and brain-behaviour prediction; no within-group main-effect map or coordinates. Group-averaged hippocampal FC maps mentioned (No-Think vs Think r=0.90) but not shown. Mean age 19.5; age range not stated (possibly some 17-year-olds, majority adult). Sample overlaps Yang et al. 2021 / Liu et al. 2021 / Yang et al. 2020.",,"own sample (Southwest University, Chongqing, China; same participants as Yang et al. 2021 resting-state/behavioural study and Liu et al. 2021, Yang et al. 2020 TNT)",NR,
abstract-level include verification,PMID36863548,36863548.0,10.1016/j.neuroimage.2023.119996,Borne L,2023,Neuroimage,Functional re-organization of hippocampal-cortical gradients during naturalistic memory processes.,PDF supplied by user (institutional access),confirm_include,I,task,"healthy mid-life/older adults (PISA, enriched for AD genetic risk) + MCI/AD cohort",133,"hippocampal voxels (Tian 2020 subcortical atlas), connectivity gradientography",voxel-to-whole-brain FC gradients (Laplacian eigenmaps) with PPI during naturalistic news-clip memory task; cortical projection,,,no,,,,"Gradientography of hippocampal voxel-to-whole-brain FC (intrinsic term and task PPI) during naturalistic memory retrieval. Healthy cohort analysed separately (gradients, projection onto cortex/DMN, naive vs continuing task).","WEAK include (like PMID26888616): healthy cohort enriched for AD genetic risk; 133 age-matched HC for most analyses, full 188 HC for the task contrast. Clinical cohort (MCI/AD, n=31) comparisons not relevant. No coordinates.",OA copy listed (Unpaywall/EPMC) but Elsevier blocked automated/browser access (bot protection/403); no alternative OA copy found,,,
abstract-level include verification,PMID40800509,40800509.0,10.1162/imag_a_00105,Leelaarporn P,2024,Imaging Neurosci (Camb),Hippocampal subfields and their neocortical interactions during autobiographical memory.,existing_rsfc_coords_xml,confirm_include,I,task,healthy young adults,24,"manually segmented (Dalton protocol) hippocampal subfields DG/CA4, CA3/2, CA1, subiculum, pre/parasubiculum, each split into anterior body, posterior body, tail (native-space signal)","seed PLS whole-brain (task-dependent FC, autobiographical memory vs mental arithmetic), permutation/bootstrap (BSR>3)",yes,no,no,,Table S4 (supplement): seed-PLS FC peaks of anterior-body pre/parasubiculum for AM (AM>MA pattern); Table S5 (supplement): peaks for MA; Table S3: activation AM vs MA (not FC),,"24 healthy young adults at 7T; hippocampal subfield x long-axis seeds; whole-brain seed-PLS FC differing between autobiographical memory and arithmetic; anterior-body pre/parasubiculum FC with vmPFC, parietal, visual cortex (Fig 2B, Tables S4-S5).","Qualifies via criterion (b) task-modulated whole-brain FC (seed PLS rather than PPI). Only anterior-body pre/parasubiculum showed significant condition-dependent FC (Bonferroni p<.01); other subfields/portions non-significant, no maps. Coordinate tables only in supplement (S4 AM, S5 MA); seed PLS condition-wise patterns - unclear whether S4/S5 represent main-effect positive FC or condition contrast. Leelaarporn et al. 2025 (7T AM).",,"own sample (Bonn, Germany; University Hospital Bonn/DZNE, MAGNETOM 7T Plus; McCormick lab; 0.9 mm whole-brain 3D-EPI)",MNI,
abstract-level include verification,PMID41115795,41115795.0,10.1523/JNEUROSCI.1936-24.2025,Ferris C,2025,J Neurosci,Hippocampal-Cortical Networks Predict Conceptual versus Perceptually Guided Narrative Memory.,pmc_html_browser,confirm_include,I,task,healthy young adults (mean 22.6 y),35,L/R and bilateral anterior hippocampus (AAL3 hippocampus split at uncal apex); posterior hippocampus also reported,task-state seed-to-voxel FC (CONN weighted GLM) during narrative encoding; condition contrasts and brain-behaviour,yes,yes,supplement,"Table S1 (task-state encoding network, bilateral anterior hippocampus seed)",Table S2: conceptual>perceptual contrasts (supplement),,"Whole-brain task-state FC of anterior (and posterior) hippocampal seeds during narrative encoding in 35 healthy young adults; within-group encoding network (Fig 3, Table S1), condition contrasts and recall correlations (FWE cluster-corrected).","Read in browser (PMC HTML, PMC12677129). Within-group map is task-state (encoding) FC, not resting state; coordinate tables in supplement only. Liberal voxel threshold p<0.05 unc + cluster FWE.",,"own sample (McGill, Montreal)",MNI,
abstract-level include verification,PMID41128334,41128334.0,10.1002/hbm.70381,Yang J,2025,Hum Brain Mapp,How the New Interacts With the Old? Hippocampal Processing During Memory Encoding of Creative Associations With Remote or Close Inherent Semantic Relatedness.,existing_rsfc_coords_xml,confirm_include,I,task,healthy young adults,20,6mm spheres at hippocampal interaction-effect peaks (L -30 -6 -16; R 38 -10 -16 MNI); reported results from left hippocampus,gPPI whole-brain (2x2 ANOVA semantic relatedness x memory during encoding),yes,no,no,,"Table S1 (supplement): gPPI interaction peaks (R MFG, R IFG, L IPL); Tables 1-3 are activation only",,"34 recruited, 20 analysed healthy young adults; whole-brain gPPI with hippocampal seed during encoding of creative associations; interaction clusters in R MFG/IFG and L IPL, criterion (b).","No main-effect FC map; gPPI interaction peaks only in supplementary Table S1 (not in text). Threshold p<0.001 uncorrected, k>10 (lenient). Seed defined from activation interaction (p<0.005 unc).",,"own sample (Tsinghua University, Beijing)",MNI,
abstract-level include verification,PMID41221634,41221634.0,10.1111/psyp.70180,Li J,2025,Psychophysiology,Functional Connectivity Between Human Hippocampus and Orbitofrontal Cortex Supports Inference-Based Decision Making.,PDF supplied by user (institutional access),confirm_include,I,task,"healthy young adults (mean 21.0 y), Guangzhou",25,L and R hippocampus (AAL); also mOFC and lOFC seeds,"beta-series correlation, whole-brain, inference decisions > baseline (BASCO)",,,yes_not_captured,Supplementary Table S5,,,Whole-brain beta-series connectivity of the right hippocampus during inference-based decisions (vs baseline) in 25 healthy adults; widespread cortical clusters (Table S5); left HC n.s.,MNI. Decision>baseline connectivity contrast.,"paywalled (Wiley); no OA copy found (Unpaywall, EPMC, OpenAlex, Semantic Scholar, preprint search)",,,none
abstract-level include verification,PMID41453464,41453464.0,10.1016/j.neuroimage.2025.121680,Yang Y,2026,Neuroimage,The roles of human hippocampus and orbitofrontal cortex in cognitive map-guided social transitive inference.,PDF supplied by user (institutional access),confirm_include,I,task,healthy young adults,25,bilateral hippocampus combined (hub-effect ROI),beta-series correlation seed-to-voxel (dimension-related vs unrelated hub trials) + ROI-to-ROI BSC,,,no,,,,"Whole-brain beta-series connectivity of a bilateral hippocampal seed contrasting dimension-related vs unrelated hub retrieval during social transitive inference in 25 healthy adults (Table 2, TFCE).","MNI; TFCE p<0.05, k>=20.",OA copy listed (Unpaywall/EPMC) but Elsevier blocked automated/browser access (bot protection/403); no alternative OA copy found,,,
abstract-level include verification,PMID41781324,41781324.0,10.1523/JNEUROSCI.2077-25.2026,Mack ML,2026,J Neurosci,Distinct Hippocampal Mechanisms Support Concept Formation and Updating.,bioRxiv preprint PDF (stand-in for published paper),confirm_include,I,task,healthy young adults,25,"R anterior hippocampus peak voxel of create>update activation cluster (MNI 30,-18,-19/-20; 2-mm sphere/peak timeseries)","beta-series task-modulated FC (hippocampal beta series x create vs update interaction, whole-brain searchlight mixed-effects regression)",yes,no,no,,"Table 3: hippocampal beta-series FC create>update (vmPFC, R angular) and update>create (premotor) peaks; Table 2: activation create>update (not FC)",,"25 healthy young adults, category learning; whole-brain beta-series interaction analysis with R anterior hippocampal seed showing create vs update differences in hippocampal coupling (criterion b), cluster-corrected p<.001/p<.05.",Details come from the bioRxiv preprint (10.1101/2024.02.14.580181) used as stand-in for the published J Neurosci 2026 paper; details may differ from the published version (E12 not applied per instruction). Seed defined from activation contrast in same data. No within-group positive main-effect map.,published version embargoed in PMC until 2026-10-08; bioRxiv preprint used,"own sample (UT Austin, USA)",MNI,
abstract-level include verification,PMID42320222,42320222.0,10.1016/j.maturitas.2026.109026,Wugalter KA,2026,Maturitas,Patterns of brain activation and hippocampal functional connectivity associated with verbal memory in midlife postmenopausal women.,bioRxiv preprint PDF (stand-in for published paper),confirm_include,I,task,healthy (cognitively normal) postmenopausal midlife women,171,L and R hippocampus (AAL),"gPPI whole-brain (novel vs repeated words encoding), brain-behaviour regression with CVLT measures",yes,no,no,,Table III: L hippocampus gPPI x CVLT associations; Table IV: R hippocampus gPPI x CVLT associations (MNI),,"Whole-brain gPPI of AAL hippocampal seeds during verbal encoding in 171 cognitively normal postmenopausal women; FC-behaviour correlation maps (criterion d), AlphaSim-corrected (Tables III-IV).",Full text = bioRxiv preprint 10.1101/2025.10.13.681463 (stand-in for published Maturitas paper; E12 not applied; details may differ). Menopause is a normal life stage (not E5); MsBrain enriched for vasomotor-symptom research. No main-effect gPPI map reported.,https://www.biorxiv.org/content/10.1101/2025.10.13.681463v1.full.pdf,MsBrain I cohort (Pittsburgh; partly from MsHeart),MNI,
