record_id,decision,code,category,reason,population,n,seed,cortical_targets,hc_potential,background
PMID40886446,exclude,E5,NA,MCI vs HC classification from network time-series power spectra; hippocampus only as comparison region,patients+HC,200,NA,NR,0,0
PMID31474844,exclude,E7,NA,ALE activation meta-analysis of prosocial behaviour vs reward; no hippocampal seed,NA,NR,NA,NR,0,0
PMID42215782,exclude,E7,NA,ALE activation meta-analysis of creativity; no hippocampal connectivity,NA,NR,NA,NR,0,0
PMID34531735,exclude,E5,NA,ALE meta-analysis of ALFF changes in aMCI and vMCI patients,patients+HC,NR,NA,NR,0,0
PMID8041499,exclude,E1,NA,Rat hippocampal slice LTP electrophysiology,NA,NR,NA,NR,0,0
PMID36778899,exclude,E5,NA,ALE meta-analysis of acupuncture effects in migraine patients,patients,NR,NA,NR,0,0
PMID28258747,exclude,E5,NA,"RCT in endometriosis pain patients; hippocampal rsFC therapy effects, no healthy group",patients,67,anterior hippocampus,"somatosensory, viscerosensory, interoceptive regions",0,0
PMID28031996,exclude,E9,NA,"Navigation ability; rsFC among a set of navigation ROIs (PHG, RSC, EC, HPC, thalamus) only",healthy young adults,>200,NA,NR,0,0
PMID41003747,exclude,E5,NA,"Lag-structure in ADHD, bipolar, schizophrenia vs controls; network-level not hippocampal seed",patients+HC,191,NA,NR,0,0
PMID29625233,exclude,E7,NA,Methods paper on dynamic graphical models; hippocampus only in mouse sample,NA,500,NA,NR,0,0
PMID37448688,exclude,E5,NA,ALE meta-analysis of frontoparietal network alterations in MCI,patients+HC,NR,NA,NR,0,0
PPRPPR1305294,maybe,I,task,"Movie-fMRI hippocampus-to-PM/AT cortical network FC in children and adults; developmental focus, adult maps uncertain",children+adults,NR,anterior hippocampus,PM and AT cortical memory networks,0,0
PMID26898170,exclude,E1,NA,Rat strain DMN resting-state fMRI,NA,NR,NA,NR,0,0
PMID28487570,exclude,E10,NA,Intranasal insulin vs placebo effects on rsFC; hippocampus emerges from DMN analyses,healthy young adults,47,NA,NR,0,0
PMID23986672,exclude,E7,NA,ALE activation meta-analysis of implicit emotional face processing,NA,830,NA,NR,0,0
PMID29729253,exclude,E5,NA,aMCI vs controls graph metrics with AAL-1024 atlas classification,patients+HC,67,NA,NR,0,0
PMID33039687,exclude,E7,NA,"Odour effects on subsequent resting-state; precuneus/DMN focus, hippocampus only in results",healthy adults,NR,NA,NR,0,0
PMID24852460,exclude,E5,NA,Methods for prior-based parcellation applied to MCI classification; DMN graphs,patients+HC,NR,NA,NR,0,0
PMID26400859,exclude,E7,NA,Trait self-esteem ALFF and vmPFC-seeded rsFC; hippocampus is a target only,healthy young adults,NR,NA,NR,0,0
PMID25664702,exclude,E7,NA,"Oxytocin learning task; amygdala FC, hippocampus activation only",healthy males,NR,NA,NR,0,0
PMID25331597,exclude,E7,NA,dmPFC connectivity-based parcellation and MACM; hippocampus only as connected region,NA,NR,NA,NR,0,0
PMID29444252,exclude,E7,NA,Ventral striatum PPI during reward anticipation related to hippocampal glutamate; striatal seed,healthy adults,19,NA,NR,0,0
PMID35106536,exclude,E10,NA,Hippocampal network-targeted TMS effects on episodic-procedural network connectivity,healthy young adults,NR,hippocampus,"caudate, precuneus, thalamus",0,0
PMID20479758,exclude,E5,NA,Granger causality in major depression vs never-depressed,patients+HC,NR,NA,NR,0,0
PMID42158340,exclude,E9,NA,Right cerebellum-left hippocampus circuit FC across adulthood; single circuit ROI-to-ROI,healthy middle-aged/older adults,138,left hippocampus,cerebellum,0,0
PPRPPR548809,exclude,E7,NA,Oral contraceptive start/stop effects on parcelwise RSFC; hippocampus only among result parcels,healthy young women,88,NA,NR,0,0
PPRPPR390050,include,I,rsfc,"Resting-state FC gradients of hippocampus, cortex and cerebellum and their correspondence/triangulation in healthy young adults",healthy young adults,NR,hippocampal gradient,"cerebral cortex gradients (model-error, model-precision)",0,0
PMID19878723,exclude,E9,NA,DTI correlates of PCC-hippocampus rsFC and DMN ICA in elderly; single pair focus,healthy older adults,20,NA,posterior cingulate,0,0
PMID36681370,exclude,E7,NA,Coordinate meta-analysis of resting-state activity correlates of neuroticism; no hippocampal seed,NA,NR,NA,NR,0,0
PMID30981087,exclude,E10,NA,Post-encoding stress vs control effects on hippocampal and PHC seed rsFC; group-difference focus,healthy young males,44,"hippocampus, parahippocampal cortex","superior temporal gyrus, middle temporal gyrus",0,0
PMID30351255,exclude,E5,NA,Basal forebrain seed rsFC vs amyloid in at-risk subjective memory complainers,at-risk older adults,267,NA,NR,0,0
PMID42730043,exclude,E1,NA,Mouse c-Fos co-activation networks in pain models,NA,NR,NA,NR,0,0
PMID24194579,exclude,E7,NA,Amygdala rsFC changes after fear conditioning; amygdala seed focus,healthy adults,NR,NA,NR,0,0
PMID29937352,exclude,E7,NA,Anterior vs posterior hippocampus voxel similarity and autocorrelation; not connectivity with cortex,healthy young adults,NR,anterior/posterior,NR,0,0
PMID40691881,exclude,E5,NA,Hippocampal subregion seed-to-whole-brain FC/SC across AD spectrum vs amyloid-negative controls,patients+HC,117,subfields,"default, limbic, somatomotor, visual networks",1,0
PMID34120160,exclude,E10,NA,nNOS inhibitor vs placebo effects on CBF and hippocampal FC in healthy volunteers,healthy adults,19,right hippocampus/PHG,superior parietal lobule,0,0
PMID41044064,maybe,I,rsfc,"Dense-sampling rsFC: anterior hippocampal and EC whole-brain connectivity patterns drift over 30 days; n=2, drift focus",healthy adults (dense sampling),2,anterior/posterior,visual and default mode networks,0,0
PMID28115477,exclude,E5,NA,"ADRA2B genotype modulates stress effects; amygdala connectivity, not hippocampal seed",healthy genotyped adults,NR,NA,NR,0,0
PMID32882376,maybe,I,task,Hippocampal coupling (PPI) during overt naming with speech feedback; unclear whether whole-brain hippocampal seed maps,healthy adults,NR,whole hippocampus,"auditory cortex, ACC, SMA, cerebellum",0,0
PMID29446897,exclude,E2,NA,EEG source theta coherence during working memory,healthy adults,44,NA,NR,0,0
PMID23115342,exclude,E5,NA,"PTSD veterans vs controls; SN and DMN seeds, hippocampus as result",patients+HC,45,NA,NR,0,0
PMID21835242,exclude,E7,NA,Statistical methods paper on variance components; VMPFC-PAG connectivity example,healthy adults,18,NA,NR,0,0
PMID35654318,exclude,E10,NA,Losartan vs placebo effects on hippocampal activity and hippocampus-amygdala coupling during encoding,healthy adults,59,whole hippocampus,basolateral amygdala,0,0
PMID39884346,exclude,E6,NA,Ambient temperature and network FC in preadolescents,children 9-12,2229,NA,NR,0,0
PMID31976861,exclude,E5,NA,Patients with focal CA3 damage; graph analysis of MTL subsystem,patients,NR,NA,NR,0,0
PMID35924231,exclude,E7,NA,ALE activation meta-analysis of subliminal emotional faces,NA,NR,NA,NR,0,0
PMID40707592,exclude,E6,NA,Children with math difficulties; parietal seeds,children,106,NA,NR,0,0
PMID29155080,exclude,E5,NA,AD vs controls classification using multiple rsfMRI measures incl. voxelwise hippocampal FC,patients+HC,250,whole hippocampus,NR,1,0
PMID35896889,exclude,E7,NA,Hypothalamic microstructure and hypothalamus-seeded rsFC across lifespan; hippocampus as target,lifespan,369,NA,NR,0,0
PMID41966234,exclude,E7,NA,NAc-targeted temporal interference stimulation effects on NAc-mPFC connectivity,healthy adults,24,NA,NR,0,0
PMID27488631,maybe,I,task,"Anterior hippocampus task FC (subsequent memory) changes with knowledge in medical students; change-focused, whole-brain map unclear",healthy young adults,NR,anterior hippocampus,left middle temporal gyrus,0,0
PMID30905834,exclude,E7,NA,"Selective WM in aging; PPI seeded in category-sensitive visual cortex, hippocampus as target",healthy older adults,NR,NA,NR,0,0
PMID32817467,exclude,E7,NA,Intrinsic timescale gradients across cortex and subcortex; hippocampal timescale not connectivity,healthy adults,NR,NA,NR,0,0
PMID31073695,exclude,E5,NA,"Binge vs light drinkers rsFC with striatal, ACC, IFC seeds",binge drinkers+controls,NR,NA,NR,0,0
PMID42374122,exclude,E5,NA,"22q11.2 deletion vs HC dynamic HIP-AMY subunit states, developmental cohort",patients+HC,283,subfields,"limbic, thalamo-striatal salience hubs",0,0
PMID24776739,exclude,E7,NA,TESC SNP effects on hippocampal volume; no hippocampal-seeded connectivity reported,healthy adults,1224,NA,NR,0,0
PMID33184651,exclude,E1,NA,Transgenic tau mice rsfMRI,NA,NR,NA,NR,0,0
PMID30077821,exclude,E7,NA,Machine-learning brain-aging subtypes from structural/functional measures; no hippocampal seed map,healthy older adults,400,NA,NR,0,0
PMID22553015,exclude,E1,NA,Rat hippocampal slice electrophysiology,NA,NR,NA,NR,0,0
PMID25826338,maybe,I,task,Hippocampal interaction with neocortical semantic sites during unconscious encoding; connectivity method and extent unclear,healthy adults,NR,whole hippocampus,neocortical semantic storage sites,0,0
PMID38546871,exclude,E7,NA,"Face adornment social status fMRI; hippocampus activation, rsFC among task regions",healthy adults,NR,NA,NR,0,0
PMID24916544,exclude,E1,NA,AD mouse model pharmacology,NA,NR,NA,NR,0,0
PMID35147536,exclude,E7,NA,"Hearing impairment converters; Heschl's gyrus seeds, hippocampus target",older adults (hearing converters),440,NA,NR,0,0
PPRPPR986055,maybe,I,task,Narrative movie fMRI: hippocampus-vmPFC and hippocampus-PMC FC predict sequencing/encoding; unclear if whole-brain,healthy adults,NR,whole hippocampus,"vmPFC, posterior medial cortex",0,0
PPRPPR179732,include,I,mixed,Hippocampal long-axis and neocortical intrinsic FC gradients aligned with pattern-separation activation in healthy adults (+patients),healthy adults+hippocampal lesion patients,NR,hippocampal gradient,sensory-fugal neocortical gradient,0,0
PMID34952988,maybe,I,rsfc,Dynamic FC variability of rostral hippocampus-PFC pathways vs trait anxiety; whole-brain seed map unclear,healthy young adults,312,anterior hippocampus,superior and middle frontal gyrus,0,0
PMID30407034,maybe,I,task,Adult lifespan seed-to-whole-brain task FC of DLPFC and posterior HC seeds during context memory; age differences,lifespan,NR,posterior hippocampus,"prefrontal, parietal, precuneus, ventral visual cortex",0,0
PMID24408956,maybe,I,task,REM sleep predicts overnight increase in hippocampal-neocortical task connectivity for negative memories; main map unlikely,healthy young adults,NR,right hippocampus,neocortex,0,0
PMID30004603,exclude,E7,NA,Hippocampal volume and resting-state activity (not connectivity) predict memory training gains,healthy young and older adults,126,NA,NR,0,0
PMID40226746,exclude,E5,NA,ALE meta-analysis of grey matter in MDD,patients+HC,NR,NA,NR,0,0
PMID27779254,exclude,E5,NA,Trigeminal neuralgia patients vs HC; DKI and FCD,patients+HC,42,NA,NR,0,0
PMID40056150,exclude,E6,NA,Adolescents; connectome-based prediction of BMI during food ads,adolescents,121,NA,NR,0,0
PMID20974959,exclude,E7,NA,Light colour effects on emotional voice processing; voice area/amygdala connectivity,healthy adults,17,NA,NR,0,0
PPRPPR1227944,exclude,E1,NA,Squirrel monkey THC fMRI,NA,4,NA,NR,0,0
PMID34031363,exclude,E5,NA,ALE meta-analysis of task fMRI in borderline personality disorder,patients+HC,NR,NA,NR,0,0
PPRPPR1220063,exclude,E7,NA,"Precision mapping of a memory champion; network FC and hippocampal activation, no hippocampal seed FC",single memory athlete+controls,1,NA,NR,0,0
PMID27168407,maybe,I,rsfc,Masked ICA toolbox; HCP hippocampal mICA parcellation with whole-brain back-reconstruction; methods paper,HCP,NR,anterior/posterior,NR,0,0
PMID18000060,exclude,E10,NA,Post-learning sleep vs deprivation effects on hippocampal recall activity and hippocampus-mPFC connectivity,healthy adults,NR,whole hippocampus,mPFC,0,0
PMID36409182,exclude,E7,NA,Think/No-Think autobiographical memories; MFG-seeded connectivity,healthy adults,NR,NA,NR,0,0
PMID25496980,exclude,E5,NA,Suicide attempters vs HC ReHo,patients+HC,39,NA,NR,0,0
PMID40467423,maybe,I,rsfc,Propofol sedation effects on hippocampal subfield whole-brain FC in volunteers; baseline maps plausibly reported,healthy adults,25,subfields,precuneus,0,0
PMID34343631,exclude,E9,NA,Cortisol awakening response and hippocampal-prefrontal coupling; dexamethasone; single pathway,healthy adults,NR,whole hippocampus,prefrontal cortex,0,0
PMID26654932,exclude,E5,NA,ZNF804A schizophrenia risk SNP effects on hippocampal formation-PCC connectivity,healthy genotyped adults,87,NA,PCC,0,0
PMID37046050,include,I,rsfc,"Resting-state FC gradients of hippocampus in relation to isocortex, compared with cortical and cerebellar gradients",healthy adults,NR,hippocampal gradient,isocortex gradients,0,0
PMID36184969,exclude,E5,NA,"Anti-NMDAR encephalitis vs HC; fALFF, ReHo and atlas seed FC incl. hippocampus seed",patients+HC,44,whole hippocampus,NR,1,0
PMID30137604,exclude,E9,NA,"Pre/post fear-extinction RSFC among amygdala nuclei, aMCC, hippocampus, vmPFC pathways",healthy adults,91,NA,NR,0,0
PPRPPR1090554,exclude,E9,NA,HCP cerebello-hippocampal ROI-to-ROI FC and sex differences; restricted to cerebellum,HCP,1081,anterior/posterior,cerebellum,0,0
PMID36471370,exclude,E5,NA,NBM deep brain stimulation in advanced AD patients,patients,8,NA,NR,0,0
PMID32743999,exclude,E7,NA,tDCS after sleep deprivation; PCC seeds,healthy adults,16,NA,NR,0,0
PMID36190442,include,I,mixed,Hippocampal seed coupling with all major networks during encoding and post-encoding rest in adult lifespan sample,lifespan adults,89,whole hippocampus,"all major functional networks, stimulus-responsive neocortex",0,0
PMID39103495,exclude,E1,NA,Macaque tract tracing of amygdala circuits,NA,NR,NA,NR,0,0
PMID23042731,exclude,E7,NA,MACM of medial and lateral OFC; hippocampus only as coactivated region,NA,NR,NA,NR,0,0
PMID17630048,exclude,E2,NA,VBM and FDG-PET in normal aging,healthy adults,45,NA,NR,0,0
PMID31896570,exclude,E5,NA,Temporal lobe epilepsy language network connectivity vs controls,patients+HC,123,NA,NR,0,0
PMID37481961,exclude,E5,NA,Insomnia meta-analysis; sgACC MACM/rsFC,patients+HC,NR,NA,NR,0,0
PMID35110581,maybe,I,task,Social navigation task; PPI network includes posterior hippocampus; seed region unclear,healthy adults,29,posterior hippocampus,"precuneus, dlPFC, insula",0,0
PMID33722618,exclude,E8,NA,"Review/model of hippocampal volume, connectivity and navigation ability",NA,NR,NA,NR,0,1
PMID23796547,exclude,E7,NA,Education in healthy elders; ACC seed connectivity,healthy older adults,36,NA,NR,0,0
PMID22079927,exclude,E7,NA,Hydrocortisone effects on amygdala rsFC,healthy males,NR,NA,NR,0,0
PMID10406134,exclude,E11,NA,Computational model of dentate granule cell excitability; no fMRI,NA,NR,NA,NR,0,0
PMID31629115,exclude,E1,NA,In vitro hippocampal neuron calcium imaging with amyloid-beta,NA,NR,NA,NR,0,0
PMID35754405,exclude,E5,NA,Childhood maltreatment and amygdala/hippocampus/ACC seed-to-voxel rsFC in MDD and HC,patients+HC,1325,whole hippocampus,NR,1,0
PMID35437275,exclude,E9,NA,"EEG-fMRI effective connectivity among dACC, rDLPFC and hippocampus during memory suppression",healthy adults,NR,whole hippocampus,"dACC, rDLPFC",0,0
PMID29689442,exclude,E1,NA,Mouse carbon-ion irradiation hippocampal mitochondria,NA,NR,NA,NR,0,0
PMID30762615,exclude,E5,NA,Primary dysmenorrhea vs HC amygdala rsFC,patients+HC,71,NA,NR,0,0
PMID42106000,exclude,E5,NA,OCD vs HC structural-functional ICA and neurotransmitter maps,patients+HC,120,NA,NR,0,0
PMID38151182,exclude,E6,NA,ABCD children environment-FNC-behaviour,children,7655,NA,NR,0,0
PMID34821439,exclude,E7,NA,Connectome-based modelling of DMN connectivity predicting mnemonic discrimination; no hippocampal seed map,healthy young and older adults,NR,NA,NR,0,0
PMID24979789,exclude,E9,NA,Gene-set enrichment for DLPFC-hippocampus coupling during working memory; single pathway (retracted),healthy adults,269,whole hippocampus,DLPFC,0,0
PMID29965869,maybe,I,task,Lifespan (18-87) hippocampal connectivity during emotional autobiographical retrieval; age x valence effects with dmPFC,lifespan,58,whole hippocampus,dorsomedial prefrontal cortex,0,0
PMID41674472,exclude,E5,NA,Anti-LGI1 encephalitis vs HC hippocampal seed whole-brain FC,patients+HC,68,whole hippocampus,medial orbitofrontal cortex,1,0
PMID22524276,include,I,task,Hippocampal ICA and PPI from posterior hippocampus to dorsal/ventral visual areas during indistinct motion,healthy adults,NR,posterior hippocampus,"early visual, dorsal visuospatial, ventral visual object areas",0,0
PMID28881072,exclude,E5,NA,Smokers vs ex-smokers craving regulation; rmPFC effective connectivity,smokers+ex-smokers,NR,NA,NR,0,0
PMID40118343,exclude,E5,NA,Trauma-exposed symptomatic individuals; dlPFC-aHPC/pHPC anticorrelation and intrusive memories,patients,109,anterior/posterior,dlPFC,0,0
PMID24989126,exclude,E10,NA,Psilocybin effects on BOLD variability and dynamic connectivity states,healthy adults,15,NA,NR,0,0
PMID33326326,maybe,I,task,Hippocampal FC with ventral striatum and vmPFC during recall modulated by prior reward; main map unlikely,healthy adults,NR,whole hippocampus,"ventral striatum, vmPFC",0,0
PMID37808626,exclude,E9,NA,Lifespan BF and LC coupling with hippocampus and PCC; ROI-restricted,lifespan,NR,NA,NR,0,0
PMID22285219,exclude,E7,NA,Order-sensitive auditory regions and Granger network; hippocampus not seed,healthy adults,NR,NA,NR,0,0
PMID29108734,exclude,E5,NA,Cocaine use disorder DCM ACC-hippocampus,patients,15,NA,NR,0,0
PPRPPR235167,exclude,E1,NA,Mouse model of vascular cognitive impairment connectome,NA,NR,NA,NR,0,0
PMID30905835,exclude,E6,NA,Children 4-8 years hippocampal subregion connectivity,children,NR,anterior/posterior,"IFG, OFG",0,0
PMID29287243,exclude,E7,NA,Retrosplenial and mPFC connectivity and prospective thought,healthy adults,NR,NA,NR,0,0
PMID32317624,exclude,E5,NA,CRYBB2 polymorphisms in schizophrenia patients and controls; no hippocampal FC,patients+HC,1832,NA,NR,0,0
PMID38267863,exclude,E5,NA,Systematic review of acupuncture fMRI in functional GI disorders,patients,NR,NA,NR,0,0
PMID38575698,exclude,E9,NA,DCM of precuneus influence on medial temporal cortex during naturalistic recollection,healthy adults,NR,MTL,precuneus,0,0
PMID35838849,exclude,E5,NA,ALE meta-analysis of rs-fMRI changes in Parkinson's disease,patients+HC,1739,NA,NR,0,0
PMID16452664,exclude,E7,NA,"DAT1/COMT genotype effects on encoding activity; PFC-hippocampus coupling, no hippocampal seed map",healthy young adults,51,NA,NR,0,0
PMID29961540,exclude,E2,NA,DTI structural connectivity of hippocampus after arithmetic training,healthy adults,32,NA,NR,0,0
PPRPPR979801,exclude,E7,NA,ALE meta-analysis of aggression across samples; hippocampus only as result,NA,28968,NA,NR,0,0
PMID40962558,maybe,I,rsfc,HCP dynamic FC: limbic cluster (hippocampus+amygdala) couples with DMN vs sensorimotor states; hippocampus not separate seed,HCP,NR,MTL,"default mode, sensorimotor networks",0,0
PMID38454081,exclude,E5,NA,Trauma-exposed adults; a/pHPC-cortical co-activation patterns vs intrusive memory properties,patients,84,anterior/posterior,"DMN, sensory cortices, ventral attention, visual",0,0
PMID32925061,exclude,E5,NA,ALE meta-analysis of grey matter in MCI and SCD,patients+HC,NR,NA,NR,0,0
PMID24472622,exclude,E7,NA,tDCS effects on navigation activation and effective connectivity; hippocampus not seed,healthy young adults,28,NA,NR,0,0
PMID35579988,exclude,E9,NA,DCM among a few task ROIs incl. hippocampus in conditional reasoning,healthy adults,NR,NA,NR,0,0
PMID41781324,maybe,I,task,"Anterior hippocampus coactivation (PPI-like) with vmPFC, angular gyrus, premotor during concept creation/updating; whole-brain unclear",healthy adults,25,anterior hippocampus,"vmPFC, angular gyrus, premotor cortex",0,0
PMID39191568,exclude,E5,NA,Essential tremor fALFF predicting thalamotomy outcome,patients+HC,128,NA,NR,0,0
PMID25969399,exclude,E7,NA,Developmental (8-25) dlPFC and NAcc seed rsFC,adolescents+young adults,269,NA,NR,0,0
PMID23747499,exclude,E2,NA,Volumetric MRI in temporal lobe epilepsy,patients,60,NA,NR,0,0
PMID38050089,exclude,E9,NA,Hippocampal modulation of cortical representations (RSA) in selected visual/semantic ROIs; not FC mapping,healthy adults,19,whole hippocampus,"occipital cortex, IFG, angular gyrus",0,0
PMID30503214,exclude,E7,NA,Schizotypy multi-echo rsFC from striatal seeds,healthy adults (schizotypy),39,NA,NR,0,0
PMID26184011,exclude,E10,NA,Ketamine vs placebo effects on PFC-hippocampal rsFC in humans and rats,healthy adults+rats,24,whole hippocampus,prefrontal cortex,0,0
PMID30829407,exclude,E8,NA,Review of hippocampal activation and connectivity in PTSD,NA,NR,NA,NR,0,0
PMID33571523,exclude,E1,NA,Cellular nAChR-amyloid study in hippocampal neurons,NA,NR,NA,NR,0,0
PMID25946334,exclude,E7,NA,Acute stress effects on amygdala rsFC,healthy adults,39,NA,NR,0,0
PMID33398777,exclude,E5,NA,Schizophrenia vs HC seasonal BOLD variability,patients+HC,123,NA,NR,0,0
PMID22884936,exclude,E7,NA,Parietal (DPC/VPC) seed connectivity during recognition; hippocampus as target,healthy adults,NR,NA,NR,0,0
PMID29569513,exclude,E5,NA,Neurosurgical case study of frontal aslant tract lesion,patients,2,NA,NR,0,0
PMID30311315,exclude,E7,NA,Basal forebrain connectivity-based clustering; hippocampus as target,healthy adults (19-85),110,NA,NR,0,0
PMID27723821,exclude,E5,NA,Obstructive sleep apnea degree centrality vs good sleepers,patients+HC,80,NA,NR,0,0
PMID36720865,exclude,E7,NA,Entorhinal grid-like codes and entorhinal-cortical connectivity; hippocampus as target,healthy adults,60,NA,NR,0,0
PMID24613934,exclude,E5,NA,aMCI vs HC Granger causality between networks incl. hippocampal cortical memory network,patients+HC,32,NA,NR,0,0
PMID18632288,maybe,I,rsfc,Frequency-specific resting-state connectivity of five seed networks incl. hippocampus seed in healthy adults,healthy adults,NR,whole hippocampus,NR,0,0
PMID28688266,exclude,E5,NA,"Transdiagnostic MDD, psychosis and HC; cortisol and hypothalamus gPPI",patients+HC,99,NA,NR,0,0
PMID38709534,exclude,E5,NA,RCT of hippocampal network-targeted rTMS in early AD,patients,30,whole hippocampus,precuneus,0,0
PMID25988227,exclude,E7,NA,"Fast mapping vs explicit encoding retrieval; vmPFC/ATL networks, hippocampal seed not specified",healthy adults,NR,NA,NR,0,0
PMID35576826,exclude,E7,NA,Nap vs wake problem-solving in young/older adults; activation changes only,healthy young and older adults,69,NA,NR,0,0
PMID37646336,include,I,rsfc,HCP anterior/posterior/whole hippocampal rsFC associations with cardiorespiratory fitness and cognition,HCP,913,anterior/posterior,"posterior cingulate, middle temporal gyrus",0,0
PMID28961451,exclude,E8,NA,Methods: hippocampal subfield segmentation using rs-fMRI connectivity features; no connectivity results,NA,NR,NA,NR,0,0
PMID25610790,exclude,E5,NA,TLE patients thalamic FC predicts seizure laterality,patients+HC,24,NA,NR,0,0
PMID33469113,exclude,E7,NA,DMN coactivation and surprise during movie; hippocampus as coactivated region,healthy adults,NR,NA,NR,0,0
PMID42144815,exclude,E5,NA,Tobacco use disorder neuroaffective profiles and network rsFC,patients,50,NA,NR,0,0
PMID29743583,exclude,E5,NA,AD/aMCI connectome and epicentre-based healthy connectivity,patients+HC,194,NA,NR,0,0
PMID25301385,maybe,I,task,HC and mPFC task connectivity during schema-consistent/inconsistent encoding; whole-brain HC seed unclear,healthy adults,NR,whole hippocampus,"mPFC, visual and parietal regions",0,0
PMID36827004,exclude,E5,NA,Acupuncture in anxiety volunteers; ALFF and seed FC,patients,36,NA,NR,0,0
PMID41667547,exclude,E5,NA,Vestibular migraine vs HC FCD and mPFC seed FC,patients+HC,110,NA,NR,0,0
PMID25786412,exclude,E5,NA,Prenatal stress exposure and MTL/amygdala VBM and seed FC in women 14-40,exposure (healthy women),35,MTL,"pregenual cortex, medial OFC",0,0
PMID20152133,maybe,I,rsfc,Post-encoding rest hippocampal-LOC correlations vs pre-task baseline predict memory; whole-brain map unclear,healthy young adults,NR,whole hippocampus,lateral occipital complex,0,0
PMID26076800,exclude,E5,NA,ALE meta-analysis of episodic memory activation in AD/MCI vs HOA,patients+HC,409,NA,NR,0,0
PMID40063595,exclude,E5,NA,First-episode psychosis cerebellar-cortical FC predicts treatment response,patients,127,NA,NR,0,0
PMID38615363,exclude,E7,NA,ccPAS of M1-STN hyperdirect pathway; hippocampus only in network metrics,healthy adults,40,NA,NR,0,0
PMID24142480,exclude,E7,NA,Hippocampal activation during category learning; no hippocampal-seeded FC,healthy young adults,NR,NA,NR,0,0
PMID34968505,exclude,E9,NA,PMN rsFC via ICA/ROIs (hippocampal-mPFC and hippocampal-PHC-parieto-occipital) vs episodic detail by age,young and older adults,62,whole hippocampus,"mPFC, parahippocampal, parieto-occipital",0,0
PMID8865071,exclude,E1,NA,Rat hippocampal slice glial-neuronal signalling,NA,NR,NA,NR,0,0
PMID32314198,include,I,task,Hippocampal head/body/tail seed task FC during face-place encoding in 210 cognitively normal older adults,healthy older adults,210,head/body/tail,"frontal, temporal, occipital cortex",0,0
PMID42480723,exclude,E8,NA,Review of gut microbiome and brain in MDD/bipolar depression,NA,NR,NA,NR,0,0
PMID17217927,exclude,E9,NA,Extinction recall activation; vmPFC-hippocampus correlation only,healthy adults,NR,whole hippocampus,vmPFC,0,0
PMID27251183,exclude,E5,NA,Meta-analysis of smoking-related grey matter with MACM of affected regions,smokers,NR,NA,NR,0,0
PMID34581398,maybe,I,task,Hippocampal-neocortical and subcortical task FC during durable memory encoding in younger vs older adults,healthy young and older adults,91,whole hippocampus,"neocortex, caudate",0,0
PMID28733247,exclude,E9,NA,DCM of occipital-hippocampus-OFC network in young and old adults,healthy young and older adults,NR,whole hippocampus,"occipital cortex, OFC",0,0
PMID34425489,exclude,E5,NA,Adolescent MDD vs HC seed rsFC incl. hippocampus before/after antidepressants,adolescent patients+HC,59,NA,NR,0,0
PMID15066269,exclude,E1,NA,Molecular biology of CASK/CINAP in neurons,NA,NR,NA,NR,0,0
PMID25319693,exclude,E1,NA,apoE4 and apoE-KO mice rsfMRI,NA,NR,NA,NR,0,0
PMID36732588,exclude,E1,NA,apoE targeted-replacement mice fear conditioning cFos,NA,NR,NA,NR,0,0
PMID26599055,exclude,E5,NA,MCI/AD vs HC parahippocampal seed connectivity,patients+HC,74,NA,NR,0,0
PMID31802256,exclude,E1,NA,Awake rat global signal rsfMRI,NA,NR,NA,NR,0,0
PMID39317458,exclude,E1,NA,Rodent postoperative delirium model miRNA and DMN FC,NA,NR,NA,NR,0,0
PMID37127117,exclude,E5,NA,Youth PTSD TF-CBT effective connectivity changes,patients+HC,40,NA,NR,0,0
PMID37732456,exclude,E5,NA,Prenatal disaster stress exposure; VBM-derived seeds incl. right hippocampus FC vs controls,exposed young adults+controls,104,right hippocampus,NR,1,0
PMID31250265,exclude,E5,NA,LHPP MDD-risk SNP effects on fornix FA and hippocampus-rACC FC,genotyped healthy adults,122,whole hippocampus,rostral ACC,0,0
PMID37689831,exclude,E9,NA,"Material hardship and fronto-limbic (amygdala-dACC, hippocampus-vmPFC) connectivity during fear learning",healthy young adults,161,left hippocampus,vmPFC,0,0
PMID23607935,maybe,I,task,Testing effect: anterior hippocampal connectivity with VLPFC and midline regions; seed-based but whole-brain map unclear,healthy young adults,NR,anterior hippocampus,"ventrolateral PFC, midline regions",0,0
PMID28105009,exclude,E7,NA,Delay discounting with future imagination; gPPI seeded in ACC/IPC with hippocampus targets,healthy adults,22,NA,NR,0,0
PMID35964984,exclude,E8,NA,Review of amygdala connectivity and social cognition,NA,NR,NA,NR,0,0
PMID34009242,exclude,E7,NA,Exercise intervention in older adults; prefrontal FC and structure,healthy older adults,47,NA,NR,0,0
PMID41346434,exclude,E7,NA,Choir intervention in older adults; lateral PFC task connectivity,healthy older adults,34,NA,NR,0,0
PMID22035699,exclude,E1,NA,Rat/cell FGFR1-5HT1A receptor complexes,NA,NR,NA,NR,0,0
PMID27822493,exclude,E7,NA,Scene-processing networks from scene-region FC and meta-analysis; hippocampus as connected target,healthy adults,NR,NA,NR,0,0
PMID28954523,exclude,E7,NA,Thalamus ICA parcellation and whole-brain connectivity,healthy adults,96,NA,NR,0,0
PMID24746086,exclude,E5,NA,Online game addicts vs controls TPJ seed rsFC,patients+HC,34,NA,NR,0,0
PMID40312608,exclude,E7,NA,ALE meta-analysis of autobiographical memory vs future thinking activation,NA,NR,NA,NR,0,0
PMID22573677,exclude,E7,NA,PRC and PHC seeds' rsFC with hippocampal subfields and neocortex; hippocampus is target not seed,healthy young adults,30,NA,NR,0,0
PMID29168420,exclude,E6,NA,Youth (8-17) at familial risk for mood disorders; PCC seed rsFC,children/adolescents,88,NA,NR,0,0
PMID22761766,exclude,E7,NA,Acupuncture effects on graph metrics; hippocampus only as node with altered degree,healthy young adults,18,NA,NR,0,0
PMID34033914,exclude,E10,NA,Parietal rTMS-induced hippocampal rsFC enhancement related to DTI pathways,healthy adults,NR,whole hippocampus,"precuneus, posterior cortex",0,0
PMID27496142,maybe,I,task,Hippocampal seed FC with DMN during relational encoding in younger vs older adults,healthy young and older adults,NR,whole hippocampus,default mode network,0,0
PMID36709724,exclude,E7,NA,"Attention lapses; hippocampus activation, STS-TPJ connectivity",healthy adults,NR,NA,NR,0,0
PMID19895564,exclude,E7,NA,Remember-Know PPI seeded in left precuneus,healthy adults,30,NA,NR,0,0
PMID29243121,exclude,E7,NA,Food/money reward by metabolic state; SMG-seeded connectivity,healthy males,20,NA,NR,0,0
PMID37682986,exclude,E11,NA,Spiking-neuron computational model of associative recognition,NA,NR,NA,NR,0,0
PMID33334870,exclude,E7,NA,Reward prediction errors and memory; face-area seeded connectivity with hippocampus/VS,healthy adults,NR,NA,NR,0,0
PMID27321163,exclude,E7,NA,Attentional modulation of background connectivity between ventral visual cortex and PHC/PRC,healthy adults,NR,NA,NR,0,0
PMID26142352,exclude,E7,NA,ALE meta-analysis of episodic simulation and memory activation,NA,NR,NA,NR,0,0
PMID37053017,exclude,E5,NA,Title only: sex-specific hippocampal connectivity markers in MCI patients,patients,NR,whole hippocampus,NR,0,0
PMID40158696,exclude,E5,NA,"Emotion dysregulation disorders, offspring and HC; hippocampal subregion dynamic FC (microCAPs)",patients+HC,201,head/body/tail,sensorimotor and limbic networks,1,0
PMID31397613,include,I,mixed,"Anterior vs posterior hippocampal FC with cortex at rest, passive viewing and task; whole-brain maps",healthy young adults,NR,anterior/posterior,"vmPFC, angular gyrus, IFG, widespread cortex",0,0
PMID19433442,exclude,E5,NA,AD vs elderly controls verbal STM activation,patients+HC,32,NA,NR,0,0
PMID24705547,exclude,E5,NA,MCI with/without diabetes ALFF,patients+HC,48,NA,NR,0,0
PMID33496907,exclude,E5,NA,Young APOE e4 vs e3 carriers longitudinal hippocampal subregion FC,genetic risk+controls,32,anterior/posterior,"DMN, lateral temporal, ACC",1,0
PMID37741467,exclude,E5,NA,Adolescent MDD suicidal vs non-suicidal network analysis,adolescent patients,62,NA,NR,0,0
PMID30529694,maybe,I,rsfc,mICA hippocampal subregions (17) and whole-brain FC at rested wakefulness vs sleep deprivation; baseline maps plausible,healthy young adults,40,subregions (mICA parcels),"DMN, thalamus, somatomotor, visual",0,0
PMID21212840,exclude,E7,NA,"Emotion regulation and subsequent memory; co-activation, no hippocampal seed FC",healthy adults,25,NA,NR,0,0
PMID29432767,exclude,E7,NA,Emotional suppression; amygdala/IFG connectivity with hippocampus during encoding,healthy adults,NR,NA,NR,0,0
PMID28413706,exclude,E7,NA,ALE and MACM of taste processing regions,NA,238,NA,NR,0,0
PMID39617712,exclude,E5,NA,Stroke-related sleep disorder electroacupuncture RCT,patients+HC,72,NA,NR,0,0
PMID41634103,exclude,E5,NA,ALE meta-analysis of reward cue processing in overweight/obesity,patients+controls,1065,NA,NR,0,0
PMID33497490,exclude,E2,NA,EEG and motion capture during augmented-reality navigation,healthy adults,16,NA,NR,0,0
PPRPPR25403,exclude,E7,NA,Structural-functional connectome brain-age estimation and physical activity,lifespan,155,NA,NR,0,0
PPRPPR1221571,exclude,E5,NA,Chronic low back pain with PTSS; N-back activation and PAG connectivity,patients,53,NA,NR,0,0
PMID34614422,exclude,E5,NA,CN and MCI hippocampal redundancy graph metric mediating volume-memory,patients+HC,NR,NA,NR,0,0
PMID33984493,exclude,E7,NA,Child vs adult local functional connectivity (IDAC); no hippocampal seed,children+adults,290,NA,NR,0,0
PMID23684242,exclude,E7,NA,Transcutaneous acupoint stimulation effects on small-world graph metrics,healthy adults,18,NA,NR,0,0
PMID30600568,exclude,E7,NA,ALE activation meta-analysis of spatial cognition,NA,NR,NA,NR,0,0
PMID34773842,maybe,I,rsfc,VBM-derived right hippocampus seed rsFC (with insula) related to episodic future thinking and procrastination; main map unlikely,healthy young adults,NR,right hippocampus,insula,0,0
PMID23993700,exclude,E9,NA,Perirhinal-hippocampal connectivity during restudy predicts consolidation; single pair,healthy adults,NR,whole hippocampus,perirhinal cortex,0,0
PMID31591137,exclude,E10,NA,Parietal rTMS effects on hippocampal network rsFC (replication),healthy adults,23,whole hippocampus,"precuneus, posterior cortex",0,0
PPRPPR1316045,exclude,E1,NA,Awake mouse fMRI ketamine,NA,NR,NA,NR,0,0
PMID30578926,exclude,E10,NA,Training vs time-of-day effects on hippocampal and sensorimotor rsFC,healthy adults,NR,whole hippocampus,NR,0,0
PMID31835287,exclude,E5,NA,Systematic review/meta-analysis of GAD vs HC,patients+HC,NR,NA,NR,0,0
PMID33867968,exclude,E5,NA,VBM meta-analysis in aMCI with BrainMap co-activation,patients+HC,1518,NA,NR,0,0
PMID19948227,maybe,I,task,Longitudinal associate-memory fMRI testing consolidation predictions incl. inter-regional connectivity; hippocampal seed unclear,healthy adults,NR,MTL,NR,0,0
PMID25249057,exclude,E10,NA,THC and CBD effects on seed-cluster connectivity during oddball task,healthy occasional cannabis users,NR,NA,NR,0,0
PMID24625753,exclude,E5,NA,MIR137 schizophrenia-risk variant and DLPFC-hippocampal formation rsFC,genotyped healthy adults,290,NA,DLPFC,0,0
PMID21030092,exclude,E5,NA,ALE meta-analysis of antidepressant effects in major depression,patients,126,NA,NR,0,0
PMID23404764,exclude,E5,NA,CACNA1C risk SNP and DLPFC activation/fronto-hippocampal connectivity,genotyped healthy adults,94,NA,NR,0,0
PMID25194208,exclude,E5,NA,ALE meta-analysis of face processing in SAD and Williams syndrome,patients+HC,NR,NA,NR,0,0
PMID36967075,exclude,E2,NA,Structural covariance CBP of hippocampus in children/adolescents,children/adolescents,1105,NA,NR,0,0
PMID38819252,exclude,E5,NA,Schizophrenia vs HC FC-based searchlight MVPA,patients+HC,231,NA,NR,0,0
PMID39442786,exclude,E5,NA,ALE meta-analysis across neurodegenerative diseases,patients+HC,7032,NA,NR,0,0
PMID38200283,exclude,E7,NA,Personal semantics and PCC-seeded rsFC; hippocampus as target,healthy adults,NR,NA,NR,0,0
PMID31865507,exclude,E5,NA,SDM meta-analysis of rs-fMRI in insomnia,patients+HC,1835,NA,NR,0,0
PPRPPR979929,exclude,E5,NA,Children/adolescents with perinatal HIV; auditory network FC,paediatric patients+controls,NR,NA,NR,0,0
PMID33872345,exclude,E10,NA,Midazolam and ketamine effects on seed connectivity (incl. hippocampus) during pain memory task,healthy adults,26,whole hippocampus,NR,0,0
PMID32691978,exclude,E2,NA,Ex vivo diffusion MRI of resected hippocampi in mTLE,patients,10,NA,NR,0,0
PMID29175957,exclude,E5,NA,Chronic neuropathic orofacial pain brainstem rsFC,patients+HC,NR,NA,NR,0,0
PMID25100219,exclude,E9,NA,Effective connectivity DLPFC-hippocampus during memory suppression,healthy adults,NR,whole hippocampus,DLPFC,0,0
PMID26366641,exclude,E5,NA,MS vs HC seed-voxel hippocampal rsFC with DMN,patients+HC,111,whole hippocampus,DMN regions,1,0
PMID34517833,exclude,E5,NA,Asymptomatic carotid stenosis vs HC graph analysis,patients+HC,29,NA,NR,0,0
PMID41880572,exclude,E7,NA,"Acute stress resilience; salience/DMN FC and hippocampal activity, not hippocampal seed",healthy adults,NR,NA,NR,0,0
PMID24608131,maybe,I,task,Self-reference effect: mPFC and hippocampus coupling with PCC during encoding; whole-brain PPI unclear,healthy young adults,30,whole hippocampus,posterior cingulate cortex,0,0
PMID28913727,exclude,E6,NA,Anxious vs healthy adolescents; sleep and fear-processing PPI,adolescents,33,NA,NR,0,0
PMID40742119,maybe,I,task,Distributed vs massed learning retrieval; hippocampus-prefrontal FC differs by condition; seed/whole-brain unclear,healthy adults,NR,whole hippocampus,prefrontal cortex,0,0
PMID32898679,exclude,E7,NA,ALE meta-analysis of music-evoked emotions,NA,944,NA,NR,0,0
PMID41173867,exclude,E7,NA,Social support and threat extinction; thalamo-cortical connectivity,healthy adults,59,NA,NR,0,0
PMID33445082,exclude,E5,NA,MDD subgroups vs HC network rsFC and treatment response,patients+HC,282,NA,NR,0,0
PMID39322824,exclude,E7,NA,Day-to-day affect predicted by multivariate FC of limbic regions; no hippocampal seed map,healthy adults (dense sampling),6,NA,NR,0,0
PMID25529840,exclude,E7,NA,ALE and MACM of pain anticipation,NA,NR,NA,NR,0,0
PMID32454206,exclude,E2,NA,Hippocampal structural covariance gradients compared with FC gradients; structural primary,healthy young adults+lifespan,377,hippocampal gradient,NR,0,0
PMID40259540,exclude,E7,NA,Graph theory rsFC and spindles in older adults; hippocampal centrality only,healthy older adults,42,NA,NR,0,0
PMID34496278,exclude,E5,NA,MS walking exercise pilot RCT; hippocampal volume and rsFC,patients,11,NA,NR,0,0
PMID42029420,exclude,E7,NA,"Memory factors vs hippocampal volume, network connectivity and CSF biomarkers",healthy adults,1697,NA,NR,0,0
PMID23440005,exclude,E7,NA,Ventral parietal (SMG/AG) seed rsFC; hippocampus as target,healthy adults,NR,NA,NR,0,0
PMID19666562,exclude,E5,NA,Soldiers before/after combat stress; hippocampal activation and vmPFC coupling,stress-exposed soldiers,50,whole hippocampus,vmPFC,0,0
PMID34562542,exclude,E7,NA,ALE meta-analysis of implicit emotional pictures vs words,NA,NR,NA,NR,0,0
PMID26599537,exclude,E9,NA,Reward/novelty in future imagination; hippocampus-striatum/SN-VTA connectivity,healthy adults,NR,whole hippocampus,"striatum, SN/VTA",0,0
PMID29548848,exclude,E10,NA,Resveratrol RCT in older adults; hippocampal connectivity and microstructure,healthy older adults,60,whole hippocampus,NR,0,0
PMID32643841,exclude,E5,NA,ENIGMA structural meta-analysis of alcohol/cannabis use disorders,patients+HC,1245,NA,NR,0,0
PMID42613185,exclude,E6,NA,Youth sample; amygdala/hippocampal-cortical structure-function coupling and adversity,children/adolescents,607,NA,NR,0,0
PMID29867414,exclude,E7,NA,Meta-analysis of posterior cingulate subregions in spatial orientation with PCC rsFC,NA,NR,NA,NR,0,0
PMID34333555,exclude,E5,NA,PTSD ketamine vs midazolam RCT neuroimaging predictors,patients,21,NA,NR,0,0
PMID26123450,exclude,E5,NA,Psychosis vs HC whole/anterior/posterior hippocampal seed-voxel rsFC,patients+HC,153,anterior/posterior,"medial frontal, ACC, STG, precuneus, thalamus, cerebellum",1,0
PMID24488500,exclude,E7,NA,ALE activation meta-analysis of navigation,NA,NR,NA,NR,0,0
PMID18337009,exclude,E7,NA,Acupuncture effects on DMN/SMN ICA connectivity; hippocampal formation as result,healthy adults,NR,NA,NR,0,0
PMID30884216,exclude,E7,NA,Optic-flow-sensitive region seeds FC with RSC/hippocampus vs navigation ability,healthy adults,NR,NA,NR,0,0
PMID35958670,exclude,E1,NA,GAD65 knockout mice dentate gyrus strategy choice,NA,NR,NA,NR,0,0
PMID23696798,exclude,E5,NA,mTLE vs controls Granger causality from epileptogenic zone,patients+HC,NR,NA,NR,0,0
PMID36799566,exclude,E7,NA,UK Biobank lifestyle risks and whole-brain atlas FC; no hippocampal seed map,middle-aged/older adults,19415,NA,NR,0,0
PMID33446759,exclude,E9,NA,"Plasma VIP and ROI rsFC among amygdala, hippocampus, PHG, OFC in healthy females",healthy females,37,NA,NR,0,0
PMID29092777,exclude,E5,NA,DTI meta-analysis in aMCI,patients,1844,NA,NR,0,0
PMID34537382,exclude,E9,NA,High-res MTL fMRI; CA3-laterobasal amygdala coupling during schema learning,healthy young and older adults,NR,subfields,laterobasal amygdala,0,0
PMID33347912,exclude,E7,NA,Social reward memory; mOFC-seeded connectivity with hippocampus,healthy young adults,NR,NA,NR,0,0
PPRPPR982001,maybe,I,rsfc,Lifespan cohort; VBM-derived anterior hippocampus-amygdala seed rsFC with OFC vs emotion positivity bias; mixed HC/AMY seed,lifespan,NR,anterior hippocampus-amygdala,orbitofrontal cortex,0,0
PMID25409102,exclude,E7,NA,ALE meta-analysis of sleep deprivation effects on attention activation,NA,185,NA,NR,0,0
PMID40262490,exclude,E7,NA,"Brain entropy, ovarian hormones and BIS/BAS; DLPFC FC",healthy young women,44,NA,NR,0,0
PMID15884095,exclude,E7,NA,"Semantic context verification activation; hippocampus activation in network, no seed FC",healthy adults,NR,NA,NR,0,0
PMID41275547,exclude,E5,NA,Coordinate meta-analysis of structural/functional imaging in MTLE,patients,NR,NA,NR,0,0
PMID22813951,exclude,E9,NA,Social decision-making; amygdala-vmPFC and hippocampus-amygdala/VS connectivity only,healthy adults,16,whole hippocampus,"amygdala, ventral striatum",0,0
PMID37544416,include,I,mixed,"Anterior/posterior hippocampal whole-brain FC at rest, encoding and retrieval in two large samples",healthy adults,751,anterior/posterior,"mPFC, inferior parietal, parahippocampal cortex, recollection network",0,0
PMID31181420,include,I,rsfc,HCP connectopic mapping of hippocampal long-axis gradient from rsFC; predicts recollection,HCP,NR,hippocampal gradient,NR,0,0
PMID24847112,exclude,E7,NA,Basal forebrain moderation of amygdala task connectivity with PFC/hippocampus,healthy adults,NR,NA,NR,0,0
PMID37395812,exclude,E7,NA,Negative schizotypy seed-based rsFC with reward ratings; hippocampus as result,healthy adults (schizotypy),79,NA,NR,0,0
PMID25050430,exclude,E7,NA,Music-evoked joy; eigenvector centrality and amygdala/striatum/hypothalamus connectivity,healthy adults,NR,NA,NR,0,0
PMID26688226,exclude,E5,NA,Migraine without aura vs HC functional connectivity density,patients+HC,99,NA,NR,0,0
PMID32038473,maybe,I,mixed,MCI-atrophy-derived medial temporal (hippocampus/amygdala) seeds: MACM plus rsFC in healthy older adults (1000BRAINS),healthy older adults,NR,MTL,"fronto-temporal network, cortico-striatal regions",0,0
PMID25987642,exclude,E2,NA,Ketamine effects on resting-state MEG,healthy adults,12,NA,NR,0,0
PMID30905609,exclude,E2,NA,Intracranial EEG theta connectivity among MTL subregions,patients (epilepsy),131,NA,NR,0,0
PMID19603243,exclude,E5,NA,Hippocampal sclerosis patients vs controls; precuneus seed task connectivity,patients+HC,22,NA,NR,0,0
PMID41364666,exclude,E6,NA,Fetal rsfMRI anterior/posterior hippocampal seed connectivity,fetuses,51,anterior/posterior,NR,0,0
PMID41722786,exclude,E7,NA,"Multimodal brain-cognition mapping (VBM, FA, intrinsic connectivity); no hippocampal seed",healthy adults,300,NA,NR,0,0
PMID32157432,exclude,E5,NA,"AD/MCI vs NC hippocampal subfield FDG, volume and FC",patients+HC,102,subfields,"superior medial frontal, precuneus, superior frontal",1,0
PMID38376190,exclude,E7,NA,Scene-region functional/structural connectivity; hippocampus as target,healthy adults,NR,NA,NR,0,0
PMID11784442,exclude,E7,NA,Amygdala interactions with prefrontal/temporal cortex during facial expressions,healthy adults,NR,NA,NR,0,0
PMID33931998,exclude,E5,NA,IBS-D patients vs HC bilateral hippocampal seed whole-brain FC and acupuncture effects,patients+HC,50,whole hippocampus,"temporal, fusiform, occipital, insula, precuneus",1,0
PMID36538409,exclude,E5,NA,Trial protocol: exercised plasma in early AD,patients,NR,NA,NR,0,0
PMID21693631,exclude,E5,NA,ALE VBM meta-analysis in autism,patients,NR,NA,NR,0,0
PMID40114293,exclude,E5,NA,aMCI vs HC Papez circuit effective connectivity and PVS,patients+HC,60,NA,NR,0,0
PMID33551779,exclude,E5,NA,Meta-analysis of rsFC changes after ECT in depression,patients,NR,NA,NR,0,0
PMID22119526,exclude,E7,NA,REM sleep and amygdala reactivity/connectivity,healthy adults,NR,NA,NR,0,0
PPRPPR387095,exclude,E5,NA,Pediatric anxiety patients and HC; threat anticipation and vmPFC-hippocampus-BLA rsFC,paediatric patients+HC,50,NA,NR,0,0
PMID17027761,exclude,E7,NA,ICA of default-mode network under working memory load; hippocampus co-activation only,healthy adults,10,NA,NR,0,0
PMID32926481,exclude,E5,NA,De novo Parkinson's disease motor cerebellar rsFC and freezing of gait,patients+HC,114,NA,NR,0,0
PMID11003270,maybe,I,rsfc,Early seed-voxel rsFC from hippocampal and thalamic seeds in 6 volunteers; only hippocampal/thalamic clusters reported,healthy adults,6,whole hippocampus,NR,0,0
PMID35906880,exclude,E7,NA,ALE meta-analysis of divergent thinking vs insight,NA,NR,NA,NR,0,0
PMID21254300,exclude,E1,NA,Rat hippocampal slice LTP,NA,NR,NA,NR,0,0
PMID30904824,exclude,E2,NA,FDG-PET association with blood insulin in older adults,healthy older adults,234,NA,NR,0,0
PMID12106491,exclude,E1,NA,Rat hippocampal slice EPSPs,NA,NR,NA,NR,0,0
PMID35870699,exclude,E9,NA,DCM of MTL-oculomotor/visual effective connectivity during scene construction,healthy adults,NR,MTL,"frontal eye fields, visual cortex",0,0
PMID36646174,exclude,E5,NA,MDD ketamine remitters vs nonremitters rostral hippocampal rsFC,patients,39,anterior hippocampus,"angular gyrus, parietal cortex",0,0
PMID30831461,exclude,E5,NA,Adolescent PTSD vs controls DMN seed connectivity,adolescent patients+HC,38,NA,NR,0,0
PMID34126211,exclude,E7,NA,Fear extinction learning whole-brain connectivity; no hippocampal seed,healthy adults,137,NA,NR,0,0
PMID28242796,exclude,E7,NA,Graph modularity during episodic retrieval; FPCN/DMN coupling with hippocampus,healthy adults,20,NA,NR,0,0
PMID30813750,exclude,E5,NA,MDD vs HC FC within emotion-regulation ROI system,patients+HC,68,NA,NR,0,0
PMID24592236,exclude,E2,NA,Behavioural study of active learning in aging; no imaging,healthy young and older adults,NR,NA,NR,0,0
PMID26890734,exclude,E2,NA,High-density EEG Granger connectivity in TLE,patients+HC,60,NA,NR,0,0
PMID34924374,exclude,E5,NA,aMCI hippocampal subregion connectivity and rTMS,patients,NR,NA,NR,0,0
PMID25043909,exclude,E5,NA,MCI/AD vs HC hippocampal local and global iFC,patients+HC,NR,NA,NR,0,0
PMID41661588,exclude,E7,NA,ALE and MACM of effort-based reward tasks,NA,NR,NA,NR,0,0
PMID42623732,exclude,E5,NA,MS vs HC hippocampal and caudate seed-to-voxel RSFC predicting working memory,patients+HC,78,whole hippocampus,"dmPFC, vACC, supramarginal gyrus",1,0
PMID24970567,exclude,E5,NA,Semantic variant PPA graph connectome,patients+HC,NR,NA,NR,0,0
PMID32325207,exclude,E8,NA,Theoretical paper linking olfactory system to functional gradients,NA,NR,NA,NR,0,0
PMID28031999,exclude,E7,NA,HCP sleep duration and parcellated rsFC; hippocampus as target,HCP,839,NA,NR,0,0
PPRPPR705635,exclude,E7,NA,Group ICA networks during threat conditioning; no hippocampal seed,healthy adults,223,NA,NR,0,0
PMID25422457,include,I,mixed,Lifespan (25-80) DMN/hippocampal network rsFC and task HC-cortical connectivity; age-related decoupling,lifespan adults,339,whole hippocampus,default mode network cortex,0,0
PMID31560099,exclude,E7,NA,Trait jealousy and face processing; IFG-striatum connectivity,healthy adults,85,NA,NR,0,0
PMID27242028,exclude,E7,NA,Post-fear-learning rest amygdala connectivity (with hippocampus),healthy adults,24,NA,NR,0,0
PMID37119849,exclude,E1,NA,Mouse VTA-CA1 electrophysiology,NA,NR,NA,NR,0,0
PMID36098838,exclude,E5,NA,VBM meta-analysis in migraine,patients+HC,3297,NA,NR,0,0
PMID20146612,exclude,E9,NA,DCM STG-to-hippocampus connectivity with priming and recollection,healthy adults,NR,whole hippocampus,superior temporal gyrus,0,0
PMID31116131,exclude,E5,NA,Drug-resistant vs sensitive GTCS epilepsy hippocampal seed FC,patients+HC,48,left hippocampus,"thalamus, putamen, precuneus, precentral",1,0
PMID40800509,include,I,task,7T hippocampal subfield whole-brain FC during autobiographical memory retrieval,healthy adults,NR,subfields,"vmPFC, medial/lateral parietal regions",0,0
PMID19448848,exclude,E5,NA,PTSD vs HC PCC/precuneus seed rsFC,patients+HC,32,NA,NR,0,0
PMID27098693,exclude,E7,NA,Auditory working memory; auditory-cortex-seeded connectivity with hippocampus,healthy adults,NR,NA,NR,0,0
PMID30805850,exclude,E9,NA,Hippocampal/PHC connectivity with meta-analytic reward ROIs across task and rest,healthy adults,NR,whole hippocampus,"VS, OFC, mPFC, ACC, midbrain",0,0
PMID37062926,exclude,E5,NA,Euthymic bipolar vs HC hippocampal dynamic FC co-activation patterns,patients+HC,50,whole hippocampus,"somatomotor, salience, DMN",1,0
PMID19631277,maybe,I,rsfc,Sevoflurane vs pre-anaesthesia seed fc-fMRI incl. hippocampus seed; baseline maps plausibly reported,healthy adults,NR,whole hippocampus,NR,0,0
PMID40036194,maybe,I,task,Divided attention and elaboration modulate anterior hippocampus-mOFC/mPFC connectivity; whole-brain seed map unclear,healthy adults,NR,anterior hippocampus,medial-orbital PFC,0,0
PMID29158201,maybe,I,rsfc,Post-encoding rest hippocampal connectivity with FFA and vmPFC after famous vs non-famous encoding; whole-brain unclear,healthy young adults,NR,whole hippocampus,"FFA, vmPFC",0,0
PMID35253866,exclude,E1,NA,Rodent BLA-CA1 LTP electrophysiology,NA,NR,NA,NR,0,0
PMID26830462,exclude,E10,NA,D2 receptor blockade effects on hippocampal generalization and midbrain-hippocampal connectivity,healthy adults,NR,NA,midbrain,0,0
PMID39227329,exclude,E5,NA,VBM meta-analysis of APOE e4 in AD/MCI,patients+HC,1135,NA,NR,0,0
PMID34329959,exclude,E5,NA,HCP APOE e4 carriers vs non-carriers DMN co-activation replication,genetic risk+controls,NR,NA,NR,0,0
PMID26673113,exclude,E7,NA,Internal secondary task during encoding; mPFC/insula rsFC,healthy adults,NR,NA,NR,0,0
PMID29050910,exclude,E7,NA,DMN rsFC and fear conditioning; hippocampal formation as result,healthy adults,119,NA,NR,0,0
PMID23558105,exclude,E9,NA,Visual learning changes resting hippocampus-striatum coupling,healthy adults,NR,whole hippocampus,striatum,0,0
PMID25662104,exclude,E7,NA,ALE meta-analysis of nicotinic agonist pharmacological imaging,NA,NR,NA,NR,0,0
PMID20154013,exclude,E7,NA,Angular gyrus and IPS subregion functional/structural connectivity,healthy adults,NR,NA,NR,0,0
PMID42523343,include,I,rsfc,"HCP hippocampal and amygdala subregion-to-cortex rsFC (Pearson, GLASSO) and gradients",HCP,722,subfields,"default mode, visual, paralimbic networks",0,0
PMID26233860,exclude,E8,NA,Narrative review of episodic memory imaging centred on fornix,NA,NR,NA,NR,0,0
PMID38753044,exclude,E7,NA,Odour effects on working memory connectivity; parietal/EC seeds,healthy adults,30,NA,NR,0,0
PMID21635235,exclude,E5,NA,Cryptogenic epilepsy vs controls prefrontal working memory network,patients+HC,57,NA,NR,0,0
PMID29734820,exclude,E2,NA,Family history of AD and hippocampal cortical thickness,healthy older adults+aMCI,75,NA,NR,0,0
PMID37607339,exclude,E5,NA,Multimodal ALE meta-analysis in schizophrenia with transcriptome,patients+HC,21074,NA,NR,0,0
PMID37817668,maybe,I,task,"Cognitively normal older adults: longitudinal hippocampal task FC during face-name encoding vs amyloid/WMH, sex effects",healthy older adults,54,whole hippocampus,prefrontal cortex,0,0
PMID40472473,exclude,E5,NA,Sudden sensorineural hearing loss prognosis STG FC,patients,111,NA,NR,0,0
PMID20007242,exclude,E9,NA,"Effective connectivity within autobiographical memory network (hippocampus, mPFC, amygdala)",healthy adults,NR,left hippocampus,"mPFC, amygdala-hippocampal complex",0,0
PMID18385328,exclude,E7,NA,Dopamine depletion effects on frontostriatal PPI,healthy adults,19,NA,NR,0,0
PMID25078500,exclude,E8,NA,Clinical review of limbic epilepsy networks,NA,NR,NA,NR,0,0
PMID35491275,exclude,E5,NA,bvFTD vs AD vs HC heartbeat-evoked potentials and AIN connectivity,patients+HC,94,NA,NR,0,0
PMID22080493,exclude,E5,NA,ALE meta-analysis of resting activity in schizophrenia and depression,patients+HC,NR,NA,NR,0,0
PMID39612715,exclude,E10,NA,36-h sleep deprivation effects on visual-region FC,healthy males,60,NA,NR,0,0
PMID30831580,exclude,E5,NA,Takotsubo syndrome vs HC network-based statistics,patients+HC,54,NA,NR,0,0
PPRPPR32958,exclude,E9,NA,Methods: voxel-level effective connectivity among MTL ROIs in single individual,healthy adult (single),1,subfields,entorhinal cortex,0,0
PMID23911810,exclude,E1,NA,Rat hippocampal LTD electrophysiology,NA,NR,NA,NR,0,0
PMID25630570,exclude,E5,NA,BIN1 AD-risk genotype effects on hippocampus-DLPFC FC in healthy young,genotyped healthy adults,NR,whole hippocampus,DLPFC,0,0
PMID23761748,exclude,E6,NA,Adolescents; amygdala PPI during continuous flash suppression,adolescents,29,NA,NR,0,0
PMID42377424,exclude,E5,NA,MCI with depressive symptoms; amygdala/hippocampus seed whole-brain FC incl. HC group,patients+HC,138,whole hippocampus,"cuneus, insula, thalamus, IFG, OFC",1,0
PMID27034025,maybe,I,rsfc,"Adult lifespan age effects on anterior vs posterior hippocampal rsFC with PCC, mPFC, lateral parietal",lifespan adults,NR,anterior/posterior,"PCC, mPFC, lateral parietal cortex",0,0
PMID24012545,exclude,E7,NA,Sentence processing; pars opercularis-seeded PPI,healthy adults,NR,NA,NR,0,0
PMID25972163,exclude,E9,NA,Post-encoding VTA connectivity with CA1 and perirhinal cortex,healthy adults,NR,subfields,VTA,0,0
PMID24275771,exclude,E5,NA,Coordinate meta-analysis of sad face processing in depression,patients+HC,NR,NA,NR,0,0
PMID34455063,exclude,E6,NA,Children with callosal agenesis dynamic networks,children,NR,NA,NR,0,0
PMID27872591,exclude,E5,NA,ALE meta-analysis of episodic memory activation in aMCI,patients+HC,NR,NA,NR,0,0
PMID24857714,exclude,E2,NA,Structural covariance of anterior/posterior hippocampus and sex,healthy young adults,76,anterior/posterior,NR,0,0
PMID20554884,exclude,E7,NA,Motor sequence learning over five days; M1-cerebellum connectivity,healthy adults,NR,NA,NR,0,0
PMID30833508,exclude,E1,NA,Rodent CA3 zinc signalling electrophysiology,NA,NR,NA,NR,0,0
PMID22160708,exclude,E7,NA,rTMS to lpIPL alters DMN connectivity incl. with hippocampal formation; parietal seed,healthy adults,NR,NA,NR,0,0
PMID15721179,exclude,E9,NA,"Autobiographical recall; correlation among amygdala, hippocampus and right IFG only",healthy adults,NR,whole hippocampus,"right IFG, amygdala",0,0
PMID29277652,exclude,E2,NA,EEG source coherence during sleep spindles (EEG-fMRI) for motor memory,healthy adults,NR,NA,NR,0,0
PPRPPR794444,maybe,I,task,Anterior-posterior hippocampal gradient in FC with autobiographical network during relational memory; extent unclear,healthy adults,NR,anterior/posterior,autobiographical memory network,0,0
PMID31529276,exclude,E5,NA,Neurogenic orthostatic hypotension vs HC cerebellar ROI connectivity,patients+HC,30,NA,NR,0,0
PPRPPR519483,include,I,rsfc,Left anterior hippocampus seed network rsFC and specificity in healthy younger vs older adults (whole-brain),healthy young and older adults,202,anterior hippocampus,medial frontal gyrus,0,0
PMID34459399,exclude,E5,NA,iNPH and AD patients; DMN/hippocampal rsFC vs CSF biomarkers,patients,37,NA,NR,0,0
PMID38447773,exclude,E7,NA,Amygdala focused ultrasound effects on amygdala connectivity and fear activation,healthy adults,30,NA,NR,0,0
PMID38503766,exclude,E5,NA,Image-based meta-analysis of face processing in first-degree relatives of schizophrenia,at-risk relatives+HC,270,NA,NR,0,0
PMID30565368,exclude,E5,NA,Parkinson's disease MCI subtypes imaging,patients,NR,NA,NR,0,0
PMID29925874,exclude,E9,NA,DCM anterior hippocampus-temporal pole during empathy and rest,healthy adults,NR,anterior hippocampus,temporal pole,0,0
PMID32931940,maybe,I,rsfc,Post-encoding rest seed-to-whole-brain FC of right hippocampus/PHC modulated by body view in VR,healthy adults,NR,right hippocampus,"parahippocampus, sensorimotor fronto-parietal, medial parietal",0,0
PMID39651679,exclude,E9,NA,"Hippocampus-precuneus/inferior temporal rsFC with tau, amyloid and ApoE4 in unimpaired older adults",older adults (AD risk),NR,whole hippocampus,"precuneus, inferior temporal cortex",0,0
PMID41115795,include,I,task,Anterior hippocampal connectivity with DMN subsystems and other cortex during narrative encoding predicts memory,healthy adults,35,anterior hippocampus,"core and dorsomedial DMN, parietal, lateral temporal",0,0
PMID37757503,maybe,I,rsfc,Bilingual experience and subcortico-cortical rsFC of several subcortical seeds incl. hippocampus; seed detail unclear,healthy adults (bilinguals),NR,whole hippocampus,NR,0,0
PMID28210930,exclude,E7,NA,Nocebo disgust; OFC-seeded connectivity with hippocampus,healthy women,38,NA,NR,0,0
PMID23486972,exclude,E7,NA,Children and young adults memory suppression; DLPFC-seeded network,children+young adults,43,NA,NR,0,0
PMID31488845,exclude,E9,NA,Background connectivity hippocampus-V1/V2 for predictive actions,healthy adults,NR,whole hippocampus,V1/V2,0,0
PMID36340755,exclude,E7,NA,ALE meta-analysis of spatial processing in blindness,NA,NR,NA,NR,0,0
PMID24436319,exclude,E2,NA,Longitudinal structural co-development of hippocampus and cortex in youth,children/adolescents,85,NA,NR,0,0
PMID34129948,exclude,E7,NA,ALE meta-analysis of navigation scales and reference frames,NA,NR,NA,NR,0,0
PMID37562962,include,I,rsfc,7T data-driven decomposition of subcortical structures incl. hippocampal subregions echoing cortical networks,healthy adults,NR,hippocampal subregions,"attention, control, visual, somatomotor, default networks",0,0
PMID27343830,exclude,E5,NA,"SVM classification of MCI vs NC using HE, ALFF, ReHo, GMD",patients+HC,62,NA,NR,0,0
PMID37717861,exclude,E5,NA,VBM meta-analysis of nucleus basalis in MCI/AD,patients+HC,2581,NA,NR,0,0
PMID31849148,exclude,E5,NA,GAD vs HC dynamic ALFF,patients+HC,NR,NA,NR,0,0
PMID35277492,exclude,E1,NA,Rat multi-regional electrophysiology of fear ensembles,NA,NR,NA,NR,0,0
PMID41820696,exclude,E5,NA,APOE e4 and hippocampus-olfactory ROI connectivity across clinical stages,mixed clinical stages,126,whole hippocampus,"olfactory tract/bulb, piriform",0,0
PMID37016759,exclude,E11,NA,Computational/theoretical model of CA3 LTP,NA,NR,NA,NR,0,0
PMID14568492,maybe,I,rsfc,Methods for confound removal in no-task hippocampal connectivity; only interhemispheric hippocampal connectivity reported,healthy adults,5,whole hippocampus,NR,0,0
PMID27723500,exclude,E9,NA,Older adults memory performers; amygdala-EC-DG/CA3 connectivity within MTL,healthy older adults,NR,subfields,"entorhinal cortex, amygdala",0,0
PMID29311139,exclude,E7,NA,RSC permanence coding; RSC-MTL coupling,healthy adults,NR,NA,NR,0,0
PMID28104639,exclude,E5,NA,"mTLE-HS vs HC hippocampal volume, cingulum and hippocampus-PCC rsFC",patients+HC,30,left hippocampus,PCC,0,0
PMID38821251,exclude,E7,NA,World-class gymnasts vs controls functional stability; hippocampus only as result,athletes+controls,NR,NA,NR,0,0
PMID35423219,exclude,E11,NA,AI virtual screening of drug candidates; no imaging,NA,NR,NA,NR,0,0
PMID26814116,exclude,E7,NA,Perimenopausal women hypothalamus-seeded rsFC,perimenopausal women,66,NA,NR,0,0
PMID28689053,exclude,E9,NA,"FC of three predefined regions (mPFC, PCC, vlPFC) with hippocampi during movies; young vs older",healthy young and older adults,NR,whole hippocampus,"mPFC, PCC, vlPFC",0,0
PMID20188183,include,I,rsfc,"Hippocampus-posteromedial rsFC predicts memory in cognitively intact older adults, with whole-brain exploratory hippocampal analyses",healthy older adults,NR,whole hippocampus,"precuneus, posterior cingulate",0,0
PMID42234210,maybe,I,rsfc,Connectopic mapping gradients of hippocampus-amygdala complex in healthy (N=410) and psychiatric cohorts; combined seed,healthy adults+psychiatric cohort,777,hippocampus-amygdala complex,NR,0,0
PMID17921875,exclude,E5,NA,TLE patients hippocampal-temporal/frontal coupling predicting postoperative memory,patients,NR,whole hippocampus,BA22,0,0
PMID30067939,exclude,E7,NA,MKDA meta-analysis of neuroimaging of peripheral inflammation,NA,457,NA,NR,0,0
PMID29802600,exclude,E7,NA,Acute social stress effects on coherence ReHo,healthy young adults,30,NA,NR,0,0
PMID24899709,exclude,E10,NA,Resveratrol RCT effects on memory and hippocampal FC in older adults,healthy older adults,46,posterior hippocampus,mPFC,0,0
PMID22037418,exclude,E7,NA,EEG-fMRI spindle-coupled reactivation (activation) during sleep,healthy adults,NR,NA,NR,0,0
PMID23392685,maybe,I,task,"Pain vs tone during encoding reduces anterior hippocampus FC with extrastriate cortex; condition effect, whole-brain unclear",healthy adults,NR,anterior hippocampus,extrastriate cortex,0,0
PMID35803398,exclude,E5,NA,MKDA meta-analysis of anger tasks in aggression-prone individuals,aggressive individuals+controls,NR,NA,NR,0,0
PMID27592810,maybe,I,task,Hippocampal cluster near amygdala shows increased FC with PHG when arousing context retrieved; whole-brain PPI unclear,healthy adults,NR,anterior hippocampus,parahippocampal gyrus,0,0
PMID29496614,exclude,E7,NA,Basal forebrain rsFC clustering; hippocampal complex as target,healthy young adults,100,NA,NR,0,0
PMID35165170,exclude,E7,NA,Loneliness vs social anxiety; striatal responses and striatal-hippocampal connectivity,healthy adults,82,NA,NR,0,0
PMID22691300,exclude,E5,NA,DTI ALE meta-analysis in MDD,patients+HC,492,NA,NR,0,0
PMID35051163,exclude,E1,NA,Rat FDG-PET neuropathic pain MVPA,NA,48,NA,NR,0,0
PMID36813907,maybe,I,rsfc,Anterior/posterior hippocampal seed-to-whole-brain static/dynamic rsFC before vs after social navigation task,healthy young adults,NR,anterior/posterior,"supramarginal, MCC, inferior parietal, angular, medial SFG",0,0
PMID25067818,exclude,E10,NA,EEG-fMRI network connectivity after sleep vs pre-sleep; hippocampal network via ICA,healthy males,22,NA,NR,0,0
PMID41806186,exclude,E5,NA,aMCI acupuncture RCT; hippocampal subregion rsFC vs HC,patients+HC,84,subfields,"right MFG, IFG",1,0
PMID41500267,exclude,E5,NA,Left TLE with hippocampal sclerosis vs HC 7T graph analysis incl. subfields,patients+HC,16,subfields,cortex,1,0
PMID29656497,exclude,E5,NA,PPPD vs HC whole-brain/ROI rsFC incl. left hippocampus,patients+HC,76,left hippocampus,"opercular, insular, temporal, occipital, cerebellum",1,0
PMID38145791,exclude,E5,NA,Paediatric posterior fossa tumour survivors seed-to-voxel memory circuits,paediatric patients+HC,56,NA,NR,0,0
PMID15219710,exclude,E1,NA,Rat hippocampal microdialysis of norepinephrine,NA,NR,NA,NR,0,0
PMID41749073,exclude,E5,NA,ALE meta-analysis of task activation in MDD,patients+HC,4082,NA,NR,0,0
PMID29966717,exclude,E7,NA,Contextual interference in motor learning; premotor-seeded resting connectivity,healthy young adults,26,NA,NR,0,0
PMID39853627,exclude,E2,NA,ALE meta-analysis of FDG-PET in COVID-19,patients,NR,NA,NR,0,0
PMID21335014,exclude,E10,NA,Glucose vs placebo effects on encoding activation and hippocampus/amygdala connectivity,healthy young males,NR,whole hippocampus,NR,0,0
PMID24662576,exclude,E7,NA,Graph modularity of 36 regions during odour recognition in young and elderly,healthy young and older adults,NR,NA,NR,0,0
PMID39607733,exclude,E10,NA,Intranasal insulin vs placebo effects on hippocampal task FC during food cues,healthy adults,60,whole hippocampus,"prefrontal cortex, calcarine gyrus",0,0
PMID28289940,exclude,E5,NA,MCI patients PCC-hippocampus activation relationships,patients,27,NA,NR,0,0
PMID31015068,exclude,E10,NA,"Oxytocin/vasopressin effects on face ratings, activation and connectivity",healthy males,20,NA,NR,0,0
PMID40568452,exclude,E5,NA,ALE meta-analysis of negative stimulus processing in schizophrenia and bipolar disorder,patients+HC,NR,NA,NR,0,0
PMID34116069,exclude,E7,NA,Semantic vs spatial scene construction; vmPFC network switching,healthy adults,NR,NA,NR,0,0
PMID21055874,exclude,E7,NA,Zen meditators pain activation and executive-pain cortex connectivity,meditators+controls,NR,NA,NR,0,0
PMID22874625,exclude,E5,NA,ALE meta-analysis of facial affect in bipolar disorder and schizophrenia,patients+HC,1018,NA,NR,0,0
PMID22736526,exclude,E9,NA,High-resolution FC restricted to MTL cortices and hippocampal subfields,healthy adults,NR,subfields,"ERC, PRC, PHC",0,0
PMID38870423,exclude,E9,NA,Autobiographical detail and age; hippocampal subfield volumes and MTL rsFC,healthy young adults,194,NA,NR,0,0
PPRPPR1078890,maybe,I,task,7T VASO/BOLD hippocampal layer fMRI with exploratory long-axis neocortical FC during autobiographical memory; methods,healthy adults,NR,anterior/posterior,frontoparietal neocortex,0,0
PMID37612347,exclude,E5,NA,Aortic surgery patients with vs without circulatory arrest; PCC/mPFC seed rsFC,patients,38,NA,NR,0,0
PMID38902928,exclude,E10,NA,Yohimbine/hydrocortisone vs placebo effects on amygdala and hippocampal seed rsFC,healthy adults,165,whole hippocampus,"cerebellum, amygdala",0,0
PMID26477660,exclude,E10,NA,Route learning vs control: DG diffusivity and hippocampal-cortical BOLD synchrony changes,healthy adults,NR,posterior dentate gyrus,cortical areas,0,0
PMID25963733,exclude,E7,NA,Dorsal/median raphe seed rsFC; hippocampus as target,healthy adults,49,NA,NR,0,0
PMID28483720,exclude,E7,NA,Emotional association memory; amygdala activity and coupling,healthy adults,NR,NA,NR,0,0
PMID12714174,exclude,E5,NA,Tactile prepulse inhibition activation in healthy and schizophrenia,patients+HC,NR,NA,NR,0,0
PMID41453464,maybe,I,task,"Hippocampal FC with DMN, DAN and MCC during social transitive inference (condition contrasts); whole-brain unclear",healthy adults,25,whole hippocampus,"default mode, dorsal attention, mid-cingulate",0,0
PMID37448490,exclude,E5,NA,ALE activation meta-analysis of emotion processing in depression; no hippocampal connectivity,patients,28 studies,NA,NR,0,0
PMID41221634,include,I,task,Beta-series hippocampus-seeded correlation map in healthy adults during inference task; widespread cortical regions,healthy adults,NR,whole hippocampus,"visual, prefrontal, MTL, temporoparietal cortex, OFC",0,0
PMID41034610,maybe,I,rsfc,HippoMaps toolbox/data warehouse incl. 3T/7T rsfMRI hippocampal subregional data; unclear if cortical FC maps reported,healthy adults + epilepsy iEEG,NR,subfields,NR,0,1
PMID35416608,exclude,E2,NA,Structural ALE meta-analysis of MCI grey matter; no fMRI connectivity,patients+HC,71 studies,NA,NR,0,0
PMID37253795,exclude,E9,NA,"Post-encoding rest network modelling among few ROIs (vmPFC, anterior hippocampus, LOC, DMN nodes)",healthy adults,NR,anterior hippocampus,"vmPFC, LOC",0,0
PMID24179755,maybe,I,meta,MTLE VBM ALE followed by MACM of hippocampus ROI (normative BrainMap co-activation); whole-brain MACM unclear,BrainMap/patients,22 experiments,whole hippocampus,thalamus MDN,0,0
PMID32595950,exclude,E11,NA,Computational model of CA1 OLM interneuron ion channels; not human fMRI,NA,NA,NA,NR,0,0
PMID16281291,include,I,task,Hippocampal-seed task FC during successful vs unsuccessful encoding; distributed cortical network,healthy adults,NR,whole hippocampus,"perirhinal, orbitofrontal, retrosplenial/PCC, lateral temporal, medial parietal, occipital",0,0
PMID22759997,exclude,E7,NA,Activation ALE meta-analysis of nonliteral language; no hippocampal connectivity,NA,38 studies,NA,NR,0,0
PMID33558196,exclude,E5,NA,AUD/HIV whole-brain connectome group differences; ACC-hippocampus edge,patients+HC,292,NA,NR,0,0
PMID41016120,exclude,E5,NA,TLE genotype VBM and graph theory; no hippocampal seed FC,patients+HC,88,NA,NR,0,0
PMID24792358,exclude,E5,NA,aMCI GMV and ALFF; no connectivity seed analysis,patients+HC,68,NA,NR,0,0
PMID42638617,exclude,E5,NA,AD exercise RCT; hippocampus-amygdala connectivity only,patients,46,whole hippocampus,NR,0,0
PMID22642616,exclude,E2,NA,In vitro slice physiology of heterotopia and hippocampus in epilepsy patient,patient,1,NA,NR,0,0
PMID40490646,exclude,E7,NA,Graph nodal efficiency associations with retinal vessels; hippocampus only a result node,community older adults,1532,NA,NR,0,0
PMID40552996,exclude,E5,NA,tACS RCT in mild AD; hippocampus-cortex FC changes,patients,46,whole hippocampus,"middle cingulate, middle frontal",0,0
PMID26875624,exclude,E9,NA,Post-learning SN/VTA-hippocampus rsFC and reactivation; restricted ROI pair,healthy adults,NR,whole hippocampus,NR,0,0
PMID30581011,exclude,E7,NA,7T hippocampal BOLD/pattern separation and tDCS GABA; no hippocampal FC seed analysis,healthy adults,NR,NA,NR,0,0
PMID37923122,maybe,I,rsfc,Hippocampal vs caudate network dominance across adulthood related to episodic memory; hippocampal network maps likely,lifespan,347,whole hippocampus,NR,0,0
PMID25512574,maybe,I,task,Incidental recognition fMRI with FC analyses linking hippocampus and prefrontal cortex; seed and extent unclear,healthy adults,NR,whole hippocampus,prefrontal cortex,0,0
PMID35667634,exclude,E7,NA,ALE activation meta-analysis of food viewing; no connectivity,healthy adults,24 studies,NA,NR,0,0
PMID36920933,exclude,E1,NA,Resting-state network analysis in anxious dogs,dogs,38,NA,NR,0,0
PMID38637536,exclude,E5,NA,MDD vs HC dynamic FC of hippocampal subregions; antidepressant response,patients+HC,79,subfields,"precentral, superior temporal, postcentral",1,0
PMID28363111,maybe,I,rsfc,Hippocampal Glx related to anterior hippocampal rsFC (subcallosal) in young and older adults; whole-brain map uncertain,healthy young and older adults,NR,anterior hippocampus,subcallosal gyrus,0,0
PMID24905971,exclude,E5,NA,APOE4 carriers vs noncarriers hippocampal-seed rsFC (genetic risk),genetic risk+controls,46,whole hippocampus,"frontal, cingulate, thalamus, basal ganglia",1,0
PMID14746918,exclude,E1,NA,Guinea pig hippocampal slice LTP pharmacology,animal,NA,NA,NR,0,0
PMID25833281,exclude,E5,NA,5-HTTLPR genotype effects on amygdala-seed rsFC; hippocampus not a seed,healthy males by genotype,NR,NA,NR,0,0
PMID38913894,exclude,E1,NA,Resting-state ICA networks in echolocating bats,animal,9,NA,NR,0,0
PMID23254143,exclude,E5,NA,Childhood emotional maltreatment group comparison with amygdala/dACC/PCC/dmPFC seeds; no hippocampal seed,exposure vs controls,88,NA,NR,0,0
PMID27054401,maybe,I,task,FC analysis showing frontoparietal coupling with right hippocampus during recollection rejection; seed/whole-brain extent unclear,healthy adults,NR,whole hippocampus,"lateral prefrontal, parietal",0,0
PMID15456793,exclude,E1,NA,Receptor cross-talk in Xenopus oocytes and cultured neurons,non-human cells,NA,NA,NR,0,0
PMID19909818,exclude,E7,NA,Global brain connectivity hubs; hippocampus only reported as high-GBC result,healthy adults,NR,NA,NR,0,0
PMID31278805,exclude,E5,NA,Review of neural changes after cognitive remediation in schizophrenia,patients,NA,NA,NR,0,0
PMID30628993,exclude,E5,NA,Systematic review of neuroimaging predictors of ECT response in depression,patients,19 studies,NA,NR,0,0
PMID26060325,exclude,E9,NA,Nostalgia fMRI; HPC-ventral striatum co-activation only,healthy females,NR,whole hippocampus,NR,0,0
PMID37683943,exclude,E5,NA,Review of machine learning fMRI in anxiety disorders,patients,12 studies,NA,NR,0,0
PMID24686109,exclude,E5,NA,TLE graph theory whole-brain topology vs controls,patients+HC,51,NA,NR,0,0
PMID36451360,exclude,E5,NA,Subjective cognitive decline subtypes ALFF/fALFF and thickness; no hippocampal FC,at-risk,147,NA,NR,0,0
PMID37902363,exclude,E8,NA,Methods video protocol for building spatial navigation network; no original hippocampal FC data,NA,NA,NA,NR,0,0
PMID25379440,exclude,E5,NA,OSA MSNA-coupled BOLD activation and VBM; no hippocampal connectivity,patients+HC,32,NA,NR,0,0
PMID24914006,exclude,E5,NA,5-HTTLPR x life stress effects on hippocampal-area FC/DTI; genetic-risk group effects only,healthy women by genotype,34,MTL,posterior cingulate,0,0
PMID15670675,exclude,E2,NA,Intracranial depth-electrode P3 phase-locking in hippocampal sclerosis,patients,NR,NA,NR,0,0
PMID33057747,exclude,E5,NA,Chronic migraine FC density vs controls,patients+HC,52,NA,NR,0,0
PMID33786931,include,I,rsfc,HCP 7T rsfMRI ICA/dual regression of hippocampal subfields showing somatomotor and default mode network participation,HCP,NR,subfields,"default mode network, somatomotor network",0,0
PMID22001316,exclude,E2,NA,VBM ALE meta-analysis of grey matter in MDD,patients+HC,20 studies,NA,NR,0,0
PPRPPR1210381,exclude,E5,NA,Amyloid effects on dynamic connectomes in transgenic mice and preclinical AD humans,mice + amyloid-positive humans,NR,NA,NR,0,0
PPRPPR902916,exclude,E7,NA,Thalamic nuclei ROI-to-ROI FC across learning; hippocampus not the focal seed,healthy adults,NR,NA,NR,0,0
PMID38220469,exclude,E5,NA,Youth at familial risk for bipolar disorder gPPI connectome,at-risk youth+controls,176,NA,NR,0,0
PMID27791017,exclude,E1,NA,Rat rsfMRI retrosplenial seed in cognitive aging,rats,NR,NA,NR,0,0
PMID23295017,exclude,E8,NA,Brief commentary on hippocampal-neocortical dialogue (ripple-triggered fMRI); no original data,NA,NA,NA,NR,0,0
PMID25496966,exclude,E7,NA,ALE activation meta-analysis of menstrual cycle effects; no connectivity,healthy women,11 studies,NA,NR,0,0
PMID22266411,maybe,I,task,"Task FC among hippocampus, caudate and OFC during overlapping-route navigation; unclear if hippocampal seed whole-brain",healthy adults,NR,whole hippocampus,"orbitofrontal cortex, caudate",0,0
PMID33359340,exclude,E7,NA,ALE activation meta-analysis of fear processing; no hippocampal connectivity,healthy adults,92 studies,NA,NR,0,0
PMID39154932,exclude,E5,NA,OCD subtyping via normative FC strength models,patients+HC,203,NA,NR,0,0
PMID41972106,exclude,E5,NA,Multimodal ALE of depression in AD/MCI,patients,30 studies,NA,NR,0,0
PMID25869784,exclude,E2,NA,Structural coordinate meta-analysis of AD and late-life depression,patients,NR,NA,NR,0,0
PMID35884860,exclude,E7,NA,ALE/LDA activation meta-analysis of intentional forgetting; no hippocampal-seed connectivity,healthy adults,NR,NA,NR,0,0
PMID34772904,exclude,E10,NA,Acute balance training effects on rsFC in healthy young adults; intervention outcome,healthy young adults,28,NA,NR,0,0
PPRPPR1060900,exclude,E6,NA,Precision mapping of posterior hippocampal system in developmental sample aged 5-21,children/adolescents/young adults,471,anterior/posterior,"posteromedial network, parieto-occipital sulcus",0,0
PMID25972119,exclude,E5,NA,Sports concussion ROI partial correlations vs controls,patients+HC,18,NA,NR,0,0
PMID26063914,exclude,E7,NA,Category learning activation; hippocampus only activation result,healthy adults,NR,NA,NR,0,0
PMID27908591,exclude,E7,NA,Future imagination PLS with insula seed connectivity; hippocampus not seed,healthy adults,NR,NA,NR,0,0
PMID25997640,exclude,E7,NA,DAT genotype and age effects on striatal-seed connectivity during WM; hippocampus not seed,healthy adults across lifespan,NR,NA,NR,0,0
PMID40556954,exclude,E5,NA,ALE of CBT effects in depression/anxiety patients,patients,22 studies,NA,NR,0,0
PMID29448003,exclude,E5,NA,Insomnia vs good sleepers hippocampal seed rsFC,patients+HC,130,whole hippocampus,middle frontal gyrus,1,0
PMID28583387,exclude,E7,NA,Age-by-valence prefrontal recruitment and vividness; no hippocampal seed analysis reported,lifespan,NR,NA,NR,0,0
PMID24976168,exclude,E5,NA,Developmental topographical disorientation vs controls hippocampal seed rsFC,patients+HC,NR,whole hippocampus,prefrontal cortex,1,0
PMID26332666,maybe,I,task,Hippocampal sensitivity to temporal community structure incl. connectivity with other regions; extent unclear,healthy adults,NR,whole hippocampus,NR,0,0
PMID27797832,include,I,rsfc,Intrinsic FC of cortico-hippocampal networks in humans (and mice); hippocampal long-axis connectivity with cortical networks,healthy adults + mice,NR,anterior/posterior,"sensory and association cortical networks, parahippocampal region",0,0
PMID41274776,exclude,E7,NA,ALE activation meta-analysis of exercise effects,mixed,34 studies,NA,NR,0,0
PMID24139810,exclude,E5,NA,PTSD trauma memory exposure fMRI connectivity,patients,16,whole hippocampus,"striatum, dorsal cingulate, OFC",0,0
PMID23755001,exclude,E7,NA,MACM/rsFC of ventral and dorsal mPFC seeds; hippocampus only as result,healthy adults/BrainMap,NR,NA,NR,0,0
PMID36376927,exclude,E5,NA,ALE of structural/functional alterations in small vessel disease,patients,NR,NA,NR,0,0
PMID41083956,exclude,E5,NA,Somatic vs non-somatic depression hippocampal subregion FC and GMV,patients+HC,261,subfields,"superior occipital, middle temporal gyrus",1,0
PMID30009477,exclude,E9,NA,Post-encoding connectivity between category-selective ROIs and hippocampus/perirhinal; ROI-restricted,healthy adults,NR,whole hippocampus,retrosplenial cortex,0,0
PMID37105093,exclude,E5,NA,Lead-exposed workers vs controls; hippocampal subfield seed FC group differences,exposure+controls,76,subfields,postcentral gyrus,1,0
PMID36563018,exclude,E7,NA,Sex differences in DMN connectivity (PCC seeds) in HCP-Aging; hippocampus not a seed,healthy lifespan (HCP-A),595,NA,NR,0,0
PMID30686987,exclude,E7,NA,ALE activation meta-analysis of spatial ability,healthy adults,103 studies,NA,NR,0,0
PPRPPR1285929,exclude,E5,NA,Adolescent depression stress fMRI with fronto-limbic seeds vs controls,adolescent patients+HC,92,whole hippocampus,"insula, frontal operculum",0,0
PMID34825381,exclude,E5,NA,ECT effects on pain circuit in MDD,patients+HC,67,NA,NR,0,0
PMID19555933,exclude,E9,NA,SEM effective connectivity among few emotional memory ROIs in young vs older adults,healthy young and older adults,NR,whole hippocampus,"vmPFC, amygdala, thalamus",0,0
PMID29164280,exclude,E7,NA,Decision-making activation and network analysis; hippocampus only involved region,healthy young adults,19,NA,NR,0,0
PMID31058404,exclude,E9,NA,Subfield long-axis rsFC restricted to subfields and neighbouring MTL/retrosplenial ROIs in young and older adults,healthy young and older adults,NR,subfields,"entorhinal, perirhinal, parahippocampal, retrosplenial cortex",0,0
PMID28948980,exclude,E10,NA,Hydrocortisone vs placebo effects on fear extinction activation/connectivity in healthy men,healthy men,40,MTL,vmPFC,0,0
PMID20974272,exclude,E7,NA,Social exclusion activation and vACC connectivity; hippocampus not a seed,healthy adults,NR,NA,NR,0,0
PMID29273965,exclude,E1,NA,Rat organotypic hippocampal slice cultures,animal,NA,NA,NR,0,0
PMID35964543,exclude,E7,NA,ALE activation meta-analysis of autobiographical memory by age,healthy young and older adults,45 studies,NA,NR,0,0
PMID32304021,exclude,E5,NA,Acute mild TBI insula subdivision seed FC vs controls,patients+HC,90,NA,NR,0,0
PMID30648325,exclude,E5,NA,Unilateral MTL resection patients vs HC; mPFC-seed task FC,patients+HC,NR,NA,NR,0,0
PMID29025134,exclude,E10,NA,Cannabis/cannabidiol effects on music reward activation and ventral striatal connectivity,cannabis users,16,NA,NR,0,0
PMID20521852,exclude,E9,NA,Sleep vs wake emotional memory retrieval; effective connectivity among limbic ROIs,healthy adults,NR,NA,NR,0,0
PMID38997145,exclude,E5,NA,Painful trigeminal neuropathy PAG-seed connectivity,patients,24,NA,NR,0,0
PMID34923135,exclude,E7,NA,Beta-series whole-brain network hubs in chunk decomposition; hippocampus only a hub result,healthy adults,NR,NA,NR,0,0
PMID30254219,exclude,E7,NA,Hippocampal replay via pattern analysis during rest; no hippocampal connectivity,healthy adults,NR,NA,NR,0,0
PMID36066181,include,I,rsfc,Whole-brain voxelwise hippocampal-seed rsFC related to cognitive decline in older Black adults without dementia,healthy older adults,132,whole hippocampus,"dorsolateral PFC, precentral, intracalcarine, fusiform",0,0
PMID32710332,exclude,E5,NA,ALE activation meta-analysis of PTSD emotion/cognition,patients+controls,NR,NA,NR,0,0
PMID23452684,exclude,E5,NA,Developmental ALE meta-analysis of ASD activation,patients,42 studies,NA,NR,0,0
PMID41021925,exclude,E6,NA,ABCD children football vs noncontact athletes MRI outcomes,children,2001,NA,NR,0,0
PMID30472489,exclude,E5,NA,TLE treatment resistance thalamo-hippocampal rsFC vs controls,patients+HC,NR,whole hippocampus,thalamus,1,0
PMID42533178,exclude,E2,NA,AES-SDM grey matter meta-analysis and VBM in TLE,patients+HC,NR,NA,NR,0,0
PMID26578525,exclude,E7,NA,ALE activation meta-analysis of familiarity; no hippocampal connectivity,healthy adults,69 studies,NA,NR,0,0
PMID42083449,exclude,E9,NA,"Sleep efficiency, cortisol recovery and dlPFC-hippocampus FC; single pathway focus",healthy adults,77,whole hippocampus,dorsolateral PFC,0,0
PMID39878439,exclude,E10,NA,Post-retrieval noradrenergic/glucocorticoid drug effects on memory; reactivation analyses,healthy adults,NR,NA,NR,0,0
PMID41574697,exclude,E5,NA,Chronic rhinosinusitis olfactory dysfunction VBM and FC vs controls,patients+HC,46,NA,NR,0,0
PMID25703942,exclude,E10,NA,Hyperbaric oxygen vs placebo ReHo/FC effects in healthy young adults,healthy young adults,20,NA,NR,0,0
PMID37278043,exclude,E5,NA,AD/MCI Granger causality density and VBM,patients+HC,48,NA,NR,0,0
PMID29260367,exclude,E5,NA,Premenstrual syndrome amygdala volume and seed FC,patients+HC,41,NA,NR,0,0
PMID18486104,exclude,E2,NA,Anatomic likelihood estimation of grey matter in schizophrenia,patients+HC,31 studies,NA,NR,0,0
PMID29066394,exclude,E7,NA,DTI and ICA connectivity among semantic system ROIs; hippocampus not seed,healthy adults,19,NA,NR,0,0
PMID42140097,exclude,E2,NA,Structural ALE and network meta-analysis of ECT effects in depression,patients,11 studies,NA,NR,0,0
PMID32364666,exclude,E5,NA,Multi-site AD/MCI rsfMRI alterations and classification,patients+HC,688,NA,NR,0,0
PMID40059359,exclude,E5,NA,Early neurosyphilis DTI and ALFF,patients+HC,40,NA,NR,0,0
PMID24585433,exclude,E7,NA,Graph efficiency of weak connections and IQ; hippocampus only as result region,healthy adults various ages,98,NA,NR,0,0
PMID29763448,exclude,E5,NA,Acupuncture effects on ALFF and seed FC in AD,patients+HC,28,whole hippocampus,precentral gyrus,0,0
PMID25154600,include,I,task,Seed-based task FC of hippocampal and prefrontal seeds with whole-brain networks during episodic and spatial memory,healthy adults,NR,whole hippocampus,"medial temporal network, medial prefrontal-parietal network",0,0
PMID42476914,exclude,E5,NA,LGI1 limbic encephalitis amnesia; hippocampal-mPFC connectivity in patient subset,patients+HC,54,whole hippocampus,medial prefrontal cortex,0,0
PMID17958471,exclude,E10,NA,Sleep deprivation effects on emotional recollection and hippocampus-mPFC connectivity,healthy adults,NR,whole hippocampus,medial prefrontal cortex,0,0
PMID29582502,exclude,E7,NA,rTPJ activation and rTPJ-seed connectivity in social decision-making,healthy adults,20,NA,NR,0,0
PMID30725233,maybe,I,task,Learning-related change in FC between a small hippocampal region and parietal regions; whole-brain extent unclear,healthy adults,NR,whole hippocampus,parietal cortex,0,0
PMID38147082,exclude,E2,NA,"Structural similarity (T1w/T2w, GM) of hippocampal subfield circuits in MCI/dementia",patients+NC,116,subfields,NR,0,0
PMID28180071,exclude,E5,NA,ALE meta-analysis of grey matter and activation in migraine,patients+controls,13 studies,NA,NR,0,0
PMID40133587,exclude,E5,NA,Vestibular migraine graph-theory hubs,patients+HC,89,NA,NR,0,0
PMID21753010,include,I,rsfc,EEG-fMRI hippocampal formation subregion FC with DMN/neocortex in wakefulness and NREM sleep stages,healthy young adults,NR,subfields,"default mode network, frontal regions, neocortex",0,0
PMID32728934,exclude,E7,NA,Ventral PCC-parietal FC and memory change in older adults; hippocampus not seed,healthy older adults,120,NA,NR,0,0
PMID30713104,exclude,E7,NA,Sleep vocabulary learning; hippocampal activation only,healthy young adults,NR,NA,NR,0,0
PMID24468408,exclude,E6,NA,Developmental sample aged 10-24; amygdala/hippocampus coupling with OFC/VLPFC changes with age,adolescents and young adults,50,whole hippocampus,"orbitofrontal cortex, ventrolateral PFC",0,0
PMID26611565,exclude,E2,NA,Ex vivo diffusion MRI microtractography of resected epileptic hippocampus,patient,1,NA,NR,0,0
PMID31009885,exclude,E5,NA,Smokers vs controls error learning activation,smokers+HC,46,NA,NR,0,0
PMID25405941,include,I,task,Anterior medial hippocampus seed FC with distributed brain areas during scene construction vs perception,healthy adults,NR,anterior hippocampus,distributed network (NR),0,0
PMID23968839,maybe,I,task,Hippocampal FC with cerebellum during spatio-temporal prediction; whole-brain extent unclear,healthy adults,NR,whole hippocampus,cerebellum,0,0
PMID30795831,exclude,E5,NA,Single case of autoimmune encephalitis with selective hippocampal lesions,patient,1,whole hippocampus,"retrosplenial cortex, precuneus",0,0
PMID31094551,exclude,E7,NA,Arithmetic PPI from intraparietal sulcus seed; hippocampus only activation,healthy young adults,28,NA,NR,0,0
PMID28856766,exclude,E2,NA,VBM ALE meta-analysis of grey matter asymmetries in aging and neurodegeneration,patients+controls,159 studies,NA,NR,0,0
PMID40794887,exclude,E9,NA,Schema encoding: vmPFC-HPC and AG-HPC interactions in young and older adults; specific ROI pairs,healthy young and older adults,NR,whole hippocampus,"vmPFC, angular gyrus",0,0
PMID42658268,exclude,E7,NA,Beta-series graph theory during naturalistic recollection; hippocampus only as node metric,healthy adults,22,NA,NR,0,0
PMID33049365,exclude,E6,NA,Children with overweight/obesity hippocampal seed rsFC and fitness,children,99,anterior/posterior,frontal regions,0,0
PPRPPR18062,exclude,E7,NA,Third-party punishment; vmPFC-seed connectivity; hippocampus only activation,healthy adults,NR,NA,NR,0,0
PMID40164305,exclude,E10,NA,tACS over M1 effects on visuomotor integration and M1 connectivity,healthy adults,NR,NA,NR,0,0
PMID40755320,exclude,E2,NA,VBM meta-analysis of grey matter in idiopathic generalized epilepsy,patients+HC,22 studies,NA,NR,0,0
PPRPPR447829,exclude,E5,NA,aMCI vs HC hippocampus/thalamus/amygdala seed whole-brain rsFC,patients+HC,66,whole hippocampus,"precuneus, parahippocampal, anterior cingulate",1,0
PMID29326231,exclude,E9,NA,Location-specific threat learning; vmPFC-hippocampal and insula-hippocampal pairwise FC,healthy adults,NR,anterior/posterior,"vmPFC, insula",0,0
PMID26918313,exclude,E5,NA,ALE meta-analysis and review of resting-state abnormalities in PTSD,patients+HC,23 studies,NA,NR,0,0
PMID25404919,exclude,E5,NA,ALE of brain function in paediatric bipolar and high-risk youth,patients/at-risk youth,29 studies,NA,NR,0,0
PMID22487039,exclude,E9,NA,Reinforcement learning generalization; ventral striatum-hippocampus connectivity only,healthy adults,NR,whole hippocampus,NR,0,0
PMID26178381,exclude,E7,NA,7T BNST seed rsFC; hippocampus only a result,healthy adults,NR,NA,NR,0,0
PMID28559378,exclude,E7,NA,Retrieval suppression; DLPFC effective connectivity to hippocampus/amygdala; hippocampus as target,healthy adults,NR,NA,NR,0,0
PMID22760159,exclude,E5,NA,Migraine frequency groups hippocampal morphometry and FC,patients+HC,NR,whole hippocampus,pain-processing regions,0,0
PMID23313012,exclude,E5,NA,AD associative retrieval activation and PCC connectivity vs HC,patients+HC,NR,NA,NR,0,0
PMID21362744,exclude,E5,NA,Refractory/nonrefractory depression multi-seed rsFC vs HC,patients+HC,108,NA,NR,0,0
PMID39428880,exclude,E7,NA,Real-time neurofeedback inducing hippocampal representational change; no connectivity,healthy adults,NR,NA,NR,0,0
PMID30477561,exclude,E5,NA,Female MDD ALFF and middle occipital seed FC vs HC,patients+HC,38,NA,NR,0,0
PMID34822878,exclude,E2,NA,Meta-analysis of structural brain-cognition associations in schizophrenia,patients,88 studies,NA,NR,0,0
PMID37019685,exclude,E5,NA,ALE of functional alterations in migraine,patients+HC,NR,NA,NR,0,0
PMID36587288,maybe,I,rsfc,Post-learning rsfMRI: hippocampal-sensorimotor network connectivity changes after motor sequence learning; baseline maps plausible,healthy adults,NR,whole hippocampus,sensorimotor network,0,0
PMID39142424,exclude,E1,NA,CASPR2 autoantibodies in rodent models; mouse rsFC,animal,NA,NA,NR,0,0
PMID34555480,exclude,E5,NA,MDD vs HC rsFC of hippocampal long-axis subregions across adult lifespan,patients+HC,NR,anterior/posterior,"insula, nucleus accumbens, postcentral gyrus",1,0
PMID26908392,exclude,E5,NA,Antisocial personality disorder ventral striatum seed FC and MAO-A PET,patients,19,NA,NR,0,0
PMID33351809,exclude,E7,NA,ALFF correlates of microexpression recognition; no hippocampal connectivity,healthy adults,NR,NA,NR,0,0
PMID38610134,exclude,E7,NA,ALE activation meta-analysis of happy autobiographical memories,healthy adults,17 studies,NA,NR,0,0
PMID23098800,maybe,I,rsfc,Rat hippocampal-prefrontal rsFC with human homologue analysis of hippocampal seeds to medial prefrontal; human extent unclear,rats + healthy humans,NR,anterior/posterior,medial prefrontal cortex,0,0
PMID38584088,exclude,E7,NA,Inferior parietal activation/connectivity in transitive inference; hippocampus not seed,healthy adults,NR,NA,NR,0,0
PMID30941394,exclude,E1,NA,Field potential source separation in anesthetized rats,animal,NA,NA,NR,0,0
PMID22116037,exclude,E7,NA,Precuneus connectivity-based parcellation; hippocampus only as target,healthy adults,225,NA,NR,0,0
PMID23146249,exclude,E5,NA,Schizophrenia reward processing and midbrain seed FC,patients+HC,NR,NA,NR,0,0
PMID36528854,maybe,I,task,Sleep deprivation vs rested wakefulness hippocampal gPPI whole-brain FC during n-back; rested-state maps plausibly reported,healthy men,16,whole hippocampus,"SMA, frontal operculum, precentral, superior parietal, lingual",0,0
PMID40033236,exclude,E5,NA,ALE of MRI findings in subthreshold depression,patients,24 studies,NA,NR,0,0
PMID36695891,include,I,rsfc,Intrinsic hippocampal seed connectivity related to retrospective duration processing in healthy adults; subfield follow-up,healthy adults,NR,whole hippocampus,precentral gyrus,0,0
PMID24060006,maybe,I,task,Hippocampus-cortex task FC during true/false retrieval in adults vs 8-9-year-olds; adult maps likely,healthy adults + children,31,anterior hippocampus,"parietal, dorsolateral PFC, ventrolateral PFC, middle temporal",0,0
PMID23747286,exclude,E9,NA,Two-region stochastic DCM DLPFC-hippocampal formation reproducibility,healthy adults,180,whole hippocampus,dorsolateral PFC,0,0
PMID30260561,exclude,E1,NA,Huntington mouse model connectomics,animal,NA,NA,NR,0,0
PMID26666529,exclude,E1,NA,Rat dentate gyrus receptor interactions and behaviour,animal,NA,NA,NR,0,0
PPRPPR1023879,exclude,E7,NA,Perivascular space associations with voxelwise FC metrics in HCP-Aging; hippocampus only as result,healthy aging (HCP-A),512,NA,NR,0,0
PMID31917325,maybe,I,task,Task FC of hippocampus and TPJ during social network learning; hippocampal-specific whole-brain results unclear,healthy adults,NR,whole hippocampus,"temporoparietal junction, default mode, somatomotor, visual",0,0
PMID37848404,exclude,E5,NA,Local synchrony mapping in schizophrenia,patients+HC,223,NA,NR,0,0
PMID34893841,exclude,E5,NA,"Olfactory region structure/function across SCD, MCI, AD",patients+NC,269,whole hippocampus,parahippocampus,0,0
PMID34949691,exclude,E1,NA,Rat CA1-subicular presynaptic receptor physiology,animal,NA,NA,NR,0,0
PMID28111154,exclude,E2,NA,Network-targeted TMS effects on recollection precision measured with EEG; no fMRI FC data reported,healthy adults,NR,NA,NR,0,0
PMID38548770,exclude,E7,NA,Threat omission and subsequent safety memory; vmPFC connectivity; hippocampus only activation,healthy adults,38,NA,NR,0,0
PMID20357121,maybe,I,task,"Anterior vs posterior hippocampal FC during encoding (temporal pole, precuneus); whole-brain seed analysis plausible",healthy adults,NR,anterior/posterior,"temporal pole, precuneus",0,0
PMID29475078,exclude,E2,NA,MCI and APOE4 path analyses with EEG oscillations and structure,patients+HC,60,NA,NR,0,0
PMID26771739,exclude,E6,NA,School-age children hippocampal/amygdala whole-brain rsFC and preschool poverty,children,NR,whole hippocampus,"superior frontal, lingual, posterior cingulate",0,0
PMID23685185,exclude,E2,NA,VBM meta-analysis of grey matter in chronic pain,patients+HC,NR,NA,NR,0,0
PMID33248191,exclude,E5,NA,Obese males degree centrality and Granger causality,patients+controls,48,NA,NR,0,0
PMID36863548,include,I,task,Hippocampal voxel-to-whole-brain connectivity gradientography during naturalistic news viewing; anterior hippocampus maps onto DMN,healthy mid-life adults + MCI/AD,219,anterior/posterior,default mode network,1,0
PMID30937597,exclude,E5,NA,Multimodal MRI fusion in schizophrenia,patients+HC,NR,NA,NR,0,0
PMID36915148,exclude,E7,NA,Purpose in life and DMN system segregation; hippocampal formation only a node,healthy middle-aged adults,624,NA,NR,0,0
PPRPPR1031788,exclude,E10,NA,THC/CBD effects on receptor-enriched rsFC in cannabis users,adolescent and adult cannabis users,48,NA,NR,0,0
PMID26836175,exclude,E5,NA,AD/MCI intrinsic activity of MTL subregions and cortical thickness,patients+HC,65,subfields,NR,0,0
PMID29703998,exclude,E10,NA,Intranasal oxytocin effects on chemosensory stress processing,healthy adults,58,NA,NR,0,0
PPRPPR310327,exclude,E10,NA,Lorazepam effects on coercion-related activation and hippocampus-dlPFC FC,healthy adults,NR,whole hippocampus,dorsolateral PFC,0,0
PMID18455740,exclude,E9,NA,OFC-hippocampus connectivity for smiling vs neutral face-name memory,healthy adults,NR,whole hippocampus,orbitofrontal cortex,0,0
PPRPPR1151066,exclude,E1,NA,TgF344-AD rat rsFC and CAPs,animal,NA,NA,NR,0,0
PMID27422018,exclude,E9,NA,Serial encoding within events; hippocampus-vmPFC connectivity,healthy adults,NR,whole hippocampus,ventromedial PFC,0,0
PPRPPR695190,exclude,E1,NA,Squirrel monkey prefrontal-subcortical rsFC development,animal,37,NA,NR,0,0
PMID41389410,exclude,E1,NA,Ultrasound neuromodulation in AD mouse models,animal,NA,NA,NR,0,0
PMID36963514,exclude,E5,NA,Ketamine trial in chronic suicidality; hippocampal seed rsFC changes,patients,28,whole hippocampus,superior frontal gyrus,0,0
PPRPPR18208,exclude,E1,NA,Chd8 haploinsufficient mice rsFC,animal,NA,NA,NR,0,0
PMID26156558,maybe,I,rsfc,Healthy older adults KIBRA genotype; seed-based hippocampal FC network; normative map plausible,healthy older adults,140,whole hippocampus,NR,0,0
PMID35022447,exclude,E7,NA,Prefrontal inhibitory control with effective connectivity to hippocampus/motor cortex; prefrontal seeds,healthy adults,NR,NA,NR,0,0
PMID26801076,exclude,E1,NA,Rat hippocampal synaptosome receptor interactions,animal,NA,NA,NR,0,0
PMID32949475,exclude,E5,NA,Children with nonverbal learning disability vs TD hippocampal volume and rsFC,paediatric patients+TD,44,whole hippocampus,cerebellum,0,0
PMID30296706,exclude,E7,NA,Menstrual phase sex differences in emotion activation; putamen connectivity,healthy adults,40,NA,NR,0,0
PMID36573400,exclude,E10,NA,Angular gyrus TMS effects on hippocampal/entorhinal temporal dynamics,healthy adults,18,anterior/posterior,angular gyrus,0,0
PMID24313597,exclude,E5,NA,TLE vs HC hippocampal seed whole-brain rsFC group differences,patients+HC,40,whole hippocampus,"limbic, frontal, angular, sensorimotor, precuneus",1,0
PMID40491111,exclude,E5,NA,ALE of rsfMRI alterations in systemic lupus erythematosus,patients+HC,13 studies,NA,NR,0,0
PMID31128251,exclude,E5,NA,Children with third ventricle tumours pre/post surgery rsfMRI incl. hippocampal ROI,paediatric patients,9,whole hippocampus,NR,0,0
PMID27662291,exclude,E2,NA,Longitudinal grey matter patterns predicting decline in amyloid-positive elders,at-risk older adults,96,NA,NR,0,0
PMID20637787,include,I,task,Hippocampal seed PLS whole-brain task FC at encoding vs retrieval plus SEM; parietal and retrosplenial,healthy adults,NR,whole hippocampus,"inferior parietal, retrosplenial cortex",0,0
PMID40608009,exclude,E5,NA,Paediatric TLE thalamic connectivity gradients,paediatric patients+controls,123,NA,NR,0,0
PMID30702203,exclude,E9,NA,Imagery/perception coupling between high-level visual ROIs and hippocampus,healthy adults,19,whole hippocampus,"high-level visual cortex (PPA, FFA)",0,0
PMID29341344,include,I,task,"Task FC of anterior and posterior hippocampal seeds (and PHC) across autobiographical, spatial, conceptual tasks",healthy adults,NR,anterior/posterior,"default mode network, semantic regions, medial-posterior regions",0,0
PPRPPR1156507,exclude,E9,NA,"Flavor pleasantness ROI-to-ROI/DCM among insula, OFC, PFC, hippocampus, amygdala",healthy adults,19,whole hippocampus,"insula, OFC",0,0
PMID24975229,exclude,E7,NA,ALE activation meta-analysis of meditation types,healthy adults,24 experiments,NA,NR,0,0
PMID36069658,exclude,E7,NA,Artificial grammar learning; Broca connectivity; hippocampus only activation,healthy adults,NR,NA,NR,0,0
PMID20410145,exclude,E5,NA,bvFTD and AD ICA network connectivity vs controls,patients+HC,36,NA,NR,0,0
PMID33045521,exclude,E10,NA,Multi-day rTMS to parietal-hippocampal network; FC and memory effects,healthy adults,39,whole hippocampus,lateral parietal cortex,0,0
PMID31642530,exclude,E7,NA,Trait anxiety and delay discounting; right IPL seed connectivity with hippocampus,healthy adults,NR,NA,NR,0,0
PMID23355177,exclude,E5,NA,MTLE EEG-fMRI interictal discharge correlates and VBM,patients,10,NA,NR,0,0
PPRPPR199646,exclude,E5,NA,C9orf72 carriers graph-theory rsFC vs controls,patients+HC,51,NA,NR,0,0
PMID33009447,include,I,rsfc,Semi-supervised rsFC clustering of hippocampus into head/body/tail with distinct connectivity patterns and aging effects,healthy adults,20 (+24 retest),head/body/tail,NR,0,0
PMID23826388,exclude,E10,NA,Escitalopram effects on DMN connectivity via dual regression,healthy adults,NR,NA,NR,0,0
PMID19052227,maybe,I,rsfc,Nocebo fMRI plus resting-state FC from left hippocampus seed to pain network; whole-brain extent unclear,healthy adults,13,whole hippocampus,"insula, operculum, ACC, S1/M1",0,0
PMID17893237,exclude,E7,NA,Spatial/temporal retrieval activation in MTL; no connectivity,healthy adults,NR,NA,NR,0,0
PMID40652159,exclude,E2,NA,DTI hippocampal structural connectivity in type 2 diabetes,patients+HC,157,NA,NR,0,0
PMID27246897,exclude,E5,NA,Transdiagnostic negative affect activation/connectivity across psychiatric diagnoses,patients+HC,99,NA,NR,0,0
PMID16899645,include,I,rsfc,Resting-state hippocampal formation seed correlations identify hippocampal-parietal memory network in healthy subjects,healthy adults,NR,whole hippocampus,"precuneus, posterior cingulate, retrosplenial, inferior parietal lobule",0,0
PMID33230551,exclude,E7,NA,Sex differences in rich-club SC-FC coupling; hippocampus only a node,healthy adults,NR,NA,NR,0,0
PMID23404748,include,I,rsfc,rsFC of hippocampal encoding regions vs parahippocampal gyrus with cortical DMN nodes; mediation via PHG,healthy adults,NR,whole hippocampus,"default mode network, posterior cingulate cortex",0,0
PMID39135100,exclude,E5,NA,Bipolar patients and offspring vs HC hippocampal subdivision dynamic FC (micro-CAPs),patients/at-risk+HC,97,head/body/tail,"somatomotor, limbic, frontoparietal networks",1,0
PPRPPR588830,exclude,E9,NA,Midbrain-anterior hippocampus rsFC change after curiosity learning,healthy adults,50,anterior hippocampus,NR,0,0
PMID19152542,exclude,E7,NA,Amygdala-seed connectivity for emotional memory in young vs older adults,healthy young and older adults,NR,NA,NR,0,0
PMID33935091,exclude,E7,NA,SuperAgers FDG/amyloid PET and sACC connectivity; hippocampus not FC seed,healthy older adults,30,NA,NR,0,0
PMID34291968,exclude,E9,NA,ROI-to-ROI and graph analysis of subcortical-cortical rsFC with affect scores,healthy males,50,NA,NR,0,0
PMID41895550,exclude,E7,NA,HSAM vs controls DMN link/node-level static and dynamic FC; hippocampus only as DMN node,HSAM+controls,43,NA,NR,0,0
PMID29476913,exclude,E10,NA,Stress induction effects on schema learning activation/connectivity,healthy adults,NR,NA,NR,0,0
PMID16015623,exclude,E7,NA,Retrieval-related hippocampal activation over consolidation; no connectivity,healthy students,20,NA,NR,0,0
PMID26809225,exclude,E5,NA,Primary insomnia vs controls waking DMN connectivity,patients+HC,40,NA,NR,0,0
PMID35276366,include,I,task,7T layer-specific FC between hippocampal long-axis and DAN/DMN during encoding/retrieval,healthy adults,NR,anterior/posterior,"dorsal attention network, default mode network",0,0
PMID42488345,maybe,I,task,Beta-series connectivity of hippocampal formation regions in healthy older adults; significant seed was entorhinal,healthy older adults,22,MTL,"angular gyrus, precuneus",0,0
PMID33482086,exclude,E7,NA,Electrical stimulation fMRI effective connectivity from auditory cortex in monkeys and patients,monkeys + neurosurgical patients,NR,NA,NR,0,0
PMID34388638,exclude,E5,NA,Prenatal cannabis exposure and fetal hippocampal connectivity,fetuses,115,whole hippocampus,"frontal, insula, temporal, posterior cingulate",0,0
PMID35339064,exclude,E5,NA,Childhood absence epilepsy graph-theory EEG-fMRI,paediatric patients+HC,NR,NA,NR,0,0
PMID38908485,exclude,E5,NA,aMCI rTMS effects on hippocampal AT/PM network seed FC,patients,60,whole hippocampus,anterior-temporal and posterior-medial networks,0,0
PMID32248233,include,I,task,Hippocampal-neocortical pattern similarity and hippocampal-seed connectivity during first-hand pain and empathy,healthy adults,102,whole hippocampus,"primary motor, fusiform gyrus",0,0
PMID39675630,exclude,E5,NA,ALE of DMN ALFF/ReHo alterations in OCD,patients+HC,26 studies,NA,NR,0,0
PMID41833820,exclude,E2,NA,DTI hippocampal-posterior cortical tracts and trauma intrusive memories,trauma-exposed adults,114,NA,NR,0,0
PMID42391727,exclude,E6,NA,ABCD children nocturnal enuresis multimodal MRI,children,3472,NA,NR,0,0
PMID17390317,exclude,E9,NA,Reward-anticipated word learning; midbrain-hippocampus/amygdala connectivity,healthy adults,NR,NA,NR,0,0
PMID33990933,maybe,I,task,"PPI with left hippocampal seed in fear conditioning, aware vs unaware participants; whole-brain main effect unclear",healthy adults,NR,whole hippocampus,"dorsolateral PFC, ventromedial PFC",0,0
PMID26105075,exclude,E9,NA,Stability of hippocampus-PCC rsFC and memory relationship; single pair,healthy adults (two age samples),NR,whole hippocampus,posterior cingulate cortex,0,0
PMID21377494,maybe,I,task,"Fear conditioning PPI showing hippocampal coupling changes with red nucleus, thalamus, cerebellum; hippocampal seed whole-brain unclear",healthy adults,NR,whole hippocampus,NR (subcortical/cerebellar targets),0,0
PMID42421580,exclude,E9,NA,Retrieval practice confidence; hippocampus-IFG connectivity pair,healthy adults,NR,whole hippocampus,inferior frontal gyrus,0,0
PMID25316342,exclude,E7,NA,Multiple brain markers of cognitive aging; rsFC not hippocampal seed,healthy older adults,186,NA,NR,0,0
PMID20363957,exclude,E9,NA,Schema-dependent hippocampal-vmPFC partial correlation during encoding and rest,healthy adults,30,whole hippocampus,ventromedial PFC,0,0
PMID24814213,exclude,E5,NA,"APOE4, sex and age effects on hippocampal rsFC with precuneus/PCC in healthy adults (genetic risk)",healthy adults by genotype,86,whole hippocampus,"precuneus, posterior cingulate",1,0
PMID20704983,exclude,E8,NA,Brief commentary on memory consolidation; no data,NA,NA,NA,NR,0,0
PMID23520499,exclude,E7,NA,ReHo of hippocampus/amygdala and trait anxiety; no seed connectivity,healthy adults,27,NA,NR,0,0
PMID25170153,exclude,E10,NA,Multi-session TMS to cortical-hippocampal network enhancing connectivity and memory,healthy adults,NR,whole hippocampus,NR,0,0
PMID28017880,exclude,E5,NA,SDM meta-analysis of ALFF in aMCI,patients+HC,12 studies,NA,NR,0,0
PMID22786703,maybe,I,task,Hippocampus-parietal functional connectivity during flexible vs rigid allocentric retrieval; seed/extent unclear,healthy adults,NR,whole hippocampus,"posterior superior parietal, precuneus",0,0
PMID16950222,exclude,E9,NA,COMT genotype and HF-VLPFC coupling during recognition memory,healthy adults by genotype,NR,whole hippocampus,ventrolateral PFC,0,0
PMID22779926,exclude,E5,NA,TLE lateralization via hippocampal seed rsFC maps vs controls,patients+HC,36,whole hippocampus,thalamus,1,0
PMID27837699,exclude,E9,NA,Post-encoding amygdala-hippocampus rsFC predicting stress memory enhancement,healthy males,120,whole hippocampus,NR,0,0
PMID34839220,exclude,E7,NA,Fast mapping subsequent memory activation in perirhinal cortex,healthy adults,NR,NA,NR,0,0
PMID34740076,exclude,E10,NA,Theta-burst stimulation effects on hippocampal network connectivity in young vs older adults,healthy young and older adults,NR,whole hippocampus,NR,0,0
PMID29060514,exclude,E7,NA,Gender differences in dynamic FC flexibility; hippocampus only as region result,healthy adults,NR,NA,NR,0,0
PMID33453503,exclude,E5,NA,AUD thalamic nuclei connectivity vs controls,patients+HC,50,NA,NR,0,0
PMID38766196,exclude,E2,NA,VBM meta-analysis of APOE4 effects in AD/MCI,patients+controls,12 studies,NA,NR,0,0
PMID33910099,exclude,E7,NA,Posterior medial network subsystems during movie watching; hippocampus only as node,healthy adults,136,NA,NR,0,0
PMID27039344,exclude,E5,NA,ALE of structure/function in OSA with MACM of amygdala/hippocampus cluster,patients,15 studies,MTL,"anterior insula, posterior-medial frontal, thalamus",0,0
PMID31884221,maybe,I,mixed,ECT VBM in depression; normative rsFC and MACM of a right hippocampus/amygdala cluster modelled in healthy subjects,patients+HC; healthy normative data,171,MTL,NR,0,0
PMID29862677,exclude,E5,NA,Type 2 diabetes/retinopathy multi-seed incl. hippocampus rsFC vs controls,patients+HC,NR,whole hippocampus,NR,1,0
PPRPPR306865,exclude,E5,NA,Bipolar disorder amygdala co-activation patterns across mood states,patients+HC,61,NA,NR,0,0
PMID42464353,exclude,E1,NA,TgF344-AD rat rsFC and CAPs,animal,NA,NA,NR,0,0
PMID34102149,exclude,E7,NA,ALE activation meta-analysis of navigation and autobiographical memory,healthy adults,NR,NA,NR,0,0
PMID32457143,exclude,E10,NA,cTBS to hippocampal-network angular gyrus target (from hippocampal seed rsFC) effects on simulation,healthy adults,NR,whole hippocampus,angular gyrus,0,0
PMID35233615,exclude,E7,NA,HCP effective connectome of OFC/vmPFC/ACC; hippocampus only as connected system,HCP,172,NA,NR,0,0
PMID42274280,exclude,E5,NA,Dynamic FC peak index for interictal activity in epilepsy,patients+HC,171,NA,NR,0,0
PPRPPR508091,exclude,E5,NA,Graph redundancy of posterior/anterior hippocampus by amyloid status in CN and MCI,CN+MCI (ADNI),363,anterior/posterior,NR,0,0
PMID39436048,exclude,E7,NA,Activation and effective connectivity of cortical streams to hippocampus in episodic tasks; hippocampus as target,healthy adults,NR,NA,NR,0,0
PMID41266803,exclude,E9,NA,Hippocampal seed rsFC mapped to cerebellar lobules across adult lifespan; cerebellum-restricted,lifespan,479,anterior/posterior,cerebellum (non-cortical),0,0
PPRPPR290264,exclude,E7,NA,Activity flow mapping of episodic memory information transfer across networks,healthy adults,NR,NA,NR,0,0
PMID41731218,exclude,E10,NA,Acute tryptophan depletion x TPH2 genotype effects on rsFC and gradients,healthy men,53,subfields,"amygdala, vmPFC",0,0
PMID41298806,exclude,E5,NA,Parkinson's disease vs HC hippocampal co-activation pattern networks,patients+HC,85,whole hippocampus,"visual cortex, superior parietal, precuneus, central executive",1,0
PMID30318785,exclude,E5,NA,ABCA7 risk variant carriers: entorhinal-hippocampus and EC-mPFC rsFC,genetic risk older adults,36,MTL,medial prefrontal cortex,0,0
PMID40242399,exclude,E9,NA,7T pattern separation; task FC between hippocampal ROIs and pattern-separation regions only,non-demented older adults,55,subfields,frontoparietal network,0,0
PMID24548392,exclude,E7,NA,Red nucleus and substantia nigra seed rsFC; hippocampus only as result,healthy adults,16,NA,NR,0,0
PMID22935090,exclude,E2,NA,Inflammatory protein profiling of resected TLE tissue,patients,NA,NA,NR,0,0
PMID40072438,include,I,rsfc,Whitehall II healthy older adults: hippocampal seed whole-brain rsFC associated with midlife diet quality,healthy older adults,512,whole hippocampus,"occipital lobe, cerebellum",0,0
PMID36789843,include,I,rsfc,Seed rsFC of six subcortical regions incl. hippocampus with major functional brain networks in healthy individuals,healthy adults,198,whole hippocampus,major functional networks,0,0
PMID21514391,exclude,E7,NA,Fusiform seed connectivity during light sleep; hippocampus only as target,healthy adults,NR,NA,NR,0,0
PMID26107810,exclude,E10,NA,Glucose vs fructose ingestion effects on basal ganglia/limbic rsFC,healthy males,12,NA,NR,0,0
PMID35333312,exclude,E2,NA,ENIGMA TLE cortical asymmetry/atrophy contextualised with normative gradients,patients+HC,2150,NA,NR,0,0
PMID32538553,exclude,E9,NA,Six-region DCM during autobiographical memory search,healthy adults,NR,whole hippocampus,"vmPFC, angular gyrus",0,0
PMID31904902,exclude,E5,NA,ECT-responsive multimodal fusion networks in depression,patients+HC,178,NA,NR,0,0
PMID41478239,exclude,E5,NA,Suicide attempters with MDD/other disorders structural and seed FC,patients+HC,176,NA,NR,0,0
PMID27720998,exclude,E7,NA,ALE activation meta-analysis of creative insight tasks,healthy adults,NR,NA,NR,0,0
PMID22569064,exclude,E2,NA,MEG task-related network ICA methods,healthy adults,NR,NA,NR,0,0
PMID8477826,exclude,E1,NA,Rat septohippocampal microinfusion and hippocampal field activity,animal,NA,NA,NR,0,0
PMID30207258,exclude,E5,NA,Externalizing polygenic score and amygdala-centred network in veterans,genetic risk veterans,155,NA,NR,0,0
PMID33677174,exclude,E7,NA,L2 proficiency and left IFG seed connectivity during word retrieval; hippocampus only as target,healthy adults,20,NA,NR,0,0
PMID34035413,include,I,rsfc,7T rsfMRI brain-wide FC of anatomically and functionally defined hippocampal subfields with functional networks,healthy adults,NR,subfields,functional networks (brain-wide),0,0
PMID42029828,exclude,E10,NA,Sleep deprivation and neuromodulation effects on olfactory-region ALFF/FC,healthy males,90,NA,NR,0,0
PMID34376585,maybe,I,rsfc,Pre/post novelty rsFC of anterior hippocampus and VTA seeds with neocortical networks; baseline hippocampal maps plausible,healthy adults,NR,anterior hippocampus,"task-relevant cortical region, memory network",0,0
PMID29175611,exclude,E10,NA,"Effects of aversive picture exposure on subsequent rsFC (amygdala seeds, hippocampus seed-to-seed); null",healthy young adults,34,whole hippocampus,NR,0,0
PMID40088861,exclude,E5,NA,Narcolepsy phenotypic clusters with structural imaging,patients,158,NA,NR,0,0
PMID39808662,include,I,rsfc,Precision fMRI: anterior vs posterior hippocampal seeds recapitulate distinct cerebral networks in individuals,healthy adults,20 (+504 behavioural),anterior/posterior,"remembering network, salience network",0,0
PMID29410414,exclude,E2,NA,Closed-loop intracranial stimulation of lateral temporal cortex,epilepsy patients,NR,NA,NR,0,0
PMID30665009,exclude,E9,NA,DCM of vmPFC-hippocampus-amygdala triad during autobiographical memory,healthy adults,NR,whole hippocampus,ventromedial PFC,0,0
PMID40816371,exclude,E7,NA,SC-FC coupling mediation of BMI effects on cognition; nodal coupling metric not hippocampal seed FC,healthy adults,490,NA,NR,0,0
PPRPPR46999,exclude,E1,NA,Rat repetitive mild brain injury model rsFC,animal,NA,NA,NR,0,0
PMID41238395,exclude,E9,NA,vPFC-posterior hippocampus connectivity during exploration,healthy adults,72 (+43),anterior/posterior,ventral PFC,0,0
PMID32227226,exclude,E5,NA,Clinical high risk for psychosis hippocampal-striatal-midbrain DCM,at-risk+HC,107,NA,NR,0,0
PMID33039901,exclude,E7,NA,Resting BOLD variability and preclinical AD biomarkers; no hippocampal seed FC,cognitively normal adults,321,NA,NR,0,0
PMID38657394,exclude,E5,NA,ADNI neurocognitive aging spectrum: hippocampal SC/FC predicting cortical thinning,older adults across CN-MCI-AD,419,whole hippocampus,"inferior parietal, fusiform/parahippocampal",0,0
PMID32275344,exclude,E9,NA,7T temporal expectation; hippocampal subfield-caudate PPI only,healthy adults,NR,subfields,caudate,0,0
PMID21494597,exclude,E7,NA,DMN activation during encoding/retrieval with resting coherence; hippocampus not seed for connectivity,healthy adults,NR,NA,NR,0,0
PMID39447841,exclude,E10,NA,Sleep deprivation effects on ACC-seed rsFC,healthy males,16,NA,NR,0,0
PMID26873890,exclude,E5,NA,Unmedicated schizophrenia vs HC anterior/posterior hippocampal seed rsFC and antipsychotic effects,patients+HC,68,anterior/posterior,"ACC, caudate, auditory cortex, calcarine",1,0
PMID26057590,maybe,I,rsfc,Menstrual cycle hippocampal volume and hippocampal FC with superior parietal lobe in healthy women; whole-brain maps plausible,healthy women,21,whole hippocampus,superior parietal lobe,0,0
PMID28575483,exclude,E7,NA,Self-consciousness and DMN/FPCN/limbic seed rsFC; hippocampus only as result cluster,healthy adults,NR,NA,NR,0,0
PMID21589884,exclude,E7,NA,Resting perfusion (ASL) changes after encoding; no connectivity,healthy males,14,NA,NR,0,0
PMID24084831,exclude,E5,NA,Social anxiety disorder FC classification (hippocampus-temporal pole),patients+HC,NR,NA,NR,0,0
PMID28666344,exclude,E7,NA,Content-dependent hippocampal recall activation and effective connectivity from neocortex,healthy adults,NR,NA,NR,0,0
PMID27109356,exclude,E10,NA,Hormonal contraceptive effects on amygdala/parahippocampal GMV and FC,healthy young women,56,NA,NR,0,0
PMID29396739,exclude,E5,NA,APOE allele groups (genetic risk) in cognitively normal elderly: hippocampal intrinsic FC-memory correlates voxelwise,cognitively normal elderly by APOE genotype,129,whole hippocampus,"Papez circuit, lateral temporal, sensorimotor, frontopolar",1,0
PMID25319690,exclude,E9,NA,DCM of amygdala-hippocampus connectivity during emotional encoding,healthy adults,586,whole hippocampus,NR,0,0
PMID30239972,exclude,E5,NA,Schizophrenia rTPJ-hippocampus connectivity during social game,patients+HC,51,NA,NR,0,0
PMID25340398,exclude,E7,NA,Post-retrieval fixation PPI from lateral PFC; hippocampus not seed,healthy adults,NR,NA,NR,0,0
PMID30312737,exclude,E7,NA,Food addiction and ventral striatum seed rsFC fasted vs fed,community adults,30,NA,NR,0,0
PMID28094820,exclude,E5,NA,ADNI ICA DMN template methods for detecting network impairment,patients+controls,NR,NA,NR,0,0
PMID39545928,exclude,E9,NA,Post-learning posterior hippocampus-LOC rest connectivity and mPFC patterns,healthy adults,NR,anterior/posterior,lateral occipital cortex,0,0
PMID31736716,exclude,E9,NA,"Young vs older navigation network ROI-to-ROI FC/SC (PPA, RSC, OPA, V1, HC, mPFC)",healthy young and older adults,41,whole hippocampus,"visual cortex, PPA, RSC, mPFC",0,0
PMID36191210,include,I,rsfc,Anterior/posterior hippocampus and temporal pole rsFC profiles with default network by age and autobiographical memory,healthy young and older adults,263,anterior/posterior,"default network, orbitofrontal, lateral temporal cortex",0,0
PMID29681530,exclude,E9,NA,Configural learning; hippocampus-nucleus accumbens connectivity,healthy adults,NR,whole hippocampus,nucleus accumbens,0,0
PMID32621364,exclude,E2,NA,Ex vivo mesoscale diffusion MRI of resected hippocampi,patients,3,NA,NR,0,0
PMID40103362,maybe,I,rsfc,Sensory processing sensitivity related to rostral hippocampus-IPL rsFC in healthy adults; seed whole-brain analysis plausible,healthy adults,NR,anterior hippocampus,inferior parietal lobule,0,0
PMID30900990,maybe,I,task,Hippocampus-AT/PM network connectivity during encoding vs retrieval tracking memory quality; ROI network scope unclear,healthy adults,NR,whole hippocampus,anterior-temporal and posterior-medial systems,0,0
PMID26038158,exclude,E5,NA,Cocaine smokers drug-cue effective connectivity network,patients+HC,37,NA,NR,0,0
PMID18358744,exclude,E5,NA,Paedophilia visual sexual stimulation activation,patients+HC,20,NA,NR,0,0
PMID42167697,exclude,E5,NA,MDD with vs without suicidal ideation hippocampal ROI whole-brain rsFC,patients,34 (+218),whole hippocampus,default network,0,0
PMID30808171,exclude,E5,NA,Multimodal ALE of MCI alterations,patients+HC,101 studies,NA,NR,0,0
PMID25996135,exclude,E9,NA,Hippocampus-vmPFC effective connectivity in memory-based choice,healthy adults,NR,whole hippocampus,ventromedial PFC,0,0
PMID35410879,exclude,E6,NA,Children 7-10 hippocampal-IPS connectivity predicting number sense training gains,children,NR,whole hippocampus,intraparietal sulcus,0,0
PMID26219923,exclude,E9,NA,Intertemporal choice; hippocampus-ACC coupling,healthy adults,NR,whole hippocampus,anterior cingulate cortex,0,0
PMID32243357,exclude,E5,NA,Multimodal ALE of insomnia disorder,patients+HC,NR,NA,NR,0,0
PMID37598453,exclude,E10,NA,THC vs placebo effects on network rsFC incl. hippocampus-midbrain-striatum,healthy occasional cannabis users,87,NA,NR,0,0
PMID30272128,exclude,E9,NA,Lifespan hippocampal long-axis activity and intrahippocampal FC only,lifespan incl. children,496,anterior/posterior,NR (intrahippocampal),0,0
PMID28086035,exclude,E5,NA,Multiple sclerosis memory subgroups vs HC hippocampal subfield volume and posterior hippocampal FC,patients+HC,NR,anterior/posterior,cortical areas (NR),1,0
PMID42147929,exclude,E5,NA,ALE of rsfMRI alterations in IBS-D,patients+HC,NR,NA,NR,0,0
PMID32082138,maybe,I,rsfc,Glucose vs placebo effects on anterior/posterior hippocampus-to-whole-brain rsFC in young and older adults; placebo baseline maps plausible,healthy young and older adults,32,anterior/posterior,medial frontal cortex,0,0
PPRPPR648653,exclude,E9,NA,Individual differences in mesolimbic and cingulo-hippocampal rsFC predicting memory enhancements,healthy adults,NR,whole hippocampus,cingulate cortex,0,0
PMID40246996,exclude,E7,NA,UK Biobank multimodal pattern learning of chronotype; hippocampus only a feature,UK Biobank,27030,NA,NR,0,0
PMID39254921,exclude,E7,NA,DMN seed ROI-to-ROI FC and CSF sPDGFRbeta in older adults incl. impaired,older adults (CN and impaired),89,NA,NR,0,0
PMID24683066,exclude,E7,NA,Value-based encoding activation in semantic regions,healthy adults,NR,NA,NR,0,0
PMID31249030,exclude,E7,NA,Hippocampal sequential replay pattern analysis at rest; no FC seed maps,healthy adults,NR,NA,NR,0,0
PMID34090937,exclude,E1,NA,Aged TDP-43/APP/PSEN1 mouse rsFC,animal,NA,NA,NR,0,0
PMID36380188,exclude,E5,NA,First-episode schizophrenia fALFF and facial emotion recognition,patients+HC,61,NA,NR,0,0
PMID29987025,exclude,E9,NA,HSAM vs controls: prefrontal-hippocampal FC during autobiographical memory access,HSAM+controls,29,whole hippocampus,prefrontal cortex,0,0
PMID25880400,exclude,E5,NA,MDD duloxetine multimodal imaging vs controls,patients+HC,57,NA,NR,0,0
PMID28548263,maybe,I,task,gPPI showing hippocampus coupling with cortical midline structures in self-reference encoding; seed and extent unclear,healthy young adults,NR,whole hippocampus,"mPFC, precuneus",0,0
PMID34548792,exclude,E7,NA,Meta-analysis of ZNF804A effects on DLPFC-seed connectivity/activation,healthy adults by genotype,15 studies,NA,NR,0,0
PMID41408556,exclude,E7,NA,Brain network efficiency during social interaction; hippocampus only as node,healthy adults,NR,NA,NR,0,0
PMID25117651,exclude,E5,NA,MS patients vs controls pathway-specific anatomic/functional connectivity,patients+HC,35,whole hippocampus,posterior cingulate cortex,0,0
PMID27343687,include,I,task,Anterior vs posterior hippocampal task-based connectivity during autobiographical vs spatial category fluency,healthy adults,NR,anterior/posterior,NR,0,0
PPRPPR46326,exclude,E10,NA,Precuneus rTMS effects on metamemory; precuneus-hippocampus rsFC as moderator,healthy adults,18,NA,NR,0,0
PMID32169732,exclude,E5,NA,Tourette disorder explosive outbursts multimodal imaging,patients,55,NA,NR,0,0
PPRPPR1227231,exclude,E5,NA,First-episode MDD rsFC subtyping and recurrence prediction,patients,NR,NA,NR,0,0
PMID31894405,maybe,I,rsfc,Menstrual cycle rsFC with hippocampal ROI seed-based and centrality analyses in 60 women; hippocampal seed maps plausible,healthy women,60,whole hippocampus,NR,0,0
PMID22917883,exclude,E2,NA,ALE of PET activation in tinnitus,patients+controls,10 studies,NA,NR,0,0
PMID34529323,include,I,rsfc,Group-guided individual rsFC parcellation of hippocampus into head/body/tail; subregion FC predicts age,healthy adults across aging,NR,head/body/tail,predefined target regions (NR),0,0
PMID25143600,exclude,E9,NA,"High-resolution FC between CA1 and MTL/midbrain inputs (VTA, DG/CA3) only",healthy adults,NR,subfields,NR,0,0
PMID38373628,exclude,E5,NA,ECT effects on hippocampal seed-to-DMN rsFC in severe depression,patients,35,anterior/posterior,posterior default mode network,0,0
PPRPPR1290379,exclude,E5,NA,PPPD patients vs HC visual-vestibular-cerebellar FC,patients+HC,107,NA,NR,0,0
PMID18661506,exclude,E5,NA,MTLE ROI-to-ROI temporal lobe connectivity vs controls,patients+HC,37,anterior/posterior,"entorhinal, amygdala, BA38",0,0
PMID18631949,exclude,E8,NA,Narrative review of AD neurochemical and imaging biomarkers,NA,NA,NA,NR,0,0
PMID35790398,exclude,E9,NA,Reward-motivated memory across development; anterior hippocampus-VTA and PFC-VTA connectivity only,children to adults,NR,anterior hippocampus,NR,0,0
PMID31409183,exclude,E10,NA,Electroacupuncture effects on DMN rsFC in healthy older adults,healthy older adults,30,NA,NR,0,0
PMID21810986,include,I,task,"Anterior and posterior hippocampal seed task FC to parahippocampal, medial parietal, cingulate, mPFC during future simulation encoding",healthy adults,NR,anterior/posterior,"parahippocampal, medial parietal, cingulate, medial prefrontal",0,0
PMID36027642,exclude,E5,NA,Rett syndrome multimodal MRI,patients+HC,18,NA,NR,0,0
PMID21722740,exclude,E5,NA,Anterior temporal network ICA connectivity in memory complaint/aMCI/AD vs controls,patients+HC,NR,NA,NR,0,0
PMID26506054,exclude,E6,NA,Infant hippocampal volume and FC related to maternal sensitivity,infants,20,whole hippocampus,NR,0,0
PMID34788662,exclude,E7,NA,Coordinate and connectivity meta-analysis of social hierarchy; hippocampus only an activation cluster,healthy adults,NR,NA,NR,0,0
PMID31444896,exclude,E7,NA,Aging atrophy/amyloid stratified along hippocampal and cortical connectome gradients; FC not primary outcome,healthy adults 30-89,102,anterior/posterior,NR,0,0
PMID37267843,exclude,E5,NA,TLE graph-theory topology vs controls,patients+HC,57,NA,NR,0,0
PMID23593210,exclude,E5,NA,ALE activation meta-analysis of food images in obesity,patients+controls,10 studies,NA,NR,0,0
PMID35276299,exclude,E7,NA,ALE activation meta-analysis of gut-brain appetite signaling,healthy adults,14 studies,NA,NR,0,0
PMID25554429,maybe,I,rsfc,"Ketamine vs placebo rsFC of hippocampal subnetworks with occipital, cingulate, precuneus etc.; placebo baseline maps plausible",healthy men,12,whole hippocampus,"occipital, cingulate, precuneus, cerebellum, basal ganglia",0,0
PMID19428409,exclude,E7,NA,ALE activation meta-analyses of episodic encoding/retrieval,healthy young adults,NR,NA,NR,0,1
PMID38988188,exclude,E5,NA,Loneliness and seed rsFC in older adults incl. aMCI,aMCI+normal cognition,43,whole hippocampus,lateral parietal lobe,0,0
PMID38772753,exclude,E8,NA,Brief commentary on hippocampal-cortical dynamics in trauma memories,NA,NA,NA,NR,0,0
PMID38936425,exclude,E2,NA,DTI of attention tracts and extinction renewal with atomoxetine,healthy adults,NR,NA,NR,0,0
PMID16968868,exclude,E7,NA,Proactive interference PLS network driven by medial septum/diagonal band; hippocampus not seed,healthy adults + patients,NR,NA,NR,0,0
PMID17997112,exclude,E7,NA,Amygdala tractography predicting amygdala FC during reversal learning,healthy adults,NR,NA,NR,0,0
PMID39010701,exclude,E6,NA,Infant hippocampal ALFF and sensory gating,infants,18,NA,NR,0,0
PMID41218719,exclude,E7,NA,ALE activation meta-analysis of navigation and declarative memory,healthy adults,NR,NA,NR,0,0
PPRPPR1280109,exclude,E7,NA,7T RMTg nociceptive responses and seed rsFC; hippocampus only as target,healthy adults,NR,NA,NR,0,0
PMID38685858,exclude,E5,NA,ALE of task fMRI differences in ADHD and ASD,patients+controls,243 studies,NA,NR,0,0
PMID32472741,exclude,E7,NA,ALE activation meta-analysis of artistic creativity,healthy adults,NR,NA,NR,0,0
PMID16636288,exclude,E10,NA,Sleep deprivation effects on navigation activation and striatum-hippocampus FC,healthy adults,NR,whole hippocampus,striatum,0,0
PMID24090098,exclude,E5,NA,Aerobic exercise pilot in two MS patients; hippocampal volume and rsFC,patients,2,whole hippocampus,NR,0,0
PMID31292696,exclude,E7,NA,MACM and 7T rsFC of PCC; hippocampus not seed,BrainMap + healthy adults,NR,NA,NR,0,0
PMID9552175,exclude,E1,NA,Rat CA3 electrophysiology of sigma ligands,animal,NA,NA,NR,0,0
PMID35041057,include,I,rsfc,HCP 7T MTL-restricted ICA with dual regression: hippocampal sections co-activate with somatomotor and default mode networks,HCP,NR,MTL,"default mode, somatomotor, visual, dorsal attention networks",0,0
PMID30236285,exclude,E9,NA,Ultra-high-resolution entorhinal laminar connectivity (big-loop recurrence) only,healthy adults,NR,MTL,NR,0,0
PMID25405780,exclude,E5,NA,ECT effects on hippocampal rsFC and subfield volumes in MDD vs HC,patients+HC,39,whole hippocampus,NR,1,0
PMID33076998,exclude,E5,NA,Letter (no abstract): 7T hippocampal rsFC in Alzheimer's disease,patients,NR,whole hippocampus,NR,0,0
PMID30225351,exclude,E1,NA,Biophysical LFP model of rodent hippocampal OLM cells,computational/animal,NA,NA,NR,0,0
PMID21671733,exclude,E7,NA,Parahippocampal gyrus seed rsFC and navigational ability; hippocampus as target,healthy adults,24,NA,NR,0,0
PMID26948883,exclude,E7,NA,Non-conscious sequence learning in V1; V1-hippocampus coupling,healthy adults,NR,NA,NR,0,0
PMID27704218,include,I,rsfc,"Resting-state cortical connectivity patterns of hippocampus (and PPA, RSC) seeds; hippocampus-angular gyrus connections",healthy adults,NR,whole hippocampus,"angular gyrus, posterior cingulate, retrosplenial",0,0
PMID34871800,exclude,E9,NA,Post-encoding hippocampal coupling with category-selective cortex after aversive learning,healthy young adults,NR,whole hippocampus,category-selective cortex,0,0
PMID41040351,maybe,I,rsfc,Hippocampal whole-brain connectivity changes over a semester of physics learning in students; baseline maps plausible,healthy young adults (students),NR,whole hippocampus,"frontal, parietal, cerebellar, fusiform",0,0
PMID36890146,exclude,E7,NA,Representational similarity in cortico-hippocampal networks during naturalistic events; no hippocampal FC seed,healthy adults,NR,NA,NR,0,0
PMID34537860,include,I,rsfc,Dynamic FC of anterior/middle/posterior hippocampus and MTL subdivisions with whole brain related to associative memory,healthy young adults,NR,anterior/posterior,"fusiform, inferior parietal, supramarginal, occipital, paracentral",0,0
PMID34919634,exclude,E5,NA,Atomoxetine phase II trial in MCI due to AD,patients,39,NA,NR,0,0
PMID42617440,exclude,E7,NA,ALE activation meta-analysis of music-induced sadness,healthy adults,9 studies,NA,NR,0,0
PMID33168329,exclude,E9,NA,"Schizotypy groups: hippocampal seed rsFC restricted to striatal, thalamic, PFC ROIs",healthy adults high/low schizotypy,45,whole hippocampus,"prefrontal ROIs, striatum, thalamus",0,0
PMID39013855,include,I,rsfc,Unfolded hippocampal functional organisation (connectivity gradients to DMN) in humans vs macaques,healthy humans + macaques,NR,anterior/posterior,"default mode network, association networks",0,0
PMID30449247,exclude,E9,NA,Physical activity and hippocampal-orbitofrontal connectivity pair (NKI-Rockland),healthy adults,366,whole hippocampus,orbitofrontal cortex,0,0
PMID24275829,include,I,task,Multivariate functional/effective connectivity of anterior and posterior hippocampus with neocortex during AM construction and elaboration,healthy adults,18,anterior/posterior,"frontal areas, visual perceptual areas",0,0
PMID41030101,exclude,E2,NA,SEEG of negative emotion networks,epilepsy patients,NR,NA,NR,0,0
PMID40638312,exclude,E2,NA,DTI connectivity-based parcellation of OFC,healthy adults,NR,NA,NR,0,0
PMID26826101,exclude,E9,NA,Network models of HPC and PFC predicting VTA activation timescales,healthy adults,NR,whole hippocampus,NR (VTA),0,0
PMID37068311,exclude,E5,NA,ECT effects on hippocampal seed FC and hippocampal-DMN in depression vs HC,patients+HC,40,whole hippocampus,"PCC, supplementary motor area",1,0
PMID40091390,exclude,E5,NA,Young people with MDD local FC (IDAC) vs HC,patients+HC,241,NA,NR,0,0
PMID34025659,exclude,E5,NA,Iridocyclitis V1-seed FC vs HC,patients+HC,54,NA,NR,0,0
PMID26941382,exclude,E5,NA,ALDH2 genotype x schizophrenia effects on hippocampal-prefrontal FC,patients+HC,NR,whole hippocampus,prefrontal cortex,1,0
PMID21864459,exclude,E7,NA,Face-voice integration criteria; occipito-temporal PPI; hippocampus only activation,healthy adults,20,NA,NR,0,0
PMID38836288,exclude,E5,NA,Adolescent-onset MDD sex differences in network/subcortical seed rsFC,adolescent patients+HC,106,whole hippocampus,superior temporal gyrus,0,0
PMID23576810,exclude,E7,NA,Mood induction activation correlates; no connectivity,healthy adults,54,NA,NR,0,0
PMID27115120,exclude,E5,NA,ECT in treatment-resistant depression; subcallosal cingulate fALFF and seed FC,patients+HC,26,NA,NR,0,0
PMID28935586,exclude,E1,NA,Rat hippocampal ensemble coordination after MK-801,animal,NA,NA,NR,0,0
PMID39515419,exclude,E5,NA,rTMS targets in AD modulating triple-network and hippocampal seed FC,patients,63,whole hippocampus,temporal lobe (DMN),0,0
PMID25986964,exclude,E5,NA,Long-term anabolic steroid users amygdala volume and amygdala-seed rsFC,exposure+controls,20,NA,NR,0,0
PMID27989779,include,I,rsfc,Right hippocampus seed rsFC coupling with anterior DMN scaling with mental time travel in mind-wandering (healthy),healthy adults,NR,whole hippocampus,anterior default mode network,0,0
PMID41648120,exclude,E1,NA,Mouse fear extinction multiple contexts; Fos co-activation and chemogenetics,animal,NA,NA,NR,0,0
PPRPPR1290431,exclude,E7,NA,Cerebellar networks and cerebellar-cerebral FC in older adults; hippocampus not seed,healthy older adults,821,NA,NR,0,0
PMID30367960,exclude,E5,NA,Deficit vs non-deficit schizophrenia DMN ICA vs HC,patients+HC,113,NA,NR,0,0
PMID27848149,exclude,E5,NA,Non-amnestic MCI managerial experience; hippocampal morphology and seed FC,patients,68,whole hippocampus,prefrontal cortex,0,0
PMID31647603,exclude,E9,NA,Cardiorespiratory fitness and Granger effective connectivity between hippocampus and DMN nodes only,healthy young adults,26,whole hippocampus,"vmPFC, PCC, lateral temporal, dmPFC",0,0
PMID39099634,exclude,E5,NA,ALE of acupuncture activation in ischemic stroke,patients,21 studies,NA,NR,0,0
PMID32771684,exclude,E7,NA,Attention and incidental encoding; PPI from parietal/occipital seeds,healthy adults,27,NA,NR,0,0
PMID29883917,exclude,E5,NA,Epilepsy with/without depressive symptoms right hippocampus seed FC vs HC,patients+HC,NR,whole hippocampus,"cerebellum, frontal lobes",1,0
PMID27480494,exclude,E10,NA,Ketamine effects on hippocampal Glx and rsFC in healthy volunteers,healthy adults,15,whole hippocampus,"fronto-temporal, temporo-parietal",0,0
PMID32700828,exclude,E10,NA,Mindfulness training effects on subiculum volume and hippocampal connectivity during extinction retrieval,healthy adults,NR,subfields,lateral occipital,0,0
PMID18345988,exclude,E7,NA,Amygdala activation and amygdala-seed FC in adolescents vs adults,adolescents + adults,61,NA,NR,0,0
PMID36316871,exclude,E5,NA,ALE of fMRI/VBM abnormalities in migraine,patients+HC,38 studies,NA,NR,0,0
PMID27013151,exclude,E9,NA,Posterior hippocampus-RSC rsFC among navigation ROIs predicting navigational ability,healthy adults,NR,anterior/posterior,"retrosplenial complex, PPA",0,0
PPRPPR23332,exclude,E1,NA,Temporal transitions of RSFC patterns mainly in awake rats (with human replication); not hippocampal-seed,rats + humans,NR,NA,NR,0,0
PMID38180568,exclude,E2,NA,Immunohistochemical parcellation of post-mortem human hippocampus,post-mortem tissue,NA,NA,NR,0,0
PMID31574108,exclude,E7,NA,Badminton training effects on cerebellar ALFF and cerebellar-seed FC,healthy young adults,NR,NA,NR,0,0
PMID30443345,exclude,E5,NA,SDM meta-analysis of ReHo alterations in aMCI,patients+HC,10 studies,NA,NR,0,0
PMID23129267,exclude,E9,NA,Intrinsic connectivity restricted to hippocampus-NAcc-VTA circuit,healthy adults,994,anterior/posterior,"NR (NAcc, VTA)",0,0
PMID15601513,exclude,E7,NA,DMN ICA during passive sensory task; hippocampus only as DMN member,healthy adults,NR,NA,NR,0,0
PMID40122891,exclude,E5,NA,Parkinson's disease odor memory hippocampal co-activation patterns vs HC,patients+HC,62,whole hippocampus,dorsal attention network,1,0
PMID31783114,include,I,rsfc,"Masked amygdala-MTL ICA with dual regression: hippocampal-containing subsystems connect to salience, DMN, thalamic-brainstem networks",healthy adults (3 samples),190,MTL,"salience network, default mode network",0,0
PMID22807169,maybe,I,task,PPI of left posterior hippocampus with frontal regions predicting repetition memory; whole-brain PPI plausible,healthy adults,NR,anterior/posterior,"inferior frontal gyrus, precentral gyrus",0,0
PMID37025422,maybe,I,rsfc,Lifespan (7-85) anterior/posterior hippocampus FC and FA; age trajectories of hippocampal FC,lifespan incl. children,106,anterior/posterior,NR,0,0
PMID19800353,exclude,E7,NA,ALE activation meta-analysis of animal vs tool naming,healthy adults,NR,NA,NR,0,0
PMID28970145,include,I,task,Hippocampal and BA44/45 seed task FC during artificial grammar learning; hippocampal connectivity (occipital) predicts performance,healthy adults,NR,whole hippocampus,occipital areas,0,0
PMID28392491,exclude,E7,NA,7T CeA and BNST seed iFC; hippocampus only as target,healthy adults,27,NA,NR,0,0
PMID34989336,exclude,E7,NA,Representational change in dentate gyrus; no FC,healthy adults,NR,NA,NR,0,0
PMID28882707,exclude,E5,NA,Anti-NMDA receptor encephalitis large-scale FC vs controls,patients+HC,86,whole hippocampus,default mode network,0,0
PMID26762334,exclude,E7,NA,Cognitive training effects on entropy measures in older adults; no hippocampal FC seed,healthy older adults,70,NA,NR,0,0
PMID20573901,exclude,E9,NA,Visual distraction disrupting IFG-hippocampus-visual association network connectivity,healthy adults,NR,whole hippocampus,"inferior frontal gyrus, visual association cortex",0,0
PMID33675074,exclude,E10,NA,ALE meta-analysis of exercise RCT imaging effects in older adults,healthy older adults,22 papers,NA,NR,0,0
PMID35972408,exclude,E9,NA,Targeted memory reactivation; hippocampo-frontal and hippocampo-motor connectivity,healthy young adults,24,whole hippocampus,"frontal, motor cortex",0,0
PMID25840750,exclude,E5,NA,Methamphetamine users denial and rACC/insula/precuneus seed rsFC,patients,58,NA,NR,0,0
PMID39746339,exclude,E6,NA,Preterm vs term neonates central autonomic network connectivity,neonates,188,NA,NR,0,0
PMID26708279,exclude,E9,NA,Contextual reward: DG/CA3-SN/VTA co-activation,healthy adults,NR,subfields,NR,0,0
PMID30875437,exclude,E5,NA,TLE with hippocampal atrophy language network activation/FC vs controls,patients+HC,194,NA,NR,0,0
PMID32989295,maybe,I,rsfc,Subcortex FC gradients atlas incl. hippocampal subdivisions and cortico-subcortical network linkage; hippocampal-cortical FC detail unclear,HCP healthy adults,NR,anterior/posterior,cortical networks (task-positive/negative axis),0,1
PMID32812492,exclude,E7,NA,ALE activation meta-analysis of sex differences in memory; no hippocampal connectivity,NA,8 studies,NA,NR,0,0
PPRPPR120158,exclude,E5,NA,Autism vs controls; amygdala-seeded connectivity,patients+HC,31 ASD,NA,NR,0,0
PMID18823239,exclude,E7,NA,"Aging emotional memory; amygdala-seeded coupling, hippocampus only a target",healthy young and older adults,NR,NA,NR,0,0
PMID16421332,maybe,I,task,Healthy aging event-related fMRI; hippocampal-retrosplenial/parietotemporal network connectivity; seed and extent unclear,healthy young and older adults,NR,whole hippocampus,"retrosplenial, parietotemporal, frontal",0,0
PMID42421587,exclude,E9,NA,7T subfield/layer study; informational connectivity only between PHC layers and DG,healthy adults,NR,subfields,NR,0,0
PMID17999985,exclude,E9,NA,"WM load connectivity among hippocampus, FFA and IFG ROIs only",healthy adults,NR,whole hippocampus,"FFA, IFG",0,0
PMID22418737,exclude,E5,NA,Major depression classification using whole-brain FC,patients+HC,"24 MDD, 29 HC",NA,NR,0,0
PMID39875084,exclude,E5,NA,Knee osteoarthritis vs controls hippocampal FC and plasma tau,patients+HC,NR,whole hippocampus,middle cingulate,1,0
PMID41412407,exclude,E7,NA,Neuroticism and amygdala-seeded PPI; hippocampus only as target,healthy adults,115,NA,NR,0,0
PMID35641152,exclude,E6,NA,Fetal resting-state sex classification,fetuses,95,NA,NR,0,0
PMID33316394,exclude,E7,NA,"Directed network connectivity HCP; hippocampal nodes in graph, no hippocampal seed maps",HCP,200,NA,NR,0,0
PMID24374381,exclude,E2,NA,Meta-analysis of structural sex differences,NA,NR,NA,NR,0,0
PMID39169063,maybe,I,task,"EEG-fMRI replay events strengthen hippocampus-DMN connectivity in healthy adults; state-modulated, whole-brain map uncertain",healthy adults,NR,whole hippocampus,"default mode network, mPFC, entorhinal",0,0
PMID39716521,exclude,E7,NA,ALE activation meta-analysis of emotional pictures,NA,97 papers,NA,NR,0,0
PMID26206251,include,I,rsfc,Tractography-defined anterior/posterior hippocampal segments with distinct resting-state cortical FC patterns,healthy adults,NR,anterior/posterior,"temporal, orbitofrontal, medial/lateral parietal, DLPFC, precuneus",0,0
PMID19280693,include,I,rsfc,Resting CMRO2/BOLD connectivity maps including hippocampal network in healthy participants,healthy adults,12,whole hippocampus,NR,0,0
PMID42128664,maybe,I,task,Hippocampus-auditory cortex FC increases with sound naturalness; unclear whether whole-brain seed analysis,healthy adults,NR,whole hippocampus,auditory cortex,0,0
PMID27307231,exclude,E5,NA,Previously institutionalized youth vs controls; paediatric aversive learning,children/adolescents,89,whole hippocampus,vmPFC,0,0
PMID30120846,exclude,E7,NA,ALE/Neurosynth activation meta-analysis of motivated cognitive control,NA,NR,NA,NR,0,0
PMID24532154,exclude,E1,NA,Hamster molecular study,animals,NA,NA,NR,0,0
PMID34785150,exclude,E7,NA,DMN activation during emotional narrative imagery; no hippocampal seed FC,healthy adults,NR,NA,NR,0,0
PMID36310091,exclude,E5,NA,Type 2 diabetes vs controls; parahippocampal QSM seed,patients+HC,"27 T2DM, 30 HC",NA,NR,0,0
PMID41735754,include,I,mixed,ALE identified left hippocampus; MACM and resting-state connectivity of hippocampal cluster show broad profile,meta-analytic + healthy adults,8 studies,whole hippocampus,NR,0,0
PMID37689834,exclude,E2,NA,MEG effective connectivity of ventral visual stream,HCP,83,NA,NR,0,0
PMID29359833,include,I,rsfc,Hippocampus- and thalamus-seeded resting-state correlation maps compared with PCC-seeded DMN,healthy adults (NKI Rockland),36,whole hippocampus,"PCC, mPFC, inferior parietal, lateral temporal (DMN)",0,0
PMID39443885,exclude,E5,NA,Protocol for adolescent BPD/PTSD study focused on hippocampal subfield volumes,adolescent patients+HC,NR,NA,NR,0,0
PMID38479810,maybe,I,rsfc,"Healthy young/older adults; multivariate structure-function; hippocampal connectivity with limbic/frontoparietal networks, seed map unclear",healthy young and older adults,189,posterior hippocampus,"limbic, frontoparietal control, default networks",0,0
PMID35666364,exclude,E7,NA,Eyes open/closed effects on resting networks; limbic structures not hippocampal seed,healthy young adults,55,NA,NR,0,0
PMID35839637,exclude,E5,NA,rTMS trial in Alzheimer's disease,patients,56,NA,NR,0,0
PMID40828212,exclude,E7,NA,Seed FC of brainstem monoaminergic nuclei; hippocampus only as target,healthy adults,193,NA,NR,0,0
PMID27015710,exclude,E7,NA,Pain and memory encoding activation; amygdala-LOC connectivity only,healthy adults,23,NA,NR,0,0
PMID35912082,exclude,E5,NA,ALE meta-analysis of functional changes in MCI,patients,21 studies,NA,NR,0,0
PMID36979256,exclude,E7,NA,"Entorhinal/perirhinal ROI seed connectivity during item memory, not hippocampus",healthy adults,NR,NA,NR,0,0
PMID39813142,exclude,E5,NA,"Alzheimer continuum lifespan; perirhinal/parahippocampal seeds, not hippocampus",lifespan+patients,261,NA,NR,0,0
PMID38447230,exclude,E5,NA,Schizophrenia vs controls hippocampal and dlPFC PPI during covert consolidation,patients+HC,NR,whole hippocampus,NR,1,0
PMID40835124,maybe,I,task,Seed-to-voxel gPPI incl. hippocampus seed during stress induction/post-stress rest related to cortisol; state manipulation,healthy adults,NR,whole hippocampus,PFC,0,0
PMID25524755,exclude,E5,NA,Borderline personality disorder vs controls resting-state and diffusion,patients+HC,60,NA,NR,0,0
PMID35468212,exclude,E9,NA,"Young/older adults; hippocampus connectivity only with FFA, pSTS, OFC ROIs",healthy young and older adults,NR,whole hippocampus,"OFC, FFA, pSTS",0,0
PMID42435825,exclude,E7,NA,ALE activation meta-analysis of relational memory in aging,NA,70 studies,NA,NR,0,0
PMID42043680,exclude,E8,NA,Systematic review of procrastination neuroimaging,NA,23 studies,NA,NR,0,0
PMID27545666,exclude,E1,NA,In vitro CA1 network plasticity study,animals,NA,NA,NR,0,0
PMID32633100,exclude,E5,NA,Adolescent obesity vs lean network connectivity,adolescents,164,NA,NR,0,0
PMID40345506,exclude,E10,NA,Dexamethasone manipulation of cortisol awakening response; PPI group effects,healthy male adults,67,NA,NR,0,0
PMID24516127,exclude,E5,NA,PACAP receptor genotype in traumatized women; amygdala-hippocampus connectivity,trauma-exposed women,49,NA,NR,0,0
PMID37127062,exclude,E7,NA,Right parahippocampal seed RSFC related to optimism/procrastination,healthy young adults,408,NA,NR,0,0
PMID30779761,exclude,E7,NA,Resilience prediction with structural/resting networks; hippocampus only atrophy measure,older adults,550,NA,NR,0,0
PMID32173408,exclude,E5,NA,MTLE vs controls; left/right hippocampal seed FC during Stroop,patients+HC,"20 MTLE, 20 HC",left/right hippocampus,NR,1,0
PMID30443893,exclude,E2,NA,Resting EEG effective connectivity in tinnitus,patients+HC,566,NA,NR,0,0
PMID29670825,exclude,E7,NA,Thalamic seed FC with cortex and hippocampus in aging,healthy young and older adults,40,NA,NR,0,0
PMID31257146,exclude,E1,NA,Zebrafish and mouse genetic model,animals,NA,NA,NR,0,0
PMID41495379,exclude,E7,NA,Intranasal insulin and menstrual cycle effects on network FC; hippocampus only activation,healthy women,NR,NA,NR,0,0
PMID27553438,exclude,E7,NA,Retrosplenial subregion seeds; hippocampus only as connectivity target,healthy adults,NR,NA,NR,0,0
PMID40614053,exclude,E5,NA,Narrative review of MRI findings in Crohn's disease,patients,NA,NA,NR,0,0
PMID37244076,exclude,E5,NA,"Spinal cord injury pain; multiple seeds incl. hippocampus, patients only",patients,37,NA,NR,0,0
PMID38453467,exclude,E7,NA,Pain expectancy modelling; amygdala/ACC coupling,healthy adults,NR,NA,NR,0,0
PMID41819841,exclude,E7,NA,SCN-seeded connectivity and diurnal CBF; hippocampus as target,healthy adults / HCP,27; 164,NA,NR,0,0
PMID39172857,exclude,E5,NA,Adolescents with chronic pain vs pain-free; amygdala/hippocampus FC and memory bias,adolescent patients+controls,97,whole hippocampus,NR,0,0
PMID33495547,exclude,E1,NA,Squirrel monkey early life stress study,animals,NR,NA,NR,0,0
PMID40471418,exclude,E5,NA,Adolescent MDD vs controls subcortical seed FC,adolescent patients+HC,142,whole hippocampus,NR,0,0
PMID40222403,exclude,E5,NA,ABCD youth perceived discrimination exposure and subcortical-network FC change,children/adolescents,3321,whole hippocampus,auditory network,0,0
PMID38605104,exclude,E5,NA,Chronic mild TBI vs controls intrinsic connectivity contrast,patients+HC,"37 mTBI, 39 HC",NA,NR,0,0
PMID10985287,exclude,E9,NA,Effective connectivity among temporal lobe regions only during memory retrieval,healthy adults,NR,whole hippocampus,"parahippocampal, temporal lobe regions",0,0
PMID33404979,exclude,E2,NA,Resected tissue neurochemistry and heart rate variability in MTLE,patients,18,NA,NR,0,0
PMID42155875,exclude,E7,NA,Graph attention network on whole-brain FC for memory recall; no hippocampal seed,healthy adults,180,NA,NR,0,0
PMID40639537,exclude,E5,NA,"MDD patients esketamine treatment; rostral/caudal hippocampus FC, no HC group",patients,29,anterior/posterior,"precuneus, MTG, cerebellum",0,0
PMID36245212,exclude,E7,NA,Whole-brain network dynamics during motor adaptation; no hippocampal seed,healthy adults,NR,NA,NR,0,0
PMID41381356,exclude,E1,NA,Rat neuronal ensemble recordings,animals,NA,NA,NR,0,0
PMID24076209,exclude,E9,NA,MPFC-left hippocampus connectivity only during handgrip heart rate task,healthy adults,29,left hippocampus,MPFC,0,0
PMID37838105,exclude,E7,NA,Ventral striatum reward prediction error in face memory; not hippocampal seed,healthy adults,NR,NA,NR,0,0
PMID40758349,exclude,E5,NA,Latent profiles in MDD with maltreatment and neural markers,patients,NR,NA,NR,0,0
PMID18799601,maybe,I,rsfc,Frontoparietal control network defined relative to hippocampal-cortical memory system via intrinsic FC; hippocampal seed use unclear,healthy adults,105,NA,"lateral PFC, ACC, inferior parietal",0,0
PMID40985250,exclude,E2,NA,Diffusion MRI of hippocampal pathways in HCP-Aging,healthy adults,475,NA,NR,0,0
PMID26870804,exclude,E7,NA,Pons FC with affective regions,healthy adults,NR,NA,NR,0,0
PMID24535033,exclude,E7,NA,ALE activation meta-analysis of self-recognition and theory of mind,NA,NR,NA,NR,0,0
PMID32461583,include,I,task,Hippocampal seed connectivity throughout the brain during acute stressor predicts subjective stress (CPM),healthy adults,NR,whole hippocampus,"hypothalamus, DLPFC, whole brain",0,0
PMID27443852,include,I,rsfc,"Hippocampal resting-state connectivity (vmPFC, pre-SMA) linked to goal concreteness in healthy participants; seed-based individual differences",healthy adults,NR,whole hippocampus,"vmPFC, pre-SMA",0,0
PMID27762653,exclude,E2,NA,Resting MEG connectivity in blast mTBI,patients+HC,"26 mTBI, 22 HC",NA,NR,0,0
PMID19320546,exclude,E9,NA,Transitive inference; connectivity between RLPFC and hippocampus only,healthy adults,NR,whole hippocampus,RLPFC,0,0
PMID30911183,exclude,E1,NA,Rodent grid cell recordings,animals,NA,NA,NR,0,0
PMID33459459,exclude,E5,NA,Heroin users vs controls thalamic subregion RSFC,patients+HC,"37 HU, 33 HC",NA,NR,0,0
PMID37930726,exclude,E5,NA,"Obese UK Biobank adults; lipid profile, hippocampal volume and fALFF, not seed FC",obese adults+controls,553,NA,NR,0,0
PMID29387938,exclude,E2,NA,Post-mortem ultra-high field diffusion MRI of hippocampus,post-mortem specimen,NR,NA,NR,0,0
PMID42092392,exclude,E2,NA,Infant hippocampal surface expansion regionalization (structural),infants,513 scans,NA,NR,0,0
PMID36274019,exclude,E5,NA,"Preclinical AD (amyloid, WMH) effects on hippocampal task FC in cognitively normal older adults",at-risk older adults,61,whole hippocampus,"parahippocampal, prefrontal",0,0
PMID22796982,maybe,I,task,"Emotion suppression reduces hippocampus-DLPFC connectivity during encoding; hippocampal seed likely, main-effect map unclear",healthy females,59,right hippocampus,right DLPFC,0,0
PMID24335219,exclude,E5,NA,Subacute/chronic back pain vs controls hippocampal connectivity,patients+HC,NR,whole hippocampus,"mPFC, cortex",1,0
PMID40916963,exclude,E7,NA,ALE activation meta-analysis of emotional memory encoding,NA,NR,NA,NR,0,0
PMID30954931,exclude,E5,NA,Multiple sclerosis fatigue seed-based rsFC,patients,22,NA,NR,0,0
PMID41444402,exclude,E5,NA,Meta-analysis of amygdala FC alterations across psychiatric disorders,patients+HC,96 studies,NA,NR,0,0
PMID30535262,exclude,E7,NA,dlPFC activity and dlPFC-hippocampus connectivity in memory updating; dlPFC focus,healthy adults,NR,NA,NR,0,0
PPRPPR84954,exclude,E7,NA,Temporal variability of regional FC and gene expression; no hippocampal seed map,healthy adults,NR,NA,NR,0,0
PMID37164780,exclude,E5,NA,"Older adults with subjective memory complaints; intervention trial, amygdala-hippocampus FC",at-risk older adults,NR,NA,NR,0,0
PMID20952459,exclude,E5,NA,ALE meta-analysis of hallucinations in schizophrenia,patients,10 studies,NA,NR,0,0
PMID21624424,exclude,E2,NA,DTI meta-analysis in bipolar disorder,patients,10 studies,NA,NR,0,0
PMID41217932,exclude,E5,NA,Amnesia patients with hippocampal damage; representational analyses,patients,18,NA,NR,0,0
PMID31964160,exclude,E5,NA,Transdiagnostic ALE activation meta-analysis of emotional processing,patients+HC,298 experiments,NA,NR,0,0
PMID36988918,exclude,E5,NA,ALE meta-analysis of bipolar disorder task fMRI,patients+HC,49 studies,NA,NR,0,0
PMID35278707,exclude,E1,NA,Mouse hippocampal FC gradient mapping,animals,NR,NA,NR,0,0
PMID28236751,exclude,E7,NA,Perirhinal activation tracks lifetime familiarity; no hippocampal seed FC,healthy adults,NR,NA,NR,0,0
PMID33978276,exclude,E6,NA,Hippocampal seed rsFC in healthy periadolescent children aged 9-15,children/adolescents,96,whole hippocampus,"temporal, parietal, frontal",0,0
PMID28664928,exclude,E1,NA,Mouse/slice pharmacology study,animals,NA,NA,NR,0,0
PMID12956731,exclude,E2,NA,PET activation study of startle in phobia,phobic participants,NR,NA,NR,0,0
PMID39357106,exclude,E9,NA,Granger causality among a few semantic ROIs including hippocampus,healthy adults,23,NA,NR,0,0
PMID33629647,exclude,E6,NA,Exercise intervention in deaf children; hippocampal rsFC changes,children,26,whole hippocampus,middle frontal gyrus,0,0
PMID20851113,exclude,E7,NA,Acupuncture sex differences; PCC-seeded correlations,healthy adults,38,NA,NR,0,0
PMID34433632,exclude,E2,NA,Intracranial EEG hippocampus-PFC information flow,epilepsy patients,26,NA,NR,0,0
PMID29235190,exclude,E7,NA,BST and central amygdala seeds; hippocampus only as target,healthy adults,130,NA,NR,0,0
PMID41128334,maybe,I,task,Subsequent-memory hippocampal FC with prefrontal/parietal cortex for creative associations; seed-to-whole-brain unclear,healthy adults,NR,whole hippocampus,"prefrontal, parietal",0,0
PMID25960314,exclude,E7,NA,dPFC and dACC PPI seeds; hippocampus only as target,healthy adults,NR,NA,NR,0,0
PMID42583934,exclude,E9,NA,EEG-fMRI sleep rhythms; hippocampus-thalamus-mPFC directed connectivity only,healthy adults,107,NA,NR,0,0
PMID24470705,exclude,E2,NA,VBM ALE meta-analysis in sleep apnea,patients+HC,8 studies,NA,NR,0,0
PMID24302681,exclude,E7,NA,Neurosteroid effects on amygdala-seeded resting connectivity,healthy adults,45,NA,NR,0,0
PPRPPR1169975,exclude,E1,NA,Mouse tinnitus model resting-state fMRI,animals,NR,NA,NR,0,0
PMID26888616,maybe,I,task,Fornix FA and PPI connectivity in recognition network in cognitively healthy middle/late-aged adults; seed unclear,healthy middle-aged/older adults (WRAP),282,NA,"precuneus, middle frontal, occipital, posterior cingulate",0,0
PMID19309321,exclude,E7,NA,Parahippocampal cortex seed connectivity in WM-LTM interaction,healthy adults,NR,NA,NR,0,0
PMID41606112,include,I,rsfc,"HCP 7T movie; hippocampal subfield circuit and hippocampal-cortical inter-subject FC with RSC, PHC, mPFC, visual",HCP 7T,NR,subfields,"retrosplenial, parahippocampal, mPFC, visual cortex",0,0
PMID21255654,exclude,E5,NA,Concussed athletes vs controls resting networks,patients+HC,"17 mTBI, 17 HC",NA,NR,0,0
PMID39198584,exclude,E5,NA,Children exposed to gestational diabetes; hippocampal gPPI to food cues,children,90,whole hippocampus,"insula, striatum, postcentral",0,0
PMID36183945,include,I,rsfc,HCP twins; heritability of hippocampus-cortex FC organisation along anterior-posterior and medial-lateral axes,HCP,NR,subfields,cortex-wide,0,0
PMID37119695,exclude,E5,NA,Systematic review of MRI markers after acute brain injury,patients,98 studies,NA,NR,0,0
PMID24947462,exclude,E7,NA,Cerebellar Crus I coherence with parietal/prefrontal/hippocampal regions in navigation; cerebellum focus,healthy adults,NR,NA,NR,0,0
PMID27739612,exclude,E7,NA,Precuneus and thalamus structural/functional connectivity to DMN ROIs,HCP,37,NA,NR,0,0
PMID37783710,exclude,E5,NA,Meta-analysis of amygdala FC alterations with early life adversity,exposed populations,49 studies,NA,NR,0,0
PMID22479172,exclude,E7,NA,Pairwise FC decoding of unattended fearful faces; no hippocampal seed,healthy adults,NR,NA,NR,0,0
PMID42601716,exclude,E5,NA,Meta-analysis of acupuncture effects in depression,patients,357,NA,NR,0,0
PMID22216234,exclude,E5,NA,aMCI vs controls longitudinal hippocampal subfield seed networks,patients+HC,"26 aMCI, 18 HC",subfields,"medial frontal, lateral temporal, insula, PCC",1,0
PMID25390185,exclude,E9,NA,Effective connectivity among a few DMN nodes incl. hippocampus in healthy older adults,healthy older adults,28,whole hippocampus,"PCC, DMN nodes",0,0
PMID38613864,exclude,E5,NA,Schizophrenia vs HV degree centrality and social cognition,patients+HC,"55 SZ, 45 HV",NA,NR,0,0
PPRPPR321343,exclude,E5,NA,ALE meta-analysis of bvFTD abnormalities,patients,73 studies,NA,NR,0,0
PMID26306990,exclude,E7,NA,Emotion regulation prediction errors; VTA-vlPFC connectivity,healthy adults,NR,NA,NR,0,0
PMID37112449,exclude,E9,NA,Aging scene processing; IFG-hippocampus/parahippocampus connectivity within few ROIs,healthy young and older adults,81,whole hippocampus,IFG,0,0
PMID30287300,exclude,E7,NA,Amygdala neurofeedback; amygdala-seeded PPI,healthy adults,26,NA,NR,0,0
PMID30316866,exclude,E5,NA,Meta-analysis of amygdala rsFC in MDD,patients+HC,19 studies,NA,NR,0,0
PMID25154706,exclude,E9,NA,Experimental inflammation effects on SN-hippocampus novelty coupling,healthy adults,16,NA,NR,0,0
PMID29882617,exclude,E7,NA,"Trait anxiety gPPI from amygdala, dmPFC, precuneus seeds",healthy adults,NR,NA,NR,0,0
PMID25578799,include,I,task,Hippocampal task-dependent coupling with PFC-parietal network during spatial WM in healthy humans,healthy adults,NR,whole hippocampus,"DLPFC, supramarginal gyrus, parietal",0,0
PMID24218550,exclude,E7,NA,Hippocampal multivoxel correlation structure persistence into rest; not seed-to-cortex FC,healthy adults,NR,NA,NR,0,0
PMID32735812,exclude,E10,NA,Post-encoding TMS to LOC disrupts hippocampal-LOC connectivity,healthy adults,NR,whole hippocampus,lateral occipital cortex,0,0
PMID27053767,maybe,I,task,Fear renewal; effective connectivity of hippocampal foci with fear/extinction network in healthy men; extent unclear,healthy young men,46,whole hippocampus,fear and extinction network,0,0
PMID31404558,exclude,E7,NA,Temporal variability of FC among valuation regions and delay discounting,healthy young adults,NR,NA,NR,0,0
PMID28817956,exclude,E5,NA,"Bipolar patients, siblings and HV graph theory",patients+relatives+HC,183,NA,NR,0,0
PMID31261241,maybe,I,rsfc,"Hippocampus and parahippocampal ROI seed whole-brain rsFC vs mind-popping frequency; only PHG result, main map unlikely",healthy college students,397,whole hippocampus,SMA,0,0
PMID36542200,exclude,E2,NA,Cortical thickness meta-analysis in autism,patients+HC,26 studies,NA,NR,0,0
PMID29116660,exclude,E9,NA,DCM between left anterior hippocampus and vmPFC only,healthy adults,NR,anterior hippocampus,vmPFC,0,0
PMID40110999,include,I,rsfc,Hippocampal-neocortical FC gradients (long-axis modes) across adult lifespan in two samples,lifespan,NR,hippocampal gradient,neocortex-wide,0,0
PMID21568635,exclude,E7,NA,Inferior frontal junction seed connectivity during task switching,healthy adults,NR,NA,NR,0,0
PMID32485015,exclude,E9,NA,Pairwise partial correlations of amygdala/VTA with hippocampal head/body/tail and MTL cortex only,healthy adults,NR,head/body/tail,"perirhinal, parahippocampal",0,0
PMID35287149,exclude,E7,NA,Blue light effect on DLPFC-seeded rsFC,healthy young adults,29,NA,NR,0,0
PMID41128392,exclude,E7,NA,Thalamic nuclei ROI-to-ROI FC across learning,healthy adults,52,NA,NR,0,0
PMID22525876,exclude,E7,NA,Cerebellar subregion rsFC with cortex and subcortex,healthy young adults,228,NA,NR,0,0
PMID32744850,maybe,I,task,"Aging emotional suppression; HC-PFC connectivity decrease in young adults; hippocampal seed extent unclear, PFC focus",healthy young and older adults,NR,whole hippocampus,PFC,0,0
PMID38091752,exclude,E5,NA,Older adults at high risk for AD; midlife physical activity and rsFC,at-risk older adults,NR,whole hippocampus,cerebellum Crus II,0,0
PMID33981337,exclude,E5,NA,Upper-limb amputees ALFF/degree centrality,patients+HC,"16 amputees, 8 HC",NA,NR,0,0
PMID20005012,exclude,E2,NA,VBM ALE meta-analysis of conversion to AD,patients,10 studies,NA,NR,0,0
PMID41518411,exclude,E5,NA,"aMCI graph topology, synaptic density and tau",patients+HC,"28 aMCI, 24 HC",NA,NR,0,0
PMID32289455,include,I,task,"Anterior hippocampal connectivity changes across autobiographical simulations (mPFC, precuneus) in healthy adults",healthy adults,29,anterior hippocampus,"medial prefrontal cortex, precuneus",0,0
PMID31491472,include,I,meta,ALE of autobiographical memory with MACM of hippocampus/parahippocampal cluster showing cortical co-activation,meta-analytic,79 experiments,MTL,"middle cingulate, IFG, superior parietal, PCC",0,0
PPRPPR720152,maybe,I,rsfc,Anterior hippocampus/amygdala activation cluster used as rsFC seed; vmPFC connectivity linked to pain habituation,healthy adults,85,anterior hippocampus,vmPFC,0,0
PMID38839620,exclude,E7,NA,HCP activation and FC of cortical regions to visual categories; hippocampus not seed,HCP,956,NA,NR,0,0
PMID41522078,exclude,E5,NA,ALE meta-analysis of acupuncture in MCI/AD,patients,13 studies,NA,NR,0,0
PMID38406979,exclude,E5,NA,Carbon monoxide poisoning case reports,patients,2,NA,NR,0,0
PMID30462609,exclude,E1,NA,Monkey hippocampal lesion plasticity,animals,NR,NA,NR,0,0
PMID39396483,exclude,E2,NA,VBM meta-analysis in OCD (structural only),patients+HC,26 studies,NA,NR,0,0
PPRPPR319741,exclude,E1,NA,Macaque fMRI audiovisual integration,animals,2,NA,NR,0,0
PMID29054542,exclude,E9,NA,"Undirected FC among a few task-defined nodes (dPFC, dACC, HPC, SPC, FG)",healthy adults,19,whole hippocampus,"dPFC, dACC",0,0
PMID33549931,exclude,E2,NA,Structural volumetry after epilepsy surgery/VNS (structural only),patients,43,NA,NR,0,0
PMID19050764,exclude,E7,NA,"Sound-action learning; BA44-focused PPI, hippocampus only activation",healthy adults,NR,NA,NR,0,0
PMID41659658,exclude,E9,NA,CA1-to-striatal compartment tractography with FC restricted to striatal voxels,healthy adults,NR,subfields,striatum,0,0
PMID39937782,exclude,E5,NA,Poly-drug use disorder attachment and DMN rsFC,patients,33,NA,NR,0,0
PMID38078980,exclude,E7,NA,Amygdala-centered Granger causality and trait anxiety,healthy young adults,424,NA,NR,0,0
PMID29916791,exclude,E10,NA,Hippocampal-targeted parietal TMS effects on associative encoding,healthy adults,NR,whole hippocampus,posterior inferior parietal,0,0
PMID35492025,maybe,I,rsfc,Healthy adults; hippocampal anterior/posterior integration with major RSNs related to metabolic profile; main map uncertain,healthy adults,104,anterior/posterior,major resting-state networks,0,0
PMID33146610,include,I,rsfc,MTL cytoarchitectural gradient (iso-to-allocortex) underpinning intrinsic effective connectivity and whole-brain network association,healthy adults,NR,MTL,"multiple-demand, task-negative, transmodal/unimodal networks",0,0
PMID23115550,exclude,E5,NA,FMR1 premutation carriers vs controls hippocampal PPI,genetic carriers+HC,NR,right hippocampus,"VLPFC, parahippocampal",0,0
PMID35843657,exclude,E8,NA,Narrative review of MTL anatomy,NA,NA,NA,NR,0,0
PMID28390850,exclude,E2,NA,VBM ALE meta-analysis in schizophrenia with negative symptoms (structural only),patients,12 studies,NA,NR,0,0
PMID29224580,exclude,E5,NA,ALE activation meta-analysis of childhood maltreatment exposure,exposed adults,17 studies,NA,NR,0,0
PMID22688567,exclude,E5,NA,MTLE vs controls amygdala network ICA,patients+HC,"28 MTLE, 18 HC",NA,NR,0,0
PPRPPR280850,maybe,I,task,Movie narrative study; hippocampal activity correlated with visual hierarchy over time; hippocampal FC analysis scope unclear,healthy adults,NR,whole hippocampus,visual cortex hierarchy,0,0
PMID30112812,exclude,E7,NA,Entorhinal subregion seed rsFC in taxi drivers,taxi drivers+controls,40,NA,NR,0,0
PMID40891026,exclude,E5,NA,Offspring of bipolar parents vs HC; hippocampal rsFC and complement C3,genetic risk+HC,111,left hippocampus,cerebellum,1,0
PMID25738156,exclude,E5,NA,ReHo in MCI,patients+HC,NR,NA,NR,0,0
PMID33244827,exclude,E5,NA,Multilayer network cross-frequency integration in MCI/AD,patients+HC,162,NA,NR,0,0
PMID32217164,exclude,E2,NA,Intracranial single-pulse stimulation CCEPs in temporal lobe,epilepsy patients,18,NA,NR,0,0
PMID27132706,exclude,E7,NA,Amygdala-seeded effective connectivity in appetitive conditioning,healthy adults,NR,NA,NR,0,0
PMID36535322,exclude,E7,NA,Cerebellar network connectivity across sleep stages,healthy adults,73,NA,NR,0,0
PMID36585773,maybe,I,task,Test-potentiated encoding; hippocampal coupling with lateral temporo-parietal cortex after feedback; seed/whole-brain extent unclear,healthy adults,27,whole hippocampus,lateral temporo-parietal cortex,0,0
PMID32650053,exclude,E8,NA,Methods tutorial for gradient analysis,NA,NA,NA,NR,0,0
PMID42482506,exclude,E5,NA,Adolescent MDD with NSSI dynamic FC,adolescent patients,204,NA,NR,0,0
PMID26087377,exclude,E7,NA,Ventral striatal seed rsFC development,children to young adults,66,NA,NR,0,0
PMID37289520,exclude,E7,NA,Lesion network mapping of anosognosia; hippocampus only result,lesion patients + normative connectome,267 lesions,NA,NR,0,0
PMID40854689,exclude,E9,NA,Lifespan positivity bias; anterior hippocampus-amygdala to OFC connectivity only,lifespan,665,anterior hippocampus,orbitofrontal cortex,0,0
PMID23640112,exclude,E7,NA,Lateral OFC seed connectivity with hippocampus in social WM,healthy adults,NR,NA,NR,0,0
PMID33318054,exclude,E6,NA,Longitudinal intrinsic hippocampal FC in 4-9 year-old children,children,200,whole hippocampus,cortical encoding regions,0,0
PMID32705467,exclude,E5,NA,CSF1R-related leukoencephalopathy vs controls,patients+HC,"7 patients, 15 HC",NA,NR,0,0
PMID35557619,exclude,E2,NA,VBM and ALE in idiopathic dystonia (structural only),patients+HC,73,NA,NR,0,0
PMID29477415,exclude,E7,NA,dACC and DLPFC seed rsFC related to error adjustment,healthy young adults,28,NA,NR,0,0
PPRPPR648605,exclude,E7,NA,Spectral DCM of triple networks and neuroticism in HCP; no hippocampal seed map,HCP,1079,NA,NR,0,0
PMID30249651,exclude,E10,NA,Acute mild exercise increases DG/CA3-cortical FC; intervention effect focus,healthy young adults,NR,subfields,"parahippocampal, angular, fusiform",0,0
PMID38331332,exclude,E9,NA,Spectral DCM within DMN nodes including hippocampus in aging,healthy middle-aged/older adults,63,whole hippocampus,DMN nodes,0,0
PMID42036014,maybe,I,rsfc,Healthy adults; seed-to-voxel rsFC incl. hippocampal-frontal pole coupling related to memory suppression; seeds and hippocampal maps unclear,healthy adults (subclinical anxiety range),47,whole hippocampus,frontal pole,0,0
PMID36167193,exclude,E7,NA,Perirhinal cortex seed rsFC and positive affect; hippocampus only volumetry,healthy adults,321,NA,NR,0,0
PMID35331780,exclude,E5,NA,Systematic review of meta-analyses on early life adversity neurobiology,exposed populations,27 meta-analyses,NA,NR,0,0
PMID31303261,exclude,E10,NA,Mindfulness training RCT effects on hippocampal connectivity during extinction recall,healthy adults,67,whole hippocampus,primary sensory cortex,0,0
PMID27339132,exclude,E7,NA,D2 receptor PET and ventral caudate-MTL rsFC in older adults,healthy older adults,181,NA,NR,0,0
PMID25234342,exclude,E7,NA,"Graph theory of retrieval networks; hippocampus as hub, no seed maps",healthy adults,NR,NA,NR,0,0
PMID15182317,exclude,E2,NA,Intracranial SEEG coherence in epilepsy patients,epilepsy patients,4,NA,NR,0,0
PPRPPR1319957,exclude,E5,NA,Gambling disorder vs controls GMV and striatal-seed rsFC,patients+HC,"18 GD, 21 HC",NA,NR,0,0
PMID20399735,exclude,E7,NA,ACC-seeded coupling with hippocampus/amygdala in delay discounting,healthy adults,NR,NA,NR,0,0
PMID34694466,exclude,E7,NA,tDCS fear extinction; DLPFC-seeded PPI,healthy women,34,NA,NR,0,0
PMID30121186,exclude,E5,NA,First-episode schizophrenia FA and rsFC,patients+HC,"181 SZ, 173 HC",NA,NR,0,0
PMID30996057,exclude,E10,NA,Hippocampal network-targeted TMS in older adults,healthy older adults,15,whole hippocampus,parietal cortex,0,0
PMID34252875,exclude,E5,NA,Paediatric narcolepsy hypothalamus/amygdala seed FC,child patients+HC,30,NA,NR,0,0
PMID17531309,exclude,E7,NA,VWFA seed connectivity for words,healthy adults,NR,NA,NR,0,0
PMID36537658,exclude,E7,NA,Thalamocortical activity model; hippocampus only comparison model,healthy adults,NR,NA,NR,0,0
PMID40925398,exclude,E8,NA,Systematic review of temporal interference stimulation,NA,18 studies,NA,NR,0,0
PMID33691225,exclude,E6,NA,Infant hippocampal FC development,infants,202,whole hippocampus,DMN,0,0
PMID29302917,exclude,E2,NA,VBM meta-analysis in MTLE-HS (structural only),patients,12 studies,NA,NR,0,0
PMID26265397,exclude,E2,NA,Structural meta-analysis of negative emotionality traits,NA,NR,NA,NR,0,0
PMID34285645,exclude,E2,NA,Diffusion tractography parcellation of hippocampus by PFC connections,healthy adults,4,NA,NR,0,0
PMID41279306,include,I,rsfc,"Track-weighted dFC hippocampal parcellation; clusters show distinct rsFC with MTL, parietal, frontal, occipital cortex",HCP,10; 100,hippocampal parcels,"medial temporal, parietal, frontal, occipital cortex",0,0
PMID18439410,exclude,E9,NA,Hippocampus-striatum interaction in motor sequence consolidation,healthy adults,NR,whole hippocampus,striatum,0,0
PMID40550920,maybe,I,task,Narrative comprehension; hippocampus-vmPFC and hippocampus-PMC FC predict sequencing/encoding; whole-brain analysis unclear,healthy adults,NR,whole hippocampus,"vmPFC, posterior medial cortex",0,0
PMID29628321,include,I,rsfc,7T hippocampal subfield seeds resting-state FC in older adults with memory correlations,healthy older adults,15,subfields,"fusiform, temporal, lingual, frontal",0,0
PMID41237075,exclude,E7,NA,Breathing mode effects on olfactory/brainstem-seeded FC,healthy males,20,NA,NR,0,0
PMID30332613,exclude,E8,NA,HCP-Aging dataset overview; no hippocampal connectivity results,healthy adults 36-100,1200+,NA,NR,0,0
PMID38339823,exclude,E7,NA,Anterior insula subregion seeds; hippocampus only as target,lifespan (Cam-CAN),243,NA,NR,0,0
PMID37239229,include,I,rsfc,FC-based hippocampal parcellation (discriminative embedded clustering) into three long-axis subregions in healthy taxi drivers/controls,healthy adults (taxi drivers + controls),NR,hippocampal parcels,NR,0,0
PMID31317828,exclude,E5,NA,Running intervention in multiple sclerosis; hippocampus-DMN connectivity,patients,29,whole hippocampus,default mode network,0,0
PMID16033901,exclude,E1,NA,Cellular FRET microscopy of ion channels,cells,NA,NA,NR,0,0
PMID25522360,exclude,E5,NA,Trauma-exposed women; cingulum/UF DTI and hippocampus-ACC FC,trauma-exposed adults,40,whole hippocampus,ACC,0,0
PMID30999293,exclude,E5,NA,GHB users with/without coma vs polydrug users; hippocampal task FC,drug users,81,left hippocampus,"fusiform, TPO junction, amygdala",0,0
PMID28212570,exclude,E5,NA,MCI with depression vs MCI vs HC; amygdala/hippocampus Granger causality,patients+HC,"12, 13, 14 HC",whole hippocampus,"superior parietal, occipital",1,0
PMID38521736,exclude,E5,NA,Subjective cognitive decline acupuncture RCT; hippocampal FC change,at-risk older adults,72,whole hippocampus,NR,0,0
PMID37086802,exclude,E2,NA,Gray matter meta-analysis in PTSD (structural only),patients,113 studies,NA,NR,0,0
PMID18385483,include,I,rsfc,High-resolution resting-state FC of MTL seeds along long axis; hippocampal body vs anterior hippocampus cortical pathways,healthy adults,100,MTL; anterior/posterior,"lateral parietal, PCC, retrosplenial, vmPFC, lateral temporal, temporal pole",0,0
PMID39196261,maybe,I,rsfc,Mental training in healthy adults; hippocampal subfield intrinsic FC changes; intervention focus but baseline subfield maps plausible,healthy adults,332,subfields,NR,0,0
PMID39074556,exclude,E5,NA,Anti-NMDA receptor encephalitis vs controls eigenvector centrality,patients+HC,"73, 73",NA,NR,0,0
PMID18839096,exclude,E1,NA,Anesthetized rat resting-state fMRI,animals,NR,NA,NR,0,0
PMID26476339,exclude,E5,NA,PTSD vs trauma-exposed controls amygdala-seed rsFC,patients+controls,66,NA,NR,0,0
PMID36692233,maybe,I,rsfc,Community older adults; hippocampal seed rsFC with DMN correlates with social comparison; seed extent/main map unclear,healthy older adults,90,whole hippocampus,default mode network,0,0
PMID37942144,exclude,E5,NA,Meta-analysis of rsFC and GM in irritable bowel syndrome,patients+HC,12 studies,NA,NR,0,0
PMID26918588,maybe,I,task,"Young vs older adults; hippocampal-PFC connectivity during post-nap vs wake retrieval; seed extent unclear, state manipulation",healthy young and older adults,NR,whole hippocampus,PFC,0,0
PMID18410948,exclude,E1,NA,Rat cerebral ischemia pharmacology,animals,NA,NA,NR,0,0
PMID40202284,include,I,rsfc,HCP hippocampal seed-based FC network used to identify mPFC and PPC cortical targets,HCP,1133,whole hippocampus,"medial prefrontal cortex, posterior parietal cortex",0,0
PMID23962957,exclude,E7,NA,Novel word lexicalization activation; hippocampal involvement without seed FC,healthy adults,NR,NA,NR,0,0
PMID27770465,include,I,task,Multivariate hippocampal seed connectivity depending on spatial coherence; HC connectivity with LOC and other regions,healthy adults,NR,whole hippocampus,"lateral occipital complex, various regions",0,0
PMID30035026,exclude,E5,NA,MDD/GAD vs controls network connectivity stratification,patients+HC,71,NA,NR,0,0
PMID29488277,exclude,E7,NA,mPFC MRS and mPFC-seeded PPI to thalamus/hippocampus,healthy adults,NR,NA,NR,0,0
PMID36813823,exclude,E10,NA,Oxytocin/estradiol effects on amygdala and hippocampus seed-to-voxel rsFC,healthy adults,227,right hippocampus,anterior cingulate,0,0
PMID28160686,maybe,I,rsfc,Seed-based rsFC incl. hippocampal formation seed regressed on self/other memory; reported effects mainly vmPFC,healthy adults,NR,whole hippocampus,NR,0,0
PMID36669853,maybe,I,rsfc,Sleep vs nap vs wake; hippocampal seed-to-whole-brain rsFC shows strengthened hippocampal-prefrontal FC; state manipulation focus,healthy adults,NR,whole hippocampus,prefrontal cortex,0,0
PPRPPR747616,exclude,E5,NA,Visually impaired vs sighted; entorhinal distance coding and FC among navigation ROIs,visually impaired+sighted,47,NA,NR,0,0
PMID39111111,exclude,E5,NA,PTSD exposure therapy RCT; hippocampus-vmPFC RSFC,patients,NR,whole hippocampus,vmPFC,0,0
PMID23280226,exclude,E7,NA,Fructose vs glucose; hypothalamus-seeded connectivity,healthy adults,20,NA,NR,0,0
PMID41831371,exclude,E5,NA,MDD with mixed features vs MDD vs HC; hippocampal subfield seed RSFC,patients+HC,73,subfields,"inferior temporal gyrus, pallidum",1,0
PMID35443038,exclude,E5,NA,OCD connectome-based predictive modelling,patients+relatives+HC,57 OCD,NA,NR,0,0
PMID42694206,exclude,E5,NA,Mild autonomous cortisol secretion patients; hippocampal connectivity,patients,48,whole hippocampus,NR,0,0
PMID32313949,exclude,E7,NA,Prism adaptation effects on intraparietal sulcus-seeded RSFC,healthy adults,NR,NA,NR,0,0
PMID41083069,exclude,E5,NA,MDD and MDD-PTSD vs HC structural and FC,patients+HC,63,NA,NR,0,0
PMID29341303,include,I,rsfc,Anterior/posterior hippocampal seed rsFC associated with cardiorespiratory fitness in healthy young adults,healthy young adults,NR,anterior/posterior,prefrontal cortex,0,0
PMID26350954,include,I,meta,Coactivation-based parcellation of hippocampus with meta-analytic and 7T FC; long-axis clusters with distinct cortical connectivity,meta-analytic + healthy adults,NR,anterior/posterior (CBP clusters),"ACC, IFG, precuneus, angular gyrus, amygdala, parahippocampal",0,0
PMID23595762,exclude,E7,NA,rTMS to DLPFC; DLPFC-seeded connectivity with hippocampus,healthy adults,39,NA,NR,0,0
PMID37725323,exclude,E2,NA,VBM meta-analysis in MDD and social anxiety (structural only),patients+HC,44 studies,NA,NR,0,0
PMID40665410,exclude,E7,NA,Perirhinal/parahippocampal seeds (AT/PM networks) and cardiovascular risk in older adults,healthy older adults,131,NA,NR,0,0
PMID32029885,exclude,E5,NA,ECT in depression; hippocampal CBF loci used as seeds in healthy controls to define networks,patients+HC,"44 patients, 36 HC",anterior/posterior,"thalamus, striatum",1,0
PMID30948036,exclude,E5,NA,Chronic low back pain ALFF,patients+HC,164,NA,NR,0,0
PMID36573637,exclude,E5,NA,Children with overweight/obesity; hippocampal seed rsFC and early life factors,children,96,whole hippocampus,"pre/postcentral, angular, MTG",0,0
PMID41612591,exclude,E5,NA,Recreational ketamine users vs tobacco users hippocampal subfields and FC,drug users,131,subfields,NR,0,0
PMID25418860,exclude,E9,NA,Resting FC between hippocampal and striatal subregions after virtual navigation learning,healthy adults,NR,posterior hippocampus,dorsal caudate,0,0
PMID28923408,exclude,E5,NA,mTLE vs HC resting network connectivity with EEG-fMRI,patients+HC,NR,NA,NR,0,0
PMID21296027,exclude,E7,NA,"Group ICA of semantic decision task; hippocampal component, no seed FC",healthy adults,NR,NA,NR,0,0
PMID28413981,exclude,E5,NA,T2DM with vs without aMCI DMN connectivity,patients,46,NA,NR,0,0
PMID39020167,exclude,E10,NA,Psilocybin precision functional mapping; anterior hippocampus-DMN FC reduction,healthy adults,NR,anterior hippocampus,default mode network,0,0
PMID22766141,exclude,E5,NA,ALE activation meta-analysis of PTSD,patients,39 studies,NA,NR,0,0
PMID23084460,exclude,E7,NA,Graph/effective connectivity of associative-semantic network; hippocampus only a node,healthy adults,NR,NA,NR,0,0
PMID34077415,include,I,rsfc,"Data-driven rsFC identifies DMN subnetworks and MTN interacting with hippocampus, varying along long axis; Neurosynth decoding",healthy adults,NR,anterior/posterior,"PM, AT, MP DMN subnetworks, precuneus, MTL",0,0
PMID35189164,exclude,E2,NA,Structural ALE meta-analysis of early life adversity,exposed populations,NR,NA,NR,0,0
PMID30290974,exclude,E7,NA,"pMTG and collateral sulcus seeds (rsFC, MACM) in chess expertise",healthy adults / BrainMap,NR,NA,NR,0,0
PMID22200724,exclude,E9,NA,"Effective connectivity among PHc, hippocampus and PRc only",healthy adults,NR,whole hippocampus,"parahippocampal, perirhinal",0,0
PMID24522471,exclude,E1,NA,Old mice exercise CBV study,animals,30,NA,NR,0,0
PMID35575053,exclude,E5,NA,MCI creative expression intervention; hippocampal rsFC interaction,patients,36,left hippocampus,NR,0,0
PMID31983347,exclude,E5,NA,Bereaved parents with/without PTSD vs controls; hippocampal subfield FC,trauma-exposed+HC,194,subfields,"PCC, frontal gyri",1,0
PPRPPR1312908,exclude,E9,NA,"FC among thalamic nuclei, hippocampus and DMN during movie encoding",healthy adults,NR,whole hippocampus,"anterior thalamus, DMN",0,0
PPRPPR1099070,exclude,E8,NA,Scoping review of music exposure effects,NA,57 studies,NA,NR,0,0
PMID39711102,exclude,E10,NA,Temporal tDCS modulates hippocampal-occipital PPI connectivity,healthy adults,NR,whole hippocampus,occipital cortex,0,0
PMID39153521,exclude,E5,NA,ReHo meta-analysis in MCI and AD,patients+HC,35 experiments,NA,NR,0,0
PMID27699680,exclude,E7,NA,Left IFG-seeded connectivity during emotional semantic elaboration,healthy young adults,NR,NA,NR,0,0
PMID40027698,exclude,E9,NA,"Cerebello-hippocampal FC only, across adulthood with hormones",middle-aged/older adults,138,whole hippocampus,cerebellum,0,0
PMID36964589,exclude,E5,NA,aMCI vs HC cortex-hippocampus network for delayed recall,patients+HC,"73 aMCI, 58 HC",whole hippocampus,"DLSFG, SMA, lingual, occipital",1,0
PMID30694459,exclude,E11,NA,"Children vs adults navigation; hippocampal/parahippocampal seed from activation, only group differences reported",children+young adults,NR,MTL,"caudate, insula, supramarginal",0,0
PMID28162895,exclude,E5,NA,Misophonia vs controls; anterior insula connectivity,patients+HC,NR,NA,NR,0,0
PMID24399179,exclude,E7,NA,MACM/rsFC of social-affective DMN seeds; amygdala/hippocampus only a resulting cluster,meta-analytic + healthy adults,NR,NA,NR,0,0
PPRPPR1130455,exclude,E5,NA,Temporal interference stimulation in MDD,patients,15,NA,NR,0,0
PMID34480013,exclude,E5,NA,Traumatized refugees vs controls emotion regulation gPPI,trauma-exposed+HC,81,whole hippocampus,PFC,0,0
PMID30165082,exclude,E7,NA,ALE activation meta-analysis of insight,NA,NR,NA,NR,0,0
PMID33385788,exclude,E5,NA,Adolescent adversity and amygdala rsFC,adolescents,223,NA,NR,0,0
PMID31667947,exclude,E10,NA,rTMS dose-finding for hippocampal-parietal FC,healthy adults,15,whole hippocampus,posterior parietal,0,0
PMID25776219,include,I,mixed,"Meta-analytic CBP of subiculum/hippocampal formation with MACM and rsFC: anterior-DMN, posterior-task-positive",meta-analytic + healthy adults,NR,"subfields (subiculum), anterior/posterior","default mode, task-positive, ventral striatum, amygdala",0,0
PMID20227250,exclude,E5,NA,Schizophrenia positive vs negative symptoms FC asymmetry incl. hippocampus ROI,patients+HC,NR,whole hippocampus,NR,1,0
PMID35986403,exclude,E5,NA,RCT protocol for Tuina in knee osteoarthritis,patients,60,NA,NR,0,0
PMID38527084,exclude,E7,NA,"Orthographic learning; activation-defined networks, no hippocampal seed FC",healthy adults,NR,NA,NR,0,0
PMID32804127,exclude,E5,NA,Subjective cognitive decline vs HC DMN connectivity (ADNI),at-risk+HC,"23, 23",NA,NR,0,0
PMID36228484,exclude,E5,NA,Paediatric epilepsy hemispheric specialization,child patients+TD,91,NA,NR,0,0
PMID18823411,exclude,E7,NA,EEG theta vs hippocampal BOLD dissociation; no hippocampal FC,healthy adults,NR,NA,NR,0,0
PMID33141033,include,I,rsfc,"Healthy young adults; rsFC-based hippocampal division, anterior hippocampal-cortical FC related to early life stress and memory",healthy young adults,100,anterior/posterior,cortex (memory circuits),0,0
PMID31254060,exclude,E7,NA,Precuneus rTMS susceptibility; precuneus-hippocampus rsFC,healthy adults,18,NA,NR,0,0
PMID24984244,exclude,E7,NA,ALE activation meta-analysis of emotion regulation,NA,NR,NA,NR,0,0
PMID42189603,exclude,E5,NA,Meta-analysis of compulsive sexual behaviour disorder,patients,NR,NA,NR,0,0
PMID36989125,exclude,E7,NA,Heritability of directed Granger connectome; no hippocampal seed map,HCP,898,NA,NR,0,0
PPRPPR668822,exclude,E7,NA,"Exercise/cognitive training RCT; network rsFC changes, no hippocampal seed",healthy late-middle-aged adults,82,NA,NR,0,0
PMID31690806,exclude,E7,NA,DMN connectivity predicted by age and hippocampal volume; hippocampus not seed,healthy adults+patients,312,NA,NR,0,0
PMID27567843,exclude,E2,NA,VBM ALE meta-analysis of AD and semantic dementia,patients,63 studies,NA,NR,0,0
PMID30478929,exclude,E5,NA,mTLE hippocampal-thalamic DTI and fALFF,patients+HC,"51, 22",NA,NR,0,0
PMID37196984,exclude,E5,NA,Children with autism memory and hippocampal connectivity,child patients+TD,54,whole hippocampus,posterior cingulate,0,0
PMID37581985,maybe,I,task,Association-sequence network model; cortical regions show differential connectivity with hippocampus during retrieval; method scope unclear,healthy adults,NR,anterior hippocampus,"PFC, angular gyrus, SMA, precuneus",0,0
PMID40664335,exclude,E5,NA,NSSI circuit from ALE and network mapping with TMS trial,patients,NR,NA,NR,0,0
PMID36244990,exclude,E5,NA,Meta-analysis of reward processing in schizophrenia,patients+HC,17 studies,NA,NR,0,0
PMID31072956,exclude,E5,NA,VGKCC-Ab limbic encephalitis vs HC hippocampal FC,patients+HC,24 patients,whole hippocampus,posteromedial cortex,1,0
PMID32098488,exclude,E5,NA,Multimodal meta-analysis in major depression,patients,92 publications,NA,NR,0,0
PMID40038158,exclude,E7,NA,Basal forebrain and locus coeruleus task FC across lifespan,healthy young/older adults,NR,NA,NR,0,0
PMID30243112,exclude,E2,NA,MEG auditory synchronization in mTLE,patients+HC,71,NA,NR,0,0
PMID38214182,exclude,E2,NA,Hippocampal morphology in developmental topographical disorientation,DTD+controls,258,NA,NR,0,0
PMID40403861,exclude,E5,NA,Chronic low back pain ALE and FC,patients+HC,"30, 30",NA,NR,0,0
PMID24013592,exclude,E7,NA,Repetition suppression of memory representations; no hippocampal seed FC,healthy adults,NR,NA,NR,0,0
PMID29159664,exclude,E7,NA,Voxel-wise global within/between navigation-network connectivity; no hippocampal seed map,healthy adults,NR,NA,NR,0,0
PMID30447076,exclude,E10,NA,Network-targeted parietal TMS frequency effects on hippocampal-HCN connectivity,healthy adults,NR,whole hippocampus,hippocampal-cortical network,0,0
PMID33207019,include,I,task,gPPI from anterior and posterior hippocampus to rest of brain during spatial memory encoding/retrieval,healthy adults,NR,anterior/posterior,"attention network, default network",0,0
PMID23041527,exclude,E7,NA,Multivariate WM epoch networks; hippocampus only activation,healthy adults,NR,NA,NR,0,0
PMID33876747,exclude,E5,NA,Prenatal maternal cytokine exposure and adult offspring stress circuitry,exposed adult offspring,80,NA,NR,0,0
PMID35965072,exclude,E5,NA,Functional dyspepsia acupuncture response prediction,patients,100,NA,NR,0,0
PMID26585457,exclude,E5,NA,Panic disorder vs controls activation,patients+HC,40,NA,NR,0,0
PMID40442306,exclude,E7,NA,Hippocampal centrality graph metrics and sleep memory consolidation; no seed maps,healthy older adults,36,NA,NR,0,0
PMID33421544,exclude,E7,NA,Activation meta-analysis of social incentive delay task,NA,NR,NA,NR,0,0
PMID30295319,exclude,E9,NA,Childhood intervention effect on adult hippocampus-vmPFC connectivity only,young adults (intervention trial),93,whole hippocampus,vmPFC,0,0
PPRPPR215319,exclude,E9,NA,Auditory target detection and ventral visual cortex-hippocampus connectivity,healthy adults,NR,whole hippocampus,ventral visual cortex,0,0
PPRPPR1034947,exclude,E5,NA,APOE4 carriage and hippocampus-olfactory region FC across clinical stages,genetic risk/clinical sample,126,whole hippocampus,olfactory regions,0,0
PMID32441308,maybe,I,task,Midlife adults; inflammation associated with hippocampus-mPFC connectivity to positive images; seed-based extent unclear,healthy middle-aged adults (MIDUS),66,whole hippocampus,medial prefrontal cortex,0,0
PMID36174788,exclude,E2,NA,DTI and VBM meta-analysis in OCD,patients+HC,44 studies,NA,NR,0,0
PMID31634545,include,I,rsfc,Resting-state winner-take-all partitioning assigns hippocampal ROIs to cortical functional networks,healthy adults,NR,hippocampal parcels,cortical functional networks,0,0
PMID25223466,maybe,I,task,"Hippocampal connectivity with timing regions for novel durations; hippocampal seed likely, extent unclear",healthy adults,NR,whole hippocampus,timing-related regions,0,0
PMID25284006,exclude,E9,NA,Curiosity; midbrain-hippocampus connectivity only,healthy adults,NR,whole hippocampus,midbrain,0,0
PMID29761008,exclude,E5,NA,MS vs HC hippocampal static/dynamic FC with rest of brain,patients+HC,"38 MS, 29 HC",whole hippocampus,atlas cortex,1,0
PMID24769403,exclude,E2,NA,VBM meta-analysis in PTSD,patients,NR,NA,NR,0,0
PMID35189600,exclude,E5,NA,Systematic review of functional neuroimaging in IBS,patients,50 studies,NA,NR,0,0
PMID22987723,exclude,E7,NA,fALFF and personality; no hippocampal FC,healthy adults,87,NA,NR,0,0
PMID40354395,exclude,E9,NA,Music effects on prefrontal-MTL and striatum-hippocampus connectivity,healthy adults,NR,whole hippocampus,"prefrontal, striatum",0,0
PMID26240179,maybe,I,task,Movie viewing; hippocampus-DMN interaction for day-old vs recent memories; hippocampal seed analysis scope unclear,healthy adults,NR,whole hippocampus,default mode network,0,0
PMID27381822,exclude,E5,NA,Internet gaming disorder craving intervention,patients+HC,55,NA,NR,0,0
PMID34138920,exclude,E5,NA,Substance-using female athletes; hippocampal seed rsFC,substance users,31,left/right hippocampus,NR,0,0
PMID40407582,exclude,E5,NA,Systematic review/ALE of paediatric multiple sclerosis,paediatric patients,21 studies,NA,NR,0,0
PMID42209265,exclude,E7,NA,Cerebellar reinforcement learning signals and cerebellar connectivity,healthy adults,32,NA,NR,0,0
PMID39863323,exclude,E5,NA,PSEN1 mutation carriers basal forebrain FC with hippocampus comparison,genetic risk carriers+noncarriers,215,whole hippocampus,NR,0,0
PMID20350057,exclude,E9,NA,Aging face-name retrieval; hippocampus-ATL connectivity only,healthy young and older adults,NR,whole hippocampus,anterior temporal lobe,0,0
PMID40626514,include,I,rsfc,HCP resting-state FC of anterior and posterior hippocampus compared with default and attention networks,HCP,864,anterior/posterior,"default network, attention network",0,0
PMID32761400,exclude,E5,NA,Posterior cortical atrophy multimodal imaging,patients+HC,"10, 14",NA,NR,0,0
PMID33472067,exclude,E9,NA,Allocentric representation; graph analysis within MTL regions only,healthy young men,31,NA,NR,0,0
PMID35896854,maybe,I,rsfc,"Post-encoding rest; left hippocampus and parahippocampal seeds, cultural group differences; hippocampal results/maps unclear","healthy young adults (Americans, East Asians)",105,left hippocampus,NR,0,0
PMID31536543,maybe,I,task,Hippocampal PPI connectivity with sensorimotor cortex during finger movements; analysis restricted to sensorimotor cortex?,healthy adults,13,left/right hippocampus,sensorimotor cortex,0,0
PMID26821847,exclude,E7,NA,PAG subregion parcellation and FC,healthy adults,79,NA,NR,0,0
PMID22807242,exclude,E5,NA,Soldiers pre/post stressful military service; HC-vmPFC connectivity and PTSD symptoms,stress-exposed soldiers,33,whole hippocampus,vmPFC,0,0
PMID37321368,exclude,E7,NA,DLPFC and basal ganglia FC with executive functions in older adults,healthy older adults,48,NA,NR,0,0
PMID28043064,exclude,E2,NA,MEG resting connectivity classifier for MTLE,patients+HC,92,NA,NR,0,0
PMID30719776,exclude,E9,NA,Interhemispheric hippocampal/parahippocampal FC only vs fitness,healthy adults (NKI-RS),284,whole hippocampus,contralateral hippocampus,0,0
PMID35488512,maybe,I,rsfc,"Data-driven resting hippocampal network changes after spatial learning and sleep; network-level hippocampal FC, maps uncertain",healthy adults,NR,hippocampal network (ICA),NR,0,0
PMID17653110,exclude,E1,NA,Rat hippocampal slice MDMA electrophysiology,animals,NA,NA,NR,0,0
PMID42002208,exclude,E9,NA,"Spectral DCM among amygdala, hippocampus and striatum and hair cortisol",healthy young adults,66,whole hippocampus,"amygdala, striatum",0,0
PMID26336951,include,I,rsfc,Intrinsic FC along long axis of hippocampus and PHG with whole brain; anterior vs posterior nodes,healthy adults,NR,anterior/posterior,"DMN, association cortices, striatum, VTA, amygdala",0,0
PPRPPR1321005,exclude,E5,NA,Single case PPPD vestibular rehabilitation ROI-to-ROI FC,patient,1,NA,NR,0,0
PMID30478034,exclude,E5,NA,Youth with 22q11.2 deletion vs controls; thalamic and hippocampal seed whole-brain FC,youth patients+HC,81,whole hippocampus,"somatomotor, associative networks",0,0
PMID21404363,include,I,task,Hippocampal functional connectivity with autobiographical memory network varies with memory remoteness,healthy adults,NR,whole hippocampus,"autobiographical memory network, IFG, anterior cingulate",0,0
PMID27859884,exclude,E9,NA,Task correlations within anterior CA1-thalamus-mPFC and posterior DG/CA3-PHC-RSC networks,healthy adults,NR,subfields,"mPFC, parahippocampal, retrosplenial",0,0
PMID39012673,exclude,E10,NA,Exercise intervention RCT in healthy older adults; network FC changes,healthy older adults,151,NA,NR,0,0
PMID23247063,exclude,E5,NA,AD vs HC hippocampus-precuneus FC,patients+HC,NR,left/right hippocampus,precuneus,1,0
PMID29988765,exclude,E5,NA,Codeine cough syrup users degree centrality,drug users+controls,72,NA,NR,0,0
PMID41794924,exclude,E10,NA,Hippocampal-FC-guided parietal TMS with iEEG/fMRI; stimulation effects focus,healthy adults + neurosurgical patients,79; 8,whole hippocampus,parietal cortex,0,0
PMID34051431,exclude,E7,NA,Pre-SMA seeded PPI in spatial-positional working memory,healthy adults,NR,NA,NR,0,0
PMID27039701,exclude,E7,NA,Amygdala rsFC sex differences and cortisol,healthy adults,81,NA,NR,0,0
PMID30291940,exclude,E9,NA,"THC effects on ROI-ROI RS-FC among vmPFC, hippocampus, amygdala",healthy adults,77,whole hippocampus,"vmPFC, amygdala",0,0
PMID34155908,exclude,E7,NA,"Wavelet time-varying FC methods; DMN nodes, no hippocampal seed map",healthy adults,400,NA,NR,0,0
PMID37070734,exclude,E5,NA,Subjective cognitive decline vs controls limbic FC across cohorts,at-risk+HC,NR,whole hippocampus,insula,1,0
PMID28174532,exclude,E5,NA,Resting-state ALE meta-analysis in tinnitus,patients+HC,9 studies,NA,NR,0,0
PMID21310593,exclude,E7,NA,BDNF genotype and ACC-seeded PPI with hippocampus,healthy adults,40,NA,NR,0,0
PMID39455948,maybe,I,rsfc,Midlife healthy adults; MTL subregion (pHPC) ROI-to-ROI FC and fALFF by sex/age; extent of targets unclear,healthy middle-aged adults,201,anterior/posterior,NR,0,0
PMID23856280,exclude,E5,NA,ALE meta-analysis of reward processing in MDD,patients+HC,22 studies,NA,NR,0,0
PMID25134639,exclude,E7,NA,Sleep debt and amygdala activity to subliminal fear; no hippocampal seed FC,healthy men,11,NA,NR,0,0
PMID29138923,exclude,E9,NA,Memory athletes; anterior hippocampus FC with posterior hippocampus and caudate only,memory athletes+controls,23 athletes,anterior hippocampus,caudate,0,0
PMID35275987,maybe,I,task,Inner narration in bilinguals; hippocampal co-activation/FC with semantic areas varies with language; seed extent unclear,healthy bilingual adults,NR,whole hippocampus,"angular gyrus, precuneus-retrosplenial, semantic areas",0,0
PMID31209834,exclude,E5,NA,Trigeminal neuralgia ALFF and seed rsFC,patients+HC,"29, 34",NA,NR,0,0
PMID30789389,exclude,E7,NA,Voxel-mirrored homotopic connectivity and creative problem solving,healthy adults,60,NA,NR,0,0
PMID33327969,maybe,I,rsfc,Community young adults; early deprivation and right hippocampus global/seed connectivity; exposure-focused cohort,young adults (community cohort),122,right hippocampus,middle temporal gyrus,0,0
PPRPPR166074,exclude,E7,NA,DMN coactivation and surprise; hippocampus only as coactivating region,healthy adults,NR,NA,NR,0,0
PMID42442132,exclude,E5,NA,Parkinson's disease CBF and transcriptomics,patients+HC,93,NA,NR,0,0
PMID40198114,exclude,E2,NA,Scalp EEG markers of recollection quality,healthy adults,NR,NA,NR,0,0
PMID31115118,include,I,rsfc,GMV-covariance hippocampal parcellation with resting-state FC patterns of seven subregions in healthy young adults,healthy young adults,396,hippocampal parcels,NR,0,0
PPRPPR162943,maybe,I,task,"Restricted viewing reduces FC among hippocampus, PPA and cortical regions; seed-based extent unclear",healthy adults,NR,whole hippocampus,"parahippocampal place area, cortical regions",0,0
PMID28074162,exclude,E5,NA,mTBI vs controls Granger causality in episodic memory network,patients+HC,NR,NA,NR,0,0
PMID21402057,exclude,E5,NA,"Social anxiety disorder VBM, rsFC and DTI",patients+HC,"18, 18",NA,NR,0,0
PMID34894424,exclude,E7,NA,Basolateral amygdala rsFC and emotional memory bias,healthy adults,100,NA,NR,0,0
PMID41455748,exclude,E9,NA,"Mnemonic discrimination connectivity among MTL, PFC and visual ROIs",healthy adults,NR,whole hippocampus,"PFC, visual regions",0,0
PPRPPR562250,maybe,I,task,"Preprint: hippocampus-PMN connectivity at movie event boundaries predicts recall; hippocampus-to-network ROI analysis, whole-brain unclear (preprint of PMID37944517)",healthy adults,NR,whole hippocampus,posterior medial network,0,0
PMID41197568,exclude,E6,NA,BNST intrinsic FC in 1-month-old infants,infants,NR,NA,NR,0,0
PMID24380884,exclude,E5,NA,ALE meta-analysis of obese vs normal-weight food cue activation,obese+normal weight,10 datasets,NA,NR,0,0
PPRPPR510946,maybe,I,rsfc,7T whole-brain laminar fMRI; hippocampal-cortical layer-dependent FC related to recognition accuracy; visual cortex focus,healthy adults,NR,whole hippocampus,visual cortex layers,0,0
PMID35982228,exclude,E2,NA,FDG-PET metabolic connectivity in cancer pain,patients,80,NA,NR,0,0
PMID19128945,exclude,E2,NA,DTI meta-analysis in schizophrenia,patients,15 studies,NA,NR,0,0
PMID26805590,include,I,rsfc,Whole-brain intrinsic FC-based parcellation of hippocampus and parahippocampal gyrus along long axis,healthy adults,NR,MTL; long-axis slices,"posterior-medial and anterior-temporal networks, auditory cortex",0,0
PMID37944517,maybe,I,task,"Hippocampus-PMN connectivity at movie event boundaries predicts recall; ROI-to-network, whole-brain unclear",healthy adults,NR,whole hippocampus,posterior medial network,0,0
PMID31589003,include,I,mixed,"Anterior vs posterior hippocampus: literature review, Neurosynth coactivation maps and resting-state FC contrast",meta-analytic + healthy adults,NR,anterior/posterior,NR,0,1
PPRPPR785060,exclude,E2,NA,Continuous diffusion MRI during motor learning,healthy adults,58,NA,NR,0,0
PMID11353732,exclude,E5,NA,Single patient with bilateral hippocampal damage vs controls,patient+HC,NR,NA,NR,0,0
PMID30599192,include,I,task,Event construction; hippocampal connectivity (seed) observed during imagining in healthy young adults,healthy young adults,16,whole hippocampus,mPFC,0,0
PMID16202481,exclude,E9,NA,Age and scopolamine effects on hippocampal Hurst exponent and fronto-hippocampal coherence,healthy young and older adults,22,whole hippocampus,frontal cortex,0,0
PMID37833590,exclude,E5,NA,Levetiracetam trial in schizophrenia; hippocampal fALFF,patients+HC,60,NA,NR,0,0
PMID25462801,exclude,E7,NA,"Posterior medial cortex CBP, MACM and RSFC; hippocampus only as target",meta-analytic + healthy adults,NR,NA,NR,0,0
PMID27644419,exclude,E9,NA,SN/VTA-hippocampus-ventral striatum loop connectivity,healthy adults,NR,whole hippocampus,"midbrain, ventral striatum",0,0
PMID38383042,exclude,E10,NA,Brief resistance exercise effects on posterior hippocampal connectivity,healthy young adults,60,posterior hippocampus,NR,0,0
PMID42774564,exclude,E5,NA,Single epilepsy case SEEG implantation effect,patient,1,NA,NR,0,0
PMID28045980,exclude,E5,NA,Trauma-exposed earthquake survivors vs controls; amygdala-hippocampus FC,trauma-exposed+controls,NR,NA,NR,0,0
PMID33022141,exclude,E5,NA,ALE meta-analysis in poststroke aphasia,patients,12 studies,NA,NR,0,0
PMID32651370,exclude,E9,NA,Intra-hippocampal subfield and entorhinal connectivity with prediction errors,healthy adults,NR,subfields,entorhinal cortex,0,0
PMID19336391,exclude,E5,NA,ALE meta-analysis of facial emotion processing in schizophrenia,patients+HC,NR,NA,NR,0,0
PMID40274222,exclude,E10,NA,Hippocampal temporal interference stimulation effects on post-task rsFC,healthy adults,20,whole hippocampus,AT and PM networks,0,0
PMID27871020,exclude,E5,NA,Illness anxiety disorder vs controls ROI-to-ROI FC,patients+HC,NR,NA,NR,0,0
PMID35413481,exclude,E2,NA,Intracranial hypothalamic stimulation case,patient,1,NA,NR,0,0
PMID41880653,exclude,E7,NA,ALE activation meta-analysis of attachment and socio-affective tasks,NA,15 studies,NA,NR,0,0
PMID20659568,exclude,E9,NA,Orbitofrontal-hippocampal connectivity only during encoding of attractive faces,healthy females,NR,left hippocampus,orbitofrontal cortex,0,0
PMID37086555,maybe,I,rsfc,Large healthy sample; seed-based RSFC incl. left hippocampus (LH-LIFG) related to thought control; hippocampal maps unclear,healthy adults,495,left hippocampus,left inferior frontal gyrus,0,0
PMID27195988,exclude,E7,NA,ALE activation meta-analysis of olfactory hedonics,healthy adults,16 studies,NA,NR,0,0
PMID32836087,exclude,E2,NA,MEG multilayer connectivity in MDD,patients+HC,NR,NA,NR,0,0
PMID38548195,exclude,E5,NA,Resting-state meta-analysis in systemic lupus erythematosus,patients+HC,12 studies,NA,NR,0,0
PMID24367516,exclude,E7,NA,"Aging autobiographical memory activation; dACC focus, no hippocampal seed FC",healthy young and older adults,37,NA,NR,0,0
PMID41063252,exclude,E5,NA,Multimodal meta-analysis of adverse childhood experiences,exposed populations,101 studies,NA,NR,0,0
PMID35131435,maybe,I,rsfc,Edge-centric community analysis shows hippocampus/amygdala coupling to cortical systems distinct from striatum/thalamus; not seed-based,healthy adults,NR,whole hippocampus,cortical systems,0,0
PMID40730315,exclude,E5,NA,Food cue activation meta-analysis by weight/hunger state,obese+healthy weight,45 studies,NA,NR,0,0
PMID28241401,exclude,E7,NA,Vicarious trial-and-error activation of hippocampus and frontoparietal network; no seed FC,healthy adults,NR,NA,NR,0,0
PMID27137944,exclude,E9,NA,Targeted memory reactivation; caudate-hippocampus connectivity only,healthy adults,NR,whole hippocampus,caudate,0,0
PMID36642500,exclude,E5,NA,Bipolar and major depression thalamic dynamic FC,patients+HC,NR,NA,NR,0,0
PMID33159547,maybe,I,rsfc,Endurance runners vs healthy controls; bilateral hippocampal seed FC group differences only,healthy adults (runners + controls),42,whole hippocampus,"SMA, middle cingulate, cerebellum",0,0
PPRPPR24103,exclude,E7,NA,Basal forebrain parcellation and FC; hippocampus only target,healthy young adults,100,NA,NR,0,0
PMID30300757,exclude,E9,NA,Hippocampus/dentate gyrus-associative striatum connectivity only,healthy adults,NR,subfields,striatum,0,0
PMID39892582,exclude,E2,NA,Morphological brain networks in type 2 diabetes,patients+HC,214,NA,NR,0,0
PMID35814955,exclude,E7,NA,ALE/MACM of exercise effects on inhibitory control; no hippocampal seed,NA,14 studies,NA,NR,0,0
PMID40414454,exclude,E7,NA,PCC-seeded RSFC changes after meditation training,stressed adults,94,NA,NR,0,0
PMID21880911,exclude,E5,NA,CRF1 antagonist in IBS patients and controls,patients+HC,NR,NA,NR,0,0
PMID30012697,exclude,E9,NA,MPFC representational differentiation and hippocampal-MPFC connectivity,healthy adults,NR,whole hippocampus,MPFC,0,0
PMID23137946,exclude,E7,NA,Nonconscious facial expression processing; FFA-amygdala PPI,healthy adults,NR,NA,NR,0,0
PMID33432544,maybe,I,rsfc,"Seed-based FC of amygdala, hippocampus, PAG related to punishment sensitivity by eye state; hippocampal whole-brain maps unclear",healthy adults,144,left hippocampus,precuneus,0,0
PMID40728514,maybe,I,rsfc,Anterior hippocampus/amygdala activation cluster as rsFC seed; vmPFC connectivity with pain habituation (published version of PPRPPR720152),healthy adults,85,anterior hippocampus,vmPFC,0,0
PMID21172325,include,I,rsfc,Left hippocampus seed resting-state FC with whole brain overlapping mentalizing network,healthy adults,NR,left hippocampus,"STS, ATL, angular, PCC, dmPFC, vmPFC, IFG",0,0
PMID19338022,maybe,I,task,"Aged adults; MTL-neocortical activation correlations (frontal, lateral temporal, posterior) during remote/recent autobiographical retrieval; ROI-targeted",healthy older adults,NR,MTL,"frontal, lateral temporal, posterior cortex",0,0
PMID29078345,exclude,E7,NA,DMN activity/connectivity in automated processing; hippocampus only as interacting region,healthy adults,NR,NA,NR,0,0
PMID24177990,exclude,E9,NA,"Ventral fronto-temporal pathway coupling (VLPFC, temporal pole, parahippocampus, hippocampus)",healthy adults,NR,whole hippocampus,"VLPFC, temporal pole",0,0
PMID37202603,exclude,E5,NA,MS cognitive worsening longitudinal multiparametric MRI,patients+HC,"35 MS, 22 HC",NA,NR,0,0
PMID19418556,exclude,E2,NA,DTI tractography of amygdalo-/hippocampo-fusiform pathways,healthy adults,15,NA,NR,0,0
PMID38549627,exclude,E5,NA,Retired concussed athletes vs controls volume and network connectivity,patients+controls,161,NA,NR,0,0
PMID31515885,exclude,E5,NA,Narrative review of MRI findings in PTSD,patients,NA,NA,NR,0,0
PMID42521870,exclude,E5,NA,SDM meta-analysis of BPD structure and function,patients+HC,26 studies,NA,NR,0,0
PMID32900657,exclude,E5,NA,Serial ketamine in MDD; amygdala/hippocampus FC to resting networks,patients+HC,"44 MDD, 50 HC",right hippocampus,central executive network,0,0
PMID37533466,exclude,E5,NA,Meta-analysis of acupuncture in primary insomnia,patients,11 studies,NA,NR,0,0
PMID23128076,maybe,I,rsfc,"Functional segmentation of hippocampus (head/body/tail) by connectivity with PFC, PCC, thalamus in healthy subjects and AD; limited targets",patients+HC,"16 AD, 22 HC",head/body/tail,"PFC, PCC, thalamus",1,0
PMID33846284,exclude,E5,NA,"Postoperative delirium elderly surgical patients; OFC, NAcc, hippocampus seed networks",patients,283,whole hippocampus,NR,0,0
PMID22745496,exclude,E7,NA,Amygdala-seeded connectivity in punishment-motivated encoding,healthy adults,NR,NA,NR,0,0
PMID34930953,exclude,E7,NA,Ventral pallidum and PCC-seeded PPI in cosmetic attachment,healthy females,NR,NA,NR,0,0
PMID32483594,exclude,E9,NA,Task-dependent HPC-mPFC connectivity during cognitive map recollection,healthy adults,NR,whole hippocampus,mPFC,0,0
PMID30787303,exclude,E2,NA,Diffusion MRI hippocampal structural connectome,healthy adults,94,NA,NR,0,0
PMID25624419,exclude,E5,NA,APOE4 carriers vs non-carriers with early AD; hippocampal FC,patients,42,whole hippocampus,NR,0,0
PMID40991107,exclude,E7,NA,HCP dynamic FC states during emotional processing using AAL ROIs,HCP,100,NA,NR,0,0
PMID34180428,exclude,E5,NA,Mirror therapy RCT in post-stroke aphasia,patients,30,NA,NR,0,0
PMID34186462,exclude,E7,NA,Habenula 7T activity and habenula-seeded connectivity,healthy adults,18,NA,NR,0,0
PMID22841497,exclude,E5,NA,ALE meta-analysis of memory encoding in MCI/AD,patients+HC,16 studies,NA,NR,0,0
PMID39316058,exclude,E7,NA,Offline memory reactivation in cortex and hippocampus; not seed FC,healthy adults,NR,NA,NR,0,0
PMID2162921,exclude,E11,NA,Computational model of NMDA calcium influx in dentate granule cells; no human imaging,NA,NA,NA,NR,0,0
PMID37728918,exclude,E5,NA,"Psychosis gray matter spreading via normative networks; clinical focus, no hippocampal seed FC",patients+HC,534,NA,NR,0,0
PMID25367784,exclude,E7,NA,Activation meta-analysis of encoding/retrieval along hippocampal long axis; no hippocampal connectivity/co-activation seed,NA,167 studies,NA,NR,0,1
PMID33676372,include,I,rsfc,Anterior vs posterior hippocampal large-scale resting-state networks via PLS in healthy older adults,healthy older adults,170,anterior/posterior,"anterior-temporal/posterior-medial networks, medial frontal, posterior parietal, striatum",0,0
PMID19162202,maybe,I,task,Granger causality mapping from caudate/hippocampal regions during set-shifting; whole-brain extent unclear,healthy adults,18,whole hippocampus,"medial orbitofrontal, posterior cingulate",0,0
PMID21616623,exclude,E7,NA,Acupuncture 90-region whole-brain network hubs; hippocampus not a seed,healthy adults,NR,NA,NR,0,0
PMID20108224,exclude,E7,NA,Activation meta-analysis of abstract vs concrete concepts; no hippocampal connectivity,NA,19 studies,NA,NR,0,0
PMID28951163,exclude,E7,NA,Dynamic graph connectivity among AM retrieval regions; no hippocampus-specific seed-to-whole-brain results,healthy adults,15,NA,NR,0,0
PMID34622779,exclude,E7,NA,MRS E/I in visual cortex predicted by hippocampal activity; no hippocampal whole-brain FC,healthy adults,NR,NA,NR,0,0
PMID37951387,exclude,E7,NA,MVPA decoding of characters in DMN/MTN subsystems; not hippocampal seed connectivity,healthy adults,NR,NA,NR,0,0
PMID37855956,exclude,E5,NA,"bvFTD vs controls; seeds from structural changes, whole-brain FC group differences only",patients+HC,44,NA,NR,1,0
PMID37337805,exclude,E5,NA,Presbycusis vs HC effective connectivity within Papez circuit ROIs,patients+HC,113,whole hippocampus,Papez circuit ROIs,0,0
PMID31096264,exclude,E7,NA,"THC effect on extinction; vmPFC coupling, hippocampus only as result",healthy adults,NR,NA,NR,0,0
PMID28125912,exclude,E7,NA,Sommeliers vs controls 90-ROI Granger/graph analysis; no hippocampal seed,healthy adults,NR,NA,NR,0,0
PPRPPR443182,exclude,E1,NA,Mouse NMDAR antibody model rs-fMRI,NA,NR,NA,NR,0,0
PMID31873134,maybe,E10,rsfc,Hippocampal subregion seed FC before vs during exam stress in students; baseline whole-brain maps plausible,healthy young adults,21,subfields,"caudate, precuneus, middle frontal, inferior parietal, supramarginal",0,0
PMID30420501,exclude,E7,NA,UK Biobank DMN subregion coupling; hippocampus only via fornix structure,UK Biobank,10000,NA,NR,0,0
PMID23376311,exclude,E1,NA,Mouse septo-hippocampal cholinergic lesion Fos co-activation,NA,NR,NA,NR,0,0
PMID28116563,exclude,E5,NA,Wilson's disease ALFF vs controls,patients+HC,55,NA,NR,0,0
PMID30542659,exclude,E7,NA,Activation meta-analysis of metacognition; no hippocampal connectivity,NA,47 studies,NA,NR,0,0
PMID22970130,exclude,E5,NA,Schizophrenia hallucinations vs controls; rIFG/lSTG seeds,patients+HC,98,NA,NR,0,0
PMID20724031,exclude,E2,NA,Structural covariance networks in ageing cohorts,healthy adults,802,NA,NR,0,0
PMID28081125,maybe,I,task,PPI from hippocampus during spatial planning shows coupling with rd-mPFC; whole-brain PPI unclear,healthy adults,NR,whole hippocampus,rostrodorsal mPFC,0,0
PPRPPR1063950,exclude,E1,NA,Rat chronic restraint stress rs-fMRI biomarkers,NA,96,NA,NR,0,0
PMID30658916,exclude,E2,NA,Diffusion tractography from hippocampal seeds in ECT depression,patients+HC,68,NA,NR,0,0
PMID30718430,exclude,E5,NA,"bvFTD/AD mind wandering, network connectivity; clinical focus",patients+HC,96,NA,NR,0,0
PMID31959699,maybe,I,task,Anterior/posterior hippocampal FC with vmPFC/posteromedial cortex related to spindle density; seed-to-whole-brain unclear,healthy young adults,NR,anterior/posterior,"vmPFC, posteromedial cortex",0,0
PMID27778344,exclude,E5,NA,Activation meta-analysis of threat processing after child maltreatment,patients+HC,20 studies,NA,NR,0,0
PMID36453757,exclude,E5,NA,Chronic knee pain vs controls; mediodorsal thalamus seed,patients+HC,110,NA,NR,0,0
PMID36117211,exclude,E7,NA,Amygdala seed FC and dynamic phase patterns vs perceived stress; no hippocampal seed,healthy adults,252,NA,NR,0,0
PMID24619953,exclude,E5,NA,Paediatric leukemia survivors vs controls seed-based rsFC,patients+HC,29,NA,NR,0,0
PMID39697134,exclude,E9,NA,Striatal-hippocampal network FC predicting anticipation/well-being; restricted to striatal-hippocampal connections,healthy adults,NR,NA,striatum,0,0
PMID38615913,exclude,E5,NA,Multiple system atrophy graph-theory rsFC,patients+HC,69,NA,NR,0,0
PMID23887820,exclude,E7,NA,Activation study of self-criticism; no hippocampal connectivity,healthy adults,20,NA,NR,0,0
PMID24944863,exclude,E7,NA,Meditation study; PCC seed connectivity,healthy adults,NR,NA,NR,0,0
PMID22001789,exclude,E7,NA,ALE activation meta-analysis of subliminal arousing stimuli,NA,NR,NA,NR,0,0
PMID28728026,exclude,E7,NA,"Individual-level cortical network parcellation; hippocampal coupling identified from cortical networks, not hippocampal seed",healthy adults,4,NA,default network A/B,0,1
PMID32472075,maybe,E10,rsfc,Hippocampal rsFC after sleep deprivation and recovery; baseline hippocampal-to-prefrontal/DMN maps plausible,healthy adults,39,whole hippocampus,"prefrontal, default mode network",0,0
PMID12625455,exclude,E1,NA,Rat hippocampal theta under halothane,NA,NR,NA,NR,0,0
PMID33838150,exclude,E2,NA,ALE meta-analysis of grey matter asymmetry in psychiatric disorders,patients+HC,169 studies,NA,NR,0,0
PMID37358175,exclude,E5,NA,Narrative review of ECT mechanisms in schizophrenia,patients,24 articles,NA,NR,0,0
PMID21667303,exclude,E2,NA,Grey matter ALE meta-analysis in MCI,patients+HC,22 studies,NA,NR,0,0
PMID42767933,exclude,E1,NA,Mouse deltaFOSB co-activation networks,NA,NR,NA,NR,0,0
PMID37001980,exclude,E5,NA,Meta-analysis of ALFF/ReHo in migraine,patients+HC,NR,NA,NR,0,0
PMID18206189,exclude,E7,NA,Prisoner's dilemma activation; insula-OFC connectivity,healthy adults,NR,NA,NR,0,0
PMID29374356,exclude,E5,NA,End-stage renal disease ALFF/ReHo,patients+HC,48,NA,NR,0,0
PMID29036532,exclude,E7,NA,"Fear generalization; subcallosal cortex connectivity, no hippocampal seed",healthy adults,46,NA,NR,0,0
PMID37126501,exclude,E7,NA,Fear-biased learning; dACC-TPJ connectivity and DCM,healthy adults,58,NA,NR,0,0
PMID30224467,exclude,E7,NA,Caudate subfield FC in ageing; hippocampus only as target,healthy young and older adults,114,NA,NR,0,0
PMID25619848,exclude,E9,NA,Hippocampal FC with task-defined semantic/phonemic network ROIs during fluency; not whole-brain,healthy adults,NR,left/right,semantic and phonemic network ROIs,0,0
PMID23871473,exclude,E7,NA,Stress/MR blockade on memory systems; amygdala coupling with hippocampus/striatum,healthy adults,80,NA,NR,0,0
PMID33258955,maybe,I,task,Humor reappraisal; hippocampal FC with thalamus and frontal cortex; seed analysis extent unclear,healthy adults,NR,whole hippocampus,"thalamus, frontal cortex",0,0
PMID41307597,exclude,E9,NA,"Fasciola cinerea rsFC summarized to few posterior-medial targets (RSC, PHC, PCC, thalamus)",healthy adults (open 7T),NR,hippocampal tail (fasciola cinerea),"RSC, parahippocampal, PCC, thalamus",0,0
PMID24485496,exclude,E5,NA,Review of oxytocin for PTSD psychotherapy,patients,NA,NA,NR,0,0
PMID25639205,maybe,E10,rsfc,"Multi-day TMS targeting hippocampal-cortical network; hippocampal seed FC with posterior network, baseline maps plausible",healthy adults,NR,posterior hippocampus,"posterior hippocampal-cortical network, parietal",0,0
PMID32645397,exclude,E7,NA,PPI from left IFG during semantic priming; hippocampus only as target,healthy adults,NR,NA,NR,0,0
PMID19046394,exclude,E5,NA,DISC1 genotype effect on hippocampal formation volume and HF-DLPFC coupling during encoding in healthy subjects,healthy adults (genotyped),NR,hippocampal formation,"DLPFC, encoding network",1,0
PMID33106842,exclude,E10,NA,Stress induction effect on hippocampo-cortical vs motor networks during motor learning,healthy young adults,72,NA,NR,0,0
PMID31657138,exclude,E5,NA,Autism vs controls effective connectivity among 94 areas,patients+HC,867,NA,NR,0,0
PMID30629666,exclude,E7,NA,Module detection among stimulus-responsive regions during item-context encoding; no hippocampal seed,healthy adults,NR,NA,NR,0,0
PMID29879474,exclude,E5,NA,Methods paper for longitudinal FC networks applied to ADNI patients vs controls,patients+HC,NR,NA,NR,0,0
PMID31110337,exclude,E9,NA,Ventral hippocampus-mPFC coupling vs trait anxiety; single ROI pair,healthy adults,NR,anterior (ventral),mPFC,0,0
PMID23318999,exclude,E5,NA,Schizophrenia hallucination subgroups hippocampal complex seed FC; no healthy controls,patients,NR,hippocampal complex,"mPFC, caudate, thalamus",0,0
PMID40692000,exclude,E7,NA,ALE activation meta-analysis of navigation and planning,NA,NR,NA,NR,0,0
PPRPPR1023130,exclude,E9,NA,"MTL connectivity (ERC-PRC, hippocampus-EC-LOC) in children and adults; restricted ROIs",children+young adults,NR,NA,"entorhinal, perirhinal, lateral occipital",0,0
PMID37607818,exclude,E9,NA,Background connectivity of hippocampus with basal forebrain and DAN only,healthy adults,29,whole hippocampus,"dorsal attention network, basal forebrain",0,0
PMID36729024,exclude,E7,NA,Successor representation in V1 and hippocampus activity patterns; no seed FC,healthy adults,NR,NA,NR,0,0
PMID33725124,exclude,E5,NA,Tau PET progression in amyloid+/- and MCI with FC,patients+CU,383,NA,NR,0,0
PMID20850549,maybe,I,rsfc,"Granger/FC among DMN, hippocampal-cortical memory, DAN, FPCN nodes; hippocampus a node receiving inputs",healthy adults,NR,whole hippocampus,"DMN, DAN, FPCN nodes, aPFC",0,0
PMID34117157,exclude,E5,NA,Functional constipation patients vs HC,patients+HC,107,NA,NR,0,0
PMID35194657,exclude,E9,NA,"PPI among four navigation ROIs (HIP, PHG, vmPFC, RSC)",healthy adults,28,left/right,"RSC, vmPFC",0,0
PMID30783198,maybe,I,rsfc,Baseline hippocampo-temporoparietal rsFC predicting memory and tDCS response in older adults; whole-brain unclear,healthy older adults,34,whole hippocampus,temporoparietal cortex,0,0
PMID35000866,exclude,E7,NA,"Seeds BNST, PVN, habenula, amygdala in anxious older adults",older adults with worry,91,NA,NR,0,0
PMID29486870,exclude,E5,NA,Cannabis dependence local FC density vs controls,patients+HC,60,NA,NR,0,0
PMID30827012,exclude,E7,NA,Cerebellar ageing activation and connectivity; cerebellar seed,healthy lifespan,67,NA,NR,0,0
PMID32125619,exclude,E5,NA,Functional dyspepsia acupuncture amygdala seed,patients,NR,NA,NR,0,0
PMID26538342,include,I,rsfc,Hippocampus-restricted ICA components with dual-regression whole-brain iFC along long axis,healthy adults,NR,ICA long-axis components,"mPFC, PCC, amygdala, accumbens, thalamus, hypothalamus",0,0
PMID31857689,exclude,E2,NA,Diffusion MRI white matter in PTSD consortium,patients+HC,3047,NA,NR,0,0
PMID30382451,exclude,E2,NA,Computational model of hippocampal oscillations; no fMRI data,NA,NA,NA,NR,0,0
PMID20542494,exclude,E9,NA,Amygdala-hippocampus connectivity only during loss anticipation,healthy adults,45,whole hippocampus,amygdala,0,0
PMID24565926,exclude,E7,NA,Chess experts vs novices graph-theory rsFC; no hippocampal seed,healthy adults,40,NA,NR,0,0
PPRPPR284372,exclude,E7,NA,Heritability of whole-brain connections in HCP twins; not hippocampal seed,HCP,260,NA,NR,0,0
PMID28008077,exclude,E7,NA,Threat and pain; PPI of amygdala and MCC,healthy adults,NR,NA,NR,0,0
PMID34319631,include,I,rsfc,Anterior/middle/posterior hippocampal rsFC with whole brain and age effects in large database,lifespan,NR,anterior/middle/posterior,"sensorimotor, DMN, limbic, prefrontal, ventral striatum",0,0
PMID22359397,exclude,E7,NA,ALE activation meta-analysis of self-memory system,NA,NR,NA,NR,0,0
PMID35573998,exclude,E5,NA,Type 2 diabetes longitudinal FC vs controls,patients+HC,NR,NA,NR,0,0
PMID36156067,include,I,task,Hippocampal seed PPI and seed connectome-based prediction with rest of brain during memory suppression,healthy adults,134,right hippocampus,"lingual, cuneus, nucleus accumbens, brainstem",0,0
PPRPPR173894,include,I,rsfc,"Data-driven networks interacting with hippocampus (DMN subnetworks, MTN) and FC along long axis",healthy adults,NR,long axis,"DMN subnetworks, medial temporal network, retrosplenial, visual",0,0
PMID31361352,exclude,E5,NA,Adolescents with PTSD/anxiety; hippocampal seed FC vs attachment,clinical adolescents,74,whole hippocampus,"middle temporal, lateral occipital",0,0
PMID27704616,exclude,E5,NA,Parkinson's disease pain network-based statistics,patients+HC,55,NA,NR,0,0
PMID19744566,include,I,task,"Left hippocampal seed FC common across autobiographical, episodic and semantic retrieval",healthy adults,NR,left hippocampus,"inferior frontal, middle temporal, TPJ, anterior/posterior cingulate",0,0
PMID42093181,exclude,E5,NA,Chronic pain with PTSS; DLPFC-PAG connectivity,patients,53,NA,NR,0,0
PMID42320222,include,I,task,Hippocampal FC during verbal encoding related to memory in cognitively normal postmenopausal women,healthy middle-aged women,171,left/right,"prefrontal, parietal, temporal",0,0
PMID29474008,exclude,E5,NA,"AD risk (ApoE4, aMCI) longitudinal network FC incl. hippocampus network vs controls",patients+HC,115,whole hippocampus,NR,1,0
PMID31028921,exclude,E7,NA,Thalamic nuclei seeds coupling with hippocampus and cortex,healthy adults,33,NA,NR,0,0
PMID30137295,exclude,E7,NA,Basal forebrain subdivisions FC and meta-analysis,healthy adults,NR,NA,NR,0,0
PMID30768997,maybe,I,rsfc,Functionally segmented anterior/posterior hippocampal-cortical FC and memory; possibly ROI-limited,healthy young adults,100,anterior/posterior,"parahippocampal, PCC, temporal pole",0,0
PMID31169117,exclude,E5,NA,Schizophrenia polygenic risk and hippocampus-mPFC FC,patients+HC,1011,whole hippocampus,mPFC,0,0
PMID22866182,exclude,E7,NA,Piriform PPI in anxiety; hippocampus only as target,healthy adults,NR,NA,NR,0,0
PMID42470926,exclude,E5,NA,ABCD adolescents violence exposure; network-hippocampus connectivity,adolescents,NR,NA,NR,0,0
PMID36577728,exclude,E5,NA,Meta-analysis of reward-system seed FC in substance use,patients+HC,96 studies,NA,NR,0,0
PMID36207333,exclude,E5,NA,Meta-analysis of resting activity in insomnia vs schizophrenia,patients+HC,50 studies,NA,NR,0,0
PMID20444445,maybe,I,task,Right hippocampal FC with unimodal visual/auditory areas during face-voice recognition; seed extent unclear,healthy adults,NR,right hippocampus,unimodal visual and auditory cortex,0,0
PMID25394655,maybe,I,rsfc,Young vs older adults; resting hippocampal FC with memory-related cortical structures vs pattern separation; likely ROI-limited,healthy young and older adults,NR,whole hippocampus,memory-related cortical structures,0,0
PMID30125712,exclude,E7,NA,Whole-brain connectome predictive models of temperament; no hippocampal seed,healthy young adults,360,NA,NR,0,0
PMID30507076,exclude,E5,NA,AD/aMCI interhemispheric VMHC,patients+HC,NR,NA,NR,0,0
PMID29387529,maybe,I,meta,Hippocampal region-to-whole-brain VBM meta-analysis plus functional MACM among 11 nodes; transdiagnostic structural seed; ambiguous eligibility,NA (BrainMap),165 studies,whole hippocampus,11 network nodes,0,0
PMID42538298,exclude,E7,NA,"Hippocampal pRF retinotopic mapping at 7T; intra-hippocampal rest correlations, no hippocampal-cortical seed FC",healthy adults,7,NA,NR,0,0
PMID33201227,exclude,E7,NA,Acute exercise effect on cingulo-opercular network iFC with hippocampus in older adults,healthy older adults,NR,NA,NR,0,0
PMID34512281,exclude,E5,NA,Narrative review of forced normalization in epilepsy,patients,NA,NA,NR,0,0
PMID24062699,exclude,E5,NA,MCI donepezil treatment; MTL cluster seed connectivity,patients+HC,38,MTL,NR,0,0
PMID23512939,include,I,task,"Hippocampal seed task FC during novelty detection showing inverse coupling with striatum, PFC, visual regions",healthy adults,NR,whole hippocampus,"dorsal striatum, lateral/medial PFC, posterior visual regions",0,0
PMID27095308,exclude,E9,NA,Hippocampal connectivity with category-specific visual reactivation regions after fear conditioning; restricted targets,healthy adults,NR,whole hippocampus,higher-order visual regions,0,0
PMID22705648,exclude,E7,NA,ALE activation meta-analysis of MTL coordinates for past/future events,NA,NR,NA,NR,0,0
PMID31201830,exclude,E7,NA,ALE activation meta-analysis of spatial navigation,NA,33 studies,NA,NR,0,0
PMID38775214,exclude,E5,NA,Post-stroke depression DC and seed FC including hippocampus seed vs stroke and HC,patients+HC,195,whole hippocampus,"DMN, mPFC, middle temporal, calcarine",1,0
PMID35241722,exclude,E2,NA,Stereo-EEG hippocampal connectivity in epilepsy patients,patients,8,NA,NR,0,0
PMID31432318,exclude,E5,NA,MDD acupuncture amygdala seed,patients+HC,59,NA,NR,0,0
PMID29028135,include,I,rsfc,Anterior and posterior hippocampal whole-brain RSFC patterns predicting episodic and spatial memory,healthy adults,NR,anterior/posterior,NR,0,0
PMID36106707,exclude,E5,NA,Air pollution exposure and brain in children,children,NR,NA,NR,0,0
PMID30451864,exclude,E9,NA,"DCM among anterior hippocampus, precuneus, angular gyrus during naturalistic retrieval",healthy adults,NR,anterior hippocampus,"precuneus, angular gyrus",0,0
PMID35834901,exclude,E7,NA,Apathy graph theory and DCM focused on amygdala,healthy adults,NR,NA,NR,0,0
PMID24614267,exclude,E5,NA,Hippocampal seed rsFC across aMCI and AD stages vs normal controls,patients+HC,NR,left/right,"PCC, lateral parietal, ACC",1,0
PMID27115121,exclude,E5,NA,ALE meta-analysis of resting abnormalities in aMCI,patients+HC,21 studies,NA,NR,0,0
PMID37658219,exclude,E8,NA,Review of neuromodulation of fear extinction circuits,NA,NA,NA,NR,0,0
PMID35158360,exclude,E2,NA,Grey matter meta-analysis in PTSD,patients,250,NA,NR,0,0
PMID32051548,exclude,E5,NA,Functional neurological disorder trauma graph-theory rsFC,patients,51,NA,NR,0,0
PMID35307209,exclude,E6,NA,Narrative review of human milk and preterm infant brain development,preterm infants,7 studies,NA,NR,0,0
PMID23936055,include,I,task,Anterior right hippocampal seed FC with whole-brain network across repeated future simulation,healthy young adults,NR,anterior right hippocampus,whole-brain simulation network,0,0
PMID29207006,exclude,E7,NA,Cortical stimulation-target seeds; hippocampus only as target,healthy adults,145,NA,NR,0,0
PMID38230870,exclude,E5,NA,Left mTLE vs HC motor learning consolidation; hippocampus-related FC effect within HC group,patients+HC,NR,whole hippocampus,NR,1,0
PMID18786570,exclude,E5,NA,Mild AD PCC seed connectivity,patients+HC,NR,NA,NR,0,0
PMID27988321,exclude,E7,NA,ALE activation meta-analysis of sex differences in emotion,NA,56 studies,NA,NR,0,0
PMID19755103,maybe,I,task,Hippocampal activity predicts eye-movement memory; hippocampus-PFC FC greater for correct trials; whole-brain unclear,healthy adults,NR,whole hippocampus,lateral prefrontal cortex,0,0
PMID28448683,exclude,E5,NA,TLE seizure outcome prediction using ROI network connectivity,patients+HC,57,NA,NR,0,0
PMID37587129,exclude,E8,NA,Data descriptor releasing MRI/cognitive dataset; no connectivity results,healthy adults,217,NA,NR,0,0
PPRPPR773026,include,I,rsfc,Hippocampal rsFC in older Whitehall II adults related to midlife diet; hippocampus-to-occipital/cerebellum connectivity,healthy older adults,665,whole hippocampus,"occipital lobe, cerebellum",0,0
PMID32946810,exclude,E7,NA,Hippocampal prospective code in humans and mice; no hippocampal FC mapping,healthy adults+mice,NR,NA,NR,0,0
PMID25792231,include,I,task,PPI from posterior and anterior hippocampal seeds during contextual fear acquisition,healthy adults,NR,anterior/posterior,"PCC, superior parietal, amygdala, postcentral",0,0
PMID32712799,exclude,E5,NA,Paediatric bipolar disorder FOCA and FC,patients+HC,32,NA,NR,0,0
PMID19357304,exclude,E5,NA,Young APOE4 carriers vs noncarriers DMN coactivation and hippocampal activation,healthy young adults (genotyped),36,NA,NR,0,0
PMID33855944,exclude,E5,NA,Case report of PSEN1 AD with PET/MRI,patient+HC,11,NA,NR,0,0
PMID40953110,exclude,E7,NA,Parasympathetic network FC and BPV in older adults; no hippocampal seed,older adults,100,NA,NR,0,0
PMID31323259,exclude,E7,NA,Joint ICA of grey matter and encoding activity; no hippocampal FC,healthy young adults,27,NA,NR,0,0
PMID38548039,exclude,E6,NA,Children 8-12 hippocampal volume and anterior/posterior rsFC with creativity,children,116,anterior/posterior,NR,0,0
PMID19675242,maybe,I,task,Hippocampal-neocortical connectivity during retrieval decreases with consolidation; unclear whether seed-to-whole-brain,healthy adults,NR,posterior hippocampus,neocortical representational areas,0,0
PMID23073642,maybe,I,task,PPI from right hippocampus during contextual cueing shows coupling with superior parietal; whole-brain extent unclear,healthy adults,NR,right hippocampus,superior parietal lobule,0,0
PMID40347158,maybe,I,task,HCP effective connectivity among 360 cortical regions showing visual pathways reaching hippocampus; hippocampus as target node,HCP,956,whole hippocampus,"V1, retrosplenial, parahippocampal, fusiform, TF",0,0
PMID31724946,exclude,E10,NA,TMS effect on task-dependent connectivity within posterior-medial and anterior-temporal networks,healthy adults,NR,NA,posterior-medial network,0,0
PMID35882216,exclude,E5,NA,Prenatal dexamethasone exposure vs controls; hippocampal seed FC no group differences,exposed+controls,56,whole hippocampus,NR,1,0
PMID31664439,exclude,E5,NA,ALE meta-analysis of task activation in mood/anxiety disorders,patients+HC,226 studies,NA,NR,0,0
PMID40266625,exclude,E5,NA,ALE meta-analysis of sleep disorders and sleep deprivation group differences,patients+HC,NR,NA,NR,0,0
PMID34774712,exclude,E11,NA,Highly superior autobiographical memory vs controls hippocampal whole-brain rsFC; group-difference only in special population,HSAM+controls,29,whole hippocampus,"ACC, insula, TPJ, IFG, fusiform, inferior temporal",1,0
PMID38968875,include,I,rsfc,Anterior/posterior hippocampal connectivity with cortical networks during movie watching across adult lifespan (CamCAN),lifespan,643,anterior/posterior,"control, dorsal attention, default mode networks",0,0
PMID9189909,exclude,E2,NA,MEG dipole study of cortico-hippocampal activity,healthy adults,NR,NA,NR,0,0
PMID41687382,exclude,E2,NA,Structural meta-analysis in cocaine use disorder,patients+HC,47 studies,NA,NR,0,0
PMID32051490,exclude,E5,NA,Meta-analysis of brain differences in self-injurious thoughts and behaviors,patients+HC,77 papers,NA,NR,0,0
PMID14568509,maybe,I,task,Anterior hippocampal activation for face-name encoding; hippocampal FC with neocortical regions during successful encoding,healthy adults,NR,left/right hippocampus,"neocortical regions, inferior prefrontal",0,0
PMID37875549,exclude,E1,NA,Mouse NMDAR antibody models rs-fMRI,NA,39,NA,NR,0,0
PMID20350608,exclude,E7,NA,"Subcortical ICA components (thalamus, basal ganglia) and memory in elderly",healthy older adults,100,NA,NR,0,0
PMID28801672,exclude,E7,NA,Sample entropy of dynamic FC; amygdala-cortical age effects,healthy adults+schizophrenia,NR,NA,NR,0,0
PMID40169798,exclude,E7,NA,RSA neural integration/replay in hippocampus and DMN; not seed FC,healthy adults,48,NA,NR,0,0
PMID23602663,exclude,E5,NA,Functional dyspepsia fALFF and cerebellar seed FC,patients+HC,45,NA,NR,0,0
PMID25708843,exclude,E7,NA,Effective connectivity from GP and SN/VTA seeds to hippocampus,healthy adults,NR,NA,NR,0,0
PMID30446718,exclude,E7,NA,"Graph-theory during targeted memory reactivation; occipital hub, hippocampus as target",healthy adults,NR,NA,NR,0,0
PMID36222669,exclude,E9,NA,7T entorhinal subregion FC with perirhinal/PHC/RSC and subiculum/CA1 routes; restricted MTL circuit,healthy adults,NR,subiculum/CA1,"entorhinal, perirhinal, parahippocampal, retrosplenial",0,0
PMID36716913,exclude,E5,NA,High-altitude Tibetans vs Han immigrants structure and ALFF,exposure groups,45,NA,NR,0,0
PMID42338776,include,I,rsfc,Hippocampal long-axis subregion connectivity with rest of brain across adult lifespan,lifespan,337,long axis (anterior/intermediate/posterior),whole brain,0,0
PMID42562306,exclude,E5,NA,aMCI vs controls basal forebrain-hippocampal DCM,patients+HC,118,NA,NR,0,0
PMID40037825,exclude,E5,NA,High schizotypal traits vs low; rsFC associations with mental time travel,at-risk+controls,77,NA,NR,0,0
PMID22040897,exclude,E5,NA,Multiple sclerosis hippocampal rsFC and physical activity,patients,45,whole hippocampus,"posteromedial cortex, parahippocampal, superior/medial frontal",0,0
PMID22049421,exclude,E2,NA,DTI structural rich-club analysis,healthy adults,21,NA,NR,0,0
PMID25400578,exclude,E7,NA,ACC subregion seed FC in ageing; hippocampus only as target,healthy young and older adults,63,NA,NR,0,0
PMID30859283,exclude,E5,NA,AD vs bvFTD DTI and DMN connectivity,patients+HC,41,NA,NR,0,0
PMID26844811,exclude,E7,NA,Fusiform face area seed rsFC after face learning,healthy adults,NR,NA,NR,0,0
PMID32544854,exclude,E5,NA,ZNF804A genotype and training effects on right DLPFC-left HF coupling,healthy adults (genotyped),101,hippocampal formation,DLPFC,0,0
PMID25132653,exclude,E5,NA,Veterans with PTSS; amygdala and hippocampal seed rsFC predicted by trauma measures,patients (veterans),27,whole hippocampus,"vmPFC, dm/dlPFC",0,0
PMID37932349,exclude,E2,NA,"Hippocampal volume, parental rejection and social cognition; structural only",healthy adults,400,NA,NR,0,0
PMID37348130,exclude,E9,NA,Hippocampus-FFA co-reactivation during post-encoding rest; single ROI pair,healthy young adults,36,whole hippocampus,fusiform face area,0,0
PMID37813570,exclude,E9,NA,Hydrocortisone effect on connectivity between hippocampal subregions; intra-hippocampal only,healthy adults,NR,subfields,NR,0,0
PMID25632148,exclude,E7,NA,NODDI grey matter microstructure and network FC across lifespan; no hippocampal seed,healthy lifespan,45,NA,NR,0,0
PMID19022864,exclude,E7,NA,Red nucleus and substantia nigra seed rsFC,healthy adults,14,NA,NR,0,0
PMID40253694,exclude,E9,NA,Regression DCM within prefrontoparietal-thalamo-hippocampal circuit in older vs young adults; circuit-restricted,healthy young and older adults,267,caudal hippocampus,"vmPFC, thalamus, frontoparietal nodes",0,0
PMID32628786,include,I,rsfc,Right hippocampal seed rsFC related to trait anxiety and risk-taking (insula) in healthy adults,healthy adults,NR,right hippocampus,left insula,0,0
PPRPPR499295,exclude,E5,NA,PTSD patients before/after MDMA-assisted therapy,patients,9,NA,NR,0,0
PMID27993673,exclude,E7,NA,Propofol effects on fALFF; no hippocampal seed FC,healthy adults,15,NA,NR,0,0
PMID41240753,exclude,E5,NA,MS stages vs HC hippocampal rsFC and memory,patients+HC,109,whole hippocampus,"angular gyrus, rostral ACC, frontal, occipital",1,0
PPRPPR637266,exclude,E5,NA,HIV with vs without neurocognitive impairment fALFF/FC,patients,66,NA,NR,0,0
PMID41769923,exclude,E7,NA,Olfactory bulb volume and olfactory network FC in population cohort,population cohort,5605,NA,NR,0,0
PMID33181581,exclude,E2,NA,Hippocampal shape deformation in chronic back pain,patients+HC,374,NA,NR,0,0
PMID38008154,exclude,E7,NA,HD-tDCS over rIFG seed-to-voxel rsFC,healthy males,70,NA,NR,0,0
PMID39095013,exclude,E8,NA,Trial protocol for exercise effects on hippocampal-cortical connectivity; no data,older adults,NA,NA,NR,0,0
PMID40123167,exclude,E5,NA,Eczema pruritus fALFF/FC vs HC,patients+HC,84,NA,NR,0,0
PMID33497790,exclude,E2,NA,VBM meta-analysis across schizophrenia stages,patients,NR,NA,NR,0,0
PMID39826771,exclude,E10,NA,Acute exercise effect on medial temporal network ICA connectivity,healthy young adults,47,NA,medial temporal network,0,0
PMID33662444,exclude,E10,NA,Systematic review/meta-analysis of prefrontal tDCS effects in humans and rodents,NA,50 studies,NA,NR,0,0
PMID34038011,maybe,I,task,Hippocampal head/body/tail activity and hippocampal-prefrontal FC during hierarchical rule retrieval; whole-brain unclear,healthy adults,NR,head/body/tail,prefrontal cortex,0,0
PMID35389179,exclude,E5,NA,CSF1R leukoencephalopathy ALFF/ReHo,patients+HC,39,NA,NR,0,0
PMID41030103,exclude,E5,NA,Case report LHb-DBS for bipolar disorder,patient,1,NA,NR,0,0
PMID31928145,exclude,E5,NA,OXTR genotype effects on right hippocampal network metrics and FC in healthy adults,healthy adults (genotyped),NR,right hippocampus,"mPFC, dACC, amygdala, basal ganglia, thalamus",1,0
PMID27259584,exclude,E7,NA,Meta-analysis of amygdala PPI studies,NA,49 studies,NA,NR,0,0
PMID30734918,exclude,E5,NA,T2DM vs HC Granger causality from hippocampal seeds,patients+HC,211,whole hippocampus,"cingulate, amygdala, prefrontal cortex",1,0
PMID29159960,exclude,E9,NA,7T network of MTL subregions only (hippocampal subfields and parahippocampal cortices),healthy adults,31,subfields,MTL cortices only,0,0
PMID39136298,exclude,E5,NA,AD biomarker at-risk midlife cohort; DMN connectivity,at-risk adults,76,NA,NR,0,0
PPRPPR1101352,include,I,task,Hippocampal FC during verbal encoding related to memory in cognitively normal postmenopausal women (preprint of MsBrain study),healthy middle-aged women,171,left/right,"prefrontal, parietal, temporal",0,0
PMID42297094,exclude,E5,NA,Parkinson's freezing of gait DCM,patients+HC,39,NA,NR,0,0
PMID25757652,exclude,E5,NA,ZNF804A genotype effects on hippocampal network dual-regression coactivation (fMRI) and theta (MEG),healthy adults (genotyped),NR,hippocampal network,superior frontal gyrus,1,0
PMID26439485,exclude,E5,NA,Cerebellar tumour patients pattern separation,patients+HC,NR,NA,NR,0,0
PPRPPR252791,exclude,E7,NA,Regional SC-FC coupling in HCP; no hippocampal seed FC map,HCP,NR,NA,NR,0,0
PMID41947631,exclude,E5,NA,Persistent postural-perceptual dizziness vs HC,patients+HC,102,NA,NR,0,0
PMID37259175,exclude,E6,NA,Fetal DMN-MTL network connectivity,fetuses,30,NA,NR,0,0
PMID18605869,include,I,task,Hippocampal FC with rest of brain during successful encoding in young vs older adults,healthy young and older adults,NR,whole hippocampus,"posterior cortices, prefrontal cortex",0,0
PMID40042417,exclude,E7,NA,Triple-network connectivity matrix and symptoms in older adults,older adults,343,NA,NR,0,0
PMID30430687,exclude,E7,NA,Precuneus activation and coupling during visuospatial learning,healthy young adults,32,NA,NR,0,0
PMID34812558,exclude,E9,NA,Acute stress and early-life stress on amygdala-hippocampus-vmPFC circuit connectivity,healthy young men,120,whole hippocampus,"vmPFC, amygdala",0,0
PMID11470910,exclude,E1,NA,Rat CA1 unit recordings,NA,NR,NA,NR,0,0
PMID21168439,exclude,E2,NA,VBM meta-analysis in psychosis high-risk,at-risk+HC,1597,NA,NR,0,0
PMID31439419,exclude,E5,NA,Psychosis biotypes ReHo,patients+HC,737,NA,NR,0,0
PMID39436664,maybe,I,rsfc,Hippocampal connectopic gradient and whole-brain interaction in developing cohorts; unclear whether adults included,developmental cohorts,NR,gradient (long axis),anterior temporal and posterior medial systems,0,0
PMID38227598,exclude,E1,NA,SCA7 mouse MRI/MRS,NA,NR,NA,NR,0,0
PMID28338267,exclude,E5,NA,Functional dyspepsia PAG seed,patients+HC,108,NA,NR,0,0
PMID22000080,maybe,I,task,"Left hippocampal FC with striatum, ACC, OFC during context-dependent decisions; unclear whether whole-brain",healthy adults,NR,left hippocampus,"striatum, ACC, orbitofrontal cortex",0,0
PMID32458692,exclude,E7,NA,EEG neurofeedback with group ICA FNC; no hippocampal seed,healthy adults,NR,NA,NR,0,0
PMID25810522,exclude,E7,NA,Interpersonal transgression activation and effective connectivity; hippocampus not seed,healthy adults,NR,NA,NR,0,0
PMID26868478,exclude,E7,NA,mPFC activation and mPFC-hippocampal coupling during emotional encoding,healthy males,NR,NA,NR,0,0
PPRPPR65256,exclude,E7,NA,Jealousy and face processing activation; IFG-caudate connectivity,healthy adults,85,NA,NR,0,0
PPRPPR917761,exclude,E5,NA,"TPH2 genotype x acute tryptophan depletion effects on CA1 activity, FC and gradients",healthy males (genotyped),53,NA,"amygdala, vmPFC",0,0
PMID32569706,exclude,E5,NA,Meta-analysis of insight in psychotic disorders,patients,37 studies,NA,NR,0,0
PMID35615440,exclude,E1,NA,Rodent CA1 slice mGluR-LTD,NA,NR,NA,NR,0,0
PMID35367222,exclude,E5,NA,ALE meta-analysis of antidepressant therapy effects in MDD,patients,53 studies,NA,NR,0,0
PMID21111750,exclude,E1,NA,Mouse neurogenesis pharmacology,NA,NR,NA,NR,0,0
PMID29924326,exclude,E5,NA,Young smokers vs nonsmokers raphe nuclei seed FC,smokers+controls,37,NA,NR,0,0
PMID26838769,exclude,E10,NA,Caloric restriction intervention in obese postmenopausal women; hippocampal rsFC change to parietal,obese older women,37,whole hippocampus,parietal areas,0,0
PPRPPR325765,exclude,E7,NA,Bilingual gambling decision fMRI; DLPFC connectivity,healthy bilinguals,NR,NA,NR,0,0
PMID36573396,exclude,E7,NA,Single-voxel autocorrelation gradients in hippocampus and entorhinal cortex; not connectivity,healthy adults,NR,NA,NR,0,0
PMID30517853,exclude,E10,NA,Ghrelin infusion effect on food-odor conditioning and hippocampus-ventral striatum FC,healthy adults,NR,NA,ventral striatum,0,0
PMID25637357,exclude,E5,NA,ALE meta-analysis of pleasure processing in schizophrenia,patients,19 studies,NA,NR,0,0
PMID28040541,exclude,E7,NA,Ventral striatal prediction error modulation by afferents during emotion regulation,healthy adults,NR,NA,NR,0,0
PMID38990127,exclude,E5,NA,Temporal lobe resection patients vs HC; MTL-seeded gPPI during encoding,patients+HC,35,MTL,NR,1,0
PMID32881198,exclude,E6,NA,Adolescent MZ twins birth weight and limbic network graph metrics,adolescents,106,NA,NR,0,0
PMID21442817,include,I,rsfc,Bilateral hippocampal seed rsFC maps reported before and after abdominal acupuncture in healthy older volunteers,healthy older adults,12,bilateral hippocampus,"middle/superior frontal, temporal, insula, PCC, inferior parietal, thalamus",0,0
PMID27031873,exclude,E7,NA,Olfactory and trigeminal seed rsFC; hippocampus only as target,healthy adults,16,NA,NR,0,0
PMID39252511,exclude,E5,NA,Spinal cord injury neuropathic pain PAG seed,patients+HC,20,NA,NR,0,0
PMID38385731,exclude,E9,NA,"Estradiol and ROI-to-ROI FC among hippocampus, parahippocampus, DLPFC, precuneus in postmenopausal women",healthy postmenopausal women,88,whole hippocampus,"parahippocampus, DLPFC, precuneus",0,0
PMID36112016,exclude,E8,NA,Commentary reply on memory consolidation neuroimaging,NA,NA,NA,NR,0,0
PMID26054874,exclude,E7,NA,"Beta-series from optic flow seeds (V3A, V6, hMT+); hippocampus as target",healthy adults,NR,NA,NR,0,0
PMID27564058,exclude,E7,NA,Pain expectation; ACC-fusiform connectivity,healthy adults,42,NA,NR,0,0
PMID37023279,exclude,E5,NA,Dissociative PTSD subtype in veterans; DMN connectivity,patients,374,NA,NR,0,0
PMID23353161,exclude,E7,NA,Marginal division of neostriatum seed FC in young vs older adults,healthy adults,64,NA,NR,0,0
PMID32286275,exclude,E7,NA,Reward and memory encoding; VTA-dACC connectivity,healthy adults,NR,NA,NR,0,0
PMID34818518,exclude,E7,NA,Insula-seeded networks and rumination; hippocampus as target,healthy young adults,479,NA,NR,0,0
PMID32599462,include,I,task,"Anterior hippocampal seed FC across autobiographical retrieval phases by visual perspective (posterior medial network, vmPFC)",healthy adults,NR,anterior hippocampus,"posterior medial network, vmPFC, MTL",0,0
PMID39150234,exclude,E7,NA,ALE activation meta-analysis of spatial memory along hippocampal long axis,NA,26 studies,NA,NR,0,0
PMID27284194,exclude,E7,NA,MVPA of hippocampal goal representations and pattern covariation; not seed FC map,healthy adults,NR,NA,NR,0,0
PMID22683008,exclude,E7,NA,Multiscale entropy of BOLD in ageing; no connectivity seed,healthy young and older males,155,NA,NR,0,0
PMID31366391,maybe,I,task,Left hippocampal PPI during encoding related to Framingham cardiovascular risk in cognitively intact older adults,healthy older adults (vascular risk),NR,left hippocampus,"ventral ACC, medial prefrontal cortex",0,0
PMID36395541,exclude,E5,NA,Parkinson's disease fatigue striatal seeds,patients+HC,69,NA,NR,0,0
PMID7533232,exclude,E1,NA,Rat bFGF mRNA expression,NA,NR,NA,NR,0,0
PMID37051692,maybe,I,rsfc,"Inter-subject RSA linking hippocampal/amygdala morphometry, rsFC profiles and mentalising; main FC map unlikely",healthy adults,24,whole hippocampus,NR,0,0
PMID23533626,exclude,E7,NA,Caudate-hippocampo-frontal competitive interaction in motor learning; caudate seed and sleep deprivation,healthy adults,NR,NA,NR,0,0
PMID23479650,exclude,E7,NA,DMN activity and within-network connectivity during fluency; no hippocampal seed map,healthy adults,NR,NA,NR,0,0
PMID31404897,include,I,rsfc,Rostral and caudal hippocampal seed rsFC related to cortisol and visuospatial memory,healthy young adults,90,anterior/posterior (rostral/caudal),"DLPFC, mPFC, lateral occipital, middle frontal",0,0
PMID22906788,exclude,E7,NA,Face-network graph theory in children and adults; no hippocampal seed,children+adults,NR,NA,NR,0,0
PPRPPR309426,exclude,E9,NA,AnG rTMS and rsFC of hippocampus with AnG and mPFC only,healthy adults,NR,whole hippocampus,"angular gyrus, mPFC",0,0
PMID33951247,exclude,E7,NA,ALE activation meta-analysis of retrospective confidence,NA,19 studies,NA,NR,0,0
PPRPPR213704,exclude,E5,NA,Schizophrenia Granger causality among four regions,patients+HC,18,NA,NR,0,0
PMID30840906,exclude,E9,NA,Subfield FC along long axis restricted to other subfields and neighbouring MTL/retrosplenial ROIs,healthy young adults,NR,subfields,"entorhinal, perirhinal, parahippocampal, retrosplenial",0,0
PMID33300306,exclude,E7,NA,Ventral striatum components as seeds in HCP; hippocampus ROI activation only,HCP,175,NA,NR,0,0
PMID30910629,include,I,rsfc,Hippocampal parcellation from dynamic hippocampal-whole-brain FC in HCP,HCP,50,connectivity-based parcels,whole brain,0,0
PMID41405479,exclude,E7,NA,Amygdala subregion seed FC methods comparison,healthy adults,10,NA,NR,0,0
PMID25336321,exclude,E9,NA,Stochastic DCM among 10 Go/NoGo nodes including hippocampus,healthy adults,15,whole hippocampus,middle frontal gyrus,0,0
PMID41804040,exclude,E7,NA,HCP visual cortical lateralization of activations and FC,HCP,833,NA,NR,0,0
PMID40942944,exclude,E2,NA,EEG source functional connectivity for alexithymia,healthy adults,NR,NA,NR,0,0
PMID17146014,exclude,E5,NA,COMT genotype effects on corticolimbic activation and coupling,healthy adults (genotyped),101,NA,NR,0,0
PMID21600684,exclude,E7,NA,Amygdala and ventral striatum seeds during emotion identification,healthy adults,39,NA,NR,0,0
PMID32454142,exclude,E7,NA,Network community structure during taste learning; no hippocampal seed,healthy adults,85,NA,NR,0,0
PMID29530816,exclude,E7,NA,Retrosplenial subregion DTI and rsFC networks; hippocampus not seed,healthy adults,NR,NA,NR,0,0
PMID28176662,exclude,E5,NA,Very mild AD ApoE4 carriers vs noncarriers left hippocampal seed FC,patients,NR,left hippocampus,"insula/lateral PFC, right parietal",0,0
PMID23810996,exclude,E2,NA,COMT genotype and rCBF co-activation during working memory; not BOLD FC,healthy adults (genotyped),NR,NA,NR,0,0
PMID40451461,exclude,E5,NA,Chronic spontaneous urticaria OFC seed FC,patients+HC,84,NA,NR,0,0
PMID33197455,exclude,E5,NA,Cushing's disease CBF-FCS coupling,patients+HC,100,NA,NR,0,0
PPRPPR964588,exclude,E9,NA,"Mnemonic discrimination connectivity among MTL, PFC and visual ROIs; hippocampal-PFC pair focus",healthy adults,NR,whole hippocampus,"prefrontal cortex, visual regions",0,0
PMID27554528,exclude,E7,NA,MVPA of imagined landmarks and PPI from scene regions,healthy adults,NR,NA,NR,0,0
PMID30770234,exclude,E5,NA,UHR and first-episode schizophrenia functional asymmetry,patients+HC,221,NA,NR,0,0
PMID36752830,exclude,E5,NA,Psychosis cohorts hippocampal seed rsFC predicting antipsychotic response,patients,83,whole hippocampus,"occipital cortex, frontal pole, OFC, mPFC",0,0
PMID31389253,exclude,E7,NA,7T extended amygdala/BNST seed FC; hippocampus only as target,healthy young adults,57,NA,NR,0,0
PMID35594397,exclude,E5,NA,MCI TBS targeting hippocampus via ILF; rsFC changes,patients,NR,NA,NR,0,0
PMID41729791,exclude,E5,NA,Motor vehicle accident survivors vs controls GM microstructure and FC,exposed+controls,63,NA,NR,0,0
PMID31611042,exclude,E5,NA,Social anhedonia vs controls; RSC and hippocampal formation FC,at-risk+controls,86,NA,NR,0,0
PMID33640412,maybe,I,rsfc,Resting hippocampal network connectivity with primary olfactory vs other sensory cortices (fMRI + iEEG),healthy adults+epilepsy iEEG,NR,whole hippocampus,"piriform, olfactory tubercle, primary visual, auditory, somatosensory",0,0
PMID40990663,exclude,E7,NA,"Exercise priming, MRS GABA and DMN/motor network rsFC",healthy young adults,33,NA,NR,0,0
PMID35073239,maybe,I,task,Hippocampal FC with parahippocampal and fusiform decreases with memory age; seed-based extent unclear,healthy adults,21,whole hippocampus,"parahippocampal cortex, fusiform gyrus",0,0
PMID23152634,exclude,E7,NA,Striatal prediction errors; striatum-hippocampus FC individual differences,healthy adults,NR,NA,NR,0,0
PMID26199873,exclude,E5,NA,Eating disorders rTMS dmPFC/dACC seed FC,patients,28,NA,NR,0,0
PMID41425913,exclude,E5,NA,Systematic review of mind-body exercise in MCI,patients,9 studies,NA,NR,0,0
PMID19261422,exclude,E8,NA,Methods evaluation of atlas-based hippocampal segmentation; no connectivity data,healthy adults,18,NA,NR,0,0
PMID26108671,exclude,E7,NA,ALE activation meta-analysis restricted to hippocampus by stimulus content,NA,NR,NA,NR,0,0
PMID22840760,exclude,E2,NA,VBM meta-analysis in PTSD,patients,319,NA,NR,0,0
PMID30124357,exclude,E7,NA,rTMS effects on RSA/ERS memory representations; DLPFC-MTL connectivity,healthy adults,NR,NA,NR,0,0
PMID24495461,exclude,E10,NA,Acute MDMA effects on CBF and seed RSFC incl. MTL,healthy adults,25,NA,NR,0,0
PMID22967731,exclude,E7,NA,Encoding-retrieval similarity RSA with hippocampal mediation; not seed FC,healthy adults,NR,NA,NR,0,0
PMID27734307,exclude,E5,NA,aMCI and normal elderly ApoE4 longitudinal hippocampal rsFC,patients+HC,115,left hippocampus,"right frontal, inferior frontal gyrus",1,0
PMID26192104,exclude,E5,NA,ALE meta-analysis of PTSD vs trauma-exposed/naive controls,patients+HC,NR,NA,NR,0,0
PMID36001327,exclude,E5,NA,MDD appetite and nucleus accumbens seed FC,patients+HC,807,NA,NR,0,0
PMID42363721,exclude,E5,NA,APOE4 carriers vs noncarriers hippocampal FC during encoding in cognitively normal midlife women,healthy women (genotyped),145,left/right hippocampus,NR,1,0
PMID27852375,exclude,E5,NA,Acute stress response after traffic accident FCD vs controls,patients+HC,40,NA,NR,0,0
PMID25560298,exclude,E9,NA,Hippocampus-ventral striatum functional coupling during associative learning,healthy adults,NR,whole hippocampus,ventral striatum,0,0
PMID41692057,exclude,E5,NA,MDD DMN fALFF subtypes,patients+HC,1631,NA,NR,0,0
PMID22042493,include,I,task,Left/right hippocampal seed FC during successful deep vs shallow encoding with widespread cortex,healthy adults,NR,left/right hippocampus,"medial PFC, cingulate, extrastriate, vlPFC, TPJ, frontoparietal attention",0,0
PMID32424287,exclude,E9,NA,Hippocampal-striatal coupling moderating experiential diversity-affect link,healthy adults,NR,whole hippocampus,striatum,0,0
PMID32485425,exclude,E5,NA,Elderly fallers vs non-fallers ICA networks,at-risk older adults+controls,34,NA,NR,0,0
PMID40800392,exclude,E7,NA,ALE/MACM of touch observation clusters; hippocampus not seed,NA,NR,NA,NR,0,0
PMID36988478,exclude,E5,NA,ALE meta-analysis of treatment effects in bipolar and borderline PD,patients,34 studies,NA,NR,0,0
PMID38414202,exclude,E5,NA,Schizophrenia vs HC beads task ICA networks,patients+HC,70,NA,NR,0,0
PMID17427242,exclude,E2,NA,Hippocampal volumetry in hyponatremic schizophrenia,patients+HC,38,NA,NR,0,0
PMID42426181,exclude,E7,NA,Neurosynth text-mining of PTSD constructs; no hippocampal seed,NA,NA,NA,NR,0,0
PMID32828928,exclude,E5,NA,AVPR1A haplotype effects on hippocampal subfield GMV and rsFC in healthy young adults,healthy young adults (genotyped),1001,subfields,thalamus/medial prefrontal,1,0
PMID26903940,exclude,E7,NA,dACC PPI in dialectical self-thinking,healthy adults,NR,NA,NR,0,0
PMID35664889,exclude,E5,NA,ALE meta-analysis of bvFTD abnormalities,patients+HC,73 studies,NA,NR,0,0
PMID26347412,exclude,E5,NA,Anxious participants and HC seed-based connectivity and anxiety phenotypes,patients+HC,59,NA,NR,0,0
PPRPPR1143597,include,I,task,Anterior vs posterior hippocampal background connectivity with cortex before/after category learning plus whole-brain exploration,healthy adults,52,anterior/posterior,"vmPFC, vlPFC, default mode, visual, somatomotor",0,0
PMID26539096,exclude,E7,NA,"ALE, lesion and fMRI study of environmental sound recognition",patients+HC,NR,NA,NR,0,0
PMID40838518,exclude,E5,NA,DBS site connectivity to hippocampus in PD and AD,patients,107,NA,NR,0,0
PMID19818333,exclude,E8,NA,Mini-review of p75 neurotrophin signaling in AD,NA,NA,NA,NR,0,0
PMID25834046,include,I,task,Right hippocampal connectivity with perceptual and default-mode regions during encoding predicts durable memories,healthy adults,78,right hippocampus,"perceptual areas, default mode network",0,0
PMID39043776,exclude,E5,NA,Neonates; maternal racism exposure and hippocampal/amygdala seed rsFC,neonates,25,whole hippocampus,"visual cortex, temporo-parietal",0,0
PMID28450541,exclude,E7,NA,Bayesian cue predictability; cortical areas coupling with hippocampus as target,healthy adults,23,NA,NR,0,0
PMID32918952,exclude,E7,NA,Anterior and mediodorsal thalamus seeds connectivity with MTL,healthy adults,NR,NA,NR,0,0
PMID29499551,exclude,E5,NA,TLE vs HC memory laterality of hippocampal/parahippocampal activation and FC,patients+HC,90,NA,NR,0,0
PMID22196329,maybe,I,rsfc,Posterior/anterior hippocampal volume and recollection; posterior hippocampal FC with neocortical network at post-encoding rest mediates,healthy young adults,NR,anterior/posterior,neocortical network,0,0
PMID23709642,exclude,E7,NA,Aversive category learning; amygdala-fusiform coupling,healthy adults,NR,NA,NR,0,0
PMID15974906,exclude,E5,NA,"Pilot/protocol description of resting-state FC in elderly controls, MCI and AD",patients+HC,NR,NA,NR,0,0
PMID21723396,exclude,E7,NA,SN/VTA seed connectivity during reward/novelty,healthy adults,NR,NA,NR,0,0
PMID32510870,exclude,E5,NA,Obesity vs normal weight ALFF/FC,patients+HC,46,NA,NR,0,0
PMID35032904,exclude,E5,NA,Schizophrenia joint structural-functional ICA,patients+HC,374,NA,NR,0,0
PMID19633214,exclude,E2,NA,VBM ALE meta-analysis across schizophrenia stages,patients,41 studies,NA,NR,0,0
PMID22429073,exclude,E5,NA,TLE language fMRI before/after resection,patients,44,NA,NR,0,0
PMID26535945,exclude,E5,NA,Adults with childhood maltreatment; amygdala connectivity,exposed+controls,71,NA,NR,0,0
PMID42139845,exclude,E5,NA,MDD SC-FC coupling and childhood trauma,patients+HC,111,NA,NR,0,0
PMID28480993,exclude,E5,NA,High-altitude relocation exposure; putamen seed FC,exposed adults,69,NA,NR,0,0
PMID32416099,exclude,E7,NA,SDM activation meta-analysis of emotional episodic memory,NA,NR,NA,NR,0,0
PMID17032778,exclude,E5,NA,5-HTTLPR genotype x life stress on amygdala/hippocampal resting activity and FC in healthy individuals,healthy adults (genotyped),NR,whole hippocampus,wide network,1,0
PPRPPR957972,exclude,E5,NA,At-risk cognitively normal PREVENT-AD cohort; MTL-PMC-prefrontal ROI FC with AD pathology and APOE4,at-risk older adults,NR,anterior/posterior,"precuneus, posteromedial cortex, prefrontal",0,0
PMID29376881,exclude,E7,NA,Single-subject DCM of navigation network,single subject,1,NA,NR,0,0
PMID25042764,exclude,E7,NA,BrainMap ALE of gender differences in working memory activation,NA,NR,NA,NR,0,0
PMID29053778,exclude,E5,NA,AD with/without cerebrovascular disease DMN/ECN connectivity,patients,235,NA,NR,0,0
PMID27378917,exclude,E5,NA,AD amyloid PET and atrophy,patients,44,NA,NR,0,0
PMID41150161,exclude,E7,NA,Cognitive training effects on network informational connectivity and structure,healthy young adults,75,NA,NR,0,0
PMID30747905,exclude,E5,NA,MTL pain meta-analysis plus right anterior hippocampal seed-to-voxel rsFC in chronic back pain vs HC,patients+HC,156,anterior hippocampus,medial prefrontal cortex,1,0
PMID26052749,exclude,E9,NA,7T entorhinal subregions defined by PRC/PHC connectivity and EC-subiculum connectivity; MTL-restricted,healthy adults,NR,subiculum,"entorhinal, perirhinal, parahippocampal",0,0
PMID37947212,exclude,E2,NA,Depression grey matter atrophy constrained by structural connectome,patients+HC,553,NA,NR,0,0
PMID34410804,exclude,E11,NA,Behavioural fast-mapping semantic integration study; no hippocampal connectivity imaging,healthy adults,NR,NA,NR,0,0
PMID16837589,exclude,E7,NA,Emotional memory retrieval; amygdala-locus coeruleus PPI,healthy adults,NR,NA,NR,0,0
PMID25717297,exclude,E10,NA,Meta-analysis of hormone therapy effects on working-memory activation in postmenopausal women,postmenopausal women,8 studies,NA,NR,0,0
PMID32211038,exclude,E5,NA,Spinal cord injury neuropathic pain insular seeds,patients+HC,46,NA,NR,0,0
PMID35419076,exclude,E7,NA,Methods paper on nonlinear effective connectivity; hippocampus in top connections but no seed map,healthy adults,60,NA,NR,0,0
PMID32610296,exclude,E2,NA,Intracranial CA1/CA3 unit recordings in epilepsy patients,patients,23,NA,NR,0,0
PMID40097468,exclude,E10,NA,Phase-lagged tACS effects on hippocampal activation and task FC,healthy adults,NR,NA,NR,0,0
PMID40197086,exclude,E5,NA,Episodic cluster headache 7T limbic subregions,patients+HC,132,NA,NR,0,0
PMID38876575,exclude,E7,NA,Exercise habits multimodal imaging and mental health; no hippocampal seed,healthy adults,NR,NA,NR,0,0
PMID25994960,maybe,I,rsfc,"Longitudinal lifespan study: hippocampal-cortical FC predicting memory change in young, cortico-striatal in older",lifespan,119,whole hippocampus,cortical regions,0,0
PMID23395475,exclude,E7,NA,ALE activation meta-analysis of acupuncture needle stimulation,NA,28 studies,NA,NR,0,0
PMID16300905,exclude,E8,NA,Theoretical hypothesis paper on neuromodulators and memory,NA,NA,NA,NR,0,0
PMID30556225,exclude,E7,NA,Omega-3 biomarkers and network connectivity in older adults; no hippocampal seed map,healthy older adults,96,NA,NR,0,0
PMID24161281,exclude,E9,NA,"FC among IFG, MTG and hippocampus during verbal insight",healthy adults,NR,whole hippocampus,"IFG, MTG",0,0
PMID23627661,exclude,E5,NA,Subjective memory complaints vs controls dual-regression networks,at-risk+controls,54,NA,NR,0,0
PMID28246034,include,I,rsfc,Anterior/posterior left/right hippocampal segment rsFC with cortex linked to semantic and topographic memory,healthy adults,136,"anterior/posterior, left/right","lingual, intracalcarine/cuneus, temporoparietal cortex",0,0
PMID28589968,exclude,E5,NA,5-HTTLPR genotype and visual-limbic network FC during emotional faces,healthy adults (genotyped),223,NA,NR,0,0
PMID28112460,include,I,task,Left hippocampus whole-brain graph connectivity and bivariate FC with retrieval assembly for remembered vs forgotten words,healthy adults,NR,left hippocampus,"precuneus, caudate, supramarginal, dorsolateral superior frontal",0,0
PMID30721944,include,I,mixed,"Hippocampal connectivity-based parcellation from intrinsic, meta-analytic task co-activation and structural covariance with behavioral profiling",healthy adults+BrainMap,NR,connectivity-based parcels (head/body/tail),whole brain,0,0
PMID25309382,exclude,E5,NA,ALE meta-analysis of resting-state alterations in depression,patients,32 studies,NA,NR,0,0
PMID42449379,exclude,E5,NA,"AD spectrum DCM among PPA, hippocampus, precuneus",patients+CU,205,NA,NR,0,0
PMID19833321,exclude,E5,NA,Amyloid PIB+ vs PIB- and AD precuneus connectivity,patients+CU,103,NA,NR,0,0
PMID24704947,exclude,E7,NA,ALE activation meta-analysis of painting viewing,NA,15 experiments,NA,NR,0,0
PMID26874183,exclude,E2,NA,Ex vivo polarized light microscopy of hippocampal fiber tracts,ex vivo,5,NA,NR,0,0
PMID30240493,exclude,E7,NA,Dynamic FC diversity in healthy elderly; no hippocampal seed map,healthy older adults,188,NA,NR,0,0
PMID17298595,exclude,E9,NA,Anterior/posterior hippocampal activation and interaction with retrosplenial cortex during navigation; no whole-brain FC,healthy adults,NR,anterior/posterior,retrosplenial cortex,0,0
PMID22537768,exclude,E5,NA,Fibromyalgia vs HC rACC and thalamus seed connectivity,patients+HC,42,NA,NR,0,0
PPRPPR82935,exclude,E10,NA,Preprint: TMS targeting posterior-medial network increases task-dependent connectivity within hippocampal networks,healthy adults,NR,NA,posterior-medial network,0,0
PMID40973949,exclude,E5,NA,MASLD vs HC; right hippocampal seed FC reduced with OFC,patients+HC,136,right hippocampus,orbitofrontal cortex,1,0
PMID15070770,exclude,E5,NA,Mild AD vs elderly controls DMN ICA,patients+HC,26,NA,NR,0,0
PMID25378157,exclude,E9,NA,Hippocampus-striatum connectivity during reward learning and episodic encoding,healthy adults,NR,whole hippocampus,striatum,0,0
PMID33723876,exclude,E5,NA,ALE meta-analysis of face processing in autism,patients+HC,35 studies,NA,NR,0,0
PMID34404728,include,I,rsfc,"Individual precision mapping: anterior hippocampus connected to DMN, hippocampal tail to parietal memory network",healthy adults,NR,head/body/tail,"default mode network, parietal memory network, medial parietal",0,0
PMID37952287,exclude,E5,NA,Systematic review of childhood maltreatment and rsFC in youth,children/youth exposed,19 studies,NA,NR,0,0
PMID32436639,exclude,E5,NA,Schizophrenia vs HC MVAR directional connectivity during learning,patients+HC,NR,NA,NR,0,0
PMID29737490,exclude,E7,NA,Regional entropy under propofol sedation; not connectivity seed,healthy adults,15,NA,NR,0,0
PMID41804632,exclude,E5,NA,TLE language connectome before/after resection,patients,44,NA,NR,0,0
PMID36384679,exclude,E7,NA,EEG-fMRI fused network dynamics of semantic cognition; no hippocampal seed map,healthy adults,26,NA,NR,0,0
PMID34292206,exclude,E7,NA,Acupuncture/imagery effects on PAG and VTA seed rsFC,healthy adults,24,NA,NR,0,0
PMID16216335,exclude,E1,NA,Rat in vivo LTP synaptic tagging methods,NA,NR,NA,NR,0,0
PMID30249658,include,I,rsfc,Unfolded hippocampal subfield intrinsic connectivity with cortex revealing anterior-posterior and medial-lateral gradients,healthy adults (HCP + replication),NR,subfields/gradients,whole cortex,0,0
PMID39436471,exclude,E2,NA,Intracranial EEG directed connectivity in mesiotemporal network,patients,19,NA,NR,0,0
PMID31498513,exclude,E5,NA,Semantic variant PPA vs controls anterior/posterior hippocampal seed-to-voxel rsFC,patients+HC,NR,anterior/posterior,"semantic network, ventromedial cortex",1,0
PMID33000367,exclude,E5,NA,Violence exposure and stress-induced changes in hippocampal/amygdala/vmPFC seed rsFC,community adults exposed,233,whole hippocampus,"prefrontal, parietal",1,0
PPRPPR931578,maybe,I,rsfc,"Hippocampal (left/right, anterior/posterior) seed rsFC with cerebellum across adult lifespan; cortical targets not reported",lifespan,479,"left/right, anterior/posterior",cerebellar lobules (non-cortical),0,0
PMID35462202,exclude,E7,NA,Multisensory emotional encoding; amygdala-driven connectivity,healthy adults,NR,NA,NR,0,0
PMID27601666,maybe,E10,rsfc,Episodic specificity induction; hippocampal seed rsFC with rest of brain stronger after induction,healthy adults,NR,anterior hippocampus,"core network, inferior parietal",0,0
PMID26249369,exclude,E7,NA,ICA/FNC during bladder interoception,healthy females,13,NA,NR,0,0
PMID31608325,exclude,E5,NA,PD dementia coordinate-based network mapping,patients,385,NA,NR,0,0
PMID24825078,exclude,E7,NA,Methylphenidate effects on striatal/thalamic seed connectivity,healthy adults,48,NA,NR,0,0
PMID41300141,exclude,E5,NA,MDD vs HC mPFC and left hippocampal seed FC at rest and task,patients+HC,40,left hippocampus,"cerebellum, multiple regions",1,0
PMID35523779,exclude,E5,NA,Cocaine use disorder mirtazapine ACC-hippocampus effective connectivity,patients,NR,NA,NR,0,0
PMID29971686,exclude,E5,NA,Meta-analysis of PD cognitive decline,patients,34 studies,NA,NR,0,0
PMID19411370,exclude,E5,NA,ALE meta-analysis of episodic memory activation in schizophrenia,patients+HC,18 studies,NA,NR,0,0
PMID34645274,exclude,E5,NA,Coordinate-based network mapping of MDD structure,patients+HC,143 articles,NA,NR,0,0
PMID37709747,exclude,E7,NA,Individual differences in encoding activation and network responsivity; no hippocampal seed FC,healthy adults,1498,NA,NR,0,0
PMID36787426,exclude,E2,NA,DTI/NODDI sleep-dependent microstructural plasticity,healthy young adults,34,NA,NR,0,0
PMID38527809,exclude,E7,NA,Medial parietal subregions and their connectivity with hippocampus; MPC-defined,healthy adults (7T),NR,NA,NR,0,0
PMID30361944,exclude,E7,NA,Emotional memory; graph topology of hippocampus-mediated networks and ALFF; no seed FC map,healthy young adults,59,NA,NR,0,0
PMID29768193,exclude,E1,NA,GSK3beta metabolism in cell lines and mice,NA,NR,NA,NR,0,0
PMID39488200,exclude,E7,NA,Precision imaging of entorhinal cortex bands and cortical networks; EC-focused,healthy adults,NR,NA,NR,0,0
PMID23684859,exclude,E5,NA,TPH2/5-HTTLPR genotype and amygdala-hippocampus connectivity vs trait anxiety,healthy adults (genotyped),89,whole hippocampus,amygdala,0,0
PMID40392111,exclude,E7,NA,DMN subsystem activity/MVPA/FC in young vs older adults for survival memory,healthy young and older adults,NR,NA,NR,0,0
PMID30009166,maybe,E10,rsfc,Bilateral hippocampal seed rsFC at baseline and after 3 months AR-GPS navigation use,healthy adults,33,left/right hippocampus,"temporal regions, cerebellum",0,0
PMID27984812,exclude,E2,NA,Testosterone and prefrontal-hippocampal structural covariance in youth,children/adolescents,NR,NA,NR,0,0
PPRPPR349163,maybe,I,rsfc,Physically active vs non-active cognitively intact older adults; hippocampal-DMN hub coherence and intrahippocampal connectivity,healthy older adults,52,whole hippocampus,"posteromedial cortex, medial prefrontal",0,0
PMID37104887,exclude,E7,NA,ALE activation meta-analysis of autobiographical memory construction/elaboration,NA,NR,NA,NR,0,0
PMID37467677,exclude,E5,NA,Schizophrenia vs HC uFC among reward and memory subnetworks,patients+HC,54,NA,NR,0,0
PMID25360889,include,I,rsfc,Anterior vs posterior hippocampal rsFC with neocortex in young vs older cognitively normal adults,healthy young and older adults,NR,anterior/posterior,neocortical regions,0,0
PMID41865916,exclude,E5,NA,Friedreich's ataxia vs HC structure and rsFC,patients+HC,78,NA,NR,0,0
PMID23362184,exclude,E7,NA,ALE activation meta-analysis within hippocampal formation for navigation vs memory,NA,NR,NA,NR,0,0
PMID31740723,exclude,E5,NA,Oxytocin in overweight/obese men; VTA seed PPI,patients,10,NA,NR,0,0
PMID33561863,exclude,E9,NA,"Sensory processing sensitivity and ROI-to-ROI rsFC (hippocampus-precuneus, hippocampus-insula)",healthy older adults,NR,whole hippocampus,"precuneus, insula",0,0
PMID35195715,exclude,E9,NA,AnG rTMS and hippocampus-AnG rsFC vs vividness; ROI pair,healthy adults,NR,whole hippocampus,angular gyrus,0,0
PMID38997158,exclude,E7,NA,vmPFC MVPA and coupling in margin of safety task,healthy adults,NR,NA,NR,0,0
PMID34482503,exclude,E5,NA,Schizophrenia vs HC spectral DCM among network nodes incl. hippocampus,patients+HC,56,left/right hippocampus,"dACC, insula, FEF, IPS",0,0
PMID26515906,exclude,E7,NA,Motion parallax; occipital parallax region connectivity,healthy adults,NR,NA,NR,0,0
PMID30121086,exclude,E5,NA,aMCI/AD with/without CeVD multiple-seed DMN/ECN FC,patients+HC,248,NA,NR,0,0
PMID27132046,include,I,mixed,Left/right anterior/posterior hippocampal MACM co-activation plus 7T task-independent FC showing lateralization along long axis,healthy adults+BrainMap,NR,left/right anterior/posterior,"distributed network, fronto-limbic, parahippocampal",0,0
PMID38641257,exclude,E7,NA,TMS over rVLPFC during social pain; rVLPFC-DLPFC connectivity,healthy adults,80,NA,NR,0,0
PMID22524296,exclude,E9,NA,"Reward modulation of DG/CA2,3 activation and connectivity with dopaminergic midbrain",healthy adults,NR,"subfields (DG/CA2,3)",dopaminergic midbrain,0,0
PMID24179782,exclude,E5,NA,TLE with HS vs HC; working memory FC from hippocampal and frontoparietal seeds,patients+HC,82,left/right hippocampus,"superior parietal, task-positive network",1,0
PMID23845428,include,I,task,"Left anterior hippocampal seed co-activation with frontal, parahippocampal, parietal regions during recent/remote autobiographical retrieval",healthy adults,10,anterior hippocampus,"frontal, parahippocampal, parietal, occipital, temporal",0,0
PMID35149637,maybe,I,task,Daily stress related to left hippocampal FC with vmPFC/sgACC during stress task in healthy young adults; seed extent unclear,healthy young adults,44,left hippocampus,"vmPFC, subgenual ACC",0,0
PMID30004604,exclude,E7,NA,Structure-function connectome age prediction; no hippocampal seed map,healthy lifespan,155,NA,NR,0,0
PMID34119509,exclude,E7,NA,Prefrontal seeds and dorsal attention network rsFC predicting renewal,healthy adults,70,NA,NR,0,0
PMID31854490,exclude,E5,NA,Posteromedial cortex ICA FC in HCP and AD spectrum,patients+HC,NR,NA,NR,0,0
PMID22042765,exclude,E5,NA,ZNF804A genotype and DLPFC-hippocampal formation coupling in healthy subjects,healthy adults (genotyped),94,hippocampal formation,DLPFC,0,0
PMID34663890,exclude,E7,NA,Prefrontal TBS effects on multivoxel patterns in striatum/hippocampus; not FC map,healthy adults,NR,NA,NR,0,0
PPRPPR987244,exclude,E7,NA,Narrative transmission; DMN/HPC FC pattern similarity; no hippocampal seed map,healthy adults,58,NA,NR,0,0
PMID36897881,exclude,E10,NA,"Perceptual training effects on myelin, GABA and pulvinar/hippocampal FC to visual cortex",healthy males,NR,NA,visual cortex,0,0
PMID41856988,exclude,E5,NA,Prenatal maternal stress-exposed young adults; hippocampal subfield seed FC vs autism phenotype,exposed young adults,32,subfields,"SMA, putamen",0,0
PMID33317391,exclude,E7,NA,Intelligence and WM-induced FC changes with frontoparietal nodes; hippocampus as target,healthy young adults,1221,NA,NR,0,0
PMID38499956,exclude,E7,NA,Graph theory age groups incl. children in HCP pilot; no hippocampal seed,lifespan incl. children,NR,NA,NR,0,0
PPRPPR851438,exclude,E7,NA,Resilience measures and ReHo/FC; hippocampus ReHo only,healthy young adults,58,NA,NR,0,0
PMID32830513,exclude,E5,NA,Migraineurs daily rsfMRI over migraine cycle,patients,9,NA,NR,0,0
PMID23279846,maybe,I,rsfc,Seed-based limbic networks incl. left hippocampus seed rsFC predicting dex/CRH response in healthy males,healthy males,20,left hippocampus,"right hippocampus, ACC, mPFC",0,0
PMID30523574,maybe,I,task,Hippocampal FC with cingulate and posterior medial frontal in contingency-aware vs unaware subjects during contextual fear,healthy adults,NR,whole hippocampus,"cingulate cortex, posterior medial frontal gyrus",0,0
PMID33634547,include,I,task,Hippocampal seed FC during spatial long-term memory with widespread cortex and sex differences,healthy adults,NR,whole hippocampus,"medial/lateral posterior frontal, IFG, PCC, caudate/putamen",0,0
PMID39367057,exclude,E5,NA,Anxiety disorders vs HC ROI-to-ROI rsFC,patients+HC,544,NA,NR,0,0
PMID31689011,exclude,E5,NA,Sleeve gastrectomy patients seed-to-voxel FC pre/post surgery,patients,14,NA,NR,0,0
PMID25293364,include,I,rsfc,Left/right hippocampal seed connectivity during post-task rest identifying networks modulated by prior task and rest state,healthy adults,NR,left/right hippocampus,multiple whole-brain networks,0,0
PMID38349873,exclude,E10,NA,AT1R antagonist pharmacological rsfMRI and transcriptomic mapping,healthy adults,132,NA,NR,0,0
PMID33512053,exclude,E7,NA,Recursive reasoning; dmPFC connectivity with insula/hippocampus,healthy adults,NR,NA,NR,0,0
PMID34874961,maybe,I,task,Methodological PPI of hippocampal seeds with sensorimotor cortex during movement; targets restricted to SMC,healthy adults,NR,anterior/posterior,sensorimotor cortex,0,0
PMID31286840,exclude,E5,NA,Primary dysmenorrhea nucleus accumbens seed FC,patients+HC,80,NA,NR,0,0
PMID29577961,exclude,E9,NA,"Young vs older adults sleep, atrophy and within-MTL-subsystem FC",healthy young and older adults,170,NA,MTL subsystem,0,0
PMID27182810,include,I,rsfc,Left/right anterior/posterior hippocampal RSFC differentiation along long axis and relation to Glx (MRS),healthy males,25,left/right anterior/posterior,"mPFC, pregenual ACC, vlPFC",0,0
PMID24949579,exclude,E9,NA,Music working memory; effective connectivity/clustering among task regions incl. hippocampus,healthy musicians,NR,whole hippocampus,task-activated regions,0,0
PMID24633738,exclude,E5,NA,ALE meta-analysis of episodic memory activation in MCI/AD,patients+HC,28 studies,NA,NR,0,0
PMID40397107,exclude,E5,NA,SLE connectome-based predictive modelling,patients+HC,77,NA,NR,0,0
PMID27001615,exclude,E5,NA,MCI SMART exercise/cognitive training trial structural and functional changes,patients,100,NA,NR,0,0
PMID37767637,exclude,E10,NA,Transcutaneous tibial nerve stimulation effects on seed FC,healthy adults,14,NA,NR,0,0
PMID35109804,exclude,E5,NA,Children with strabismus/amblyopia FCD,paediatric patients+HC,52,NA,NR,0,0
PMID37098409,exclude,E10,NA,Prucalopride 5-HT4 agonist effects on rsFC,healthy adults,50,NA,NR,0,0
PMID40780573,exclude,E7,NA,OFC gPPI and DCM with MTL regions during abstract navigation,healthy adults,NR,NA,NR,0,0
PMID31445780,exclude,E8,NA,Review of awake reactivation and hippocampal-cortical connectivity in memory consolidation,NA,NA,NA,NR,0,1
PMID22693345,exclude,E5,NA,Mild AD vs controls DMN modulation rest vs task,patients+HC,34,NA,NR,0,0
PMID40328484,exclude,E2,NA,Continuous diffusion MRI neuroplasticity during motor learning,healthy adults,58,NA,NR,0,0
PMID26608407,exclude,E9,NA,Hippocampal-mPFC coupling during learning and rest predicting integration,healthy adults,NR,whole hippocampus,medial prefrontal cortex,0,0
PMID27013686,maybe,I,task,EEG-informed hippocampal connectivity with PFC and striatum during recollection; whole-brain extent unclear,healthy adults,NR,whole hippocampus,"prefrontal cortex, striatum",0,0
PMID35228583,exclude,E5,NA,Children with febrile seizures seed FC and graph,paediatric patients,24,NA,NR,0,0
PMID21923785,exclude,E2,NA,Resting EEG graph analysis in synaesthetes,healthy adults,25,NA,NR,0,0
