term,n_studies,r_pointbiserial,p,mean_G1_with,mean_G1_without,q_fdr
inferior parietal,114,-0.07478087032322696,0.0011968916340908903,-1.369743516033272,0.6366184895989622,0.1341606713485516
parietal,451,-0.06805126794255566,0.003204874833122847,-0.2606237567774176,0.7602523507891747,0.1893068760656094
precuneus,138,-0.06767622552845012,0.003377738259078189,-1.0247551404285342,0.6369320220308283,0.1893068760656094
actions,45,-0.06519577725503241,0.004751309215084242,-2.1509292965317948,0.5801474025206732,0.21486309862858377
retrieval,261,-0.06279415487198675,0.006543775591342603,-0.4865256722034159,0.6765536151962007,0.24373509811196964
autobiographical memory,34,-0.05875040018659341,0.010965734261079187,-2.2570824421942235,0.5657818390766218,0.3345931399815556
preserved,31,-0.05805235217439205,0.011953529103688501,-2.3559469211867277,0.5628497750532658,0.3345931399815556
semantic memory,36,-0.055077950325259,0.017101029830931445,-2.009246721841982,0.5639992724987442,0.3835818966561951
feature,47,-0.05507334965208534,0.017110303581582102,-1.6874459616892727,0.5712138703151485,0.3835818966561951
history,32,-0.05458180797914895,0.01812687239647161,-2.141113114046554,0.5607021718327199,0.39911488687231245
reflects,44,-0.05413992705382901,0.019085452722550002,-1.7245403011486458,0.5684030350365687,0.4057525239408762
cerebral,106,-0.0536758060494375,0.02013967274242196,-0.8912372551085147,0.5988512046990287,0.4057525239408762
commonly,59,-0.053443396588902264,0.02068640066868679,-1.38635548707203,0.5763596444097135,0.4057525239408762
lobule,64,-0.05304183601154906,0.021661548883902863,-1.2943802437046543,0.5785293461124189,0.4057525239408762
recollection,63,-0.05252101530941453,0.022985690684847508,-1.2912765235170576,0.5773871904185285,0.4170150309722807
cortex precuneus,31,-0.052183528391334416,0.023880750758836417,-2.065751307994448,0.5579685683202432,0.4170150309722807
involved,396,-0.05188854266422054,0.02468767671216158,-0.1282973316713419,0.6868088797078699,0.4222701110955999
strength,57,-0.05177639712566516,0.025000582408741926,-1.3601249360316023,0.5733763908751688,0.4222701110955999
memory,634,-0.05105857729259665,0.02708583866340907,0.05664314409360719,0.7486984092830914,0.43151317670230876
mode,124,-0.05085234319926307,0.02771201680401274,-0.7105491102362673,0.6013747831632442,0.43151317670230876
autobiographical,54,-0.05049847375550718,0.02881553227816935,-1.3655077424274866,0.5703490104161894,0.43151317670230876
hippocampal,279,-0.050376330319916306,0.029205104896599405,-0.2578697998804527,0.6496824169486061,0.43151317670230876
account,56,-0.05028349807182984,0.02950421132237916,-1.322760009194081,0.5711619039500819,0.43151317670230876
altered,101,-0.05011662679795506,0.030048494707451787,-0.8320174641893441,0.5912755469540351,0.43151317670230876
index,36,-0.05002488051254943,0.03035140065149442,-1.7777020699448056,0.5594641215366667,0.43151317670230876
younger,35,-0.049995967058716076,0.03044740176245001,-1.8095064314855198,0.5587985350562119,0.43151317670230876
hippocampus,513,-0.04933377712249527,0.03271848737743849,-0.0007483149851651536,0.7088035756456796,0.45327971838631076
delay,63,-0.04903160642816552,0.03380206941588184,-1.1712993116343042,0.5732134939256441,0.4630883509975812
execution,37,-0.048375495561129106,0.03626083271795044,-1.6713676698975737,0.5585946568604194,0.4763522165813353
medial temporal,205,-0.04835200648036342,0.03635161067276358,-0.37018977103201206,0.6232394750916376,0.4763522165813353
sub,30,-0.04789158555230674,0.03817045330052105,-1.8933253893587325,0.5537405328346758,0.48519761772724185
motor,188,-0.04742855244729381,0.04007701705637529,-0.3962851354715263,0.616132494860633,0.4941496203051074
component,108,-0.04721160809416808,0.04099770288737714,-0.7097400916145697,0.5894392473163952,0.49877307587388786
neocortical,31,-0.047150317787190504,0.041261033040662254,-1.8168742430854636,0.5537823561595386,0.49877307587388786
largely,67,-0.0465473517472163,0.043928807229258654,-1.0356579460494895,0.5720458568078008,0.5109832010724144
thalamic,37,-0.04625764900234565,0.04526145967562601,-1.5756689429612651,0.556667137591697,0.5215642970097839
integration,91,-0.04610832108941182,0.04596157485205116,-0.7942905261475615,0.5813674810688775,0.5247279795609173
extensive,65,-0.04564587535130151,0.04818779136521433,-1.0296993723432584,0.5700543062845176,0.5315358923582003
sentence,30,-0.045402280648023666,0.049396408226095236,-1.7681681778695848,0.5517043526043752,0.534261152129609
contrasting,34,-0.04492136627352482,0.05185718465974077,-1.60467448795543,0.553726474704818,0.5487937004400035
recorded,44,-0.04490701258984488,0.051932177836719114,-1.3426875081477745,0.5592218749862746,0.5487937004400035
posterior,456,-0.044879664250667535,0.0520753146402923,0.007034800008094936,0.6777784993389909,0.5487937004400035
retrosplenial cortex,32,-0.044615372127128995,0.05347564196264382,-1.6561958431266248,0.5522779847157613,0.5502331543265936
posterior parietal,47,-0.043956989816872495,0.05710114533014344,-1.2429775574845625,0.559779817223949,0.5624586129123809
tasks,252,-0.04388392470692401,0.05751579977041275,-0.19941756094375745,0.6254938386092525,0.5624586129123809
middle frontal,68,-0.0438693308443365,0.05759892094559997,-0.9352844378262686,0.569156767795441,0.5624586129123809
movements,38,-0.0438589111296782,0.0576583287765365,-1.440494531101128,0.5550308132070932,0.5624586129123809
line,40,-0.04381073027644477,0.05793369330078862,-1.3878609149033825,0.5560590062500085,0.5624586129123809
networks,284,-0.04357959457823948,0.05926991453690296,-0.14670601862235563,0.632680685632157,0.5709359736250105
memory retrieval,83,-0.042452593321751754,0.06615631767760925,-0.7500850933280677,0.5731741170366332,0.5997848507095015
strong,73,-0.042225056342085746,0.0676236716599918,-0.8304375413711971,0.5690836876104818,0.6042028054838398
session,60,-0.04211237115822829,0.06836020853506046,-0.9703794261355416,0.5636827709120799,0.6063894757102846
middle,235,-0.042015196768635174,0.06900064289102928,-0.19700713460089256,0.6165921034152472,0.6076985191759936
parahippocampal cortex,38,-0.041264245636631974,0.07411764313645935,-1.324834349740412,0.5526369750307821,0.6335940324422282
objective,62,-0.04124960481011829,0.07422040550729588,-0.9155156006642675,0.5634987572337555,0.6335940324422282
impairment,107,-0.04120839930500296,0.07451024712418743,-0.5593488482772909,0.579597118071336,0.6335940324422282
use,145,-0.04096035899535798,0.0762745547382392,-0.3924917166226212,0.5906356736707117,0.6354494999476279
disease,127,-0.040556284648573124,0.07922151776592055,-0.4500632879302258,0.5846913671628616,0.6369024406987658
terms,62,-0.04034804654037986,0.08077597112387039,-0.8842594849486504,0.5624292874907266,0.6369024406987658
default mode,115,-0.03958609701231677,0.08667589497025296,-0.4782856934636399,0.57947733690432,0.6544539300916922
attention,208,-0.03953943607780856,0.08704821130173358,-0.20305295341058413,0.604161341642126,0.6544539300916922
cognitive processes,47,-0.03936533540055258,0.0884487918042521,-1.0593882043748764,0.5550569384083194,0.6569720499677278
supplementary motor,49,-0.039214785172770855,0.08967449936372686,-1.0201959433097416,0.5557739079937303,0.6620877707513486
relies,39,-0.039083869798427665,0.09075142370361582,-1.2046921569058016,0.5511066893655077,0.6634750931892895
retrosplenial,50,-0.03873223566311752,0.09369551564621661,-0.9856637166539828,0.5556913194622147,0.6634750931892895
understand,43,-0.03872193077896606,0.09378293537315023,-1.1058433650215935,0.552620997030207,0.6634750931892895
superior frontal,71,-0.03871068697026486,0.09387839486354736,-0.7364340211613957,0.5638295043643036,0.6634750931892895
new,157,-0.03850409989993374,0.09564620767713992,-0.3020162553119526,0.5892337407981112,0.6634750931892895
visuospatial,34,-0.038470935719994645,0.09593246607896413,-1.3003645681271816,0.548103356621035,0.6634750931892895
modified,32,-0.038456988903707995,0.09605305326005038,-1.3565595006747615,0.5470725759435249,0.6634750931892895
semantic,156,-0.03842621272334308,0.0963195796276422,-0.30321027176254883,0.588823389558404,0.6634750931892895
investigating,52,-0.038243727708435045,0.09791209576136725,-0.9371795702769142,0.555999516202404,0.6706978559653657
supplementary,50,-0.03807126746741392,0.09943637988993588,-0.96006218607227,0.5549895231195142,0.6765976001005278
neuropsychological,67,-0.03802249655342879,0.0998708541916432,-0.7517440572541646,0.5615188891546261,0.6765976001005278
spontaneous,51,-0.03702854219274945,0.10905938999216466,-0.9051537837565335,0.5542844892144617,0.6792214565625294
shift,43,-0.036839911169158315,0.11087634017313341,-1.027085843351118,0.550771421152637,0.6792214565625294
knowledge,101,-0.0367497686005073,0.1117530121682735,-0.47286324351253184,0.5708161130632522,0.6792214565625294
episodic,181,-0.036671466519174786,0.11251895732442817,-0.2046760480166439,0.5914613972577631,0.6792214565625294
stage,42,-0.0365848622813307,0.1133709235311035,-1.0349544158057558,0.5500905383898592,0.6792214565625294
movement,39,-0.03650411686235995,0.11416982021193803,-1.0912115110291374,0.5486948391261671,0.6792214565625294
discussed,52,-0.036253482707039236,0.11667782674162475,-0.8616291283462671,0.5538433016138234,0.6792214565625294
temporo,42,-0.0361160164662513,0.11807164960236627,-1.0150968465421881,0.5496352884394936,0.6792214565625294
abilities,33,-0.0359831324903518,0.11943138431392888,-1.2089951546788806,0.5454614997125385,0.6792214565625294
levels,134,-0.035963819932537465,0.11963001621274848,-0.3165194639284319,0.5785697638119485,0.6792214565625294
techniques,33,-0.035922547618249326,0.12005537347726167,-1.2060931903319527,0.5454094818833976,0.6792214565625294
non,202,-0.03589187462001587,0.12037225879545499,-0.14764465254578857,0.5945705745697546,0.6792214565625294
monetary,32,-0.03587781073388485,0.12051777257678081,-1.2310695002476373,0.5448925107895248,0.6792214565625294
distributed,89,-0.035836477383789644,0.12094622974921584,-0.5146514145120253,0.5658833371193001,0.6792214565625294
positively,136,-0.03567099925100839,0.12267349643179831,-0.3031986802050941,0.578557423115232,0.6792214565625294
control,443,-0.035568678478827324,0.12375112093326883,0.10460455414346939,0.6414800582675216,0.6792214565625294
reflect,126,-0.03556409814266975,0.12379953232080443,-0.3349173971296382,0.5757994124168849,0.6792214565625294
task,781,-0.035477108581180694,0.12472176597251798,0.24541884747438067,0.7068853256988922,0.6792214565625294
reveal,65,-0.03540531770842803,0.12548689286552503,-0.6832465015517342,0.5576057509492776,0.6792214565625294
posterior cingulate,180,-0.03536509538108834,0.12591716582038803,-0.18118344978877796,0.588495160465384,0.6792214565625294
important,185,-0.0351550716073732,0.12818254579465932,-0.16663382394846796,0.5891800108329467,0.6792214565625294
make,47,-0.03503484450072047,0.12949352838421352,-0.886241022365313,0.550602686873317,0.6792214565625294
verbal,104,-0.034937786353535956,0.13055944149650098,-0.4097554383867375,0.5688770318975147,0.6792214565625294
accompanied,48,-0.03489937762218032,0.1309831278280096,-0.865834851594021,0.5508531510092516,0.6792214565625294
sensorimotor,58,-0.03479729354801753,0.13211439548335438,-0.7341024579185906,0.5544469842652304,0.6792214565625294
pre,87,-0.03472353016123952,0.13293651744118962,-0.494650220451698,0.563700251844252,0.6792214565625294
anterior posterior,41,-0.0347176141284862,0.1330026250010125,-0.9740989319991211,0.5478646137906953,0.6792214565625294
speech,46,-0.034680896007709835,0.1334134933531679,-0.8874638515214123,0.5498474387507468,0.6792214565625294
parahippocampal,205,-0.03467184899775273,0.13351487810933527,-0.11986704050826992,0.5924928245479782,0.6792214565625294
ii,38,-0.03455197439603862,0.13486387575388817,-1.0256271836876174,0.5464442341211927,0.6792214565625294
thought,71,-0.03449455382907451,0.13551376992245112,-0.6001826257616066,0.5584640861316996,0.6792214565625294
damage,33,-0.03441115178263013,0.13646202790316322,-1.1336986027582727,0.5441118059518758,0.6812051838242926
gyrus inferior,36,-0.034031671310537026,0.1408413450267784,-1.044852100588657,0.545110150428494,0.6939628909911137
parietal lobule,54,-0.033680774326348986,0.14498613509724434,-0.7393794142445664,0.5517715765030697,0.6939628909911137
dopamine,34,-0.03353487433532527,0.14673673452258848,-1.067497563084551,0.543800379353943,0.6939628909911137
35,30,-0.03351978701886333,0.14691867928427513,-1.1707404519190812,0.5419848125943345,0.6939628909911137
compare,59,-0.033508983384440916,0.14704907107435466,-0.6773106194379124,0.5533108029824888,0.6939628909911137
past,66,-0.03338813057081539,0.14851370684053328,-0.6061022666738122,0.5554759571166217,0.6939628909911137
future,92,-0.03338221129532309,0.14858572848471535,-0.4276114829217242,0.5632087751375864,0.6939628909911137
needed,37,-0.033121125796168174,0.15178901760027275,-0.9820713841642806,0.5447111715190303,0.6983427563475235
cognitive control,64,-0.032971683211093096,0.15364604428758705,-0.6099047052208334,0.5543268961328806,0.6994531109030998
manipulation,43,-0.0328044528242742,0.15574451549580953,-0.8582126305581977,0.5468055292082921,0.6994531109030998
inferior,376,-0.03279323620247621,0.15588603991362962,0.09480352822283254,0.6199276730671531,0.6994531109030998
judgment,40,-0.03277202673067729,0.15615391442298984,-0.9085186839103698,0.5456044319644465,0.6994531109030998
personal,43,-0.03260004529080858,0.15833893133449572,-0.8496587182277239,0.5466046454124373,0.6994531109030998
supporting,92,-0.032505829368051846,0.1595457069728705,-0.4028765178242154,0.5619317735725075,0.6994531109030998
accurate,40,-0.03246508854896291,0.1600696881950511,-0.8951902679247515,0.5453137358687953,0.6994531109030998
periods,37,-0.032441915649416314,0.1603683020016701,-0.9513800453150135,0.5440930008399759,0.6994531109030998
seen,70,-0.03238474671800322,0.16110679926721844,-0.5397419055302937,0.5554765600074839,0.6994531109030998
perceived,47,-0.03211290373909476,0.16465357034519043,-0.7694122792558468,0.5475972402799152,0.7112442865976766
important role,40,-0.03202578672782222,0.1658025392571771,-0.8761141224198189,0.5448976803506942,0.7123154386902417
default,151,-0.031892592130647546,0.16757085247174217,-0.17631232648857645,0.5751137215125685,0.7174127121446462
ability,146,-0.03169533847995421,0.17021557383781694,-0.18470968032155108,0.5736489549729901,0.7258222004065641
pattern,204,-0.031643686453796456,0.1709132462725012,-0.06604831534886375,0.5854919983218854,0.7258222004065641
strategy,36,-0.03155857611332266,0.1720675105996224,-0.9315285195236798,0.5428905373064379,0.7258222004065641
rapid,32,-0.03149133318985658,0.17298357089114705,-1.0176452881035707,0.5411848154645464,0.7258222004065641
representations,114,-0.03121266506975372,0.17681876303967153,-0.2719225238254348,0.5655096298764091,0.7292034445860367
angular,44,-0.03118660486217385,0.17718063036633597,-0.7752419813470048,0.5455783759812287,0.7292034445860367
referential,30,-0.031126798907990652,0.1780131685485783,-1.050425853828589,0.5400274167468754,0.7292034445860367
correlations,106,-0.03092173200704753,0.18088992793603673,-0.2952934392961962,0.5631215415338107,0.7355293865711386
suggested,101,-0.03079945109494143,0.1826216685734125,-0.312984114481362,0.5617085033440484,0.7355293865711386
events,125,-0.03076325143692841,0.18313667613733947,-0.22338876547650385,0.5673078196403336,0.7355293865711386
older,98,-0.030676533660722802,0.18437477044283915,-0.3229100122002919,0.5607786948547347,0.7380977011559113
lead,42,-0.030571228069286614,0.18588655873109672,-0.780252008211045,0.5442512910541726,0.7393487965014266
grey matter,35,-0.030418476052565098,0.1880957435713527,-0.8994426551319303,0.5414781260445883,0.7419753601875321
mode network,96,-0.030366181802708347,0.18885648255839693,-0.32349976300934535,0.5598165118758591,0.7419753601875321
rate,57,-0.030350010049071348,0.18909219583968678,-0.5843300098622288,0.5490394008962726,0.7419753601875321
episodic memory,126,-0.030247981812958284,0.19058431868137668,-0.20793665231371633,0.566646338133815,0.7419753601875321
older adults,62,-0.030182934640978473,0.19154011885873362,-0.531845310009006,0.5503709658316438,0.7419753601875321
functional connectivity,286,-0.029884478908981972,0.19597080704196937,0.06297496694442507,0.595898577027881,0.7419753601875321
unique,59,-0.02986051659107755,0.1963297645947438,-0.5475387205596023,0.5490923225230837,0.7419753601875321
taking,32,-0.02985482891793669,0.196415037052365,-0.9380211178213358,0.5398015508342362,0.7419753601875321
working memory,128,-0.029853460159646957,0.1964355622116379,-0.19251538398093548,0.5664030641557503,0.7419753601875321
characterized,120,-0.029799396206820674,0.19724753208751372,-0.21605010446175535,0.5645517636270189,0.7419753601875321
dissociation,59,-0.0296389969597751,0.19967095966975928,-0.5396595140816284,0.5488361940480421,0.7419753601875321
insights,40,-0.029624784284294704,0.19988673856379677,-0.7718535212424791,0.542623730488593,0.7419753601875321
normal,118,-0.0295896314936863,0.20042116411727626,-0.21744635997075493,0.563756521265905,0.7419753601875321
temporal parietal,34,-0.02952456013741685,0.20141318840915487,-0.8783042399530103,0.5403044157743384,0.7419753601875321
generally,50,-0.0295117114676959,0.2016094909545987,-0.6285216730535029,0.5459012415126401,0.7419753601875321
self,179,-0.02939424675249117,0.2034105879042276,-0.06550103567657589,0.5758244638657743,0.7419753601875321
clear,53,-0.029354615756510986,0.2040208864675018,-0.5888801924462588,0.5466822795530104,0.7419753601875321
executive,98,-0.029317098769120337,0.20459985601278255,-0.28579711932444574,0.5587307987388379,0.7419753601875321
lateral,218,-0.02923462320638451,0.20587683076188704,-0.0021559149066132776,0.5825892332826221,0.7444168103501663
systems,169,-0.029025377870712323,0.20914252714212084,-0.07666098016573011,0.5731692003016943,0.7496300464134737
30,53,-0.0287471049412334,0.213543401661666,-0.5660437207605425,0.5460176266154251,0.7566063627840063
yielded,35,-0.028520314979594452,0.21717915605066893,-0.8112062394618988,0.5397988032884975,0.7610077210172561
variability,50,-0.028463239032311606,0.21810112867995918,-0.5879107945073734,0.5447880047103887,0.7610077210172561
state functional,103,-0.02839402131804849,0.21922299962641745,-0.24048308983006633,0.5584796945899928,0.7610077210172561
cortex hippocampus,32,-0.028306880990711436,0.2206412366919462,-0.8627056594627599,0.5384931389626432,0.7610077210172561
space,37,-0.028156349972215174,0.22310664269296976,-0.7577290096395722,0.5401925717055223,0.7610077210172561
suggests,184,-0.028135207709940477,0.2234544831946459,-0.03225105853810373,0.5741017607321843,0.7610077210172561
alterations,92,-0.028129851725867686,0.22354266337455148,-0.2793691166801432,0.5555554094281445,0.7610077210172561
partially,33,-0.02806043543750426,0.2246877740117643,-0.8295046386307623,0.5386591167524147,0.7610077210172561
performance,388,-0.027987512479065262,0.22589523592239721,0.16331702045649288,0.6062791231017908,0.7610077210172561
asked,63,-0.027728270762909863,0.23022522322816438,-0.43882143245697863,0.5477324854285864,0.7692236994502537
assess,95,-0.02772334463088847,0.23030806898623127,-0.25479367128066854,0.5556510284643305,0.7692236994502537
environmental,33,-0.02753859637071454,0.2334303968840846,-0.8045089868433547,0.5382110686758343,0.7692236994502537
occipital,165,-0.027486812592334424,0.23431092180336613,-0.052731598762699367,0.569337913787142,0.7692236994502537
standard,46,-0.027332080063954746,0.2369559751017777,-0.5903762668895672,0.5423714929667945,0.7692236994502537
comparisons,58,-0.027245981065829185,0.2384368802714558,-0.4631305181260767,0.5457925941176722,0.7692236994502537
temporo parietal,30,-0.027233740248099207,0.23864795149633825,-0.8546907451252143,0.5368430060846728,0.7692236994502537
appear,32,-0.027204317570958952,0.23915583231047405,-0.8090603992653389,0.5375611909027532,0.7692236994502537
studied,150,-0.027188602735462662,0.23942740650876204,-0.07654278387998749,0.5659972148772496,0.7692236994502537
anticipation,43,-0.027188053122423547,0.2394369085172558,-0.6231812212554323,0.5412859494158186,0.7692236994502537
continuous,32,-0.027168684730616184,0.2397719294747451,-0.8073266822223861,0.5375310720399005,0.7692236994502537
temporal lobe,213,-0.02714639606820343,0.24015787172089204,0.02842234084236753,0.5769077798115329,0.7692236994502537
acute,34,-0.027087749029025224,0.24117547142551576,-0.7633435738583405,0.538180142596502,0.7692236994502537
rely,48,-0.026999906638469975,0.2427053153376245,-0.5533811105924668,0.5426396901285974,0.7692236994502537
completed,60,-0.02695823278685358,0.24343347760015488,-0.4360215471436579,0.5460083096444321,0.7692236994502537
recruitment,92,-0.026924440378430156,0.24402505345552825,-0.24534763965146392,0.5537989695366526,0.7692236994502537
exhibit,36,-0.02688854547544732,0.2446545400925752,-0.7175357075351657,0.5386991655808739,0.7692236994502537
types,108,-0.02685872548378098,0.24517835675908328,-0.18194256298966718,0.5571617087594929,0.7692236994502537
working,130,-0.026757136623721228,0.24696876168314408,-0.11392454508978597,0.5614151214036998,0.7709176788742194
engaged,137,-0.02659216882026047,0.2498956158632811,-0.0926607833134318,0.5624595902016815,0.7758943548866769
unclear,102,-0.02643139592553817,0.25277125723739974,-0.19192960747564602,0.5552339733797382,0.7758943548866769
demonstrate,183,-0.026300951603858903,0.25512129937793554,0.0018519979742728158,0.5700525518847359,0.7758943548866769
contribution,48,-0.026243896064611364,0.2561539500017436,-0.523478053473077,0.5418536294814282,0.7758943548866769
frontoparietal,40,-0.02618778534976504,0.2571723261578849,-0.6226060366653837,0.5393686054160282,0.7758943548866769
subject,86,-0.02617740255853828,0.2573610750434985,-0.2508873074404869,0.551383718851377,0.7758943548866769
undergoing,33,-0.02615048596561413,0.2578508392685213,-0.738019667556057,0.5370192449189193,0.7758943548866769
resting,211,-0.02614642809101106,0.2579247308219474,0.043832964965838286,0.5742928594459341,0.7758943548866769
considered,49,-0.026098388923337795,0.2588006114840907,-0.5068550341236754,0.5419910561854469,0.7758943548866769
temporal cortex,79,-0.02607106549149818,0.2592997074561804,-0.28239137732781433,0.549641615417982,0.7758943548866769
context,168,-0.02604777794077473,0.2597256086054627,-0.017742043390818366,0.5669861923540668,0.7758943548866769
integrity,34,-0.026035880031704615,0.2599433936702722,-0.7137198832243452,0.5372631830956566,0.7758943548866769
somatosensory,45,-0.026028430231075376,0.2600798227012061,-0.5495924218054171,0.5407487369314511,0.7758943548866769
medial,512,-0.02586563440410987,0.26307349005035224,0.24402460738289294,0.6162681217961374,0.7778647799330559
memory wm,35,-0.025767186420197142,0.2648953474237947,-0.6832264808317025,0.5373630819442579,0.7813779028075093
alzheimer,73,-0.025591617826253663,0.26816590181454986,-0.30060891868316963,0.5476081243366195,0.7853884962882185
connectivity,394,-0.025453508007873972,0.2707580631791678,0.19820164785662553,0.5987880618992364,0.785773613195671
recruited,100,-0.025448809928368465,0.27084654145025155,-0.17282187741332578,0.5533145257089701,0.785773613195671
contributions,47,-0.025339163736938286,0.2729171169229563,-0.49857601145897423,0.5406299142884249,0.7880192847458481
resulting,47,-0.025323597017368884,0.2732119559165857,-0.4979536031249265,0.5406139026892457,0.7880192847458481
flow,30,-0.02524484169770467,0.2747069438569007,-0.7546929521373446,0.5352161439427878,0.7880192847458481
generated,43,-0.025204810106963543,0.27546898697200756,-0.5401877689269162,0.5393368951011676,0.7880192847458481
cortex posterior,32,-0.025173791305048047,0.2760604524819529,-0.7102650756394724,0.5358448769201105,0.7880192847458481
reflecting,58,-0.025168816371118063,0.276155394832766,-0.38859336343647416,0.54341200217274,0.7880192847458481
suggest,624,-0.02513855140096787,0.2767334552270497,0.2863953401387477,0.6284696708958416,0.7880192847458481
healthy control,36,-0.024922987896782604,0.28087454655137273,-0.6274688051957072,0.5369350695611674,0.7891499739681272
existing,31,-0.024888212932278386,0.28154651007626197,-0.7160803858951856,0.535266561491661,0.7891499739681272
aging,57,-0.024604580748437382,0.2870678786038518,-0.3763026422914351,0.5425135010880529,0.7989947953014656
recall,75,-0.024457254900269162,0.28996444966547663,-0.2535915115215475,0.5465909639969407,0.8024632613595156
positively correlated,71,-0.024377210880008483,0.2915464079843711,-0.27322376360402606,0.5455888342109074,0.8024632613595156
network,557,-0.024233013400933992,0.2944108723574742,0.2756035835259636,0.6156314235705533,0.8025790957347909
mind,52,-0.024203288460883602,0.2950036900184816,-0.40419926417943763,0.540788223163398,0.8025790957347909
event functional,90,-0.024197638832371433,0.29511645337408526,-0.1763205616948781,0.5494207575218159,0.8025790957347909
strategies,55,-0.02416094579330043,0.29584952759613764,-0.37649329163980755,0.5415090224884935,0.8025790957347909
auditory,97,-0.024136030804210284,0.29634798703274484,-0.14792695949270143,0.5507297107130964,0.8025790957347909
visual,358,-0.024015349952961826,0.29877032031003165,0.19764270864323877,0.5894074480027051,0.8025790957347909
conditions,220,-0.023892970462699562,0.3012401998246064,0.09443579489371681,0.5704485525935687,0.8054675479353439
issue,44,-0.02378391574537762,0.30345257393906033,-0.46908323526608214,0.5382171820863869,0.8054675479353439
aimed,81,-0.023780580478943023,0.3035204055115591,-0.20294354897712974,0.5469805958357656,0.8054675479353439
ventral striatum,44,-0.02369544247544523,0.3052553233558778,-0.46542417773214917,0.5381292047467733,0.8076820036433419
25,49,-0.02356854015738386,0.30785348097483656,-0.4078434732557902,0.5393326635922817,0.8086198922504237
selectively,50,-0.023470425342714065,0.3098722464380879,-0.3945222575189103,0.5394867838499593,0.8086198922504237
nodes,39,-0.02343113874421035,0.3106830333860874,-0.516144813890131,0.5364727131379268,0.8086198922504237
goal,72,-0.023387059025297138,0.31159440338253996,-0.23575028197041575,0.5445459495939237,0.8086198922504237
blocks,41,-0.023308575019754387,0.31322145461629236,-0.48488780579915863,0.5369220845085357,0.8086198922504237
engagement,52,-0.023202680441987512,0.31542559541743226,-0.3662158108990975,0.5397041729051227,0.8086198922504237
word,119,-0.02316678535156798,0.31617503789011764,-0.055976974160349656,0.5532530146959898,0.8086198922504237
wm,44,-0.02313162236408005,0.31691032650272105,-0.4421058327919154,0.537568545087008,0.8086198922504237
amplitude,41,-0.0230552126702646,0.3185119802067854,-0.4740238163650519,0.5366790820171018,0.8086198922504237
alzheimer disease,72,-0.023025485159100256,0.319136539097325,-0.22415006450480884,0.5440824558883056,0.8086198922504237
place,33,-0.022979682497674098,0.320100394762887,-0.5861408520076009,0.5342968109628632,0.8086198922504237
cerebellar,50,-0.022961102036815513,0.3204919373838911,-0.37479444568666315,0.5389459995343824,0.8086198922504237
features,95,-0.022960781339310614,0.32049869812802323,-0.12262610763311386,0.5485931765551018,0.8086198922504237
variation,35,-0.02283958645656732,0.323060321376196,-0.5471363823754446,0.5347730039420995,0.8086198922504237
dorsal anterior,51,-0.022812835287385626,0.3236275367492012,-0.3601058974764706,0.5390363036959299,0.8086198922504237
identification,48,-0.022773791883290442,0.32445655219648006,-0.3862224023852123,0.5382455948416597,0.8086198922504237
premotor cortex,42,-0.022644657852776764,0.3272083096211085,-0.44452880874039635,0.5365545801492778,0.8118153394884019
life,72,-0.02261849310410499,0.3277677018011358,-0.21109271499451923,0.5435607415904472,0.8118153394884019
structures,176,-0.0226129408064133,0.3278864874819336,0.06413637835103869,0.5612542863819774,0.8118153394884019
drug,35,-0.0225596060626237,0.32902895080735367,-0.5341214350291662,0.5345253023884727,0.8130114155219781
experiment,118,-0.022477668919459293,0.33078911136105754,-0.04150470717322145,0.5519335628205128,0.8143315729618125
conclusion,60,-0.022383328151540777,0.3328232493826981,-0.27470347826989994,0.540672541103955,0.8143315729618125
grey,38,-0.02232868028046621,0.3340052282761166,-0.48075987111058144,0.5351670239480297,0.8143315729618125
similarity,30,-0.022317270429126145,0.3342523528845389,-0.6075005950337207,0.5328214743586723,0.8143315729618125
resting state,182,-0.022300521556773104,0.33461532801863747,0.07851541302155794,0.5614704348087807,0.8143315729618125
connections,55,-0.022289846668062187,0.33484680250741194,-0.3074868309426673,0.5394225159803337,0.8143315729618125
angular gyrus,37,-0.022118731748451925,0.33857132699609416,-0.4849083110175268,0.5346975440250565,0.8201541182439765
explored,65,-0.022003447997634346,0.34109554179865614,-0.22984187289758592,0.5413142634630864,0.8230299109158642
lobe,279,-0.021972229778459768,0.34178115193769265,0.177659358504584,0.5734989466104085,0.8230299109158642
parietal cortices,30,-0.021628778549054865,0.3493820747274668,-0.5728846170173749,0.5322583076881245,0.8348606553080747
shown,155,-0.021249412335942474,0.3579014602900098,0.06075355050860996,0.5554863179392355,0.8486394241107347
attentional,78,-0.02120463251845577,0.35891562502908547,-0.13795452724246163,0.5429054754962653,0.8492501857232708
lateral temporal,33,-0.020930531136269213,0.3651626969736176,-0.48798822766602645,0.5325374211729273,0.8592473384894475
research,152,-0.020872525216069162,0.3664933633466683,0.0640324237845614,0.5543349898090169,0.8606013598280884
higher,219,-0.020703966074219548,0.37037725920648307,0.1495703023467593,0.5628651871011723,0.8629446415778138
stages,40,-0.020679927657727304,0.370933219818525,-0.38343403760343797,0.5341522041278723,0.8629446415778138
ventral,202,-0.020627714876011366,0.3721425791307423,0.13398171068773226,0.5605463369063747,0.8639684147022728
employed,62,-0.020543961514160068,0.3740875794098091,-0.1976718355435493,0.5389367741004859,0.8639684147022728
robust,59,-0.020442871915146182,0.3764435300584443,-0.21256359216322368,0.538203323858959,0.8639684147022728
mild,59,-0.020429028194119563,0.3767668765275147,-0.2120711864303734,0.5381873172814173,0.8639684147022728
learning task,33,-0.02019614921909972,0.3822318392096887,-0.45281195235673827,0.5319068850049716,0.8679408061612267
interact,35,-0.020028295950268633,0.3862008043792765,-0.4164529534424243,0.5322858261211884,0.871658871787888
better,109,-0.019913609498513264,0.3889270187787287,0.0006802789634705067,0.5463023402036046,0.8734918290604234
activations,181,-0.019835050135756923,0.39080119257051976,0.12553895576621676,0.5561578439885972,0.874716972367921
predict,55,-0.01974673511807167,0.39291463721360215,-0.2136964353106239,0.5365866326599585,0.8766390970130357
faster,44,-0.019734455427893052,0.3932090464987511,-0.3016065692133976,0.5341904207168142,0.8766390970130357
cognitive,483,-0.019643366994269156,0.3953970856270753,0.3007881554660749,0.5887973413201051,0.8766390970130357
premotor,66,-0.01952718278130299,0.39819859665562185,-0.14086111117693725,0.5384925963518021,0.8766390970130357
manner,35,-0.01951849726446797,0.3984085065374536,-0.3927548545882816,0.5318348019450626,0.8766390970130357
dmn,49,-0.019496327668815882,0.3989445988600613,-0.24846789314012444,0.5350535384275323,0.8766390970130357
sentences,31,-0.01929246700304302,0.4038945484917021,-0.43938764792433527,0.5306124785415274,0.8766390970130357
intact,37,-0.019223456386441587,0.4055784854458266,-0.3540800576082681,0.5320624621654253,0.8766390970130357
intraparietal sulcus,33,-0.019146878623232874,0.4074519667008615,-0.4025527745485306,0.5310059871952645,0.8766390970130357
network dmn,46,-0.019142163658714767,0.40756748692770856,-0.25928585697977763,0.5340398962185176,0.8766390970130357
work,65,-0.019072394841398985,0.40927915517044916,-0.1306801069241303,0.5377512370461298,0.8766390970130357
predictive,54,-0.01905674640594862,0.40966365082926787,-0.1949221778864688,0.5356173508089285,0.8766390970130357
functional networks,30,-0.019025036174035025,0.4104434566248411,-0.4419737211552757,0.5301285208790882,0.8766390970130357
forms,35,-0.01900458728458547,0.4109467948690467,-0.36886564136628497,0.5313801404644918,0.8766390970130357
connected,38,-0.018967190418653586,0.41186824505642294,-0.33091761664601793,0.5320657136704406,0.8770872990579784
evaluate,48,-0.01892406610345771,0.4129323371236738,-0.2339512915450932,0.5342428493212185,0.8778371925404995
purpose,41,-0.018812773329563333,0.41568599385512794,-0.29211116728743897,0.5326101138707939,0.8812240185663026
action,69,-0.01880192891142692,0.415954889542245,-0.10213407979687246,0.5381412921730552,0.8812240185663026
compensatory,42,-0.018735664583489332,0.4176001922587264,-0.2789666940768559,0.5327589421493495,0.8831921733362087
requires,41,-0.018693171404684145,0.4186572853573261,-0.2869827255485504,0.5324954024080037,0.8834937275824001
recently,64,-0.01865855601800746,0.41951956628727505,-0.12176764217604474,0.5370668010859929,0.8834937275824001
intraparietal,40,-0.018643602092794195,0.4198923960772802,-0.29500908486545085,0.5322236337300973,0.8834937275824001
memories,95,-0.01852814669850999,0.422777462067075,0.00038549035454862906,0.5420242604174808,0.8851585291839777
remembered,48,-0.018508007158851127,0.42328190616816685,-0.21749459792756376,0.533810252774865,0.8851585291839777
components,93,-0.018460838472964303,0.4244647382732842,-0.003517033416096883,0.5416198006592237,0.8851585291839777
required,75,-0.018411119903127555,0.42571360032794525,-0.06369335772158519,0.5386741426878818,0.8851585291839777
binding,37,-0.01832437361353771,0.4278976712988778,-0.3134533765012616,0.531244178441441,0.8851585291839777
using event,46,-0.018317254989441777,0.428077190714381,-0.2259376106810743,0.5332007171541082,0.8851585291839777
associative,78,-0.01829213803515592,0.4287109467711344,-0.04832957670938608,0.5390130778673232,0.8851585291839777
search,38,-0.01825629928533537,0.4296161807411881,-0.29922883147210405,0.5314098455677125,0.8851585291839777
physiological,36,-0.01822465509124327,0.4304163880212445,-0.3205339724631307,0.5309232882889299,0.8851585291839777
procedure,33,-0.018134184342388282,0.43270894332110116,-0.35404557142398724,0.5301364936031352,0.8851585291839777
scans,58,-0.01801667888722215,0.4356970836399527,-0.13194545325591184,0.5352150975524357,0.8851585291839777
state,271,-0.01794178202698166,0.4376078851367058,0.23472925775088543,0.5618753287684906,0.8859942896117541
early,154,-0.0178425467677786,0.44014702447613174,0.13216590208000092,0.5488047860151514,0.8875120908536749
cued,37,-0.01780005858250013,0.4412367491429868,-0.28976125358717764,0.5307669827158986,0.8875120908536749
exhibited,123,-0.017633610595664546,0.445520604692285,0.0878989350867098,0.5445380992865306,0.8884101053784572
distributed network,30,-0.017614794010068702,0.4460063708266545,-0.3710695999032921,0.5289749831146849,0.8884101053784572
middle temporal,96,-0.017532268485274883,0.44814039365375746,0.030699225142598114,0.5406921570600062,0.8912211377017467
tool,30,-0.01741276643665002,0.4512408382387811,-0.3609120624760786,0.5288097303365851,0.8916387748384613
remain,57,-0.017293582184430063,0.45434508116545314,-0.11158999750848153,0.5342093619836894,0.8916387748384613
low,147,-0.017287640132403803,0.45450016047689235,0.13456871061329986,0.5469115115264768,0.8916387748384613
perceptual,110,-0.017210215591373063,0.45652355588275045,0.0725920872158127,0.5421273533291616,0.8916387748384613
psychophysiological,32,-0.01720273860059035,0.4567192253964898,-0.32243323874252,0.5291072988632687,0.8916387748384613
depend,34,-0.01717267299661922,0.4575065040627091,-0.2955831712816192,0.5295367438532367,0.8916387748384613
underlie,69,-0.01710563745138813,0.45926459196295366,-0.04649595476486421,0.5360144053989784,0.8916387748384613
vs,123,-0.016982810333523866,0.462495671377265,0.10364587568655236,0.5434319464060162,0.8916387748384613
encoded,50,-0.01696269056288138,0.46302614547206666,-0.14245571019252146,0.5325770648991263,0.8916387748384613
theory,71,-0.016887003347243825,0.465024732957108,-0.031165177217671588,0.5360568543809401,0.8918361893714128
report,61,-0.016720977389955777,0.46942553682242244,-0.07002639605960628,0.5342357369145154,0.8918361893714128
recognition task,35,-0.0165848410906869,0.4730511645952068,-0.2563832319326817,0.5292393659510736,0.8973416706859846
specifically,147,-0.016386380962678446,0.4783640939145464,0.15437919755202448,0.5452252685733832,0.9044980069765504
temporal,740,-0.016262772348897798,0.48168958627957537,0.3854615434542362,0.5988150253176768,0.9044980069765504
explained,31,-0.01624086355034351,0.4822803159039438,-0.28849507252749146,0.5280744048370769,0.9044980069765504
behaviorally,40,-0.016090447136129567,0.4863466171114111,-0.18414144647618133,0.5298055827292407,0.9044980069765504
contexts,36,-0.016012106172182253,0.48847177019839966,-0.2191492918119938,0.5289375165242721,0.9044980069765504
involving,99,-0.015953129128908526,0.4900749332201365,0.08136961096606539,0.5387279940173183,0.9044980069765504
direct,89,-0.015784619091116087,0.4946710550014473,0.06123480509690023,0.5371696824721324,0.9044980069765504
prediction,41,-0.01578273267985482,0.49472263697662516,-0.16218527391916365,0.5297039700474993,0.9044980069765504
experiments,45,-0.015773869328049687,0.4949650346667095,-0.130339963932832,0.5304336135830279,0.9044980069765504
virtual,45,-0.015758644921641272,0.4953815444102224,-0.12971752189296895,0.5304182992627469,0.9044980069765504
single,123,-0.015718421946761842,0.49648286489314025,0.1342393618599926,0.5412828894103948,0.9044980069765504
common,139,-0.015607080742818151,0.4995382205947419,0.1609586769317923,0.5428959796961736,0.9044980069765504
characteristics,45,-0.015545528686784434,0.5012315655476303,-0.12100437404380908,0.5302039243840087,0.9044980069765504
aged,50,-0.015359904036304533,0.5063565849173169,-0.08037437474727632,0.5308752739055616,0.9044980069765504
sleep,30,-0.015359893621905214,0.5063568732250789,-0.25769777297973634,0.5271305390757985,0.9044980069765504
established,63,-0.015336191969122295,0.5070132430461668,-0.012741510697323077,0.5329102683822814,0.9044980069765504
cross,54,-0.015218695947293985,0.5102736443047575,-0.05203033187139185,0.5313777026304591,0.9044980069765504
reading,43,-0.015192939208534217,0.510989830300861,-0.12121756525002705,0.5294976166969588,0.9044980069765504
details,38,-0.0151237047979031,0.5129175443767526,-0.15958985006312806,0.5285197141442153,0.9044980069765504
influence,92,-0.015050981830862474,0.5149464607070109,0.08976833390044996,0.536497808163602,0.9044980069765504
ad,46,-0.01500228915804068,0.5163072746090811,-0.09192483916446771,0.5298284045229463,0.9044980069765504
location,63,-0.0149307122116237,0.5183110119535003,0.0012002004735855222,0.5324252723559053,0.9044980069765504
known,259,-0.014880690284356806,0.5197137150736836,0.27627022353988806,0.5527825343464702,0.9044980069765504
differential,120,-0.014866510873521394,0.520111686445874,0.15007191946109136,0.5395035065741444,0.9044980069765504
requiring,31,-0.014803366125783923,0.5218858649406205,-0.21741516588816567,0.5268788122674517,0.9044980069765504
baseline,77,-0.01478798122190974,0.5223186053750205,0.05642942548468062,0.534197392934925,0.9044980069765504
body,50,-0.014744364653730954,0.523546435693884,-0.05653245552992196,0.5302217125235068,0.9044980069765504
17,47,-0.014721393211917864,0.5241936886525806,-0.07404283770198476,0.5297086996378618,0.9044980069765504
testing,45,-0.014710309177524878,0.5245061435427685,-0.08685685320584867,0.5293637721490669,0.9044980069765504
unknown,101,-0.014513656420119507,0.5300655183412771,0.12459903393978784,0.536781318916222,0.9080458365235323
hemisphere,62,-0.014385067039392985,0.5337168470237293,0.01585082277496815,0.5316308111778876,0.9080458365235323
05,41,-0.014360599639130039,0.5344130403092627,-0.10120526501318304,0.5283399873060125,0.9080458365235323
22,53,-0.014281901846508049,0.5366554015873338,-0.02229339962445283,0.5301918347317278,0.9080458365235323
language,94,-0.014264107509423894,0.5371630760014315,0.11650650106906422,0.5355877358235328,0.9080458365235323
interpretation,32,-0.01416805421502896,0.5399076452487119,-0.17478056809883197,0.5265422144655499,0.9080458365235323
conducted,82,-0.014155840610256251,0.5402571313468091,0.09018581848710383,0.5339857945035925,0.9080458365235323
functionally,58,-0.014134772944966522,0.5408602375037367,0.007353189959586739,0.5307661320752887,0.9080458365235323
method,78,-0.014129028977266535,0.5410247289471523,0.07978000273070632,0.5334492988047802,0.9080458365235323
complex,170,-0.01411967933881882,0.5412925302877505,0.22788940700100396,0.5431670080259446,0.9080458365235323
bold signal,79,-0.014053683093412442,0.5431847376016936,0.08496409555502185,0.5334738815139464,0.9086104707367922
value,68,-0.014008844664730555,0.5444721947634517,0.05158396443851248,0.5319989320512523,0.9086104707367922
critical,120,-0.01400520547595489,0.5445767541561147,0.1711892633858805,0.538058762405972,0.9086104707367922
according,66,-0.013648893058070528,0.5548621551069082,0.056443023050545216,0.5312901224253563,0.9188907361372385
superior parietal,42,-0.013587169709068054,0.556653471356717,-0.06090653382005195,0.5277597463356019,0.9198971769550149
negatively correlated,45,-0.01342441262188512,0.5613904195141288,-0.03428363270229763,0.5280702812126756,0.9198971769550149
multivariate,35,-0.013372128937514821,0.5629162289232357,-0.10703963353520345,0.5263970462425843,0.9198971769550149
literature,50,-0.01331032745313906,0.5647223733035551,-0.0009873514161223085,0.5286990945379312,0.9198971769550149
associations,108,-0.01329664242853925,0.5651226936443865,0.16975375721163719,0.5356536665274766,0.9198971769550149
conjunction,43,-0.013167626554033453,0.5689034074348526,-0.03646361027257241,0.5275072179727477,0.9198971769550149
production,31,-0.013102728605301265,0.5708097466733905,-0.13332377614513521,0.5254643613276612,0.9198971769550149
overlapping,40,-0.013078202586021137,0.5715309747077215,-0.05333840271664987,0.5269527355371026,0.9198971769550149
recruit,40,-0.013073329595771302,0.5716743245771922,-0.05312679906153965,0.5269481204083108,0.9198971769550149
circuits,89,-0.013027151885274238,0.5730335921259817,0.14042882999423653,0.5332210728273912,0.9198971769550149
course,50,-0.012931691933129177,0.575848357927659,0.013678481082121507,0.5282970706207645,0.9198971769550149
time,262,-0.012732998530615922,0.5817279283029778,0.3120220572530041,0.5474863535149462,0.9198971769550149
improved,33,-0.012690111682782203,0.5830006699450891,-0.09327907622462578,0.5254622435533911,0.9198971769550149
able,38,-0.012665451182203042,0.5837331002368198,-0.050010384122530734,0.5262517295550309,0.9198971769550149
dorsal,195,-0.012650825298199138,0.5841676991800115,0.2765074490628967,0.5422149066701105,0.9198971769550149
analyses,249,-0.01256013227752383,0.5868659388318077,0.3087979510475189,0.5460966714187988,0.9198971769550149
primarily,54,-0.012470148059084106,0.5895487781261212,0.05029898501435343,0.5283415580635193,0.9198971769550149
corrected,40,-0.012452627017176107,0.5900718166460277,-0.02617354702670127,0.5263602632210733,0.9198971769550149
parahippocampal gyrus,113,-0.012428840425925533,0.5907822360758767,0.19991565428628816,0.5347571334083077,0.9198971769550149
factor,48,-0.012409768666527415,0.5913521243771543,0.0237136341648659,0.527469620167835,0.9198971769550149
anatomical,57,-0.012405225087354812,0.5914879294979114,0.06540496760898382,0.5286569607664657,0.9198971769550149
large scale,38,-0.012351463844887056,0.5930959098143874,-0.03601403951615994,0.5259620448627421,0.9198971769550149
type,77,-0.012319737256562838,0.5940457791571513,0.1328965417911738,0.5309208387025376,0.9198971769550149
occipital cortex,41,-0.012292799350779048,0.5948528244023521,-0.012539523912639143,0.5263567383234035,0.9198971769550149
sensory,106,-0.012248175441082762,0.5961908326173286,0.19377900258724137,0.5337993249955502,0.9198971769550149
simultaneous,37,-0.012142741021022245,0.5993576196751754,-0.03412512817361346,0.5256180787200894,0.9198971769550149
temporal gyrus,132,-0.012130347224557062,0.5997303744846083,0.23196909870162144,0.5359804017438383,0.9198971769550149
males,31,-0.012098082623830279,0.6007012534363619,-0.08364706622656963,0.524628779120675,0.9198971769550149
simultaneously,36,-0.011943390557489775,0.605365940579196,-0.03271028036136693,0.5252858275078289,0.9198971769550149
relation,53,-0.011908464502133039,0.6064213637548699,0.06692465765058728,0.5275951532185059,0.9198971769550149
caudate,116,-0.01186254800546072,0.6078101541358252,0.2184134215923953,0.534107977225064,0.9198971769550149
cerebellum,102,-0.01183694262747315,0.6085852294357993,0.1981718355159768,0.532778924178189,0.9198971769550149
bias,35,-0.011824354350617697,0.6089664380104218,-0.03509100717377878,0.5250277140388596,0.9198971769550149
eeg,34,-0.011797034389377108,0.6097941286123727,-0.0419783707927255,0.5248505681920288,0.9198971769550149
participated,41,-0.011714988340984191,0.6122828073195693,0.01223658318442051,0.5258025537129402,0.9198971769550149
correlates,226,-0.011656514544777319,0.6140592100170688,0.31270622376347046,0.5422488921698034,0.9198971769550149
parallel,34,-0.011627760247040878,0.6149335818554846,-0.033992578176891095,0.5247030046328232,0.9198971769550149
selection,33,-0.011618550040678317,0.6152137650805336,-0.041952176075993164,0.5245422067772342,0.9198971769550149
typically,87,-0.01161056414148976,0.6154567491130885,0.17711309479186976,0.5309954905537144,0.9198971769550149
poorer,30,-0.01150742375116983,0.6185987429726264,-0.06400338643127015,0.5239793288824938,0.9198971769550149
remembering,33,-0.011499922664566425,0.6188275235514972,-0.03627002467251946,0.5244403539818433,0.9198971769550149
behaviors,49,-0.011481027448631232,0.6194039847439293,0.06522966708772546,0.5266309737967572,0.9198971769550149
test,206,-0.011440672637727014,0.6206359249640214,0.30579378110594735,0.5403502769535703,0.9198971769550149
fronto parietal,37,-0.011385310963024507,0.6223277212938622,0.00010071882793488846,0.5249287176209836,0.9198971769550149
processes,381,-0.011346147083731696,0.6235257350989617,0.37052968128579283,0.5513234911563921,0.9198971769550149
contextual,47,-0.01119110670278987,0.6282781346651511,0.0671095569989458,0.5260775214490585,0.9220338996437399
external,47,-0.011173023795108225,0.6288334328221714,0.06783257075882651,0.5260589217518968,0.9220338996437399
midline,34,-0.01116814075634209,0.6289834193967607,-0.012309254993215816,0.5243023345305162,0.9220338996437399
various,54,-0.011161929879355877,0.6291742137237842,0.09900436622431734,0.5268964533463008,0.9220338996437399
focus,51,-0.011037601390935254,0.6329986986690691,0.09137121783265104,0.5264058413367609,0.9246120446177677
tests,51,-0.011006166524759865,0.633967230678999,0.09257646970499579,0.5263721233743421,0.9246120446177677
pcc,32,-0.010987170168705748,0.6345528267574876,-0.020014548053344017,0.5238535539653025,0.9246120446177677
large,92,-0.01094333092317522,0.6359051207103544,0.20570249305267108,0.5305124306989532,0.9246120446177677
event,245,-0.010864225555292446,0.6383483252681954,0.3349136877194197,0.5415862046501674,0.9270712427039869
correct,55,-0.010792734683189663,0.6405597342185442,0.1165286557909448,0.5266018168212635,0.9277416780035593
frontal gyri,37,-0.010606304389471138,0.6463415152131841,0.035301539706524075,0.5242197190513005,0.9277416780035593
patient,60,-0.01056646215774183,0.6475799344603224,0.14197712039121052,0.5268903823830803,0.9277416780035593
deficit,58,-0.01055671061325846,0.647883191190656,0.13574868319449065,0.5266653949565528,0.9277416780035593
understood,68,-0.01040305310320017,0.6526693640398248,0.17075288003566214,0.5275119518405068,0.9277416780035593
capacity,34,-0.010397846541072718,0.652831791643397,0.02403067130278916,0.5236308358924379,0.9277416780035593
frequency,56,-0.010343097936853363,0.6545407623630565,0.13663645638596447,0.5262079974195635,0.9277416780035593
13,42,-0.010328554555804165,0.6549950368717176,0.07710936400403691,0.5245956264073204,0.9277416780035593
phonological,31,-0.010271455952421673,0.6567797917631172,0.006674106563291242,0.5231095407286589,0.9277416780035593
lower,108,-0.01026862933828278,0.6568681953747829,0.248277171131668,0.5308515551439186,0.9277416780035593
identify,136,-0.010160820550142124,0.6602435353147446,0.2816276071605339,0.5327942613881174,0.928264149257764
perform,34,-0.010146036397303479,0.6607069471615001,0.03591023872490804,0.5234113221465942,0.928264149257764
directly,71,-0.010117677575111044,0.6615962231537422,0.1875969091495636,0.5274422630708605,0.928264149257764
field,35,-0.009993378964438773,0.6654995957705185,0.05002226775164128,0.5234078311555589,0.9314854512505036
potential,123,-0.009970280861423342,0.6662259528356499,0.27332295093631803,0.5315128828676261,0.9314854512505036
handed,33,-0.009930182498269746,0.6674876532305036,0.038919207200896526,0.5230925839373985,0.9314854512505036
object,105,-0.009836498604219743,0.6704390874335363,0.2556452999434119,0.5299350052980906,0.9330151182906887
versus,165,-0.009774729228598227,0.6723878682898792,0.31282671013889124,0.5340441039751102,0.9334673475590828
learning,220,-0.009666134706250502,0.6758192809505884,0.34459856811507694,0.537174181306568,0.9334673475590828
possibility,34,-0.0096253772641266,0.6771088943442279,0.06047320979482998,0.5229574411594327,0.9334673475590828
maintenance,53,-0.00961818327129153,0.6773366191083493,0.15301685743561058,0.525089449435636,0.9334673475590828
scores,94,-0.009589675772578552,0.6782393093004742,0.24695312660847987,0.5286989814411143,0.9334673475590828
healthy young,33,-0.009586662635915635,0.6783347472935427,0.055373519282750555,0.5227976397230035,0.9334673475590828
affects,32,-0.009526438499636171,0.6802433642283436,0.051057400337109926,0.5226188621365867,0.9336421080485977
medial prefrontal,153,-0.009439183596160982,0.6830122693275096,0.311547388215498,0.5326153576231314,0.9341599544451162
local,49,-0.009427484646158692,0.683383843397806,0.14559987771774638,0.5244730886894305,0.9341599544451162
spatial,175,-0.009403454862995188,0.6841473013052217,0.3266681939166069,0.5339204514013973,0.934167909755635
retrieved,46,-0.00921139205172562,0.6902609293794246,0.1421813960894788,0.5239373285811074,0.9349983934647983
monitoring,58,-0.009193797454621485,0.6908220084723692,0.18465557497465745,0.525103390703662,0.9349983934647983
process,136,-0.009133313050982264,0.6927521059481543,0.30518343571902196,0.5309509974732988,0.9355567871128961
clusters,36,-0.009035463684304629,0.6958787637572544,0.10053840618964172,0.5226759511662422,0.9356808596046303
sample,89,-0.009035442570727671,0.6958794389760309,0.2550700943289177,0.5275050658101438,0.9356808596046303
lesions,33,-0.008973671749815833,0.697855918426871,0.08473526644373815,0.5222713292089826,0.9362963519263677
target,104,-0.008913832395301625,0.6997725517364415,0.2787402076680697,0.5284230504344074,0.9368008261934471
contrasted,32,-0.008842182998180948,0.7020699719795195,0.08434987472858102,0.5220404912459641,0.9368531119596835
reports,37,-0.008805709426766796,0.7032405353655025,0.11666467951666948,0.5225809405140247,0.9374006271412589
play,91,-0.008773313952325478,0.7042808083019656,0.265522289479441,0.5272772027614981,0.9375133249713701
indicated,115,-0.008742769292272527,0.7052621551016621,0.29529065083231565,0.5289024195683139,0.9375133249713701
fluctuations,42,-0.008708414909283257,0.7063664873466365,0.1457290129647368,0.5230224685163,0.9375133249713701
varied,52,-0.008460808889899403,0.7143440105886554,0.19339112687187315,0.5237329540444803,0.9427288596698208
lobe mtl,57,-0.008405730168179802,0.716122856542247,0.2102164962369555,0.5241141665277237,0.9427288596698208
participant,30,-0.00837780503397862,0.7170253278154193,0.09334750738408833,0.521419390262938,0.9427288596698208
affected,73,-0.008373102275272725,0.7171773482321914,0.24785629315052699,0.5253771635016057,0.9427288596698208
novel,183,-0.008328642958970484,0.7186150834486755,0.3522068044877593,0.5321371588676052,0.9428234727242776
characterize,46,-0.008287206703050554,0.7199559550355766,0.1795430602121646,0.5229971554139063,0.9431984230679521
parietal cortex,117,-0.008260133958299382,0.7208324908339888,0.30929067196109217,0.5282360684387778,0.9431984230679521
environment,71,-0.008208992544679015,0.7224892989406563,0.2492792588444383,0.5250132853513173,0.9431984230679521
engage,54,-0.008196651490381249,0.7228893023513501,0.20940262896568898,0.5236209004957325,0.9431984230679521
mean,59,-0.008130628294717883,0.7250305567298445,0.22536919565376756,0.523967492188875,0.9447514366562989
correlation,127,-0.008043146320139197,0.7278710692518774,0.3232606192295853,0.5284737734540487,0.9447514366562989
potentially,52,-0.008034118547536627,0.7281644117333096,0.209588451276878,0.5232706813391782,0.9447514366562989
cognitive impairment,61,-0.007999657813171602,0.7292845215879007,0.23488533810198384,0.5239767100067066,0.9447514366562989
seed,55,-0.007901657353542618,0.7324730728908218,0.22315208980878753,0.523377908700878,0.9447514366562989
comprehension,46,-0.007885580200914618,0.7329966030558043,0.195779450993607,0.5225885810288153,0.9447514366562989
probability,31,-0.007877056085275266,0.733274229424232,0.12506994930097398,0.5211180751155997,0.9447514366562989
words,135,-0.007763772733691261,0.7369671114036571,0.3358710616827339,0.5284388657499779,0.9463005859893148
sustained,44,-0.007639281066497852,0.7410323769940969,0.1986229227576903,0.5221630449535748,0.9463005859893148
active,103,-0.007622915177998766,0.7415673442564812,0.31185913628937745,0.5263558948777948,0.9463005859893148
substrates,91,-0.007538030766841973,0.7443440385825156,0.30058774282452716,0.5254875469822481,0.9463005859893148
determined,42,-0.00749377808932914,0.7457929294631527,0.19717393154257282,0.5218430544441006,0.9463005859893148
directed,54,-0.0074764722810417746,0.746359789138607,0.23621513124849378,0.5228253647137152,0.9463005859893148
cingulate,487,-0.007434977351554451,0.747719532803583,0.4341007817625916,0.5428195386791623,0.9463005859893148
overlap,48,-0.007401476536692713,0.7488178907442972,0.22181039472293648,0.522262257349222,0.9463005859893148
caudate nucleus,46,-0.007369476770414331,0.7498675110268528,0.21664375386376308,0.5220635493373345,0.9463005859893148
representing,37,-0.007323374091469643,0.7513805327318018,0.18364668248204505,0.5212318201494527,0.9463005859893148
particularly,99,-0.00728859812095898,0.7525224612079076,0.3166493850092824,0.5256053474650487,0.9463005859893148
dissociable,32,-0.0072760125645978955,0.7529358630262776,0.16055194974566495,0.5207166766962644,0.9463005859893148
input,34,-0.007020881389234963,0.761331350804755,0.18334468702475223,0.5206869899497494,0.952735208921457
genetic,44,-0.007004266141862448,0.7618790883994782,0.2248857267200947,0.5215315895577575,0.952735208921457
thinking,37,-0.006882040411378382,0.7659120245793488,0.2035891429798024,0.5208301483811256,0.9547755640222211
outcomes,46,-0.00684301126634531,0.7672011648590987,0.2379269600554716,0.5215279763150048,0.9547755640222211
does,47,-0.006842801926725355,0.7672080811270647,0.24096899601161909,0.5216049469369646,0.9547755640222211
especially,77,-0.006836234680092874,0.7674250625390103,0.3027774916359966,0.5236415770786915,0.9547755640222211
coupling,63,-0.006806138839050758,0.768419660019032,0.2805494238381032,0.5227074363139591,0.9547755640222211
ventrolateral prefrontal,33,-0.006778965588800648,0.7693180000748723,0.18985984309510598,0.5203869668898652,0.9547755640222211
adult,68,-0.006717727724284112,0.7713436397541696,0.2925503332533088,0.5229260012210163,0.9547755640222211
chronic,44,-0.006437732932417937,0.7806250309681178,0.24831627935848452,0.520968232007982,0.9583647597898715
scanning,106,-0.006295778618063124,0.7853426462730493,0.34967609905141595,0.5244525533749606,0.9583647597898715
bold,172,-0.006289656803331116,0.7855462732679014,0.3876844567018868,0.5273889860832291,0.9583647597898715
scale,86,-0.006222530049091228,0.7877800373809761,0.33261347371953237,0.5233182450371927,0.9583647597898715
previous,284,-0.006098457627120777,0.7919133533400418,0.4220291720050551,0.5310952805138017,0.9583647597898715
parametric,38,-0.005898513050845359,0.798586522215071,0.2516336210978466,0.5200085529763956,0.9583647597898715
status,37,-0.005792155303310942,0.8021422549333871,0.25283757267189805,0.5198382094052914,0.9583647597898715
source,50,-0.005754385289849319,0.8034059649620938,0.29167980810006455,0.5206764202090883,0.9583647597898715
presented,232,-0.00570788373465983,0.8049625203967681,0.41718526578575466,0.5283256998806853,0.9583647597898715
circuitry,81,-0.005692875412817736,0.8054650620655626,0.34280055943053767,0.5223262328792564,0.9583647597898715
significance,62,-0.005676519453879213,0.8060128197208125,0.3177673823410465,0.521300332870439,0.9583647597898715
form,83,-0.005656951947373668,0.8066682563726042,0.3460474627657259,0.5223762375526662,0.9583647597898715
lexical,35,-0.005566341036305352,0.8097051374649539,0.2558140545373871,0.5194911848600173,0.9583647597898715
facilitate,34,-0.00550940295338052,0.8116149217205004,0.25465122661462014,0.5193693691095019,0.9583647597898715
respectively,114,-0.00546284847325571,0.8131772584068612,0.3769150640594531,0.5234826497520472,0.9583647597898715
internal,40,-0.005461872440594153,0.8132100213741734,0.2773914396739564,0.5197394347216042,0.9583647597898715
mechanisms,266,-0.005430090599044248,0.8142770362055527,0.4289481607325458,0.5287298321589075,0.9583647597898715
learned,71,-0.005417259142761802,0.8147079256283376,0.3394987938679519,0.5214605471446232,0.9583647597898715
free,43,-0.005388919676204997,0.8156597833547681,0.289054610848107,0.5198626065537476,0.9583647597898715
difference,79,-0.005386446332610343,0.8157428702164574,0.34991005078726345,0.5218133074396583,0.9583647597898715
mean age,31,-0.005372206491728882,0.8162212684530535,0.2489271974691781,0.5190347464703395,0.9583647597898715
end,32,-0.005298686349652311,0.8186923184209814,0.25675882310606535,0.519045330362099,0.9583647597898715
sessions,45,-0.005279277431645177,0.8193449636082859,0.29872603787316215,0.5198770416413823,0.9583647597898715
al,31,-0.005241851166562772,0.8206038136820373,0.2553728746470585,0.5189263275921441,0.9583647597898715
et,31,-0.005241851166562772,0.8206038136820373,0.2553728746470585,0.5189263275921441,0.9583647597898715
et al,31,-0.005241851166562772,0.8206038136820373,0.2553728746470585,0.5189263275921441,0.9583647597898715
substrate,36,-0.005236338220680295,0.8207892833236855,0.2746241037147463,0.5192662204203751,0.9583647597898715
ventrolateral,55,-0.00513766334762494,0.8241106431069959,0.32508866877661957,0.5202957141746378,0.9607768867962123
behavior,132,-0.005128667971446104,0.8244135816953712,0.3950853658884745,0.5236202712796222,0.9607768867962123
cingulate gyrus,45,-0.005008182288942729,0.8284736976780168,0.3098096236034676,0.5196043454369734,0.961388147669738
disease ad,41,-0.004979369362266572,0.8294453163023116,0.3010549240480594,0.5193423507803655,0.961388147669738
comparable,33,-0.004974297522799284,0.829616373982645,0.276301923499565,0.5188374890770747,0.961388147669738
paradigms,39,-0.004860312283240822,0.8334628625725191,0.30076650803924626,0.5191105651514168,0.9634644113605099
connectivity analyses,35,-0.004829826105728586,0.8344923132810476,0.2900511055900937,0.5188395824745661,0.9634644113605099
task performance,57,-0.004823062098014841,0.8347207573320908,0.3399357858702148,0.5200448217235983,0.9634644113605099
24,57,-0.004805467619254676,0.835315049265519,0.34057283715197917,0.520024837175959,0.9634644113605099
absence,57,-0.004735812767580294,0.8376687131861035,0.34309486199540695,0.5199457202711294,0.9643749050966065
represented,39,-0.004614070776602076,0.8417858966151182,0.311598415554236,0.5188803502233053,0.9682108307149634
old,66,-0.004524255017326758,0.8448261491014283,0.3627104738794407,0.5201100053043901,0.9698981767616955
importantly,57,-0.004443676320580451,0.847555696257967,0.35367237898515674,0.519613899429954,0.9705404579052367
mild cognitive,43,-0.004437550867344264,0.8477632668916029,0.32886686848346586,0.5189276381876524,0.9705404579052367
bilaterally,76,-0.004414804506013311,0.8485341554110666,0.376859122264913,0.5203873679500818,0.9705404579052367
age,256,-0.004360789197422492,0.8503653470513992,0.44426059630275727,0.525690400626004,0.9717335244804219
limited,53,-0.004176740277961687,0.8566108528603708,0.35756195477653424,0.5191361874042966,0.9760157272609353
scan,59,-0.004113052393563172,0.8587741458603468,0.3682698942510421,0.5193222353198726,0.9760157272609353
load,44,-0.0040242070073654365,0.8617937335545499,0.34813433995639737,0.5185682349225678,0.9760157272609353
followed,62,-0.003998952028306224,0.8626524449139439,0.37592695264776826,0.5193103254979132,0.9760157272609353
measures,122,-0.003992724925266464,0.862864201755318,0.4175346978645623,0.5213233719902418,0.9760157272609353
lateral prefrontal,44,-0.003975005716983171,0.8634668092092701,0.35016919582179096,0.5185193094263506,0.9760157272609353
population,45,-0.003969365465282208,0.8636586435768484,0.3522811161147225,0.5185593934615735,0.9760157272609353
cues,123,-0.003939220541048845,0.8646840586298402,0.41925213096863095,0.5212620038590741,0.9760157272609353
junction,49,-0.003896260184489843,0.8661457988028617,0.36207731100572216,0.518660817877863,0.9760157272609353
case,31,-0.0038715650441890114,0.866986266471221,0.32312938536034325,0.5177866358764024,0.9760157272609353
relationships,45,-0.0038286063588360408,0.8684486681956873,0.3580359799166522,0.5184178030454517,0.9760157272609353
differentially,62,-0.0038215297070095565,0.8686896152201817,0.38207800554265314,0.5190998590081324,0.9760157272609353
training,48,-0.0037429391441336076,0.8713662939871183,0.3665192869077954,0.518458299613804,0.9760157272609353
trait,46,-0.0037074896722932914,0.8725741345611896,0.36468541258271175,0.5183382121923281,0.9760157272609353
mental,102,-0.003684681328224592,0.873351421567114,0.41607714731708856,0.5202358418961835,0.9760157272609353
varying,41,-0.0036360761126000354,0.8750082484402137,0.35865434124904266,0.5180539841108399,0.9760157272609353
effect,307,-0.0036274955946756,0.8753007933201938,0.4620096349754427,0.5248633203120099,0.9760157272609353
depressed,34,-0.0036220836966115322,0.8754853157750158,0.34368868961053733,0.517724111641099,0.9760157272609353
scanner,72,-0.0035502197969519422,0.8779362032033987,0.40066642396979857,0.5191175351501415,0.9763385512673168
assessed,149,-0.003544470219133509,0.878132340922831,0.43722542202618264,0.5212470683967995,0.9763385512673168
cluster,31,-0.0035050660044598538,0.87947675368636,0.3412516561082938,0.5174818120059812,0.9763385512673168
loss,58,-0.003501728406721798,0.8795906435269016,0.3889102651335434,0.5185798378241381,0.9763385512673168
cortical,259,-0.0034958526537125596,0.8797911496417762,0.4585847086112066,0.5235444837994291,0.9763385512673168
relate,35,-0.0033141460716432074,0.88599550399449,0.36050780993132353,0.5174986446540425,0.9788821294132671
deactivation,59,-0.0032422007328350468,0.8884540237530119,0.39924511755842945,0.5183153272343983,0.9790059591009882
possibly,52,-0.003238343164948106,0.8885858752644737,0.3916378719766281,0.5180749788823247,0.9790059591009882
mechanisms underlying,57,-0.0032179315014817704,0.8892835962636714,0.3980534782360869,0.5182216470043607,0.9790059591009882
underlying,235,-0.003109098335055004,0.8930052160723666,0.4619105741976099,0.5221164099633568,0.9804972251820846
explore,61,-0.003013638270333824,0.8962714760850438,0.4092048148721294,0.5181115759289467,0.9819209614092562
experience,105,-0.002963217334144322,0.8979973908389476,0.4365672817097545,0.5191962782853907,0.9819209614092562
visual cortex,51,-0.0029234836730561292,0.8993578190505738,0.40247658463568436,0.5177023999176963,0.9819209614092562
located,31,-0.0029057634238442397,0.8999646325696667,0.3708853589247814,0.5169833612261053,0.9819209614092562
false,35,-0.0028005968735914915,0.903567154228549,0.38438025213423227,0.517044302360893,0.9819209614092562
automatic,34,-0.0026180162556168583,0.909826196370134,0.3910572613571204,0.5168488228153469,0.9819209614092562
using functional,164,-0.0026020398733122216,0.910374154272133,0.46068404887242587,0.5197342671645043,0.9819209614092562
double,40,-0.002546493550885452,0.912279611699244,0.40398821033537385,0.5169783274007445,0.9819209614092562
elicited,92,-0.0025450170111413796,0.9123302697483969,0.442736136750559,0.5182750035271206,0.9819209614092562
oxygen,76,-0.0025408059617554064,0.9124747470195391,0.4353132587785186,0.5179165590651907,0.9819209614092562
oxygen level,76,-0.0025408059617554064,0.9124747470195391,0.4353132587785186,0.5179165590651907,0.9819209614092562
blood oxygen,76,-0.0025408059617554064,0.9124747470195391,0.4353132587785186,0.5179165590651907,0.9819209614092562
combined,75,-0.002475574605395301,0.9147131417718479,0.4368132689524265,0.5178081076681204,0.9824401601086136
regional,113,-0.002309578097636584,0.9204122711749652,0.4560968589466231,0.5183184757554867,0.985128758991955
way,46,-0.0022517440230104407,0.9223988533946397,0.4235362481586492,0.51685728306952,0.9857221018752115
earlier,30,-0.0021718960086327607,0.9251424000845221,0.40536805056110775,0.5163431341374984,0.9857221018752115
memory performance,71,-0.002170179282778242,0.9252013960045169,0.4444336114084632,0.5173283385781361,0.9857221018752115
scanned,89,-0.0021494406827086768,0.9259141180585903,0.4528349866212246,0.5176445193597151,0.9857221018752115
rest,69,-0.0020608484798460627,0.9289594222859844,0.4469710405000268,0.5171505701229244,0.9857221018752115
11,62,-0.0020593788738004597,0.9290099480096031,0.44316999726398015,0.5170095149205373,0.9857221018752115
mtl,70,-0.0020191769962558635,0.9303922170409447,0.44883084032261095,0.5171173071196218,0.9857221018752115
controls,314,-0.001837124326059359,0.936654335316783,0.4883066304156571,0.5198522428947846,0.9886766824450175
experiences,60,-0.001816659871702573,0.9373585091469793,0.4505084058121006,0.5166853784551568,0.9886766824450175
risk,91,-0.0017390788034623954,0.9400284831731741,0.4652001020890889,0.5170861310018359,0.9890139237616626
association,130,-0.0015010889265942634,0.9482230456825047,0.4793079143380508,0.517194811928001,0.9908385101345205
additionally,96,-0.0013846560051036577,0.9522341590998956,0.4763519157975265,0.5166299195443295,0.9908385101345205
mapping,58,-0.0013743247908330211,0.9525901292729999,0.4652501975464496,0.5161416681765894,0.9908385101345205
lingual,31,-0.0012791295098564638,0.9558705937593258,0.4513174938053265,0.5156304604223632,0.9908385101345205
main,73,-0.0011789291297786657,0.959324341768578,0.47701389309164943,0.5160887099781732,0.9908385101345205
eye,36,-0.0011137489600464706,0.9615714123838518,0.4635317441489961,0.5155661795848839,0.9908385101345205
scene,40,-0.0010530994253323787,0.9636625648150802,0.46883702785515824,0.5155639584253948,0.9908385101345205
choice,35,-0.0010186732595544945,0.9648496663533904,0.46721334514163787,0.5154678160883214,0.9908385101345205
cingulate cortex,264,-0.0009397617717436472,0.9675710241384291,0.4996837148421922,0.5170070063031315,0.9908691876456722
using,729,-0.0009345659047045526,0.9677502234659174,0.5070554278761212,0.5193487982049677,0.9908691876456722
combination,37,-0.0009065404392155597,0.968716816555393,0.47360291606089383,0.5153916564899985,0.9908691876456722
interaction,180,-0.0008582265037734328,0.9703832622203609,0.4976823916220528,0.5163606554748589,0.9908691876456722
require,35,-0.0008467661730295114,0.9707785715133593,0.47520448212112704,0.5153157281088314,0.9908691876456722
did differ,35,-0.0007274014203786771,0.9748963127148336,0.48075317768823544,0.5152101248761786,0.9918265286888606
extend,43,-0.0007263059645514582,0.9749341060591233,0.4841726098970767,0.5152803706394353,0.9918265286888606
reliable,31,-0.000597752261003847,0.9793695903730423,0.48500954111417144,0.5150637466586224,0.9927035780474379
striatal,83,-0.0005846475531455222,0.9798217797921589,0.49715008724131415,0.515373715033697,0.9927035780474379
novelty,30,-0.0005028089655956108,0.982645832736102,0.48928636835326267,0.5149778686636564,0.9930285653653311
enhance,36,-0.0003435766073924505,0.9881411494977141,0.4988230217101268,0.5148749467273209,0.9930285653653311
modulation,123,-0.0003133627099899212,0.9891839419831217,0.5069843757304136,0.5150992019711819,0.9930285653653311
long term,67,-0.000293849812133741,0.9898574136250106,0.5047801383840504,0.5149294474790531,0.9930285653653311
key,116,-0.00028880440616796746,0.9900315528619519,0.5073564700319824,0.5150423380788796,0.9930285653653311
organization,52,-0.00027939976532773917,0.9903561498020177,0.5039604660955977,0.5148692846484134,0.9930285653653311
23,33,-0.0002719743014968166,0.9906124374690651,0.5015392453325066,0.5148001009073371,0.9930285653653311
prefrontal cortices,32,-0.00014340159984542813,0.9950502165635421,0.5075893756535759,0.5146877963330434,0.9966668700429304
healthy controls,148,-0.00010913139179055198,0.9962331088839596,0.5121765892493313,0.5147715212384005,0.9970417396541577
modeling,34,-7.144141505709828e-05,0.9975340495699411,0.5111962162898669,0.5146288638655027,0.9975340495699411
map,33,0.00030543524660056956,0.989457550968849,0.5291966763710736,0.5143043403292422,0.9930285653653311
demonstrating,35,0.00030782423441012494,0.989375097156714,0.5288758594189641,0.5142942500199656,0.9930285653653311
representation,93,0.00031416737207681095,0.9891561698941634,0.5233833554260436,0.5141061924827391,0.9930285653653311
available,32,0.0003341071869771392,0.9884679718552307,0.5308225817047997,0.5142841792898083,0.9930285653653311
produced,54,0.0003537926270599451,0.9877885616563999,0.5277383979587327,0.514175773283851,0.9930285653653311
matching,32,0.0004103399862360989,0.9858369745992046,0.5345316911116242,0.5142197430786148,0.9930285653653311
instead,37,0.0006394823011845515,0.9779297036311244,0.543462749606087,0.5139845721997578,0.9924175510923262
negatively,86,0.0006706769135110934,0.9768533864070327,0.5341778608371122,0.5136233136657655,0.9921418660954459
item,65,0.0006712874192226024,0.976832322355988,0.5372772092429492,0.513750559571912,0.9921418660954459
contribute,119,0.0007893844646121619,0.9727579852953064,0.5340072722822066,0.5132483848802266,0.9912484263381098
likely,73,0.0007964040489145847,0.97251583160513,0.5399346209027297,0.5135383417770578,0.9912484263381098
repeated,64,0.0008677185375505891,0.9700558522872113,0.5441593900633355,0.5135202098907884,0.9908691876456722
imagery,31,0.0009336051482333046,0.9677833590022712,0.5607305405541292,0.5137900890446025,0.9908691876456722
represent,52,0.0010107376437212944,0.9651233176573878,0.552934562921142,0.5134715606994956,0.9908385101345205
certain,31,0.0010115939671041206,0.9650937880547085,0.5645868521339201,0.513725224335447,0.9908385101345205
error,41,0.0010265047949876887,0.9645796082072235,0.5585823487754344,0.5135820537733701,0.9908385101345205
longitudinal,31,0.0010394223243440463,0.9641341764684533,0.5659628803623855,0.5137020789881425,0.9908385101345205
assessment,33,0.0010616704372963508,0.9633670269872708,0.5654197050766512,0.5136550410640146,0.9908385101345205
40,30,0.0010636725349181374,0.9632979932036966,0.5680458871716703,0.5136965315896042,0.9908385101345205
implications,59,0.0012272295516152602,0.957659403672811,0.5582177731332001,0.5131476210752185,0.9908385101345205
subjective,89,0.0012412645759367728,0.9571756441119664,0.5502155089004432,0.5127891319743647,0.9908385101345205
women,63,0.001255320415469583,0.9566911828865675,0.5577285788122177,0.513065091331425,0.9908385101345205
delayed,44,0.001266324443392297,0.9563119192954475,0.5669389458921752,0.5133073591514343,0.9908385101345205
discrimination,33,0.0012751349534528712,0.9560082643646738,0.5756444756129776,0.5134717616356068,0.9908385101345205
symptom,48,0.0013461134437692049,0.9535622215229724,0.5678104268490441,0.5131669662528073,0.9908385101345205
treatment,81,0.0014238800869868914,0.9508827495891835,0.5575280425909125,0.5126257721229874,0.9908385101345205
behavioural,54,0.0014510497837787583,0.9499467391422168,0.568589632815026,0.5129637036782247,0.9908385101345205
subsequently,42,0.0014700202936655292,0.9492932358610561,0.5768280556277624,0.5131391935207502,0.9908385101345205
sensitivity,79,0.0014745547094160818,0.9491370376265339,0.5596417709532733,0.5125827749086751,0.9908385101345205
hc,43,0.0015369765399275773,0.9469869771859496,0.5788849710031999,0.5130561043764298,0.9908385101345205
animal,46,0.0016160431061967816,0.9442641603727936,0.579897700790046,0.5129225856838283,0.9900320661051485
memory encoding,58,0.0016365869838336593,0.9435567956673758,0.5732940119230886,0.5126909296116967,0.9900320661051485
background,133,0.0016776559985863422,0.9421428453995978,0.5534921061056188,0.511592952759525,0.9894907396743646
fronto,85,0.0017141451719282566,0.9408867255250853,0.5649980126434014,0.5121704582401851,0.9890139237616626
clinical,121,0.001734999044172336,0.9401689081302842,0.5569167852936592,0.5116433826844539,0.9890139237616626
acquired,93,0.0017732861618373064,0.9388511426187635,0.5643319582673436,0.5119679442714865,0.9890139237616626
driven,63,0.0018231361238776789,0.9371356585343116,0.5772519272865443,0.5123859245981933,0.9886766824450175
major,87,0.0018353468684437595,0.9367154949793629,0.5679097475790885,0.5119695762881923,0.9886766824450175
epilepsy,32,0.001914944749708214,0.9339770218630301,0.6077382863829068,0.5129479672649987,0.98849241884731
identity,36,0.0020142965199519865,0.930560037780005,0.6068668312604097,0.5127587458873806,0.9857221018752115
localized,30,0.002044890701431004,0.9295080732323859,0.6173795503046778,0.5128939231872235,0.9857221018752115
reported,149,0.0021182897670006615,0.926984790922611,0.560788159934574,0.5105741130644226,0.9857221018752115
presence,63,0.0021418024331687014,0.9261766362608777,0.5882087101144766,0.5120047664987126,0.9857221018752115
series,37,0.002160485111982701,0.9255345474796675,0.6121920123830571,0.5126002593403415,0.9857221018752115
level bold,70,0.002332144734958963,0.9196372481914402,0.5904912178927942,0.5116205075464993,0.985128758991955
difficult,32,0.0023753865065997363,0.9181523772553211,0.6301410955199528,0.5125587762267871,0.9844190270920095
long,99,0.002401236827244203,0.9172648439066873,0.5797706289678559,0.5109298527315846,0.9843233703541736
methods,197,0.0024845368777122283,0.9144055635840673,0.5610541524128226,0.5091056129046239,0.9824401601086136
cue,74,0.0025360768895294882,0.9126370006285545,0.5947788469766072,0.5112689701056173,0.9819209614092562
insight,34,0.002652591520580113,0.9086404811385004,0.6397070555856414,0.5122542070524286,0.9819209614092562
roles,51,0.0026955292831601797,0.9071682679197414,0.6179165311085819,0.5116752812835121,0.9819209614092562
white,50,0.0027087908187731734,0.9067136319119399,0.6194872024220726,0.5116904718998228,0.9819209614092562
syndrome,32,0.0027334576501863907,0.9058680774193261,0.6475630590304111,0.5122561145371375,0.9819209614092562
demonstrated,201,0.0027596957681393502,0.9049687778155304,0.5656252087753806,0.5084322258831613,0.9819209614092562
decision making,48,0.0028540913846829205,0.9017344260225625,0.62745661707595,0.5115990488755393,0.9819209614092562
activities,36,0.0028712414558974067,0.9011469728669186,0.6461342517083637,0.511989634279042,0.9819209614092562
high,240,0.0028803095766079846,0.9008363781486776,0.562763310054767,0.5074875070093245,0.9819209614092562
mediate,49,0.0029580400313669354,0.8981746379800257,0.6303364149340789,0.5114582446764989,0.9819209614092562
irrespective,36,0.003006431651829008,0.8965181296637402,0.6523290141037215,0.5118683005215704,0.9819209614092562
limbic,108,0.003108554138510496,0.8930238312080139,0.595178615716725,0.5096367442632922,0.9804972251820846
help,38,0.0031677850397955065,0.8909980888260222,0.6557742258286418,0.5116439870832745,0.9800184152742956
controlled,65,0.00324764701518532,0.8882678752977891,0.6244391792586872,0.5106187032695222,0.9790059591009882
led,34,0.003320714395653585,0.8857711051385107,0.6712268769156698,0.5116717755713303,0.9788821294132671
detected,51,0.0033340065539989635,0.8853170226247393,0.6423965439018422,0.5109904317758565,0.9788821294132671
basis,131,0.0034258617416308233,0.8821801311381141,0.5947050154261636,0.5085435592917688,0.9772938919077221
objects,93,0.0034743221933444127,0.8805259278258364,0.6120697088615633,0.5094751813263644,0.9763385512673168
category,46,0.003624391455437692,0.8754066302937703,0.6610883803147335,0.5108794941859423,0.9760157272609353
communication,32,0.003627338614499799,0.8753061455738823,0.6910548673536723,0.511500556520664,0.9760157272609353
functioning,83,0.003682223947704931,0.8734351740972377,0.6242590759708255,0.5094831253829155,0.9760157272609353
identified,188,0.0037525199395368027,0.871039906781141,0.5866326524299671,0.5065307486414867,0.9760157272609353
frontal gyrus,204,0.003815225553285357,0.8689042703636985,0.5845703381521375,0.5060152286726612,0.9760157272609353
manipulated,37,0.0038645520715014777,0.8672249715095467,0.6891933597959914,0.5110493339977837,0.9760157272609353
late,32,0.003970246011577154,0.8636286941993695,0.7077390382687251,0.5112107120747998,0.9760157272609353
global,41,0.004037796198611131,0.8613317458781495,0.6877042883921916,0.510693892548991,0.9760157272609353
recognition memory,52,0.004117247309400263,0.8586316239347045,0.6708588274912193,0.5101059944219742,0.9760157272609353
differ,75,0.004467308609814147,0.8467549780408846,0.6548766607292115,0.5087170824411837,0.9705404579052367
group,364,0.004587975452413882,0.8426689793687974,0.574492796451173,0.5001207966610287,0.968323254018385
shared,39,0.004765430653476066,0.8366677348897037,0.7241929184638065,0.5101113117418484,0.9641227262794436
patterns,254,0.0049013808161004375,0.832076520364724,0.5939476735377428,0.5021204146838233,0.9633336616053565
parts,37,0.004975499150675489,0.8295758460085227,0.7393935127436315,0.5100382258545814,0.961388147669738
emission tomography,30,0.005044197406500566,0.8272595783011506,0.7681786199410756,0.5104405760673255,0.961388147669738
inferior temporal,41,0.005061992973653371,0.8266598171979473,0.7316210856784162,0.5097115746609739,0.961388147669738
targets,37,0.005256958400474148,0.820095618973438,0.7521117579717714,0.5097820608717609,0.9583647597898715
modulate,77,0.005286256683453472,0.8191102645361545,0.6783367840054096,0.5075491644396015,0.9583647597898715
analyzed,68,0.005294491116103038,0.818833376924011,0.6895458524610338,0.5079782186594851,0.9583647597898715
tomography,33,0.005324823128134294,0.817813640262527,0.7696211283857172,0.5099947222322931,0.9583647597898715
regarding,60,0.005332875910311381,0.8175429641809331,0.7026118697391617,0.5083467853814945,0.9583647597898715
expected,67,0.005342660348862939,0.8172141116357464,0.6924998688269951,0.5079691697039135,0.9583647597898715
plays,60,0.005443827530292029,0.8138158025156578,0.7065241919623482,0.5082173811183238,0.9583647597898715
number,117,0.0054620545849282534,0.8132039072211423,0.6503063020397504,0.5055275717289298,0.9583647597898715
dynamics,45,0.005541096314414226,0.8105517423450948,0.7411114633472917,0.5089927638139706,0.9583647597898715
range,63,0.005613487289212311,0.8081246410438202,0.7075765124382325,0.5078522697861798,0.9583647597898715
mediating,42,0.005623864850171772,0.8077768560940815,0.752760640153336,0.5091058045742032,0.9583647597898715
problems,35,0.005633362149005141,0.8074586047783235,0.7764346065611712,0.5095826914827294,0.9583647597898715
rostral,48,0.005643703979820957,0.8071120896920102,0.737796270591145,0.5086985541500578,0.9583647597898715
remember,31,0.00567757560999395,0.8059774463973588,0.795305553879789,0.5098444431340786,0.9583647597898715
animals,35,0.005697501743056433,0.8053101445221222,0.77941614904574,0.5095259465197278,0.9583647597898715
structural,139,0.005711731848625616,0.8048336823326366,0.6439766643273224,0.5041988613976268,0.9583647597898715
particular,111,0.005732647027004494,0.8041335174165819,0.6610801454823655,0.5053419652398399,0.9583647597898715
independent,155,0.005794818602190381,0.8020531656868689,0.638323617944245,0.5034075742204901,0.9583647597898715
salience,57,0.005823138972606914,0.8011059883597624,0.7254076222578686,0.5079524195914594,0.9583647597898715
reduction,68,0.005867158392989679,0.7996343351767591,0.7084721096281534,0.507265602110557,0.9583647597898715
appropriate,31,0.005878646115194484,0.799250395431595,0.8052478831621909,0.509677209163512,0.9583647597898715
separate,76,0.0059822687853168105,0.795789346630112,0.7011667069082289,0.5066791496892964,0.9583647597898715
ventromedial prefrontal,57,0.006064295706871114,0.793052446837723,0.7341392936397468,0.5076785036482745,0.9583647597898715
collected,42,0.006064912378903558,0.793031880634906,0.7714408364324341,0.5086775467992457,0.9583647597898715
experienced,31,0.006205217662427261,0.7883564221930627,0.8213958599806381,0.5094055937097018,0.9583647597898715
observation,35,0.006217381386308677,0.7879514407420244,0.8035828633217854,0.5090660036161598,0.9583647597898715
phase,79,0.006489090671021835,0.7789202178433593,0.7129294977178889,0.5058364069897867,0.9575360205392442
implicit,34,0.006497843503654009,0.7786297744821656,0.8211132908714753,0.5089021353134512,0.9575360205392442
generation,45,0.006527418145737203,0.7776486342416773,0.7814367250475303,0.5080006168612583,0.9575360205392442
modality,34,0.006543506297989735,0.7771150576075943,0.8232675100616712,0.5088623290892845,0.9575360205392442
block,49,0.0066050367352615425,0.7750753217972348,0.7730701787037394,0.5076259408821354,0.9566244962722628
sensitive,96,0.006660067420260286,0.7732523653242783,0.6983756140062015,0.5046421383137148,0.9553308281010373
encoding,257,0.006697031761043151,0.772028578532161,0.6222946256182633,0.49744468898112976,0.9547755640222211
intrinsic,55,0.006697393221173702,0.7720166143816182,0.7615676104570879,0.5070981650858937,0.9547755640222211
atrophy,42,0.006711180297776297,0.7715603094616751,0.7988129693364341,0.5080500197348526,0.9547755640222211
adaptive,38,0.0068226945144155456,0.7678724862382943,0.8186959950603491,0.508271967894383,0.9547755640222211
familiar,53,0.007130924315064121,0.7577067081988698,0.7826196752587995,0.506764930300749,0.9494434666760228
formation,75,0.0071949455537781,0.755600389201161,0.7405467987827292,0.5051455091482356,0.9477673243998286
models,111,0.007253863728719719,0.7536635648349611,0.6999590218052504,0.5028941176664763,0.9463005859893148
hand,47,0.007301681828757405,0.7520927716276794,0.8065116931078845,0.5070562294966119,0.9463005859893148
derived,37,0.007319425218216506,0.751510173417232,0.8453080511535115,0.5079049444603704,0.9463005859893148
encoding retrieval,49,0.007346438679318957,0.7506234672966635,0.8020866814684529,0.5068468676572199,0.9463005859893148
like,46,0.007374287164697859,0.7497096962799826,0.8126838845989471,0.5070647276667554,0.9463005859893148
core,81,0.007425473064248451,0.7480310885486707,0.7386087267588217,0.5044453284991165,0.9463005859893148
content,66,0.007539026974627546,0.7443114318107275,0.7676131788205791,0.5053292649691494,0.9463005859893148
link,39,0.0075411059361729415,0.7442433870151737,0.8462919843939198,0.5075162907220804,0.9463005859893148
following,123,0.007550471670988618,0.7439368695287809,0.6972598566851211,0.5017331916014337,0.9463005859893148
real,55,0.00761638977022697,0.7417806812474911,0.7954603627905475,0.5060733704853767,0.9463005859893148
depressive,49,0.007651022854857966,0.7406486391009459,0.8140072970568729,0.5065268072934759,0.9463005859893148
poorly,40,0.007753457581692763,0.7373036743681493,0.8512510192820004,0.5072234133561071,0.9463005859893148
corresponding,60,0.00784282246339426,0.7343895529365595,0.7911163880179327,0.5054194032995063,0.9452007502826492
resources,36,0.007906806855445946,0.7323054127923202,0.8768768063849874,0.507470193599848,0.9447514366562989
depressive disorder,32,0.007923158929382546,0.7317730983301443,0.9000681489706039,0.5078694897390451,0.9447514366562989
adolescents,55,0.007941000739929057,0.7311924351068766,0.8074320717291399,0.5057113891815709,0.9447514366562989
aberrant,32,0.007941772583343734,0.731167318867288,0.9009737969288836,0.5078537564411814,0.9447514366562989
possible,77,0.008054993516772198,0.7274861747067151,0.7641132811539395,0.5038737107498759,0.9447514366562989
trial,72,0.008204864876426847,0.7226230782205308,0.7777997051222773,0.5040489467800091,0.9431984230679521
striatum,114,0.008323587195354608,0.718778641006343,0.72430230199294,0.5009814309313552,0.9428234727242776
fc,33,0.008396184933271988,0.7164312904303766,0.916736772039322,0.507357668326498,0.9427288596698208
occur,45,0.008401868388009947,0.7162476361526557,0.8580726608681299,0.5061150962970555,0.9427288596698208
order,124,0.008456989513561889,0.7144673128991486,0.7183092240590576,0.5001299640474614,0.9427288596698208
demands,73,0.008481993012871957,0.7136602512288177,0.7847453983883332,0.5036154174258922,0.9427288596698208
hemodynamic,46,0.008679822749250547,0.707286062484688,0.8654622391575858,0.5057366071472272,0.9377244247780864
cortex dlpfc,39,0.00871664539715985,0.7061018593975532,0.898002741428522,0.5064172610085385,0.9375133249713701
supported,57,0.008848464817533923,0.7018684377908502,0.8349469688641541,0.5045161274854836,0.9368531119596835
poorly understood,32,0.008890785629883564,0.7005112422955054,0.9471480585634708,0.5070515977157162,0.9368008261934471
resulted,42,0.00894989367920347,0.6986172918668062,0.8936317873852593,0.5058762258712879,0.9362990444258391
processed,48,0.008984557678364369,0.6975074524946863,0.8699395797318882,0.5052249074694687,0.9362963519263677
dopaminergic,37,0.009084819556049749,0.6943010070793612,0.9250805870676594,0.5062982031273147,0.9355990619987458
default network,34,0.009106065318131861,0.6936222516772216,0.944160545573515,0.5066284360417831,0.9355990619987458
errors,40,0.009166625559119759,0.69168883417402,0.9126161142190299,0.5058850252440672,0.9351451014655338
frontal lobe,36,0.009201967471887989,0.6905614513475116,0.9362243961077183,0.5063077816139842,0.9349983934647983
magnitude,56,0.009205670610387073,0.6904433634005868,0.8509358531839791,0.5042053757360162,0.9349983934647983
power,32,0.0092180284346426,0.6900493440319014,0.9630700682134676,0.5067749938564329,0.9349983934647983
men,50,0.00925942929579231,0.6887299227481684,0.8732155548439671,0.5047351990812401,0.9349983934647983
provide,226,0.009308991023370607,0.6871516632630822,0.6757739759362066,0.4924592611072801,0.9349983934647983
reductions,38,0.009376316196837868,0.6850099205113477,0.9325266016287761,0.5059159967344699,0.9343110973346147
contrast,263,0.009463621616903112,0.6822363332204415,0.6647718712233093,0.49004517612330856,0.9341599544451162
proposed,52,0.009510987131784063,0.6807333780500319,0.8756072011609108,0.5042624623523672,0.9336421080485977
shows,35,0.009523179978117309,0.6803466914735017,0.9572536043467977,0.5061413293715293,0.9336421080485977
parameters,32,0.00963129667327901,0.6769215384490062,0.9831776482363541,0.5064256765053297,0.9334673475590828
putamen,64,0.009675839753633987,0.6755123417274643,0.8445528934088846,0.5028985611537082,0.9334673475590828
regardless,39,0.009682774487450614,0.6752930515661928,0.9405017542733523,0.5055140122341797,0.9334673475590828
cortices,194,0.009714934461899359,0.6742764490270836,0.6979042114410062,0.49339545467072926,0.9334673475590828
fundamental,34,0.009885914121367193,0.6688816551552004,0.9809512256407269,0.5059486082579324,0.9318995263348724
stress,56,0.009919339686757424,0.6678289853247731,0.8770128610288902,0.5034021235691764,0.9314854512505036
resolution,57,0.009935446075400811,0.6673219804092686,0.8743037928438502,0.5032814885384045,0.9314854512505036
increasing,75,0.01011260877973788,0.6617552207604012,0.832185318313263,0.5013251150599698,0.928264149257764
closely,34,0.010146494990042458,0.6606925705374012,0.9932445667746689,0.5057214486935009,0.928264149257764
anterior cingulate,275,0.010146601143381371,0.6606892427078468,0.6714714564518636,0.48758169502321314,0.928264149257764
individuals,242,0.010287424572567632,0.6562804562682804,0.6858901140425454,0.48916199342407135,0.9277416780035593
correlated,335,0.01031224400513511,0.6555046622163703,0.6563116804404747,0.4837123898108,0.9277416780035593
superior,320,0.010356161034996404,0.6541328346409634,0.6609214847890517,0.48442915426890854,0.9277416780035593
gender,63,0.010364056107696086,0.6538863413895356,0.8709164995522728,0.5021700946408544,0.9277416780035593
sought,42,0.010409883444507714,0.6524563048203229,0.9554684231323856,0.504458573741714,0.9277416780035593
adaptation,34,0.010417295605303786,0.6522251289260635,1.006020041657429,0.5054853801358847,0.9277416780035593
reflected,50,0.010436647362962187,0.6516217295407702,0.9188131865362327,0.5034852640019566,0.9277416780035593
modulated,129,0.010480945549828008,0.6502413439470585,0.7617738777543546,0.49629166225562665,0.9277416780035593
mood,41,0.010504709425022997,0.649501326073525,0.9650007261008751,0.5044914081267018,0.9277416780035593
depending,55,0.010532730867496044,0.6486291694440326,0.9030155289459109,0.5028212901453301,0.9277416780035593
properties,52,0.01053485494632982,0.6485630779173636,0.9144736049520261,0.5031532126283617,0.9277416780035593
deficits,137,0.010535019983519385,0.6485579428377702,0.7551318624837614,0.49559281272660055,0.9277416780035593
major depressive,33,0.010760560006363794,0.6415560283127033,1.029988346677838,0.5053276292373773,0.9277416780035593
neurobiological,47,0.010784357648293618,0.6408190682456186,0.9457604568055336,0.503474022658194,0.9277416780035593
dorsolateral prefrontal,136,0.010956047064618033,0.6355127451688706,0.7657363008998009,0.4949123382876912,0.9246120446177677
hyperactivity,35,0.01105451255550298,0.632477912723185,1.0284379204469067,0.504786543583871,0.9246120446177677
independent component,48,0.01114660111997079,0.6296452096512807,0.955456516616756,0.502976926653218,0.9220338996437399
blood,150,0.011304467195762174,0.6248018070239685,0.7603378203395414,0.493182777155133,0.9204069630353084
social cognition,33,0.011340136565869977,0.6237096836450872,1.0577495757377509,0.5048300080755213,0.9198971769550149
term memory,47,0.011369725672891807,0.6228043521482818,0.9691653839239837,0.5028719254635758,0.9198971769550149
widespread,62,0.01137922916859455,0.622513696514203,0.9090729811629381,0.5010680220939725,0.9198971769550149
tested,128,0.011467804451508894,0.6198075352527999,0.7861825960354922,0.4946543004432058,0.9198971769550149
values,43,0.011483837031095893,0.6193182543051986,0.9951346618161513,0.5032807156790201,0.9198971769550149
mainly,69,0.011506968746682205,0.6186126194021081,0.8919935670201765,0.5001386286659214,0.9198971769550149
symptoms,76,0.011555329694744333,0.6171384999126497,0.8750027347944286,0.4993312419477218,0.9198971769550149
outcome,50,0.011576530323833344,0.6164927558404042,0.9629647034655013,0.5022749702264832,0.9198971769550149
recognition,215,0.011777541543478248,0.6103849926021853,0.7243719363608438,0.4873766211867383,0.9198971769550149
heightened,33,0.011787893299270586,0.6100711802394918,1.0791967461506526,0.5044455666721396,0.9198971769550149
young,141,0.0118055154655408,0.6095371309035045,0.7799859664601055,0.49297158661021667,0.9198971769550149
paired,40,0.011878758770828737,0.6073196814576761,1.0303871893331262,0.5033164085567368,0.9198971769550149
decline,43,0.011992205169712567,0.6038922014924785,1.016408518095349,0.502781111189667,0.9198971769550149
measure,65,0.0120696739108774,0.6015566913348942,0.9229011039703321,0.49989453239818066,0.9198971769550149
ventromedial,77,0.012094470212482125,0.6008099992116851,0.8892577719923104,0.4985113702965901,0.9198971769550149
maps,47,0.012128532381033886,0.5997849663706628,0.9995049565599282,0.5020914328998707,0.9198971769550149
insular,55,0.012131692993560634,0.5996898941714455,0.9619855298508299,0.5010382499860279,0.9198971769550149
mid,31,0.01214903931082972,0.5991682330212856,1.1152998911330347,0.5044620098975888,0.9198971769550149
examining,33,0.012194652866088108,0.597797464058337,1.0986801868135279,0.5040963252045269,0.9198971769550149
white matter,40,0.012202127504713046,0.5975729736075109,1.0444290819965925,0.5030101513557887,0.9198971769550149
responding,42,0.012267236643442338,0.5956191317968953,1.0341350521360124,0.5026550811553864,0.9198971769550149
young adults,61,0.012314809489120108,0.5941933750323614,0.9451126608341076,0.5000804790708768,0.9198971769550149
dorsomedial,43,0.012357342363640085,0.5929199879209766,1.0316885397877804,0.50242226851748,0.9198971769550149
memory processes,32,0.012364388331517751,0.5927091601698997,1.1161563146087001,0.5041155150916948,0.9198971769550149
paradigm,203,0.012379439964003276,0.5922589039332147,0.7423379672239867,0.4868959745780437,0.9198971769550149
overall,98,0.012462632695855574,0.5897731007515742,0.8547993945795843,0.4957924775887281,0.9198971769550149
states,84,0.012471265397093017,0.5895154305737615,0.883761190735395,0.4972412518684956,0.9198971769550149
effective,68,0.012518233278645733,0.5881144357287199,0.9282855314951317,0.4989891277545468,0.9198971769550149
groups,273,0.012549790191253046,0.5871739959235525,0.7094652036973644,0.4813327796733291,0.9198971769550149
hypothesized,83,0.012554159955002305,0.5870438257561431,0.8885517348277281,0.4972350568820095,0.9198971769550149
condition,213,0.012641158906625594,0.5844550124936954,0.7409475248026685,0.4855363986053052,0.9198971769550149
initial,62,0.012655216761829865,0.5840371937929183,0.9533101837981327,0.49955438712521866,0.9198971769550149
response,466,0.012671057471065164,0.5835665527958317,0.6558135690690343,0.46781864892060393,0.9198971769550149
meaning,31,0.012696538161335487,0.5828098704041192,1.1423720559343111,0.5040066452156359,0.9198971769550149
aim,72,0.012743150832081182,0.5814268312048851,0.9233995643168412,0.49823141633494333,0.9198971769550149
perspective,34,0.012792594638074339,0.5799614681693426,1.1180787720370526,0.5034147296832177,0.9198971769550149
controlling,35,0.012867589966403139,0.5777421445714428,1.1127192042368863,0.5031824952246271,0.9198971769550149
prefrontal cortex,477,0.01299018220452326,0.5741229191093512,0.6571313524119383,0.4658884221659885,0.9198971769550149
memory task,77,0.013061914737448235,0.5720101849398254,0.9192295632938509,0.4972271032235692,0.9198971769550149
abnormal,71,0.01311370573838387,0.5704870863280053,0.9383579234560022,0.49787818541375717,0.9198971769550149
emission,35,0.013194518349666506,0.5681143682409976,1.1279165387153625,0.5028932582987182,0.9198971769550149
neuronal,71,0.013210744424177938,0.567638527921168,0.9414938909182324,0.49775469473720796,0.9198971769550149
designed,53,0.013243307950734341,0.5666841567068839,1.0123855861166016,0.500077619331247,0.9198971769550149
positron emission,32,0.013268674361820068,0.5659412515098107,1.1601543817669153,0.5033511621334632,0.9198971769550149
positron,32,0.013268674361820068,0.5659412515098107,1.1601543817669153,0.5033511621334632,0.9198971769550149
affective,130,0.013426991801947171,0.5613152023450602,0.8299495567410833,0.49105753353786663,0.9198971769550149
impaired,94,0.013636909046083806,0.5552097310804888,0.895123809799221,0.49446974311531106,0.9188907361372385
domains,31,0.013805525898567475,0.5503290830947852,1.1972081505803651,0.5030842800859409,0.9132648175718306
14,71,0.013819219655216985,0.549933643289602,0.9611577858947253,0.49698035389232104,0.9132648175718306
furthermore,171,0.013951144193425413,0.5461311895009602,0.796909600917864,0.4862162296590873,0.9087446108700187
18,81,0.013962451313857949,0.5458058918458264,0.9358431107490113,0.49553513044936437,0.9087446108700187
underpinnings,34,0.014070740518637107,0.5426953614532573,1.1783774555458608,0.5023005148792505,0.9086104707367922
frontal parietal,49,0.01414922773764276,0.5404464025105524,1.0683297755158678,0.4996984229403303,0.9080458365235323
influences,55,0.014151784117880113,0.54037323082439,1.0364868413498907,0.49878559900612224,0.9080458365235323
temporal gyri,30,0.014164090837335937,0.5400210428963359,1.2267084002494815,0.5029807640232625,0.9080458365235323
vulnerability,31,0.01417426447628078,0.5397299851455306,1.215441159718597,0.5027775935513314,0.9080458365235323
mediated,82,0.014208537365207866,0.5387500494923918,0.9405271586468398,0.4950750858578904,0.9080458365235323
include,32,0.01428260768678756,0.5366352688592338,1.209487341727557,0.5024941291699775,0.9080458365235323
traits,38,0.014347326868314976,0.5347908940899716,1.1541150866762588,0.5013297426866463,0.9080458365235323
parietal lobe,36,0.01447081261580372,0.5312806692060769,1.1776564285090128,0.5015789714037301,0.9080458365235323
basal,69,0.014521005936511342,0.529857210663502,0.990853569542975,0.49635949283541003,0.9080458365235323
received,38,0.01465697577561868,0.5260109245020785,1.1679180408038243,0.5010440606295398,0.9058260752947804
explain,31,0.014717888741593993,0.524292468088617,1.2423217379827105,0.5023254514318591,0.9044980069765504
prior,115,0.014787023597779003,0.5223455471345788,0.8854374511757165,0.49031976917633485,0.9044980069765504
change,104,0.014793379697931257,0.5221667382148332,0.9059436039115565,0.4915704215025868,0.9044980069765504
impairments,65,0.014835666730128295,0.5209779262302513,1.0164786401004173,0.4965321554780836,0.9044980069765504
despite,88,0.014835710309090408,0.520976701817057,0.9431799298989557,0.49344789867596434,0.9044980069765504
matter volume,49,0.014908425720688602,0.5189357228569667,1.0980427679764169,0.4989006494441293,0.9044980069765504
current,204,0.01492317860318159,0.5185221424777239,0.7883848673467291,0.48111812450757346,0.9044980069765504
10,95,0.014970092457401048,0.517208097753765,0.930006869570504,0.49238174719346967,0.9044980069765504
elicit,32,0.01497606172655911,0.517041023735615,1.2432273713095734,0.501907983162038,0.9044980069765504
posterior superior,30,0.014995517618522998,0.5164966662387358,1.268510855750905,0.5023006806908098,0.9044980069765504
prefrontal,655,0.015049738821818237,0.514981175904137,0.6462309108115328,0.44381996249780664,0.9044980069765504
detect,40,0.015100881561622582,0.5135538471803258,1.1703039395809172,0.5002647891402092,0.9044980069765504
adults,215,0.01511043485694961,0.5132874551333341,0.7837441618014909,0.47968220981257376,0.9044980069765504
developmental,40,0.01519893390505308,0.5108230962982346,1.1745617429415385,0.5001719253809809,0.9044980069765504
determine,85,0.015254584269150719,0.5092766171518807,0.9633678132937761,0.493242882468647,0.9044980069765504
lateralized,34,0.01532908998865877,0.5072100051160383,1.2377422100626958,0.5012035574588308,0.9044980069765504
appears,49,0.015332590120311311,0.507113028121782,1.1146434359042474,0.4984549328805876,0.9044980069765504
medial frontal,62,0.015423133617941155,0.5046077556664413,1.0492710689119935,0.49627095728136683,0.9044980069765504
result,72,0.015451518361920814,0.5038237150387943,1.0102909446408306,0.4947596186749392,0.9044980069765504
showing,98,0.015489956300515986,0.5027630109896499,0.9374460423405846,0.4912320206739882,0.9044980069765504
conditioned,34,0.015513649267233294,0.5021097859866096,1.2464491047111212,0.5010426691881533,0.9044980069765504
provides,86,0.015549349768743182,0.5011263562322738,0.9692453978279996,0.49269724645032015,0.9044980069765504
indicate,193,0.01562578423548696,0.49902427487076156,0.8103031189290922,0.4806123015544709,0.9044980069765504
reaction time,31,0.01564332909748318,0.4985424220012104,1.2880819689041825,0.5015557459741459,0.9044980069765504
nucleus,106,0.015795646814002334,0.49436957075553967,0.9282647220906143,0.4897634164732892,0.9044980069765504
anterior temporal,41,0.015818286946067385,0.49375092550073246,1.192842985071787,0.49939510009734706,0.9044980069765504
linked,124,0.015866150348163754,0.49244441439224435,0.8968079648881909,0.48748205326871125,0.9044980069765504
matter,143,0.015887533172065118,0.4918613338137928,0.8690491982503407,0.4852823486519825,0.9044980069765504
lobes,71,0.01593378771978781,0.4906013026391559,1.0294935902484426,0.49428937102536935,0.9044980069765504
little known,86,0.016022065959446496,0.4882013140763099,0.9830681003489896,0.49203239610535077,0.9044980069765504
development,80,0.01610754794691853,0.4858833889530745,1.003729598306379,0.4927532959876645,0.9044980069765504
cortex pfc,46,0.01612584540780102,0.4853880100793135,1.1664795599985813,0.49816177303416065,0.9044980069765504
model,142,0.016177889238736975,0.48398048901106855,0.8769009971727015,0.4848601843347903,0.9044980069765504
exposure,43,0.016240267660712314,0.4822963884444277,1.1941786496863924,0.49860628013646396,0.9044980069765504
arousal,54,0.01636009404516201,0.4790702502580059,1.1236581186984316,0.4964946387124533,0.9044980069765504
decision,81,0.01653384551270354,0.4744132497596899,1.0134274825243883,0.49203020344779974,0.8985430675172007
understanding,148,0.016727605509028187,0.4692494073062982,0.8809039935853644,0.4831541076568635,0.8918361893714128
28,36,0.016731770437975087,0.469138751015694,1.2812593295756314,0.49954975244921523,0.8918361893714128
material,35,0.016784322434827716,0.46774375824400455,1.2947893346770576,0.49971732145333514,0.8918361893714128
crucial,47,0.01682731600204963,0.46660420415121695,1.1873776854653535,0.49725836324548917,0.8918361893714128
pole,45,0.01684722352115487,0.4660770727929403,1.2033566696776283,0.4976198637128961,0.8918361893714128
extrastriate,36,0.016855821788789062,0.465849501413125,1.2869436814461226,0.49943841585109894,0.8918361893714128
challenge,31,0.016943347531943563,0.4635364595875537,1.3523639546469794,0.5004744971634965,0.8916387748384613
responsible,35,0.01695744342766952,0.4631645461543479,1.302836900346336,0.4995641595183571,0.8916387748384613
motion,40,0.016984589939092354,0.46244876694394865,1.2521016771913995,0.4984807599665891,0.8916387748384613
developing,39,0.017015610410030496,0.4616315974807108,1.2630655722916713,0.49865843245068403,0.8916387748384613
physical,35,0.017079264762623315,0.45995728256648083,1.308499790657134,0.4994563829219036,0.8916387748384613
subsequent memory,49,0.017096259980699906,0.4595108285538695,1.1836687895470273,0.4966016494129184,0.8916387748384613
personality,52,0.017186102463373598,0.45715475459803484,1.1669574393293798,0.4959473073662199,0.8916387748384613
influenced,41,0.017299173014915813,0.4541991954642101,1.2563422802017956,0.4979747667092781,0.8916387748384613
independently,34,0.01736165195438947,0.45257068221902996,1.3336317423511954,0.49943168566654333,0.8916387748384613
confirmed,57,0.017366969009825192,0.45243224553690387,1.143380318234163,0.49484045279418437,0.8916387748384613
person,54,0.01744225311803537,0.45047469011153957,1.163947247064671,0.49529924699169675,0.8916387748384613
evident,33,0.01749345387856871,0.4491460988324423,1.3524882924686372,0.49954680457083944,0.8916387748384613
cortex acc,48,0.017623385653414553,0.4457845328752753,1.2116376661277308,0.49624270147439725,0.8884101053784572
volume,106,0.017688555135699703,0.4441038902400194,0.9778412069923366,0.4867910706590456,0.8884101053784572
healthy individuals,38,0.017738763068728555,0.44281155654826776,1.3052922334276924,0.49820080391945976,0.8877831694699417
signal,214,0.017754179649915595,0.44241517099846,0.8316735058412779,0.47368653651587167,0.8877831694699417
multiple,138,0.017806880697676178,0.4410616735019855,0.9195909215717215,0.48236995028196006,0.8875120908536749
blind,44,0.017895886004587157,0.43878118153226914,1.2547006004913286,0.4967710133577934,0.886913437425062
inferior frontal,208,0.017986078267382917,0.4364771984946135,0.8410042503311206,0.4738108624234737,0.8851585291839777
dlpfc,59,0.01799875591230919,0.43615390427440176,1.1547622796842607,0.4937558161790683,0.8851585291839777
familiarity,51,0.018066729218855347,0.4344228623014561,1.20726745753896,0.4951876799406985,0.8851585291839777
ganglia,64,0.018080759998470194,0.4340660418712894,1.1311955696104894,0.4927631295090105,0.8851585291839777
basal ganglia,64,0.018080759998470194,0.4340660418712894,1.1311955696104894,0.4927631295090105,0.8851585291839777
children,61,0.018091379805559756,0.43379607933247094,1.147071098107821,0.4932854075464993,0.8851585291839777
predominantly,31,0.018209918003494238,0.4307893491510628,1.4149920396312223,0.49942106762767907,0.8851585291839777
conflict,33,0.01829758666789269,0.4285734194786194,1.3910055758074076,0.4988563806978467,0.8851585291839777
selective,82,0.018345437290431865,0.4273667382828577,1.0645481059619772,0.48940002018833606,0.8851585291839777
providing,44,0.018385507089179392,0.4263577943963174,1.2749502388252452,0.49628413680768835,0.8851585291839777
midbrain,37,0.01848927504604013,0.42375141365032587,1.350037916572321,0.4977389101541668,0.8851585291839777
responded,31,0.019036050433037136,0.4101724983819622,1.4558417934884305,0.49873395836583784,0.8766390970130357
cortex mpfc,38,0.019056129261260556,0.409678819008582,1.3640153378722046,0.496985401975619,0.8766390970130357
period,78,0.019076274444538396,0.40918386314604743,1.10159264261018,0.48907213515745346,0.8766390970130357
day,39,0.01909940825979445,0.4086159170379457,1.3547296702607066,0.4967102581614239,0.8766390970130357
included,108,0.019111342491374587,0.4083231094704734,1.0101680943785103,0.48425799924886825,0.8766390970130357
predicted,131,0.01911263414831359,0.40829142602843804,0.9616530737855911,0.4809645600691153,0.8766390970130357
phases,35,0.019129950713963582,0.4078668040841611,1.4038263572945873,0.4976421198265741,0.8766390970130357
dorsolateral,162,0.01934877240722927,0.402523735891893,0.9179385791649884,0.47639703915984366,0.8766390970130357
rating,39,0.019351857717911664,0.4024487014832729,1.3658346590981354,0.49647423932509704,0.8766390970130357
information,368,0.019442785028551533,0.4002411240499299,0.7668013848212576,0.4529315214157753,0.8766390970130357
empathy,32,0.019450208341509526,0.400061218934857,1.4609171250421138,0.4981261850515922,0.8766390970130357
general,134,0.01956896995945986,0.39718962327154506,0.9667848969811668,0.4797405773970713,0.8766390970130357
induce,32,0.01966021067391692,0.3949919297402501,1.4711347955744714,0.4979486793745914,0.8766390970130357
post,74,0.019831276214625312,0.3908913639697684,1.1417997435473644,0.4887803332465974,0.874716972367921
propose,40,0.01995098609974764,0.38803725568647796,1.380913810587519,0.4956713350288329,0.8730838252945754
disorder,168,0.020007385281368573,0.3866970015149836,0.9234346218510635,0.47430290996213464,0.871658871787888
gyri,109,0.020096188009143805,0.38459244778751867,1.0331644732688856,0.4825398602153382,0.8700963084807533
point,49,0.020154500485699188,0.38321430348814073,1.3033601995571389,0.4933880170345647,0.8685721253692601
acquisition,57,0.020211750201675958,0.38186422068159703,1.2463826026048577,0.49160923088492214,0.8679408061612267
secondary,38,0.020294034641350395,0.3799288741493448,1.4191963857384184,0.49584331057098063,0.865900742747028
pairs,64,0.02029910214783716,0.3798098826500761,1.2068502470972904,0.4900880469901403,0.865900742747028
taken,62,0.020327052867368158,0.37915397565973774,1.2192850021928685,0.49045370349361067,0.865900742747028
function,286,0.020419953806255095,0.3769789189860688,0.8231374663442697,0.4589927364558686,0.8639684147022728
intensity,55,0.02042939741135691,0.37675825053458306,1.2680063098617447,0.4917852852248403,0.8639684147022728
stimulation,62,0.020478740820402644,0.3756065397248933,1.2245438705010554,0.49027376429101266,0.8639684147022728
relevant,128,0.02056315688663044,0.37364125209318927,1.001606860988596,0.47886145627711346,0.8639684147022728
positive,211,0.020725513733241885,0.36987934460561545,0.8877034466460099,0.46722330344201574,0.8629446415778138
years,116,0.020814301990088695,0.36783204917226486,1.0342037983287633,0.48027880560878483,0.8606013598280884
partial,37,0.02083373398861289,0.36738492494906805,1.4559765339042279,0.4956051437735025,0.8606013598280884
remained,31,0.02106916634441607,0.36199461305233926,1.5563732356313735,0.4970429791436831,0.8534213344044633
functional magnetic,773,0.021177254079771096,0.35953657497773506,0.6766473632359411,0.40077145239327694,0.8492501857232708
items,116,0.021478527606810575,0.35274073872043166,1.0507864513744911,0.47918461462283246,0.8380141249369792
task functional,43,0.021542260364244524,0.3513135908956903,1.4160529612339745,0.4933956873475257,0.8362348601822126
dysfunction,76,0.021554746743562694,0.35103441613752956,1.1869065465765039,0.486147321093752,0.8362348601822126
insula,268,0.021631886503214598,0.3493128153125647,0.8541587973014072,0.4578973992463283,0.8348606553080747
nature,48,0.02183114849807262,0.3448905371870169,1.3780704873599232,0.4918676875537262,0.8273346932910346
provided,41,0.02194279035206469,0.3424285030817829,1.4554571439075075,0.4935210245314635,0.8230299109158642
increases,135,0.02206970013079321,0.33964343917252043,1.0225356818269713,0.4751325266358477,0.8211379617641523
reduce,35,0.022169491818965898,0.3374637103526547,1.5451200631903665,0.49495300633753,0.8190802261118568
additional,99,0.022380946651459704,0.332874702547415,1.1223068157017428,0.4806700879503706,0.8143315729618125
performing,75,0.022419772862231936,0.3320364884452685,1.2187310601605308,0.4852100896911287,0.8143315729618125
frontal,570,0.02276570552073642,0.32462842389615554,0.7353876169254118,0.4180420546157175,0.8086198922504237
humans,161,0.02279351058164767,0.32403768909112196,0.9913651233986887,0.46975364623420407,0.8086198922504237
frequently,38,0.02285547210614068,0.322723798482479,1.5333753897432694,0.49348012857088025,0.8086198922504237
extended,44,0.02289430633197701,0.32190209325578223,1.4614241405015256,0.4918006113029034,0.8086198922504237
subcortical,76,0.022983689599355407,0.32001599483475035,1.2314784172530238,0.48426330431320946,0.8086198922504237
highly,85,0.023022108597409125,0.3192075294451622,1.1918941628439899,0.48238500672143164,0.8086198922504237
elderly,35,0.02305416120258315,0.3185340573185753,1.5862441050722487,0.4941703301733832,0.8086198922504237
greater,371,0.023161768562686116,0.3162798748160482,0.8135328641769284,0.4407698524662275,0.8086198922504237
term,90,0.02320161980541265,0.3154477233887636,1.177015554987722,0.48114707450531696,0.8086198922504237
later,101,0.02327671761066613,0.31388348202252603,1.1399888984558615,0.4789390310898693,0.8086198922504237
preferentially,30,0.02341689199936151,0.3109773994416399,1.6919205122371006,0.49541223725556793,0.8086198922504237
trials,112,0.023455627947555267,0.3101774672910813,1.1111881650407756,0.4766428526571019,0.8086198922504237
signals,91,0.023482888668968364,0.3096153234596319,1.181165262199022,0.4805450039294836,0.8086198922504237
consequences,32,0.02376855135174557,0.30376513364958224,1.6710262491574719,0.49447608083243283,0.8054675479353439
individual,201,0.023831410545819894,0.30248773236133997,0.9554843965438007,0.461593196151271,0.8054675479353439
view,65,0.02391026933869276,0.3008902493750092,1.323485566350894,0.48550095027837054,0.8054675479353439
temporal pole,34,0.02403328930321902,0.29840940430562196,1.6483774651207175,0.49361573209362825,0.8025790957347909
provide evidence,69,0.024035956035164403,0.29835577803279734,1.3029426154019175,0.4844292190601929,0.8025790957347909
second,118,0.024063285714032105,0.2978065663511769,1.109864186508208,0.4745636713316696,0.8025790957347909
awareness,33,0.0241391442161228,0.29628566816393703,1.6708112623956468,0.49384085236682457,0.8025790957347909
onset,51,0.024191640823727253,0.29523620176893456,1.4421041875103722,0.4886179195300885,0.8025790957347909
pathways,35,0.02437611231450411,0.29156815984514434,1.6476952798265432,0.4930007863362977,0.8024632613595156
severity,52,0.024437123202983118,0.29036178003575996,1.4422088887446967,0.48809161287138103,0.8024632613595156
relevance,43,0.024451690740375447,0.290074230429349,1.5378048944777933,0.4905364120173868,0.8024632613595156
females,36,0.024642280011771427,0.28632982082686254,1.6437392187287552,0.4924500375365316,0.7987435952025373
simple,51,0.02472679637431537,0.28467985837536225,1.4626227170228958,0.4880438959397766,0.7959416448454005
indicates,51,0.024884894159438627,0.2816106963065499,1.4686843827691474,0.4878743156034854,0.7891499739681272
dynamic,79,0.02490843614312175,0.28115560046752713,1.2759845076985499,0.4810557129572117,0.7891499739681272
stimulus,200,0.02500734381908784,0.2792490441409641,0.9785348189488352,0.45913429932892075,0.7891499739681272
success,40,0.025037921767415816,0.2786614017233357,1.6018077843905325,0.49085358205602997,0.7891499739681272
impact,107,0.025080600569383188,0.27784261336631233,1.1681819765699926,0.47498715867198144,0.7891499739681272
given,81,0.025177917984333397,0.2759817152243126,1.2742373313578792,0.48024794033819973,0.7880192847458481
unfamiliar,34,0.02549974074430089,0.26988842436805627,1.717559780435068,0.4923373632236892,0.785773613195671
interactions,119,0.02550131885927176,0.26985877381671014,1.1426042267971952,0.4719816967963045,0.785773613195671
mechanism,101,0.025616505115074358,0.2677006138127468,1.2028566677762194,0.47535773120190766,0.7853884962882185
primary,110,0.02563685399899779,0.2673205871874332,1.1729450709634013,0.4735112375625885,0.7853884962882185
evidence suggests,42,0.025887165883166682,0.262676187576618,1.6109956735684967,0.48943011057669406,0.7778647799330559
pain,67,0.025958599763914923,0.2613610435337266,1.379098221226188,0.48251145547549856,0.776525702836349
consistently,38,0.026004452133439653,0.2605192724437017,1.6737447753287198,0.4905748798496128,0.7758943548866769
experimental,87,0.02601789003823027,0.2602729310121333,1.2707596265983097,0.47775136729285245,0.7758943548866769
dorsomedial prefrontal,30,0.026145727218550883,0.257937494790642,1.8291208230786853,0.4931801280770172,0.7758943548866769
extent,104,0.02626723064133169,0.2557312664219358,1.20949841463291,0.4737344326240439,0.7758943548866769
feedback,54,0.026402515093573043,0.2532902613784164,1.4975406659776884,0.4854014202766952,0.7758943548866769
larger,77,0.026589819015180528,0.2499374801982551,1.3383290706000803,0.479269027507053,0.7758943548866769
factors,72,0.026816259264607244,0.24592567272449375,1.3749009959647724,0.4801914035277007,0.7696100367241138
suppression,39,0.026862389406416345,0.24511395412318357,1.6962151288604121,0.4894525290685691,0.7692236994502537
magnetic resonance,840,0.026874984862468435,0.2448926478380184,0.7057837205294957,0.3592257791311452,0.7692236994502537
specificity,48,0.026903815644678756,0.2443866090522154,1.5787135215683117,0.4865933909261234,0.7692236994502537
acc,59,0.02706683650584249,0.24153906260020186,1.4773038031387036,0.4832709953064446,0.7692236994502537
modulates,39,0.027119508600186595,0.24062402707733027,1.7075255345075557,0.48921214442538735,0.7692236994502537
ifg,31,0.027436334313509024,0.2351715086824519,1.8712104639058473,0.4917472905508948,0.7692236994502537
16,79,0.027567320661648822,0.2329429846415738,1.357263087949101,0.4774785498152654,0.7692236994502537
domain,53,0.02760521836955976,0.2323010162215102,1.5522531117382556,0.48436483577388956,0.7692236994502537
administered,38,0.02777625909162547,0.22941928193413597,1.7527250965567014,0.4889402108917351,0.7692236994502537
light,35,0.027996148703983943,0.2257519957842514,1.815973430796571,0.48979810265823837,0.7610077210172561
critically,38,0.028083092957909814,0.2243135496852661,1.7664025670118197,0.4886571259912479,0.7610077210172561
healthy volunteers,51,0.028109262921593242,0.22388186614088976,1.5923106920409513,0.4844157627933581,0.7610077210172561
15,83,0.028152773953787073,0.22316544948355924,1.3532303759755444,0.4757005358237913,0.7610077210172561
involvement,129,0.0282690106078956,0.22125963450083705,1.1813294779591814,0.46527580413160224,0.7610077210172561
widely,42,0.028317227070211247,0.22047250778035982,1.713918866619231,0.4870705177229109,0.7610077210172561
set,83,0.02833424022845235,0.2201952499801578,1.3586362089509734,0.47545001425094896,0.7610077210172561
activate,37,0.0283889876848729,0.21930474523080784,1.7973743360321803,0.48872886795492093,0.7610077210172561
functions,107,0.02857451829286293,0.21630618272175148,1.2592355537582,0.4694734446034256,0.7610077210172561
perception,125,0.028854697336099928,0.21183398045839397,1.2067391385920028,0.4650974205502459,0.7527126740783855
cortex anterior,45,0.028855123570429957,0.21182722818212663,1.694293498387817,0.4855410461667188,0.7527126740783855
amygdala hippocampus,54,0.028897588171483957,0.2111552955972511,1.5904330346127236,0.4826452730754359,0.7527126740783855
did,187,0.029116954557832968,0.2077087030259213,1.0754087274496875,0.452398547026253,0.7466613143759795
positive negative,54,0.029148454124811395,0.20721716204637447,1.5997728542840508,0.48236815754672613,0.7466613143759795
opposite,32,0.029332442690807297,0.2043629214485461,1.9417375690207317,0.4897731697381743,0.7419753601875321
magnetic,844,0.029407435376864535,0.20320778415771326,0.7229017081793073,0.3438531448184904,0.7419753601875321
evaluation,50,0.029570068464055462,0.20071903057031013,1.65991520723328,0.4831699673819717,0.7419753601875321
level,346,0.029726778859271732,0.1983420089512862,0.9151836391820918,0.4238509435270789,0.7419753601875321
decisions,44,0.029779949813376436,0.19754019095957567,1.7461990298646872,0.4849535647826962,0.7419753601875321
oxygenation,43,0.02989049529528942,0.1958807565875826,1.7654044186075526,0.4851913658472177,0.7419753601875321
blood oxygenation,43,0.02989049529528942,0.1958807565875826,1.7654044186075526,0.4851913658472177,0.7419753601875321
gyrus,483,0.029896170905757205,0.19579583448519786,0.8399261062272879,0.4015912807754137,0.7419753601875321
frontal cortex,78,0.030019930123284834,0.19395076898672803,1.4383570912581263,0.47444650765492574,0.7419753601875321
cognition,95,0.030022719166768595,0.19390933595584905,1.3477375907960691,0.47007459794308815,0.7419753601875321
accuracy,89,0.030036245546816706,0.19370848499843157,1.3772028381042347,0.47155559007008596,0.7419753601875321
12,93,0.030286685887251752,0.19001727035002214,1.364529919670394,0.4701833230415686,0.7419753601875321
resonance,843,0.03059562695673021,0.18553547098033193,0.7315531554757958,0.33714691639212857,0.7393487965014266
idea,33,0.03084162240711899,0.18202305696431087,1.9918543226737395,0.4880861424324536,0.7355293865711386
conclude,60,0.030867022542659495,0.1816632106248953,1.602984566751267,0.478565990551987,0.7355293865711386
developed,35,0.030897676782849187,0.18122963153270624,1.950851572220232,0.4872310907224972,0.7355293865711386
question,54,0.0311483396090165,0.17771297322411142,1.6742292304404476,0.4801590123201078,0.7292034445860367
circuit,38,0.031234958973229844,0.17650963088909014,1.9069005988134458,0.48574921465766313,0.7292034445860367
role,372,0.0313483613427124,0.17494339741527595,0.9185246596215384,0.4145183804841332,0.7287338142332271
small,47,0.03139456649731845,0.17430822464560544,1.7698239787899734,0.48227479686001734,0.7285492914848526
bold responses,31,0.03148521546566117,0.17306709401421722,2.0714154099264452,0.4883797629726861,0.7258222004065641
sulcus,100,0.03157044071040222,0.17190625454745884,1.3673041698322408,0.466497950328724,0.7258222004065641
inhibition,62,0.03208838228273468,0.1649763714249274,1.6270384281393018,0.4765018754535009,0.7112442865976766
affect,96,0.03242449273146494,0.1605930965456776,1.4094395856748199,0.4662494829255329,0.6994531109030998
skin,31,0.032466407533178636,0.16005270396263466,2.1199323946269604,0.48756368780951964,0.6994531109030998
notably,32,0.032470655397593265,0.15999801451927317,2.0944274136087015,0.4871205774326286,0.6994531109030998
depression,74,0.03251478627407839,0.15943068325120982,1.5429599102485823,0.4722881930599918,0.6994531109030998
focused,76,0.03277752298965639,0.15608446349039898,1.5369696225382778,0.47135043912873825,0.6994531109030998
gray matter,77,0.032803605675004927,0.15575520090041545,1.5308344930345879,0.4710203254884347,0.6994531109030998
applied,83,0.03307276365833811,0.15238810424299318,1.4997955855864835,0.46890828992892364,0.6984926859911175
mpfc,46,0.03314448321035798,0.15150031985821824,1.8544850886691417,0.48084872362560166,0.6983427563475235
thalamus,131,0.03324345732913169,0.15028163501552116,1.2922040625289857,0.45612108357721354,0.6966062254666827
control group,45,0.0333105185637043,0.14946015336365154,1.8764500353071425,0.4810593380413115,0.6954127135750278
schizophrenia,83,0.03342351179214332,0.14808376802824988,1.5102442809779097,0.46842406786444096,0.6939628909911137
involve,35,0.033609104443391026,0.1458440671249499,2.076892855819188,0.484832262595274,0.6939628909911137
negative,247,0.03362203814076834,0.14568895644307225,1.0679514655797337,0.43055548178745306,0.6939628909911137
temporal lobes,52,0.03364269469645983,0.1454414891627625,1.7916558131527824,0.47811837463360907,0.6939628909911137
date,33,0.03366050850845366,0.14522833657752116,2.126876592759389,0.48566586274053264,0.6939628909911137
described,51,0.03370048557117032,0.14475085816989716,1.8066851235877452,0.4784184528597945,0.6939628909911137
20,91,0.033722452493837214,0.1444890015815108,1.471831363538719,0.4657101103669978,0.6939628909911137
image,40,0.0337911425456368,0.14367252255597585,1.9819057151675221,0.48256355085042507,0.6939628909911137
emotional stimuli,40,0.03416084908837796,0.13933863368558377,1.9979597706347705,0.48221340787404016,0.6899780535515052
biological,35,0.03435245972690208,0.13713240194917353,2.1114478821130027,0.4841746084787522,0.6817913371102056
ofc,30,0.03452291055301386,0.13519252301718296,2.250308643209024,0.48632783165407256,0.6792214565625294
volumes,39,0.03458405262043945,0.13450185920774183,2.0358830546211997,0.48223342873904823,0.6792214565625294
comparing,67,0.034731836680826404,0.13284374075248717,1.6712842764471891,0.47167777218838886,0.6792214565625294
scenes,59,0.03482682134135643,0.1317864018669909,1.7533178179032995,0.4742986389036285,0.6792214565625294
investigation,40,0.034926716588996626,0.13068144284210625,2.0312166322643557,0.4814880673804832,0.6792214565625294
anterior hippocampus,50,0.03492710850724441,0.13067712195068368,1.867411461038904,0.47748202182808946,0.6792214565625294
induced,130,0.03510969074481874,0.12867617201362455,1.3392485957342781,0.4530937290257593,0.6792214565625294
reward,140,0.03513666907316322,0.12838254008938807,1.3075773265466195,0.4505403432236757,0.6792214565625294
occurred,44,0.03536074068342375,0.1259638184258575,1.9770081193666116,0.4794040566198085,0.6792214565625294
size,36,0.03553058760348741,0.12415416790616941,2.1426694699459605,0.48267773664217944,0.6792214565625294
19,53,0.035545099220269036,0.12400049715776541,1.8507150644729349,0.47567813423905264,0.6792214565625294
oxygenation level,41,0.035680515788416016,0.12257364341693623,2.044520610873777,0.480345027725344,0.6792214565625294
anterior insula,72,0.03575153942032479,0.12183042506620033,1.6615677122644688,0.46873746147799034,0.6792214565625294
approach,124,0.03592703891820763,0.12000902831592276,1.3801074139895415,0.4532368351609584,0.6792214565625294
identical,41,0.03611055128912302,0.11812733170911843,2.0629602138589065,0.4799325761583007,0.6792214565625294
smaller,38,0.03645128065976457,0.1146949748931813,2.1394241028710415,0.4809366366869721,0.6792214565625294
reactivity,45,0.0364914137802015,0.11429590688845236,2.006499303175659,0.477859656765159,0.6792214565625294
successfully,38,0.036572456889742554,0.11349337582310448,2.1448256718877112,0.48082483950688854,0.6792214565625294
finally,71,0.03659916910576909,0.11322983155322382,1.6973299597407536,0.4679907674568979,0.6792214565625294
world,36,0.03660162904209118,0.11320558592547827,2.19174734265716,0.4817164725411983,0.6792214565625294
obtained,72,0.036687961375374306,0.1123572629880012,1.691610531543416,0.4675370824612955,0.6792214565625294
making,77,0.036691123485767245,0.11232628664982365,1.6512712410840635,0.46585970801497356,0.6792214565625294
inhibitory,30,0.03701850888225841,0.10915543765862722,2.3757822753654585,0.48428650358211306,0.6792214565625294
indicating,96,0.03715366356606738,0.1078672195913066,1.5399584292249369,0.4592023462659091,0.6792214565625294
placebo,55,0.03717428166137456,0.10767176119452725,1.885560549127333,0.473112672162934,0.6792214565625294
anterior,556,0.03725485055212885,0.10691065837237106,0.8824083925323157,0.35939204447527534,0.6792214565625294
defined,57,0.037276018782848114,0.10671139861819416,1.864236323661097,0.47222691822658114,0.6792214565625294
aspects,75,0.03739576107283091,0.105589777777355,1.6890997359951332,0.4656005006485522,0.6792214565625294
rated,47,0.03757481855751251,0.10393001314325512,2.0169306586291773,0.47591792003875705,0.6792214565625294
pfc,83,0.03769489920509164,0.1028285823063582,1.6374877975505582,0.46252724381333565,0.6792214565625294
difficulty,56,0.037705358455349,0.10273308646501869,1.8922960691686188,0.4721282733734531,0.6792214565625294
orbitofrontal cortex,109,0.037787265217633995,0.10198769030892445,1.4896965912959057,0.4543460920199018,0.6792214565625294
outside,36,0.03781135182768835,0.10176930940845078,2.2471799512822477,0.48063074136029355,0.6792214565625294
linguistic,35,0.03860463988413887,0.09478256553700447,2.3091113687372533,0.4804126606637175,0.6634750931892895
disorders,138,0.038653820221542436,0.09436238462691213,1.3937625627000187,0.4446765824964158,0.6634750931892895
pronounced,39,0.038796146544710156,0.09315479621970583,2.221168681138601,0.4782954780937193,0.6634750931892895
instructed,44,0.03902738716653646,0.09121925435647527,2.1286524572390153,0.47575796325019876,0.6634750931892895
spectrum,54,0.039462678526204366,0.08766347924720405,1.98377472731972,0.4709746953797338,0.655085272192743
presentation,74,0.039597797387226345,0.08658273723900711,1.7669847981209497,0.46307828100301673,0.6544539300916922
voxel morphometry,61,0.0397918485207677,0.08504946092998605,1.9057553189781193,0.46775880110795093,0.6513415237681541
human,301,0.039840963715733084,0.0846648815026469,1.0986419667948397,0.40280136609099404,0.6513415237681541
facial expressions,45,0.039904970951234645,0.08416580608394737,2.146060835607726,0.474425939455458,0.6513415237681541
categories,53,0.04016249293937552,0.08218185518305005,2.024283959505693,0.4706264310887307,0.6413305534221564
little,125,0.04030533033282892,0.08109787768832621,1.481419333145732,0.44546618880684047,0.6369024406987658
relatively,66,0.04043869601578826,0.08009627684443245,1.8718868744300214,0.46501838891261005,0.6369024406987658
superior temporal,162,0.040494530134267015,0.0796799457586254,1.3587730815541053,0.4346825593776959,0.6369024406987658
voxel,120,0.04050143196017026,0.07962860408924215,1.50757402560208,0.44662993032732656,0.6369024406987658
volunteers,95,0.04055074129495982,0.07926258050194768,1.639904423974171,0.45447265912806867,0.6369024406987658
evoked,59,0.04058679985721388,0.07899578385479583,1.9581938361970044,0.4676387573172216,0.6369024406987658
supports,60,0.040863829123416615,0.07697030919309678,1.9554871129386482,0.46690658990631834,0.6369024406987658
gray,97,0.04104570702407545,0.07566367229827069,1.6412023675451985,0.4530676146395589,0.6346483533589644
abnormalities,89,0.04109597726860984,0.0753057315942308,1.6948365954442957,0.4557183887237188,0.6346483533589644
evaluated,49,0.041625709179318474,0.07161720130707419,2.1436862755997654,0.47082583745862566,0.6218592198001583
central,111,0.04179399571749701,0.07047686053087204,1.5827270838792797,0.4473142793850144,0.616297652727413
detection,57,0.04231786478618392,0.06702196398049513,2.046788731303734,0.46650017786574993,0.6031976758244563
male,61,0.04264933812151518,0.06490876381493596,2.0056578740721838,0.4643974906497392,0.5928333761764151
effects,372,0.04270519504100241,0.0645581321426784,1.0648699381166697,0.3782730784866707,0.5928333761764151
orbitofrontal,139,0.042709934112323836,0.06452845550124933,1.482240855543893,0.43704109622235116,0.5928333761764151
autism,41,0.04306799556160165,0.062318553361842104,2.3612902586220796,0.47325961825579654,0.5821119416299342
repetition,41,0.04317447286837684,0.06167358909093761,2.365855926481204,0.4731574947521282,0.5804850026650845
degree,97,0.04325304525521224,0.061201201636770834,1.701790098029196,0.4497603496666001,0.5804698586010649
successful,133,0.04330372481085841,0.06089810097005946,1.5193137099734992,0.4378110611372229,0.5804698586010649
explicit,49,0.0439691404018116,0.057032430648303004,2.235401948982356,0.4683633344472575,0.5624586129123809
depends,43,0.04451846115135607,0.053996927553542434,2.377545935040441,0.4708155683558937,0.5502331543265936
morphometry,66,0.04452814281841539,0.05394465990026567,2.0091486969755756,0.4600077250365003,0.5502331543265936
linear,38,0.04479242320665877,0.052534125462599154,2.5112400700216764,0.47324109924049934,0.5489370906388539
temporal sulcus,52,0.045435724997984,0.04922898094466887,2.2393236381475963,0.4653419054240973,0.534261152129609
suggesting,214,0.04562665287689906,0.048282254618100914,1.329502993147894,0.4095085182727296,0.5315358923582003
50,35,0.045642585540484185,0.0482039471700887,2.6362717489806973,0.47418611726593585,0.5315358923582003
need,31,0.04601222156498918,0.046416934626287286,2.789731992375634,0.4762973896379467,0.5250649577450662
people,95,0.04656554614015671,0.04384622824660007,1.806823382009017,0.44555905541063723,0.5109832010724144
design,113,0.04667999251505942,0.04332978748228777,1.6963263152250911,0.4387353249551079,0.5109832010724144
nucleus accumbens,32,0.04694227671451767,0.04216556973409277,2.7985446345475555,0.4748883564391197,0.5047587134187999
implicated,134,0.04756745381899494,0.03949678625420766,1.6138004080995125,0.4299129460810608,0.4919145197114954
times,49,0.047585989294345446,0.03941989977539106,2.376955807494536,0.4645627103009031,0.4919145197114954
psychiatric,43,0.04816322349773072,0.0370882504394227,2.530069558058194,0.46723363728556955,0.4763522165813353
stimuli,386,0.04823972423302308,0.03678822462000627,1.1219607040941844,0.35700332599867274,0.4763522165813353
neutral faces,31,0.04844882306692133,0.0359786859636955,2.910214578511495,0.47427082416306243,0.4763522165813353
healthy,575,0.04872311079788965,0.03493981732666735,0.9842050013208372,0.306681990074595,0.4734153270745147
expression,52,0.049601592302365195,0.031783085589605714,2.3974615134592807,0.4608286400474741,0.4453243696816346
relationship,173,0.05041294446907284,0.029087852712985033,1.5283125115423921,0.4114636780538193,0.43151317670230876
emotion regulation,41,0.05070795046443632,0.028157817900244575,2.6888858524764454,0.46593205723668635,0.43151317670230876
ratings,73,0.05077279810124499,0.027956847730976477,2.131843834530273,0.44901342639959485,0.43151317670230876
decreases,59,0.05079334762541722,0.027893420767394306,2.3212293686242855,0.4558376022686212,0.43151317670230876
structure,94,0.05145775125822694,0.025908453619037545,1.9505678764532632,0.4387328092582998,0.42593497749697723
valence,74,0.05148967093977894,0.02581624356211214,2.143106703994813,0.4476154915393134,0.42593497749697723
involves,59,0.05213458510602978,0.024013030980561175,2.3689356914617195,0.4542868182204622,0.4170150309722807
unrelated,34,0.05217499925945122,0.02390375711452591,2.9760100052345035,0.46908339167848223,0.4170150309722807
means,43,0.052432896889099516,0.023216538062005725,2.7087440484270435,0.46303756787767203,0.4170150309722807
images,111,0.053018626491025414,0.02171911320364787,1.8696033922461297,0.4292522996750198,0.4057525239408762
anxiety,84,0.053202109521744735,0.021267648004608584,2.0895416345425124,0.44065714165631814,0.4057525239408762
fusiform gyrus,86,0.053222614803667204,0.021217705155730616,2.0708500092490785,0.43971178974885883,0.4057525239408762
picture,51,0.053256456584267864,0.021135503052937668,2.556485378742218,0.4574421429240413,0.4057525239408762
evidence,354,0.05329450531325346,0.021043413409459248,1.2227741332602562,0.34962877479753274,0.4057525239408762
aversive,48,0.053876880500493184,0.019676867450109263,2.6455995241697465,0.4585481948007845,0.4057525239408762
importance,80,0.055365668701357736,0.01652975023318337,2.1959421371854844,0.439588857241662,0.3835818966561951
subsequent,139,0.055432062776346644,0.016400324608092678,1.7704847226131857,0.4139483598980678,0.3835818966561951
highlight,51,0.055944455970405954,0.015431060987170906,2.659546618924644,0.4545589156890968,0.3730685921016025
responses,380,0.05613896238909216,0.015076533596366059,1.228414729022398,0.33299878436269686,0.371787318486387
addition,170,0.05623557551989756,0.014903116125032801,1.6563386980897326,0.40065739565206915,0.371787318486387
psychological,37,0.05665621802599602,0.014168379310026163,3.0746802609783037,0.46300196581937025,0.36395024352629707
neutral,179,0.05676982176499541,0.013975506986125527,1.6348652523289915,0.3962577585247734,0.36395024352629707
autism spectrum,33,0.056848883135053624,0.01384264967794244,3.237580207282013,0.46575645520156106,0.36395024352629707
threat,49,0.05787853856064698,0.01221142846648013,2.7797788465159425,0.45374718760936944,0.3345931399815556
regulation,95,0.05800768950938482,0.012019333385963234,2.1243583142357925,0.42860244014276566,0.3345931399815556
accumbens,34,0.05811062118970561,0.011868157646592329,3.25603296164599,0.4639090544404438,0.3345931399815556
fusiform,157,0.05862139996011169,0.011142627632199883,1.7577907984413834,0.40088795894646667,0.3345931399815556
21,46,0.05906202495377447,0.010548661634018797,2.9022429771613387,0.454482824899868,0.33349999473705577
judgments,65,0.059528696678125034,0.009950428082849766,2.528508460139617,0.4422027257917663,0.32286520595141477
sex,53,0.061215806155232325,0.008031725941120189,2.8156828598277466,0.4475928551869906,0.2676518401459782
strongly,79,0.061226175552266726,0.008021035579334522,2.3861697288002146,0.43219519347697133,0.2676518401459782
amygdala anterior,30,0.06184645339122344,0.007404259768906671,3.6240810660852327,0.46397795492615157,0.26084149414462643
displayed,41,0.0625901754074155,0.006721000272349528,3.1983868359262506,0.45453569044921116,0.24373509811196964
dimensions,35,0.06316893469737513,0.0062290662781216396,3.4509877661863966,0.45868037468725203,0.24001371002887442
conditioning,43,0.06321676519513753,0.006189897630400828,3.1600202930412546,0.45243960036352066,0.24001371002887442
differed,65,0.06378876917190195,0.0057383571215243335,2.6726328717898102,0.4370241261470662,0.2358464776946501
viewing,57,0.06449952959291538,0.005218741125174841,2.849930341204475,0.4413053117323749,0.22188647611519235
face,164,0.06499919731201736,0.004879291777453646,1.86055734176799,0.38547741334294156,0.21486309862858377
behavioral,292,0.06510203560892269,0.004811955759173905,1.4863384811557936,0.3352003441016996,0.21486309862858377
viewed,81,0.0652662392854686,0.004706179511025216,2.483786308747015,0.4256057389056733,0.21486309862858377
emotions,77,0.0655435589648349,0.004532302829941641,2.54513042618831,0.42755856318858126,0.21486309862858377
female,41,0.06664799344590665,0.003896051111175305,3.3723830606394665,0.45064379453364006,0.20886221826431092
fear,82,0.06776835831154981,0.003334504143644673,2.546207704915991,0.42160086443262784,0.1893068760656094
short,66,0.06824068774681036,0.003120665299186617,2.8050576037680264,0.4309535282177493,0.1893068760656094
emotionally,48,0.06837839068310855,0.003060718034210884,3.219188707049698,0.44347027542606504,0.1893068760656094
passive,36,0.06839588542593798,0.0030531775148408685,3.648641923494119,0.4531809965291578,0.1893068760656094
pictures,111,0.06857120333227398,0.0029785421397969633,2.2670922646936154,0.4042260575640324,0.1893068760656094
salient,32,0.0688552934691106,0.0028611252681780526,3.864723200288912,0.4563662532340582,0.1893068760656094
motivation,31,0.0722769220378325,0.001742979142969544,4.088442115693963,0.45445256390660194,0.153506663091532
social,183,0.07332596461021995,0.0014910531372522343,1.9439936361686707,0.35987400676967096,0.14142065524861577
happy,54,0.0739523912309685,0.0013570689167746067,3.2678377614052407,0.43287612184093266,0.13943883119859082
theories,43,0.07612465925645125,0.0009737516881489478,3.7001813736996914,0.4397542227183472,0.12006358314876527
facial,85,0.07613460927044532,0.0009722534847085432,2.7545034809938396,0.4081414113929034,0.12006358314876527
reaction,63,0.07688137406208531,0.0008657086606874798,3.1579979570940586,0.4226084536551379,0.12006358314876527
expressions,67,0.07876901608678533,0.0006427142664617035,3.1379094064358557,0.41729820179035865,0.11320952722104007
angry,31,0.08128200070740065,0.0004280514438776583,4.533716062051673,0.44696287734279894,0.08796457171685877
emotion,207,0.09435989015205633,4.2911187557929545e-05,2.231794764707399,0.30132949284460037,0.010581898851785426
emotional,325,0.09626776528166153,2.9887449322741232e-05,1.8623585769458344,0.23178259739120993,0.009212806253734985
fearful,51,0.11427148186567396,7.058982402827987e-07,4.8958773472419965,0.3919956314629942,0.00029012417675623026
faces,174,0.1199888513859442,1.8919754721990296e-07,2.919752685108942,0.268388713916132,0.00011664028786107017
amygdala,436,0.22221449405321048,2.1350799708021243e-22,3.102580063239992,-0.2701162216316107,2.632553603999019e-19
