study_id,pmid,record_id,seed,group,N,space,x,y,z,region,table_label,t_or_z,notes,same_sample_id,inclusion
Ward2014,23404748,PMID23404748,all-hip: bilateral hippocampus (AAL x face-name encoding HCH>R p<.001),healthy young adults (18-28 y),31,MNI,-3,59,-6,Frontal: Orbital middle (L),Table 3,t(30)=4.97,"seed-to-voxel rsFC, one-sample main effect, alpha<0.01 FDR; cluster peaks; own sample (MGH/BWH), stated not previously published; 666 mm3",Ward2014_MGH31,main
Ward2014,23404748,PMID23404748,all-hip: bilateral hippocampus (AAL x face-name encoding HCH>R p<.001),healthy young adults (18-28 y),31,MNI,9,-31,-18,"Temporal: Middle, inferior, temporal pole, insula, fusiform, olfactory, thalamus, vermis, hippocampus, PHC (L/R)",Table 3,t(30)=8.18,"seed-to-voxel rsFC, one-sample main effect, alpha<0.01 FDR; cluster peaks; own sample (MGH/BWH), stated not previously published; 33705 mm3",Ward2014_MGH31,main
Ward2014,23404748,PMID23404748,all-hip: bilateral hippocampus (AAL x face-name encoding HCH>R p<.001),healthy young adults (18-28 y),31,MNI,-3,-58,26,Parietal: Precuneus (L),Table 3,t(30)=3.94,"seed-to-voxel rsFC, one-sample main effect, alpha<0.01 FDR; cluster peaks; own sample (MGH/BWH), stated not previously published; 198 mm3",Ward2014_MGH31,main
Ward2014,23404748,PMID23404748,"ant-hip: left anterior hippocampus (10mm sphere at MNI -19,-7,-16 within all-hip)",healthy young adults (18-28 y),31,MNI,2,58,20,"Frontal: Orbital middle, superior medial (L)",Table 3,t(30)=5.75,"seed-to-voxel rsFC, one-sample main effect, alpha<0.01 FDR; cluster peaks; own sample (MGH/BWH), stated not previously published; 2700 mm3",Ward2014_MGH31,main
Ward2014,23404748,PMID23404748,"ant-hip: left anterior hippocampus (10mm sphere at MNI -19,-7,-16 within all-hip)",healthy young adults (18-28 y),31,MNI,21,-7,-19,"Temporal: Superior, middle, temporal pole, fusiform, caudate, lingual, putamen, amygdala, vermis, hippocampus, PHC (L/R)",Table 3,t(30)=12.68,"seed-to-voxel rsFC, one-sample main effect, alpha<0.01 FDR; cluster peaks; own sample (MGH/BWH), stated not previously published; 29961 mm3",Ward2014_MGH31,main
Ward2014,23404748,PMID23404748,"ant-hip: left anterior hippocampus (10mm sphere at MNI -19,-7,-16 within all-hip)",healthy young adults (18-28 y),31,MNI,-6,-50,8,Parietal: Precuneus (L),Table 3,t(30)=5.9,"seed-to-voxel rsFC, one-sample main effect, alpha<0.01 FDR; cluster peaks; own sample (MGH/BWH), stated not previously published; mm3 missing in source",Ward2014_MGH31,main
Ward2014,23404748,PMID23404748,"post-hip: left posterior hippocampus (10mm sphere at MNI -18,-34,-4 within all-hip)",healthy young adults (18-28 y),31,MNI,-8,-50,4,"Temporal: Fusiform, thalamus, calcarine, hippocampus, PHC (L/R)",Table 3,t(30)=8.02,"seed-to-voxel rsFC, one-sample main effect, alpha<0.01 FDR; cluster peaks; own sample (MGH/BWH), stated not previously published; 24498 mm3",Ward2014_MGH31,main
Ward2014,23404748,PMID23404748,"post-hip: left posterior hippocampus (10mm sphere at MNI -18,-34,-4 within all-hip)",healthy young adults (18-28 y),31,MNI,-3,-34,35,Parietal: PCC (L/R),Table 3,t(30)=5.97,"seed-to-voxel rsFC, one-sample main effect, alpha<0.01 FDR; cluster peaks; own sample (MGH/BWH), stated not previously published; 801 mm3",Ward2014_MGH31,main
Qin2016,26336951,PMID26336951,"aHIP: left anterior hippocampus (head) node, sphere at MNI -24,-14,-20",healthy young adults (mean 20.6 y),36,MNI,-22,-14,-18,Hippocampus L BA35,Supplementary Table S1 (ESM1),t=21.27,"one-sample t, p<0.001 FWE whole-brain; left-hemisphere seeds (Fig S1/Table S1); positive connectivity",Qin2016_Stanford36,main
Qin2016,26336951,PMID26336951,"aHIP: left anterior hippocampus (head) node, sphere at MNI -24,-14,-20",healthy young adults (mean 20.6 y),36,MNI,28,-10,-24,Hippocampus R BA36,Supplementary Table S1 (ESM1),t=15.01,"one-sample t, p<0.001 FWE whole-brain; left-hemisphere seeds (Fig S1/Table S1); positive connectivity",Qin2016_Stanford36,main
Qin2016,26336951,PMID26336951,"aHIP: left anterior hippocampus (head) node, sphere at MNI -24,-14,-20",healthy young adults (mean 20.6 y),36,MNI,-24,-22,-24,Parahippocampal gyrus L BA35,Supplementary Table S1 (ESM1),t=12.21,"one-sample t, p<0.001 FWE whole-brain; left-hemisphere seeds (Fig S1/Table S1); positive connectivity",Qin2016_Stanford36,main
Qin2016,26336951,PMID26336951,"aHIP: left anterior hippocampus (head) node, sphere at MNI -24,-14,-20",healthy young adults (mean 20.6 y),36,MNI,26,-16,-28,Parahippocampal gyrus R BA35,Supplementary Table S1 (ESM1),t=11.87,"one-sample t, p<0.001 FWE whole-brain; left-hemisphere seeds (Fig S1/Table S1); positive connectivity",Qin2016_Stanford36,main
Qin2016,26336951,PMID26336951,"aHIP: left anterior hippocampus (head) node, sphere at MNI -24,-14,-20",healthy young adults (mean 20.6 y),36,MNI,-8,52,-10,Medial frontal gyrus L BA11,Supplementary Table S1 (ESM1),t=11.16,"one-sample t, p<0.001 FWE whole-brain; left-hemisphere seeds (Fig S1/Table S1); positive connectivity",Qin2016_Stanford36,main
Qin2016,26336951,PMID26336951,"aHIP: left anterior hippocampus (head) node, sphere at MNI -24,-14,-20",healthy young adults (mean 20.6 y),36,MNI,-22,26,44,Middle frontal gyrus L BA8,Supplementary Table S1 (ESM1),t=10.42,"one-sample t, p<0.001 FWE whole-brain; left-hemisphere seeds (Fig S1/Table S1); positive connectivity",Qin2016_Stanford36,main
Qin2016,26336951,PMID26336951,"aHIP: left anterior hippocampus (head) node, sphere at MNI -24,-14,-20",healthy young adults (mean 20.6 y),36,MNI,24,32,46,Middle frontal gyrus R BA8,Supplementary Table S1 (ESM1),t=9.97,"one-sample t, p<0.001 FWE whole-brain; left-hemisphere seeds (Fig S1/Table S1); positive connectivity",Qin2016_Stanford36,main
Qin2016,26336951,PMID26336951,"aHIP: left anterior hippocampus (head) node, sphere at MNI -24,-14,-20",healthy young adults (mean 20.6 y),36,MNI,-34,28,-18,Inferior frontal gyrus L BA47,Supplementary Table S1 (ESM1),t=10.44,"one-sample t, p<0.001 FWE whole-brain; left-hemisphere seeds (Fig S1/Table S1); positive connectivity",Qin2016_Stanford36,main
Qin2016,26336951,PMID26336951,"aHIP: left anterior hippocampus (head) node, sphere at MNI -24,-14,-20",healthy young adults (mean 20.6 y),36,MNI,44,34,-18,Inferior frontal gyrus R BA47,Supplementary Table S1 (ESM1),t=9.36,"one-sample t, p<0.001 FWE whole-brain; left-hemisphere seeds (Fig S1/Table S1); positive connectivity",Qin2016_Stanford36,main
Qin2016,26336951,PMID26336951,"aHIP: left anterior hippocampus (head) node, sphere at MNI -24,-14,-20",healthy young adults (mean 20.6 y),36,MNI,-6,-58,14,Posterior cingulate gyrus/ L BA23/30,Supplementary Table S1 (ESM1),t=13.76,"one-sample t, p<0.001 FWE whole-brain; left-hemisphere seeds (Fig S1/Table S1); positive connectivity",Qin2016_Stanford36,main
Qin2016,26336951,PMID26336951,"aHIP: left anterior hippocampus (head) node, sphere at MNI -24,-14,-20",healthy young adults (mean 20.6 y),36,MNI,6,-60,14,Posterior cingulate gyrus/ R BA23/30,Supplementary Table S1 (ESM1),t=11.31,"one-sample t, p<0.001 FWE whole-brain; left-hemisphere seeds (Fig S1/Table S1); positive connectivity",Qin2016_Stanford36,main
Qin2016,26336951,PMID26336951,"aHIP: left anterior hippocampus (head) node, sphere at MNI -24,-14,-20",healthy young adults (mean 20.6 y),36,MNI,-6,-52,40,Precuneus L BA7,Supplementary Table S1 (ESM1),t=9.02,"one-sample t, p<0.001 FWE whole-brain; left-hemisphere seeds (Fig S1/Table S1); positive connectivity",Qin2016_Stanford36,main
Qin2016,26336951,PMID26336951,"aHIP: left anterior hippocampus (head) node, sphere at MNI -24,-14,-20",healthy young adults (mean 20.6 y),36,MNI,-4,-12,44,Middle cingulate gyrus L BA24,Supplementary Table S1 (ESM1),t=7.72,"one-sample t, p<0.001 FWE whole-brain; left-hemisphere seeds (Fig S1/Table S1); positive connectivity",Qin2016_Stanford36,main
Qin2016,26336951,PMID26336951,"aHIP: left anterior hippocampus (head) node, sphere at MNI -24,-14,-20",healthy young adults (mean 20.6 y),36,MNI,10,-14,44,Middle cingulate gyrus R BA24,Supplementary Table S1 (ESM1),t=8.50,"one-sample t, p<0.001 FWE whole-brain; left-hemisphere seeds (Fig S1/Table S1); positive connectivity",Qin2016_Stanford36,main
Qin2016,26336951,PMID26336951,"aHIP: left anterior hippocampus (head) node, sphere at MNI -24,-14,-20",healthy young adults (mean 20.6 y),36,MNI,50,-64,20,Superior temporal gyrus R BA39,Supplementary Table S1 (ESM1),t=9.04,"one-sample t, p<0.001 FWE whole-brain; left-hemisphere seeds (Fig S1/Table S1); positive connectivity",Qin2016_Stanford36,main
Qin2016,26336951,PMID26336951,"aHIP: left anterior hippocampus (head) node, sphere at MNI -24,-14,-20",healthy young adults (mean 20.6 y),36,MNI,-44,-62,14,Middle temporal gyrus L BA19,Supplementary Table S1 (ESM1),t=8.32,"one-sample t, p<0.001 FWE whole-brain; left-hemisphere seeds (Fig S1/Table S1); positive connectivity",Qin2016_Stanford36,main
Qin2016,26336951,PMID26336951,"aHIP: left anterior hippocampus (head) node, sphere at MNI -24,-14,-20",healthy young adults (mean 20.6 y),36,MNI,-50,8,-18,Temporal pole L BA21,Supplementary Table S1 (ESM1),t=8.83,"one-sample t, p<0.001 FWE whole-brain; left-hemisphere seeds (Fig S1/Table S1); positive connectivity",Qin2016_Stanford36,main
Qin2016,26336951,PMID26336951,"aHIP: left anterior hippocampus (head) node, sphere at MNI -24,-14,-20",healthy young adults (mean 20.6 y),36,MNI,-54,8,-26,Temporal pole R BA21,Supplementary Table S1 (ESM1),t=9.62,"one-sample t, p<0.001 FWE whole-brain; left-hemisphere seeds (Fig S1/Table S1); positive connectivity; QC: hemisphere label R but x<0 in source (reported as is)",Qin2016_Stanford36,main
Qin2016,26336951,PMID26336951,"aHIP: left anterior hippocampus (head) node, sphere at MNI -24,-14,-20",healthy young adults (mean 20.6 y),36,MNI,40,-2,0,Insula R BA48,Supplementary Table S1 (ESM1),t=8.04,"one-sample t, p<0.001 FWE whole-brain; left-hemisphere seeds (Fig S1/Table S1); positive connectivity",Qin2016_Stanford36,main
Qin2016,26336951,PMID26336951,"aHIP: left anterior hippocampus (head) node, sphere at MNI -24,-14,-20",healthy young adults (mean 20.6 y),36,MNI,-36,-6,6,Insula L BA48,Supplementary Table S1 (ESM1),t=8.25,"one-sample t, p<0.001 FWE whole-brain; left-hemisphere seeds (Fig S1/Table S1); positive connectivity",Qin2016_Stanford36,main
Qin2016,26336951,PMID26336951,"aHIP: left anterior hippocampus (head) node, sphere at MNI -24,-14,-20",healthy young adults (mean 20.6 y),36,MNI,-36,-46,-16,Fusiform gyrus L BA37,Supplementary Table S1 (ESM1),t=9.51,"one-sample t, p<0.001 FWE whole-brain; left-hemisphere seeds (Fig S1/Table S1); positive connectivity",Qin2016_Stanford36,main
Qin2016,26336951,PMID26336951,"aHIP: left anterior hippocampus (head) node, sphere at MNI -24,-14,-20",healthy young adults (mean 20.6 y),36,MNI,38,-40,-20,Fusiform gyrus R BA37,Supplementary Table S1 (ESM1),t=9.82,"one-sample t, p<0.001 FWE whole-brain; left-hemisphere seeds (Fig S1/Table S1); positive connectivity",Qin2016_Stanford36,main
Qin2016,26336951,PMID26336951,"aHIP: left anterior hippocampus (head) node, sphere at MNI -24,-14,-20",healthy young adults (mean 20.6 y),36,MNI,-14,-56,0,Lingual gyrus L BA18,Supplementary Table S1 (ESM1),t=8.62,"one-sample t, p<0.001 FWE whole-brain; left-hemisphere seeds (Fig S1/Table S1); positive connectivity",Qin2016_Stanford36,main
Qin2016,26336951,PMID26336951,"aHIP: left anterior hippocampus (head) node, sphere at MNI -24,-14,-20",healthy young adults (mean 20.6 y),36,MNI,14,-56,0,Lingual gyrus R BA18,Supplementary Table S1 (ESM1),t=8.54,"one-sample t, p<0.001 FWE whole-brain; left-hemisphere seeds (Fig S1/Table S1); positive connectivity",Qin2016_Stanford36,main
Qin2016,26336951,PMID26336951,"aHIP: left anterior hippocampus (head) node, sphere at MNI -24,-14,-20",healthy young adults (mean 20.6 y),36,MNI,-34,-88,-10,Inferior occipital gyrus L BA19,Supplementary Table S1 (ESM1),t=8.19,"one-sample t, p<0.001 FWE whole-brain; left-hemisphere seeds (Fig S1/Table S1); positive connectivity",Qin2016_Stanford36,main
Qin2016,26336951,PMID26336951,"aHIP: left anterior hippocampus (head) node, sphere at MNI -24,-14,-20",healthy young adults (mean 20.6 y),36,MNI,2,-20,66,Supplementary motor area L/R BA4,Supplementary Table S1 (ESM1),t=8.74,"one-sample t, p<0.001 FWE whole-brain; left-hemisphere seeds (Fig S1/Table S1); positive connectivity",Qin2016_Stanford36,main
Qin2016,26336951,PMID26336951,"aHIP: left anterior hippocampus (head) node, sphere at MNI -24,-14,-20",healthy young adults (mean 20.6 y),36,MNI,-40,-18,42,Precentral gyrus L BA3,Supplementary Table S1 (ESM1),t=9.32,"one-sample t, p<0.001 FWE whole-brain; left-hemisphere seeds (Fig S1/Table S1); positive connectivity",Qin2016_Stanford36,main
Qin2016,26336951,PMID26336951,"aHIP: left anterior hippocampus (head) node, sphere at MNI -24,-14,-20",healthy young adults (mean 20.6 y),36,MNI,38,-16,38,Precentral gyrus R BA3,Supplementary Table S1 (ESM1),t=9.42,"one-sample t, p<0.001 FWE whole-brain; left-hemisphere seeds (Fig S1/Table S1); positive connectivity",Qin2016_Stanford36,main
Qin2016,26336951,PMID26336951,"aHIP: left anterior hippocampus (head) node, sphere at MNI -24,-14,-20",healthy young adults (mean 20.6 y),36,MNI,-12,-28,-2,Thalamus L,Supplementary Table S1 (ESM1),t=9.05,"one-sample t, p<0.001 FWE whole-brain; left-hemisphere seeds (Fig S1/Table S1); positive connectivity",Qin2016_Stanford36,main
Qin2016,26336951,PMID26336951,"aHIP: left anterior hippocampus (head) node, sphere at MNI -24,-14,-20",healthy young adults (mean 20.6 y),36,MNI,12,-28,2,Thalamus R,Supplementary Table S1 (ESM1),t=8.66,"one-sample t, p<0.001 FWE whole-brain; left-hemisphere seeds (Fig S1/Table S1); positive connectivity",Qin2016_Stanford36,main
Qin2016,26336951,PMID26336951,"aHIP: left anterior hippocampus (head) node, sphere at MNI -24,-14,-20",healthy young adults (mean 20.6 y),36,MNI,4,12,-6,Nucleus accumbens L/R,Supplementary Table S1 (ESM1),t=9.39,"one-sample t, p<0.001 FWE whole-brain; left-hemisphere seeds (Fig S1/Table S1); positive connectivity",Qin2016_Stanford36,main
Qin2016,26336951,PMID26336951,"aHIP: left anterior hippocampus (head) node, sphere at MNI -24,-14,-20",healthy young adults (mean 20.6 y),36,MNI,-8,8,-2,Caudate L,Supplementary Table S1 (ESM1),t=7.26,"one-sample t, p<0.001 FWE whole-brain; left-hemisphere seeds (Fig S1/Table S1); positive connectivity",Qin2016_Stanford36,main
Qin2016,26336951,PMID26336951,"aHIP: left anterior hippocampus (head) node, sphere at MNI -24,-14,-20",healthy young adults (mean 20.6 y),36,MNI,8,8,-4,Caudate R,Supplementary Table S1 (ESM1),t=7.62,"one-sample t, p<0.001 FWE whole-brain; left-hemisphere seeds (Fig S1/Table S1); positive connectivity",Qin2016_Stanford36,main
Qin2016,26336951,PMID26336951,"aHIP: left anterior hippocampus (head) node, sphere at MNI -24,-14,-20",healthy young adults (mean 20.6 y),36,MNI,-32,-6,4,Putamen L,Supplementary Table S1 (ESM1),t=8.91,"one-sample t, p<0.001 FWE whole-brain; left-hemisphere seeds (Fig S1/Table S1); positive connectivity",Qin2016_Stanford36,main
Qin2016,26336951,PMID26336951,"aHIP: left anterior hippocampus (head) node, sphere at MNI -24,-14,-20",healthy young adults (mean 20.6 y),36,MNI,-22,-4,-18,Amygdala L BA34,Supplementary Table S1 (ESM1),t=11.11,"one-sample t, p<0.001 FWE whole-brain; left-hemisphere seeds (Fig S1/Table S1); positive connectivity",Qin2016_Stanford36,main
Qin2016,26336951,PMID26336951,"aHIP: left anterior hippocampus (head) node, sphere at MNI -24,-14,-20",healthy young adults (mean 20.6 y),36,MNI,26,-4,-20,Amygdala R BA34,Supplementary Table S1 (ESM1),t=10.61,"one-sample t, p<0.001 FWE whole-brain; left-hemisphere seeds (Fig S1/Table S1); positive connectivity",Qin2016_Stanford36,main
Qin2016,26336951,PMID26336951,"aHIP: left anterior hippocampus (head) node, sphere at MNI -24,-14,-20",healthy young adults (mean 20.6 y),36,MNI,-4,-10,-10,Mammillary body L/R,Supplementary Table S1 (ESM1),t=10.77,"one-sample t, p<0.001 FWE whole-brain; left-hemisphere seeds (Fig S1/Table S1); positive connectivity",Qin2016_Stanford36,main
Qin2016,26336951,PMID26336951,"aHIP: left anterior hippocampus (head) node, sphere at MNI -24,-14,-20",healthy young adults (mean 20.6 y),36,MNI,-14,-44,-22,Cerebellum anterior lobe L,Supplementary Table S1 (ESM1),t=10.90,"one-sample t, p<0.001 FWE whole-brain; left-hemisphere seeds (Fig S1/Table S1); positive connectivity",Qin2016_Stanford36,main
Qin2016,26336951,PMID26336951,"aHIP: left anterior hippocampus (head) node, sphere at MNI -24,-14,-20",healthy young adults (mean 20.6 y),36,MNI,26,-46,-28,Cerebellum anterior lobe R,Supplementary Table S1 (ESM1),t=9.27,"one-sample t, p<0.001 FWE whole-brain; left-hemisphere seeds (Fig S1/Table S1); positive connectivity",Qin2016_Stanford36,main
Qin2016,26336951,PMID26336951,"mHIP: left middle hippocampus (body) node, sphere at MNI -26,-26,-12",healthy young adults (mean 20.6 y),36,MNI,-26,-26,-12,Hippocampus L BA20,Supplementary Table S1 (ESM1),t=18.60,"one-sample t, p<0.001 FWE whole-brain; left-hemisphere seeds (Fig S1/Table S1); positive connectivity",Qin2016_Stanford36,main
Qin2016,26336951,PMID26336951,"mHIP: left middle hippocampus (body) node, sphere at MNI -26,-26,-12",healthy young adults (mean 20.6 y),36,MNI,28,-12,-18,Hippocampus R BA20,Supplementary Table S1 (ESM1),t=13.80,"one-sample t, p<0.001 FWE whole-brain; left-hemisphere seeds (Fig S1/Table S1); positive connectivity",Qin2016_Stanford36,main
Qin2016,26336951,PMID26336951,"mHIP: left middle hippocampus (body) node, sphere at MNI -26,-26,-12",healthy young adults (mean 20.6 y),36,MNI,-24,-26,-22,Parahippocampal gyrus L BA35,Supplementary Table S1 (ESM1),t=11.82,"one-sample t, p<0.001 FWE whole-brain; left-hemisphere seeds (Fig S1/Table S1); positive connectivity",Qin2016_Stanford36,main
Qin2016,26336951,PMID26336951,"mHIP: left middle hippocampus (body) node, sphere at MNI -26,-26,-12",healthy young adults (mean 20.6 y),36,MNI,26,-26,-18,Parahippocampal gyrus R BA30,Supplementary Table S1 (ESM1),t=10.63,"one-sample t, p<0.001 FWE whole-brain; left-hemisphere seeds (Fig S1/Table S1); positive connectivity",Qin2016_Stanford36,main
Qin2016,26336951,PMID26336951,"mHIP: left middle hippocampus (body) node, sphere at MNI -26,-26,-12",healthy young adults (mean 20.6 y),36,MNI,-4,56,-2,Medial frontal gyrus L BA10,Supplementary Table S1 (ESM1),t=13.49,"one-sample t, p<0.001 FWE whole-brain; left-hemisphere seeds (Fig S1/Table S1); positive connectivity",Qin2016_Stanford36,main
Qin2016,26336951,PMID26336951,"mHIP: left middle hippocampus (body) node, sphere at MNI -26,-26,-12",healthy young adults (mean 20.6 y),36,MNI,-22,26,44,Middle frontal gyrus L BA8,Supplementary Table S1 (ESM1),t=9.36,"one-sample t, p<0.001 FWE whole-brain; left-hemisphere seeds (Fig S1/Table S1); positive connectivity",Qin2016_Stanford36,main
Qin2016,26336951,PMID26336951,"mHIP: left middle hippocampus (body) node, sphere at MNI -26,-26,-12",healthy young adults (mean 20.6 y),36,MNI,-8,52,38,Superior frontal gyrus L BA9,Supplementary Table S1 (ESM1),t=9.16,"one-sample t, p<0.001 FWE whole-brain; left-hemisphere seeds (Fig S1/Table S1); positive connectivity",Qin2016_Stanford36,main
Qin2016,26336951,PMID26336951,"mHIP: left middle hippocampus (body) node, sphere at MNI -26,-26,-12",healthy young adults (mean 20.6 y),36,MNI,-2,-52,22,Posterior cingulate gyrus/ L BA23/30,Supplementary Table S1 (ESM1),t=9.88,"one-sample t, p<0.001 FWE whole-brain; left-hemisphere seeds (Fig S1/Table S1); positive connectivity",Qin2016_Stanford36,main
Qin2016,26336951,PMID26336951,"mHIP: left middle hippocampus (body) node, sphere at MNI -26,-26,-12",healthy young adults (mean 20.6 y),36,MNI,8,-50,26,Posterior cingulate gyrus/ R BA23/30,Supplementary Table S1 (ESM1),t=11.53,"one-sample t, p<0.001 FWE whole-brain; left-hemisphere seeds (Fig S1/Table S1); positive connectivity",Qin2016_Stanford36,main
Qin2016,26336951,PMID26336951,"mHIP: left middle hippocampus (body) node, sphere at MNI -26,-26,-12",healthy young adults (mean 20.6 y),36,MNI,0,-4,66,Supplementary motor area L/R BA6,Supplementary Table S1 (ESM1),t=8.45,"one-sample t, p<0.001 FWE whole-brain; left-hemisphere seeds (Fig S1/Table S1); positive connectivity",Qin2016_Stanford36,main
Qin2016,26336951,PMID26336951,"mHIP: left middle hippocampus (body) node, sphere at MNI -26,-26,-12",healthy young adults (mean 20.6 y),36,MNI,-8,-76,48,Precuneus L BA7,Supplementary Table S1 (ESM1),t=11.02,"one-sample t, p<0.001 FWE whole-brain; left-hemisphere seeds (Fig S1/Table S1); positive connectivity",Qin2016_Stanford36,main
Qin2016,26336951,PMID26336951,"mHIP: left middle hippocampus (body) node, sphere at MNI -26,-26,-12",healthy young adults (mean 20.6 y),36,MNI,10,-74,46,Precuneus R BA7,Supplementary Table S1 (ESM1),t=9.35,"one-sample t, p<0.001 FWE whole-brain; left-hemisphere seeds (Fig S1/Table S1); positive connectivity",Qin2016_Stanford36,main
Qin2016,26336951,PMID26336951,"mHIP: left middle hippocampus (body) node, sphere at MNI -26,-26,-12",healthy young adults (mean 20.6 y),36,MNI,-32,-38,-22,Fusiform gyrus L BA37,Supplementary Table S1 (ESM1),t=8.87,"one-sample t, p<0.001 FWE whole-brain; left-hemisphere seeds (Fig S1/Table S1); positive connectivity",Qin2016_Stanford36,main
Qin2016,26336951,PMID26336951,"mHIP: left middle hippocampus (body) node, sphere at MNI -26,-26,-12",healthy young adults (mean 20.6 y),36,MNI,34,-38,-20,Fusiform gyrus R BA37,Supplementary Table S1 (ESM1),t=8.97,"one-sample t, p<0.001 FWE whole-brain; left-hemisphere seeds (Fig S1/Table S1); positive connectivity",Qin2016_Stanford36,main
Qin2016,26336951,PMID26336951,"mHIP: left middle hippocampus (body) node, sphere at MNI -26,-26,-12",healthy young adults (mean 20.6 y),36,MNI,-36,-26,52,Precentral gyrus L BA4,Supplementary Table S1 (ESM1),t=8.11,"one-sample t, p<0.001 FWE whole-brain; left-hemisphere seeds (Fig S1/Table S1); positive connectivity",Qin2016_Stanford36,main
Qin2016,26336951,PMID26336951,"mHIP: left middle hippocampus (body) node, sphere at MNI -26,-26,-12",healthy young adults (mean 20.6 y),36,MNI,46,-16,54,Precentral gyrus R BA4,Supplementary Table S1 (ESM1),t=7.76,"one-sample t, p<0.001 FWE whole-brain; left-hemisphere seeds (Fig S1/Table S1); positive connectivity",Qin2016_Stanford36,main
Qin2016,26336951,PMID26336951,"mHIP: left middle hippocampus (body) node, sphere at MNI -26,-26,-12",healthy young adults (mean 20.6 y),36,MNI,-6,-22,12,Thalamus L,Supplementary Table S1 (ESM1),t=9.47,"one-sample t, p<0.001 FWE whole-brain; left-hemisphere seeds (Fig S1/Table S1); positive connectivity",Qin2016_Stanford36,main
Qin2016,26336951,PMID26336951,"mHIP: left middle hippocampus (body) node, sphere at MNI -26,-26,-12",healthy young adults (mean 20.6 y),36,MNI,12,-24,12,Thalamus R,Supplementary Table S1 (ESM1),t=9.47,"one-sample t, p<0.001 FWE whole-brain; left-hemisphere seeds (Fig S1/Table S1); positive connectivity",Qin2016_Stanford36,main
Qin2016,26336951,PMID26336951,"mHIP: left middle hippocampus (body) node, sphere at MNI -26,-26,-12",healthy young adults (mean 20.6 y),36,MNI,-4,14,-12,Nucleus accumbens L/R BA25,Supplementary Table S1 (ESM1),t=8.83,"one-sample t, p<0.001 FWE whole-brain; left-hemisphere seeds (Fig S1/Table S1); positive connectivity",Qin2016_Stanford36,main
Qin2016,26336951,PMID26336951,"mHIP: left middle hippocampus (body) node, sphere at MNI -26,-26,-12",healthy young adults (mean 20.6 y),36,MNI,24,-10,-4,Pallidus R,Supplementary Table S1 (ESM1),t=10.22,"one-sample t, p<0.001 FWE whole-brain; left-hemisphere seeds (Fig S1/Table S1); positive connectivity",Qin2016_Stanford36,main
Qin2016,26336951,PMID26336951,"mHIP: left middle hippocampus (body) node, sphere at MNI -26,-26,-12",healthy young adults (mean 20.6 y),36,MNI,-10,10,0,Caudate L,Supplementary Table S1 (ESM1),t=9.54,"one-sample t, p<0.001 FWE whole-brain; left-hemisphere seeds (Fig S1/Table S1); positive connectivity",Qin2016_Stanford36,main
Qin2016,26336951,PMID26336951,"mHIP: left middle hippocampus (body) node, sphere at MNI -26,-26,-12",healthy young adults (mean 20.6 y),36,MNI,14,2,12,Caudate R,Supplementary Table S1 (ESM1),t=8.85,"one-sample t, p<0.001 FWE whole-brain; left-hemisphere seeds (Fig S1/Table S1); positive connectivity",Qin2016_Stanford36,main
Qin2016,26336951,PMID26336951,"mHIP: left middle hippocampus (body) node, sphere at MNI -26,-26,-12",healthy young adults (mean 20.6 y),36,MNI,-26,14,-4,Putamen L BA48,Supplementary Table S1 (ESM1),t=9.20,"one-sample t, p<0.001 FWE whole-brain; left-hemisphere seeds (Fig S1/Table S1); positive connectivity",Qin2016_Stanford36,main
Qin2016,26336951,PMID26336951,"mHIP: left middle hippocampus (body) node, sphere at MNI -26,-26,-12",healthy young adults (mean 20.6 y),36,MNI,-22,-4,-18,Amygdala L BA34,Supplementary Table S1 (ESM1),t=8.51,"one-sample t, p<0.001 FWE whole-brain; left-hemisphere seeds (Fig S1/Table S1); positive connectivity",Qin2016_Stanford36,main
Qin2016,26336951,PMID26336951,"mHIP: left middle hippocampus (body) node, sphere at MNI -26,-26,-12",healthy young adults (mean 20.6 y),36,MNI,24,-2,-18,Amygdala R BA34,Supplementary Table S1 (ESM1),t=8.09,"one-sample t, p<0.001 FWE whole-brain; left-hemisphere seeds (Fig S1/Table S1); positive connectivity",Qin2016_Stanford36,main
Qin2016,26336951,PMID26336951,"mHIP: left middle hippocampus (body) node, sphere at MNI -26,-26,-12",healthy young adults (mean 20.6 y),36,MNI,-6,-24,-10,Midbrain L/R,Supplementary Table S1 (ESM1),t=10.97,"one-sample t, p<0.001 FWE whole-brain; left-hemisphere seeds (Fig S1/Table S1); positive connectivity",Qin2016_Stanford36,main
Qin2016,26336951,PMID26336951,"mHIP: left middle hippocampus (body) node, sphere at MNI -26,-26,-12",healthy young adults (mean 20.6 y),36,MNI,-28,-48,-26,Cerebellum anterior lobe L,Supplementary Table S1 (ESM1),t=9.74,"one-sample t, p<0.001 FWE whole-brain; left-hemisphere seeds (Fig S1/Table S1); positive connectivity",Qin2016_Stanford36,main
Qin2016,26336951,PMID26336951,"mHIP: left middle hippocampus (body) node, sphere at MNI -26,-26,-12",healthy young adults (mean 20.6 y),36,MNI,26,-42,-24,Cerebellum anterior lobe R,Supplementary Table S1 (ESM1),t=11.09,"one-sample t, p<0.001 FWE whole-brain; left-hemisphere seeds (Fig S1/Table S1); positive connectivity",Qin2016_Stanford36,main
Qin2016,26336951,PMID26336951,"pHIP: left posterior hippocampus (tail) node, sphere at MNI -26,-34,-4",healthy young adults (mean 20.6 y),36,MNI,-26,-36,-4,Hippocampus L BA37,Supplementary Table S1 (ESM1),t=19.50,"one-sample t, p<0.001 FWE whole-brain; left-hemisphere seeds (Fig S1/Table S1); positive connectivity",Qin2016_Stanford36,main
Qin2016,26336951,PMID26336951,"pHIP: left posterior hippocampus (tail) node, sphere at MNI -26,-34,-4",healthy young adults (mean 20.6 y),36,MNI,24,-34,-6,Hippocampus R BA37,Supplementary Table S1 (ESM1),t=14.43,"one-sample t, p<0.001 FWE whole-brain; left-hemisphere seeds (Fig S1/Table S1); positive connectivity",Qin2016_Stanford36,main
Qin2016,26336951,PMID26336951,"pHIP: left posterior hippocampus (tail) node, sphere at MNI -26,-34,-4",healthy young adults (mean 20.6 y),36,MNI,-24,-36,-12,Parahippocampal gyrus L BA37,Supplementary Table S1 (ESM1),t=13.22,"one-sample t, p<0.001 FWE whole-brain; left-hemisphere seeds (Fig S1/Table S1); positive connectivity",Qin2016_Stanford36,main
Qin2016,26336951,PMID26336951,"pHIP: left posterior hippocampus (tail) node, sphere at MNI -26,-34,-4",healthy young adults (mean 20.6 y),36,MNI,22,-36,-10,Parahippocampal gyrus R BA30,Supplementary Table S1 (ESM1),t=12.68,"one-sample t, p<0.001 FWE whole-brain; left-hemisphere seeds (Fig S1/Table S1); positive connectivity",Qin2016_Stanford36,main
Qin2016,26336951,PMID26336951,"pHIP: left posterior hippocampus (tail) node, sphere at MNI -26,-34,-4",healthy young adults (mean 20.6 y),36,MNI,6,52,-10,Medial frontal gyrus R BA11,Supplementary Table S1 (ESM1),t=9.51,"one-sample t, p<0.001 FWE whole-brain; left-hemisphere seeds (Fig S1/Table S1); positive connectivity",Qin2016_Stanford36,main
Qin2016,26336951,PMID26336951,"pHIP: left posterior hippocampus (tail) node, sphere at MNI -26,-34,-4",healthy young adults (mean 20.6 y),36,MNI,32,38,-8,Middle frontal gyrus R BA47,Supplementary Table S1 (ESM1),t=9.80,"one-sample t, p<0.001 FWE whole-brain; left-hemisphere seeds (Fig S1/Table S1); positive connectivity",Qin2016_Stanford36,main
Qin2016,26336951,PMID26336951,"pHIP: left posterior hippocampus (tail) node, sphere at MNI -26,-34,-4",healthy young adults (mean 20.6 y),36,MNI,-10,-56,14,Posterior cingulate gyrus/ L BA23/30,Supplementary Table S1 (ESM1),t=8.96,"one-sample t, p<0.001 FWE whole-brain; left-hemisphere seeds (Fig S1/Table S1); positive connectivity",Qin2016_Stanford36,main
Qin2016,26336951,PMID26336951,"pHIP: left posterior hippocampus (tail) node, sphere at MNI -26,-34,-4",healthy young adults (mean 20.6 y),36,MNI,10,-48,8,Posterior cingulate gyrus/ R BA29,Supplementary Table S1 (ESM1),t=8.48,"one-sample t, p<0.001 FWE whole-brain; left-hemisphere seeds (Fig S1/Table S1); positive connectivity",Qin2016_Stanford36,main
Qin2016,26336951,PMID26336951,"pHIP: left posterior hippocampus (tail) node, sphere at MNI -26,-34,-4",healthy young adults (mean 20.6 y),36,MNI,-6,-72,48,Precuneus L BA7,Supplementary Table S1 (ESM1),t=8.94,"one-sample t, p<0.001 FWE whole-brain; left-hemisphere seeds (Fig S1/Table S1); positive connectivity",Qin2016_Stanford36,main
Qin2016,26336951,PMID26336951,"pHIP: left posterior hippocampus (tail) node, sphere at MNI -26,-34,-4",healthy young adults (mean 20.6 y),36,MNI,12,-76,46,Precuneus R BA7,Supplementary Table S1 (ESM1),t=7.86,"one-sample t, p<0.001 FWE whole-brain; left-hemisphere seeds (Fig S1/Table S1); positive connectivity",Qin2016_Stanford36,main
Qin2016,26336951,PMID26336951,"pHIP: left posterior hippocampus (tail) node, sphere at MNI -26,-34,-4",healthy young adults (mean 20.6 y),36,MNI,-32,-94,-4,Middle occipital gyrus L BA18,Supplementary Table S1 (ESM1),t=8.64,"one-sample t, p<0.001 FWE whole-brain; left-hemisphere seeds (Fig S1/Table S1); positive connectivity",Qin2016_Stanford36,main
Qin2016,26336951,PMID26336951,"pHIP: left posterior hippocampus (tail) node, sphere at MNI -26,-34,-4",healthy young adults (mean 20.6 y),36,MNI,26,-92,0,Middle occipital gyrus R BA18,Supplementary Table S1 (ESM1),t=9.54,"one-sample t, p<0.001 FWE whole-brain; left-hemisphere seeds (Fig S1/Table S1); positive connectivity",Qin2016_Stanford36,main
Qin2016,26336951,PMID26336951,"pHIP: left posterior hippocampus (tail) node, sphere at MNI -26,-34,-4",healthy young adults (mean 20.6 y),36,MNI,-34,-46,-16,Fusiform gyrus L BA37,Supplementary Table S1 (ESM1),t=8.79,"one-sample t, p<0.001 FWE whole-brain; left-hemisphere seeds (Fig S1/Table S1); positive connectivity",Qin2016_Stanford36,main
Qin2016,26336951,PMID26336951,"pHIP: left posterior hippocampus (tail) node, sphere at MNI -26,-34,-4",healthy young adults (mean 20.6 y),36,MNI,38,-40,-20,Fusiform gyrus R BA20,Supplementary Table S1 (ESM1),t=9.21,"one-sample t, p<0.001 FWE whole-brain; left-hemisphere seeds (Fig S1/Table S1); positive connectivity",Qin2016_Stanford36,main
Qin2016,26336951,PMID26336951,"pHIP: left posterior hippocampus (tail) node, sphere at MNI -26,-34,-4",healthy young adults (mean 20.6 y),36,MNI,-14,-62,-4,Lingual gyrus L BA18,Supplementary Table S1 (ESM1),t=9.94,"one-sample t, p<0.001 FWE whole-brain; left-hemisphere seeds (Fig S1/Table S1); positive connectivity",Qin2016_Stanford36,main
Qin2016,26336951,PMID26336951,"pHIP: left posterior hippocampus (tail) node, sphere at MNI -26,-34,-4",healthy young adults (mean 20.6 y),36,MNI,18,-62,-4,Lingual gyrus R BA19,Supplementary Table S1 (ESM1),t=8.88,"one-sample t, p<0.001 FWE whole-brain; left-hemisphere seeds (Fig S1/Table S1); positive connectivity",Qin2016_Stanford36,main
Qin2016,26336951,PMID26336951,"pHIP: left posterior hippocampus (tail) node, sphere at MNI -26,-34,-4",healthy young adults (mean 20.6 y),36,MNI,2,10,68,Supplementary motor area L/R BA6,Supplementary Table S1 (ESM1),t=7.43,"one-sample t, p<0.001 FWE whole-brain; left-hemisphere seeds (Fig S1/Table S1); positive connectivity",Qin2016_Stanford36,main
Qin2016,26336951,PMID26336951,"pHIP: left posterior hippocampus (tail) node, sphere at MNI -26,-34,-4",healthy young adults (mean 20.6 y),36,MNI,-26,-24,70,Precentral gyrus L BA6,Supplementary Table S1 (ESM1),t=8.43,"one-sample t, p<0.001 FWE whole-brain; left-hemisphere seeds (Fig S1/Table S1); positive connectivity",Qin2016_Stanford36,main
Qin2016,26336951,PMID26336951,"pHIP: left posterior hippocampus (tail) node, sphere at MNI -26,-34,-4",healthy young adults (mean 20.6 y),36,MNI,28,-4,48,Precentral gyrus R BA6,Supplementary Table S1 (ESM1),t=8.97,"one-sample t, p<0.001 FWE whole-brain; left-hemisphere seeds (Fig S1/Table S1); positive connectivity",Qin2016_Stanford36,main
Qin2016,26336951,PMID26336951,"pHIP: left posterior hippocampus (tail) node, sphere at MNI -26,-34,-4",healthy young adults (mean 20.6 y),36,MNI,-8,-46,68,Postcentral gyrus L BA5,Supplementary Table S1 (ESM1),t=8.30,"one-sample t, p<0.001 FWE whole-brain; left-hemisphere seeds (Fig S1/Table S1); positive connectivity",Qin2016_Stanford36,main
Qin2016,26336951,PMID26336951,"pHIP: left posterior hippocampus (tail) node, sphere at MNI -26,-34,-4",healthy young adults (mean 20.6 y),36,MNI,10,-44,70,Postcentral gyrus R BA5,Supplementary Table S1 (ESM1),t=7.46,"one-sample t, p<0.001 FWE whole-brain; left-hemisphere seeds (Fig S1/Table S1); positive connectivity",Qin2016_Stanford36,main
Qin2016,26336951,PMID26336951,"pHIP: left posterior hippocampus (tail) node, sphere at MNI -26,-34,-4",healthy young adults (mean 20.6 y),36,MNI,-14,-26,6,Thalamus L,Supplementary Table S1 (ESM1),t=8.59,"one-sample t, p<0.001 FWE whole-brain; left-hemisphere seeds (Fig S1/Table S1); positive connectivity",Qin2016_Stanford36,main
Qin2016,26336951,PMID26336951,"pHIP: left posterior hippocampus (tail) node, sphere at MNI -26,-34,-4",healthy young adults (mean 20.6 y),36,MNI,18,-28,6,Thalamus R,Supplementary Table S1 (ESM1),t=9.07,"one-sample t, p<0.001 FWE whole-brain; left-hemisphere seeds (Fig S1/Table S1); positive connectivity",Qin2016_Stanford36,main
Qin2016,26336951,PMID26336951,"pHIP: left posterior hippocampus (tail) node, sphere at MNI -26,-34,-4",healthy young adults (mean 20.6 y),36,MNI,-10,10,0,Caudate L,Supplementary Table S1 (ESM1),t=8.98,"one-sample t, p<0.001 FWE whole-brain; left-hemisphere seeds (Fig S1/Table S1); positive connectivity",Qin2016_Stanford36,main
Qin2016,26336951,PMID26336951,"pHIP: left posterior hippocampus (tail) node, sphere at MNI -26,-34,-4",healthy young adults (mean 20.6 y),36,MNI,8,16,-4,Caudate R,Supplementary Table S1 (ESM1),t=8.51,"one-sample t, p<0.001 FWE whole-brain; left-hemisphere seeds (Fig S1/Table S1); positive connectivity",Qin2016_Stanford36,main
Qin2016,26336951,PMID26336951,"pHIP: left posterior hippocampus (tail) node, sphere at MNI -26,-34,-4",healthy young adults (mean 20.6 y),36,MNI,-20,-6,-2,Pallidus L,Supplementary Table S1 (ESM1),t=8.57,"one-sample t, p<0.001 FWE whole-brain; left-hemisphere seeds (Fig S1/Table S1); positive connectivity",Qin2016_Stanford36,main
Qin2016,26336951,PMID26336951,"pHIP: left posterior hippocampus (tail) node, sphere at MNI -26,-34,-4",healthy young adults (mean 20.6 y),36,MNI,4,12,-6,Nucleus accumbens L/R,Supplementary Table S1 (ESM1),t=9.08,"one-sample t, p<0.001 FWE whole-brain; left-hemisphere seeds (Fig S1/Table S1); positive connectivity",Qin2016_Stanford36,main
Qin2016,26336951,PMID26336951,"pHIP: left posterior hippocampus (tail) node, sphere at MNI -26,-34,-4",healthy young adults (mean 20.6 y),36,MNI,8,-26,-12,Midbrain L/R,Supplementary Table S1 (ESM1),t=10.04,"one-sample t, p<0.001 FWE whole-brain; left-hemisphere seeds (Fig S1/Table S1); positive connectivity",Qin2016_Stanford36,main
Qin2016,26336951,PMID26336951,"pHIP: left posterior hippocampus (tail) node, sphere at MNI -26,-34,-4",healthy young adults (mean 20.6 y),36,MNI,-16,-50,-16,Cerebellum anterior lobe L,Supplementary Table S1 (ESM1),t=10.49,"one-sample t, p<0.001 FWE whole-brain; left-hemisphere seeds (Fig S1/Table S1); positive connectivity",Qin2016_Stanford36,main
Qin2016,26336951,PMID26336951,"pHIP: left posterior hippocampus (tail) node, sphere at MNI -26,-34,-4",healthy young adults (mean 20.6 y),36,MNI,12,-54,-18,Cerebellum anterior lobe R,Supplementary Table S1 (ESM1),t=9.42,"one-sample t, p<0.001 FWE whole-brain; left-hemisphere seeds (Fig S1/Table S1); positive connectivity",Qin2016_Stanford36,main
Chase2015,25776219,PMID25776219,Right Posterior subiculum subregion (MACM-CBP cluster of Juelich subiculum MPM),"healthy adults, NKI-Rockland (mean 41.1 y)",153,MNI,14,-34,-8,"Right Hippocampus (SUB) Left Hippocampus (SUB) Bilateral Lingual Gyrus Right Thalamus Also, Amygdala, vmPFC, ACC, caudate, VS, midbrain [peak 1 of cluster]",Supplemental Table 1 (mmc1.docx; resting-state part only),t=27.81,"rsFC main effect (flexible factorial), p<0.05 FWE cluster; positive section only; cluster size 30079 vox; OVERLAP: NKI-Rockland via 1000 Functional Connectomes",Chase2015_NKI153,main
Chase2015,25776219,PMID25776219,Right Posterior subiculum subregion (MACM-CBP cluster of Juelich subiculum MPM),"healthy adults, NKI-Rockland (mean 41.1 y)",153,MNI,-12,-28,-12,"Right Hippocampus (SUB) Left Hippocampus (SUB) Bilateral Lingual Gyrus Right Thalamus Also, Amygdala, vmPFC, ACC, caudate, VS, midbrain [peak 2 of cluster]",Supplemental Table 1 (mmc1.docx; resting-state part only),t=14.81,"rsFC main effect (flexible factorial), p<0.05 FWE cluster; positive section only; cluster size 30079 vox; OVERLAP: NKI-Rockland via 1000 Functional Connectomes",Chase2015_NKI153,main
Chase2015,25776219,PMID25776219,Right Posterior subiculum subregion (MACM-CBP cluster of Juelich subiculum MPM),"healthy adults, NKI-Rockland (mean 41.1 y)",153,MNI,20,-48,2,"Right Hippocampus (SUB) Left Hippocampus (SUB) Bilateral Lingual Gyrus Right Thalamus Also, Amygdala, vmPFC, ACC, caudate, VS, midbrain [peak 3 of cluster]",Supplemental Table 1 (mmc1.docx; resting-state part only),t=11.19,"rsFC main effect (flexible factorial), p<0.05 FWE cluster; positive section only; cluster size 30079 vox; OVERLAP: NKI-Rockland via 1000 Functional Connectomes",Chase2015_NKI153,main
Chase2015,25776219,PMID25776219,Right Posterior subiculum subregion (MACM-CBP cluster of Juelich subiculum MPM),"healthy adults, NKI-Rockland (mean 41.1 y)",153,MNI,0,-84,46,Bilateral Cuneus Bilateral Superior Occipital Gyrus,Supplemental Table 1 (mmc1.docx; resting-state part only),t=6.040,"rsFC main effect (flexible factorial), p<0.05 FWE cluster; positive section only; cluster size 269 vox; OVERLAP: NKI-Rockland via 1000 Functional Connectomes",Chase2015_NKI153,main
Chase2015,25776219,PMID25776219,Right Posterior subiculum subregion (MACM-CBP cluster of Juelich subiculum MPM),"healthy adults, NKI-Rockland (mean 41.1 y)",153,MNI,4,-54,58,Precuneus / SPL (5/7),Supplemental Table 1 (mmc1.docx; resting-state part only),t=5.27,"rsFC main effect (flexible factorial), p<0.05 FWE cluster; positive section only; cluster size 410 vox; OVERLAP: NKI-Rockland via 1000 Functional Connectomes",Chase2015_NKI153,main
Chase2015,25776219,PMID25776219,Right Posterior subiculum subregion (MACM-CBP cluster of Juelich subiculum MPM),"healthy adults, NKI-Rockland (mean 41.1 y)",153,MNI,40,-78,14,"Right Middle Occipital Gyrus, V5, IPC",Supplemental Table 1 (mmc1.docx; resting-state part only),t=5.22,"rsFC main effect (flexible factorial), p<0.05 FWE cluster; positive section only; cluster size 285 vox; OVERLAP: NKI-Rockland via 1000 Functional Connectomes",Chase2015_NKI153,main
Chase2015,25776219,PMID25776219,Right Posterior subiculum subregion (MACM-CBP cluster of Juelich subiculum MPM),"healthy adults, NKI-Rockland (mean 41.1 y)",153,MNI,34,26,-32,Right Temporal Pole,Supplemental Table 1 (mmc1.docx; resting-state part only),t=4.70,"rsFC main effect (flexible factorial), p<0.05 FWE cluster; positive section only; cluster size 71 vox; OVERLAP: NKI-Rockland via 1000 Functional Connectomes",Chase2015_NKI153,main
Chase2015,25776219,PMID25776219,Anterior subiculum subregion (MACM-CBP cluster of Juelich subiculum MPM),"healthy adults, NKI-Rockland (mean 41.1 y)",153,MNI,-22,-14,-26,"Bilateral Subiculum, Temporal Pole, Fusiform, Thalamus, Ventromedial PFC, Striatum, Insula, rostromedial PFC, superior PFC, Amygdala, Posterior Cingulate, Midbrain [peak 1 of cluster]",Supplemental Table 1 (mmc1.docx; resting-state part only),t=41.18,"rsFC main effect (flexible factorial), p<0.05 FWE cluster; positive section only; cluster size 45176 vox; OVERLAP: NKI-Rockland via 1000 Functional Connectomes",Chase2015_NKI153,main
Chase2015,25776219,PMID25776219,Anterior subiculum subregion (MACM-CBP cluster of Juelich subiculum MPM),"healthy adults, NKI-Rockland (mean 41.1 y)",153,MNI,26,-14,-26,"Bilateral Subiculum, Temporal Pole, Fusiform, Thalamus, Ventromedial PFC, Striatum, Insula, rostromedial PFC, superior PFC, Amygdala, Posterior Cingulate, Midbrain [peak 2 of cluster]",Supplemental Table 1 (mmc1.docx; resting-state part only),t=33.28,"rsFC main effect (flexible factorial), p<0.05 FWE cluster; positive section only; cluster size 45176 vox; OVERLAP: NKI-Rockland via 1000 Functional Connectomes",Chase2015_NKI153,main
Chase2015,25776219,PMID25776219,Anterior subiculum subregion (MACM-CBP cluster of Juelich subiculum MPM),"healthy adults, NKI-Rockland (mean 41.1 y)",153,MNI,34,-14,-36,"Bilateral Subiculum, Temporal Pole, Fusiform, Thalamus, Ventromedial PFC, Striatum, Insula, rostromedial PFC, superior PFC, Amygdala, Posterior Cingulate, Midbrain [peak 3 of cluster]",Supplemental Table 1 (mmc1.docx; resting-state part only),t=22.60,"rsFC main effect (flexible factorial), p<0.05 FWE cluster; positive section only; cluster size 45176 vox; OVERLAP: NKI-Rockland via 1000 Functional Connectomes",Chase2015_NKI153,main
Chase2015,25776219,PMID25776219,Anterior subiculum subregion (MACM-CBP cluster of Juelich subiculum MPM),"healthy adults, NKI-Rockland (mean 41.1 y)",153,MNI,-44,-70,34,Left Angular Gyrus (IPC: PGa) [peak 1 of cluster],Supplemental Table 1 (mmc1.docx; resting-state part only),t=10.85,"rsFC main effect (flexible factorial), p<0.05 FWE cluster; positive section only; cluster size 1036 vox; OVERLAP: NKI-Rockland via 1000 Functional Connectomes",Chase2015_NKI153,main
Chase2015,25776219,PMID25776219,Anterior subiculum subregion (MACM-CBP cluster of Juelich subiculum MPM),"healthy adults, NKI-Rockland (mean 41.1 y)",153,MNI,-44,-74,42,Left Angular Gyrus (IPC: PGa) [peak 2 of cluster],Supplemental Table 1 (mmc1.docx; resting-state part only),t=8.90,"rsFC main effect (flexible factorial), p<0.05 FWE cluster; positive section only; cluster size 1036 vox; OVERLAP: NKI-Rockland via 1000 Functional Connectomes",Chase2015_NKI153,main
Chase2015,25776219,PMID25776219,Anterior subiculum subregion (MACM-CBP cluster of Juelich subiculum MPM),"healthy adults, NKI-Rockland (mean 41.1 y)",153,MNI,-34,-80,48,Left Angular Gyrus (IPC: PGa) [peak 3 of cluster],Supplemental Table 1 (mmc1.docx; resting-state part only),t=7.27,"rsFC main effect (flexible factorial), p<0.05 FWE cluster; positive section only; cluster size 1036 vox; OVERLAP: NKI-Rockland via 1000 Functional Connectomes",Chase2015_NKI153,main
Chase2015,25776219,PMID25776219,Anterior subiculum subregion (MACM-CBP cluster of Juelich subiculum MPM),"healthy adults, NKI-Rockland (mean 41.1 y)",153,MNI,52,-74,26,Right Angular Gyrus (IPC: PGp) [peak 1 of cluster],Supplemental Table 1 (mmc1.docx; resting-state part only),t=8.75,"rsFC main effect (flexible factorial), p<0.05 FWE cluster; positive section only; cluster size 982 vox; OVERLAP: NKI-Rockland via 1000 Functional Connectomes",Chase2015_NKI153,main
Chase2015,25776219,PMID25776219,Anterior subiculum subregion (MACM-CBP cluster of Juelich subiculum MPM),"healthy adults, NKI-Rockland (mean 41.1 y)",153,MNI,56,-72,18,Right Angular Gyrus (IPC: PGp) [peak 2 of cluster],Supplemental Table 1 (mmc1.docx; resting-state part only),t=7.14,"rsFC main effect (flexible factorial), p<0.05 FWE cluster; positive section only; cluster size 982 vox; OVERLAP: NKI-Rockland via 1000 Functional Connectomes",Chase2015_NKI153,main
Chase2015,25776219,PMID25776219,Anterior subiculum subregion (MACM-CBP cluster of Juelich subiculum MPM),"healthy adults, NKI-Rockland (mean 41.1 y)",153,MNI,46,-68,24,Right Angular Gyrus (IPC: PGp) [peak 3 of cluster],Supplemental Table 1 (mmc1.docx; resting-state part only),t=7.12,"rsFC main effect (flexible factorial), p<0.05 FWE cluster; positive section only; cluster size 982 vox; OVERLAP: NKI-Rockland via 1000 Functional Connectomes",Chase2015_NKI153,main
Chase2015,25776219,PMID25776219,Anterior subiculum subregion (MACM-CBP cluster of Juelich subiculum MPM),"healthy adults, NKI-Rockland (mean 41.1 y)",153,MNI,-6,-90,-38,Right Cerebellum (Lobule VIIa) [peak 1 of cluster],Supplemental Table 1 (mmc1.docx; resting-state part only),t=7.63,"rsFC main effect (flexible factorial), p<0.05 FWE cluster; positive section only; cluster size 876 vox; OVERLAP: NKI-Rockland via 1000 Functional Connectomes",Chase2015_NKI153,main
Chase2015,25776219,PMID25776219,Anterior subiculum subregion (MACM-CBP cluster of Juelich subiculum MPM),"healthy adults, NKI-Rockland (mean 41.1 y)",153,MNI,8,-90,-38,Right Cerebellum (Lobule VIIa) [peak 2 of cluster],Supplemental Table 1 (mmc1.docx; resting-state part only),t=7.60,"rsFC main effect (flexible factorial), p<0.05 FWE cluster; positive section only; cluster size 876 vox; OVERLAP: NKI-Rockland via 1000 Functional Connectomes",Chase2015_NKI153,main
Chase2015,25776219,PMID25776219,Anterior subiculum subregion (MACM-CBP cluster of Juelich subiculum MPM),"healthy adults, NKI-Rockland (mean 41.1 y)",153,MNI,-16,-92,-38,Right Cerebellum (Lobule VIIa) [peak 3 of cluster],Supplemental Table 1 (mmc1.docx; resting-state part only),t=7.20,"rsFC main effect (flexible factorial), p<0.05 FWE cluster; positive section only; cluster size 876 vox; OVERLAP: NKI-Rockland via 1000 Functional Connectomes",Chase2015_NKI153,main
Chase2015,25776219,PMID25776219,Anterior subiculum subregion (MACM-CBP cluster of Juelich subiculum MPM),"healthy adults, NKI-Rockland (mean 41.1 y)",153,MNI,8,-32,66,Right Paracentral Lobule [peak 1 of cluster],Supplemental Table 1 (mmc1.docx; resting-state part only),t=6.53,"rsFC main effect (flexible factorial), p<0.05 FWE cluster; positive section only; cluster size 2330 vox; OVERLAP: NKI-Rockland via 1000 Functional Connectomes",Chase2015_NKI153,main
Chase2015,25776219,PMID25776219,Anterior subiculum subregion (MACM-CBP cluster of Juelich subiculum MPM),"healthy adults, NKI-Rockland (mean 41.1 y)",153,MNI,-4,-28,64,Right Paracentral Lobule [peak 2 of cluster],Supplemental Table 1 (mmc1.docx; resting-state part only),t=6.27,"rsFC main effect (flexible factorial), p<0.05 FWE cluster; positive section only; cluster size 2330 vox; OVERLAP: NKI-Rockland via 1000 Functional Connectomes",Chase2015_NKI153,main
Chase2015,25776219,PMID25776219,Anterior subiculum subregion (MACM-CBP cluster of Juelich subiculum MPM),"healthy adults, NKI-Rockland (mean 41.1 y)",153,MNI,56,-16,52,Right Paracentral Lobule [peak 3 of cluster],Supplemental Table 1 (mmc1.docx; resting-state part only),t=6.23,"rsFC main effect (flexible factorial), p<0.05 FWE cluster; positive section only; cluster size 2330 vox; OVERLAP: NKI-Rockland via 1000 Functional Connectomes",Chase2015_NKI153,main
Chase2015,25776219,PMID25776219,Anterior subiculum subregion (MACM-CBP cluster of Juelich subiculum MPM),"healthy adults, NKI-Rockland (mean 41.1 y)",153,MNI,-60,-8,24,Left Postcentral gyrus [peak 1 of cluster],Supplemental Table 1 (mmc1.docx; resting-state part only),t=5.82,"rsFC main effect (flexible factorial), p<0.05 FWE cluster; positive section only; cluster size 206 vox; OVERLAP: NKI-Rockland via 1000 Functional Connectomes",Chase2015_NKI153,main
Chase2015,25776219,PMID25776219,Anterior subiculum subregion (MACM-CBP cluster of Juelich subiculum MPM),"healthy adults, NKI-Rockland (mean 41.1 y)",153,MNI,-62,-4,14,Left Postcentral gyrus [peak 2 of cluster],Supplemental Table 1 (mmc1.docx; resting-state part only),t=5.81,"rsFC main effect (flexible factorial), p<0.05 FWE cluster; positive section only; cluster size 206 vox; OVERLAP: NKI-Rockland via 1000 Functional Connectomes",Chase2015_NKI153,main
Chase2015,25776219,PMID25776219,Anterior subiculum subregion (MACM-CBP cluster of Juelich subiculum MPM),"healthy adults, NKI-Rockland (mean 41.1 y)",153,MNI,-50,-8,20,Left Postcentral gyrus [peak 3 of cluster],Supplemental Table 1 (mmc1.docx; resting-state part only),t=3.62,"rsFC main effect (flexible factorial), p<0.05 FWE cluster; positive section only; cluster size 206 vox; OVERLAP: NKI-Rockland via 1000 Functional Connectomes",Chase2015_NKI153,main
Chase2015,25776219,PMID25776219,Anterior subiculum subregion (MACM-CBP cluster of Juelich subiculum MPM),"healthy adults, NKI-Rockland (mean 41.1 y)",153,MNI,-10,-34,18,Posterior Corpus Callosum [peak 1 of cluster],Supplemental Table 1 (mmc1.docx; resting-state part only),t=5.38,"rsFC main effect (flexible factorial), p<0.05 FWE cluster; positive section only; cluster size 115 vox; OVERLAP: NKI-Rockland via 1000 Functional Connectomes",Chase2015_NKI153,main
Chase2015,25776219,PMID25776219,Anterior subiculum subregion (MACM-CBP cluster of Juelich subiculum MPM),"healthy adults, NKI-Rockland (mean 41.1 y)",153,MNI,-12,-26,26,Posterior Corpus Callosum [peak 2 of cluster],Supplemental Table 1 (mmc1.docx; resting-state part only),t=5.045,"rsFC main effect (flexible factorial), p<0.05 FWE cluster; positive section only; cluster size 115 vox; OVERLAP: NKI-Rockland via 1000 Functional Connectomes",Chase2015_NKI153,main
Chase2015,25776219,PMID25776219,Anterior subiculum subregion (MACM-CBP cluster of Juelich subiculum MPM),"healthy adults, NKI-Rockland (mean 41.1 y)",153,MNI,2,-30,18,Posterior Corpus Callosum [peak 3 of cluster],Supplemental Table 1 (mmc1.docx; resting-state part only),t=4.66,"rsFC main effect (flexible factorial), p<0.05 FWE cluster; positive section only; cluster size 115 vox; OVERLAP: NKI-Rockland via 1000 Functional Connectomes",Chase2015_NKI153,main
Chase2015,25776219,PMID25776219,Anterior subiculum subregion (MACM-CBP cluster of Juelich subiculum MPM),"healthy adults, NKI-Rockland (mean 41.1 y)",153,MNI,58,-8,26,"Right Postcentral Gyrus, Rolandic Operculum (OP4) [peak 1 of cluster]",Supplemental Table 1 (mmc1.docx; resting-state part only),t=5.29,"rsFC main effect (flexible factorial), p<0.05 FWE cluster; positive section only; cluster size 145 vox; OVERLAP: NKI-Rockland via 1000 Functional Connectomes",Chase2015_NKI153,main
Chase2015,25776219,PMID25776219,Anterior subiculum subregion (MACM-CBP cluster of Juelich subiculum MPM),"healthy adults, NKI-Rockland (mean 41.1 y)",153,MNI,60,-6,14,"Right Postcentral Gyrus, Rolandic Operculum (OP4) [peak 2 of cluster]",Supplemental Table 1 (mmc1.docx; resting-state part only),t=4.52,"rsFC main effect (flexible factorial), p<0.05 FWE cluster; positive section only; cluster size 145 vox; OVERLAP: NKI-Rockland via 1000 Functional Connectomes",Chase2015_NKI153,main
Chase2015,25776219,PMID25776219,Anterior subiculum subregion (MACM-CBP cluster of Juelich subiculum MPM),"healthy adults, NKI-Rockland (mean 41.1 y)",153,MNI,62,-6,36,"Right Postcentral Gyrus, Rolandic Operculum (OP4) [peak 3 of cluster]",Supplemental Table 1 (mmc1.docx; resting-state part only),t=3.70,"rsFC main effect (flexible factorial), p<0.05 FWE cluster; positive section only; cluster size 145 vox; OVERLAP: NKI-Rockland via 1000 Functional Connectomes",Chase2015_NKI153,main
Chase2015,25776219,PMID25776219,Anterior subiculum subregion (MACM-CBP cluster of Juelich subiculum MPM),"healthy adults, NKI-Rockland (mean 41.1 y)",153,MNI,-4,0,28,Middle Cingulate Cortex (MCC) [peak 1 of cluster],Supplemental Table 1 (mmc1.docx; resting-state part only),t=5.10,"rsFC main effect (flexible factorial), p<0.05 FWE cluster; positive section only; cluster size 73 vox; OVERLAP: NKI-Rockland via 1000 Functional Connectomes",Chase2015_NKI153,main
Chase2015,25776219,PMID25776219,Anterior subiculum subregion (MACM-CBP cluster of Juelich subiculum MPM),"healthy adults, NKI-Rockland (mean 41.1 y)",153,MNI,6,2,28,Middle Cingulate Cortex (MCC) [peak 2 of cluster],Supplemental Table 1 (mmc1.docx; resting-state part only),t=4.62,"rsFC main effect (flexible factorial), p<0.05 FWE cluster; positive section only; cluster size 73 vox; OVERLAP: NKI-Rockland via 1000 Functional Connectomes",Chase2015_NKI153,main
Chase2015,25776219,PMID25776219,Anterior subiculum subregion (MACM-CBP cluster of Juelich subiculum MPM),"healthy adults, NKI-Rockland (mean 41.1 y)",153,MNI,-10,-8,26,Middle Cingulate Cortex (MCC) [peak 3 of cluster],Supplemental Table 1 (mmc1.docx; resting-state part only),t=3.96,"rsFC main effect (flexible factorial), p<0.05 FWE cluster; positive section only; cluster size 73 vox; OVERLAP: NKI-Rockland via 1000 Functional Connectomes",Chase2015_NKI153,main
Chase2015,25776219,PMID25776219,Left Intermediate subiculum subregion (MACM-CBP cluster of Juelich subiculum MPM),"healthy adults, NKI-Rockland (mean 41.1 y)",153,MNI,-18,-26,-18,"Bilateral Hippocampus (SUB), Amygdala, Ventromedial PFC, Insula, Temporal Lobe, Midbrain [peak 1 of cluster]",Supplemental Table 1 (mmc1.docx; resting-state part only),t=32.54,"rsFC main effect (flexible factorial), p<0.05 FWE cluster; positive section only; cluster size 18583 vox; OVERLAP: NKI-Rockland via 1000 Functional Connectomes",Chase2015_NKI153,main
Chase2015,25776219,PMID25776219,Left Intermediate subiculum subregion (MACM-CBP cluster of Juelich subiculum MPM),"healthy adults, NKI-Rockland (mean 41.1 y)",153,MNI,16,-28,-20,"Bilateral Hippocampus (SUB), Amygdala, Ventromedial PFC, Insula, Temporal Lobe, Midbrain [peak 2 of cluster]",Supplemental Table 1 (mmc1.docx; resting-state part only),t=13.58,"rsFC main effect (flexible factorial), p<0.05 FWE cluster; positive section only; cluster size 18583 vox; OVERLAP: NKI-Rockland via 1000 Functional Connectomes",Chase2015_NKI153,main
Chase2015,25776219,PMID25776219,Left Intermediate subiculum subregion (MACM-CBP cluster of Juelich subiculum MPM),"healthy adults, NKI-Rockland (mean 41.1 y)",153,MNI,12,-36,-12,"Bilateral Hippocampus (SUB), Amygdala, Ventromedial PFC, Insula, Temporal Lobe, Midbrain [peak 3 of cluster]",Supplemental Table 1 (mmc1.docx; resting-state part only),t=9.80,"rsFC main effect (flexible factorial), p<0.05 FWE cluster; positive section only; cluster size 18583 vox; OVERLAP: NKI-Rockland via 1000 Functional Connectomes",Chase2015_NKI153,main
Chase2015,25776219,PMID25776219,Left Intermediate subiculum subregion (MACM-CBP cluster of Juelich subiculum MPM),"healthy adults, NKI-Rockland (mean 41.1 y)",153,MNI,-12,-8,28,Left Posterior Caudate [peak 1 of cluster],Supplemental Table 1 (mmc1.docx; resting-state part only),t=5.78,"rsFC main effect (flexible factorial), p<0.05 FWE cluster; positive section only; cluster size 158 vox; OVERLAP: NKI-Rockland via 1000 Functional Connectomes",Chase2015_NKI153,main
Chase2015,25776219,PMID25776219,Left Intermediate subiculum subregion (MACM-CBP cluster of Juelich subiculum MPM),"healthy adults, NKI-Rockland (mean 41.1 y)",153,MNI,-20,-16,24,Left Posterior Caudate [peak 2 of cluster],Supplemental Table 1 (mmc1.docx; resting-state part only),t=4.70,"rsFC main effect (flexible factorial), p<0.05 FWE cluster; positive section only; cluster size 158 vox; OVERLAP: NKI-Rockland via 1000 Functional Connectomes",Chase2015_NKI153,main
Chase2015,25776219,PMID25776219,Left Intermediate subiculum subregion (MACM-CBP cluster of Juelich subiculum MPM),"healthy adults, NKI-Rockland (mean 41.1 y)",153,MNI,-20,-6,26,Left Posterior Caudate [peak 3 of cluster],Supplemental Table 1 (mmc1.docx; resting-state part only),t=4.51,"rsFC main effect (flexible factorial), p<0.05 FWE cluster; positive section only; cluster size 158 vox; OVERLAP: NKI-Rockland via 1000 Functional Connectomes",Chase2015_NKI153,main
Chase2015,25776219,PMID25776219,Left Intermediate subiculum subregion (MACM-CBP cluster of Juelich subiculum MPM),"healthy adults, NKI-Rockland (mean 41.1 y)",153,MNI,-42,-70,34,Left Angular Gyrus (IPC – PGp),Supplemental Table 1 (mmc1.docx; resting-state part only),t=4.87,"rsFC main effect (flexible factorial), p<0.05 FWE cluster; positive section only; cluster size 98 vox; OVERLAP: NKI-Rockland via 1000 Functional Connectomes",Chase2015_NKI153,main
Chase2015,25776219,PMID25776219,Left Intermediate subiculum subregion (MACM-CBP cluster of Juelich subiculum MPM),"healthy adults, NKI-Rockland (mean 41.1 y)",153,MNI,-6,-88,-18,"Left Cerebellum (Lobule VI, VIIa) [peak 1 of cluster]",Supplemental Table 1 (mmc1.docx; resting-state part only),t=4.69,"rsFC main effect (flexible factorial), p<0.05 FWE cluster; positive section only; cluster size 147 vox; OVERLAP: NKI-Rockland via 1000 Functional Connectomes",Chase2015_NKI153,main
Chase2015,25776219,PMID25776219,Left Intermediate subiculum subregion (MACM-CBP cluster of Juelich subiculum MPM),"healthy adults, NKI-Rockland (mean 41.1 y)",153,MNI,0,-94,-18,"Left Cerebellum (Lobule VI, VIIa) [peak 2 of cluster]",Supplemental Table 1 (mmc1.docx; resting-state part only),t=4.58,"rsFC main effect (flexible factorial), p<0.05 FWE cluster; positive section only; cluster size 147 vox; OVERLAP: NKI-Rockland via 1000 Functional Connectomes",Chase2015_NKI153,main
Chase2015,25776219,PMID25776219,Left Intermediate subiculum subregion (MACM-CBP cluster of Juelich subiculum MPM),"healthy adults, NKI-Rockland (mean 41.1 y)",153,MNI,4,-86,-20,"Left Cerebellum (Lobule VI, VIIa) [peak 3 of cluster]",Supplemental Table 1 (mmc1.docx; resting-state part only),t=4.45,"rsFC main effect (flexible factorial), p<0.05 FWE cluster; positive section only; cluster size 147 vox; OVERLAP: NKI-Rockland via 1000 Functional Connectomes",Chase2015_NKI153,main
Chase2015,25776219,PMID25776219,Left Posterior subiculum subregion (MACM-CBP cluster of Juelich subiculum MPM),"healthy adults, NKI-Rockland (mean 41.1 y)",153,MNI,-14,-36,-6,Bilateral Hippocampus (SUB) Bilateral Calcarine gyrus Bilateral Parahippocampal Gyrus Bilateral Posterior Insula Thalamus Medial Striatum Midbrain Precuneus Ventromedial PFC / ACC [peak 1 of cluster],Supplemental Table 1 (mmc1.docx; resting-state part only),t=31.023,"rsFC main effect (flexible factorial), p<0.05 FWE cluster; positive section only; cluster size 29650 vox; OVERLAP: NKI-Rockland via 1000 Functional Connectomes",Chase2015_NKI153,main
Chase2015,25776219,PMID25776219,Left Posterior subiculum subregion (MACM-CBP cluster of Juelich subiculum MPM),"healthy adults, NKI-Rockland (mean 41.1 y)",153,MNI,18,-58,8,Bilateral Hippocampus (SUB) Bilateral Calcarine gyrus Bilateral Parahippocampal Gyrus Bilateral Posterior Insula Thalamus Medial Striatum Midbrain Precuneus Ventromedial PFC / ACC [peak 2 of cluster],Supplemental Table 1 (mmc1.docx; resting-state part only),t=13.22,"rsFC main effect (flexible factorial), p<0.05 FWE cluster; positive section only; cluster size 29650 vox; OVERLAP: NKI-Rockland via 1000 Functional Connectomes",Chase2015_NKI153,main
Chase2015,25776219,PMID25776219,Left Posterior subiculum subregion (MACM-CBP cluster of Juelich subiculum MPM),"healthy adults, NKI-Rockland (mean 41.1 y)",153,MNI,-12,-60,8,Bilateral Hippocampus (SUB) Bilateral Calcarine gyrus Bilateral Parahippocampal Gyrus Bilateral Posterior Insula Thalamus Medial Striatum Midbrain Precuneus Ventromedial PFC / ACC [peak 3 of cluster],Supplemental Table 1 (mmc1.docx; resting-state part only),t=13.096,"rsFC main effect (flexible factorial), p<0.05 FWE cluster; positive section only; cluster size 29650 vox; OVERLAP: NKI-Rockland via 1000 Functional Connectomes",Chase2015_NKI153,main
Chase2015,25776219,PMID25776219,Left Posterior subiculum subregion (MACM-CBP cluster of Juelich subiculum MPM),"healthy adults, NKI-Rockland (mean 41.1 y)",153,MNI,0,-30,-44,Midbrain [peak 1 of cluster],Supplemental Table 1 (mmc1.docx; resting-state part only),t=5.20,"rsFC main effect (flexible factorial), p<0.05 FWE cluster; positive section only; cluster size 100 vox; OVERLAP: NKI-Rockland via 1000 Functional Connectomes",Chase2015_NKI153,main
Chase2015,25776219,PMID25776219,Left Posterior subiculum subregion (MACM-CBP cluster of Juelich subiculum MPM),"healthy adults, NKI-Rockland (mean 41.1 y)",153,MNI,4,-28,-36,Midbrain [peak 2 of cluster],Supplemental Table 1 (mmc1.docx; resting-state part only),t=3.66,"rsFC main effect (flexible factorial), p<0.05 FWE cluster; positive section only; cluster size 100 vox; OVERLAP: NKI-Rockland via 1000 Functional Connectomes",Chase2015_NKI153,main
Chase2015,25776219,PMID25776219,Left Posterior subiculum subregion (MACM-CBP cluster of Juelich subiculum MPM),"healthy adults, NKI-Rockland (mean 41.1 y)",153,MNI,8,-30,-46,Midbrain [peak 3 of cluster],Supplemental Table 1 (mmc1.docx; resting-state part only),t=3.36,"rsFC main effect (flexible factorial), p<0.05 FWE cluster; positive section only; cluster size 100 vox; OVERLAP: NKI-Rockland via 1000 Functional Connectomes",Chase2015_NKI153,main
Chase2015,25776219,PMID25776219,Left Posterior subiculum subregion (MACM-CBP cluster of Juelich subiculum MPM),"healthy adults, NKI-Rockland (mean 41.1 y)",153,MNI,-36,-26,14,Left Heschl’s Gyrus / Insula (OP2) [peak 1 of cluster],Supplemental Table 1 (mmc1.docx; resting-state part only),t=4.66,"rsFC main effect (flexible factorial), p<0.05 FWE cluster; positive section only; cluster size 82 vox; OVERLAP: NKI-Rockland via 1000 Functional Connectomes",Chase2015_NKI153,main
Chase2015,25776219,PMID25776219,Left Posterior subiculum subregion (MACM-CBP cluster of Juelich subiculum MPM),"healthy adults, NKI-Rockland (mean 41.1 y)",153,MNI,-38,-20,8,Left Heschl’s Gyrus / Insula (OP2) [peak 2 of cluster],Supplemental Table 1 (mmc1.docx; resting-state part only),t=4.011,"rsFC main effect (flexible factorial), p<0.05 FWE cluster; positive section only; cluster size 82 vox; OVERLAP: NKI-Rockland via 1000 Functional Connectomes",Chase2015_NKI153,main
Chase2015,25776219,PMID25776219,Left Posterior subiculum subregion (MACM-CBP cluster of Juelich subiculum MPM),"healthy adults, NKI-Rockland (mean 41.1 y)",153,MNI,-40,-28,6,Left Heschl’s Gyrus / Insula (OP2) [peak 3 of cluster],Supplemental Table 1 (mmc1.docx; resting-state part only),t=3.53,"rsFC main effect (flexible factorial), p<0.05 FWE cluster; positive section only; cluster size 82 vox; OVERLAP: NKI-Rockland via 1000 Functional Connectomes",Chase2015_NKI153,main
Chase2015,25776219,PMID25776219,Left Posterior subiculum subregion (MACM-CBP cluster of Juelich subiculum MPM),"healthy adults, NKI-Rockland (mean 41.1 y)",153,MNI,22,-92,-28,Right Cerebellum (Lobule VIIa) [peak 1 of cluster],Supplemental Table 1 (mmc1.docx; resting-state part only),t=4.54,"rsFC main effect (flexible factorial), p<0.05 FWE cluster; positive section only; cluster size 70 vox; OVERLAP: NKI-Rockland via 1000 Functional Connectomes",Chase2015_NKI153,main
Chase2015,25776219,PMID25776219,Left Posterior subiculum subregion (MACM-CBP cluster of Juelich subiculum MPM),"healthy adults, NKI-Rockland (mean 41.1 y)",153,MNI,30,-88,-26,Right Cerebellum (Lobule VIIa) [peak 2 of cluster],Supplemental Table 1 (mmc1.docx; resting-state part only),t=4.45,"rsFC main effect (flexible factorial), p<0.05 FWE cluster; positive section only; cluster size 70 vox; OVERLAP: NKI-Rockland via 1000 Functional Connectomes",Chase2015_NKI153,main
Chase2015,25776219,PMID25776219,Left Posterior subiculum subregion (MACM-CBP cluster of Juelich subiculum MPM),"healthy adults, NKI-Rockland (mean 41.1 y)",153,MNI,42,-84,-24,Right Cerebellum (Lobule VIIa) [peak 3 of cluster],Supplemental Table 1 (mmc1.docx; resting-state part only),t=3.54,"rsFC main effect (flexible factorial), p<0.05 FWE cluster; positive section only; cluster size 70 vox; OVERLAP: NKI-Rockland via 1000 Functional Connectomes",Chase2015_NKI153,main
Chase2015,25776219,PMID25776219,Right Intermediate subiculum subregion (MACM-CBP cluster of Juelich subiculum MPM),"healthy adults, NKI-Rockland (mean 41.1 y)",153,MNI,22,-22,-16,"Bilateral Hippocampus (SUB) Bilateral Amygdala Bilateral Caudate (anterior and posterior) Bilateral Temporal pole Ventromedial PFC Precuneus, Posterior Cingulate Thalamus Midbrain [peak 1 of cluster]",Supplemental Table 1 (mmc1.docx; resting-state part only),t=35.25,"rsFC main effect (flexible factorial), p<0.05 FWE cluster; positive section only; cluster size 28881 vox; OVERLAP: NKI-Rockland via 1000 Functional Connectomes",Chase2015_NKI153,main
Chase2015,25776219,PMID25776219,Right Intermediate subiculum subregion (MACM-CBP cluster of Juelich subiculum MPM),"healthy adults, NKI-Rockland (mean 41.1 y)",153,MNI,32,-10,-22,"Bilateral Hippocampus (SUB) Bilateral Amygdala Bilateral Caudate (anterior and posterior) Bilateral Temporal pole Ventromedial PFC Precuneus, Posterior Cingulate Thalamus Midbrain [peak 2 of cluster]",Supplemental Table 1 (mmc1.docx; resting-state part only),t=12.61,"rsFC main effect (flexible factorial), p<0.05 FWE cluster; positive section only; cluster size 28881 vox; OVERLAP: NKI-Rockland via 1000 Functional Connectomes",Chase2015_NKI153,main
Chase2015,25776219,PMID25776219,Right Intermediate subiculum subregion (MACM-CBP cluster of Juelich subiculum MPM),"healthy adults, NKI-Rockland (mean 41.1 y)",153,MNI,-24,-18,-18,"Bilateral Hippocampus (SUB) Bilateral Amygdala Bilateral Caudate (anterior and posterior) Bilateral Temporal pole Ventromedial PFC Precuneus, Posterior Cingulate Thalamus Midbrain [peak 3 of cluster]",Supplemental Table 1 (mmc1.docx; resting-state part only),t=12.11,"rsFC main effect (flexible factorial), p<0.05 FWE cluster; positive section only; cluster size 28881 vox; OVERLAP: NKI-Rockland via 1000 Functional Connectomes",Chase2015_NKI153,main
Chase2015,25776219,PMID25776219,Right Intermediate subiculum subregion (MACM-CBP cluster of Juelich subiculum MPM),"healthy adults, NKI-Rockland (mean 41.1 y)",153,MNI,-4,-86,-20,"Bilateral Cerebellum (Lobule VI, VIIa Crus 1) [peak 1 of cluster]",Supplemental Table 1 (mmc1.docx; resting-state part only),t=7.94,"rsFC main effect (flexible factorial), p<0.05 FWE cluster; positive section only; cluster size 805 vox; OVERLAP: NKI-Rockland via 1000 Functional Connectomes",Chase2015_NKI153,main
Chase2015,25776219,PMID25776219,Right Intermediate subiculum subregion (MACM-CBP cluster of Juelich subiculum MPM),"healthy adults, NKI-Rockland (mean 41.1 y)",153,MNI,-34,-88,-30,"Bilateral Cerebellum (Lobule VI, VIIa Crus 1) [peak 2 of cluster]",Supplemental Table 1 (mmc1.docx; resting-state part only),t=6.42,"rsFC main effect (flexible factorial), p<0.05 FWE cluster; positive section only; cluster size 805 vox; OVERLAP: NKI-Rockland via 1000 Functional Connectomes",Chase2015_NKI153,main
Chase2015,25776219,PMID25776219,Right Intermediate subiculum subregion (MACM-CBP cluster of Juelich subiculum MPM),"healthy adults, NKI-Rockland (mean 41.1 y)",153,MNI,-18,-92,-32,"Bilateral Cerebellum (Lobule VI, VIIa Crus 1) [peak 3 of cluster]",Supplemental Table 1 (mmc1.docx; resting-state part only),t=5.40,"rsFC main effect (flexible factorial), p<0.05 FWE cluster; positive section only; cluster size 805 vox; OVERLAP: NKI-Rockland via 1000 Functional Connectomes",Chase2015_NKI153,main
Chase2015,25776219,PMID25776219,Right Intermediate subiculum subregion (MACM-CBP cluster of Juelich subiculum MPM),"healthy adults, NKI-Rockland (mean 41.1 y)",153,MNI,34,34,-16,Right Central Orbitofrontal Cortex,Supplemental Table 1 (mmc1.docx; resting-state part only),t=6.98,"rsFC main effect (flexible factorial), p<0.05 FWE cluster; positive section only; cluster size 177 vox; OVERLAP: NKI-Rockland via 1000 Functional Connectomes",Chase2015_NKI153,main
Chase2015,25776219,PMID25776219,Right Intermediate subiculum subregion (MACM-CBP cluster of Juelich subiculum MPM),"healthy adults, NKI-Rockland (mean 41.1 y)",153,MNI,46,-72,32,Right Angular Gyrus (IPC – PGp) [peak 1 of cluster],Supplemental Table 1 (mmc1.docx; resting-state part only),t=6.095,"rsFC main effect (flexible factorial), p<0.05 FWE cluster; positive section only; cluster size 621 vox; OVERLAP: NKI-Rockland via 1000 Functional Connectomes",Chase2015_NKI153,main
Chase2015,25776219,PMID25776219,Right Intermediate subiculum subregion (MACM-CBP cluster of Juelich subiculum MPM),"healthy adults, NKI-Rockland (mean 41.1 y)",153,MNI,46,-70,22,Right Angular Gyrus (IPC – PGp) [peak 2 of cluster],Supplemental Table 1 (mmc1.docx; resting-state part only),t=5.53,"rsFC main effect (flexible factorial), p<0.05 FWE cluster; positive section only; cluster size 621 vox; OVERLAP: NKI-Rockland via 1000 Functional Connectomes",Chase2015_NKI153,main
Chase2015,25776219,PMID25776219,Right Intermediate subiculum subregion (MACM-CBP cluster of Juelich subiculum MPM),"healthy adults, NKI-Rockland (mean 41.1 y)",153,MNI,36,-64,22,Right Angular Gyrus (IPC – PGp) [peak 3 of cluster],Supplemental Table 1 (mmc1.docx; resting-state part only),t=4.84,"rsFC main effect (flexible factorial), p<0.05 FWE cluster; positive section only; cluster size 621 vox; OVERLAP: NKI-Rockland via 1000 Functional Connectomes",Chase2015_NKI153,main
Chase2015,25776219,PMID25776219,Right Intermediate subiculum subregion (MACM-CBP cluster of Juelich subiculum MPM),"healthy adults, NKI-Rockland (mean 41.1 y)",153,MNI,-44,-66,30,Left Angular Gyrus (IPC – PGp) [peak 1 of cluster],Supplemental Table 1 (mmc1.docx; resting-state part only),t=5.55,"rsFC main effect (flexible factorial), p<0.05 FWE cluster; positive section only; cluster size 193 vox; OVERLAP: NKI-Rockland via 1000 Functional Connectomes",Chase2015_NKI153,main
Chase2015,25776219,PMID25776219,Right Intermediate subiculum subregion (MACM-CBP cluster of Juelich subiculum MPM),"healthy adults, NKI-Rockland (mean 41.1 y)",153,MNI,-48,-72,40,Left Angular Gyrus (IPC – PGp) [peak 2 of cluster],Supplemental Table 1 (mmc1.docx; resting-state part only),t=4.85,"rsFC main effect (flexible factorial), p<0.05 FWE cluster; positive section only; cluster size 193 vox; OVERLAP: NKI-Rockland via 1000 Functional Connectomes",Chase2015_NKI153,main
Chase2015,25776219,PMID25776219,Right Intermediate subiculum subregion (MACM-CBP cluster of Juelich subiculum MPM),"healthy adults, NKI-Rockland (mean 41.1 y)",153,MNI,-42,-76,46,Left Angular Gyrus (IPC – PGp) [peak 3 of cluster],Supplemental Table 1 (mmc1.docx; resting-state part only),t=3.39,"rsFC main effect (flexible factorial), p<0.05 FWE cluster; positive section only; cluster size 193 vox; OVERLAP: NKI-Rockland via 1000 Functional Connectomes",Chase2015_NKI153,main
Chase2015,25776219,PMID25776219,Right Intermediate subiculum subregion (MACM-CBP cluster of Juelich subiculum MPM),"healthy adults, NKI-Rockland (mean 41.1 y)",153,MNI,18,32,40,Right Superior Frontal Gyrus [peak 1 of cluster],Supplemental Table 1 (mmc1.docx; resting-state part only),t=5.49,"rsFC main effect (flexible factorial), p<0.05 FWE cluster; positive section only; cluster size 222 vox; OVERLAP: NKI-Rockland via 1000 Functional Connectomes",Chase2015_NKI153,main
Chase2015,25776219,PMID25776219,Right Intermediate subiculum subregion (MACM-CBP cluster of Juelich subiculum MPM),"healthy adults, NKI-Rockland (mean 41.1 y)",153,MNI,22,30,48,Right Superior Frontal Gyrus [peak 2 of cluster],Supplemental Table 1 (mmc1.docx; resting-state part only),t=4.91,"rsFC main effect (flexible factorial), p<0.05 FWE cluster; positive section only; cluster size 222 vox; OVERLAP: NKI-Rockland via 1000 Functional Connectomes",Chase2015_NKI153,main
Chase2015,25776219,PMID25776219,Right Intermediate subiculum subregion (MACM-CBP cluster of Juelich subiculum MPM),"healthy adults, NKI-Rockland (mean 41.1 y)",153,MNI,-40,-74,-40,Left Cerebellum (Lobule VIIa Crus 1) [peak 1 of cluster],Supplemental Table 1 (mmc1.docx; resting-state part only),t=5.40,"rsFC main effect (flexible factorial), p<0.05 FWE cluster; positive section only; cluster size 180 vox; OVERLAP: NKI-Rockland via 1000 Functional Connectomes",Chase2015_NKI153,main
Chase2015,25776219,PMID25776219,Right Intermediate subiculum subregion (MACM-CBP cluster of Juelich subiculum MPM),"healthy adults, NKI-Rockland (mean 41.1 y)",153,MNI,-48,-62,-44,Left Cerebellum (Lobule VIIa Crus 1) [peak 2 of cluster],Supplemental Table 1 (mmc1.docx; resting-state part only),t=4.39,"rsFC main effect (flexible factorial), p<0.05 FWE cluster; positive section only; cluster size 180 vox; OVERLAP: NKI-Rockland via 1000 Functional Connectomes",Chase2015_NKI153,main
Chase2015,25776219,PMID25776219,Right Intermediate subiculum subregion (MACM-CBP cluster of Juelich subiculum MPM),"healthy adults, NKI-Rockland (mean 41.1 y)",153,MNI,44,-72,-40,Right Cerebellum (Lobule VIIa Crus 1) [peak 1 of cluster],Supplemental Table 1 (mmc1.docx; resting-state part only),t=4.77,"rsFC main effect (flexible factorial), p<0.05 FWE cluster; positive section only; cluster size 75 vox; OVERLAP: NKI-Rockland via 1000 Functional Connectomes",Chase2015_NKI153,main
Chase2015,25776219,PMID25776219,Right Intermediate subiculum subregion (MACM-CBP cluster of Juelich subiculum MPM),"healthy adults, NKI-Rockland (mean 41.1 y)",153,MNI,48,-66,-44,Right Cerebellum (Lobule VIIa Crus 1) [peak 2 of cluster],Supplemental Table 1 (mmc1.docx; resting-state part only),t=4.47,"rsFC main effect (flexible factorial), p<0.05 FWE cluster; positive section only; cluster size 75 vox; OVERLAP: NKI-Rockland via 1000 Functional Connectomes",Chase2015_NKI153,main
Chase2015,25776219,PMID25776219,Right Intermediate subiculum subregion (MACM-CBP cluster of Juelich subiculum MPM),"healthy adults, NKI-Rockland (mean 41.1 y)",153,MNI,30,-48,-52,Right Cerebellum (Lobule VIIIa/b),Supplemental Table 1 (mmc1.docx; resting-state part only),t=4.65,"rsFC main effect (flexible factorial), p<0.05 FWE cluster; positive section only; cluster size 69 vox; OVERLAP: NKI-Rockland via 1000 Functional Connectomes",Chase2015_NKI153,main
ZhangJ2021,34529323,PMID34529323,"bilateral hippocampus (Harvard-Oxford, whole)",healthy adults 19-75 y (SALD),262,MNI,-9,-51,-48,Cerebellum L (Cereb),Table S1 (HBM-42-5973-s001.docx),,"voxel-wise whole-brain FC of bilateral hippocampus, one-sample t, FDR p<.001 + cluster extent; peaks of 8 target areas; sign not stated explicitly but targets are DMN regions (positive connectivity); no t values; OVERLAP: SALD",ZhangJ2021_SALD262,main
ZhangJ2021,34529323,PMID34529323,"bilateral hippocampus (Harvard-Oxford, whole)",healthy adults 19-75 y (SALD),262,MNI,-60,-6,-21,Superior temporal gyrus L (STG),Table S1 (HBM-42-5973-s001.docx),,"voxel-wise whole-brain FC of bilateral hippocampus, one-sample t, FDR p<.001 + cluster extent; peaks of 8 target areas; sign not stated explicitly but targets are DMN regions (positive connectivity); no t values; OVERLAP: SALD",ZhangJ2021_SALD262,main
ZhangJ2021,34529323,PMID34529323,"bilateral hippocampus (Harvard-Oxford, whole)",healthy adults 19-75 y (SALD),262,MNI,3,42,-12,Medial prefrontal gyrus R (MPFC),Table S1 (HBM-42-5973-s001.docx),,"voxel-wise whole-brain FC of bilateral hippocampus, one-sample t, FDR p<.001 + cluster extent; peaks of 8 target areas; sign not stated explicitly but targets are DMN regions (positive connectivity); no t values; OVERLAP: SALD",ZhangJ2021_SALD262,main
ZhangJ2021,34529323,PMID34529323,"bilateral hippocampus (Harvard-Oxford, whole)",healthy adults 19-75 y (SALD),262,MNI,-45,-72,36,Angular gyrus L (AG),Table S1 (HBM-42-5973-s001.docx),,"voxel-wise whole-brain FC of bilateral hippocampus, one-sample t, FDR p<.001 + cluster extent; peaks of 8 target areas; sign not stated explicitly but targets are DMN regions (positive connectivity); no t values; OVERLAP: SALD",ZhangJ2021_SALD262,main
ZhangJ2021,34529323,PMID34529323,"bilateral hippocampus (Harvard-Oxford, whole)",healthy adults 19-75 y (SALD),262,MNI,-18,38,48,Superior frontal gyrus L (SFG),Table S1 (HBM-42-5973-s001.docx),,"voxel-wise whole-brain FC of bilateral hippocampus, one-sample t, FDR p<.001 + cluster extent; peaks of 8 target areas; sign not stated explicitly but targets are DMN regions (positive connectivity); no t values; OVERLAP: SALD",ZhangJ2021_SALD262,main
ZhangJ2021,34529323,PMID34529323,"bilateral hippocampus (Harvard-Oxford, whole)",healthy adults 19-75 y (SALD),262,MNI,-9,-52,16,Retrosplenial cortex L (Rsc),Table S1 (HBM-42-5973-s001.docx),,"voxel-wise whole-brain FC of bilateral hippocampus, one-sample t, FDR p<.001 + cluster extent; peaks of 8 target areas; sign not stated explicitly but targets are DMN regions (positive connectivity); no t values; OVERLAP: SALD",ZhangJ2021_SALD262,main
ZhangJ2021,34529323,PMID34529323,"bilateral hippocampus (Harvard-Oxford, whole)",healthy adults 19-75 y (SALD),262,MNI,9,-51,9,Retrosplenial cortex R (Rsc),Table S1 (HBM-42-5973-s001.docx),,"voxel-wise whole-brain FC of bilateral hippocampus, one-sample t, FDR p<.001 + cluster extent; peaks of 8 target areas; sign not stated explicitly but targets are DMN regions (positive connectivity); no t values; OVERLAP: SALD",ZhangJ2021_SALD262,main
ZhangJ2021,34529323,PMID34529323,"bilateral hippocampus (Harvard-Oxford, whole)",healthy adults 19-75 y (SALD),262,MNI,48,-69,36,Angular gyrus R (AG),Table S1 (HBM-42-5973-s001.docx),,"voxel-wise whole-brain FC of bilateral hippocampus, one-sample t, FDR p<.001 + cluster extent; peaks of 8 target areas; sign not stated explicitly but targets are DMN regions (positive connectivity); no t values; OVERLAP: SALD",ZhangJ2021_SALD262,main
Robinson2015,26350954,PMID26350954,L1 (left hippocampus 3-cluster CBP of Harvard-Oxford 75% hippocampus),healthy young adults (7T; mean 21.2 y),23,MNI,-57,-9,26,Frontal: Left Precentral Gyrus BA4,Table 2,,"7T seed-to-voxel rsFC (CONN/SPM8, normalised to MNI), FWE cluster p<0.05 TWO-TAILED; table gives no sign/t -> positive vs negative cannot be distinguished; labels from Talairach Daemon (space of table not stated, MNI per Methods)",Robinson2015_Auburn7T23,sensitivity_only
Robinson2015,26350954,PMID26350954,L1 (left hippocampus 3-cluster CBP of Harvard-Oxford 75% hippocampus),healthy young adults (7T; mean 21.2 y),23,MNI,43,-17,39,Frontal: Right Precentral Gyrus,Table 2,,"7T seed-to-voxel rsFC (CONN/SPM8, normalised to MNI), FWE cluster p<0.05 TWO-TAILED; table gives no sign/t -> positive vs negative cannot be distinguished; labels from Talairach Daemon (space of table not stated, MNI per Methods)",Robinson2015_Auburn7T23,sensitivity_only
Robinson2015,26350954,PMID26350954,L1 (left hippocampus 3-cluster CBP of Harvard-Oxford 75% hippocampus),healthy young adults (7T; mean 21.2 y),23,MNI,52,-10,26,Frontal: Right Precentral Gyrus,Table 2,,"7T seed-to-voxel rsFC (CONN/SPM8, normalised to MNI), FWE cluster p<0.05 TWO-TAILED; table gives no sign/t -> positive vs negative cannot be distinguished; labels from Talairach Daemon (space of table not stated, MNI per Methods)",Robinson2015_Auburn7T23,sensitivity_only
Robinson2015,26350954,PMID26350954,L1 (left hippocampus 3-cluster CBP of Harvard-Oxford 75% hippocampus),healthy young adults (7T; mean 21.2 y),23,MNI,32,29,51,Frontal: Right Superior Frontal Gyrus BA8,Table 2,,"7T seed-to-voxel rsFC (CONN/SPM8, normalised to MNI), FWE cluster p<0.05 TWO-TAILED; table gives no sign/t -> positive vs negative cannot be distinguished; labels from Talairach Daemon (space of table not stated, MNI per Methods)",Robinson2015_Auburn7T23,sensitivity_only
Robinson2015,26350954,PMID26350954,L1 (left hippocampus 3-cluster CBP of Harvard-Oxford 75% hippocampus),healthy young adults (7T; mean 21.2 y),23,MNI,25,-35,-2,Limbic: Right Parahippocampal Gyrus BA27,Table 2,,"7T seed-to-voxel rsFC (CONN/SPM8, normalised to MNI), FWE cluster p<0.05 TWO-TAILED; table gives no sign/t -> positive vs negative cannot be distinguished; labels from Talairach Daemon (space of table not stated, MNI per Methods)",Robinson2015_Auburn7T23,sensitivity_only
Robinson2015,26350954,PMID26350954,L1 (left hippocampus 3-cluster CBP of Harvard-Oxford 75% hippocampus),healthy young adults (7T; mean 21.2 y),23,MNI,19,-59,13,Limbic: Right Posterior Cingulate BA30,Table 2,,"7T seed-to-voxel rsFC (CONN/SPM8, normalised to MNI), FWE cluster p<0.05 TWO-TAILED; table gives no sign/t -> positive vs negative cannot be distinguished; labels from Talairach Daemon (space of table not stated, MNI per Methods)",Robinson2015_Auburn7T23,sensitivity_only
Robinson2015,26350954,PMID26350954,L1 (left hippocampus 3-cluster CBP of Harvard-Oxford 75% hippocampus),healthy young adults (7T; mean 21.2 y),23,MNI,3,39,-6,Limbic: Right Anterior Cingulate BA32,Table 2,,"7T seed-to-voxel rsFC (CONN/SPM8, normalised to MNI), FWE cluster p<0.05 TWO-TAILED; table gives no sign/t -> positive vs negative cannot be distinguished; labels from Talairach Daemon (space of table not stated, MNI per Methods)",Robinson2015_Auburn7T23,sensitivity_only
Robinson2015,26350954,PMID26350954,L1 (left hippocampus 3-cluster CBP of Harvard-Oxford 75% hippocampus),healthy young adults (7T; mean 21.2 y),23,MNI,-23,-11,-17,Limbic: Left Amygdala,Table 2,,"7T seed-to-voxel rsFC (CONN/SPM8, normalised to MNI), FWE cluster p<0.05 TWO-TAILED; table gives no sign/t -> positive vs negative cannot be distinguished; labels from Talairach Daemon (space of table not stated, MNI per Methods)",Robinson2015_Auburn7T23,sensitivity_only
Robinson2015,26350954,PMID26350954,L1 (left hippocampus 3-cluster CBP of Harvard-Oxford 75% hippocampus),healthy young adults (7T; mean 21.2 y),23,MNI,27,-13,-15,Limbic: Right Hippocampus,Table 2,,"7T seed-to-voxel rsFC (CONN/SPM8, normalised to MNI), FWE cluster p<0.05 TWO-TAILED; table gives no sign/t -> positive vs negative cannot be distinguished; labels from Talairach Daemon (space of table not stated, MNI per Methods)",Robinson2015_Auburn7T23,sensitivity_only
Robinson2015,26350954,PMID26350954,L1 (left hippocampus 3-cluster CBP of Harvard-Oxford 75% hippocampus),healthy young adults (7T; mean 21.2 y),23,MNI,13,-87,5,Occipital: Right Lingual Gyrus BA17,Table 2,,"7T seed-to-voxel rsFC (CONN/SPM8, normalised to MNI), FWE cluster p<0.05 TWO-TAILED; table gives no sign/t -> positive vs negative cannot be distinguished; labels from Talairach Daemon (space of table not stated, MNI per Methods)",Robinson2015_Auburn7T23,sensitivity_only
Robinson2015,26350954,PMID26350954,L1 (left hippocampus 3-cluster CBP of Harvard-Oxford 75% hippocampus),healthy young adults (7T; mean 21.2 y),23,MNI,50,-21,48,Parietal: Right Postcentral Gyrus BA2,Table 2,,"7T seed-to-voxel rsFC (CONN/SPM8, normalised to MNI), FWE cluster p<0.05 TWO-TAILED; table gives no sign/t -> positive vs negative cannot be distinguished; labels from Talairach Daemon (space of table not stated, MNI per Methods)",Robinson2015_Auburn7T23,sensitivity_only
Robinson2015,26350954,PMID26350954,L1 (left hippocampus 3-cluster CBP of Harvard-Oxford 75% hippocampus),healthy young adults (7T; mean 21.2 y),23,MNI,-35,-66,32,Parietal: Left Precuneus BA39,Table 2,,"7T seed-to-voxel rsFC (CONN/SPM8, normalised to MNI), FWE cluster p<0.05 TWO-TAILED; table gives no sign/t -> positive vs negative cannot be distinguished; labels from Talairach Daemon (space of table not stated, MNI per Methods)",Robinson2015_Auburn7T23,sensitivity_only
Robinson2015,26350954,PMID26350954,L1 (left hippocampus 3-cluster CBP of Harvard-Oxford 75% hippocampus),healthy young adults (7T; mean 21.2 y),23,MNI,-42,-9,-14,Temporal: Left Sub-Gyral BA21,Table 2,,"7T seed-to-voxel rsFC (CONN/SPM8, normalised to MNI), FWE cluster p<0.05 TWO-TAILED; table gives no sign/t -> positive vs negative cannot be distinguished; labels from Talairach Daemon (space of table not stated, MNI per Methods)",Robinson2015_Auburn7T23,sensitivity_only
Robinson2015,26350954,PMID26350954,L1 (left hippocampus 3-cluster CBP of Harvard-Oxford 75% hippocampus),healthy young adults (7T; mean 21.2 y),23,MNI,64,-32,4,Temporal: Right Middle Temporal Gyrus BA22,Table 2,,"7T seed-to-voxel rsFC (CONN/SPM8, normalised to MNI), FWE cluster p<0.05 TWO-TAILED; table gives no sign/t -> positive vs negative cannot be distinguished; labels from Talairach Daemon (space of table not stated, MNI per Methods)",Robinson2015_Auburn7T23,sensitivity_only
Robinson2015,26350954,PMID26350954,L1 (left hippocampus 3-cluster CBP of Harvard-Oxford 75% hippocampus),healthy young adults (7T; mean 21.2 y),23,MNI,-48,-31,15,Temporal: Left Superior Temporal Gyrus BA41,Table 2,,"7T seed-to-voxel rsFC (CONN/SPM8, normalised to MNI), FWE cluster p<0.05 TWO-TAILED; table gives no sign/t -> positive vs negative cannot be distinguished; labels from Talairach Daemon (space of table not stated, MNI per Methods)",Robinson2015_Auburn7T23,sensitivity_only
Robinson2015,26350954,PMID26350954,L2 (left hippocampus 3-cluster CBP of Harvard-Oxford 75% hippocampus),healthy young adults (7T; mean 21.2 y),23,MNI,-17,-35,57,Frontal: Left Paracentral Lobule BA3,Table 2,,"7T seed-to-voxel rsFC (CONN/SPM8, normalised to MNI), FWE cluster p<0.05 TWO-TAILED; table gives no sign/t -> positive vs negative cannot be distinguished; labels from Talairach Daemon (space of table not stated, MNI per Methods)",Robinson2015_Auburn7T23,sensitivity_only
Robinson2015,26350954,PMID26350954,L2 (left hippocampus 3-cluster CBP of Harvard-Oxford 75% hippocampus),healthy young adults (7T; mean 21.2 y),23,MNI,-55,-20,37,Frontal: Left Precentral Gyrus BA4,Table 2,,"7T seed-to-voxel rsFC (CONN/SPM8, normalised to MNI), FWE cluster p<0.05 TWO-TAILED; table gives no sign/t -> positive vs negative cannot be distinguished; labels from Talairach Daemon (space of table not stated, MNI per Methods)",Robinson2015_Auburn7T23,sensitivity_only
Robinson2015,26350954,PMID26350954,L2 (left hippocampus 3-cluster CBP of Harvard-Oxford 75% hippocampus),healthy young adults (7T; mean 21.2 y),23,MNI,-4,-24,56,Frontal: Left Medial Frontal Gyrus BA6,Table 2,,"7T seed-to-voxel rsFC (CONN/SPM8, normalised to MNI), FWE cluster p<0.05 TWO-TAILED; table gives no sign/t -> positive vs negative cannot be distinguished; labels from Talairach Daemon (space of table not stated, MNI per Methods)",Robinson2015_Auburn7T23,sensitivity_only
Robinson2015,26350954,PMID26350954,L2 (left hippocampus 3-cluster CBP of Harvard-Oxford 75% hippocampus),healthy young adults (7T; mean 21.2 y),23,MNI,-16,33,50,Frontal: Left Superior Frontal Gyrus BA8,Table 2,,"7T seed-to-voxel rsFC (CONN/SPM8, normalised to MNI), FWE cluster p<0.05 TWO-TAILED; table gives no sign/t -> positive vs negative cannot be distinguished; labels from Talairach Daemon (space of table not stated, MNI per Methods)",Robinson2015_Auburn7T23,sensitivity_only
Robinson2015,26350954,PMID26350954,L2 (left hippocampus 3-cluster CBP of Harvard-Oxford 75% hippocampus),healthy young adults (7T; mean 21.2 y),23,MNI,-30,33,-9,Frontal: Left Inferior Frontal Gyrus BA47,Table 2,,"7T seed-to-voxel rsFC (CONN/SPM8, normalised to MNI), FWE cluster p<0.05 TWO-TAILED; table gives no sign/t -> positive vs negative cannot be distinguished; labels from Talairach Daemon (space of table not stated, MNI per Methods)",Robinson2015_Auburn7T23,sensitivity_only
Robinson2015,26350954,PMID26350954,L2 (left hippocampus 3-cluster CBP of Harvard-Oxford 75% hippocampus),healthy young adults (7T; mean 21.2 y),23,MNI,-6,33,0,Limbic: Left Anterior Cingulate BA24,Table 2,,"7T seed-to-voxel rsFC (CONN/SPM8, normalised to MNI), FWE cluster p<0.05 TWO-TAILED; table gives no sign/t -> positive vs negative cannot be distinguished; labels from Talairach Daemon (space of table not stated, MNI per Methods)",Robinson2015_Auburn7T23,sensitivity_only
Robinson2015,26350954,PMID26350954,L2 (left hippocampus 3-cluster CBP of Harvard-Oxford 75% hippocampus),healthy young adults (7T; mean 21.2 y),23,MNI,-9,-9,41,Limbic: Left Cingulate Gyrus,Table 2,,"7T seed-to-voxel rsFC (CONN/SPM8, normalised to MNI), FWE cluster p<0.05 TWO-TAILED; table gives no sign/t -> positive vs negative cannot be distinguished; labels from Talairach Daemon (space of table not stated, MNI per Methods)",Robinson2015_Auburn7T23,sensitivity_only
Robinson2015,26350954,PMID26350954,L2 (left hippocampus 3-cluster CBP of Harvard-Oxford 75% hippocampus),healthy young adults (7T; mean 21.2 y),23,MNI,3,9,-9,Limbic: Right Anterior Cingulate BA25,Table 2,,"7T seed-to-voxel rsFC (CONN/SPM8, normalised to MNI), FWE cluster p<0.05 TWO-TAILED; table gives no sign/t -> positive vs negative cannot be distinguished; labels from Talairach Daemon (space of table not stated, MNI per Methods)",Robinson2015_Auburn7T23,sensitivity_only
Robinson2015,26350954,PMID26350954,L2 (left hippocampus 3-cluster CBP of Harvard-Oxford 75% hippocampus),healthy young adults (7T; mean 21.2 y),23,MNI,5,35,-5,Limbic: Right Anterior Cingulate,Table 2,,"7T seed-to-voxel rsFC (CONN/SPM8, normalised to MNI), FWE cluster p<0.05 TWO-TAILED; table gives no sign/t -> positive vs negative cannot be distinguished; labels from Talairach Daemon (space of table not stated, MNI per Methods)",Robinson2015_Auburn7T23,sensitivity_only
Robinson2015,26350954,PMID26350954,L2 (left hippocampus 3-cluster CBP of Harvard-Oxford 75% hippocampus),healthy young adults (7T; mean 21.2 y),23,MNI,-27,-21,-13,Limbic: Left Hippocampus BA32,Table 2,,"7T seed-to-voxel rsFC (CONN/SPM8, normalised to MNI), FWE cluster p<0.05 TWO-TAILED; table gives no sign/t -> positive vs negative cannot be distinguished; labels from Talairach Daemon (space of table not stated, MNI per Methods)",Robinson2015_Auburn7T23,sensitivity_only
Robinson2015,26350954,PMID26350954,L2 (left hippocampus 3-cluster CBP of Harvard-Oxford 75% hippocampus),healthy young adults (7T; mean 21.2 y),23,MNI,25,-80,12,Occipital: Right Cuneus BA17,Table 2,,"7T seed-to-voxel rsFC (CONN/SPM8, normalised to MNI), FWE cluster p<0.05 TWO-TAILED; table gives no sign/t -> positive vs negative cannot be distinguished; labels from Talairach Daemon (space of table not stated, MNI per Methods)",Robinson2015_Auburn7T23,sensitivity_only
Robinson2015,26350954,PMID26350954,L2 (left hippocampus 3-cluster CBP of Harvard-Oxford 75% hippocampus),healthy young adults (7T; mean 21.2 y),23,MNI,15,-79,21,Occipital: Right Cuneus BA18,Table 2,,"7T seed-to-voxel rsFC (CONN/SPM8, normalised to MNI), FWE cluster p<0.05 TWO-TAILED; table gives no sign/t -> positive vs negative cannot be distinguished; labels from Talairach Daemon (space of table not stated, MNI per Methods)",Robinson2015_Auburn7T23,sensitivity_only
Robinson2015,26350954,PMID26350954,L2 (left hippocampus 3-cluster CBP of Harvard-Oxford 75% hippocampus),healthy young adults (7T; mean 21.2 y),23,MNI,10,-71,3,Occipital: Right Lingual Gyrus,Table 2,,"7T seed-to-voxel rsFC (CONN/SPM8, normalised to MNI), FWE cluster p<0.05 TWO-TAILED; table gives no sign/t -> positive vs negative cannot be distinguished; labels from Talairach Daemon (space of table not stated, MNI per Methods)",Robinson2015_Auburn7T23,sensitivity_only
Robinson2015,26350954,PMID26350954,L2 (left hippocampus 3-cluster CBP of Harvard-Oxford 75% hippocampus),healthy young adults (7T; mean 21.2 y),23,MNI,-35,-78,20,Occipital: Left Middle Occipital Gyrus BA19,Table 2,,"7T seed-to-voxel rsFC (CONN/SPM8, normalised to MNI), FWE cluster p<0.05 TWO-TAILED; table gives no sign/t -> positive vs negative cannot be distinguished; labels from Talairach Daemon (space of table not stated, MNI per Methods)",Robinson2015_Auburn7T23,sensitivity_only
Robinson2015,26350954,PMID26350954,L2 (left hippocampus 3-cluster CBP of Harvard-Oxford 75% hippocampus),healthy young adults (7T; mean 21.2 y),23,MNI,32,-81,21,Occipital: Right Middle Occipital Gyrus,Table 2,,"7T seed-to-voxel rsFC (CONN/SPM8, normalised to MNI), FWE cluster p<0.05 TWO-TAILED; table gives no sign/t -> positive vs negative cannot be distinguished; labels from Talairach Daemon (space of table not stated, MNI per Methods)",Robinson2015_Auburn7T23,sensitivity_only
Robinson2015,26350954,PMID26350954,L2 (left hippocampus 3-cluster CBP of Harvard-Oxford 75% hippocampus),healthy young adults (7T; mean 21.2 y),23,MNI,50,-21,50,Parietal: Right Postcentral Gyrus BA2,Table 2,,"7T seed-to-voxel rsFC (CONN/SPM8, normalised to MNI), FWE cluster p<0.05 TWO-TAILED; table gives no sign/t -> positive vs negative cannot be distinguished; labels from Talairach Daemon (space of table not stated, MNI per Methods)",Robinson2015_Auburn7T23,sensitivity_only
Robinson2015,26350954,PMID26350954,L2 (left hippocampus 3-cluster CBP of Harvard-Oxford 75% hippocampus),healthy young adults (7T; mean 21.2 y),23,MNI,-46,-18,52,Parietal: Left Postcentral Gyrus BA3,Table 2,,"7T seed-to-voxel rsFC (CONN/SPM8, normalised to MNI), FWE cluster p<0.05 TWO-TAILED; table gives no sign/t -> positive vs negative cannot be distinguished; labels from Talairach Daemon (space of table not stated, MNI per Methods)",Robinson2015_Auburn7T23,sensitivity_only
Robinson2015,26350954,PMID26350954,L2 (left hippocampus 3-cluster CBP of Harvard-Oxford 75% hippocampus),healthy young adults (7T; mean 21.2 y),23,MNI,32,-31,54,Parietal: Right Postcentral Gyrus,Table 2,,"7T seed-to-voxel rsFC (CONN/SPM8, normalised to MNI), FWE cluster p<0.05 TWO-TAILED; table gives no sign/t -> positive vs negative cannot be distinguished; labels from Talairach Daemon (space of table not stated, MNI per Methods)",Robinson2015_Auburn7T23,sensitivity_only
Robinson2015,26350954,PMID26350954,L2 (left hippocampus 3-cluster CBP of Harvard-Oxford 75% hippocampus),healthy young adults (7T; mean 21.2 y),23,MNI,-57,-20,19,Parietal: Left Postcentral Gyrus BA40,Table 2,,"7T seed-to-voxel rsFC (CONN/SPM8, normalised to MNI), FWE cluster p<0.05 TWO-TAILED; table gives no sign/t -> positive vs negative cannot be distinguished; labels from Talairach Daemon (space of table not stated, MNI per Methods)",Robinson2015_Auburn7T23,sensitivity_only
Robinson2015,26350954,PMID26350954,L2 (left hippocampus 3-cluster CBP of Harvard-Oxford 75% hippocampus),healthy young adults (7T; mean 21.2 y),23,MNI,56,-19,27,Parietal: Right Inferior ParietalaLobule,Table 2,,"7T seed-to-voxel rsFC (CONN/SPM8, normalised to MNI), FWE cluster p<0.05 TWO-TAILED; table gives no sign/t -> positive vs negative cannot be distinguished; labels from Talairach Daemon (space of table not stated, MNI per Methods)",Robinson2015_Auburn7T23,sensitivity_only
Robinson2015,26350954,PMID26350954,L2 (left hippocampus 3-cluster CBP of Harvard-Oxford 75% hippocampus),healthy young adults (7T; mean 21.2 y),23,MNI,54,-16,14,Parietal: Right Postcentral Gyrus BA43,Table 2,,"7T seed-to-voxel rsFC (CONN/SPM8, normalised to MNI), FWE cluster p<0.05 TWO-TAILED; table gives no sign/t -> positive vs negative cannot be distinguished; labels from Talairach Daemon (space of table not stated, MNI per Methods)",Robinson2015_Auburn7T23,sensitivity_only
Robinson2015,26350954,PMID26350954,L2 (left hippocampus 3-cluster CBP of Harvard-Oxford 75% hippocampus),healthy young adults (7T; mean 21.2 y),23,MNI,43,-17,3,Sub-lobar: Right Insula BA13,Table 2,,"7T seed-to-voxel rsFC (CONN/SPM8, normalised to MNI), FWE cluster p<0.05 TWO-TAILED; table gives no sign/t -> positive vs negative cannot be distinguished; labels from Talairach Daemon (space of table not stated, MNI per Methods)",Robinson2015_Auburn7T23,sensitivity_only
Robinson2015,26350954,PMID26350954,L2 (left hippocampus 3-cluster CBP of Harvard-Oxford 75% hippocampus),healthy young adults (7T; mean 21.2 y),23,MNI,-7,-3,2,Sub-lobar: Left Thalamus,Table 2,,"7T seed-to-voxel rsFC (CONN/SPM8, normalised to MNI), FWE cluster p<0.05 TWO-TAILED; table gives no sign/t -> positive vs negative cannot be distinguished; labels from Talairach Daemon (space of table not stated, MNI per Methods)",Robinson2015_Auburn7T23,sensitivity_only
Robinson2015,26350954,PMID26350954,L2 (left hippocampus 3-cluster CBP of Harvard-Oxford 75% hippocampus),healthy young adults (7T; mean 21.2 y),23,MNI,-46,-48,21,Temporal: Left Superior Temporal Gyrus BA13,Table 2,,"7T seed-to-voxel rsFC (CONN/SPM8, normalised to MNI), FWE cluster p<0.05 TWO-TAILED; table gives no sign/t -> positive vs negative cannot be distinguished; labels from Talairach Daemon (space of table not stated, MNI per Methods)",Robinson2015_Auburn7T23,sensitivity_only
Robinson2015,26350954,PMID26350954,L2 (left hippocampus 3-cluster CBP of Harvard-Oxford 75% hippocampus),healthy young adults (7T; mean 21.2 y),23,MNI,55,-14,-12,Temporal: Right Middle Temporal Gyrus BA21,Table 2,,"7T seed-to-voxel rsFC (CONN/SPM8, normalised to MNI), FWE cluster p<0.05 TWO-TAILED; table gives no sign/t -> positive vs negative cannot be distinguished; labels from Talairach Daemon (space of table not stated, MNI per Methods)",Robinson2015_Auburn7T23,sensitivity_only
Robinson2015,26350954,PMID26350954,L2 (left hippocampus 3-cluster CBP of Harvard-Oxford 75% hippocampus),healthy young adults (7T; mean 21.2 y),23,MNI,58,-12,-5,Temporal: Right Superior Temporal Gyrus,Table 2,,"7T seed-to-voxel rsFC (CONN/SPM8, normalised to MNI), FWE cluster p<0.05 TWO-TAILED; table gives no sign/t -> positive vs negative cannot be distinguished; labels from Talairach Daemon (space of table not stated, MNI per Methods)",Robinson2015_Auburn7T23,sensitivity_only
Robinson2015,26350954,PMID26350954,L2 (left hippocampus 3-cluster CBP of Harvard-Oxford 75% hippocampus),healthy young adults (7T; mean 21.2 y),23,MNI,-45,8,-14,Temporal: Left Superior Temporal Gyrus BA38,Table 2,,"7T seed-to-voxel rsFC (CONN/SPM8, normalised to MNI), FWE cluster p<0.05 TWO-TAILED; table gives no sign/t -> positive vs negative cannot be distinguished; labels from Talairach Daemon (space of table not stated, MNI per Methods)",Robinson2015_Auburn7T23,sensitivity_only
Robinson2015,26350954,PMID26350954,L2 (left hippocampus 3-cluster CBP of Harvard-Oxford 75% hippocampus),healthy young adults (7T; mean 21.2 y),23,MNI,47,-68,26,Temporal: Right Middle Temporal Gyrus BA39,Table 2,,"7T seed-to-voxel rsFC (CONN/SPM8, normalised to MNI), FWE cluster p<0.05 TWO-TAILED; table gives no sign/t -> positive vs negative cannot be distinguished; labels from Talairach Daemon (space of table not stated, MNI per Methods)",Robinson2015_Auburn7T23,sensitivity_only
Robinson2015,26350954,PMID26350954,L2 (left hippocampus 3-cluster CBP of Harvard-Oxford 75% hippocampus),healthy young adults (7T; mean 21.2 y),23,MNI,-51,-36,11,Temporal: Left Superior Temporal Gyrus BA41,Table 2,,"7T seed-to-voxel rsFC (CONN/SPM8, normalised to MNI), FWE cluster p<0.05 TWO-TAILED; table gives no sign/t -> positive vs negative cannot be distinguished; labels from Talairach Daemon (space of table not stated, MNI per Methods)",Robinson2015_Auburn7T23,sensitivity_only
Robinson2015,26350954,PMID26350954,L2 (left hippocampus 3-cluster CBP of Harvard-Oxford 75% hippocampus),healthy young adults (7T; mean 21.2 y),23,MNI,53,-25,10,Temporal: Right Superior Temporal Gyrus,Table 2,,"7T seed-to-voxel rsFC (CONN/SPM8, normalised to MNI), FWE cluster p<0.05 TWO-TAILED; table gives no sign/t -> positive vs negative cannot be distinguished; labels from Talairach Daemon (space of table not stated, MNI per Methods)",Robinson2015_Auburn7T23,sensitivity_only
Robinson2015,26350954,PMID26350954,L3 (left hippocampus 3-cluster CBP of Harvard-Oxford 75% hippocampus),healthy young adults (7T; mean 21.2 y),23,MNI,-55,-12,35,Frontal: Left Precentral Gyrus BA4,Table 2,,"7T seed-to-voxel rsFC (CONN/SPM8, normalised to MNI), FWE cluster p<0.05 TWO-TAILED; table gives no sign/t -> positive vs negative cannot be distinguished; labels from Talairach Daemon (space of table not stated, MNI per Methods)",Robinson2015_Auburn7T23,sensitivity_only
Robinson2015,26350954,PMID26350954,L3 (left hippocampus 3-cluster CBP of Harvard-Oxford 75% hippocampus),healthy young adults (7T; mean 21.2 y),23,MNI,58,-7,35,Frontal: Right Precentral Gyrus BA6,Table 2,,"7T seed-to-voxel rsFC (CONN/SPM8, normalised to MNI), FWE cluster p<0.05 TWO-TAILED; table gives no sign/t -> positive vs negative cannot be distinguished; labels from Talairach Daemon (space of table not stated, MNI per Methods)",Robinson2015_Auburn7T23,sensitivity_only
Robinson2015,26350954,PMID26350954,L3 (left hippocampus 3-cluster CBP of Harvard-Oxford 75% hippocampus),healthy young adults (7T; mean 21.2 y),23,MNI,19,31,56,Frontal: Right Superior Frontal Gyrus,Table 2,,"7T seed-to-voxel rsFC (CONN/SPM8, normalised to MNI), FWE cluster p<0.05 TWO-TAILED; table gives no sign/t -> positive vs negative cannot be distinguished; labels from Talairach Daemon (space of table not stated, MNI per Methods)",Robinson2015_Auburn7T23,sensitivity_only
Robinson2015,26350954,PMID26350954,L3 (left hippocampus 3-cluster CBP of Harvard-Oxford 75% hippocampus),healthy young adults (7T; mean 21.2 y),23,MNI,12,45,43,Frontal: Right Superior Frontal Gyrus BA8,Table 2,,"7T seed-to-voxel rsFC (CONN/SPM8, normalised to MNI), FWE cluster p<0.05 TWO-TAILED; table gives no sign/t -> positive vs negative cannot be distinguished; labels from Talairach Daemon (space of table not stated, MNI per Methods)",Robinson2015_Auburn7T23,sensitivity_only
Robinson2015,26350954,PMID26350954,L3 (left hippocampus 3-cluster CBP of Harvard-Oxford 75% hippocampus),healthy young adults (7T; mean 21.2 y),23,MNI,-23,8,-13,Frontal: Left Subcallosal Gyrus BA34,Table 2,,"7T seed-to-voxel rsFC (CONN/SPM8, normalised to MNI), FWE cluster p<0.05 TWO-TAILED; table gives no sign/t -> positive vs negative cannot be distinguished; labels from Talairach Daemon (space of table not stated, MNI per Methods)",Robinson2015_Auburn7T23,sensitivity_only
Robinson2015,26350954,PMID26350954,L3 (left hippocampus 3-cluster CBP of Harvard-Oxford 75% hippocampus),healthy young adults (7T; mean 21.2 y),23,MNI,-40,33,-4,Frontal: Left inferior Frontal Gyrus BA47,Table 2,,"7T seed-to-voxel rsFC (CONN/SPM8, normalised to MNI), FWE cluster p<0.05 TWO-TAILED; table gives no sign/t -> positive vs negative cannot be distinguished; labels from Talairach Daemon (space of table not stated, MNI per Methods)",Robinson2015_Auburn7T23,sensitivity_only
Robinson2015,26350954,PMID26350954,L3 (left hippocampus 3-cluster CBP of Harvard-Oxford 75% hippocampus),healthy young adults (7T; mean 21.2 y),23,MNI,-40,44,2,Frontal: Left inferior Frontal Gyrus,Table 2,,"7T seed-to-voxel rsFC (CONN/SPM8, normalised to MNI), FWE cluster p<0.05 TWO-TAILED; table gives no sign/t -> positive vs negative cannot be distinguished; labels from Talairach Daemon (space of table not stated, MNI per Methods)",Robinson2015_Auburn7T23,sensitivity_only
Robinson2015,26350954,PMID26350954,L3 (left hippocampus 3-cluster CBP of Harvard-Oxford 75% hippocampus),healthy young adults (7T; mean 21.2 y),23,MNI,1,35,-1,Limbic: Right B Anterior Cingulate BA24,Table 2,,"7T seed-to-voxel rsFC (CONN/SPM8, normalised to MNI), FWE cluster p<0.05 TWO-TAILED; table gives no sign/t -> positive vs negative cannot be distinguished; labels from Talairach Daemon (space of table not stated, MNI per Methods)",Robinson2015_Auburn7T23,sensitivity_only
Robinson2015,26350954,PMID26350954,L3 (left hippocampus 3-cluster CBP of Harvard-Oxford 75% hippocampus),healthy young adults (7T; mean 21.2 y),23,MNI,13,-61,15,Limbic: Right Posterior Cingulate BA30,Table 2,,"7T seed-to-voxel rsFC (CONN/SPM8, normalised to MNI), FWE cluster p<0.05 TWO-TAILED; table gives no sign/t -> positive vs negative cannot be distinguished; labels from Talairach Daemon (space of table not stated, MNI per Methods)",Robinson2015_Auburn7T23,sensitivity_only
Robinson2015,26350954,PMID26350954,L3 (left hippocampus 3-cluster CBP of Harvard-Oxford 75% hippocampus),healthy young adults (7T; mean 21.2 y),23,MNI,-29,-29,-10,Limbic: Left Hippocampus,Table 2,,"7T seed-to-voxel rsFC (CONN/SPM8, normalised to MNI), FWE cluster p<0.05 TWO-TAILED; table gives no sign/t -> positive vs negative cannot be distinguished; labels from Talairach Daemon (space of table not stated, MNI per Methods)",Robinson2015_Auburn7T23,sensitivity_only
Robinson2015,26350954,PMID26350954,L3 (left hippocampus 3-cluster CBP of Harvard-Oxford 75% hippocampus),healthy young adults (7T; mean 21.2 y),23,MNI,-46,-24,44,Parietal: Left Postcentral Gyrus BA2,Table 2,,"7T seed-to-voxel rsFC (CONN/SPM8, normalised to MNI), FWE cluster p<0.05 TWO-TAILED; table gives no sign/t -> positive vs negative cannot be distinguished; labels from Talairach Daemon (space of table not stated, MNI per Methods)",Robinson2015_Auburn7T23,sensitivity_only
Robinson2015,26350954,PMID26350954,L3 (left hippocampus 3-cluster CBP of Harvard-Oxford 75% hippocampus),healthy young adults (7T; mean 21.2 y),23,MNI,-42,-67,33,Parietal: Left Angular Gyrus BA39,Table 2,,"7T seed-to-voxel rsFC (CONN/SPM8, normalised to MNI), FWE cluster p<0.05 TWO-TAILED; table gives no sign/t -> positive vs negative cannot be distinguished; labels from Talairach Daemon (space of table not stated, MNI per Methods)",Robinson2015_Auburn7T23,sensitivity_only
Robinson2015,26350954,PMID26350954,L3 (left hippocampus 3-cluster CBP of Harvard-Oxford 75% hippocampus),healthy young adults (7T; mean 21.2 y),23,MNI,41,-67,31,Parietal: Right Precuneus,Table 2,,"7T seed-to-voxel rsFC (CONN/SPM8, normalised to MNI), FWE cluster p<0.05 TWO-TAILED; table gives no sign/t -> positive vs negative cannot be distinguished; labels from Talairach Daemon (space of table not stated, MNI per Methods)",Robinson2015_Auburn7T23,sensitivity_only
Robinson2015,26350954,PMID26350954,L3 (left hippocampus 3-cluster CBP of Harvard-Oxford 75% hippocampus),healthy young adults (7T; mean 21.2 y),23,MNI,8,-83,-12,Posterior: Right Declive,Table 2,,"7T seed-to-voxel rsFC (CONN/SPM8, normalised to MNI), FWE cluster p<0.05 TWO-TAILED; table gives no sign/t -> positive vs negative cannot be distinguished; labels from Talairach Daemon (space of table not stated, MNI per Methods)",Robinson2015_Auburn7T23,sensitivity_only
Robinson2015,26350954,PMID26350954,L3 (left hippocampus 3-cluster CBP of Harvard-Oxford 75% hippocampus),healthy young adults (7T; mean 21.2 y),23,MNI,62,-14,-3,Temporal: Right Superior TemporalGyrus BA21,Table 2,,"7T seed-to-voxel rsFC (CONN/SPM8, normalised to MNI), FWE cluster p<0.05 TWO-TAILED; table gives no sign/t -> positive vs negative cannot be distinguished; labels from Talairach Daemon (space of table not stated, MNI per Methods)",Robinson2015_Auburn7T23,sensitivity_only
Robinson2015,26350954,PMID26350954,L3 (left hippocampus 3-cluster CBP of Harvard-Oxford 75% hippocampus),healthy young adults (7T; mean 21.2 y),23,MNI,-54,8,-12,Temporal: Left Superior Temporal Gyrus BA38,Table 2,,"7T seed-to-voxel rsFC (CONN/SPM8, normalised to MNI), FWE cluster p<0.05 TWO-TAILED; table gives no sign/t -> positive vs negative cannot be distinguished; labels from Talairach Daemon (space of table not stated, MNI per Methods)",Robinson2015_Auburn7T23,sensitivity_only
Robinson2015,26350954,PMID26350954,R1 (right hippocampus 5-cluster CBP of Harvard-Oxford 75% hippocampus),healthy young adults (7T; mean 21.2 y),23,MNI,-12,45,43,Frontal: Left Superior Frontal Gyrus BA8,Table 3,,"7T seed-to-voxel rsFC (CONN/SPM8, normalised to MNI), FWE cluster p<0.05 TWO-TAILED; table gives no sign/t -> positive vs negative cannot be distinguished; labels from Talairach Daemon (space of table not stated, MNI per Methods)",Robinson2015_Auburn7T23,sensitivity_only
Robinson2015,26350954,PMID26350954,R1 (right hippocampus 5-cluster CBP of Harvard-Oxford 75% hippocampus),healthy young adults (7T; mean 21.2 y),23,MNI,6,41,50,Frontal: Right Superior Frontal Gyrus,Table 3,,"7T seed-to-voxel rsFC (CONN/SPM8, normalised to MNI), FWE cluster p<0.05 TWO-TAILED; table gives no sign/t -> positive vs negative cannot be distinguished; labels from Talairach Daemon (space of table not stated, MNI per Methods)",Robinson2015_Auburn7T23,sensitivity_only
Robinson2015,26350954,PMID26350954,R1 (right hippocampus 5-cluster CBP of Harvard-Oxford 75% hippocampus),healthy young adults (7T; mean 21.2 y),23,MNI,20,-7,-18,Limbic: Right Amygdala,Table 3,,"7T seed-to-voxel rsFC (CONN/SPM8, normalised to MNI), FWE cluster p<0.05 TWO-TAILED; table gives no sign/t -> positive vs negative cannot be distinguished; labels from Talairach Daemon (space of table not stated, MNI per Methods)",Robinson2015_Auburn7T23,sensitivity_only
Robinson2015,26350954,PMID26350954,R1 (right hippocampus 5-cluster CBP of Harvard-Oxford 75% hippocampus),healthy young adults (7T; mean 21.2 y),23,MNI,-25,-13,-17,Limbic: Left Hippocampus,Table 3,,"7T seed-to-voxel rsFC (CONN/SPM8, normalised to MNI), FWE cluster p<0.05 TWO-TAILED; table gives no sign/t -> positive vs negative cannot be distinguished; labels from Talairach Daemon (space of table not stated, MNI per Methods)",Robinson2015_Auburn7T23,sensitivity_only
Robinson2015,26350954,PMID26350954,R2 (right hippocampus 5-cluster CBP of Harvard-Oxford 75% hippocampus),healthy young adults (7T; mean 21.2 y),23,MNI,19,-40,-8,Anterior: Right Culmen,Table 3,,"7T seed-to-voxel rsFC (CONN/SPM8, normalised to MNI), FWE cluster p<0.05 TWO-TAILED; table gives no sign/t -> positive vs negative cannot be distinguished; labels from Talairach Daemon (space of table not stated, MNI per Methods)",Robinson2015_Auburn7T23,sensitivity_only
Robinson2015,26350954,PMID26350954,R2 (right hippocampus 5-cluster CBP of Harvard-Oxford 75% hippocampus),healthy young adults (7T; mean 21.2 y),23,MNI,41,-15,41,Frontal: Right Precentral Gyrus BA4,Table 3,,"7T seed-to-voxel rsFC (CONN/SPM8, normalised to MNI), FWE cluster p<0.05 TWO-TAILED; table gives no sign/t -> positive vs negative cannot be distinguished; labels from Talairach Daemon (space of table not stated, MNI per Methods)",Robinson2015_Auburn7T23,sensitivity_only
Robinson2015,26350954,PMID26350954,R2 (right hippocampus 5-cluster CBP of Harvard-Oxford 75% hippocampus),healthy young adults (7T; mean 21.2 y),23,MNI,-4,-22,58,Frontal: Left Medial Frontal Gyrus BA6,Table 3,,"7T seed-to-voxel rsFC (CONN/SPM8, normalised to MNI), FWE cluster p<0.05 TWO-TAILED; table gives no sign/t -> positive vs negative cannot be distinguished; labels from Talairach Daemon (space of table not stated, MNI per Methods)",Robinson2015_Auburn7T23,sensitivity_only
Robinson2015,26350954,PMID26350954,R2 (right hippocampus 5-cluster CBP of Harvard-Oxford 75% hippocampus),healthy young adults (7T; mean 21.2 y),23,MNI,-33,6,57,Frontal: Left Middle Frontal Gyrus,Table 3,,"7T seed-to-voxel rsFC (CONN/SPM8, normalised to MNI), FWE cluster p<0.05 TWO-TAILED; table gives no sign/t -> positive vs negative cannot be distinguished; labels from Talairach Daemon (space of table not stated, MNI per Methods)",Robinson2015_Auburn7T23,sensitivity_only
Robinson2015,26350954,PMID26350954,R2 (right hippocampus 5-cluster CBP of Harvard-Oxford 75% hippocampus),healthy young adults (7T; mean 21.2 y),23,MNI,-24,36,45,Frontal: Left Superior Frontal Gyruss BA8,Table 3,,"7T seed-to-voxel rsFC (CONN/SPM8, normalised to MNI), FWE cluster p<0.05 TWO-TAILED; table gives no sign/t -> positive vs negative cannot be distinguished; labels from Talairach Daemon (space of table not stated, MNI per Methods)",Robinson2015_Auburn7T23,sensitivity_only
Robinson2015,26350954,PMID26350954,R2 (right hippocampus 5-cluster CBP of Harvard-Oxford 75% hippocampus),healthy young adults (7T; mean 21.2 y),23,MNI,19,22,48,Frontal: Right Superior Frontal Gyrus,Table 3,,"7T seed-to-voxel rsFC (CONN/SPM8, normalised to MNI), FWE cluster p<0.05 TWO-TAILED; table gives no sign/t -> positive vs negative cannot be distinguished; labels from Talairach Daemon (space of table not stated, MNI per Methods)",Robinson2015_Auburn7T23,sensitivity_only
Robinson2015,26350954,PMID26350954,R2 (right hippocampus 5-cluster CBP of Harvard-Oxford 75% hippocampus),healthy young adults (7T; mean 21.2 y),23,MNI,21,-15,-15,Limbic: Right Parahippocampal Gyrus BA28,Table 3,,"7T seed-to-voxel rsFC (CONN/SPM8, normalised to MNI), FWE cluster p<0.05 TWO-TAILED; table gives no sign/t -> positive vs negative cannot be distinguished; labels from Talairach Daemon (space of table not stated, MNI per Methods)",Robinson2015_Auburn7T23,sensitivity_only
Robinson2015,26350954,PMID26350954,R2 (right hippocampus 5-cluster CBP of Harvard-Oxford 75% hippocampus),healthy young adults (7T; mean 21.2 y),23,MNI,4,-57,10,Limbic: Right Posterior Cingulate BA30,Table 3,,"7T seed-to-voxel rsFC (CONN/SPM8, normalised to MNI), FWE cluster p<0.05 TWO-TAILED; table gives no sign/t -> positive vs negative cannot be distinguished; labels from Talairach Daemon (space of table not stated, MNI per Methods)",Robinson2015_Auburn7T23,sensitivity_only
Robinson2015,26350954,PMID26350954,R2 (right hippocampus 5-cluster CBP of Harvard-Oxford 75% hippocampus),healthy young adults (7T; mean 21.2 y),23,MNI,-20,-63,14,Limbic: Left Posterior Cingulate BA31,Table 3,,"7T seed-to-voxel rsFC (CONN/SPM8, normalised to MNI), FWE cluster p<0.05 TWO-TAILED; table gives no sign/t -> positive vs negative cannot be distinguished; labels from Talairach Daemon (space of table not stated, MNI per Methods)",Robinson2015_Auburn7T23,sensitivity_only
Robinson2015,26350954,PMID26350954,R2 (right hippocampus 5-cluster CBP of Harvard-Oxford 75% hippocampus),healthy young adults (7T; mean 21.2 y),23,MNI,0,-5,33,Limbic: Left Cingulate Gyrus BA24,Table 3,,"7T seed-to-voxel rsFC (CONN/SPM8, normalised to MNI), FWE cluster p<0.05 TWO-TAILED; table gives no sign/t -> positive vs negative cannot be distinguished; labels from Talairach Daemon (space of table not stated, MNI per Methods)",Robinson2015_Auburn7T23,sensitivity_only
Robinson2015,26350954,PMID26350954,R2 (right hippocampus 5-cluster CBP of Harvard-Oxford 75% hippocampus),healthy young adults (7T; mean 21.2 y),23,MNI,-7,-57,28,Limbic: Left Cingulate Gyrus BA31,Table 3,,"7T seed-to-voxel rsFC (CONN/SPM8, normalised to MNI), FWE cluster p<0.05 TWO-TAILED; table gives no sign/t -> positive vs negative cannot be distinguished; labels from Talairach Daemon (space of table not stated, MNI per Methods)",Robinson2015_Auburn7T23,sensitivity_only
Robinson2015,26350954,PMID26350954,R2 (right hippocampus 5-cluster CBP of Harvard-Oxford 75% hippocampus),healthy young adults (7T; mean 21.2 y),23,MNI,-21,-13,-12,Limbic: Left Amygdala,Table 3,,"7T seed-to-voxel rsFC (CONN/SPM8, normalised to MNI), FWE cluster p<0.05 TWO-TAILED; table gives no sign/t -> positive vs negative cannot be distinguished; labels from Talairach Daemon (space of table not stated, MNI per Methods)",Robinson2015_Auburn7T23,sensitivity_only
Robinson2015,26350954,PMID26350954,R2 (right hippocampus 5-cluster CBP of Harvard-Oxford 75% hippocampus),healthy young adults (7T; mean 21.2 y),23,MNI,55,2,-16,Temporal: Right Middle Temporal Gyrus BA21,Table 3,,"7T seed-to-voxel rsFC (CONN/SPM8, normalised to MNI), FWE cluster p<0.05 TWO-TAILED; table gives no sign/t -> positive vs negative cannot be distinguished; labels from Talairach Daemon (space of table not stated, MNI per Methods)",Robinson2015_Auburn7T23,sensitivity_only
Robinson2015,26350954,PMID26350954,R2 (right hippocampus 5-cluster CBP of Harvard-Oxford 75% hippocampus),healthy young adults (7T; mean 21.2 y),23,MNI,55,-9,-1,Temporal: Right Superior Temporal Gyrus BA22,Table 3,,"7T seed-to-voxel rsFC (CONN/SPM8, normalised to MNI), FWE cluster p<0.05 TWO-TAILED; table gives no sign/t -> positive vs negative cannot be distinguished; labels from Talairach Daemon (space of table not stated, MNI per Methods)",Robinson2015_Auburn7T23,sensitivity_only
Robinson2015,26350954,PMID26350954,R2 (right hippocampus 5-cluster CBP of Harvard-Oxford 75% hippocampus),healthy young adults (7T; mean 21.2 y),23,MNI,36,-47,-12,Temporal: Right Fusiform Gyrus BA37,Table 3,,"7T seed-to-voxel rsFC (CONN/SPM8, normalised to MNI), FWE cluster p<0.05 TWO-TAILED; table gives no sign/t -> positive vs negative cannot be distinguished; labels from Talairach Daemon (space of table not stated, MNI per Methods)",Robinson2015_Auburn7T23,sensitivity_only
Robinson2015,26350954,PMID26350954,R2 (right hippocampus 5-cluster CBP of Harvard-Oxford 75% hippocampus),healthy young adults (7T; mean 21.2 y),23,MNI,45,5,-7,Temporal: Right Superior Temporal Gyrus BA38,Table 3,,"7T seed-to-voxel rsFC (CONN/SPM8, normalised to MNI), FWE cluster p<0.05 TWO-TAILED; table gives no sign/t -> positive vs negative cannot be distinguished; labels from Talairach Daemon (space of table not stated, MNI per Methods)",Robinson2015_Auburn7T23,sensitivity_only
Robinson2015,26350954,PMID26350954,R3 (right hippocampus 5-cluster CBP of Harvard-Oxford 75% hippocampus),healthy young adults (7T; mean 21.2 y),23,MNI,-5,-67,-6,Anterior: Left Culmen,Table 3,,"7T seed-to-voxel rsFC (CONN/SPM8, normalised to MNI), FWE cluster p<0.05 TWO-TAILED; table gives no sign/t -> positive vs negative cannot be distinguished; labels from Talairach Daemon (space of table not stated, MNI per Methods)",Robinson2015_Auburn7T23,sensitivity_only
Robinson2015,26350954,PMID26350954,R3 (right hippocampus 5-cluster CBP of Harvard-Oxford 75% hippocampus),healthy young adults (7T; mean 21.2 y),23,MNI,-2,-29,50,Frontal: Left Paracentral Lobule BA5,Table 3,,"7T seed-to-voxel rsFC (CONN/SPM8, normalised to MNI), FWE cluster p<0.05 TWO-TAILED; table gives no sign/t -> positive vs negative cannot be distinguished; labels from Talairach Daemon (space of table not stated, MNI per Methods)",Robinson2015_Auburn7T23,sensitivity_only
Robinson2015,26350954,PMID26350954,R3 (right hippocampus 5-cluster CBP of Harvard-Oxford 75% hippocampus),healthy young adults (7T; mean 21.2 y),23,MNI,0,25,57,Frontal: Left Superior Frontal Gyrus BA6,Table 3,,"7T seed-to-voxel rsFC (CONN/SPM8, normalised to MNI), FWE cluster p<0.05 TWO-TAILED; table gives no sign/t -> positive vs negative cannot be distinguished; labels from Talairach Daemon (space of table not stated, MNI per Methods)",Robinson2015_Auburn7T23,sensitivity_only
Robinson2015,26350954,PMID26350954,R3 (right hippocampus 5-cluster CBP of Harvard-Oxford 75% hippocampus),healthy young adults (7T; mean 21.2 y),23,MNI,-5,50,36,Frontal: Left Medial Frontal Gyrus BA9,Table 3,,"7T seed-to-voxel rsFC (CONN/SPM8, normalised to MNI), FWE cluster p<0.05 TWO-TAILED; table gives no sign/t -> positive vs negative cannot be distinguished; labels from Talairach Daemon (space of table not stated, MNI per Methods)",Robinson2015_Auburn7T23,sensitivity_only
Robinson2015,26350954,PMID26350954,R3 (right hippocampus 5-cluster CBP of Harvard-Oxford 75% hippocampus),healthy young adults (7T; mean 21.2 y),23,MNI,5,15,-12,Frontal: Right Subcallosal Gyrus BA25,Table 3,,"7T seed-to-voxel rsFC (CONN/SPM8, normalised to MNI), FWE cluster p<0.05 TWO-TAILED; table gives no sign/t -> positive vs negative cannot be distinguished; labels from Talairach Daemon (space of table not stated, MNI per Methods)",Robinson2015_Auburn7T23,sensitivity_only
Robinson2015,26350954,PMID26350954,R3 (right hippocampus 5-cluster CBP of Harvard-Oxford 75% hippocampus),healthy young adults (7T; mean 21.2 y),23,MNI,-40,28,-8,Frontal: Left Inferior Frontal Gyrus BA47,Table 3,,"7T seed-to-voxel rsFC (CONN/SPM8, normalised to MNI), FWE cluster p<0.05 TWO-TAILED; table gives no sign/t -> positive vs negative cannot be distinguished; labels from Talairach Daemon (space of table not stated, MNI per Methods)",Robinson2015_Auburn7T23,sensitivity_only
Robinson2015,26350954,PMID26350954,R3 (right hippocampus 5-cluster CBP of Harvard-Oxford 75% hippocampus),healthy young adults (7T; mean 21.2 y),23,MNI,40,31,-7,Frontal: Right Inferior Frontal Gyrus,Table 3,,"7T seed-to-voxel rsFC (CONN/SPM8, normalised to MNI), FWE cluster p<0.05 TWO-TAILED; table gives no sign/t -> positive vs negative cannot be distinguished; labels from Talairach Daemon (space of table not stated, MNI per Methods)",Robinson2015_Auburn7T23,sensitivity_only
Robinson2015,26350954,PMID26350954,R3 (right hippocampus 5-cluster CBP of Harvard-Oxford 75% hippocampus),healthy young adults (7T; mean 21.2 y),23,MNI,-11,-47,9,Limbic: Left Posterior Cingulate BA29,Table 3,,"7T seed-to-voxel rsFC (CONN/SPM8, normalised to MNI), FWE cluster p<0.05 TWO-TAILED; table gives no sign/t -> positive vs negative cannot be distinguished; labels from Talairach Daemon (space of table not stated, MNI per Methods)",Robinson2015_Auburn7T23,sensitivity_only
Robinson2015,26350954,PMID26350954,R3 (right hippocampus 5-cluster CBP of Harvard-Oxford 75% hippocampus),healthy young adults (7T; mean 21.2 y),23,MNI,-19,-19,-12,Limbic: Left Parahippocampal Gyrus BA35,Table 3,,"7T seed-to-voxel rsFC (CONN/SPM8, normalised to MNI), FWE cluster p<0.05 TWO-TAILED; table gives no sign/t -> positive vs negative cannot be distinguished; labels from Talairach Daemon (space of table not stated, MNI per Methods)",Robinson2015_Auburn7T23,sensitivity_only
Robinson2015,26350954,PMID26350954,R3 (right hippocampus 5-cluster CBP of Harvard-Oxford 75% hippocampus),healthy young adults (7T; mean 21.2 y),23,MNI,27,-15,-17,Limbic: Right Hippocampus,Table 3,,"7T seed-to-voxel rsFC (CONN/SPM8, normalised to MNI), FWE cluster p<0.05 TWO-TAILED; table gives no sign/t -> positive vs negative cannot be distinguished; labels from Talairach Daemon (space of table not stated, MNI per Methods)",Robinson2015_Auburn7T23,sensitivity_only
Robinson2015,26350954,PMID26350954,R3 (right hippocampus 5-cluster CBP of Harvard-Oxford 75% hippocampus),healthy young adults (7T; mean 21.2 y),23,MNI,-26,-91,13,Occipital: Left Middle Occipital Gyrus BA18,Table 3,,"7T seed-to-voxel rsFC (CONN/SPM8, normalised to MNI), FWE cluster p<0.05 TWO-TAILED; table gives no sign/t -> positive vs negative cannot be distinguished; labels from Talairach Daemon (space of table not stated, MNI per Methods)",Robinson2015_Auburn7T23,sensitivity_only
Robinson2015,26350954,PMID26350954,R3 (right hippocampus 5-cluster CBP of Harvard-Oxford 75% hippocampus),healthy young adults (7T; mean 21.2 y),23,MNI,-44,-76,-2,Occipital: Left Inferior Occipital Gyrus BA19,Table 3,,"7T seed-to-voxel rsFC (CONN/SPM8, normalised to MNI), FWE cluster p<0.05 TWO-TAILED; table gives no sign/t -> positive vs negative cannot be distinguished; labels from Talairach Daemon (space of table not stated, MNI per Methods)",Robinson2015_Auburn7T23,sensitivity_only
Robinson2015,26350954,PMID26350954,R3 (right hippocampus 5-cluster CBP of Harvard-Oxford 75% hippocampus),healthy young adults (7T; mean 21.2 y),23,MNI,2,-85,30,Occipital: Right Cuneus,Table 3,,"7T seed-to-voxel rsFC (CONN/SPM8, normalised to MNI), FWE cluster p<0.05 TWO-TAILED; table gives no sign/t -> positive vs negative cannot be distinguished; labels from Talairach Daemon (space of table not stated, MNI per Methods)",Robinson2015_Auburn7T23,sensitivity_only
Robinson2015,26350954,PMID26350954,R3 (right hippocampus 5-cluster CBP of Harvard-Oxford 75% hippocampus),healthy young adults (7T; mean 21.2 y),23,MNI,37,-80,14,Occipital: Right Middle Occipital Gyrus,Table 3,,"7T seed-to-voxel rsFC (CONN/SPM8, normalised to MNI), FWE cluster p<0.05 TWO-TAILED; table gives no sign/t -> positive vs negative cannot be distinguished; labels from Talairach Daemon (space of table not stated, MNI per Methods)",Robinson2015_Auburn7T23,sensitivity_only
Robinson2015,26350954,PMID26350954,R3 (right hippocampus 5-cluster CBP of Harvard-Oxford 75% hippocampus),healthy young adults (7T; mean 21.2 y),23,MNI,41,-65,10,Occipital: Right Middle Temporal Gyrus BA37,Table 3,,"7T seed-to-voxel rsFC (CONN/SPM8, normalised to MNI), FWE cluster p<0.05 TWO-TAILED; table gives no sign/t -> positive vs negative cannot be distinguished; labels from Talairach Daemon (space of table not stated, MNI per Methods)",Robinson2015_Auburn7T23,sensitivity_only
Robinson2015,26350954,PMID26350954,R3 (right hippocampus 5-cluster CBP of Harvard-Oxford 75% hippocampus),healthy young adults (7T; mean 21.2 y),23,MNI,32,-24,40,Parietal: Right Postcentral Gyrus BA3,Table 3,,"7T seed-to-voxel rsFC (CONN/SPM8, normalised to MNI), FWE cluster p<0.05 TWO-TAILED; table gives no sign/t -> positive vs negative cannot be distinguished; labels from Talairach Daemon (space of table not stated, MNI per Methods)",Robinson2015_Auburn7T23,sensitivity_only
Robinson2015,26350954,PMID26350954,R3 (right hippocampus 5-cluster CBP of Harvard-Oxford 75% hippocampus),healthy young adults (7T; mean 21.2 y),23,MNI,29,-1,-8,Sub-lobar: Right Putamen Lentiformn Nucleus,Table 3,,"7T seed-to-voxel rsFC (CONN/SPM8, normalised to MNI), FWE cluster p<0.05 TWO-TAILED; table gives no sign/t -> positive vs negative cannot be distinguished; labels from Talairach Daemon (space of table not stated, MNI per Methods)",Robinson2015_Auburn7T23,sensitivity_only
Robinson2015,26350954,PMID26350954,R3 (right hippocampus 5-cluster CBP of Harvard-Oxford 75% hippocampus),healthy young adults (7T; mean 21.2 y),23,MNI,-60,-30,-14,Temporal: Left Middle Temporal Gyrus BA21,Table 3,,"7T seed-to-voxel rsFC (CONN/SPM8, normalised to MNI), FWE cluster p<0.05 TWO-TAILED; table gives no sign/t -> positive vs negative cannot be distinguished; labels from Talairach Daemon (space of table not stated, MNI per Methods)",Robinson2015_Auburn7T23,sensitivity_only
Robinson2015,26350954,PMID26350954,R3 (right hippocampus 5-cluster CBP of Harvard-Oxford 75% hippocampus),healthy young adults (7T; mean 21.2 y),23,MNI,53,-16,-9,Temporal: Right Middle Temporal Gyrus,Table 3,,"7T seed-to-voxel rsFC (CONN/SPM8, normalised to MNI), FWE cluster p<0.05 TWO-TAILED; table gives no sign/t -> positive vs negative cannot be distinguished; labels from Talairach Daemon (space of table not stated, MNI per Methods)",Robinson2015_Auburn7T23,sensitivity_only
Robinson2015,26350954,PMID26350954,R3 (right hippocampus 5-cluster CBP of Harvard-Oxford 75% hippocampus),healthy young adults (7T; mean 21.2 y),23,MNI,51,-55,-16,Temporal: Right Fusiform Gyrus BA37,Table 3,,"7T seed-to-voxel rsFC (CONN/SPM8, normalised to MNI), FWE cluster p<0.05 TWO-TAILED; table gives no sign/t -> positive vs negative cannot be distinguished; labels from Talairach Daemon (space of table not stated, MNI per Methods)",Robinson2015_Auburn7T23,sensitivity_only
Robinson2015,26350954,PMID26350954,R4 (right hippocampus 5-cluster CBP of Harvard-Oxford 75% hippocampus),healthy young adults (7T; mean 21.2 y),23,MNI,38,-43,-17,Anterior: Right Culmen,Table 3,,"7T seed-to-voxel rsFC (CONN/SPM8, normalised to MNI), FWE cluster p<0.05 TWO-TAILED; table gives no sign/t -> positive vs negative cannot be distinguished; labels from Talairach Daemon (space of table not stated, MNI per Methods)",Robinson2015_Auburn7T23,sensitivity_only
Robinson2015,26350954,PMID26350954,R4 (right hippocampus 5-cluster CBP of Harvard-Oxford 75% hippocampus),healthy young adults (7T; mean 21.2 y),23,MNI,48,-15,40,Frontal: Right Precentral Gyrus BA4,Table 3,,"7T seed-to-voxel rsFC (CONN/SPM8, normalised to MNI), FWE cluster p<0.05 TWO-TAILED; table gives no sign/t -> positive vs negative cannot be distinguished; labels from Talairach Daemon (space of table not stated, MNI per Methods)",Robinson2015_Auburn7T23,sensitivity_only
Robinson2015,26350954,PMID26350954,R4 (right hippocampus 5-cluster CBP of Harvard-Oxford 75% hippocampus),healthy young adults (7T; mean 21.2 y),23,MNI,19,-41,55,Frontal: Right Paracentral Lobule BA5,Table 3,,"7T seed-to-voxel rsFC (CONN/SPM8, normalised to MNI), FWE cluster p<0.05 TWO-TAILED; table gives no sign/t -> positive vs negative cannot be distinguished; labels from Talairach Daemon (space of table not stated, MNI per Methods)",Robinson2015_Auburn7T23,sensitivity_only
Robinson2015,26350954,PMID26350954,R4 (right hippocampus 5-cluster CBP of Harvard-Oxford 75% hippocampus),healthy young adults (7T; mean 21.2 y),23,MNI,0,-18,53,Frontal: Left Medial Frontal Gyrus BA6,Table 3,,"7T seed-to-voxel rsFC (CONN/SPM8, normalised to MNI), FWE cluster p<0.05 TWO-TAILED; table gives no sign/t -> positive vs negative cannot be distinguished; labels from Talairach Daemon (space of table not stated, MNI per Methods)",Robinson2015_Auburn7T23,sensitivity_only
Robinson2015,26350954,PMID26350954,R4 (right hippocampus 5-cluster CBP of Harvard-Oxford 75% hippocampus),healthy young adults (7T; mean 21.2 y),23,MNI,-22,-17,49,Frontal: Left Superior Frontal Gyrus BA8,Table 3,,"7T seed-to-voxel rsFC (CONN/SPM8, normalised to MNI), FWE cluster p<0.05 TWO-TAILED; table gives no sign/t -> positive vs negative cannot be distinguished; labels from Talairach Daemon (space of table not stated, MNI per Methods)",Robinson2015_Auburn7T23,sensitivity_only
Robinson2015,26350954,PMID26350954,R4 (right hippocampus 5-cluster CBP of Harvard-Oxford 75% hippocampus),healthy young adults (7T; mean 21.2 y),23,MNI,-13,35,49,Frontal: Left Superior Frontal Gyrus,Table 3,,"7T seed-to-voxel rsFC (CONN/SPM8, normalised to MNI), FWE cluster p<0.05 TWO-TAILED; table gives no sign/t -> positive vs negative cannot be distinguished; labels from Talairach Daemon (space of table not stated, MNI per Methods)",Robinson2015_Auburn7T23,sensitivity_only
Robinson2015,26350954,PMID26350954,R4 (right hippocampus 5-cluster CBP of Harvard-Oxford 75% hippocampus),healthy young adults (7T; mean 21.2 y),23,MNI,-5,25,1,Limbic: Left Anterior Cingulate BA24,Table 3,,"7T seed-to-voxel rsFC (CONN/SPM8, normalised to MNI), FWE cluster p<0.05 TWO-TAILED; table gives no sign/t -> positive vs negative cannot be distinguished; labels from Talairach Daemon (space of table not stated, MNI per Methods)",Robinson2015_Auburn7T23,sensitivity_only
Robinson2015,26350954,PMID26350954,R4 (right hippocampus 5-cluster CBP of Harvard-Oxford 75% hippocampus),healthy young adults (7T; mean 21.2 y),23,MNI,-2,-13,43,Limbic: Left Cingulate Gyrus,Table 3,,"7T seed-to-voxel rsFC (CONN/SPM8, normalised to MNI), FWE cluster p<0.05 TWO-TAILED; table gives no sign/t -> positive vs negative cannot be distinguished; labels from Talairach Daemon (space of table not stated, MNI per Methods)",Robinson2015_Auburn7T23,sensitivity_only
Robinson2015,26350954,PMID26350954,R4 (right hippocampus 5-cluster CBP of Harvard-Oxford 75% hippocampus),healthy young adults (7T; mean 21.2 y),23,MNI,-9,-40,6,Limbic: Left Parahippocampal Gyrus BA30,Table 3,,"7T seed-to-voxel rsFC (CONN/SPM8, normalised to MNI), FWE cluster p<0.05 TWO-TAILED; table gives no sign/t -> positive vs negative cannot be distinguished; labels from Talairach Daemon (space of table not stated, MNI per Methods)",Robinson2015_Auburn7T23,sensitivity_only
Robinson2015,26350954,PMID26350954,R4 (right hippocampus 5-cluster CBP of Harvard-Oxford 75% hippocampus),healthy young adults (7T; mean 21.2 y),23,MNI,1,40,4,Limbic: Left Anterior Cingulate BA32,Table 3,,"7T seed-to-voxel rsFC (CONN/SPM8, normalised to MNI), FWE cluster p<0.05 TWO-TAILED; table gives no sign/t -> positive vs negative cannot be distinguished; labels from Talairach Daemon (space of table not stated, MNI per Methods)",Robinson2015_Auburn7T23,sensitivity_only
Robinson2015,26350954,PMID26350954,R4 (right hippocampus 5-cluster CBP of Harvard-Oxford 75% hippocampus),healthy young adults (7T; mean 21.2 y),23,MNI,-21,-17,-12,Limbic: Left Parahippocampal Gyrus BA35,Table 3,,"7T seed-to-voxel rsFC (CONN/SPM8, normalised to MNI), FWE cluster p<0.05 TWO-TAILED; table gives no sign/t -> positive vs negative cannot be distinguished; labels from Talairach Daemon (space of table not stated, MNI per Methods)",Robinson2015_Auburn7T23,sensitivity_only
Robinson2015,26350954,PMID26350954,R4 (right hippocampus 5-cluster CBP of Harvard-Oxford 75% hippocampus),healthy young adults (7T; mean 21.2 y),23,MNI,-27,-2,-9,Limbic: Left Amygdala,Table 3,,"7T seed-to-voxel rsFC (CONN/SPM8, normalised to MNI), FWE cluster p<0.05 TWO-TAILED; table gives no sign/t -> positive vs negative cannot be distinguished; labels from Talairach Daemon (space of table not stated, MNI per Methods)",Robinson2015_Auburn7T23,sensitivity_only
Robinson2015,26350954,PMID26350954,R4 (right hippocampus 5-cluster CBP of Harvard-Oxford 75% hippocampus),healthy young adults (7T; mean 21.2 y),23,MNI,29,-21,-12,Limbic: Right Hippocampus,Table 3,,"7T seed-to-voxel rsFC (CONN/SPM8, normalised to MNI), FWE cluster p<0.05 TWO-TAILED; table gives no sign/t -> positive vs negative cannot be distinguished; labels from Talairach Daemon (space of table not stated, MNI per Methods)",Robinson2015_Auburn7T23,sensitivity_only
Robinson2015,26350954,PMID26350954,R4 (right hippocampus 5-cluster CBP of Harvard-Oxford 75% hippocampus),healthy young adults (7T; mean 21.2 y),23,MNI,-27,-81,-8,Occipital: Left Middle Occipital Gyrus BA18,Table 3,,"7T seed-to-voxel rsFC (CONN/SPM8, normalised to MNI), FWE cluster p<0.05 TWO-TAILED; table gives no sign/t -> positive vs negative cannot be distinguished; labels from Talairach Daemon (space of table not stated, MNI per Methods)",Robinson2015_Auburn7T23,sensitivity_only
Robinson2015,26350954,PMID26350954,R4 (right hippocampus 5-cluster CBP of Harvard-Oxford 75% hippocampus),healthy young adults (7T; mean 21.2 y),23,MNI,22,-86,23,Occipital: Right Cuneus,Table 3,,"7T seed-to-voxel rsFC (CONN/SPM8, normalised to MNI), FWE cluster p<0.05 TWO-TAILED; table gives no sign/t -> positive vs negative cannot be distinguished; labels from Talairach Daemon (space of table not stated, MNI per Methods)",Robinson2015_Auburn7T23,sensitivity_only
Robinson2015,26350954,PMID26350954,R4 (right hippocampus 5-cluster CBP of Harvard-Oxford 75% hippocampus),healthy young adults (7T; mean 21.2 y),23,MNI,10,-86,14,Occipital: Right Cuneus,Table 3,,"7T seed-to-voxel rsFC (CONN/SPM8, normalised to MNI), FWE cluster p<0.05 TWO-TAILED; table gives no sign/t -> positive vs negative cannot be distinguished; labels from Talairach Daemon (space of table not stated, MNI per Methods)",Robinson2015_Auburn7T23,sensitivity_only
Robinson2015,26350954,PMID26350954,R4 (right hippocampus 5-cluster CBP of Harvard-Oxford 75% hippocampus),healthy young adults (7T; mean 21.2 y),23,MNI,2,-75,3,Occipital: Right Lingual Gyrus,Table 3,,"7T seed-to-voxel rsFC (CONN/SPM8, normalised to MNI), FWE cluster p<0.05 TWO-TAILED; table gives no sign/t -> positive vs negative cannot be distinguished; labels from Talairach Daemon (space of table not stated, MNI per Methods)",Robinson2015_Auburn7T23,sensitivity_only
Robinson2015,26350954,PMID26350954,R4 (right hippocampus 5-cluster CBP of Harvard-Oxford 75% hippocampus),healthy young adults (7T; mean 21.2 y),23,MNI,-21,-59,-9,Occipital: Left Fusiform Gyrus BA19,Table 3,,"7T seed-to-voxel rsFC (CONN/SPM8, normalised to MNI), FWE cluster p<0.05 TWO-TAILED; table gives no sign/t -> positive vs negative cannot be distinguished; labels from Talairach Daemon (space of table not stated, MNI per Methods)",Robinson2015_Auburn7T23,sensitivity_only
Robinson2015,26350954,PMID26350954,R4 (right hippocampus 5-cluster CBP of Harvard-Oxford 75% hippocampus),healthy young adults (7T; mean 21.2 y),23,MNI,-34,-75,-11,Occipital: Left Fusiform Gyrus,Table 3,,"7T seed-to-voxel rsFC (CONN/SPM8, normalised to MNI), FWE cluster p<0.05 TWO-TAILED; table gives no sign/t -> positive vs negative cannot be distinguished; labels from Talairach Daemon (space of table not stated, MNI per Methods)",Robinson2015_Auburn7T23,sensitivity_only
Robinson2015,26350954,PMID26350954,R4 (right hippocampus 5-cluster CBP of Harvard-Oxford 75% hippocampus),healthy young adults (7T; mean 21.2 y),23,MNI,40,-67,-5,Occipital: Right Inferior Temporal Gyrus,Table 3,,"7T seed-to-voxel rsFC (CONN/SPM8, normalised to MNI), FWE cluster p<0.05 TWO-TAILED; table gives no sign/t -> positive vs negative cannot be distinguished; labels from Talairach Daemon (space of table not stated, MNI per Methods)",Robinson2015_Auburn7T23,sensitivity_only
Robinson2015,26350954,PMID26350954,R4 (right hippocampus 5-cluster CBP of Harvard-Oxford 75% hippocampus),healthy young adults (7T; mean 21.2 y),23,MNI,35,-29,53,Parietal: Rights Postcentral Gyrus BA3,Table 3,,"7T seed-to-voxel rsFC (CONN/SPM8, normalised to MNI), FWE cluster p<0.05 TWO-TAILED; table gives no sign/t -> positive vs negative cannot be distinguished; labels from Talairach Daemon (space of table not stated, MNI per Methods)",Robinson2015_Auburn7T23,sensitivity_only
Robinson2015,26350954,PMID26350954,R4 (right hippocampus 5-cluster CBP of Harvard-Oxford 75% hippocampus),healthy young adults (7T; mean 21.2 y),23,MNI,-44,-72,35,Parietal: Left Precuneus BA39,Table 3,,"7T seed-to-voxel rsFC (CONN/SPM8, normalised to MNI), FWE cluster p<0.05 TWO-TAILED; table gives no sign/t -> positive vs negative cannot be distinguished; labels from Talairach Daemon (space of table not stated, MNI per Methods)",Robinson2015_Auburn7T23,sensitivity_only
Robinson2015,26350954,PMID26350954,R4 (right hippocampus 5-cluster CBP of Harvard-Oxford 75% hippocampus),healthy young adults (7T; mean 21.2 y),23,MNI,-36,-22,21,Sub-lobar: Left Insula BA13,Table 3,,"7T seed-to-voxel rsFC (CONN/SPM8, normalised to MNI), FWE cluster p<0.05 TWO-TAILED; table gives no sign/t -> positive vs negative cannot be distinguished; labels from Talairach Daemon (space of table not stated, MNI per Methods)",Robinson2015_Auburn7T23,sensitivity_only
Robinson2015,26350954,PMID26350954,R4 (right hippocampus 5-cluster CBP of Harvard-Oxford 75% hippocampus),healthy young adults (7T; mean 21.2 y),23,MNI,-23,5,-5,Sub-lobar: Left Putamen Lentiform Nucleus,Table 3,,"7T seed-to-voxel rsFC (CONN/SPM8, normalised to MNI), FWE cluster p<0.05 TWO-TAILED; table gives no sign/t -> positive vs negative cannot be distinguished; labels from Talairach Daemon (space of table not stated, MNI per Methods)",Robinson2015_Auburn7T23,sensitivity_only
Robinson2015,26350954,PMID26350954,R4 (right hippocampus 5-cluster CBP of Harvard-Oxford 75% hippocampus),healthy young adults (7T; mean 21.2 y),23,MNI,-54,-4,-13,Temporal: Left Middle Temporal Gyrus BA21,Table 3,,"7T seed-to-voxel rsFC (CONN/SPM8, normalised to MNI), FWE cluster p<0.05 TWO-TAILED; table gives no sign/t -> positive vs negative cannot be distinguished; labels from Talairach Daemon (space of table not stated, MNI per Methods)",Robinson2015_Auburn7T23,sensitivity_only
Robinson2015,26350954,PMID26350954,R4 (right hippocampus 5-cluster CBP of Harvard-Oxford 75% hippocampus),healthy young adults (7T; mean 21.2 y),23,MNI,-51,-45,6,Temporal: Left Middle Temporal Gyrus,Table 3,,"7T seed-to-voxel rsFC (CONN/SPM8, normalised to MNI), FWE cluster p<0.05 TWO-TAILED; table gives no sign/t -> positive vs negative cannot be distinguished; labels from Talairach Daemon (space of table not stated, MNI per Methods)",Robinson2015_Auburn7T23,sensitivity_only
Robinson2015,26350954,PMID26350954,R4 (right hippocampus 5-cluster CBP of Harvard-Oxford 75% hippocampus),healthy young adults (7T; mean 21.2 y),23,MNI,-53,7,-3,Temporal: Left Superior Temporal Gyrus BA22,Table 3,,"7T seed-to-voxel rsFC (CONN/SPM8, normalised to MNI), FWE cluster p<0.05 TWO-TAILED; table gives no sign/t -> positive vs negative cannot be distinguished; labels from Talairach Daemon (space of table not stated, MNI per Methods)",Robinson2015_Auburn7T23,sensitivity_only
Robinson2015,26350954,PMID26350954,R4 (right hippocampus 5-cluster CBP of Harvard-Oxford 75% hippocampus),healthy young adults (7T; mean 21.2 y),23,MNI,-56,-3,-4,Temporal: Left Superior Temporal Gyrus,Table 3,,"7T seed-to-voxel rsFC (CONN/SPM8, normalised to MNI), FWE cluster p<0.05 TWO-TAILED; table gives no sign/t -> positive vs negative cannot be distinguished; labels from Talairach Daemon (space of table not stated, MNI per Methods)",Robinson2015_Auburn7T23,sensitivity_only
Robinson2015,26350954,PMID26350954,R4 (right hippocampus 5-cluster CBP of Harvard-Oxford 75% hippocampus),healthy young adults (7T; mean 21.2 y),23,MNI,-38,-49,-15,Temporal: Left Fusiform Gyrus BA37,Table 3,,"7T seed-to-voxel rsFC (CONN/SPM8, normalised to MNI), FWE cluster p<0.05 TWO-TAILED; table gives no sign/t -> positive vs negative cannot be distinguished; labels from Talairach Daemon (space of table not stated, MNI per Methods)",Robinson2015_Auburn7T23,sensitivity_only
Robinson2015,26350954,PMID26350954,R4 (right hippocampus 5-cluster CBP of Harvard-Oxford 75% hippocampus),healthy young adults (7T; mean 21.2 y),23,MNI,45,-57,-11,Temporal: Right Fusiform Gyrus,Table 3,,"7T seed-to-voxel rsFC (CONN/SPM8, normalised to MNI), FWE cluster p<0.05 TWO-TAILED; table gives no sign/t -> positive vs negative cannot be distinguished; labels from Talairach Daemon (space of table not stated, MNI per Methods)",Robinson2015_Auburn7T23,sensitivity_only
Robinson2015,26350954,PMID26350954,R4 (right hippocampus 5-cluster CBP of Harvard-Oxford 75% hippocampus),healthy young adults (7T; mean 21.2 y),23,MNI,39,-38,12,Temporal: Right Superior Temporal Gyrus BA41,Table 3,,"7T seed-to-voxel rsFC (CONN/SPM8, normalised to MNI), FWE cluster p<0.05 TWO-TAILED; table gives no sign/t -> positive vs negative cannot be distinguished; labels from Talairach Daemon (space of table not stated, MNI per Methods)",Robinson2015_Auburn7T23,sensitivity_only
Robinson2015,26350954,PMID26350954,R5 (right hippocampus 5-cluster CBP of Harvard-Oxford 75% hippocampus),healthy young adults (7T; mean 21.2 y),23,MNI,27,-29,-7,Limbic: Right Parahippocampal Gyrus BA27,Table 3,,"7T seed-to-voxel rsFC (CONN/SPM8, normalised to MNI), FWE cluster p<0.05 TWO-TAILED; table gives no sign/t -> positive vs negative cannot be distinguished; labels from Talairach Daemon (space of table not stated, MNI per Methods)",Robinson2015_Auburn7T23,sensitivity_only
Robinson2015,26350954,PMID26350954,R5 (right hippocampus 5-cluster CBP of Harvard-Oxford 75% hippocampus),healthy young adults (7T; mean 21.2 y),23,MNI,-14,-51,5,Limbic: Left Parahippocampal Gyrus BA30,Table 3,,"7T seed-to-voxel rsFC (CONN/SPM8, normalised to MNI), FWE cluster p<0.05 TWO-TAILED; table gives no sign/t -> positive vs negative cannot be distinguished; labels from Talairach Daemon (space of table not stated, MNI per Methods)",Robinson2015_Auburn7T23,sensitivity_only
Robinson2015,26350954,PMID26350954,R5 (right hippocampus 5-cluster CBP of Harvard-Oxford 75% hippocampus),healthy young adults (7T; mean 21.2 y),23,MNI,6,-50,21,Limbic: Right Posterior Cingulate,Table 3,,"7T seed-to-voxel rsFC (CONN/SPM8, normalised to MNI), FWE cluster p<0.05 TWO-TAILED; table gives no sign/t -> positive vs negative cannot be distinguished; labels from Talairach Daemon (space of table not stated, MNI per Methods)",Robinson2015_Auburn7T23,sensitivity_only
Robinson2015,26350954,PMID26350954,R5 (right hippocampus 5-cluster CBP of Harvard-Oxford 75% hippocampus),healthy young adults (7T; mean 21.2 y),23,MNI,-11,-55,30,Limbic: Left Cingulate Gyrus BA31,Table 3,,"7T seed-to-voxel rsFC (CONN/SPM8, normalised to MNI), FWE cluster p<0.05 TWO-TAILED; table gives no sign/t -> positive vs negative cannot be distinguished; labels from Talairach Daemon (space of table not stated, MNI per Methods)",Robinson2015_Auburn7T23,sensitivity_only
Robinson2015,26350954,PMID26350954,R5 (right hippocampus 5-cluster CBP of Harvard-Oxford 75% hippocampus),healthy young adults (7T; mean 21.2 y),23,MNI,-31,-29,-10,Limbic: Left Hippocampus,Table 3,,"7T seed-to-voxel rsFC (CONN/SPM8, normalised to MNI), FWE cluster p<0.05 TWO-TAILED; table gives no sign/t -> positive vs negative cannot be distinguished; labels from Talairach Daemon (space of table not stated, MNI per Methods)",Robinson2015_Auburn7T23,sensitivity_only
Robinson2015,26350954,PMID26350954,R5 (right hippocampus 5-cluster CBP of Harvard-Oxford 75% hippocampus),healthy young adults (7T; mean 21.2 y),23,MNI,-40,-59,32,Parietal: Left Angular Gyrus BA39,Table 3,,"7T seed-to-voxel rsFC (CONN/SPM8, normalised to MNI), FWE cluster p<0.05 TWO-TAILED; table gives no sign/t -> positive vs negative cannot be distinguished; labels from Talairach Daemon (space of table not stated, MNI per Methods)",Robinson2015_Auburn7T23,sensitivity_only
Robinson2015,26350954,PMID26350954,R5 (right hippocampus 5-cluster CBP of Harvard-Oxford 75% hippocampus),healthy young adults (7T; mean 21.2 y),23,MNI,56,-11,-1,Temporal: Right Superior Temporal Gyrus BA22,Table 3,,"7T seed-to-voxel rsFC (CONN/SPM8, normalised to MNI), FWE cluster p<0.05 TWO-TAILED; table gives no sign/t -> positive vs negative cannot be distinguished; labels from Talairach Daemon (space of table not stated, MNI per Methods)",Robinson2015_Auburn7T23,sensitivity_only
Robinson2015,26350954,PMID26350954,R5 (right hippocampus 5-cluster CBP of Harvard-Oxford 75% hippocampus),healthy young adults (7T; mean 21.2 y),23,MNI,-55,-21,7,Temporal: Left Superior Temporal Gyrus BA41,Table 3,,"7T seed-to-voxel rsFC (CONN/SPM8, normalised to MNI), FWE cluster p<0.05 TWO-TAILED; table gives no sign/t -> positive vs negative cannot be distinguished; labels from Talairach Daemon (space of table not stated, MNI per Methods)",Robinson2015_Auburn7T23,sensitivity_only
Robinson2015,26350954,PMID26350954,Cluster1 (right hippocampus 2-cluster CBP of Harvard-Oxford 75% hippocampus),healthy young adults (7T; mean 21.2 y),23,MNI,14,-55,-24,Anterior: Right Dentate,Table 4,,"7T seed-to-voxel rsFC (CONN/SPM8, normalised to MNI), FWE cluster p<0.05 TWO-TAILED; table gives no sign/t -> positive vs negative cannot be distinguished; labels from Talairach Daemon (space of table not stated, MNI per Methods); Table 4 = alternative 2-cluster parcellation of the SAME right-hippocampus voxels as Table 3 (redundant)",Robinson2015_Auburn7T23,sensitivity_only
Robinson2015,26350954,PMID26350954,Cluster1 (right hippocampus 2-cluster CBP of Harvard-Oxford 75% hippocampus),healthy young adults (7T; mean 21.2 y),23,MNI,2,27,57,Frontal: Right Superior Frontal Gyrus BA6,Table 4,,"7T seed-to-voxel rsFC (CONN/SPM8, normalised to MNI), FWE cluster p<0.05 TWO-TAILED; table gives no sign/t -> positive vs negative cannot be distinguished; labels from Talairach Daemon (space of table not stated, MNI per Methods); Table 4 = alternative 2-cluster parcellation of the SAME right-hippocampus voxels as Table 3 (redundant)",Robinson2015_Auburn7T23,sensitivity_only
Robinson2015,26350954,PMID26350954,Cluster1 (right hippocampus 2-cluster CBP of Harvard-Oxford 75% hippocampus),healthy young adults (7T; mean 21.2 y),23,MNI,-22,36,45,Frontal: Left Superior Frontal Gyrus BA8,Table 4,,"7T seed-to-voxel rsFC (CONN/SPM8, normalised to MNI), FWE cluster p<0.05 TWO-TAILED; table gives no sign/t -> positive vs negative cannot be distinguished; labels from Talairach Daemon (space of table not stated, MNI per Methods); Table 4 = alternative 2-cluster parcellation of the SAME right-hippocampus voxels as Table 3 (redundant)",Robinson2015_Auburn7T23,sensitivity_only
Robinson2015,26350954,PMID26350954,Cluster1 (right hippocampus 2-cluster CBP of Harvard-Oxford 75% hippocampus),healthy young adults (7T; mean 21.2 y),23,MNI,3,53,22,Frontal: Right Medial Frontal Gyrus BA9,Table 4,,"7T seed-to-voxel rsFC (CONN/SPM8, normalised to MNI), FWE cluster p<0.05 TWO-TAILED; table gives no sign/t -> positive vs negative cannot be distinguished; labels from Talairach Daemon (space of table not stated, MNI per Methods); Table 4 = alternative 2-cluster parcellation of the SAME right-hippocampus voxels as Table 3 (redundant)",Robinson2015_Auburn7T23,sensitivity_only
Robinson2015,26350954,PMID26350954,Cluster1 (right hippocampus 2-cluster CBP of Harvard-Oxford 75% hippocampus),healthy young adults (7T; mean 21.2 y),23,MNI,-16,58,13,Frontal: Left Medial Frontal Gyrus BA10,Table 4,,"7T seed-to-voxel rsFC (CONN/SPM8, normalised to MNI), FWE cluster p<0.05 TWO-TAILED; table gives no sign/t -> positive vs negative cannot be distinguished; labels from Talairach Daemon (space of table not stated, MNI per Methods); Table 4 = alternative 2-cluster parcellation of the SAME right-hippocampus voxels as Table 3 (redundant)",Robinson2015_Auburn7T23,sensitivity_only
Robinson2015,26350954,PMID26350954,Cluster1 (right hippocampus 2-cluster CBP of Harvard-Oxford 75% hippocampus),healthy young adults (7T; mean 21.2 y),23,MNI,-38,46,15,Frontal: Left Middle Frontal Gyrus,Table 4,,"7T seed-to-voxel rsFC (CONN/SPM8, normalised to MNI), FWE cluster p<0.05 TWO-TAILED; table gives no sign/t -> positive vs negative cannot be distinguished; labels from Talairach Daemon (space of table not stated, MNI per Methods); Table 4 = alternative 2-cluster parcellation of the SAME right-hippocampus voxels as Table 3 (redundant)",Robinson2015_Auburn7T23,sensitivity_only
Robinson2015,26350954,PMID26350954,Cluster1 (right hippocampus 2-cluster CBP of Harvard-Oxford 75% hippocampus),healthy young adults (7T; mean 21.2 y),23,MNI,-41,31,-6,Frontal: Left Inferior Frontal Gyrus BA47,Table 4,,"7T seed-to-voxel rsFC (CONN/SPM8, normalised to MNI), FWE cluster p<0.05 TWO-TAILED; table gives no sign/t -> positive vs negative cannot be distinguished; labels from Talairach Daemon (space of table not stated, MNI per Methods); Table 4 = alternative 2-cluster parcellation of the SAME right-hippocampus voxels as Table 3 (redundant)",Robinson2015_Auburn7T23,sensitivity_only
Robinson2015,26350954,PMID26350954,Cluster1 (right hippocampus 2-cluster CBP of Harvard-Oxford 75% hippocampus),healthy young adults (7T; mean 21.2 y),23,MNI,38,29,-7,Frontal: Right Inferior Frontal Gyrus,Table 4,,"7T seed-to-voxel rsFC (CONN/SPM8, normalised to MNI), FWE cluster p<0.05 TWO-TAILED; table gives no sign/t -> positive vs negative cannot be distinguished; labels from Talairach Daemon (space of table not stated, MNI per Methods); Table 4 = alternative 2-cluster parcellation of the SAME right-hippocampus voxels as Table 3 (redundant)",Robinson2015_Auburn7T23,sensitivity_only
Robinson2015,26350954,PMID26350954,Cluster1 (right hippocampus 2-cluster CBP of Harvard-Oxford 75% hippocampus),healthy young adults (7T; mean 21.2 y),23,MNI,36,15,-17,Frontal: Right Inferior Frontal Gyrus,Table 4,,"7T seed-to-voxel rsFC (CONN/SPM8, normalised to MNI), FWE cluster p<0.05 TWO-TAILED; table gives no sign/t -> positive vs negative cannot be distinguished; labels from Talairach Daemon (space of table not stated, MNI per Methods); Table 4 = alternative 2-cluster parcellation of the SAME right-hippocampus voxels as Table 3 (redundant)",Robinson2015_Auburn7T23,sensitivity_only
Robinson2015,26350954,PMID26350954,Cluster1 (right hippocampus 2-cluster CBP of Harvard-Oxford 75% hippocampus),healthy young adults (7T; mean 21.2 y),23,MNI,21,-13,-15,Limbic: Right Parahippocampal Gyrus BA28,Table 4,,"7T seed-to-voxel rsFC (CONN/SPM8, normalised to MNI), FWE cluster p<0.05 TWO-TAILED; table gives no sign/t -> positive vs negative cannot be distinguished; labels from Talairach Daemon (space of table not stated, MNI per Methods); Table 4 = alternative 2-cluster parcellation of the SAME right-hippocampus voxels as Table 3 (redundant)",Robinson2015_Auburn7T23,sensitivity_only
Robinson2015,26350954,PMID26350954,Cluster1 (right hippocampus 2-cluster CBP of Harvard-Oxford 75% hippocampus),healthy young adults (7T; mean 21.2 y),23,MNI,-11,-48,12,Limbic: Left Posterior Cingulate BA29,Table 4,,"7T seed-to-voxel rsFC (CONN/SPM8, normalised to MNI), FWE cluster p<0.05 TWO-TAILED; table gives no sign/t -> positive vs negative cannot be distinguished; labels from Talairach Daemon (space of table not stated, MNI per Methods); Table 4 = alternative 2-cluster parcellation of the SAME right-hippocampus voxels as Table 3 (redundant)",Robinson2015_Auburn7T23,sensitivity_only
Robinson2015,26350954,PMID26350954,Cluster1 (right hippocampus 2-cluster CBP of Harvard-Oxford 75% hippocampus),healthy young adults (7T; mean 21.2 y),23,MNI,-3,47,2,Limbic: Left Anterior Cingulate BA32,Table 4,,"7T seed-to-voxel rsFC (CONN/SPM8, normalised to MNI), FWE cluster p<0.05 TWO-TAILED; table gives no sign/t -> positive vs negative cannot be distinguished; labels from Talairach Daemon (space of table not stated, MNI per Methods); Table 4 = alternative 2-cluster parcellation of the SAME right-hippocampus voxels as Table 3 (redundant)",Robinson2015_Auburn7T23,sensitivity_only
Robinson2015,26350954,PMID26350954,Cluster1 (right hippocampus 2-cluster CBP of Harvard-Oxford 75% hippocampus),healthy young adults (7T; mean 21.2 y),23,MNI,5,31,-7,Limbic: Right Anterior Cingulate,Table 4,,"7T seed-to-voxel rsFC (CONN/SPM8, normalised to MNI), FWE cluster p<0.05 TWO-TAILED; table gives no sign/t -> positive vs negative cannot be distinguished; labels from Talairach Daemon (space of table not stated, MNI per Methods); Table 4 = alternative 2-cluster parcellation of the SAME right-hippocampus voxels as Table 3 (redundant)",Robinson2015_Auburn7T23,sensitivity_only
Robinson2015,26350954,PMID26350954,Cluster1 (right hippocampus 2-cluster CBP of Harvard-Oxford 75% hippocampus),healthy young adults (7T; mean 21.2 y),23,MNI,-23,-11,-13,Limbic: Left Amygdala,Table 4,,"7T seed-to-voxel rsFC (CONN/SPM8, normalised to MNI), FWE cluster p<0.05 TWO-TAILED; table gives no sign/t -> positive vs negative cannot be distinguished; labels from Talairach Daemon (space of table not stated, MNI per Methods); Table 4 = alternative 2-cluster parcellation of the SAME right-hippocampus voxels as Table 3 (redundant)",Robinson2015_Auburn7T23,sensitivity_only
Robinson2015,26350954,PMID26350954,Cluster1 (right hippocampus 2-cluster CBP of Harvard-Oxford 75% hippocampus),healthy young adults (7T; mean 21.2 y),23,MNI,-41,-67,35,Parietal: Left Precuneus BA39,Table 4,,"7T seed-to-voxel rsFC (CONN/SPM8, normalised to MNI), FWE cluster p<0.05 TWO-TAILED; table gives no sign/t -> positive vs negative cannot be distinguished; labels from Talairach Daemon (space of table not stated, MNI per Methods); Table 4 = alternative 2-cluster parcellation of the SAME right-hippocampus voxels as Table 3 (redundant)",Robinson2015_Auburn7T23,sensitivity_only
Robinson2015,26350954,PMID26350954,Cluster1 (right hippocampus 2-cluster CBP of Harvard-Oxford 75% hippocampus),healthy young adults (7T; mean 21.2 y),23,MNI,-36,-18,22,Sub-lobar: Left Insula BA13,Table 4,,"7T seed-to-voxel rsFC (CONN/SPM8, normalised to MNI), FWE cluster p<0.05 TWO-TAILED; table gives no sign/t -> positive vs negative cannot be distinguished; labels from Talairach Daemon (space of table not stated, MNI per Methods); Table 4 = alternative 2-cluster parcellation of the SAME right-hippocampus voxels as Table 3 (redundant)",Robinson2015_Auburn7T23,sensitivity_only
Robinson2015,26350954,PMID26350954,Cluster1 (right hippocampus 2-cluster CBP of Harvard-Oxford 75% hippocampus),healthy young adults (7T; mean 21.2 y),23,MNI,55,-6,-17,Temporal: Right Middle Temporal Gyrus BA21,Table 4,,"7T seed-to-voxel rsFC (CONN/SPM8, normalised to MNI), FWE cluster p<0.05 TWO-TAILED; table gives no sign/t -> positive vs negative cannot be distinguished; labels from Talairach Daemon (space of table not stated, MNI per Methods); Table 4 = alternative 2-cluster parcellation of the SAME right-hippocampus voxels as Table 3 (redundant)",Robinson2015_Auburn7T23,sensitivity_only
Robinson2015,26350954,PMID26350954,Cluster1 (right hippocampus 2-cluster CBP of Harvard-Oxford 75% hippocampus),healthy young adults (7T; mean 21.2 y),23,MNI,58,-11,-1,Temporal: Right Superior Temporal Gyrus,Table 4,,"7T seed-to-voxel rsFC (CONN/SPM8, normalised to MNI), FWE cluster p<0.05 TWO-TAILED; table gives no sign/t -> positive vs negative cannot be distinguished; labels from Talairach Daemon (space of table not stated, MNI per Methods); Table 4 = alternative 2-cluster parcellation of the SAME right-hippocampus voxels as Table 3 (redundant)",Robinson2015_Auburn7T23,sensitivity_only
Robinson2015,26350954,PMID26350954,Cluster1 (right hippocampus 2-cluster CBP of Harvard-Oxford 75% hippocampus),healthy young adults (7T; mean 21.2 y),23,MNI,47,5,-5,Temporal: Right Superior Temporal Gyrus BA22,Table 4,,"7T seed-to-voxel rsFC (CONN/SPM8, normalised to MNI), FWE cluster p<0.05 TWO-TAILED; table gives no sign/t -> positive vs negative cannot be distinguished; labels from Talairach Daemon (space of table not stated, MNI per Methods); Table 4 = alternative 2-cluster parcellation of the SAME right-hippocampus voxels as Table 3 (redundant)",Robinson2015_Auburn7T23,sensitivity_only
Robinson2015,26350954,PMID26350954,Cluster1 (right hippocampus 2-cluster CBP of Harvard-Oxford 75% hippocampus),healthy young adults (7T; mean 21.2 y),23,MNI,-29,-27,-10,Temporal: Left Hippocampus,Table 4,,"7T seed-to-voxel rsFC (CONN/SPM8, normalised to MNI), FWE cluster p<0.05 TWO-TAILED; table gives no sign/t -> positive vs negative cannot be distinguished; labels from Talairach Daemon (space of table not stated, MNI per Methods); Table 4 = alternative 2-cluster parcellation of the SAME right-hippocampus voxels as Table 3 (redundant)",Robinson2015_Auburn7T23,sensitivity_only
Robinson2015,26350954,PMID26350954,Cluster2 (right hippocampus 2-cluster CBP of Harvard-Oxford 75% hippocampus),healthy young adults (7T; mean 21.2 y),23,MNI,35,-28,58,Frontal: Right Precentral Gyrus BA4,Table 4,,"7T seed-to-voxel rsFC (CONN/SPM8, normalised to MNI), FWE cluster p<0.05 TWO-TAILED; table gives no sign/t -> positive vs negative cannot be distinguished; labels from Talairach Daemon (space of table not stated, MNI per Methods); Table 4 = alternative 2-cluster parcellation of the SAME right-hippocampus voxels as Table 3 (redundant)",Robinson2015_Auburn7T23,sensitivity_only
Robinson2015,26350954,PMID26350954,Cluster2 (right hippocampus 2-cluster CBP of Harvard-Oxford 75% hippocampus),healthy young adults (7T; mean 21.2 y),23,MNI,47,-17,38,Frontal: Right Precentral Gyrus,Table 4,,"7T seed-to-voxel rsFC (CONN/SPM8, normalised to MNI), FWE cluster p<0.05 TWO-TAILED; table gives no sign/t -> positive vs negative cannot be distinguished; labels from Talairach Daemon (space of table not stated, MNI per Methods); Table 4 = alternative 2-cluster parcellation of the SAME right-hippocampus voxels as Table 3 (redundant)",Robinson2015_Auburn7T23,sensitivity_only
Robinson2015,26350954,PMID26350954,Cluster2 (right hippocampus 2-cluster CBP of Harvard-Oxford 75% hippocampus),healthy young adults (7T; mean 21.2 y),23,MNI,34,-20,50,Frontal: Right Precentral Gyrus,Table 4,,"7T seed-to-voxel rsFC (CONN/SPM8, normalised to MNI), FWE cluster p<0.05 TWO-TAILED; table gives no sign/t -> positive vs negative cannot be distinguished; labels from Talairach Daemon (space of table not stated, MNI per Methods); Table 4 = alternative 2-cluster parcellation of the SAME right-hippocampus voxels as Table 3 (redundant)",Robinson2015_Auburn7T23,sensitivity_only
Robinson2015,26350954,PMID26350954,Cluster2 (right hippocampus 2-cluster CBP of Harvard-Oxford 75% hippocampus),healthy young adults (7T; mean 21.2 y),23,MNI,-6,-24,60,Frontal: Left Medial Frontal Gyrus BA6,Table 4,,"7T seed-to-voxel rsFC (CONN/SPM8, normalised to MNI), FWE cluster p<0.05 TWO-TAILED; table gives no sign/t -> positive vs negative cannot be distinguished; labels from Talairach Daemon (space of table not stated, MNI per Methods); Table 4 = alternative 2-cluster parcellation of the SAME right-hippocampus voxels as Table 3 (redundant)",Robinson2015_Auburn7T23,sensitivity_only
Robinson2015,26350954,PMID26350954,Cluster2 (right hippocampus 2-cluster CBP of Harvard-Oxford 75% hippocampus),healthy young adults (7T; mean 21.2 y),23,MNI,0,-10,65,Frontal: Right Medial Frontal Gyrus,Table 4,,"7T seed-to-voxel rsFC (CONN/SPM8, normalised to MNI), FWE cluster p<0.05 TWO-TAILED; table gives no sign/t -> positive vs negative cannot be distinguished; labels from Talairach Daemon (space of table not stated, MNI per Methods); Table 4 = alternative 2-cluster parcellation of the SAME right-hippocampus voxels as Table 3 (redundant)",Robinson2015_Auburn7T23,sensitivity_only
Robinson2015,26350954,PMID26350954,Cluster2 (right hippocampus 2-cluster CBP of Harvard-Oxford 75% hippocampus),healthy young adults (7T; mean 21.2 y),23,MNI,22,21,57,Frontal: Right Medial Frontal Gyrus,Table 4,,"7T seed-to-voxel rsFC (CONN/SPM8, normalised to MNI), FWE cluster p<0.05 TWO-TAILED; table gives no sign/t -> positive vs negative cannot be distinguished; labels from Talairach Daemon (space of table not stated, MNI per Methods); Table 4 = alternative 2-cluster parcellation of the SAME right-hippocampus voxels as Table 3 (redundant)",Robinson2015_Auburn7T23,sensitivity_only
Robinson2015,26350954,PMID26350954,Cluster2 (right hippocampus 2-cluster CBP of Harvard-Oxford 75% hippocampus),healthy young adults (7T; mean 21.2 y),23,MNI,49,-6,28,Frontal: Right Precentral Gyrus,Table 4,,"7T seed-to-voxel rsFC (CONN/SPM8, normalised to MNI), FWE cluster p<0.05 TWO-TAILED; table gives no sign/t -> positive vs negative cannot be distinguished; labels from Talairach Daemon (space of table not stated, MNI per Methods); Table 4 = alternative 2-cluster parcellation of the SAME right-hippocampus voxels as Table 3 (redundant)",Robinson2015_Auburn7T23,sensitivity_only
Robinson2015,26350954,PMID26350954,Cluster2 (right hippocampus 2-cluster CBP of Harvard-Oxford 75% hippocampus),healthy young adults (7T; mean 21.2 y),23,MNI,-26,19,47,Frontal: Left Middle Frontal Gyrus BA8,Table 4,,"7T seed-to-voxel rsFC (CONN/SPM8, normalised to MNI), FWE cluster p<0.05 TWO-TAILED; table gives no sign/t -> positive vs negative cannot be distinguished; labels from Talairach Daemon (space of table not stated, MNI per Methods); Table 4 = alternative 2-cluster parcellation of the SAME right-hippocampus voxels as Table 3 (redundant)",Robinson2015_Auburn7T23,sensitivity_only
Robinson2015,26350954,PMID26350954,Cluster2 (right hippocampus 2-cluster CBP of Harvard-Oxford 75% hippocampus),healthy young adults (7T; mean 21.2 y),23,MNI,-34,27,-5,Frontal: Left Inferior Frontal Gyrus BA47,Table 4,,"7T seed-to-voxel rsFC (CONN/SPM8, normalised to MNI), FWE cluster p<0.05 TWO-TAILED; table gives no sign/t -> positive vs negative cannot be distinguished; labels from Talairach Daemon (space of table not stated, MNI per Methods); Table 4 = alternative 2-cluster parcellation of the SAME right-hippocampus voxels as Table 3 (redundant)",Robinson2015_Auburn7T23,sensitivity_only
Robinson2015,26350954,PMID26350954,Cluster2 (right hippocampus 2-cluster CBP of Harvard-Oxford 75% hippocampus),healthy young adults (7T; mean 21.2 y),23,MNI,-36,22,-10,Frontal: Left Inferior Frontal Gyrus,Table 4,,"7T seed-to-voxel rsFC (CONN/SPM8, normalised to MNI), FWE cluster p<0.05 TWO-TAILED; table gives no sign/t -> positive vs negative cannot be distinguished; labels from Talairach Daemon (space of table not stated, MNI per Methods); Table 4 = alternative 2-cluster parcellation of the SAME right-hippocampus voxels as Table 3 (redundant)",Robinson2015_Auburn7T23,sensitivity_only
Robinson2015,26350954,PMID26350954,Cluster2 (right hippocampus 2-cluster CBP of Harvard-Oxford 75% hippocampus),healthy young adults (7T; mean 21.2 y),23,MNI,-2,-15,41,Limbic: Left Cingulate Gyrus BA24,Table 4,,"7T seed-to-voxel rsFC (CONN/SPM8, normalised to MNI), FWE cluster p<0.05 TWO-TAILED; table gives no sign/t -> positive vs negative cannot be distinguished; labels from Talairach Daemon (space of table not stated, MNI per Methods); Table 4 = alternative 2-cluster parcellation of the SAME right-hippocampus voxels as Table 3 (redundant)",Robinson2015_Auburn7T23,sensitivity_only
Robinson2015,26350954,PMID26350954,Cluster2 (right hippocampus 2-cluster CBP of Harvard-Oxford 75% hippocampus),healthy young adults (7T; mean 21.2 y),23,MNI,-3,-10,32,Limbic: Left Cingulate Gyrus,Table 4,,"7T seed-to-voxel rsFC (CONN/SPM8, normalised to MNI), FWE cluster p<0.05 TWO-TAILED; table gives no sign/t -> positive vs negative cannot be distinguished; labels from Talairach Daemon (space of table not stated, MNI per Methods); Table 4 = alternative 2-cluster parcellation of the SAME right-hippocampus voxels as Table 3 (redundant)",Robinson2015_Auburn7T23,sensitivity_only
Robinson2015,26350954,PMID26350954,Cluster2 (right hippocampus 2-cluster CBP of Harvard-Oxford 75% hippocampus),healthy young adults (7T; mean 21.2 y),23,MNI,30,-72,14,Limbic: Right Posterior Cingulate BA30,Table 4,,"7T seed-to-voxel rsFC (CONN/SPM8, normalised to MNI), FWE cluster p<0.05 TWO-TAILED; table gives no sign/t -> positive vs negative cannot be distinguished; labels from Talairach Daemon (space of table not stated, MNI per Methods); Table 4 = alternative 2-cluster parcellation of the SAME right-hippocampus voxels as Table 3 (redundant)",Robinson2015_Auburn7T23,sensitivity_only
Robinson2015,26350954,PMID26350954,Cluster2 (right hippocampus 2-cluster CBP of Harvard-Oxford 75% hippocampus),healthy young adults (7T; mean 21.2 y),23,MNI,1,40,4,Limbic: Right Anterior Cingulate BA32,Table 4,,"7T seed-to-voxel rsFC (CONN/SPM8, normalised to MNI), FWE cluster p<0.05 TWO-TAILED; table gives no sign/t -> positive vs negative cannot be distinguished; labels from Talairach Daemon (space of table not stated, MNI per Methods); Table 4 = alternative 2-cluster parcellation of the SAME right-hippocampus voxels as Table 3 (redundant)",Robinson2015_Auburn7T23,sensitivity_only
Robinson2015,26350954,PMID26350954,Cluster2 (right hippocampus 2-cluster CBP of Harvard-Oxford 75% hippocampus),healthy young adults (7T; mean 21.2 y),23,MNI,29,-21,-12,Limbic: Right Hippocampus,Table 4,,"7T seed-to-voxel rsFC (CONN/SPM8, normalised to MNI), FWE cluster p<0.05 TWO-TAILED; table gives no sign/t -> positive vs negative cannot be distinguished; labels from Talairach Daemon (space of table not stated, MNI per Methods); Table 4 = alternative 2-cluster parcellation of the SAME right-hippocampus voxels as Table 3 (redundant)",Robinson2015_Auburn7T23,sensitivity_only
Robinson2015,26350954,PMID26350954,Cluster2 (right hippocampus 2-cluster CBP of Harvard-Oxford 75% hippocampus),healthy young adults (7T; mean 21.2 y),23,MNI,-7,-89,16,Occipital: Left Cuneus BA18,Table 4,,"7T seed-to-voxel rsFC (CONN/SPM8, normalised to MNI), FWE cluster p<0.05 TWO-TAILED; table gives no sign/t -> positive vs negative cannot be distinguished; labels from Talairach Daemon (space of table not stated, MNI per Methods); Table 4 = alternative 2-cluster parcellation of the SAME right-hippocampus voxels as Table 3 (redundant)",Robinson2015_Auburn7T23,sensitivity_only
Robinson2015,26350954,PMID26350954,Cluster2 (right hippocampus 2-cluster CBP of Harvard-Oxford 75% hippocampus),healthy young adults (7T; mean 21.2 y),23,MNI,24,-87,25,Occipital: Right Cuneus,Table 4,,"7T seed-to-voxel rsFC (CONN/SPM8, normalised to MNI), FWE cluster p<0.05 TWO-TAILED; table gives no sign/t -> positive vs negative cannot be distinguished; labels from Talairach Daemon (space of table not stated, MNI per Methods); Table 4 = alternative 2-cluster parcellation of the SAME right-hippocampus voxels as Table 3 (redundant)",Robinson2015_Auburn7T23,sensitivity_only
Robinson2015,26350954,PMID26350954,Cluster2 (right hippocampus 2-cluster CBP of Harvard-Oxford 75% hippocampus),healthy young adults (7T; mean 21.2 y),23,MNI,2,-75,3,Occipital: Right Lingual Gyrus,Table 4,,"7T seed-to-voxel rsFC (CONN/SPM8, normalised to MNI), FWE cluster p<0.05 TWO-TAILED; table gives no sign/t -> positive vs negative cannot be distinguished; labels from Talairach Daemon (space of table not stated, MNI per Methods); Table 4 = alternative 2-cluster parcellation of the SAME right-hippocampus voxels as Table 3 (redundant)",Robinson2015_Auburn7T23,sensitivity_only
Robinson2015,26350954,PMID26350954,Cluster2 (right hippocampus 2-cluster CBP of Harvard-Oxford 75% hippocampus),healthy young adults (7T; mean 21.2 y),23,MNI,-34,-77,-13,Occipital: Left Fusiform Gyrus BA19,Table 4,,"7T seed-to-voxel rsFC (CONN/SPM8, normalised to MNI), FWE cluster p<0.05 TWO-TAILED; table gives no sign/t -> positive vs negative cannot be distinguished; labels from Talairach Daemon (space of table not stated, MNI per Methods); Table 4 = alternative 2-cluster parcellation of the SAME right-hippocampus voxels as Table 3 (redundant)",Robinson2015_Auburn7T23,sensitivity_only
Robinson2015,26350954,PMID26350954,Cluster2 (right hippocampus 2-cluster CBP of Harvard-Oxford 75% hippocampus),healthy young adults (7T; mean 21.2 y),23,MNI,40,-66,-9,Occipital: Left Fusiform Gyrus,Table 4,,"7T seed-to-voxel rsFC (CONN/SPM8, normalised to MNI), FWE cluster p<0.05 TWO-TAILED; table gives no sign/t -> positive vs negative cannot be distinguished; labels from Talairach Daemon (space of table not stated, MNI per Methods); Table 4 = alternative 2-cluster parcellation of the SAME right-hippocampus voxels as Table 3 (redundant)",Robinson2015_Auburn7T23,sensitivity_only
Robinson2015,26350954,PMID26350954,Cluster2 (right hippocampus 2-cluster CBP of Harvard-Oxford 75% hippocampus),healthy young adults (7T; mean 21.2 y),23,MNI,27,-66,-11,Occipital: Left Fusiform Gyrus,Table 4,,"7T seed-to-voxel rsFC (CONN/SPM8, normalised to MNI), FWE cluster p<0.05 TWO-TAILED; table gives no sign/t -> positive vs negative cannot be distinguished; labels from Talairach Daemon (space of table not stated, MNI per Methods); Table 4 = alternative 2-cluster parcellation of the SAME right-hippocampus voxels as Table 3 (redundant)",Robinson2015_Auburn7T23,sensitivity_only
Robinson2015,26350954,PMID26350954,Cluster2 (right hippocampus 2-cluster CBP of Harvard-Oxford 75% hippocampus),healthy young adults (7T; mean 21.2 y),23,MNI,-29,-31,50,Parietal: Left Postcentral Gyrus BA3,Table 4,,"7T seed-to-voxel rsFC (CONN/SPM8, normalised to MNI), FWE cluster p<0.05 TWO-TAILED; table gives no sign/t -> positive vs negative cannot be distinguished; labels from Talairach Daemon (space of table not stated, MNI per Methods); Table 4 = alternative 2-cluster parcellation of the SAME right-hippocampus voxels as Table 3 (redundant)",Robinson2015_Auburn7T23,sensitivity_only
Robinson2015,26350954,PMID26350954,Cluster2 (right hippocampus 2-cluster CBP of Harvard-Oxford 75% hippocampus),healthy young adults (7T; mean 21.2 y),23,MNI,-50,-18,40,Parietal: Left Postcentral Gyrus,Table 4,,"7T seed-to-voxel rsFC (CONN/SPM8, normalised to MNI), FWE cluster p<0.05 TWO-TAILED; table gives no sign/t -> positive vs negative cannot be distinguished; labels from Talairach Daemon (space of table not stated, MNI per Methods); Table 4 = alternative 2-cluster parcellation of the SAME right-hippocampus voxels as Table 3 (redundant)",Robinson2015_Auburn7T23,sensitivity_only
Robinson2015,26350954,PMID26350954,Cluster2 (right hippocampus 2-cluster CBP of Harvard-Oxford 75% hippocampus),healthy young adults (7T; mean 21.2 y),23,MNI,-44,-65,33,Parietal: Left Angular Gyrus BA39,Table 4,,"7T seed-to-voxel rsFC (CONN/SPM8, normalised to MNI), FWE cluster p<0.05 TWO-TAILED; table gives no sign/t -> positive vs negative cannot be distinguished; labels from Talairach Daemon (space of table not stated, MNI per Methods); Table 4 = alternative 2-cluster parcellation of the SAME right-hippocampus voxels as Table 3 (redundant)",Robinson2015_Auburn7T23,sensitivity_only
Robinson2015,26350954,PMID26350954,Cluster2 (right hippocampus 2-cluster CBP of Harvard-Oxford 75% hippocampus),healthy young adults (7T; mean 21.2 y),23,MNI,36,-28,24,Sub-lobar: Right Insula BA13,Table 4,,"7T seed-to-voxel rsFC (CONN/SPM8, normalised to MNI), FWE cluster p<0.05 TWO-TAILED; table gives no sign/t -> positive vs negative cannot be distinguished; labels from Talairach Daemon (space of table not stated, MNI per Methods); Table 4 = alternative 2-cluster parcellation of the SAME right-hippocampus voxels as Table 3 (redundant)",Robinson2015_Auburn7T23,sensitivity_only
Robinson2015,26350954,PMID26350954,Cluster2 (right hippocampus 2-cluster CBP of Harvard-Oxford 75% hippocampus),healthy young adults (7T; mean 21.2 y),23,MNI,-44,-27,14,Sub-lobar: Left Insula BA41,Table 4,,"7T seed-to-voxel rsFC (CONN/SPM8, normalised to MNI), FWE cluster p<0.05 TWO-TAILED; table gives no sign/t -> positive vs negative cannot be distinguished; labels from Talairach Daemon (space of table not stated, MNI per Methods); Table 4 = alternative 2-cluster parcellation of the SAME right-hippocampus voxels as Table 3 (redundant)",Robinson2015_Auburn7T23,sensitivity_only
Robinson2015,26350954,PMID26350954,Cluster2 (right hippocampus 2-cluster CBP of Harvard-Oxford 75% hippocampus),healthy young adults (7T; mean 21.2 y),23,MNI,5,4,-2,Sub-lobar: Right Caudatea Head,Table 4,,"7T seed-to-voxel rsFC (CONN/SPM8, normalised to MNI), FWE cluster p<0.05 TWO-TAILED; table gives no sign/t -> positive vs negative cannot be distinguished; labels from Talairach Daemon (space of table not stated, MNI per Methods); Table 4 = alternative 2-cluster parcellation of the SAME right-hippocampus voxels as Table 3 (redundant)",Robinson2015_Auburn7T23,sensitivity_only
Robinson2015,26350954,PMID26350954,Cluster2 (right hippocampus 2-cluster CBP of Harvard-Oxford 75% hippocampus),healthy young adults (7T; mean 21.2 y),23,MNI,-58,-2,-13,Temporal: Left Medial Temporal Gyrus BA21,Table 4,,"7T seed-to-voxel rsFC (CONN/SPM8, normalised to MNI), FWE cluster p<0.05 TWO-TAILED; table gives no sign/t -> positive vs negative cannot be distinguished; labels from Talairach Daemon (space of table not stated, MNI per Methods); Table 4 = alternative 2-cluster parcellation of the SAME right-hippocampus voxels as Table 3 (redundant)",Robinson2015_Auburn7T23,sensitivity_only
Robinson2015,26350954,PMID26350954,Cluster2 (right hippocampus 2-cluster CBP of Harvard-Oxford 75% hippocampus),healthy young adults (7T; mean 21.2 y),23,MNI,-48,-45,6,Temporal: Left Medial Temporal Gyrus BA22,Table 4,,"7T seed-to-voxel rsFC (CONN/SPM8, normalised to MNI), FWE cluster p<0.05 TWO-TAILED; table gives no sign/t -> positive vs negative cannot be distinguished; labels from Talairach Daemon (space of table not stated, MNI per Methods); Table 4 = alternative 2-cluster parcellation of the SAME right-hippocampus voxels as Table 3 (redundant)",Robinson2015_Auburn7T23,sensitivity_only
Robinson2015,26350954,PMID26350954,Cluster2 (right hippocampus 2-cluster CBP of Harvard-Oxford 75% hippocampus),healthy young adults (7T; mean 21.2 y),23,MNI,-62,-21,7,Temporal: Left Superior Temporal Gyrus,Table 4,,"7T seed-to-voxel rsFC (CONN/SPM8, normalised to MNI), FWE cluster p<0.05 TWO-TAILED; table gives no sign/t -> positive vs negative cannot be distinguished; labels from Talairach Daemon (space of table not stated, MNI per Methods); Table 4 = alternative 2-cluster parcellation of the SAME right-hippocampus voxels as Table 3 (redundant)",Robinson2015_Auburn7T23,sensitivity_only
Robinson2015,26350954,PMID26350954,Cluster2 (right hippocampus 2-cluster CBP of Harvard-Oxford 75% hippocampus),healthy young adults (7T; mean 21.2 y),23,MNI,53,-9,-1,Temporal: Right Superior Temporal Gyrus,Table 4,,"7T seed-to-voxel rsFC (CONN/SPM8, normalised to MNI), FWE cluster p<0.05 TWO-TAILED; table gives no sign/t -> positive vs negative cannot be distinguished; labels from Talairach Daemon (space of table not stated, MNI per Methods); Table 4 = alternative 2-cluster parcellation of the SAME right-hippocampus voxels as Table 3 (redundant)",Robinson2015_Auburn7T23,sensitivity_only
Robinson2015,26350954,PMID26350954,Cluster2 (right hippocampus 2-cluster CBP of Harvard-Oxford 75% hippocampus),healthy young adults (7T; mean 21.2 y),23,MNI,45,-40,5,Temporal: Right Superior Temporal Gyrus,Table 4,,"7T seed-to-voxel rsFC (CONN/SPM8, normalised to MNI), FWE cluster p<0.05 TWO-TAILED; table gives no sign/t -> positive vs negative cannot be distinguished; labels from Talairach Daemon (space of table not stated, MNI per Methods); Table 4 = alternative 2-cluster parcellation of the SAME right-hippocampus voxels as Table 3 (redundant)",Robinson2015_Auburn7T23,sensitivity_only
Robinson2015,26350954,PMID26350954,Cluster2 (right hippocampus 2-cluster CBP of Harvard-Oxford 75% hippocampus),healthy young adults (7T; mean 21.2 y),23,MNI,-44,-62,-15,Temporal: Left Fusiform Gyrus BA37,Table 4,,"7T seed-to-voxel rsFC (CONN/SPM8, normalised to MNI), FWE cluster p<0.05 TWO-TAILED; table gives no sign/t -> positive vs negative cannot be distinguished; labels from Talairach Daemon (space of table not stated, MNI per Methods); Table 4 = alternative 2-cluster parcellation of the SAME right-hippocampus voxels as Table 3 (redundant)",Robinson2015_Auburn7T23,sensitivity_only
Robinson2015,26350954,PMID26350954,Cluster2 (right hippocampus 2-cluster CBP of Harvard-Oxford 75% hippocampus),healthy young adults (7T; mean 21.2 y),23,MNI,46,9,-12,Temporal: Right Superior Temporal Gyrus BA38,Table 4,,"7T seed-to-voxel rsFC (CONN/SPM8, normalised to MNI), FWE cluster p<0.05 TWO-TAILED; table gives no sign/t -> positive vs negative cannot be distinguished; labels from Talairach Daemon (space of table not stated, MNI per Methods); Table 4 = alternative 2-cluster parcellation of the SAME right-hippocampus voxels as Table 3 (redundant)",Robinson2015_Auburn7T23,sensitivity_only
Blessing2016,26538342,PMID26538342,Anterior (l) hippocampal ICA component (left),healthy adults (Jena; discovery n=50 + confirmation n=50),100,MNI,-24,-12,-22,"ParaHipp, Hipp, Amy (l), Temp. Fusif. Gyr., ITG",Table 2,tmax=47.2,"masked hippocampal ICA + multivariate dual regression (randomise, FWE p<.05); conjunction of discovery & confirmation samples (N=2x50); NOT seed-based; positive rows only; cluster 1415 vox",Blessing2016_Jena100,sensitivity_only
Blessing2016,26538342,PMID26538342,Anterior (l) hippocampal ICA component (left),healthy adults (Jena; discovery n=50 + confirmation n=50),100,MNI,-50,28,-12,"OFC, IFG",Table 2,tmax=5.95,"masked hippocampal ICA + multivariate dual regression (randomise, FWE p<.05); conjunction of discovery & confirmation samples (N=2x50); NOT seed-based; positive rows only; cluster 111 vox",Blessing2016_Jena100,sensitivity_only
Blessing2016,26538342,PMID26538342,Anterior (l) hippocampal ICA component (left),healthy adults (Jena; discovery n=50 + confirmation n=50),100,MNI,40,-18,-30,"Temp. Fusif. Gyr, ITG",Table 2,tmax=6.05,"masked hippocampal ICA + multivariate dual regression (randomise, FWE p<.05); conjunction of discovery & confirmation samples (N=2x50); NOT seed-based; positive rows only; cluster 89 vox",Blessing2016_Jena100,sensitivity_only
Blessing2016,26538342,PMID26538342,Anteromedial (l) hippocampal ICA component (left),healthy adults (Jena; discovery n=50 + confirmation n=50),100,MNI,-22,-16,-18,"Precuneus, Frontal Pole, PCC, Paracingulate Gyr., mPFC, Subcallosal Cortex, NAcc, Amy (l+r), ParaHipp",Table 2,tmax=54.7,"masked hippocampal ICA + multivariate dual regression (randomise, FWE p<.05); conjunction of discovery & confirmation samples (N=2x50); NOT seed-based; positive rows only; cluster 13504 vox",Blessing2016_Jena100,sensitivity_only
Blessing2016,26538342,PMID26538342,Anteromedial (l) hippocampal ICA component (left),healthy adults (Jena; discovery n=50 + confirmation n=50),100,MNI,26,-90,-38,Cer (Crus I+II),Table 2,tmax=7.13,"masked hippocampal ICA + multivariate dual regression (randomise, FWE p<.05); conjunction of discovery & confirmation samples (N=2x50); NOT seed-based; positive rows only; cluster 1172 vox",Blessing2016_Jena100,sensitivity_only
Blessing2016,26538342,PMID26538342,Anteromedial (l) hippocampal ICA component (left),healthy adults (Jena; discovery n=50 + confirmation n=50),100,MNI,-56,-6,-14,"Temporal Pole, MTG, STG",Table 2,tmax=7.58,"masked hippocampal ICA + multivariate dual regression (randomise, FWE p<.05); conjunction of discovery & confirmation samples (N=2x50); NOT seed-based; positive rows only; cluster 1101 vox",Blessing2016_Jena100,sensitivity_only
Blessing2016,26538342,PMID26538342,Anteromedial (l) hippocampal ICA component (left),healthy adults (Jena; discovery n=50 + confirmation n=50),100,MNI,58,0,-18,"Temporal Pole, STG, MTG",Table 2,tmax=8.24,"masked hippocampal ICA + multivariate dual regression (randomise, FWE p<.05); conjunction of discovery & confirmation samples (N=2x50); NOT seed-based; positive rows only; cluster 824 vox",Blessing2016_Jena100,sensitivity_only
Blessing2016,26538342,PMID26538342,Anteromedial (l) hippocampal ICA component (left),healthy adults (Jena; discovery n=50 + confirmation n=50),100,MNI,-46,-70,34,"LOC, Angular Gyr, IPL",Table 2,tmax=7.53,"masked hippocampal ICA + multivariate dual regression (randomise, FWE p<.05); conjunction of discovery & confirmation samples (N=2x50); NOT seed-based; positive rows only; cluster 715 vox",Blessing2016_Jena100,sensitivity_only
Blessing2016,26538342,PMID26538342,Anteromedial (l) hippocampal ICA component (left),healthy adults (Jena; discovery n=50 + confirmation n=50),100,MNI,0,-60,-48,"Cer (IX, Vermis IX, VIIIb, Vermis IX)",Table 2,tmax=7.33,"masked hippocampal ICA + multivariate dual regression (randomise, FWE p<.05); conjunction of discovery & confirmation samples (N=2x50); NOT seed-based; positive rows only; cluster 435 vox",Blessing2016_Jena100,sensitivity_only
Blessing2016,26538342,PMID26538342,Anteromedial (l) hippocampal ICA component (left),healthy adults (Jena; discovery n=50 + confirmation n=50),100,MNI,-10,-88,-38,Cer (Crus I+II),Table 2,tmax=6.33,"masked hippocampal ICA + multivariate dual regression (randomise, FWE p<.05); conjunction of discovery & confirmation samples (N=2x50); NOT seed-based; positive rows only; cluster 360 vox",Blessing2016_Jena100,sensitivity_only
Blessing2016,26538342,PMID26538342,Anteromedial (l) hippocampal ICA component (left),healthy adults (Jena; discovery n=50 + confirmation n=50),100,MNI,-20,32,44,"SFG, Frontal Pole, MFG",Table 2,tmax=6.62,"masked hippocampal ICA + multivariate dual regression (randomise, FWE p<.05); conjunction of discovery & confirmation samples (N=2x50); NOT seed-based; positive rows only; cluster 318 vox",Blessing2016_Jena100,sensitivity_only
Blessing2016,26538342,PMID26538342,Anteromedial (l) hippocampal ICA component (left),healthy adults (Jena; discovery n=50 + confirmation n=50),100,MNI,56,-62,20,"LOC, Angular Gyr, IPL",Table 2,tmax=6.53,"masked hippocampal ICA + multivariate dual regression (randomise, FWE p<.05); conjunction of discovery & confirmation samples (N=2x50); NOT seed-based; positive rows only; cluster 311 vox",Blessing2016_Jena100,sensitivity_only
Blessing2016,26538342,PMID26538342,Anteromedial (l) hippocampal ICA component (left),healthy adults (Jena; discovery n=50 + confirmation n=50),100,MNI,30,-26,56,"M1, S1",Table 2,tmax=6.29,"masked hippocampal ICA + multivariate dual regression (randomise, FWE p<.05); conjunction of discovery & confirmation samples (N=2x50); NOT seed-based; positive rows only; cluster 208 vox",Blessing2016_Jena100,sensitivity_only
Blessing2016,26538342,PMID26538342,Anteromedial (l) hippocampal ICA component (left),healthy adults (Jena; discovery n=50 + confirmation n=50),100,MNI,-8,-50,-38,Cer (IX),Table 2,tmax=6.00,"masked hippocampal ICA + multivariate dual regression (randomise, FWE p<.05); conjunction of discovery & confirmation samples (N=2x50); NOT seed-based; positive rows only; cluster 121 vox",Blessing2016_Jena100,sensitivity_only
Blessing2016,26538342,PMID26538342,Anteromedial (l) hippocampal ICA component (left),healthy adults (Jena; discovery n=50 + confirmation n=50),100,MNI,22,34,48,"SFG, MFG, Frontal Pole",Table 2,tmax=5.79,"masked hippocampal ICA + multivariate dual regression (randomise, FWE p<.05); conjunction of discovery & confirmation samples (N=2x50); NOT seed-based; positive rows only; cluster 100 vox",Blessing2016_Jena100,sensitivity_only
Blessing2016,26538342,PMID26538342,Anteromedial (l) hippocampal ICA component (left),healthy adults (Jena; discovery n=50 + confirmation n=50),100,MNI,0,-8,10,Thalamus (PVN),Table 2,tmax=6.33,"masked hippocampal ICA + multivariate dual regression (randomise, FWE p<.05); conjunction of discovery & confirmation samples (N=2x50); NOT seed-based; positive rows only; cluster 99 vox",Blessing2016_Jena100,sensitivity_only
Blessing2016,26538342,PMID26538342,Anteromedial (l) hippocampal ICA component (left),healthy adults (Jena; discovery n=50 + confirmation n=50),100,MNI,-62,-24,0,"STG, MTG, Planum Temporale",Table 2,tmax=6.01,"masked hippocampal ICA + multivariate dual regression (randomise, FWE p<.05); conjunction of discovery & confirmation samples (N=2x50); NOT seed-based; positive rows only; cluster 85 vox",Blessing2016_Jena100,sensitivity_only
Blessing2016,26538342,PMID26538342,Anteromedial (l) hippocampal ICA component (left),healthy adults (Jena; discovery n=50 + confirmation n=50),100,MNI,0,-14,-14,VTA,Table 2,tmax=6.3,"masked hippocampal ICA + multivariate dual regression (randomise, FWE p<.05); conjunction of discovery & confirmation samples (N=2x50); NOT seed-based; positive rows only; cluster 69 vox",Blessing2016_Jena100,sensitivity_only
Blessing2016,26538342,PMID26538342,Anteromedial (l) hippocampal ICA component (left),healthy adults (Jena; discovery n=50 + confirmation n=50),100,MNI,60,-34,4,"STG, MTG, Supramarginal Gyr.",Table 2,tmax=5.69,"masked hippocampal ICA + multivariate dual regression (randomise, FWE p<.05); conjunction of discovery & confirmation samples (N=2x50); NOT seed-based; positive rows only; cluster 52 vox",Blessing2016_Jena100,sensitivity_only
Blessing2016,26538342,PMID26538342,Anteromedial (l) hippocampal ICA component (left),healthy adults (Jena; discovery n=50 + confirmation n=50),100,MNI,44,-14,56,"M1, S1",Table 2,tmax=5.38,"masked hippocampal ICA + multivariate dual regression (randomise, FWE p<.05); conjunction of discovery & confirmation samples (N=2x50); NOT seed-based; positive rows only; cluster 51 vox",Blessing2016_Jena100,sensitivity_only
Blessing2016,26538342,PMID26538342,Anteromedial (l) hippocampal ICA component (left),healthy adults (Jena; discovery n=50 + confirmation n=50),100,MNI,-16,-40,-44,Cer (X),Table 2,tmax=5.71,"masked hippocampal ICA + multivariate dual regression (randomise, FWE p<.05); conjunction of discovery & confirmation samples (N=2x50); NOT seed-based; positive rows only; cluster 49 vox",Blessing2016_Jena100,sensitivity_only
Blessing2016,26538342,PMID26538342,Anteromedial (l) hippocampal ICA component (left),healthy adults (Jena; discovery n=50 + confirmation n=50),100,MNI,34,36,-12,"Frontal Pole, OFC",Table 2,tmax=6.02,"masked hippocampal ICA + multivariate dual regression (randomise, FWE p<.05); conjunction of discovery & confirmation samples (N=2x50); NOT seed-based; positive rows only; cluster 43 vox",Blessing2016_Jena100,sensitivity_only
Blessing2016,26538342,PMID26538342,Anteromedial (l) hippocampal ICA component (left),healthy adults (Jena; discovery n=50 + confirmation n=50),100,MNI,-26,18,54,"SFG, MFG",Table 2,tmax=5.35,"masked hippocampal ICA + multivariate dual regression (randomise, FWE p<.05); conjunction of discovery & confirmation samples (N=2x50); NOT seed-based; positive rows only; cluster 38 vox",Blessing2016_Jena100,sensitivity_only
Blessing2016,26538342,PMID26538342,Anteromedial (l) hippocampal ICA component (left),healthy adults (Jena; discovery n=50 + confirmation n=50),100,MNI,-10,46,12,"Paracingulate Cortex, aMCC",Table 2,tmax=3.47,"masked hippocampal ICA + multivariate dual regression (randomise, FWE p<.05); conjunction of discovery & confirmation samples (N=2x50); NOT seed-based; positive rows only; cluster 31 vox",Blessing2016_Jena100,sensitivity_only
Blessing2016,26538342,PMID26538342,Anteromedial (l) hippocampal ICA component (left),healthy adults (Jena; discovery n=50 + confirmation n=50),100,MNI,-36,34,-14,"OFC, Frontal Pole",Table 2,tmax=5.11,"masked hippocampal ICA + multivariate dual regression (randomise, FWE p<.05); conjunction of discovery & confirmation samples (N=2x50); NOT seed-based; positive rows only; cluster 30 vox",Blessing2016_Jena100,sensitivity_only
Blessing2016,26538342,PMID26538342,Anterolateral (l) hippocampal ICA component (left),healthy adults (Jena; discovery n=50 + confirmation n=50),100,MNI,-28,-18,-18,"Hipp, Amy (r), ParaHipp, Temp. Fusif. Gyr.",Table 2,tmax=47.0,"masked hippocampal ICA + multivariate dual regression (randomise, FWE p<.05); conjunction of discovery & confirmation samples (N=2x50); NOT seed-based; positive rows only; cluster 779 vox",Blessing2016_Jena100,sensitivity_only
Blessing2016,26538342,PMID26538342,Mid (l) hippocampal ICA component (left),healthy adults (Jena; discovery n=50 + confirmation n=50),100,MNI,-28,-28,-12,"Hipp, ParaHipp, Temp. Fusif. Gyr.",Table 2,tmax=48.7,"masked hippocampal ICA + multivariate dual regression (randomise, FWE p<.05); conjunction of discovery & confirmation samples (N=2x50); NOT seed-based; positive rows only; cluster 749 vox",Blessing2016_Jena100,sensitivity_only
Blessing2016,26538342,PMID26538342,Mid (l) hippocampal ICA component (left),healthy adults (Jena; discovery n=50 + confirmation n=50),100,MNI,-22,-8,-26,"Hipp, Amy (l), ParaHipp",Table 2,tmax=9.32,"masked hippocampal ICA + multivariate dual regression (randomise, FWE p<.05); conjunction of discovery & confirmation samples (N=2x50); NOT seed-based; positive rows only; cluster 73 vox",Blessing2016_Jena100,sensitivity_only
Blessing2016,26538342,PMID26538342,Posterior (l) hippocampal ICA component (left),healthy adults (Jena; discovery n=50 + confirmation n=50),100,MNI,-26,-34,-4,"Hipp, ParaHipp, Thalamus",Table 2,tmax=50.0,"masked hippocampal ICA + multivariate dual regression (randomise, FWE p<.05); conjunction of discovery & confirmation samples (N=2x50); NOT seed-based; positive rows only; cluster 748 vox",Blessing2016_Jena100,sensitivity_only
Hermiller2022_YA,34740076,PMID34740076,"left hippocampal body, subject-specific voxel (search around MNI -29,-25,-13)",healthy younger adults (21-28 y),15,TAL,-0.7,48.4,3.6,,Table S1 (mmc1.docx),max z(t)=5.931; mean z(r)=0.217,"baseline (pre-TMS) seed-based rsFC, one-tailed (positive) 3dttest++ p<.0001, FDR q=.001, cluster alpha<.01; CLUSTER CENTROIDS (not peaks); AFNI Talairach TT_N27 RAI -> LPI by flipping x,y (source RAI: 0.7,-48.4,3.6); volume 2093 mm3",Hermiller2022_YA15,main
Hermiller2022_YA,34740076,PMID34740076,"left hippocampal body, subject-specific voxel (search around MNI -29,-25,-13)",healthy younger adults (21-28 y),15,TAL,-1.7,-52.2,21.1,,Table S1 (mmc1.docx),max z(t)=6.400; mean z(r)=0.176,"baseline (pre-TMS) seed-based rsFC, one-tailed (positive) 3dttest++ p<.0001, FDR q=.001, cluster alpha<.01; CLUSTER CENTROIDS (not peaks); AFNI Talairach TT_N27 RAI -> LPI by flipping x,y (source RAI: 1.7,52.2,21.1); volume 1186 mm3",Hermiller2022_YA15,main
Hermiller2022_YA,34740076,PMID34740076,"left hippocampal body, subject-specific voxel (search around MNI -29,-25,-13)",healthy younger adults (21-28 y),15,TAL,-55.5,-15.9,-7.3,,Table S1 (mmc1.docx),max z(t)=6.084; mean z(r)=0.183,"baseline (pre-TMS) seed-based rsFC, one-tailed (positive) 3dttest++ p<.0001, FDR q=.001, cluster alpha<.01; CLUSTER CENTROIDS (not peaks); AFNI Talairach TT_N27 RAI -> LPI by flipping x,y (source RAI: 55.5,15.9,-7.3); volume 965 mm3",Hermiller2022_YA15,main
Hermiller2022_YA,34740076,PMID34740076,"left hippocampal body, subject-specific voxel (search around MNI -29,-25,-13)",healthy younger adults (21-28 y),15,TAL,56.7,-6.1,-13.2,,Table S1 (mmc1.docx),max z(t)=5.869; mean z(r)=0.172,"baseline (pre-TMS) seed-based rsFC, one-tailed (positive) 3dttest++ p<.0001, FDR q=.001, cluster alpha<.01; CLUSTER CENTROIDS (not peaks); AFNI Talairach TT_N27 RAI -> LPI by flipping x,y (source RAI: -56.7,6.1,-13.2); volume 633 mm3",Hermiller2022_YA15,main
Hermiller2022_YA,34740076,PMID34740076,"left hippocampal body, subject-specific voxel (search around MNI -29,-25,-13)",healthy younger adults (21-28 y),15,TAL,-35.8,-20.9,55.4,,Table S1 (mmc1.docx),max z(t)=5.393; mean z(r)=0.159,"baseline (pre-TMS) seed-based rsFC, one-tailed (positive) 3dttest++ p<.0001, FDR q=.001, cluster alpha<.01; CLUSTER CENTROIDS (not peaks); AFNI Talairach TT_N27 RAI -> LPI by flipping x,y (source RAI: 35.8,20.9,55.4); volume 557 mm3",Hermiller2022_YA15,main
Hermiller2022_YA,34740076,PMID34740076,"left hippocampal body, subject-specific voxel (search around MNI -29,-25,-13)",healthy younger adults (21-28 y),15,TAL,-24.5,-22.9,-10.6,,Table S1 (mmc1.docx),max z(t)=6.065; mean z(r)=0.218,"baseline (pre-TMS) seed-based rsFC, one-tailed (positive) 3dttest++ p<.0001, FDR q=.001, cluster alpha<.01; CLUSTER CENTROIDS (not peaks); AFNI Talairach TT_N27 RAI -> LPI by flipping x,y (source RAI: 24.5,22.9,-10.6); volume 526 mm3",Hermiller2022_YA15,main
Hermiller2022_YA,34740076,PMID34740076,"left hippocampal body, subject-specific voxel (search around MNI -29,-25,-13)",healthy younger adults (21-28 y),15,TAL,-38.8,-68,35.1,,Table S1 (mmc1.docx),max z(t)=5.613; mean z(r)=0.192,"baseline (pre-TMS) seed-based rsFC, one-tailed (positive) 3dttest++ p<.0001, FDR q=.001, cluster alpha<.01; CLUSTER CENTROIDS (not peaks); AFNI Talairach TT_N27 RAI -> LPI by flipping x,y (source RAI: 38.8,68,35.1); volume 403 mm3",Hermiller2022_YA15,main
Hermiller2022_YA,34740076,PMID34740076,"left hippocampal body, subject-specific voxel (search around MNI -29,-25,-13)",healthy younger adults (21-28 y),15,TAL,-24.5,22,47.2,,Table S1 (mmc1.docx),max z(t)=5.805; mean z(r)=0.177,"baseline (pre-TMS) seed-based rsFC, one-tailed (positive) 3dttest++ p<.0001, FDR q=.001, cluster alpha<.01; CLUSTER CENTROIDS (not peaks); AFNI Talairach TT_N27 RAI -> LPI by flipping x,y (source RAI: 24.5,-22,47.2); volume 361 mm3",Hermiller2022_YA15,main
Hermiller2022_YA,34740076,PMID34740076,"left hippocampal body, subject-specific voxel (search around MNI -29,-25,-13)",healthy younger adults (21-28 y),15,TAL,19.1,-73.8,-20.2,,Table S1 (mmc1.docx),max z(t)=5.342; mean z(r)=0.159,"baseline (pre-TMS) seed-based rsFC, one-tailed (positive) 3dttest++ p<.0001, FDR q=.001, cluster alpha<.01; CLUSTER CENTROIDS (not peaks); AFNI Talairach TT_N27 RAI -> LPI by flipping x,y (source RAI: -19.1,73.8,-20.2); volume 279 mm3",Hermiller2022_YA15,main
Hermiller2022_YA,34740076,PMID34740076,"left hippocampal body, subject-specific voxel (search around MNI -29,-25,-13)",healthy younger adults (21-28 y),15,TAL,23.1,-18,-11.2,,Table S1 (mmc1.docx),max z(t)=5.500; mean z(r)=0.201,"baseline (pre-TMS) seed-based rsFC, one-tailed (positive) 3dttest++ p<.0001, FDR q=.001, cluster alpha<.01; CLUSTER CENTROIDS (not peaks); AFNI Talairach TT_N27 RAI -> LPI by flipping x,y (source RAI: -23.1,18,-11.2); volume 235 mm3",Hermiller2022_YA15,main
Hermiller2022_YA,34740076,PMID34740076,"left hippocampal body, subject-specific voxel (search around MNI -29,-25,-13)",healthy younger adults (21-28 y),15,TAL,-0.5,-21.2,37.4,,Table S1 (mmc1.docx),max z(t)=5.343; mean z(r)=0.147,"baseline (pre-TMS) seed-based rsFC, one-tailed (positive) 3dttest++ p<.0001, FDR q=.001, cluster alpha<.01; CLUSTER CENTROIDS (not peaks); AFNI Talairach TT_N27 RAI -> LPI by flipping x,y (source RAI: 0.5,21.2,37.4); volume 224 mm3",Hermiller2022_YA15,main
Hermiller2022_YA,34740076,PMID34740076,"left hippocampal body, subject-specific voxel (search around MNI -29,-25,-13)",healthy younger adults (21-28 y),15,TAL,22.1,-81.3,-4.1,,Table S1 (mmc1.docx),max z(t)=5.709; mean z(r)=0.140,"baseline (pre-TMS) seed-based rsFC, one-tailed (positive) 3dttest++ p<.0001, FDR q=.001, cluster alpha<.01; CLUSTER CENTROIDS (not peaks); AFNI Talairach TT_N27 RAI -> LPI by flipping x,y (source RAI: -22.1,81.3,-4.1); volume 219 mm3",Hermiller2022_YA15,main
Hermiller2022_YA,34740076,PMID34740076,"left hippocampal body, subject-specific voxel (search around MNI -29,-25,-13)",healthy younger adults (21-28 y),15,TAL,35.6,22.2,-14.2,,Table S1 (mmc1.docx),max z(t)=5.514; mean z(r)=0.166,"baseline (pre-TMS) seed-based rsFC, one-tailed (positive) 3dttest++ p<.0001, FDR q=.001, cluster alpha<.01; CLUSTER CENTROIDS (not peaks); AFNI Talairach TT_N27 RAI -> LPI by flipping x,y (source RAI: -35.6,-22.2,-14.2); volume 174 mm3",Hermiller2022_YA15,main
Hermiller2022_YA,34740076,PMID34740076,"left hippocampal body, subject-specific voxel (search around MNI -29,-25,-13)",healthy younger adults (21-28 y),15,TAL,-28.7,28.1,-12,,Table S1 (mmc1.docx),max z(t)=5.237; mean z(r)=0.174,"baseline (pre-TMS) seed-based rsFC, one-tailed (positive) 3dttest++ p<.0001, FDR q=.001, cluster alpha<.01; CLUSTER CENTROIDS (not peaks); AFNI Talairach TT_N27 RAI -> LPI by flipping x,y (source RAI: 28.7,-28.1,-12); volume 140 mm3",Hermiller2022_YA15,main
Hermiller2022_YA,34740076,PMID34740076,"left hippocampal body, subject-specific voxel (search around MNI -29,-25,-13)",healthy younger adults (21-28 y),15,TAL,43.7,-62.7,35.9,,Table S1 (mmc1.docx),max z(t)=4.815; mean z(r)=0.151,"baseline (pre-TMS) seed-based rsFC, one-tailed (positive) 3dttest++ p<.0001, FDR q=.001, cluster alpha<.01; CLUSTER CENTROIDS (not peaks); AFNI Talairach TT_N27 RAI -> LPI by flipping x,y (source RAI: -43.7,62.7,35.9); volume 132 mm3",Hermiller2022_YA15,main
Hermiller2022_YA,34740076,PMID34740076,"left hippocampal body, subject-specific voxel (search around MNI -29,-25,-13)",healthy younger adults (21-28 y),15,TAL,-40.2,16.4,-14.3,,Table S1 (mmc1.docx),max z(t)=5.197; mean z(r)=0.166,"baseline (pre-TMS) seed-based rsFC, one-tailed (positive) 3dttest++ p<.0001, FDR q=.001, cluster alpha<.01; CLUSTER CENTROIDS (not peaks); AFNI Talairach TT_N27 RAI -> LPI by flipping x,y (source RAI: 40.2,-16.4,-14.3); volume 118 mm3",Hermiller2022_YA15,main
Hermiller2022_YA,34740076,PMID34740076,"left hippocampal body, subject-specific voxel (search around MNI -29,-25,-13)",healthy younger adults (21-28 y),15,TAL,27.4,26.7,44.4,,Table S1 (mmc1.docx),max z(t)=5.184; mean z(r)=0.179,"baseline (pre-TMS) seed-based rsFC, one-tailed (positive) 3dttest++ p<.0001, FDR q=.001, cluster alpha<.01; CLUSTER CENTROIDS (not peaks); AFNI Talairach TT_N27 RAI -> LPI by flipping x,y (source RAI: -27.4,-26.7,44.4); volume 118 mm3",Hermiller2022_YA15,main
Hermiller2022_YA,34740076,PMID34740076,"left hippocampal body, subject-specific voxel (search around MNI -29,-25,-13)",healthy younger adults (21-28 y),15,TAL,-8.6,13.4,-1.2,,Table S1 (mmc1.docx),max z(t)=5.477; mean z(r)=0.138,"baseline (pre-TMS) seed-based rsFC, one-tailed (positive) 3dttest++ p<.0001, FDR q=.001, cluster alpha<.01; CLUSTER CENTROIDS (not peaks); AFNI Talairach TT_N27 RAI -> LPI by flipping x,y (source RAI: 8.6,-13.4,-1.2); volume 113 mm3",Hermiller2022_YA15,main
Hermiller2022_YA,34740076,PMID34740076,"left hippocampal body, subject-specific voxel (search around MNI -29,-25,-13)",healthy younger adults (21-28 y),15,TAL,-43,9.8,42.7,,Table S1 (mmc1.docx),max z(t)=5.036; mean z(r)=0.152,"baseline (pre-TMS) seed-based rsFC, one-tailed (positive) 3dttest++ p<.0001, FDR q=.001, cluster alpha<.01; CLUSTER CENTROIDS (not peaks); AFNI Talairach TT_N27 RAI -> LPI by flipping x,y (source RAI: 43,-9.8,42.7); volume 106 mm3",Hermiller2022_YA15,main
Hermiller2022_YA,34740076,PMID34740076,"left hippocampal body, subject-specific voxel (search around MNI -29,-25,-13)",healthy younger adults (21-28 y),15,TAL,47.1,-66.7,-5.7,,Table S1 (mmc1.docx),max z(t)=5.060; mean z(r)=0.137,"baseline (pre-TMS) seed-based rsFC, one-tailed (positive) 3dttest++ p<.0001, FDR q=.001, cluster alpha<.01; CLUSTER CENTROIDS (not peaks); AFNI Talairach TT_N27 RAI -> LPI by flipping x,y (source RAI: -47.1,66.7,-5.7); volume 105 mm3",Hermiller2022_YA15,main
Hermiller2022_YA,34740076,PMID34740076,"left hippocampal body, subject-specific voxel (search around MNI -29,-25,-13)",healthy younger adults (21-28 y),15,TAL,10.3,60.6,24,,Table S1 (mmc1.docx),max z(t)=4.697; mean z(r)=0.158,"baseline (pre-TMS) seed-based rsFC, one-tailed (positive) 3dttest++ p<.0001, FDR q=.001, cluster alpha<.01; CLUSTER CENTROIDS (not peaks); AFNI Talairach TT_N27 RAI -> LPI by flipping x,y (source RAI: -10.3,-60.6,24); volume 94 mm3",Hermiller2022_YA15,main
Hermiller2022_YA,34740076,PMID34740076,"left hippocampal body, subject-specific voxel (search around MNI -29,-25,-13)",healthy younger adults (21-28 y),15,TAL,32.9,-83.2,2.8,,Table S1 (mmc1.docx),max z(t)=4.936; mean z(r)=0.139,"baseline (pre-TMS) seed-based rsFC, one-tailed (positive) 3dttest++ p<.0001, FDR q=.001, cluster alpha<.01; CLUSTER CENTROIDS (not peaks); AFNI Talairach TT_N27 RAI -> LPI by flipping x,y (source RAI: -32.9,83.2,2.8); volume 89 mm3",Hermiller2022_YA15,main
Hermiller2022_YA,34740076,PMID34740076,"left hippocampal body, subject-specific voxel (search around MNI -29,-25,-13)",healthy younger adults (21-28 y),15,TAL,-1.8,-12.6,59.9,,Table S1 (mmc1.docx),max z(t)=4.779; mean z(r)=0.155,"baseline (pre-TMS) seed-based rsFC, one-tailed (positive) 3dttest++ p<.0001, FDR q=.001, cluster alpha<.01; CLUSTER CENTROIDS (not peaks); AFNI Talairach TT_N27 RAI -> LPI by flipping x,y (source RAI: 1.8,12.6,59.9); volume 89 mm3",Hermiller2022_YA15,main
Hermiller2022_YA,34740076,PMID34740076,"left hippocampal body, subject-specific voxel (search around MNI -29,-25,-13)",healthy younger adults (21-28 y),15,TAL,8.4,17,-0.2,,Table S1 (mmc1.docx),max z(t)=5.482; mean z(r)=0.156,"baseline (pre-TMS) seed-based rsFC, one-tailed (positive) 3dttest++ p<.0001, FDR q=.001, cluster alpha<.01; CLUSTER CENTROIDS (not peaks); AFNI Talairach TT_N27 RAI -> LPI by flipping x,y (source RAI: -8.4,-17,-0.2); volume 88 mm3",Hermiller2022_YA15,main
Hermiller2022_YA,34740076,PMID34740076,"left hippocampal body, subject-specific voxel (search around MNI -29,-25,-13)",healthy younger adults (21-28 y),15,TAL,22.8,-25.2,65,,Table S1 (mmc1.docx),max z(t)=5.020; mean z(r)=0.163,"baseline (pre-TMS) seed-based rsFC, one-tailed (positive) 3dttest++ p<.0001, FDR q=.001, cluster alpha<.01; CLUSTER CENTROIDS (not peaks); AFNI Talairach TT_N27 RAI -> LPI by flipping x,y (source RAI: -22.8,25.2,65); volume 85 mm3",Hermiller2022_YA15,main
Hermiller2022_YA,34740076,PMID34740076,"left hippocampal body, subject-specific voxel (search around MNI -29,-25,-13)",healthy younger adults (21-28 y),15,TAL,-9.8,-90.1,-5.8,,Table S1 (mmc1.docx),max z(t)=5.284; mean z(r)=0.157,"baseline (pre-TMS) seed-based rsFC, one-tailed (positive) 3dttest++ p<.0001, FDR q=.001, cluster alpha<.01; CLUSTER CENTROIDS (not peaks); AFNI Talairach TT_N27 RAI -> LPI by flipping x,y (source RAI: 9.8,90.1,-5.8); volume 74 mm3",Hermiller2022_YA15,main
Hermiller2022_YA,34740076,PMID34740076,"left hippocampal body, subject-specific voxel (search around MNI -29,-25,-13)",healthy younger adults (21-28 y),15,TAL,40.7,-9.5,50.3,,Table S1 (mmc1.docx),max z(t)=5.248; mean z(r)=0.160,"baseline (pre-TMS) seed-based rsFC, one-tailed (positive) 3dttest++ p<.0001, FDR q=.001, cluster alpha<.01; CLUSTER CENTROIDS (not peaks); AFNI Talairach TT_N27 RAI -> LPI by flipping x,y (source RAI: -40.7,9.5,50.3); volume 73 mm3",Hermiller2022_YA15,main
Hermiller2022_YA,34740076,PMID34740076,"left hippocampal body, subject-specific voxel (search around MNI -29,-25,-13)",healthy younger adults (21-28 y),15,TAL,29.2,-54.4,56.1,,Table S1 (mmc1.docx),max z(t)=5.343; mean z(r)=0.143,"baseline (pre-TMS) seed-based rsFC, one-tailed (positive) 3dttest++ p<.0001, FDR q=.001, cluster alpha<.01; CLUSTER CENTROIDS (not peaks); AFNI Talairach TT_N27 RAI -> LPI by flipping x,y (source RAI: -29.2,54.4,56.1); volume 71 mm3",Hermiller2022_YA15,main
Hermiller2022_YA,34740076,PMID34740076,"left hippocampal body, subject-specific voxel (search around MNI -29,-25,-13)",healthy younger adults (21-28 y),15,TAL,-39.6,-78.1,6.3,,Table S1 (mmc1.docx),max z(t)=4.989; mean z(r)=0.136,"baseline (pre-TMS) seed-based rsFC, one-tailed (positive) 3dttest++ p<.0001, FDR q=.001, cluster alpha<.01; CLUSTER CENTROIDS (not peaks); AFNI Talairach TT_N27 RAI -> LPI by flipping x,y (source RAI: 39.6,78.1,6.3); volume 70 mm3",Hermiller2022_YA15,main
Hermiller2022_YA,34740076,PMID34740076,"left hippocampal body, subject-specific voxel (search around MNI -29,-25,-13)",healthy younger adults (21-28 y),15,TAL,-61.1,-43,12.5,,Table S1 (mmc1.docx),max z(t)=4.780; mean z(r)=0.143,"baseline (pre-TMS) seed-based rsFC, one-tailed (positive) 3dttest++ p<.0001, FDR q=.001, cluster alpha<.01; CLUSTER CENTROIDS (not peaks); AFNI Talairach TT_N27 RAI -> LPI by flipping x,y (source RAI: 61.1,43,12.5); volume 58 mm3",Hermiller2022_YA15,main
Hermiller2022_OA,34740076,PMID34740076,"left hippocampal body, subject-specific voxel (search around MNI -29,-25,-13)",cognitively typical older adults (60-73 y),15,TAL,-5.6,41.5,22,,Table S1 (mmc1.docx),max z(t)=6.169; mean z(r)=0.206,"baseline (pre-TMS) seed-based rsFC, one-tailed (positive) 3dttest++ p<.0001, FDR q=.001, cluster alpha<.01; CLUSTER CENTROIDS (not peaks); AFNI Talairach TT_N27 RAI -> LPI by flipping x,y (source RAI: 5.6,-41.5,22); volume 5383 mm3",Hermiller2022_OA15,main
Hermiller2022_OA,34740076,PMID34740076,"left hippocampal body, subject-specific voxel (search around MNI -29,-25,-13)",cognitively typical older adults (60-73 y),15,TAL,0.7,-56.9,22.1,,Table S1 (mmc1.docx),max z(t)=6.301; mean z(r)=0.185,"baseline (pre-TMS) seed-based rsFC, one-tailed (positive) 3dttest++ p<.0001, FDR q=.001, cluster alpha<.01; CLUSTER CENTROIDS (not peaks); AFNI Talairach TT_N27 RAI -> LPI by flipping x,y (source RAI: -0.7,56.9,22.1); volume 2450 mm3",Hermiller2022_OA15,main
Hermiller2022_OA,34740076,PMID34740076,"left hippocampal body, subject-specific voxel (search around MNI -29,-25,-13)",cognitively typical older adults (60-73 y),15,TAL,26.3,19.9,45,,Table S1 (mmc1.docx),max z(t)=6.231; mean z(r)=0.192,"baseline (pre-TMS) seed-based rsFC, one-tailed (positive) 3dttest++ p<.0001, FDR q=.001, cluster alpha<.01; CLUSTER CENTROIDS (not peaks); AFNI Talairach TT_N27 RAI -> LPI by flipping x,y (source RAI: -26.3,-19.9,45); volume 1190 mm3",Hermiller2022_OA15,main
Hermiller2022_OA,34740076,PMID34740076,"left hippocampal body, subject-specific voxel (search around MNI -29,-25,-13)",cognitively typical older adults (60-73 y),15,TAL,-42.8,-65.8,26.5,,Table S1 (mmc1.docx),max z(t)=5.814; mean z(r)=0.170,"baseline (pre-TMS) seed-based rsFC, one-tailed (positive) 3dttest++ p<.0001, FDR q=.001, cluster alpha<.01; CLUSTER CENTROIDS (not peaks); AFNI Talairach TT_N27 RAI -> LPI by flipping x,y (source RAI: 42.8,65.8,26.5); volume 786 mm3",Hermiller2022_OA15,main
Hermiller2022_OA,34740076,PMID34740076,"left hippocampal body, subject-specific voxel (search around MNI -29,-25,-13)",cognitively typical older adults (60-73 y),15,TAL,33.8,-24.5,54.6,,Table S1 (mmc1.docx),max z(t)=5.636; mean z(r)=0.201,"baseline (pre-TMS) seed-based rsFC, one-tailed (positive) 3dttest++ p<.0001, FDR q=.001, cluster alpha<.01; CLUSTER CENTROIDS (not peaks); AFNI Talairach TT_N27 RAI -> LPI by flipping x,y (source RAI: -33.8,24.5,54.6); volume 567 mm3",Hermiller2022_OA15,main
Hermiller2022_OA,34740076,PMID34740076,"left hippocampal body, subject-specific voxel (search around MNI -29,-25,-13)",cognitively typical older adults (60-73 y),15,TAL,-54.3,-7.2,-12.9,,Table S1 (mmc1.docx),max z(t)=5.721; mean z(r)=0.237,"baseline (pre-TMS) seed-based rsFC, one-tailed (positive) 3dttest++ p<.0001, FDR q=.001, cluster alpha<.01; CLUSTER CENTROIDS (not peaks); AFNI Talairach TT_N27 RAI -> LPI by flipping x,y (source RAI: 54.3,7.2,-12.9); volume 456 mm3",Hermiller2022_OA15,main
Hermiller2022_OA,34740076,PMID34740076,"left hippocampal body, subject-specific voxel (search around MNI -29,-25,-13)",cognitively typical older adults (60-73 y),15,TAL,-27.9,-22.8,-6.8,,Table S1 (mmc1.docx),max z(t)=5.161; mean z(r)=0.213,"baseline (pre-TMS) seed-based rsFC, one-tailed (positive) 3dttest++ p<.0001, FDR q=.001, cluster alpha<.01; CLUSTER CENTROIDS (not peaks); AFNI Talairach TT_N27 RAI -> LPI by flipping x,y (source RAI: 27.9,22.8,-6.8); volume 456 mm3",Hermiller2022_OA15,main
Hermiller2022_OA,34740076,PMID34740076,"left hippocampal body, subject-specific voxel (search around MNI -29,-25,-13)",cognitively typical older adults (60-73 y),15,TAL,57.1,-6,-13.6,,Table S1 (mmc1.docx),max z(t)=6.405; mean z(r)=0.242,"baseline (pre-TMS) seed-based rsFC, one-tailed (positive) 3dttest++ p<.0001, FDR q=.001, cluster alpha<.01; CLUSTER CENTROIDS (not peaks); AFNI Talairach TT_N27 RAI -> LPI by flipping x,y (source RAI: -57.1,6,-13.6); volume 447 mm3",Hermiller2022_OA15,main
Hermiller2022_OA,34740076,PMID34740076,"left hippocampal body, subject-specific voxel (search around MNI -29,-25,-13)",cognitively typical older adults (60-73 y),15,TAL,46.2,-64.2,27,,Table S1 (mmc1.docx),max z(t)=5.406; mean z(r)=0.169,"baseline (pre-TMS) seed-based rsFC, one-tailed (positive) 3dttest++ p<.0001, FDR q=.001, cluster alpha<.01; CLUSTER CENTROIDS (not peaks); AFNI Talairach TT_N27 RAI -> LPI by flipping x,y (source RAI: -46.2,64.2,27); volume 357 mm3",Hermiller2022_OA15,main
Hermiller2022_OA,34740076,PMID34740076,"left hippocampal body, subject-specific voxel (search around MNI -29,-25,-13)",cognitively typical older adults (60-73 y),15,TAL,-30.9,26.9,-9.1,,Table S1 (mmc1.docx),max z(t)=5.251; mean z(r)=0.181,"baseline (pre-TMS) seed-based rsFC, one-tailed (positive) 3dttest++ p<.0001, FDR q=.001, cluster alpha<.01; CLUSTER CENTROIDS (not peaks); AFNI Talairach TT_N27 RAI -> LPI by flipping x,y (source RAI: 30.9,-26.9,-9.1); volume 311 mm3",Hermiller2022_OA15,main
Hermiller2022_OA,34740076,PMID34740076,"left hippocampal body, subject-specific voxel (search around MNI -29,-25,-13)",cognitively typical older adults (60-73 y),15,TAL,-2.8,-0.8,63.2,,Table S1 (mmc1.docx),max z(t)=5.276; mean z(r)=0.162,"baseline (pre-TMS) seed-based rsFC, one-tailed (positive) 3dttest++ p<.0001, FDR q=.001, cluster alpha<.01; CLUSTER CENTROIDS (not peaks); AFNI Talairach TT_N27 RAI -> LPI by flipping x,y (source RAI: 2.8,0.8,63.2); volume 157 mm3",Hermiller2022_OA15,main
Hermiller2022_OA,34740076,PMID34740076,"left hippocampal body, subject-specific voxel (search around MNI -29,-25,-13)",cognitively typical older adults (60-73 y),15,TAL,5.2,15.8,53.2,,Table S1 (mmc1.docx),max z(t)=5.211; mean z(r)=0.175,"baseline (pre-TMS) seed-based rsFC, one-tailed (positive) 3dttest++ p<.0001, FDR q=.001, cluster alpha<.01; CLUSTER CENTROIDS (not peaks); AFNI Talairach TT_N27 RAI -> LPI by flipping x,y (source RAI: -5.2,-15.8,53.2); volume 136 mm3",Hermiller2022_OA15,main
Hermiller2022_OA,34740076,PMID34740076,"left hippocampal body, subject-specific voxel (search around MNI -29,-25,-13)",cognitively typical older adults (60-73 y),15,TAL,27.2,-18.4,-10.2,,Table S1 (mmc1.docx),max z(t)=5.312; mean z(r)=0.234,"baseline (pre-TMS) seed-based rsFC, one-tailed (positive) 3dttest++ p<.0001, FDR q=.001, cluster alpha<.01; CLUSTER CENTROIDS (not peaks); AFNI Talairach TT_N27 RAI -> LPI by flipping x,y (source RAI: -27.2,18.4,-10.2); volume 129 mm3",Hermiller2022_OA15,main
Hermiller2022_OA,34740076,PMID34740076,"left hippocampal body, subject-specific voxel (search around MNI -29,-25,-13)",cognitively typical older adults (60-73 y),15,TAL,-61,-42.1,-2.5,,Table S1 (mmc1.docx),max z(t)=5.154; mean z(r)=0.201,"baseline (pre-TMS) seed-based rsFC, one-tailed (positive) 3dttest++ p<.0001, FDR q=.001, cluster alpha<.01; CLUSTER CENTROIDS (not peaks); AFNI Talairach TT_N27 RAI -> LPI by flipping x,y (source RAI: 61,42.1,-2.5); volume 123 mm3",Hermiller2022_OA15,main
Hermiller2022_OA,34740076,PMID34740076,"left hippocampal body, subject-specific voxel (search around MNI -29,-25,-13)",cognitively typical older adults (60-73 y),15,TAL,-13.9,18.9,3.2,,Table S1 (mmc1.docx),max z(t)=5.109; mean z(r)=0.146,"baseline (pre-TMS) seed-based rsFC, one-tailed (positive) 3dttest++ p<.0001, FDR q=.001, cluster alpha<.01; CLUSTER CENTROIDS (not peaks); AFNI Talairach TT_N27 RAI -> LPI by flipping x,y (source RAI: 13.9,-18.9,3.2); volume 109 mm3",Hermiller2022_OA15,main
Hermiller2022_OA,34740076,PMID34740076,"left hippocampal body, subject-specific voxel (search around MNI -29,-25,-13)",cognitively typical older adults (60-73 y),15,TAL,19.2,-73.8,-18.1,,Table S1 (mmc1.docx),max z(t)=4.837; mean z(r)=0.179,"baseline (pre-TMS) seed-based rsFC, one-tailed (positive) 3dttest++ p<.0001, FDR q=.001, cluster alpha<.01; CLUSTER CENTROIDS (not peaks); AFNI Talairach TT_N27 RAI -> LPI by flipping x,y (source RAI: -19.2,73.8,-18.1); volume 98 mm3",Hermiller2022_OA15,main
Hermiller2022_OA,34740076,PMID34740076,"left hippocampal body, subject-specific voxel (search around MNI -29,-25,-13)",cognitively typical older adults (60-73 y),15,TAL,20,-33.9,53.8,,Table S1 (mmc1.docx),max z(t)=5.091; mean z(r)=0.205,"baseline (pre-TMS) seed-based rsFC, one-tailed (positive) 3dttest++ p<.0001, FDR q=.001, cluster alpha<.01; CLUSTER CENTROIDS (not peaks); AFNI Talairach TT_N27 RAI -> LPI by flipping x,y (source RAI: -20,33.9,53.8); volume 92 mm3",Hermiller2022_OA15,main
Hermiller2022_OA,34740076,PMID34740076,"left hippocampal body, subject-specific voxel (search around MNI -29,-25,-13)",cognitively typical older adults (60-73 y),15,TAL,55.8,-49.5,10.6,,Table S1 (mmc1.docx),max z(t)=5.183; mean z(r)=0.166,"baseline (pre-TMS) seed-based rsFC, one-tailed (positive) 3dttest++ p<.0001, FDR q=.001, cluster alpha<.01; CLUSTER CENTROIDS (not peaks); AFNI Talairach TT_N27 RAI -> LPI by flipping x,y (source RAI: -55.8,49.5,10.6); volume 86 mm3",Hermiller2022_OA15,main
Hermiller2022_OA,34740076,PMID34740076,"left hippocampal body, subject-specific voxel (search around MNI -29,-25,-13)",cognitively typical older adults (60-73 y),15,TAL,-42.6,-67.4,5.3,,Table S1 (mmc1.docx),max z(t)=4.923; mean z(r)=0.185,"baseline (pre-TMS) seed-based rsFC, one-tailed (positive) 3dttest++ p<.0001, FDR q=.001, cluster alpha<.01; CLUSTER CENTROIDS (not peaks); AFNI Talairach TT_N27 RAI -> LPI by flipping x,y (source RAI: 42.6,67.4,5.3); volume 85 mm3",Hermiller2022_OA15,main
Hermiller2022_OA,34740076,PMID34740076,"left hippocampal body, subject-specific voxel (search around MNI -29,-25,-13)",cognitively typical older adults (60-73 y),15,TAL,-34.7,-29.9,56.3,,Table S1 (mmc1.docx),max z(t)=4.968; mean z(r)=0.208,"baseline (pre-TMS) seed-based rsFC, one-tailed (positive) 3dttest++ p<.0001, FDR q=.001, cluster alpha<.01; CLUSTER CENTROIDS (not peaks); AFNI Talairach TT_N27 RAI -> LPI by flipping x,y (source RAI: 34.7,29.9,56.3); volume 75 mm3",Hermiller2022_OA15,main
Hermiller2022_OA,34740076,PMID34740076,"left hippocampal body, subject-specific voxel (search around MNI -29,-25,-13)",cognitively typical older adults (60-73 y),15,TAL,-2.7,18.6,35.8,,Table S1 (mmc1.docx),max z(t)=5.767; mean z(r)=0.190,"baseline (pre-TMS) seed-based rsFC, one-tailed (positive) 3dttest++ p<.0001, FDR q=.001, cluster alpha<.01; CLUSTER CENTROIDS (not peaks); AFNI Talairach TT_N27 RAI -> LPI by flipping x,y (source RAI: 2.7,-18.6,35.8); volume 72 mm3",Hermiller2022_OA15,main
Hermiller2022_OA,34740076,PMID34740076,"left hippocampal body, subject-specific voxel (search around MNI -29,-25,-13)",cognitively typical older adults (60-73 y),15,TAL,13.3,2.7,16.4,,Table S1 (mmc1.docx),max z(t)=5.229; mean z(r)=0.158,"baseline (pre-TMS) seed-based rsFC, one-tailed (positive) 3dttest++ p<.0001, FDR q=.001, cluster alpha<.01; CLUSTER CENTROIDS (not peaks); AFNI Talairach TT_N27 RAI -> LPI by flipping x,y (source RAI: -13.3,-2.7,16.4); volume 65 mm3",Hermiller2022_OA15,main
Hermiller2022_OA,34740076,PMID34740076,"left hippocampal body, subject-specific voxel (search around MNI -29,-25,-13)",cognitively typical older adults (60-73 y),15,TAL,34.2,-46.8,-20.9,,Table S1 (mmc1.docx),max z(t)=5.235; mean z(r)=0.175,"baseline (pre-TMS) seed-based rsFC, one-tailed (positive) 3dttest++ p<.0001, FDR q=.001, cluster alpha<.01; CLUSTER CENTROIDS (not peaks); AFNI Talairach TT_N27 RAI -> LPI by flipping x,y (source RAI: -34.2,46.8,-20.9); volume 60 mm3",Hermiller2022_OA15,main
Smagula2018,29628321,PMID29628321,"Right dentate gyrus/CA4 (FreeSurfer 6.0 subfield, 7T)","healthy sedentary older adults (60-85 y, mean 69.5)",15,MNI,26,-30,-18,"Right fusiform (BA 20, 37)",Supplemental Table 1 (mmc1.docx),maxT=13.0,"7T; SnPM one-sample t (>0), cluster-forming p<0.001, FWE 0.05; cluster 154 vox; connectivity with motion-correlated aspects discarded",Smagula2018_Pitt7T15,main
Smagula2018,29628321,PMID29628321,"Right dentate gyrus/CA4 (FreeSurfer 6.0 subfield, 7T)","healthy sedentary older adults (60-85 y, mean 69.5)",15,MNI,50,-30,-18,Right inferior temporal (BA 20),Supplemental Table 1 (mmc1.docx),maxT=7.6,"7T; SnPM one-sample t (>0), cluster-forming p<0.001, FWE 0.05; cluster 158 vox; connectivity with motion-correlated aspects discarded",Smagula2018_Pitt7T15,main
Smagula2018,29628321,PMID29628321,"Right dentate gyrus/CA4 (FreeSurfer 6.0 subfield, 7T)","healthy sedentary older adults (60-85 y, mean 69.5)",15,MNI,66,-20,-18,"Right middle temporal (BA 20, 21)",Supplemental Table 1 (mmc1.docx),maxT=5.5,"7T; SnPM one-sample t (>0), cluster-forming p<0.001, FWE 0.05; cluster 161 vox; connectivity with motion-correlated aspects discarded",Smagula2018_Pitt7T15,main
Smagula2018,29628321,PMID29628321,"Right CA2/3 (FreeSurfer 6.0 subfield, 7T)","healthy sedentary older adults (60-85 y, mean 69.5)",15,MNI,28,-28,-20,"Right fusiform (BA 20, 37)",Supplemental Table 1 (mmc1.docx),maxT=8.0,"7T; SnPM one-sample t (>0), cluster-forming p<0.001, FWE 0.05; cluster 89 vox; connectivity with motion-correlated aspects discarded",Smagula2018_Pitt7T15,main
Smagula2018,29628321,PMID29628321,"Right CA2/3 (FreeSurfer 6.0 subfield, 7T)","healthy sedentary older adults (60-85 y, mean 69.5)",15,MNI,50,-30,-18,Right inferior temporal (BA 20),Supplemental Table 1 (mmc1.docx),maxT=7.5,"7T; SnPM one-sample t (>0), cluster-forming p<0.001, FWE 0.05; cluster 104 vox; connectivity with motion-correlated aspects discarded",Smagula2018_Pitt7T15,main
Smagula2018,29628321,PMID29628321,"Right CA2/3 (FreeSurfer 6.0 subfield, 7T)","healthy sedentary older adults (60-85 y, mean 69.5)",15,MNI,66,-20,-18,"Right middle temporal (BA 20, 21)",Supplemental Table 1 (mmc1.docx),maxT=5.3,"7T; SnPM one-sample t (>0), cluster-forming p<0.001, FWE 0.05; cluster 50 vox; connectivity with motion-correlated aspects discarded",Smagula2018_Pitt7T15,main
Smagula2018,29628321,PMID29628321,"Right CA1 (FreeSurfer 6.0 subfield, 7T)","healthy sedentary older adults (60-85 y, mean 69.5)",15,MNI,26,-32,-18,"Right fusiform (BA 20, 30, 37)",Supplemental Table 1 (mmc1.docx),maxT=7.6,"7T; SnPM one-sample t (>0), cluster-forming p<0.001, FWE 0.05; cluster 89 vox; connectivity with motion-correlated aspects discarded",Smagula2018_Pitt7T15,main
Smagula2018,29628321,PMID29628321,"Right pre-subiculum/subiculum (FreeSurfer 6.0 subfield, 7T)","healthy sedentary older adults (60-85 y, mean 69.5)",15,MNI,26,-30,-18,"Right fusiform (BA 20, 37)",Supplemental Table 1 (mmc1.docx),maxT=19.7,"7T; SnPM one-sample t (>0), cluster-forming p<0.001, FWE 0.05; cluster 257 vox; connectivity with motion-correlated aspects discarded",Smagula2018_Pitt7T15,main
Smagula2018,29628321,PMID29628321,"Right pre-subiculum/subiculum (FreeSurfer 6.0 subfield, 7T)","healthy sedentary older adults (60-85 y, mean 69.5)",15,MNI,18,-28,-8,Right lingual (BA 27),Supplemental Table 1 (mmc1.docx),maxT=9.3,"7T; SnPM one-sample t (>0), cluster-forming p<0.001, FWE 0.05; cluster 87 vox; connectivity with motion-correlated aspects discarded",Smagula2018_Pitt7T15,main
Smagula2018,29628321,PMID29628321,"Right pre-subiculum/subiculum (FreeSurfer 6.0 subfield, 7T)","healthy sedentary older adults (60-85 y, mean 69.5)",15,MNI,22,-28,-20,"Right anterior cerebellum culmen/fusiform (BA 30, 37)",Supplemental Table 1 (mmc1.docx),maxT=7.8,"7T; SnPM one-sample t (>0), cluster-forming p<0.001, FWE 0.05; cluster 91 vox; connectivity with motion-correlated aspects discarded",Smagula2018_Pitt7T15,main
Smagula2018,29628321,PMID29628321,"Right molecular layer (FreeSurfer 6.0 subfield, 7T)","healthy sedentary older adults (60-85 y, mean 69.5)",15,MNI,30,-28,-18,"Right fusiform (BA 20, 37)",Supplemental Table 1 (mmc1.docx),maxT=14.6,"7T; SnPM one-sample t (>0), cluster-forming p<0.001, FWE 0.05; cluster 192 vox; connectivity with motion-correlated aspects discarded",Smagula2018_Pitt7T15,main
Smagula2018,29628321,PMID29628321,"Right molecular layer (FreeSurfer 6.0 subfield, 7T)","healthy sedentary older adults (60-85 y, mean 69.5)",15,MNI,-28,-20,-26,Left fusiform (BA 20),Supplemental Table 1 (mmc1.docx),maxT=4.6,"7T; SnPM one-sample t (>0), cluster-forming p<0.001, FWE 0.05; cluster 78 vox; connectivity with motion-correlated aspects discarded",Smagula2018_Pitt7T15,main
Smagula2018,29628321,PMID29628321,"Right molecular layer (FreeSurfer 6.0 subfield, 7T)","healthy sedentary older adults (60-85 y, mean 69.5)",15,MNI,44,-22,-18,Right inferior temporal (BA 20),Supplemental Table 1 (mmc1.docx),maxT=7.4,"7T; SnPM one-sample t (>0), cluster-forming p<0.001, FWE 0.05; cluster 174 vox; connectivity with motion-correlated aspects discarded",Smagula2018_Pitt7T15,main
Smagula2018,29628321,PMID29628321,"Right molecular layer (FreeSurfer 6.0 subfield, 7T)","healthy sedentary older adults (60-85 y, mean 69.5)",15,MNI,-44,-64,-8,"Left inferior temporal (BA 20, 37)",Supplemental Table 1 (mmc1.docx),maxT=5.1,"7T; SnPM one-sample t (>0), cluster-forming p<0.001, FWE 0.05; cluster 68 vox; connectivity with motion-correlated aspects discarded",Smagula2018_Pitt7T15,main
Smagula2018,29628321,PMID29628321,"Right molecular layer (FreeSurfer 6.0 subfield, 7T)","healthy sedentary older adults (60-85 y, mean 69.5)",15,MNI,60,-20,-8,"Right middle temporal (BA 20, 21)",Supplemental Table 1 (mmc1.docx),maxT=6.0,"7T; SnPM one-sample t (>0), cluster-forming p<0.001, FWE 0.05; cluster 292 vox; connectivity with motion-correlated aspects discarded",Smagula2018_Pitt7T15,main
Smagula2018,29628321,PMID29628321,"Right molecular layer (FreeSurfer 6.0 subfield, 7T)","healthy sedentary older adults (60-85 y, mean 69.5)",15,MNI,42,-78,32,"Right middle occipital (BA 19, 39)",Supplemental Table 1 (mmc1.docx),maxT=6.0,"7T; SnPM one-sample t (>0), cluster-forming p<0.001, FWE 0.05; cluster 69 vox; connectivity with motion-correlated aspects discarded",Smagula2018_Pitt7T15,main
Smagula2018,29628321,PMID29628321,"Left dentate gyrus/CA4 (FreeSurfer 6.0 subfield, 7T)","healthy sedentary older adults (60-85 y, mean 69.5)",15,MNI,-18,-32,-16,"Left fusiform (BA 20, 30, 37)",Supplemental Table 1 (mmc1.docx),maxT=7.8,"7T; SnPM one-sample t (>0), cluster-forming p<0.001, FWE 0.05; cluster 82 vox; connectivity with motion-correlated aspects discarded",Smagula2018_Pitt7T15,main
Smagula2018,29628321,PMID29628321,"Left dentate gyrus/CA4 (FreeSurfer 6.0 subfield, 7T)","healthy sedentary older adults (60-85 y, mean 69.5)",15,MNI,-18,-46,0,"Left lingual (BA 18, 19, 27)",Supplemental Table 1 (mmc1.docx),maxT=7.7,"7T; SnPM one-sample t (>0), cluster-forming p<0.001, FWE 0.05; cluster 85 vox; connectivity with motion-correlated aspects discarded",Smagula2018_Pitt7T15,main
Smagula2018,29628321,PMID29628321,"Left dentate gyrus/CA4 (FreeSurfer 6.0 subfield, 7T)","healthy sedentary older adults (60-85 y, mean 69.5)",15,MNI,-30,12,-26,Left superior temporal pole (BA 38),Supplemental Table 1 (mmc1.docx),maxT=6.5,"7T; SnPM one-sample t (>0), cluster-forming p<0.001, FWE 0.05; cluster 58 vox; connectivity with motion-correlated aspects discarded",Smagula2018_Pitt7T15,main
Smagula2018,29628321,PMID29628321,"Left dentate gyrus/CA4 (FreeSurfer 6.0 subfield, 7T)","healthy sedentary older adults (60-85 y, mean 69.5)",15,MNI,-16,-50,8,"Left calcarine (BA 17, 30)",Supplemental Table 1 (mmc1.docx),maxT=6.5,"7T; SnPM one-sample t (>0), cluster-forming p<0.001, FWE 0.05; cluster 81 vox; connectivity with motion-correlated aspects discarded",Smagula2018_Pitt7T15,main
Smagula2018,29628321,PMID29628321,"Left CA1 (FreeSurfer 6.0 subfield, 7T)","healthy sedentary older adults (60-85 y, mean 69.5)",15,MNI,-20,-6,-16,"Left amygdala (BA 28, 34)",Supplemental Table 1 (mmc1.docx),maxT=10.3,"7T; SnPM one-sample t (>0), cluster-forming p<0.001, FWE 0.05; cluster 51 vox; connectivity with motion-correlated aspects discarded",Smagula2018_Pitt7T15,main
Smagula2018,29628321,PMID29628321,"Left pre-subiculum/subiculum (FreeSurfer 6.0 subfield, 7T)","healthy sedentary older adults (60-85 y, mean 69.5)",15,MNI,-14,-32,-16,"Left fusiform (BA 20, 30)",Supplemental Table 1 (mmc1.docx),maxT=8.5,"7T; SnPM one-sample t (>0), cluster-forming p<0.001, FWE 0.05; cluster 117 vox; connectivity with motion-correlated aspects discarded",Smagula2018_Pitt7T15,main
Smagula2018,29628321,PMID29628321,"Left pre-subiculum/subiculum (FreeSurfer 6.0 subfield, 7T)","healthy sedentary older adults (60-85 y, mean 69.5)",15,MNI,36,-24,-20,Right fusiform (BA 20),Supplemental Table 1 (mmc1.docx),maxT=6.9,"7T; SnPM one-sample t (>0), cluster-forming p<0.001, FWE 0.05; cluster 110 vox; connectivity with motion-correlated aspects discarded",Smagula2018_Pitt7T15,main
Smagula2018,29628321,PMID29628321,"Left pre-subiculum/subiculum (FreeSurfer 6.0 subfield, 7T)","healthy sedentary older adults (60-85 y, mean 69.5)",15,MNI,-10,-64,12,Left calcarine (BA 17),Supplemental Table 1 (mmc1.docx),maxT=7.1,"7T; SnPM one-sample t (>0), cluster-forming p<0.001, FWE 0.05; cluster 122 vox; connectivity with motion-correlated aspects discarded",Smagula2018_Pitt7T15,main
Smagula2018,29628321,PMID29628321,"Left pre-subiculum/subiculum (FreeSurfer 6.0 subfield, 7T)","healthy sedentary older adults (60-85 y, mean 69.5)",15,MNI,-12,-32,-16,"Left anterior cerebellum culmen (BA 30, 37)",Supplemental Table 1 (mmc1.docx),maxT=8.4,"7T; SnPM one-sample t (>0), cluster-forming p<0.001, FWE 0.05; cluster 51 vox; connectivity with motion-correlated aspects discarded",Smagula2018_Pitt7T15,main
